"“s“¹•{Œ§ƒR[ƒh","“s“¹•{Œ§–¼","Žs‹æ’¬‘ºƒR[ƒh","Žs‹æ’¬‘º–¼","‘åŽš’¬’š–ÚƒR[ƒh","‘åŽš’¬’š–Ú–¼","ˆÜ“x","Œo“x","Œ´“TŽ‘—¿ƒR[ƒh","‘åŽšEŽšE’š–Ú‹æ•ªƒR[ƒh"
"34","L“‡Œ§","34101","L“‡Žs’†‹æ","341010001000","‰|’¬","34.396743","132.444904","0","1"
"34","L“‡Œ§","34101","L“‡Žs’†‹æ","341010002000","]”g‰«’¬","34.358645","132.429887","0","1"
"34","L“‡Œ§","34101","L“‡Žs’†‹æ","341010003000","]”g‰h’¬","34.365532","132.427724","0","1"
"34","L“‡Œ§","34101","L“‡Žs’†‹æ","341010004001","]”g¼ˆê’š–Ú","34.372460","132.433139","0","3"
"34","L“‡Œ§","34101","L“‡Žs’†‹æ","341010004002","]”g¼“ñ’š–Ú","34.369113","132.429004","0","3"
"34","L“‡Œ§","34101","L“‡Žs’†‹æ","341010005001","]”g“ñ–{¼ˆê’š–Ú","34.369980","132.432152","0","3"
"34","L“‡Œ§","34101","L“‡Žs’†‹æ","341010005002","]”g“ñ–{¼“ñ’š–Ú","34.366526","132.432367","0","3"
"34","L“‡Œ§","34101","L“‡Žs’†‹æ","341010006001","]”g“Œˆê’š–Ú","34.372232","132.438922","0","3"
"34","L“‡Œ§","34101","L“‡Žs’†‹æ","341010006002","]”g“Œ“ñ’š–Ú","34.368652","132.439305","0","3"
"34","L“‡Œ§","34101","L“‡Žs’†‹æ","341010007000","]”g–{’¬","34.369430","132.435988","0","1"
"34","L“‡Œ§","34101","L“‡Žs’†‹æ","341010008001","]”g“ìˆê’š–Ú","34.366267","132.437227","0","3"
"34","L“‡Œ§","34101","L“‡Žs’†‹æ","341010008002","]”g“ì“ñ’š–Ú","34.362738","132.434257","0","3"
"34","L“‡Œ§","34101","L“‡Žs’†‹æ","341010008003","]”g“ìŽO’š–Ú","34.364057","132.430777","0","3"
"34","L“‡Œ§","34101","L“‡Žs’†‹æ","341010009000","ŒÓ’¬","34.393038","132.464970","0","1"
"34","L“‡Œ§","34101","L“‡Žs’†‹æ","341010010001","‘åŽè’¬ˆê’š–Ú","34.394917","132.454684","0","3"
"34","L“‡Œ§","34101","L“‡Žs’†‹æ","341010010002","‘åŽè’¬“ñ’š–Ú","34.391937","132.455349","0","3"
"34","L“‡Œ§","34101","L“‡Žs’†‹æ","341010010003","‘åŽè’¬ŽO’š–Ú","34.388386","132.453281","0","3"
"34","L“‡Œ§","34101","L“‡Žs’†‹æ","341010010004","‘åŽè’¬Žl’š–Ú","34.386059","132.452314","0","3"
"34","L“‡Œ§","34101","L“‡Žs’†‹æ","341010010005","‘åŽè’¬ŒÜ’š–Ú","34.382100","132.452002","0","3"
"34","L“‡Œ§","34101","L“‡Žs’†‹æ","341010011000","‰ÁŒÃ’¬","34.387479","132.448643","0","1"
"34","L“‡Œ§","34101","L“‡Žs’†‹æ","341010012000","‹âŽR’¬","34.391744","132.467519","0","1"
"34","L“‡Œ§","34101","L“‡Žs’†‹æ","341010013000","ã›î’¬","34.399344","132.467644","0","1"
"34","L“‡Œ§","34101","L“‡Žs’†‹æ","341010014000","ã”ª’š–x","34.400487","132.463400","0","1"
"34","L“‡Œ§","34101","L“‡Žs’†‹æ","341010015001","Ž†‰®’¬ˆê’š–Ú","34.394381","132.458594","0","3"
"34","L“‡Œ§","34101","L“‡Žs’†‹æ","341010015002","Ž†‰®’¬“ñ’š–Ú","34.394393","132.456673","0","3"
"34","L“‡Œ§","34101","L“‡Žs’†‹æ","341010016000","‰ÍŒ´’¬","34.389963","132.446750","0","1"
"34","L“‡Œ§","34101","L“‡Žs’†‹æ","341010017000","¬–Ô’¬","34.393582","132.444858","0","1"
"34","L“‡Œ§","34101","L“‡Žs’†‹æ","341010018001","Œõ“ìˆê’š–Ú","34.367916","132.447803","0","3"
"34","L“‡Œ§","34101","L“‡Žs’†‹æ","341010018002","Œõ“ì“ñ’š–Ú","34.368577","132.443677","0","3"
"34","L“‡Œ§","34101","L“‡Žs’†‹æ","341010018003","Œõ“ìŽO’š–Ú","34.366486","132.442952","0","3"
"34","L“‡Œ§","34101","L“‡Žs’†‹æ","341010018004","Œõ“ìŽl’š–Ú","34.365521","132.446863","0","3"
"34","L“‡Œ§","34101","L“‡Žs’†‹æ","341010018005","Œõ“ìŒÜ’š–Ú","34.362868","132.445453","0","3"
"34","L“‡Œ§","34101","L“‡Žs’†‹æ","341010018006","Œõ“ì˜Z’š–Ú","34.363719","132.442736","0","3"
"34","L“‡Œ§","34101","L“‡Žs’†‹æ","341010019001","‘‘×Ž›’¬ˆê’š–Ú","34.385795","132.457012","0","3"
"34","L“‡Œ§","34101","L“‡Žs’†‹æ","341010019002","‘‘×Ž›’¬“ñ’š–Ú","34.383702","132.456004","0","3"
"34","L“‡Œ§","34101","L“‡Žs’†‹æ","341010020000","¬’¬","34.388026","132.457710","0","1"
"34","L“‡Œ§","34101","L“‡Žs’†‹æ","341010021001","ä’¬ˆê’š–Ú","34.394182","132.448274","0","3"
"34","L“‡Œ§","34101","L“‡Žs’†‹æ","341010021002","ä’¬“ñ’š–Ú","34.394997","132.444973","0","3"
"34","L“‡Œ§","34101","L“‡Žs’†‹æ","341010022000","º˜a’¬","34.382723","132.464945","0","1"
"34","L“‡Œ§","34101","L“‡Žs’†‹æ","341010023000","V“V’n","34.391544","132.462462","0","1"
"34","L“‡Œ§","34101","L“‡Žs’†‹æ","341010024000","Z‹g’¬","34.383577","132.448483","0","1"
"34","L“‡Œ§","34101","L“‡Žs’†‹æ","341010025001","ç“c’¬ˆê’š–Ú","34.381648","132.454451","0","3"
"34","L“‡Œ§","34101","L“‡Žs’†‹æ","341010025002","ç“c’¬“ñ’š–Ú","34.379209","132.454483","0","3"
"34","L“‡Œ§","34101","L“‡Žs’†‹æ","341010025003","ç“c’¬ŽO’š–Ú","34.376146","132.456653","0","3"
"34","L“‡Œ§","34101","L“‡Žs’†‹æ","341010026000","•ó’¬","34.385852","132.463474","0","1"
"34","L“‡Œ§","34101","L“‡Žs’†‹æ","341010027000","’|‰®’¬","34.383408","132.461039","0","1"
"34","L“‡Œ§","34101","L“‡Žs’†‹æ","341010028000","—§’¬","34.393824","132.461003","0","1"
"34","L“‡Œ§","34101","L“‡Žs’†‹æ","341010029000","“c’†’¬","34.388564","132.464276","0","1"
"34","L“‡Œ§","34101","L“‡Žs’†‹æ","341010030000","’ßŒ©’¬","34.385492","132.467019","0","1"
"34","L“‡Œ§","34101","L“‡Žs’†‹æ","341010031000","“S–C’¬","34.395631","132.464813","0","1"
"34","L“‡Œ§","34101","L“‡Žs’†‹æ","341010032000","Ž›’¬","34.403133","132.449947","0","1"
"34","L“‡Œ§","34101","L“‡Žs’†‹æ","341010033001","\“úŽs’¬ˆê’š–Ú","34.396893","132.448097","0","3"
"34","L“‡Œ§","34101","L“‡Žs’†‹æ","341010033002","\“úŽs’¬“ñ’š–Ú","34.399489","132.448883","0","3"
"34","L“‡Œ§","34101","L“‡Žs’†‹æ","341010034000","“y‹´’¬","34.392944","132.448116","0","1"
"34","L“‡Œ§","34101","L“‡Žs’†‹æ","341010035000","’†“‡’¬","34.392485","132.452029","0","1"
"34","L“‡Œ§","34101","L“‡Žs’†‹æ","341010036000","’†’¬","34.390175","132.458443","0","1"
"34","L“‡Œ§","34101","L“‡Žs’†‹æ","341010037000","—¬ì’¬","34.390463","132.463755","0","1"
"34","L“‡Œ§","34101","L“‡Žs’†‹æ","341010038000","¼ìŒû’¬","34.382201","132.438313","0","1"
"34","L“‡Œ§","34101","L“‡Žs’†‹æ","341010039000","¼\“úŽs’¬","34.398493","132.445149","0","1"
"34","L“‡Œ§","34101","L“‡Žs’†‹æ","341010040000","¼”’“‡’¬","34.406239","132.459959","0","1"
"34","L“‡Œ§","34101","L“‡Žs’†‹æ","341010041000","¼•½’Ë’¬","34.389382","132.467035","0","1"
"34","L“‡Œ§","34101","L“‡Žs’†‹æ","341010042000","”L‰®’¬","34.395084","132.448257","0","1"
"34","L“‡Œ§","34101","L“‡Žs’†‹æ","341010043000","›î’¬","34.395303","132.466912","0","1"
"34","L“‡Œ§","34101","L“‡Žs’†‹æ","341010044000","”’“‡–k’¬","34.411486","132.463279","0","1"
"34","L“‡Œ§","34101","L“‡Žs’†‹æ","341010045000","”’“‡‹ãŒ¬’¬","34.407214","132.467877","0","1"
"34","L“‡Œ§","34101","L“‡Žs’†‹æ","341010046000","”’“‡’†’¬","34.408974","132.464825","0","1"
"34","L“‡Œ§","34101","L“‡Žs’†‹æ","341010047000","‰Hˆß’¬","34.379425","132.450270","0","1"
"34","L“‡Œ§","34101","L“‡Žs’†‹æ","341010048000","‹´–{’¬","34.394851","132.469117","0","1"
"34","L“‡Œ§","34101","L“‡Žs’†‹æ","341010049000","”ª’š–x","34.396106","132.463036","0","1"
"34","L“‡Œ§","34101","L“‡Žs’†‹æ","341010050001","“Œç“c’¬ˆê’š–Ú","34.381236","132.458189","0","3"
"34","L“‡Œ§","34101","L“‡Žs’†‹æ","341010050002","“Œç“c’¬“ñ’š–Ú","34.377561","132.459287","0","3"
"34","L“‡Œ§","34101","L“‡Žs’†‹æ","341010051000","“Œ”’“‡’¬","34.404893","132.465139","0","1"
"34","L“‡Œ§","34101","L“‡Žs’†‹æ","341010052000","“Œ•½’Ë’¬","34.388178","132.468319","0","1"
"34","L“‡Œ§","34101","L“‡Žs’†‹æ","341010053000","•½–ì’¬","34.379715","132.462464","0","1"
"34","L“‡Œ§","34101","L“‡Žs’†‹æ","341010054000","L£–k’¬","34.403406","132.447580","0","1"
"34","L“‡Œ§","34101","L“‡Žs’†‹æ","341010055000","L£’¬","34.400264","132.446104","0","1"
"34","L“‡Œ§","34101","L“‡Žs’†‹æ","341010056000","‘Ü’¬","34.391872","132.458972","0","1"
"34","L“‡Œ§","34101","L“‡Žs’†‹æ","341010057000","•xŽmŒ©’¬","34.386592","132.461636","0","1"
"34","L“‡Œ§","34101","L“‡Žs’†‹æ","341010058000","M“üìŒû’¬","34.380823","132.442760","0","1"
"34","L“‡Œ§","34101","L“‡Žs’†‹æ","341010059000","M“üK’¬","34.384009","132.441287","0","1"
"34","L“‡Œ§","34101","L“‡Žs’†‹æ","341010060000","M“ü’†’¬","34.387172","132.443498","0","1"
"34","L“‡Œ§","34101","L“‡Žs’†‹æ","341010061000","M“ü–{’¬","34.385244","132.443702","0","1"
"34","L“‡Œ§","34101","L“‡Žs’†‹æ","341010062000","M“ü’¬","34.390644","132.444314","0","1"
"34","L“‡Œ§","34101","L“‡Žs’†‹æ","341010063001","M“ü“ìˆê’š–Ú","34.378378","132.441318","0","3"
"34","L“‡Œ§","34101","L“‡Žs’†‹æ","341010063002","M“ü“ì“ñ’š–Ú","34.379894","132.436861","0","3"
"34","L“‡Œ§","34101","L“‡Žs’†‹æ","341010063003","M“ü“ìŽO’š–Ú","34.377558","132.435463","0","3"
"34","L“‡Œ§","34101","L“‡Žs’†‹æ","341010063004","M“ü“ìŽl’š–Ú","34.375981","132.440193","0","3"
"34","L“‡Œ§","34101","L“‡Žs’†‹æ","341010063005","M“ü“ìŒÜ’š–Ú","34.374131","132.439246","0","3"
"34","L“‡Œ§","34101","L“‡Žs’†‹æ","341010063006","M“ü“ì˜Z’š–Ú","34.375567","132.433902","0","3"
"34","L“‡Œ§","34101","L“‡Žs’†‹æ","341010064000","–xì’¬","34.392249","132.464519","0","1"
"34","L“‡Œ§","34101","L“‡Žs’†‹æ","341010065001","–{ì’¬ˆê’š–Ú","34.395790","132.450433","0","3"
"34","L“‡Œ§","34101","L“‡Žs’†‹æ","341010065002","–{ì’¬“ñ’š–Ú","34.397761","132.451043","0","3"
"34","L“‡Œ§","34101","L“‡Žs’†‹æ","341010065003","–{ì’¬ŽO’š–Ú","34.399668","132.451078","0","3"
"34","L“‡Œ§","34101","L“‡Žs’†‹æ","341010066000","–{’Ê","34.392916","132.459891","0","1"
"34","L“‡Œ§","34101","L“‡Žs’†‹æ","341010067000","ŽOì’¬","34.389794","132.461888","0","1"
"34","L“‡Œ§","34101","L“‡Žs’†‹æ","341010068000","“ìç“c¼’¬","34.372553","132.456226","0","1"
"34","L“‡Œ§","34101","L“‡Žs’†‹æ","341010069000","“ìç“c“Œ’¬","34.371563","132.458875","0","1"
"34","L“‡Œ§","34101","L“‡Žs’†‹æ","341010070000","“ì’|‰®’¬","34.381182","132.461225","0","1"
"34","L“‡Œ§","34101","L“‡Žs’†‹æ","341010071001","“ì‹g“‡ˆê’š–Ú","34.359546","132.444776","0","3"
"34","L“‡Œ§","34101","L“‡Žs’†‹æ","341010071002","“ì‹g“‡“ñ’š–Ú","34.359778","132.441228","0","3"
"34","L“‡Œ§","34101","L“‡Žs’†‹æ","341010072000","Šî’¬","34.401095","132.456506","0","1"
"34","L“‡Œ§","34101","L“‡Žs’†‹æ","341010073000","–òŒ¤–x","34.390386","132.465225","0","1"
"34","L“‡Œ§","34101","L“‡Žs’†‹æ","341010074000","–í¶’¬","34.390204","132.466981","0","1"
"34","L“‡Œ§","34101","L“‡Žs’†‹æ","341010075001","‹g“‡V’¬ˆê’š–Ú","34.366015","132.451672","0","3"
"34","L“‡Œ§","34101","L“‡Žs’†‹æ","341010075002","‹g“‡V’¬“ñ’š–Ú","34.366775","132.449823","0","3"
"34","L“‡Œ§","34101","L“‡Žs’†‹æ","341010076000","‹g“‡’¬","34.379101","132.446438","0","1"
"34","L“‡Œ§","34101","L“‡Žs’†‹æ","341010077001","‹g“‡¼ˆê’š–Ú","34.374151","132.447543","0","3"
"34","L“‡Œ§","34101","L“‡Žs’†‹æ","341010077002","‹g“‡¼“ñ’š–Ú","34.374499","132.444445","0","3"
"34","L“‡Œ§","34101","L“‡Žs’†‹æ","341010077003","‹g“‡¼ŽO’š–Ú","34.371299","132.444475","0","3"
"34","L“‡Œ§","34101","L“‡Žs’†‹æ","341010078001","‹g“‡“Œˆê’š–Ú","34.374142","132.451023","0","3"
"34","L“‡Œ§","34101","L“‡Žs’†‹æ","341010078002","‹g“‡“Œ“ñ’š–Ú","34.370721","132.448864","0","3"
"34","L“‡Œ§","34101","L“‡Žs’†‹æ","341010078003","‹g“‡“ŒŽO’š–Ú","34.369906","132.451396","0","3"
"34","L“‡Œ§","34102","L“‡Žs“Œ‹æ","341020001001","Œˆê’š–Ú","34.396257","132.487153","0","3"
"34","L“‡Œ§","34102","L“‡Žs“Œ‹æ","341020001002","Œ“ñ’š–Ú","34.395944","132.489773","0","3"
"34","L“‡Œ§","34102","L“‡Žs“Œ‹æ","341020001003","ŒŽO’š–Ú","34.394845","132.487614","0","3"
"34","L“‡Œ§","34102","L“‡Žs“Œ‹æ","341020001004","ŒŽl’š–Ú","34.394402","132.489849","0","3"
"34","L“‡Œ§","34102","L“‡Žs“Œ‹æ","341020001005","ŒŒÜ’š–Ú","34.394439","132.491888","0","3"
"34","L“‡Œ§","34102","L“‡Žs“Œ‹æ","341020002000","ˆ¤“†’¬","34.396734","132.482778","0","1"
"34","L“‡Œ§","34102","L“‡Žs“Œ‹æ","341020003001","‹“cˆ®ˆê’š–Ú","34.414010","132.469929","0","3"
"34","L“‡Œ§","34102","L“‡Žs“Œ‹æ","341020003002","‹“cˆ®“ñ’š–Ú","34.416295","132.473797","0","3"
"34","L“‡Œ§","34102","L“‡Žs“Œ‹æ","341020004001","‹“cV’¬ˆê’š–Ú","34.419790","132.469605","0","3"
"34","L“‡Œ§","34102","L“‡Žs“Œ‹æ","341020004002","‹“cV’¬“ñ’š–Ú","34.422731","132.465163","0","3"
"34","L“‡Œ§","34102","L“‡Žs“Œ‹æ","341020004003","‹“cV’¬ŽO’š–Ú","34.426376","132.472477","0","3"
"34","L“‡Œ§","34102","L“‡Žs“Œ‹æ","341020004004","‹“cV’¬Žl’š–Ú","34.430523","132.473846","0","3"
"34","L“‡Œ§","34102","L“‡Žs“Œ‹æ","341020005001","‹“c’†ˆê’š–Ú","34.410263","132.472681","0","3"
"34","L“‡Œ§","34102","L“‡Žs“Œ‹æ","341020005002","‹“c’†“ñ’š–Ú","34.410573","132.473933","0","3"
"34","L“‡Œ§","34102","L“‡Žs“Œ‹æ","341020006001","‹“c“Œˆê’š–Ú","34.408194","132.478886","0","3"
"34","L“‡Œ§","34102","L“‡Žs“Œ‹æ","341020006002","‹“c“Œ“ñ’š–Ú","34.412422","132.481512","0","3"
"34","L“‡Œ§","34102","L“‡Žs“Œ‹æ","341020006003","‹“c“ŒŽO’š–Ú","34.408702","132.483222","0","3"
"34","L“‡Œ§","34102","L“‡Žs“Œ‹æ","341020006004","‹“c“ŒŽl’š–Ú","34.414146","132.486158","0","3"
"34","L“‡Œ§","34102","L“‡Žs“Œ‹æ","341020007001","‹“c–{’¬ˆê’š–Ú","34.408874","132.470349","0","3"
"34","L“‡Œ§","34102","L“‡Žs“Œ‹æ","341020007002","‹“c–{’¬“ñ’š–Ú","34.409922","132.471787","0","3"
"34","L“‡Œ§","34102","L“‡Žs“Œ‹æ","341020007003","‹“c–{’¬ŽO’š–Ú","34.410291","132.469405","0","3"
"34","L“‡Œ§","34102","L“‡Žs“Œ‹æ","341020007004","‹“c–{’¬Žl’š–Ú","34.411484","132.468094","0","3"
"34","L“‡Œ§","34102","L“‡Žs“Œ‹æ","341020007005","‹“c–{’¬ŒÜ’š–Ú","34.412852","132.466990","0","3"
"34","L“‡Œ§","34102","L“‡Žs“Œ‹æ","341020007006","‹“c–{’¬˜Z’š–Ú","34.415355","132.464783","0","3"
"34","L“‡Œ§","34102","L“‡Žs“Œ‹æ","341020008001","‹“c“ìˆê’š–Ú","34.406593","132.472494","0","3"
"34","L“‡Œ§","34102","L“‡Žs“Œ‹æ","341020008002","‹“c“ì“ñ’š–Ú","34.407535","132.475373","0","3"
"34","L“‡Œ§","34102","L“‡Žs“Œ‹æ","341020009000","‹“cŽR","34.422591","132.479385","0","1"
"34","L“‡Œ§","34102","L“‡Žs“Œ‹æ","341020010001","‹“c‘ˆî“cˆê’š–Ú","34.411251","132.475909","0","3"
"34","L“‡Œ§","34102","L“‡Žs“Œ‹æ","341020010002","‹“c‘ˆî“c“ñ’š–Ú","34.415407","132.478123","0","3"
"34","L“‡Œ§","34102","L“‡Žs“Œ‹æ","341020010003","‹“c‘ˆî“cŽO’š–Ú","34.415387","132.481092","0","3"
"34","L“‡Œ§","34102","L“‡Žs“Œ‹æ","341020010004","‹“c‘ˆî“cŽl’š–Ú","34.418245","132.482375","0","3"
"34","L“‡Œ§","34102","L“‡Žs“Œ‹æ","341020011001","”n–Øˆê’š–Ú","34.430700","132.522009","0","3"
"34","L“‡Œ§","34102","L“‡Žs“Œ‹æ","341020011002","”n–Ø“ñ’š–Ú","34.435799","132.526165","0","3"
"34","L“‡Œ§","34102","L“‡Žs“Œ‹æ","341020011003","”n–ØŽO’š–Ú","34.435230","132.530014","0","3"
"34","L“‡Œ§","34102","L“‡Žs“Œ‹æ","341020011004","”n–ØŽl’š–Ú","34.440198","132.532678","0","3"
"34","L“‡Œ§","34102","L“‡Žs“Œ‹æ","341020011005","”n–ØŒÜ’š–Ú","34.440156","132.528226","0","3"
"34","L“‡Œ§","34102","L“‡Žs“Œ‹æ","341020011006","”n–Ø˜Z’š–Ú","34.443762","132.529995","0","3"
"34","L“‡Œ§","34102","L“‡Žs“Œ‹æ","341020011007","”n–ØŽµ’š–Ú","34.441786","132.535344","0","3"
"34","L“‡Œ§","34102","L“‡Žs“Œ‹æ","341020011008","”n–Ø”ª’š–Ú","34.438479","132.538328","0","3"
"34","L“‡Œ§","34102","L“‡Žs“Œ‹æ","341020011009","”n–Ø‹ã’š–Ú","34.443943","132.537574","0","3"
"34","L“‡Œ§","34102","L“‡Žs“Œ‹æ","341020012000","”n–Ø’¬","34.431640","132.539117","0","1"
"34","L“‡Œ§","34102","L“‡Žs“Œ‹æ","341020013001","”ö’·¼ˆê’š–Ú","34.397654","132.486574","0","3"
"34","L“‡Œ§","34102","L“‡Žs“Œ‹æ","341020013002","”ö’·¼“ñ’š–Ú","34.400387","132.489460","0","3"
"34","L“‡Œ§","34102","L“‡Žs“Œ‹æ","341020014001","”ö’·“Œˆê’š–Ú","34.396735","132.490809","0","3"
"34","L“‡Œ§","34102","L“‡Žs“Œ‹æ","341020014002","”ö’·“Œ“ñ’š–Ú","34.398213","132.489239","0","3"
"34","L“‡Œ§","34102","L“‡Žs“Œ‹æ","341020014003","”ö’·“ŒŽO’š–Ú","34.401357","132.493252","0","3"
"34","L“‡Œ§","34102","L“‡Žs“Œ‹æ","341020015000","”ö’·’¬","34.402847","132.490358","0","1"
"34","L“‡Œ§","34102","L“‡Žs“Œ‹æ","341020016000","ã‘å{‰ê’¬","34.399626","132.472751","0","1"
"34","L“‡Œ§","34102","L“‡Žs“Œ‹æ","341020017001","ã‰·•iˆê’š–Ú","34.422259","132.513171","0","3"
"34","L“‡Œ§","34102","L“‡Žs“Œ‹æ","341020017002","ã‰·•i“ñ’š–Ú","34.424653","132.511127","0","3"
"34","L“‡Œ§","34102","L“‡Žs“Œ‹æ","341020017003","ã‰·•iŽO’š–Ú","34.426403","132.516791","0","3"
"34","L“‡Œ§","34102","L“‡Žs“Œ‹æ","341020017004","ã‰·•iŽl’š–Ú","34.425086","132.517460","0","3"
"34","L“‡Œ§","34102","L“‡Žs“Œ‹æ","341020018000","’†ŽR‹¾‚ª‹u","34.415162","132.500120","0","1"
"34","L“‡Œ§","34102","L“‡Žs“Œ‹æ","341020019001","’†ŽRãˆê’š–Ú","34.416891","132.492022","0","3"
"34","L“‡Œ§","34102","L“‡Žs“Œ‹æ","341020019002","’†ŽRã“ñ’š–Ú","34.418209","132.499179","0","3"
"34","L“‡Œ§","34102","L“‡Žs“Œ‹æ","341020020000","’†ŽR–k’¬","34.420165","132.493237","0","1"
"34","L“‡Œ§","34102","L“‡Žs“Œ‹æ","341020021001","’†ŽRV’¬ˆê’š–Ú","34.421357","132.496577","0","3"
"34","L“‡Œ§","34102","L“‡Žs“Œ‹æ","341020021002","’†ŽRV’¬“ñ’š–Ú","34.421829","132.499877","0","3"
"34","L“‡Œ§","34102","L“‡Žs“Œ‹æ","341020021003","’†ŽRV’¬ŽO’š–Ú","34.421738","132.503734","0","3"
"34","L“‡Œ§","34102","L“‡Žs“Œ‹æ","341020022000","’†ŽR’†’¬","34.413428","132.494080","0","1"
"34","L“‡Œ§","34102","L“‡Žs“Œ‹æ","341020023001","’†ŽR¼ˆê’š–Ú","34.407132","132.490392","0","3"
"34","L“‡Œ§","34102","L“‡Žs“Œ‹æ","341020023002","’†ŽR¼“ñ’š–Ú","34.410372","132.493072","0","3"
"34","L“‡Œ§","34102","L“‡Žs“Œ‹æ","341020024001","’†ŽR“Œˆê’š–Ú","34.411199","132.499559","0","3"
"34","L“‡Œ§","34102","L“‡Žs“Œ‹æ","341020024002","’†ŽR“Œ“ñ’š–Ú","34.409892","132.503674","0","3"
"34","L“‡Œ§","34102","L“‡Žs“Œ‹æ","341020024003","’†ŽR“ŒŽO’š–Ú","34.413008","132.502222","0","3"
"34","L“‡Œ§","34102","L“‡Žs“Œ‹æ","341020025001","’†ŽR“ìˆê’š–Ú","34.406393","132.496279","0","3"
"34","L“‡Œ§","34102","L“‡Žs“Œ‹æ","341020025002","’†ŽR“ì“ñ’š–Ú","34.406924","132.499707","0","3"
"34","L“‡Œ§","34102","L“‡Žs“Œ‹æ","341020026001","‰·•iˆê’š–Ú","34.407219","132.505065","0","3"
"34","L“‡Œ§","34102","L“‡Žs“Œ‹æ","341020026002","‰·•i“ñ’š–Ú","34.405770","132.508270","0","3"
"34","L“‡Œ§","34102","L“‡Žs“Œ‹æ","341020026003","‰·•iŽO’š–Ú","34.409889","132.510922","0","3"
"34","L“‡Œ§","34102","L“‡Žs“Œ‹æ","341020026004","‰·•iŽl’š–Ú","34.410022","132.508144","0","3"
"34","L“‡Œ§","34102","L“‡Žs“Œ‹æ","341020026005","‰·•iŒÜ’š–Ú","34.413636","132.507242","0","3"
"34","L“‡Œ§","34102","L“‡Žs“Œ‹æ","341020026006","‰·•i˜Z’š–Ú","34.417376","132.508523","0","3"
"34","L“‡Œ§","34102","L“‡Žs“Œ‹æ","341020026007","‰·•iŽµ’š–Ú","34.415038","132.509962","0","3"
"34","L“‡Œ§","34102","L“‡Žs“Œ‹æ","341020026008","‰·•i”ª’š–Ú","34.416326","132.511832","0","3"
"34","L“‡Œ§","34102","L“‡Žs“Œ‹æ","341020027000","‰·•i’¬","34.430289","132.511658","0","1"
"34","L“‡Œ§","34102","L“‡Žs“Œ‹æ","341020028000","“ŒŠI‰®’¬","34.395577","132.483019","0","1"
"34","L“‡Œ§","34102","L“‡Žs“Œ‹æ","341020029000","“ŒŽR’¬","34.397289","132.492531","0","1"
"34","L“‡Œ§","34102","L“‡Žs“Œ‹æ","341020030000","Œõ‚ª‹u","34.404044","132.477906","0","1"
"34","L“‡Œ§","34102","L“‡Žs“Œ‹æ","341020031001","Œõ’¬ˆê’š–Ú","34.399041","132.481084","0","3"
"34","L“‡Œ§","34102","L“‡Žs“Œ‹æ","341020031002","Œõ’¬“ñ’š–Ú","34.400728","132.481665","0","3"
"34","L“‡Œ§","34102","L“‡Žs“Œ‹æ","341020032001","•Ÿ“cˆê’š–Ú","34.450549","132.535872","0","3"
"34","L“‡Œ§","34102","L“‡Žs“Œ‹æ","341020032002","•Ÿ“c“ñ’š–Ú","34.448565","132.538154","0","3"
"34","L“‡Œ§","34102","L“‡Žs“Œ‹æ","341020032003","•Ÿ“cŽO’š–Ú","34.448001","132.543790","0","3"
"34","L“‡Œ§","34102","L“‡Žs“Œ‹æ","341020032004","•Ÿ“cŽl’š–Ú","34.452738","132.545461","0","3"
"34","L“‡Œ§","34102","L“‡Žs“Œ‹æ","341020032005","•Ÿ“cŒÜ’š–Ú","34.455798","132.543550","0","3"
"34","L“‡Œ§","34102","L“‡Žs“Œ‹æ","341020032006","•Ÿ“c˜Z’š–Ú","34.456591","132.547749","0","3"
"34","L“‡Œ§","34102","L“‡Žs“Œ‹æ","341020032007","•Ÿ“cŽµ’š–Ú","34.452489","132.549384","0","3"
"34","L“‡Œ§","34102","L“‡Žs“Œ‹æ","341020032008","•Ÿ“c”ª’š–Ú","34.455031","132.554170","0","3"
"34","L“‡Œ§","34102","L“‡Žs“Œ‹æ","341020033000","•Ÿ“c’¬","34.441442","132.553953","0","1"
"34","L“‡Œ§","34102","L“‡Žs“Œ‹æ","341020034001","“ñ—t‚Ì—¢ˆê’š–Ú","34.402035","132.470696","0","3"
"34","L“‡Œ§","34102","L“‡Žs“Œ‹æ","341020034002","“ñ—t‚Ì—¢“ñ’š–Ú","34.404054","132.471910","0","3"
"34","L“‡Œ§","34102","L“‡Žs“Œ‹æ","341020034003","“ñ—t‚Ì—¢ŽO’š–Ú","34.401284","132.474598","0","3"
"34","L“‡Œ§","34102","L“‡Žs“Œ‹æ","341020035001","ŒËâo]ˆê’š–Ú","34.430537","132.487793","0","3"
"34","L“‡Œ§","34102","L“‡Žs“Œ‹æ","341020035002","ŒËâo]“ñ’š–Ú","34.434077","132.486469","0","3"
"34","L“‡Œ§","34102","L“‡Žs“Œ‹æ","341020036001","ŒËâ‘åãˆê’š–Ú","34.426775","132.487773","0","3"
"34","L“‡Œ§","34102","L“‡Žs“Œ‹æ","341020036002","ŒËâ‘åã“ñ’š–Ú","34.429234","132.493814","0","3"
"34","L“‡Œ§","34102","L“‡Žs“Œ‹æ","341020036003","ŒËâ‘åãŽO’š–Ú","34.426837","132.493005","0","3"
"34","L“‡Œ§","34102","L“‡Žs“Œ‹æ","341020036004","ŒËâ‘åãŽl’š–Ú","34.426005","132.495989","0","3"
"34","L“‡Œ§","34102","L“‡Žs“Œ‹æ","341020037001","ŒËâ”bˆê’š–Ú","34.431736","132.490710","0","3"
"34","L“‡Œ§","34102","L“‡Žs“Œ‹æ","341020037002","ŒËâ”b“ñ’š–Ú","34.431334","132.493059","0","3"
"34","L“‡Œ§","34102","L“‡Žs“Œ‹æ","341020038001","ŒËâ‚­‚é‚ß–Øˆê’š–Ú","34.432883","132.477732","0","3"
"34","L“‡Œ§","34102","L“‡Žs“Œ‹æ","341020038002","ŒËâ‚­‚é‚ß–Ø“ñ’š–Ú","34.429757","132.481400","0","3"
"34","L“‡Œ§","34102","L“‡Žs“Œ‹æ","341020039000","ŒËâ÷ã’¬","34.430507","132.484596","0","1"
"34","L“‡Œ§","34102","L“‡Žs“Œ‹æ","341020040000","ŒËâ÷¼’¬","34.432763","132.483501","0","1"
"34","L“‡Œ§","34102","L“‡Žs“Œ‹æ","341020041000","ŒËâ÷“Œ’¬","34.433434","132.484980","0","1"
"34","L“‡Œ§","34102","L“‡Žs“Œ‹æ","341020042000","ŒËâéŽR’¬","34.428647","132.488559","0","1"
"34","L“‡Œ§","34102","L“‡Žs“Œ‹æ","341020043001","ŒËâV’¬ˆê’š–Ú","34.423306","132.496790","0","3"
"34","L“‡Œ§","34102","L“‡Žs“Œ‹æ","341020043002","ŒËâV’¬“ñ’š–Ú","34.428936","132.497615","0","3"
"34","L“‡Œ§","34102","L“‡Žs“Œ‹æ","341020043003","ŒËâV’¬ŽO’š–Ú","34.424332","132.501737","0","3"
"34","L“‡Œ§","34102","L“‡Žs“Œ‹æ","341020044001","ŒËâç‘«ˆê’š–Ú","34.437151","132.480999","0","3"
"34","L“‡Œ§","34102","L“‡Žs“Œ‹æ","341020044002","ŒËâç‘«“ñ’š–Ú","34.438757","132.486500","0","3"
"34","L“‡Œ§","34102","L“‡Žs“Œ‹æ","341020045001","ŒËâ‘y“cˆê’š–Ú","34.440310","132.489719","0","3"
"34","L“‡Œ§","34102","L“‡Žs“Œ‹æ","341020045002","ŒËâ‘y“c“ñ’š–Ú","34.439264","132.491729","0","3"
"34","L“‡Œ§","34102","L“‡Žs“Œ‹æ","341020046000","ŒËâ’¬","34.434084","132.499782","0","1"
"34","L“‡Œ§","34102","L“‡Žs“Œ‹æ","341020047000","ŒËâ’·”ö‘ä","34.428411","132.484393","0","1"
"34","L“‡Œ§","34102","L“‡Žs“Œ‹æ","341020048000","ŒËâ’†’¬","34.435254","132.487777","0","1"
"34","L“‡Œ§","34102","L“‡Žs“Œ‹æ","341020049001","ŒËâ“ìˆê’š–Ú","34.423659","132.490639","0","3"
"34","L“‡Œ§","34102","L“‡Žs“Œ‹æ","341020049002","ŒËâ“ì“ñ’š–Ú","34.423232","132.493275","0","3"
"34","L“‡Œ§","34102","L“‡Žs“Œ‹æ","341020050000","ŒËâŽRè’¬","34.435497","132.483816","0","1"
"34","L“‡Œ§","34102","L“‡Žs“Œ‹æ","341020051001","ŒËâŽRªˆê’š–Ú","34.434738","132.489205","0","3"
"34","L“‡Œ§","34102","L“‡Žs“Œ‹æ","341020051002","ŒËâŽRª“ñ’š–Ú","34.435265","132.490638","0","3"
"34","L“‡Œ§","34102","L“‡Žs“Œ‹æ","341020051003","ŒËâŽRªŽO’š–Ú","34.435000","132.492738","0","3"
"34","L“‡Œ§","34102","L“‡Žs“Œ‹æ","341020052001","–î‰êˆê’š–Ú","34.396124","132.494420","0","3"
"34","L“‡Œ§","34102","L“‡Žs“Œ‹æ","341020052002","–î‰ê“ñ’š–Ú","34.399642","132.495618","0","3"
"34","L“‡Œ§","34102","L“‡Žs“Œ‹æ","341020052003","–î‰êŽO’š–Ú","34.403706","132.498056","0","3"
"34","L“‡Œ§","34102","L“‡Žs“Œ‹æ","341020052004","–î‰êŽl’š–Ú","34.397329","132.497506","0","3"
"34","L“‡Œ§","34102","L“‡Žs“Œ‹æ","341020052005","–î‰êŒÜ’š–Ú","34.403751","132.500618","0","3"
"34","L“‡Œ§","34102","L“‡Žs“Œ‹æ","341020052006","–î‰ê˜Z’š–Ú","34.404848","132.503094","0","3"
"34","L“‡Œ§","34102","L“‡Žs“Œ‹æ","341020053001","–î‰êV’¬ˆê’š–Ú","34.392729","132.494861","0","3"
"34","L“‡Œ§","34102","L“‡Žs“Œ‹æ","341020053002","–î‰êV’¬“ñ’š–Ú","34.394131","132.495504","0","3"
"34","L“‡Œ§","34102","L“‡Žs“Œ‹æ","341020053003","–î‰êV’¬ŽO’š–Ú","34.392923","132.497352","0","3"
"34","L“‡Œ§","34102","L“‡Žs“Œ‹æ","341020053004","–î‰êV’¬Žl’š–Ú","34.391541","132.497131","0","3"
"34","L“‡Œ§","34102","L“‡Žs“Œ‹æ","341020053005","–î‰êV’¬ŒÜ’š–Ú","34.390684","132.499587","0","3"
"34","L“‡Œ§","34102","L“‡Žs“Œ‹æ","341020054000","–î‰ê’¬","34.403980","132.494435","0","1"
"34","L“‡Œ§","34102","L“‡Žs“Œ‹æ","341020055000","ŽRª’¬","34.402912","132.485092","0","1"
"34","L“‡Œ§","34102","L“‡Žs“Œ‹æ","341020056000","Žá‘’¬","34.397481","132.480303","0","1"
"34","L“‡Œ§","34103","L“‡Žs“ì‹æ","341030002001 ","ˆ®ˆê’š–Ú","34.374588","132.478923","0","3"
"34","L“‡Œ§","34103","L“‡Žs“ì‹æ","341030002002 ","ˆ®“ñ’š–Ú","34.373261","132.476948","0","3"
"34","L“‡Œ§","34103","L“‡Žs“ì‹æ","341030002003 ","ˆ®ŽO’š–Ú","34.369723","132.475707","0","3"
"34","L“‡Œ§","34103","L“‡Žs“ì‹æ","341030003000 ","ˆî‰×’¬","34.391905","132.470473","0","1"
"34","L“‡Œ§","34103","L“‡Žs“ì‹æ","341030004001 ","‰F•iŠCŠÝˆê’š–Ú","34.353162","132.456147","0","3"
"34","L“‡Œ§","34103","L“‡Žs“ì‹æ","341030004002 ","‰F•iŠCŠÝ“ñ’š–Ú","34.354480","132.461400","0","3"
"34","L“‡Œ§","34103","L“‡Žs“ì‹æ","341030004003 ","‰F•iŠCŠÝŽO’š–Ú","34.354662","132.468719","0","3"
"34","L“‡Œ§","34103","L“‡Žs“ì‹æ","341030009001 ","‰F•iŒäKˆê’š–Ú","34.370164","132.462796","0","3"
"34","L“‡Œ§","34103","L“‡Žs“ì‹æ","341030009002 ","‰F•iŒäK“ñ’š–Ú","34.365731","132.463157","0","3"
"34","L“‡Œ§","34103","L“‡Žs“ì‹æ","341030009003 ","‰F•iŒäKŽO’š–Ú","34.363479","132.462694","0","3"
"34","L“‡Œ§","34103","L“‡Žs“ì‹æ","341030009004 ","‰F•iŒäKŽl’š–Ú","34.359761","132.462280","0","3"
"34","L“‡Œ§","34103","L“‡Žs“ì‹æ","341030009005 ","‰F•iŒäKŒÜ’š–Ú","34.357338","132.462035","0","3"
"34","L“‡Œ§","34103","L“‡Žs“ì‹æ","341030005001 ","‰F•i_“cˆê’š–Ú","34.367569","132.465948","0","3"
"34","L“‡Œ§","34103","L“‡Žs“ì‹æ","341030005002 ","‰F•i_“c“ñ’š–Ú","34.365088","132.465994","0","3"
"34","L“‡Œ§","34103","L“‡Žs“ì‹æ","341030005003 ","‰F•i_“cŽO’š–Ú","34.363067","132.465823","0","3"
"34","L“‡Œ§","34103","L“‡Žs“ì‹æ","341030005004 ","‰F•i_“cŽl’š–Ú","34.361272","132.465659","0","3"
"34","L“‡Œ§","34103","L“‡Žs“ì‹æ","341030005005 ","‰F•i_“cŒÜ’š–Ú","34.358095","132.465369","0","3"
"34","L“‡Œ§","34103","L“‡Žs“ì‹æ","341030006001 ","‰F•i¼ˆê’š–Ú","34.370437","132.461610","0","3"
"34","L“‡Œ§","34103","L“‡Žs“ì‹æ","341030006002 ","‰F•i¼“ñ’š–Ú","34.365266","132.458594","0","3"
"34","L“‡Œ§","34103","L“‡Žs“ì‹æ","341030006003 ","‰F•i¼ŽO’š–Ú","34.361543","132.459859","0","3"
"34","L“‡Œ§","34103","L“‡Žs“ì‹æ","341030006004 ","‰F•i¼Žl’š–Ú","34.357568","132.459475","0","3"
"34","L“‡Œ§","34103","L“‡Žs“ì‹æ","341030006005 ","‰F•i¼ŒÜ’š–Ú","34.361427","132.458002","0","3"
"34","L“‡Œ§","34103","L“‡Žs“ì‹æ","341030006006 ","‰F•i¼˜Z’š–Ú","34.357414","132.457646","0","3"
"34","L“‡Œ§","34103","L“‡Žs“ì‹æ","341030008000 ","‰F•i’¬","34.338758","132.482896","0","1"
"34","L“‡Œ§","34103","L“‡Žs“ì‹æ","341030007001 ","‰F•i“Œˆê’š–Ú","34.365683","132.468833","0","3"
"34","L“‡Œ§","34103","L“‡Žs“ì‹æ","341030007002 ","‰F•i“Œ“ñ’š–Ú","34.365535","132.471233","0","3"
"34","L“‡Œ§","34103","L“‡Žs“ì‹æ","341030007003 ","‰F•i“ŒŽO’š–Ú","34.365416","132.473632","0","3"
"34","L“‡Œ§","34103","L“‡Žs“ì‹æ","341030007004 ","‰F•i“ŒŽl’š–Ú","34.362312","132.477094","0","3"
"34","L“‡Œ§","34103","L“‡Žs“ì‹æ","341030007005 ","‰F•i“ŒŒÜ’š–Ú","34.359898","132.472063","0","3"
"34","L“‡Œ§","34103","L“‡Žs“ì‹æ","341030007006 ","‰F•i“Œ˜Z’š–Ú","34.362107","132.468526","0","3"
"34","L“‡Œ§","34103","L“‡Žs“ì‹æ","341030007007 ","‰F•i“ŒŽµ’š–Ú","34.358692","132.468162","0","3"
"34","L“‡Œ§","34103","L“‡Žs“ì‹æ","341030069000 ","‰ŽàË‹´’¬","34.395034","132.476503","0","1"
"34","L“‡Œ§","34103","L“‡Žs“ì‹æ","341030010000 ","‰©‹àŽR’¬","34.366948","132.490520","0","1"
"34","L“‡Œ§","34103","L“‡Žs“ì‹æ","341030013001 ","‰àˆê’š–Ú","34.380920","132.480430","0","3"
"34","L“‡Œ§","34103","L“‡Žs“ì‹æ","341030013002 ","‰à“ñ’š–Ú","34.378739","132.481530","0","3"
"34","L“‡Œ§","34103","L“‡Žs“ì‹æ","341030060001 ","ŠFŽÀ’¬ˆê’š–Ú","34.379137","132.468063","0","3"
"34","L“‡Œ§","34103","L“‡Žs“ì‹æ","341030060002 ","ŠFŽÀ’¬“ñ’š–Ú","34.376290","132.463586","0","3"
"34","L“‡Œ§","34103","L“‡Žs“ì‹æ","341030060003 ","ŠFŽÀ’¬ŽO’š–Ú","34.376029","132.466916","0","3"
"34","L“‡Œ§","34103","L“‡Žs“ì‹æ","341030060004 ","ŠFŽÀ’¬Žl’š–Ú","34.375703","132.470419","0","3"
"34","L“‡Œ§","34103","L“‡Žs“ì‹æ","341030060005 ","ŠFŽÀ’¬ŒÜ’š–Ú","34.374014","132.466555","0","3"
"34","L“‡Œ§","34103","L“‡Žs“ì‹æ","341030060006 ","ŠFŽÀ’¬˜Z’š–Ú","34.372528","132.463412","0","3"
"34","L“‡Œ§","34103","L“‡Žs“ì‹æ","341030016000 ","‹ž‹´’¬","34.394958","132.471686","0","1"
"34","L“‡Œ§","34103","L“‡Žs“ì‹æ","341030017000 ","‹à‰®’¬","34.391437","132.472750","0","1"
"34","L“‡Œ§","34103","L“‡Žs“ì‹æ","341030029000 ","ŒŽŒ©’¬","34.363304","132.513331","0","1"
"34","L“‡Œ§","34103","L“‡Žs“ì‹æ","341030066000 ","Œ³‰F•i’¬","34.345990","132.461073","0","1"
"34","L“‡Œ§","34103","L“‡Žs“ì‹æ","341030062000 ","Œü—m‰«’¬","34.358238","132.503954","0","1"
"34","L“‡Œ§","34103","L“‡Žs“ì‹æ","341030063001 ","Œü—mV’¬ˆê’š–Ú","34.366869","132.511679","0","3"
"34","L“‡Œ§","34103","L“‡Žs“ì‹æ","341030063002 ","Œü—mV’¬“ñ’š–Ú","34.363946","132.509993","0","3"
"34","L“‡Œ§","34103","L“‡Žs“ì‹æ","341030063003 ","Œü—mV’¬ŽO’š–Ú","34.362408","132.506177","0","3"
"34","L“‡Œ§","34103","L“‡Žs“ì‹æ","341030063004 ","Œü—mV’¬Žl’š–Ú","34.361411","132.502544","0","3"
"34","L“‡Œ§","34103","L“‡Žs“ì‹æ","341030061000 ","Œü—m‘åŒ´’¬","34.363813","132.501801","0","1"
"34","L“‡Œ§","34103","L“‡Žs“ì‹æ","341030064000 ","Œü—m’†’¬","34.367389","132.507702","0","1"
"34","L“‡Œ§","34103","L“‡Žs“ì‹æ","341030065000 ","Œü—m–{’¬","34.368909","132.507415","0","1"
"34","L“‡Œ§","34103","L“‡Žs“ì‹æ","341030020000 ","r_’¬","34.394655","132.477843","0","1"
"34","L“‡Œ§","34103","L“‡Žs“ì‹æ","341030067000 ","ŽRé’¬","34.368482","132.477072","0","1"
"34","L“‡Œ§","34103","L“‡Žs“ì‹æ","341030039000 ","Ž—“‡’¬","34.311304","132.436899","0","1"
"34","L“‡Œ§","34103","L“‡Žs“ì‹æ","341030030001 ","oŽ¬ˆê’š–Ú","34.379795","132.476016","0","3"
"34","L“‡Œ§","34103","L“‡Žs“ì‹æ","341030030002 ","oŽ¬“ñ’š–Ú","34.376042","132.474295","0","3"
"34","L“‡Œ§","34103","L“‡Žs“ì‹æ","341030030003 ","oŽ¬ŽO’š–Ú","34.376953","132.477860","0","3"
"34","L“‡Œ§","34103","L“‡Žs“ì‹æ","341030030004 ","oŽ¬Žl’š–Ú","34.377941","132.477769","0","3"
"34","L“‡Œ§","34103","L“‡Žs“ì‹æ","341030031001 ","o“‡ˆê’š–Ú","34.358887","132.454163","0","3"
"34","L“‡Œ§","34103","L“‡Žs“ì‹æ","341030031002 ","o“‡“ñ’š–Ú","34.352556","132.445964","0","3"
"34","L“‡Œ§","34103","L“‡Žs“ì‹æ","341030031003 ","o“‡ŽO’š–Ú","34.348637","132.440938","0","3"
"34","L“‡Œ§","34103","L“‡Žs“ì‹æ","341030031004 ","o“‡Žl’š–Ú","34.346561","132.445538","1","3"
"34","L“‡Œ§","34103","L“‡Žs“ì‹æ","341030019000 ","¬ˆé’¬","34.370263","132.503202","0","1"
"34","L“‡Œ§","34103","L“‡Žs“ì‹æ","341030068000 ","¼Œ´’¬","34.397093","132.475343","0","1"
"34","L“‡Œ§","34103","L“‡Žs“ì‹æ","341030055000 ","¼ì’¬","34.390236","132.471660","0","1"
"34","L“‡Œ§","34103","L“‡Žs“ì‹æ","341030014000 ","ã“Œ‰_’¬","34.385553","132.487093","0","1"
"34","L“‡Œ§","34103","L“‡Žs“ì‹æ","341030040001 ","m•Ûˆê’š–Ú","34.371539","132.492914","0","3"
"34","L“‡Œ§","34103","L“‡Žs“ì‹æ","341030040002 ","m•Û“ñ’š–Ú","34.371028","132.498312","0","3"
"34","L“‡Œ§","34103","L“‡Žs“ì‹æ","341030040003 ","m•ÛŽO’š–Ú","34.368109","132.496580","0","3"
"34","L“‡Œ§","34103","L“‡Žs“ì‹æ","341030040004 ","m•ÛŽl’š–Ú","34.363634","132.498267","0","3"
"34","L“‡Œ§","34103","L“‡Žs“ì‹æ","341030041000 ","m•Û‰«’¬","34.358159","132.489227","0","1"
"34","L“‡Œ§","34103","L“‡Žs“ì‹æ","341030042001 ","m•ÛV’¬ˆê’š–Ú","34.377245","132.492266","0","3"
"34","L“‡Œ§","34103","L“‡Žs“ì‹æ","341030042002 ","m•ÛV’¬“ñ’š–Ú","34.375792","132.495244","0","3"
"34","L“‡Œ§","34103","L“‡Žs“ì‹æ","341030038000 ","m•Û’¬","34.313867","132.462530","0","1"
"34","L“‡Œ§","34103","L“‡Žs“ì‹æ","341030043001 ","m•Û“ìˆê’š–Ú","34.364750","132.496612","0","3"
"34","L“‡Œ§","34103","L“‡Žs“ì‹æ","341030043002 ","m•Û“ì“ñ’š–Ú","34.363841","132.494553","0","3"
"34","L“‡Œ§","34103","L“‡Žs“ì‹æ","341030057001 ","‰ˆê’š–Ú","34.371149","132.466284","0","3"
"34","L“‡Œ§","34103","L“‡Žs“ì‹æ","341030057002 ","‰“ñ’š–Ú","34.372124","132.469670","0","3"
"34","L“‡Œ§","34103","L“‡Žs“ì‹æ","341030057003 ","‰ŽO’š–Ú","34.371793","132.471927","0","3"
"34","L“‡Œ§","34103","L“‡Žs“ì‹æ","341030057004 ","‰Žl’š–Ú","34.368568","132.472594","0","3"
"34","L“‡Œ§","34103","L“‡Žs“ì‹æ","341030057005 ","‰ŒÜ’š–Ú","34.368991","132.467885","0","3"
"34","L“‡Œ§","34103","L“‡Žs“ì‹æ","341030032000 ","¼ˆ®’¬","34.371416","132.474153","0","1"
"34","L“‡Œ§","34103","L“‡Žs“ì‹æ","341030033000 ","¼‰à’¬","34.375934","132.481846","0","1"
"34","L“‡Œ§","34103","L“‡Žs“ì‹æ","341030034001 ","¼ŠI‰®ˆê’š–Ú","34.392596","132.477405","0","3"
"34","L“‡Œ§","34103","L“‡Žs“ì‹æ","341030034002 ","¼ŠI‰®“ñ’š–Ú","34.393499","132.480035","0","3"
"34","L“‡Œ§","34103","L“‡Žs“ì‹æ","341030034003 ","¼ŠI‰®ŽO’š–Ú","34.392579","132.481372","0","3"
"34","L“‡Œ§","34103","L“‡Žs“ì‹æ","341030034004 ","¼ŠI‰®Žl’š–Ú","34.391006","132.479743","0","3"
"34","L“‡Œ§","34103","L“‡Žs“ì‹æ","341030035000 ","¼r_’¬","34.393563","132.476961","0","1"
"34","L“‡Œ§","34103","L“‡Žs“ì‹æ","341030037000 ","¼‰’¬","34.369937","132.464372","0","1"
"34","L“‡Œ§","34103","L“‡Žs“ì‹æ","341030036000 ","¼–{‰Y’¬","34.375909","132.486274","0","1"
"34","L“‡Œ§","34103","L“‡Žs“ì‹æ","341030001001 ","Âèˆê’š–Ú","34.372525","132.506174","0","3"
"34","L“‡Œ§","34103","L“‡Žs“ì‹æ","341030001002 ","Âè“ñ’š–Ú","34.372455","132.507946","0","3"
"34","L“‡Œ§","34103","L“‡Žs“ì‹æ","341030011001 ","‘åBˆê’š–Ú","34.387489","132.489307","0","3"
"34","L“‡Œ§","34103","L“‡Žs“ì‹æ","341030011002 ","‘åB“ñ’š–Ú","34.389978","132.489205","0","3"
"34","L“‡Œ§","34103","L“‡Žs“ì‹æ","341030011003 ","‘åBŽO’š–Ú","34.389222","132.492555","0","3"
"34","L“‡Œ§","34103","L“‡Žs“ì‹æ","341030011004 ","‘åBŽl’š–Ú","34.388020","132.496674","0","3"
"34","L“‡Œ§","34103","L“‡Žs“ì‹æ","341030011005 ","‘åBŒÜ’š–Ú","34.383958","132.497170","0","3"
"34","L“‡Œ§","34103","L“‡Žs“ì‹æ","341030012000 ","‘å{‰ê’¬","34.400896","132.469696","0","1"
"34","L“‡Œ§","34103","L“‡Žs“ì‹æ","341030023000 ","’O“ßV’¬","34.367868","132.485022","0","1"
"34","L“‡Œ§","34103","L“‡Žs“ì‹æ","341030024000 ","’O“ß’¬","34.365940","132.480741","0","1"
"34","L“‡Œ§","34103","L“‡Žs“ì‹æ","341030025001 ","’iŒ´ˆê’š–Ú","34.390507","132.475487","0","3"
"34","L“‡Œ§","34103","L“‡Žs“ì‹æ","341030025002 ","’iŒ´“ñ’š–Ú","34.388252","132.476049","0","3"
"34","L“‡Œ§","34103","L“‡Žs“ì‹æ","341030025003 ","’iŒ´ŽO’š–Ú","34.388323","132.478046","0","3"
"34","L“‡Œ§","34103","L“‡Žs“ì‹æ","341030025004 ","’iŒ´Žl’š–Ú","34.388831","132.480213","0","3"
"34","L“‡Œ§","34103","L“‡Žs“ì‹æ","341030028001 ","’iŒ´ŽRèˆê’š–Ú","34.384383","132.479297","0","3"
"34","L“‡Œ§","34103","L“‡Žs“ì‹æ","341030028002 ","’iŒ´ŽRè“ñ’š–Ú","34.384857","132.480814","0","3"
"34","L“‡Œ§","34103","L“‡Žs“ì‹æ","341030028003 ","’iŒ´ŽRèŽO’š–Ú","34.384848","132.483086","0","3"
"34","L“‡Œ§","34103","L“‡Žs“ì‹æ","341030027001 ","’iŒ´“ìˆê’š–Ú","34.383867","132.476067","0","3"
"34","L“‡Œ§","34103","L“‡Žs“ì‹æ","341030027002 ","’iŒ´“ì“ñ’š–Ú","34.384920","132.478108","0","3"
"34","L“‡Œ§","34103","L“‡Žs“ì‹æ","341030026001 ","’iŒ´“úoˆê’š–Ú","34.387436","132.482029","0","3"
"34","L“‡Œ§","34103","L“‡Žs“ì‹æ","341030026002 ","’iŒ´“úo“ñ’š–Ú","34.386670","132.483799","0","3"
"34","L“‡Œ§","34103","L“‡Žs“ì‹æ","341030056001 ","“Iê’¬ˆê’š–Ú","34.393779","132.474079","0","3"
"34","L“‡Œ§","34103","L“‡Žs“ì‹æ","341030056002 ","“Iê’¬“ñ’š–Ú","34.391701","132.474886","0","3"
"34","L“‡Œ§","34103","L“‡Žs“ì‹æ","341030021001 ","“Œ‰_ˆê’š–Ú","34.383872","132.491214","0","3"
"34","L“‡Œ§","34103","L“‡Žs“ì‹æ","341030021002 ","“Œ‰_“ñ’š–Ú","34.381224","132.492327","0","3"
"34","L“‡Œ§","34103","L“‡Žs“ì‹æ","341030021003 ","“Œ‰_ŽO’š–Ú","34.377742","132.496967","0","3"
"34","L“‡Œ§","34103","L“‡Žs“ì‹æ","341030022001 ","“Œ‰_–{’¬ˆê’š–Ú","34.381924","132.484312","0","3"
"34","L“‡Œ§","34103","L“‡Žs“ì‹æ","341030022002 ","“Œ‰_–{’¬“ñ’š–Ú","34.381595","132.487000","0","3"
"34","L“‡Œ§","34103","L“‡Žs“ì‹æ","341030022003 ","“Œ‰_–{’¬ŽO’š–Ú","34.378351","132.487290","0","3"
"34","L“‡Œ§","34103","L“‡Žs“ì‹æ","341030046000 ","“Œ‰w’¬","34.392446","132.489869","0","1"
"34","L“‡Œ§","34103","L“‡Žs“ì‹æ","341030047000 ","“Œ‰à’¬","34.377137","132.484206","0","1"
"34","L“‡Œ§","34103","L“‡Žs“ì‹æ","341030048000 ","“Œr_’¬","34.394227","132.479294","0","1"
"34","L“‡Œ§","34103","L“‡Žs“ì‹æ","341030045000 ","“ŒÂè’¬","34.374018","132.509117","0","1"
"34","L“‡Œ§","34103","L“‡Žs“ì‹æ","341030049000 ","“Œ–{‰Y’¬","34.376306","132.489701","0","1"
"34","L“‡Œ§","34103","L“‡Žs“ì‹æ","341030059001 ","“ìŠI‰®ˆê’š–Ú","34.389261","132.484148","0","3"
"34","L“‡Œ§","34103","L“‡Žs“ì‹æ","341030059002 ","“ìŠI‰®“ñ’š–Ú","34.391159","132.486000","0","3"
"34","L“‡Œ§","34103","L“‡Žs“ì‹æ","341030058000 ","“ì‘å‰Í’¬","34.369833","132.482224","0","1"
"34","L“‡Œ§","34103","L“‡Žs“ì‹æ","341030018000 ","“í“ß’¬","34.363737","132.486670","0","1"
"34","L“‡Œ§","34103","L“‡Žs“ì‹æ","341030044000 ","“ú‰F“ß’¬","34.363486","132.492457","0","1"
"34","L“‡Œ§","34103","L“‡Žs“ì‹æ","341030050000 ","”äŽ¡ŽRŒö‰€","34.384012","132.472991","0","1"
"34","L“‡Œ§","34103","L“‡Žs“ì‹æ","341030051000 ","”äŽ¡ŽR’¬","34.387880","132.471910","0","1"
"34","L“‡Œ§","34103","L“‡Žs“ì‹æ","341030052000 ","”äŽ¡ŽR–{’¬","34.382471","132.469492","0","1"
"34","L“‡Œ§","34103","L“‡Žs“ì‹æ","341030015000 ","–k‘å‰Í’¬","34.372436","132.481799","0","1"
"34","L“‡Œ§","34103","L“‡Žs“ì‹æ","341030053001 ","–x‰zˆê’š–Ú","34.373877","132.511203","0","3"
"34","L“‡Œ§","34103","L“‡Žs“ì‹æ","341030053002 ","–x‰z“ñ’š–Ú","34.373626","132.514594","0","3"
"34","L“‡Œ§","34103","L“‡Žs“ì‹æ","341030053003 ","–x‰zŽO’š–Ú","34.370081","132.512892","0","3"
"34","L“‡Œ§","34103","L“‡Žs“ì‹æ","341030054000 ","–{‰Y’¬","34.373284","132.488208","0","1"
"34","L“‡Œ§","34104","L“‡Žs¼‹æ","341040001001 ","ˆäŒûˆê’š–Ú","34.375638","132.389317","0","3"
"34","L“‡Œ§","34104","L“‡Žs¼‹æ","341040001002 ","ˆäŒû“ñ’š–Ú","34.374299","132.385068","0","3"
"34","L“‡Œ§","34104","L“‡Žs¼‹æ","341040001003 ","ˆäŒûŽO’š–Ú","34.369972","132.378611","0","3"
"34","L“‡Œ§","34104","L“‡Žs¼‹æ","341040001004 ","ˆäŒûŽl’š–Ú","34.372153","132.373260","0","3"
"34","L“‡Œ§","34104","L“‡Žs¼‹æ","341040001005 ","ˆäŒûŒÜ’š–Ú","34.367053","132.377812","0","3"
"34","L“‡Œ§","34104","L“‡Žs¼‹æ","341040003001 ","ˆäŒû‘äˆê’š–Ú","34.377557","132.382695","0","3"
"34","L“‡Œ§","34104","L“‡Žs¼‹æ","341040003002 ","ˆäŒû‘ä“ñ’š–Ú","34.377787","132.375715","0","3"
"34","L“‡Œ§","34104","L“‡Žs¼‹æ","341040003003 ","ˆäŒû‘äŽO’š–Ú","34.380663","132.379559","0","3"
"34","L“‡Œ§","34104","L“‡Žs¼‹æ","341040003004 ","ˆäŒû‘äŽl’š–Ú","34.379380","132.386113","0","3"
"34","L“‡Œ§","34104","L“‡Žs¼‹æ","341040004000 ","ˆäŒû’¬","34.382350","132.383136","1","1"
"34","L“‡Œ§","34104","L“‡Žs¼‹æ","341040005001 ","ˆäŒû–¾_ˆê’š–Ú","34.372861","132.391190","0","3"
"34","L“‡Œ§","34104","L“‡Žs¼‹æ","341040005002 ","ˆäŒû–¾_“ñ’š–Ú","34.370721","132.387056","0","3"
"34","L“‡Œ§","34104","L“‡Žs¼‹æ","341040005003 ","ˆäŒû–¾_ŽO’š–Ú","34.368602","132.383200","0","3"
"34","L“‡Œ§","34104","L“‡Žs¼‹æ","341040002001 ","ˆäŒû—é‚ª‘äˆê’š–Ú","34.373352","132.381404","0","3"
"34","L“‡Œ§","34104","L“‡Žs¼‹æ","341040002002 ","ˆäŒû—é‚ª‘ä“ñ’š–Ú","34.371891","132.377647","0","3"
"34","L“‡Œ§","34104","L“‡Žs¼‹æ","341040002003 ","ˆäŒû—é‚ª‘äŽO’š–Ú","34.373825","132.377549","0","3"
"34","L“‡Œ§","34104","L“‡Žs¼‹æ","341040061000 ","‰¡ìV’¬","34.408392","132.446239","1","1"
"34","L“‡Œ§","34104","L“‡Žs¼‹æ","341040062001 ","‰¡ì’¬ˆê’š–Ú","34.406547","132.450645","0","3"
"34","L“‡Œ§","34104","L“‡Žs¼‹æ","341040062002 ","‰¡ì’¬“ñ’š–Ú","34.407949","132.450879","0","3"
"34","L“‡Œ§","34104","L“‡Žs¼‹æ","341040062003 ","‰¡ì’¬ŽO’š–Ú","34.409823","132.451183","0","3"
"34","L“‡Œ§","34104","L“‡Žs¼‹æ","341040013001 ","ŠÏ‰¹V’¬ˆê’š–Ú","34.376067","132.428014","0","3"
"34","L“‡Œ§","34104","L“‡Žs¼‹æ","341040013002 ","ŠÏ‰¹V’¬“ñ’š–Ú","34.377385","132.421735","0","3"
"34","L“‡Œ§","34104","L“‡Žs¼‹æ","341040013003 ","ŠÏ‰¹V’¬ŽO’š–Ú","34.373404","132.425888","0","3"
"34","L“‡Œ§","34104","L“‡Žs¼‹æ","341040013004 ","ŠÏ‰¹V’¬Žl’š–Ú","34.366090","132.416185","0","3"
"34","L“‡Œ§","34104","L“‡Žs¼‹æ","341040015000 ","ŠÏ‰¹’¬","34.394208","132.440273","1","1"
"34","L“‡Œ§","34104","L“‡Žs¼‹æ","341040014001 ","ŠÏ‰¹–{’¬ˆê’š–Ú","34.388236","132.438170","0","3"
"34","L“‡Œ§","34104","L“‡Žs¼‹æ","341040014002 ","ŠÏ‰¹–{’¬“ñ’š–Ú","34.389779","132.434026","0","3"
"34","L“‡Œ§","34104","L“‡Žs¼‹æ","341040045001 ","ŒÃ]ãˆê’š–Ú","34.393414","132.408681","0","3"
"34","L“‡Œ§","34104","L“‡Žs¼‹æ","341040045002 ","ŒÃ]ã“ñ’š–Ú","34.390221","132.406991","0","3"
"34","L“‡Œ§","34104","L“‡Žs¼‹æ","341040046000 ","ŒÃ]V’¬","34.384097","132.410148","1","1"
"34","L“‡Œ§","34104","L“‡Žs¼‹æ","341040047000 ","ŒÃ]¼’¬","34.386830","132.406624","1","1"
"34","L“‡Œ§","34104","L“‡Žs¼‹æ","341040048000 ","ŒÃ]“Œ’¬","34.389901","132.411573","1","1"
"34","L“‡Œ§","34104","L“‡Žs¼‹æ","341040049001 ","ŒÃ“c‘äˆê’š–Ú","34.391357","132.402406","0","3"
"34","L“‡Œ§","34104","L“‡Žs¼‹æ","341040049002 ","ŒÃ“c‘ä“ñ’š–Ú","34.394131","132.402536","0","3"
"34","L“‡Œ§","34104","L“‡Žs¼‹æ","341040024001 ","ŒÈ”ããˆê’š–Ú","34.404985","132.420029","0","3"
"34","L“‡Œ§","34104","L“‡Žs¼‹æ","341040024002 ","ŒÈ”ãã“ñ’š–Ú","34.404086","132.411878","0","3"
"34","L“‡Œ§","34104","L“‡Žs¼‹æ","341040024003 ","ŒÈ”ããŽO’š–Ú","34.409593","132.415048","0","3"
"34","L“‡Œ§","34104","L“‡Žs¼‹æ","341040024004 ","ŒÈ”ããŽl’š–Ú","34.411369","132.420383","0","3"
"34","L“‡Œ§","34104","L“‡Žs¼‹æ","341040024005 ","ŒÈ”ããŒÜ’š–Ú","34.420227","132.418435","0","3"
"34","L“‡Œ§","34104","L“‡Žs¼‹æ","341040024006 ","ŒÈ”ãã˜Z’š–Ú","34.421849","132.427699","0","3"
"34","L“‡Œ§","34104","L“‡Žs¼‹æ","341040027000 ","ŒÈ”ã¼’¬","34.396811","132.422174","1","1"
"34","L“‡Œ§","34104","L“‡Žs¼‹æ","341040025001 ","ŒÈ”ã‘å”—ˆê’š–Ú","34.410835","132.423901","0","3"
"34","L“‡Œ§","34104","L“‡Žs¼‹æ","341040025002 ","ŒÈ”ã‘å”—“ñ’š–Ú","34.414511","132.424746","0","3"
"34","L“‡Œ§","34104","L“‡Žs¼‹æ","341040025003 ","ŒÈ”ã‘å”—ŽO’š–Ú","34.414232","132.428952","0","3"
"34","L“‡Œ§","34104","L“‡Žs¼‹æ","341040026001 ","ŒÈ”ã’†ˆê’š–Ú","34.398997","132.426453","1","3"
"34","L“‡Œ§","34104","L“‡Žs¼‹æ","341040026002 ","ŒÈ”ã’†“ñ’š–Ú","34.402101","132.426174","0","3"
"34","L“‡Œ§","34104","L“‡Žs¼‹æ","341040026003 ","ŒÈ”ã’†ŽO’š–Ú","34.404011","132.422995","0","3"
"34","L“‡Œ§","34104","L“‡Žs¼‹æ","341040030000 ","ŒÈ”ã’¬","34.428093","132.424290","0","1"
"34","L“‡Œ§","34104","L“‡Žs¼‹æ","341040028001 ","ŒÈ”ã“Œˆê’š–Ú","34.404556","132.432429","0","3"
"34","L“‡Œ§","34104","L“‡Žs¼‹æ","341040028002 ","ŒÈ”ã“Œ“ñ’š–Ú","34.404523","132.428026","0","3"
"34","L“‡Œ§","34104","L“‡Žs¼‹æ","341040029001 ","ŒÈ”ã–{’¬ˆê’š–Ú","34.397466","132.429478","1","3"
"34","L“‡Œ§","34104","L“‡Žs¼‹æ","341040029002 ","ŒÈ”ã–{’¬“ñ’š–Ú","34.393167","132.426230","0","3"
"34","L“‡Œ§","34104","L“‡Žs¼‹æ","341040029003 ","ŒÈ”ã–{’¬ŽO’š–Ú","34.394127","132.424164","0","3"
"34","L“‡Œ§","34104","L“‡Žs¼‹æ","341040032001 ","MŒß’†ˆê’š–Ú","34.383789","132.418139","0","3"
"34","L“‡Œ§","34104","L“‡Žs¼‹æ","341040032002 ","MŒß’†“ñ’š–Ú","34.385980","132.414184","0","3"
"34","L“‡Œ§","34104","L“‡Žs¼‹æ","341040032003 ","MŒß’†ŽO’š–Ú","34.383090","132.412586","0","3"
"34","L“‡Œ§","34104","L“‡Žs¼‹æ","341040032004 ","MŒß’†Žl’š–Ú","34.380294","132.416673","0","3"
"34","L“‡Œ§","34104","L“‡Žs¼‹æ","341040033001 ","MŒß“ìˆê’š–Ú","34.378928","132.413776","0","3"
"34","L“‡Œ§","34104","L“‡Žs¼‹æ","341040033002 ","MŒß“ì“ñ’š–Ú","34.378385","132.409703","0","3"
"34","L“‡Œ§","34104","L“‡Žs¼‹æ","341040031001 ","MŒß–kˆê’š–Ú","34.388439","132.422476","0","3"
"34","L“‡Œ§","34104","L“‡Žs¼‹æ","341040031002 ","MŒß–k“ñ’š–Ú","34.390518","132.420100","0","3"
"34","L“‡Œ§","34104","L“‡Žs¼‹æ","341040031003 ","MŒß–kŽO’š–Ú","34.387948","132.416885","0","3"
"34","L“‡Œ§","34104","L“‡Žs¼‹æ","341040031004 ","MŒß–kŽl’š–Ú","34.385844","132.420228","0","3"
"34","L“‡Œ§","34104","L“‡Žs¼‹æ","341040037001 ","‚{ˆê’š–Ú","34.391780","132.418022","0","3"
"34","L“‡Œ§","34104","L“‡Žs¼‹æ","341040037002 ","‚{“ñ’š–Ú","34.389077","132.414248","0","3"
"34","L“‡Œ§","34104","L“‡Žs¼‹æ","341040037003 ","‚{ŽO’š–Ú","34.392996","132.414978","0","3"
"34","L“‡Œ§","34104","L“‡Žs¼‹æ","341040037004 ","‚{Žl’š–Ú","34.394887","132.415692","0","3"
"34","L“‡Œ§","34104","L“‡Žs¼‹æ","341040038001 ","‚{‘äˆê’š–Ú","34.398419","132.418962","0","3"
"34","L“‡Œ§","34104","L“‡Žs¼‹æ","341040038002 ","‚{‘ä“ñ’š–Ú","34.397544","132.415367","0","3"
"34","L“‡Œ§","34104","L“‡Žs¼‹æ","341040038003 ","‚{‘äŽO’š–Ú","34.399758","132.415360","0","3"
"34","L“‡Œ§","34104","L“‡Žs¼‹æ","341040038004 ","‚{‘äŽl’š–Ú","34.401436","132.415430","0","3"
"34","L“‡Œ§","34104","L“‡Žs¼‹æ","341040038005 ","‚{‘äŒÜ’š–Ú","34.400402","132.411870","0","3"
"34","L“‡Œ§","34104","L“‡Žs¼‹æ","341040038006 ","‚{‘ä˜Z’š–Ú","34.396973","132.410745","0","3"
"34","L“‡Œ§","34104","L“‡Žs¼‹æ","341040051001 ","ŽOŽÂ’¬ˆê’š–Ú","34.411713","132.452567","0","3"
"34","L“‡Œ§","34104","L“‡Žs¼‹æ","341040051002 ","ŽOŽÂ’¬“ñ’š–Ú","34.413077","132.453532","0","3"
"34","L“‡Œ§","34104","L“‡Žs¼‹æ","341040051003 ","ŽOŽÂ’¬ŽO’š–Ú","34.415069","132.454524","0","3"
"34","L“‡Œ§","34104","L“‡Žs¼‹æ","341040050000 ","ŽOŽÂ–k’¬","34.418617","132.453928","1","1"
"34","L“‡Œ§","34104","L“‡Žs¼‹æ","341040054000 ","ŽO‘êŽR","34.421129","132.435550","1","1"
"34","L“‡Œ§","34104","L“‡Žs¼‹æ","341040053000 ","ŽO‘ê’¬","34.415527","132.450288","1","1"
"34","L“‡Œ§","34104","L“‡Žs¼‹æ","341040052001 ","ŽO‘ê–{’¬ˆê’š–Ú","34.416667","132.440486","0","3"
"34","L“‡Œ§","34104","L“‡Žs¼‹æ","341040052002 ","ŽO‘ê–{’¬“ñ’š–Ú","34.419231","132.446706","0","3"
"34","L“‡Œ§","34104","L“‡Žs¼‹æ","341040060000 ","ŽRŽè’¬","34.409469","132.434596","1","1"
"34","L“‡Œ§","34104","L“‡Žs¼‹æ","341040058001 ","ŽR“cV’¬ˆê’š–Ú","34.399749","132.392278","0","3"
"34","L“‡Œ§","34104","L“‡Žs¼‹æ","341040058002 ","ŽR“cV’¬“ñ’š–Ú","34.398432","132.387766","0","3"
"34","L“‡Œ§","34104","L“‡Žs¼‹æ","341040059000 ","ŽR“c’¬","34.403088","132.389929","1","1"
"34","L“‡Œ§","34104","L“‡Žs¼‹æ","341040034001 ","¤HƒZƒ“ƒ^[ˆê’š–Ú","34.370835","132.400853","0","3"
"34","L“‡Œ§","34104","L“‡Žs¼‹æ","341040034002 ","¤HƒZƒ“ƒ^[“ñ’š–Ú","34.372514","132.398856","0","3"
"34","L“‡Œ§","34104","L“‡Žs¼‹æ","341040034003 ","¤HƒZƒ“ƒ^[ŽO’š–Ú","34.370044","132.392812","0","3"
"34","L“‡Œ§","34104","L“‡Žs¼‹æ","341040034004 ","¤HƒZƒ“ƒ^[Žl’š–Ú","34.368155","132.394086","0","3"
"34","L“‡Œ§","34104","L“‡Žs¼‹æ","341040034005 ","¤HƒZƒ“ƒ^[ŒÜ’š–Ú","34.366112","132.389302","0","3"
"34","L“‡Œ§","34104","L“‡Žs¼‹æ","341040034006 ","¤HƒZƒ“ƒ^[˜Z’š–Ú","34.368120","132.388293","0","3"
"34","L“‡Œ§","34104","L“‡Žs¼‹æ","341040034007 ","¤HƒZƒ“ƒ^[Žµ’š–Ú","34.365542","132.382804","0","3"
"34","L“‡Œ§","34104","L“‡Žs¼‹æ","341040034008 ","¤HƒZƒ“ƒ^[”ª’š–Ú","34.363466","132.383240","0","3"
"34","L“‡Œ§","34104","L“‡Žs¼‹æ","341040011001 ","¬‰Í“à’¬ˆê’š–Ú","34.399180","132.435527","0","3"
"34","L“‡Œ§","34104","L“‡Žs¼‹æ","341040011002 ","¬‰Í“à’¬“ñ’š–Ú","34.401937","132.437497","0","3"
"34","L“‡Œ§","34104","L“‡Žs¼‹æ","341040012000 ","ã“V–ž’¬","34.398748","132.440760","1","1"
"34","L“‡Œ§","34104","L“‡Žs¼‹æ","341040035000 ","V¯’¬","34.423901","132.451576","1","1"
"34","L“‡Œ§","34104","L“‡Žs¼‹æ","341040042000 ","¼ŠÏ‰¹’¬","34.392297","132.436972","1","1"
"34","L“‡Œ§","34104","L“‡Žs¼‹æ","341040007001 ","îˆê’š–Ú","34.374514","132.411396","0","3"
"34","L“‡Œ§","34104","L“‡Žs¼‹æ","341040007002 ","î“ñ’š–Ú","34.372138","132.406957","0","3"
"34","L“‡Œ§","34104","L“‡Žs¼‹æ","341040017001 ","‘’Ã`ˆê’š–Ú","34.366009","132.403451","0","3"
"34","L“‡Œ§","34104","L“‡Žs¼‹æ","341040017002 ","‘’Ã`“ñ’š–Ú","34.365069","132.394619","0","3"
"34","L“‡Œ§","34104","L“‡Žs¼‹æ","341040017003 ","‘’Ã`ŽO’š–Ú","34.363968","132.390048","0","3"
"34","L“‡Œ§","34104","L“‡Žs¼‹æ","341040018001 ","‘’ÃV’¬ˆê’š–Ú","34.375216","132.403785","0","3"
"34","L“‡Œ§","34104","L“‡Žs¼‹æ","341040018002 ","‘’ÃV’¬“ñ’š–Ú","34.374320","132.396815","0","3"
"34","L“‡Œ§","34104","L“‡Žs¼‹æ","341040020001 ","‘’Ã“Œˆê’š–Ú","34.379411","132.407153","0","3"
"34","L“‡Œ§","34104","L“‡Žs¼‹æ","341040020002 ","‘’Ã“Œ“ñ’š–Ú","34.381607","132.406428","0","3"
"34","L“‡Œ§","34104","L“‡Žs¼‹æ","341040020003 ","‘’Ã“ŒŽO’š–Ú","34.382452","132.404371","0","3"
"34","L“‡Œ§","34104","L“‡Žs¼‹æ","341040022001 ","‘’Ã“ìˆê’š–Ú","34.377326","132.401902","0","3"
"34","L“‡Œ§","34104","L“‡Žs¼‹æ","341040022002 ","‘’Ã“ì“ñ’š–Ú","34.378665","132.400498","0","3"
"34","L“‡Œ§","34104","L“‡Žs¼‹æ","341040022003 ","‘’Ã“ìŽO’š–Ú","34.377123","132.394736","0","3"
"34","L“‡Œ§","34104","L“‡Žs¼‹æ","341040022004 ","‘’Ã“ìŽl’š–Ú","34.376307","132.395476","0","3"
"34","L“‡Œ§","34104","L“‡Žs¼‹æ","341040016000 ","‘’Ã”~‚ª‘ä","34.378775","132.395989","1","1"
"34","L“‡Œ§","34104","L“‡Žs¼‹æ","341040019000 ","‘’Ã•l’¬","34.377729","132.404717","1","1"
"34","L“‡Œ§","34104","L“‡Žs¼‹æ","341040021000 ","‘’Ã–{’¬","34.380020","132.402624","1","1"
"34","L“‡Œ§","34104","L“‡Žs¼‹æ","341040006000 ","‘Å‰z’¬","34.411597","132.447498","1","1"
"34","L“‡Œ§","34104","L“‡Žs¼‹æ","341040010001 ","‘å‹{ˆê’š–Ú","34.421067","132.455384","0","3"
"34","L“‡Œ§","34104","L“‡Žs¼‹æ","341040010002 ","‘å‹{“ñ’š–Ú","34.422759","132.456806","0","3"
"34","L“‡Œ§","34104","L“‡Žs¼‹æ","341040010003 ","‘å‹{ŽO’š–Ú","34.423950","132.458401","0","3"
"34","L“‡Œ§","34104","L“‡Žs¼‹æ","341040008001 ","‘åŽÅˆê’š–Ú","34.418133","132.458155","0","3"
"34","L“‡Œ§","34104","L“‡Žs¼‹æ","341040008002 ","‘åŽÅ“ñ’š–Ú","34.420554","132.460617","0","3"
"34","L“‡Œ§","34104","L“‡Žs¼‹æ","341040008003 ","‘åŽÅŽO’š–Ú","34.423207","132.461638","0","3"
"34","L“‡Œ§","34104","L“‡Žs¼‹æ","341040009000 ","‘åŽÅŒö‰€","34.416922","132.461053","1","1"
"34","L“‡Œ§","34104","L“‡Žs¼‹æ","341040041001 ","’†L’¬ˆê’š–Ú","34.401069","132.442205","0","3"
"34","L“‡Œ§","34104","L“‡Žs¼‹æ","341040041002 ","’†L’¬“ñ’š–Ú","34.403796","132.442181","0","3"
"34","L“‡Œ§","34104","L“‡Žs¼‹æ","341040041003 ","’†L’¬ŽO’š–Ú","34.405651","132.444142","0","3"
"34","L“‡Œ§","34104","L“‡Žs¼‹æ","341040040000 ","“V–ž’¬","34.396296","132.440773","1","1"
"34","L“‡Œ§","34104","L“‡Žs¼‹æ","341040039001 ","“c•ûˆê’š–Ú","34.383784","132.401213","0","3"
"34","L“‡Œ§","34104","L“‡Žs¼‹æ","341040039002 ","“c•û“ñ’š–Ú","34.389166","132.396610","0","3"
"34","L“‡Œ§","34104","L“‡Žs¼‹æ","341040039003 ","“c•ûŽO’š–Ú","34.398531","132.400591","0","3"
"34","L“‡Œ§","34104","L“‡Žs¼‹æ","341040057000 ","“s’¬","34.396660","132.437215","1","1"
"34","L“‡Œ§","34104","L“‡Žs¼‹æ","341040043000 ","“ŒŠÏ‰¹’¬","34.390874","132.440633","1","1"
"34","L“‡Œ§","34104","L“‡Žs¼‹æ","341040055001 ","“ìŠÏ‰¹ˆê’š–Ú","34.383473","132.434883","0","3"
"34","L“‡Œ§","34104","L“‡Žs¼‹æ","341040055002 ","“ìŠÏ‰¹“ñ’š–Ú","34.384685","132.431645","0","3"
"34","L“‡Œ§","34104","L“‡Žs¼‹æ","341040055003 ","“ìŠÏ‰¹ŽO’š–Ú","34.385682","132.429097","0","3"
"34","L“‡Œ§","34104","L“‡Žs¼‹æ","341040055004 ","“ìŠÏ‰¹Žl’š–Ú","34.386123","132.426637","0","3"
"34","L“‡Œ§","34104","L“‡Žs¼‹æ","341040055005 ","“ìŠÏ‰¹ŒÜ’š–Ú","34.382400","132.423597","0","3"
"34","L“‡Œ§","34104","L“‡Žs¼‹æ","341040055006 ","“ìŠÏ‰¹˜Z’š–Ú","34.381331","132.426873","0","3"
"34","L“‡Œ§","34104","L“‡Žs¼‹æ","341040055007 ","“ìŠÏ‰¹Žµ’š–Ú","34.380528","132.429371","0","3"
"34","L“‡Œ§","34104","L“‡Žs¼‹æ","341040055008 ","“ìŠÏ‰¹”ª’š–Ú","34.379698","132.432386","0","3"
"34","L“‡Œ§","34104","L“‡Žs¼‹æ","341040056000 ","“ìŠÏ‰¹’¬","34.387783","132.432744","1","1"
"34","L“‡Œ§","34104","L“‡Žs¼‹æ","341040023001 ","“í–Ø’¬ˆê’š–Ú","34.408102","132.455735","0","3"
"34","L“‡Œ§","34104","L“‡Žs¼‹æ","341040023002 ","“í–Ø’¬“ñ’š–Ú","34.410770","132.456836","0","3"
"34","L“‡Œ§","34104","L“‡Žs¼‹æ","341040023003 ","“í–Ø’¬ŽO’š–Ú","34.412278","132.458467","0","3"
"34","L“‡Œ§","34104","L“‡Žs¼‹æ","341040023004 ","“í–Ø’¬Žl’š–Ú","34.415228","132.458459","0","3"
"34","L“‡Œ§","34104","L“‡Žs¼‹æ","341040044001 ","•Ÿ“‡’¬ˆê’š–Ú","34.396734","132.433946","0","3"
"34","L“‡Œ§","34104","L“‡Žs¼‹æ","341040044002 ","•Ÿ“‡’¬“ñ’š–Ú","34.393112","132.432167","0","3"
"34","L“‡Œ§","34104","L“‡Žs¼‹æ","341040063000 ","—³‰¤’¬","34.412690","132.440641","1","1"
"34","L“‡Œ§","34104","L“‡Žs¼‹æ","341040036000 ","—é‚ª•ô’¬","34.381115","132.393458","1","1"
"34","L“‡Œ§","34105","L“‡ŽsˆÀ²“ì‹æ","341050001001","‘Š“cˆê’š–Ú","34.470808","132.456472","0","3"
"34","L“‡Œ§","34105","L“‡ŽsˆÀ²“ì‹æ","341050001002","‘Š“c“ñ’š–Ú","34.469578","132.452501","0","3"
"34","L“‡Œ§","34105","L“‡ŽsˆÀ²“ì‹æ","341050001003","‘Š“cŽO’š–Ú","34.467364","132.450644","0","3"
"34","L“‡Œ§","34105","L“‡ŽsˆÀ²“ì‹æ","341050001004","‘Š“cŽl’š–Ú","34.470778","132.448746","0","3"
"34","L“‡Œ§","34105","L“‡ŽsˆÀ²“ì‹æ","341050001005","‘Š“cŒÜ’š–Ú","34.470200","132.446013","0","3"
"34","L“‡Œ§","34105","L“‡ŽsˆÀ²“ì‹æ","341050001006","‘Š“c˜Z’š–Ú","34.468164","132.442827","0","3"
"34","L“‡Œ§","34105","L“‡ŽsˆÀ²“ì‹æ","341050001007","‘Š“cŽµ’š–Ú","34.465066","132.441125","0","3"
"34","L“‡Œ§","34105","L“‡ŽsˆÀ²“ì‹æ","341050002000","‘Š“c’¬","34.463377","132.446743","0","1"
"34","L“‡Œ§","34105","L“‡ŽsˆÀ²“ì‹æ","341050003001","‘å’Ë¼ˆê’š–Ú","34.447391","132.407228","0","3"
"34","L“‡Œ§","34105","L“‡ŽsˆÀ²“ì‹æ","341050003002","‘å’Ë¼“ñ’š–Ú","34.449283","132.400839","0","3"
"34","L“‡Œ§","34105","L“‡ŽsˆÀ²“ì‹æ","341050003003","‘å’Ë¼ŽO’š–Ú","34.442895","132.398732","0","3"
"34","L“‡Œ§","34105","L“‡ŽsˆÀ²“ì‹æ","341050003004","‘å’Ë¼Žl’š–Ú","34.435724","132.398791","0","3"
"34","L“‡Œ§","34105","L“‡ŽsˆÀ²“ì‹æ","341050003005","‘å’Ë¼ŒÜ’š–Ú","34.440734","132.393871","0","3"
"34","L“‡Œ§","34105","L“‡ŽsˆÀ²“ì‹æ","341050003006","‘å’Ë¼˜Z’š–Ú","34.447768","132.390234","0","3"
"34","L“‡Œ§","34105","L“‡ŽsˆÀ²“ì‹æ","341050003007","‘å’Ë¼Žµ’š–Ú","34.453428","132.392143","0","3"
"34","L“‡Œ§","34105","L“‡ŽsˆÀ²“ì‹æ","341050004001","‘å’Ë“Œˆê’š–Ú","34.433727","132.403620","0","3"
"34","L“‡Œ§","34105","L“‡ŽsˆÀ²“ì‹æ","341050004002","‘å’Ë“Œ“ñ’š–Ú","34.441474","132.409997","0","3"
"34","L“‡Œ§","34105","L“‡ŽsˆÀ²“ì‹æ","341050004003","‘å’Ë“ŒŽO’š–Ú","34.437087","132.417154","0","3"
"34","L“‡Œ§","34105","L“‡ŽsˆÀ²“ì‹æ","341050005000","‘å’Ë“Œ’¬","34.436094","132.422259","0","1"
"34","L“‡Œ§","34105","L“‡ŽsˆÀ²“ì‹æ","341050006000","‘å’¬","34.460539","132.459987","0","1"
"34","L“‡Œ§","34105","L“‡ŽsˆÀ²“ì‹æ","341050007001","‘å’¬¼ˆê’š–Ú","34.456434","132.464725","0","3"
"34","L“‡Œ§","34105","L“‡ŽsˆÀ²“ì‹æ","341050007002","‘å’¬¼“ñ’š–Ú","34.457922","132.460775","0","3"
"34","L“‡Œ§","34105","L“‡ŽsˆÀ²“ì‹æ","341050007003","‘å’¬¼ŽO’š–Ú","34.464648","132.463431","0","3"
"34","L“‡Œ§","34105","L“‡ŽsˆÀ²“ì‹æ","341050008001","‘å’¬“Œˆê’š–Ú","34.455449","132.467445","0","3"
"34","L“‡Œ§","34105","L“‡ŽsˆÀ²“ì‹æ","341050008002","‘å’¬“Œ“ñ’š–Ú","34.461059","132.469452","0","3"
"34","L“‡Œ§","34105","L“‡ŽsˆÀ²“ì‹æ","341050008003","‘å’¬“ŒŽO’š–Ú","34.463604","132.467226","0","3"
"34","L“‡Œ§","34105","L“‡ŽsˆÀ²“ì‹æ","341050008004","‘å’¬“ŒŽl’š–Ú","34.468397","132.464249","0","3"
"34","L“‡Œ§","34105","L“‡ŽsˆÀ²“ì‹æ","341050009001","ãˆÀˆê’š–Ú","34.475488","132.449852","0","3"
"34","L“‡Œ§","34105","L“‡ŽsˆÀ²“ì‹æ","341050009002","ãˆÀ“ñ’š–Ú","34.476987","132.444241","0","3"
"34","L“‡Œ§","34105","L“‡ŽsˆÀ²“ì‹æ","341050009003","ãˆÀŽO’š–Ú","34.478951","132.448961","0","3"
"34","L“‡Œ§","34105","L“‡ŽsˆÀ²“ì‹æ","341050009004","ãˆÀŽl’š–Ú","34.482618","132.449970","0","3"
"34","L“‡Œ§","34105","L“‡ŽsˆÀ²“ì‹æ","341050009005","ãˆÀŒÜ’š–Ú","34.485337","132.448976","0","3"
"34","L“‡Œ§","34105","L“‡ŽsˆÀ²“ì‹æ","341050009006","ãˆÀ˜Z’š–Ú","34.480938","132.445346","0","3"
"34","L“‡Œ§","34105","L“‡ŽsˆÀ²“ì‹æ","341050009007","ãˆÀŽµ’š–Ú","34.488064","132.439584","0","3"
"34","L“‡Œ§","34105","L“‡ŽsˆÀ²“ì‹æ","341050010000","ãˆÀ’¬","34.489442","132.449437","0","1"
"34","L“‡Œ§","34105","L“‡ŽsˆÀ²“ì‹æ","341050011001","ì“àˆê’š–Ú","34.458026","132.484453","0","3"
"34","L“‡Œ§","34105","L“‡ŽsˆÀ²“ì‹æ","341050011002","ì“à“ñ’š–Ú","34.463224","132.482237","0","3"
"34","L“‡Œ§","34105","L“‡ŽsˆÀ²“ì‹æ","341050011003","ì“àŽO’š–Ú","34.460447","132.488439","0","3"
"34","L“‡Œ§","34105","L“‡ŽsˆÀ²“ì‹æ","341050011004","ì“àŽl’š–Ú","34.465142","132.490843","0","3"
"34","L“‡Œ§","34105","L“‡ŽsˆÀ²“ì‹æ","341050011005","ì“àŒÜ’š–Ú","34.467663","132.485725","0","3"
"34","L“‡Œ§","34105","L“‡ŽsˆÀ²“ì‹æ","341050011006","ì“à˜Z’š–Ú","34.471375","132.490558","0","3"
"34","L“‡Œ§","34105","L“‡ŽsˆÀ²“ì‹æ","341050012001","‹_‰€ˆê’š–Ú","34.436885","132.462091","0","3"
"34","L“‡Œ§","34105","L“‡ŽsˆÀ²“ì‹æ","341050012002","‹_‰€“ñ’š–Ú","34.443748","132.466459","0","3"
"34","L“‡Œ§","34105","L“‡ŽsˆÀ²“ì‹æ","341050012003","‹_‰€ŽO’š–Ú","34.440723","132.460419","0","3"
"34","L“‡Œ§","34105","L“‡ŽsˆÀ²“ì‹æ","341050012004","‹_‰€Žl’š–Ú","34.443704","132.454302","0","3"
"34","L“‡Œ§","34105","L“‡ŽsˆÀ²“ì‹æ","341050012005","‹_‰€ŒÜ’š–Ú","34.446925","132.457395","0","3"
"34","L“‡Œ§","34105","L“‡ŽsˆÀ²“ì‹æ","341050012006","‹_‰€˜Z’š–Ú","34.445453","132.464137","0","3"
"34","L“‡Œ§","34105","L“‡ŽsˆÀ²“ì‹æ","341050012007","‹_‰€Žµ’š–Ú","34.449390","132.465720","0","3"
"34","L“‡Œ§","34105","L“‡ŽsˆÀ²“ì‹æ","341050012008","‹_‰€”ª’š–Ú","34.450081","132.461524","0","3"
"34","L“‡Œ§","34105","L“‡ŽsˆÀ²“ì‹æ","341050013000","‹_‰€’¬","34.450848","132.453219","0","1"
"34","L“‡Œ§","34105","L“‡ŽsˆÀ²“ì‹æ","341050014001","‚Žæ–kˆê’š–Ú","34.478674","132.440290","0","3"
"34","L“‡Œ§","34105","L“‡ŽsˆÀ²“ì‹æ","341050014002","‚Žæ–k“ñ’š–Ú","34.479691","132.437555","0","3"
"34","L“‡Œ§","34105","L“‡ŽsˆÀ²“ì‹æ","341050014003","‚Žæ–kŽO’š–Ú","34.477221","132.435433","0","3"
"34","L“‡Œ§","34105","L“‡ŽsˆÀ²“ì‹æ","341050014004","‚Žæ–kŽl’š–Ú","34.477772","132.432854","0","3"
"34","L“‡Œ§","34105","L“‡ŽsˆÀ²“ì‹æ","341050015000","‚Žæ–k’¬","34.484774","132.433013","0","1"
"34","L“‡Œ§","34105","L“‡ŽsˆÀ²“ì‹æ","341050016001","‚Žæ“ìˆê’š–Ú","34.467456","132.437523","0","3"
"34","L“‡Œ§","34105","L“‡ŽsˆÀ²“ì‹æ","341050016002","‚Žæ“ì“ñ’š–Ú","34.467038","132.433816","0","3"
"34","L“‡Œ§","34105","L“‡ŽsˆÀ²“ì‹æ","341050016003","‚Žæ“ìŽO’š–Ú","34.466497","132.428716","0","3"
"34","L“‡Œ§","34105","L“‡ŽsˆÀ²“ì‹æ","341050017000","‚Žæ“ì’¬","34.459645","132.435032","0","1"
"34","L“‡Œ§","34105","L“‡ŽsˆÀ²“ì‹æ","341050018001","’·ŠyŽ›ˆê’š–Ú","34.474887","132.430724","0","3"
"34","L“‡Œ§","34105","L“‡ŽsˆÀ²“ì‹æ","341050018002","’·ŠyŽ›“ñ’š–Ú","34.469799","132.429379","0","3"
"34","L“‡Œ§","34105","L“‡ŽsˆÀ²“ì‹æ","341050018003","’·ŠyŽ›ŽO’š–Ú","34.474515","132.425801","0","3"
"34","L“‡Œ§","34105","L“‡ŽsˆÀ²“ì‹æ","341050019000","’·ŠyŽ›’¬","34.482775","132.425236","0","1"
"34","L“‡Œ§","34105","L“‡ŽsˆÀ²“ì‹æ","341050020004","”º–kŽl’š–Ú","34.476809","132.399328","0","3"
"34","L“‡Œ§","34105","L“‡ŽsˆÀ²“ì‹æ","341050020005","”º–kŒÜ’š–Ú","34.474374","132.389704","0","3"
"34","L“‡Œ§","34105","L“‡ŽsˆÀ²“ì‹æ","341050020006","”º–k˜Z’š–Ú","34.482223","132.396193","0","3"
"34","L“‡Œ§","34105","L“‡ŽsˆÀ²“ì‹æ","341050020007","”º–kŽµ’š–Ú","34.483671","132.406333","0","3"
"34","L“‡Œ§","34105","L“‡ŽsˆÀ²“ì‹æ","341050021000","”º–k’¬","34.483482","132.414711","0","1"
"34","L“‡Œ§","34105","L“‡ŽsˆÀ²“ì‹æ","341050022001","”º’†‰›ˆê’š–Ú","34.462710","132.406643","0","3"
"34","L“‡Œ§","34105","L“‡ŽsˆÀ²“ì‹æ","341050022002","”º’†‰›“ñ’š–Ú","34.462086","132.401589","0","3"
"34","L“‡Œ§","34105","L“‡ŽsˆÀ²“ì‹æ","341050022003","”º’†‰›ŽO’š–Ú","34.459116","132.393547","0","3"
"34","L“‡Œ§","34105","L“‡ŽsˆÀ²“ì‹æ","341050022004","”º’†‰›Žl’š–Ú","34.457566","132.403625","0","3"
"34","L“‡Œ§","34105","L“‡ŽsˆÀ²“ì‹æ","341050022005","”º’†‰›ŒÜ’š–Ú","34.456934","132.410166","0","3"
"34","L“‡Œ§","34105","L“‡ŽsˆÀ²“ì‹æ","341050022006","”º’†‰›˜Z’š–Ú","34.453674","132.407032","0","3"
"34","L“‡Œ§","34105","L“‡ŽsˆÀ²“ì‹æ","341050022007","”º’†‰›Žµ’š–Ú","34.453670","132.397487","0","3"
"34","L“‡Œ§","34105","L“‡ŽsˆÀ²“ì‹æ","341050023001","”º¼ˆê’š–Ú","34.467900","132.389140","0","3"
"34","L“‡Œ§","34105","L“‡ŽsˆÀ²“ì‹æ","341050023002","”º¼“ñ’š–Ú","34.471323","132.387081","0","3"
"34","L“‡Œ§","34105","L“‡ŽsˆÀ²“ì‹æ","341050023003","”º¼ŽO’š–Ú","34.466135","132.384482","0","3"
"34","L“‡Œ§","34105","L“‡ŽsˆÀ²“ì‹æ","341050023004","”º¼Žl’š–Ú","34.461273","132.381106","0","3"
"34","L“‡Œ§","34105","L“‡ŽsˆÀ²“ì‹æ","341050023005","”º¼ŒÜ’š–Ú","34.460006","132.374400","0","3"
"34","L“‡Œ§","34105","L“‡ŽsˆÀ²“ì‹æ","341050023006","”º¼˜Z’š–Ú","34.456683","132.360082","0","3"
"34","L“‡Œ§","34105","L“‡ŽsˆÀ²“ì‹æ","341050024000","”º¼’¬","34.461334","132.357343","0","1"
"34","L“‡Œ§","34105","L“‡ŽsˆÀ²“ì‹æ","341050025001","”º“Œˆê’š–Ú","34.472613","132.420879","0","3"
"34","L“‡Œ§","34105","L“‡ŽsˆÀ²“ì‹æ","341050025002","”º“Œ“ñ’š–Ú","34.474853","132.417164","0","3"
"34","L“‡Œ§","34105","L“‡ŽsˆÀ²“ì‹æ","341050025003","”º“ŒŽO’š–Ú","34.472458","132.412936","0","3"
"34","L“‡Œ§","34105","L“‡ŽsˆÀ²“ì‹æ","341050025004","”º“ŒŽl’š–Ú","34.468393","132.410603","0","3"
"34","L“‡Œ§","34105","L“‡ŽsˆÀ²“ì‹æ","341050025005","”º“ŒŒÜ’š–Ú","34.466521","132.421708","0","3"
"34","L“‡Œ§","34105","L“‡ŽsˆÀ²“ì‹æ","341050025006","”º“Œ˜Z’š–Ú","34.460553","132.422694","0","3"
"34","L“‡Œ§","34105","L“‡ŽsˆÀ²“ì‹æ","341050025007","”º“ŒŽµ’š–Ú","34.463354","132.416507","0","3"
"34","L“‡Œ§","34105","L“‡ŽsˆÀ²“ì‹æ","341050025008","”º“Œ”ª’š–Ú","34.458137","132.414696","0","3"
"34","L“‡Œ§","34105","L“‡ŽsˆÀ²“ì‹æ","341050026000","”º“Œ’¬","34.452845","132.422945","0","1"
"34","L“‡Œ§","34105","L“‡ŽsˆÀ²“ì‹æ","341050027001","”º“ìˆê’š–Ú","34.449435","132.384031","0","3"
"34","L“‡Œ§","34105","L“‡ŽsˆÀ²“ì‹æ","341050027002","”º“ì“ñ’š–Ú","34.455802","132.384185","0","3"
"34","L“‡Œ§","34105","L“‡ŽsˆÀ²“ì‹æ","341050027003","”º“ìŽO’š–Ú","34.455452","132.378185","0","3"
"34","L“‡Œ§","34105","L“‡ŽsˆÀ²“ì‹æ","341050027004","”º“ìŽl’š–Ú","34.449480","132.379367","0","3"
"34","L“‡Œ§","34105","L“‡ŽsˆÀ²“ì‹æ","341050027005","”º“ìŒÜ’š–Ú","34.449899","132.375890","0","3"
"34","L“‡Œ§","34105","L“‡ŽsˆÀ²“ì‹æ","341050028001","’†{ˆê’š–Ú","34.459184","132.472367","0","3"
"34","L“‡Œ§","34105","L“‡ŽsˆÀ²“ì‹æ","341050028002","’†{“ñ’š–Ú","34.459935","132.476101","0","3"
"34","L“‡Œ§","34105","L“‡ŽsˆÀ²“ì‹æ","341050029001","’†‹Øˆê’š–Ú","34.451008","132.475070","0","3"
"34","L“‡Œ§","34105","L“‡ŽsˆÀ²“ì‹æ","341050029002","’†‹Ø“ñ’š–Ú","34.449482","132.478404","0","3"
"34","L“‡Œ§","34105","L“‡ŽsˆÀ²“ì‹æ","341050029003","’†‹ØŽO’š–Ú","34.452377","132.479692","0","3"
"34","L“‡Œ§","34105","L“‡ŽsˆÀ²“ì‹æ","341050029004","’†‹ØŽl’š–Ú","34.457398","132.479256","0","3"
"34","L“‡Œ§","34105","L“‡ŽsˆÀ²“ì‹æ","341050030001","’·‘©ˆê’š–Ú","34.428300","132.463553","0","3"
"34","L“‡Œ§","34105","L“‡ŽsˆÀ²“ì‹æ","341050030002","’·‘©“ñ’š–Ú","34.428615","132.459164","0","3"
"34","L“‡Œ§","34105","L“‡ŽsˆÀ²“ì‹æ","341050030003","’·‘©ŽO’š–Ú","34.429404","132.457588","0","3"
"34","L“‡Œ§","34105","L“‡ŽsˆÀ²“ì‹æ","341050030004","’·‘©Žl’š–Ú","34.427647","132.454208","0","3"
"34","L“‡Œ§","34105","L“‡ŽsˆÀ²“ì‹æ","341050030005","’·‘©ŒÜ’š–Ú","34.431766","132.455290","0","3"
"34","L“‡Œ§","34105","L“‡ŽsˆÀ²“ì‹æ","341050030006","’·‘©˜Z’š–Ú","34.434348","132.455844","0","3"
"34","L“‡Œ§","34105","L“‡ŽsˆÀ²“ì‹æ","341050031000","’·‘©’¬","34.428087","132.439989","0","1"
"34","L“‡Œ§","34105","L“‡ŽsˆÀ²“ì‹æ","341050032001","’·‘©¼ˆê’š–Ú","34.427909","132.450158","0","3"
"34","L“‡Œ§","34105","L“‡ŽsˆÀ²“ì‹æ","341050032002","’·‘©¼“ñ’š–Ú","34.432937","132.449743","0","3"
"34","L“‡Œ§","34105","L“‡ŽsˆÀ²“ì‹æ","341050032003","’·‘©¼ŽO’š–Ú","34.430583","132.448787","0","3"
"34","L“‡Œ§","34105","L“‡ŽsˆÀ²“ì‹æ","341050032004","’·‘©¼Žl’š–Ú","34.428024","132.443286","0","3"
"34","L“‡Œ§","34105","L“‡ŽsˆÀ²“ì‹æ","341050032005","’·‘©¼ŒÜ’š–Ú","34.433140","132.445417","0","3"
"34","L“‡Œ§","34105","L“‡ŽsˆÀ²“ì‹æ","341050033001","¼Œ´ˆê’š–Ú","34.434738","132.463460","0","3"
"34","L“‡Œ§","34105","L“‡ŽsˆÀ²“ì‹æ","341050033002","¼Œ´“ñ’š–Ú","34.431370","132.466095","0","3"
"34","L“‡Œ§","34105","L“‡ŽsˆÀ²“ì‹æ","341050033003","¼Œ´ŽO’š–Ú","34.434306","132.471860","0","3"
"34","L“‡Œ§","34105","L“‡ŽsˆÀ²“ì‹æ","341050033004","¼Œ´Žl’š–Ú","34.436699","132.469198","0","3"
"34","L“‡Œ§","34105","L“‡ŽsˆÀ²“ì‹æ","341050033005","¼Œ´ŒÜ’š–Ú","34.443614","132.468313","0","3"
"34","L“‡Œ§","34105","L“‡ŽsˆÀ²“ì‹æ","341050033006","¼Œ´˜Z’š–Ú","34.440560","132.471291","0","3"
"34","L“‡Œ§","34105","L“‡ŽsˆÀ²“ì‹æ","341050033007","¼Œ´Žµ’š–Ú","34.441245","132.475690","0","3"
"34","L“‡Œ§","34105","L“‡ŽsˆÀ²“ì‹æ","341050033008","¼Œ´”ª’š–Ú","34.443838","132.472011","0","3"
"34","L“‡Œ§","34105","L“‡ŽsˆÀ²“ì‹æ","341050033009","¼Œ´‹ã’š–Ú","34.447566","132.471633","0","3"
"34","L“‡Œ§","34105","L“‡ŽsˆÀ²“ì‹æ","341050034000","À“c’¬‘åŽšˆ¢ŒË","34.495542","132.363522","0","1"
"34","L“‡Œ§","34105","L“‡ŽsˆÀ²“ì‹æ","341050035000","À“c’¬‘åŽš”º","34.468866","132.400587","0","1"
"34","L“‡Œ§","34105","L“‡ŽsˆÀ²“ì‹æ","341050036000","À“c’¬‘åŽš‹gŽR","34.462080","132.334396","0","1"
"34","L“‡Œ§","34105","L“‡ŽsˆÀ²“ì‹æ","341050037001","“Œ–ìˆê’š–Ú","34.446170","132.485327","0","3"
"34","L“‡Œ§","34105","L“‡ŽsˆÀ²“ì‹æ","341050037002","“Œ–ì“ñ’š–Ú","34.449435","132.484491","0","3"
"34","L“‡Œ§","34105","L“‡ŽsˆÀ²“ì‹æ","341050037003","“Œ–ìŽO’š–Ú","34.453395","132.484891","0","3"
"34","L“‡Œ§","34105","L“‡ŽsˆÀ²“ì‹æ","341050038001","“ŒŒ´ˆê’š–Ú","34.441787","132.478381","0","3"
"34","L“‡Œ§","34105","L“‡ŽsˆÀ²“ì‹æ","341050038002","“ŒŒ´“ñ’š–Ú","34.442665","132.483647","0","3"
"34","L“‡Œ§","34105","L“‡ŽsˆÀ²“ì‹æ","341050038003","“ŒŒ´ŽO’š–Ú","34.445959","132.479080","0","3"
"34","L“‡Œ§","34105","L“‡ŽsˆÀ²“ì‹æ","341050039001","”ù¹–å‘äˆê’š–Ú","34.471181","132.465606","0","3"
"34","L“‡Œ§","34105","L“‡ŽsˆÀ²“ì‹æ","341050039002","”ù¹–å‘ä“ñ’š–Ú","34.475184","132.462146","0","3"
"34","L“‡Œ§","34105","L“‡ŽsˆÀ²“ì‹æ","341050039003","”ù¹–å‘äŽO’š–Ú","34.481020","132.463030","0","3"
"34","L“‡Œ§","34105","L“‡ŽsˆÀ²“ì‹æ","341050039004","”ù¹–å‘äŽl’š–Ú","34.484282","132.461592","0","3"
"34","L“‡Œ§","34105","L“‡ŽsˆÀ²“ì‹æ","341050040001","”ù¹–å‘ä“Œˆê’š–Ú","34.479590","132.467804","0","3"
"34","L“‡Œ§","34105","L“‡ŽsˆÀ²“ì‹æ","341050040002","”ù¹–å‘ä“Œ“ñ’š–Ú","34.478343","132.469644","0","3"
"34","L“‡Œ§","34105","L“‡ŽsˆÀ²“ì‹æ","341050041001","ŒÃŽsˆê’š–Ú","34.453217","132.473255","0","3"
"34","L“‡Œ§","34105","L“‡ŽsˆÀ²“ì‹æ","341050041002","ŒÃŽs“ñ’š–Ú","34.454799","132.472804","0","3"
"34","L“‡Œ§","34105","L“‡ŽsˆÀ²“ì‹æ","341050041003","ŒÃŽsŽO’š–Ú","34.453168","132.469479","0","3"
"34","L“‡Œ§","34105","L“‡ŽsˆÀ²“ì‹æ","341050041004","ŒÃŽsŽl’š–Ú","34.451538","132.467529","0","3"
"34","L“‡Œ§","34105","L“‡ŽsˆÀ²“ì‹æ","341050042001","—Îˆäˆê’š–Ú","34.464152","132.475875","0","3"
"34","L“‡Œ§","34105","L“‡ŽsˆÀ²“ì‹æ","341050042002","—Îˆä“ñ’š–Ú","34.465797","132.471802","0","3"
"34","L“‡Œ§","34105","L“‡ŽsˆÀ²“ì‹æ","341050042003","—ÎˆäŽO’š–Ú","34.471763","132.467785","0","3"
"34","L“‡Œ§","34105","L“‡ŽsˆÀ²“ì‹æ","341050042004","—ÎˆäŽl’š–Ú","34.469777","132.474818","0","3"
"34","L“‡Œ§","34105","L“‡ŽsˆÀ²“ì‹æ","341050042005","—ÎˆäŒÜ’š–Ú","34.468560","132.479763","0","3"
"34","L“‡Œ§","34105","L“‡ŽsˆÀ²“ì‹æ","341050042006","—Îˆä˜Z’š–Ú","34.473782","132.485605","0","3"
"34","L“‡Œ§","34105","L“‡ŽsˆÀ²“ì‹æ","341050042007","—ÎˆäŽµ’š–Ú","34.473545","132.479023","0","3"
"34","L“‡Œ§","34105","L“‡ŽsˆÀ²“ì‹æ","341050042008","—Îˆä”ª’š–Ú","34.477560","132.485682","0","3"
"34","L“‡Œ§","34105","L“‡ŽsˆÀ²“ì‹æ","341050043000","—Îˆä’¬","34.479093","132.476864","0","1"
"34","L“‡Œ§","34105","L“‡ŽsˆÀ²“ì‹æ","341050044001","”ª–Øˆê’š–Ú","34.476555","132.494395","0","3"
"34","L“‡Œ§","34105","L“‡ŽsˆÀ²“ì‹æ","341050044002","”ª–Ø“ñ’š–Ú","34.479187","132.495529","0","3"
"34","L“‡Œ§","34105","L“‡ŽsˆÀ²“ì‹æ","341050044003","”ª–ØŽO’š–Ú","34.482093","132.492243","0","3"
"34","L“‡Œ§","34105","L“‡ŽsˆÀ²“ì‹æ","341050044004","”ª–ØŽl’š–Ú","34.485377","132.498896","0","3"
"34","L“‡Œ§","34105","L“‡ŽsˆÀ²“ì‹æ","341050044005","”ª–ØŒÜ’š–Ú","34.481662","132.500747","0","3"
"34","L“‡Œ§","34105","L“‡ŽsˆÀ²“ì‹æ","341050044006","”ª–Ø˜Z’š–Ú","34.488911","132.501418","0","3"
"34","L“‡Œ§","34105","L“‡ŽsˆÀ²“ì‹æ","341050044007","”ª–ØŽµ’š–Ú","34.489344","132.504029","0","3"
"34","L“‡Œ§","34105","L“‡ŽsˆÀ²“ì‹æ","341050044008","”ª–Ø”ª’š–Ú","34.492053","132.506463","0","3"
"34","L“‡Œ§","34105","L“‡ŽsˆÀ²“ì‹æ","341050044009","”ª–Ø‹ã’š–Ú","34.488856","132.508728","0","3"
"34","L“‡Œ§","34105","L“‡ŽsˆÀ²“ì‹æ","341050045000","”ª–Ø’¬","34.498400","132.495105","0","1"
"34","L“‡Œ§","34105","L“‡ŽsˆÀ²“ì‹æ","341050046001","ˆÀ“Œˆê’š–Ú","34.472395","132.459362","0","3"
"34","L“‡Œ§","34105","L“‡ŽsˆÀ²“ì‹æ","341050046002","ˆÀ“Œ“ñ’š–Ú","34.474077","132.454861","0","3"
"34","L“‡Œ§","34105","L“‡ŽsˆÀ²“ì‹æ","341050046003","ˆÀ“ŒŽO’š–Ú","34.479506","132.459653","0","3"
"34","L“‡Œ§","34105","L“‡ŽsˆÀ²“ì‹æ","341050046004","ˆÀ“ŒŽl’š–Ú","34.479341","132.456998","0","3"
"34","L“‡Œ§","34105","L“‡ŽsˆÀ²“ì‹æ","341050046005","ˆÀ“ŒŒÜ’š–Ú","34.485799","132.454428","0","3"
"34","L“‡Œ§","34105","L“‡ŽsˆÀ²“ì‹æ","341050046006","ˆÀ“Œ˜Z’š–Ú","34.481914","132.453406","0","3"
"34","L“‡Œ§","34105","L“‡ŽsˆÀ²“ì‹æ","341050046007","ˆÀ“ŒŽµ’š–Ú","34.488940","132.461079","0","3"
"34","L“‡Œ§","34105","L“‡ŽsˆÀ²“ì‹æ","341050047001","ŽR–{ˆê’š–Ú","34.436412","132.453968","0","3"
"34","L“‡Œ§","34105","L“‡ŽsˆÀ²“ì‹æ","341050047002","ŽR–{“ñ’š–Ú","34.437821","132.456507","0","3"
"34","L“‡Œ§","34105","L“‡ŽsˆÀ²“ì‹æ","341050047003","ŽR–{ŽO’š–Ú","34.438657","132.453282","0","3"
"34","L“‡Œ§","34105","L“‡ŽsˆÀ²“ì‹æ","341050047004","ŽR–{Žl’š–Ú","34.437600","132.448370","0","3"
"34","L“‡Œ§","34105","L“‡ŽsˆÀ²“ì‹æ","341050047005","ŽR–{ŒÜ’š–Ú","34.435934","132.445244","0","3"
"34","L“‡Œ§","34105","L“‡ŽsˆÀ²“ì‹æ","341050047006","ŽR–{˜Z’š–Ú","34.436603","132.438170","0","3"
"34","L“‡Œ§","34105","L“‡ŽsˆÀ²“ì‹æ","341050047007","ŽR–{Žµ’š–Ú","34.440107","132.443735","0","3"
"34","L“‡Œ§","34105","L“‡ŽsˆÀ²“ì‹æ","341050047008","ŽR–{”ª’š–Ú","34.442859","132.446390","0","3"
"34","L“‡Œ§","34105","L“‡ŽsˆÀ²“ì‹æ","341050047009","ŽR–{‹ã’š–Ú","34.443311","132.450588","0","3"
"34","L“‡Œ§","34105","L“‡ŽsˆÀ²“ì‹æ","341050048001","ŽR–{V’¬ˆê’š–Ú","34.440443","132.437748","0","3"
"34","L“‡Œ§","34105","L“‡ŽsˆÀ²“ì‹æ","341050048002","ŽR–{V’¬“ñ’š–Ú","34.443098","132.437041","0","3"
"34","L“‡Œ§","34105","L“‡ŽsˆÀ²“ì‹æ","341050048003","ŽR–{V’¬ŽO’š–Ú","34.445598","132.440568","0","3"
"34","L“‡Œ§","34105","L“‡ŽsˆÀ²“ì‹æ","341050048004","ŽR–{V’¬Žl’š–Ú","34.447184","132.438891","0","3"
"34","L“‡Œ§","34105","L“‡ŽsˆÀ²“ì‹æ","341050048005","ŽR–{V’¬ŒÜ’š–Ú","34.444640","132.434569","0","3"
"34","L“‡Œ§","34105","L“‡ŽsˆÀ²“ì‹æ","341050049000","ŽR–{’¬","34.440734","132.429592","0","1"
"34","L“‡Œ§","34105","L“‡ŽsˆÀ²“ì‹æ","341050050000","‘å’Ë¼’¬","34.438496","132.389009","0","1"
"34","L“‡Œ§","34106","L“‡ŽsˆÀ²–k‹æ","341060001000","ˆÀ²’¬‘åŽš”ÑŽº","34.556528","132.440467","0","1"
"34","L“‡Œ§","34106","L“‡ŽsˆÀ²–k‹æ","341060002000","ˆÀ²’¬‘åŽšŒãŽR","34.509263","132.452704","0","1"
"34","L“‡Œ§","34106","L“‡ŽsˆÀ²–k‹æ","341060003000","ˆÀ²’¬‘åŽš¬‰Í“à","34.574488","132.409331","0","1"
"34","L“‡Œ§","34106","L“‡ŽsˆÀ²–k‹æ","341060004000","ˆÀ²’¬‘åŽš‚­‚·‚Ì–Ø‘ä","34.501493","132.393029","0","1"
"34","L“‡Œ§","34106","L“‡ŽsˆÀ²–k‹æ","341060005000","ˆÀ²’¬‘åŽš‹v’n","34.522073","132.384073","0","1"
"34","L“‡Œ§","34106","L“‡ŽsˆÀ²–k‹æ","341060006000","ˆÀ²’¬‘åŽš–Ñ–Ø","34.516806","132.432823","0","1"
"34","L“‡Œ§","34106","L“‡ŽsˆÀ²–k‹æ","341060007000","ˆÀ²’¬‘åŽš—é’£","34.592161","132.468572","0","1"
"34","L“‡Œ§","34106","L“‡ŽsˆÀ²–k‹æ","341060008000","ˆÀ²’¬‘åŽš“›£","34.499536","132.468849","0","1"
"34","L“‡Œ§","34106","L“‡ŽsˆÀ²–k‹æ","341060009000","ˆÀ²’¬‘åŽš“®•¨‰€","34.497343","132.442442","0","1"
"34","L“‡Œ§","34106","L“‡ŽsˆÀ²–k‹æ","341060010000","ˆÀ²’¬‘åŽš‹{–ì","34.515582","132.459969","0","1"
"34","L“‡Œ§","34106","L“‡ŽsˆÀ²–k‹æ","341060011001","‚ ‚³‚Ð‚ª‹uˆê’š–Ú","34.504936","132.440415","0","3"
"34","L“‡Œ§","34106","L“‡ŽsˆÀ²–k‹æ","341060011002","‚ ‚³‚Ð‚ª‹u“ñ’š–Ú","34.502002","132.440324","0","3"
"34","L“‡Œ§","34106","L“‡ŽsˆÀ²–k‹æ","341060011003","‚ ‚³‚Ð‚ª‹uŽO’š–Ú","34.505745","132.435826","0","3"
"34","L“‡Œ§","34106","L“‡ŽsˆÀ²–k‹æ","341060011004","‚ ‚³‚Ð‚ª‹uŽl’š–Ú","34.503088","132.436591","0","3"
"34","L“‡Œ§","34106","L“‡ŽsˆÀ²–k‹æ","341060011005","‚ ‚³‚Ð‚ª‹uŒÜ’š–Ú","34.502602","132.433922","0","3"
"34","L“‡Œ§","34106","L“‡ŽsˆÀ²–k‹æ","341060011006","‚ ‚³‚Ð‚ª‹u˜Z’š–Ú","34.506512","132.431920","0","3"
"34","L“‡Œ§","34106","L“‡ŽsˆÀ²–k‹æ","341060011007","‚ ‚³‚Ð‚ª‹uŽµ’š–Ú","34.507478","132.438772","0","3"
"34","L“‡Œ§","34106","L“‡ŽsˆÀ²–k‹æ","341060011008","‚ ‚³‚Ð‚ª‹u”ª’š–Ú","34.511750","132.437983","0","3"
"34","L“‡Œ§","34106","L“‡ŽsˆÀ²–k‹æ","341060011009","‚ ‚³‚Ð‚ª‹u‹ã’š–Ú","34.510670","132.433596","0","3"
"34","L“‡Œ§","34106","L“‡ŽsˆÀ²–k‹æ","341060012001","‘å—Ñˆê’š–Ú","34.551102","132.538501","0","3"
"34","L“‡Œ§","34106","L“‡ŽsˆÀ²–k‹æ","341060012002","‘å—Ñ“ñ’š–Ú","34.549481","132.540896","0","3"
"34","L“‡Œ§","34106","L“‡ŽsˆÀ²–k‹æ","341060012003","‘å—ÑŽO’š–Ú","34.555763","132.545114","0","3"
"34","L“‡Œ§","34106","L“‡ŽsˆÀ²–k‹æ","341060012004","‘å—ÑŽl’š–Ú","34.556138","132.548134","0","3"
"34","L“‡Œ§","34106","L“‡ŽsˆÀ²–k‹æ","341060013000","‘å—Ñ’¬","34.553306","132.562625","0","1"
"34","L“‡Œ§","34106","L“‡ŽsˆÀ²–k‹æ","341060014000","¬‰ÍŒ´’¬","34.456030","132.568804","0","1"
"34","L“‡Œ§","34106","L“‡ŽsˆÀ²–k‹æ","341060015001","—Ž‡ˆê’š–Ú","34.473672","132.511902","0","3"
"34","L“‡Œ§","34106","L“‡ŽsˆÀ²–k‹æ","341060015002","—Ž‡“ñ’š–Ú","34.480953","132.507288","0","3"
"34","L“‡Œ§","34106","L“‡ŽsˆÀ²–k‹æ","341060015003","—Ž‡ŽO’š–Ú","34.477352","132.512031","0","3"
"34","L“‡Œ§","34106","L“‡ŽsˆÀ²–k‹æ","341060015004","—Ž‡Žl’š–Ú","34.475972","132.515621","0","3"
"34","L“‡Œ§","34106","L“‡ŽsˆÀ²–k‹æ","341060015005","—Ž‡ŒÜ’š–Ú","34.478810","132.518237","0","3"
"34","L“‡Œ§","34106","L“‡ŽsˆÀ²–k‹æ","341060016000","—Ž‡’¬","34.474048","132.507580","0","1"
"34","L“‡Œ§","34106","L“‡ŽsˆÀ²–k‹æ","341060017001","—Ž‡“ìˆê’š–Ú","34.464363","132.509723","0","3"
"34","L“‡Œ§","34106","L“‡ŽsˆÀ²–k‹æ","341060017002","—Ž‡“ì“ñ’š–Ú","34.466747","132.513311","0","3"
"34","L“‡Œ§","34106","L“‡ŽsˆÀ²–k‹æ","341060017003","—Ž‡“ìŽO’š–Ú","34.470671","132.514267","0","3"
"34","L“‡Œ§","34106","L“‡ŽsˆÀ²–k‹æ","341060017004","—Ž‡“ìŽl’š–Ú","34.470331","132.518146","0","3"
"34","L“‡Œ§","34106","L“‡ŽsˆÀ²–k‹æ","341060017005","—Ž‡“ìŒÜ’š–Ú","34.465353","132.516760","0","3"
"34","L“‡Œ§","34106","L“‡ŽsˆÀ²–k‹æ","341060017006","—Ž‡“ì˜Z’š–Ú","34.465892","132.524975","0","3"
"34","L“‡Œ§","34106","L“‡ŽsˆÀ²–k‹æ","341060017007","—Ž‡“ìŽµ’š–Ú","34.471551","132.521362","0","3"
"34","L“‡Œ§","34106","L“‡ŽsˆÀ²–k‹æ","341060017008","—Ž‡“ì”ª’š–Ú","34.472572","132.523902","0","3"
"34","L“‡Œ§","34106","L“‡ŽsˆÀ²–k‹æ","341060017009","—Ž‡“ì‹ã’š–Ú","34.474122","132.526156","0","3"
"34","L“‡Œ§","34106","L“‡ŽsˆÀ²–k‹æ","341060018000","—Ž‡“ì’¬","34.460123","132.524313","0","1"
"34","L“‡Œ§","34106","L“‡ŽsˆÀ²–k‹æ","341060019001","‰Â•”ˆê’š–Ú","34.513457","132.506099","0","3"
"34","L“‡Œ§","34106","L“‡ŽsˆÀ²–k‹æ","341060019002","‰Â•”“ñ’š–Ú","34.513370","132.511350","0","3"
"34","L“‡Œ§","34106","L“‡ŽsˆÀ²–k‹æ","341060019003","‰Â•”ŽO’š–Ú","34.520777","132.513591","0","3"
"34","L“‡Œ§","34106","L“‡ŽsˆÀ²–k‹æ","341060019004","‰Â•”Žl’š–Ú","34.517352","132.508110","0","3"
"34","L“‡Œ§","34106","L“‡ŽsˆÀ²–k‹æ","341060019005","‰Â•”ŒÜ’š–Ú","34.521393","132.508909","0","3"
"34","L“‡Œ§","34106","L“‡ŽsˆÀ²–k‹æ","341060019006","‰Â•”˜Z’š–Ú","34.526930","132.504278","0","3"
"34","L“‡Œ§","34106","L“‡ŽsˆÀ²–k‹æ","341060019007","‰Â•”Žµ’š–Ú","34.524678","132.510647","0","3"
"34","L“‡Œ§","34106","L“‡ŽsˆÀ²–k‹æ","341060019008","‰Â•””ª’š–Ú","34.528395","132.515464","0","3"
"34","L“‡Œ§","34106","L“‡ŽsˆÀ²–k‹æ","341060019009","‰Â•”‹ã’š–Ú","34.535558","132.512083","0","3"
"34","L“‡Œ§","34106","L“‡ŽsˆÀ²–k‹æ","341060020000","‰Â•”’¬‘åŽšˆ»ƒP’J","34.556730","132.486666","0","1"
"34","L“‡Œ§","34106","L“‡ŽsˆÀ²–k‹æ","341060021000","‰Â•”’¬‘åŽš¡ˆä“c","34.513742","132.478072","0","1"
"34","L“‡Œ§","34106","L“‡ŽsˆÀ²–k‹æ","341060022000","‰Â•”’¬‘åŽšãŒ´","34.513836","132.530891","0","1"
"34","L“‡Œ§","34106","L“‡ŽsˆÀ²–k‹æ","341060023000","‰Â•”’¬‘åŽš‘å–ÑŽ›","34.535242","132.496373","0","1"
"34","L“‡Œ§","34106","L“‡ŽsˆÀ²–k‹æ","341060024000","‰Â•”’¬‘åŽšŸ–Ø","34.538288","132.462028","0","1"
"34","L“‡Œ§","34106","L“‡ŽsˆÀ²–k‹æ","341060025000","‰Â•”’¬‘åŽšã’¬‰®","34.557739","132.524642","0","1"
"34","L“‡Œ§","34106","L“‡ŽsˆÀ²–k‹æ","341060026000","‰Â•”’¬‘åŽš‰º’¬‰®","34.526148","132.519512","0","1"
"34","L“‡Œ§","34106","L“‡ŽsˆÀ²–k‹æ","341060027000","‰Â•”’¬‘åŽšé","34.532949","132.508231","0","1"
"34","L“‡Œ§","34106","L“‡ŽsˆÀ²–k‹æ","341060028000","‰Â•”’¬‘åŽš‹ËŒ´","34.525866","132.548457","0","1"
"34","L“‡Œ§","34106","L“‡ŽsˆÀ²–k‹æ","341060029000","‰Â•”’¬‘åŽš’†“‡","34.499196","132.520962","0","1"
"34","L“‡Œ§","34106","L“‡ŽsˆÀ²–k‹æ","341060030000","‰Â•”’¬‘åŽš’†–ì","34.532877","132.504897","0","1"
"34","L“‡Œ§","34106","L“‡ŽsˆÀ²–k‹æ","341060031000","‰Â•”’¬‘åŽš“ìŒ´","34.574055","132.515260","0","1"
"34","L“‡Œ§","34106","L“‡ŽsˆÀ²–k‹æ","341060032001","‰Â•”“Œˆê’š–Ú","34.506537","132.519503","0","3"
"34","L“‡Œ§","34106","L“‡ŽsˆÀ²–k‹æ","341060032002","‰Â•”“Œ“ñ’š–Ú","34.510021","132.516512","0","3"
"34","L“‡Œ§","34106","L“‡ŽsˆÀ²–k‹æ","341060032003","‰Â•”“ŒŽO’š–Ú","34.510059","132.522232","0","3"
"34","L“‡Œ§","34106","L“‡ŽsˆÀ²–k‹æ","341060032004","‰Â•”“ŒŽl’š–Ú","34.514384","132.519700","0","3"
"34","L“‡Œ§","34106","L“‡ŽsˆÀ²–k‹æ","341060032005","‰Â•”“ŒŒÜ’š–Ú","34.522465","132.515314","0","3"
"34","L“‡Œ§","34106","L“‡ŽsˆÀ²–k‹æ","341060032006","‰Â•”“Œ˜Z’š–Ú","34.519075","132.523681","0","3"
"34","L“‡Œ§","34106","L“‡ŽsˆÀ²–k‹æ","341060033001","‰Â•”“ìˆê’š–Ú","34.494385","132.512914","0","3"
"34","L“‡Œ§","34106","L“‡ŽsˆÀ²–k‹æ","341060033002","‰Â•”“ì“ñ’š–Ú","34.501878","132.518519","0","3"
"34","L“‡Œ§","34106","L“‡ŽsˆÀ²–k‹æ","341060033003","‰Â•”“ìŽO’š–Ú","34.501387","132.514876","0","3"
"34","L“‡Œ§","34106","L“‡ŽsˆÀ²–k‹æ","341060033004","‰Â•”“ìŽl’š–Ú","34.505721","132.511221","0","3"
"34","L“‡Œ§","34106","L“‡ŽsˆÀ²–k‹æ","341060033005","‰Â•”“ìŒÜ’š–Ú","34.507934","132.514094","0","3"
"34","L“‡Œ§","34106","L“‡ŽsˆÀ²–k‹æ","341060034000","ã[ì’¬","34.486946","132.559785","0","1"
"34","L“‡Œ§","34106","L“‡ŽsˆÀ²–k‹æ","341060035001","‹Tèˆê’š–Ú","34.479954","132.523879","0","3"
"34","L“‡Œ§","34106","L“‡ŽsˆÀ²–k‹æ","341060035002","‹Tè“ñ’š–Ú","34.485072","132.521691","0","3"
"34","L“‡Œ§","34106","L“‡ŽsˆÀ²–k‹æ","341060035003","‹TèŽO’š–Ú","34.486159","132.524731","0","3"
"34","L“‡Œ§","34106","L“‡ŽsˆÀ²–k‹æ","341060035004","‹TèŽl’š–Ú","34.482141","132.525523","0","3"
"34","L“‡Œ§","34106","L“‡ŽsˆÀ²–k‹æ","341060036001","‹TŽRˆê’š–Ú","34.515330","132.501749","0","3"
"34","L“‡Œ§","34106","L“‡ŽsˆÀ²–k‹æ","341060036002","‹TŽR“ñ’š–Ú","34.519099","132.502160","0","3"
"34","L“‡Œ§","34106","L“‡ŽsˆÀ²–k‹æ","341060036003","‹TŽRŽO’š–Ú","34.522366","132.501716","0","3"
"34","L“‡Œ§","34106","L“‡ŽsˆÀ²–k‹æ","341060036004","‹TŽRŽl’š–Ú","34.524031","132.496177","0","3"
"34","L“‡Œ§","34106","L“‡ŽsˆÀ²–k‹æ","341060036005","‹TŽRŒÜ’š–Ú","34.527063","132.498439","0","3"
"34","L“‡Œ§","34106","L“‡ŽsˆÀ²–k‹æ","341060036006","‹TŽR˜Z’š–Ú","34.530386","132.492412","0","3"
"34","L“‡Œ§","34106","L“‡ŽsˆÀ²–k‹æ","341060036007","‹TŽRŽµ’š–Ú","34.528798","132.488905","0","3"
"34","L“‡Œ§","34106","L“‡ŽsˆÀ²–k‹æ","341060036008","‹TŽR”ª’š–Ú","34.532730","132.485295","0","3"
"34","L“‡Œ§","34106","L“‡ŽsˆÀ²–k‹æ","341060036009","‹TŽR‹ã’š–Ú","34.537359","132.479402","0","3"
"34","L“‡Œ§","34106","L“‡ŽsˆÀ²–k‹æ","341060037001","‹TŽR¼ˆê’š–Ú","34.531975","132.476896","0","3"
"34","L“‡Œ§","34106","L“‡ŽsˆÀ²–k‹æ","341060037002","‹TŽR¼“ñ’š–Ú","34.532544","132.472946","0","3"
"34","L“‡Œ§","34106","L“‡ŽsˆÀ²–k‹æ","341060038001","‹TŽR“ìˆê’š–Ú","34.515747","132.494891","0","3"
"34","L“‡Œ§","34106","L“‡ŽsˆÀ²–k‹æ","341060038002","‹TŽR“ì“ñ’š–Ú","34.517615","132.491164","0","3"
"34","L“‡Œ§","34106","L“‡ŽsˆÀ²–k‹æ","341060038003","‹TŽR“ìŽO’š–Ú","34.521186","132.494385","0","3"
"34","L“‡Œ§","34106","L“‡ŽsˆÀ²–k‹æ","341060038004","‹TŽR“ìŽl’š–Ú","34.521512","132.489095","0","3"
"34","L“‡Œ§","34106","L“‡ŽsˆÀ²–k‹æ","341060038005","‹TŽR“ìŒÜ’š–Ú","34.527217","132.486963","0","3"
"34","L“‡Œ§","34106","L“‡ŽsˆÀ²–k‹æ","341060039000","Žë—¯‰Æ’¬","34.474992","132.584573","0","1"
"34","L“‡Œ§","34106","L“‡ŽsˆÀ²–k‹æ","341060040001","Œû“cˆê’š–Ú","34.463059","132.496464","0","3"
"34","L“‡Œ§","34106","L“‡ŽsˆÀ²–k‹æ","341060040002","Œû“c“ñ’š–Ú","34.468408","132.497504","0","3"
"34","L“‡Œ§","34106","L“‡ŽsˆÀ²–k‹æ","341060040003","Œû“cŽO’š–Ú","34.466879","132.502377","0","3"
"34","L“‡Œ§","34106","L“‡ŽsˆÀ²–k‹æ","341060040004","Œû“cŽl’š–Ú","34.469101","132.505736","0","3"
"34","L“‡Œ§","34106","L“‡ŽsˆÀ²–k‹æ","341060040005","Œû“cŒÜ’š–Ú","34.471668","132.502062","0","3"
"34","L“‡Œ§","34106","L“‡ŽsˆÀ²–k‹æ","341060041000","Œû“c’¬","34.472691","132.498662","0","1"
"34","L“‡Œ§","34106","L“‡ŽsˆÀ²–k‹æ","341060042001","Œû“c“ìˆê’š–Ú","34.453462","132.491206","0","3"
"34","L“‡Œ§","34106","L“‡ŽsˆÀ²–k‹æ","341060042002","Œû“c“ì“ñ’š–Ú","34.453593","132.493748","0","3"
"34","L“‡Œ§","34106","L“‡ŽsˆÀ²–k‹æ","341060042003","Œû“c“ìŽO’š–Ú","34.451979","132.496384","0","3"
"34","L“‡Œ§","34106","L“‡ŽsˆÀ²–k‹æ","341060042004","Œû“c“ìŽl’š–Ú","34.456463","132.499092","0","3"
"34","L“‡Œ§","34106","L“‡ŽsˆÀ²–k‹æ","341060042005","Œû“c“ìŒÜ’š–Ú","34.450987","132.503735","0","3"
"34","L“‡Œ§","34106","L“‡ŽsˆÀ²–k‹æ","341060042006","Œû“c“ì˜Z’š–Ú","34.456969","132.503469","0","3"
"34","L“‡Œ§","34106","L“‡ŽsˆÀ²–k‹æ","341060042007","Œû“c“ìŽµ’š–Ú","34.462232","132.501452","0","3"
"34","L“‡Œ§","34106","L“‡ŽsˆÀ²–k‹æ","341060042008","Œû“c“ì”ª’š–Ú","34.462530","132.506219","0","3"
"34","L“‡Œ§","34106","L“‡ŽsˆÀ²–k‹æ","341060042009","Œû“c“ì‹ã’š–Ú","34.458541","132.508072","0","3"
"34","L“‡Œ§","34106","L“‡ŽsˆÀ²–k‹æ","341060043000","Œû“c“ì’¬","34.450061","132.511107","0","1"
"34","L“‡Œ§","34106","L“‡ŽsˆÀ²–k‹æ","341060044001","‘qŠ|ˆê’š–Ú","34.474205","132.528187","0","3"
"34","L“‡Œ§","34106","L“‡ŽsˆÀ²–k‹æ","341060044002","‘qŠ|“ñ’š–Ú","34.471296","132.531079","0","3"
"34","L“‡Œ§","34106","L“‡ŽsˆÀ²–k‹æ","341060044003","‘qŠ|ŽO’š–Ú","34.475779","132.530834","0","3"
"34","L“‡Œ§","34106","L“‡ŽsˆÀ²–k‹æ","341060045000","”’–Ø’¬‘åŽšHŽR","34.537109","132.658960","0","1"
"34","L“‡Œ§","34106","L“‡ŽsˆÀ²–k‹æ","341060046000","”’–Ø’¬‘åŽšŽsì","34.547765","132.603920","0","1"
"34","L“‡Œ§","34106","L“‡ŽsˆÀ²–k‹æ","341060047000","”’–Ø’¬‘åŽšˆäŒ´","34.587144","132.675490","0","1"
"34","L“‡Œ§","34106","L“‡ŽsˆÀ²–k‹æ","341060048000","”’–Ø’¬‘åŽšŒÃ‰®","34.586113","132.651004","0","1"
"34","L“‡Œ§","34106","L“‡ŽsˆÀ²–k‹æ","341060049000","”’–Ø’¬‘åŽšŽu˜H","34.576841","132.617953","0","1"
"34","L“‡Œ§","34106","L“‡ŽsˆÀ²–k‹æ","341060050000","”’–Ø’¬‘åŽšŽO“c","34.514844","132.608959","0","1"
"34","L“‡Œ§","34106","L“‡ŽsˆÀ²–k‹æ","341060051001","[ìˆê’š–Ú","34.489566","132.520140","0","3"
"34","L“‡Œ§","34106","L“‡ŽsˆÀ²–k‹æ","341060051002","[ì“ñ’š–Ú","34.493239","132.519929","0","3"
"34","L“‡Œ§","34106","L“‡ŽsˆÀ²–k‹æ","341060051003","[ìŽO’š–Ú","34.487901","132.527938","0","3"
"34","L“‡Œ§","34106","L“‡ŽsˆÀ²–k‹æ","341060051004","[ìŽl’š–Ú","34.485045","132.533037","0","3"
"34","L“‡Œ§","34106","L“‡ŽsˆÀ²–k‹æ","341060051005","[ìŒÜ’š–Ú","34.482389","132.530757","0","3"
"34","L“‡Œ§","34106","L“‡ŽsˆÀ²–k‹æ","341060051006","[ì˜Z’š–Ú","34.477459","132.536895","0","3"
"34","L“‡Œ§","34106","L“‡ŽsˆÀ²–k‹æ","341060051007","[ìŽµ’š–Ú","34.479475","132.544000","0","3"
"34","L“‡Œ§","34106","L“‡ŽsˆÀ²–k‹æ","341060051008","[ì”ª’š–Ú","34.473366","132.540985","0","3"
"34","L“‡Œ§","34106","L“‡ŽsˆÀ²–k‹æ","341060052000","[ì’¬","34.493901","132.538995","0","1"
"34","L“‡Œ§","34106","L“‡ŽsˆÀ²–k‹æ","341060053001","^‹Tˆê’š–Ú","34.479606","132.519757","0","3"
"34","L“‡Œ§","34106","L“‡ŽsˆÀ²–k‹æ","341060053002","^‹T“ñ’š–Ú","34.480665","132.516447","0","3"
"34","L“‡Œ§","34106","L“‡ŽsˆÀ²–k‹æ","341060053003","^‹TŽO’š–Ú","34.482857","132.513421","0","3"
"34","L“‡Œ§","34106","L“‡ŽsˆÀ²–k‹æ","341060053004","^‹TŽl’š–Ú","34.487057","132.514600","0","3"
"34","L“‡Œ§","34106","L“‡ŽsˆÀ²–k‹æ","341060053005","^‹TŒÜ’š–Ú","34.484417","132.518251","0","3"
"34","L“‡Œ§","34106","L“‡ŽsˆÀ²–k‹æ","341060054001","ŽO“üˆê’š–Ú","34.533821","132.518594","0","3"
"34","L“‡Œ§","34106","L“‡ŽsˆÀ²–k‹æ","341060054002","ŽO“ü“ñ’š–Ú","34.542362","132.526807","0","3"
"34","L“‡Œ§","34106","L“‡ŽsˆÀ²–k‹æ","341060054003","ŽO“üŽO’š–Ú","34.539569","132.528320","0","3"
"34","L“‡Œ§","34106","L“‡ŽsˆÀ²–k‹æ","341060054004","ŽO“üŽl’š–Ú","34.542735","132.534497","0","3"
"34","L“‡Œ§","34106","L“‡ŽsˆÀ²–k‹æ","341060054005","ŽO“üŒÜ’š–Ú","34.543714","132.532934","0","3"
"34","L“‡Œ§","34106","L“‡ŽsˆÀ²–k‹æ","341060054006","ŽO“ü˜Z’š–Ú","34.547141","132.532803","0","3"
"34","L“‡Œ§","34106","L“‡ŽsˆÀ²–k‹æ","341060054007","ŽO“üŽµ’š–Ú","34.549681","132.524715","0","3"
"34","L“‡Œ§","34106","L“‡ŽsˆÀ²–k‹æ","341060055001","ŽO“ü“Œˆê’š–Ú","34.534533","132.541162","0","3"
"34","L“‡Œ§","34106","L“‡ŽsˆÀ²–k‹æ","341060055002","ŽO“ü“Œ“ñ’š–Ú","34.537243","132.549236","0","3"
"34","L“‡Œ§","34106","L“‡ŽsˆÀ²–k‹æ","341060056001","ŽO“ü“ìˆê’š–Ú","34.532639","132.520747","0","3"
"34","L“‡Œ§","34106","L“‡ŽsˆÀ²–k‹æ","341060056002","ŽO“ü“ì“ñ’š–Ú","34.535196","132.527970","0","3"
"34","L“‡Œ§","34106","L“‡ŽsˆÀ²–k‹æ","341060057000","”’–Ø’¬‘åŽš—L—¯","34.558173","132.676116","0","1"
"34","L“‡Œ§","34106","L“‡ŽsˆÀ²–k‹æ","341060058000","”’–Ø’¬‘åŽš¬‰z","34.553260","132.670552","0","1"
"34","L“‡Œ§","34107","L“‡ŽsˆÀŒ|‹æ","341070001000","ˆ¢ŒË’¬","34.383420","132.621187","0","1"
"34","L“‡Œ§","34107","L“‡ŽsˆÀŒ|‹æ","341070002001","ã£–ìˆê’š–Ú","34.422343","132.612958","0","3"
"34","L“‡Œ§","34107","L“‡ŽsˆÀŒ|‹æ","341070002002","ã£–ì“ñ’š–Ú","34.425941","132.620422","0","3"
"34","L“‡Œ§","34107","L“‡ŽsˆÀŒ|‹æ","341070003000","ã£–ì’¬","34.426612","132.643657","0","1"
"34","L“‡Œ§","34107","L“‡ŽsˆÀŒ|‹æ","341070004001","ã£–ì“ìˆê’š–Ú","34.420741","132.620298","0","3"
"34","L“‡Œ§","34107","L“‡ŽsˆÀŒ|‹æ","341070004002","ã£–ì“ì“ñ’š–Ú","34.423068","132.621514","0","3"
"34","L“‡Œ§","34107","L“‡ŽsˆÀŒ|‹æ","341070005001","£–ìˆê’š–Ú","34.421700","132.598821","0","3"
"34","L“‡Œ§","34107","L“‡ŽsˆÀŒ|‹æ","341070005002","£–ì“ñ’š–Ú","34.422875","132.594198","0","3"
"34","L“‡Œ§","34107","L“‡ŽsˆÀŒ|‹æ","341070005003","£–ìŽO’š–Ú","34.424492","132.604863","0","3"
"34","L“‡Œ§","34107","L“‡ŽsˆÀŒ|‹æ","341070005004","£–ìŽl’š–Ú","34.428896","132.606900","0","3"
"34","L“‡Œ§","34107","L“‡ŽsˆÀŒ|‹æ","341070005005","£–ìŒÜ’š–Ú","34.425231","132.601476","0","3"
"34","L“‡Œ§","34107","L“‡ŽsˆÀŒ|‹æ","341070006000","£–ì’¬","34.438913","132.592922","0","1"
"34","L“‡Œ§","34107","L“‡ŽsˆÀŒ|‹æ","341070007001","£–ì¼ˆê’š–Ú","34.425780","132.593929","0","3"
"34","L“‡Œ§","34107","L“‡ŽsˆÀŒ|‹æ","341070007002","£–ì¼“ñ’š–Ú","34.427057","132.598100","0","3"
"34","L“‡Œ§","34107","L“‡ŽsˆÀŒ|‹æ","341070007003","£–ì¼ŽO’š–Ú","34.430263","132.585770","0","3"
"34","L“‡Œ§","34107","L“‡ŽsˆÀŒ|‹æ","341070007004","£–ì¼Žl’š–Ú","34.430078","132.590770","0","3"
"34","L“‡Œ§","34107","L“‡ŽsˆÀŒ|‹æ","341070007005","£–ì¼ŒÜ’š–Ú","34.432015","132.589549","0","3"
"34","L“‡Œ§","34107","L“‡ŽsˆÀŒ|‹æ","341070007006","£–ì¼˜Z’š–Ú","34.434060","132.587624","0","3"
"34","L“‡Œ§","34107","L“‡ŽsˆÀŒ|‹æ","341070008001","£–ì“ìˆê’š–Ú","34.419337","132.598718","0","3"
"34","L“‡Œ§","34107","L“‡ŽsˆÀŒ|‹æ","341070009000","£–ì“ì’¬","34.411478","132.600917","0","1"
"34","L“‡Œ§","34107","L“‡ŽsˆÀŒ|‹æ","341070010001","’†–ìˆê’š–Ú","34.388254","132.561141","0","3"
"34","L“‡Œ§","34107","L“‡ŽsˆÀŒ|‹æ","341070010002","’†–ì“ñ’š–Ú","34.390225","132.559969","0","3"
"34","L“‡Œ§","34107","L“‡ŽsˆÀŒ|‹æ","341070010003","’†–ìŽO’š–Ú","34.396870","132.568611","0","3"
"34","L“‡Œ§","34107","L“‡ŽsˆÀŒ|‹æ","341070010004","’†–ìŽl’š–Ú","34.401044","132.574688","0","3"
"34","L“‡Œ§","34107","L“‡ŽsˆÀŒ|‹æ","341070010005","’†–ìŒÜ’š–Ú","34.402934","132.580432","0","3"
"34","L“‡Œ§","34107","L“‡ŽsˆÀŒ|‹æ","341070010006","’†–ì˜Z’š–Ú","34.410150","132.581033","0","3"
"34","L“‡Œ§","34107","L“‡ŽsˆÀŒ|‹æ","341070010007","’†–ìŽµ’š–Ú","34.420272","132.588740","0","3"
"34","L“‡Œ§","34107","L“‡ŽsˆÀŒ|‹æ","341070011000","’†–ì’¬","34.410540","132.571959","0","1"
"34","L“‡Œ§","34107","L“‡ŽsˆÀŒ|‹æ","341070012001","’†–ì“Œˆê’š–Ú","34.386363","132.562375","0","3"
"34","L“‡Œ§","34107","L“‡ŽsˆÀŒ|‹æ","341070012002","’†–ì“Œ“ñ’š–Ú","34.389176","132.569328","0","3"
"34","L“‡Œ§","34107","L“‡ŽsˆÀŒ|‹æ","341070012003","’†–ì“ŒŽO’š–Ú","34.394057","132.573124","0","3"
"34","L“‡Œ§","34107","L“‡ŽsˆÀŒ|‹æ","341070012004","’†–ì“ŒŽl’š–Ú","34.398207","132.578720","0","3"
"34","L“‡Œ§","34107","L“‡ŽsˆÀŒ|‹æ","341070012005","’†–ì“ŒŒÜ’š–Ú","34.400236","132.583448","0","3"
"34","L“‡Œ§","34107","L“‡ŽsˆÀŒ|‹æ","341070012006","’†–ì“Œ˜Z’š–Ú","34.404575","132.588986","0","3"
"34","L“‡Œ§","34107","L“‡ŽsˆÀŒ|‹æ","341070012007","’†–ì“ŒŽµ’š–Ú","34.411559","132.585283","0","3"
"34","L“‡Œ§","34107","L“‡ŽsˆÀŒ|‹æ","341070013000","’†–ì“Œ’¬","34.390547","132.584437","0","1"
"34","L“‡Œ§","34107","L“‡ŽsˆÀŒ|‹æ","341070014001","”¨‰êˆê’š–Ú","34.386863","132.555604","0","3"
"34","L“‡Œ§","34107","L“‡ŽsˆÀŒ|‹æ","341070014002","”¨‰ê“ñ’š–Ú","34.392136","132.552413","0","3"
"34","L“‡Œ§","34107","L“‡ŽsˆÀŒ|‹æ","341070014003","”¨‰êŽO’š–Ú","34.396961","132.549218","0","3"
"34","L“‡Œ§","34107","L“‡ŽsˆÀŒ|‹æ","341070015000","”¨‰ê’¬","34.405844","132.547600","0","1"
"34","L“‡Œ§","34107","L“‡ŽsˆÀŒ|‹æ","341070016001","‘D‰zˆê’š–Ú","34.377342","132.517652","0","3"
"34","L“‡Œ§","34107","L“‡ŽsˆÀŒ|‹æ","341070016002","‘D‰z“ñ’š–Ú","34.379573","132.518897","0","3"
"34","L“‡Œ§","34107","L“‡ŽsˆÀŒ|‹æ","341070016003","‘D‰zŽO’š–Ú","34.375575","132.520718","0","3"
"34","L“‡Œ§","34107","L“‡ŽsˆÀŒ|‹æ","341070016004","‘D‰zŽl’š–Ú","34.376551","132.525811","0","3"
"34","L“‡Œ§","34107","L“‡ŽsˆÀŒ|‹æ","341070016005","‘D‰zŒÜ’š–Ú","34.373935","132.526797","0","3"
"34","L“‡Œ§","34107","L“‡ŽsˆÀŒ|‹æ","341070016006","‘D‰z˜Z’š–Ú","34.379249","132.531652","0","3"
"34","L“‡Œ§","34107","L“‡ŽsˆÀŒ|‹æ","341070017000","‘D‰z’¬","34.383000","132.526063","0","1"
"34","L“‡Œ§","34107","L“‡ŽsˆÀŒ|‹æ","341070018001","‘D‰z“ìˆê’š–Ú","34.371512","132.517843","0","3"
"34","L“‡Œ§","34107","L“‡ŽsˆÀŒ|‹æ","341070018002","‘D‰z“ì“ñ’š–Ú","34.371926","132.522432","0","3"
"34","L“‡Œ§","34107","L“‡ŽsˆÀŒ|‹æ","341070018003","‘D‰z“ìŽO’š–Ú","34.370409","132.524835","0","3"
"34","L“‡Œ§","34107","L“‡ŽsˆÀŒ|‹æ","341070018004","‘D‰z“ìŽl’š–Ú","34.367654","132.523547","0","3"
"34","L“‡Œ§","34107","L“‡ŽsˆÀŒ|‹æ","341070018005","‘D‰z“ìŒÜ’š–Ú","34.365552","132.519431","0","3"
"34","L“‡Œ§","34107","L“‡ŽsˆÀŒ|‹æ","341070019001","–î–ìV’¬ˆê’š–Ú","34.352793","132.525471","0","3"
"34","L“‡Œ§","34107","L“‡ŽsˆÀŒ|‹æ","341070019002","–î–ìV’¬“ñ’š–Ú","34.355391","132.522983","0","3"
"34","L“‡Œ§","34107","L“‡ŽsˆÀŒ|‹æ","341070020000","–î–ì’¬","34.327875","132.549557","0","1"
"34","L“‡Œ§","34107","L“‡ŽsˆÀŒ|‹æ","341070021001","–î–ì¼ˆê’š–Ú","34.353582","132.531157","0","3"
"34","L“‡Œ§","34107","L“‡ŽsˆÀŒ|‹æ","341070021002","–î–ì¼“ñ’š–Ú","34.351221","132.521713","0","3"
"34","L“‡Œ§","34107","L“‡ŽsˆÀŒ|‹æ","341070021003","–î–ì¼ŽO’š–Ú","34.345908","132.524833","0","3"
"34","L“‡Œ§","34107","L“‡ŽsˆÀŒ|‹æ","341070021004","–î–ì¼Žl’š–Ú","34.349366","132.527604","0","3"
"34","L“‡Œ§","34107","L“‡ŽsˆÀŒ|‹æ","341070021005","–î–ì¼ŒÜ’š–Ú","34.351438","132.535546","0","3"
"34","L“‡Œ§","34107","L“‡ŽsˆÀŒ|‹æ","341070021006","–î–ì¼˜Z’š–Ú","34.347272","132.534700","0","3"
"34","L“‡Œ§","34107","L“‡ŽsˆÀŒ|‹æ","341070021007","–î–ì¼Žµ’š–Ú","34.342507","132.536070","0","3"
"34","L“‡Œ§","34107","L“‡ŽsˆÀŒ|‹æ","341070022001","–î–ì“Œˆê’š–Ú","34.356703","132.534020","0","3"
"34","L“‡Œ§","34107","L“‡ŽsˆÀŒ|‹æ","341070022002","–î–ì“Œ“ñ’š–Ú","34.357328","132.538650","0","3"
"34","L“‡Œ§","34107","L“‡ŽsˆÀŒ|‹æ","341070022003","–î–ì“ŒŽO’š–Ú","34.356476","132.541978","0","3"
"34","L“‡Œ§","34107","L“‡ŽsˆÀŒ|‹æ","341070022004","–î–ì“ŒŽl’š–Ú","34.354098","132.543014","0","3"
"34","L“‡Œ§","34107","L“‡ŽsˆÀŒ|‹æ","341070022005","–î–ì“ŒŒÜ’š–Ú","34.351832","132.537988","0","3"
"34","L“‡Œ§","34107","L“‡ŽsˆÀŒ|‹æ","341070022006","–î–ì“Œ˜Z’š–Ú","34.345722","132.540389","0","3"
"34","L“‡Œ§","34107","L“‡ŽsˆÀŒ|‹æ","341070022007","–î–ì“ŒŽµ’š–Ú","34.339407","132.547122","0","3"
"34","L“‡Œ§","34107","L“‡ŽsˆÀŒ|‹æ","341070023001","–î–ì“ìˆê’š–Ú","34.343783","132.531924","0","3"
"34","L“‡Œ§","34107","L“‡ŽsˆÀŒ|‹æ","341070023002","–î–ì“ì“ñ’š–Ú","34.341719","132.530658","0","3"
"34","L“‡Œ§","34107","L“‡ŽsˆÀŒ|‹æ","341070023003","–î–ì“ìŽO’š–Ú","34.342124","132.526767","0","3"
"34","L“‡Œ§","34107","L“‡ŽsˆÀŒ|‹æ","341070023004","–î–ì“ìŽl’š–Ú","34.338014","132.532955","0","3"
"34","L“‡Œ§","34107","L“‡ŽsˆÀŒ|‹æ","341070023005","–î–ì“ìŒÜ’š–Ú","34.338223","132.536766","0","3"
"34","L“‡Œ§","34108","L“‡Žs²”Œ‹æ","341080001000","ˆ®‰€","34.364137","132.367932","0","1"
"34","L“‡Œ§","34108","L“‡Žs²”Œ‹æ","341080002001","Î“àãˆê’š–Ú","34.425224","132.392588","0","3"
"34","L“‡Œ§","34108","L“‡Žs²”Œ‹æ","341080003001","Î“à–kˆê’š–Ú","34.440274","132.381125","0","3"
"34","L“‡Œ§","34108","L“‡Žs²”Œ‹æ","341080003002","Î“à–k“ñ’š–Ú","34.441468","132.384173","0","3"
"34","L“‡Œ§","34108","L“‡Žs²”Œ‹æ","341080003003","Î“à–kŽO’š–Ú","34.443712","132.387299","0","3"
"34","L“‡Œ§","34108","L“‡Žs²”Œ‹æ","341080003004","Î“à–kŽl’š–Ú","34.435352","132.384479","0","3"
"34","L“‡Œ§","34108","L“‡Žs²”Œ‹æ","341080003005","Î“à–kŒÜ’š–Ú","34.435004","132.381495","0","3"
"34","L“‡Œ§","34108","L“‡Žs²”Œ‹æ","341080004001","Î“à“ìˆê’š–Ú","34.411436","132.382891","0","3"
"34","L“‡Œ§","34108","L“‡Žs²”Œ‹æ","341080004002","Î“à“ì“ñ’š–Ú","34.417850","132.389643","0","3"
"34","L“‡Œ§","34108","L“‡Žs²”Œ‹æ","341080004003","Î“à“ìŽO’š–Ú","34.414650","132.392378","0","3"
"34","L“‡Œ§","34108","L“‡Žs²”Œ‹æ","341080004004","Î“à“ìŽl’š–Ú","34.413105","132.387183","0","3"
"34","L“‡Œ§","34108","L“‡Žs²”Œ‹æ","341080004005","Î“à“ìŒÜ’š–Ú","34.410734","132.389722","0","3"
"34","L“‡Œ§","34108","L“‡Žs²”Œ‹æ","341080005001","ŒÜ“úŽsˆê’š–Ú","34.366396","132.359594","0","3"
"34","L“‡Œ§","34108","L“‡Žs²”Œ‹æ","341080005002","ŒÜ“úŽs“ñ’š–Ú","34.367505","132.363734","0","3"
"34","L“‡Œ§","34108","L“‡Žs²”Œ‹æ","341080005003","ŒÜ“úŽsŽO’š–Ú","34.368898","132.360440","0","3"
"34","L“‡Œ§","34108","L“‡Žs²”Œ‹æ","341080005004","ŒÜ“úŽsŽl’š–Ú","34.368877","132.357834","0","3"
"34","L“‡Œ§","34108","L“‡Žs²”Œ‹æ","341080005005","ŒÜ“úŽsŒÜ’š–Ú","34.372686","132.358886","0","3"
"34","L“‡Œ§","34108","L“‡Žs²”Œ‹æ","341080005006","ŒÜ“úŽs˜Z’š–Ú","34.372673","132.360953","0","3"
"34","L“‡Œ§","34108","L“‡Žs²”Œ‹æ","341080005007","ŒÜ“úŽsŽµ’š–Ú","34.377512","132.360900","0","3"
"34","L“‡Œ§","34108","L“‡Žs²”Œ‹æ","341080006001","ŒÜ“úŽs‰w‘Oˆê’š–Ú","34.368067","132.369697","0","3"
"34","L“‡Œ§","34108","L“‡Žs²”Œ‹æ","341080006002","ŒÜ“úŽs‰w‘O“ñ’š–Ú","34.371230","132.365055","0","3"
"34","L“‡Œ§","34108","L“‡Žs²”Œ‹æ","341080006003","ŒÜ“úŽs‰w‘OŽO’š–Ú","34.370469","132.367799","0","3"
"34","L“‡Œ§","34108","L“‡Žs²”Œ‹æ","341080007001","ŒÜ“úŽs`ˆê’š–Ú","34.355719","132.372196","3","3"
"34","L“‡Œ§","34108","L“‡Žs²”Œ‹æ","341080007002","ŒÜ“úŽs`“ñ’š–Ú","34.353410","132.367078","0","3"
"34","L“‡Œ§","34108","L“‡Žs²”Œ‹æ","341080007003","ŒÜ“úŽs`ŽO’š–Ú","34.352370","132.363926","0","3"
"34","L“‡Œ§","34108","L“‡Žs²”Œ‹æ","341080007004","ŒÜ“úŽs`Žl’š–Ú","34.351647","132.354442","0","3"
"34","L“‡Œ§","34108","L“‡Žs²”Œ‹æ","341080008001","ŒÜ“úŽs’†‰›ˆê’š–Ú","34.366348","132.352613","0","3"
"34","L“‡Œ§","34108","L“‡Žs²”Œ‹æ","341080008002","ŒÜ“úŽs’†‰›“ñ’š–Ú","34.369341","132.355071","0","3"
"34","L“‡Œ§","34108","L“‡Žs²”Œ‹æ","341080008003","ŒÜ“úŽs’†‰›ŽO’š–Ú","34.369662","132.352171","0","3"
"34","L“‡Œ§","34108","L“‡Žs²”Œ‹æ","341080008004","ŒÜ“úŽs’†‰›Žl’š–Ú","34.372219","132.354481","0","3"
"34","L“‡Œ§","34108","L“‡Žs²”Œ‹æ","341080008005","ŒÜ“úŽs’†‰›ŒÜ’š–Ú","34.374723","132.355423","0","3"
"34","L“‡Œ§","34108","L“‡Žs²”Œ‹æ","341080008006","ŒÜ“úŽs’†‰›˜Z’š–Ú","34.378745","132.357004","0","3"
"34","L“‡Œ§","34108","L“‡Žs²”Œ‹æ","341080008007","ŒÜ“úŽs’†‰›Žµ’š–Ú","34.382863","132.357451","0","3"
"34","L“‡Œ§","34108","L“‡Žs²”Œ‹æ","341080009000","ŒÜ“úŽs’¬","34.361729","132.375349","0","1"
"34","L“‡Œ§","34108","L“‡Žs²”Œ‹æ","341080010000","ŒÜ“úŽs’¬‘åŽšã‰Í“à","34.424618","132.337812","0","1"
"34","L“‡Œ§","34108","L“‡Žs²”Œ‹æ","341080011000","ŒÜ“úŽs’¬‘åŽšã¬[ì","34.430592","132.357793","0","1"
"34","L“‡Œ§","34108","L“‡Žs²”Œ‹æ","341080012000","ŒÜ“úŽs’¬‘åŽšŒû˜a“c","34.395247","132.372520","0","1"
"34","L“‡Œ§","34108","L“‡Žs²”Œ‹æ","341080013000","ŒÜ“úŽs’¬‘åŽš‰º‰Í“à","34.424257","132.313900","0","1"
"34","L“‡Œ§","34108","L“‡Žs²”Œ‹æ","341080014000","ŒÜ“úŽs’¬‘åŽš‰º¬[ì","34.410434","132.357808","0","1"
"34","L“‡Œ§","34108","L“‡Žs²”Œ‹æ","341080015000","ŒÜ“úŽs’¬‘åŽšº˜a‘ä","34.377831","132.368661","0","1"
"34","L“‡Œ§","34108","L“‡Žs²”Œ‹æ","341080016000","ŒÜ“úŽs’¬‘åŽš‚ˆä","34.388617","132.381973","0","1"
"34","L“‡Œ§","34108","L“‡Žs²”Œ‹æ","341080017000","ŒÜ“úŽs’¬‘åŽšŽ›“c","34.398504","132.356998","0","1"
"34","L“‡Œ§","34108","L“‡Žs²”Œ‹æ","341080018000","ŒÜ“úŽs’¬‘åŽš—˜¼","34.399888","132.375898","0","1"
"34","L“‡Œ§","34108","L“‡Žs²”Œ‹æ","341080019000","ŒÜ“úŽs’¬‘åŽš’†’n","34.386779","132.372405","0","1"
"34","L“‡Œ§","34108","L“‡Žs²”Œ‹æ","341080020000","ŒÜ“úŽs’¬‘åŽš“¡‚Ì–Ø","34.420449","132.357824","0","1"
"34","L“‡Œ§","34108","L“‡Žs²”Œ‹æ","341080021000","ŒÜ“úŽs’¬‘åŽš•Ûˆä“c","34.400174","132.345133","0","1"
"34","L“‡Œ§","34108","L“‡Žs²”Œ‹æ","341080022000","ŒÜ“úŽs’¬‘åŽš”ü—é‰€","34.380638","132.365775","0","1"
"34","L“‡Œ§","34108","L“‡Žs²”Œ‹æ","341080023000","ŒÜ“úŽs’¬‘åŽšŠF‰ê","34.382042","132.371636","0","1"
"34","L“‡Œ§","34108","L“‡Žs²”Œ‹æ","341080024001","ŠC˜V‰€ˆê’š–Ú","34.363415","132.358852","0","3"
"34","L“‡Œ§","34108","L“‡Žs²”Œ‹æ","341080024002","ŠC˜V‰€“ñ’š–Ú","34.363909","132.362240","0","3"
"34","L“‡Œ§","34108","L“‡Žs²”Œ‹æ","341080024003","ŠC˜V‰€ŽO’š–Ú","34.360438","132.360165","0","3"
"34","L“‡Œ§","34108","L“‡Žs²”Œ‹æ","341080024004","ŠC˜V‰€Žl’š–Ú","34.358885","132.358612","0","3"
"34","L“‡Œ§","34108","L“‡Žs²”Œ‹æ","341080025000","ŠC˜VŽR’¬","34.363260","132.365169","0","1"
"34","L“‡Œ§","34108","L“‡Žs²”Œ‹æ","341080026001","ŠC˜VŽR“ìˆê’š–Ú","34.361195","132.368496","0","3"
"34","L“‡Œ§","34108","L“‡Žs²”Œ‹æ","341080026002","ŠC˜VŽR“ì“ñ’š–Ú","34.359801","132.369070","0","3"
"34","L“‡Œ§","34108","L“‡Žs²”Œ‹æ","341080027001","ŠÏ‰¹‘äˆê’š–Ú","34.383130","132.339088","0","3"
"34","L“‡Œ§","34108","L“‡Žs²”Œ‹æ","341080027002","ŠÏ‰¹‘ä“ñ’š–Ú","34.384154","132.342801","0","3"
"34","L“‡Œ§","34108","L“‡Žs²”Œ‹æ","341080027003","ŠÏ‰¹‘äŽO’š–Ú","34.388665","132.339667","0","3"
"34","L“‡Œ§","34108","L“‡Žs²”Œ‹æ","341080027004","ŠÏ‰¹‘äŽl’š–Ú","34.388638","132.342646","0","3"
"34","L“‡Œ§","34108","L“‡Žs²”Œ‹æ","341080028001","‘qdˆê’š–Ú","34.385771","132.349386","0","3"
"34","L“‡Œ§","34108","L“‡Žs²”Œ‹æ","341080028002","‘qd“ñ’š–Ú","34.391365","132.343539","0","3"
"34","L“‡Œ§","34108","L“‡Žs²”Œ‹æ","341080028003","‘qdŽO’š–Ú","34.392052","132.346808","0","3"
"34","L“‡Œ§","34108","L“‡Žs²”Œ‹æ","341080029000","‘qd’¬","34.395088","132.333193","0","1"
"34","L“‡Œ§","34108","L“‡Žs²”Œ‹æ","341080030001","‰Í“à“ìˆê’š–Ú","34.405594","132.343816","0","3"
"34","L“‡Œ§","34108","L“‡Žs²”Œ‹æ","341080030002","‰Í“à“ì“ñ’š–Ú","34.408392","132.343657","0","3"
"34","L“‡Œ§","34108","L“‡Žs²”Œ‹æ","341080031001","ŒÜŒŽ‚ª‹uˆê’š–Ú","34.418363","132.402413","0","3"
"34","L“‡Œ§","34108","L“‡Žs²”Œ‹æ","341080031002","ŒÜŒŽ‚ª‹u“ñ’š–Ú","34.421482","132.402577","0","3"
"34","L“‡Œ§","34108","L“‡Žs²”Œ‹æ","341080031003","ŒÜŒŽ‚ª‹uŽO’š–Ú","34.424917","132.404415","0","3"
"34","L“‡Œ§","34108","L“‡Žs²”Œ‹æ","341080031004","ŒÜŒŽ‚ª‹uŽl’š–Ú","34.428706","132.405180","0","3"
"34","L“‡Œ§","34108","L“‡Žs²”Œ‹æ","341080031005","ŒÜŒŽ‚ª‹uŒÜ’š–Ú","34.426078","132.399871","0","3"
"34","L“‡Œ§","34108","L“‡Žs²”Œ‹æ","341080032001","éŽRˆê’š–Ú","34.384660","132.354737","0","3"
"34","L“‡Œ§","34108","L“‡Žs²”Œ‹æ","341080032002","éŽR“ñ’š–Ú","34.387864","132.352869","0","3"
"34","L“‡Œ§","34108","L“‡Žs²”Œ‹æ","341080033000","V‹{‰‘","34.370519","132.362431","0","1"
"34","L“‡Œ§","34108","L“‡Žs²”Œ‹æ","341080034000","™•À‘ä","34.430932","132.296848","0","1"
"34","L“‡Œ§","34108","L“‡Žs²”Œ‹æ","341080035001","‹÷‚Ì•lˆê’š–Ú","34.364312","132.346402","0","3"
"34","L“‡Œ§","34108","L“‡Žs²”Œ‹æ","341080035002","‹÷‚Ì•l“ñ’š–Ú","34.361645","132.344915","0","3"
"34","L“‡Œ§","34108","L“‡Žs²”Œ‹æ","341080035003","‹÷‚Ì•lŽO’š–Ú","34.362045","132.347680","0","3"
"34","L“‡Œ§","34108","L“‡Žs²”Œ‹æ","341080036001","ç“¯ˆê’š–Ú","34.377474","132.351737","0","3"
"34","L“‡Œ§","34108","L“‡Žs²”Œ‹æ","341080036002","ç“¯“ñ’š–Ú","34.379995","132.353215","0","3"
"34","L“‡Œ§","34108","L“‡Žs²”Œ‹æ","341080036003","ç“¯ŽO’š–Ú","34.380866","132.346167","0","3"
"34","L“‡Œ§","34108","L“‡Žs²”Œ‹æ","341080037001","’Øˆäˆê’š–Ú","34.375532","132.347852","0","3"
"34","L“‡Œ§","34108","L“‡Žs²”Œ‹æ","341080037002","’Øˆä“ñ’š–Ú","34.378717","132.344127","0","3"
"34","L“‡Œ§","34108","L“‡Žs²”Œ‹æ","341080037003","’ØˆäŽO’š–Ú","34.380580","132.338272","0","3"
"34","L“‡Œ§","34108","L“‡Žs²”Œ‹æ","341080038000","’Øˆä’¬","34.388998","132.325375","0","1"
"34","L“‡Œ§","34108","L“‡Žs²”Œ‹æ","341080039000","“¡‚‰€","34.365078","132.373791","0","1"
"34","L“‡Œ§","34108","L“‡Žs²”Œ‹æ","341080040001","—˜¼ˆê’š–Ú","34.395254","132.363402","0","3"
"34","L“‡Œ§","34108","L“‡Žs²”Œ‹æ","341080040002","—˜¼“ñ’š–Ú","34.399450","132.369473","0","3"
"34","L“‡Œ§","34108","L“‡Žs²”Œ‹æ","341080040003","—˜¼ŽO’š–Ú","34.401100","132.361772","0","3"
"34","L“‡Œ§","34108","L“‡Žs²”Œ‹æ","341080041001","“¡‚Ì–Øˆê’š–Ú","34.418765","132.360946","0","3"
"34","L“‡Œ§","34108","L“‡Žs²”Œ‹æ","341080041002","“¡‚Ì–Ø“ñ’š–Ú","34.424272","132.362476","0","3"
"34","L“‡Œ§","34108","L“‡Žs²”Œ‹æ","341080041003","“¡‚Ì–ØŽO’š–Ú","34.423290","132.364717","0","3"
"34","L“‡Œ§","34108","L“‡Žs²”Œ‹æ","341080041004","“¡‚Ì–ØŽl’š–Ú","34.418403","132.365686","0","3"
"34","L“‡Œ§","34108","L“‡Žs²”Œ‹æ","341080042001","ŽO‹Øˆê’š–Ú","34.365436","132.347154","0","3"
"34","L“‡Œ§","34108","L“‡Žs²”Œ‹æ","341080042002","ŽO‹Ø“ñ’š–Ú","34.367104","132.347494","0","3"
"34","L“‡Œ§","34108","L“‡Žs²”Œ‹æ","341080042003","ŽO‹ØŽO’š–Ú","34.368164","132.345964","0","3"
"34","L“‡Œ§","34108","L“‡Žs²”Œ‹æ","341080043001","”ü—é‚ª‹u¼ˆê’š–Ú","34.392510","132.383259","0","3"
"34","L“‡Œ§","34108","L“‡Žs²”Œ‹æ","341080043002","”ü—é‚ª‹u¼“ñ’š–Ú","34.394533","132.382608","0","3"
"34","L“‡Œ§","34108","L“‡Žs²”Œ‹æ","341080043003","”ü—é‚ª‹u¼ŽO’š–Ú","34.395959","132.381552","0","3"
"34","L“‡Œ§","34108","L“‡Žs²”Œ‹æ","341080043004","”ü—é‚ª‹u¼Žl’š–Ú","34.398759","132.381411","0","3"
"34","L“‡Œ§","34108","L“‡Žs²”Œ‹æ","341080043005","”ü—é‚ª‹u¼ŒÜ’š–Ú","34.397006","132.383470","0","3"
"34","L“‡Œ§","34108","L“‡Žs²”Œ‹æ","341080044001","”ü—é‚ª‹u“Œˆê’š–Ú","34.392343","132.387400","0","3"
"34","L“‡Œ§","34108","L“‡Žs²”Œ‹æ","341080044002","”ü—é‚ª‹u“Œ“ñ’š–Ú","34.394251","132.386615","0","3"
"34","L“‡Œ§","34108","L“‡Žs²”Œ‹æ","341080044003","”ü—é‚ª‹u“ŒŽO’š–Ú","34.396935","132.386484","0","3"
"34","L“‡Œ§","34108","L“‡Žs²”Œ‹æ","341080044004","”ü—é‚ª‹u“ŒŽl’š–Ú","34.395803","132.390565","0","3"
"34","L“‡Œ§","34108","L“‡Žs²”Œ‹æ","341080044005","”ü—é‚ª‹u“ŒŒÜ’š–Ú","34.392873","132.389840","0","3"
"34","L“‡Œ§","34108","L“‡Žs²”Œ‹æ","341080045001","”ü—é‚ª‹u—Îˆê’š–Ú","34.394783","132.379482","0","3"
"34","L“‡Œ§","34108","L“‡Žs²”Œ‹æ","341080045002","”ü—é‚ª‹u—Î“ñ’š–Ú","34.394432","132.377438","0","3"
"34","L“‡Œ§","34108","L“‡Žs²”Œ‹æ","341080045003","”ü—é‚ª‹u—ÎŽO’š–Ú","34.394259","132.375304","0","3"
"34","L“‡Œ§","34108","L“‡Žs²”Œ‹æ","341080046001","”ü—é‚ª‹u“ìˆê’š–Ú","34.389709","132.379225","0","3"
"34","L“‡Œ§","34108","L“‡Žs²”Œ‹æ","341080046002","”ü—é‚ª‹u“ì“ñ’š–Ú","34.389761","132.382611","0","3"
"34","L“‡Œ§","34108","L“‡Žs²”Œ‹æ","341080046003","”ü—é‚ª‹u“ìŽO’š–Ú","34.391399","132.385216","0","3"
"34","L“‡Œ§","34108","L“‡Žs²”Œ‹æ","341080046004","”ü—é‚ª‹u“ìŽl’š–Ú","34.389117","132.386103","0","3"
"34","L“‡Œ§","34108","L“‡Žs²”Œ‹æ","341080047001","ŠF‰êˆê’š–Ú","34.373074","132.370045","0","3"
"34","L“‡Œ§","34108","L“‡Žs²”Œ‹æ","341080047002","ŠF‰ê“ñ’š–Ú","34.374014","132.367769","0","3"
"34","L“‡Œ§","34108","L“‡Žs²”Œ‹æ","341080047003","ŠF‰êŽO’š–Ú","34.375109","132.366234","0","3"
"34","L“‡Œ§","34108","L“‡Žs²”Œ‹æ","341080047004","ŠF‰êŽl’š–Ú","34.376499","132.363565","0","3"
"34","L“‡Œ§","34108","L“‡Žs²”Œ‹æ","341080048001","”ü‚Ì—¢ˆê’š–Ú","34.358584","132.349742","0","3"
"34","L“‡Œ§","34108","L“‡Žs²”Œ‹æ","341080048002","”ü‚Ì—¢“ñ’š–Ú","34.358363","132.346812","0","3"
"34","L“‡Œ§","34108","L“‡Žs²”Œ‹æ","341080049001","ŽO‘îˆê’š–Ú","34.370037","132.349870","0","3"
"34","L“‡Œ§","34108","L“‡Žs²”Œ‹æ","341080049002","ŽO‘î“ñ’š–Ú","34.371150","132.342906","0","3"
"34","L“‡Œ§","34108","L“‡Žs²”Œ‹æ","341080049003","ŽO‘îŽO’š–Ú","34.372332","132.345140","0","3"
"34","L“‡Œ§","34108","L“‡Žs²”Œ‹æ","341080049004","ŽO‘îŽl’š–Ú","34.373336","132.348201","0","3"
"34","L“‡Œ§","34108","L“‡Žs²”Œ‹æ","341080049005","ŽO‘îŒÜ’š–Ú","34.376208","132.341809","0","3"
"34","L“‡Œ§","34108","L“‡Žs²”Œ‹æ","341080049006","ŽO‘î˜Z’š–Ú","34.379594","132.336447","0","3"
"34","L“‡Œ§","34108","L“‡Žs²”Œ‹æ","341080050000","ŽO‘î’¬","34.381110","132.327754","0","1"
"34","L“‡Œ§","34108","L“‡Žs²”Œ‹æ","341080051001","–òŽt‚ª‹uˆê’š–Ú","34.392652","132.352297","0","3"
"34","L“‡Œ§","34108","L“‡Žs²”Œ‹æ","341080051002","–òŽt‚ª‹u“ñ’š–Ú","34.392952","132.349661","0","3"
"34","L“‡Œ§","34108","L“‡Žs²”Œ‹æ","341080051003","–òŽt‚ª‹uŽO’š–Ú","34.396012","132.350803","0","3"
"34","L“‡Œ§","34108","L“‡Žs²”Œ‹æ","341080051004","–òŽt‚ª‹uŽl’š–Ú","34.396187","132.345941","0","3"
"34","L“‡Œ§","34108","L“‡Žs²”Œ‹æ","341080052001","‰®‘ãˆê’š–Ú","34.367653","132.341610","0","3"
"34","L“‡Œ§","34108","L“‡Žs²”Œ‹æ","341080052002","‰®‘ã“ñ’š–Ú","34.369530","132.336689","0","3"
"34","L“‡Œ§","34108","L“‡Žs²”Œ‹æ","341080052003","‰®‘ãŽO’š–Ú","34.370592","132.339668","0","3"
"34","L“‡Œ§","34108","L“‡Žs²”Œ‹æ","341080053000","‰®‘ã’¬","34.376559","132.331113","0","1"
"34","L“‡Œ§","34108","L“‡Žs²”Œ‹æ","341080054001","”ª”¦ˆê’š–Ú","34.387426","132.358545","0","3"
"34","L“‡Œ§","34108","L“‡Žs²”Œ‹æ","341080054002","”ª”¦“ñ’š–Ú","34.391050","132.355772","0","3"
"34","L“‡Œ§","34108","L“‡Žs²”Œ‹æ","341080054003","”ª”¦ŽO’š–Ú","34.393586","132.361088","0","3"
"34","L“‡Œ§","34108","L“‡Žs²”Œ‹æ","341080054004","”ª”¦Žl’š–Ú","34.394675","132.358594","0","3"
"34","L“‡Œ§","34108","L“‡Žs²”Œ‹æ","341080054005","”ª”¦ŒÜ’š–Ú","34.400624","132.359916","0","3"
"34","L“‡Œ§","34108","L“‡Žs²”Œ‹æ","341080055001","”ª”¦‚ª‹uˆê’š–Ú","34.393644","132.355786","0","3"
"34","L“‡Œ§","34108","L“‡Žs²”Œ‹æ","341080055002","”ª”¦‚ª‹u“ñ’š–Ú","34.397485","132.354459","0","3"
"34","L“‡Œ§","34108","L“‡Žs²”Œ‹æ","341080056001","”ª”¦“Œˆê’š–Ú","34.382564","132.363406","0","3"
"34","L“‡Œ§","34108","L“‡Žs²”Œ‹æ","341080056002","”ª”¦“Œ“ñ’š–Ú","34.386911","132.361123","0","3"
"34","L“‡Œ§","34108","L“‡Žs²”Œ‹æ","341080056003","”ª”¦“ŒŽO’š–Ú","34.387336","132.364080","0","3"
"34","L“‡Œ§","34108","L“‡Žs²”Œ‹æ","341080056004","”ª”¦“ŒŽl’š–Ú","34.394275","132.367688","0","3"
"34","L“‡Œ§","34108","L“‡Žs²”Œ‹æ","341080057000","“’—ˆ’¬‘åŽš‰º","34.544983","132.333160","0","1"
"34","L“‡Œ§","34108","L“‡Žs²”Œ‹æ","341080058000","“’—ˆ’¬‘åŽš”’»","34.429408","132.265636","0","1"
"34","L“‡Œ§","34108","L“‡Žs²”Œ‹æ","341080059000","“’—ˆ’¬‘åŽš›‘ò","34.495813","132.256790","0","1"
"34","L“‡Œ§","34108","L“‡Žs²”Œ‹æ","341080060000","“’—ˆ’¬‘åŽš‘½“c","34.463331","132.219056","0","1"
"34","L“‡Œ§","34108","L“‡Žs²”Œ‹æ","341080061000","“’—ˆ’¬‘åŽšŠ‹Œ´","34.420811","132.301989","0","1"
"34","L“‡Œ§","34108","L“‡Žs²”Œ‹æ","341080062000","“’—ˆ’¬‘åŽš•š’J","34.458877","132.287456","0","1"
"34","L“‡Œ§","34108","L“‡Žs²”Œ‹æ","341080063000","“’—ˆ’¬‘åŽš”ž’J","34.515696","132.309930","0","1"
"34","L“‡Œ§","34108","L“‡Žs²”Œ‹æ","341080064000","“’—ˆ’¬‘åŽš˜a“c","34.497747","132.288790","0","1"
"34","L“‡Œ§","34108","L“‡Žs²”Œ‹æ","341080065000","‹gŒ©‰€","34.364605","132.370611","0","1"
"34","L“‡Œ§","34108","L“‡Žs²”Œ‹æ","341080066001","ŠyX‰€ˆê’š–Ú","34.364634","132.352147","0","3"
"34","L“‡Œ§","34108","L“‡Žs²”Œ‹æ","341080066002","ŠyX‰€“ñ’š–Ú","34.364201","132.352862","0","3"
"34","L“‡Œ§","34108","L“‡Žs²”Œ‹æ","341080066003","ŠyX‰€ŽO’š–Ú","34.362991","132.355451","0","3"
"34","L“‡Œ§","34108","L“‡Žs²”Œ‹æ","341080066004","ŠyX‰€Žl’š–Ú","34.362449","132.351544","0","3"
"34","L“‡Œ§","34108","L“‡Žs²”Œ‹æ","341080066005","ŠyX‰€ŒÜ’š–Ú","34.360391","132.353109","0","3"
"34","L“‡Œ§","34108","L“‡Žs²”Œ‹æ","341080066006","ŠyX‰€˜Z’š–Ú","34.358430","132.354117","0","3"
"34","L“‡Œ§","34108","L“‡Žs²”Œ‹æ","341080067001","Î“à“Œˆê’š–Ú","34.413862","132.399180","0","3"
"34","L“‡Œ§","34108","L“‡Žs²”Œ‹æ","341080067002","Î“à“Œ“ñ’š–Ú","34.409271","132.400848","0","3"
"34","L“‡Œ§","34108","L“‡Žs²”Œ‹æ","341080067003","Î“à“ŒŽO’š–Ú","34.406335","132.395910","0","3"
"34","L“‡Œ§","34108","L“‡Žs²”Œ‹æ","341080067004","Î“à“ŒŽl’š–Ú","34.410399","132.397898","0","3"
"34","L“‡Œ§","34108","L“‡Žs²”Œ‹æ","341080068000","ŒÜ“úŽs’¬‘åŽšÎ“à","34.425340","132.377471","0","1"
"34","L“‡Œ§","34202","ŒàŽs","342020001000","ÂŽR’¬","34.238082","132.565904","0","1"
"34","L“‡Œ§","34202","ŒàŽs","342020002001","ˆ¢‰ê–kˆê’š–Ú","34.254133","132.591782","0","3"
"34","L“‡Œ§","34202","ŒàŽs","342020002002","ˆ¢‰ê–k“ñ’š–Ú","34.251911","132.595358","0","3"
"34","L“‡Œ§","34202","ŒàŽs","342020002003","ˆ¢‰ê–kŽO’š–Ú","34.249792","132.590888","0","3"
"34","L“‡Œ§","34202","ŒàŽs","342020002004","ˆ¢‰ê–kŽl’š–Ú","34.248844","132.593141","0","3"
"34","L“‡Œ§","34202","ŒàŽs","342020002005","ˆ¢‰ê–kŒÜ’š–Ú","34.249708","132.598056","0","3"
"34","L“‡Œ§","34202","ŒàŽs","342020002006","ˆ¢‰ê–k˜Z’š–Ú","34.247484","132.600954","0","3"
"34","L“‡Œ§","34202","ŒàŽs","342020002007","ˆ¢‰ê–kŽµ’š–Ú","34.246323","132.594926","0","3"
"34","L“‡Œ§","34202","ŒàŽs","342020002008","ˆ¢‰ê–k”ª’š–Ú","34.243219","132.595505","0","3"
"34","L“‡Œ§","34202","ŒàŽs","342020002009","ˆ¢‰ê–k‹ã’š–Ú","34.241894","132.599959","0","3"
"34","L“‡Œ§","34202","ŒàŽs","342020003001","ˆ¢‰ê’†‰›ˆê’š–Ú","34.241361","132.593166","0","3"
"34","L“‡Œ§","34202","ŒàŽs","342020003002","ˆ¢‰ê’†‰›“ñ’š–Ú","34.239838","132.596870","0","3"
"34","L“‡Œ§","34202","ŒàŽs","342020003003","ˆ¢‰ê’†‰›ŽO’š–Ú","34.238459","132.599896","0","3"
"34","L“‡Œ§","34202","ŒàŽs","342020003004","ˆ¢‰ê’†‰›Žl’š–Ú","34.237483","132.604428","0","3"
"34","L“‡Œ§","34202","ŒàŽs","342020003005","ˆ¢‰ê’†‰›ŒÜ’š–Ú","34.234526","132.603979","0","3"
"34","L“‡Œ§","34202","ŒàŽs","342020003006","ˆ¢‰ê’†‰›˜Z’š–Ú","34.236978","132.598670","0","3"
"34","L“‡Œ§","34202","ŒàŽs","342020003007","ˆ¢‰ê’†‰›Žµ’š–Ú","34.235272","132.598820","0","3"
"34","L“‡Œ§","34202","ŒàŽs","342020003008","ˆ¢‰ê’†‰›”ª’š–Ú","34.238034","132.593421","0","3"
"34","L“‡Œ§","34202","ŒàŽs","342020003009","ˆ¢‰ê’†‰›‹ã’š–Ú","34.235484","132.594245","0","3"
"34","L“‡Œ§","34202","ŒàŽs","342020004000","ˆ¢‰ê’¬","34.224618","132.581356","0","1"
"34","L“‡Œ§","34202","ŒàŽs","342020005001","ˆ¢‰ê“ìˆê’š–Ú","34.230024","132.604295","0","3"
"34","L“‡Œ§","34202","ŒàŽs","342020005002","ˆ¢‰ê“ì“ñ’š–Ú","34.231122","132.600612","0","3"
"34","L“‡Œ§","34202","ŒàŽs","342020005003","ˆ¢‰ê“ìŽO’š–Ú","34.232600","132.597224","0","3"
"34","L“‡Œ§","34202","ŒàŽs","342020005004","ˆ¢‰ê“ìŽl’š–Ú","34.233202","132.594464","0","3"
"34","L“‡Œ§","34202","ŒàŽs","342020005005","ˆ¢‰ê“ìŒÜ’š–Ú","34.230771","132.590261","0","3"
"34","L“‡Œ§","34202","ŒàŽs","342020005006","ˆ¢‰ê“ì˜Z’š–Ú","34.227914","132.591906","0","3"
"34","L“‡Œ§","34202","ŒàŽs","342020005007","ˆ¢‰ê“ìŽµ’š–Ú","34.220057","132.588980","0","3"
"34","L“‡Œ§","34202","ŒàŽs","342020005008","ˆ¢‰ê“ì”ª’š–Ú","34.208256","132.576332","0","3"
"34","L“‡Œ§","34202","ŒàŽs","342020005009","ˆ¢‰ê“ì‹ã’š–Ú","34.202295","132.564992","0","3"
"34","L“‡Œ§","34202","ŒàŽs","342020006000","’©“ú’¬","34.251673","132.573892","0","1"
"34","L“‡Œ§","34202","ŒàŽs","342020007001","ŒáÈˆê’š–Ú","34.253046","132.578493","0","3"
"34","L“‡Œ§","34202","ŒàŽs","342020007002","ŒáÈ“ñ’š–Ú","34.252303","132.580678","0","3"
"34","L“‡Œ§","34202","ŒàŽs","342020008000","“à_’¬","34.256788","132.568063","0","1"
"34","L“‡Œ§","34202","ŒàŽs","342020009000","¤Œ´’¬","34.258807","132.575376","0","1"
"34","L“‡Œ§","34202","ŒàŽs","342020010000","”~–Ø’¬","34.277326","132.519187","0","1"
"34","L“‡Œ§","34202","ŒàŽs","342020011000","]Œ´’¬","34.256388","132.565878","0","1"
"34","L“‡Œ§","34202","ŒàŽs","342020012000","‘åŽR’¬","34.276710","132.523979","0","1"
"34","L“‡Œ§","34202","ŒàŽs","342020013001","‰Ÿžˆê’š–Ú","34.311026","132.560083","0","3"
"34","L“‡Œ§","34202","ŒàŽs","342020013002","‰Ÿž“ñ’š–Ú","34.313661","132.561719","0","3"
"34","L“‡Œ§","34202","ŒàŽs","342020013003","‰ŸžŽO’š–Ú","34.317271","132.563959","0","3"
"34","L“‡Œ§","34202","ŒàŽs","342020013004","‰ŸžŽl’š–Ú","34.321379","132.564426","0","3"
"34","L“‡Œ§","34202","ŒàŽs","342020013005","‰ŸžŒÜ’š–Ú","34.316627","132.570554","0","3"
"34","L“‡Œ§","34202","ŒàŽs","342020013006","‰Ÿž˜Z’š–Ú","34.309510","132.574120","0","3"
"34","L“‡Œ§","34202","ŒàŽs","342020014000","‰Ÿž’¬","34.310688","132.566751","0","1"
"34","L“‡Œ§","34202","ŒàŽs","342020015000","‰Ÿž¼•½’¬","34.315760","132.558056","0","1"
"34","L“‡Œ§","34202","ŒàŽs","342020016001","‰¹ŒË’¬—L´ˆê’š–Ú","34.160902","132.520771","0","3"
"34","L“‡Œ§","34202","ŒàŽs","342020016002","‰¹ŒË’¬—L´“ñ’š–Ú","34.162698","132.519864","0","3"
"34","L“‡Œ§","34202","ŒàŽs","342020017001","‰¹ŒË’¬ˆñ•lˆê’š–Ú","34.194761","132.536014","0","3"
"34","L“‡Œ§","34202","ŒàŽs","342020017002","‰¹ŒË’¬ˆñ•l“ñ’š–Ú","34.193842","132.534369","0","3"
"34","L“‡Œ§","34202","ŒàŽs","342020017003","‰¹ŒË’¬ˆñ•lŽO’š–Ú","34.194932","132.532300","0","3"
"34","L“‡Œ§","34202","ŒàŽs","342020018000","‰¹ŒË’¬‘åŽš“nŽq","34.173350","132.519075","0","1"
"34","L“‡Œ§","34202","ŒàŽs","342020019001","‰¹ŒË’¬–k‰B“nˆê’š–Ú","34.192714","132.532171","0","3"
"34","L“‡Œ§","34202","ŒàŽs","342020019002","‰¹ŒË’¬–k‰B“n“ñ’š–Ú","34.190360","132.531412","0","3"
"34","L“‡Œ§","34202","ŒàŽs","342020020001","‰¹ŒË’¬æ‰œˆê’š–Ú","34.159758","132.518450","0","3"
"34","L“‡Œ§","34202","ŒàŽs","342020020002","‰¹ŒË’¬æ‰œ“ñ’š–Ú","34.157930","132.519046","0","3"
"34","L“‡Œ§","34202","ŒàŽs","342020020003","‰¹ŒË’¬æ‰œŽO’š–Ú","34.154838","132.518895","0","3"
"34","L“‡Œ§","34202","ŒàŽs","342020021001","‰¹ŒË’¬‚{ˆê’š–Ú","34.184178","132.534511","0","3"
"34","L“‡Œ§","34202","ŒàŽs","342020021002","‰¹ŒË’¬‚{“ñ’š–Ú","34.185684","132.537818","0","3"
"34","L“‡Œ§","34202","ŒàŽs","342020021003","‰¹ŒË’¬‚{ŽO’š–Ú","34.187646","132.540595","0","3"
"34","L“‡Œ§","34202","ŒàŽs","342020022001","‰¹ŒË’¬“cŒ´ˆê’š–Ú","34.182508","132.502662","0","3"
"34","L“‡Œ§","34202","ŒàŽs","342020022002","‰¹ŒË’¬“cŒ´“ñ’š–Ú","34.175282","132.500231","0","3"
"34","L“‡Œ§","34202","ŒàŽs","342020022003","‰¹ŒË’¬“cŒ´ŽO’š–Ú","34.169260","132.498286","0","3"
"34","L“‡Œ§","34202","ŒàŽs","342020023001","‰¹ŒË’¬’Øˆäˆê’š–Ú","34.198362","132.536015","0","3"
"34","L“‡Œ§","34202","ŒàŽs","342020023002","‰¹ŒË’¬’Øˆä“ñ’š–Ú","34.198116","132.533426","0","3"
"34","L“‡Œ§","34202","ŒàŽs","342020023003","‰¹ŒË’¬’ØˆäŽO’š–Ú","34.197624","132.529277","0","3"
"34","L“‡Œ§","34202","ŒàŽs","342020024001","‰¹ŒË’¬“nŽqˆê’š–Ú","34.194427","132.522143","0","3"
"34","L“‡Œ§","34202","ŒàŽs","342020024002","‰¹ŒË’¬“nŽq“ñ’š–Ú","34.188953","132.516340","0","3"
"34","L“‡Œ§","34202","ŒàŽs","342020024003","‰¹ŒË’¬“nŽqŽO’š–Ú","34.187392","132.509978","0","3"
"34","L“‡Œ§","34202","ŒàŽs","342020025001","‰¹ŒË’¬”¨ˆê’š–Ú","34.165672","132.530095","0","3"
"34","L“‡Œ§","34202","ŒàŽs","342020025002","‰¹ŒË’¬”¨“ñ’š–Ú","34.168921","132.523695","0","3"
"34","L“‡Œ§","34202","ŒàŽs","342020025003","‰¹ŒË’¬”¨ŽO’š–Ú","34.162441","132.525048","0","3"
"34","L“‡Œ§","34202","ŒàŽs","342020026001","‰¹ŒË’¬”g‘½Œ©ˆê’š–Ú","34.185568","132.548412","0","3"
"34","L“‡Œ§","34202","ŒàŽs","342020026002","‰¹ŒË’¬”g‘½Œ©“ñ’š–Ú","34.182432","132.550816","0","3"
"34","L“‡Œ§","34202","ŒàŽs","342020026003","‰¹ŒË’¬”g‘½Œ©ŽO’š–Ú","34.180076","132.548716","0","3"
"34","L“‡Œ§","34202","ŒàŽs","342020026004","‰¹ŒË’¬”g‘½Œ©Žl’š–Ú","34.178067","132.551288","0","3"
"34","L“‡Œ§","34202","ŒàŽs","342020026005","‰¹ŒË’¬”g‘½Œ©ŒÜ’š–Ú","34.179426","132.553997","0","3"
"34","L“‡Œ§","34202","ŒàŽs","342020026006","‰¹ŒË’¬”g‘½Œ©˜Z’š–Ú","34.174605","132.554331","0","3"
"34","L“‡Œ§","34202","ŒàŽs","342020026007","‰¹ŒË’¬”g‘½Œ©Žµ’š–Ú","34.176356","132.551537","0","3"
"34","L“‡Œ§","34202","ŒàŽs","342020026008","‰¹ŒË’¬”g‘½Œ©”ª’š–Ú","34.177656","132.546788","0","3"
"34","L“‡Œ§","34202","ŒàŽs","342020026009","‰¹ŒË’¬”g‘½Œ©‹ã’š–Ú","34.175314","132.542749","0","3"
"34","L“‡Œ§","34202","ŒàŽs","342020026010","‰¹ŒË’¬”g‘½Œ©\’š–Ú","34.171065","132.537475","0","3"
"34","L“‡Œ§","34202","ŒàŽs","342020026011","‰¹ŒË’¬”g‘½Œ©\ˆê’š–Ú","34.167974","132.539148","0","3"
"34","L“‡Œ§","34202","ŒàŽs","342020027001","‰¹ŒË’¬‘£ˆê’š–Ú","34.161118","132.495779","0","3"
"34","L“‡Œ§","34202","ŒàŽs","342020027002","‰¹ŒË’¬‘£“ñ’š–Ú","34.153349","132.495567","0","3"
"34","L“‡Œ§","34202","ŒàŽs","342020027003","‰¹ŒË’¬‘£ŽO’š–Ú","34.149378","132.497383","0","3"
"34","L“‡Œ§","34202","ŒàŽs","342020028001","‰¹ŒË’¬ˆø’nˆê’š–Ú","34.195869","132.536216","0","3"
"34","L“‡Œ§","34202","ŒàŽs","342020028002","‰¹ŒË’¬ˆø’n“ñ’š–Ú","34.196633","132.534436","0","3"
"34","L“‡Œ§","34202","ŒàŽs","342020029001","‰¹ŒË’¬“¡˜eˆê’š–Ú","34.150050","132.511041","0","3"
"34","L“‡Œ§","34202","ŒàŽs","342020029002","‰¹ŒË’¬“¡˜e“ñ’š–Ú","34.148497","132.506174","0","3"
"34","L“‡Œ§","34202","ŒàŽs","342020029003","‰¹ŒË’¬“¡˜eŽO’š–Ú","34.148349","132.502593","0","3"
"34","L“‡Œ§","34202","ŒàŽs","342020030001","‰¹ŒË’¬“ì‰B“nˆê’š–Ú","34.187770","132.533429","0","3"
"34","L“‡Œ§","34202","ŒàŽs","342020030002","‰¹ŒË’¬“ì‰B“n“ñ’š–Ú","34.187556","132.530281","0","3"
"34","L“‡Œ§","34202","ŒàŽs","342020030003","‰¹ŒË’¬“ì‰B“nŽO’š–Ú","34.185655","132.532122","0","3"
"34","L“‡Œ§","34202","ŒàŽs","342020030004","‰¹ŒË’¬“ì‰B“nŽl’š–Ú","34.183414","132.529479","0","3"
"34","L“‡Œ§","34202","ŒàŽs","342020031001","ŠCŠÝˆê’š–Ú","34.244749","132.548198","0","3"
"34","L“‡Œ§","34202","ŒàŽs","342020031002","ŠCŠÝ“ñ’š–Ú","34.246582","132.545499","0","3"
"34","L“‡Œ§","34202","ŒàŽs","342020031003","ŠCŠÝŽO’š–Ú","34.247467","132.542063","0","3"
"34","L“‡Œ§","34202","ŒàŽs","342020031004","ŠCŠÝŽl’š–Ú","34.247626","132.538551","0","3"
"34","L“‡Œ§","34202","ŒàŽs","342020032000","Š—Š ’¬‘å‰Y","34.175978","132.743062","0","1"
"34","L“‡Œ§","34202","ŒàŽs","342020033000","Š—Š ’¬“cŒË","34.188240","132.717321","0","1"
"34","L“‡Œ§","34202","ŒàŽs","342020034000","Š—Š ’¬‹{·","34.188960","132.738208","0","1"
"34","L“‡Œ§","34202","ŒàŽs","342020035000","Š—Š ’¬Œü","34.191549","132.699005","0","1"
"34","L“‡Œ§","34202","ŒàŽs","342020036000","ã“à_’¬","34.260200","132.565867","0","1"
"34","L“‡Œ§","34202","ŒàŽs","342020037000","ã’·”—’¬","34.244416","132.579141","0","1"
"34","L“‡Œ§","34202","ŒàŽs","342020038000","ã“ñ‰Í’¬","34.260331","132.561623","0","1"
"34","L“‡Œ§","34202","ŒàŽs","342020039000","ã”¨’¬","34.258203","132.587774","0","1"
"34","L“‡Œ§","34202","ŒàŽs","342020040000","ã•½Œ´’¬","34.257489","132.583781","0","1"
"34","L“‡Œ§","34202","ŒàŽs","342020041000","ãŽR“c’¬","34.256566","132.576509","0","1"
"34","L“‡Œ§","34202","ŒàŽs","342020042000","Žë—¯‰ê’¬","34.266555","132.514984","0","1"
"34","L“‡Œ§","34202","ŒàŽs","342020043000","ìK’¬”Â‹x","34.253728","132.674544","0","1"
"34","L“‡Œ§","34202","ŒàŽs","342020044000","ìK’¬ŠâŒË","34.224151","132.683059","0","1"
"34","L“‡Œ§","34202","ŒàŽs","342020045000","ìK’¬ŒãŒœ","34.241683","132.670422","0","1"
"34","L“‡Œ§","34202","ŒàŽs","342020046000","ìK’¬‘åŒ´","34.253410","132.695004","0","1"
"34","L“‡Œ§","34202","ŒàŽs","342020047000","ìK’¬‘åŒ©ã","34.250625","132.688751","0","1"
"34","L“‡Œ§","34202","ŒàŽs","342020048000","ìK’¬‰«“c","34.230326","132.687405","0","1"
"34","L“‡Œ§","34202","ŒàŽs","342020049000","ìK’¬”","34.220408","132.696541","0","1"
"34","L“‡Œ§","34202","ŒàŽs","342020050000","ìK’¬ã”¨","34.242082","132.680180","0","1"
"34","L“‡Œ§","34202","ŒàŽs","342020051001","ìK’¬‹v‹Øˆê’š–Ú","34.241774","132.699021","0","3"
"34","L“‡Œ§","34202","ŒàŽs","342020051002","ìK’¬‹v‹Ø“ñ’š–Ú","34.243278","132.702453","0","3"
"34","L“‡Œ§","34202","ŒàŽs","342020051003","ìK’¬‹v‹ØŽO’š–Ú","34.244574","132.698132","0","3"
"34","L“‡Œ§","34202","ŒàŽs","342020052001","ìK’¬‹vrˆê’š–Ú","34.239617","132.694464","0","3"
"34","L“‡Œ§","34202","ŒàŽs","342020052002","ìK’¬‹vr“ñ’š–Ú","34.240214","132.697317","0","3"
"34","L“‡Œ§","34202","ŒàŽs","342020052003","ìK’¬‹vrŽO’š–Ú","34.244025","132.694984","0","3"
"34","L“‡Œ§","34202","ŒàŽs","342020053000","ìK’¬¬m•û","34.219200","132.677144","0","1"
"34","L“‡Œ§","34202","ŒàŽs","342020054001","ìK’¬¬m•ûˆê’š–Ú","34.213984","132.680785","0","3"
"34","L“‡Œ§","34202","ŒàŽs","342020054002","ìK’¬¬m•û“ñ’š–Ú","34.217354","132.678555","0","3"
"34","L“‡Œ§","34202","ŒàŽs","342020055000","ìK’¬¬”¨","34.249620","132.698553","0","1"
"34","L“‡Œ§","34202","ŒàŽs","342020056000","ìK’¬¬—p","34.241969","132.716947","0","1"
"34","L“‡Œ§","34202","ŒàŽs","342020057001","ìK’¬¬—pˆê’š–Ú","34.241201","132.718779","0","3"
"34","L“‡Œ§","34202","ŒàŽs","342020057002","ìK’¬¬—p“ñ’š–Ú","34.241640","132.721228","0","3"
"34","L“‡Œ§","34202","ŒàŽs","342020058000","ìK’¬Ë–ì’J","34.229302","132.672905","0","1"
"34","L“‡Œ§","34202","ŒàŽs","342020059000","ìK’¬Š¦•—","34.241742","132.713775","0","1"
"34","L“‡Œ§","34202","ŒàŽs","342020060000","ìK’¬^Œõ’n","34.249588","132.704072","0","1"
"34","L“‡Œ§","34202","ŒàŽs","342020061000","ìK’¬Ž›“c","34.241923","132.686676","0","1"
"34","L“‡Œ§","34202","ŒàŽs","342020062001","ìK’¬¼ˆê’š–Ú","34.231627","132.694239","0","3"
"34","L“‡Œ§","34202","ŒàŽs","342020062002","ìK’¬¼“ñ’š–Ú","34.233675","132.692507","0","3"
"34","L“‡Œ§","34202","ŒàŽs","342020062003","ìK’¬¼ŽO’š–Ú","34.231497","132.689211","0","3"
"34","L“‡Œ§","34202","ŒàŽs","342020062004","ìK’¬¼Žl’š–Ú","34.226982","132.688624","0","3"
"34","L“‡Œ§","34202","ŒàŽs","342020062005","ìK’¬¼ŒÜ’š–Ú","34.225461","132.689977","0","3"
"34","L“‡Œ§","34202","ŒàŽs","342020062006","ìK’¬¼˜Z’š–Ú","34.217941","132.684021","0","3"
"34","L“‡Œ§","34202","ŒàŽs","342020063000","ìK’¬“êŒJ","34.245296","132.705245","0","1"
"34","L“‡Œ§","34202","ŒàŽs","342020064000","ìK’¬Œ´ŽR","34.243013","132.684320","0","1"
"34","L“‡Œ§","34202","ŒàŽs","342020065001","ìK’¬Œ´ŽRˆê’š–Ú","34.239255","132.686435","0","3"
"34","L“‡Œ§","34202","ŒàŽs","342020065002","ìK’¬Œ´ŽR“ñ’š–Ú","34.238330","132.683648","0","3"
"34","L“‡Œ§","34202","ŒàŽs","342020065003","ìK’¬Œ´ŽRŽO’š–Ú","34.237882","132.681052","0","3"
"34","L“‡Œ§","34202","ŒàŽs","342020066001","ìK’¬“Œˆê’š–Ú","34.235920","132.698148","0","3"
"34","L“‡Œ§","34202","ŒàŽs","342020066002","ìK’¬“Œ“ñ’š–Ú","34.238225","132.704746","0","3"
"34","L“‡Œ§","34202","ŒàŽs","342020066003","ìK’¬“ŒŽO’š–Ú","34.237196","132.696913","0","3"
"34","L“‡Œ§","34202","ŒàŽs","342020066004","ìK’¬“ŒŽl’š–Ú","34.238824","132.700820","0","3"
"34","L“‡Œ§","34202","ŒàŽs","342020067000","ìK’¬…—Ž","34.240222","132.712965","0","1"
"34","L“‡Œ§","34202","ŒàŽs","342020068000","ìK’¬Œü“c","34.241011","132.709218","0","1"
"34","L“‡Œ§","34202","ŒàŽs","342020069001","ìK’¬Xˆê’š–Ú","34.239259","132.691078","0","3"
"34","L“‡Œ§","34202","ŒàŽs","342020069002","ìK’¬X“ñ’š–Ú","34.235169","132.690566","0","3"
"34","L“‡Œ§","34202","ŒàŽs","342020069003","ìK’¬XŽO’š–Ú","34.234493","132.688252","0","3"
"34","L“‡Œ§","34202","ŒàŽs","342020069004","ìK’¬XŽl’š–Ú","34.231764","132.685869","0","3"
"34","L“‡Œ§","34202","ŒàŽs","342020070000","ìK’¬–ö”—","34.230242","132.677637","0","1"
"34","L“‡Œ§","34202","ŒàŽs","342020071000","ìK’¬—vŠ_“à","34.253623","132.690141","0","1"
"34","L“‡Œ§","34202","ŒàŽs","342020072000","ìK’¬—³‰¤ŽR","34.242128","132.725111","0","1"
"34","L“‡Œ§","34202","ŒàŽs","342020073000","_Œ´’¬","34.229563","132.566827","0","1"
"34","L“‡Œ§","34202","ŒàŽs","342020074000","–k‰–‰®’¬","34.255234","132.543750","0","1"
"34","L“‡Œ§","34202","ŒàŽs","342020075000","‘q‹´’¬","34.117711","132.502464","0","1"
"34","L“‡Œ§","34202","ŒàŽs","342020076001","ŒxŒÅ‰®ˆê’š–Ú","34.218669","132.547326","0","3"
"34","L“‡Œ§","34202","ŒàŽs","342020076002","ŒxŒÅ‰®“ñ’š–Ú","34.214504","132.544484","0","3"
"34","L“‡Œ§","34202","ŒàŽs","342020076003","ŒxŒÅ‰®ŽO’š–Ú","34.213763","132.547736","0","3"
"34","L“‡Œ§","34202","ŒàŽs","342020076004","ŒxŒÅ‰®Žl’š–Ú","34.211038","132.545443","0","3"
"34","L“‡Œ§","34202","ŒàŽs","342020076005","ŒxŒÅ‰®ŒÜ’š–Ú","34.207793","132.544771","0","3"
"34","L“‡Œ§","34202","ŒàŽs","342020076006","ŒxŒÅ‰®˜Z’š–Ú","34.203689","132.544193","0","3"
"34","L“‡Œ§","34202","ŒàŽs","342020076007","ŒxŒÅ‰®Žµ’š–Ú","34.199575","132.543042","0","3"
"34","L“‡Œ§","34202","ŒàŽs","342020076008","ŒxŒÅ‰®”ª’š–Ú","34.196782","132.540734","0","3"
"34","L“‡Œ§","34202","ŒàŽs","342020076009","ŒxŒÅ‰®‹ã’š–Ú","34.197178","132.554560","0","3"
"34","L“‡Œ§","34202","ŒàŽs","342020077000","ŒxŒÅ‰®’¬","34.207154","132.553673","0","1"
"34","L“‡Œ§","34202","ŒàŽs","342020078000","‹½Œ´’¬","34.291423","132.616542","0","1"
"34","L“‡Œ§","34202","ŒàŽs","342020079001","‹½Œ´–ì˜H‚Ì—¢ˆê’š–Ú","34.298929","132.647894","0","3"
"34","L“‡Œ§","34202","ŒàŽs","342020079002","‹½Œ´–ì˜H‚Ì—¢“ñ’š–Ú","34.300546","132.652097","0","3"
"34","L“‡Œ§","34202","ŒàŽs","342020080001","‹½Œ´Šw‚Ñ‚Ì‹uˆê’š–Ú","34.287859","132.639260","0","3"
"34","L“‡Œ§","34202","ŒàŽs","342020080002","‹½Œ´Šw‚Ñ‚Ì‹u“ñ’š–Ú","34.291148","132.639492","0","3"
"34","L“‡Œ§","34202","ŒàŽs","342020081000","‹½’¬","34.254812","132.569309","0","1"
"34","L“‡Œ§","34202","ŒàŽs","342020082000","K’¬","34.238452","132.560891","0","1"
"34","L“‡Œ§","34202","ŒàŽs","342020083001","ŽOðˆê’š–Ú","34.245220","132.551413","0","3"
"34","L“‡Œ§","34202","ŒàŽs","342020083002","ŽOð“ñ’š–Ú","34.246969","132.552992","0","3"
"34","L“‡Œ§","34202","ŒàŽs","342020083003","ŽOðŽO’š–Ú","34.248549","132.554428","0","3"
"34","L“‡Œ§","34202","ŒàŽs","342020083004","ŽOðŽl’š–Ú","34.249937","132.555850","0","3"
"34","L“‡Œ§","34202","ŒàŽs","342020084000","ŽO˜a’¬","34.240496","132.572214","0","1"
"34","L“‡Œ§","34202","ŒàŽs","342020085000","Ž¬Œ©’¬","34.279208","132.519569","0","1"
"34","L“‡Œ§","34202","ŒàŽs","342020086001","´…ˆê’š–Ú","34.241603","132.568318","0","3"
"34","L“‡Œ§","34202","ŒàŽs","342020086002","´…“ñ’š–Ú","34.237835","132.570455","0","3"
"34","L“‡Œ§","34202","ŒàŽs","342020086003","´…ŽO’š–Ú","34.237309","132.576177","0","3"
"34","L“‡Œ§","34202","ŒàŽs","342020087000","‰ºŠ—Š ’¬‘å’n‘ ","34.175287","132.664227","0","1"
"34","L“‡Œ§","34202","ŒàŽs","342020088000","‰ºŠ—Š ’¬ŽO”V£","34.188266","132.681835","0","1"
"34","L“‡Œ§","34202","ŒàŽs","342020089000","‰ºŠ—Š ’¬‰º“‡","34.186751","132.664186","0","1"
"34","L“‡Œ§","34202","ŒàŽs","342020090000","‰ºŽR“c’¬","34.253526","132.573894","0","1"
"34","L“‡Œ§","34202","ŒàŽs","342020091000","º˜a’¬","34.225568","132.541273","0","1"
"34","L“‡Œ§","34202","ŒàŽs","342020092000","V‹{’¬","34.250662","132.537614","0","1"
"34","L“‡Œ§","34202","ŒàŽs","342020093001","_ŽRˆê’š–Ú","34.278881","132.571793","0","3"
"34","L“‡Œ§","34202","ŒàŽs","342020093002","_ŽR“ñ’š–Ú","34.282323","132.573999","0","3"
"34","L“‡Œ§","34202","ŒàŽs","342020093003","_ŽRŽO’š–Ú","34.284516","132.569346","0","3"
"34","L“‡Œ§","34202","ŒàŽs","342020094000","£ŒËŒ©’¬","34.249252","132.534372","0","1"
"34","L“‡Œ§","34202","ŒàŽs","342020095000","‘‘ŽR“c‘º","34.265338","132.560511","0","1"
"34","L“‡Œ§","34202","ŒàŽs","342020096000","•ó’¬","34.243471","132.555839","0","1"
"34","L“‡Œ§","34202","ŒàŽs","342020097001","’†‰›ˆê’š–Ú","34.244975","132.560053","0","3"
"34","L“‡Œ§","34202","ŒàŽs","342020097002","’†‰›“ñ’š–Ú","34.246284","132.561247","0","3"
"34","L“‡Œ§","34202","ŒàŽs","342020097003","’†‰›ŽO’š–Ú","34.247910","132.563047","0","3"
"34","L“‡Œ§","34202","ŒàŽs","342020097004","’†‰›Žl’š–Ú","34.249350","132.564796","0","3"
"34","L“‡Œ§","34202","ŒàŽs","342020097005","’†‰›ŒÜ’š–Ú","34.251278","132.565606","0","3"
"34","L“‡Œ§","34202","ŒàŽs","342020097006","’†‰›˜Z’š–Ú","34.250564","132.567716","0","3"
"34","L“‡Œ§","34202","ŒàŽs","342020097007","’†‰›Žµ’š–Ú","34.253025","132.568756","0","3"
"34","L“‡Œ§","34202","ŒàŽs","342020098000","’z’n’¬","34.243116","132.548294","0","1"
"34","L“‡Œ§","34202","ŒàŽs","342020099000","’Øƒm“à’¬","34.222761","132.553221","0","1"
"34","L“‡Œ§","34202","ŒàŽs","342020100000","Ž›–{’¬","34.247368","132.573403","0","1"
"34","L“‡Œ§","34202","ŒàŽs","342020101001","“V‰ž‘å•lˆê’š–Ú","34.286191","132.514936","0","3"
"34","L“‡Œ§","34202","ŒàŽs","342020101002","“V‰ž‘å•l“ñ’š–Ú","34.288051","132.515663","0","3"
"34","L“‡Œ§","34202","ŒàŽs","342020101003","“V‰ž‘å•lŽO’š–Ú","34.290430","132.511500","0","3"
"34","L“‡Œ§","34202","ŒàŽs","342020101004","“V‰ž‘å•lŽl’š–Ú","34.294130","132.508150","0","3"
"34","L“‡Œ§","34202","ŒàŽs","342020102000","“V‰ž‰–’J’¬","34.282767","132.520235","0","1"
"34","L“‡Œ§","34202","ŒàŽs","342020103000","“V‰ž’¬","34.291988","132.531656","0","1"
"34","L“‡Œ§","34202","ŒàŽs","342020104000","“V‰ž“`\Œ´’¬","34.291800","132.514642","0","1"
"34","L“‡Œ§","34202","ŒàŽs","342020105001","“V‰ž¼ðˆê’š–Ú","34.287890","132.519755","0","3"
"34","L“‡Œ§","34202","ŒàŽs","342020105002","“V‰ž¼ð“ñ’š–Ú","34.289877","132.518095","0","3"
"34","L“‡Œ§","34202","ŒàŽs","342020105003","“V‰ž¼ðŽO’š–Ú","34.290961","132.521794","0","3"
"34","L“‡Œ§","34202","ŒàŽs","342020105004","“V‰ž¼ðŽl’š–Ú","34.290075","132.526188","0","3"
"34","L“‡Œ§","34202","ŒàŽs","342020106001","“V‰ž“Œ‹v•Ûˆê’š–Ú","34.285986","132.522371","0","3"
"34","L“‡Œ§","34202","ŒàŽs","342020106002","“V‰ž“Œ‹v•Û“ñ’š–Ú","34.288425","132.523916","0","3"
"34","L“‡Œ§","34202","ŒàŽs","342020107000","“V‰ž•Ÿ‰Y’¬","34.295751","132.510011","0","1"
"34","L“‡Œ§","34202","ŒàŽs","342020108000","“V‰ž“ì’¬","34.285341","132.517057","0","1"
"34","L“‡Œ§","34202","ŒàŽs","342020109000","“V‰ž‹{’¬","34.285622","132.519427","0","1"
"34","L“‡Œ§","34202","ŒàŽs","342020110000","“ÈŒ´’¬","34.279815","132.585652","0","1"
"34","L“‡Œ§","34202","ŒàŽs","342020111000","–L•l’¬‘åŽšÖ“‡","34.118076","132.793577","0","1"
"34","L“‡Œ§","34202","ŒàŽs","342020112000","–L•l’¬‘åŽš‘å•l","34.165743","132.814779","0","1"
"34","L“‡Œ§","34202","ŒàŽs","342020113000","–L•l’¬‘åŽš–L“‡","34.175031","132.785169","0","1"
"34","L“‡Œ§","34202","ŒàŽs","342020114000","•c‘ã’¬","34.300448","132.583492","0","1"
"34","L“‡Œ§","34202","ŒàŽs","342020115000","’·”—’¬","34.248460","132.577068","0","1"
"34","L“‡Œ§","34202","ŒàŽs","342020116000","’·’J’¬","34.273915","132.524308","0","1"
"34","L“‡Œ§","34202","ŒàŽs","342020117001","’†’Êˆê’š–Ú","34.243034","132.561830","0","3"
"34","L“‡Œ§","34202","ŒàŽs","342020117002","’†’Ê“ñ’š–Ú","34.244640","132.563604","0","3"
"34","L“‡Œ§","34202","ŒàŽs","342020117003","’†’ÊŽO’š–Ú","34.245900","132.565014","0","3"
"34","L“‡Œ§","34202","ŒàŽs","342020117004","’†’ÊŽl’š–Ú","34.247323","132.566506","0","3"
"34","L“‡Œ§","34202","ŒàŽs","342020118000","’·ƒm–Ø’¬","34.254362","132.573143","0","1"
"34","L“‡Œ§","34202","ŒàŽs","342020119000","m•û‘åÎ’¬","34.224911","132.660607","0","1"
"34","L“‡Œ§","34202","ŒàŽs","342020120000","m•ûŽV‹´’Ê","34.219316","132.656072","0","1"
"34","L“‡Œ§","34202","ŒàŽs","342020121000","m•û’¬","34.234419","132.661904","0","1"
"34","L“‡Œ§","34202","ŒàŽs","342020122000","m•û’†‹Ø’¬","34.232949","132.652869","0","1"
"34","L“‡Œ§","34202","ŒàŽs","342020123000","m•û¼_’¬","34.226706","132.648437","0","1"
"34","L“‡Œ§","34202","ŒàŽs","342020124000","m•û‹Ñ’¬","34.219283","132.652178","0","1"
"34","L“‡Œ§","34202","ŒàŽs","342020125001","m•û–{’¬ˆê’š–Ú","34.225885","132.654391","0","3"
"34","L“‡Œ§","34202","ŒàŽs","342020125002","m•û–{’¬“ñ’š–Ú","34.224106","132.657027","0","3"
"34","L“‡Œ§","34202","ŒàŽs","342020125003","m•û–{’¬ŽO’š–Ú","34.219354","132.662275","0","3"
"34","L“‡Œ§","34202","ŒàŽs","342020126000","m•ûŠFŽÀ’¬","34.213073","132.657244","0","1"
"34","L“‡Œ§","34202","ŒàŽs","342020127000","m•û‹{ã’¬","34.233879","132.648027","0","1"
"34","L“‡Œ§","34202","ŒàŽs","342020128000","“ñ‰Í‹¬’¬","34.261389","132.560404","0","1"
"34","L“‡Œ§","34202","ŒàŽs","342020129000","“ñ‰Í’¬","34.255288","132.562303","0","1"
"34","L“‡Œ§","34202","ŒàŽs","342020130000","¼ˆ¤“†’¬","34.251215","132.551571","0","1"
"34","L“‡Œ§","34202","ŒàŽs","342020131000","¼•ÐŽR’¬","34.254942","132.565078","0","1"
"34","L“‡Œ§","34202","ŒàŽs","342020132000","¼ìŒ´Î’¬","34.250733","132.545353","0","1"
"34","L“‡Œ§","34202","ŒàŽs","342020133000","¼‰–‰®’¬","34.251349","132.540319","0","1"
"34","L“‡Œ§","34202","ŒàŽs","342020134001","¼Ž­“cˆê’š–Ú","34.247726","132.580040","0","3"
"34","L“‡Œ§","34202","ŒàŽs","342020134002","¼Ž­“c“ñ’š–Ú","34.248381","132.581095","0","3"
"34","L“‡Œ§","34202","ŒàŽs","342020135000","¼‘y•t’¬","34.263196","132.572759","0","1"
"34","L“‡Œ§","34202","ŒàŽs","342020136001","¼’Cìˆê’š–Ú","34.256871","132.570322","0","3"
"34","L“‡Œ§","34202","ŒàŽs","342020136002","¼’Cì“ñ’š–Ú","34.259803","132.570609","0","3"
"34","L“‡Œ§","34202","ŒàŽs","342020137000","¼’J’¬","34.260194","132.579302","0","1"
"34","L“‡Œ§","34202","ŒàŽs","342020138001","¼’†‰›ˆê’š–Ú","34.246571","132.557549","0","3"
"34","L“‡Œ§","34202","ŒàŽs","342020138002","¼’†‰›“ñ’š–Ú","34.248149","132.558571","0","3"
"34","L“‡Œ§","34202","ŒàŽs","342020138003","¼’†‰›ŽO’š–Ú","34.249681","132.560198","0","3"
"34","L“‡Œ§","34202","ŒàŽs","342020138004","¼’†‰›Žl’š–Ú","34.251779","132.560839","0","3"
"34","L“‡Œ§","34202","ŒàŽs","342020138005","¼’†‰›ŒÜ’š–Ú","34.252752","132.563658","0","3"
"34","L“‡Œ§","34202","ŒàŽs","342020139000","¼”¨’¬","34.253725","132.584596","0","1"
"34","L“‡Œ§","34202","ŒàŽs","342020140000","¼ŽO’Ã“c’¬","34.252691","132.554273","0","1"
"34","L“‡Œ§","34202","ŒàŽs","342020141000","°ŠC’¬","34.246481","132.531507","0","1"
"34","L“‡Œ§","34202","ŒàŽs","342020142000","“Œˆ¤“†’¬","34.252368","132.552944","0","1"
"34","L“‡Œ§","34202","ŒàŽs","342020143000","“Œ•ÐŽR’¬","34.253546","132.566431","0","1"
"34","L“‡Œ§","34202","ŒàŽs","342020144000","“ŒìŒ´Î’¬","34.247976","132.546722","0","1"
"34","L“‡Œ§","34202","ŒàŽs","342020145000","“Œ‰–‰®’¬","34.251775","132.542332","0","1"
"34","L“‡Œ§","34202","ŒàŽs","342020146000","“ŒŽ­“c’¬","34.249224","132.583881","0","1"
"34","L“‡Œ§","34202","ŒàŽs","342020147000","“Œ‘y•t’¬","34.266923","132.580381","0","1"
"34","L“‡Œ§","34202","ŒàŽs","342020148000","“Œ’Cì’¬","34.258645","132.572910","0","1"
"34","L“‡Œ§","34202","ŒàŽs","342020149001","“Œ’†‰›ˆê’š–Ú","34.250062","132.569793","0","3"
"34","L“‡Œ§","34202","ŒàŽs","342020149002","“Œ’†‰›“ñ’š–Ú","34.251876","132.570527","0","3"
"34","L“‡Œ§","34202","ŒàŽs","342020149003","“Œ’†‰›ŽO’š–Ú","34.253769","132.570940","0","3"
"34","L“‡Œ§","34202","ŒàŽs","342020149004","“Œ’†‰›Žl’š–Ú","34.255324","132.571422","0","3"
"34","L“‡Œ§","34202","ŒàŽs","342020150001","“Œ”¨ˆê’š–Ú","34.250989","132.587005","0","3"
"34","L“‡Œ§","34202","ŒàŽs","342020150002","“Œ”¨“ñ’š–Ú","34.253443","132.586974","0","3"
"34","L“‡Œ§","34202","ŒàŽs","342020151000","“ŒŽO’Ã“c’¬","34.253173","132.555921","0","1"
"34","L“‡Œ§","34202","ŒàŽs","342020152000","Œõ’¬","34.244563","132.535480","0","1"
"34","L“‡Œ§","34202","ŒàŽs","342020153000","•½Œ´’¬","34.254977","132.580661","0","1"
"34","L“‡Œ§","34202","ŒàŽs","342020154001","LÎ“àˆê’š–Ú","34.262612","132.631538","0","3"
"34","L“‡Œ§","34202","ŒàŽs","342020154002","LÎ“à“ñ’š–Ú","34.263909","132.629852","0","3"
"34","L“‡Œ§","34202","ŒàŽs","342020154003","LÎ“àŽO’š–Ú","34.266977","132.632575","0","3"
"34","L“‡Œ§","34202","ŒàŽs","342020154004","LÎ“àŽl’š–Ú","34.271359","132.634813","0","3"
"34","L“‡Œ§","34202","ŒàŽs","342020155001","L‰w‘Oˆê’š–Ú","34.230991","132.628326","0","3"
"34","L“‡Œ§","34202","ŒàŽs","342020155002","L‰w‘O“ñ’š–Ú","34.230150","132.631440","0","3"
"34","L“‡Œ§","34202","ŒàŽs","342020156000","L‰©”¦’¬","34.216165","132.617542","0","1"
"34","L“‡Œ§","34202","ŒàŽs","342020157001","L‘åVŠJˆê’š–Ú","34.232155","132.624882","0","3"
"34","L“‡Œ§","34202","ŒàŽs","342020157002","L‘åVŠJ“ñ’š–Ú","34.235586","132.626358","0","3"
"34","L“‡Œ§","34202","ŒàŽs","342020157003","L‘åVŠJŽO’š–Ú","34.234557","132.629729","0","3"
"34","L“‡Œ§","34202","ŒàŽs","342020158000","LY–{’¬","34.238741","132.627993","0","1"
"34","L“‡Œ§","34202","ŒàŽs","342020159001","LŒÃVŠJˆê’š–Ú","34.233759","132.617880","0","3"
"34","L“‡Œ§","34202","ŒàŽs","342020159002","LŒÃVŠJ“ñ’š–Ú","34.234422","132.615346","0","3"
"34","L“‡Œ§","34202","ŒàŽs","342020159003","LŒÃVŠJŽO’š–Ú","34.236708","132.612051","0","3"
"34","L“‡Œ§","34202","ŒàŽs","342020159004","LŒÃVŠJŽl’š–Ú","34.239081","132.613580","0","3"
"34","L“‡Œ§","34202","ŒàŽs","342020159005","LŒÃVŠJŒÜ’š–Ú","34.238320","132.617235","0","3"
"34","L“‡Œ§","34202","ŒàŽs","342020159006","LŒÃVŠJ˜Z’š–Ú","34.237556","132.619805","0","3"
"34","L“‡Œ§","34202","ŒàŽs","342020159007","LŒÃVŠJŽµ’š–Ú","34.241215","132.618024","0","3"
"34","L“‡Œ§","34202","ŒàŽs","342020159008","LŒÃVŠJ”ª’š–Ú","34.242518","132.622093","0","3"
"34","L“‡Œ§","34202","ŒàŽs","342020159009","LŒÃVŠJ‹ã’š–Ú","34.243737","132.624906","0","3"
"34","L“‡Œ§","34202","ŒàŽs","342020160001","L¬’Øˆê’š–Ú","34.208095","132.635998","0","3"
"34","L“‡Œ§","34202","ŒàŽs","342020160002","L¬’Ø“ñ’š–Ú","34.203957","132.640703","0","3"
"34","L“‡Œ§","34202","ŒàŽs","342020161001","L‰–Äˆê’š–Ú","34.250852","132.631280","0","3"
"34","L“‡Œ§","34202","ŒàŽs","342020161002","L‰–Ä“ñ’š–Ú","34.253536","132.631531","0","3"
"34","L“‡Œ§","34202","ŒàŽs","342020162001","L”’Îˆê’š–Ú","34.229335","132.633974","0","3"
"34","L“‡Œ§","34202","ŒàŽs","342020162002","L”’Î“ñ’š–Ú","34.228020","132.636314","0","3"
"34","L“‡Œ§","34202","ŒàŽs","342020162003","L”’ÎŽO’š–Ú","34.230199","132.637405","0","3"
"34","L“‡Œ§","34202","ŒàŽs","342020162004","L”’ÎŽl’š–Ú","34.226020","132.641670","0","3"
"34","L“‡Œ§","34202","ŒàŽs","342020163001","L”’Šxˆê’š–Ú","34.226324","132.631244","0","3"
"34","L“‡Œ§","34202","ŒàŽs","342020163002","L”’Šx“ñ’š–Ú","34.224936","132.636282","0","3"
"34","L“‡Œ§","34202","ŒàŽs","342020163003","L”’ŠxŽO’š–Ú","34.223679","132.633200","0","3"
"34","L“‡Œ§","34202","ŒàŽs","342020163004","L”’ŠxŽl’š–Ú","34.219533","132.634573","0","3"
"34","L“‡Œ§","34202","ŒàŽs","342020163005","L”’ŠxŒÜ’š–Ú","34.223292","132.637886","0","3"
"34","L“‡Œ§","34202","ŒàŽs","342020163006","L”’Šx˜Z’š–Ú","34.222804","132.641585","0","3"
"34","L“‡Œ§","34202","ŒàŽs","342020164001","L––Lˆê’š–Ú","34.229383","132.620267","0","3"
"34","L“‡Œ§","34202","ŒàŽs","342020164002","L––L“ñ’š–Ú","34.224488","132.619181","0","3"
"34","L“‡Œ§","34202","ŒàŽs","342020165001","L‘½‰ê’Jˆê’š–Ú","34.231028","132.611873","0","3"
"34","L“‡Œ§","34202","ŒàŽs","342020165002","L‘½‰ê’J“ñ’š–Ú","34.228249","132.610478","0","3"
"34","L“‡Œ§","34202","ŒàŽs","342020165003","L‘½‰ê’JŽO’š–Ú","34.225074","132.609616","0","3"
"34","L“‡Œ§","34202","ŒàŽs","342020165004","L‘½‰ê’JŽl’š–Ú","34.221000","132.606818","0","3"
"34","L“‡Œ§","34202","ŒàŽs","342020166000","L’Ã‹v–Î’¬","34.220267","132.622151","0","1"
"34","L“‡Œ§","34202","ŒàŽs","342020167000","L“¿ŠÛ’¬","34.257789","132.631819","0","1"
"34","L“‡Œ§","34202","ŒàŽs","342020168000","L’†”—’¬","34.247772","132.630203","0","1"
"34","L“‡Œ§","34202","ŒàŽs","342020169001","L’†VŠJˆê’š–Ú","34.240842","132.626915","0","3"
"34","L“‡Œ§","34202","ŒàŽs","342020169002","L’†VŠJ“ñ’š–Ú","34.239631","132.624089","0","3"
"34","L“‡Œ§","34202","ŒàŽs","342020169003","L’†VŠJŽO’š–Ú","34.242054","132.625997","0","3"
"34","L“‡Œ§","34202","ŒàŽs","342020170000","L’†’¬","34.229161","132.627431","0","1"
"34","L“‡Œ§","34202","ŒàŽs","342020171001","L’·•lˆê’š–Ú","34.214717","132.619566","0","3"
"34","L“‡Œ§","34202","ŒàŽs","342020171002","L’·•l“ñ’š–Ú","34.215572","132.621529","0","3"
"34","L“‡Œ§","34202","ŒàŽs","342020171003","L’·•lŽO’š–Ú","34.214698","132.623486","0","3"
"34","L“‡Œ§","34202","ŒàŽs","342020171004","L’·•lŽl’š–Ú","34.212949","132.624410","0","3"
"34","L“‡Œ§","34202","ŒàŽs","342020171005","L’·•lŒÜ’š–Ú","34.209309","132.627956","0","3"
"34","L“‡Œ§","34202","ŒàŽs","342020172001","L–¼“cˆê’š–Ú","34.228313","132.625051","0","3"
"34","L“‡Œ§","34202","ŒàŽs","342020172002","L–¼“c“ñ’š–Ú","34.225451","132.627511","0","3"
"34","L“‡Œ§","34202","ŒàŽs","342020173000","L•¶‰»’¬","34.234508","132.610985","0","1"
"34","L“‡Œ§","34202","ŒàŽs","342020174001","L–{’¬ˆê’š–Ú","34.231839","132.620156","0","3"
"34","L“‡Œ§","34202","ŒàŽs","342020174002","L–{’¬“ñ’š–Ú","34.233862","132.621379","0","3"
"34","L“‡Œ§","34202","ŒàŽs","342020174003","L–{’¬ŽO’š–Ú","34.236679","132.622816","0","3"
"34","L“‡Œ§","34202","ŒàŽs","342020175000","L’¬","34.246621","132.609529","0","1"
"34","L“‡Œ§","34202","ŒàŽs","342020176001","L’¬“cˆê’š–Ú","34.252060","132.629236","0","3"
"34","L“‡Œ§","34202","ŒàŽs","342020176002","L’¬“c“ñ’š–Ú","34.257823","132.629077","0","3"
"34","L“‡Œ§","34202","ŒàŽs","342020177001","LŽOˆ°ˆê’š–Ú","34.245428","132.630674","0","3"
"34","L“‡Œ§","34202","ŒàŽs","342020177002","LŽOˆ°“ñ’š–Ú","34.248930","132.633202","0","3"
"34","L“‡Œ§","34202","ŒàŽs","342020178001","L‰¡˜Hˆê’š–Ú","34.237637","132.608601","0","3"
"34","L“‡Œ§","34202","ŒàŽs","342020178002","L‰¡˜H“ñ’š–Ú","34.242191","132.609469","0","3"
"34","L“‡Œ§","34202","ŒàŽs","342020178003","L‰¡˜HŽO’š–Ú","34.242403","132.612139","0","3"
"34","L“‡Œ§","34202","ŒàŽs","342020178004","L‰¡˜HŽl’š–Ú","34.243323","132.615758","0","3"
"34","L“‡Œ§","34202","ŒàŽs","342020179001","L‹g¼ˆê’š–Ú","34.238443","132.630697","0","3"
"34","L“‡Œ§","34202","ŒàŽs","342020179002","L‹g¼“ñ’š–Ú","34.242047","132.628898","0","3"
"34","L“‡Œ§","34202","ŒàŽs","342020180001","L—¼’Jˆê’š–Ú","34.232722","132.632060","0","3"
"34","L“‡Œ§","34202","ŒàŽs","342020180002","L—¼’J“ñ’š–Ú","34.233950","132.633838","0","3"
"34","L“‡Œ§","34202","ŒàŽs","342020180003","L—¼’JŽO’š–Ú","34.235714","132.631820","0","3"
"34","L“‡Œ§","34202","ŒàŽs","342020181001","•šŒ´ˆê’š–Ú","34.252885","132.575358","0","3"
"34","L“‡Œ§","34202","ŒàŽs","342020181002","•šŒ´“ñ’š–Ú","34.254286","132.576213","0","3"
"34","L“‡Œ§","34202","ŒàŽs","342020181003","•šŒ´ŽO’š–Ú","34.255541","132.578371","0","3"
"34","L“‡Œ§","34202","ŒàŽs","342020182000","‘DŒ©’¬","34.226048","132.553456","0","1"
"34","L“‡Œ§","34202","ŒàŽs","342020183000","–]’n’¬","34.258410","132.580804","0","1"
"34","L“‡Œ§","34202","ŒàŽs","342020184001","–{’Êˆê’š–Ú","34.242000","132.564236","0","3"
"34","L“‡Œ§","34202","ŒàŽs","342020184002","–{’Ê“ñ’š–Ú","34.243336","132.565561","0","3"
"34","L“‡Œ§","34202","ŒàŽs","342020184003","–{’ÊŽO’š–Ú","34.244801","132.566518","0","3"
"34","L“‡Œ§","34202","ŒàŽs","342020184004","–{’ÊŽl’š–Ú","34.246854","132.568478","0","3"
"34","L“‡Œ§","34202","ŒàŽs","342020184005","–{’ÊŒÜ’š–Ú","34.249312","132.571146","0","3"
"34","L“‡Œ§","34202","ŒàŽs","342020184006","–{’Ê˜Z’š–Ú","34.249774","132.573940","0","3"
"34","L“‡Œ§","34202","ŒàŽs","342020184007","–{’ÊŽµ’š–Ú","34.251371","132.576953","0","3"
"34","L“‡Œ§","34202","ŒàŽs","342020184008","–{’Ê”ª’š–Ú","34.250772","132.580170","0","3"
"34","L“‡Œ§","34202","ŒàŽs","342020185000","–{’¬","34.245300","132.568979","0","1"
"34","L“‡Œ§","34202","ŒàŽs","342020186001","“Iêˆê’š–Ú","34.217676","132.550476","0","3"
"34","L“‡Œ§","34202","ŒàŽs","342020186002","“Iê“ñ’š–Ú","34.214890","132.550036","0","3"
"34","L“‡Œ§","34202","ŒàŽs","342020186003","“IêŽO’š–Ú","34.212182","132.550072","0","3"
"34","L“‡Œ§","34202","ŒàŽs","342020186004","“IêŽl’š–Ú","34.210198","132.548258","0","3"
"34","L“‡Œ§","34202","ŒàŽs","342020186005","“IêŒÜ’š–Ú","34.208361","132.547463","0","3"
"34","L“‡Œ§","34202","ŒàŽs","342020187000","a˜H’¬","34.247905","132.575453","0","1"
"34","L“‡Œ§","34202","ŒàŽs","342020188000","“ì’Cì’¬","34.256552","132.572102","0","1"
"34","L“‡Œ§","34202","ŒàŽs","342020189001","Œ©°ˆê’š–Ú","34.199307","132.547982","0","3"
"34","L“‡Œ§","34202","ŒàŽs","342020189002","Œ©°“ñ’š–Ú","34.198963","132.551757","0","3"
"34","L“‡Œ§","34202","ŒàŽs","342020189003","Œ©°ŽO’š–Ú","34.200720","132.555677","0","3"
"34","L“‡Œ§","34202","ŒàŽs","342020190001","‹{Œ´ˆê’š–Ú","34.235418","132.569967","0","3"
"34","L“‡Œ§","34202","ŒàŽs","342020190002","‹{Œ´“ñ’š–Ú","34.235575","132.565812","0","3"
"34","L“‡Œ§","34202","ŒàŽs","342020190003","‹{Œ´ŽO’š–Ú","34.234388","132.565194","0","3"
"34","L“‡Œ§","34202","ŒàŽs","342020190004","‹{Œ´Žl’š–Ú","34.233772","132.562652","0","3"
"34","L“‡Œ§","34202","ŒàŽs","342020190005","‹{Œ´ŒÜ’š–Ú","34.232192","132.562445","0","3"
"34","L“‡Œ§","34202","ŒàŽs","342020190006","‹{Œ´˜Z’š–Ú","34.230350","132.563229","0","3"
"34","L“‡Œ§","34202","ŒàŽs","342020190007","‹{Œ´Žµ’š–Ú","34.230037","132.560972","0","3"
"34","L“‡Œ§","34202","ŒàŽs","342020190008","‹{Œ´”ª’š–Ú","34.228405","132.560171","0","3"
"34","L“‡Œ§","34202","ŒàŽs","342020190009","‹{Œ´‹ã’š–Ú","34.228287","132.557588","0","3"
"34","L“‡Œ§","34202","ŒàŽs","342020190010","‹{Œ´\’š–Ú","34.225313","132.559242","0","3"
"34","L“‡Œ§","34202","ŒàŽs","342020190011","‹{Œ´\ˆê’š–Ú","34.224765","132.557596","0","3"
"34","L“‡Œ§","34202","ŒàŽs","342020190012","‹{Œ´\“ñ’š–Ú","34.223533","132.555861","0","3"
"34","L“‡Œ§","34202","ŒàŽs","342020190013","‹{Œ´\ŽO’š–Ú","34.220192","132.554478","0","3"
"34","L“‡Œ§","34202","ŒàŽs","342020191000","‹{Œ´‘º","34.224924","132.568176","0","1"
"34","L“‡Œ§","34202","ŒàŽs","342020192000","Žº£’¬","34.232348","132.568074","0","1"
"34","L“‡Œ§","34202","ŒàŽs","342020193001","ÄŽRòƒ–‹uˆê’š–Ú","34.308173","132.559617","0","3"
"34","L“‡Œ§","34202","ŒàŽs","342020193002","ÄŽRòƒ–‹u“ñ’š–Ú","34.311025","132.556941","0","3"
"34","L“‡Œ§","34202","ŒàŽs","342020194001","ÄŽR–kˆê’š–Ú","34.300462","132.557867","0","3"
"34","L“‡Œ§","34202","ŒàŽs","342020194002","ÄŽR–k“ñ’š–Ú","34.303859","132.548625","0","3"
"34","L“‡Œ§","34202","ŒàŽs","342020194003","ÄŽR–kŽO’š–Ú","34.307530","132.555693","0","3"
"34","L“‡Œ§","34202","ŒàŽs","342020195000","ÄŽRŸŒ´’¬","34.281999","132.547758","0","1"
"34","L“‡Œ§","34202","ŒàŽs","342020196001","ÄŽR÷ƒ–‹uˆê’š–Ú","34.284118","132.551864","0","3"
"34","L“‡Œ§","34202","ŒàŽs","342020196002","ÄŽR÷ƒ–‹u“ñ’š–Ú","34.283500","132.553890","0","3"
"34","L“‡Œ§","34202","ŒàŽs","342020196003","ÄŽR÷ƒ–‹uŽO’š–Ú","34.285897","132.553606","0","3"
"34","L“‡Œ§","34202","ŒàŽs","342020197001","ÄŽR’†‰›ˆê’š–Ú","34.292593","132.557611","0","3"
"34","L“‡Œ§","34202","ŒàŽs","342020197002","ÄŽR’†‰›“ñ’š–Ú","34.296894","132.558060","0","3"
"34","L“‡Œ§","34202","ŒàŽs","342020197003","ÄŽR’†‰›ŽO’š–Ú","34.294462","132.562258","0","3"
"34","L“‡Œ§","34202","ŒàŽs","342020197004","ÄŽR’†‰›Žl’š–Ú","34.291095","132.561023","0","3"
"34","L“‡Œ§","34202","ŒàŽs","342020197005","ÄŽR’†‰›ŒÜ’š–Ú","34.290564","132.562896","0","3"
"34","L“‡Œ§","34202","ŒàŽs","342020197006","ÄŽR’†‰›˜Z’š–Ú","34.288970","132.566657","0","3"
"34","L“‡Œ§","34202","ŒàŽs","342020198000","ÄŽR’¬","34.293469","132.541673","0","1"
"34","L“‡Œ§","34202","ŒàŽs","342020199001","ÄŽR¼ˆê’š–Ú","34.286067","132.548976","0","3"
"34","L“‡Œ§","34202","ŒàŽs","342020199002","ÄŽR¼“ñ’š–Ú","34.289840","132.553154","0","3"
"34","L“‡Œ§","34202","ŒàŽs","342020199003","ÄŽR¼ŽO’š–Ú","34.295727","132.551980","0","3"
"34","L“‡Œ§","34202","ŒàŽs","342020200001","ÄŽR“Œˆê’š–Ú","34.298451","132.563850","0","3"
"34","L“‡Œ§","34202","ŒàŽs","342020200002","ÄŽR“Œ“ñ’š–Ú","34.295555","132.566068","0","3"
"34","L“‡Œ§","34202","ŒàŽs","342020200003","ÄŽR“ŒŽO’š–Ú","34.292298","132.567554","0","3"
"34","L“‡Œ§","34202","ŒàŽs","342020200004","ÄŽR“ŒŽl’š–Ú","34.291760","132.570704","0","3"
"34","L“‡Œ§","34202","ŒàŽs","342020201000","ÄŽR‚Ð‚Î‚èƒ–‹u’¬","34.279158","132.548397","0","1"
"34","L“‡Œ§","34202","ŒàŽs","342020202001","ÄŽR–{¯ˆê’š–Ú","34.304168","132.555886","0","3"
"34","L“‡Œ§","34202","ŒàŽs","342020202002","ÄŽR–{¯“ñ’š–Ú","34.305939","132.552634","0","3"
"34","L“‡Œ§","34202","ŒàŽs","342020202003","ÄŽR–{¯ŽO’š–Ú","34.304803","132.552097","0","3"
"34","L“‡Œ§","34202","ŒàŽs","342020202004","ÄŽR–{¯Žl’š–Ú","34.303686","132.554144","0","3"
"34","L“‡Œ§","34202","ŒàŽs","342020202005","ÄŽR–{¯ŒÜ’š–Ú","34.302128","132.554836","0","3"
"34","L“‡Œ§","34202","ŒàŽs","342020203001","ÄŽR­¤ˆê’š–Ú","34.288020","132.558144","0","3"
"34","L“‡Œ§","34202","ŒàŽs","342020203002","ÄŽR­¤“ñ’š–Ú","34.289098","132.555687","0","3"
"34","L“‡Œ§","34202","ŒàŽs","342020203003","ÄŽR­¤ŽO’š–Ú","34.290990","132.558543","0","3"
"34","L“‡Œ§","34202","ŒàŽs","342020204001","ÄŽR¼ƒ–‹uˆê’š–Ú","34.279077","132.552696","0","3"
"34","L“‡Œ§","34202","ŒàŽs","342020204002","ÄŽR¼ƒ–‹u“ñ’š–Ú","34.280895","132.555617","0","3"
"34","L“‡Œ§","34202","ŒàŽs","342020205000","ÄŽRŽOƒcÎ’¬","34.285127","132.566229","0","1"
"34","L“‡Œ§","34202","ŒàŽs","342020206001","ÄŽR“ìˆê’š–Ú","34.287524","132.570848","0","3"
"34","L“‡Œ§","34202","ŒàŽs","342020206002","ÄŽR“ì“ñ’š–Ú","34.285710","132.574734","0","3"
"34","L“‡Œ§","34202","ŒàŽs","342020207001","ÄŽR‹{ƒ–”—ˆê’š–Ú","34.300086","132.552414","0","3"
"34","L“‡Œ§","34202","ŒàŽs","342020207002","ÄŽR‹{ƒ–”—“ñ’š–Ú","34.302523","132.546730","0","3"
"34","L“‡Œ§","34202","ŒàŽs","342020208001","ˆÀ‰Y’¬ˆÀ“o¼ˆê’š–Ú","34.261495","132.725444","0","3"
"34","L“‡Œ§","34202","ŒàŽs","342020208002","ˆÀ‰Y’¬ˆÀ“o¼“ñ’š–Ú","34.258888","132.723998","0","3"
"34","L“‡Œ§","34202","ŒàŽs","342020208003","ˆÀ‰Y’¬ˆÀ“o¼ŽO’š–Ú","34.258050","132.720694","0","3"
"34","L“‡Œ§","34202","ŒàŽs","342020208004","ˆÀ‰Y’¬ˆÀ“o¼Žl’š–Ú","34.256730","132.717646","0","3"
"34","L“‡Œ§","34202","ŒàŽs","342020208005","ˆÀ‰Y’¬ˆÀ“o¼ŒÜ’š–Ú","34.254991","132.720826","0","3"
"34","L“‡Œ§","34202","ŒàŽs","342020208006","ˆÀ‰Y’¬ˆÀ“o¼˜Z’š–Ú","34.252476","132.717777","0","3"
"34","L“‡Œ§","34202","ŒàŽs","342020208007","ˆÀ‰Y’¬ˆÀ“o¼Žµ’š–Ú","34.246939","132.717175","0","3"
"34","L“‡Œ§","34202","ŒàŽs","342020208008","ˆÀ‰Y’¬ˆÀ“o¼”ª’š–Ú","34.253318","132.712951","0","3"
"34","L“‡Œ§","34202","ŒàŽs","342020208009","ˆÀ‰Y’¬ˆÀ“o¼‹ã’š–Ú","34.254480","132.715016","0","3"
"34","L“‡Œ§","34202","ŒàŽs","342020208010","ˆÀ‰Y’¬ˆÀ“o¼\’š–Ú","34.256393","132.710717","0","3"
"34","L“‡Œ§","34202","ŒàŽs","342020209001","ˆÀ‰Y’¬ˆÀ“o“Œˆê’š–Ú","34.260707","132.727610","0","3"
"34","L“‡Œ§","34202","ŒàŽs","342020209002","ˆÀ‰Y’¬ˆÀ“o“Œ“ñ’š–Ú","34.257487","132.727518","0","3"
"34","L“‡Œ§","34202","ŒàŽs","342020209003","ˆÀ‰Y’¬ˆÀ“o“ŒŽO’š–Ú","34.254880","132.724079","0","3"
"34","L“‡Œ§","34202","ŒàŽs","342020209004","ˆÀ‰Y’¬ˆÀ“o“ŒŽl’š–Ú","34.250396","132.725126","0","3"
"34","L“‡Œ§","34202","ŒàŽs","342020209005","ˆÀ‰Y’¬ˆÀ“o“ŒŒÜ’š–Ú","34.251018","132.722318","0","3"
"34","L“‡Œ§","34202","ŒàŽs","342020209006","ˆÀ‰Y’¬ˆÀ“o“Œ˜Z’š–Ú","34.247542","132.718659","0","3"
"34","L“‡Œ§","34202","ŒàŽs","342020210001","ˆÀ‰Y’¬“àŠC–kˆê’š–Ú","34.284966","132.736778","0","3"
"34","L“‡Œ§","34202","ŒàŽs","342020210002","ˆÀ‰Y’¬“àŠC–k“ñ’š–Ú","34.288208","132.735891","0","3"
"34","L“‡Œ§","34202","ŒàŽs","342020210003","ˆÀ‰Y’¬“àŠC–kŽO’š–Ú","34.289476","132.735015","0","3"
"34","L“‡Œ§","34202","ŒàŽs","342020210004","ˆÀ‰Y’¬“àŠC–kŽl’š–Ú","34.294855","132.731358","0","3"
"34","L“‡Œ§","34202","ŒàŽs","342020210005","ˆÀ‰Y’¬“àŠC–kŒÜ’š–Ú","34.287810","132.732601","0","3"
"34","L“‡Œ§","34202","ŒàŽs","342020210006","ˆÀ‰Y’¬“àŠC–k˜Z’š–Ú","34.284502","132.732328","0","3"
"34","L“‡Œ§","34202","ŒàŽs","342020210007","ˆÀ‰Y’¬“àŠC–kŽµ’š–Ú","34.282987","132.727306","0","3"
"34","L“‡Œ§","34202","ŒàŽs","342020211001","ˆÀ‰Y’¬“àŠC“ìˆê’š–Ú","34.282506","132.738798","0","3"
"34","L“‡Œ§","34202","ŒàŽs","342020211002","ˆÀ‰Y’¬“àŠC“ì“ñ’š–Ú","34.281059","132.737948","0","3"
"34","L“‡Œ§","34202","ŒàŽs","342020211003","ˆÀ‰Y’¬“àŠC“ìŽO’š–Ú","34.278689","132.734264","0","3"
"34","L“‡Œ§","34202","ŒàŽs","342020211004","ˆÀ‰Y’¬“àŠC“ìŽl’š–Ú","34.277230","132.734886","0","3"
"34","L“‡Œ§","34202","ŒàŽs","342020211005","ˆÀ‰Y’¬“àŠC“ìŒÜ’š–Ú","34.278091","132.738514","0","3"
"34","L“‡Œ§","34202","ŒàŽs","342020211006","ˆÀ‰Y’¬“àŠC“ì˜Z’š–Ú","34.273114","132.730753","0","3"
"34","L“‡Œ§","34202","ŒàŽs","342020212000","ˆÀ‰Y’¬‘åŽšÔŒüâ","34.304799","132.732934","0","1"
"34","L“‡Œ§","34202","ŒàŽs","342020213000","ˆÀ‰Y’¬‘åŽšˆÀ“o","34.251974","132.748553","0","1"
"34","L“‡Œ§","34202","ŒàŽs","342020214000","ˆÀ‰Y’¬‘åŽš“àŠC","34.293649","132.723331","0","1"
"34","L“‡Œ§","34202","ŒàŽs","342020215000","ˆÀ‰Y’¬‘åŽš“à•½","34.272182","132.714129","0","1"
"34","L“‡Œ§","34202","ŒàŽs","342020216000","ˆÀ‰Y’¬‘åŽš—Žq”¨","34.314082","132.741897","0","1"
"34","L“‡Œ§","34202","ŒàŽs","342020217000","ˆÀ‰Y’¬‘åŽš‰ºŠ_“à","34.300304","132.715615","0","1"
"34","L“‡Œ§","34202","ŒàŽs","342020218000","ˆÀ‰Y’¬‘åŽš’†Ø","34.269889","132.724305","0","1"
"34","L“‡Œ§","34202","ŒàŽs","342020219000","ˆÀ‰Y’¬‘åŽš’†”¨","34.286975","132.688894","0","1"
"34","L“‡Œ§","34202","ŒàŽs","342020220000","ˆÀ‰Y’¬‘åŽšŒ´”¨","34.280437","132.719451","0","1"
"34","L“‡Œ§","34202","ŒàŽs","342020221000","ˆÀ‰Y’¬‘åŽšŽO’ÃŒû","34.287517","132.752321","0","1"
"34","L“‡Œ§","34202","ŒàŽs","342020222001","ˆÀ‰Y’¬’†‰›ˆê’š–Ú","34.283673","132.744616","0","3"
"34","L“‡Œ§","34202","ŒàŽs","342020222002","ˆÀ‰Y’¬’†‰›“ñ’š–Ú","34.283710","132.741067","0","3"
"34","L“‡Œ§","34202","ŒàŽs","342020222003","ˆÀ‰Y’¬’†‰›ŽO’š–Ú","34.281455","132.741806","0","3"
"34","L“‡Œ§","34202","ŒàŽs","342020222004","ˆÀ‰Y’¬’†‰›Žl’š–Ú","34.281670","132.743928","0","3"
"34","L“‡Œ§","34202","ŒàŽs","342020222005","ˆÀ‰Y’¬’†‰›ŒÜ’š–Ú","34.281465","132.745730","0","3"
"34","L“‡Œ§","34202","ŒàŽs","342020222006","ˆÀ‰Y’¬’†‰›˜Z’š–Ú","34.281276","132.747762","0","3"
"34","L“‡Œ§","34202","ŒàŽs","342020222007","ˆÀ‰Y’¬’†‰›Žµ’š–Ú","34.279740","132.748743","0","3"
"34","L“‡Œ§","34202","ŒàŽs","342020222008","ˆÀ‰Y’¬’†‰›”ª’š–Ú","34.279875","132.752119","0","3"
"34","L“‡Œ§","34202","ŒàŽs","342020223001","ˆÀ‰Y’¬’†‰›–kˆê’š–Ú","34.284690","132.744895","0","3"
"34","L“‡Œ§","34202","ŒàŽs","342020223002","ˆÀ‰Y’¬’†‰›–k“ñ’š–Ú","34.286319","132.740637","0","3"
"34","L“‡Œ§","34202","ŒàŽs","342020224000","ˆÀ‰Y’¬’†‰›ƒnƒCƒc","34.250253","132.711348","0","1"
"34","L“‡Œ§","34202","ŒàŽs","342020225001","ˆÀ‰Y’¬…Kˆê’š–Ú","34.274457","132.750634","0","3"
"34","L“‡Œ§","34202","ŒàŽs","342020225002","ˆÀ‰Y’¬…K“ñ’š–Ú","34.272589","132.754344","0","3"
"34","L“‡Œ§","34202","ŒàŽs","342020226001","ˆÀ‰Y’¬ŽO’ÃŒûˆê’š–Ú","34.283914","132.754255","0","3"
"34","L“‡Œ§","34202","ŒàŽs","342020226002","ˆÀ‰Y’¬ŽO’ÃŒû“ñ’š–Ú","34.282744","132.756383","0","3"
"34","L“‡Œ§","34202","ŒàŽs","342020226003","ˆÀ‰Y’¬ŽO’ÃŒûŽO’š–Ú","34.282954","132.759620","0","3"
"34","L“‡Œ§","34202","ŒàŽs","342020226004","ˆÀ‰Y’¬ŽO’ÃŒûŽl’š–Ú","34.283232","132.763311","0","3"
"34","L“‡Œ§","34202","ŒàŽs","342020226005","ˆÀ‰Y’¬ŽO’ÃŒûŒÜ’š–Ú","34.286100","132.761847","0","3"
"34","L“‡Œ§","34202","ŒàŽs","342020226006","ˆÀ‰Y’¬ŽO’ÃŒû˜Z’š–Ú","34.281325","132.775111","0","3"
"34","L“‡Œ§","34202","ŒàŽs","342020227000","”ª”¦’¬","34.242834","132.568459","0","1"
"34","L“‡Œ§","34202","ŒàŽs","342020228001","ŽRŽèˆê’š–Ú","34.253009","132.558089","0","3"
"34","L“‡Œ§","34202","ŒàŽs","342020228002","ŽRŽè“ñ’š–Ú","34.257384","132.558757","0","3"
"34","L“‡Œ§","34202","ŒàŽs","342020229000","–í¶’¬","34.278841","132.521978","0","1"
"34","L“‡Œ§","34202","ŒàŽs","342020230000","–L’¬‘å’·","34.181974","132.851346","0","1"
"34","L“‡Œ§","34202","ŒàŽs","342020231000","–L’¬‰«—F","34.163686","132.837356","0","1"
"34","L“‡Œ§","34202","ŒàŽs","342020232000","–L’¬‹v”ä","34.177624","132.827424","0","1"
"34","L“‡Œ§","34202","ŒàŽs","342020233000","–L’¬ŒäŽèô","34.177431","132.866063","0","1"
"34","L“‡Œ§","34202","ŒàŽs","342020234000","‹g‰Y’rƒm‰Y’¬","34.250826","132.532021","0","1"
"34","L“‡Œ§","34202","ŒàŽs","342020235000","‹g‰YŠâ_’¬","34.264905","132.527697","0","1"
"34","L“‡Œ§","34202","ŒàŽs","342020236000","‹g‰Yãé’¬","34.268258","132.526305","0","1"
"34","L“‡Œ§","34202","ŒàŽs","342020237000","‹g‰Y_‰ê’¬","34.259190","132.532455","0","1"
"34","L“‡Œ§","34202","ŒàŽs","342020238000","‹g‰YVo’¬","34.260008","132.534777","0","1"
"34","L“‡Œ§","34202","ŒàŽs","342020239001","‹g‰YV’¬ˆê’š–Ú","34.256639","132.528097","0","3"
"34","L“‡Œ§","34202","ŒàŽs","342020239002","‹g‰YV’¬“ñ’š–Ú","34.252157","132.530683","0","3"
"34","L“‡Œ§","34202","ŒàŽs","342020240000","‹g‰YàKŒÛ’¬","34.255248","132.532733","0","1"
"34","L“‡Œ§","34202","ŒàŽs","342020241000","‹g‰Y’¬","34.268580","132.544232","0","1"
"34","L“‡Œ§","34202","ŒàŽs","342020242001","‹g‰Y’†’¬ˆê’š–Ú","34.258361","132.528347","0","3"
"34","L“‡Œ§","34202","ŒàŽs","342020242002","‹g‰Y’†’¬“ñ’š–Ú","34.261209","132.530256","0","3"
"34","L“‡Œ§","34202","ŒàŽs","342020242003","‹g‰Y’†’¬ŽO’š–Ú","34.264126","132.531173","0","3"
"34","L“‡Œ§","34202","ŒàŽs","342020243000","‹g‰Y¼é’¬","34.262296","132.526294","0","1"
"34","L“‡Œ§","34202","ŒàŽs","342020244001","‹g‰Y“Œ–{’¬ˆê’š–Ú","34.257811","132.529745","0","3"
"34","L“‡Œ§","34202","ŒàŽs","342020244002","‹g‰Y“Œ–{’¬“ñ’š–Ú","34.260983","132.531735","0","3"
"34","L“‡Œ§","34202","ŒàŽs","342020244003","‹g‰Y“Œ–{’¬ŽO’š–Ú","34.263101","132.532758","0","3"
"34","L“‡Œ§","34202","ŒàŽs","342020244004","‹g‰Y“Œ–{’¬Žl’š–Ú","34.266127","132.534868","0","3"
"34","L“‡Œ§","34202","ŒàŽs","342020245000","‹g‰Y“Œ’¬","34.257277","132.532279","0","1"
"34","L“‡Œ§","34202","ŒàŽs","342020246001","‹g‰Y–{’¬ˆê’š–Ú","34.258824","132.526840","0","3"
"34","L“‡Œ§","34202","ŒàŽs","342020246002","‹g‰Y–{’¬“ñ’š–Ú","34.260841","132.528580","0","3"
"34","L“‡Œ§","34202","ŒàŽs","342020246003","‹g‰Y–{’¬ŽO’š–Ú","34.263107","132.529345","0","3"
"34","L“‡Œ§","34202","ŒàŽs","342020247000","‹g‰Y¼—t’¬","34.265564","132.529668","0","1"
"34","L“‡Œ§","34202","ŒàŽs","342020248000","‹g‰Y‹{‰Ô’¬","34.261329","132.523335","0","1"
"34","L“‡Œ§","34202","ŒàŽs","342020249001","—¼éˆê’š–Ú","34.246705","132.549501","0","3"
"34","L“‡Œ§","34202","ŒàŽs","342020249002","—¼é“ñ’š–Ú","34.251080","132.548726","0","3"
"34","L“‡Œ§","34202","ŒàŽs","342020250000","Žá—t’¬","34.246281","132.527172","0","1"
"34","L“‡Œ§","34202","ŒàŽs","342020251001","˜a¯ˆê’š–Ú","34.246029","132.572488","0","3"
"34","L“‡Œ§","34202","ŒàŽs","342020251002","˜a¯“ñ’š–Ú","34.243756","132.575029","0","3"
"34","L“‡Œ§","34202","ŒàŽs","342020252000","˜a¯’¬","34.240040","132.579238","0","1"
"34","L“‡Œ§","34202","ŒàŽs","342020253000","˜a¯“o’¬","34.244184","132.571104","0","1"
"34","L“‡Œ§","34202","ŒàŽs","342020254000","˜a¯–{’¬","34.242306","132.573059","0","1"
"34","L“‡Œ§","34202","ŒàŽs","342020255001","L‘åLˆê’š–Ú","34.246156","132.619891","0","3"
"34","L“‡Œ§","34202","ŒàŽs","342020255002","L‘åL“ñ’š–Ú","34.248306","132.627547","0","3"
"34","L“‡Œ§","34202","ŒàŽs","342020256000","L•Ù“V‹´’¬","34.246195","132.627171","0","1"
"34","L“‡Œ§","34203","’|Œ´Žs","342030001000","¬—œ’¬","34.365902","132.928533","0","1"
"34","L“‡Œ§","34203","’|Œ´Žs","342030002001","‰–’¬ˆê’š–Ú","34.334763","132.910791","0","3"
"34","L“‡Œ§","34203","’|Œ´Žs","342030002002","‰–’¬“ñ’š–Ú","34.336882","132.904448","0","3"
"34","L“‡Œ§","34203","’|Œ´Žs","342030002003","‰–’¬ŽO’š–Ú","34.335175","132.905391","0","3"
"34","L“‡Œ§","34203","’|Œ´Žs","342030002004","‰–’¬Žl’š–Ú","34.333431","132.907231","0","3"
"34","L“‡Œ§","34203","’|Œ´Žs","342030003000","‰º–ì’¬","34.348071","132.884250","0","1"
"34","L“‡Œ§","34203","’|Œ´Žs","342030004000","V¯’¬","34.398567","132.897976","0","1"
"34","L“‡Œ§","34203","’|Œ´Žs","342030005000","‚è’¬","34.337013","132.935335","0","1"
"34","L“‡Œ§","34203","’|Œ´Žs","342030006000","’|Œ´’¬","34.337971","132.897068","0","1"
"34","L“‡Œ§","34203","’|Œ´Žs","342030007000","’‰ŠC’¬","34.343800","132.974142","0","1"
"34","L“‡Œ§","34203","’|Œ´Žs","342030008001","’‰ŠC°‰Yˆê’š–Ú","34.333654","132.986627","0","3"
"34","L“‡Œ§","34203","’|Œ´Žs","342030008002","’‰ŠC°‰Y“ñ’š–Ú","34.340551","132.986351","0","3"
"34","L“‡Œ§","34203","’|Œ´Žs","342030008003","’‰ŠC°‰YŽO’š–Ú","34.335115","132.979173","0","3"
"34","L“‡Œ§","34203","’|Œ´Žs","342030008004","’‰ŠC°‰YŽl’š–Ú","34.333456","132.980944","0","3"
"34","L“‡Œ§","34203","’|Œ´Žs","342030009001","’‰ŠC’·•lˆê’š–Ú","34.338431","132.964316","0","3"
"34","L“‡Œ§","34203","’|Œ´Žs","342030009002","’‰ŠC’·•l“ñ’š–Ú","34.336354","132.960419","0","3"
"34","L“‡Œ§","34203","’|Œ´Žs","342030009003","’‰ŠC’·•lŽO’š–Ú","34.336591","132.970935","0","3"
"34","L“‡Œ§","34203","’|Œ´Žs","342030010001","’‰ŠC’†’¬ˆê’š–Ú","34.335556","132.990253","0","3"
"34","L“‡Œ§","34203","’|Œ´Žs","342030010002","’‰ŠC’†’¬“ñ’š–Ú","34.338130","132.990535","0","3"
"34","L“‡Œ§","34203","’|Œ´Žs","342030010003","’‰ŠC’†’¬ŽO’š–Ú","34.342613","132.986545","0","3"
"34","L“‡Œ§","34203","’|Œ´Žs","342030010004","’‰ŠC’†’¬Žl’š–Ú","34.341073","132.992982","0","3"
"34","L“‡Œ§","34203","’|Œ´Žs","342030011001","’‰ŠC“Œ’¬ˆê’š–Ú","34.336610","132.997390","0","3"
"34","L“‡Œ§","34203","’|Œ´Žs","342030011002","’‰ŠC“Œ’¬“ñ’š–Ú","34.338406","132.996777","0","3"
"34","L“‡Œ§","34203","’|Œ´Žs","342030011003","’‰ŠC“Œ’¬ŽO’š–Ú","34.340711","132.997512","0","3"
"34","L“‡Œ§","34203","’|Œ´Žs","342030011004","’‰ŠC“Œ’¬Žl’š–Ú","34.340474","133.002777","0","3"
"34","L“‡Œ§","34203","’|Œ´Žs","342030011005","’‰ŠC“Œ’¬ŒÜ’š–Ú","34.335332","133.001711","0","3"
"34","L“‡Œ§","34203","’|Œ´Žs","342030012001","“cƒm‰Yˆê’š–Ú","34.342125","132.913294","0","3"
"34","L“‡Œ§","34203","’|Œ´Žs","342030012002","“cƒm‰Y“ñ’š–Ú","34.345425","132.915299","0","3"
"34","L“‡Œ§","34203","’|Œ´Žs","342030012003","“cƒm‰YŽO’š–Ú","34.351335","132.916928","0","3"
"34","L“‡Œ§","34203","’|Œ´Žs","342030013000","“c–œ—¢’¬","34.408753","132.829209","0","1"
"34","L“‡Œ§","34203","’|Œ´Žs","342030014001","’†‰›ˆê’š–Ú","34.340737","132.911866","0","3"
"34","L“‡Œ§","34203","’|Œ´Žs","342030014002","’†‰›“ñ’š–Ú","34.341768","132.910127","0","3"
"34","L“‡Œ§","34203","’|Œ´Žs","342030014003","’†‰›ŽO’š–Ú","34.343287","132.908639","0","3"
"34","L“‡Œ§","34203","’|Œ´Žs","342030014004","’†‰›Žl’š–Ú","34.339655","132.905882","0","3"
"34","L“‡Œ§","34203","’|Œ´Žs","342030014005","’†‰›ŒÜ’š–Ú","34.341385","132.905811","0","3"
"34","L“‡Œ§","34203","’|Œ´Žs","342030015000","m‰ê’¬","34.375553","132.827885","0","1"
"34","L“‡Œ§","34203","’|Œ´Žs","342030016000","¼–ì’¬","34.395853","132.861151","0","1"
"34","L“‡Œ§","34203","’|Œ´Žs","342030017000","“Œ–ì’¬","34.368472","132.871548","0","1"
"34","L“‡Œ§","34203","’|Œ´Žs","342030018000","•Ÿ“c’¬","34.348066","132.952165","0","1"
"34","L“‡Œ§","34203","’|Œ´Žs","342030019001","–{’¬ˆê’š–Ú","34.345156","132.912637","0","3"
"34","L“‡Œ§","34203","’|Œ´Žs","342030019002","–{’¬“ñ’š–Ú","34.348469","132.914786","0","3"
"34","L“‡Œ§","34203","’|Œ´Žs","342030019003","–{’¬ŽO’š–Ú","34.346948","132.909850","0","3"
"34","L“‡Œ§","34203","’|Œ´Žs","342030019004","–{’¬Žl’š–Ú","34.349213","132.907501","0","3"
"34","L“‡Œ§","34203","’|Œ´Žs","342030020001","`’¬ˆê’š–Ú","34.338189","132.915610","0","3"
"34","L“‡Œ§","34203","’|Œ´Žs","342030020002","`’¬“ñ’š–Ú","34.335682","132.916302","0","3"
"34","L“‡Œ§","34203","’|Œ´Žs","342030020003","`’¬ŽO’š–Ú","34.331943","132.919706","0","3"
"34","L“‡Œ§","34203","’|Œ´Žs","342030020004","`’¬Žl’š–Ú","34.332224","132.917604","0","3"
"34","L“‡Œ§","34203","’|Œ´Žs","342030020005","`’¬ŒÜ’š–Ú","34.328007","132.921866","0","3"
"34","L“‡Œ§","34203","’|Œ´Žs","342030021000","‹g–¼’¬","34.321734","132.869175","0","1"
"34","L“‡Œ§","34204","ŽOŒ´Žs","342040001000","Â—t‘ä","34.380439","133.040829","0","1"
"34","L“‡Œ§","34204","ŽOŒ´Žs","342040002001","ˆ®’¬ˆê’š–Ú","34.399487","133.090410","0","3"
"34","L“‡Œ§","34204","ŽOŒ´Žs","342040002002","ˆ®’¬“ñ’š–Ú","34.399300","133.092719","0","3"
"34","L“‡Œ§","34204","ŽOŒ´Žs","342040003001","Ž…èˆê’š–Ú","34.398355","133.098415","0","3"
"34","L“‡Œ§","34204","ŽOŒ´Žs","342040003002","Ž…è“ñ’š–Ú","34.395919","133.097628","0","3"
"34","L“‡Œ§","34204","ŽOŒ´Žs","342040003003","Ž…èŽO’š–Ú","34.397242","133.101248","0","3"
"34","L“‡Œ§","34204","ŽOŒ´Žs","342040003004","Ž…èŽl’š–Ú","34.393992","133.104090","0","3"
"34","L“‡Œ§","34204","ŽOŒ´Žs","342040003005","Ž…èŒÜ’š–Ú","34.393444","133.109363","0","3"
"34","L“‡Œ§","34204","ŽOŒ´Žs","342040003006","Ž…è˜Z’š–Ú","34.390463","133.111934","0","3"
"34","L“‡Œ§","34204","ŽOŒ´Žs","342040003007","Ž…èŽµ’š–Ú","34.388396","133.110798","0","3"
"34","L“‡Œ§","34204","ŽOŒ´Žs","342040003008","Ž…è”ª’š–Ú","34.385099","133.128638","0","3"
"34","L“‡Œ§","34204","ŽOŒ´Žs","342040003009","Ž…è‹ã’š–Ú","34.383369","133.115909","0","3"
"34","L“‡Œ§","34204","ŽOŒ´Žs","342040004000","Ž…è’¬","34.397927","133.112674","0","1"
"34","L“‡Œ§","34204","ŽOŒ´Žs","342040005001","Ž…è“ìˆê’š–Ú","34.394269","133.096018","0","3"
"34","L“‡Œ§","34204","ŽOŒ´Žs","342040005002","Ž…è“ì“ñ’š–Ú","34.389634","133.106046","0","3"
"34","L“‡Œ§","34204","ŽOŒ´Žs","342040006001","‰~ˆê’¬ˆê’š–Ú","34.390836","133.084832","0","3"
"34","L“‡Œ§","34204","ŽOŒ´Žs","342040006002","‰~ˆê’¬“ñ’š–Ú","34.394631","133.077425","0","3"
"34","L“‡Œ§","34204","ŽOŒ´Žs","342040006003","‰~ˆê’¬ŽO’š–Ú","34.395010","133.076130","0","3"
"34","L“‡Œ§","34204","ŽOŒ´Žs","342040006004","‰~ˆê’¬Žl’š–Ú","34.390331","133.076612","0","3"
"34","L“‡Œ§","34204","ŽOŒ´Žs","342040006005","‰~ˆê’¬ŒÜ’š–Ú","34.390044","133.078255","0","3"
"34","L“‡Œ§","34204","ŽOŒ´Žs","342040007000","‘å”¨’¬","34.422237","133.060617","0","1"
"34","L“‡Œ§","34204","ŽOŒ´Žs","342040008000","‰«‰Y’¬","34.368927","133.073377","0","1"
"34","L“‡Œ§","34204","ŽOŒ´Žs","342040009000","‰œ–ìŽR’¬","34.398167","133.142515","0","1"
"34","L“‡Œ§","34204","ŽOŒ´Žs","342040010000","¬â’¬","34.425327","133.019301","0","1"
"34","L“‡Œ§","34204","ŽOŒ´Žs","342040011000","ŠL–ì’¬","34.378946","133.081836","0","1"
"34","L“‡Œ§","34204","ŽOŒ´Žs","342040012000","Šw‰€’¬","34.391360","133.056513","0","1"
"34","L“‡Œ§","34204","ŽOŒ´Žs","342040013001","–ØŒ´ˆê’š–Ú","34.389013","133.138659","0","3"
"34","L“‡Œ§","34204","ŽOŒ´Žs","342040013002","–ØŒ´“ñ’š–Ú","34.390631","133.139823","0","3"
"34","L“‡Œ§","34204","ŽOŒ´Žs","342040013003","–ØŒ´ŽO’š–Ú","34.393686","133.146084","0","3"
"34","L“‡Œ§","34204","ŽOŒ´Žs","342040013004","–ØŒ´Žl’š–Ú","34.392272","133.145288","0","3"
"34","L“‡Œ§","34204","ŽOŒ´Žs","342040013005","–ØŒ´ŒÜ’š–Ú","34.395940","133.150237","0","3"
"34","L“‡Œ§","34204","ŽOŒ´Žs","342040013006","–ØŒ´˜Z’š–Ú","34.400798","133.156967","0","3"
"34","L“‡Œ§","34204","ŽOŒ´Žs","342040014000","–ØŒ´’¬","34.403262","133.154334","0","1"
"34","L“‡Œ§","34204","ŽOŒ´Žs","342040015000","‹vˆä’¬ä´Œ´","34.554443","133.044922","0","1"
"34","L“‡Œ§","34204","ŽOŒ´Žs","342040016000","‹vˆä’¬ò","34.538966","133.009137","0","1"
"34","L“‡Œ§","34204","ŽOŒ´Žs","342040017000","‹vˆä’¬]–Ø","34.542275","133.038807","0","1"
"34","L“‡Œ§","34204","ŽOŒ´Žs","342040018000","‹vˆä’¬¬—Ñ","34.495122","133.000365","0","1"
"34","L“‡Œ§","34204","ŽOŒ´Žs","342040019000","‹vˆä’¬âˆäŒ´","34.483367","133.037865","0","1"
"34","L“‡Œ§","34204","ŽOŒ´Žs","342040020000","‹vˆä’¬‰º’Ã","34.521516","133.046961","0","1"
"34","L“‡Œ§","34204","ŽOŒ´Žs","342040021000","‹vˆä’¬“yŽæ","34.475529","133.022376","0","1"
"34","L“‡Œ§","34204","ŽOŒ´Žs","342040022000","‹vˆä’¬‰H‘q","34.506400","133.010042","0","1"
"34","L“‡Œ§","34204","ŽOŒ´Žs","342040023000","‹vˆä’¬ŽR’†–ì","34.480821","133.008415","0","1"
"34","L“‡Œ§","34204","ŽOŒ´Žs","342040024000","‹vˆä’¬‹g“c","34.537893","133.069391","0","1"
"34","L“‡Œ§","34204","ŽOŒ´Žs","342040025000","‹vˆä’¬˜a‘","34.522433","133.020522","0","1"
"34","L“‡Œ§","34204","ŽOŒ´Žs","342040026000","¬ò’¬","34.363082","132.974855","0","1"
"34","L“‡Œ§","34204","ŽOŒ´Žs","342040027001","ŒÃ•lˆê’š–Ú","34.398415","133.091294","0","3"
"34","L“‡Œ§","34204","ŽOŒ´Žs","342040027002","ŒÃ•l“ñ’š–Ú","34.395500","133.089650","0","3"
"34","L“‡Œ§","34204","ŽOŒ´Žs","342040027003","ŒÃ•lŽO’š–Ú","34.395411","133.092076","0","3"
"34","L“‡Œ§","34204","ŽOŒ´Žs","342040028000","‹îƒPŒ´’¬","34.411573","133.082451","0","1"
"34","L“‡Œ§","34204","ŽOŒ´Žs","342040029000","Kè‹v˜aŠì","34.348481","133.067756","0","1"
"34","L“‡Œ§","34204","ŽOŒ´Žs","342040030000","Kè’¬‹v˜aŠì","34.352656","133.055612","0","1"
"34","L“‡Œ§","34204","ŽOŒ´Žs","342040031000","Kè’¬”\’n","34.349787","133.048366","0","1"
"34","L“‡Œ§","34204","ŽOŒ´Žs","342040032000","Kè’¬“n£","34.353664","133.012201","0","1"
"34","L“‡Œ§","34204","ŽOŒ´Žs","342040033001","Kè”\’nˆê’š–Ú","34.344442","133.054139","0","3"
"34","L“‡Œ§","34204","ŽOŒ´Žs","342040033002","Kè”\’n“ñ’š–Ú","34.336960","133.041209","0","3"
"34","L“‡Œ§","34204","ŽOŒ´Žs","342040033003","Kè”\’nŽO’š–Ú","34.339844","133.036803","0","3"
"34","L“‡Œ§","34204","ŽOŒ´Žs","342040033004","Kè”\’nŽl’š–Ú","34.334018","133.033082","0","3"
"34","L“‡Œ§","34204","ŽOŒ´Žs","342040033005","Kè”\’nŒÜ’š–Ú","34.335210","133.030232","0","3"
"34","L“‡Œ§","34204","ŽOŒ´Žs","342040033006","Kè”\’n˜Z’š–Ú","34.333895","133.018579","0","3"
"34","L“‡Œ§","34204","ŽOŒ´Žs","342040033007","Kè”\’nŽµ’š–Ú","34.349146","133.034914","0","3"
"34","L“‡Œ§","34204","ŽOŒ´Žs","342040034000","Kè“n£","34.348242","133.017600","0","1"
"34","L“‡Œ§","34204","ŽOŒ´Žs","342040035000","ë‰Y’¬{”g","34.348806","133.113839","0","1"
"34","L“‡Œ§","34204","ŽOŒ´Žs","342040036000","ë‰Y’¬Œü“c–ì‰Y","34.331097","133.112273","0","1"
"34","L“‡Œ§","34204","ŽOŒ´Žs","342040037000","÷ŽR’¬","34.407001","133.084874","0","1"
"34","L“‡Œ§","34204","ŽOŒ´Žs","342040038001","‰º–k•ûˆê’š–Ú","34.406395","132.978195","0","3"
"34","L“‡Œ§","34204","ŽOŒ´Žs","342040038002","‰º–k•û“ñ’š–Ú","34.408600","132.975071","0","3"
"34","L“‡Œ§","34204","ŽOŒ´Žs","342040039001","é’¬ˆê’š–Ú","34.399171","133.083413","0","3"
"34","L“‡Œ§","34204","ŽOŒ´Žs","342040039002","é’¬“ñ’š–Ú","34.399034","133.087385","0","3"
"34","L“‡Œ§","34204","ŽOŒ´Žs","342040039003","é’¬ŽO’š–Ú","34.396496","133.085381","0","3"
"34","L“‡Œ§","34204","ŽOŒ´Žs","342040040001","V‘qˆê’š–Ú","34.393144","133.055496","0","3"
"34","L“‡Œ§","34204","ŽOŒ´Žs","342040040002","V‘q“ñ’š–Ú","34.393246","133.046073","0","3"
"34","L“‡Œ§","34204","ŽOŒ´Žs","342040040003","V‘qŽO’š–Ú","34.396169","133.045789","0","3"
"34","L“‡Œ§","34204","ŽOŒ´Žs","342040041000","V‘q’¬","34.396563","133.050744","0","1"
"34","L“‡Œ§","34204","ŽOŒ´Žs","342040042001","{”gˆê’š–Ú","34.367705","133.083518","0","3"
"34","L“‡Œ§","34204","ŽOŒ´Žs","342040042002","{”g“ñ’š–Ú","34.367647","133.081994","0","3"
"34","L“‡Œ§","34204","ŽOŒ´Žs","342040043000","{”g’¬","34.369665","133.079263","0","1"
"34","L“‡Œ§","34204","ŽOŒ´Žs","342040044001","{”g¼ˆê’š–Ú","34.354883","133.082185","0","3"
"34","L“‡Œ§","34204","ŽOŒ´Žs","342040044002","{”g¼“ñ’š–Ú","34.357819","133.078371","0","3"
"34","L“‡Œ§","34204","ŽOŒ´Žs","342040045000","{”g¼’¬","34.357497","133.072490","0","1"
"34","L“‡Œ§","34204","ŽOŒ´Žs","342040046001","{”gƒnƒCƒcˆê’š–Ú","34.347483","133.078820","0","3"
"34","L“‡Œ§","34204","ŽOŒ´Žs","342040046002","{”gƒnƒCƒc“ñ’š–Ú","34.352185","133.079005","0","3"
"34","L“‡Œ§","34204","ŽOŒ´Žs","342040046003","{”gƒnƒCƒcŽO’š–Ú","34.347478","133.076174","0","3"
"34","L“‡Œ§","34204","ŽOŒ´Žs","342040046004","{”gƒnƒCƒcŽl’š–Ú","34.351505","133.075439","0","3"
"34","L“‡Œ§","34204","ŽOŒ´Žs","342040047001","@‹½ˆê’š–Ú","34.387142","133.064690","0","3"
"34","L“‡Œ§","34204","ŽOŒ´Žs","342040047002","@‹½“ñ’š–Ú","34.384277","133.064468","0","3"
"34","L“‡Œ§","34204","ŽOŒ´Žs","342040047003","@‹½ŽO’š–Ú","34.386773","133.059689","0","3"
"34","L“‡Œ§","34204","ŽOŒ´Žs","342040047004","@‹½Žl’š–Ú","34.383404","133.061556","0","3"
"34","L“‡Œ§","34204","ŽOŒ´Žs","342040047005","@‹½ŒÜ’š–Ú","34.377423","133.060617","0","3"
"34","L“‡Œ§","34204","ŽOŒ´Žs","342040048000","@‹½’¬","34.374174","133.066602","0","1"
"34","L“‡Œ§","34204","ŽOŒ´Žs","342040049000","‘å˜a’¬‰WƒPŒ´","34.470572","132.961699","0","1"
"34","L“‡Œ§","34204","ŽOŒ´Žs","342040050000","‘å˜a’¬‘å‹ï","34.537177","132.910926","0","1"
"34","L“‡Œ§","34204","ŽOŒ´Žs","342040051000","‘å˜a’¬‘å‘","34.499502","132.967643","0","1"
"34","L“‡Œ§","34204","ŽOŒ´Žs","342040052000","‘å˜a’¬ã‘ˆä","34.542718","132.861701","0","1"
"34","L“‡Œ§","34204","ŽOŒ´Žs","342040053000","‘å˜a’¬ã“¿—Ç","34.533006","132.974952","0","1"
"34","L“‡Œ§","34204","ŽOŒ´Žs","342040054000","‘å˜a’¬‘ @","34.567162","132.899226","0","1"
"34","L“‡Œ§","34204","ŽOŒ´Žs","342040055000","‘å˜a’¬ŽÂ","34.577598","132.923181","0","1"
"34","L“‡Œ§","34204","ŽOŒ´Žs","342040056000","‘å˜a’¬‰º‘ˆä","34.547160","132.890101","0","1"
"34","L“‡Œ§","34204","ŽOŒ´Žs","342040057000","‘å˜a’¬‰º“¿—Ç","34.542646","132.939475","0","1"
"34","L“‡Œ§","34204","ŽOŒ´Žs","342040058000","‘å˜a’¬”‹Œ´","34.566439","132.948128","0","1"
"34","L“‡Œ§","34204","ŽOŒ´Žs","342040059000","‘å˜a’¬” ì","34.499949","132.902200","0","1"
"34","L“‡Œ§","34204","ŽOŒ´Žs","342040060000","‘å˜a’¬•½â","34.477955","132.941913","0","1"
"34","L“‡Œ§","34204","ŽOŒ´Žs","342040061000","‘å˜a’¬•Ÿ“c","34.560269","132.970363","0","1"
"34","L“‡Œ§","34204","ŽOŒ´Žs","342040062000","‘å˜a’¬–¸—œ","34.527096","132.882404","0","1"
"34","L“‡Œ§","34204","ŽOŒ´Žs","342040063000","‘å˜a’¬˜a–Ø","34.500309","132.916759","0","1"
"34","L“‡Œ§","34204","ŽOŒ´Žs","342040064000","‚â’¬^—Ç","34.441338","132.998571","0","1"
"34","L“‡Œ§","34204","ŽOŒ´Žs","342040065000","‚â’¬‹–ŽR","34.455145","133.030633","0","1"
"34","L“‡Œ§","34204","ŽOŒ´Žs","342040066001","“c–ì‰Yˆê’š–Ú","34.381381","133.046750","0","3"
"34","L“‡Œ§","34204","ŽOŒ´Žs","342040066002","“c–ì‰Y“ñ’š–Ú","34.381514","133.044792","0","3"
"34","L“‡Œ§","34204","ŽOŒ´Žs","342040066003","“c–ì‰YŽO’š–Ú","34.375975","133.040856","0","3"
"34","L“‡Œ§","34204","ŽOŒ´Žs","342040067000","“c–ì‰Y’¬","34.371668","133.046788","0","1"
"34","L“‡Œ§","34204","ŽOŒ´Žs","342040068001","’·’Jˆê’š–Ú","34.397713","133.033212","0","3"
"34","L“‡Œ§","34204","ŽOŒ´Žs","342040068002","’·’J“ñ’š–Ú","34.405085","133.026978","0","3"
"34","L“‡Œ§","34204","ŽOŒ´Žs","342040068003","’·’JŽO’š–Ú","34.399335","133.027732","0","3"
"34","L“‡Œ§","34204","ŽOŒ´Žs","342040068004","’·’JŽl’š–Ú","34.403497","133.019365","0","3"
"34","L“‡Œ§","34204","ŽOŒ´Žs","342040068005","’·’JŒÜ’š–Ú","34.401533","133.017889","0","3"
"34","L“‡Œ§","34204","ŽOŒ´Žs","342040069000","’·’J’¬","34.406042","133.034347","0","1"
"34","L“‡Œ§","34204","ŽOŒ´Žs","342040070001","’†”V’¬ˆê’š–Ú","34.408633","133.091204","0","3"
"34","L“‡Œ§","34204","ŽOŒ´Žs","342040070002","’†”V’¬“ñ’š–Ú","34.411513","133.093588","0","3"
"34","L“‡Œ§","34204","ŽOŒ´Žs","342040070003","’†”V’¬ŽO’š–Ú","34.416581","133.100488","0","3"
"34","L“‡Œ§","34204","ŽOŒ´Žs","342040070004","’†”V’¬Žl’š–Ú","34.410167","133.101188","0","3"
"34","L“‡Œ§","34204","ŽOŒ´Žs","342040070005","’†”V’¬ŒÜ’š–Ú","34.418936","133.104531","0","3"
"34","L“‡Œ§","34204","ŽOŒ´Žs","342040070006","’†”V’¬˜Z’š–Ú","34.422592","133.111091","0","3"
"34","L“‡Œ§","34204","ŽOŒ´Žs","342040070007","’†”V’¬Žµ’š–Ú","34.416989","133.107350","0","3"
"34","L“‡Œ§","34204","ŽOŒ´Žs","342040070008","’†”V’¬”ª’š–Ú","34.411844","133.123961","0","3"
"34","L“‡Œ§","34204","ŽOŒ´Žs","342040070009","’†”V’¬‹ã’š–Ú","34.429317","133.120000","0","3"
"34","L“‡Œ§","34204","ŽOŒ´Žs","342040071000","’†”V’¬–k","34.435874","133.093221","0","1"
"34","L“‡Œ§","34204","ŽOŒ´Žs","342040072000","’†”V’¬“ì","34.410884","133.133090","0","1"
"34","L“‡Œ§","34204","ŽOŒ´Žs","342040073001","¼–ìˆê’š–Ú","34.402352","133.061907","0","3"
"34","L“‡Œ§","34204","ŽOŒ´Žs","342040073002","¼–ì“ñ’š–Ú","34.403121","133.058891","0","3"
"34","L“‡Œ§","34204","ŽOŒ´Žs","342040073003","¼–ìŽO’š–Ú","34.410561","133.052850","0","3"
"34","L“‡Œ§","34204","ŽOŒ´Žs","342040073004","¼–ìŽl’š–Ú","34.406100","133.060245","0","3"
"34","L“‡Œ§","34204","ŽOŒ´Žs","342040073005","¼–ìŒÜ’š–Ú","34.414146","133.060084","0","3"
"34","L“‡Œ§","34204","ŽOŒ´Žs","342040074001","¼’¬ˆê’š–Ú","34.401437","133.074162","0","3"
"34","L“‡Œ§","34204","ŽOŒ´Žs","342040074002","¼’¬“ñ’š–Ú","34.404836","133.075392","0","3"
"34","L“‡Œ§","34204","ŽOŒ´Žs","342040075001","¼‹{ˆê’š–Ú","34.404156","133.069296","0","3"
"34","L“‡Œ§","34204","ŽOŒ´Žs","342040075002","¼‹{“ñ’š–Ú","34.407715","133.067961","0","3"
"34","L“‡Œ§","34204","ŽOŒ´Žs","342040076001","À“cˆê’š–Ú","34.398928","133.040628","0","3"
"34","L“‡Œ§","34204","ŽOŒ´Žs","342040076002","À“c“ñ’š–Ú","34.409642","133.041579","0","3"
"34","L“‡Œ§","34204","ŽOŒ´Žs","342040076003","À“cŽO’š–Ú","34.419747","133.045138","0","3"
"34","L“‡Œ§","34204","ŽOŒ´Žs","342040077000","À“c’¬","34.423322","133.035962","0","1"
"34","L“‡Œ§","34204","ŽOŒ´Žs","342040078000","À“c¼’¬¬Œ´","34.396868","132.993185","0","1"
"34","L“‡Œ§","34204","ŽOŒ´Žs","342040079000","À“c¼’¬‘y’è","34.383901","132.990476","0","1"
"34","L“‡Œ§","34204","ŽOŒ´Žs","342040080000","À“c¼’¬¼]","34.393452","132.981112","0","1"
"34","L“‡Œ§","34204","ŽOŒ´Žs","342040081000","À“c“Œ’¬•Ð“‡","34.387079","133.020508","0","1"
"34","L“‡Œ§","34204","ŽOŒ´Žs","342040082000","À“c“Œ’¬Š˜ŽR","34.369266","133.017898","0","1"
"34","L“‡Œ§","34204","ŽOŒ´Žs","342040083000","À“c“Œ’¬Žµ•ó","34.390453","133.032571","0","1"
"34","L“‡Œ§","34204","ŽOŒ´Žs","342040084000","À“c“Œ’¬––L","34.387177","133.006440","0","1"
"34","L“‡Œ§","34204","ŽOŒ´Žs","342040085000","À“c“Œ’¬––Œõ","34.371294","133.031261","0","1"
"34","L“‡Œ§","34204","ŽOŒ´Žs","342040086000","À“c“Œ’¬”[Š","34.397616","133.009137","0","1"
"34","L“‡Œ§","34204","ŽOŒ´Žs","342040087000","À“c“Œ’¬–{Žs","34.394917","133.022931","0","1"
"34","L“‡Œ§","34204","ŽOŒ´Žs","342040088000","À“c“Œ’¬—¼–¼","34.382582","133.032640","0","1"
"34","L“‡Œ§","34204","ŽOŒ´Žs","342040089000","“o’¬","34.366797","133.066642","0","1"
"34","L“‡Œ§","34204","ŽOŒ´Žs","342040090000","”«ƒP•ô’¬","34.393339","133.134241","0","1"
"34","L“‡Œ§","34204","ŽOŒ´Žs","342040091001","“Œ’¬ˆê’š–Ú","34.400185","133.091974","0","3"
"34","L“‡Œ§","34204","ŽOŒ´Žs","342040091002","“Œ’¬“ñ’š–Ú","34.403605","133.089085","0","3"
"34","L“‡Œ§","34204","ŽOŒ´Žs","342040091003","“Œ’¬ŽO’š–Ú","34.402283","133.091988","0","3"
"34","L“‡Œ§","34204","ŽOŒ´Žs","342040092000","[’¬","34.438540","133.135129","0","1"
"34","L“‡Œ§","34204","ŽOŒ´Žs","342040093001","–{‹½–kˆê’š–Ú","34.409397","133.004159","0","3"
"34","L“‡Œ§","34204","ŽOŒ´Žs","342040093002","–{‹½–k“ñ’š–Ú","34.417147","132.997592","0","3"
"34","L“‡Œ§","34204","ŽOŒ´Žs","342040093003","–{‹½–kŽO’š–Ú","34.411282","132.988423","0","3"
"34","L“‡Œ§","34204","ŽOŒ´Žs","342040093004","–{‹½–kŽl’š–Ú","34.414380","132.984837","0","3"
"34","L“‡Œ§","34204","ŽOŒ´Žs","342040094000","–{‹½’¬ã–k•û","34.426427","132.937324","0","1"
"34","L“‡Œ§","34204","ŽOŒ´Žs","342040095000","–{‹½’¬‰º–k•û","34.409834","132.968729","0","1"
"34","L“‡Œ§","34204","ŽOŒ´Žs","342040096000","–{‹½’¬‘P“üŽ›","34.436868","132.909136","0","1"
"34","L“‡Œ§","34204","ŽOŒ´Žs","342040097000","–{‹½’¬‘D–Ø","34.450962","132.969022","0","1"
"34","L“‡Œ§","34204","ŽOŒ´Žs","342040098000","–{‹½’¬–{‹½","34.417393","132.969280","0","1"
"34","L“‡Œ§","34204","ŽOŒ´Žs","342040099000","–{‹½’¬“ì•û","34.386010","132.949240","0","1"
"34","L“‡Œ§","34204","ŽOŒ´Žs","342040100001","–{‹½“ìˆê’š–Ú","34.406531","133.010140","0","3"
"34","L“‡Œ§","34204","ŽOŒ´Žs","342040100002","–{‹½“ì“ñ’š–Ú","34.406341","133.002902","0","3"
"34","L“‡Œ§","34204","ŽOŒ´Žs","342040100003","–{‹½“ìŽO’š–Ú","34.407278","132.995516","0","3"
"34","L“‡Œ§","34204","ŽOŒ´Žs","342040100004","–{‹½“ìŽl’š–Ú","34.403671","132.995115","0","3"
"34","L“‡Œ§","34204","ŽOŒ´Žs","342040100005","–{‹½“ìŒÜ’š–Ú","34.406450","132.989357","0","3"
"34","L“‡Œ§","34204","ŽOŒ´Žs","342040100006","–{‹½“ì˜Z’š–Ú","34.411384","132.981554","0","3"
"34","L“‡Œ§","34204","ŽOŒ´Žs","342040100007","–{‹½“ìŽµ’š–Ú","34.416028","132.976580","0","3"
"34","L“‡Œ§","34204","ŽOŒ´Žs","342040101001","–{’¬ˆê’š–Ú","34.401548","133.079234","0","3"
"34","L“‡Œ§","34204","ŽOŒ´Žs","342040101002","–{’¬“ñ’š–Ú","34.404658","133.082185","0","3"
"34","L“‡Œ§","34204","ŽOŒ´Žs","342040101003","–{’¬ŽO’š–Ú","34.405237","133.077059","0","3"
"34","L“‡Œ§","34204","ŽOŒ´Žs","342040102001","`’¬ˆê’š–Ú","34.399640","133.078927","0","3"
"34","L“‡Œ§","34204","ŽOŒ´Žs","342040102002","`’¬“ñ’š–Ú","34.399696","133.075601","0","3"
"34","L“‡Œ§","34204","ŽOŒ´Žs","342040102003","`’¬ŽO’š–Ú","34.397934","133.078607","0","3"
"34","L“‡Œ§","34204","ŽOŒ´Žs","342040103001","ŠFŽÀˆê’š–Ú","34.396874","133.070328","0","3"
"34","L“‡Œ§","34204","ŽOŒ´Žs","342040103002","ŠFŽÀ“ñ’š–Ú","34.392105","133.062598","0","3"
"34","L“‡Œ§","34204","ŽOŒ´Žs","342040103003","ŠFŽÀŽO’š–Ú","34.392022","133.065529","0","3"
"34","L“‡Œ§","34204","ŽOŒ´Žs","342040103004","ŠFŽÀŽl’š–Ú","34.393575","133.069480","0","3"
"34","L“‡Œ§","34204","ŽOŒ´Žs","342040103005","ŠFŽÀŒÜ’š–Ú","34.390140","133.069702","0","3"
"34","L“‡Œ§","34204","ŽOŒ´Žs","342040103006","ŠFŽÀ˜Z’š–Ú","34.389914","133.063254","0","3"
"34","L“‡Œ§","34204","ŽOŒ´Žs","342040104001","“ì•ûˆê’š–Ú","34.403588","132.979251","0","3"
"34","L“‡Œ§","34204","ŽOŒ´Žs","342040104002","“ì•û“ñ’š–Ú","34.400729","132.971552","0","3"
"34","L“‡Œ§","34204","ŽOŒ´Žs","342040104003","“ì•ûŽO’š–Ú","34.404583","132.969581","0","3"
"34","L“‡Œ§","34204","ŽOŒ´Žs","342040105001","‹{‰Yˆê’š–Ú","34.401127","133.064797","0","3"
"34","L“‡Œ§","34204","ŽOŒ´Žs","342040105002","‹{‰Y“ñ’š–Ú","34.401017","133.070088","0","3"
"34","L“‡Œ§","34204","ŽOŒ´Žs","342040105003","‹{‰YŽO’š–Ú","34.397604","133.067611","0","3"
"34","L“‡Œ§","34204","ŽOŒ´Žs","342040105004","‹{‰YŽl’š–Ú","34.398174","133.063428","0","3"
"34","L“‡Œ§","34204","ŽOŒ´Žs","342040105005","‹{‰YŒÜ’š–Ú","34.395399","133.059996","0","3"
"34","L“‡Œ§","34204","ŽOŒ´Žs","342040105006","‹{‰Y˜Z’š–Ú","34.393128","133.060816","0","3"
"34","L“‡Œ§","34204","ŽOŒ´Žs","342040106001","‹{‰«ˆê’š–Ú","34.398416","133.074256","0","3"
"34","L“‡Œ§","34204","ŽOŒ´Žs","342040106002","‹{‰«“ñ’š–Ú","34.396939","133.073731","0","3"
"34","L“‡Œ§","34204","ŽOŒ´Žs","342040106003","‹{‰«ŽO’š–Ú","34.394958","133.073830","0","3"
"34","L“‡Œ§","34204","ŽOŒ´Žs","342040106004","‹{‰«Žl’š–Ú","34.392927","133.073539","0","3"
"34","L“‡Œ§","34204","ŽOŒ´Žs","342040106005","‹{‰«ŒÜ’š–Ú","34.390358","133.074024","0","3"
"34","L“‡Œ§","34204","ŽOŒ´Žs","342040107001","–¾_ˆê’š–Ú","34.385100","133.054692","0","3"
"34","L“‡Œ§","34204","ŽOŒ´Žs","342040107002","–¾_“ñ’š–Ú","34.385719","133.051202","0","3"
"34","L“‡Œ§","34204","ŽOŒ´Žs","342040107003","–¾_ŽO’š–Ú","34.388166","133.056590","0","3"
"34","L“‡Œ§","34204","ŽOŒ´Žs","342040107004","–¾_Žl’š–Ú","34.389954","133.050488","0","3"
"34","L“‡Œ§","34204","ŽOŒ´Žs","342040107005","–¾_ŒÜ’š–Ú","34.390826","133.043418","0","3"
"34","L“‡Œ§","34204","ŽOŒ´Žs","342040108000","–¾_’¬","34.387760","133.045024","0","1"
"34","L“‡Œ§","34204","ŽOŒ´Žs","342040109001","ŠÙ’¬ˆê’š–Ú","34.401440","133.084350","0","3"
"34","L“‡Œ§","34204","ŽOŒ´Žs","342040109002","ŠÙ’¬“ñ’š–Ú","34.403794","133.085141","0","3"
"34","L“‡Œ§","34204","ŽOŒ´Žs","342040110000","”ªâ’¬","34.426356","133.075031","0","1"
"34","L“‡Œ§","34204","ŽOŒ´Žs","342040111000","”ª”¦’¬Š_“à","34.463960","133.061708","0","1"
"34","L“‡Œ§","34204","ŽOŒ´Žs","342040112000","”ª”¦’¬â¾","34.486810","133.064530","0","1"
"34","L“‡Œ§","34204","ŽOŒ´Žs","342040113000","”ª”¦’¬–ì‹ø","34.477628","133.078690","0","1"
"34","L“‡Œ§","34204","ŽOŒ´Žs","342040114000","”ª”¦’¬–{¯","34.476732","133.113233","0","1"
"34","L“‡Œ§","34204","ŽOŒ´Žs","342040115000","”ª”¦’¬”ü¶","34.472185","133.101254","0","1"
"34","L“‡Œ§","34204","ŽOŒ´Žs","342040116000","”ª”¦’¬‹{“à","34.464608","133.084127","0","1"
"34","L“‡Œ§","34204","ŽOŒ´Žs","342040117000","”ª”¦’¬‰®’†","34.483184","133.086027","0","1"
"34","L“‡Œ§","34204","ŽOŒ´Žs","342040118001","—ŠŒ“ˆê’š–Ú","34.400328","133.058687","0","3"
"34","L“‡Œ§","34204","ŽOŒ´Žs","342040118002","—ŠŒ““ñ’š–Ú","34.396388","133.057351","0","3"
"34","L“‡Œ§","34204","ŽOŒ´Žs","342040119001","˜a“cˆê’š–Ú","34.386976","133.070322","0","3"
"34","L“‡Œ§","34204","ŽOŒ´Žs","342040119002","˜a“c“ñ’š–Ú","34.383481","133.074687","0","3"
"34","L“‡Œ§","34204","ŽOŒ´Žs","342040119003","˜a“cŽO’š–Ú","34.384008","133.069641","0","3"
"34","L“‡Œ§","34204","ŽOŒ´Žs","342040120000","˜a“c‰«’¬","34.383509","133.083358","0","1"
"34","L“‡Œ§","34204","ŽOŒ´Žs","342040121000","˜a“c’¬","34.378908","133.071732","0","1"
"34","L“‡Œ§","34205","”ö“¹Žs","342050001000","ˆö“‡‘å•l’¬","34.345926","133.167003","0","1"
"34","L“‡Œ§","34205","”ö“¹Žs","342050002000","ˆö“‡‹¾‰Y’¬","34.329095","133.195082","0","1"
"34","L“‡Œ§","34205","”ö“¹Žs","342050003000","ˆö“‡F]’¬","34.295558","133.143776","0","1"
"34","L“‡Œ§","34205","”ö“¹Žs","342050004000","ˆö“‡“cŒF’¬","34.303848","133.166154","0","1"
"34","L“‡Œ§","34205","”ö“¹Žs","342050005000","ˆö“‡ŠO‰Y’¬","34.325709","133.186487","0","1"
"34","L“‡Œ§","34205","”ö“¹Žs","342050006000","ˆö“‡’†¯’¬","34.322329","133.169868","0","1"
"34","L“‡Œ§","34205","”ö“¹Žs","342050007000","ˆö“‡Œ´’¬","34.286137","133.131166","0","1"
"34","L“‡Œ§","34205","”ö“¹Žs","342050008000","ˆö“‡ŽO¯’¬","34.296787","133.192078","0","1"
"34","L“‡Œ§","34205","”ö“¹Žs","342050009000","ˆö“‡–¸‰Y’¬","34.317560","133.200680","0","1"
"34","L“‡Œ§","34205","”ö“¹Žs","342050010000","‰Yè’¬","34.401394","133.270062","0","1"
"34","L“‡Œ§","34205","”ö“¹Žs","342050011000","‰«‘¤’¬","34.402566","133.166153","0","1"
"34","L“‡Œ§","34205","”ö“¹Žs","342050012000","”öè’¬","34.414923","133.212465","0","1"
"34","L“‡Œ§","34205","”ö“¹Žs","342050013000","”öè–{’¬","34.410585","133.216620","0","1"
"34","L“‡Œ§","34205","”ö“¹Žs","342050014000","_“c’¬","34.407211","133.171465","0","1"
"34","L“‡Œ§","34205","”ö“¹Žs","342050015000","–Øƒm¯’¬ŽsŒ´","34.478308","133.170092","0","1"
"34","L“‡Œ§","34205","”ö“¹Žs","342050016000","–Øƒm¯’¬–Ø—œ","34.479631","133.188340","0","1"
"34","L“‡Œ§","34205","”ö“¹Žs","342050017000","–Øƒm¯’¬–Ø—œŽR•û","34.464592","133.199180","0","1"
"34","L“‡Œ§","34205","”ö“¹Žs","342050018000","–Øƒm¯’¬–Ø–å“c","34.469926","133.144533","0","1"
"34","L“‡Œ§","34205","”ö“¹Žs","342050019000","–Øƒm¯’¬”¨","34.489058","133.160310","0","1"
"34","L“‡Œ§","34205","”ö“¹Žs","342050020001","‹v•Ûˆê’š–Ú","34.410329","133.204452","0","3"
"34","L“‡Œ§","34205","”ö“¹Žs","342050020002","‹v•Û“ñ’š–Ú","34.410953","133.206052","0","3"
"34","L“‡Œ§","34205","”ö“¹Žs","342050020003","‹v•ÛŽO’š–Ú","34.411270","133.208085","0","3"
"34","L“‡Œ§","34205","”ö“¹Žs","342050021000","‹v•Û’¬","34.423960","133.205989","0","1"
"34","L“‡Œ§","34205","”ö“¹Žs","342050022000","ŒIŒ´’¬","34.430158","133.181640","0","1"
"34","L“‡Œ§","34205","”ö“¹Žs","342050023001","ŒIŒ´¼ˆê’š–Ú","34.408613","133.188677","0","3"
"34","L“‡Œ§","34205","”ö“¹Žs","342050023002","ŒIŒ´¼“ñ’š–Ú","34.412897","133.188096","0","3"
"34","L“‡Œ§","34205","”ö“¹Žs","342050024001","ŒIŒ´“Œˆê’š–Ú","34.411075","133.190992","0","3"
"34","L“‡Œ§","34205","”ö“¹Žs","342050024002","ŒIŒ´“Œ“ñ’š–Ú","34.415258","133.192264","0","3"
"34","L“‡Œ§","34205","”ö“¹Žs","342050025000","ŒÃ•l’¬","34.398859","133.172959","0","1"
"34","L“‡Œ§","34205","”ö“¹Žs","342050026000","÷’¬","34.413710","133.185285","0","1"
"34","L“‡Œ§","34205","”ö“¹Žs","342050027000","ŽOŒ¬‰Æ’¬","34.406875","133.192143","0","1"
"34","L“‡Œ§","34205","”ö“¹Žs","342050028000","ŽR”g’¬","34.417717","133.225492","0","1"
"34","L“‡Œ§","34205","”ö“¹Žs","342050029000","’ªŒ©’¬","34.409118","133.185833","0","1"
"34","L“‡Œ§","34205","”ö“¹Žs","342050030000","³“¿’¬","34.396213","133.163000","0","1"
"34","L“‡Œ§","34205","”ö“¹Žs","342050031001","V‚ŽRˆê’š–Ú","34.415514","133.217346","0","3"
"34","L“‡Œ§","34205","”ö“¹Žs","342050031002","V‚ŽR“ñ’š–Ú","34.419398","133.215369","0","3"
"34","L“‡Œ§","34205","”ö“¹Žs","342050031003","V‚ŽRŽO’š–Ú","34.424493","133.214781","0","3"
"34","L“‡Œ§","34205","”ö“¹Žs","342050032001","V•lˆê’š–Ú","34.401477","133.183444","0","3"
"34","L“‡Œ§","34205","”ö“¹Žs","342050032002","V•l“ñ’š–Ú","34.400507","133.178364","0","3"
"34","L“‡Œ§","34205","”ö“¹Žs","342050033000","£ŒË“c’¬‰¬","34.265691","133.091951","0","1"
"34","L“‡Œ§","34205","”ö“¹Žs","342050034000","£ŒË“c’¬‚ª","34.317709","133.074092","0","1"
"34","L“‡Œ§","34205","”ö“¹Žs","342050035000","£ŒË“c’¬‘ò","34.309424","133.090482","0","1"
"34","L“‡Œ§","34205","”ö“¹Žs","342050036000","£ŒË“c’¬Ž­“cŒ´","34.301410","133.090705","0","1"
"34","L“‡Œ§","34205","”ö“¹Žs","342050037000","£ŒË“c’¬£ŒË“c","34.304970","133.087732","0","1"
"34","L“‡Œ§","34205","”ö“¹Žs","342050038000","£ŒË“c’¬‚…","34.275050","133.078305","0","1"
"34","L“‡Œ§","34205","”ö“¹Žs","342050039000","£ŒË“c’¬’†–ì","34.292184","133.097771","0","1"
"34","L“‡Œ§","34205","”ö“¹Žs","342050040000","£ŒË“c’¬—Ñ","34.297758","133.112135","0","1"
"34","L“‡Œ§","34205","”ö“¹Žs","342050041000","£ŒË“c’¬•Ÿ“c","34.288444","133.088773","0","1"
"34","L“‡Œ§","34205","”ö“¹Žs","342050042000","£ŒË“c’¬ŒäŽ›","34.283778","133.113509","0","1"
"34","L“‡Œ§","34205","”ö“¹Žs","342050043000","£ŒË“c’¬‹{Œ´","34.272828","133.107864","0","1"
"34","L“‡Œ§","34205","”ö“¹Žs","342050044000","£ŒË“c’¬–¼‰×","34.304025","133.130519","0","1"
"34","L“‡Œ§","34205","”ö“¹Žs","342050045000","‚{’¬","34.436861","133.226535","0","1"
"34","L“‡Œ§","34205","”ö“¹Žs","342050046001","’·ŽÒŒ´ˆê’š–Ú","34.439990","133.210257","0","3"
"34","L“‡Œ§","34205","”ö“¹Žs","342050046002","’·ŽÒŒ´“ñ’š–Ú","34.444968","133.208107","0","3"
"34","L“‡Œ§","34205","”ö“¹Žs","342050047001","“y“°ˆê’š–Ú","34.406625","133.198499","0","3"
"34","L“‡Œ§","34205","”ö“¹Žs","342050047002","“y“°“ñ’š–Ú","34.408323","133.201760","0","3"
"34","L“‡Œ§","34205","”ö“¹Žs","342050048000","Žèè’¬","34.402503","133.176158","0","1"
"34","L“‡Œ§","34205","”ö“¹Žs","342050049000","“V–ž’¬","34.405429","133.189022","0","1"
"34","L“‡Œ§","34205","”ö“¹Žs","342050050000","\Žl“ú’¬","34.427092","133.199551","0","1"
"34","L“‡Œ§","34205","”ö“¹Žs","342050051000","\Žl“úŒ³’¬","34.409788","133.202650","0","1"
"34","L“‡Œ§","34205","”ö“¹Žs","342050052001","’·]ˆê’š–Ú","34.413223","133.200853","0","3"
"34","L“‡Œ§","34205","”ö“¹Žs","342050052002","’·]“ñ’š–Ú","34.415980","133.198673","0","3"
"34","L“‡Œ§","34205","”ö“¹Žs","342050052003","’·]ŽO’š–Ú","34.419949","133.196834","0","3"
"34","L“‡Œ§","34205","”ö“¹Žs","342050053000","¼‹v•Û’¬","34.415107","133.204189","0","1"
"34","L“‡Œ§","34205","”ö“¹Žs","342050054000","¼ŒäŠ’¬","34.402702","133.189470","0","1"
"34","L“‡Œ§","34205","”ö“¹Žs","342050055000","¼“y“°’¬","34.408606","133.195494","0","1"
"34","L“‡Œ§","34205","”ö“¹Žs","342050056000","¼‘¥––’¬","34.419369","133.187234","0","1"
"34","L“‡Œ§","34205","”ö“¹Žs","342050057000","¼“¡’¬","34.457150","133.217877","0","1"
"34","L“‡Œ§","34205","”ö“¹Žs","342050058000","Œ´“c’¬¬Œ´","34.499361","133.222290","0","1"
"34","L“‡Œ§","34205","”ö“¹Žs","342050059000","Œ´“c’¬ŠŽR“c","34.493067","133.204667","0","1"
"34","L“‡Œ§","34205","”ö“¹Žs","342050060000","“Œ”ö“¹","34.422500","133.236749","0","1"
"34","L“‡Œ§","34205","”ö“¹Žs","342050061000","“Œ‹v•Û’¬","34.414691","133.208205","0","1"
"34","L“‡Œ§","34205","”ö“¹Žs","342050062000","“ŒŒäŠ’¬","34.404350","133.193082","0","1"
"34","L“‡Œ§","34205","”ö“¹Žs","342050063000","“Œ“y“°’¬","34.409827","133.198765","0","1"
"34","L“‡Œ§","34205","”ö“¹Žs","342050064000","“Œ‘¥––’¬","34.420101","133.190152","0","1"
"34","L“‡Œ§","34205","”ö“¹Žs","342050065000","“ŒŒ³’¬","34.400282","133.170678","0","1"
"34","L“‡Œ§","34205","”ö“¹Žs","342050066000","‹vŽR“c’¬","34.423266","133.157369","0","1"
"34","L“‡Œ§","34205","”ö“¹Žs","342050067000","“ú”äè’¬","34.409243","133.182597","0","1"
"34","L“‡Œ§","34205","”ö“¹Žs","342050068001","•½Œ´ˆê’š–Ú","34.407454","133.176425","0","3"
"34","L“‡Œ§","34205","”ö“¹Žs","342050068002","•½Œ´“ñ’š–Ú","34.410445","133.177711","0","3"
"34","L“‡Œ§","34205","”ö“¹Žs","342050068003","•½Œ´ŽO’š–Ú","34.412984","133.177024","0","3"
"34","L“‡Œ§","34205","”ö“¹Žs","342050068004","•½Œ´Žl’š–Ú","34.416488","133.178333","0","3"
"34","L“‡Œ§","34205","”ö“¹Žs","342050069000","•Ÿ’n’¬","34.398891","133.159650","0","1"
"34","L“‡Œ§","34205","”ö“¹Žs","342050070000","–h’n’¬","34.419730","133.205084","0","1"
"34","L“‡Œ§","34205","”ö“¹Žs","342050071000","Œä’²’¬ˆ»–Ú","34.524692","133.116018","0","1"
"34","L“‡Œ§","34205","”ö“¹Žs","342050072000","Œä’²’¬Žs","34.502880","133.150595","0","1"
"34","L“‡Œ§","34205","”ö“¹Žs","342050073000","Œä’²’¬¡“c","34.511599","133.101796","0","1"
"34","L“‡Œ§","34205","”ö“¹Žs","342050074000","Œä’²’¬Šâª","34.527966","133.158098","0","1"
"34","L“‡Œ§","34205","”ö“¹Žs","342050075000","Œä’²’¬A–ì","34.497410","133.097277","0","1"
"34","L“‡Œ§","34205","”ö“¹Žs","342050076000","Œä’²’¬]“c","34.507934","133.168607","0","1"
"34","L“‡Œ§","34205","”ö“¹Žs","342050077000","Œä’²’¬‘å“c","34.502734","133.134477","0","1"
"34","L“‡Œ§","34205","”ö“¹Žs","342050078000","Œä’²’¬‘åŒ´","34.533881","133.102611","0","1"
"34","L“‡Œ§","34205","”ö“¹Žs","342050079000","Œä’²’¬‘å’¬","34.518519","133.166778","0","1"
"34","L“‡Œ§","34205","”ö“¹Žs","342050080000","Œä’²’¬‘åŽR“c","34.556522","133.144000","0","1"
"34","L“‡Œ§","34205","”ö“¹Žs","342050081000","Œä’²’¬ŠLƒPŒ´","34.523832","133.146423","0","1"
"34","L“‡Œ§","34205","”ö“¹Žs","342050082000","Œä’²’¬Š˜ŒE","34.512422","133.159659","0","1"
"34","L“‡Œ§","34205","”ö“¹Žs","342050083000","Œä’²’¬_","34.513977","133.141534","0","1"
"34","L“‡Œ§","34205","”ö“¹Žs","342050084000","Œä’²’¬‘Žç","34.498010","133.166919","0","1"
"34","L“‡Œ§","34205","”ö“¹Žs","342050085000","Œä’²’¬Œö•¶","34.530163","133.135352","0","1"
"34","L“‡Œ§","34205","”ö“¹Žs","342050086000","Œä’²’¬ŽO˜YŠÛ","34.542124","133.175731","0","1"
"34","L“‡Œ§","34205","”ö“¹Žs","342050087000","Œä’²’¬‰ºŽR“c","34.540839","133.139667","0","1"
"34","L“‡Œ§","34205","”ö“¹Žs","342050088000","Œä’²’¬›","34.513223","133.182827","0","1"
"34","L“‡Œ§","34205","”ö“¹Žs","342050089000","Œä’²’¬ç“°","34.545361","133.157290","0","1"
"34","L“‡Œ§","34205","”ö“¹Žs","342050090000","Œä’²’¬‘å‘ ","34.533314","133.182474","0","1"
"34","L“‡Œ§","34205","”ö“¹Žs","342050091000","Œä’²’¬‘å“ƒ","34.521351","133.201636","0","1"
"34","L“‡Œ§","34205","”ö“¹Žs","342050092000","Œä’²’¬‚”ö","34.517431","133.139002","0","1"
"34","L“‡Œ§","34205","”ö“¹Žs","342050093000","Œä’²’¬’ÃŠI","34.505149","133.071688","0","1"
"34","L“‡Œ§","34205","”ö“¹Žs","342050094000","Œä’²’¬“¿‰i","34.508369","133.123640","0","1"
"34","L“‡Œ§","34205","”ö“¹Žs","342050095000","Œä’²’¬’†Œ´","34.523511","133.167198","0","1"
"34","L“‡Œ§","34205","”ö“¹Žs","342050096000","Œä’²’¬m–ì","34.530429","133.215362","0","1"
"34","L“‡Œ§","34205","”ö“¹Žs","342050097000","Œä’²’¬–ìŠÔ","34.518727","133.080243","0","1"
"34","L“‡Œ§","34205","”ö“¹Žs","342050098000","Œä’²’¬”’‘¾","34.526490","133.178177","0","1"
"34","L“‡Œ§","34205","”ö“¹Žs","342050099000","Œä’²’¬‰ÔK","34.513490","133.152728","0","1"
"34","L“‡Œ§","34205","”ö“¹Žs","342050100000","Œä’²’¬•½","34.519931","133.160482","0","1"
"34","L“‡Œ§","34205","”ö“¹Žs","342050101000","Œä’²’¬•½–Ø","34.523581","133.208902","0","1"
"34","L“‡Œ§","34205","”ö“¹Žs","342050102000","Œä’²’¬•Ÿˆä","34.491250","133.079498","0","1"
"34","L“‡Œ§","34205","”ö“¹Žs","342050103000","Œä’²’¬–{","34.539134","133.165164","0","1"
"34","L“‡Œ§","34205","”ö“¹Žs","342050104000","Œä’²’¬ŠÛ‰Í“ì","34.489617","133.129687","0","1"
"34","L“‡Œ§","34205","”ö“¹Žs","342050105000","Œä’²’¬ŠÛ–å“c","34.490472","133.115980","0","1"
"34","L“‡Œ§","34205","”ö“¹Žs","342050106000","Œä’²’¬ŽR‰ª","34.531219","133.087274","0","1"
"34","L“‡Œ§","34205","”ö“¹Žs","342050107000","”üƒm‹½’¬’–Žq”—","34.458601","133.205020","0","1"
"34","L“‡Œ§","34205","”ö“¹Žs","342050108000","”üƒm‹½’¬”’]","34.455757","133.184346","0","1"
"34","L“‡Œ§","34205","”ö“¹Žs","342050109000","”üƒm‹½’¬’†–ì","34.450086","133.146594","0","1"
"34","L“‡Œ§","34205","”ö“¹Žs","342050110000","”üƒm‹½’¬–{‹½","34.450121","133.170750","0","1"
"34","L“‡Œ§","34205","”ö“¹Žs","342050111000","”üƒm‹½’¬ŽO¬","34.449026","133.197390","0","1"
"34","L“‡Œ§","34205","”ö“¹Žs","342050112000","Œü“‡’¬","34.383035","133.194652","0","1"
"34","L“‡Œ§","34205","”ö“¹Žs","342050113000","Œü“‡’¬ŠâŽq“‡","34.382343","133.161190","0","1"
"34","L“‡Œ§","34205","”ö“¹Žs","342050114000","Œü“‡’¬—§‰Ô","34.364274","133.202562","0","1"
"34","L“‡Œ§","34205","”ö“¹Žs","342050115000","Œü“Œ’¬","34.395509","133.222192","0","1"
"34","L“‡Œ§","34205","”ö“¹Žs","342050116000","•S“‡’¬","34.372646","133.269177","0","1"
"34","L“‡Œ§","34205","”ö“¹Žs","342050117000","–å“c’¬","34.417266","133.183271","0","1"
"34","L“‡Œ§","34205","”ö“¹Žs","342050118000","‹g‰Y’¬","34.406492","133.180685","0","1"
"34","L“‡Œ§","34205","”ö“¹Žs","342050119000","‹g˜a’¬","34.411129","133.160184","0","1"
"34","L“‡Œ§","34205","”ö“¹Žs","342050120000","‹g˜a¼Œ³’¬","34.399323","133.166328","0","1"
"34","L“‡Œ§","34205","”ö“¹Žs","342050121000","ˆö“‡dˆä’¬","34.338084","133.151291","0","1"
"34","L“‡Œ§","34205","”ö“¹Žs","342050122000","ˆö“‡“y¶’¬","34.290317","133.180279","0","1"
"34","L“‡Œ§","34207","•ŸŽRŽs","342070001001","Â—t‘äˆê’š–Ú","34.513455","133.428088","0","3"
"34","L“‡Œ§","34207","•ŸŽRŽs","342070001002","Â—t‘ä“ñ’š–Ú","34.517007","133.426456","0","3"
"34","L“‡Œ§","34207","•ŸŽRŽs","342070001003","Â—t‘äŽO’š–Ú","34.519052","133.426425","0","3"
"34","L“‡Œ§","34207","•ŸŽRŽs","342070001004","Â—t‘äŽl’š–Ú","34.518830","133.430537","0","3"
"34","L“‡Œ§","34207","•ŸŽRŽs","342070002000","Ôâ’¬‘åŽšÔâ","34.482456","133.287339","0","1"
"34","L“‡Œ§","34207","•ŸŽRŽs","342070003000","Ôâ’¬‘åŽš‘ŒË","34.458476","133.306938","0","1"
"34","L“‡Œ§","34207","•ŸŽRŽs","342070004001","Œ’¬ˆê’š–Ú","34.475324","133.397803","0","3"
"34","L“‡Œ§","34207","•ŸŽRŽs","342070004002","Œ’¬“ñ’š–Ú","34.474649","133.404964","0","3"
"34","L“‡Œ§","34207","•ŸŽRŽs","342070004003","Œ’¬ŽO’š–Ú","34.472437","133.396094","0","3"
"34","L“‡Œ§","34207","•ŸŽRŽs","342070004004","Œ’¬Žl’š–Ú","34.470447","133.403344","0","3"
"34","L“‡Œ§","34207","•ŸŽRŽs","342070004005","Œ’¬ŒÜ’š–Ú","34.468809","133.394412","0","3"
"34","L“‡Œ§","34207","•ŸŽRŽs","342070004006","Œ’¬˜Z’š–Ú","34.466504","133.401712","0","3"
"34","L“‡Œ§","34207","•ŸŽRŽs","342070005000","ˆ®’¬","34.490819","133.374174","0","1"
"34","L“‡Œ§","34207","•ŸŽRŽs","342070006000","ˆ°“c’¬‘åŽšã—L’n","34.519997","133.255837","0","1"
"34","L“‡Œ§","34207","•ŸŽRŽs","342070007000","ˆ°“c’¬‘åŽšŒü—z‘ä","34.524113","133.289906","0","1"
"34","L“‡Œ§","34207","•ŸŽRŽs","342070008000","ˆ°“c’¬‘åŽš‰º—L’n","34.521829","133.271769","0","1"
"34","L“‡Œ§","34207","•ŸŽRŽs","342070009000","ˆ°“c’¬‘åŽšžo–","34.521767","133.231921","0","1"
"34","L“‡Œ§","34207","•ŸŽRŽs","342070010000","ˆ°“c’¬‘åŽš•Ÿ“c","34.521673","133.284186","0","1"
"34","L“‡Œ§","34207","•ŸŽRŽs","342070011001","ˆÉ¨‹uˆê’š–Ú","34.501369","133.423450","0","3"
"34","L“‡Œ§","34207","•ŸŽRŽs","342070011002","ˆÉ¨‹u“ñ’š–Ú","34.503099","133.425095","0","3"
"34","L“‡Œ§","34207","•ŸŽRŽs","342070011003","ˆÉ¨‹uŽO’š–Ú","34.504863","133.418987","0","3"
"34","L“‡Œ§","34207","•ŸŽRŽs","342070011004","ˆÉ¨‹uŽl’š–Ú","34.504311","133.425671","0","3"
"34","L“‡Œ§","34207","•ŸŽRŽs","342070011005","ˆÉ¨‹uŒÜ’š–Ú","34.506093","133.422164","0","3"
"34","L“‡Œ§","34207","•ŸŽRŽs","342070011006","ˆÉ¨‹u˜Z’š–Ú","34.506532","133.427568","0","3"
"34","L“‡Œ§","34207","•ŸŽRŽs","342070011007","ˆÉ¨‹uŽµ’š–Ú","34.508984","133.430445","0","3"
"34","L“‡Œ§","34207","•ŸŽRŽs","342070011008","ˆÉ¨‹u”ª’š–Ú","34.505742","133.431133","0","3"
"34","L“‡Œ§","34207","•ŸŽRŽs","342070012000","ˆê•¶Žš’¬","34.469654","133.408804","0","1"
"34","L“‡Œ§","34207","•ŸŽRŽs","342070013000","¡’Ã’¬","34.456189","133.251060","0","1"
"34","L“‡Œ§","34207","•ŸŽRŽs","342070014002","¡’Ã’¬“ñ’š–Ú","34.451396","133.256016","0","3"
"34","L“‡Œ§","34207","•ŸŽRŽs","342070014003","¡’Ã’¬ŽO’š–Ú","34.453112","133.255769","0","3"
"34","L“‡Œ§","34207","•ŸŽRŽs","342070014004","¡’Ã’¬Žl’š–Ú","34.449780","133.252843","0","3"
"34","L“‡Œ§","34207","•ŸŽRŽs","342070014005","¡’Ã’¬ŒÜ’š–Ú","34.452041","133.252352","0","3"
"34","L“‡Œ§","34207","•ŸŽRŽs","342070014006","¡’Ã’¬˜Z’š–Ú","34.448678","133.243268","0","3"
"34","L“‡Œ§","34207","•ŸŽRŽs","342070014007","¡’Ã’¬Žµ’š–Ú","34.446145","133.244336","0","3"
"34","L“‡Œ§","34207","•ŸŽRŽs","342070015000","¡’¬","34.489777","133.367730","0","1"
"34","L“‡Œ§","34207","•ŸŽRŽs","342070016001","“ü‘D’¬ˆê’š–Ú","34.488578","133.374131","0","3"
"34","L“‡Œ§","34207","•ŸŽRŽs","342070016002","“ü‘D’¬“ñ’š–Ú","34.486479","133.374173","0","3"
"34","L“‡Œ§","34207","•ŸŽRŽs","342070016003","“ü‘D’¬ŽO’š–Ú","34.485792","133.377728","0","3"
"34","L“‡Œ§","34207","•ŸŽRŽs","342070017000","“àŠC’¬","34.357783","133.314323","0","1"
"34","L“‡Œ§","34207","•ŸŽRŽs","342070018000","‰w‰Æ’¬‘åŽš‰J–Ø","34.608088","133.297774","0","1"
"34","L“‡Œ§","34207","•ŸŽRŽs","342070019000","‰w‰Æ’¬‘åŽš¡‰ª","34.521028","133.316764","0","1"
"34","L“‡Œ§","34207","•ŸŽRŽs","342070020000","‰w‰Æ’¬‘åŽš]—Ç","34.539221","133.321193","0","1"
"34","L“‡Œ§","34207","•ŸŽRŽs","342070021000","‰w‰Æ’¬‘åŽš‘å‹´","34.528246","133.307281","0","1"
"34","L“‡Œ§","34207","•ŸŽRŽs","342070022000","‰w‰Æ’¬‘åŽšãŽRŽç","34.531145","133.330622","0","1"
"34","L“‡Œ§","34207","•ŸŽRŽs","342070023000","‰w‰Æ’¬‘åŽš‘qŒõ","34.544371","133.324477","0","1"
"34","L“‡Œ§","34207","•ŸŽRŽs","342070024000","‰w‰Æ’¬‘åŽš‰ºŽRŽç","34.528550","133.341535","0","1"
"34","L“‡Œ§","34207","•ŸŽRŽs","342070025000","‰w‰Æ’¬‘åŽš•Œ³","34.582148","133.304607","0","1"
"34","L“‡Œ§","34207","•ŸŽRŽs","342070026000","‰w‰Æ’¬‘åŽš‹ß“c","34.543765","133.312606","0","1"
"34","L“‡Œ§","34207","•ŸŽRŽs","342070027000","‰w‰Æ’¬‘åŽš’†“‡","34.552126","133.316196","0","1"
"34","L“‡Œ§","34207","•ŸŽRŽs","342070028000","‰w‰Æ’¬‘åŽšVŽR","34.560591","133.307822","0","1"
"34","L“‡Œ§","34207","•ŸŽRŽs","342070029000","‰w‰Æ’¬‘åŽš•ž•”‰i’J","34.595299","133.322901","0","1"
"34","L“‡Œ§","34207","•ŸŽRŽs","342070030000","‰w‰Æ’¬‘åŽš•ž•”–{‹½","34.617175","133.307066","0","1"
"34","L“‡Œ§","34207","•ŸŽRŽs","342070031000","‰w‰Æ’¬‘åŽš–VŽ›","34.535593","133.320737","0","1"
"34","L“‡Œ§","34207","•ŸŽRŽs","342070032000","‰w‰Æ’¬‘åŽš–@¬Ž›","34.565178","133.325076","0","1"
"34","L“‡Œ§","34207","•ŸŽRŽs","342070033000","‰w‰Æ’¬‘åŽš–œ”\‘q","34.549963","133.332748","0","1"
"34","L“‡Œ§","34207","•ŸŽRŽs","342070034000","‰w‰Æ’¬‘åŽšŒü‰i’J","34.520354","133.298010","0","1"
"34","L“‡Œ§","34207","•ŸŽRŽs","342070035000","‰w‰Æ’¬‘åŽš–í¶ƒP‹u","34.550151","133.302451","0","1"
"34","L“‡Œ§","34207","•ŸŽRŽs","342070036000","ŒÓ’¬","34.493492","133.366633","0","1"
"34","L“‡Œ§","34207","•ŸŽRŽs","342070037001","‰¤Žq’¬ˆê’š–Ú","34.486784","133.384060","0","3"
"34","L“‡Œ§","34207","•ŸŽRŽs","342070037002","‰¤Žq’¬“ñ’š–Ú","34.489204","133.381605","0","3"
"34","L“‡Œ§","34207","•ŸŽRŽs","342070038001","‘å’J‘äˆê’š–Ú","34.516823","133.441666","0","3"
"34","L“‡Œ§","34207","•ŸŽRŽs","342070038002","‘å’J‘ä“ñ’š–Ú","34.513681","133.447341","0","3"
"34","L“‡Œ§","34207","•ŸŽRŽs","342070038003","‘å’J‘äŽO’š–Ú","34.514379","133.442410","0","3"
"34","L“‡Œ§","34207","•ŸŽRŽs","342070039001","‰«–ìã’¬ˆê’š–Ú","34.475358","133.377888","0","3"
"34","L“‡Œ§","34207","•ŸŽRŽs","342070039002","‰«–ìã’¬“ñ’š–Ú","34.473585","133.376321","0","3"
"34","L“‡Œ§","34207","•ŸŽRŽs","342070039003","‰«–ìã’¬ŽO’š–Ú","34.472111","133.373999","0","3"
"34","L“‡Œ§","34207","•ŸŽRŽs","342070039004","‰«–ìã’¬Žl’š–Ú","34.471802","133.370432","0","3"
"34","L“‡Œ§","34207","•ŸŽRŽs","342070039005","‰«–ìã’¬ŒÜ’š–Ú","34.471373","133.367193","0","3"
"34","L“‡Œ§","34207","•ŸŽRŽs","342070039006","‰«–ìã’¬˜Z’š–Ú","34.471879","133.364265","0","3"
"34","L“‡Œ§","34207","•ŸŽRŽs","342070040000","‰µ’¬","34.463127","133.402039","0","1"
"34","L“‡Œ§","34207","•ŸŽRŽs","342070041000","Š}‰ª’¬","34.488413","133.368110","0","1"
"34","L“‡Œ§","34207","•ŸŽRŽs","342070042000","_“‡’¬","34.485571","133.340885","0","1"
"34","L“‡Œ§","34207","•ŸŽRŽs","342070043000","t“ú’r","34.516971","133.421841","0","1"
"34","L“‡Œ§","34207","•ŸŽRŽs","342070044000","t“ú‘ä","34.510135","133.426805","0","1"
"34","L“‡Œ§","34207","•ŸŽRŽs","342070045001","t“ú’¬ˆê’š–Ú","34.507320","133.404568","0","3"
"34","L“‡Œ§","34207","•ŸŽRŽs","342070045002","t“ú’¬“ñ’š–Ú","34.508959","133.409057","0","3"
"34","L“‡Œ§","34207","•ŸŽRŽs","342070045003","t“ú’¬ŽO’š–Ú","34.511792","133.414841","0","3"
"34","L“‡Œ§","34207","•ŸŽRŽs","342070045004","t“ú’¬Žl’š–Ú","34.514111","133.419920","0","3"
"34","L“‡Œ§","34207","•ŸŽRŽs","342070045005","t“ú’¬ŒÜ’š–Ú","34.504206","133.407942","0","3"
"34","L“‡Œ§","34207","•ŸŽRŽs","342070045006","t“ú’¬˜Z’š–Ú","34.506231","133.412267","0","3"
"34","L“‡Œ§","34207","•ŸŽRŽs","342070045007","t“ú’¬Žµ’š–Ú","34.508920","133.415618","0","3"
"34","L“‡Œ§","34207","•ŸŽRŽs","342070046000","t“ú’¬‰FŽR","34.526843","133.405918","0","1"
"34","L“‡Œ§","34207","•ŸŽRŽs","342070047000","t“ú’¬‰Yã","34.522700","133.421686","0","1"
"34","L“‡Œ§","34207","•ŸŽRŽs","342070048000","t“ú’¬‹g“c","34.509498","133.405630","0","1"
"34","L“‡Œ§","34207","•ŸŽRŽs","342070049001","‰à’¬ˆê’š–Ú","34.484067","133.365557","0","3"
"34","L“‡Œ§","34207","•ŸŽRŽs","342070049002","‰à’¬“ñ’š–Ú","34.483566","133.363662","0","3"
"34","L“‡Œ§","34207","•ŸŽRŽs","342070049003","‰à’¬ŽO’š–Ú","34.483228","133.361757","0","3"
"34","L“‡Œ§","34207","•ŸŽRŽs","342070049004","‰à’¬Žl’š–Ú","34.483058","133.359858","0","3"
"34","L“‡Œ§","34207","•ŸŽRŽs","342070050000","‹à]’¬‹àŒ©","34.429166","133.289505","0","1"
"34","L“‡Œ§","34207","•ŸŽRŽs","342070051000","‹à]’¬˜m]","34.442550","133.295763","0","1"
"34","L“‡Œ§","34207","•ŸŽRŽs","342070052000","_‘º’¬","34.472820","133.271844","0","1"
"34","L“‡Œ§","34207","•ŸŽRŽs","342070053000","‰Á–Î’¬","34.598498","133.342732","0","1"
"34","L“‡Œ§","34207","•ŸŽRŽs","342070054000","‰Á–Î’¬‘åŽš‰º‰Á–Î","34.572507","133.337902","0","1"
"34","L“‡Œ§","34207","•ŸŽRŽs","342070055001","ìŒû’¬ˆê’š–Ú","34.471008","133.387619","0","3"
"34","L“‡Œ§","34207","•ŸŽRŽs","342070055002","ìŒû’¬“ñ’š–Ú","34.468385","133.386120","0","3"
"34","L“‡Œ§","34207","•ŸŽRŽs","342070055003","ìŒû’¬ŽO’š–Ú","34.466245","133.384883","0","3"
"34","L“‡Œ§","34207","•ŸŽRŽs","342070055004","ìŒû’¬Žl’š–Ú","34.464183","133.383894","0","3"
"34","L“‡Œ§","34207","•ŸŽRŽs","342070055005","ìŒû’¬ŒÜ’š–Ú","34.462460","133.381886","0","3"
"34","L“‡Œ§","34207","•ŸŽRŽs","342070056000","_•Ó’¬","34.580601","133.391262","0","1"
"34","L“‡Œ§","34207","•ŸŽRŽs","342070057000","_•Ó’¬ˆ®‹u","34.558680","133.432547","0","1"
"34","L“‡Œ§","34207","•ŸŽRŽs","342070058000","_•Ó’¬‘åŽšã’|“c","34.544325","133.439285","0","1"
"34","L“‡Œ§","34207","•ŸŽRŽs","342070059000","_•Ó’¬‘åŽšì–k","34.545661","133.378970","0","1"
"34","L“‡Œ§","34207","•ŸŽRŽs","342070060000","_•Ó’¬‘åŽšì“ì","34.531943","133.381121","0","1"
"34","L“‡Œ§","34207","•ŸŽRŽs","342070061000","_•Ó’¬‘åŽš‰º’|“c","34.546007","133.418964","0","1"
"34","L“‡Œ§","34207","•ŸŽRŽs","342070062000","_•Ó’¬‘åŽšV\‹ã","34.545496","133.360013","0","1"
"34","L“‡Œ§","34207","•ŸŽRŽs","342070063000","_•Ó’¬‘åŽšV“¿“c","34.547375","133.369449","0","1"
"34","L“‡Œ§","34207","•ŸŽRŽs","342070064000","_•Ó’¬‘åŽšV“¹ã","34.543962","133.358553","0","1"
"34","L“‡Œ§","34207","•ŸŽRŽs","342070065000","_•Ó’¬‘åŽšV“’–ì","34.556822","133.389635","0","1"
"34","L“‡Œ§","34207","•ŸŽRŽs","342070066000","_•Ó’¬‘åŽš”ªq","34.564325","133.423437","0","1"
"34","L“‡Œ§","34207","•ŸŽRŽs","342070067001","–k–{¯ˆê’š–Ú","34.493848","133.351159","0","3"
"34","L“‡Œ§","34207","•ŸŽRŽs","342070067002","–k–{¯“ñ’š–Ú","34.496506","133.347832","0","3"
"34","L“‡Œ§","34207","•ŸŽRŽs","342070067003","–k–{¯ŽO’š–Ú","34.495966","133.343622","0","3"
"34","L“‡Œ§","34207","•ŸŽRŽs","342070067004","–k–{¯Žl’š–Ú","34.505111","133.349605","0","3"
"34","L“‡Œ§","34207","•ŸŽRŽs","342070067005","–k–{¯ŒÜ’š–Ú","34.505481","133.345456","0","3"
"34","L“‡Œ§","34207","•ŸŽRŽs","342070068000","–k”ü‘ä","34.501468","133.364660","0","1"
"34","L“‡Œ§","34207","•ŸŽRŽs","342070069001","–k‹g’Ã’¬ˆê’š–Ú","34.494954","133.361086","0","3"
"34","L“‡Œ§","34207","•ŸŽRŽs","342070069002","–k‹g’Ã’¬“ñ’š–Ú","34.496734","133.364430","0","3"
"34","L“‡Œ§","34207","•ŸŽRŽs","342070069003","–k‹g’Ã’¬ŽO’š–Ú","34.499418","133.364203","0","3"
"34","L“‡Œ§","34207","•ŸŽRŽs","342070069004","–k‹g’Ã’¬Žl’š–Ú","34.497585","133.370767","0","3"
"34","L“‡Œ§","34207","•ŸŽRŽs","342070069005","–k‹g’Ã’¬ŒÜ’š–Ú","34.498692","133.369068","0","3"
"34","L“‡Œ§","34207","•ŸŽRŽs","342070070001","–Ø”V¯’¬ˆê’š–Ú","34.494793","133.354788","0","3"
"34","L“‡Œ§","34207","•ŸŽRŽs","342070070002","–Ø”V¯’¬“ñ’š–Ú","34.498621","133.352982","0","3"
"34","L“‡Œ§","34207","•ŸŽRŽs","342070070003","–Ø”V¯’¬ŽO’š–Ú","34.499450","133.355795","0","3"
"34","L“‡Œ§","34207","•ŸŽRŽs","342070070004","–Ø”V¯’¬Žl’š–Ú","34.495887","133.358899","0","3"
"34","L“‡Œ§","34207","•ŸŽRŽs","342070070005","–Ø”V¯’¬ŒÜ’š–Ú","34.498077","133.359655","0","3"
"34","L“‡Œ§","34207","•ŸŽRŽs","342070070006","–Ø”V¯’¬˜Z’š–Ú","34.502433","133.361458","0","3"
"34","L“‡Œ§","34207","•ŸŽRŽs","342070071000","‘ŒË’¬","34.474221","133.350499","0","1"
"34","L“‡Œ§","34207","•ŸŽRŽs","342070072001","‘ŒË’¬ˆê’š–Ú","34.479749","133.352791","0","3"
"34","L“‡Œ§","34207","•ŸŽRŽs","342070072002","‘ŒË’¬“ñ’š–Ú","34.476968","133.355054","0","3"
"34","L“‡Œ§","34207","•ŸŽRŽs","342070072003","‘ŒË’¬ŽO’š–Ú","34.476931","133.359999","0","3"
"34","L“‡Œ§","34207","•ŸŽRŽs","342070072004","‘ŒË’¬Žl’š–Ú","34.472648","133.359578","0","3"
"34","L“‡Œ§","34207","•ŸŽRŽs","342070072005","‘ŒË’¬ŒÜ’š–Ú","34.468000","133.364159","0","3"
"34","L“‡Œ§","34207","•ŸŽRŽs","342070073000","ŒF–ì’¬","34.423595","133.356860","0","1"
"34","L“‡Œ§","34207","•ŸŽRŽs","342070074000","|ŠÇ’¬","34.466416","133.429895","0","1"
"34","L“‡Œ§","34207","•ŸŽRŽs","342070075001","Œõ“ì’¬ˆê’š–Ú","34.481130","133.366457","0","3"
"34","L“‡Œ§","34207","•ŸŽRŽs","342070075002","Œõ“ì’¬“ñ’š–Ú","34.478908","133.367143","0","3"
"34","L“‡Œ§","34207","•ŸŽRŽs","342070075003","Œõ“ì’¬ŽO’š–Ú","34.476171","133.368384","0","3"
"34","L“‡Œ§","34207","•ŸŽRŽs","342070076000","‹½•ª’¬","34.513588","133.334476","0","1"
"34","L“‡Œ§","34207","•ŸŽRŽs","342070077001","Œü—z’¬ˆê’š–Ú","34.505989","133.361285","0","3"
"34","L“‡Œ§","34207","•ŸŽRŽs","342070077002","Œü—z’¬“ñ’š–Ú","34.509671","133.361093","0","3"
"34","L“‡Œ§","34207","•ŸŽRŽs","342070078000","‘ ‰¤’¬","34.514378","133.389584","0","1"
"34","L“‡Œ§","34207","•ŸŽRŽs","342070079001","‘ ‰¤’¬ˆê’š–Ú","34.505850","133.387888","0","3"
"34","L“‡Œ§","34207","•ŸŽRŽs","342070079002","‘ ‰¤’¬“ñ’š–Ú","34.506216","133.394576","0","3"
"34","L“‡Œ§","34207","•ŸŽRŽs","342070079003","‘ ‰¤’¬ŽO’š–Ú","34.508670","133.392421","0","3"
"34","L“‡Œ§","34207","•ŸŽRŽs","342070079004","‘ ‰¤’¬Žl’š–Ú","34.509872","133.389678","0","3"
"34","L“‡Œ§","34207","•ŸŽRŽs","342070079005","‘ ‰¤’¬ŒÜ’š–Ú","34.510735","133.398256","0","3"
"34","L“‡Œ§","34207","•ŸŽRŽs","342070079006","‘ ‰¤’¬˜Z’š–Ú","34.511360","133.393280","0","3"
"34","L“‡Œ§","34207","•ŸŽRŽs","342070080000","÷”nê’¬","34.495403","133.369474","0","1"
"34","L“‡Œ§","34207","•ŸŽRŽs","342070081000","²”g’¬","34.481213","133.339057","0","1"
"34","L“‡Œ§","34207","•ŸŽRŽs","342070082000","ŽO”VŠÛ’¬","34.488492","133.360685","0","1"
"34","L“‡Œ§","34207","•ŸŽRŽs","342070083000","’n’¬","34.480117","133.360095","0","1"
"34","L“‡Œ§","34207","•ŸŽRŽs","342070084000","´…ƒP‹u","34.507274","133.366439","0","1"
"34","L“‡Œ§","34207","•ŸŽRŽs","342070085000","é‹»ƒP‹u","34.492761","133.431521","0","1"
"34","L“‡Œ§","34207","•ŸŽRŽs","342070086000","º˜a’¬","34.485324","133.368248","0","1"
"34","L“‡Œ§","34207","•ŸŽRŽs","342070087001","éŒ©’¬ˆê’š–Ú","34.491162","133.365336","0","3"
"34","L“‡Œ§","34207","•ŸŽRŽs","342070087002","éŒ©’¬“ñ’š–Ú","34.492192","133.365033","0","3"
"34","L“‡Œ§","34207","•ŸŽRŽs","342070088000","VŽs’¬‘åŽš‹àŠÛ","34.622244","133.246049","0","1"
"34","L“‡Œ§","34207","•ŸŽRŽs","342070089000","VŽs’¬‘åŽšãˆÀˆä","34.590640","133.276653","0","1"
"34","L“‡Œ§","34207","•ŸŽRŽs","342070090000","VŽs’¬‘åŽš‘Š•û","34.545144","133.275864","0","1"
"34","L“‡Œ§","34207","•ŸŽRŽs","342070091000","VŽs’¬‘åŽš‰ºˆÀˆä","34.572900","133.285664","0","1"
"34","L“‡Œ§","34207","•ŸŽRŽs","342070092000","VŽs’¬‘åŽšVŽs","34.555290","133.276232","0","1"
"34","L“‡Œ§","34207","•ŸŽRŽs","342070093000","VŽs’¬‘åŽší","34.601987","133.278453","0","1"
"34","L“‡Œ§","34207","•ŸŽRŽs","342070094000","VŽs’¬‘åŽšŒËŽè","34.556489","133.293417","0","1"
"34","L“‡Œ§","34207","•ŸŽRŽs","342070095000","VŽs’¬‘åŽš“¡”ö","34.639877","133.270543","0","1"
"34","L“‡Œ§","34207","•ŸŽRŽs","342070096000","VŽs’¬‘åŽš‹{“à","34.576210","133.272241","0","1"
"34","L“‡Œ§","34207","•ŸŽRŽs","342070097001","VŠU’¬ˆê’š–Ú","34.464021","133.391420","0","3"
"34","L“‡Œ§","34207","•ŸŽRŽs","342070097002","VŠU’¬“ñ’š–Ú","34.460391","133.402234","0","3"
"34","L“‡Œ§","34207","•ŸŽRŽs","342070097003","VŠU’¬ŽO’š–Ú","34.460423","133.391311","0","3"
"34","L“‡Œ§","34207","•ŸŽRŽs","342070097004","VŠU’¬Žl’š–Ú","34.458090","133.397970","0","3"
"34","L“‡Œ§","34207","•ŸŽRŽs","342070097005","VŠU’¬ŒÜ’š–Ú","34.456924","133.389876","0","3"
"34","L“‡Œ§","34207","•ŸŽRŽs","342070097006","VŠU’¬˜Z’š–Ú","34.455009","133.397198","0","3"
"34","L“‡Œ§","34207","•ŸŽRŽs","342070098001","V•l’¬ˆê’š–Ú","34.477736","133.397247","0","3"
"34","L“‡Œ§","34207","•ŸŽRŽs","342070098002","V•l’¬“ñ’š–Ú","34.478090","133.404780","0","3"
"34","L“‡Œ§","34207","•ŸŽRŽs","342070099000","Z‹g’¬","34.485676","133.370971","0","1"
"34","L“‡Œ§","34207","•ŸŽRŽs","342070100000","£ŒË’¬‘åŽšŽR–k","34.473252","133.314363","0","1"
"34","L“‡Œ§","34207","•ŸŽRŽs","342070101000","£ŒË’¬‘åŽš’n“ª•ª","34.461071","133.323045","0","1"
"34","L“‡Œ§","34207","•ŸŽRŽs","342070102000","£ŒË’¬‘åŽš’·˜a","34.463231","133.341600","0","1"
"34","L“‡Œ§","34207","•ŸŽRŽs","342070103000","ç“c’¬","34.515964","133.360449","0","1"
"34","L“‡Œ§","34207","•ŸŽRŽs","342070104001","ç“c’¬ˆê’š–Ú","34.512218","133.366076","0","3"
"34","L“‡Œ§","34207","•ŸŽRŽs","342070104002","ç“c’¬“ñ’š–Ú","34.517797","133.368109","0","3"
"34","L“‡Œ§","34207","•ŸŽRŽs","342070104003","ç“c’¬ŽO’š–Ú","34.520547","133.376859","0","3"
"34","L“‡Œ§","34207","•ŸŽRŽs","342070104004","ç“c’¬Žl’š–Ú","34.524440","133.373686","0","3"
"34","L“‡Œ§","34207","•ŸŽRŽs","342070105000","ç“c’¬‘åŽšâ“c","34.511695","133.357751","0","1"
"34","L“‡Œ§","34207","•ŸŽRŽs","342070106000","ç“c’¬‘åŽšç“c","34.518573","133.385867","0","1"
"34","L“‡Œ§","34207","•ŸŽRŽs","342070107000","ç“c’¬‘åŽšåM˜H","34.511108","133.363873","0","1"
"34","L“‡Œ§","34207","•ŸŽRŽs","342070108000","‘å•’¬","34.491307","133.367307","0","1"
"34","L“‡Œ§","34207","•ŸŽRŽs","342070109001","‘å–å’¬ˆê’š–Ú","34.498342","133.435900","0","3"
"34","L“‡Œ§","34207","•ŸŽRŽs","342070109002","‘å–å’¬“ñ’š–Ú","34.495373","133.438412","0","3"
"34","L“‡Œ§","34207","•ŸŽRŽs","342070109003","‘å–å’¬ŽO’š–Ú","34.493452","133.439249","0","3"
"34","L“‡Œ§","34207","•ŸŽRŽs","342070109004","‘å–å’¬Žl’š–Ú","34.491107","133.440862","0","3"
"34","L“‡Œ§","34207","•ŸŽRŽs","342070109005","‘å–å’¬ŒÜ’š–Ú","34.487126","133.441721","0","3"
"34","L“‡Œ§","34207","•ŸŽRŽs","342070109006","‘å–å’¬˜Z’š–Ú","34.490017","133.448771","0","3"
"34","L“‡Œ§","34207","•ŸŽRŽs","342070109007","‘å–å’¬Žµ’š–Ú","34.494219","133.450543","0","3"
"34","L“‡Œ§","34207","•ŸŽRŽs","342070109008","‘å–å’¬”ª’š–Ú","34.495255","133.445678","0","3"
"34","L“‡Œ§","34207","•ŸŽRŽs","342070110000","‘å–å’¬ˆ®","34.497518","133.453995","0","1"
"34","L“‡Œ§","34207","•ŸŽRŽs","342070111000","‘å–å’¬‘åŽš“ú”Vo‹u","34.501655","133.443493","0","1"
"34","L“‡Œ§","34207","•ŸŽRŽs","342070112000","‘å–å’¬‘å–å","34.503246","133.436840","0","1"
"34","L“‡Œ§","34207","•ŸŽRŽs","342070113000","‘å–å’¬’Ã”V‰º","34.490334","133.434475","0","1"
"34","L“‡Œ§","34207","•ŸŽRŽs","342070114000","‘å–å’¬–ìX•l","34.501516","133.448651","0","1"
"34","L“‡Œ§","34207","•ŸŽRŽs","342070115001","‚¼’¬ˆê’š–Ú","34.447283","133.240001","0","3"
"34","L“‡Œ§","34207","•ŸŽRŽs","342070115002","‚¼’¬“ñ’š–Ú","34.444403","133.242142","0","3"
"34","L“‡Œ§","34207","•ŸŽRŽs","342070115003","‚¼’¬ŽO’š–Ú","34.443275","133.238351","0","3"
"34","L“‡Œ§","34207","•ŸŽRŽs","342070115004","‚¼’¬Žl’š–Ú","34.445068","133.238092","0","3"
"34","L“‡Œ§","34207","•ŸŽRŽs","342070116000","‚¼’¬ìK","34.447789","133.228952","0","1"
"34","L“‡Œ§","34207","•ŸŽRŽs","342070117000","‚¼’¬^“c","34.448586","133.238982","0","1"
"34","L“‡Œ§","34207","•ŸŽRŽs","342070118000","‚¼’¬“ì","34.429740","133.242942","0","1"
"34","L“‡Œ§","34207","•ŸŽRŽs","342070119000","‚”ü‘ä","34.503336","133.365470","0","1"
"34","L“‡Œ§","34207","•ŸŽRŽs","342070120000","•ó’¬","34.489131","133.366150","0","1"
"34","L“‡Œ§","34207","•ŸŽRŽs","342070121001","‘½Ž¡•Ä’¬ˆê’š–Ú","34.473490","133.381765","0","3"
"34","L“‡Œ§","34207","•ŸŽRŽs","342070121002","‘½Ž¡•Ä’¬“ñ’š–Ú","34.471177","133.380352","0","3"
"34","L“‡Œ§","34207","•ŸŽRŽs","342070121003","‘½Ž¡•Ä’¬ŽO’š–Ú","34.469230","133.378736","0","3"
"34","L“‡Œ§","34207","•ŸŽRŽs","342070121004","‘½Ž¡•Ä’¬Žl’š–Ú","34.467505","133.376958","0","3"
"34","L“‡Œ§","34207","•ŸŽRŽs","342070121005","‘½Ž¡•Ä’¬ŒÜ’š–Ú","34.466372","133.374660","0","3"
"34","L“‡Œ§","34207","•ŸŽRŽs","342070121006","‘½Ž¡•Ä’¬˜Z’š–Ú","34.465177","133.372873","0","3"
"34","L“‡Œ§","34207","•ŸŽRŽs","342070122000","“cK’¬","34.420539","133.380667","0","1"
"34","L“‡Œ§","34207","•ŸŽRŽs","342070123000","’·ŽÒ’¬","34.491318","133.352553","0","1"
"34","L“‡Œ§","34207","•ŸŽRŽs","342070124001","ç‘ã“c’¬ˆê’š–Ú","34.463742","133.369279","0","3"
"34","L“‡Œ§","34207","•ŸŽRŽs","342070124002","ç‘ã“c’¬“ñ’š–Ú","34.460026","133.374537","0","3"
"34","L“‡Œ§","34207","•ŸŽRŽs","342070125000","’Ã”V‹½’¬‘åŽš‰Á‰®","34.482521","133.301858","0","1"
"34","L“‡Œ§","34207","•ŸŽRŽs","342070126000","’Ã”V‹½’¬‘åŽš’Ã”V‹½","34.495132","133.302843","0","1"
"34","L“‡Œ§","34207","•ŸŽRŽs","342070127000","’Ø¶’¬","34.528326","133.433326","0","1"
"34","L“‡Œ§","34207","•ŸŽRŽs","342070128001","’Ø¶’¬ˆê’š–Ú","34.522463","133.435043","0","3"
"34","L“‡Œ§","34207","•ŸŽRŽs","342070128002","’Ø¶’¬“ñ’š–Ú","34.525404","133.434996","0","3"
"34","L“‡Œ§","34207","•ŸŽRŽs","342070128003","’Ø¶’¬ŽO’š–Ú","34.524075","133.447294","0","3"
"34","L“‡Œ§","34207","•ŸŽRŽs","342070128004","’Ø¶’¬Žl’š–Ú","34.528177","133.442645","0","3"
"34","L“‡Œ§","34207","•ŸŽRŽs","342070128005","’Ø¶’¬ŒÜ’š–Ú","34.530067","133.441682","0","3"
"34","L“‡Œ§","34207","•ŸŽRŽs","342070128006","’Ø¶’¬˜Z’š–Ú","34.531231","133.448334","0","3"
"34","L“‡Œ§","34207","•ŸŽRŽs","342070129001","’Ø¶’¬“ìˆê’š–Ú","34.519389","133.435460","0","3"
"34","L“‡Œ§","34207","•ŸŽRŽs","342070129002","’Ø¶’¬“ì“ñ’š–Ú","34.518829","133.437582","0","3"
"34","L“‡Œ§","34207","•ŸŽRŽs","342070129003","’Ø¶’¬“ìŽO’š–Ú","34.519489","133.441744","0","3"
"34","L“‡Œ§","34207","•ŸŽRŽs","342070130001","Žèé’¬ˆê’š–Ú","34.485690","133.386365","0","3"
"34","L“‡Œ§","34207","•ŸŽRŽs","342070130002","Žèé’¬“ñ’š–Ú","34.486124","133.389968","0","3"
"34","L“‡Œ§","34207","•ŸŽRŽs","342070130003","Žèé’¬ŽO’š–Ú","34.486564","133.394012","0","3"
"34","L“‡Œ§","34207","•ŸŽRŽs","342070130004","Žèé’¬Žl’š–Ú","34.487114","133.398364","0","3"
"34","L“‡Œ§","34207","•ŸŽRŽs","342070131000","Ž›’¬","34.490558","133.371521","0","1"
"34","L“‡Œ§","34207","•ŸŽRŽs","342070132000","“¹ŽO’¬","34.481909","133.363089","0","1"
"34","L“‡Œ§","34207","•ŸŽRŽs","342070133001","“Œ—z‘äˆê’š–Ú","34.516419","133.429459","0","3"
"34","L“‡Œ§","34207","•ŸŽRŽs","342070133002","“Œ—z‘ä“ñ’š–Ú","34.516152","133.433104","0","3"
"34","L“‡Œ§","34207","•ŸŽRŽs","342070134000","èÛ’¬Œã’n","34.386922","133.376993","0","1"
"34","L“‡Œ§","34207","•ŸŽRŽs","342070135000","“Þ—Ç’Ã’¬","34.506020","133.378709","0","1"
"34","L“‡Œ§","34207","•ŸŽRŽs","342070136001","“Þ—Ç’Ã’¬ˆê’š–Ú","34.502482","133.369161","0","3"
"34","L“‡Œ§","34207","•ŸŽRŽs","342070136002","“Þ—Ç’Ã’¬“ñ’š–Ú","34.503966","133.371472","0","3"
"34","L“‡Œ§","34207","•ŸŽRŽs","342070136003","“Þ—Ç’Ã’¬ŽO’š–Ú","34.503683","133.375267","0","3"
"34","L“‡Œ§","34207","•ŸŽRŽs","342070137001","¼÷’¬ˆê’š–Ú","34.484459","133.357347","0","3"
"34","L“‡Œ§","34207","•ŸŽRŽs","342070137002","¼÷’¬“ñ’š–Ú","34.484700","133.355175","0","3"
"34","L“‡Œ§","34207","•ŸŽRŽs","342070138001","¼VŠU’¬ˆê’š–Ú","34.459811","133.383976","0","3"
"34","L“‡Œ§","34207","•ŸŽRŽs","342070138002","¼VŠU’¬“ñ’š–Ú","34.457522","133.381953","0","3"
"34","L“‡Œ§","34207","•ŸŽRŽs","342070139001","¼[’Ã’¬ˆê’š–Ú","34.493441","133.381183","0","3"
"34","L“‡Œ§","34207","•ŸŽRŽs","342070139002","¼[’Ã’¬“ñ’š–Ú","34.495543","133.380490","0","3"
"34","L“‡Œ§","34207","•ŸŽRŽs","342070139003","¼[’Ã’¬ŽO’š–Ú","34.495545","133.383255","0","3"
"34","L“‡Œ§","34207","•ŸŽRŽs","342070139004","¼[’Ã’¬Žl’š–Ú","34.497763","133.381386","0","3"
"34","L“‡Œ§","34207","•ŸŽRŽs","342070139005","¼[’Ã’¬ŒÜ’š–Ú","34.499751","133.377736","0","3"
"34","L“‡Œ§","34207","•ŸŽRŽs","342070139006","¼[’Ã’¬˜Z’š–Ú","34.500619","133.383605","0","3"
"34","L“‡Œ§","34207","•ŸŽRŽs","342070139007","¼[’Ã’¬Žµ’š–Ú","34.503764","133.381854","0","3"
"34","L“‡Œ§","34207","•ŸŽRŽs","342070140001","¼’¬ˆê’š–Ú","34.487173","133.356539","0","3"
"34","L“‡Œ§","34207","•ŸŽRŽs","342070140002","¼’¬“ñ’š–Ú","34.490113","133.357065","0","3"
"34","L“‡Œ§","34207","•ŸŽRŽs","342070140003","¼’¬ŽO’š–Ú","34.491913","133.355846","0","3"
"34","L“‡Œ§","34207","•ŸŽRŽs","342070141000","ÀŒG’¬‘åŽšãŽR“ì","34.429932","133.314714","0","1"
"34","L“‡Œ§","34207","•ŸŽRŽs","342070142000","ÀŒG’¬‘åŽš‘[","34.390349","133.327045","0","1"
"34","L“‡Œ§","34207","•ŸŽRŽs","342070143000","ÀŒG’¬‘åŽš‰ºŽR“ì","34.405036","133.307828","0","1"
"34","L“‡Œ§","34207","•ŸŽRŽs","342070144000","ÀŒG’¬‘åŽšíÎ","34.389211","133.302120","0","1"
"34","L“‡Œ§","34207","•ŸŽRŽs","342070145000","ÀŒG’¬‘åŽš’†ŽR“ì","34.409191","133.340179","0","1"
"34","L“‡Œ§","34207","•ŸŽRŽs","342070146000","ÀŒG’¬‘åŽš”\“oŒ´","34.380628","133.352322","0","1"
"34","L“‡Œ§","34207","•ŸŽRŽs","342070147001","”\“‡ˆê’š–Ú","34.509017","133.419125","0","3"
"34","L“‡Œ§","34207","•ŸŽRŽs","342070147002","”\“‡“ñ’š–Ú","34.510302","133.421952","0","3"
"34","L“‡Œ§","34207","•ŸŽRŽs","342070147003","”\“‡ŽO’š–Ú","34.512657","133.424389","0","3"
"34","L“‡Œ§","34207","•ŸŽRŽs","342070148001","–ìã’¬ˆê’š–Ú","34.480328","133.363804","0","3"
"34","L“‡Œ§","34207","•ŸŽRŽs","342070148002","–ìã’¬“ñ’š–Ú","34.478585","133.363552","0","3"
"34","L“‡Œ§","34207","•ŸŽRŽs","342070148003","–ìã’¬ŽO’š–Ú","34.475768","133.364850","0","3"
"34","L“‡Œ§","34207","•ŸŽRŽs","342070149000","‰„L’¬","34.486442","133.365185","0","1"
"34","L“‡Œ§","34207","•ŸŽRŽs","342070150000","‘–“‡’¬","34.343495","133.437178","0","1"
"34","L“‡Œ§","34207","•ŸŽRŽs","342070151001","‰Ô‰€’¬ˆê’š–Ú","34.481116","133.372088","0","3"
"34","L“‡Œ§","34207","•ŸŽRŽs","342070151002","‰Ô‰€’¬“ñ’š–Ú","34.480405","133.373733","0","3"
"34","L“‡Œ§","34207","•ŸŽRŽs","342070152001","“ŒìŒû’¬ˆê’š–Ú","34.479051","133.385696","0","3"
"34","L“‡Œ§","34207","•ŸŽRŽs","342070152002","“ŒìŒû’¬“ñ’š–Ú","34.478296","133.382267","0","3"
"34","L“‡Œ§","34207","•ŸŽRŽs","342070152003","“ŒìŒû’¬ŽO’š–Ú","34.476014","133.384913","0","3"
"34","L“‡Œ§","34207","•ŸŽRŽs","342070152004","“ŒìŒû’¬Žl’š–Ú","34.475096","133.388367","0","3"
"34","L“‡Œ§","34207","•ŸŽRŽs","342070152005","“ŒìŒû’¬ŒÜ’š–Ú","34.474181","133.390850","0","3"
"34","L“‡Œ§","34207","•ŸŽRŽs","342070153000","“Œ÷’¬","34.486372","133.361286","0","1"
"34","L“‡Œ§","34207","•ŸŽRŽs","342070154001","“ŒŽèé’¬ˆê’š–Ú","34.486130","133.403982","0","3"
"34","L“‡Œ§","34207","•ŸŽRŽs","342070154002","“ŒŽèé’¬“ñ’š–Ú","34.481512","133.404763","0","3"
"34","L“‡Œ§","34207","•ŸŽRŽs","342070154003","“ŒŽèé’¬ŽO’š–Ú","34.485901","133.408127","0","3"
"34","L“‡Œ§","34207","•ŸŽRŽs","342070154004","“ŒŽèé’¬Žl’š–Ú","34.484815","133.409288","0","3"
"34","L“‡Œ§","34207","•ŸŽRŽs","342070155001","“Œ[’Ã’¬ˆê’š–Ú","34.498940","133.387563","0","3"
"34","L“‡Œ§","34207","•ŸŽRŽs","342070155002","“Œ[’Ã’¬“ñ’š–Ú","34.494504","133.390256","0","3"
"34","L“‡Œ§","34207","•ŸŽRŽs","342070155003","“Œ[’Ã’¬ŽO’š–Ú","34.495325","133.395940","0","3"
"34","L“‡Œ§","34207","•ŸŽRŽs","342070155004","“Œ[’Ã’¬Žl’š–Ú","34.490094","133.388419","0","3"
"34","L“‡Œ§","34207","•ŸŽRŽs","342070155005","“Œ[’Ã’¬ŒÜ’š–Ú","34.490511","133.384369","0","3"
"34","L“‡Œ§","34207","•ŸŽRŽs","342070155006","“Œ[’Ã’¬˜Z’š–Ú","34.494587","133.385908","0","3"
"34","L“‡Œ§","34207","•ŸŽRŽs","342070155007","“Œ[’Ã’¬Žµ’š–Ú","34.497221","133.386279","0","3"
"34","L“‡Œ§","34207","•ŸŽRŽs","342070156001","“Œ’¬ˆê’š–Ú","34.490162","133.369120","0","3"
"34","L“‡Œ§","34207","•ŸŽRŽs","342070156002","“Œ’¬“ñ’š–Ú","34.491674","133.369226","0","3"
"34","L“‡Œ§","34207","•ŸŽRŽs","342070156003","“Œ’¬ŽO’š–Ú","34.493525","133.369431","0","3"
"34","L“‡Œ§","34207","•ŸŽRŽs","342070157000","“Œ–¾‰¤‘ä","34.472281","133.345881","0","1"
"34","L“‡Œ§","34207","•ŸŽRŽs","342070158000","“Œ‘º’¬","34.466708","133.224002","0","1"
"34","L“‡Œ§","34207","•ŸŽRŽs","342070159000","“Œ‹g’Ã’¬","34.498358","133.375354","0","1"
"34","L“‡Œ§","34207","•ŸŽRŽs","342070160000","ˆø–ì’¬","34.485865","133.415140","0","1"
"34","L“‡Œ§","34207","•ŸŽRŽs","342070161001","ˆø–ì’¬ˆê’š–Ú","34.496811","133.405670","0","3"
"34","L“‡Œ§","34207","•ŸŽRŽs","342070161002","ˆø–ì’¬“ñ’š–Ú","34.499045","133.415811","0","3"
"34","L“‡Œ§","34207","•ŸŽRŽs","342070161003","ˆø–ì’¬ŽO’š–Ú","34.493325","133.414687","0","3"
"34","L“‡Œ§","34207","•ŸŽRŽs","342070161004","ˆø–ì’¬Žl’š–Ú","34.493399","133.410009","0","3"
"34","L“‡Œ§","34207","•ŸŽRŽs","342070161005","ˆø–ì’¬ŒÜ’š–Ú","34.492130","133.404486","0","3"
"34","L“‡Œ§","34207","•ŸŽRŽs","342070162001","ˆø–ì’¬–kˆê’š–Ú","34.498431","133.407685","0","3"
"34","L“‡Œ§","34207","•ŸŽRŽs","342070162002","ˆø–ì’¬–k“ñ’š–Ú","34.501234","133.410634","0","3"
"34","L“‡Œ§","34207","•ŸŽRŽs","342070162003","ˆø–ì’¬–kŽO’š–Ú","34.501186","133.415974","0","3"
"34","L“‡Œ§","34207","•ŸŽRŽs","342070162004","ˆø–ì’¬–kŽl’š–Ú","34.503762","133.416785","0","3"
"34","L“‡Œ§","34207","•ŸŽRŽs","342070162005","ˆø–ì’¬–kŒÜ’š–Ú","34.500772","133.420419","0","3"
"34","L“‡Œ§","34207","•ŸŽRŽs","342070163000","ˆø–ì’¬“Œ","34.496861","133.427611","0","1"
"34","L“‡Œ§","34207","•ŸŽRŽs","342070164001","ˆø–ì’¬“ìˆê’š–Ú","34.490894","133.420440","0","3"
"34","L“‡Œ§","34207","•ŸŽRŽs","342070164002","ˆø–ì’¬“ì“ñ’š–Ú","34.491490","133.426361","0","3"
"34","L“‡Œ§","34207","•ŸŽRŽs","342070164003","ˆø–ì’¬“ìŽO’š–Ú","34.487532","133.422051","0","3"
"34","L“‡Œ§","34207","•ŸŽRŽs","342070165001","‹v¼‘äˆê’š–Ú","34.502765","133.358033","0","3"
"34","L“‡Œ§","34207","•ŸŽRŽs","342070165002","‹v¼‘ä“ñ’š–Ú","34.505891","133.356528","0","3"
"34","L“‡Œ§","34207","•ŸŽRŽs","342070165003","‹v¼‘äŽO’š–Ú","34.500121","133.349964","0","3"
"34","L“‡Œ§","34207","•ŸŽRŽs","342070166001","“ú‹g‘äˆê’š–Ú","34.510429","133.403519","0","3"
"34","L“‡Œ§","34207","•ŸŽRŽs","342070166002","“ú‹g‘ä“ñ’š–Ú","34.515019","133.405543","0","3"
"34","L“‡Œ§","34207","•ŸŽRŽs","342070166003","“ú‹g‘äŽO’š–Ú","34.511402","133.408823","0","3"
"34","L“‡Œ§","34207","•ŸŽRŽs","342070167000","“¡]’¬","34.415022","133.290434","0","1"
"34","L“‡Œ§","34207","•ŸŽRŽs","342070168000","•šŒ©’¬","34.488811","133.364073","0","1"
"34","L“‡Œ§","34207","•ŸŽRŽs","342070169000","‘D’¬","34.486919","133.367973","0","1"
"34","L“‡Œ§","34207","•ŸŽRŽs","342070170000","ŒÃ–ìã’¬","34.482399","133.357124","0","1"
"34","L“‡Œ§","34207","•ŸŽRŽs","342070171000","•½¬‘ä","34.488444","133.425740","0","1"
"34","L“‡Œ§","34207","•ŸŽRŽs","342070172000","–{‹½’¬","34.484203","133.241607","0","1"
"34","L“‡Œ§","34207","•ŸŽRŽs","342070173001","–{¯’¬’†ˆê’š–Ú","34.490937","133.350514","0","3"
"34","L“‡Œ§","34207","•ŸŽRŽs","342070173002","–{¯’¬’†“ñ’š–Ú","34.489541","133.349128","0","3"
"34","L“‡Œ§","34207","•ŸŽRŽs","342070173003","–{¯’¬’†ŽO’š–Ú","34.491348","133.344684","0","3"
"34","L“‡Œ§","34207","•ŸŽRŽs","342070173004","–{¯’¬’†Žl’š–Ú","34.492383","133.347661","0","3"
"34","L“‡Œ§","34207","•ŸŽRŽs","342070174000","–{’¬","34.493460","133.364566","0","1"
"34","L“‡Œ§","34207","•ŸŽRŽs","342070175001","–‹ŽR‘äˆê’š–Ú","34.512677","133.431056","0","3"
"34","L“‡Œ§","34207","•ŸŽRŽs","342070175002","–‹ŽR‘ä“ñ’š–Ú","34.510424","133.433319","0","3"
"34","L“‡Œ§","34207","•ŸŽRŽs","342070175003","–‹ŽR‘äŽO’š–Ú","34.508567","133.437855","0","3"
"34","L“‡Œ§","34207","•ŸŽRŽs","342070175004","–‹ŽR‘äŽl’š–Ú","34.509136","133.442939","0","3"
"34","L“‡Œ§","34207","•ŸŽRŽs","342070175005","–‹ŽR‘äŒÜ’š–Ú","34.512224","133.443921","0","3"
"34","L“‡Œ§","34207","•ŸŽRŽs","342070175006","–‹ŽR‘ä˜Z’š–Ú","34.511070","133.440239","0","3"
"34","L“‡Œ§","34207","•ŸŽRŽs","342070175007","–‹ŽR‘äŽµ’š–Ú","34.513916","133.437678","0","3"
"34","L“‡Œ§","34207","•ŸŽRŽs","342070175008","–‹ŽR‘ä”ª’š–Ú","34.515699","133.436043","0","3"
"34","L“‡Œ§","34207","•ŸŽRŽs","342070176000","¼‰i’¬","34.451309","133.259182","0","1"
"34","L“‡Œ§","34207","•ŸŽRŽs","342070177001","¼‰i’¬ˆê’š–Ú","34.450044","133.255435","0","3"
"34","L“‡Œ§","34207","•ŸŽRŽs","342070177002","¼‰i’¬“ñ’š–Ú","34.446982","133.249320","0","3"
"34","L“‡Œ§","34207","•ŸŽRŽs","342070177003","¼‰i’¬ŽO’š–Ú","34.447742","133.255816","0","3"
"34","L“‡Œ§","34207","•ŸŽRŽs","342070177004","¼‰i’¬Žl’š–Ú","34.449835","133.261369","0","3"
"34","L“‡Œ§","34207","•ŸŽRŽs","342070177005","¼‰i’¬ŒÜ’š–Ú","34.445269","133.260981","0","3"
"34","L“‡Œ§","34207","•ŸŽRŽs","342070177006","¼‰i’¬˜Z’š–Ú","34.443523","133.255119","0","3"
"34","L“‡Œ§","34207","•ŸŽRŽs","342070177007","¼‰i’¬Žµ’š–Ú","34.440259","133.256651","0","3"
"34","L“‡Œ§","34207","•ŸŽRŽs","342070178001","¼•l’¬ˆê’š–Ú","34.484317","133.373830","0","3"
"34","L“‡Œ§","34207","•ŸŽRŽs","342070178002","¼•l’¬“ñ’š–Ú","34.482928","133.375473","0","3"
"34","L“‡Œ§","34207","•ŸŽRŽs","342070178003","¼•l’¬ŽO’š–Ú","34.481022","133.377159","0","3"
"34","L“‡Œ§","34207","•ŸŽRŽs","342070178004","¼•l’¬Žl’š–Ú","34.478041","133.378604","0","3"
"34","L“‡Œ§","34207","•ŸŽRŽs","342070179001","ŠÛ”V“àˆê’š–Ú","34.491277","133.361872","0","3"
"34","L“‡Œ§","34207","•ŸŽRŽs","342070179002","ŠÛ”V“à“ñ’š–Ú","34.493176","133.362161","0","3"
"34","L“‡Œ§","34207","•ŸŽRŽs","342070180001","Œä–å’¬ˆê’š–Ú","34.481172","133.369348","0","3"
"34","L“‡Œ§","34207","•ŸŽRŽs","342070180002","Œä–å’¬“ñ’š–Ú","34.479511","133.369887","0","3"
"34","L“‡Œ§","34207","•ŸŽRŽs","342070180003","Œä–å’¬ŽO’š–Ú","34.477744","133.370178","0","3"
"34","L“‡Œ§","34207","•ŸŽRŽs","342070181000","—Î’¬","34.476033","133.372927","0","1"
"34","L“‡Œ§","34207","•ŸŽRŽs","342070182001","`’¬ˆê’š–Ú","34.484441","133.380160","0","3"
"34","L“‡Œ§","34207","•ŸŽRŽs","342070182002","`’¬“ñ’š–Ú","34.483794","133.382239","0","3"
"34","L“‡Œ§","34207","•ŸŽRŽs","342070183000","“ì¡’Ã’¬","34.440192","133.244049","0","1"
"34","L“‡Œ§","34207","•ŸŽRŽs","342070184001","“ì‘ ‰¤’¬ˆê’š–Ú","34.502277","133.388141","0","3"
"34","L“‡Œ§","34207","•ŸŽRŽs","342070184002","“ì‘ ‰¤’¬“ñ’š–Ú","34.504045","133.394445","0","3"
"34","L“‡Œ§","34207","•ŸŽRŽs","342070184003","“ì‘ ‰¤’¬ŽO’š–Ú","34.500713","133.394939","0","3"
"34","L“‡Œ§","34207","•ŸŽRŽs","342070184004","“ì‘ ‰¤’¬Žl’š–Ú","34.498477","133.395197","0","3"
"34","L“‡Œ§","34207","•ŸŽRŽs","342070184005","“ì‘ ‰¤’¬ŒÜ’š–Ú","34.503795","133.401283","0","3"
"34","L“‡Œ§","34207","•ŸŽRŽs","342070184006","“ì‘ ‰¤’¬˜Z’š–Ú","34.500803","133.404299","0","3"
"34","L“‡Œ§","34207","•ŸŽRŽs","342070185001","“ìŽèé’¬ˆê’š–Ú","34.481835","133.385816","0","3"
"34","L“‡Œ§","34207","•ŸŽRŽs","342070185002","“ìŽèé’¬“ñ’š–Ú","34.481344","133.390434","0","3"
"34","L“‡Œ§","34207","•ŸŽRŽs","342070185003","“ìŽèé’¬ŽO’š–Ú","34.481622","133.394631","0","3"
"34","L“‡Œ§","34207","•ŸŽRŽs","342070185004","“ìŽèé’¬Žl’š–Ú","34.482167","133.399080","0","3"
"34","L“‡Œ§","34207","•ŸŽRŽs","342070186001","“ì–{¯ˆê’š–Ú","34.487257","133.352181","0","3"
"34","L“‡Œ§","34207","•ŸŽRŽs","342070186002","“ì–{¯“ñ’š–Ú","34.486380","133.347288","0","3"
"34","L“‡Œ§","34207","•ŸŽRŽs","342070186003","“ì–{¯ŽO’š–Ú","34.483865","133.352951","0","3"
"34","L“‡Œ§","34207","•ŸŽRŽs","342070186004","“ì–{¯Žl’š–Ú","34.483858","133.348661","0","3"
"34","L“‡Œ§","34207","•ŸŽRŽs","342070186005","“ì–{¯ŒÜ’š–Ú","34.481443","133.350078","0","3"
"34","L“‡Œ§","34207","•ŸŽRŽs","342070187000","“ì’¬","34.483486","133.371047","0","1"
"34","L“‡Œ§","34207","•ŸŽRŽs","342070188001","“ì¼‰i’¬ˆê’š–Ú","34.443648","133.248833","0","3"
"34","L“‡Œ§","34207","•ŸŽRŽs","342070188002","“ì¼‰i’¬“ñ’š–Ú","34.438465","133.249559","0","3"
"34","L“‡Œ§","34207","•ŸŽRŽs","342070188003","“ì¼‰i’¬ŽO’š–Ú","34.432640","133.250597","0","3"
"34","L“‡Œ§","34207","•ŸŽRŽs","342070188004","“ì¼‰i’¬Žl’š–Ú","34.426951","133.252574","0","3"
"34","L“‡Œ§","34207","•ŸŽRŽs","342070189000","–¥‰«’¬","34.440170","133.425218","0","1"
"34","L“‡Œ§","34207","•ŸŽRŽs","342070190000","–¥“‡’¬","34.446871","133.406734","0","1"
"34","L“‡Œ§","34207","•ŸŽRŽs","342070191000","…“Û’¬","34.449414","133.382535","0","1"
"34","L“‡Œ§","34207","•ŸŽRŽs","342070192000","…“ÛŒü‹u","34.439570","133.382766","0","1"
"34","L“‡Œ§","34207","•ŸŽRŽs","342070193001","Œä‘D’¬ˆê’š–Ú","34.488156","133.370002","0","3"
"34","L“‡Œ§","34207","•ŸŽRŽs","342070193002","Œä‘D’¬“ñ’š–Ú","34.488206","133.371869","0","3"
"34","L“‡Œ§","34207","•ŸŽRŽs","342070194001","‹{‘O’¬ˆê’š–Ú","34.453061","133.259514","0","3"
"34","L“‡Œ§","34207","•ŸŽRŽs","342070194002","‹{‘O’¬“ñ’š–Ú","34.454087","133.261156","0","3"
"34","L“‡Œ§","34207","•ŸŽRŽs","342070195000","ŒäK’¬‘åŽšãŠâ¬","34.548079","133.346589","0","1"
"34","L“‡Œ§","34207","•ŸŽRŽs","342070196000","ŒäK’¬‘åŽš‰ºŠâ¬","34.541157","133.348024","0","1"
"34","L“‡Œ§","34207","•ŸŽRŽs","342070197000","ŒäK’¬‘åŽš’†’ÃŒ´","34.524082","133.359144","0","1"
"34","L“‡Œ§","34207","•ŸŽRŽs","342070198000","ŒäK’¬‘åŽšX˜e","34.532542","133.350854","0","1"
"34","L“‡Œ§","34207","•ŸŽRŽs","342070199001","–¾‰¤‘äˆê’š–Ú","34.477019","133.342549","0","3"
"34","L“‡Œ§","34207","•ŸŽRŽs","342070199002","–¾‰¤‘ä“ñ’š–Ú","34.472826","133.341629","0","3"
"34","L“‡Œ§","34207","•ŸŽRŽs","342070199003","–¾‰¤‘äŽO’š–Ú","34.476791","133.340020","0","3"
"34","L“‡Œ§","34207","•ŸŽRŽs","342070199004","–¾‰¤‘äŽl’š–Ú","34.479480","133.336519","0","3"
"34","L“‡Œ§","34207","•ŸŽRŽs","342070199005","–¾‰¤‘äŒÜ’š–Ú","34.477251","133.334907","0","3"
"34","L“‡Œ§","34207","•ŸŽRŽs","342070200001","–¾_’¬ˆê’š–Ú","34.490855","133.393571","0","3"
"34","L“‡Œ§","34207","•ŸŽRŽs","342070200002","–¾_’¬“ñ’š–Ú","34.491733","133.398226","0","3"
"34","L“‡Œ§","34207","•ŸŽRŽs","342070201001","ŽO‹g’¬ˆê’š–Ú","34.494078","133.372940","0","3"
"34","L“‡Œ§","34207","•ŸŽRŽs","342070201002","ŽO‹g’¬“ñ’š–Ú","34.496207","133.372555","0","3"
"34","L“‡Œ§","34207","•ŸŽRŽs","342070201003","ŽO‹g’¬ŽO’š–Ú","34.493027","133.377208","0","3"
"34","L“‡Œ§","34207","•ŸŽRŽs","342070201004","ŽO‹g’¬Žl’š–Ú","34.494898","133.376878","0","3"
"34","L“‡Œ§","34207","•ŸŽRŽs","342070201005","ŽO‹g’¬ŒÜ’š–Ú","34.496617","133.376481","0","3"
"34","L“‡Œ§","34207","•ŸŽRŽs","342070202001","ŽO‹g’¬“ìˆê’š–Ú","34.491220","133.377633","0","3"
"34","L“‡Œ§","34207","•ŸŽRŽs","342070202002","ŽO‹g’¬“ì“ñ’š–Ú","34.489210","133.378065","0","3"
"34","L“‡Œ§","34207","•ŸŽRŽs","342070203000","–¾Ž¡’¬","34.483143","133.368280","0","1"
"34","L“‡Œ§","34207","•ŸŽRŽs","342070204000","Œ³’¬","34.487578","133.364964","0","1"
"34","L“‡Œ§","34207","•ŸŽRŽs","342070205000","g—t’¬","34.484751","133.361576","0","1"
"34","L“‡Œ§","34207","•ŸŽRŽs","342070206000","–ö’Ã’¬","34.442642","133.273154","0","1"
"34","L“‡Œ§","34207","•ŸŽRŽs","342070207001","–ö’Ã’¬ˆê’š–Ú","34.439351","133.259738","0","3"
"34","L“‡Œ§","34207","•ŸŽRŽs","342070207002","–ö’Ã’¬“ñ’š–Ú","34.440274","133.264571","0","3"
"34","L“‡Œ§","34207","•ŸŽRŽs","342070207003","–ö’Ã’¬ŽO’š–Ú","34.437780","133.262969","0","3"
"34","L“‡Œ§","34207","•ŸŽRŽs","342070207004","–ö’Ã’¬Žl’š–Ú","34.436480","133.265703","0","3"
"34","L“‡Œ§","34207","•ŸŽRŽs","342070207005","–ö’Ã’¬ŒÜ’š–Ú","34.438141","133.267988","0","3"
"34","L“‡Œ§","34207","•ŸŽRŽs","342070208000","ŽRŽè’¬","34.498650","133.322587","0","1"
"34","L“‡Œ§","34207","•ŸŽRŽs","342070209001","ŽRŽè’¬ˆê’š–Ú","34.489529","133.331350","0","3"
"34","L“‡Œ§","34207","•ŸŽRŽs","342070209002","ŽRŽè’¬“ñ’š–Ú","34.489842","133.334326","0","3"
"34","L“‡Œ§","34207","•ŸŽRŽs","342070209003","ŽRŽè’¬ŽO’š–Ú","34.494199","133.331064","0","3"
"34","L“‡Œ§","34207","•ŸŽRŽs","342070209004","ŽRŽè’¬Žl’š–Ú","34.495446","133.333578","0","3"
"34","L“‡Œ§","34207","•ŸŽRŽs","342070209005","ŽRŽè’¬ŒÜ’š–Ú","34.490698","133.338656","0","3"
"34","L“‡Œ§","34207","•ŸŽRŽs","342070209006","ŽRŽè’¬˜Z’š–Ú","34.496812","133.338844","0","3"
"34","L“‡Œ§","34207","•ŸŽRŽs","342070209007","ŽRŽè’¬Žµ’š–Ú","34.499526","133.335595","0","3"
"34","L“‡Œ§","34207","•ŸŽRŽs","342070210000","ŽR–ì’¬‘åŽš–îì","34.651411","133.333325","0","1"
"34","L“‡Œ§","34207","•ŸŽRŽs","342070211000","ŽR–ì’¬‘åŽšŽR–ì","34.665002","133.370502","0","1"
"34","L“‡Œ§","34207","•ŸŽRŽs","342070212000","‰¡”ö’¬","34.524524","133.366154","0","1"
"34","L“‡Œ§","34207","•ŸŽRŽs","342070213001","‰¡”ö’¬ˆê’š–Ú","34.523225","133.364077","0","3"
"34","L“‡Œ§","34207","•ŸŽRŽs","342070213002","‰¡”ö’¬“ñ’š–Ú","34.520262","133.362500","0","3"
"34","L“‡Œ§","34207","•ŸŽRŽs","342070214000","‹g’Ã’¬","34.495553","133.366068","0","1"
"34","L“‡Œ§","34207","•ŸŽRŽs","342070215001","—Î—z’¬ˆê’š–Ú","34.507141","133.369337","0","3"
"34","L“‡Œ§","34207","•ŸŽRŽs","342070215002","—Î—z’¬“ñ’š–Ú","34.508577","133.371136","0","3"
"34","L“‡Œ§","34207","•ŸŽRŽs","342070216000","Žá¼’¬","34.492288","133.372649","0","1"
"34","L“‡Œ§","34207","•ŸŽRŽs","342070217000","èÛ’¬èÛ","34.384715","133.382117","0","1"
"34","L“‡Œ§","34208","•{’†Žs","342080001000","ˆ¢Žš’¬","34.618660","133.179216","0","1"
"34","L“‡Œ§","34208","•{’†Žs","342080002000","r’J’¬","34.602321","133.215360","0","1"
"34","L“‡Œ§","34208","•{’†Žs","342080003000","‰LŽ”’¬","34.576825","133.249860","0","1"
"34","L“‡Œ§","34208","•{’†Žs","342080004000","ãŽR’¬","34.579993","133.207474","0","1"
"34","L“‡Œ§","34208","•{’†Žs","342080005000","¬‘’¬","34.554187","133.178127","0","1"
"34","L“‡Œ§","34208","•{’†Žs","342080006000","‰Í“ì’¬","34.538825","133.193369","0","1"
"34","L“‡Œ§","34208","•{’†Žs","342080007000","‰Í²’¬","34.591862","133.193610","0","1"
"34","L“‡Œ§","34208","•{’†Žs","342080008000","–Ø–ìŽR’¬","34.632187","133.201867","0","1"
"34","L“‡Œ§","34208","•{’†Žs","342080009000","‹v²’¬","34.597493","133.163278","0","1"
"34","L“‡Œ§","34208","•{’†Žs","342080010000","ŒI•¿’¬","34.542852","133.231660","0","1"
"34","L“‡Œ§","34208","•{’†Žs","342080011000","‰Í–Ê’¬","34.567794","133.195880","0","1"
"34","L“‡Œ§","34208","•{’†Žs","342080012001","÷‚ª‹uˆê’š–Ú","34.579416","133.243159","0","3"
"34","L“‡Œ§","34208","•{’†Žs","342080012002","÷‚ª‹u“ñ’š–Ú","34.578798","133.247222","0","3"
"34","L“‡Œ§","34208","•{’†Žs","342080012003","÷‚ª‹uŽO’š–Ú","34.581336","133.245731","0","3"
"34","L“‡Œ§","34208","•{’†Žs","342080013000","ŽO˜YŠÛ’¬","34.545806","133.185794","0","1"
"34","L“‡Œ§","34208","•{’†Žs","342080014000","ŽÂª’¬","34.552685","133.200553","0","1"
"34","L“‡Œ§","34208","•{’†Žs","342080015000","ã‰º’¬—L•Ÿ","34.730806","133.118131","0","1"
"34","L“‡Œ§","34208","•{’†Žs","342080016000","ã‰º’¬ˆä‰i","34.681403","133.142122","0","1"
"34","L“‡Œ§","34208","•{’†Žs","342080017000","ã‰º’¬‰ª‰®","34.675320","133.169005","0","1"
"34","L“‡Œ§","34208","•{’†Žs","342080018000","ã‰º’¬¬’Ë","34.744938","133.148163","0","1"
"34","L“‡Œ§","34208","•{’†Žs","342080019000","ã‰º’¬‘—¯","34.687118","133.104520","0","1"
"34","L“‡Œ§","34208","•{’†Žs","342080020000","ã‰º’¬¬–x","34.718042","133.148483","0","1"
"34","L“‡Œ§","34208","•{’†Žs","342080021000","ã‰º’¬²‘q","34.663945","133.148209","0","1"
"34","L“‡Œ§","34208","•{’†Žs","342080022000","ã‰º’¬ŠKŒ©","34.698662","133.178245","0","1"
"34","L“‡Œ§","34208","•{’†Žs","342080023000","ã‰º’¬ã‰º","34.698514","133.123387","0","1"
"34","L“‡Œ§","34208","•{’†Žs","342080024000","ã‰º’¬[]","34.693747","133.114442","0","1"
"34","L“‡Œ§","34208","•{’†Žs","342080025000","ã‰º’¬“ñX","34.703835","133.145706","0","1"
"34","L“‡Œ§","34208","•{’†Žs","342080026000","ã‰º’¬¼è","34.649895","133.122592","0","1"
"34","L“‡Œ§","34208","•{’†Žs","342080027000","ã‰º’¬…‰i","34.661992","133.158590","0","1"
"34","L“‡Œ§","34208","•{’†Žs","342080028000","ã‰º’¬–î‘½“c","34.652196","133.143657","0","1"
"34","L“‡Œ§","34208","•{’†Žs","342080029000","ã‰º’¬–î–ì","34.671427","133.101513","0","1"
"34","L“‡Œ§","34208","•{’†Žs","342080030000","‘m“a’¬","34.543190","133.207523","0","1"
"34","L“‡Œ§","34208","•{’†Žs","342080031000","‚–Ø’¬","34.560904","133.246238","0","1"
"34","L“‡Œ§","34208","•{’†Žs","342080032000","•ƒÎ’¬","34.555451","133.212548","0","1"
"34","L“‡Œ§","34208","•{’†Žs","342080033000","oŒû’¬","34.586572","133.225454","0","1"
"34","L“‡Œ§","34208","•{’†Žs","342080034000","“l¡’¬","34.650811","133.170987","0","1"
"34","L“‡Œ§","34208","•{’†Žs","342080035000","’†{’¬","34.557375","133.260539","0","1"
"34","L“‡Œ§","34208","•{’†Žs","342080036000","“y¶’¬","34.562796","133.226709","0","1"
"34","L“‡Œ§","34208","•{’†Žs","342080037000","L’J’¬","34.571495","133.260051","0","1"
"34","L“‡Œ§","34208","•{’†Žs","342080038000","•{ì’¬","34.567649","133.236891","0","1"
"34","L“‡Œ§","34208","•{’†Žs","342080039000","•{’†’¬","34.577183","133.232682","0","1"
"34","L“‡Œ§","34208","•{’†Žs","342080040000","sãw’¬","34.650009","133.195850","0","1"
"34","L“‡Œ§","34208","•{’†Žs","342080041000","–Úè’¬","34.572086","133.218138","0","1"
"34","L“‡Œ§","34208","•{’†Žs","342080042000","Œ³’¬","34.575103","133.239187","0","1"
"34","L“‡Œ§","34208","•{’†Žs","342080043000","–{ŽR’¬","34.593652","133.239247","0","1"
"34","L“‡Œ§","34208","•{’†Žs","342080044000","”–Ñ’¬","34.574525","133.165225","0","1"
"34","L“‡Œ§","34208","•{’†Žs","342080045000","—p“y’¬","34.559315","133.234908","0","1"
"34","L“‡Œ§","34209","ŽOŽŸŽs","342090001000","Â‰Í’¬","34.754748","132.822850","0","1"
"34","L“‡Œ§","34209","ŽOŽŸŽs","342090002000","H’¬","34.748200","132.794462","0","1"
"34","L“‡Œ§","34209","ŽOŽŸŽs","342090003000","ŒŠŠ}’¬","34.839631","132.878756","0","1"
"34","L“‡Œ§","34209","ŽOŽŸŽs","342090004000","—LŒ´’¬","34.696865","132.870972","0","1"
"34","L“‡Œ§","34209","ŽOŽŸŽs","342090005000","ˆ¾‰®’¬","34.783424","132.803928","0","1"
"34","L“‡Œ§","34209","ŽOŽŸŽs","342090006000","ÎŒ´’¬","34.723477","132.909372","0","1"
"34","L“‡Œ§","34209","ŽOŽŸŽs","342090007000","Ž…ˆä’¬","34.743268","132.891045","0","1"
"34","L“‡Œ§","34209","ŽOŽŸŽs","342090008000","ã“c’¬","34.698043","132.919886","0","1"
"34","L“‡Œ§","34209","ŽOŽŸŽs","342090009000","ŒãŽR’¬","34.834745","132.897220","0","1"
"34","L“‡Œ§","34209","ŽOŽŸŽs","342090010000","ŠC“n’¬","34.732301","132.893051","0","1"
"34","L“‡Œ§","34209","ŽOŽŸŽs","342090011000","]“cì”V“à’¬","34.780806","132.907763","0","1"
"34","L“‡Œ§","34209","ŽOŽŸŽs","342090012000","‘å“cK’¬","34.746474","132.929555","0","1"
"34","L“‡Œ§","34209","ŽOŽŸŽs","342090013000","¬•¶’¬","34.833757","132.848690","0","1"
"34","L“‡Œ§","34209","ŽOŽŸŽs","342090014000","ãì—§’¬","34.711713","132.786871","0","1"
"34","L“‡Œ§","34209","ŽOŽŸŽs","342090015000","ãŽu˜a’n’¬","34.731485","132.796235","0","1"
"34","L“‡Œ§","34209","ŽOŽŸŽs","342090016000","‹gŽÉ’¬‰_’Ê","34.688371","133.002479","0","1"
"34","L“‡Œ§","34209","ŽOŽŸŽs","342090017000","‹gŽÉ’¬ŠC“cŒ´","34.737719","132.977859","0","1"
"34","L“‡Œ§","34209","ŽOŽŸŽs","342090018000","‹gŽÉ’¬ãˆÀ“c","34.739030","133.052310","0","1"
"34","L“‡Œ§","34209","ŽOŽŸŽs","342090019000","‹gŽÉ’¬‹gŽÉ","34.710719","133.012109","0","1"
"34","L“‡Œ§","34209","ŽOŽŸŽs","342090020000","‹gŽÉ’¬‹gŽÉì”V“à","34.697426","132.976206","0","1"
"34","L“‡Œ§","34209","ŽOŽŸŽs","342090021000","‹gŽÉ’¬´j","34.704243","132.993503","0","1"
"34","L“‡Œ§","34209","ŽOŽŸŽs","342090022000","‹gŽÉ’¬•~’n","34.739441","132.958459","0","1"
"34","L“‡Œ§","34209","ŽOŽŸŽs","342090023000","‹gŽÉ’¬’m˜a","34.754151","133.025062","0","1"
"34","L“‡Œ§","34209","ŽOŽŸŽs","342090024000","‹gŽÉ’¬’Ò","34.681320","132.969650","0","1"
"34","L“‡Œ§","34209","ŽOŽŸŽs","342090025000","‹gŽÉ’¬“¿Žs","34.664341","132.954988","0","1"
"34","L“‡Œ§","34209","ŽOŽŸŽs","342090026000","‹gŽÉ’¬žw","34.704647","132.960990","0","1"
"34","L“‡Œ§","34209","ŽOŽŸŽs","342090027000","‹gŽÉ’¬ŠÛ“c","34.696100","132.990443","0","1"
"34","L“‡Œ§","34209","ŽOŽŸŽs","342090028000","‹gŽÉ’¬ŽO‹Ê","34.728218","133.003244","0","1"
"34","L“‡Œ§","34209","ŽOŽŸŽs","342090029000","‹gŽÉ’¬–îˆä","34.725126","132.974814","0","1"
"34","L“‡Œ§","34209","ŽOŽŸŽs","342090030000","‹gŽÉ’¬ˆÀ“c","34.733364","133.030936","0","1"
"34","L“‡Œ§","34209","ŽOŽŸŽs","342090031000","‹gŽÉ’¬–î–ì’n","34.742949","132.992934","0","1"
"34","L“‡Œ§","34209","ŽOŽŸŽs","342090032000","–Øæ’¬","34.738525","132.916173","0","1"
"34","L“‡Œ§","34209","ŽOŽŸŽs","342090033000","ŒN“c’¬ÎŒ´","34.888997","132.825803","0","1"
"34","L“‡Œ§","34209","ŽOŽŸŽs","342090034000","ŒN“c’¬ò‹g“c","34.905889","132.863738","0","1"
"34","L“‡Œ§","34209","ŽOŽŸŽs","342090035000","ŒN“c’¬¼“üŒN","34.892204","132.845833","0","1"
"34","L“‡Œ§","34209","ŽOŽŸŽs","342090036000","ŒN“c’¬“Œ“üŒN","34.873379","132.860963","0","1"
"34","L“‡Œ§","34209","ŽOŽŸŽs","342090037000","ŒN“c’¬ŸC“c","34.952118","132.810544","0","1"
"34","L“‡Œ§","34209","ŽOŽŸŽs","342090038000","ŒN“c’¬“¡Œ“","34.864105","132.830770","0","1"
"34","L“‡Œ§","34209","ŽOŽŸŽs","342090039000","ŒN“c’¬–Î“c","34.912669","132.811107","0","1"
"34","L“‡Œ§","34209","ŽOŽŸŽs","342090040000","b“z’¬—L“c","34.738988","133.080392","0","1"
"34","L“‡Œ§","34209","ŽOŽŸŽs","342090041000","b“z’¬‰F‰ê","34.695321","133.038616","0","1"
"34","L“‡Œ§","34209","ŽOŽŸŽs","342090042000","b“z’¬Š“c","34.710204","133.065523","0","1"
"34","L“‡Œ§","34209","ŽOŽŸŽs","342090043000","b“z’¬‘¾˜YŠÛ","34.763086","133.083680","0","1"
"34","L“‡Œ§","34209","ŽOŽŸŽs","342090044000","b“z’¬¼–ì","34.699012","133.072555","0","1"
"34","L“‡Œ§","34209","ŽOŽŸŽs","342090045000","b“z’¬”²“’","34.751176","133.073906","0","1"
"34","L“‡Œ§","34209","ŽOŽŸŽs","342090046000","b“z’¬¬“¶","34.676342","133.063502","0","1"
"34","L“‡Œ§","34209","ŽOŽŸŽs","342090047000","b“z’¬•Ÿ“c","34.730864","133.093433","0","1"
"34","L“‡Œ§","34209","ŽOŽŸŽs","342090048000","b“z’¬–{‹½","34.704970","133.088026","0","1"
"34","L“‡Œ§","34209","ŽOŽŸŽs","342090049000","¬“cK’¬","34.762432","132.902557","0","1"
"34","L“‡Œ§","34209","ŽOŽŸŽs","342090050000","ì–Ø’¬ˆÉ‰ê˜aŽu","34.906405","132.656990","0","1"
"34","L“‡Œ§","34209","ŽOŽŸŽs","342090051000","ì–Ø’¬‘å’Ã","34.894169","132.686321","0","1"
"34","L“‡Œ§","34209","ŽOŽŸŽs","342090052000","ì–Ø’¬‘å”©","34.917911","132.731570","0","1"
"34","L“‡Œ§","34209","ŽOŽŸŽs","342090053000","ì–Ø’¬‘åŽR","34.832151","132.761162","0","1"
"34","L“‡Œ§","34209","ŽOŽŸŽs","342090054000","ì–Ø’¬‰ªŽOŸº","34.940065","132.704454","0","1"
"34","L“‡Œ§","34209","ŽOŽŸŽs","342090055000","ì–Ø’¬ãì–Ø","34.893142","132.752260","0","1"
"34","L“‡Œ§","34209","ŽOŽŸŽs","342090056000","ì–Ø’¬—„","34.833052","132.731706","0","1"
"34","L“‡Œ§","34209","ŽOŽŸŽs","342090057000","ì–Ø’¬‰ºì–Ø","34.872925","132.725211","0","1"
"34","L“‡Œ§","34209","ŽOŽŸŽs","342090058000","ì–Ø’¬¼–ì","34.898792","132.737542","0","1"
"34","L“‡Œ§","34209","ŽOŽŸŽs","342090059000","ì–Ø’¬ŒõŽç","34.902254","132.723909","0","1"
"34","L“‡Œ§","34209","ŽOŽŸŽs","342090060000","ì–Ø’¬XŽR’†","34.917177","132.692711","0","1"
"34","L“‡Œ§","34209","ŽOŽŸŽs","342090061000","ì–Ø’¬XŽR¼","34.919575","132.672961","0","1"
"34","L“‡Œ§","34209","ŽOŽŸŽs","342090062000","ì–Ø’¬XŽR“Œ","34.902025","132.704480","0","1"
"34","L“‡Œ§","34209","ŽOŽŸŽs","342090063000","ì–Ø’¬–å“c","34.822559","132.707120","0","1"
"34","L“‡Œ§","34209","ŽOŽŸŽs","342090064000","‰–’¬","34.775264","132.912891","0","1"
"34","L“‡Œ§","34209","ŽOŽŸŽs","342090065000","ŽuK’¬","34.764566","132.925233","0","1"
"34","L“‡Œ§","34209","ŽOŽŸŽs","342090066000","ŽlEŠÑ’¬","34.803745","132.901895","0","1"
"34","L“‡Œ§","34209","ŽOŽŸŽs","342090067000","‰ºì—§’¬","34.730095","132.786618","0","1"
"34","L“‡Œ§","34209","ŽOŽŸŽs","342090068000","‰ºŽu˜a’n’¬","34.728872","132.832195","0","1"
"34","L“‡Œ§","34209","ŽOŽŸŽs","342090069000","‚™’¬","34.769757","132.898020","0","1"
"34","L“‡Œ§","34209","ŽOŽŸŽs","342090070001","\“úŽs’†ˆê’š–Ú","34.805141","132.848080","0","3"
"34","L“‡Œ§","34209","ŽOŽŸŽs","342090070002","\“úŽs’†“ñ’š–Ú","34.805087","132.852956","0","3"
"34","L“‡Œ§","34209","ŽOŽŸŽs","342090070003","\“úŽs’†ŽO’š–Ú","34.806593","132.853411","0","3"
"34","L“‡Œ§","34209","ŽOŽŸŽs","342090070004","\“úŽs’†Žl’š–Ú","34.808647","132.854042","0","3"
"34","L“‡Œ§","34209","ŽOŽŸŽs","342090071001","\“úŽs¼ˆê’š–Ú","34.802572","132.849466","0","3"
"34","L“‡Œ§","34209","ŽOŽŸŽs","342090071002","\“úŽs¼“ñ’š–Ú","34.800518","132.848480","0","3"
"34","L“‡Œ§","34209","ŽOŽŸŽs","342090071003","\“úŽs¼ŽO’š–Ú","34.797786","132.846607","0","3"
"34","L“‡Œ§","34209","ŽOŽŸŽs","342090071004","\“úŽs¼Žl’š–Ú","34.798446","132.841133","0","3"
"34","L“‡Œ§","34209","ŽOŽŸŽs","342090071005","\“úŽs¼ŒÜ’š–Ú","34.800403","132.844094","0","3"
"34","L“‡Œ§","34209","ŽOŽŸŽs","342090071006","\“úŽs¼˜Z’š–Ú","34.803539","132.843549","0","3"
"34","L“‡Œ§","34209","ŽOŽŸŽs","342090072001","\“úŽs“Œˆê’š–Ú","34.805189","132.857424","0","3"
"34","L“‡Œ§","34209","ŽOŽŸŽs","342090072002","\“úŽs“Œ“ñ’š–Ú","34.808752","132.858604","0","3"
"34","L“‡Œ§","34209","ŽOŽŸŽs","342090072003","\“úŽs“ŒŽO’š–Ú","34.808612","132.861250","0","3"
"34","L“‡Œ§","34209","ŽOŽŸŽs","342090072004","\“úŽs“ŒŽl’š–Ú","34.805096","132.861007","0","3"
"34","L“‡Œ§","34209","ŽOŽŸŽs","342090072005","\“úŽs“ŒŒÜ’š–Ú","34.807107","132.864813","0","3"
"34","L“‡Œ§","34209","ŽOŽŸŽs","342090072006","\“úŽs“Œ˜Z’š–Ú","34.801726","132.864493","0","3"
"34","L“‡Œ§","34209","ŽOŽŸŽs","342090073000","\“úŽs’¬","34.790699","132.840624","0","1"
"34","L“‡Œ§","34209","ŽOŽŸŽs","342090074001","\“úŽs“ìˆê’š–Ú","34.803104","132.857183","0","3"
"34","L“‡Œ§","34209","ŽOŽŸŽs","342090074002","\“úŽs“ì“ñ’š–Ú","34.801227","132.861512","0","3"
"34","L“‡Œ§","34209","ŽOŽŸŽs","342090074003","\“úŽs“ìŽO’š–Ú","34.797678","132.862057","0","3"
"34","L“‡Œ§","34209","ŽOŽŸŽs","342090074004","\“úŽs“ìŽl’š–Ú","34.799956","132.858123","0","3"
"34","L“‡Œ§","34209","ŽOŽŸŽs","342090074005","\“úŽs“ìŒÜ’š–Ú","34.800931","132.855327","0","3"
"34","L“‡Œ§","34209","ŽOŽŸŽs","342090074006","\“úŽs“ì˜Z’š–Ú","34.798103","132.851307","0","3"
"34","L“‡Œ§","34209","ŽOŽŸŽs","342090074007","\“úŽs“ìŽµ’š–Ú","34.801014","132.852192","0","3"
"34","L“‡Œ§","34209","ŽOŽŸŽs","342090075000","¼‰Í“à’¬","34.849989","132.859379","0","1"
"34","L“‡Œ§","34209","ŽOŽŸŽs","342090076000","¼Žð‰®’¬","34.779082","132.845635","0","1"
"34","L“‡Œ§","34209","ŽOŽŸŽs","342090077000","”©•~’¬","34.813664","132.884291","0","1"
"34","L“‡Œ§","34209","ŽOŽŸŽs","342090078000","“Œ‰Í“à’¬","34.835091","132.863543","0","1"
"34","L“‡Œ§","34209","ŽOŽŸŽs","342090079000","“ŒŽð‰®’¬","34.774928","132.866747","0","1"
"34","L“‡Œ§","34209","ŽOŽŸŽs","342090080000","“ú‰º’¬","34.815952","132.799763","0","1"
"34","L“‡Œ§","34209","ŽOŽŸŽs","342090081000","•z–ì’¬ã•z–ì","34.902148","132.782056","0","1"
"34","L“‡Œ§","34209","ŽOŽŸŽs","342090082000","•z–ì’¬‰º•z–ì","34.852341","132.777347","0","1"
"34","L“‡Œ§","34209","ŽOŽŸŽs","342090083000","•z–ì’¬ŒË‰Í“à","34.874338","132.807914","0","1"
"34","L“‡Œ§","34209","ŽOŽŸŽs","342090084000","•z–ì’¬‰¡’J","34.949914","132.755261","0","1"
"34","L“‡Œ§","34209","ŽOŽŸŽs","342090085000","“ì”¨•~’¬","34.796820","132.882916","0","1"
"34","L“‡Œ§","34209","ŽOŽŸŽs","342090086000","ŽOŒ´’¬","34.832438","132.809077","0","1"
"34","L“‡Œ§","34209","ŽOŽŸŽs","342090087000","ŽOŽŸ’¬","34.819317","132.850383","0","1"
"34","L“‡Œ§","34209","ŽOŽŸŽs","342090088000","ŽO—Çâ’¬‘å’J","34.774340","133.020423","0","1"
"34","L“‡Œ§","34209","ŽOŽŸŽs","342090089000","ŽO—Çâ’¬‰ª“c","34.767126","132.935258","0","1"
"34","L“‡Œ§","34209","ŽOŽŸŽs","342090090000","ŽO—Çâ’¬ŠF£","34.779724","132.958957","0","1"
"34","L“‡Œ§","34209","ŽOŽŸŽs","342090091000","ŽO—Çâ’¬“c—˜","34.790104","132.958153","0","1"
"34","L“‡Œ§","34209","ŽOŽŸŽs","342090092000","ŽO—Çâ’¬’·“c","34.740332","132.938802","0","1"
"34","L“‡Œ§","34209","ŽOŽŸŽs","342090093000","ŽO—Çâ’¬ž¥Œ´","34.767283","133.008849","0","1"
"34","L“‡Œ§","34209","ŽOŽŸŽs","342090094000","ŽO—Çâ’¬m‰ê","34.798278","132.977095","0","1"
"34","L“‡Œ§","34209","ŽOŽŸŽs","342090095000","ŽO—Çâ’¬ŠD’Ë","34.770974","132.985961","0","1"
"34","L“‡Œ§","34209","ŽOŽŸŽs","342090096000","ŽO—Çâ’¬Œõ´","34.801721","132.990359","0","1"
"34","L“‡Œ§","34209","ŽOŽŸŽs","342090097000","ŽO—Çâ’¬ŽO—Çâ","34.763681","132.967268","0","1"
"34","L“‡Œ§","34209","ŽOŽŸŽs","342090098000","ŽOŽá’¬","34.708932","132.890775","0","1"
"34","L“‡Œ§","34209","ŽOŽŸŽs","342090099000","ŽO˜a’¬—LŒ´","34.684406","132.869887","0","1"
"34","L“‡Œ§","34209","ŽOŽŸŽs","342090100000","ŽO˜a’¬”Ñ“c","34.613743","132.843640","0","1"
"34","L“‡Œ§","34209","ŽOŽŸŽs","342090101000","ŽO˜a’¬ã”Â–Ø","34.642028","132.831331","0","1"
"34","L“‡Œ§","34209","ŽOŽŸŽs","342090102000","ŽO˜a’¬ãˆë","34.633745","132.852626","0","1"
"34","L“‡Œ§","34209","ŽOŽŸŽs","342090103000","ŽO˜a’¬•~–¼","34.666151","132.863566","0","1"
"34","L“‡Œ§","34209","ŽOŽŸŽs","342090104000","ŽO˜a’¬‰º”Â–Ø","34.692574","132.844879","0","1"
"34","L“‡Œ§","34209","ŽOŽŸŽs","342090105000","ŽO˜a’¬‘å—Í’J","34.644690","132.814671","0","1"
"34","L“‡Œ§","34209","ŽOŽŸŽs","342090106000","ŽO˜a’¬‰Ho’ë","34.662879","132.806602","0","1"
"34","L“‡Œ§","34209","ŽOŽŸŽs","342090107000","ŽO˜a’¬•Ÿ“c","34.698925","132.814944","0","1"
"34","L“‡Œ§","34209","ŽOŽŸŽs","342090108000","Œü]“c’¬","34.785346","132.930110","0","1"
"34","L“‡Œ§","34209","ŽOŽŸŽs","342090109000","‰ô_’¬","34.759319","132.873971","0","1"
"34","L“‡Œ§","34209","ŽOŽŸŽs","342090110000","ŽR‰Æ’¬","34.844803","132.825915","0","1"
"34","L“‡Œ§","34209","ŽOŽŸŽs","342090111000","˜a’m’¬","34.805804","132.930527","0","1"
"34","L“‡Œ§","34210","¯Œ´Žs","342100001000","”Â‹´’¬","34.838688","133.016478","0","1"
"34","L“‡Œ§","34210","¯Œ´Žs","342100002000","Žs’¬","34.858842","132.968631","0","1"
"34","L“‡Œ§","34210","¯Œ´Žs","342100003000","ã’J’¬","34.829932","133.099007","0","1"
"34","L“‡Œ§","34210","¯Œ´Žs","342100004000","‘å‹v•Û’¬","34.847113","133.057807","0","1"
"34","L“‡Œ§","34210","¯Œ´Žs","342100005000","”öˆø’¬","34.814594","132.939190","0","1"
"34","L“‡Œ§","34210","¯Œ´Žs","342100006000","¬—p’¬","34.854976","133.066940","0","1"
"34","L“‡Œ§","34210","¯Œ´Žs","342100007000","Š|“c’¬","34.870539","132.995226","0","1"
"34","L“‡Œ§","34210","¯Œ´Žs","342100008000","ãŒ´’¬","34.850239","132.991867","0","1"
"34","L“‡Œ§","34210","¯Œ´Žs","342100009000","ì–k’¬","34.919241","133.015738","0","1"
"34","L“‡Œ§","34210","¯Œ´Žs","342100010000","ìŽè’¬","34.879126","133.016196","0","1"
"34","L“‡Œ§","34210","¯Œ´Žs","342100011000","ì¼’¬","34.894188","133.061452","0","1"
"34","L“‡Œ§","34210","¯Œ´Žs","342100012000","–ØŒË’¬","34.809252","132.956425","0","1"
"34","L“‡Œ§","34210","¯Œ´Žs","342100013000","Œû˜a’¬‘åŒŽ","34.907280","132.881802","0","1"
"34","L“‡Œ§","34210","¯Œ´Žs","342100014000","Œû˜a’¬‹à“c","34.862197","132.905792","0","1"
"34","L“‡Œ§","34210","¯Œ´Žs","342100015000","Œû˜a’¬’|’n’J","34.961635","132.857294","0","1"
"34","L“‡Œ§","34210","¯Œ´Žs","342100016000","Œû˜a’¬í’è","34.883869","132.900449","0","1"
"34","L“‡Œ§","34210","¯Œ´Žs","342100017000","Œû˜a’¬‰i“c","34.886037","132.924358","0","1"
"34","L“‡Œ§","34210","¯Œ´Žs","342100018000","Œû˜a’¬‹{“à","34.957154","132.906069","0","1"
"34","L“‡Œ§","34210","¯Œ´Žs","342100019000","Œû˜a’¬Œüò","34.911724","132.900987","0","1"
"34","L“‡Œ§","34210","¯Œ´Žs","342100020000","Œû˜a’¬“’–Ø","34.920918","132.934402","0","1"
"34","L“‡Œ§","34210","¯Œ´Žs","342100021000","‚–Î’¬","34.853683","132.931264","0","1"
"34","L“‡Œ§","34210","¯Œ´Žs","342100022000","¥¼’¬","34.834627","133.037281","0","1"
"34","L“‡Œ§","34210","¯Œ´Žs","342100023000","¼é’¬“ü]","34.929879","133.098724","0","1"
"34","L“‡Œ§","34210","¯Œ´Žs","342100024000","¼é’¬‘å²","34.942899","133.139518","0","1"
"34","L“‡Œ§","34210","¯Œ´Žs","342100025000","¼é’¬‘å‰®","34.961580","133.069522","0","1"
"34","L“‡Œ§","34210","¯Œ´Žs","342100026000","¼é’¬ŒF–ì","35.012063","133.088318","0","1"
"34","L“‡Œ§","34210","¯Œ´Žs","342100027000","¼é’¬ŒI","34.920477","133.086778","0","1"
"34","L“‡Œ§","34210","¯Œ´Žs","342100028000","¼é’¬‚”ö","35.006821","133.178555","0","1"
"34","L“‡Œ§","34210","¯Œ´Žs","342100029000","¼é’¬¼é","34.933676","133.116011","0","1"
"34","L“‡Œ§","34210","¯Œ´Žs","342100030000","¼é’¬’†”—","34.961781","133.083947","0","1"
"34","L“‡Œ§","34210","¯Œ´Žs","342100031000","¼é’¬’†–ì","34.965340","133.092860","0","1"
"34","L“‡Œ§","34210","¯Œ´Žs","342100032000","¼é’¬”ª’¹","34.977855","133.158136","0","1"
"34","L“‡Œ§","34210","¯Œ´Žs","342100033000","¼é’¬¬’¹Œ´","35.037456","133.160056","0","1"
"34","L“‡Œ§","34210","¯Œ´Žs","342100034000","¼é’¬•½Žq","34.905887","133.121736","0","1"
"34","L“‡Œ§","34210","¯Œ´Žs","342100035000","¼é’¬•ŸŽR","34.974693","133.100934","0","1"
"34","L“‡Œ§","34210","¯Œ´Žs","342100036000","¼é’¬ŽOâ","35.051164","133.198403","0","1"
"34","L“‡Œ§","34210","¯Œ´Žs","342100037000","¼é’¬–û–Ø","35.049257","133.105828","0","1"
"34","L“‡Œ§","34210","¯Œ´Žs","342100038000","ŽÀ—¯’¬","34.812644","133.009974","0","1"
"34","L“‡Œ§","34210","¯Œ´Žs","342100039000","t“c’¬","34.807559","133.037165","0","1"
"34","L“‡Œ§","34210","¯Œ´Žs","342100040000","V¯’¬","34.845581","133.034050","0","1"
"34","L“‡Œ§","34210","¯Œ´Žs","342100041000","‘—Ì’¬ˆî‘","34.786071","133.052330","0","1"
"34","L“‡Œ§","34210","¯Œ´Žs","342100042000","‘—Ì’¬ã—Ì‰Æ","34.808152","133.135692","0","1"
"34","L“‡Œ§","34210","¯Œ´Žs","342100043000","‘—Ì’¬‹T’J","34.766474","133.110817","0","1"
"34","L“‡Œ§","34210","¯Œ´Žs","342100044000","‘—Ì’¬–Ø‰®","34.763590","133.038296","0","1"
"34","L“‡Œ§","34210","¯Œ´Žs","342100045000","‘—Ì’¬•–Ú","34.761127","133.143650","0","1"
"34","L“‡Œ§","34210","¯Œ´Žs","342100046000","‘—Ì’¬ŒÜ‰Ó","34.813032","133.115488","0","1"
"34","L“‡Œ§","34210","¯Œ´Žs","342100047000","‘—Ì’¬‰º—Ì‰Æ","34.797578","133.085649","0","1"
"34","L“‡Œ§","34210","¯Œ´Žs","342100048000","‘—Ì’¬’†—Ì‰Æ","34.790772","133.102794","0","1"
"34","L“‡Œ§","34210","¯Œ´Žs","342100049000","‚–å’¬","34.837961","133.055755","0","1"
"34","L“‡Œ§","34210","¯Œ´Žs","342100050000","‚–ì’¬ã—¢Œ´","35.055692","132.847277","0","1"
"34","L“‡Œ§","34210","¯Œ´Žs","342100051000","‚–ì’¬‰ª‘å“à","35.049264","132.879660","0","1"
"34","L“‡Œ§","34210","¯Œ´Žs","342100052000","‚–ì’¬‰œ–å“c","35.003078","132.901550","0","1"
"34","L“‡Œ§","34210","¯Œ´Žs","342100053000","‚–ì’¬ã“’ì","35.064268","132.979617","0","1"
"34","L“‡Œ§","34210","¯Œ´Žs","342100054000","‚–ì’¬‚•é","35.017669","132.824310","0","1"
"34","L“‡Œ§","34210","¯Œ´Žs","342100055000","‚–ì’¬‰º“’ì","35.047356","132.953511","0","1"
"34","L“‡Œ§","34210","¯Œ´Žs","342100056000","‚–ì’¬‰º–å“c","35.009044","132.872644","0","1"
"34","L“‡Œ§","34210","¯Œ´Žs","342100057000","‚–ì’¬VŽs","35.054743","132.933095","0","1"
"34","L“‡Œ§","34210","¯Œ´Žs","342100058000","‚–ì’¬’†–å“c","35.020509","132.888061","0","1"
"34","L“‡Œ§","34210","¯Œ´Žs","342100059000","‚–ì’¬“ì","35.007514","132.924505","0","1"
"34","L“‡Œ§","34210","¯Œ´Žs","342100060000","‚–ì’¬˜a“ìŒ´","35.076961","132.901929","0","1"
"34","L“‡Œ§","34210","¯Œ´Žs","342100061000","‚’¬","34.883707","133.092616","0","1"
"34","L“‡Œ§","34210","¯Œ´Žs","342100062000","“cŒ´’¬","34.843295","132.971828","0","1"
"34","L“‡Œ§","34210","¯Œ´Žs","342100063000","“Œé’¬ˆ¾“c","34.947059","133.281623","0","1"
"34","L“‡Œ§","34210","¯Œ´Žs","342100064000","“Œé’¬ŽóŒ´","34.922856","133.235814","0","1"
"34","L“‡Œ§","34210","¯Œ´Žs","342100065000","“Œé’¬“à–x","35.012525","133.249610","0","1"
"34","L“‡Œ§","34210","¯Œ´Žs","342100066000","“Œé’¬¬‹ø","34.989813","133.308081","0","1"
"34","L“‡Œ§","34210","¯Œ´Žs","342100067000","“Œé’¬¬“z‰Â","35.029333","133.226207","0","1"
"34","L“‡Œ§","34210","¯Œ´Žs","342100068000","“Œé’¬‰Á’J","34.990680","133.230151","0","1"
"34","L“‡Œ§","34210","¯Œ´Žs","342100069000","“Œé’¬ì’¹","34.931154","133.195446","0","1"
"34","L“‡Œ§","34210","¯Œ´Žs","342100070000","“Œé’¬ì¼","34.899233","133.266033","0","1"
"34","L“‡Œ§","34210","¯Œ´Žs","342100071000","“Œé’¬ì“Œ","34.901746","133.284253","0","1"
"34","L“‡Œ§","34210","¯Œ´Žs","342100072000","“Œé’¬‹v‘ã","34.868097","133.284317","0","1"
"34","L“‡Œ§","34210","¯Œ´Žs","342100073000","“Œé’¬‰–Œ´","34.976202","133.248569","0","1"
"34","L“‡Œ§","34210","¯Œ´Žs","342100074000","“Œé’¬V•Ÿ‘ã","34.905393","133.293246","0","1"
"34","L“‡Œ§","34210","¯Œ´Žs","342100075000","“Œé’¬V–Æ","34.840816","133.265182","0","1"
"34","L“‡Œ§","34210","¯Œ´Žs","342100076000","“Œé’¬›","34.939311","133.227230","0","1"
"34","L“‡Œ§","34210","¯Œ´Žs","342100077000","“Œé’¬’éŽß‰FŽR","34.885236","133.214684","0","1"
"34","L“‡Œ§","34210","¯Œ´Žs","342100078000","“Œé’¬’éŽßŽnI","34.888340","133.159514","0","1"
"34","L“‡Œ§","34210","¯Œ´Žs","342100079000","“Œé’¬’éŽß–¢“n","34.862774","133.179813","0","1"
"34","L“‡Œ§","34210","¯Œ´Žs","342100080000","“Œé’¬’éŽßŽR’†","34.910502","133.197367","0","1"
"34","L“‡Œ§","34210","¯Œ´Žs","342100081000","“Œé’¬“c•","34.968730","133.220425","0","1"
"34","L“‡Œ§","34210","¯Œ´Žs","342100082000","“Œé’¬’|X","34.952672","133.246607","0","1"
"34","L“‡Œ§","34210","¯Œ´Žs","342100083000","“Œé’¬ç’¹","35.006505","133.279001","0","1"
"34","L“‡Œ§","34210","¯Œ´Žs","342100084000","“Œé’¬ŒË‰F","34.900510","133.240897","0","1"
"34","L“‡Œ§","34210","¯Œ´Žs","342100085000","“Œé’¬“Œé","34.896740","133.269957","0","1"
"34","L“‡Œ§","34210","¯Œ´Žs","342100086000","“Œé’¬•Ÿ‘ã","34.915955","133.292894","0","1"
"34","L“‡Œ§","34210","¯Œ´Žs","342100087000","“Œé’¬ŽOâ","34.838167","133.243109","0","1"
"34","L“‡Œ§","34210","¯Œ´Žs","342100088000","“Œé’¬X","34.968868","133.191580","0","1"
"34","L“‡Œ§","34210","¯Œ´Žs","342100089000","“Œé’¬•Û“c","34.937405","133.163863","0","1"
"34","L“‡Œ§","34210","¯Œ´Žs","342100090000","ŒË‹½’¬","34.844295","133.012783","0","1"
"34","L“‡Œ§","34210","¯Œ´Žs","342100091000","“aŠ_“à’¬","34.839311","132.962421","0","1"
"34","L“‡Œ§","34210","¯Œ´Žs","342100092000","‰i––’¬","34.852708","133.047428","0","1"
"34","L“‡Œ§","34210","¯Œ´Žs","342100093001","’†–{’¬ˆê’š–Ú","34.856938","133.017097","0","3"
"34","L“‡Œ§","34210","¯Œ´Žs","342100093002","’†–{’¬“ñ’š–Ú","34.860925","133.014800","0","3"
"34","L“‡Œ§","34210","¯Œ´Žs","342100094000","Žµ’Ë’¬","34.829972","132.975614","0","1"
"34","L“‡Œ§","34210","¯Œ´Žs","342100095000","‘÷ì’¬","34.900496","132.967422","0","1"
"34","L“‡Œ§","34210","¯Œ´Žs","342100096001","¼–{’¬ˆê’š–Ú","34.854790","133.015794","0","3"
"34","L“‡Œ§","34210","¯Œ´Žs","342100096002","¼–{’¬“ñ’š–Ú","34.855182","133.010861","0","3"
"34","L“‡Œ§","34210","¯Œ´Žs","342100096003","¼–{’¬ŽO’š–Ú","34.860021","133.010314","0","3"
"34","L“‡Œ§","34210","¯Œ´Žs","342100096004","¼–{’¬Žl’š–Ú","34.864021","133.006791","0","3"
"34","L“‡Œ§","34210","¯Œ´Žs","342100097001","“Œ–{’¬ˆê’š–Ú","34.856709","133.023369","0","3"
"34","L“‡Œ§","34210","¯Œ´Žs","342100097002","“Œ–{’¬“ñ’š–Ú","34.860768","133.026680","0","3"
"34","L“‡Œ§","34210","¯Œ´Žs","342100097003","“Œ–{’¬ŽO’š–Ú","34.862101","133.019514","0","3"
"34","L“‡Œ§","34210","¯Œ´Žs","342100097004","“Œ–{’¬Žl’š–Ú","34.863850","133.019637","0","3"
"34","L“‡Œ§","34210","¯Œ´Žs","342100098000","ˆê–Ø’¬","34.822567","132.999382","0","1"
"34","L“‡Œ§","34210","¯Œ´Žs","342100099000","”ä˜a’¬ŒÃ ","34.968699","132.944096","0","1"
"34","L“‡Œ§","34210","¯Œ´Žs","342100100000","”ä˜a’¬–Ø‰®Œ´","34.966389","132.985801","0","1"
"34","L“‡Œ§","34210","¯Œ´Žs","342100101000","”ä˜a’¬”ä˜a","35.003176","132.957591","0","1"
"34","L“‡Œ§","34210","¯Œ´Žs","342100102000","”ä˜a’¬ŽO‰Í“à","35.003799","133.035870","0","1"
"34","L“‡Œ§","34210","¯Œ´Žs","342100103000","”ä˜a’¬X˜e","35.035244","133.003182","0","1"
"34","L“‡Œ§","34210","¯Œ´Žs","342100104000","•½˜a’¬","34.827948","132.934724","0","1"
"34","L“‡Œ§","34210","¯Œ´Žs","342100105000","–{‹½’¬","34.854697","132.952978","0","1"
"34","L“‡Œ§","34210","¯Œ´Žs","342100106000","–{’¬","34.871579","133.028620","0","1"
"34","L“‡Œ§","34210","¯Œ´Žs","342100107000","–{‘º’¬","34.854338","133.103614","0","1"
"34","L“‡Œ§","34210","¯Œ´Žs","342100108000","…‰z’¬","34.842855","132.910648","0","1"
"34","L“‡Œ§","34210","¯Œ´Žs","342100109000","ŽO“úŽs’¬","34.854589","133.006019","0","1"
"34","L“‡Œ§","34210","¯Œ´Žs","342100110000","•ô“c’¬","34.811201","133.063419","0","1"
"34","L“‡Œ§","34210","¯Œ´Žs","342100111000","‹{“à’¬","34.864690","133.040350","0","1"
"34","L“‡Œ§","34210","¯Œ´Žs","342100112000","–å“c’¬","34.883312","132.987482","0","1"
"34","L“‡Œ§","34210","¯Œ´Žs","342100113000","ŽR“à’¬","34.830694","132.955148","0","1"
"34","L“‡Œ§","34211","‘å’|Žs","342110001000","ˆ¢‘½“c","34.192656","132.305406","0","1"
"34","L“‡Œ§","34211","‘å’|Žs","342110002000","ˆÀð","34.228969","132.174209","0","1"
"34","L“‡Œ§","34211","‘å’|Žs","342110003000","Œã”Ñ’J","34.255873","132.152026","0","1"
"34","L“‡Œ§","34211","‘å’|Žs","342110004000","‘å’|’¬‘å’|","34.214066","132.207784","0","1"
"34","L“‡Œ§","34211","‘å’|Žs","342110005000","‘å’|’¬–Ø–ì","34.217809","132.204176","0","1"
"34","L“‡Œ§","34211","‘å’|Žs","342110006000","‘å’|’¬–ûŒ©","34.222206","132.213498","0","1"
"34","L“‡Œ§","34211","‘å’|Žs","342110007001","¬•ûˆê’š–Ú","34.237517","132.220837","0","3"
"34","L“‡Œ§","34211","‘å’|Žs","342110007002","¬•û“ñ’š–Ú","34.240789","132.216960","0","3"
"34","L“‡Œ§","34211","‘å’|Žs","342110008000","¬•ûƒP‹u","34.238464","132.212120","0","1"
"34","L“‡Œ§","34211","‘å’|Žs","342110009000","¬•û’¬¬•û","34.243584","132.200468","0","1"
"34","L“‡Œ§","34211","‘å’|Žs","342110010000","¬•û’¬•ì","34.258662","132.202584","0","1"
"34","L“‡Œ§","34211","‘å’|Žs","342110011000","•ämŒ´","34.230629","132.190332","0","1"
"34","L“‡Œ§","34211","‘å’|Žs","342110012000","–k‰h","34.223164","132.225660","0","1"
"34","L“‡Œ§","34211","‘å’|Žs","342110013001","‹è”gˆê’š–Ú","34.252822","132.228320","0","3"
"34","L“‡Œ§","34211","‘å’|Žs","342110013002","‹è”g“ñ’š–Ú","34.255255","132.229296","0","3"
"34","L“‡Œ§","34211","‘å’|Žs","342110013003","‹è”gŽO’š–Ú","34.259654","132.233886","0","3"
"34","L“‡Œ§","34211","‘å’|Žs","342110013004","‹è”gŽl’š–Ú","34.253323","132.224176","0","3"
"34","L“‡Œ§","34211","‘å’|Žs","342110013005","‹è”gŒÜ’š–Ú","34.260055","132.224000","0","3"
"34","L“‡Œ§","34211","‘å’|Žs","342110013006","‹è”g˜Z’š–Ú","34.258593","132.227481","0","3"
"34","L“‡Œ§","34211","‘å’|Žs","342110013007","‹è”gŽµ’š–Ú","34.260530","132.231682","0","3"
"34","L“‡Œ§","34211","‘å’|Žs","342110013008","‹è”g”ª’š–Ú","34.263043","132.235076","0","3"
"34","L“‡Œ§","34211","‘å’|Žs","342110014000","‹è”g’¬","34.272795","132.211134","0","1"
"34","L“‡Œ§","34211","‘å’|Žs","342110015000","ŒI’J’¬ŒãŒ´","34.296698","132.169836","0","1"
"34","L“‡Œ§","34211","‘å’|Žs","342110016000","ŒI’J’¬‘åŒI—Ñ","34.289438","132.145924","0","1"
"34","L“‡Œ§","34211","‘å’|Žs","342110017000","ŒI’J’¬‰œ’JK","34.299137","132.190728","0","1"
"34","L“‡Œ§","34211","‘å’|Žs","342110018000","ŒI’J’¬¬ŒI—Ñ","34.304552","132.160508","0","1"
"34","L“‡Œ§","34211","‘å’|Žs","342110019000","ŒI’J’¬’J˜a","34.272900","132.182444","0","1"
"34","L“‡Œ§","34211","‘å’|Žs","342110020000","ŒI’J’¬LŒ´","34.326315","132.194149","0","1"
"34","L“‡Œ§","34211","‘å’|Žs","342110021001","•ìˆê’š–Ú","34.246912","132.223673","0","3"
"34","L“‡Œ§","34211","‘å’|Žs","342110021002","•ì“ñ’š–Ú","34.245758","132.219292","0","3"
"34","L“‡Œ§","34211","‘å’|Žs","342110021003","•ìŽO’š–Ú","34.249356","132.221956","0","3"
"34","L“‡Œ§","34211","‘å’|Žs","342110022001","–Ø–ìˆê’š–Ú","34.207651","132.195362","0","3"
"34","L“‡Œ§","34211","‘å’|Žs","342110022002","–Ø–ì“ñ’š–Ú","34.218753","132.200622","0","3"
"34","L“‡Œ§","34211","‘å’|Žs","342110023001","”’Îˆê’š–Ú","34.214224","132.215201","0","3"
"34","L“‡Œ§","34211","‘å’|Žs","342110023002","”’Î“ñ’š–Ú","34.209969","132.215083","0","3"
"34","L“‡Œ§","34211","‘å’|Žs","342110024001","V’¬ˆê’š–Ú","34.217115","132.222599","0","3"
"34","L“‡Œ§","34211","‘å’|Žs","342110024002","V’¬“ñ’š–Ú","34.212007","132.223866","0","3"
"34","L“‡Œ§","34211","‘å’|Žs","342110024003","V’¬ŽO’š–Ú","34.210948","132.222180","0","3"
"34","L“‡Œ§","34211","‘å’|Žs","342110025001","—§ŒËˆê’š–Ú","34.222763","132.218589","0","3"
"34","L“‡Œ§","34211","‘å’|Žs","342110025002","—§ŒË“ñ’š–Ú","34.225944","132.219458","0","3"
"34","L“‡Œ§","34211","‘å’|Žs","342110025003","—§ŒËŽO’š–Ú","34.230279","132.218345","0","3"
"34","L“‡Œ§","34211","‘å’|Žs","342110025004","—§ŒËŽl’š–Ú","34.224069","132.222927","0","3"
"34","L“‡Œ§","34211","‘å’|Žs","342110026001","¼‰hˆê’š–Ú","34.217187","132.224498","0","3"
"34","L“‡Œ§","34211","‘å’|Žs","342110026002","¼‰h“ñ’š–Ú","34.219233","132.226292","0","3"
"34","L“‡Œ§","34211","‘å’|Žs","342110026003","¼‰hŽO’š–Ú","34.216168","132.228033","0","3"
"34","L“‡Œ§","34211","‘å’|Žs","342110027000","”ª’š","34.249351","132.180829","0","1"
"34","L“‡Œ§","34211","‘å’|Žs","342110028001","°ŠCˆê’š–Ú","34.239603","132.223814","0","3"
"34","L“‡Œ§","34211","‘å’|Žs","342110028002","°ŠC“ñ’š–Ú","34.240766","132.226610","0","3"
"34","L“‡Œ§","34211","‘å’|Žs","342110029001","“Œ‰hˆê’š–Ú","34.220528","132.231297","0","3"
"34","L“‡Œ§","34211","‘å’|Žs","342110029002","“Œ‰h“ñ’š–Ú","34.216654","132.235333","0","3"
"34","L“‡Œ§","34211","‘å’|Žs","342110029003","“Œ‰hŽO’š–Ú","34.215326","132.244440","0","3"
"34","L“‡Œ§","34211","‘å’|Žs","342110030000","”äì","34.234826","132.186035","0","1"
"34","L“‡Œ§","34211","‘å’|Žs","342110031000","–hŽ­","34.229996","132.203424","0","1"
"34","L“‡Œ§","34211","‘å’|Žs","342110032001","–{’¬ˆê’š–Ú","34.212763","132.219073","0","3"
"34","L“‡Œ§","34211","‘å’|Žs","342110032002","–{’¬“ñ’š–Ú","34.208630","132.217579","0","3"
"34","L“‡Œ§","34211","‘å’|Žs","342110033000","‘O”Ñ’J","34.250077","132.166296","0","1"
"34","L“‡Œ§","34211","‘å’|Žs","342110034000","¼ƒPŒ´’¬","34.296789","132.220225","0","1"
"34","L“‡Œ§","34211","‘å’|Žs","342110035001","Œä‰€ˆê’š–Ú","34.235359","132.217708","0","3"
"34","L“‡Œ§","34211","‘å’|Žs","342110035002","Œä‰€“ñ’š–Ú","34.235398","132.213127","0","3"
"34","L“‡Œ§","34211","‘å’|Žs","342110036000","Œä‰€‘ä","34.233440","132.216177","0","1"
"34","L“‡Œ§","34211","‘å’|Žs","342110037000","ŽOƒcÎ’¬","34.238929","132.209121","0","1"
"34","L“‡Œ§","34211","‘å’|Žs","342110038001","`’¬ˆê’š–Ú","34.243772","132.223628","0","3"
"34","L“‡Œ§","34211","‘å’|Žs","342110038002","`’¬“ñ’š–Ú","34.245595","132.224637","0","3"
"34","L“‡Œ§","34211","‘å’|Žs","342110039001","“ì‰hˆê’š–Ú","34.211309","132.226066","0","3"
"34","L“‡Œ§","34211","‘å’|Žs","342110039002","“ì‰h“ñ’š–Ú","34.211682","132.228928","0","3"
"34","L“‡Œ§","34211","‘å’|Žs","342110039003","“ì‰hŽO’š–Ú","34.212487","132.232055","0","3"
"34","L“‡Œ§","34211","‘å’|Žs","342110040000","ŒäK’¬","34.227236","132.227554","0","1"
"34","L“‡Œ§","34211","‘å’|Žs","342110041000","–¾Ž¡VŠJ","34.249456","132.227699","0","1"
"34","L“‡Œ§","34211","‘å’|Žs","342110042001","Œ³’¬ˆê’š–Ú","34.207526","132.214465","0","3"
"34","L“‡Œ§","34211","‘å’|Žs","342110042002","Œ³’¬“ñ’š–Ú","34.205028","132.214441","0","3"
"34","L“‡Œ§","34211","‘å’|Žs","342110042003","Œ³’¬ŽO’š–Ú","34.205457","132.211197","0","3"
"34","L“‡Œ§","34211","‘å’|Žs","342110042004","Œ³’¬Žl’š–Ú","34.205414","132.205887","0","3"
"34","L“‡Œ§","34211","‘å’|Žs","342110043001","–ûŒ©ˆê’š–Ú","34.216622","132.218822","0","3"
"34","L“‡Œ§","34211","‘å’|Žs","342110043002","–ûŒ©“ñ’š–Ú","34.219187","132.216809","0","3"
"34","L“‡Œ§","34211","‘å’|Žs","342110043003","–ûŒ©ŽO’š–Ú","34.219087","132.220942","0","3"
"34","L“‡Œ§","34211","‘å’|Žs","342110044000","“’M’¬","34.251892","132.219771","0","1"
"34","L“‡Œ§","34212","“ŒL“‡Žs","342120001000","ˆÀŒ|’Ã’¬‘å“c","34.322132","132.765619","0","1"
"34","L“‡Œ§","34212","“ŒL“‡Žs","342120002000","ˆÀŒ|’Ã’¬•—‘","34.320045","132.793349","0","1"
"34","L“‡Œ§","34212","“ŒL“‡Žs","342120003000","ˆÀŒ|’Ã’¬–Ø’J","34.325347","132.839331","0","1"
"34","L“‡Œ§","34212","“ŒL“‡Žs","342120004000","ˆÀŒ|’Ã’¬¬¼Œ´","34.290461","132.779025","0","1"
"34","L“‡Œ§","34212","“ŒL“‡Žs","342120005000","ˆÀŒ|’Ã’¬ŽO’Ã","34.343687","132.800733","0","1"
"34","L“‡Œ§","34212","“ŒL“‡Žs","342120006001","‹¾ŽRˆê’š–Ú","34.399164","132.712403","0","3"
"34","L“‡Œ§","34212","“ŒL“‡Žs","342120006002","‹¾ŽR“ñ’š–Ú","34.401143","132.724312","0","3"
"34","L“‡Œ§","34212","“ŒL“‡Žs","342120006003","‹¾ŽRŽO’š–Ú","34.397508","132.734346","0","3"
"34","L“‡Œ§","34212","“ŒL“‡Žs","342120007000","‹¾ŽR–k","34.408828","132.724632","0","1"
"34","L“‡Œ§","34212","“ŒL“‡Žs","342120008000","•£Šw‰€‘ä","34.313551","132.687593","0","1"
"34","L“‡Œ§","34212","“ŒL“‡Žs","342120009001","•£t“ú–ìˆê’š–Ú","34.331108","132.656475","0","3"
"34","L“‡Œ§","34212","“ŒL“‡Žs","342120009002","•£t“ú–ì“ñ’š–Ú","34.333928","132.654742","0","3"
"34","L“‡Œ§","34212","“ŒL“‡Žs","342120010001","•£Ø“c‚ª‹uˆê’š–Ú","34.323635","132.653608","0","3"
"34","L“‡Œ§","34212","“ŒL“‡Žs","342120010002","•£Ø“c‚ª‹u“ñ’š–Ú","34.326131","132.650475","0","3"
"34","L“‡Œ§","34212","“ŒL“‡Žs","342120010003","•£Ø“c‚ª‹uŽO’š–Ú","34.328456","132.654716","0","3"
"34","L“‡Œ§","34212","“ŒL“‡Žs","342120011001","•£÷‚ª‹uˆê’š–Ú","34.331070","132.651329","0","3"
"34","L“‡Œ§","34212","“ŒL“‡Žs","342120012000","•£’¬Žs”Ñ“c","34.307003","132.659827","0","1"
"34","L“‡Œ§","34212","“ŒL“‡Žs","342120013000","•£’¬‘å‘½“c","34.348396","132.667732","0","1"
"34","L“‡Œ§","34212","“ŒL“‡Žs","342120014000","•£’¬¬‘½“c","34.347312","132.714486","0","1"
"34","L“‡Œ§","34212","“ŒL“‡Žs","342120015000","•£’¬Œ“‘ò","34.316691","132.649663","0","1"
"34","L“‡Œ§","34212","“ŒL“‡Žs","342120016000","•£’¬Œ“L","34.333484","132.650270","0","1"
"34","L“‡Œ§","34212","“ŒL“‡Žs","342120017000","•£’¬ã•Û“c","34.311548","132.669110","0","1"
"34","L“‡Œ§","34212","“ŒL“‡Žs","342120018000","•£’¬ìŠp","34.314129","132.681437","0","1"
"34","L“‡Œ§","34212","“ŒL“‡Žs","342120019000","•£’¬Ø“c","34.322047","132.657216","0","1"
"34","L“‡Œ§","34212","“ŒL“‡Žs","342120020000","•£’¬‘‹ß","34.339356","132.734999","0","1"
"34","L“‡Œ§","34212","“ŒL“‡Žs","342120021000","•£’¬›“c","34.312500","132.674835","0","1"
"34","L“‡Œ§","34212","“ŒL“‡Žs","342120022000","•£’¬’Ã]","34.334253","132.629657","0","1"
"34","L“‡Œ§","34212","“ŒL“‡Žs","342120023000","•£’¬“èŒ´","34.326049","132.667020","0","1"
"34","L“‡Œ§","34212","“ŒL“‡Žs","342120024000","•£’¬”T”ü”ö","34.331835","132.693214","0","1"
"34","L“‡Œ§","34212","“ŒL“‡Žs","342120025000","•£’¬ŠÛŽR","34.332736","132.676378","0","1"
"34","L“‡Œ§","34212","“ŒL“‡Žs","342120026000","•£’¬“ì•û","34.329045","132.702819","0","1"
"34","L“‡Œ§","34212","“ŒL“‡Žs","342120027000","•£’¬@‹ß–ö‘","34.339781","132.713010","0","1"
"34","L“‡Œ§","34212","“ŒL“‡Žs","342120028001","•£“èŒ´–kˆê’š–Ú","34.338778","132.664173","0","3"
"34","L“‡Œ§","34212","“ŒL“‡Žs","342120028002","•£“èŒ´–k“ñ’š–Ú","34.339499","132.660241","0","3"
"34","L“‡Œ§","34212","“ŒL“‡Žs","342120028003","•£“èŒ´–kŽO’š–Ú","34.338778","132.656075","0","3"
"34","L“‡Œ§","34212","“ŒL“‡Žs","342120029001","•£“èŒ´¼ˆê’š–Ú","34.331842","132.663917","0","3"
"34","L“‡Œ§","34212","“ŒL“‡Žs","342120029002","•£“èŒ´¼“ñ’š–Ú","34.335495","132.661280","0","3"
"34","L“‡Œ§","34212","“ŒL“‡Žs","342120030001","•£“èŒ´“Œˆê’š–Ú","34.332197","132.666996","0","3"
"34","L“‡Œ§","34212","“ŒL“‡Žs","342120030002","•£“èŒ´“Œ“ñ’š–Ú","34.335281","132.664175","0","3"
"34","L“‡Œ§","34212","“ŒL“‡Žs","342120030003","•£“èŒ´“ŒŽO’š–Ú","34.336309","132.667418","0","3"
"34","L“‡Œ§","34212","“ŒL“‡Žs","342120031000","•£¼ƒP‹u","34.334833","132.658374","0","1"
"34","L“‡Œ§","34212","“ŒL“‡Žs","342120032000","‰Í“à’¬‰FŽR","34.520925","132.827706","0","1"
"34","L“‡Œ§","34212","“ŒL“‡Žs","342120033000","‰Í“à’¬¬“c","34.504403","132.872904","0","1"
"34","L“‡Œ§","34212","“ŒL“‡Žs","342120034000","‰Í“à’¬ã‰Í“à","34.481759","132.862791","0","1"
"34","L“‡Œ§","34212","“ŒL“‡Žs","342120035000","‰Í“à’¬‰ÍŒË","34.493570","132.837104","0","1"
"34","L“‡Œ§","34212","“ŒL“‡Žs","342120036000","‰Í“à’¬‰º‰Í“à","34.472690","132.903890","0","1"
"34","L“‡Œ§","34212","“ŒL“‡Žs","342120037000","‰Í“à’¬ŒË–ì","34.504151","132.808654","0","1"
"34","L“‡Œ§","34212","“ŒL“‡Žs","342120038000","‰Í“à’¬’†‰Í“à","34.475599","132.882010","0","1"
"34","L“‡Œ§","34212","“ŒL“‡Žs","342120039000","‰Í“à’¬“ü–ì","34.442370","132.878122","0","1"
"34","L“‡Œ§","34212","“ŒL“‡Žs","342120040000","‰Í“à—Õ‹ó’c’n","34.447636","132.867147","0","1"
"34","L“‡Œ§","34212","“ŒL“‡Žs","342120041000","¼ð’©“ú’¬","34.427037","132.746118","0","1"
"34","L“‡Œ§","34212","“ŒL“‡Žs","342120042000","¼ð‘å’Ø’¬","34.422061","132.747158","0","1"
"34","L“‡Œ§","34212","“ŒL“‡Žs","342120043000","¼ð‰ª’¬","34.428555","132.741119","0","1"
"34","L“‡Œ§","34212","“ŒL“‡Žs","342120044000","¼ðãŽs’¬","34.427825","132.748859","0","1"
"34","L“‡Œ§","34212","“ŒL“‡Žs","342120045000","¼ðŒäð’¬","34.422651","132.745178","0","1"
"34","L“‡Œ§","34212","“ŒL“‡Žs","342120046000","¼ð‰h’¬","34.427709","132.742937","0","1"
"34","L“‡Œ§","34212","“ŒL“‡Žs","342120047005","¼ð‰ºŒ©ŒÜ’š–Ú","34.409116","132.716182","0","3"
"34","L“‡Œ§","34212","“ŒL“‡Žs","342120047006","¼ð‰ºŒ©˜Z’š–Ú","34.407923","132.712861","0","3"
"34","L“‡Œ§","34212","“ŒL“‡Žs","342120047007","¼ð‰ºŒ©Žµ’š–Ú","34.406234","132.708461","0","3"
"34","L“‡Œ§","34212","“ŒL“‡Žs","342120048000","¼ðº˜a’¬","34.424240","132.741965","0","1"
"34","L“‡Œ§","34212","“ŒL“‡Žs","342120049000","¼ð––L’¬","34.431479","132.749708","0","1"
"34","L“‡Œ§","34212","“ŒL“‡Žs","342120050001","¼ð’†‰›ˆê’š–Ú","34.420854","132.737393","0","3"
"34","L“‡Œ§","34212","“ŒL“‡Žs","342120050002","¼ð’†‰›“ñ’š–Ú","34.421252","132.741454","0","3"
"34","L“‡Œ§","34212","“ŒL“‡Žs","342120050003","¼ð’†‰›ŽO’š–Ú","34.418388","132.742232","0","3"
"34","L“‡Œ§","34212","“ŒL“‡Žs","342120050004","¼ð’†‰›Žl’š–Ú","34.411639","132.743451","0","3"
"34","L“‡Œ§","34212","“ŒL“‡Žs","342120050005","¼ð’†‰›ŒÜ’š–Ú","34.413259","132.741112","0","3"
"34","L“‡Œ§","34212","“ŒL“‡Žs","342120050006","¼ð’†‰›˜Z’š–Ú","34.415937","132.739357","0","3"
"34","L“‡Œ§","34212","“ŒL“‡Žs","342120050007","¼ð’†‰›Žµ’š–Ú","34.417645","132.735300","0","3"
"34","L“‡Œ§","34212","“ŒL“‡Žs","342120050008","¼ð’†‰›”ª’š–Ú","34.417861","132.729638","0","3"
"34","L“‡Œ§","34212","“ŒL“‡Žs","342120051000","¼ð’¬”n–Ø","34.362651","132.724798","0","1"
"34","L“‡Œ§","34212","“ŒL“‡Žs","342120052000","¼ð’¬‘å‘ò","34.376958","132.731625","0","1"
"34","L“‡Œ§","34212","“ŒL“‡Žs","342120053000","¼ð’¬ãŽO‰i","34.396444","132.797279","0","1"
"34","L“‡Œ§","34212","“ŒL“‡Žs","342120054000","¼ð’¬‹½‘]","34.369996","132.691186","0","1"
"34","L“‡Œ§","34212","“ŒL“‡Žs","342120055000","¼ð’¬¼ð","34.438718","132.744101","0","1"
"34","L“‡Œ§","34212","“ŒL“‡Žs","342120056000","¼ð’¬¼ð“Œ","34.425563","132.735684","0","1"
"34","L“‡Œ§","34212","“ŒL“‡Žs","342120057000","¼ð’¬‰ºŒ©","34.408990","132.706533","0","1"
"34","L“‡Œ§","34212","“ŒL“‡Žs","342120058000","¼ð’¬‰ºŽO‰i","34.392245","132.765958","0","1"
"34","L“‡Œ§","34212","“ŒL“‡Žs","342120059000","¼ð’¬•ŽÀ","34.415847","132.770949","0","1"
"34","L“‡Œ§","34212","“ŒL“‡Žs","342120060000","¼ð’¬“y—^ŠÛ","34.424022","132.778825","0","1"
"34","L“‡Œ§","34212","“ŒL“‡Žs","342120061000","¼ð’¬•Ÿ–{","34.358791","132.762791","0","1"
"34","L“‡Œ§","34212","“ŒL“‡Žs","342120062000","¼ð’¬Œä‰’‰F","34.408063","132.755798","0","1"
"34","L“‡Œ§","34212","“ŒL“‡Žs","342120063000","¼ð’¬X‹ß","34.361171","132.743794","0","1"
"34","L“‡Œ§","34212","“ŒL“‡Žs","342120064000","¼ð’¬‹gs","34.445141","132.748966","0","1"
"34","L“‡Œ§","34212","“ŒL“‡Žs","342120065001","¼ð“y—^ŠÛˆê’š–Ú","34.427445","132.750726","0","3"
"34","L“‡Œ§","34212","“ŒL“‡Žs","342120065002","¼ð“y—^ŠÛ“ñ’š–Ú","34.431665","132.752584","0","3"
"34","L“‡Œ§","34212","“ŒL“‡Žs","342120065003","¼ð“y—^ŠÛŽO’š–Ú","34.434329","132.755969","0","3"
"34","L“‡Œ§","34212","“ŒL“‡Žs","342120065004","¼ð“y—^ŠÛŽl’š–Ú","34.431881","132.755850","0","3"
"34","L“‡Œ§","34212","“ŒL“‡Žs","342120065005","¼ð“y—^ŠÛŒÜ’š–Ú","34.429952","132.754492","0","3"
"34","L“‡Œ§","34212","“ŒL“‡Žs","342120065006","¼ð“y—^ŠÛ˜Z’š–Ú","34.425738","132.751720","0","3"
"34","L“‡Œ§","34212","“ŒL“‡Žs","342120066000","¼ð¼–{’¬","34.428809","132.737005","0","1"
"34","L“‡Œ§","34212","“ŒL“‡Žs","342120067000","¼ð“Œ–k’¬","34.432706","132.737282","0","1"
"34","L“‡Œ§","34212","“ŒL“‡Žs","342120068000","¼ð–{’¬","34.430494","132.745706","0","1"
"34","L“‡Œ§","34212","“ŒL“‡Žs","342120069001","¼ð‹gs“Œˆê’š–Ú","34.433310","132.760594","0","3"
"34","L“‡Œ§","34212","“ŒL“‡Žs","342120069002","¼ð‹gs“Œ“ñ’š–Ú","34.437061","132.765298","0","3"
"34","L“‡Œ§","34212","“ŒL“‡Žs","342120070000","Žu˜a’¬“à","34.498882","132.706693","0","1"
"34","L“‡Œ§","34212","“ŒL“‡Žs","342120071000","Žu˜a’¬‰œ‰®","34.459637","132.615404","0","1"
"34","L“‡Œ§","34212","“ŒL“‡Žs","342120072000","Žu˜a’¬Š¥","34.453520","132.642918","0","1"
"34","L“‡Œ§","34212","“ŒL“‡Žs","342120073000","Žu˜a’¬ŽµðŠ‘â","34.461168","132.662814","0","1"
"34","L“‡Œ§","34212","“ŒL“‡Žs","342120074000","Žu˜a’¬Žu˜a¼","34.488663","132.647365","0","1"
"34","L“‡Œ§","34212","“ŒL“‡Žs","342120075000","Žu˜a’¬Žu˜a“Œ","34.482263","132.685881","0","1"
"34","L“‡Œ§","34212","“ŒL“‡Žs","342120076000","Žu˜a’¬Žu˜a–x","34.513519","132.674235","0","1"
"34","L“‡Œ§","34212","“ŒL“‡Žs","342120077000","Žu˜a’¬•Ê•{","34.479983","132.624562","0","1"
"34","L“‡Œ§","34212","“ŒL“‡Žs","342120078000","Žu˜a—¬’Ê","34.467160","132.654358","0","1"
"34","L“‡Œ§","34212","“ŒL“‡Žs","342120079000","‚‰®‚¤‚ß‚Ì•Ó","34.460178","132.782240","0","1"
"34","L“‡Œ§","34212","“ŒL“‡Žs","342120080001","‚‰®‘äˆê’š–Ú","34.466563","132.832770","0","3"
"34","L“‡Œ§","34212","“ŒL“‡Žs","342120080002","‚‰®‘ä“ñ’š–Ú","34.466093","132.837415","0","3"
"34","L“‡Œ§","34212","“ŒL“‡Žs","342120081001","‚‰®‚”ü‚ª‹uˆê’š–Ú","34.457421","132.788698","0","3"
"34","L“‡Œ§","34212","“ŒL“‡Žs","342120081002","‚‰®‚”ü‚ª‹u“ñ’š–Ú","34.455734","132.790747","0","3"
"34","L“‡Œ§","34212","“ŒL“‡Žs","342120081003","‚‰®‚”ü‚ª‹uŽO’š–Ú","34.457176","132.796208","0","3"
"34","L“‡Œ§","34212","“ŒL“‡Žs","342120081004","‚‰®‚”ü‚ª‹uŽl’š–Ú","34.459891","132.793818","0","3"
"34","L“‡Œ§","34212","“ŒL“‡Žs","342120081005","‚‰®‚”ü‚ª‹uŒÜ’š–Ú","34.460736","132.790091","0","3"
"34","L“‡Œ§","34212","“ŒL“‡Žs","342120081006","‚‰®‚”ü‚ª‹u˜Z’š–Ú","34.464022","132.788204","0","3"
"34","L“‡Œ§","34212","“ŒL“‡Žs","342120081007","‚‰®‚”ü‚ª‹uŽµ’š–Ú","34.463573","132.790820","0","3"
"34","L“‡Œ§","34212","“ŒL“‡Žs","342120081008","‚‰®‚”ü‚ª‹u”ª’š–Ú","34.462959","132.793960","0","3"
"34","L“‡Œ§","34212","“ŒL“‡Žs","342120081009","‚‰®‚”ü‚ª‹u‹ã’š–Ú","34.467839","132.789095","0","3"
"34","L“‡Œ§","34212","“ŒL“‡Žs","342120082000","‚‰®’¬ˆî–Ø","34.456182","132.759295","0","1"
"34","L“‡Œ§","34212","“ŒL“‡Žs","342120083000","‚‰®’¬‘å”©","34.446443","132.775654","0","1"
"34","L“‡Œ§","34212","“ŒL“‡Žs","342120084000","‚‰®’¬‹nŒ´","34.460142","132.775217","0","1"
"34","L“‡Œ§","34212","“ŒL“‡Žs","342120085000","‚‰®’¬‹½","34.436301","132.794944","0","1"
"34","L“‡Œ§","34212","“ŒL“‡Žs","342120086000","‚‰®’¬¬’J","34.434522","132.838525","0","1"
"34","L“‡Œ§","34212","“ŒL“‡Žs","342120087000","‚‰®’¬’åd","34.477115","132.814715","0","1"
"34","L“‡Œ§","34212","“ŒL“‡Žs","342120088000","‚‰®’¬dŒ“","34.432579","132.816658","0","1"
"34","L“‡Œ§","34212","“ŒL“‡Žs","342120089000","‚‰®’¬”’Žs","34.455094","132.824215","0","1"
"34","L“‡Œ§","34212","“ŒL“‡Žs","342120090000","‚‰®’¬‘¢‰ê","34.487429","132.763147","0","1"
"34","L“‡Œ§","34212","“ŒL“‡Žs","342120091000","‚‰®’¬‚‰®“Œ","34.462555","132.820468","0","1"
"34","L“‡Œ§","34212","“ŒL“‡Žs","342120092000","‚‰®’¬‚‰®–x","34.469969","132.799976","0","1"
"34","L“‡Œ§","34212","“ŒL“‡Žs","342120093000","‚‰®’¬’†“‡","34.447028","132.789281","0","1"
"34","L“‡Œ§","34212","“ŒL“‡Žs","342120094000","‚‰®’¬•OŽR","34.439188","132.764357","0","1"
"34","L“‡Œ§","34212","“ŒL“‡Žs","342120095000","‚‰®’¬aŒû","34.430128","132.805690","0","1"
"34","L“‡Œ§","34212","“ŒL“‡Žs","342120096000","‚‰®’¬‹{—Ì","34.435963","132.781153","0","1"
"34","L“‡Œ§","34212","“ŒL“‡Žs","342120097000","“cŒûŒ¤‹†’c’n","34.387389","132.695007","0","1"
"34","L“‡Œ§","34212","“ŒL“‡Žs","342120098000","–L‰h’¬ˆÀh","34.565535","132.856725","0","1"
"34","L“‡Œ§","34212","“ŒL“‡Žs","342120099000","–L‰h’¬”Ñ“c","34.608319","132.827330","0","1"
"34","L“‡Œ§","34212","“ŒL“‡Žs","342120100000","–L‰h’¬’b–è‰®","34.564860","132.826875","0","1"
"34","L“‡Œ§","34212","“ŒL“‡Žs","342120101000","–L‰h’¬´•","34.597764","132.810724","0","1"
"34","L“‡Œ§","34212","“ŒL“‡Žs","342120102000","–L‰h’¬”\—Ç","34.537192","132.830049","0","1"
"34","L“‡Œ§","34212","“ŒL“‡Žs","342120103000","–L‰h’¬”T”ü","34.560116","132.810013","0","1"
"34","L“‡Œ§","34212","“ŒL“‡Žs","342120104000","–L‰h’¬•Ê•{","34.575888","132.795515","0","1"
"34","L“‡Œ§","34212","“ŒL“‡Žs","342120105000","–L‰h’¬‹gŒ´","34.594534","132.867677","0","1"
"34","L“‡Œ§","34212","“ŒL“‡Žs","342120106001","¼‘å‘òˆê’š–Ú","34.374654","132.726691","0","3"
"34","L“‡Œ§","34212","“ŒL“‡Žs","342120106002","¼‘å‘ò“ñ’š–Ú","34.373362","132.722086","0","3"
"34","L“‡Œ§","34212","“ŒL“‡Žs","342120107001","“ü–ì’†ŽR‘äˆê’š–Ú","34.460706","132.857742","0","3"
"34","L“‡Œ§","34212","“ŒL“‡Žs","342120107002","“ü–ì’†ŽR‘ä“ñ’š–Ú","34.456536","132.856009","0","3"
"34","L“‡Œ§","34212","“ŒL“‡Žs","342120107003","“ü–ì’†ŽR‘äŽO’š–Ú","34.455927","132.858960","0","3"
"34","L“‡Œ§","34212","“ŒL“‡Žs","342120107004","“ü–ì’†ŽR‘äŽl’š–Ú","34.452718","132.862357","0","3"
"34","L“‡Œ§","34212","“ŒL“‡Žs","342120107005","“ü–ì’†ŽR‘äŒÜ’š–Ú","34.451617","132.860343","0","3"
"34","L“‡Œ§","34212","“ŒL“‡Žs","342120108001","”ª–{¼”Ñ“cˆê’š–Ú","34.448912","132.708515","0","3"
"34","L“‡Œ§","34212","“ŒL“‡Žs","342120108002","”ª–{¼”Ñ“c“ñ’š–Ú","34.452762","132.710292","0","3"
"34","L“‡Œ§","34212","“ŒL“‡Žs","342120108003","”ª–{¼”Ñ“cŽO’š–Ú","34.458097","132.708631","0","3"
"34","L“‡Œ§","34212","“ŒL“‡Žs","342120108004","”ª–{¼”Ñ“cŽl’š–Ú","34.458193","132.704511","0","3"
"34","L“‡Œ§","34212","“ŒL“‡Žs","342120108005","”ª–{¼”Ñ“cŒÜ’š–Ú","34.457321","132.701819","0","3"
"34","L“‡Œ§","34212","“ŒL“‡Žs","342120108006","”ª–{¼”Ñ“c˜Z’š–Ú","34.452812","132.704939","0","3"
"34","L“‡Œ§","34212","“ŒL“‡Žs","342120108007","”ª–{¼”Ñ“cŽµ’š–Ú","34.450548","132.701434","0","3"
"34","L“‡Œ§","34212","“ŒL“‡Žs","342120108008","”ª–{¼”Ñ“c”ª’š–Ú","34.455166","132.700245","0","3"
"34","L“‡Œ§","34212","“ŒL“‡Žs","342120108009","”ª–{¼”Ñ“c‹ã’š–Ú","34.458185","132.697822","0","3"
"34","L“‡Œ§","34212","“ŒL“‡Žs","342120109000","”ª–{¼’¬”Ñ“c","34.439552","132.679593","0","1"
"34","L“‡Œ§","34212","“ŒL“‡Žs","342120110000","”ª–{¼’¬ŽÂ","34.472739","132.727039","0","1"
"34","L“‡Œ§","34212","“ŒL“‡Žs","342120111000","”ª–{¼’¬³—Í","34.463235","132.719842","0","1"
"34","L“‡Œ§","34212","“ŒL“‡Žs","342120112000","”ª–{¼’¬Œ´","34.417467","132.683606","0","1"
"34","L“‡Œ§","34212","“ŒL“‡Žs","342120113000","”ª–{¼’¬@‹g","34.453875","132.681748","0","1"
"34","L“‡Œ§","34212","“ŒL“‡Žs","342120114000","”ª–{¼’¬•Ä–ž","34.451781","132.719673","0","1"
"34","L“‡Œ§","34212","“ŒL“‡Žs","342120115001","”ª–{¼¼ˆê’š–Ú","34.445446","132.681405","0","3"
"34","L“‡Œ§","34212","“ŒL“‡Žs","342120115002","”ª–{¼¼“ñ’š–Ú","34.442926","132.683805","0","3"
"34","L“‡Œ§","34212","“ŒL“‡Žs","342120115003","”ª–{¼¼ŽO’š–Ú","34.443494","132.680940","0","3"
"34","L“‡Œ§","34212","“ŒL“‡Žs","342120115004","”ª–{¼¼Žl’š–Ú","34.444238","132.677843","0","3"
"34","L“‡Œ§","34212","“ŒL“‡Žs","342120115005","”ª–{¼¼ŒÜ’š–Ú","34.444816","132.674968","0","3"
"34","L“‡Œ§","34212","“ŒL“‡Žs","342120115006","”ª–{¼¼˜Z’š–Ú","34.448592","132.674990","0","3"
"34","L“‡Œ§","34212","“ŒL“‡Žs","342120115007","”ª–{¼¼Žµ’š–Ú","34.447184","132.671332","0","3"
"34","L“‡Œ§","34212","“ŒL“‡Žs","342120116001","”ª–{¼“Œˆê’š–Ú","34.443517","132.716863","0","3"
"34","L“‡Œ§","34212","“ŒL“‡Žs","342120116002","”ª–{¼“Œ“ñ’š–Ú","34.443021","132.711924","0","3"
"34","L“‡Œ§","34212","“ŒL“‡Žs","342120116003","”ª–{¼“ŒŽO’š–Ú","34.445080","132.708714","0","3"
"34","L“‡Œ§","34212","“ŒL“‡Žs","342120116004","”ª–{¼“ŒŽl’š–Ú","34.441077","132.705724","0","3"
"34","L“‡Œ§","34212","“ŒL“‡Žs","342120116005","”ª–{¼“ŒŒÜ’š–Ú","34.443525","132.702027","0","3"
"34","L“‡Œ§","34212","“ŒL“‡Žs","342120116006","”ª–{¼“Œ˜Z’š–Ú","34.446545","132.703071","0","3"
"34","L“‡Œ§","34212","“ŒL“‡Žs","342120116007","”ª–{¼“ŒŽµ’š–Ú","34.446632","132.695321","0","3"
"34","L“‡Œ§","34212","“ŒL“‡Žs","342120117001","”ª–{¼“ìˆê’š–Ú","34.443756","132.699253","0","3"
"34","L“‡Œ§","34212","“ŒL“‡Žs","342120117002","”ª–{¼“ì“ñ’š–Ú","34.440719","132.695580","0","3"
"34","L“‡Œ§","34212","“ŒL“‡Žs","342120117003","”ª–{¼“ìŽO’š–Ú","34.440033","132.700353","0","3"
"34","L“‡Œ§","34212","“ŒL“‡Žs","342120117004","”ª–{¼“ìŽl’š–Ú","34.436706","132.698821","0","3"
"34","L“‡Œ§","34212","“ŒL“‡Žs","342120117005","”ª–{¼“ìŒÜ’š–Ú","34.438243","132.695768","0","3"
"34","L“‡Œ§","34212","“ŒL“‡Žs","342120117006","”ª–{¼“ì˜Z’š–Ú","34.434346","132.696301","0","3"
"34","L“‡Œ§","34212","“ŒL“‡Žs","342120117007","”ª–{¼“ìŽµ’š–Ú","34.429492","132.696419","0","3"
"34","L“‡Œ§","34212","“ŒL“‡Žs","342120117008","”ª–{¼“ì”ª’š–Ú","34.432042","132.699909","0","3"
"34","L“‡Œ§","34212","“ŒL“‡Žs","342120118000","•Ÿ•x’¬ã’|m","34.529455","132.714514","0","1"
"34","L“‡Œ§","34212","“ŒL“‡Žs","342120119000","•Ÿ•x’¬ãŒË–ì","34.511174","132.772945","0","1"
"34","L“‡Œ§","34212","“ŒL“‡Žs","342120120000","•Ÿ•x’¬‹v–F","34.550281","132.781190","0","1"
"34","L“‡Œ§","34212","“ŒL“‡Žs","342120121000","•Ÿ•x’¬‰º’|m","34.532496","132.748433","0","1"
"34","L“‡Œ§","34212","“ŒL“‡Žs","342120122001","ŽO‰iˆê’š–Ú","34.389371","132.761422","0","3"
"34","L“‡Œ§","34212","“ŒL“‡Žs","342120122002","ŽO‰i“ñ’š–Ú","34.385630","132.760513","0","3"
"34","L“‡Œ§","34212","“ŒL“‡Žs","342120122003","ŽO‰iŽO’š–Ú","34.389427","132.765292","0","3"
"34","L“‡Œ§","34212","“ŒL“‡Žs","342120123000","¼ð’¬“cŒû","34.389345","132.719283","0","1"
"34","L“‡Œ§","34212","“ŒL“‡Žs","342120124000","”ª–{¼’¬‹gì","34.385688","132.663212","0","1"
"34","L“‡Œ§","34212","“ŒL“‡Žs","342120125000","‹gìH‹Æ’c’n","34.386060","132.682944","0","1"
"34","L“‡Œ§","34212","“ŒL“‡Žs","342120126000","Ž›‰ÆŽY‹Æ’c’n","34.434496","132.708333","0","1"
"34","L“‡Œ§","34212","“ŒL“‡Žs","342120127000","¼ð’¬Ž›‰Æ","34.434825","132.728246","0","1"
"34","L“‡Œ§","34212","“ŒL“‡Žs","342120128000","Ž›‰Æ‰w‘O","34.439100","132.723449","0","1"
"34","L“‡Œ§","34213","“ù“úŽsŽs","342130001000","óŒ´","34.338533","132.133677","0","1"
"34","L“‡Œ§","34213","“ù“úŽsŽs","342130002001","ˆ¢•iˆê’š–Ú","34.328688","132.317510","0","3"
"34","L“‡Œ§","34213","“ù“úŽsŽs","342130002002","ˆ¢•i“ñ’š–Ú","34.325033","132.313225","0","3"
"34","L“‡Œ§","34213","“ù“úŽsŽs","342130002003","ˆ¢•iŽO’š–Ú","34.320901","132.314922","0","3"
"34","L“‡Œ§","34213","“ù“úŽsŽs","342130002004","ˆ¢•iŽl’š–Ú","34.320988","132.309324","0","3"
"34","L“‡Œ§","34213","“ù“úŽsŽs","342130003001","ˆ¢•i‘äˆê’š–Ú","34.331343","132.315681","0","3"
"34","L“‡Œ§","34213","“ù“úŽsŽs","342130003002","ˆ¢•i‘ä“ñ’š–Ú","34.330077","132.312430","0","3"
"34","L“‡Œ§","34213","“ù“úŽsŽs","342130003003","ˆ¢•i‘äŽO’š–Ú","34.327298","132.308960","0","3"
"34","L“‡Œ§","34213","“ù“úŽsŽs","342130003004","ˆ¢•i‘äŽl’š–Ú","34.327786","132.306893","0","3"
"34","L“‡Œ§","34213","“ù“úŽsŽs","342130003005","ˆ¢•i‘äŒÜ’š–Ú","34.329369","132.305586","0","3"
"34","L“‡Œ§","34213","“ù“úŽsŽs","342130004000","ˆ¢•i‘ä–k","34.332697","132.305041","0","1"
"34","L“‡Œ§","34213","“ù“úŽsŽs","342130005000","ˆ¢•i‘ä¼","34.325584","132.303949","0","1"
"34","L“‡Œ§","34213","“ù“úŽsŽs","342130006000","ˆ¢•i‘ä“Œ","34.333124","132.310158","0","1"
"34","L“‡Œ§","34213","“ù“úŽsŽs","342130007000","ˆ¢•i‘äŽR‚ÌŽè","34.322595","132.301446","0","1"
"34","L“‡Œ§","34213","“ù“úŽsŽs","342130008000","”ÑŽR","34.414870","132.099674","0","1"
"34","L“‡Œ§","34213","“ù“úŽsŽs","342130009001","”~Œ´ˆê’š–Ú","34.283946","132.275132","0","3"
"34","L“‡Œ§","34213","“ù“úŽsŽs","342130009002","”~Œ´“ñ’š–Ú","34.283265","132.272691","0","3"
"34","L“‡Œ§","34213","“ù“úŽsŽs","342130010000","‰w‘O","34.357639","132.336232","0","1"
"34","L“‡Œ§","34213","“ù“úŽsŽs","342130011000","‘å–ì","34.302474","132.201304","0","1"
"34","L“‡Œ§","34213","“ù“úŽsŽs","342130012001","‘å–ìˆê’š–Ú","34.286812","132.275945","0","3"
"34","L“‡Œ§","34213","“ù“úŽsŽs","342130012002","‘å–ì“ñ’š–Ú","34.285513","132.279164","0","3"
"34","L“‡Œ§","34213","“ù“úŽsŽs","342130013001","‘å–ì’†‰›ˆê’š–Ú","34.288047","132.275476","0","3"
"34","L“‡Œ§","34213","“ù“úŽsŽs","342130013002","‘å–ì’†‰›“ñ’š–Ú","34.290030","132.275520","0","3"
"34","L“‡Œ§","34213","“ù“úŽsŽs","342130013003","‘å–ì’†‰›ŽO’š–Ú","34.289397","132.272625","0","3"
"34","L“‡Œ§","34213","“ù“úŽsŽs","342130013004","‘å–ì’†‰›Žl’š–Ú","34.292288","132.272104","0","3"
"34","L“‡Œ§","34213","“ù“úŽsŽs","342130013005","‘å–ì’†‰›ŒÜ’š–Ú","34.293292","132.273953","0","3"
"34","L“‡Œ§","34213","“ù“úŽsŽs","342130014001","‘å–ìŒ´ˆê’š–Ú","34.286583","132.270235","0","3"
"34","L“‡Œ§","34213","“ù“úŽsŽs","342130014002","‘å–ìŒ´“ñ’š–Ú","34.288570","132.270161","0","3"
"34","L“‡Œ§","34213","“ù“úŽsŽs","342130014003","‘å–ìŒ´ŽO’š–Ú","34.288411","132.267160","0","3"
"34","L“‡Œ§","34213","“ù“úŽsŽs","342130014004","‘å–ìŒ´Žl’š–Ú","34.292865","132.269825","0","3"
"34","L“‡Œ§","34213","“ù“úŽsŽs","342130015000","‘å“Œ","34.359135","132.341072","0","1"
"34","L“‡Œ§","34213","“ù“úŽsŽs","342130016001","‰«‰–‰®ˆê’š–Ú","34.284207","132.266819","0","3"
"34","L“‡Œ§","34213","“ù“úŽsŽs","342130016002","‰«‰–‰®“ñ’š–Ú","34.283497","132.268817","0","3"
"34","L“‡Œ§","34213","“ù“úŽsŽs","342130016003","‰«‰–‰®ŽO’š–Ú","34.280379","132.268280","0","3"
"34","L“‡Œ§","34213","“ù“úŽsŽs","342130016004","‰«‰–‰®Žl’š–Ú","34.280364","132.271040","0","3"
"34","L“‡Œ§","34213","“ù“úŽsŽs","342130017000","‰Âˆ¤","34.353306","132.332475","0","1"
"34","L“‡Œ§","34213","“ù“úŽsŽs","342130018001","ã‚Ì•lˆê’š–Ú","34.292005","132.281480","0","3"
"34","L“‡Œ§","34213","“ù“úŽsŽs","342130018002","ã‚Ì•l“ñ’š–Ú","34.294294","132.286127","0","3"
"34","L“‡Œ§","34213","“ù“úŽsŽs","342130019000","ã•½—Ç","34.367464","132.315007","0","1"
"34","L“‡Œ§","34213","“ù“úŽsŽs","342130020000","‰Í’ÃŒ´","34.368797","132.208309","0","1"
"34","L“‡Œ§","34213","“ù“úŽsŽs","342130021001","‹øŒËˆê’š–Ú","34.345655","132.329068","0","3"
"34","L“‡Œ§","34213","“ù“úŽsŽs","342130021002","‹øŒË“ñ’š–Ú","34.347748","132.326905","0","3"
"34","L“‡Œ§","34213","“ù“úŽsŽs","342130021003","‹øŒËŽO’š–Ú","34.349085","132.325258","0","3"
"34","L“‡Œ§","34213","“ù“úŽsŽs","342130021004","‹øŒËŽl’š–Ú","34.349395","132.322645","0","3"
"34","L“‡Œ§","34213","“ù“úŽsŽs","342130021005","‹øŒËŒÜ’š–Ú","34.348421","132.319830","0","3"
"34","L“‡Œ§","34213","“ù“úŽsŽs","342130021006","‹øŒË˜Z’š–Ú","34.352213","132.322595","0","3"
"34","L“‡Œ§","34213","“ù“úŽsŽs","342130022000","‹è“‡","34.403534","132.237901","0","1"
"34","L“‡Œ§","34213","“ù“úŽsŽs","342130023000","ŒI²","34.384679","132.122817","0","1"
"34","L“‡Œ§","34213","“ù“úŽsŽs","342130024000","²•û","34.370067","132.328247","0","1"
"34","L“‡Œ§","34213","“ù“úŽsŽs","342130025001","²•ûˆê’š–Ú","34.363832","132.339948","0","3"
"34","L“‡Œ§","34213","“ù“úŽsŽs","342130025002","²•û“ñ’š–Ú","34.365555","132.336825","0","3"
"34","L“‡Œ§","34213","“ù“úŽsŽs","342130025003","²•ûŽO’š–Ú","34.366392","132.339918","0","3"
"34","L“‡Œ§","34213","“ù“úŽsŽs","342130025004","²•ûŽl’š–Ú","34.365863","132.343248","0","3"
"34","L“‡Œ§","34213","“ù“úŽsŽs","342130026000","²•û–{’¬","34.360716","132.343009","0","1"
"34","L“‡Œ§","34213","“ù“úŽsŽs","342130027001","÷”öˆê’š–Ú","34.354573","132.341319","0","3"
"34","L“‡Œ§","34213","“ù“úŽsŽs","342130027002","÷”ö“ñ’š–Ú","34.355103","132.344236","0","3"
"34","L“‡Œ§","34213","“ù“úŽsŽs","342130027003","÷”öŽO’š–Ú","34.356369","132.345833","0","3"
"34","L“‡Œ§","34213","“ù“úŽsŽs","342130028000","÷”ö–{’¬","34.357390","132.342296","0","1"
"34","L“‡Œ§","34213","“ù“úŽsŽs","342130029000","ŽR—z‰€","34.363052","132.341467","0","1"
"34","L“‡Œ§","34213","“ù“úŽsŽs","342130030001","‰–‰®ˆê’š–Ú","34.285296","132.264803","0","3"
"34","L“‡Œ§","34213","“ù“úŽsŽs","342130030002","‰–‰®“ñ’š–Ú","34.282722","132.262614","0","3"
"34","L“‡Œ§","34213","“ù“úŽsŽs","342130031001","Žl‹G‚ª‹uˆê’š–Ú","34.350835","132.296369","0","3"
"34","L“‡Œ§","34213","“ù“úŽsŽs","342130031002","Žl‹G‚ª‹u“ñ’š–Ú","34.351959","132.293465","0","3"
"34","L“‡Œ§","34213","“ù“úŽsŽs","342130031003","Žl‹G‚ª‹uŽO’š–Ú","34.350050","132.290108","0","3"
"34","L“‡Œ§","34213","“ù“úŽsŽs","342130031004","Žl‹G‚ª‹uŽl’š–Ú","34.349320","132.292955","0","3"
"34","L“‡Œ§","34213","“ù“úŽsŽs","342130031005","Žl‹G‚ª‹uŒÜ’š–Ú","34.348918","132.295621","0","3"
"34","L“‡Œ§","34213","“ù“úŽsŽs","342130031006","Žl‹G‚ª‹u˜Z’š–Ú","34.346594","132.294772","0","3"
"34","L“‡Œ§","34213","“ù“úŽsŽs","342130031007","Žl‹G‚ª‹uŽµ’š–Ú","34.347047","132.292228","0","3"
"34","L“‡Œ§","34213","“ù“úŽsŽs","342130031008","Žl‹G‚ª‹u”ª’š–Ú","34.347029","132.289557","0","3"
"34","L“‡Œ§","34213","“ù“úŽsŽs","342130031009","Žl‹G‚ª‹u‹ã’š–Ú","34.345226","132.292897","0","3"
"34","L“‡Œ§","34213","“ù“úŽsŽs","342130031010","Žl‹G‚ª‹u\’š–Ú","34.343145","132.294318","0","3"
"34","L“‡Œ§","34213","“ù“úŽsŽs","342130031011","Žl‹G‚ª‹u\ˆê’š–Ú","34.343964","132.297640","0","3"
"34","L“‡Œ§","34213","“ù“úŽsŽs","342130032000","Žl‹G‚ª‹uã","34.347501","132.286374","0","1"
"34","L“‡Œ§","34213","“ù“úŽsŽs","342130033000","’nŒä‘O","34.332174","132.301332","0","1"
"34","L“‡Œ§","34213","“ù“úŽsŽs","342130034001","’nŒä‘Oˆê’š–Ú","34.343113","132.323773","0","3"
"34","L“‡Œ§","34213","“ù“úŽsŽs","342130034002","’nŒä‘O“ñ’š–Ú","34.344466","132.319770","0","3"
"34","L“‡Œ§","34213","“ù“úŽsŽs","342130034003","’nŒä‘OŽO’š–Ú","34.341097","132.317891","0","3"
"34","L“‡Œ§","34213","“ù“úŽsŽs","342130034004","’nŒä‘OŽl’š–Ú","34.336001","132.317102","0","3"
"34","L“‡Œ§","34213","“ù“úŽsŽs","342130034005","’nŒä‘OŒÜ’š–Ú","34.332718","132.319859","0","3"
"34","L“‡Œ§","34213","“ù“úŽsŽs","342130035001","’nŒä‘O–kˆê’š–Ú","34.344008","132.314293","0","3"
"34","L“‡Œ§","34213","“ù“úŽsŽs","342130035002","’nŒä‘O–k“ñ’š–Ú","34.342495","132.311152","0","3"
"34","L“‡Œ§","34213","“ù“úŽsŽs","342130035003","’nŒä‘O–kŽO’š–Ú","34.339713","132.312567","0","3"
"34","L“‡Œ§","34213","“ù“úŽsŽs","342130036000","‰º‚Ì•l","34.290639","132.278098","0","1"
"34","L“‡Œ§","34213","“ù“úŽsŽs","342130037000","‰º•½—Ç","34.362835","132.325424","0","1"
"34","L“‡Œ§","34213","“ù“úŽsŽs","342130038001","‰º•½—Çˆê’š–Ú","34.349061","132.332563","0","3"
"34","L“‡Œ§","34213","“ù“úŽsŽs","342130038002","‰º•½—Ç“ñ’š–Ú","34.345974","132.334506","0","3"
"34","L“‡Œ§","34213","“ù“úŽsŽs","342130039001","é“àˆê’š–Ú","34.359875","132.338797","0","3"
"34","L“‡Œ§","34213","“ù“úŽsŽs","342130039002","é“à“ñ’š–Ú","34.361078","132.338091","0","3"
"34","L“‡Œ§","34213","“ù“úŽsŽs","342130039003","é“àŽO’š–Ú","34.362099","132.336909","0","3"
"34","L“‡Œ§","34213","“ù“úŽsŽs","342130040001","V‹{ˆê’š–Ú","34.351412","132.330874","0","3"
"34","L“‡Œ§","34213","“ù“úŽsŽs","342130040002","V‹{“ñ’š–Ú","34.352425","132.327327","0","3"
"34","L“‡Œ§","34213","“ù“úŽsŽs","342130041000","{‰ê","34.354117","132.333942","0","1"
"34","L“‡Œ§","34213","“ù“úŽsŽs","342130042001","Z‹gˆê’š–Ú","34.352701","132.338872","0","3"
"34","L“‡Œ§","34213","“ù“úŽsŽs","342130042002","Z‹g“ñ’š–Ú","34.348888","132.338200","0","3"
"34","L“‡Œ§","34213","“ù“úŽsŽs","342130043001","‘ÎŒµŽRˆê’š–Ú","34.312920","132.294752","0","3"
"34","L“‡Œ§","34213","“ù“úŽsŽs","342130043002","‘ÎŒµŽR“ñ’š–Ú","34.315344","132.297414","0","3"
"34","L“‡Œ§","34213","“ù“úŽsŽs","342130043003","‘ÎŒµŽRŽO’š–Ú","34.315218","132.294645","0","3"
"34","L“‡Œ§","34213","“ù“úŽsŽs","342130044000","’Ã“c","34.370487","132.175845","0","1"
"34","L“‡Œ§","34213","“ù“úŽsŽs","342130045000","“V_","34.356313","132.338576","0","1"
"34","L“‡Œ§","34213","“ù“úŽsŽs","342130046000","“»","34.353172","132.236154","0","1"
"34","L“‡Œ§","34213","“ù“úŽsŽs","342130047000","—F“c","34.352216","132.211916","0","1"
"34","L“‡Œ§","34213","“ù“úŽsŽs","342130048000","‰iŒ´","34.374780","132.238353","0","1"
"34","L“‡Œ§","34213","“ù“úŽsŽs","342130049000","’†“¹","34.375129","132.089202","0","1"
"34","L“‡Œ§","34213","“ù“úŽsŽs","342130050001","“ù“úŽsˆê’š–Ú","34.354876","132.335166","0","3"
"34","L“‡Œ§","34213","“ù“úŽsŽs","342130050002","“ù“úŽs“ñ’š–Ú","34.355600","132.336678","0","3"
"34","L“‡Œ§","34213","“ù“úŽsŽs","342130051001","”ªâˆê’š–Ú","34.269595","132.246435","0","3"
"34","L“‡Œ§","34213","“ù“úŽsŽs","342130051002","”ªâ“ñ’š–Ú","34.267751","132.243842","0","3"
"34","L“‡Œ§","34213","“ù“úŽsŽs","342130052001","—Ñ‚ªŒ´ˆê’š–Ú","34.278412","132.263054","0","3"
"34","L“‡Œ§","34213","“ù“úŽsŽs","342130052002","—Ñ‚ªŒ´“ñ’š–Ú","34.279318","132.261281","0","3"
"34","L“‡Œ§","34213","“ù“úŽsŽs","342130053000","Œ´","34.390712","132.309866","0","1"
"34","L“‡Œ§","34213","“ù“úŽsŽs","342130054001","[]ˆê’š–Ú","34.306429","132.296212","0","3"
"34","L“‡Œ§","34213","“ù“úŽsŽs","342130054002","[]“ñ’š–Ú","34.308847","132.294325","0","3"
"34","L“‡Œ§","34213","“ù“úŽsŽs","342130054003","[]ŽO’š–Ú","34.309543","132.296699","0","3"
"34","L“‡Œ§","34213","“ù“úŽsŽs","342130055001","•Ÿ–Êˆê’š–Ú","34.317582","132.296192","0","3"
"34","L“‡Œ§","34213","“ù“úŽsŽs","342130055002","•Ÿ–Ê“ñ’š–Ú","34.320430","132.298953","0","3"
"34","L“‡Œ§","34213","“ù“úŽsŽs","342130055003","•Ÿ–ÊŽO’š–Ú","34.323063","132.299513","0","3"
"34","L“‡Œ§","34213","“ù“úŽsŽs","342130056001","•½—Çˆê’š–Ú","34.357584","132.327544","0","3"
"34","L“‡Œ§","34213","“ù“úŽsŽs","342130056002","•½—Ç“ñ’š–Ú","34.354382","132.326189","0","3"
"34","L“‡Œ§","34213","“ù“úŽsŽs","342130057000","•½—ÇŽRŽè","34.358156","132.333639","0","1"
"34","L“‡Œ§","34213","“ù“úŽsŽs","342130058000","–{’¬","34.351013","132.334963","0","1"
"34","L“‡Œ§","34213","“ù“úŽsŽs","342130059001","‘O‹óˆê’š–Ú","34.300157","132.286337","0","3"
"34","L“‡Œ§","34213","“ù“úŽsŽs","342130059002","‘O‹ó“ñ’š–Ú","34.300758","132.287332","0","3"
"34","L“‡Œ§","34213","“ù“úŽsŽs","342130059003","‘O‹óŽO’š–Ú","34.302476","132.283396","0","3"
"34","L“‡Œ§","34213","“ù“úŽsŽs","342130059004","‘O‹óŽl’š–Ú","34.303895","132.285400","0","3"
"34","L“‡Œ§","34213","“ù“úŽsŽs","342130059005","‘O‹óŒÜ’š–Ú","34.302102","132.289292","0","3"
"34","L“‡Œ§","34213","“ù“úŽsŽs","342130059006","‘O‹ó˜Z’š–Ú","34.305189","132.287625","0","3"
"34","L“‡Œ§","34213","“ù“úŽsŽs","342130060001","ŠÛÎˆê’š–Ú","34.276498","132.262712","0","3"
"34","L“‡Œ§","34213","“ù“úŽsŽs","342130060002","ŠÛÎ“ñ’š–Ú","34.274483","132.263208","0","3"
"34","L“‡Œ§","34213","“ù“úŽsŽs","342130060003","ŠÛÎŽO’š–Ú","34.274893","132.259513","0","3"
"34","L“‡Œ§","34213","“ù“úŽsŽs","342130060004","ŠÛÎŽl’š–Ú","34.276255","132.258136","0","3"
"34","L“‡Œ§","34213","“ù“úŽsŽs","342130060005","ŠÛÎŒÜ’š–Ú","34.278099","132.257919","0","3"
"34","L“‡Œ§","34213","“ù“úŽsŽs","342130061001","•ô‚ˆê’š–Ú","34.352459","132.318649","0","3"
"34","L“‡Œ§","34213","“ù“úŽsŽs","342130061002","•ô‚“ñ’š–Ú","34.352168","132.316052","0","3"
"34","L“‡Œ§","34213","“ù“úŽsŽs","342130062000","‹{“à","34.352864","132.273663","0","1"
"34","L“‡Œ§","34213","“ù“úŽsŽs","342130063001","‹{“àˆê’š–Ú","34.350849","132.318619","0","3"
"34","L“‡Œ§","34213","“ù“úŽsŽs","342130063002","‹{“à“ñ’š–Ú","34.347716","132.315559","1","3"
"34","L“‡Œ§","34213","“ù“úŽsŽs","342130063003","‹{“àŽO’š–Ú","34.346967","132.311112","1","3"
"34","L“‡Œ§","34213","“ù“úŽsŽs","342130063004","‹{“àŽl’š–Ú","34.350894","132.312992","0","3"
"34","L“‡Œ§","34213","“ù“úŽsŽs","342130064000","‹{“àH‹Æ’c’n","34.335621","132.298013","0","1"
"34","L“‡Œ§","34213","“ù“úŽsŽs","342130065001","‹{“‡Œûˆê’š–Ú","34.312626","132.304244","3","3"
"34","L“‡Œ§","34213","“ù“úŽsŽs","342130065002","‹{“‡Œû“ñ’š–Ú","34.312816","132.301368","0","3"
"34","L“‡Œ§","34213","“ù“úŽsŽs","342130065003","‹{“‡ŒûŽO’š–Ú","34.315188","132.303547","0","3"
"34","L“‡Œ§","34213","“ù“úŽsŽs","342130065004","‹{“‡ŒûŽl’š–Ú","34.317357","132.307370","0","3"
"34","L“‡Œ§","34213","“ù“úŽsŽs","342130066001","‹{“‡Œûãˆê’š–Ú","34.316059","132.299500","0","3"
"34","L“‡Œ§","34213","“ù“úŽsŽs","342130066002","‹{“‡Œûã“ñ’š–Ú","34.317514","132.301299","0","3"
"34","L“‡Œ§","34213","“ù“úŽsŽs","342130067001","‹{“‡Œû¼ˆê’š–Ú","34.306479","132.299416","0","3"
"34","L“‡Œ§","34213","“ù“úŽsŽs","342130067002","‹{“‡Œû¼“ñ’š–Ú","34.309446","132.299078","0","3"
"34","L“‡Œ§","34213","“ù“úŽsŽs","342130067003","‹{“‡Œû¼ŽO’š–Ú","34.312639","132.298743","0","3"
"34","L“‡Œ§","34213","“ù“úŽsŽs","342130068001","‹{“‡Œû“Œˆê’š–Ú","34.318591","132.305619","0","3"
"34","L“‡Œ§","34213","“ù“úŽsŽs","342130068002","‹{“‡Œû“Œ“ñ’š–Ú","34.319789","132.302844","0","3"
"34","L“‡Œ§","34213","“ù“úŽsŽs","342130068003","‹{“‡Œû“ŒŽO’š–Ú","34.320992","132.304094","0","3"
"34","L“‡Œ§","34213","“ù“úŽsŽs","342130069000","‹{“‡’¬","34.272605","132.309988","0","1"
"34","L“‡Œ§","34213","“ù“úŽsŽs","342130070001","‹{‰€ˆê’š–Ú","34.354905","132.304863","0","3"
"34","L“‡Œ§","34213","“ù“úŽsŽs","342130070002","‹{‰€“ñ’š–Ú","34.351595","132.307844","0","3"
"34","L“‡Œ§","34213","“ù“úŽsŽs","342130070003","‹{‰€ŽO’š–Ú","34.353966","132.302970","0","3"
"34","L“‡Œ§","34213","“ù“úŽsŽs","342130070004","‹{‰€Žl’š–Ú","34.352458","132.300138","0","3"
"34","L“‡Œ§","34213","“ù“úŽsŽs","342130070005","‹{‰€ŒÜ’š–Ú","34.351937","132.302971","0","3"
"34","L“‡Œ§","34213","“ù“úŽsŽs","342130070006","‹{‰€˜Z’š–Ú","34.350040","132.305719","0","3"
"34","L“‡Œ§","34213","“ù“úŽsŽs","342130070007","‹{‰€Žµ’š–Ú","34.348732","132.303757","0","3"
"34","L“‡Œ§","34213","“ù“úŽsŽs","342130070008","‹{‰€”ª’š–Ú","34.350466","132.301857","0","3"
"34","L“‡Œ§","34213","“ù“úŽsŽs","342130070009","‹{‰€‹ã’š–Ú","34.349489","132.300244","0","3"
"34","L“‡Œ§","34213","“ù“úŽsŽs","342130071001","‹{‰€ãˆê’š–Ú","34.355710","132.299752","0","3"
"34","L“‡Œ§","34213","“ù“úŽsŽs","342130071002","‹{‰€ã“ñ’š–Ú","34.354209","132.298308","0","3"
"34","L“‡Œ§","34213","“ù“úŽsŽs","342130071003","‹{‰€ãŽO’š–Ú","34.353601","132.294950","0","3"
"34","L“‡Œ§","34213","“ù“úŽsŽs","342130071004","‹{‰€ãŽl’š–Ú","34.352747","132.297413","0","3"
"34","L“‡Œ§","34213","“ù“úŽsŽs","342130071005","‹{‰€ãŒÜ’š–Ú","34.351720","132.296920","0","3"
"34","L“‡Œ§","34213","“ù“úŽsŽs","342130072001","‹{•l‰·òˆê’š–Ú","34.273236","132.255858","0","3"
"34","L“‡Œ§","34213","“ù“úŽsŽs","342130072002","‹{•l‰·ò“ñ’š–Ú","34.270475","132.253123","0","3"
"34","L“‡Œ§","34213","“ù“úŽsŽs","342130072003","‹{•l‰·òŽO’š–Ú","34.273824","132.252445","0","3"
"34","L“‡Œ§","34213","“ù“úŽsŽs","342130073000","’ŽŠŽR","34.421171","132.163186","0","1"
"34","L“‡Œ§","34213","“ù“úŽsŽs","342130074000","–ØÞ`–k","34.349885","132.344103","0","1"
"34","L“‡Œ§","34213","“ù“úŽsŽs","342130075000","–ØÞ`“ì","34.341524","132.341163","0","1"
"34","L“‡Œ§","34213","“ù“úŽsŽs","342130076001","•¨Œ©¼ˆê’š–Ú","34.295322","132.284757","0","3"
"34","L“‡Œ§","34213","“ù“úŽsŽs","342130076002","•¨Œ©¼“ñ’š–Ú","34.295918","132.282007","0","3"
"34","L“‡Œ§","34213","“ù“úŽsŽs","342130076003","•¨Œ©¼ŽO’š–Ú","34.296175","132.279583","0","3"
"34","L“‡Œ§","34213","“ù“úŽsŽs","342130077001","•¨Œ©“Œˆê’š–Ú","34.298490","132.285371","0","3"
"34","L“‡Œ§","34213","“ù“úŽsŽs","342130077002","•¨Œ©“Œ“ñ’š–Ú","34.299572","132.281618","0","3"
"34","L“‡Œ§","34213","“ù“úŽsŽs","342130078001","—zŒõ‘äˆê’š–Ú","34.353421","132.313342","0","3"
"34","L“‡Œ§","34213","“ù“úŽsŽs","342130078002","—zŒõ‘ä“ñ’š–Ú","34.353032","132.310495","0","3"
"34","L“‡Œ§","34213","“ù“úŽsŽs","342130078003","—zŒõ‘äŽO’š–Ú","34.355323","132.311633","0","3"
"34","L“‡Œ§","34213","“ù“úŽsŽs","342130078004","—zŒõ‘äŽl’š–Ú","34.355032","132.308402","0","3"
"34","L“‡Œ§","34213","“ù“úŽsŽs","342130078005","—zŒõ‘äŒÜ’š–Ú","34.357341","132.305639","0","3"
"34","L“‡Œ§","34213","“ù“úŽsŽs","342130079000","‹g˜a","34.505102","132.111692","0","1"
"34","L“‡Œ§","34213","“ù“úŽsŽs","342130080001","˜Z–{¼ˆê’š–Ú","34.343409","132.308400","0","3"
"34","L“‡Œ§","34213","“ù“úŽsŽs","342130080002","˜Z–{¼“ñ’š–Ú","34.342508","132.305302","0","3"
"34","L“‡Œ§","34214","ˆÀŒ|‚“cŽs","342140001000","b“c’¬ó’Ë","34.712147","132.722066","0","1"
"34","L“‡Œ§","34214","ˆÀŒ|‚“cŽs","342140002000","b“c’¬ã¬Œ´","34.659081","132.759953","0","1"
"34","L“‡Œ§","34214","ˆÀŒ|‚“cŽs","342140003000","b“c’¬ãb—§","34.705814","132.745088","0","1"
"34","L“‡Œ§","34214","ˆÀŒ|‚“cŽs","342140004000","b“c’¬‰º¬Œ´","34.675242","132.749169","0","1"
"34","L“‡Œ§","34214","ˆÀŒ|‚“cŽs","342140005000","b“c’¬‰ºb—§","34.717397","132.760581","0","1"
"34","L“‡Œ§","34214","ˆÀŒ|‚“cŽs","342140006000","b“c’¬âò’n","34.734995","132.742436","0","1"
"34","L“‡Œ§","34214","ˆÀŒ|‚“cŽs","342140007000","b“c’¬‚“cŒ´","34.679728","132.794865","0","1"
"34","L“‡Œ§","34214","ˆÀŒ|‚“cŽs","342140008000","b“c’¬[£","34.739892","132.766284","0","1"
"34","L“‡Œ§","34214","ˆÀŒ|‚“cŽs","342140009000","‚‹{’¬ìª","34.820373","132.663066","0","1"
"34","L“‡Œ§","34214","ˆÀŒ|‚“cŽs","342140010000","‚‹{’¬—ˆ—–Ø","34.757560","132.671612","0","1"
"34","L“‡Œ§","34214","ˆÀŒ|‚“cŽs","342140011000","‚‹{’¬²X•”","34.785996","132.715687","0","1"
"34","L“‡Œ§","34214","ˆÀŒ|‚“cŽs","342140012000","‚‹{’¬‰H²’|","34.776887","132.692339","0","1"
"34","L“‡Œ§","34214","ˆÀŒ|‚“cŽs","342140013000","‚‹{’¬Œ´“c","34.733866","132.699672","0","1"
"34","L“‡Œ§","34214","ˆÀŒ|‚“cŽs","342140014000","‚‹{’¬‘D–Ø","34.781099","132.754066","0","1"
"34","L“‡Œ§","34214","ˆÀŒ|‚“cŽs","342140015000","‚‹{’¬–[Œã","34.753640","132.733208","0","1"
"34","L“‡Œ§","34214","ˆÀŒ|‚“cŽs","342140016000","”ü“y—¢’¬¶“c","34.804141","132.588063","0","1"
"34","L“‡Œ§","34214","ˆÀŒ|‚“cŽs","342140017000","”ü“y—¢’¬–k","34.766966","132.641337","0","1"
"34","L“‡Œ§","34214","ˆÀŒ|‚“cŽs","342140018000","”ü“y—¢’¬ŒK“c","34.757006","132.586750","0","1"
"34","L“‡Œ§","34214","ˆÀŒ|‚“cŽs","342140019000","”ü“y—¢’¬–{‹½","34.715157","132.612542","0","1"
"34","L“‡Œ§","34214","ˆÀŒ|‚“cŽs","342140020000","”ü“y—¢’¬‰¡“c","34.721343","132.661363","0","1"
"34","L“‡Œ§","34214","ˆÀŒ|‚“cŽs","342140021000","ŒüŒ´’¬—L—¯","34.564727","132.698460","0","1"
"34","L“‡Œ§","34214","ˆÀŒ|‚“cŽs","342140022000","ŒüŒ´’¬â","34.606417","132.755413","0","1"
"34","L“‡Œ§","34214","ˆÀŒ|‚“cŽs","342140023000","ŒüŒ´’¬ŒË“‡","34.632243","132.722124","0","1"
"34","L“‡Œ§","34214","ˆÀŒ|‚“cŽs","342140024000","ŒüŒ´’¬’·“c","34.604231","132.698984","0","1"
"34","L“‡Œ§","34214","ˆÀŒ|‚“cŽs","342140025000","ŒüŒ´’¬•ÛŠ_","34.572037","132.727197","0","1"
"34","L“‡Œ§","34214","ˆÀŒ|‚“cŽs","342140026000","”ªç‘ã’¬Ÿ“c","34.618559","132.627566","0","1"
"34","L“‡Œ§","34214","ˆÀŒ|‚“cŽs","342140027000","”ªç‘ã’¬ãª","34.586579","132.592034","0","1"
"34","L“‡Œ§","34214","ˆÀŒ|‚“cŽs","342140028000","”ªç‘ã’¬²Xˆä","34.623628","132.595609","0","1"
"34","L“‡Œ§","34214","ˆÀŒ|‚“cŽs","342140029000","”ªç‘ã’¬‰ºª","34.606629","132.587194","0","1"
"34","L“‡Œ§","34214","ˆÀŒ|‚“cŽs","342140030000","”ªç‘ã’¬“yŽt","34.656683","132.608064","0","1"
"34","L“‡Œ§","34214","ˆÀŒ|‚“cŽs","342140031000","”ªç‘ã’¬ŒüŽR","34.582345","132.560840","0","1"
"34","L“‡Œ§","34214","ˆÀŒ|‚“cŽs","342140032000","‹g“c’¬‘Š‡","34.688799","132.687605","0","1"
"34","L“‡Œ§","34214","ˆÀŒ|‚“cŽs","342140033000","‹g“c’¬¬ŽR","34.629234","132.681618","0","1"
"34","L“‡Œ§","34214","ˆÀŒ|‚“cŽs","342140034000","‹g“c’¬Œj","34.633924","132.655076","0","1"
"34","L“‡Œ§","34214","ˆÀŒ|‚“cŽs","342140035000","‹g“c’¬ã“ü]","34.613857","132.641321","0","1"
"34","L“‡Œ§","34214","ˆÀŒ|‚“cŽs","342140036000","‹g“c’¬ì–{","34.644104","132.664229","0","1"
"34","L“‡Œ§","34214","ˆÀŒ|‚“cŽs","342140037000","‹g“c’¬‘Ži","34.653359","132.702965","0","1"
"34","L“‡Œ§","34214","ˆÀŒ|‚“cŽs","342140038000","‹g“c’¬‚–ì","34.641185","132.649473","0","1"
"34","L“‡Œ§","34214","ˆÀŒ|‚“cŽs","342140039000","‹g“c’¬‰º“ü]","34.614814","132.658869","0","1"
"34","L“‡Œ§","34214","ˆÀŒ|‚“cŽs","342140040000","‹g“c’¬íŠyŽ›","34.660214","132.676855","0","1"
"34","L“‡Œ§","34214","ˆÀŒ|‚“cŽs","342140041000","‹g“c’¬’|Œ´","34.647690","132.685280","0","1"
"34","L“‡Œ§","34214","ˆÀŒ|‚“cŽs","342140042000","‹g“c’¬‘½Ž¡”ä","34.688445","132.647011","0","1"
"34","L“‡Œ§","34214","ˆÀŒ|‚“cŽs","342140043000","‹g“c’¬’†”n","34.660264","132.642833","0","1"
"34","L“‡Œ§","34214","ˆÀŒ|‚“cŽs","342140044000","‹g“c’¬í—F","34.656631","132.690035","0","1"
"34","L“‡Œ§","34214","ˆÀŒ|‚“cŽs","342140045000","‹g“c’¬’·‰®","34.640823","132.635757","0","1"
"34","L“‡Œ§","34214","ˆÀŒ|‚“cŽs","342140046000","‹g“c’¬¼‰Y","34.668139","132.667684","0","1"
"34","L“‡Œ§","34214","ˆÀŒ|‚“cŽs","342140047000","‹g“c’¬•ŸŒ´","34.638552","132.671209","0","1"
"34","L“‡Œ§","34214","ˆÀŒ|‚“cŽs","342140048000","‹g“c’¬ŽRŽè","34.655483","132.669367","0","1"
"34","L“‡Œ§","34214","ˆÀŒ|‚“cŽs","342140049000","‹g“c’¬ŽR•”","34.684256","132.705032","0","1"
"34","L“‡Œ§","34214","ˆÀŒ|‚“cŽs","342140050000","‹g“c’¬‹g“c","34.676745","132.719367","0","1"
"34","L“‡Œ§","34215","]“c“‡Žs","342150001000","]“c“‡’¬","34.267325","132.475607","0","1"
"34","L“‡Œ§","34215","]“c“‡Žs","342150002001","]“c“‡’¬HŒŽˆê’š–Ú","34.237900","132.493517","0","3"
"34","L“‡Œ§","34215","]“c“‡Žs","342150002002","]“c“‡’¬HŒŽ“ñ’š–Ú","34.229955","132.490562","0","3"
"34","L“‡Œ§","34215","]“c“‡Žs","342150002003","]“c“‡’¬HŒŽŽO’š–Ú","34.219150","132.489137","0","3"
"34","L“‡Œ§","34215","]“c“‡Žs","342150002004","]“c“‡’¬HŒŽŽl’š–Ú","34.206816","132.489553","0","3"
"34","L“‡Œ§","34215","]“c“‡Žs","342150003001","]“c“‡’¬‘å{ˆê’š–Ú","34.286450","132.439996","0","3"
"34","L“‡Œ§","34215","]“c“‡Žs","342150003002","]“c“‡’¬‘å{“ñ’š–Ú","34.283531","132.435687","0","3"
"34","L“‡Œ§","34215","]“c“‡Žs","342150004001","]“c“‡’¬Ø‹øˆê’š–Ú","34.288269","132.481606","0","3"
"34","L“‡Œ§","34215","]“c“‡Žs","342150004002","]“c“‡’¬Ø‹ø“ñ’š–Ú","34.277471","132.479807","0","3"
"34","L“‡Œ§","34215","]“c“‡Žs","342150004003","]“c“‡’¬Ø‹øŽO’š–Ú","34.280553","132.476258","0","3"
"34","L“‡Œ§","34215","]“c“‡Žs","342150004004","]“c“‡’¬Ø‹øŽl’š–Ú","34.285219","132.468209","0","3"
"34","L“‡Œ§","34215","]“c“‡Žs","342150004005","]“c“‡’¬Ø‹øŒÜ’š–Ú","34.283421","132.461229","0","3"
"34","L“‡Œ§","34215","]“c“‡Žs","342150005001","]“c“‡’¬]“ìˆê’š–Ú","34.205944","132.475324","0","3"
"34","L“‡Œ§","34215","]“c“‡Žs","342150005002","]“c“‡’¬]“ì“ñ’š–Ú","34.198245","132.475839","0","3"
"34","L“‡Œ§","34215","]“c“‡Žs","342150005003","]“c“‡’¬]“ìŽO’š–Ú","34.199794","132.481248","0","3"
"34","L“‡Œ§","34215","]“c“‡Žs","342150006001","]“c“‡’¬Kƒm‰Yˆê’š–Ú","34.282581","132.455953","0","3"
"34","L“‡Œ§","34215","]“c“‡Žs","342150006002","]“c“‡’¬Kƒm‰Y“ñ’š–Ú","34.282988","132.449803","0","3"
"34","L“‡Œ§","34215","]“c“‡Žs","342150007000","]“c“‡’¬‘—L–³”Ô’n","34.243778","132.474195","0","1"
"34","L“‡Œ§","34215","]“c“‡Žs","342150008001","]“c“‡’¬¬—pˆê’š–Ú","34.246386","132.488866","0","3"
"34","L“‡Œ§","34215","]“c“‡Žs","342150008002","]“c“‡’¬¬—p“ñ’š–Ú","34.250898","132.487411","0","3"
"34","L“‡Œ§","34215","]“c“‡Žs","342150008003","]“c“‡’¬¬—pŽO’š–Ú","34.255889","132.492262","0","3"
"34","L“‡Œ§","34215","]“c“‡Žs","342150008004","]“c“‡’¬¬—pŽl’š–Ú","34.264223","132.496235","0","3"
"34","L“‡Œ§","34215","]“c“‡Žs","342150008005","]“c“‡’¬¬—pŒÜ’š–Ú","34.273466","132.494887","0","3"
"34","L“‡Œ§","34215","]“c“‡Žs","342150009001","]“c“‡’¬’†‰›ˆê’š–Ú","34.245733","132.477750","0","3"
"34","L“‡Œ§","34215","]“c“‡Žs","342150009002","]“c“‡’¬’†‰›“ñ’š–Ú","34.248584","132.479185","0","3"
"34","L“‡Œ§","34215","]“c“‡Žs","342150009003","]“c“‡’¬’†‰›ŽO’š–Ú","34.244785","132.479678","0","3"
"34","L“‡Œ§","34215","]“c“‡Žs","342150009004","]“c“‡’¬’†‰›Žl’š–Ú","34.239389","132.477672","0","3"
"34","L“‡Œ§","34215","]“c“‡Žs","342150009005","]“c“‡’¬’†‰›ŒÜ’š–Ú","34.238587","132.482519","0","3"
"34","L“‡Œ§","34215","]“c“‡Žs","342150010001","]“c“‡’¬’Ã‹v–Îˆê’š–Ú","34.257734","132.448021","0","3"
"34","L“‡Œ§","34215","]“c“‡Žs","342150010002","]“c“‡’¬’Ã‹v–Î“ñ’š–Ú","34.249657","132.446753","0","3"
"34","L“‡Œ§","34215","]“c“‡Žs","342150010003","]“c“‡’¬’Ã‹v–ÎŽO’š–Ú","34.247436","132.446614","0","3"
"34","L“‡Œ§","34215","]“c“‡Žs","342150011001","]“c“‡’¬‹{ƒmŒ´ˆê’š–Ú","34.249470","132.465574","0","3"
"34","L“‡Œ§","34215","]“c“‡Žs","342150011002","]“c“‡’¬‹{ƒmŒ´“ñ’š–Ú","34.253349","132.460826","0","3"
"34","L“‡Œ§","34215","]“c“‡Žs","342150011003","]“c“‡’¬‹{ƒmŒ´ŽO’š–Ú","34.262885","132.452882","0","3"
"34","L“‡Œ§","34215","]“c“‡Žs","342150012001","]“c“‡’¬˜h•”ˆê’š–Ú","34.230293","132.481686","0","3"
"34","L“‡Œ§","34215","]“c“‡Žs","342150012002","]“c“‡’¬˜h•”“ñ’š–Ú","34.229524","132.479684","0","3"
"34","L“‡Œ§","34215","]“c“‡Žs","342150012003","]“c“‡’¬˜h•”ŽO’š–Ú","34.220241","132.476765","0","3"
"34","L“‡Œ§","34215","]“c“‡Žs","342150012004","]“c“‡’¬˜h•”Žl’š–Ú","34.213066","132.475119","0","3"
"34","L“‡Œ§","34215","]“c“‡Žs","342150013000","‘åŠ`’¬‘åŒN","34.158571","132.480513","0","1"
"34","L“‡Œ§","34215","]“c“‡Žs","342150014000","‘åŠ`’¬‘åŒ´","34.156691","132.464341","0","1"
"34","L“‡Œ§","34215","]“c“‡Žs","342150015000","‘åŠ`’¬¬ŒÃ]","34.186528","132.456220","0","1"
"34","L“‡Œ§","34215","]“c“‡Žs","342150016000","‘åŠ`’¬Š`‰Y","34.184591","132.467937","0","1"
"34","L“‡Œ§","34215","]“c“‡Žs","342150017000","‘åŠ`’¬”ò“n£","34.208104","132.463295","0","1"
"34","L“‡Œ§","34215","]“c“‡Žs","342150018000","‘åŠ`’¬[]","34.154792","132.450377","0","1"
"34","L“‡Œ§","34215","]“c“‡Žs","342150019000","‰«”ü’¬‰ª‘å‰¤","34.162104","132.398866","0","1"
"34","L“‡Œ§","34215","]“c“‡Žs","342150020000","‰«”ü’¬‚‘c","34.254828","132.394765","0","1"
"34","L“‡Œ§","34215","]“c“‡Žs","342150021000","‰«”ü’¬¥’·","34.232061","132.395070","0","1"
"34","L“‡Œ§","34215","]“c“‡Žs","342150022000","‰«”ü’¬”¨","34.210920","132.406690","0","1"
"34","L“‡Œ§","34215","]“c“‡Žs","342150023000","‰«”ü’¬”ü”\","34.258120","132.376281","0","1"
"34","L“‡Œ§","34215","]“c“‡Žs","342150024000","‰«”ü’¬ŽO‹g","34.238181","132.410107","0","1"
"34","L“‡Œ§","34215","]“c“‡Žs","342150025000","”\”ü’¬Ž­ì","34.193391","132.448108","0","1"
"34","L“‡Œ§","34215","]“c“‡Žs","342150026000","”\”ü’¬‚“c","34.240114","132.426136","0","1"
"34","L“‡Œ§","34215","]“c“‡Žs","342150027000","”\”ü’¬’†’¬","34.219331","132.436147","0","1"
"34","L“‡Œ§","34302","ˆÀŒ|ŒS•{’†’¬","343020001000","Âè’†","34.376702","132.508131","0","1"
"34","L“‡Œ§","34302","ˆÀŒ|ŒS•{’†’¬","343020002000","Âè“Œ","34.377691","132.512807","0","1"
"34","L“‡Œ§","34302","ˆÀŒ|ŒS•{’†’¬","343020003000","Âè“ì","34.376890","132.505297","0","1"
"34","L“‡Œ§","34302","ˆÀŒ|ŒS•{’†’¬","343020004001","Îˆäéˆê’š–Ú","34.399372","132.509903","0","3"
"34","L“‡Œ§","34302","ˆÀŒ|ŒS•{’†’¬","343020004002","Îˆäé“ñ’š–Ú","34.401565","132.509907","0","3"
"34","L“‡Œ§","34302","ˆÀŒ|ŒS•{’†’¬","343020005001","‘å{ˆê’š–Ú","34.393060","132.501976","0","3"
"34","L“‡Œ§","34302","ˆÀŒ|ŒS•{’†’¬","343020005002","‘å{“ñ’š–Ú","34.394471","132.499220","0","3"
"34","L“‡Œ§","34302","ˆÀŒ|ŒS•{’†’¬","343020005003","‘å{ŽO’š–Ú","34.396331","132.500776","0","3"
"34","L“‡Œ§","34302","ˆÀŒ|ŒS•{’†’¬","343020005004","‘å{Žl’š–Ú","34.399464","132.500969","0","3"
"34","L“‡Œ§","34302","ˆÀŒ|ŒS•{’†’¬","343020006001","‘å’Êˆê’š–Ú","34.389511","132.505494","0","3"
"34","L“‡Œ§","34302","ˆÀŒ|ŒS•{’†’¬","343020006002","‘å’Ê“ñ’š–Ú","34.391103","132.504381","0","3"
"34","L“‡Œ§","34302","ˆÀŒ|ŒS•{’†’¬","343020006003","‘å’ÊŽO’š–Ú","34.392832","132.505392","0","3"
"34","L“‡Œ§","34302","ˆÀŒ|ŒS•{’†’¬","343020007001","Ž­âÄˆê’š–Ú","34.382019","132.504214","0","3"
"34","L“‡Œ§","34302","ˆÀŒ|ŒS•{’†’¬","343020007002","Ž­âÄ“ñ’š–Ú","34.382227","132.507916","0","3"
"34","L“‡Œ§","34302","ˆÀŒ|ŒS•{’†’¬","343020008000","÷ƒ–‹u","34.405157","132.519497","0","1"
"34","L“‡Œ§","34302","ˆÀŒ|ŒS•{’†’¬","343020009000","´…ƒ–‹u","34.402311","132.517147","0","1"
"34","L“‡Œ§","34302","ˆÀŒ|ŒS•{’†’¬","343020010000","éƒ–‹u","34.403808","132.510798","0","1"
"34","L“‡Œ§","34302","ˆÀŒ|ŒS•{’†’¬","343020011000","V’n","34.380837","132.501585","0","1"
"34","L“‡Œ§","34302","ˆÀŒ|ŒS•{’†’¬","343020012001","£ŒËƒnƒCƒ€ˆê’š–Ú","34.392864","132.516848","0","3"
"34","L“‡Œ§","34302","ˆÀŒ|ŒS•{’†’¬","343020012002","£ŒËƒnƒCƒ€“ñ’š–Ú","34.391131","132.519454","0","3"
"34","L“‡Œ§","34302","ˆÀŒ|ŒS•{’†’¬","343020012003","£ŒËƒnƒCƒ€ŽO’š–Ú","34.389585","132.518869","0","3"
"34","L“‡Œ§","34302","ˆÀŒ|ŒS•{’†’¬","343020012004","£ŒËƒnƒCƒ€Žl’š–Ú","34.390023","132.524528","0","3"
"34","L“‡Œ§","34302","ˆÀŒ|ŒS•{’†’¬","343020013000","ç‘ã","34.382351","132.502424","0","1"
"34","L“‡Œ§","34302","ˆÀŒ|ŒS•{’†’¬","343020014001","’ß]ˆê’š–Ú","34.400384","132.503433","0","3"
"34","L“‡Œ§","34302","ˆÀŒ|ŒS•{’†’¬","343020014002","’ß]“ñ’š–Ú","34.401653","132.505642","0","3"
"34","L“‡Œ§","34302","ˆÀŒ|ŒS•{’†’¬","343020015001","•l“cˆê’š–Ú","34.387899","132.505431","0","3"
"34","L“‡Œ§","34302","ˆÀŒ|ŒS•{’†’¬","343020015002","•l“c“ñ’š–Ú","34.385822","132.508469","0","3"
"34","L“‡Œ§","34302","ˆÀŒ|ŒS•{’†’¬","343020015003","•l“cŽO’š–Ú","34.385449","132.510814","0","3"
"34","L“‡Œ§","34302","ˆÀŒ|ŒS•{’†’¬","343020015004","•l“cŽl’š–Ú","34.385179","132.512811","0","3"
"34","L“‡Œ§","34302","ˆÀŒ|ŒS•{’†’¬","343020016000","•l“c–{’¬","34.389540","132.508909","0","1"
"34","L“‡Œ§","34302","ˆÀŒ|ŒS•{’†’¬","343020017001","–{’¬ˆê’š–Ú","34.394237","132.504591","0","3"
"34","L“‡Œ§","34302","ˆÀŒ|ŒS•{’†’¬","343020017002","–{’¬“ñ’š–Ú","34.395901","132.507031","0","3"
"34","L“‡Œ§","34302","ˆÀŒ|ŒS•{’†’¬","343020017003","–{’¬ŽO’š–Ú","34.397897","132.510123","0","3"
"34","L“‡Œ§","34302","ˆÀŒ|ŒS•{’†’¬","343020017004","–{’¬Žl’š–Ú","34.398645","132.506347","0","3"
"34","L“‡Œ§","34302","ˆÀŒ|ŒS•{’†’¬","343020017005","–{’¬ŒÜ’š–Ú","34.397079","132.503547","0","3"
"34","L“‡Œ§","34302","ˆÀŒ|ŒS•{’†’¬","343020018001","‚Ý‚­‚Ü‚èˆê’š–Ú","34.399882","132.514357","0","3"
"34","L“‡Œ§","34302","ˆÀŒ|ŒS•{’†’¬","343020018002","‚Ý‚­‚Ü‚è“ñ’š–Ú","34.401299","132.513604","0","3"
"34","L“‡Œ§","34302","ˆÀŒ|ŒS•{’†’¬","343020018003","‚Ý‚­‚Ü‚èŽO’š–Ú","34.405156","132.514579","0","3"
"34","L“‡Œ§","34302","ˆÀŒ|ŒS•{’†’¬","343020019000","—Îƒ–‹u","34.385000","132.504684","0","1"
"34","L“‡Œ§","34302","ˆÀŒ|ŒS•{’†’¬","343020020001","‹{‚Ì’¬ˆê’š–Ú","34.394199","132.508041","0","3"
"34","L“‡Œ§","34302","ˆÀŒ|ŒS•{’†’¬","343020020002","‹{‚Ì’¬“ñ’š–Ú","34.391767","132.508395","0","3"
"34","L“‡Œ§","34302","ˆÀŒ|ŒS•{’†’¬","343020020003","‹{‚Ì’¬ŽO’š–Ú","34.394949","132.510555","0","3"
"34","L“‡Œ§","34302","ˆÀŒ|ŒS•{’†’¬","343020020004","‹{‚Ì’¬Žl’š–Ú","34.392634","132.511764","0","3"
"34","L“‡Œ§","34302","ˆÀŒ|ŒS•{’†’¬","343020020005","‹{‚Ì’¬ŒÜ’š–Ú","34.391430","132.513306","0","3"
"34","L“‡Œ§","34302","ˆÀŒ|ŒS•{’†’¬","343020021001","–Î‰Aˆê’š–Ú","34.388732","132.502189","0","3"
"34","L“‡Œ§","34302","ˆÀŒ|ŒS•{’†’¬","343020021002","–Î‰A“ñ’š–Ú","34.386963","132.500771","0","3"
"34","L“‡Œ§","34302","ˆÀŒ|ŒS•{’†’¬","343020022001","“ŽRˆê’š–Ú","34.379331","132.506201","0","3"
"34","L“‡Œ§","34302","ˆÀŒ|ŒS•{’†’¬","343020022002","“ŽR“ñ’š–Ú","34.379267","132.509578","0","3"
"34","L“‡Œ§","34302","ˆÀŒ|ŒS•{’†’¬","343020023000","–öƒ–‹u","34.382129","132.514429","0","1"
"34","L“‡Œ§","34302","ˆÀŒ|ŒS•{’†’¬","343020024001","”ª”¦ˆê’š–Ú","34.388444","132.511903","0","3"
"34","L“‡Œ§","34302","ˆÀŒ|ŒS•{’†’¬","343020024002","”ª”¦“ñ’š–Ú","34.390478","132.511200","0","3"
"34","L“‡Œ§","34302","ˆÀŒ|ŒS•{’†’¬","343020024003","”ª”¦ŽO’š–Ú","34.387983","132.515429","0","3"
"34","L“‡Œ§","34302","ˆÀŒ|ŒS•{’†’¬","343020024004","”ª”¦Žl’š–Ú","34.384956","132.517340","0","3"
"34","L“‡Œ§","34302","ˆÀŒ|ŒS•{’†’¬","343020025001","ŽR“cˆê’š–Ú","34.395401","132.512453","0","3"
"34","L“‡Œ§","34302","ˆÀŒ|ŒS•{’†’¬","343020025002","ŽR“c“ñ’š–Ú","34.397151","132.519663","0","3"
"34","L“‡Œ§","34302","ˆÀŒ|ŒS•{’†’¬","343020025003","ŽR“cŽO’š–Ú","34.394228","132.515398","0","3"
"34","L“‡Œ§","34302","ˆÀŒ|ŒS•{’†’¬","343020025004","ŽR“cŽl’š–Ú","34.395166","132.518542","0","3"
"34","L“‡Œ§","34302","ˆÀŒ|ŒS•{’†’¬","343020025005","ŽR“cŒÜ’š–Ú","34.393825","132.522352","0","3"
"34","L“‡Œ§","34304","ˆÀŒ|ŒSŠC“c’¬","343040001000","Œ’¬","34.367164","132.539873","0","1"
"34","L“‡Œ§","34304","ˆÀŒ|ŒSŠC“c’¬","343040002000","ÎŒ´","34.375870","132.544818","0","1"
"34","L“‡Œ§","34304","ˆÀŒ|ŒSŠC“c’¬","343040003000","ˆî—t","34.367966","132.553680","0","1"
"34","L“‡Œ§","34304","ˆÀŒ|ŒSŠC“c’¬","343040004000","ˆî‰×’¬","34.373467","132.532656","0","1"
"34","L“‡Œ§","34304","ˆÀŒ|ŒSŠC“c’¬","343040005001","¤ˆê’š–Ú","34.377814","132.548411","0","3"
"34","L“‡Œ§","34304","ˆÀŒ|ŒSŠC“c’¬","343040005002","¤“ñ’š–Ú","34.380539","132.552421","0","3"
"34","L“‡Œ§","34304","ˆÀŒ|ŒSŠC“c’¬","343040006000","‘å—§’¬","34.365666","132.545487","0","1"
"34","L“‡Œ§","34304","ˆÀŒ|ŒSŠC“c’¬","343040007000","ŠC“cŽs","34.379874","132.541590","0","1"
"34","L“‡Œ§","34304","ˆÀŒ|ŒSŠC“c’¬","343040008001","ŠIŒ´ˆê’š–Ú","34.372132","132.541586","0","3"
"34","L“‡Œ§","34304","ˆÀŒ|ŒSŠC“c’¬","343040008002","ŠIŒ´“ñ’š–Ú","34.372781","132.545534","0","3"
"34","L“‡Œ§","34304","ˆÀŒ|ŒSŠC“c’¬","343040009000","ãŽs","34.373162","132.537524","0","1"
"34","L“‡Œ§","34304","ˆÀŒ|ŒSŠC“c’¬","343040010001","‘Mˆê’š–Ú","34.378440","132.553659","0","3"
"34","L“‡Œ§","34304","ˆÀŒ|ŒSŠC“c’¬","343040010002","‘M“ñ’š–Ú","34.380823","132.556770","0","3"
"34","L“‡Œ§","34304","ˆÀŒ|ŒSŠC“c’¬","343040011000","ŒE’¬","34.370426","132.530177","0","1"
"34","L“‡Œ§","34304","ˆÀŒ|ŒSŠC“c’¬","343040012000","Žõ’¬","34.361435","132.530435","0","1"
"34","L“‡Œ§","34304","ˆÀŒ|ŒSŠC“c’¬","343040013000","K’¬","34.368947","132.542924","0","1"
"34","L“‡Œ§","34304","ˆÀŒ|ŒSŠC“c’¬","343040014000","‰h’¬","34.362142","132.534297","0","1"
"34","L“‡Œ§","34304","ˆÀŒ|ŒSŠC“c’¬","343040015000","º˜a’†’¬","34.369086","132.537733","0","1"
"34","L“‡Œ§","34304","ˆÀŒ|ŒSŠC“c’¬","343040016000","º˜a’¬","34.370355","132.536135","0","1"
"34","L“‡Œ§","34304","ˆÀŒ|ŒSŠC“c’¬","343040017000","V’¬","34.373932","132.530966","0","1"
"34","L“‡Œ§","34304","ˆÀŒ|ŒSŠC“c’¬","343040018000","»‘–","34.382980","132.556347","0","1"
"34","L“‡Œ§","34304","ˆÀŒ|ŒSŠC“c’¬","343040019000","‘]“c","34.375294","132.549686","0","1"
"34","L“‡Œ§","34304","ˆÀŒ|ŒSŠC“c’¬","343040020000","‘å³’¬","34.369427","132.533019","0","1"
"34","L“‡Œ§","34304","ˆÀŒ|ŒSŠC“c’¬","343040021000","ŒŽŒ©’¬","34.361069","132.536668","0","1"
"34","L“‡Œ§","34304","ˆÀŒ|ŒSŠC“c’¬","343040022000","‚Â‚­‚à’¬","34.367334","132.528868","0","1"
"34","L“‡Œ§","34304","ˆÀŒ|ŒSŠC“c’¬","343040023001","Ž›”—ˆê’š–Ú","34.371466","132.550718","0","3"
"34","L“‡Œ§","34304","ˆÀŒ|ŒSŠC“c’¬","343040023002","Ž›”—“ñ’š–Ú","34.372451","132.552591","0","3"
"34","L“‡Œ§","34304","ˆÀŒ|ŒSŠC“c’¬","343040024000","’†“X","34.372958","132.534349","0","1"
"34","L“‡Œ§","34304","ˆÀŒ|ŒSŠC“c’¬","343040025000","¬–{","34.374520","132.540852","0","1"
"34","L“‡Œ§","34304","ˆÀŒ|ŒSŠC“c’¬","343040026000","¼•l","34.369287","132.545604","0","1"
"34","L“‡Œ§","34304","ˆÀŒ|ŒSŠC“c’¬","343040027000","¼–¾_’¬","34.357939","132.520980","0","1"
"34","L“‡Œ§","34304","ˆÀŒ|ŒSŠC“c’¬","343040028000","•lŠp","34.369739","132.547940","0","1"
"34","L“‡Œ§","34304","ˆÀŒ|ŒSŠC“c’¬","343040029001","“Œˆê’š–Ú","34.365275","132.555325","0","3"
"34","L“‡Œ§","34304","ˆÀŒ|ŒSŠC“c’¬","343040029002","“Œ“ñ’š–Ú","34.366424","132.559813","0","3"
"34","L“‡Œ§","34304","ˆÀŒ|ŒSŠC“c’¬","343040030000","“ŒŠC“c","34.363427","132.566567","0","1"
"34","L“‡Œ§","34304","ˆÀŒ|ŒSŠC“c’¬","343040031000","“Œº˜a’¬","34.369567","132.540370","0","1"
"34","L“‡Œ§","34304","ˆÀŒ|ŒSŠC“c’¬","343040032000","“ú‚Ìo’¬","34.364881","132.537089","0","1"
"34","L“‡Œ§","34304","ˆÀŒ|ŒSŠC“c’¬","343040033000","–xì’¬","34.368086","132.531387","0","1"
"34","L“‡Œ§","34304","ˆÀŒ|ŒSŠC“c’¬","343040034001","ŽO”—ˆê’š–Ú","34.366330","132.549317","0","3"
"34","L“‡Œ§","34304","ˆÀŒ|ŒSŠC“c’¬","343040034002","ŽO”—“ñ’š–Ú","34.363371","132.552559","0","3"
"34","L“‡Œ§","34304","ˆÀŒ|ŒSŠC“c’¬","343040034003","ŽO”—ŽO’š–Ú","34.357824","132.556705","0","3"
"34","L“‡Œ§","34304","ˆÀŒ|ŒSŠC“c’¬","343040035000","“ìK’¬","34.364934","132.541896","0","1"
"34","L“‡Œ§","34304","ˆÀŒ|ŒSŠC“c’¬","343040036000","“ìº˜a’¬","34.367414","132.536366","0","1"
"34","L“‡Œ§","34304","ˆÀŒ|ŒSŠC“c’¬","343040037000","“ì‘å³’¬","34.366791","132.534289","0","1"
"34","L“‡Œ§","34304","ˆÀŒ|ŒSŠC“c’¬","343040038000","“ì‚Â‚­‚à’¬","34.364730","132.530458","0","1"
"34","L“‡Œ§","34304","ˆÀŒ|ŒSŠC“c’¬","343040039000","“ì–xì’¬","34.365889","132.532413","0","1"
"34","L“‡Œ§","34304","ˆÀŒ|ŒSŠC“c’¬","343040040000","“ì–{’¬","34.362537","132.538727","0","1"
"34","L“‡Œ§","34304","ˆÀŒ|ŒSŠC“c’¬","343040041000","“ì–¾_’¬","34.362714","132.526524","0","1"
"34","L“‡Œ§","34304","ˆÀŒ|ŒSŠC“c’¬","343040042000","–¾_’¬","34.364524","132.524049","0","1"
"34","L“‡Œ§","34307","ˆÀŒ|ŒSŒF–ì’¬","343070001000","Î_","34.324961","132.567412","0","1"
"34","L“‡Œ§","34307","ˆÀŒ|ŒSŒF–ì’¬","343070002000","‘åŽšìŠp","34.319396","132.580050","0","1"
"34","L“‡Œ§","34307","ˆÀŒ|ŒSŒF–ì’¬","343070003000","‘åŽš•½’J","34.338363","132.559548","0","1"
"34","L“‡Œ§","34307","ˆÀŒ|ŒSŒF–ì’¬","343070004000","Š`”—","34.330334","132.565783","0","1"
"34","L“‡Œ§","34307","ˆÀŒ|ŒSŒF–ì’¬","343070005001","ìŠpˆê’š–Ú","34.331611","132.570891","0","3"
"34","L“‡Œ§","34307","ˆÀŒ|ŒSŒF–ì’¬","343070005002","ìŠp“ñ’š–Ú","34.328457","132.573159","0","3"
"34","L“‡Œ§","34307","ˆÀŒ|ŒSŒF–ì’¬","343070005003","ìŠpŽO’š–Ú","34.325746","132.574306","0","3"
"34","L“‡Œ§","34307","ˆÀŒ|ŒSŒF–ì’¬","343070005004","ìŠpŽl’š–Ú","34.322357","132.570604","0","3"
"34","L“‡Œ§","34307","ˆÀŒ|ŒSŒF–ì’¬","343070005005","ìŠpŒÜ’š–Ú","34.321731","132.575922","0","3"
"34","L“‡Œ§","34307","ˆÀŒ|ŒSŒF–ì’¬","343070006000","_“c","34.326411","132.570324","0","1"
"34","L“‡Œ§","34307","ˆÀŒ|ŒSŒF–ì’¬","343070007000","‹M‘D","34.330745","132.568542","0","1"
"34","L“‡Œ§","34307","ˆÀŒ|ŒSŒF–ì’¬","343070008001","Œà’nˆê’š–Ú","34.331194","132.585334","0","3"
"34","L“‡Œ§","34307","ˆÀŒ|ŒSŒF–ì’¬","343070008002","Œà’n“ñ’š–Ú","34.330882","132.581501","0","3"
"34","L“‡Œ§","34307","ˆÀŒ|ŒSŒF–ì’¬","343070008003","Œà’nŽO’š–Ú","34.327440","132.580824","0","3"
"34","L“‡Œ§","34307","ˆÀŒ|ŒSŒF–ì’¬","343070008004","Œà’nŽl’š–Ú","34.325928","132.586064","0","3"
"34","L“‡Œ§","34307","ˆÀŒ|ŒSŒF–ì’¬","343070008005","Œà’nŒÜ’š–Ú","34.324572","132.581606","0","3"
"34","L“‡Œ§","34307","ˆÀŒ|ŒSŒF–ì’¬","343070009001","é”V–xˆê’š–Ú","34.342546","132.583558","0","3"
"34","L“‡Œ§","34307","ˆÀŒ|ŒSŒF–ì’¬","343070009002","é”V–x“ñ’š–Ú","34.344375","132.580972","0","3"
"34","L“‡Œ§","34307","ˆÀŒ|ŒSŒF–ì’¬","343070009003","é”V–xŽO’š–Ú","34.348160","132.583708","0","3"
"34","L“‡Œ§","34307","ˆÀŒ|ŒSŒF–ì’¬","343070009004","é”V–xŽl’š–Ú","34.344130","132.586036","0","3"
"34","L“‡Œ§","34307","ˆÀŒ|ŒSŒF–ì’¬","343070009005","é”V–xŒÜ’š–Ú","34.345669","132.588073","0","3"
"34","L“‡Œ§","34307","ˆÀŒ|ŒSŒF–ì’¬","343070009006","é”V–x˜Z’š–Ú","34.348259","132.589156","0","3"
"34","L“‡Œ§","34307","ˆÀŒ|ŒSŒF–ì’¬","343070009007","é”V–xŽµ’š–Ú","34.349655","132.586970","0","3"
"34","L“‡Œ§","34307","ˆÀŒ|ŒSŒF–ì’¬","343070009008","é”V–x”ª’š–Ú","34.353855","132.586201","0","3"
"34","L“‡Œ§","34307","ˆÀŒ|ŒSŒF–ì’¬","343070009009","é”V–x‹ã’š–Ú","34.354466","132.588924","0","3"
"34","L“‡Œ§","34307","ˆÀŒ|ŒSŒF–ì’¬","343070009010","é”V–x\’š–Ú","34.351302","132.591152","0","3"
"34","L“‡Œ§","34307","ˆÀŒ|ŒSŒF–ì’¬","343070010001","V‹{ˆê’š–Ú","34.362556","132.606390","0","3"
"34","L“‡Œ§","34307","ˆÀŒ|ŒSŒF–ì’¬","343070010002","V‹{“ñ’š–Ú","34.360254","132.604749","0","3"
"34","L“‡Œ§","34307","ˆÀŒ|ŒSŒF–ì’¬","343070010003","V‹{ŽO’š–Ú","34.355625","132.608087","0","3"
"34","L“‡Œ§","34307","ˆÀŒ|ŒSŒF–ì’¬","343070010004","V‹{Žl’š–Ú","34.360758","132.611225","0","3"
"34","L“‡Œ§","34307","ˆÀŒ|ŒSŒF–ì’¬","343070010005","V‹{ŒÜ’š–Ú","34.364853","132.614043","0","3"
"34","L“‡Œ§","34307","ˆÀŒ|ŒSŒF–ì’¬","343070010006","V‹{˜Z’š–Ú","34.369933","132.621206","0","3"
"34","L“‡Œ§","34307","ˆÀŒ|ŒSŒF–ì’¬","343070010007","V‹{Žµ’š–Ú","34.368160","132.616569","0","3"
"34","L“‡Œ§","34307","ˆÀŒ|ŒSŒF–ì’¬","343070010008","V‹{”ª’š–Ú","34.370500","132.618538","0","3"
"34","L“‡Œ§","34307","ˆÀŒ|ŒSŒF–ì’¬","343070011001","o—ˆ’ëˆê’š–Ú","34.333818","132.580357","0","3"
"34","L“‡Œ§","34307","ˆÀŒ|ŒSŒF–ì’¬","343070011002","o—ˆ’ë“ñ’š–Ú","34.332415","132.577404","0","3"
"34","L“‡Œ§","34307","ˆÀŒ|ŒSŒF–ì’¬","343070011003","o—ˆ’ëŽO’š–Ú","34.330882","132.575479","0","3"
"34","L“‡Œ§","34307","ˆÀŒ|ŒSŒF–ì’¬","343070011004","o—ˆ’ëŽl’š–Ú","34.334381","132.574928","0","3"
"34","L“‡Œ§","34307","ˆÀŒ|ŒSŒF–ì’¬","343070011005","o—ˆ’ëŒÜ’š–Ú","34.336209","132.578386","0","3"
"34","L“‡Œ§","34307","ˆÀŒ|ŒSŒF–ì’¬","343070011006","o—ˆ’ë˜Z’š–Ú","34.337335","132.576452","0","3"
"34","L“‡Œ§","34307","ˆÀŒ|ŒSŒF–ì’¬","343070011007","o—ˆ’ëŽµ’š–Ú","34.338714","132.573809","0","3"
"34","L“‡Œ§","34307","ˆÀŒ|ŒSŒF–ì’¬","343070011008","o—ˆ’ë”ª’š–Ú","34.338977","132.572080","0","3"
"34","L“‡Œ§","34307","ˆÀŒ|ŒSŒF–ì’¬","343070011009","o—ˆ’ë‹ã’š–Ú","34.335667","132.567435","0","3"
"34","L“‡Œ§","34307","ˆÀŒ|ŒSŒF–ì’¬","343070011010","o—ˆ’ë\’š–Ú","34.334492","132.566565","0","3"
"34","L“‡Œ§","34307","ˆÀŒ|ŒSŒF–ì’¬","343070012001","’†aˆê’š–Ú","34.335772","132.585854","0","3"
"34","L“‡Œ§","34307","ˆÀŒ|ŒSŒF–ì’¬","343070012002","’†a“ñ’š–Ú","34.335027","132.583038","0","3"
"34","L“‡Œ§","34307","ˆÀŒ|ŒSŒF–ì’¬","343070012003","’†aŽO’š–Ú","34.337632","132.582496","0","3"
"34","L“‡Œ§","34307","ˆÀŒ|ŒSŒF–ì’¬","343070012004","’†aŽl’š–Ú","34.339842","132.582493","0","3"
"34","L“‡Œ§","34307","ˆÀŒ|ŒSŒF–ì’¬","343070012005","’†aŒÜ’š–Ú","34.342025","132.577508","0","3"
"34","L“‡Œ§","34307","ˆÀŒ|ŒSŒF–ì’¬","343070012006","’†a˜Z’š–Ú","34.339746","132.575966","0","3"
"34","L“‡Œ§","34307","ˆÀŒ|ŒSŒF–ì’¬","343070013001","”‹Œ´ˆê’š–Ú","34.333711","132.591351","0","3"
"34","L“‡Œ§","34307","ˆÀŒ|ŒSŒF–ì’¬","343070013002","”‹Œ´“ñ’š–Ú","34.335618","132.593542","0","3"
"34","L“‡Œ§","34307","ˆÀŒ|ŒSŒF–ì’¬","343070013003","”‹Œ´ŽO’š–Ú","34.337580","132.594061","0","3"
"34","L“‡Œ§","34307","ˆÀŒ|ŒSŒF–ì’¬","343070013004","”‹Œ´Žl’š–Ú","34.338805","132.597573","0","3"
"34","L“‡Œ§","34307","ˆÀŒ|ŒSŒF–ì’¬","343070013005","”‹Œ´ŒÜ’š–Ú","34.340956","132.595293","0","3"
"34","L“‡Œ§","34307","ˆÀŒ|ŒSŒF–ì’¬","343070013006","”‹Œ´˜Z’š–Ú","34.341015","132.588511","0","3"
"34","L“‡Œ§","34307","ˆÀŒ|ŒSŒF–ì’¬","343070013007","”‹Œ´Žµ’š–Ú","34.342591","132.591266","0","3"
"34","L“‡Œ§","34307","ˆÀŒ|ŒSŒF–ì’¬","343070013008","”‹Œ´”ª’š–Ú","34.346189","132.590276","0","3"
"34","L“‡Œ§","34307","ˆÀŒ|ŒSŒF–ì’¬","343070013009","”‹Œ´‹ã’š–Ú","34.346407","132.592405","0","3"
"34","L“‡Œ§","34307","ˆÀŒ|ŒSŒF–ì’¬","343070013010","”‹Œ´\’š–Ú","34.350041","132.594256","0","3"
"34","L“‡Œ§","34307","ˆÀŒ|ŒSŒF–ì’¬","343070014001","‰_ˆê’š–Ú","34.355903","132.597110","0","3"
"34","L“‡Œ§","34307","ˆÀŒ|ŒSŒF–ì’¬","343070014002","‰_“ñ’š–Ú","34.357053","132.593105","0","3"
"34","L“‡Œ§","34307","ˆÀŒ|ŒSŒF–ì’¬","343070014003","‰_ŽO’š–Ú","34.360226","132.597294","0","3"
"34","L“‡Œ§","34307","ˆÀŒ|ŒSŒF–ì’¬","343070014004","‰_Žl’š–Ú","34.362011","132.589221","0","3"
"34","L“‡Œ§","34307","ˆÀŒ|ŒSŒF–ì’¬","343070015000","“ŒŽR","34.327904","132.566744","0","1"
"34","L“‡Œ§","34307","ˆÀŒ|ŒSŒF–ì’¬","343070016001","•½’Jˆê’š–Ú","34.328198","132.563594","0","3"
"34","L“‡Œ§","34307","ˆÀŒ|ŒSŒF–ì’¬","343070016002","•½’J“ñ’š–Ú","34.329473","132.556548","0","3"
"34","L“‡Œ§","34307","ˆÀŒ|ŒSŒF–ì’¬","343070016003","•½’JŽO’š–Ú","34.331920","132.557914","0","3"
"34","L“‡Œ§","34307","ˆÀŒ|ŒSŒF–ì’¬","343070016004","•½’JŽl’š–Ú","34.334005","132.559534","0","3"
"34","L“‡Œ§","34307","ˆÀŒ|ŒSŒF–ì’¬","343070016005","•½’JŒÜ’š–Ú","34.337697","132.556417","0","3"
"34","L“‡Œ§","34309","ˆÀŒ|ŒSâ’¬","343090001001","A“cˆê’š–Ú","34.329055","132.504683","0","3"
"34","L“‡Œ§","34309","ˆÀŒ|ŒSâ’¬","343090001002","A“c“ñ’š–Ú","34.328805","132.505888","0","3"
"34","L“‡Œ§","34309","ˆÀŒ|ŒSâ’¬","343090001003","A“cŽO’š–Ú","34.330016","132.508855","0","3"
"34","L“‡Œ§","34309","ˆÀŒ|ŒSâ’¬","343090001004","A“cŽl’š–Ú","34.326651","132.506968","0","3"
"34","L“‡Œ§","34309","ˆÀŒ|ŒSâ’¬","343090002001","–kV’nˆê’š–Ú","34.347805","132.515295","0","3"
"34","L“‡Œ§","34309","ˆÀŒ|ŒSâ’¬","343090002002","–kV’n“ñ’š–Ú","34.348830","132.519353","0","3"
"34","L“‡Œ§","34309","ˆÀŒ|ŒSâ’¬","343090002003","–kV’nŽO’š–Ú","34.351449","132.512768","0","3"
"34","L“‡Œ§","34309","ˆÀŒ|ŒSâ’¬","343090002004","–kV’nŽl’š–Ú","34.353640","132.516416","0","3"
"34","L“‡Œ§","34309","ˆÀŒ|ŒSâ’¬","343090003001","¬‰®‰Yˆê’š–Ú","34.300664","132.506553","0","3"
"34","L“‡Œ§","34309","ˆÀŒ|ŒSâ’¬","343090003002","¬‰®‰Y“ñ’š–Ú","34.303652","132.507747","0","3"
"34","L“‡Œ§","34309","ˆÀŒ|ŒSâ’¬","343090003003","¬‰®‰YŽO’š–Ú","34.300686","132.508652","0","3"
"34","L“‡Œ§","34309","ˆÀŒ|ŒSâ’¬","343090003004","¬‰®‰YŽl’š–Ú","34.305833","132.510335","0","3"
"34","L“‡Œ§","34309","ˆÀŒ|ŒSâ’¬","343090004001","â¼ˆê’š–Ú","34.337978","132.512496","0","3"
"34","L“‡Œ§","34309","ˆÀŒ|ŒSâ’¬","343090004002","â¼“ñ’š–Ú","34.334343","132.515214","0","3"
"34","L“‡Œ§","34309","ˆÀŒ|ŒSâ’¬","343090004003","â¼ŽO’š–Ú","34.330036","132.516794","0","3"
"34","L“‡Œ§","34309","ˆÀŒ|ŒSâ’¬","343090004004","â¼Žl’š–Ú","34.326172","132.516848","0","3"
"34","L“‡Œ§","34309","ˆÀŒ|ŒSâ’¬","343090005001","â“Œˆê’š–Ú","34.343831","132.517387","0","3"
"34","L“‡Œ§","34309","ˆÀŒ|ŒSâ’¬","343090005002","â“Œ“ñ’š–Ú","34.339372","132.517069","0","3"
"34","L“‡Œ§","34309","ˆÀŒ|ŒSâ’¬","343090005003","â“ŒŽO’š–Ú","34.337123","132.518202","0","3"
"34","L“‡Œ§","34309","ˆÀŒ|ŒSâ’¬","343090005004","â“ŒŽl’š–Ú","34.331295","132.518540","0","3"
"34","L“‡Œ§","34309","ˆÀŒ|ŒSâ’¬","343090006001","‘â”öˆê’š–Ú","34.343518","132.495351","0","3"
"34","L“‡Œ§","34309","ˆÀŒ|ŒSâ’¬","343090006002","‘â”ö“ñ’š–Ú","34.338295","132.494032","0","3"
"34","L“‡Œ§","34309","ˆÀŒ|ŒSâ’¬","343090007001","•½¬ƒ–•lˆê’š–Ú","34.342930","132.514976","0","3"
"34","L“‡Œ§","34309","ˆÀŒ|ŒSâ’¬","343090007002","•½¬ƒ–•l“ñ’š–Ú","34.341449","132.511675","0","3"
"34","L“‡Œ§","34309","ˆÀŒ|ŒSâ’¬","343090007003","•½¬ƒ–•lŽO’š–Ú","34.340265","132.509009","0","3"
"34","L“‡Œ§","34309","ˆÀŒ|ŒSâ’¬","343090007004","•½¬ƒ–•lŽl’š–Ú","34.346059","132.507037","0","3"
"34","L“‡Œ§","34309","ˆÀŒ|ŒSâ’¬","343090007005","•½¬ƒ–•lŒÜ’š–Ú","34.345071","132.509299","0","3"
"34","L“‡Œ§","34309","ˆÀŒ|ŒSâ’¬","343090008001","‰¡•l’†‰›ˆê’š–Ú","34.339990","132.505878","0","3"
"34","L“‡Œ§","34309","ˆÀŒ|ŒSâ’¬","343090008002","‰¡•l’†‰›“ñ’š–Ú","34.343258","132.505000","0","3"
"34","L“‡Œ§","34309","ˆÀŒ|ŒSâ’¬","343090008003","‰¡•l’†‰›ŽO’š–Ú","34.338219","132.503440","0","3"
"34","L“‡Œ§","34309","ˆÀŒ|ŒSâ’¬","343090009001","‰¡•l¼ˆê’š–Ú","34.338774","132.499541","0","3"
"34","L“‡Œ§","34309","ˆÀŒ|ŒSâ’¬","343090009002","‰¡•l¼“ñ’š–Ú","34.336147","132.496964","0","3"
"34","L“‡Œ§","34309","ˆÀŒ|ŒSâ’¬","343090010001","‰¡•l“Œˆê’š–Ú","34.335486","132.505560","0","3"
"34","L“‡Œ§","34309","ˆÀŒ|ŒSâ’¬","343090010002","‰¡•l“Œ“ñ’š–Ú","34.334252","132.507389","0","3"
"34","L“‡Œ§","34368","ŽRŒ§ŒSˆÀŒ|‘¾“c’¬","343680001000","‘åŽš—V’J","34.580925","132.225123","0","1"
"34","L“‡Œ§","34368","ŽRŒ§ŒSˆÀŒ|‘¾“c’¬","343680002000","‘åŽšŒŠ","34.576323","132.368516","0","1"
"34","L“‡Œ§","34368","ŽRŒ§ŒSˆÀŒ|‘¾“c’¬","343680003000","‘åŽš”ÂƒP’J","34.630258","132.232157","0","1"
"34","L“‡Œ§","34368","ŽRŒ§ŒSˆÀŒ|‘¾“c’¬","343680004000","‘åŽš’–ŽR","34.659254","132.310122","0","1"
"34","L“‡Œ§","34368","ŽRŒ§ŒSˆÀŒ|‘¾“c’¬","343680005000","‘åŽš‘Å—œ","34.560152","132.173938","0","1"
"34","L“‡Œ§","34368","ŽRŒ§ŒSˆÀŒ|‘¾“c’¬","343680006000","‘åŽš‰ÁŒv","34.609979","132.322024","0","1"
"34","L“‡Œ§","34368","ŽRŒ§ŒSˆÀŒ|‘¾“c’¬","343680007000","‘åŽšŠƒm–Ø","34.609473","132.222646","0","1"
"34","L“‡Œ§","34368","ŽRŒ§ŒSˆÀŒ|‘¾“c’¬","343680008000","‘åŽšã“›‰ê","34.556918","132.241520","0","1"
"34","L“‡Œ§","34368","ŽRŒ§ŒSˆÀŒ|‘¾“c’¬","343680009000","‘åŽšã“a","34.575343","132.269998","0","1"
"34","L“‡Œ§","34368","ŽRŒ§ŒSˆÀŒ|‘¾“c’¬","343680010000","‘åŽšìŽè","34.608384","132.218156","0","1"
"34","L“‡Œ§","34368","ŽRŒ§ŒSˆÀŒ|‘¾“c’¬","343680011000","‘åŽšŠÏ‰¹","34.649391","132.349747","0","1"
"34","L“‡Œ§","34368","ŽRŒ§ŒSˆÀŒ|‘¾“c’¬","343680012000","‘åŽš‰º“›‰ê","34.584720","132.292946","0","1"
"34","L“‡Œ§","34368","ŽRŒ§ŒSˆÀŒ|‘¾“c’¬","343680013000","‘åŽš‰º“a‰Í“à","34.586850","132.292279","0","1"
"34","L“‡Œ§","34368","ŽRŒ§ŒSˆÀŒ|‘¾“c’¬","343680014000","‘åŽšŽ›—Ì","34.601921","132.256612","0","1"
"34","L“‡Œ§","34368","ŽRŒ§ŒSˆÀŒ|‘¾“c’¬","343680015000","‘åŽšŽÄ–Ø","34.596993","132.211104","0","1"
"34","L“‡Œ§","34368","ŽRŒ§ŒSˆÀŒ|‘¾“c’¬","343680016000","‘åŽš“c","34.565503","132.216166","0","1"
"34","L“‡Œ§","34368","ŽRŒ§ŒSˆÀŒ|‘¾“c’¬","343680017000","‘åŽš’Ã˜Q","34.583109","132.332946","0","1"
"34","L“‡Œ§","34368","ŽRŒ§ŒSˆÀŒ|‘¾“c’¬","343680018000","‘åŽš’Ø–ì","34.557405","132.336481","0","1"
"34","L“‡Œ§","34368","ŽRŒ§ŒSˆÀŒ|‘¾“c’¬","343680019000","‘åŽš“y‹","34.573744","132.238877","0","1"
"34","L“‡Œ§","34368","ŽRŒ§ŒSˆÀŒ|‘¾“c’¬","343680020000","‘åŽšŒË‰Í“à","34.576773","132.227131","0","1"
"34","L“‡Œ§","34368","ŽRŒ§ŒSˆÀŒ|‘¾“c’¬","343680021000","‘åŽš’†“›‰ê","34.561748","132.246629","0","1"
"34","L“‡Œ§","34368","ŽRŒ§ŒSˆÀŒ|‘¾“c’¬","343680022000","‘åŽš“ß{","34.577926","132.181386","0","1"
"34","L“‡Œ§","34368","ŽRŒ§ŒSˆÀŒ|‘¾“c’¬","343680023000","‘åŽš•½Œ©’J","34.693499","132.335577","0","1"
"34","L“‡Œ§","34368","ŽRŒ§ŒSˆÀŒ|‘¾“c’¬","343680024000","‘åŽš‰¡ì","34.591712","132.147974","0","1"
"34","L“‡Œ§","34368","ŽRŒ§ŒSˆÀŒ|‘¾“c’¬","343680025000","‘åŽš‹g˜a‹½","34.577037","132.218061","0","1"
"34","L“‡Œ§","34368","ŽRŒ§ŒSˆÀŒ|‘¾“c’¬","343680026000","‘åŽš¬”Â","34.668813","132.247065","0","1"
"34","L“‡Œ§","34368","ŽRŒ§ŒSˆÀŒ|‘¾“c’¬","343680027000","‘åŽš¼Œ´","34.659490","132.243754","0","1"
"34","L“‡Œ§","34369","ŽRŒ§ŒS–kL“‡’¬","343690001000","ˆ¢â","34.632963","132.461534","0","1"
"34","L“‡Œ§","34369","ŽRŒ§ŒS–kL“‡’¬","343690002000","—L“c","34.669560","132.528081","0","1"
"34","L“‡Œ§","34369","ŽRŒ§ŒS–kL“‡’¬","343690003000","—LŠÔ","34.688469","132.514847","0","1"
"34","L“‡Œ§","34369","ŽRŒ§ŒS–kL“‡’¬","343690004000","”³’Ã","34.762131","132.420929","0","1"
"34","L“‡Œ§","34369","ŽRŒ§ŒS–kL“‡’¬","343690005000","Îˆä’J","34.653638","132.541269","0","1"
"34","L“‡Œ§","34369","ŽRŒ§ŒS–kL“‡’¬","343690006000","¡“c","34.670066","132.504308","0","1"
"34","L“‡Œ§","34369","ŽRŒ§ŒS–kL“‡’¬","343690007000","¡‹g“c","34.611947","132.446141","0","1"
"34","L“‡Œ§","34369","ŽRŒ§ŒS–kL“‡’¬","343690008000","ŠâŒË","34.767418","132.517742","0","1"
"34","L“‡Œ§","34369","ŽRŒ§ŒS–kL“‡’¬","343690009000","Œã—L“c","34.700262","132.518206","0","1"
"34","L“‡Œ§","34369","ŽRŒ§ŒS–kL“‡’¬","343690010000","‰_k","34.727979","132.219836","0","1"
"34","L“‡Œ§","34369","ŽRŒ§ŒS–kL“‡’¬","343690011000","ˆÚŒ´","34.746988","132.357735","0","1"
"34","L“‡Œ§","34369","ŽRŒ§ŒS–kL“‡’¬","343690012000","‘å’©","34.775841","132.462439","0","1"
"34","L“‡Œ§","34369","ŽRŒ§ŒS–kL“‡’¬","343690013000","‘å•é","34.753767","132.336738","0","1"
"34","L“‡Œ§","34369","ŽRŒ§ŒS–kL“‡’¬","343690014000","‘å’Ë","34.783309","132.438857","0","1"
"34","L“‡Œ§","34369","ŽRŒ§ŒS–kL“‡’¬","343690015000","‘å—˜Œ´","34.765776","132.281834","0","1"
"34","L“‡Œ§","34369","ŽRŒ§ŒS–kL“‡’¬","343690016000","‘åŒ³","34.732052","132.237916","0","1"
"34","L“‡Œ§","34369","ŽRŒ§ŒS–kL“‡’¬","343690017000","‰œ’†Œ´","34.735954","132.275068","0","1"
"34","L“‡Œ§","34369","ŽRŒ§ŒS–kL“‡’¬","343690018000","‰œŒ´","34.774765","132.263300","0","1"
"34","L“‡Œ§","34369","ŽRŒ§ŒS–kL“‡’¬","343690019000","ŠC‰žŽ›","34.719152","132.463660","0","1"
"34","L“‡Œ§","34369","ŽRŒ§ŒS–kL“‡’¬","343690020000","ãÎ","34.711057","132.452552","0","1"
"34","L“‡Œ§","34369","ŽRŒ§ŒS–kL“‡’¬","343690021000","Š¡‰®Œ`","34.759987","132.264936","0","1"
"34","L“‡Œ§","34369","ŽRŒ§ŒS–kL“‡’¬","343690022000","ìˆä","34.680581","132.574218","0","1"
"34","L“‡Œ§","34369","ŽRŒ§ŒS–kL“‡’¬","343690023000","ì¬“c","34.731189","132.286534","0","1"
"34","L“‡Œ§","34369","ŽRŒ§ŒS–kL“‡’¬","343690024000","ìŒË","34.740771","132.534730","0","1"
"34","L“‡Œ§","34369","ŽRŒ§ŒS–kL“‡’¬","343690025000","ì¼","34.705759","132.552269","0","1"
"34","L“‡Œ§","34369","ŽRŒ§ŒS–kL“‡’¬","343690026000","ì“Œ","34.687393","132.556998","0","1"
"34","L“‡Œ§","34369","ŽRŒ§ŒS–kL“‡’¬","343690027000","–ØŽŸ","34.630391","132.561983","0","1"
"34","L“‡Œ§","34369","ŽRŒ§ŒS–kL“‡’¬","343690028000","‘ˆÀ","34.769353","132.274840","0","1"
"34","L“‡Œ§","34369","ŽRŒ§ŒS–kL“‡’¬","343690029000","‘ ”—","34.707291","132.504941","0","1"
"34","L“‡Œ§","34369","ŽRŒ§ŒS–kL“‡’¬","343690030000","r_Œ´","34.737439","132.234327","0","1"
"34","L“‡Œ§","34369","ŽRŒ§ŒS–kL“‡’¬","343690031000","¬Œ´","34.724963","132.339258","0","1"
"34","L“‡Œ§","34369","ŽRŒ§ŒS–kL“‡’¬","343690032000","ŒÃ•Û—˜","34.680516","132.536160","0","1"
"34","L“‡Œ§","34369","ŽRŒ§ŒS–kL“‡’¬","343690033000","Ë‰³","34.778488","132.310071","0","1"
"34","L“‡Œ§","34369","ŽRŒ§ŒS–kL“‡’¬","343690034000","Žu˜HŒ´","34.717865","132.445934","0","1"
"34","L“‡Œ§","34369","ŽRŒ§ŒS–kL“‡’¬","343690035000","‰ºÎ","34.707485","132.471932","0","1"
"34","L“‡Œ§","34369","ŽRŒ§ŒS–kL“‡’¬","343690036000","VŽ_","34.682471","132.565167","0","1"
"34","L“‡Œ§","34369","ŽRŒ§ŒS–kL“‡’¬","343690037000","V‹½","34.669700","132.544673","0","1"
"34","L“‡Œ§","34369","ŽRŒ§ŒS–kL“‡’¬","343690038000","V¯","34.764635","132.497372","0","1"
"34","L“‡Œ§","34369","ŽRŒ§ŒS–kL“‡’¬","343690039000","V“s","34.659580","132.510888","0","1"
"34","L“‡Œ§","34369","ŽRŒ§ŒS–kL“‡’¬","343690040000","‘yX","34.717054","132.563208","0","1"
"34","L“‡Œ§","34369","ŽRŒ§ŒS–kL“‡’¬","343690041000","‚–ì","34.754056","132.370930","0","1"
"34","L“‡Œ§","34369","ŽRŒ§ŒS–kL“‡’¬","343690042000","“cŒ´","34.748413","132.439365","0","1"
"34","L“‡Œ§","34369","ŽRŒ§ŒS–kL“‡’¬","343690043000","“sŽuŒ©","34.647645","132.429583","0","1"
"34","L“‡Œ§","34369","ŽRŒ§ŒS–kL“‡’¬","343690044000","“y‹´","34.792461","132.256481","0","1"
"34","L“‡Œ§","34369","ŽRŒ§ŒS–kL“‡’¬","343690045000","Ž›Œ´","34.684372","132.497901","0","1"
"34","L“‡Œ§","34369","ŽRŒ§ŒS–kL“‡’¬","343690046000","ŒË’J","34.656804","132.374978","0","1"
"34","L“‡Œ§","34369","ŽRŒ§ŒS–kL“‡’¬","343690047000","’·ù","34.621218","132.384940","0","1"
"34","L“‡Œ§","34369","ŽRŒ§ŒS–kL“‡’¬","343690048000","’†‘c","34.723732","132.246063","0","1"
"34","L“‡Œ§","34369","ŽRŒ§ŒS–kL“‡’¬","343690049000","’†Œ´","34.680698","132.425772","0","1"
"34","L“‡Œ§","34369","ŽRŒ§ŒS–kL“‡’¬","343690050000","’†ŽR","34.739374","132.503574","0","1"
"34","L“‡Œ§","34369","ŽRŒ§ŒS–kL“‡’¬","343690051000","“ì–åŒ´","34.753424","132.280031","0","1"
"34","L“‡Œ§","34369","ŽRŒ§ŒS–kL“‡’¬","343690052000","¼@","34.670088","132.457246","0","1"
"34","L“‡Œ§","34369","ŽRŒ§ŒS–kL“‡’¬","343690053000","¼”ª”¦Œ´","34.710255","132.167744","0","1"
"34","L“‡Œ§","34369","ŽRŒ§ŒS–kL“‡’¬","343690054000","‹´ŽR","34.687687","132.252659","0","1"
"34","L“‡Œ§","34369","ŽRŒ§ŒS–kL“‡’¬","343690055000","t–Ø","34.694046","132.523440","0","1"
"34","L“‡Œ§","34369","ŽRŒ§ŒS–kL“‡’¬","343690056000","“Œ”ª”¦Œ´","34.709293","132.178874","0","1"
"34","L“‡Œ§","34369","ŽRŒ§ŒS–kL“‡’¬","343690057000","×Œ©","34.729440","132.314095","0","1"
"34","L“‡Œ§","34369","ŽRŒ§ŒS–kL“‡’¬","343690058000","–{’n","34.628465","132.505627","0","1"
"34","L“‡Œ§","34369","ŽRŒ§ŒS–kL“‡’¬","343690059000","­Š","34.719785","132.238169","0","1"
"34","L“‡Œ§","34369","ŽRŒ§ŒS–kL“‡’¬","343690060000","aŒû","34.700838","132.381188","0","1"
"34","L“‡Œ§","34369","ŽRŒ§ŒS–kL“‡’¬","343690061000","“ì•û","34.625862","132.550415","0","1"
"34","L“‡Œ§","34369","ŽRŒ§ŒS–kL“‡’¬","343690062000","p¶","34.684657","132.549040","0","1"
"34","L“‡Œ§","34369","ŽRŒ§ŒS–kL“‡’¬","343690063000","‹{”—","34.780451","132.504529","0","1"
"34","L“‡Œ§","34369","ŽRŒ§ŒS–kL“‡’¬","343690064000","‹{’n","34.733939","132.231520","0","1"
"34","L“‡Œ§","34369","ŽRŒ§ŒS–kL“‡’¬","343690065000","•‘j","34.715667","132.491985","0","1"
"34","L“‡Œ§","34369","ŽRŒ§ŒS–kL“‡’¬","343690066000","’š•Û—]Œ´","34.670594","132.556039","0","1"
"34","L“‡Œ§","34369","ŽRŒ§ŒS–kL“‡’¬","343690067000","‹g–Ø","34.617016","132.415628","0","1"
"34","L“‡Œ§","34369","ŽRŒ§ŒS–kL“‡’¬","343690068000","•Ä‘ò","34.740076","132.354118","0","1"
"34","L“‡Œ§","34431","–L“cŒS‘åèã“‡’¬","344310001000","–¾Î","34.215049","132.865658","0","1"
"34","L“‡Œ§","34431","–L“cŒS‘åèã“‡’¬","344310002000","‘å‹ø","34.231046","132.857860","0","1"
"34","L“‡Œ§","34431","–L“cŒS‘åèã“‡’¬","344310003000","‰«‰Y","34.215906","132.899463","0","1"
"34","L“‡Œ§","34431","–L“cŒS‘åèã“‡’¬","344310004000","–Ø]","34.236084","132.910444","0","1"
"34","L“‡Œ§","34431","–L“cŒS‘åèã“‡’¬","344310005000","’†–ì","34.245741","132.883834","0","1"
"34","L“‡Œ§","34431","–L“cŒS‘åèã“‡’¬","344310006000","Œ´“c","34.231505","132.875267","0","1"
"34","L“‡Œ§","34431","–L“cŒS‘åèã“‡’¬","344310007000","“Œ–ì","34.263558","132.921579","0","1"
"34","L“‡Œ§","34462","¢—…ŒS¢—…’¬","344620001000","‘åŽšÂ‹ß","34.642261","133.082553","0","1"
"34","L“‡Œ§","34462","¢—…ŒS¢—…’¬","344620002000","‘åŽšÂ…","34.594093","132.977510","0","1"
"34","L“‡Œ§","34462","¢—…ŒS¢—…’¬","344620003000","‘åŽšÂŽR","34.569350","133.028110","0","1"
"34","L“‡Œ§","34462","¢—…ŒS¢—…’¬","344620004000","‘åŽšÔ‰®","34.612957","133.065016","0","1"
"34","L“‡Œ§","34462","¢—…ŒS¢—…’¬","344620005000","‘åŽšˆÉ”ö","34.630508","133.105232","0","1"
"34","L“‡Œ§","34462","¢—…ŒS¢—…’¬","344620006000","‘åŽšˆäÜ","34.609124","133.046530","0","1"
"34","L“‡Œ§","34462","¢—…ŒS¢—…’¬","344620007000","‘åŽš‰F’ÃŒË","34.558824","133.106966","0","1"
"34","L“‡Œ§","34462","¢—…ŒS¢—…’¬","344620008000","‘åŽš¬‘","34.613460","132.926726","0","1"
"34","L“‡Œ§","34462","¢—…ŒS¢—…’¬","344620009000","‘åŽš¬¢—Ç","34.570037","133.073413","0","1"
"34","L“‡Œ§","34462","¢—…ŒS¢—…’¬","344620010000","‘åŽš¬’J","34.611970","133.138800","0","1"
"34","L“‡Œ§","34462","¢—…ŒS¢—…’¬","344620011000","‘åŽšã’Ã“c","34.661151","132.891166","0","1"
"34","L“‡Œ§","34462","¢—…ŒS¢—…’¬","344620012000","‘åŽš‰ê–Î","34.570346","132.976264","0","1"
"34","L“‡Œ§","34462","¢—…ŒS¢—…’¬","344620013000","‘åŽšìK","34.591292","133.105876","0","1"
"34","L“‡Œ§","34462","¢—…ŒS¢—…’¬","344620014000","‘åŽš‹žŠÛ","34.607525","132.994767","0","1"
"34","L“‡Œ§","34462","¢—…ŒS¢—…’¬","344620015000","‘åŽš•ì","34.614472","132.896050","0","1"
"34","L“‡Œ§","34462","¢—…ŒS¢—…’¬","344620016000","‘åŽš•Ÿº","34.621481","132.976155","0","1"
"34","L“‡Œ§","34462","¢—…ŒS¢—…’¬","344620017000","‘åŽšbŽR","34.582626","133.058096","0","1"
"34","L“‡Œ§","34462","¢—…ŒS¢—…’¬","344620018000","‘åŽšŽO˜YŠÛ","34.577394","133.024422","0","1"
"34","L“‡Œ§","34462","¢—…ŒS¢—…’¬","344620019000","‘åŽšd‰i","34.575622","133.002804","0","1"
"34","L“‡Œ§","34462","¢—…ŒS¢—…’¬","344620020000","‘åŽš‰º’Ã“c","34.659562","132.916143","0","1"
"34","L“‡Œ§","34462","¢—…ŒS¢—…’¬","344620021000","‘åŽš’ÃŒû","34.598778","132.956593","0","1"
"34","L“‡Œ§","34462","¢—…ŒS¢—…’¬","344620022000","‘åŽšŽ›’¬","34.608016","133.019260","0","1"
"34","L“‡Œ§","34462","¢—…ŒS¢—…’¬","344620023000","‘åŽš“c‘Å","34.559045","133.022185","0","1"
"34","L“‡Œ§","34462","¢—…ŒS¢—…’¬","344620024000","‘åŽš“¿Žs","34.646622","132.984859","0","1"
"34","L“‡Œ§","34462","¢—…ŒS¢—…’¬","344620025000","‘åŽšŒË’£","34.664519","133.009425","0","1"
"34","L“‡Œ§","34462","¢—…ŒS¢—…’¬","344620026000","‘åŽš’†","34.621603","132.881090","0","1"
"34","L“‡Œ§","34462","¢—…ŒS¢—…’¬","344620027000","‘åŽš’·“c","34.662266","132.936321","0","1"
"34","L“‡Œ§","34462","¢—…ŒS¢—…’¬","344620028000","‘åŽš’†Œ´","34.581731","133.015565","0","1"
"34","L“‡Œ§","34462","¢—…ŒS¢—…’¬","344620029000","‘åŽš¼ãŒ´","34.594553","133.067738","0","1"
"34","L“‡Œ§","34462","¢—…ŒS¢—…’¬","344620030000","‘åŽš¼_è","34.577332","133.038849","0","1"
"34","L“‡Œ§","34462","¢—…ŒS¢—…’¬","344620031000","‘åŽš“ŒãŒ´","34.610972","133.080774","0","1"
"34","L“‡Œ§","34462","¢—…ŒS¢—…’¬","344620032000","‘åŽš“Œ_è","34.569268","133.048262","0","1"
"34","L“‡Œ§","34462","¢—…ŒS¢—…’¬","344620033000","‘åŽš•Ê”—","34.640309","133.058090","0","1"
"34","L“‡Œ§","34462","¢—…ŒS¢—…’¬","344620034000","‘åŽš–x‰z","34.590805","133.023793","0","1"
"34","L“‡Œ§","34462","¢—…ŒS¢—…’¬","344620035000","‘åŽš–{‹½","34.605415","133.036425","0","1"
"34","L“‡Œ§","34462","¢—…ŒS¢—…’¬","344620036000","‘åŽšˆÀ“c","34.642380","133.018613","0","1"
"34","L“‡Œ§","34462","¢—…ŒS¢—…’¬","344620037000","‘åŽšŽR’†•Ÿ“c","34.639100","132.949968","0","1"
"34","L“‡Œ§","34462","¢—…ŒS¢—…’¬","344620038000","‘åŽš‹gŒ´","34.605477","132.886422","0","1"
"34","L“‡Œ§","34545","_ÎŒS_Î‚Œ´’¬","345450001000","‘Š“n","34.841032","133.187456","0","1"
"34","L“‡Œ§","34545","_ÎŒS_Î‚Œ´’¬","345450002000","ˆ¢‰º","34.733307","133.226369","0","1"
"34","L“‡Œ§","34545","_ÎŒS_Î‚Œ´’¬","345450003000","—L–Ø","34.800072","133.355674","0","1"
"34","L“‡Œ§","34545","_ÎŒS_Î‚Œ´’¬","345450004000","ˆäŠÖ","34.692154","133.286487","0","1"
"34","L“‡Œ§","34545","_ÎŒS_Î‚Œ´’¬","345450005000","ã–ì","34.719544","133.344759","0","1"
"34","L“‡Œ§","34545","_ÎŒS_Î‚Œ´’¬","345450006000","‘å–î","34.716094","133.289706","0","1"
"34","L“‡Œ§","34545","_ÎŒS_Î‚Œ´’¬","345450007000","¬–ì","34.835285","133.312667","0","1"
"34","L“‡Œ§","34545","_ÎŒS_Î‚Œ´’¬","345450008000","ã","34.696094","133.233320","0","1"
"34","L“‡Œ§","34545","_ÎŒS_Î‚Œ´’¬","345450009000","ã–L¼","34.761622","133.325900","0","1"
"34","L“‡Œ§","34545","_ÎŒS_Î‚Œ´’¬","345450010000","‹TÎ","34.687723","133.263787","0","1"
"34","L“‡Œ§","34545","_ÎŒS_Î‚Œ´’¬","345450011000","–Ø’Ã˜a","34.719499","133.193572","0","1"
"34","L“‡Œ§","34545","_ÎŒS_Î‚Œ´’¬","345450012000","‘–Ø","34.774048","133.216000","0","1"
"34","L“‡Œ§","34545","_ÎŒS_Î‚Œ´’¬","345450013000","ŒK–Ø","34.659562","133.210704","0","1"
"34","L“‡Œ§","34545","_ÎŒS_Î‚Œ´’¬","345450014000","¬”©","34.710162","133.256844","0","1"
"34","L“‡Œ§","34545","_ÎŒS_Î‚Œ´’¬","345450015000","â£ì","34.659054","133.309573","0","1"
"34","L“‡Œ§","34545","_ÎŒS_Î‚Œ´’¬","345450016000","ù”ö","34.801800","133.315629","0","1"
"34","L“‡Œ§","34545","_ÎŒS_Î‚Œ´’¬","345450017000","ŠKŒ©","34.673743","133.195014","0","1"
"34","L“‡Œ§","34545","_ÎŒS_Î‚Œ´’¬","345450018000","‰º–L¼","34.772845","133.347157","0","1"
"34","L“‡Œ§","34545","_ÎŒS_Î‚Œ´’¬","345450019000","V–Æ","34.832104","133.279923","0","1"
"34","L“‡Œ§","34545","_ÎŒS_Î‚Œ´’¬","345450020000","—›","34.744540","133.292973","0","1"
"34","L“‡Œ§","34545","_ÎŒS_Î‚Œ´’¬","345450021000","‚ŠW","34.694410","133.206004","0","1"
"34","L“‡Œ§","34545","_ÎŒS_Î‚Œ´’¬","345450022000","‚Œõ","34.804649","133.198170","0","1"
"34","L“‡Œ§","34545","_ÎŒS_Î‚Œ´’¬","345450023000","“c“ª","34.733744","133.177433","0","1"
"34","L“‡Œ§","34545","_ÎŒS_Î‚Œ´’¬","345450024000","‹ß“c","34.732186","133.325982","0","1"
"34","L“‡Œ§","34545","_ÎŒS_Î‚Œ´’¬","345450025000","•ƒ–Ø–ì","34.662670","133.243521","0","1"
"34","L“‡Œ§","34545","_ÎŒS_Î‚Œ´’¬","345450026000","íŒõ","34.687489","133.248939","0","1"
"34","L“‡Œ§","34545","_ÎŒS_Î‚Œ´’¬","345450027000","ŽžˆÀ","34.689671","133.332717","0","1"
"34","L“‡Œ§","34545","_ÎŒS_Î‚Œ´’¬","345450028000","’†•½","34.789267","133.341978","0","1"
"34","L“‡Œ§","34545","_ÎŒS_Î‚Œ´’¬","345450029000","‰i–ì","34.816813","133.221187","0","1"
"34","L“‡Œ§","34545","_ÎŒS_Î‚Œ´’¬","345450030000","‰ÔÏ","34.748798","133.360985","0","1"
"34","L“‡Œ§","34545","_ÎŒS_Î‚Œ´’¬","345450031000","•Ÿ‰i","34.787779","133.158731","0","1"
"34","L“‡Œ§","34545","_ÎŒS_Î‚Œ´’¬","345450032000","ŒÃì","34.822961","133.158246","0","1"
"34","L“‡Œ§","34545","_ÎŒS_Î‚Œ´’¬","345450033000","–q","34.757257","133.185066","0","1"
"34","L“‡Œ§","34545","_ÎŒS_Î‚Œ´’¬","345450034000","Œõ––","34.683436","133.232898","0","1"
"34","L“‡Œ§","34545","_ÎŒS_Î‚Œ´’¬","345450035000","ŒõM","34.693430","133.216900","0","1"
"34","L“‡Œ§","34545","_ÎŒS_Î‚Œ´’¬","345450036000","ˆÀ“c","34.750544","133.260776","0","1"
"34","L“‡Œ§","34545","_ÎŒS_Î‚Œ´’¬","345450037000","–û–Ø","34.791387","133.277678","0","1"
