"都道府県コード","都道府県名","市区町村コード","市区町村名","大字町丁目コード","大字町丁目名","緯度","経度","原典資料コード","大字・字・丁目区分コード"
"16","富山県","16201","富山市","162010383001 ","つばめ野一丁目","36.751656","137.189346","0","3"
"16","富山県","16201","富山市","162010383002 ","つばめ野二丁目","36.753789","137.189756","0","3"
"16","富山県","16201","富山市","162010383003 ","つばめ野三丁目","36.753198","137.192427","0","3"
"16","富山県","16201","富山市","162010544000 ","ひよどり南台","36.691940","137.190572","0","1"
"16","富山県","16201","富山市","162010017001 ","愛宕町一丁目","36.699121","137.206516","0","3"
"16","富山県","16201","富山市","162010017002 ","愛宕町二丁目","36.698199","137.206228","0","3"
"16","富山県","16201","富山市","162010011000 ","悪王寺","36.632593","137.217506","0","1"
"16","富山県","16201","富山市","162010014000 ","旭町","36.686068","137.228201","0","1"
"16","富山県","16201","富山市","162010015000 ","芦生","36.541608","137.240920","0","1"
"16","富山県","16201","富山市","162010002001 ","綾田町一丁目","36.702108","137.236682","0","3"
"16","富山県","16201","富山市","162010002002 ","綾田町二丁目","36.698900","137.234088","0","3"
"16","富山県","16201","富山市","162010002003 ","綾田町三丁目","36.696560","137.235293","0","3"
"16","富山県","16201","富山市","162010027001 ","粟島町一丁目","36.724309","137.227712","0","3"
"16","富山県","16201","富山市","162010027002 ","粟島町二丁目","36.722866","137.230212","0","3"
"16","富山県","16201","富山市","162010027003 ","粟島町三丁目","36.720056","137.228534","0","3"
"16","富山県","16201","富山市","162010016000 ","安住町","36.695503","137.209567","0","1"
"16","富山県","16201","富山市","162010028000 ","安蔵","36.565851","137.324850","0","1"
"16","富山県","16201","富山市","162010809000 ","安田町","36.698052","137.208669","0","1"
"16","富山県","16201","富山市","162010810001 ","安野屋町一丁目","36.692841","137.200862","0","3"
"16","富山県","16201","富山市","162010810002 ","安野屋町二丁目","36.692780","137.204277","0","3"
"16","富山県","16201","富山市","162010810003 ","安野屋町三丁目","36.691528","137.202474","0","3"
"16","富山県","16201","富山市","162010029000 ","安養寺","36.627044","137.211446","0","1"
"16","富山県","16201","富山市","162010030000 ","安養坊","36.709167","137.189062","0","1"
"16","富山県","16201","富山市","162010032000 ","庵谷","36.504739","137.215814","0","1"
"16","富山県","16201","富山市","162010043001 ","磯部町一丁目","36.689427","137.200965","0","3"
"16","富山県","16201","富山市","162010043002 ","磯部町二丁目","36.687399","137.202734","0","3"
"16","富山県","16201","富山市","162010043003 ","磯部町三丁目","36.685761","137.202692","0","3"
"16","富山県","16201","富山市","162010043004 ","磯部町四丁目","36.683985","137.202936","0","3"
"16","富山県","16201","富山市","162010045000 ","一番町","36.688591","137.212192","0","1"
"16","富山県","16201","富山市","162010046000 ","一本木","36.715496","137.270044","0","1"
"16","富山県","16201","富山市","162010048000 ","稲荷園町","36.698884","137.229395","0","1"
"16","富山県","16201","富山市","162010050001 ","稲荷元町一丁目","36.696976","137.226916","0","3"
"16","富山県","16201","富山市","162010050002 ","稲荷元町二丁目","36.696721","137.229481","0","3"
"16","富山県","16201","富山市","162010050003 ","稲荷元町三丁目","36.700114","137.228206","0","3"
"16","富山県","16201","富山市","162010049001 ","稲荷町一丁目","36.694986","137.226346","0","3"
"16","富山県","16201","富山市","162010049002 ","稲荷町二丁目","36.695084","137.229065","0","3"
"16","富山県","16201","富山市","162010049003 ","稲荷町三丁目","36.695025","137.231664","0","3"
"16","富山県","16201","富山市","162010049004 ","稲荷町四丁目","36.695959","137.233315","0","3"
"16","富山県","16201","富山市","162010047000 ","稲代","36.572614","137.194961","0","1"
"16","富山県","16201","富山市","162010150000 ","隠土","36.561378","137.338802","0","1"
"16","富山県","16201","富山市","162010516000 ","羽根","36.680136","137.183910","0","1"
"16","富山県","16201","富山市","162010097000 ","荏原新町","36.695047","137.264688","0","1"
"16","富山県","16201","富山市","162010250000 ","栄新町","36.687491","137.259702","0","1"
"16","富山県","16201","富山市","162010251001 ","栄町一丁目","36.692687","137.232426","0","3"
"16","富山県","16201","富山市","162010251002 ","栄町二丁目","36.691335","137.232084","0","3"
"16","富山県","16201","富山市","162010251003 ","栄町三丁目","36.690060","137.232118","0","3"
"16","富山県","16201","富山市","162010094000 ","永楽町","36.703907","137.221417","0","1"
"16","富山県","16201","富山市","162010412000 ","永久町","36.748974","137.247765","0","1"
"16","富山県","16201","富山市","162010095000 ","越前町","36.688680","137.210540","0","1"
"16","富山県","16201","富山市","162010262000 ","塩","36.600870","137.190869","0","1"
"16","富山県","16201","富山市","162010116000 ","於保多町","36.694020","137.226409","0","1"
"16","富山県","16201","富山市","162010133000 ","奥井町","36.703339","137.225790","0","1"
"16","富山県","16201","富山市","162010139000 ","奥山","36.481137","137.299880","0","1"
"16","富山県","16201","富山市","162010134000 ","奥田寿町","36.705765","137.219996","0","1"
"16","富山県","16201","富山市","162010135000 ","奥田新町","36.705496","137.217277","0","1"
"16","富山県","16201","富山市","162010136000 ","奥田双葉町","36.708243","137.219281","0","1"
"16","富山県","16201","富山市","162010138000 ","奥田町","36.710831","137.220050","0","1"
"16","富山県","16201","富山市","162010137000 ","奥田本町","36.713744","137.221290","0","1"
"16","富山県","16201","富山市","162010142000 ","押上","36.612598","137.186633","0","1"
"16","富山県","16201","富山市","162011019000 ","横越","36.750320","137.288887","1","1"
"16","富山県","16201","富山市","162011018000 ","横内","36.660196","137.259311","0","1"
"16","富山県","16201","富山市","162011020000 ","横樋","36.571326","137.218755","0","1"
"16","富山県","16201","富山市","162010132000 ","岡田","36.579256","137.330158","0","1"
"16","富山県","16201","富山市","162010144001 ","音羽町一丁目","36.689726","137.227784","0","3"
"16","富山県","16201","富山市","162010144002 ","音羽町二丁目","36.689918","137.229974","0","3"
"16","富山県","16201","富山市","162010264000 ","下タ林","36.567484","137.197550","0","1"
"16","富山県","16201","富山市","162010276001 ","下奥井一丁目","36.713334","137.225702","0","3"
"16","富山県","16201","富山市","162010276002 ","下奥井二丁目","36.710018","137.226712","0","3"
"16","富山県","16201","富山市","162010277000 ","下熊野","36.632888","137.210239","0","1"
"16","富山県","16201","富山市","162010279000 ","下新西町","36.716158","137.211183","0","1"
"16","富山県","16201","富山市","162010282000 ","下新町","36.711290","137.215825","0","1"
"16","富山県","16201","富山市","162010280000 ","下新日曹町","36.719016","137.211257","0","1"
"16","富山県","16201","富山市","162010278000 ","下新北町","36.718036","137.219391","0","1"
"16","富山県","16201","富山市","162010281000 ","下新本町","36.714609","137.217101","0","1"
"16","富山県","16201","富山市","162010271000 ","下赤江","36.710470","137.237484","0","1"
"16","富山県","16201","富山市","162010272001 ","下赤江町一丁目","36.714658","137.235505","0","3"
"16","富山県","16201","富山市","162010272002 ","下赤江町二丁目","36.716465","137.230855","0","3"
"16","富山県","16201","富山市","162010283000 ","下双嶺","36.549601","137.272469","0","1"
"16","富山県","16201","富山市","162010274000 ","下大浦","36.608953","137.262006","0","1"
"16","富山県","16201","富山市","162010275000 ","下大久保","36.610578","137.207287","0","1"
"16","富山県","16201","富山市","162010273000 ","下飯野","36.737812","137.260738","0","1"
"16","富山県","16201","富山市","162010286000 ","下番","36.632327","137.273314","0","1"
"16","富山県","16201","富山市","162010287000 ","下冨居","36.720221","137.241387","0","1"
"16","富山県","16201","富山市","162010288001 ","下冨居一丁目","36.721631","137.238735","0","3"
"16","富山県","16201","富山市","162010288002 ","下冨居二丁目","36.717235","137.236394","0","3"
"16","富山県","16201","富山市","162010229000 ","下伏","36.548203","137.187360","0","1"
"16","富山県","16201","富山市","162010289000 ","下堀","36.659111","137.228257","0","1"
"16","富山県","16201","富山市","162010284000 ","下野","36.692197","137.181983","0","1"
"16","富山県","16201","富山市","162010285000 ","下野新","36.690768","137.176146","0","1"
"16","富山県","16201","富山市","162010153000 ","加賀沢","36.443882","137.211063","0","1"
"16","富山県","16201","富山市","162010169000 ","加納","36.580511","137.192276","0","1"
"16","富山県","16201","富山市","162010193000 ","河内","36.515599","137.315149","0","1"
"16","富山県","16201","富山市","162010514001 ","花園町一丁目","36.682243","137.209720","0","3"
"16","富山県","16201","富山市","162010514002 ","花園町二丁目","36.681120","137.209005","0","3"
"16","富山県","16201","富山市","162010514003 ","花園町三丁目","36.680072","137.209260","0","3"
"16","富山県","16201","富山市","162010514004 ","花園町四丁目","36.680342","137.205748","0","3"
"16","富山県","16201","富山市","162010513000 ","花崎","36.607928","137.286327","0","1"
"16","富山県","16201","富山市","162010515000 ","花木","36.700810","137.149807","0","1"
"16","富山県","16201","富山市","162010151000 ","海岸通","36.757998","137.250900","0","1"
"16","富山県","16201","富山市","162010168000 ","蟹寺","36.456481","137.232663","0","1"
"16","富山県","16201","富山市","162010547000 ","開","36.681456","137.262161","0","1"
"16","富山県","16201","富山市","162010548000 ","開ヶ丘","36.674991","137.118137","0","1"
"16","富山県","16201","富山市","162010152000 ","開発","36.631827","137.247743","0","1"
"16","富山県","16201","富山市","162010154000 ","掛尾栄町","36.667628","137.207264","0","1"
"16","富山県","16201","富山市","162010155000 ","掛尾町","36.664432","137.209706","0","1"
"16","富山県","16201","富山市","162011031000 ","割山","36.542813","137.216395","0","1"
"16","富山県","16201","富山市","162010381000 ","葛原","36.569198","137.181300","0","1"
"16","富山県","16201","富山市","162010326000 ","関","36.643782","137.248408","0","1"
"16","富山県","16201","富山市","162010349001 ","館出町一丁目","36.693758","137.228779","0","3"
"16","富山県","16201","富山市","162010349002 ","館出町二丁目","36.693964","137.231883","0","3"
"16","富山県","16201","富山市","162010707001 ","丸の内一丁目","36.693215","137.208415","0","3"
"16","富山県","16201","富山市","162010707002 ","丸の内二丁目","36.691330","137.208016","0","3"
"16","富山県","16201","富山市","162010707003 ","丸の内三丁目","36.691753","137.209752","0","3"
"16","富山県","16201","富山市","162010060000 ","岩稲","36.548773","137.222872","0","1"
"16","富山県","16201","富山市","162010070000 ","岩瀬古志町","36.761358","137.236702","0","1"
"16","富山県","16201","富山市","162010068000 ","岩瀬御蔵町","36.753443","137.230350","0","1"
"16","富山県","16201","富山市","162010079000 ","岩瀬港町","36.758944","137.228439","0","1"
"16","富山県","16201","富山市","162010072000 ","岩瀬高畠町","36.751219","137.232526","0","1"
"16","富山県","16201","富山市","162010078000 ","岩瀬松原町","36.759598","137.231062","0","1"
"16","富山県","16201","富山市","162010071000 ","岩瀬諏訪町","36.762956","137.230258","0","1"
"16","富山県","16201","富山市","162010063000 ","岩瀬赤田町","36.753216","137.235056","0","1"
"16","富山県","16201","富山市","162010077000 ","岩瀬前田町","36.755447","137.239614","0","1"
"16","富山県","16201","富山市","162010065000 ","岩瀬池田町","36.756616","137.236135","0","1"
"16","富山県","16201","富山市","162010073000 ","岩瀬天神町","36.762677","137.234006","0","1"
"16","富山県","16201","富山市","162010064000 ","岩瀬天池町","36.759824","137.240141","0","1"
"16","富山県","16201","富山市","162010066000 ","岩瀬入船町","36.760422","137.229195","0","1"
"16","富山県","16201","富山市","162010067000 ","岩瀬梅本町","36.758378","137.230556","0","1"
"16","富山県","16201","富山市","162010074000 ","岩瀬萩浦町","36.760191","137.230167","0","1"
"16","富山県","16201","富山市","162010075000 ","岩瀬白山町","36.757469","137.232759","0","1"
"16","富山県","16201","富山市","162010069000 ","岩瀬表町","36.756527","137.230465","0","1"
"16","富山県","16201","富山市","162010076000 ","岩瀬文化町","36.755761","137.231614","0","1"
"16","富山県","16201","富山市","162010061000 ","岩木","36.580378","137.183360","0","1"
"16","富山県","16201","富山市","162010062000 ","岩木新","36.580338","137.186564","0","1"
"16","富山県","16201","富山市","162010195000 ","願海寺","36.717634","137.140944","0","1"
"16","富山県","16201","富山市","162010192000 ","亀谷","36.543125","137.440678","0","1"
"16","富山県","16201","富山市","162011021000 ","吉岡","36.628751","137.233187","0","1"
"16","富山県","16201","富山市","162011023000 ","吉作","36.704961","137.161439","0","1"
"16","富山県","16201","富山市","162011022000 ","吉倉","36.622760","137.188890","0","1"
"16","富山県","16201","富山市","162011024000 ","吉野","36.493209","137.251306","0","1"
"16","富山県","16201","富山市","162010213000 ","久郷","36.684693","137.179588","0","1"
"16","富山県","16201","富山市","162010539000 ","久方町","36.709051","137.223080","0","1"
"16","富山県","16201","富山市","162010790000 ","宮園町","36.726862","137.260888","0","1"
"16","富山県","16201","富山市","162010789000 ","宮条","36.737512","137.273260","0","1"
"16","富山県","16201","富山市","162010791000 ","宮成","36.726423","137.272672","0","1"
"16","富山県","16201","富山市","162010792000 ","宮成新","36.723459","137.274603","0","1"
"16","富山県","16201","富山市","162010794000 ","宮町","36.729223","137.258851","0","1"
"16","富山県","16201","富山市","162010788000 ","宮尾","36.727973","137.203206","0","1"
"16","富山県","16201","富山市","162010793000 ","宮保","36.627646","137.220771","0","1"
"16","富山県","16201","富山市","162010080000 ","牛ケ増","36.552687","137.227491","0","1"
"16","富山県","16201","富山市","162010081000 ","牛島新町","36.702671","137.217113","0","1"
"16","富山県","16201","富山市","162010082000 ","牛島町","36.703405","137.214224","0","1"
"16","富山県","16201","富山市","162010083001 ","牛島本町一丁目","36.705885","137.211430","0","3"
"16","富山県","16201","富山市","162010083002 ","牛島本町二丁目","36.708727","137.208813","0","3"
"16","富山県","16201","富山市","162010249000 ","境野新","36.675756","137.131985","0","1"
"16","富山県","16201","富山市","162010232000 ","興人町","36.725233","137.215024","0","1"
"16","富山県","16201","富山市","162010160000 ","金屋","36.690421","137.164291","0","1"
"16","富山県","16201","富山市","162010161000 ","金山新","36.740773","137.207482","0","1"
"16","富山県","16201","富山市","162010163000 ","金山新桜ヶ丘","36.740204","137.217203","0","1"
"16","富山県","16201","富山市","162010165000 ","金山新西","36.742443","137.201590","0","1"
"16","富山県","16201","富山市","162010164000 ","金山新中","36.738715","137.205564","0","1"
"16","富山県","16201","富山市","162010166000 ","金山新東","36.737903","137.217055","0","1"
"16","富山県","16201","富山市","162010167000 ","金山新南","36.731403","137.214589","0","1"
"16","富山県","16201","富山市","162010162000 ","金山新北","36.744896","137.205138","0","1"
"16","富山県","16201","富山市","162010211000 ","金泉寺","36.722621","137.262825","0","1"
"16","富山県","16201","富山市","162010159000 ","金代","36.688975","137.260456","0","1"
"16","富山県","16201","富山市","162010212000 ","銀嶺町","36.750061","137.252054","0","1"
"16","富山県","16201","富山市","162010246000 ","駒見","36.705169","137.202627","0","1"
"16","富山県","16201","富山市","162010216000 ","窪新町","36.705620","137.232084","0","1"
"16","富山県","16201","富山市","162010217000 ","窪本町","36.701979","137.230000","0","1"
"16","富山県","16201","富山市","162010219000 ","栗山","36.623850","137.204757","0","1"
"16","富山県","16201","富山市","162010228000 ","桑原","36.615359","137.265305","0","1"
"16","富山県","16201","富山市","162010206000 ","経田","36.650128","137.189503","0","1"
"16","富山県","16201","富山市","162010207000 ","経堂","36.690890","137.253097","0","1"
"16","富山県","16201","富山市","162010208001 ","経堂一丁目","36.686535","137.253211","0","3"
"16","富山県","16201","富山市","162010208002 ","経堂二丁目","36.687039","137.254914","0","3"
"16","富山県","16201","富山市","162010208003 ","経堂三丁目","36.689992","137.252624","0","3"
"16","富山県","16201","富山市","162010208004 ","経堂四丁目","36.691737","137.250713","0","3"
"16","富山県","16201","富山市","162010209000 ","経堂新町","36.686062","137.257027","0","1"
"16","富山県","16201","富山市","162010210000 ","経力","36.637347","137.224134","0","1"
"16","富山県","16201","富山市","162010375000 ","月岡新","36.626483","137.239734","0","1"
"16","富山県","16201","富山市","162010376000 ","月岡西緑町","36.618713","137.246470","0","1"
"16","富山県","16201","富山市","162010378001 ","月岡町一丁目","36.624109","137.267796","0","3"
"16","富山県","16201","富山市","162010378002 ","月岡町二丁目","36.623876","137.262716","0","3"
"16","富山県","16201","富山市","162010378003 ","月岡町三丁目","36.630471","137.261972","0","3"
"16","富山県","16201","富山市","162010378004 ","月岡町四丁目","36.624198","137.254792","0","3"
"16","富山県","16201","富山市","162010378005 ","月岡町五丁目","36.629385","137.253396","0","3"
"16","富山県","16201","富山市","162010378006 ","月岡町六丁目","36.635760","137.240102","0","3"
"16","富山県","16201","富山市","162010378007 ","月岡町七丁目","36.637336","137.246067","0","3"
"16","富山県","16201","富山市","162010377001 ","月岡東緑町一丁目","36.616703","137.254737","0","3"
"16","富山県","16201","富山市","162010377002 ","月岡東緑町二丁目","36.616074","137.256987","0","3"
"16","富山県","16201","富山市","162010377003 ","月岡東緑町三丁目","36.614624","137.256262","0","3"
"16","富山県","16201","富山市","162010377004 ","月岡東緑町四丁目","36.615047","137.253753","0","3"
"16","富山県","16201","富山市","162010379001 ","月見町一丁目","36.632869","137.241834","0","3"
"16","富山県","16201","富山市","162010379002 ","月見町二丁目","36.632290","137.243015","0","3"
"16","富山県","16201","富山市","162010379003 ","月見町三丁目","36.631230","137.243840","0","3"
"16","富山県","16201","富山市","162010379004 ","月見町四丁目","36.629876","137.245035","0","3"
"16","富山県","16201","富山市","162010379005 ","月見町五丁目","36.627705","137.246402","0","3"
"16","富山県","16201","富山市","162010379006 ","月見町六丁目","36.626915","137.245135","0","3"
"16","富山県","16201","富山市","162010379007 ","月見町七丁目","36.626118","137.248184","0","3"
"16","富山県","16201","富山市","162010051001 ","犬島一丁目","36.738539","137.228392","0","3"
"16","富山県","16201","富山市","162010051002 ","犬島二丁目","36.737881","137.233266","0","3"
"16","富山県","16201","富山市","162010051003 ","犬島三丁目","36.735752","137.234603","0","3"
"16","富山県","16201","富山市","162010051004 ","犬島四丁目","36.736107","137.231420","0","3"
"16","富山県","16201","富山市","162010051005 ","犬島五丁目","36.734228","137.232115","0","3"
"16","富山県","16201","富山市","162010051006 ","犬島六丁目","36.733273","137.233503","0","3"
"16","富山県","16201","富山市","162010051007 ","犬島七丁目","36.732512","137.234180","0","3"
"16","富山県","16201","富山市","162010052001 ","犬島新町一丁目","36.736304","137.228170","0","3"
"16","富山県","16201","富山市","162010052002 ","犬島新町二丁目","36.734981","137.229326","0","3"
"16","富山県","16201","富山市","162010800001 ","元町一丁目","36.688551","137.228412","0","3"
"16","富山県","16201","富山市","162010800002 ","元町二丁目","36.688996","137.231294","0","3"
"16","富山県","16201","富山市","162010519000 ","原","36.570221","137.412757","0","1"
"16","富山県","16201","富山市","162010236001 ","古志町一丁目","36.757433","137.275270","0","3"
"16","富山県","16201","富山市","162010236002 ","古志町二丁目","36.755983","137.274837","0","3"
"16","富山県","16201","富山市","162010236003 ","古志町三丁目","36.754655","137.274047","0","3"
"16","富山県","16201","富山市","162010236004 ","古志町四丁目","36.753314","137.273480","0","3"
"16","富山県","16201","富山市","162010236005 ","古志町五丁目","36.755246","137.271248","0","3"
"16","富山県","16201","富山市","162010236006 ","古志町六丁目","36.753916","137.270791","0","3"
"16","富山県","16201","富山市","162010672000 ","古寺","36.671999","137.263134","0","1"
"16","富山県","16201","富山市","162010670000 ","古川","36.749356","137.206777","0","1"
"16","富山県","16201","富山市","162010671000 ","古沢","36.689307","137.145691","0","1"
"16","富山県","16201","富山市","162010669000 ","古鍛冶町","36.687248","137.217279","0","1"
"16","富山県","16201","富山市","162010243000 ","五番町","36.686938","137.220073","0","1"
"16","富山県","16201","富山市","162010244000 ","五福","36.700942","137.192330","0","1"
"16","富山県","16201","富山市","162010245000 ","五本榎","36.716577","137.259913","0","1"
"16","富山県","16201","富山市","162010239000 ","五艘","36.708259","137.194788","0","1"
"16","富山県","16201","富山市","162010222000 ","呉羽町","36.714407","137.169750","0","1"
"16","富山県","16201","富山市","162010224000 ","呉羽町西","36.719745","137.164762","0","1"
"16","富山県","16201","富山市","162010223000 ","呉羽町北","36.722598","137.171645","0","1"
"16","富山県","16201","富山市","162010221000 ","呉羽野田","36.734756","137.170864","0","1"
"16","富山県","16201","富山市","162010218000 ","公文名","36.677101","137.234377","0","1"
"16","富山県","16201","富山市","162010795000 ","向新庄","36.696902","137.266797","0","1"
"16","富山県","16201","富山市","162010796001 ","向新庄町一丁目","36.700667","137.261637","0","3"
"16","富山県","16201","富山市","162010796002 ","向新庄町二丁目","36.700839","137.266673","0","3"
"16","富山県","16201","富山市","162010796003 ","向新庄町三丁目","36.701401","137.272269","0","3"
"16","富山県","16201","富山市","162010796004 ","向新庄町四丁目","36.704977","137.268366","0","3"
"16","富山県","16201","富山市","162010796005 ","向新庄町五丁目","36.705609","137.265307","0","3"
"16","富山県","16201","富山市","162010796006 ","向新庄町六丁目","36.705413","137.262765","0","3"
"16","富山県","16201","富山市","162010796007 ","向新庄町七丁目","36.711269","137.265665","0","3"
"16","富山県","16201","富山市","162010796008 ","向新庄町八丁目","36.709894","137.268557","0","3"
"16","富山県","16201","富山市","162010797000 ","向川原町","36.691619","137.221178","0","1"
"16","富山県","16201","富山市","162010096000 ","江本","36.618547","137.237831","0","1"
"16","富山県","16201","富山市","162010018000 ","荒川","36.689190","137.256609","0","1"
"16","富山県","16201","富山市","162010019001 ","荒川一丁目","36.700163","137.247269","0","3"
"16","富山県","16201","富山市","162010019002 ","荒川二丁目","36.697671","137.248801","0","3"
"16","富山県","16201","富山市","162010019003 ","荒川三丁目","36.695476","137.247667","0","3"
"16","富山県","16201","富山市","162010019004 ","荒川四丁目","36.693627","137.246795","0","3"
"16","富山県","16201","富山市","162010019005 ","荒川五丁目","36.694967","137.251694","0","3"
"16","富山県","16201","富山市","162010020000 ","荒川新町","36.693536","137.249720","0","1"
"16","富山県","16201","富山市","162010021000 ","荒町","36.690957","137.215875","0","1"
"16","富山県","16201","富山市","162010343000 ","高園町","36.726201","137.232208","0","1"
"16","富山県","16201","富山市","162010346000 ","高屋敷","36.669354","137.246224","0","1"
"16","富山県","16201","富山市","162010344000 ","高田","36.685075","137.185192","0","1"
"16","富山県","16201","富山市","162010342000 ","高島","36.737602","137.268754","0","1"
"16","富山県","16201","富山市","162010337000 ","高内","36.578049","137.202249","0","1"
"16","富山県","16201","富山市","162010345001 ","高畠町一丁目","36.750259","137.231120","0","3"
"16","富山県","16201","富山市","162010345002 ","高畠町二丁目","36.747738","137.229646","0","3"
"16","富山県","16201","富山市","162010338000 ","高木","36.723722","137.163119","0","1"
"16","富山県","16201","富山市","162010339000 ","高木西","36.722463","137.157942","0","1"
"16","富山県","16201","富山市","162010340000 ","高木東","36.726614","137.168268","0","1"
"16","富山県","16201","富山市","162010341000 ","高木南","36.715718","137.155088","0","1"
"16","富山県","16201","富山市","162010234000 ","高来","36.756924","137.290748","0","1"
"16","富山県","16201","富山市","162010233000 ","合田","36.612655","137.219728","0","1"
"16","富山県","16201","富山市","162010225000 ","黒崎","36.652002","137.207437","0","1"
"16","富山県","16201","富山市","162010226000 ","黒瀬","36.664147","137.199650","0","1"
"16","富山県","16201","富山市","162010227001 ","黒瀬北町一丁目","36.669004","137.200617","0","3"
"16","富山県","16201","富山市","162010227002 ","黒瀬北町二丁目","36.665228","137.202615","0","3"
"16","富山県","16201","富山市","162010057000 ","今市","36.746946","137.198298","0","1"
"16","富山県","16201","富山市","162010059000 ","今生津","36.532044","137.246885","0","1"
"16","富山県","16201","富山市","162010054000 ","今泉","36.669113","137.213730","0","1"
"16","富山県","16201","富山市","162010055000 ","今泉西部町","36.671312","137.209465","0","1"
"16","富山県","16201","富山市","162010056000 ","今泉北部町","36.672740","137.212058","0","1"
"16","富山県","16201","富山市","162010058000 ","今木町","36.695282","137.217200","0","1"
"16","富山県","16201","富山市","162010490000 ","根上","36.556986","137.174775","0","1"
"16","富山県","16201","富山市","162010489001 ","根塚町一丁目","36.675495","137.205913","0","3"
"16","富山県","16201","富山市","162010489002 ","根塚町二丁目","36.675452","137.207538","0","3"
"16","富山県","16201","富山市","162010489003 ","根塚町三丁目","36.672061","137.207763","0","3"
"16","富山県","16201","富山市","162010489004 ","根塚町四丁目","36.673257","137.205749","0","3"
"16","富山県","16201","富山市","162010319000 ","砂見","36.556884","137.294733","0","1"
"16","富山県","16201","富山市","162010318000 ","砂町","36.690608","137.220899","0","1"
"16","富山県","16201","富山市","162010247000 ","才覚寺","36.652776","137.193678","0","1"
"16","富山県","16201","富山市","162010248000 ","才覚地","36.565439","137.362585","0","1"
"16","富山県","16201","富山市","162010252000 ","坂下新","36.667203","137.093953","0","1"
"16","富山県","16201","富山市","162010253000 ","坂本","36.584968","137.225663","0","1"
"16","富山県","16201","富山市","162010256000 ","桜橋通り","36.697424","137.216070","0","1"
"16","富山県","16201","富山市","162010255001 ","桜谷みどり町一丁目","36.710428","137.197583","0","3"
"16","富山県","16201","富山市","162010255002 ","桜谷みどり町二丁目","36.712959","137.195518","0","3"
"16","富山県","16201","富山市","162010257001 ","桜町一丁目","36.699410","137.214665","0","3"
"16","富山県","16201","富山市","162010257002 ","桜町二丁目","36.698222","137.212471","0","3"
"16","富山県","16201","富山市","162010254000 ","桜木町","36.694234","137.214155","0","1"
"16","富山県","16201","富山市","162010258000 ","笹津","36.565684","137.211429","0","1"
"16","富山県","16201","富山市","162010260000 ","三熊","36.662274","137.100709","0","1"
"16","富山県","16201","富山市","162010787000 ","三室荒屋","36.612644","137.294532","0","1"
"16","富山県","16201","富山市","162010709000 ","三上","36.721838","137.259753","0","1"
"16","富山県","16201","富山市","162010261000 ","三番町","36.688141","137.217397","0","1"
"16","富山県","16201","富山市","162010259000 ","山王町","36.687021","137.213348","0","1"
"16","富山県","16201","富山市","162010975000 ","山岸","36.719659","137.204355","0","1"
"16","富山県","16201","富山市","162010998000 ","山室","36.672364","137.236084","0","1"
"16","富山県","16201","富山市","162010999000 ","山室荒屋","36.668361","137.252971","0","1"
"16","富山県","16201","富山市","162011000000 ","山室荒屋新町","36.670826","137.258749","0","1"
"16","富山県","16201","富山市","162010979000 ","山田鎌倉","36.566842","137.083822","0","1"
"16","富山県","16201","富山市","162010977000 ","山田居舟","36.541358","137.053089","0","1"
"16","富山県","16201","富山市","162010981000 ","山田高清水","36.510630","137.035696","0","1"
"16","富山県","16201","富山市","162010978000 ","山田今山田","36.570696","137.044501","0","1"
"16","富山県","16201","富山市","162010996000 ","山田若狭","36.537864","137.064761","0","1"
"16","富山県","16201","富山市","162010997000 ","山田若土","36.563562","137.061303","0","1"
"16","富山県","16201","富山市","162010986000 ","山田宿坊","36.587851","137.101522","0","1"
"16","富山県","16201","富山市","162010983000 ","山田小谷","36.571833","137.059985","0","1"
"16","富山県","16201","富山市","162010982000 ","山田小島","36.593553","137.072243","0","1"
"16","富山県","16201","富山市","162010992000 ","山田沼又","36.601975","137.060913","0","1"
"16","富山県","16201","富山市","162010993000 ","山田深道","36.528778","137.040077","0","1"
"16","富山県","16201","富山市","162010987000 ","山田数納","36.524061","137.051676","0","1"
"16","富山県","16201","富山市","162010984000 ","山田清水","36.589793","137.051440","0","1"
"16","富山県","16201","富山市","162010976000 ","山田赤目谷","36.578048","137.066549","0","1"
"16","富山県","16201","富山市","162010988000 ","山田谷","36.551960","137.067828","0","1"
"16","富山県","16201","富山市","162010989000 ","山田中瀬","36.592478","137.091473","0","1"
"16","富山県","16201","富山市","162010990000 ","山田中村","36.582732","137.064367","0","1"
"16","富山県","16201","富山市","162010995000 ","山田湯","36.576878","137.084476","0","1"
"16","富山県","16201","富山市","162010991000 ","山田鍋谷","36.549430","137.045719","0","1"
"16","富山県","16201","富山市","162010985000 ","山田白井谷","36.599722","137.075682","0","1"
"16","富山県","16201","富山市","162010980000 ","山田北山","36.581548","137.076684","0","1"
"16","富山県","16201","富山市","162010994000 ","山田牧","36.596014","137.056448","0","1"
"16","富山県","16201","富山市","162011001000 ","山本","36.675197","137.107034","0","1"
"16","富山県","16201","富山市","162011002000 ","山本新","36.670303","137.100969","0","1"
"16","富山県","16201","富山市","162011025000 ","四ツ葉町","36.707231","137.227154","0","1"
"16","富山県","16201","富山市","162011005000 ","四方","36.754215","137.194725","0","1"
"16","富山県","16201","富山市","162011007000 ","四方一番町","36.758573","137.192017","0","1"
"16","富山県","16201","富山市","162011008000 ","四方恵比須町","36.760041","137.195785","0","1"
"16","富山県","16201","富山市","162011017000 ","四方港町","36.759821","137.193494","0","1"
"16","富山県","16201","富山市","162011006000 ","四方荒屋","36.751849","137.200681","0","1"
"16","富山県","16201","富山市","162011010000 ","四方新","36.756586","137.189452","0","1"
"16","富山県","16201","富山市","162011011000 ","四方新出町","36.756087","137.192303","0","1"
"16","富山県","16201","富山市","162011012000 ","四方神明町","36.757451","137.193416","0","1"
"16","富山県","16201","富山市","162011014000 ","四方西岩瀬","36.758853","137.205661","0","1"
"16","富山県","16201","富山市","162011013000 ","四方田町","36.757653","137.194618","0","1"
"16","富山県","16201","富山市","162011015000 ","四方二番町","36.758911","137.194331","0","1"
"16","富山県","16201","富山市","162011009000 ","四方北窪","36.754521","137.207967","0","1"
"16","富山県","16201","富山市","162011016000 ","四方野割町","36.758125","137.197243","0","1"
"16","富山県","16201","富山市","162010044000 ","市場","36.570805","137.240759","0","1"
"16","富山県","16201","富山市","162010263000 ","寺家","36.556853","137.233288","0","1"
"16","富山県","16201","富山市","162010389000 ","寺町","36.698777","137.170840","0","1"
"16","富山県","16201","富山市","162010390000 ","寺町けや木台","36.700020","137.176097","0","1"
"16","富山県","16201","富山市","162010388000 ","寺津","36.512082","137.243945","0","1"
"16","富山県","16201","富山市","162010387000 ","寺島","36.733972","137.195916","0","1"
"16","富山県","16201","富山市","162010156001 ","鹿島町一丁目","36.691183","137.204164","0","3"
"16","富山県","16201","富山市","162010156002 ","鹿島町二丁目","36.689111","137.204661","0","3"
"16","富山県","16201","富山市","162010265000 ","七軒町","36.693891","137.206189","0","1"
"16","富山県","16201","富山市","162010798001 ","室町通り一丁目","36.688188","137.220028","0","3"
"16","富山県","16201","富山市","162010798002 ","室町通り二丁目","36.688150","137.222015","0","3"
"16","富山県","16201","富山市","162010266001 ","芝園町一丁目","36.698396","137.202638","0","3"
"16","富山県","16201","富山市","162010266002 ","芝園町二丁目","36.697105","137.207719","0","3"
"16","富山県","16201","富山市","162010266003 ","芝園町三丁目","36.696058","137.202139","0","3"
"16","富山県","16201","富山市","162011029001 ","若竹町一丁目","36.635743","137.220072","0","3"
"16","富山県","16201","富山市","162011029002 ","若竹町二丁目","36.634842","137.220976","0","3"
"16","富山県","16201","富山市","162011029003 ","若竹町三丁目","36.633896","137.221059","0","3"
"16","富山県","16201","富山市","162011029004 ","若竹町四丁目","36.632842","137.221554","0","3"
"16","富山県","16201","富山市","162011029005 ","若竹町五丁目","36.634779","137.217366","0","3"
"16","富山県","16201","富山市","162011029006 ","若竹町六丁目","36.634175","137.218715","0","3"
"16","富山県","16201","富山市","162010361000 ","手屋","36.722749","137.269023","0","1"
"16","富山県","16201","富山市","162010362001 ","手屋一丁目","36.721309","137.266531","0","3"
"16","富山県","16201","富山市","162010362002 ","手屋二丁目","36.721290","137.268878","0","3"
"16","富山県","16201","富山市","162010362003 ","手屋三丁目","36.718228","137.266423","0","3"
"16","富山県","16201","富山市","162010386000 ","手出","36.551007","137.313103","0","1"
"16","富山県","16201","富山市","162010359000 ","珠泉西町","36.634031","137.224435","0","1"
"16","富山県","16201","富山市","162010360000 ","珠泉東町","36.634654","137.227999","0","1"
"16","富山県","16201","富山市","162010008000 ","秋ヶ島","36.645287","137.191462","0","1"
"16","富山県","16201","富山市","162010009000 ","秋吉","36.682065","137.245168","0","1"
"16","富山県","16201","富山市","162010010000 ","秋吉新町","36.679675","137.241968","0","1"
"16","富山県","16201","富山市","162010666000 ","舟橋今町","36.699703","137.203671","0","1"
"16","富山県","16201","富山市","162010668000 ","舟橋南町","36.694854","137.206366","0","1"
"16","富山県","16201","富山市","162010667000 ","舟橋北町","36.696469","137.206890","0","1"
"16","富山県","16201","富山市","162010664000 ","舟新","36.560018","137.221814","0","1"
"16","富山県","16201","富山市","162010663000 ","舟倉","36.563412","137.229855","0","1"
"16","富山県","16201","富山市","162010665000 ","舟渡","36.474724","137.244082","0","1"
"16","富山県","16201","富山市","162010321000 ","住吉","36.704363","137.151917","0","1"
"16","富山県","16201","富山市","162010322001 ","住吉町一丁目","36.692971","137.230038","0","3"
"16","富山県","16201","富山市","162010322002 ","住吉町二丁目","36.691308","137.230139","0","3"
"16","富山県","16201","富山市","162010320000 ","住友町","36.747384","137.241834","0","1"
"16","富山県","16201","富山市","162010157000 ","春日","36.563817","137.203561","0","1"
"16","富山県","16201","富山市","162010012000 ","曙町","36.699650","137.224430","0","1"
"16","富山県","16201","富山市","162010242000 ","小羽","36.564346","137.190552","0","1"
"16","富山県","16201","富山市","162010147000 ","小見","36.559412","137.385976","0","1"
"16","富山県","16201","富山市","162010145000 ","小原","36.524618","137.346525","0","1"
"16","富山県","16201","富山市","162010146000 ","小原屋","36.614958","137.285100","0","1"
"16","富山県","16201","富山市","162010140000 ","小黒","36.604968","137.226201","0","1"
"16","富山県","16201","富山市","162010141000 ","小佐波","36.554675","137.255733","0","1"
"16","富山県","16201","富山市","162010235000 ","小坂","36.546605","137.280656","0","1"
"16","富山県","16201","富山市","162010231000 ","小糸","36.478243","137.256279","0","1"
"16","富山県","16201","富山市","162010238000 ","小杉","36.648259","137.229210","0","1"
"16","富山県","16201","富山市","162010241000 ","小西","36.721185","137.256641","0","1"
"16","富山県","16201","富山市","162010230000 ","小泉町","36.677227","137.217082","0","1"
"16","富山県","16201","富山市","162010143000 ","小谷","36.570288","137.298661","0","1"
"16","富山県","16201","富山市","162010240000 ","小中","36.638461","137.210747","0","1"
"16","富山県","16201","富山市","162010237000 ","小島町","36.693492","137.219505","0","1"
"16","富山県","16201","富山市","162010291000 ","庄高田","36.691013","137.187372","0","1"
"16","富山県","16201","富山市","162010702000 ","松浦町","36.760050","137.243010","0","1"
"16","富山県","16201","富山市","162010706000 ","松若町","36.716747","137.226971","0","1"
"16","富山県","16201","富山市","162010704000 ","松木","36.724541","137.206661","0","1"
"16","富山県","16201","富山市","162010705000 ","松木新","36.727564","137.210261","0","1"
"16","富山県","16201","富山市","162010703000 ","松野","36.602978","137.231120","0","1"
"16","富山県","16201","富山市","162010178000 ","上栄","36.629784","137.237246","0","1"
"16","富山県","16201","富山市","162010177000 ","上熊野","36.621344","137.223070","0","1"
"16","富山県","16201","富山市","162010174000 ","上今町","36.605486","137.252479","0","1"
"16","富山県","16201","富山市","162010179000 ","上庄町","36.706506","137.252503","0","1"
"16","富山県","16201","富山市","162010180000 ","上新保","36.652561","137.237429","0","1"
"16","富山県","16201","富山市","162010170000 ","上赤江","36.708268","137.237139","0","1"
"16","富山県","16201","富山市","162010171001 ","上赤江町一丁目","36.709542","137.233946","0","3"
"16","富山県","16201","富山市","162010171002 ","上赤江町二丁目","36.711715","137.230353","0","3"
"16","富山県","16201","富山市","162010181000 ","上千俵町","36.621129","137.250175","0","1"
"16","富山県","16201","富山市","162010184000 ","上袋","36.659005","137.213869","0","1"
"16","富山県","16201","富山市","162010175000 ","上大浦","36.607242","137.275118","0","1"
"16","富山県","16201","富山市","162010176000 ","上大久保","36.591116","137.208162","0","1"
"16","富山県","16201","富山市","162010182000 ","上滝","36.610360","137.304078","0","1"
"16","富山県","16201","富山市","162010188000 ","上二杉","36.590814","137.198858","0","1"
"16","富山県","16201","富山市","162010191000 ","上八日町","36.645782","137.198655","0","1"
"16","富山県","16201","富山市","162010172000 ","上飯野","36.709523","137.249500","0","1"
"16","富山県","16201","富山市","162010173001 ","上飯野新町一丁目","36.713472","137.253862","0","3"
"16","富山県","16201","富山市","162010173002 ","上飯野新町二丁目","36.713353","137.255662","0","3"
"16","富山県","16201","富山市","162010173003 ","上飯野新町三丁目","36.710164","137.253606","0","3"
"16","富山県","16201","富山市","162010173004 ","上飯野新町四丁目","36.712017","137.256177","0","3"
"16","富山県","16201","富山市","162010173005 ","上飯野新町五丁目","36.713263","137.252513","0","3"
"16","富山県","16201","富山市","162010185000 ","上冨居","36.712125","137.238967","0","1"
"16","富山県","16201","富山市","162010186001 ","上冨居一丁目","36.705040","137.241797","0","3"
"16","富山県","16201","富山市","162010186002 ","上冨居二丁目","36.708880","137.243209","0","3"
"16","富山県","16201","富山市","162010186003 ","上冨居三丁目","36.708825","137.240377","0","3"
"16","富山県","16201","富山市","162010187000 ","上冨居新町","36.707350","137.238994","0","1"
"16","富山県","16201","富山市","162010183000 ","上布目","36.610557","137.255957","0","1"
"16","富山県","16201","富山市","162010189000 ","上堀南町","36.651430","137.235081","0","1"
"16","富山県","16201","富山市","162010190000 ","上本町","36.686557","137.215779","0","1"
"16","富山県","16201","富山市","162010090000 ","上野","36.640761","137.218146","0","1"
"16","富山県","16201","富山市","162010091000 ","上野寿町","36.637810","137.215549","0","1"
"16","富山県","16201","富山市","162010092000 ","上野新","36.738126","137.222419","0","1"
"16","富山県","16201","富山市","162010093000 ","上野新町","36.735011","137.224851","0","1"
"16","富山県","16201","富山市","162010290001 ","城川原一丁目","36.732496","137.228522","0","3"
"16","富山県","16201","富山市","162010290002 ","城川原二丁目","36.729997","137.227024","0","3"
"16","富山県","16201","富山市","162010290003 ","城川原三丁目","36.731301","137.224628","0","3"
"16","富山県","16201","富山市","162010293000 ","城村","36.647545","137.266878","0","1"
"16","富山県","16201","富山市","162010294000 ","城村新町","36.649910","137.267319","0","1"
"16","富山県","16201","富山市","162010292000 ","城北町","36.700440","137.221686","0","1"
"16","富山県","16201","富山市","162010397000 ","常盤台","36.691872","137.253809","0","1"
"16","富山県","16201","富山市","162010398000 ","常盤町","36.690193","137.218032","0","1"
"16","富山県","16201","富山市","162010023000 ","新屋","36.723422","137.252153","0","1"
"16","富山県","16201","富山市","162010296001 ","新金代一丁目","36.686384","137.261413","0","3"
"16","富山県","16201","富山市","162010296002 ","新金代二丁目","36.686147","137.262711","0","3"
"16","富山県","16201","富山市","162010310001 ","新根塚町一丁目","36.681132","137.202065","0","3"
"16","富山県","16201","富山市","162010310002 ","新根塚町二丁目","36.678158","137.203317","0","3"
"16","富山県","16201","富山市","162010310003 ","新根塚町三丁目","36.678047","137.206096","0","3"
"16","富山県","16201","富山市","162010298000 ","新桜町","36.696742","137.214235","0","1"
"16","富山県","16201","富山市","162010300001 ","新庄銀座一丁目","36.714262","137.262886","0","3"
"16","富山県","16201","富山市","162010300002 ","新庄銀座二丁目","36.711962","137.262645","0","3"
"16","富山県","16201","富山市","162010300003 ","新庄銀座三丁目","36.713070","137.259328","0","3"
"16","富山県","16201","富山市","162010302000 ","新庄町","36.694629","137.257936","0","1"
"16","富山県","16201","富山市","162010303001 ","新庄町一丁目","36.700980","137.251905","0","3"
"16","富山県","16201","富山市","162010303002 ","新庄町二丁目","36.700897","137.256493","0","3"
"16","富山県","16201","富山市","162010303003 ","新庄町三丁目","36.697862","137.254019","0","3"
"16","富山県","16201","富山市","162010303004 ","新庄町四丁目","36.695492","137.254932","0","3"
"16","富山県","16201","富山市","162010299000 ","新庄北町","36.716352","137.263778","0","1"
"16","富山県","16201","富山市","162010301001 ","新庄本町一丁目","36.708797","137.257853","0","3"
"16","富山県","16201","富山市","162010301002 ","新庄本町二丁目","36.707319","137.260606","0","3"
"16","富山県","16201","富山市","162010301003 ","新庄本町三丁目","36.704259","137.257213","0","3"
"16","富山県","16201","富山市","162010305000 ","新千原崎","36.743439","137.213289","0","1"
"16","富山県","16201","富山市","162010297000 ","新川原町","36.693815","137.218043","0","1"
"16","富山県","16201","富山市","162010304000 ","新総曲輪","36.695954","137.211472","0","1"
"16","富山県","16201","富山市","162010314000 ","新村","36.618957","137.215255","0","1"
"16","富山県","16201","富山市","162010022000 ","新町","36.591909","137.316969","0","1"
"16","富山県","16201","富山市","162010309001 ","新富町一丁目","36.699813","137.212052","0","3"
"16","富山県","16201","富山市","162010309002 ","新富町二丁目","36.698446","137.210882","0","3"
"16","富山県","16201","富山市","162010311000 ","新冨居","36.703267","137.234563","0","1"
"16","富山県","16201","富山市","162010312000 ","新保","36.633580","137.190864","0","1"
"16","富山県","16201","富山市","162010313000 ","新名","36.647091","137.253380","0","1"
"16","富山県","16201","富山市","162010802000 ","森","36.750435","137.233917","0","1"
"16","富山県","16201","富山市","162010803001 ","森一丁目","36.748829","137.233896","0","3"
"16","富山県","16201","富山市","162010803002 ","森二丁目","36.748959","137.237095","0","3"
"16","富山県","16201","富山市","162010803003 ","森三丁目","36.746954","137.235237","0","3"
"16","富山県","16201","富山市","162010803004 ","森四丁目","36.744784","137.234684","0","3"
"16","富山県","16201","富山市","162010803005 ","森五丁目","36.742948","137.238805","0","3"
"16","富山県","16201","富山市","162010806000 ","森若町","36.747201","137.231559","0","1"
"16","富山県","16201","富山市","162010804000 ","森住町","36.748520","137.239299","0","1"
"16","富山県","16201","富山市","162010805000 ","森田","36.624900","137.229546","0","1"
"16","富山県","16201","富山市","162010306000 ","神通","36.608002","137.188937","0","1"
"16","富山県","16201","富山市","162010308001 ","神通町一丁目","36.703406","137.206737","0","3"
"16","富山県","16201","富山市","162010308002 ","神通町二丁目","36.702239","137.205660","0","3"
"16","富山県","16201","富山市","162010308003 ","神通町三丁目","36.700831","137.204537","0","3"
"16","富山県","16201","富山市","162010307001 ","神通本町一丁目","36.701702","137.208853","0","3"
"16","富山県","16201","富山市","162010307002 ","神通本町二丁目","36.700096","137.207715","0","3"
"16","富山県","16201","富山市","162010521000 ","針原中町","36.728389","137.266178","0","1"
"16","富山県","16201","富山市","162010520000 ","針日","36.748293","137.264913","0","1"
"16","富山県","16201","富山市","162010323001 ","諏訪川原一丁目","36.692966","137.206387","0","3"
"16","富山県","16201","富山市","162010323002 ","諏訪川原二丁目","36.691920","137.206258","0","3"
"16","富山県","16201","富山市","162010323003 ","諏訪川原三丁目","36.691077","137.206147","0","3"
"16","富山県","16201","富山市","162010324000 ","須原","36.544908","137.199894","0","1"
"16","富山県","16201","富山市","162010716000 ","水橋伊勢屋","36.742290","137.298235","0","1"
"16","富山県","16201","富山市","162010717000 ","水橋伊勢領","36.738114","137.323921","0","1"
"16","富山県","16201","富山市","162010723000 ","水橋沖","36.721800","137.285592","0","1"
"16","富山県","16201","富山市","162010747000 ","水橋下砂子坂","36.729117","137.329790","0","1"
"16","富山県","16201","富山市","162010748000 ","水橋下砂子坂新","36.733838","137.331633","0","1"
"16","富山県","16201","富山市","162010744000 ","水橋下段","36.756412","137.307754","0","1"
"16","富山県","16201","富山市","162010725000 ","水橋開発","36.703581","137.289488","0","1"
"16","富山県","16201","富山市","162010726000 ","水橋開発町","36.746951","137.314311","0","1"
"16","富山県","16201","富山市","162010759000 ","水橋舘町","36.753055","137.310653","0","1"
"16","富山県","16201","富山市","162010721000 ","水橋魚躬","36.758261","137.314153","0","1"
"16","富山県","16201","富山市","162010727000 ","水橋鏡田","36.748671","137.327341","0","1"
"16","富山県","16201","富山市","162010773000 ","水橋曲淵","36.730354","137.307227","0","1"
"16","富山県","16201","富山市","162010731000 ","水橋金広","36.714783","137.306922","0","1"
"16","富山県","16201","富山市","162010729000 ","水橋金尾","36.722432","137.306003","0","1"
"16","富山県","16201","富山市","162010730000 ","水橋金尾新","36.716330","137.294218","0","1"
"16","富山県","16201","富山市","162010728000 ","水橋堅田","36.743613","137.328950","0","1"
"16","富山県","16201","富山市","162010736000 ","水橋狐塚","36.747156","137.319236","0","1"
"16","富山県","16201","富山市","162010740000 ","水橋五郎丸","36.738707","137.334882","0","1"
"16","富山県","16201","富山市","162010756000 ","水橋高月","36.757958","137.311285","0","1"
"16","富山県","16201","富山市","162010757000 ","水橋高寺","36.723597","137.320584","0","1"
"16","富山県","16201","富山市","162010758000 ","水橋高堂","36.726437","137.302069","0","1"
"16","富山県","16201","富山市","162010742000 ","水橋佐野竹","36.717137","137.323562","0","1"
"16","富山県","16201","富山市","162010741000 ","水橋桜木","36.745336","137.324546","0","1"
"16","富山県","16201","富山市","162010743000 ","水橋山王町","36.755063","137.297523","0","1"
"16","富山県","16201","富山市","162010718000 ","水橋市江","36.753182","137.318006","0","1"
"16","富山県","16201","富山市","162010719000 ","水橋市田袋","36.729260","137.287204","0","1"
"16","富山県","16201","富山市","162010745000 ","水橋柴草","36.723124","137.280238","0","1"
"16","富山県","16201","富山市","162010739000 ","水橋小出","36.734771","137.318854","0","1"
"16","富山県","16201","富山市","162010737000 ","水橋小池","36.738862","137.328962","0","1"
"16","富山県","16201","富山市","162010750000 ","水橋小路","36.722193","137.292221","0","1"
"16","富山県","16201","富山市","162010733000 ","水橋上砂子坂","36.728929","137.337115","0","1"
"16","富山県","16201","富山市","162010732000 ","水橋上桜木","36.740202","137.324717","0","1"
"16","富山県","16201","富山市","162010751000 ","水橋上条新町","36.730140","137.316794","0","1"
"16","富山県","16201","富山市","162010749000 ","水橋常願寺","36.703225","137.280489","0","1"
"16","富山県","16201","富山市","162010752000 ","水橋新保","36.740429","137.290324","0","1"
"16","富山県","16201","富山市","162010753000 ","水橋新堀","36.711870","137.298152","0","1"
"16","富山県","16201","富山市","162010746000 ","水橋清水堂","36.712963","137.312260","0","1"
"16","富山県","16201","富山市","162010715000 ","水橋石割","36.724830","137.314654","0","1"
"16","富山県","16201","富山市","162010714000 ","水橋石政","36.740763","137.311790","0","1"
"16","富山県","16201","富山市","162010754000 ","水橋専光寺","36.729227","137.321138","0","1"
"16","富山県","16201","富山市","162010734000 ","水橋川原町","36.755564","137.301784","0","1"
"16","富山県","16201","富山市","162010755000 ","水橋大正","36.734861","137.308684","0","1"
"16","富山県","16201","富山市","162010722000 ","水橋大町","36.754068","137.300225","0","1"
"16","富山県","16201","富山市","162010712000 ","水橋池田舘","36.740239","137.303812","0","1"
"16","富山県","16201","富山市","162010713000 ","水橋池田町","36.734559","137.304220","0","1"
"16","富山県","16201","富山市","162010764000 ","水橋中村","36.737210","137.295454","0","1"
"16","富山県","16201","富山市","162010765000 ","水橋中村町","36.756042","137.308667","0","1"
"16","富山県","16201","富山市","162010763000 ","水橋中町","36.753993","137.299687","0","1"
"16","富山県","16201","富山市","162010762000 ","水橋中馬場","36.717721","137.310370","0","1"
"16","富山県","16201","富山市","162010774000 ","水橋町","36.754717","137.304787","0","1"
"16","富山県","16201","富山市","162010775000 ","水橋町袋","36.738275","137.290129","0","1"
"16","富山県","16201","富山市","162010761000 ","水橋辻ヶ堂","36.748787","137.296086","0","1"
"16","富山県","16201","富山市","162010776000 ","水橋的場","36.725386","137.295484","0","1"
"16","富山県","16201","富山市","162010760000 ","水橋田伏","36.720077","137.318671","0","1"
"16","富山県","16201","富山市","162010772000 ","水橋二ツ屋","36.729396","137.302226","0","1"
"16","富山県","16201","富山市","162010771000 ","水橋二杉","36.714152","137.280078","0","1"
"16","富山県","16201","富山市","162010720000 ","水橋入江","36.707274","137.278658","0","1"
"16","富山県","16201","富山市","162010766000 ","水橋入部町","36.710074","137.279345","0","1"
"16","富山県","16201","富山市","162010767000 ","水橋畠等","36.747130","137.305502","0","1"
"16","富山県","16201","富山市","162010768000 ","水橋番頭名","36.719781","137.302820","0","1"
"16","富山県","16201","富山市","162010724000 ","水橋肘崎","36.732901","137.292107","0","1"
"16","富山県","16201","富山市","162010769000 ","水橋平榎","36.741165","137.291857","0","1"
"16","富山県","16201","富山市","162010770000 ","水橋平塚","36.725482","137.308906","0","1"
"16","富山県","16201","富山市","162010735000 ","水橋北馬場","36.720252","137.311585","0","1"
"16","富山県","16201","富山市","162010777000 ","水橋柳寺","36.746614","137.310855","0","1"
"16","富山県","16201","富山市","162010738000 ","水橋恋塚","36.739944","137.319668","0","1"
"16","富山県","16201","富山市","162010711000 ","水須","36.531250","137.373268","0","1"
"16","富山県","16201","富山市","162010710000 ","水落","36.735223","137.248965","0","1"
"16","富山県","16201","富山市","162011032001 ","水落一丁目","36.735136","137.248964","3","3"
"16","富山県","16201","富山市","162010315000 ","杉瀬","36.614383","137.226104","0","1"
"16","富山県","16201","富山市","162010316000 ","杉谷","36.683176","137.140826","0","1"
"16","富山県","16201","富山市","162010327000 ","瀬戸","36.565290","137.269910","0","1"
"16","富山県","16201","富山市","162010675001 ","星井町一丁目","36.685710","137.213222","0","3"
"16","富山県","16201","富山市","162010675002 ","星井町二丁目","36.684385","137.213156","0","3"
"16","富山県","16201","富山市","162010675003 ","星井町三丁目","36.682993","137.213169","0","3"
"16","富山県","16201","富山市","162010522000 ","晴海台","36.749416","137.241604","0","1"
"16","富山県","16201","富山市","162010270000 ","清水元町","36.687197","137.231105","0","1"
"16","富山県","16201","富山市","162010268000 ","清水中町","36.687414","137.228570","0","1"
"16","富山県","16201","富山市","162010269001 ","清水町一丁目","36.689513","137.224159","0","3"
"16","富山県","16201","富山市","162010269002 ","清水町二丁目","36.689416","137.226054","0","3"
"16","富山県","16201","富山市","162010269003 ","清水町三丁目","36.688200","137.223837","0","3"
"16","富山県","16201","富山市","162010269004 ","清水町四丁目","36.688224","137.225978","0","3"
"16","富山県","16201","富山市","162010269005 ","清水町五丁目","36.687005","137.223836","0","3"
"16","富山県","16201","富山市","162010269006 ","清水町六丁目","36.687212","137.226175","0","3"
"16","富山県","16201","富山市","162010269007 ","清水町七丁目","36.685651","137.223181","0","3"
"16","富山県","16201","富山市","162010269008 ","清水町八丁目","36.685155","137.224774","0","3"
"16","富山県","16201","富山市","162010269009 ","清水町九丁目","36.685243","137.226148","0","3"
"16","富山県","16201","富山市","162010325000 ","清風町","36.752802","137.253022","0","1"
"16","富山県","16201","富山市","162010462000 ","西塩野","36.587395","137.192962","0","1"
"16","富山県","16201","富山市","162010455000 ","西押川","36.682690","137.121589","0","1"
"16","富山県","16201","富山市","162010476000 ","西宮","36.751090","137.228050","0","1"
"16","富山県","16201","富山市","162010473000 ","西宮町","36.749372","137.224820","0","1"
"16","富山県","16201","富山市","162010457000 ","西金屋","36.695664","137.155093","0","1"
"16","富山県","16201","富山市","162010458000 ","西公文名町","36.683385","137.230592","0","1"
"16","富山県","16201","富山市","162010452000 ","西荒屋","36.652070","137.196855","0","1"
"16","富山県","16201","富山市","162010459000 ","西黒牧","36.605807","137.261687","0","1"
"16","富山県","16201","富山市","162010460000 ","西笹津","36.551921","137.213001","0","1"
"16","富山県","16201","富山市","162010461000 ","西山王町","36.687654","137.208910","0","1"
"16","富山県","16201","富山市","162010451000 ","西四十物町","36.688501","137.208232","0","1"
"16","富山県","16201","富山市","162010456000 ","西小俣","36.581641","137.309614","0","1"
"16","富山県","16201","富山市","162010463000 ","西新庄","36.697342","137.243700","0","1"
"16","富山県","16201","富山市","162010453000 ","西大泉","36.680172","137.224113","0","1"
"16","富山県","16201","富山市","162010454000 ","西大沢","36.571238","137.205996","0","1"
"16","富山県","16201","富山市","162010470001 ","西中野町一丁目","36.680858","137.212566","0","3"
"16","富山県","16201","富山市","162010470002 ","西中野町二丁目","36.680829","137.215180","0","3"
"16","富山県","16201","富山市","162010469000 ","西中野本町","36.680323","137.216928","0","1"
"16","富山県","16201","富山市","162010465000 ","西町","36.688512","137.214334","0","1"
"16","富山県","16201","富山市","162010467001 ","西長江一丁目","36.693351","137.235060","0","3"
"16","富山県","16201","富山市","162010467002 ","西長江二丁目","36.692619","137.238586","0","3"
"16","富山県","16201","富山市","162010467003 ","西長江三丁目","36.690189","137.238251","0","3"
"16","富山県","16201","富山市","162010467004 ","西長江四丁目","36.688053","137.238153","0","3"
"16","富山県","16201","富山市","162010468000 ","西長江本町","36.686666","137.239416","0","1"
"16","富山県","16201","富山市","162010466001 ","西田地方町一丁目","36.684732","137.207045","0","3"
"16","富山県","16201","富山市","162010466002 ","西田地方町二丁目","36.682398","137.206602","0","3"
"16","富山県","16201","富山市","162010466003 ","西田地方町三丁目","36.682269","137.204374","0","3"
"16","富山県","16201","富山市","162010464000 ","西田中","36.606237","137.259221","0","1"
"16","富山県","16201","富山市","162010475000 ","西二俣","36.720045","137.133542","0","1"
"16","富山県","16201","富山市","162010472000 ","西番","36.638066","137.274801","0","1"
"16","富山県","16201","富山市","162010474000 ","西福沢","36.604605","137.245802","0","1"
"16","富山県","16201","富山市","162010471000 ","西野新","36.657988","137.265737","0","1"
"16","富山県","16201","富山市","162010003000 ","青柳","36.610593","137.242509","0","1"
"16","富山県","16201","富山市","162010004000 ","青柳新","36.612286","137.230118","0","1"
"16","富山県","16201","富山市","162010041000 ","石屋","36.654752","137.257497","0","1"
"16","富山県","16201","富山市","162010034001 ","石金一丁目","36.689758","137.234648","0","3"
"16","富山県","16201","富山市","162010034002 ","石金二丁目","36.687362","137.234295","0","3"
"16","富山県","16201","富山市","162010034003 ","石金三丁目","36.686042","137.237504","0","3"
"16","富山県","16201","富山市","162010036000 ","石坂","36.712668","137.202498","0","1"
"16","富山県","16201","富山市","162010037000 ","石坂新","36.716019","137.199809","0","1"
"16","富山県","16201","富山市","162010038000 ","石坂東町","36.710128","137.204699","0","1"
"16","富山県","16201","富山市","162010035000 ","石倉町","36.690536","137.222138","0","1"
"16","富山県","16201","富山市","162010039000 ","石田","36.642110","137.227808","0","1"
"16","富山県","16201","富山市","162010040000 ","石渕","36.556826","137.271466","0","1"
"16","富山県","16201","富山市","162010005000 ","赤江町","36.701281","137.218752","0","1"
"16","富山県","16201","富山市","162010006000 ","赤倉","36.552306","137.325249","0","1"
"16","富山県","16201","富山市","162010007000 ","赤田","36.653456","137.219063","0","1"
"16","富山県","16201","富山市","162010149000 ","折谷","36.540429","137.267794","0","1"
"16","富山県","16201","富山市","162010367000 ","千原崎","36.748365","137.219937","0","1"
"16","富山県","16201","富山市","162010368001 ","千原崎一丁目","36.740668","137.222796","0","3"
"16","富山県","16201","富山市","162010368002 ","千原崎二丁目","36.745081","137.230070","0","3"
"16","富山県","16201","富山市","162010366001 ","千歳町一丁目","36.698519","137.217948","0","3"
"16","富山県","16201","富山市","162010366002 ","千歳町二丁目","36.697901","137.219889","0","3"
"16","富山県","16201","富山市","162010366003 ","千歳町三丁目","36.697568","137.222106","0","3"
"16","富山県","16201","富山市","162010331000 ","千成町","36.719981","137.243396","0","1"
"16","富山県","16201","富山市","162010328001 ","千石町一丁目","36.687385","137.211238","0","3"
"16","富山県","16201","富山市","162010328002 ","千石町二丁目","36.686572","137.209318","0","3"
"16","富山県","16201","富山市","162010328003 ","千石町三丁目","36.686121","137.211325","0","3"
"16","富山県","16201","富山市","162010328004 ","千石町四丁目","36.684921","137.208929","0","3"
"16","富山県","16201","富山市","162010328005 ","千石町五丁目","36.684553","137.210708","0","3"
"16","富山県","16201","富山市","162010328006 ","千石町六丁目","36.683289","137.209864","0","3"
"16","富山県","16201","富山市","162010373000 ","千代田町","36.716888","137.223637","0","1"
"16","富山県","16201","富山市","162010330000 ","千長原","36.531860","137.298737","0","1"
"16","富山県","16201","富山市","162010332000 ","千俵町","36.624041","137.235828","0","1"
"16","富山県","16201","富山市","162010194000 ","川原毛","36.692208","137.272596","0","1"
"16","富山県","16201","富山市","162010042001 ","泉町一丁目","36.692005","137.223571","0","3"
"16","富山県","16201","富山市","162010042002 ","泉町二丁目","36.690968","137.223685","0","3"
"16","富山県","16201","富山市","162010329000 ","善名","36.625745","137.275256","0","1"
"16","富山県","16201","富山市","162010335000 ","双代町","36.695136","137.237647","0","1"
"16","富山県","16201","富山市","162010334000 ","惣在寺","36.620126","137.200501","0","1"
"16","富山県","16201","富山市","162010001000 ","相生町","36.685821","137.207233","0","1"
"16","富山県","16201","富山市","162010333001 ","総曲輪一丁目","36.692451","137.214026","0","3"
"16","富山県","16201","富山市","162010333002 ","総曲輪二丁目","36.690979","137.213924","0","3"
"16","富山県","16201","富山市","162010333003 ","総曲輪三丁目","36.689744","137.213547","0","3"
"16","富山県","16201","富山市","162010333004 ","総曲輪四丁目","36.690297","137.208891","0","3"
"16","富山県","16201","富山市","162010214000 ","草島","36.751616","137.215951","0","1"
"16","富山県","16201","富山市","162010113000 ","太田","36.662945","137.242178","0","1"
"16","富山県","16201","富山市","162010115001 ","太田口通り一丁目","36.687504","137.214690","0","3"
"16","富山県","16201","富山市","162010115002 ","太田口通り二丁目","36.685966","137.214985","0","3"
"16","富山県","16201","富山市","162010115003 ","太田口通り三丁目","36.684722","137.215152","0","3"
"16","富山県","16201","富山市","162010117000 ","太田南町","36.656383","137.244544","0","1"
"16","富山県","16201","富山市","162010114000 ","太田薄波","36.498352","137.267686","0","1"
"16","富山県","16201","富山市","162010363000 ","太郎丸","36.672779","137.217845","0","1"
"16","富山県","16201","富山市","162010364001 ","太郎丸西町一丁目","36.677934","137.209193","0","3"
"16","富山県","16201","富山市","162010364002 ","太郎丸西町二丁目","36.675463","137.209307","0","3"
"16","富山県","16201","富山市","162010365001 ","太郎丸本町一丁目","36.677779","137.212623","0","3"
"16","富山県","16201","富山市","162010365002 ","太郎丸本町二丁目","36.676611","137.214612","0","3"
"16","富山県","16201","富山市","162010365003 ","太郎丸本町三丁目","36.675426","137.212497","0","3"
"16","富山県","16201","富山市","162010365004 ","太郎丸本町四丁目","36.672839","137.214981","0","3"
"16","富山県","16201","富山市","162010085000 ","打出","36.752779","137.183536","0","1"
"16","富山県","16201","富山市","162010086000 ","打出新","36.757123","137.181043","0","1"
"16","富山県","16201","富山市","162010100000 ","大井","36.610034","137.247817","0","1"
"16","富山県","16201","富山市","162010127000 ","大宮町","36.660908","137.250354","0","1"
"16","富山県","16201","富山市","162010109000 ","大栗","36.612076","137.280313","0","1"
"16","富山県","16201","富山市","162010107000 ","大江干","36.693235","137.266574","0","1"
"16","富山県","16201","富山市","162010108000 ","大江干新町","36.692540","137.263775","0","1"
"16","富山県","16201","富山市","162010131000 ","大山松木","36.569664","137.343259","0","1"
"16","富山県","16201","富山市","162010128000 ","大山上野","36.600555","137.310761","0","1"
"16","富山県","16201","富山市","162010130000 ","大山布目","36.588436","137.286964","0","1"
"16","富山県","16201","富山市","162010129000 ","大山北新町","36.613111","137.302730","0","1"
"16","富山県","16201","富山市","162010123000 ","大手町","36.691012","137.211534","0","1"
"16","富山県","16201","富山市","162010125000 ","大場","36.650470","137.277234","0","1"
"16","富山県","16201","富山市","162010111000 ","大清水","36.528027","137.269158","0","1"
"16","富山県","16201","富山市","162010101000 ","大泉","36.674504","137.226839","0","1"
"16","富山県","16201","富山市","162010103000 ","大泉中町","36.680212","137.226531","0","1"
"16","富山県","16201","富山市","162010106001 ","大泉町一丁目","36.682434","137.221669","0","3"
"16","富山県","16201","富山市","162010106002 ","大泉町二丁目","36.682597","137.223602","0","3"
"16","富山県","16201","富山市","162010106003 ","大泉町三丁目","36.684351","137.224006","0","3"
"16","富山県","16201","富山市","162010104001 ","大泉東町一丁目","36.682353","137.228473","0","3"
"16","富山県","16201","富山市","162010104002 ","大泉東町二丁目","36.678701","137.228555","0","3"
"16","富山県","16201","富山市","162010102000 ","大泉北町","36.682781","137.225890","0","1"
"16","富山県","16201","富山市","162010105001 ","大泉本町一丁目","36.677471","137.224247","0","3"
"16","富山県","16201","富山市","162010105002 ","大泉本町二丁目","36.675999","137.224650","0","3"
"16","富山県","16201","富山市","162010112000 ","大双嶺","36.522509","137.289101","0","1"
"16","富山県","16201","富山市","162010126000 ","大町","36.668031","137.222892","0","1"
"16","富山県","16201","富山市","162010118000 ","大塚","36.730484","137.161630","0","1"
"16","富山県","16201","富山市","162010120000 ","大塚西","36.730832","137.157950","0","1"
"16","富山県","16201","富山市","162010121000 ","大塚東","36.734882","137.166383","0","1"
"16","富山県","16201","富山市","162010122000 ","大塚南","36.726700","137.161024","0","1"
"16","富山県","16201","富山市","162010119000 ","大塚北","36.737503","137.164290","0","1"
"16","富山県","16201","富山市","162010110001 ","大島一丁目","36.663401","137.277126","0","3"
"16","富山県","16201","富山市","162010110002 ","大島二丁目","36.673370","137.271994","0","3"
"16","富山県","16201","富山市","162010110003 ","大島三丁目","36.667648","137.280711","0","3"
"16","富山県","16201","富山市","162010110004 ","大島四丁目","36.671942","137.277984","0","3"
"16","富山県","16201","富山市","162010124000 ","大野","36.579712","137.216724","0","1"
"16","富山県","16201","富山市","162010336000 ","大利","36.617122","137.199374","0","1"
"16","富山県","16201","富山市","162010350000 ","辰尾","36.623332","137.216497","0","1"
"16","富山県","16201","富山市","162010351001 ","辰巳町一丁目","36.687095","137.222069","0","3"
"16","富山県","16201","富山市","162010351002 ","辰巳町二丁目","36.684921","137.222083","0","3"
"16","富山県","16201","富山市","162010033000 ","池多","36.678312","137.124335","0","1"
"16","富山県","16201","富山市","162010369000 ","茶屋町","36.708855","137.178265","0","1"
"16","富山県","16201","富山市","162010370001 ","中央通り一丁目","36.689795","137.216754","1","3"
"16","富山県","16201","富山市","162010370002 ","中央通り二丁目","36.689684","137.219931","0","3"
"16","富山県","16201","富山市","162010370003 ","中央通り三丁目","36.689604","137.222128","0","3"
"16","富山県","16201","富山市","162010426000 ","中沖","36.738786","137.156973","0","1"
"16","富山県","16201","富山市","162010446000 ","中屋","36.639507","137.255165","0","1"
"16","富山県","16201","富山市","162010371000 ","中間島","36.694691","137.271174","0","1"
"16","富山県","16201","富山市","162010372001 ","中間島一丁目","36.691717","137.268380","0","3"
"16","富山県","16201","富山市","162010372002 ","中間島二丁目","36.690188","137.265730","0","3"
"16","富山県","16201","富山市","162010413000 ","中市","36.678502","137.234325","0","1"
"16","富山県","16201","富山市","162010414001 ","中市一丁目","36.681277","137.239129","0","3"
"16","富山県","16201","富山市","162010414002 ","中市二丁目","36.679324","137.238182","0","3"
"16","富山県","16201","富山市","162010427000 ","中川原","36.673978","137.249328","0","1"
"16","富山県","16201","富山市","162010428000 ","中川原新町","36.676663","137.245262","0","1"
"16","富山県","16201","富山市","162010429001 ","中川原台一丁目","36.677160","137.252764","0","3"
"16","富山県","16201","富山市","162010429002 ","中川原台二丁目","36.676985","137.251360","0","3"
"16","富山県","16201","富山市","162010422000 ","中大浦","36.608751","137.267496","0","1"
"16","富山県","16201","富山市","162010423000 ","中大久保","36.597629","137.196838","0","1"
"16","富山県","16201","富山市","162010435000 ","中滝","36.608949","137.296195","0","1"
"16","富山県","16201","富山市","162010436000 ","中地山","36.537801","137.396835","0","1"
"16","富山県","16201","富山市","162010433000 ","中田","36.751423","137.242162","0","1"
"16","富山県","16201","富山市","162010434001 ","中田一丁目","36.747213","137.244134","0","3"
"16","富山県","16201","富山市","162010434002 ","中田二丁目","36.745861","137.246647","0","3"
"16","富山県","16201","富山市","162010434003 ","中田三丁目","36.743235","137.243160","0","3"
"16","富山県","16201","富山市","162010430001 ","中島一丁目","36.727763","137.223344","0","3"
"16","富山県","16201","富山市","162010430002 ","中島二丁目","36.724027","137.222044","0","3"
"16","富山県","16201","富山市","162010430003 ","中島三丁目","36.720712","137.220909","0","3"
"16","富山県","16201","富山市","162010430004 ","中島四丁目","36.725992","137.226010","0","3"
"16","富山県","16201","富山市","162010430005 ","中島五丁目","36.720914","137.225354","0","3"
"16","富山県","16201","富山市","162010443000 ","中番","36.616848","137.294693","0","1"
"16","富山県","16201","富山市","162010444000 ","中冨居","36.709874","137.245892","0","1"
"16","富山県","16201","富山市","162010445000 ","中冨居新町","36.716306","137.244785","0","1"
"16","富山県","16201","富山市","162010439000 ","中布目","36.614177","137.248791","0","1"
"16","富山県","16201","富山市","162010440000 ","中野","36.573290","137.222939","0","1"
"16","富山県","16201","富山市","162010441000 ","中野新","36.721428","137.273836","0","1"
"16","富山県","16201","富山市","162010442001 ","中野新町一丁目","36.683990","137.215350","0","3"
"16","富山県","16201","富山市","162010442002 ","中野新町二丁目","36.682435","137.216463","0","3"
"16","富山県","16201","富山市","162010421000 ","中老田","36.703868","137.130368","0","1"
"16","富山県","16201","富山市","162010053000 ","猪谷","36.467163","137.220638","0","1"
"16","富山県","16201","富山市","162010013000 ","朝日","36.684448","137.278033","0","1"
"16","富山県","16201","富山市","162010697000 ","町新","36.688940","137.264434","0","1"
"16","富山県","16201","富山市","162010700000 ","町村","36.678579","137.256709","0","1"
"16","富山県","16201","富山市","162010701001 ","町村一丁目","36.683354","137.255534","0","3"
"16","富山県","16201","富山市","162010701002 ","町村二丁目","36.679454","137.259902","0","3"
"16","富山県","16201","富山市","162010699000 ","町袋","36.732836","137.280156","0","1"
"16","富山県","16201","富山市","162010698000 ","町長","36.518654","137.236897","0","1"
"16","富山県","16201","富山市","162010424000 ","長岡","36.719363","137.188911","0","1"
"16","富山県","16201","富山市","162010425000 ","長岡新","36.715657","137.193608","0","1"
"16","富山県","16201","富山市","162010415000 ","長江","36.687548","137.246429","0","1"
"16","富山県","16201","富山市","162010416001 ","長江一丁目","36.690799","137.244441","0","3"
"16","富山県","16201","富山市","162010416002 ","長江二丁目","36.690161","137.241519","0","3"
"16","富山県","16201","富山市","162010416003 ","長江三丁目","36.687820","137.241002","0","3"
"16","富山県","16201","富山市","162010416004 ","長江四丁目","36.688478","137.243390","0","3"
"16","富山県","16201","富山市","162010416005 ","長江五丁目","36.688270","137.245747","0","3"
"16","富山県","16201","富山市","162010417001 ","長江新町一丁目","36.693898","137.240896","0","3"
"16","富山県","16201","富山市","162010417002 ","長江新町二丁目","36.693452","137.243554","0","3"
"16","富山県","16201","富山市","162010417003 ","長江新町三丁目","36.691586","137.245558","0","3"
"16","富山県","16201","富山市","162010417004 ","長江新町四丁目","36.691828","137.242007","0","3"
"16","富山県","16201","富山市","162010418001 ","長江東町一丁目","36.691121","137.248590","0","3"
"16","富山県","16201","富山市","162010418002 ","長江東町二丁目","36.689432","137.247458","0","3"
"16","富山県","16201","富山市","162010418003 ","長江東町三丁目","36.689126","137.249912","0","3"
"16","富山県","16201","富山市","162010419000 ","長江本町","36.686122","137.244642","0","1"
"16","富山県","16201","富山市","162010432000 ","長瀬","36.568720","137.312580","0","1"
"16","富山県","16201","富山市","162010450000 ","長川原","36.560190","137.197289","0","1"
"16","富山県","16201","富山市","162010431000 ","長走","36.564470","137.198739","0","1"
"16","富山県","16201","富山市","162010438000 ","長棟","36.455188","137.349858","0","1"
"16","富山県","16201","富山市","162010437000 ","長附","36.584918","137.202285","0","1"
"16","富山県","16201","富山市","162010420001 ","長柄町一丁目","36.685186","137.204167","0","3"
"16","富山県","16201","富山市","162010420002 ","長柄町二丁目","36.685139","137.204686","0","3"
"16","富山県","16201","富山市","162010420003 ","長柄町三丁目","36.684784","137.205477","0","3"
"16","富山県","16201","富山市","162010317000 ","直坂","36.563665","137.219131","0","1"
"16","富山県","16201","富山市","162010385000 ","津羽見","36.611642","137.270861","0","1"
"16","富山県","16201","富山市","162010099000 ","追分茶屋","36.706564","137.169057","0","1"
"16","富山県","16201","富山市","162010374000 ","塚原","36.656648","137.190678","0","1"
"16","富山県","16201","富山市","162010380000 ","辻ヶ堂","36.737582","137.284718","0","1"
"16","富山県","16201","富山市","162010384000 ","鶴ヶ丘町","36.714809","137.256513","0","1"
"16","富山県","16201","富山市","162010382001 ","堤町通り一丁目","36.688938","137.217156","0","3"
"16","富山県","16201","富山市","162010382002 ","堤町通り二丁目","36.688848","137.220756","0","3"
"16","富山県","16201","富山市","162010391000 ","天正寺","36.682254","137.250018","0","1"
"16","富山県","16201","富山市","162010348000 ","田刈屋","36.707154","137.198696","0","1"
"16","富山県","16201","富山市","162010353000 ","田尻","36.735590","137.202224","0","1"
"16","富山県","16201","富山市","162010354000 ","田尻西","36.736339","137.199397","0","1"
"16","富山県","16201","富山市","162010355000 ","田尻東","36.735310","137.205072","0","1"
"16","富山県","16201","富山市","162010356000 ","田尻南","36.732976","137.202513","0","1"
"16","富山県","16201","富山市","162010352001 ","田中町一丁目","36.701311","137.240563","0","3"
"16","富山県","16201","富山市","162010352002 ","田中町二丁目","36.700256","137.243739","0","3"
"16","富山県","16201","富山市","162010352003 ","田中町三丁目","36.698710","137.239498","0","3"
"16","富山県","16201","富山市","162010352004 ","田中町四丁目","36.696829","137.239439","0","3"
"16","富山県","16201","富山市","162010352005 ","田中町五丁目","36.695360","137.242492","0","3"
"16","富山県","16201","富山市","162010357000 ","田畑","36.752628","137.256091","0","1"
"16","富山県","16201","富山市","162010358000 ","田畠","36.615676","137.274617","0","1"
"16","富山県","16201","富山市","162010392000 ","土","36.549734","137.179176","0","1"
"16","富山県","16201","富山市","162010393000 ","土居原町","36.687918","137.205044","0","1"
"16","富山県","16201","富山市","162010267000 ","島田","36.640231","137.206447","0","1"
"16","富山県","16201","富山市","162010527000 ","東岩瀬村","36.757442","137.230560","0","1"
"16","富山県","16201","富山市","162010526000 ","東岩瀬町","36.755454","137.227911","0","1"
"16","富山県","16201","富山市","162010531000 ","東黒牧","36.592248","137.288092","0","1"
"16","富山県","16201","富山市","162010530000 ","東小俣","36.581026","137.319116","0","1"
"16","富山県","16201","富山市","162010524000 ","東石金町","36.684230","137.239039","0","1"
"16","富山県","16201","富山市","162010529000 ","東大久保","36.602273","137.219696","0","1"
"16","富山県","16201","富山市","162010534001 ","東中野町一丁目","36.681919","137.219653","0","3"
"16","富山県","16201","富山市","162010534002 ","東中野町二丁目","36.680239","137.218685","0","3"
"16","富山県","16201","富山市","162010534003 ","東中野町三丁目","36.680135","137.221231","0","3"
"16","富山県","16201","富山市","162010525000 ","東猪谷","36.462634","137.261315","0","1"
"16","富山県","16201","富山市","162010537001 ","東町一丁目","36.692770","137.226293","0","3"
"16","富山県","16201","富山市","162010537002 ","東町二丁目","36.691828","137.226368","0","3"
"16","富山県","16201","富山市","162010537003 ","東町三丁目","36.690910","137.226450","0","3"
"16","富山県","16201","富山市","162010532001 ","東田地方町一丁目","36.695609","137.219329","0","3"
"16","富山県","16201","富山市","162010532002 ","東田地方町二丁目","36.695715","137.222386","0","3"
"16","富山県","16201","富山市","162010533001 ","東富山寿町一丁目","36.747281","137.252779","0","3"
"16","富山県","16201","富山市","162010533002 ","東富山寿町二丁目","36.748173","137.249694","0","3"
"16","富山県","16201","富山市","162010533003 ","東富山寿町三丁目","36.743259","137.248181","0","3"
"16","富山県","16201","富山市","162010536000 ","東福沢","36.586871","137.255452","0","1"
"16","富山県","16201","富山市","162010535000 ","東流杉","36.665699","137.272929","0","1"
"16","富山県","16201","富山市","162010528000 ","東老田","36.704999","137.142538","0","1"
"16","富山県","16201","富山市","162010801001 ","桃井町一丁目","36.688756","137.206016","0","3"
"16","富山県","16201","富山市","162010801002 ","桃井町二丁目","36.687623","137.206422","0","3"
"16","富山県","16201","富山市","162010558000 ","藤の木園町","36.682260","137.267462","0","1"
"16","富山県","16201","富山市","162010559001 ","藤の木台一丁目","36.677134","137.270643","0","3"
"16","富山県","16201","富山市","162010559002 ","藤の木台二丁目","36.679324","137.271396","0","3"
"16","富山県","16201","富山市","162010559003 ","藤の木台三丁目","36.680403","137.271432","0","3"
"16","富山県","16201","富山市","162010555000 ","藤木","36.684646","137.271635","0","1"
"16","富山県","16201","富山市","162010556000 ","藤木新","36.678889","137.272781","0","1"
"16","富山県","16201","富山市","162010557000 ","藤木新町","36.680097","137.275190","0","1"
"16","富山県","16201","富山市","162010395000 ","道正","36.743178","137.259894","0","1"
"16","富山県","16201","富山市","162010399000 ","栃谷","36.692506","137.132476","0","1"
"16","富山県","16201","富山市","162010087000 ","内幸町","36.697432","137.210311","0","1"
"16","富山県","16201","富山市","162010448000 ","鍋田","36.715077","137.242158","0","1"
"16","富山県","16201","富山市","162010449000 ","南央町","36.628665","137.203039","0","1"
"16","富山県","16201","富山市","162010781000 ","南金屋","36.635883","137.230311","0","1"
"16","富山県","16201","富山市","162010782000 ","南栗山","36.619123","137.204529","0","1"
"16","富山県","16201","富山市","162010783000 ","南新町","36.686098","137.219126","0","1"
"16","富山県","16201","富山市","162010780000 ","南大場","36.621436","137.275532","0","1"
"16","富山県","16201","富山市","162010785000 ","南中田","36.622449","137.197324","0","1"
"16","富山県","16201","富山市","162010784001 ","南田町一丁目","36.686037","137.217024","0","3"
"16","富山県","16201","富山市","162010784002 ","南田町二丁目","36.684330","137.216781","0","3"
"16","富山県","16201","富山市","162010786000 ","南野田","36.591288","137.219198","0","1"
"16","富山県","16201","富山市","162010215000 ","楠木","36.734663","137.256757","0","1"
"16","富山県","16201","富山市","162010560001 ","二口町一丁目","36.672075","137.202976","0","3"
"16","富山県","16201","富山市","162010560002 ","二口町二丁目","36.671141","137.205566","0","3"
"16","富山県","16201","富山市","162010560003 ","二口町三丁目","36.668726","137.208141","0","3"
"16","富山県","16201","富山市","162010560004 ","二口町四丁目","36.668308","137.205365","0","3"
"16","富山県","16201","富山市","162010560005 ","二口町五丁目","36.668441","137.202774","0","3"
"16","富山県","16201","富山市","162010563000 ","二松","36.592386","137.225092","0","1"
"16","富山県","16201","富山市","162010561000 ","二俣","36.647522","137.217076","0","1"
"16","富山県","16201","富山市","162010562000 ","二俣新町","36.649084","137.212156","0","1"
"16","富山県","16201","富山市","162010540000 ","日之出町","36.692450","137.218307","0","1"
"16","富山県","16201","富山市","162010523000 ","日尾","36.583314","137.275600","0","1"
"16","富山県","16201","富山市","162010538000 ","日方江","36.756126","137.264862","0","1"
"16","富山県","16201","富山市","162010541000 ","日俣","36.696008","137.274187","0","1"
"16","富山県","16201","富山市","162010396000 ","任海","36.632387","137.200151","0","1"
"16","富山県","16201","富山市","162010088000 ","馬瀬","36.565879","137.279111","0","1"
"16","富山県","16201","富山市","162010696000 ","馬瀬口","36.623673","137.289907","0","1"
"16","富山県","16201","富山市","162010089001 ","梅沢町一丁目","36.684861","137.218273","0","3"
"16","富山県","16201","富山市","162010089002 ","梅沢町二丁目","36.682977","137.218725","0","3"
"16","富山県","16201","富山市","162010089003 ","梅沢町三丁目","36.684221","137.220550","0","3"
"16","富山県","16201","富山市","162010500000 ","萩原","36.662052","137.194096","0","1"
"16","富山県","16201","富山市","162010295000 ","白銀町","36.691273","137.218416","0","1"
"16","富山県","16201","富山市","162010084000 ","薄波","36.510342","137.263083","0","1"
"16","富山県","16201","富山市","162010503000 ","畑中","36.702585","137.200798","0","1"
"16","富山県","16201","富山市","162010506000 ","八ヶ山","36.723992","137.194341","0","1"
"16","富山県","16201","富山市","162010505000 ","八人町","36.693270","137.217092","0","1"
"16","富山県","16201","富山市","162010504000 ","八川","36.649783","137.259224","0","1"
"16","富山県","16201","富山市","162010507000 ","八町","36.735868","137.185568","0","1"
"16","富山県","16201","富山市","162010510000 ","八町西","36.737822","137.174448","0","1"
"16","富山県","16201","富山市","162010509000 ","八町中","36.736577","137.179298","0","1"
"16","富山県","16201","富山市","162010511000 ","八町東","36.734980","137.188459","0","1"
"16","富山県","16201","富山市","162010512000 ","八町南","36.728298","137.186964","0","1"
"16","富山県","16201","富山市","162010508000 ","八町北","36.742736","137.172974","0","1"
"16","富山県","16201","富山市","162011004000 ","八日町","36.651969","137.200764","0","1"
"16","富山県","16201","富山市","162010974000 ","八幡","36.740613","137.196575","0","1"
"16","富山県","16201","富山市","162010963000 ","八尾町安谷","36.487892","137.079016","0","1"
"16","富山県","16201","富山市","162010817000 ","八尾町庵谷","36.438904","137.070516","0","1"
"16","富山県","16201","富山市","162010818000 ","八尾町井栗谷","36.578408","137.174897","0","1"
"16","富山県","16201","富山市","162010819000 ","八尾町井田","36.593945","137.150149","0","1"
"16","富山県","16201","富山市","162010820000 ","八尾町井田新","36.608997","137.145252","0","1"
"16","富山県","16201","富山市","162010831000 ","八尾町越後谷","36.487967","137.073271","0","1"
"16","富山県","16201","富山市","162010838000 ","八尾町奥田","36.619033","137.126643","0","1"
"16","富山県","16201","富山市","162010968000 ","八尾町横平","36.498482","137.077219","0","1"
"16","富山県","16201","富山市","162010872000 ","八尾町下ノ名","36.550456","137.096816","0","1"
"16","富山県","16201","富山市","162010875000 ","八尾町下笹原","36.570991","137.143778","0","1"
"16","富山県","16201","富山市","162010879000 ","八尾町下乗嶺","36.558302","137.125313","0","1"
"16","富山県","16201","富山市","162010871000 ","八尾町下新町","36.582430","137.139893","0","1"
"16","富山県","16201","富山市","162010878000 ","八尾町下仁歩","36.543702","137.107558","0","1"
"16","富山県","16201","富山市","162010877000 ","八尾町下田池","36.565869","137.126900","0","1"
"16","富山県","16201","富山市","162010876000 ","八尾町下島","36.480395","137.077942","0","1"
"16","富山県","16201","富山市","162010880000 ","八尾町下牧","36.531735","137.114766","0","1"
"16","富山県","16201","富山市","162010916000 ","八尾町夏前","36.443267","137.087046","0","1"
"16","富山県","16201","富山市","162010928000 ","八尾町花房","36.478772","137.068846","0","1"
"16","富山県","16201","富山市","162010893000 ","八尾町外堀","36.547763","137.169672","0","1"
"16","富山県","16201","富山市","162010842000 ","八尾町角間","36.567410","137.135147","0","1"
"16","富山県","16201","富山市","162010843000 ","八尾町掛畑","36.553125","137.156446","0","1"
"16","富山県","16201","富山市","162010844000 ","八尾町樫尾","36.567999","137.160704","0","1"
"16","富山県","16201","富山市","162010903000 ","八尾町舘本郷","36.615258","137.137736","0","1"
"16","富山県","16201","富山市","162010946000 ","八尾町丸山","36.590151","137.157953","0","1"
"16","富山県","16201","富山市","162010824000 ","八尾町岩屋","36.561634","137.165123","0","1"
"16","富山県","16201","富山市","162010823000 ","八尾町岩島","36.541591","137.124435","0","1"
"16","富山県","16201","富山市","162010969000 ","八尾町吉友","36.498304","137.089115","0","1"
"16","富山県","16201","富山市","162010954000 ","八尾町宮ケ島","36.567573","137.102598","0","1"
"16","富山県","16201","富山市","162010956000 ","八尾町宮ノ下","36.552698","137.128418","0","1"
"16","富山県","16201","富山市","162010955000 ","八尾町宮腰","36.545230","137.163407","0","1"
"16","富山県","16201","富山市","162010841000 ","八尾町鏡町","36.577949","137.132663","0","1"
"16","富山県","16201","富山市","162010856000 ","八尾町桐谷","36.493791","137.188861","0","1"
"16","富山県","16201","富山市","162010858000 ","八尾町窪","36.569435","137.100251","0","1"
"16","富山県","16201","富山市","162010860000 ","八尾町栗須","36.495567","137.058607","0","1"
"16","富山県","16201","富山市","162010845000 ","八尾町桂原","36.493051","137.118440","0","1"
"16","富山県","16201","富山市","162010898000 ","八尾町高橋","36.574622","137.111570","0","1"
"16","富山県","16201","富山市","162010895000 ","八尾町高熊","36.574928","137.122871","0","1"
"16","富山県","16201","富山市","162010896000 ","八尾町高瀬","36.571294","137.088893","0","1"
"16","富山県","16201","富山市","162010863000 ","八尾町高善寺","36.610460","137.138546","0","1"
"16","富山県","16201","富山市","162010894000 ","八尾町高尾","36.567078","137.108911","0","1"
"16","富山県","16201","富山市","162010899000 ","八尾町高峯","36.561324","137.117971","0","1"
"16","富山県","16201","富山市","162010897000 ","八尾町高野","36.464779","137.080052","0","1"
"16","富山県","16201","富山市","162010861000 ","八尾町黒田","36.605189","137.152450","0","1"
"16","富山県","16201","富山市","162010821000 ","八尾町今町","36.580038","137.138477","0","1"
"16","富山県","16201","富山市","162010943000 ","八尾町細滝","36.561311","137.100633","0","1"
"16","富山県","16201","富山市","162010868000 ","八尾町坂ノ下","36.565305","137.109786","0","1"
"16","富山県","16201","富山市","162010951000 ","八尾町三ツ松","36.522907","137.095885","0","1"
"16","富山県","16201","富山市","162010950000 ","八尾町三田","36.615172","137.106207","0","1"
"16","富山県","16201","富山市","162010966000 ","八尾町山中","36.525703","137.068165","0","1"
"16","富山県","16201","富山市","162010870000 ","八尾町寺家","36.613415","137.153005","0","1"
"16","富山県","16201","富山市","162010873000 ","八尾町柴橋","36.572964","137.113459","0","1"
"16","富山県","16201","富山市","162010862000 ","八尾町小井波","36.500205","137.162545","0","1"
"16","富山県","16201","富山市","162010840000 ","八尾町小原","36.529865","137.162547","0","1"
"16","富山県","16201","富山市","162010864000 ","八尾町小谷","36.537174","137.084182","0","1"
"16","富山県","16201","富山市","162010865000 ","八尾町小長谷","36.578219","137.149885","0","1"
"16","富山県","16201","富山市","162010866000 ","八尾町小長谷新","36.577312","137.158048","0","1"
"16","富山県","16201","富山市","162010867000 ","八尾町小畑","36.513114","137.093561","0","1"
"16","富山県","16201","富山市","162010945000 ","八尾町松原","36.606833","137.118913","0","1"
"16","富山県","16201","富山市","162010825000 ","八尾町上ケ島","36.550058","137.129249","0","1"
"16","富山県","16201","富山市","162010826000 ","八尾町上ノ名","36.549391","137.103225","0","1"
"16","富山県","16201","富山市","162010847000 ","八尾町上高善寺","36.605561","137.138688","0","1"
"16","富山県","16201","富山市","162010846000 ","八尾町上黒瀬","36.540084","137.157456","0","1"
"16","富山県","16201","富山市","162010848000 ","八尾町上笹原","36.535619","137.150182","0","1"
"16","富山県","16201","富山市","162010849000 ","八尾町上新町","36.576758","137.130384","0","1"
"16","富山県","16201","富山市","162010851000 ","八尾町上仁歩","36.536643","137.108031","0","1"
"16","富山県","16201","富山市","162010850000 ","八尾町上田池","36.564128","137.126624","0","1"
"16","富山県","16201","富山市","162010852000 ","八尾町上牧","36.485970","137.083016","0","1"
"16","富山県","16201","富山市","162010830000 ","八尾町上野","36.557273","137.090028","0","1"
"16","富山県","16201","富山市","162010927000 ","八尾町乗嶺","36.553826","137.116694","0","1"
"16","富山県","16201","富山市","162010882000 ","八尾町城生","36.584157","137.179322","0","1"
"16","富山県","16201","富山市","162010816000 ","八尾町新屋","36.447099","137.071802","0","1"
"16","富山県","16201","富山市","162010883000 ","八尾町新田","36.610764","137.126998","0","1"
"16","富山県","16201","富山市","162010884000 ","八尾町新名","36.558114","137.120692","0","1"
"16","富山県","16201","富山市","162010938000 ","八尾町深谷","36.586963","137.165332","0","1"
"16","富山県","16201","富山市","162010889000 ","八尾町諏訪町","36.574338","137.132946","0","1"
"16","富山県","16201","富山市","162010887000 ","八尾町須郷","36.542139","137.096461","0","1"
"16","富山県","16201","富山市","162010952000 ","八尾町水口","36.544919","137.128508","0","1"
"16","富山県","16201","富山市","162010948000 ","八尾町水谷","36.599211","137.130034","0","1"
"16","富山県","16201","富山市","162010949000 ","八尾町水無","36.472310","137.082706","0","1"
"16","富山県","16201","富山市","162010947000 ","八尾町翠尾","36.621914","137.135008","0","1"
"16","富山県","16201","富山市","162010886000 ","八尾町杉田","36.610192","137.170779","0","1"
"16","富山県","16201","富山市","162010885000 ","八尾町杉平","36.428538","137.092534","0","1"
"16","富山県","16201","富山市","162010944000 ","八尾町正間","36.531969","137.089720","0","1"
"16","富山県","16201","富山市","162010881000 ","八尾町清水","36.466370","137.067575","0","1"
"16","富山県","16201","富山市","162010919000 ","八尾町西葛坂","36.568294","137.123108","0","1"
"16","富山県","16201","富山市","162010917000 ","八尾町西原","36.456716","137.083327","0","1"
"16","富山県","16201","富山市","162010923000 ","八尾町西松瀬","36.497281","137.130138","0","1"
"16","富山県","16201","富山市","162010921000 ","八尾町西新町","36.574662","137.128214","0","1"
"16","富山県","16201","富山市","162010920000 ","八尾町西神通","36.597753","137.178628","0","1"
"16","富山県","16201","富山市","162010918000 ","八尾町西川倉","36.532435","137.121736","0","1"
"16","富山県","16201","富山市","162010922000 ","八尾町西町","36.578648","137.136232","0","1"
"16","富山県","16201","富山市","162010811000 ","八尾町青根","36.545206","137.119329","0","1"
"16","富山県","16201","富山市","162010890000 ","八尾町石戸","36.599770","137.138170","0","1"
"16","富山県","16201","富山市","162010812000 ","八尾町赤石","36.506299","137.120915","0","1"
"16","富山県","16201","富山市","162010857000 ","八尾町切詰","36.404765","137.080851","0","1"
"16","富山県","16201","富山市","162010891000 ","八尾町専沢","36.498109","137.067806","0","1"
"16","富山県","16201","富山市","162010853000 ","八尾町川住","36.536340","137.118525","0","1"
"16","富山県","16201","富山市","162010970000 ","八尾町鼠谷","36.529150","137.106897","0","1"
"16","富山県","16201","富山市","162010859000 ","八尾町倉ケ谷","36.515140","137.100387","0","1"
"16","富山県","16201","富山市","162010892000 ","八尾町草蓮坂","36.533303","137.105672","0","1"
"16","富山県","16201","富山市","162010813000 ","八尾町足谷","36.547084","137.085628","0","1"
"16","富山県","16201","富山市","162010960000 ","八尾町村杉","36.573201","137.158526","0","1"
"16","富山県","16201","富山市","162010833000 ","八尾町大下","36.547940","137.111070","0","1"
"16","富山県","16201","富山市","162010835000 ","八尾町大玉生","36.508990","137.089059","0","1"
"16","富山県","16201","富山市","162010834000 ","八尾町大杉","36.606461","137.162386","0","1"
"16","富山県","16201","富山市","162010836000 ","八尾町大道","36.544602","137.074876","0","1"
"16","富山県","16201","富山市","162010900000 ","八尾町滝谷","36.448270","137.120407","0","1"
"16","富山県","16201","富山市","162010901000 ","八尾町滝脇","36.525708","137.168160","0","1"
"16","富山県","16201","富山市","162010905000 ","八尾町谷折","36.490704","137.106465","0","1"
"16","富山県","16201","富山市","162010965000 ","八尾町谷内","36.569678","137.115346","0","1"
"16","富山県","16201","富山市","162010902000 ","八尾町竹ノ内","36.569660","137.107053","0","1"
"16","富山県","16201","富山市","162010911000 ","八尾町中","36.559066","137.082839","0","1"
"16","富山県","16201","富山市","162010915000 ","八尾町中山","36.491130","137.074235","0","1"
"16","富山県","16201","富山市","162010913000 ","八尾町中神通","36.598864","137.183933","0","1"
"16","富山県","16201","富山市","162010914000 ","八尾町中仁歩","36.540147","137.109177","0","1"
"16","富山県","16201","富山市","162010912000 ","八尾町中島","36.478516","137.081873","0","1"
"16","富山県","16201","富山市","162010832000 ","八尾町追分","36.573777","137.095303","0","1"
"16","富山県","16201","富山市","162010815000 ","八尾町天池","36.568892","137.095667","0","1"
"16","富山県","16201","富山市","162010907000 ","八尾町天満町","36.583926","137.142753","0","1"
"16","富山県","16201","富山市","162010904000 ","八尾町田中","36.621350","137.141663","0","1"
"16","富山県","16201","富山市","162010906000 ","八尾町田頭","36.464015","137.107526","0","1"
"16","富山県","16201","富山市","162010908000 ","八尾町土玉生","36.526496","137.079265","0","1"
"16","富山県","16201","富山市","162010874000 ","八尾町島地","36.484617","137.094240","0","1"
"16","富山県","16201","富山市","162010930000 ","八尾町東葛坂","36.566406","137.130322","0","1"
"16","富山県","16201","富山市","162010933000 ","八尾町東原","36.450105","137.091536","0","1"
"16","富山県","16201","富山市","162010869000 ","八尾町東坂下","36.566602","137.172116","0","1"
"16","富山県","16201","富山市","162010935000 ","八尾町東松瀬","36.504478","137.143118","0","1"
"16","富山県","16201","富山市","162010931000 ","八尾町東新町","36.573182","137.129787","0","1"
"16","富山県","16201","富山市","162010929000 ","八尾町東川倉","36.532844","137.129468","0","1"
"16","富山県","16201","富山市","162010934000 ","八尾町東町","36.576830","137.136042","0","1"
"16","富山県","16201","富山市","162010932000 ","八尾町東布谷","36.520943","137.127598","0","1"
"16","富山県","16201","富山市","162010910000 ","八尾町道畑下中山","36.558197","137.131359","0","1"
"16","富山県","16201","富山市","162010909000 ","八尾町栃折","36.509352","137.061091","0","1"
"16","富山県","16201","富山市","162010828000 ","八尾町内名","36.477857","137.115728","0","1"
"16","富山県","16201","富山市","162010941000 ","八尾町二屋","36.497666","137.073816","0","1"
"16","富山県","16201","富山市","162010822000 ","八尾町入谷","36.533955","137.107660","0","1"
"16","富山県","16201","富山市","162010829001 ","八尾町梅苑町一丁目","36.572053","137.135316","0","3"
"16","富山県","16201","富山市","162010829002 ","八尾町梅苑町二丁目","36.571987","137.137357","0","3"
"16","富山県","16201","富山市","162010827000 ","八尾町薄島","36.602508","137.174166","0","1"
"16","富山県","16201","富山市","162010888000 ","八尾町薄尾","36.481249","137.062010","0","1"
"16","富山県","16201","富山市","162010964000 ","八尾町八十島","36.563090","137.122246","0","1"
"16","富山県","16201","富山市","162010837000 ","八尾町尾久","36.571632","137.102740","0","1"
"16","富山県","16201","富山市","162010839000 ","八尾町尾畑","36.516589","137.092022","0","1"
"16","富山県","16201","富山市","162010924000 ","八尾町布谷","36.511908","137.112108","0","1"
"16","富山県","16201","富山市","162010942000 ","八尾町武道原","36.521718","137.087141","0","1"
"16","富山県","16201","富山市","162010939000 ","八尾町福島","36.586601","137.135341","0","1"
"16","富山県","16201","富山市","162010940003 ","八尾町福島三丁目","36.592455","137.142148","0","3"
"16","富山県","16201","富山市","162010940004 ","八尾町福島四丁目","36.591194","137.140064","0","3"
"16","富山県","16201","富山市","162010940005 ","八尾町福島五丁目","36.594026","137.139729","0","3"
"16","富山県","16201","富山市","162010940006 ","八尾町福島六丁目","36.593718","137.137630","0","3"
"16","富山県","16201","富山市","162010940007 ","八尾町福島七丁目","36.596042","137.136839","0","3"
"16","富山県","16201","富山市","162010936000 ","八尾町平沢","36.533739","137.098078","0","1"
"16","富山県","16201","富山市","162010937000 ","八尾町平林","36.605423","137.107999","0","1"
"16","富山県","16201","富山市","162010962001 ","八尾町保内一丁目","36.593690","137.122515","0","3"
"16","富山県","16201","富山市","162010962002 ","八尾町保内二丁目","36.586318","137.122743","0","3"
"16","富山県","16201","富山市","162010962003 ","八尾町保内三丁目","36.592547","137.114186","0","3"
"16","富山県","16201","富山市","162010953000 ","八尾町峯","36.557064","137.111950","0","1"
"16","富山県","16201","富山市","162010855000 ","八尾町北袋","36.564834","137.114488","0","1"
"16","富山県","16201","富山市","162010854000 ","八尾町北谷","36.559005","137.172996","0","1"
"16","富山県","16201","富山市","162010959000 ","八尾町妙川寺","36.594194","137.133381","0","1"
"16","富山県","16201","富山市","162010961000 ","八尾町滅鬼","36.599650","137.169423","0","1"
"16","富山県","16201","富山市","162010925000 ","八尾町野飼","36.595802","137.173447","0","1"
"16","富山県","16201","富山市","162010926000 ","八尾町野須郷","36.563407","137.109461","0","1"
"16","富山県","16201","富山市","162010814000 ","八尾町油","36.568470","137.126442","0","1"
"16","富山県","16201","富山市","162010967000 ","八尾町柚木","36.563360","137.091649","0","1"
"16","富山県","16201","富山市","162010971000 ","八尾町猟師ケ原","36.471984","137.153816","0","1"
"16","富山県","16201","富山市","162010972000 ","八尾町和山","36.562658","137.111986","0","1"
"16","富山県","16201","富山市","162010958000 ","八尾町茗ケ原","36.540555","137.140218","0","1"
"16","富山県","16201","富山市","162010957000 ","八尾町茗ケ島","36.514694","137.074496","0","1"
"16","富山県","16201","富山市","162010808000 ","八木山","36.581669","137.209001","0","1"
"16","富山県","16201","富山市","162010031000 ","飯野","36.718792","137.253613","0","1"
"16","富山県","16201","富山市","162010542000 ","百塚","36.719758","137.201150","0","1"
"16","富山県","16201","富山市","162010517000 ","浜黒崎","36.748927","137.280128","1","1"
"16","富山県","16201","富山市","162011033000","浜黒崎町","36.751882","137.279414","1","2"
"16","富山県","16201","富山市","162010554000 ","不二越町","36.683784","137.243433","0","1"
"16","富山県","16201","富山市","162010553001 ","不二越本町一丁目","36.684068","137.233565","0","3"
"16","富山県","16201","富山市","162010553002 ","不二越本町二丁目","36.681728","137.234189","0","3"
"16","富山県","16201","富山市","162010630000 ","婦中町ねむの木","36.639551","137.175181","0","1"
"16","富山県","16201","富山市","162010655000 ","婦中町安田","36.682695","137.156878","0","1"
"16","富山県","16201","富山市","162010614000 ","婦中町為成新","36.626281","137.178754","0","1"
"16","富山県","16201","富山市","162010632000 ","婦中町羽根","36.656436","137.135234","0","1"
"16","富山県","16201","富山市","162010633000 ","婦中町羽根新","36.675854","137.180338","0","1"
"16","富山県","16201","富山市","162010570000 ","婦中町鵜坂","36.672289","137.188496","0","1"
"16","富山県","16201","富山市","162010659000 ","婦中町横野","36.620756","137.178788","0","1"
"16","富山県","16201","富山市","162010597000 ","婦中町下井沢","36.643565","137.156792","0","1"
"16","富山県","16201","富山市","162010602000 ","婦中町下吉川","36.646461","137.143755","0","1"
"16","富山県","16201","富山市","162010598000 ","婦中町下轡田","36.662492","137.174967","0","1"
"16","富山県","16201","富山市","162010599000 ","婦中町下坂倉","36.663619","137.169797","0","1"
"16","富山県","16201","富山市","162010586000 ","婦中町下条","36.670822","137.150241","0","1"
"16","富山県","16201","富山市","162010600000 ","婦中町下瀬","36.636871","137.104317","0","1"
"16","富山県","16201","富山市","162010601000 ","婦中町下邑","36.660520","137.136602","0","1"
"16","富山県","16201","富山市","162010582000 ","婦中町河原町","36.643518","137.129852","0","1"
"16","富山県","16201","富山市","162010575000 ","婦中町皆杓","36.602577","137.080644","0","1"
"16","富山県","16201","富山市","162010607000 ","婦中町外輪野","36.635834","137.095126","0","1"
"16","富山県","16201","富山市","162010585000 ","婦中町希望ケ丘","36.677223","137.178040","0","1"
"16","富山県","16201","富山市","162010660000 ","婦中町吉住","36.637615","137.089587","0","1"
"16","富山県","16201","富山市","162010661000 ","婦中町吉谷","36.634162","137.073150","0","1"
"16","富山県","16201","富山市","162010651000 ","婦中町宮ケ谷","36.660297","137.080595","0","1"
"16","富山県","16201","富山市","162010650000 ","婦中町宮ケ島","36.668006","137.169381","0","1"
"16","富山県","16201","富山市","162010571000 ","婦中町牛滑","36.614163","137.076635","0","1"
"16","富山県","16201","富山市","162010638000 ","婦中町響の杜","36.652055","137.159490","0","1"
"16","富山県","16201","富山市","162010656000 ","婦中町熊野道","36.626605","137.140174","0","1"
"16","富山県","16201","富山市","162010644000 ","婦中町蛍川","36.650660","137.166349","0","1"
"16","富山県","16201","富山市","162010641000 ","婦中町古沢","36.676857","137.138198","0","1"
"16","富山県","16201","富山市","162010639000 ","婦中町広田","36.623475","137.165430","0","1"
"16","富山県","16201","富山市","162010612000 ","婦中町高山","36.617257","137.086836","0","1"
"16","富山県","16201","富山市","162010610000 ","婦中町高塚","36.647988","137.091796","0","1"
"16","富山県","16201","富山市","162010609000 ","婦中町高田","36.649059","137.151699","0","1"
"16","富山県","16201","富山市","162010611000 ","婦中町高日附","36.634744","137.139727","0","1"
"16","富山県","16201","富山市","162010604000 ","婦中町砂子田","36.653056","137.162982","0","1"
"16","富山県","16201","富山市","162010590000 ","婦中町笹倉","36.667075","137.157798","0","1"
"16","富山県","16201","富山市","162010648000 ","婦中町三屋","36.638045","137.109404","0","1"
"16","富山県","16201","富山市","162010592000 ","婦中町三瀬","36.622305","137.093517","0","1"
"16","富山県","16201","富山市","162010654000 ","婦中町持田","36.639640","137.171671","0","1"
"16","富山県","16201","富山市","162010603000 ","婦中町十五丁","36.629348","137.174752","0","1"
"16","富山県","16201","富山市","162010587000 ","婦中町小泉","36.673438","137.157311","0","1"
"16","富山県","16201","富山市","162010574000 ","婦中町小倉","36.628314","137.134897","0","1"
"16","富山県","16201","富山市","162010588000 ","婦中町小長沢","36.665662","137.130695","0","1"
"16","富山県","16201","富山市","162010589000 ","婦中町小野島","36.655609","137.145417","0","1"
"16","富山県","16201","富山市","162010577000 ","婦中町上井沢","36.627988","137.145735","0","1"
"16","富山県","16201","富山市","162010581000 ","婦中町上吉川","36.641449","137.141096","0","1"
"16","富山県","16201","富山市","162010578000 ","婦中町上轡田","36.655369","137.181758","0","1"
"16","富山県","16201","富山市","162010576000 ","婦中町上新屋","36.629065","137.176489","0","1"
"16","富山県","16201","富山市","162010579000 ","婦中町上瀬","36.622624","137.100268","0","1"
"16","富山県","16201","富山市","162010580000 ","婦中町上田島","36.670338","137.174528","0","1"
"16","富山県","16201","富山市","162010572000 ","婦中町上野","36.602081","137.088692","0","1"
"16","富山県","16201","富山市","162010567000 ","婦中町新屋","36.624867","137.174593","0","1"
"16","富山県","16201","富山市","162010565000 ","婦中町新町","36.659571","137.124759","0","1"
"16","富山県","16201","富山市","162010566000 ","婦中町新町村西","36.659525","137.122057","0","1"
"16","富山県","16201","富山市","162010627000 ","婦中町成子","36.612167","137.179263","0","1"
"16","富山県","16201","富山市","162010596000 ","婦中町清水島","36.636416","137.163703","0","1"
"16","富山県","16201","富山市","162010628000 ","婦中町西ヶ丘","36.658358","137.170657","0","1"
"16","富山県","16201","富山市","162010629000 ","婦中町西本郷","36.678929","137.166262","0","1"
"16","富山県","16201","富山市","162010564000 ","婦中町青島","36.630848","137.183260","0","1"
"16","富山県","16201","富山市","162010616000 ","婦中町千里","36.629937","137.119139","0","1"
"16","富山県","16201","富山市","162010646000 ","婦中町増田","36.653953","137.174557","0","1"
"16","富山県","16201","富山市","162010605000 ","婦中町蔵島","36.645615","137.171854","0","1"
"16","富山県","16201","富山市","162010635000 ","婦中町速星","36.662089","137.164118","0","1"
"16","富山県","16201","富山市","162010640000 ","婦中町袋","36.654622","137.154821","0","1"
"16","富山県","16201","富山市","162010573000 ","婦中町大瀬谷","36.611117","137.063365","0","1"
"16","富山県","16201","富山市","162010591000 ","婦中町沢田","36.634430","137.128959","0","1"
"16","富山県","16201","富山市","162010593000 ","婦中町地角","36.631631","137.168046","0","1"
"16","富山県","16201","富山市","162010625000 ","婦中町中島","36.618899","137.146955","0","1"
"16","富山県","16201","富山市","162010626000 ","婦中町中名","36.643030","137.166535","0","1"
"16","富山県","16201","富山市","162010624000 ","婦中町長沢","36.648867","137.126368","0","1"
"16","富山県","16201","富山市","162010617000 ","婦中町塚原","36.663219","137.186014","0","1"
"16","富山県","16201","富山市","162010606000 ","婦中町添島","36.644479","137.178449","0","1"
"16","富山県","16201","富山市","162010615000 ","婦中町田屋","36.630165","137.155404","0","1"
"16","富山県","16201","富山市","162010613000 ","婦中町田島","36.673159","137.176642","0","1"
"16","富山県","16201","富山市","162010594000 ","婦中町島田","36.631538","137.137996","0","1"
"16","富山県","16201","富山市","162010595000 ","婦中町島本郷","36.678422","137.170974","0","1"
"16","富山県","16201","富山市","162010636000 ","婦中町東谷","36.626558","137.082697","0","1"
"16","富山県","16201","富山市","162010637000 ","婦中町東本郷","36.672789","137.168210","0","1"
"16","富山県","16201","富山市","162010618000 ","婦中町道喜島","36.631508","137.171509","0","1"
"16","富山県","16201","富山市","162010620000 ","婦中町道場","36.645617","137.159954","0","1"
"16","富山県","16201","富山市","162010619000 ","婦中町道島","36.608967","137.087228","0","1"
"16","富山県","16201","富山市","162010649000 ","婦中町南下瀬","36.629499","137.099392","0","1"
"16","富山県","16201","富山市","162010631000 ","婦中町萩島","36.633218","137.176759","0","1"
"16","富山県","16201","富山市","162010652000 ","婦中町麦島","36.656587","137.152112","0","1"
"16","富山県","16201","富山市","162010568000 ","婦中町板倉","36.652971","137.169511","0","1"
"16","富山県","16201","富山市","162010569000 ","婦中町板倉新","36.648864","137.175990","0","1"
"16","富山県","16201","富山市","162010634000 ","婦中町浜子","36.619577","137.155942","0","1"
"16","富山県","16201","富山市","162010622000 ","婦中町富崎","36.638786","137.122714","0","1"
"16","富山県","16201","富山市","162010621000 ","婦中町富川","36.651621","137.147354","0","1"
"16","富山県","16201","富山市","162010642000 ","婦中町分田","36.670088","137.182630","0","1"
"16","富山県","16201","富山市","162010608000 ","婦中町平等","36.647708","137.068396","0","1"
"16","富山県","16201","富山市","162010643000 ","婦中町鉾木","36.630769","137.121566","0","1"
"16","富山県","16201","富山市","162010584000 ","婦中町北下瀬","36.632492","137.100505","0","1"
"16","富山県","16201","富山市","162010583000 ","婦中町北上瀬","36.631502","137.100369","0","1"
"16","富山県","16201","富山市","162010645000 ","婦中町堀","36.636591","137.168582","0","1"
"16","富山県","16201","富山市","162010657000 ","婦中町夢ケ丘","36.676421","137.173781","0","1"
"16","富山県","16201","富山市","162010623000 ","婦中町友坂","36.676170","137.142478","0","1"
"16","富山県","16201","富山市","162010658000 ","婦中町余川","36.639990","137.154475","0","1"
"16","富山県","16201","富山市","162010653000 ","婦中町葎原","36.621446","137.064452","0","1"
"16","富山県","16201","富山市","162010662000 ","婦中町蓮花寺","36.641907","137.113010","0","1"
"16","富山県","16201","富山市","162010647000 ","婦中町鶚谷","36.628167","137.067467","0","1"
"16","富山県","16201","富山市","162010401000 ","富岡町","36.693989","137.261891","0","1"
"16","富山県","16201","富山市","162010551000 ","冨居栄町","36.706621","137.247878","0","1"
"16","富山県","16201","富山市","162010479000 ","布市","36.643783","137.239124","0","1"
"16","富山県","16201","富山市","162010480000 ","布市新町","36.649102","137.240700","0","1"
"16","富山県","16201","富山市","162010481000 ","布尻","36.526046","137.244519","0","1"
"16","富山県","16201","富山市","162010483000 ","布瀬町","36.679625","137.196549","0","1"
"16","富山県","16201","富山市","162010484001 ","布瀬町一丁目","36.685100","137.200782","0","3"
"16","富山県","16201","富山市","162010484002 ","布瀬町二丁目","36.681456","137.199771","0","3"
"16","富山県","16201","富山市","162010485001 ","布瀬町南一丁目","36.675727","137.199548","0","3"
"16","富山県","16201","富山市","162010485002 ","布瀬町南二丁目","36.675590","137.203176","0","3"
"16","富山県","16201","富山市","162010485003 ","布瀬町南三丁目","36.672657","137.199785","0","3"
"16","富山県","16201","富山市","162010482000 ","布瀬本町","36.678341","137.199647","0","1"
"16","富山県","16201","富山市","162010486000 ","布目","36.744078","137.189379","0","1"
"16","富山県","16201","富山市","162010488000 ","布目西","36.744360","137.181212","0","1"
"16","富山県","16201","富山市","162010487000 ","布目北","36.749138","137.188400","0","1"
"16","富山県","16201","富山市","162010552000 ","伏木","36.483628","137.254208","0","1"
"16","富山県","16201","富山市","162010550000 ","福居","36.613520","137.195522","0","1"
"16","富山県","16201","富山市","162010673001 ","文京町一丁目","36.693277","137.172265","0","3"
"16","富山県","16201","富山市","162010673002 ","文京町二丁目","36.690765","137.170625","0","3"
"16","富山県","16201","富山市","162010673003 ","文京町三丁目","36.690223","137.171657","0","3"
"16","富山県","16201","富山市","162010807000 ","文珠寺","36.589423","137.301881","0","1"
"16","富山県","16201","富山市","162010545000 ","平榎","36.742159","137.282967","1","1"
"16","富山県","16201","富山市","162010546000 ","平岡","36.671700","137.127669","0","1"
"16","富山県","16201","富山市","162010549000 ","平吹町","36.690001","137.206226","0","1"
"16","富山県","16201","富山市","162011026000 ","米田","36.736045","137.245370","0","1"
"16","富山県","16201","富山市","162011027001 ","米田すずかけ台一丁目","36.737391","137.237805","0","3"
"16","富山県","16201","富山市","162011027002 ","米田すずかけ台二丁目","36.735231","137.238068","0","3"
"16","富山県","16201","富山市","162011027003 ","米田すずかけ台三丁目","36.734242","137.238562","0","3"
"16","富山県","16201","富山市","162011028001 ","米田町一丁目","36.738461","137.241282","0","3"
"16","富山県","16201","富山市","162011028002 ","米田町二丁目","36.734049","137.241595","0","3"
"16","富山県","16201","富山市","162011028003 ","米田町三丁目","36.739071","137.245891","0","3"
"16","富山県","16201","富山市","162010674000 ","別名","36.641452","137.184625","0","1"
"16","富山県","16201","富山市","162010158000 ","片掛","36.495899","137.225599","0","1"
"16","富山県","16201","富山市","162010347001 ","宝町一丁目","36.700607","137.210411","0","3"
"16","富山県","16201","富山市","162010347002 ","宝町二丁目","36.699080","137.209160","0","3"
"16","富山県","16201","富山市","162010403000 ","豊丘町","36.728949","137.232112","0","1"
"16","富山県","16201","富山市","162010411001 ","豊若町一丁目","36.732908","137.237864","0","3"
"16","富山県","16201","富山市","162010411002 ","豊若町二丁目","36.731072","137.235810","0","3"
"16","富山県","16201","富山市","162010411003 ","豊若町三丁目","36.730377","137.238353","0","3"
"16","富山県","16201","富山市","162010406000 ","豊城新町","36.729540","137.229569","0","1"
"16","富山県","16201","富山市","162010407000 ","豊城町","36.727307","137.228727","0","1"
"16","富山県","16201","富山市","162010404000 ","豊川町","36.691131","137.220177","0","1"
"16","富山県","16201","富山市","162010408000 ","豊田","36.730133","137.239970","0","1"
"16","富山県","16201","富山市","162010410001 ","豊田町一丁目","36.722382","137.233283","0","3"
"16","富山県","16201","富山市","162010410002 ","豊田町二丁目","36.721976","137.235626","0","3"
"16","富山県","16201","富山市","162010409001 ","豊田本町一丁目","36.728910","137.235202","0","3"
"16","富山県","16201","富山市","162010409002 ","豊田本町二丁目","36.726071","137.235415","0","3"
"16","富山県","16201","富山市","162010409003 ","豊田本町三丁目","36.725702","137.239266","0","3"
"16","富山県","16201","富山市","162010409004 ","豊田本町四丁目","36.726884","137.242064","0","3"
"16","富山県","16201","富山市","162010405000 ","豊島町","36.731271","137.231024","0","1"
"16","富山県","16201","富山市","162010196000 ","北押川","36.685184","137.130464","0","1"
"16","富山県","16201","富山市","162010197001 ","北新町一丁目","36.694313","137.220888","0","3"
"16","富山県","16201","富山市","162010197002 ","北新町二丁目","36.692956","137.220909","0","3"
"16","富山県","16201","富山市","162010198000 ","北代","36.716519","137.182161","0","1"
"16","富山県","16201","富山市","162010199000 ","北代新","36.721167","137.186028","0","1"
"16","富山県","16201","富山市","162010200000 ","北代中部","36.725083","137.178013","0","1"
"16","富山県","16201","富山市","162010201000 ","北代東部","36.724939","137.184715","0","1"
"16","富山県","16201","富山市","162010202000 ","北代北部","36.731220","137.175242","0","1"
"16","富山県","16201","富山市","162010204000 ","北二ツ屋","36.721957","137.146281","0","1"
"16","富山県","16201","富山市","162010203000 ","北野","36.671040","137.112887","0","1"
"16","富山県","16201","富山市","162010693000 ","牧","36.566511","137.353553","0","1"
"16","富山県","16201","富山市","162010694000 ","牧田","36.612438","137.236463","0","1"
"16","富山県","16201","富山市","162010695000 ","牧野","36.585218","137.268144","0","1"
"16","富山県","16201","富山市","162010676000 ","堀","36.654421","137.230464","0","1"
"16","富山県","16201","富山市","162010677000 ","堀川小泉町","36.674758","137.218988","0","1"
"16","富山県","16201","富山市","162010678001 ","堀川小泉町一丁目","36.676005","137.221439","0","3"
"16","富山県","16201","富山市","162010678002 ","堀川小泉町二丁目","36.673170","137.222327","0","3"
"16","富山県","16201","富山市","162010680000 ","堀川町","36.660681","137.220439","0","1"
"16","富山県","16201","富山市","162010679000 ","堀川本郷","36.656314","137.234611","0","1"
"16","富山県","16201","富山市","162010681000 ","堀端町","36.686899","137.206450","0","1"
"16","富山県","16201","富山市","162010692000 ","本丸","36.693266","137.211069","0","1"
"16","富山県","16201","富山市","162010682000 ","本宮","36.555988","137.481876","0","1"
"16","富山県","16201","富山市","162010683000 ","本郷","36.722072","137.149658","0","1"
"16","富山県","16201","富山市","162010685000 ","本郷新","36.669383","137.229687","0","1"
"16","富山県","16201","富山市","162010686000 ","本郷西部","36.723916","137.147700","0","1"
"16","富山県","16201","富山市","162010687000 ","本郷中部","36.730088","137.151358","0","1"
"16","富山県","16201","富山市","162010690000 ","本郷町","36.659618","137.235598","0","1"
"16","富山県","16201","富山市","162010684000 ","本郷島","36.704223","137.271834","0","1"
"16","富山県","16201","富山市","162010688000 ","本郷東部","36.724904","137.153162","0","1"
"16","富山県","16201","富山市","162010689000 ","本郷北部","36.731587","137.155818","0","1"
"16","富山県","16201","富山市","162010691000 ","本町","36.693905","137.215929","0","1"
"16","富山県","16201","富山市","162010708000 ","万願寺","36.592809","137.235673","0","1"
"16","富山県","16201","富山市","162010779000 ","湊入船町","36.708549","137.213764","0","1"
"16","富山県","16201","富山市","162010799000 ","明輪町","36.702044","137.211759","0","1"
"16","富山県","16201","富山市","162010205000 ","木場町","36.713547","137.209958","0","1"
"16","富山県","16201","富山市","162010394001 ","問屋町一丁目","36.702024","137.247276","0","3"
"16","富山県","16201","富山市","162010394002 ","問屋町二丁目","36.704313","137.247490","0","3"
"16","富山県","16201","富山市","162010394003 ","問屋町三丁目","36.703667","137.242373","0","3"
"16","富山県","16201","富山市","162010491000 ","野口","36.719389","137.151382","0","1"
"16","富山県","16201","富山市","162010492000 ","野口南部","36.715578","137.151728","0","1"
"16","富山県","16201","富山市","162010493000 ","野口北部","36.721645","137.154676","0","1"
"16","富山県","16201","富山市","162010494000 ","野沢","36.574064","137.223930","0","1"
"16","富山県","16201","富山市","162010496000 ","野中","36.739404","137.278120","1","1"
"16","富山県","16201","富山市","162010497000 ","野中新","36.740288","137.272473","0","1"
"16","富山県","16201","富山市","162010499000 ","野町","36.716957","137.148501","0","1"
"16","富山県","16201","富山市","162010495000 ","野田","36.747738","137.280925","1","1"
"16","富山県","16201","富山市","162010498000 ","野々上","36.722432","137.142730","0","1"
"16","富山県","16201","富山市","162011003001 ","弥生町一丁目","36.697589","137.224483","0","3"
"16","富山県","16201","富山市","162011003002 ","弥生町二丁目","36.695908","137.224700","0","3"
"16","富山県","16201","富山市","162010973001 ","柳町一丁目","36.693124","137.222208","0","3"
"16","富山県","16201","富山市","162010973002 ","柳町二丁目","36.693244","137.223371","0","3"
"16","富山県","16201","富山市","162010973003 ","柳町三丁目","36.693734","137.224276","0","3"
"16","富山県","16201","富山市","162010973004 ","柳町四丁目","36.694624","137.222613","0","3"
"16","富山県","16201","富山市","162010402000 ","友杉","36.639592","137.200301","0","1"
"16","富山県","16201","富山市","162010024000 ","有沢","36.683760","137.192166","0","1"
"16","富山県","16201","富山市","162010025000 ","有沢新町","36.687506","137.190516","0","1"
"16","富山県","16201","富山市","162010026000 ","有峰","36.471950","137.518958","0","1"
"16","富山県","16201","富山市","162010148000 ","雄山町","36.684489","137.228121","0","1"
"16","富山県","16201","富山市","162010400000 ","利波","36.744329","137.172119","0","1"
"16","富山県","16201","富山市","162010447000 ","流杉","36.663046","137.269426","0","1"
"16","富山県","16201","富山市","162010502000 ","旅籠町","36.689194","137.208381","0","1"
"16","富山県","16201","富山市","162010778001 ","緑町一丁目","36.692382","137.228299","0","3"
"16","富山県","16201","富山市","162010778002 ","緑町二丁目","36.691073","137.228564","0","3"
"16","富山県","16201","富山市","162010518000 ","林崎","36.618054","137.229738","0","1"
"16","富山県","16201","富山市","162010501001 ","蓮町一丁目","36.742430","137.225749","0","3"
"16","富山県","16201","富山市","162010501002 ","蓮町二丁目","36.743555","137.229857","0","3"
"16","富山県","16201","富山市","162010501003 ","蓮町三丁目","36.740697","137.228426","0","3"
"16","富山県","16201","富山市","162010501004 ","蓮町四丁目","36.741971","137.233902","0","3"
"16","富山県","16201","富山市","162010501005 ","蓮町五丁目","36.739758","137.234042","0","3"
"16","富山県","16201","富山市","162010501006 ","蓮町六丁目","36.743525","137.233714","0","3"
"16","富山県","16201","富山市","162011030000 ","和田","36.563917","137.377640","0","1"
"16","富山県","16201","富山市","162010220000 ","楜ケ原","36.578328","137.288693","0","1"
"16","富山県","16201","富山市","162010478000 ","楡原","36.526851","137.215026","0","1"
"16","富山県","16201","富山市","162010098000 ","蛯町","36.691163","137.216839","0","1"
"16","富山県","16201","富山市","162010477000 ","蜷川","36.644735","137.207645","0","1"
"16","富山県","16201","富山市","162010543000 ","鵯島","36.693595","137.195819","0","1"
"16","富山県","16202","高岡市","162020001000","赤祖父","36.731428","137.021349","0","1"
"16","富山県","16202","高岡市","162020002000","明園町","36.741597","137.028558","0","1"
"16","富山県","16202","高岡市","162020003000","明野町","36.756609","137.016907","0","1"
"16","富山県","16202","高岡市","162020004000","葦附","36.686438","137.009927","0","1"
"16","富山県","16202","高岡市","162020005000","麻生谷","36.744225","136.945036","0","1"
"16","富山県","16202","高岡市","162020006000","荒見崎","36.712375","136.979568","0","1"
"16","富山県","16202","高岡市","162020007000","荒屋敷","36.743204","136.964213","0","1"
"16","富山県","16202","高岡市","162020008000","あわら町","36.755942","137.021601","0","1"
"16","富山県","16202","高岡市","162020009000","五十辺","36.757731","136.948183","0","1"
"16","富山県","16202","高岡市","162020010000","五十里","36.780667","136.974947","0","1"
"16","富山県","16202","高岡市","162020011000","五十里西町","36.777463","136.990581","0","1"
"16","富山県","16202","高岡市","162020012000","五十里東町","36.772861","136.992224","0","1"
"16","富山県","16202","高岡市","162020013000","井口本江","36.735560","137.028785","0","1"
"16","富山県","16202","高岡市","162020014000","池田","36.737261","136.961147","0","1"
"16","富山県","16202","高岡市","162020015000","石瀬","36.754210","137.046179","0","1"
"16","富山県","16202","高岡市","162020016000","石塚","36.731933","136.978001","0","1"
"16","富山県","16202","高岡市","162020017000","石堤","36.746464","136.934819","0","1"
"16","富山県","16202","高岡市","162020018000","石丸","36.766646","137.096310","0","1"
"16","富山県","16202","高岡市","162020019000","泉が丘","36.728542","136.990185","0","1"
"16","富山県","16202","高岡市","162020020000","泉町","36.735356","137.004765","0","1"
"16","富山県","16202","高岡市","162020021000","一番町","36.745847","137.010184","0","1"
"16","富山県","16202","高岡市","162020022000","今泉","36.670373","137.026796","0","1"
"16","富山県","16202","高岡市","162020023000","今泉新","36.671153","137.031479","0","1"
"16","富山県","16202","高岡市","162020024000","今市","36.706507","136.963917","0","1"
"16","富山県","16202","高岡市","162020025000","岩坪","36.761446","136.976239","0","1"
"16","富山県","16202","高岡市","162020026000","内島","36.734970","136.965905","0","1"
"16","富山県","16202","高岡市","162020027000","永楽町","36.743824","136.997378","0","1"
"16","富山県","16202","高岡市","162020028001","駅南一丁目","36.739725","137.017661","0","3"
"16","富山県","16202","高岡市","162020028002","駅南二丁目","36.738825","137.021040","0","3"
"16","富山県","16202","高岡市","162020028003","駅南三丁目","36.737289","137.017788","0","3"
"16","富山県","16202","高岡市","162020028004","駅南四丁目","36.737124","137.014238","0","3"
"16","富山県","16202","高岡市","162020028005","駅南五丁目","36.739698","137.013567","0","3"
"16","富山県","16202","高岡市","162020029000","江尻","36.762325","137.029806","0","1"
"16","富山県","16202","高岡市","162020030000","江尻白山町","36.764154","137.026895","0","1"
"16","富山県","16202","高岡市","162020031000","江道","36.758168","136.943153","0","1"
"16","富山県","16202","高岡市","162020032001","扇町一丁目","36.744711","136.993686","0","3"
"16","富山県","16202","高岡市","162020032002","扇町二丁目","36.745414","136.991912","0","3"
"16","富山県","16202","高岡市","162020033001","大坪町一丁目","36.753610","137.016977","0","3"
"16","富山県","16202","高岡市","162020033002","大坪町二丁目","36.755965","137.018461","0","3"
"16","富山県","16202","高岡市","162020033003","大坪町三丁目","36.758749","137.019491","0","3"
"16","富山県","16202","高岡市","162020033004","大坪町四丁目","36.758152","137.022552","0","3"
"16","富山県","16202","高岡市","162020034000","大手町","36.746203","137.018326","0","1"
"16","富山県","16202","高岡市","162020035000","大野","36.738619","137.025288","0","1"
"16","富山県","16202","高岡市","162020036000","大鋸屋町","36.740041","137.009401","0","1"
"16","富山県","16202","高岡市","162020037000","荻布","36.769060","137.032568","0","1"
"16","富山県","16202","高岡市","162020038000","荻布新町","36.766436","137.032926","0","1"
"16","富山県","16202","高岡市","162020039000","荻布四つ葉町","36.766008","137.036059","0","1"
"16","富山県","16202","高岡市","162020040000","小竹","36.711659","136.965862","0","1"
"16","富山県","16202","高岡市","162020041000","御旅屋町","36.744822","137.015288","0","1"
"16","富山県","16202","高岡市","162020042000","オフィスパーク","36.670088","136.998867","0","1"
"16","富山県","16202","高岡市","162020043000","御馬出町","36.745502","137.008948","0","1"
"16","富山県","16202","高岡市","162020044000","開発町","36.767008","137.027521","0","1"
"16","富山県","16202","高岡市","162020045000","片原中島町","36.747569","137.014315","0","1"
"16","富山県","16202","高岡市","162020046000","片原町","36.746450","137.013002","0","1"
"16","富山県","16202","高岡市","162020047000","片原横町","36.745800","137.011314","0","1"
"16","富山県","16202","高岡市","162020048000","金屋本町","36.751602","137.007073","0","1"
"16","富山県","16202","高岡市","162020049000","金屋町","36.750163","137.005255","0","1"
"16","富山県","16202","高岡市","162020050000","鐘紡町","36.732635","137.005431","0","1"
"16","富山県","16202","高岡市","162020051000","上麻生","36.679752","137.009002","0","1"
"16","富山県","16202","高岡市","162020052000","上開発","36.705400","136.956705","0","1"
"16","富山県","16202","高岡市","162020053000","上北島","36.738280","136.981140","0","1"
"16","富山県","16202","高岡市","162020054000","上黒田","36.722022","137.007272","0","1"
"16","富山県","16202","高岡市","162020055000","上関","36.731562","137.009721","0","1"
"16","富山県","16202","高岡市","162020056000","上関町","36.735336","137.008030","0","1"
"16","富山県","16202","高岡市","162020057000","上八ケ新","36.753220","136.968964","0","1"
"16","富山県","16202","高岡市","162020058000","上伏間江","36.715818","137.022038","0","1"
"16","富山県","16202","高岡市","162020059000","上牧野","36.772881","137.064361","0","1"
"16","富山県","16202","高岡市","162020060000","上四屋","36.758515","137.004403","0","1"
"16","富山県","16202","高岡市","162020061000","上渡","36.730280","136.956809","0","1"
"16","富山県","16202","高岡市","162020062000","鴨島町","36.744193","137.007441","0","1"
"16","富山県","16202","高岡市","162020063000","川原本町","36.748294","137.008062","0","1"
"16","富山県","16202","高岡市","162020064000","川原町","36.749953","137.009517","0","1"
"16","富山県","16202","高岡市","162020065000","神田新町","36.731812","137.011292","0","1"
"16","富山県","16202","高岡市","162020066000","神主町","36.732520","137.012488","0","1"
"16","富山県","16202","高岡市","162020067000","北蔵新","36.711130","136.990730","0","1"
"16","富山県","16202","高岡市","162020068000","北島","36.744400","136.981855","0","1"
"16","富山県","16202","高岡市","162020069000","木津","36.735983","136.995526","0","1"
"16","富山県","16202","高岡市","162020070000","木津新","36.730712","136.996978","0","1"
"16","富山県","16202","高岡市","162020071000","木舟町","36.747346","137.010821","0","1"
"16","富山県","16202","高岡市","162020072000","木町","36.762658","137.011891","0","1"
"16","富山県","16202","高岡市","162020073000","京町","36.754305","137.013736","0","1"
"16","富山県","16202","高岡市","162020074000","国吉","36.758660","136.939266","0","1"
"16","富山県","16202","高岡市","162020075000","熊野町","36.762462","137.017468","0","1"
"16","富山県","16202","高岡市","162020076000","蔵野町","36.716747","136.975000","0","1"
"16","富山県","16202","高岡市","162020077000","グリーンパーク","36.665374","137.002895","0","1"
"16","富山県","16202","高岡市","162020078000","源平町","36.747532","137.013027","0","1"
"16","富山県","16202","高岡市","162020079000","小泉新","36.675771","137.035590","0","1"
"16","富山県","16202","高岡市","162020080000","高陵町","36.741984","137.024841","0","1"
"16","富山県","16202","高岡市","162020081000","古城","36.748637","137.021545","0","1"
"16","富山県","16202","高岡市","162020082000","五福町","36.758125","137.014539","0","1"
"16","富山県","16202","高岡市","162020083000","御坊山","36.666085","137.041833","0","1"
"16","富山県","16202","高岡市","162020084000","駒方","36.714013","136.959655","0","1"
"16","富山県","16202","高岡市","162020085000","小馬出町","36.748460","137.013038","0","1"
"16","富山県","16202","高岡市","162020086000","西田","36.808790","137.004859","0","1"
"16","富山県","16202","高岡市","162020087000","材木町","36.777285","137.046888","0","1"
"16","富山県","16202","高岡市","162020088000","境","36.765044","136.937693","0","1"
"16","富山県","16202","高岡市","162020089000","坂下町","36.747687","137.014929","0","1"
"16","富山県","16202","高岡市","162020090000","佐加野","36.753934","136.974486","0","1"
"16","富山県","16202","高岡市","162020091000","佐加野東","36.752488","136.976732","0","1"
"16","富山県","16202","高岡市","162020092000","笹八口","36.755734","136.953305","0","1"
"16","富山県","16202","高岡市","162020093000","佐野","36.723910","136.992460","0","1"
"16","富山県","16202","高岡市","162020094000","山下","36.674515","137.039055","0","1"
"16","富山県","16202","高岡市","162020095000","三ケ","36.702333","136.964200","0","1"
"16","富山県","16202","高岡市","162020096000","三番町","36.746593","137.011611","0","1"
"16","富山県","16202","高岡市","162020097000","三女子","36.742393","137.042801","0","1"
"16","富山県","16202","高岡市","162020098000","柴野","36.749530","136.947025","0","1"
"16","富山県","16202","高岡市","162020099000","柴野内島","36.731191","136.968664","0","1"
"16","富山県","16202","高岡市","162020100000","島崎","36.757001","136.973249","0","1"
"16","富山県","16202","高岡市","162020101000","島新","36.671098","137.037232","0","1"
"16","富山県","16202","高岡市","162020102001","清水町一丁目","36.740690","137.003071","0","3"
"16","富山県","16202","高岡市","162020102002","清水町二丁目","36.740313","137.006559","0","3"
"16","富山県","16202","高岡市","162020102003","清水町三丁目","36.738027","137.004575","0","3"
"16","富山県","16202","高岡市","162020103000","下麻生","36.690373","137.015230","0","1"
"16","富山県","16202","高岡市","162020104000","下麻生伸町","36.695973","137.017056","0","1"
"16","富山県","16202","高岡市","162020105000","下開発","36.712643","136.956767","0","1"
"16","富山県","16202","高岡市","162020106000","下島町","36.718041","137.000387","0","1"
"16","富山県","16202","高岡市","162020107000","下関町","36.741599","137.015566","0","1"
"16","富山県","16202","高岡市","162020108000","下八ケ","36.776247","137.030571","0","1"
"16","富山県","16202","高岡市","162020109000","下牧野","36.778673","137.067100","0","1"
"16","富山県","16202","高岡市","162020110000","下山田","36.662468","137.038008","0","1"
"16","富山県","16202","高岡市","162020111000","十二町島","36.707105","136.989970","0","1"
"16","富山県","16202","高岡市","162020112001","守護町一丁目","36.767533","137.009054","0","3"
"16","富山県","16202","高岡市","162020112002","守護町二丁目","36.768301","137.013565","0","3"
"16","富山県","16202","高岡市","162020113000","守護町新","36.769232","137.017540","0","1"
"16","富山県","16202","高岡市","162020114000","城光寺","36.790257","137.022942","0","1"
"16","富山県","16202","高岡市","162020115000","定塚","36.755067","137.030780","0","1"
"16","富山県","16202","高岡市","162020116000","定塚町","36.742936","137.021288","0","1"
"16","富山県","16202","高岡市","162020117001","城東一丁目","36.746598","137.031045","0","3"
"16","富山県","16202","高岡市","162020117002","城東二丁目","36.744004","137.029905","0","3"
"16","富山県","16202","高岡市","162020118001","昭和町一丁目","36.753991","137.003138","0","3"
"16","富山県","16202","高岡市","162020118002","昭和町二丁目","36.755036","137.000648","0","3"
"16","富山県","16202","高岡市","162020118003","昭和町三丁目","36.752770","137.001969","0","3"
"16","富山県","16202","高岡市","162020119000","白銀町","36.744133","137.008897","0","1"
"16","富山県","16202","高岡市","162020120000","白金町","36.742986","137.008751","0","1"
"16","富山県","16202","高岡市","162020121000","新寺町","36.733521","137.010964","0","1"
"16","富山県","16202","高岡市","162020122000","新横町","36.744566","137.016890","0","1"
"16","富山県","16202","高岡市","162020123000","末広町","36.743829","137.012652","0","1"
"16","富山県","16202","高岡市","162020124000","須田","36.775478","136.993840","0","1"
"16","富山県","16202","高岡市","162020125000","関","36.736977","137.022642","0","1"
"16","富山県","16202","高岡市","162020126000","関大町","36.740114","137.010947","0","1"
"16","富山県","16202","高岡市","162020127000","関本町","36.736488","137.011551","0","1"
"16","富山県","16202","高岡市","162020128000","関町","36.738341","137.009929","0","1"
"16","富山県","16202","高岡市","162020129000","千木屋町","36.748971","137.012438","0","1"
"16","富山県","16202","高岡市","162020130000","千石町","36.746763","136.996001","0","1"
"16","富山県","16202","高岡市","162020131000","大工中町","36.741178","137.009672","0","1"
"16","富山県","16202","高岡市","162020132000","大源寺","36.744913","136.972078","0","1"
"16","富山県","16202","高岡市","162020133000","醍醐","36.689440","136.955863","0","1"
"16","富山県","16202","高岡市","162020134000","高辻","36.753001","136.959011","0","1"
"16","富山県","16202","高岡市","162020135000","高美町","36.782848","137.037972","0","1"
"16","富山県","16202","高岡市","162020136000","宝町","36.756428","137.026823","0","1"
"16","富山県","16202","高岡市","162020137000","滝","36.680469","137.030260","0","1"
"16","富山県","16202","高岡市","162020138000","滝新","36.676975","137.032404","0","1"
"16","富山県","16202","高岡市","162020139000","立野","36.723744","136.963589","0","1"
"16","富山県","16202","高岡市","162020140001","立野美鳥町一丁目","36.725126","136.961965","0","3"
"16","富山県","16202","高岡市","162020140002","立野美鳥町二丁目","36.724583","136.959311","0","3"
"16","富山県","16202","高岡市","162020140003","立野美鳥町三丁目","36.723209","136.956696","0","3"
"16","富山県","16202","高岡市","162020141000","手洗野","36.761420","136.959326","0","1"
"16","富山県","16202","高岡市","162020142000","中央町","36.746579","137.015368","0","1"
"16","富山県","16202","高岡市","162020143000","長慶寺","36.767760","136.997070","0","1"
"16","富山県","16202","高岡市","162020144000","頭川","36.773224","136.949586","0","1"
"16","富山県","16202","高岡市","162020145000","月野谷","36.758854","136.956442","0","1"
"16","富山県","16202","高岡市","162020146000","辻","36.724687","136.977186","0","1"
"16","富山県","16202","高岡市","162020147000","常国","36.686749","137.030754","0","1"
"16","富山県","16202","高岡市","162020148000","角","36.766021","137.040449","0","1"
"16","富山県","16202","高岡市","162020149000","角三島","36.763823","137.039163","0","1"
"16","富山県","16202","高岡市","162020150000","出来田","36.729880","137.033762","0","1"
"16","富山県","16202","高岡市","162020151000","寺町","36.735310","137.012329","0","1"
"16","富山県","16202","高岡市","162020152000","戸出","36.689177","136.982948","0","1"
"16","富山県","16202","高岡市","162020153000","戸出伊勢領","36.693539","136.973890","0","1"
"16","富山県","16202","高岡市","162020154000","戸出狼","36.690131","136.979568","0","1"
"16","富山県","16202","高岡市","162020155000","戸出大清水","36.684717","136.991061","0","1"
"16","富山県","16202","高岡市","162020156000","戸出岡御所","36.668212","136.967120","0","1"
"16","富山県","16202","高岡市","162020157000","戸出春日","36.692163","136.996754","0","1"
"16","富山県","16202","高岡市","162020158000","戸出光明寺","36.675679","136.969854","0","1"
"16","富山県","16202","高岡市","162020159000","戸出石代","36.674540","137.002418","0","1"
"16","富山県","16202","高岡市","162020160000","戸出栄町","36.691961","136.990076","0","1"
"16","富山県","16202","高岡市","162020161000","戸出竹","36.674496","136.959879","0","1"
"16","富山県","16202","高岡市","162020162000","戸出竹北","36.674662","136.955163","0","1"
"16","富山県","16202","高岡市","162020163000","戸出徳市","36.694453","137.005384","0","1"
"16","富山県","16202","高岡市","162020164000","戸出中之宮","36.692262","136.965829","0","1"
"16","富山県","16202","高岡市","162020165000","戸出西部金屋","36.663888","136.998569","0","1"
"16","富山県","16202","高岡市","162020166000","戸出延島","36.677774","136.952716","0","1"
"16","富山県","16202","高岡市","162020167000","戸出古戸出","36.679193","136.965353","0","1"
"16","富山県","16202","高岡市","162020168000","戸出放寺","36.667945","136.961126","0","1"
"16","富山県","16202","高岡市","162020169000","戸出放寺新","36.671882","136.955072","0","1"
"16","富山県","16202","高岡市","162020170001","戸出町一丁目","36.682473","136.984968","0","3"
"16","富山県","16202","高岡市","162020170002","戸出町二丁目","36.682527","136.981672","0","3"
"16","富山県","16202","高岡市","162020170003","戸出町三丁目","36.681838","136.978136","0","3"
"16","富山県","16202","高岡市","162020170004","戸出町四丁目","36.680809","136.974670","0","3"
"16","富山県","16202","高岡市","162020170005","戸出町五丁目","36.682372","136.968958","0","3"
"16","富山県","16202","高岡市","162020170006","戸出町六丁目","36.688407","136.969321","0","3"
"16","富山県","16202","高岡市","162020170007","戸出町七丁目","36.693132","136.968808","0","3"
"16","富山県","16202","高岡市","162020171000","戸出行兼","36.667702","136.971940","0","1"
"16","富山県","16202","高岡市","162020172000","戸出吉住","36.676858","136.992370","0","1"
"16","富山県","16202","高岡市","162020173000","戸出吉住新","36.671882","136.987847","0","1"
"16","富山県","16202","高岡市","162020174000","戸出六十歩","36.662250","136.961250","0","1"
"16","富山県","16202","高岡市","162020175000","答野島","36.755596","136.969630","0","1"
"16","富山県","16202","高岡市","162020176000","答野出","36.757787","136.976551","0","1"
"16","富山県","16202","高岡市","162020177000","通町","36.745683","137.007029","0","1"
"16","富山県","16202","高岡市","162020178000","利屋町","36.747045","137.009022","0","1"
"16","富山県","16202","高岡市","162020179000","百橋","36.768017","136.982849","0","1"
"16","富山県","16202","高岡市","162020180000","富岡町","36.783179","137.061371","0","1"
"16","富山県","16202","高岡市","162020181000","問屋町","36.729674","137.026946","0","1"
"16","富山県","16202","高岡市","162020182000","内免","36.761006","137.010545","0","1"
"16","富山県","16202","高岡市","162020183001","内免一丁目","36.752936","137.006503","0","3"
"16","富山県","16202","高岡市","162020183002","内免二丁目","36.754773","137.009129","0","3"
"16","富山県","16202","高岡市","162020183003","内免三丁目","36.758679","137.009582","0","3"
"16","富山県","16202","高岡市","162020183004","内免四丁目","36.756192","137.006184","0","3"
"16","富山県","16202","高岡市","162020183005","内免五丁目","36.755345","137.004224","0","3"
"16","富山県","16202","高岡市","162020184000","長江","36.760548","136.983457","0","1"
"16","富山県","16202","高岡市","162020185001","中川一丁目","36.751973","137.026031","0","3"
"16","富山県","16202","高岡市","162020186000","中川上町","36.745167","137.023280","0","1"
"16","富山県","16202","高岡市","162020187000","中川栄町","36.744639","137.026711","0","1"
"16","富山県","16202","高岡市","162020188000","中川園町","36.750914","137.029687","0","1"
"16","富山県","16202","高岡市","162020189000","中川本町","36.747676","137.025369","0","1"
"16","富山県","16202","高岡市","162020190000","中川町","36.743901","137.021970","0","1"
"16","富山県","16202","高岡市","162020191000","中島町","36.747923","137.004925","0","1"
"16","富山県","16202","高岡市","162020192000","中曽根","36.768204","137.075692","0","1"
"16","富山県","16202","高岡市","162020193000","中田","36.676558","137.019081","0","1"
"16","富山県","16202","高岡市","162020194000","中保","36.721658","136.966888","0","1"
"16","富山県","16202","高岡市","162020195000","西海老坂","36.780474","136.995216","0","1"
"16","富山県","16202","高岡市","162020196000","西藤平蔵","36.708932","136.985233","0","1"
"16","富山県","16202","高岡市","162020197000","西広上","36.710396","137.017669","0","1"
"16","富山県","16202","高岡市","162020198000","西広谷","36.765152","136.914626","0","1"
"16","富山県","16202","高岡市","162020199000","西町","36.749745","136.998085","0","1"
"16","富山県","16202","高岡市","162020200000","二番町","36.744979","137.008287","0","1"
"16","富山県","16202","高岡市","162020201000","能町","36.770324","137.045689","0","1"
"16","富山県","16202","高岡市","162020202000","能町駅南","36.765609","137.038522","0","1"
"16","富山県","16202","高岡市","162020203000","能町東","36.764529","137.046525","0","1"
"16","富山県","16202","高岡市","162020204001","能町南一丁目","36.762349","137.040151","0","3"
"16","富山県","16202","高岡市","162020204002","能町南二丁目","36.765004","137.043441","0","3"
"16","富山県","16202","高岡市","162020204003","能町南三丁目","36.766792","137.044032","0","3"
"16","富山県","16202","高岡市","162020205000","勝木原","36.772346","136.897116","0","1"
"16","富山県","16202","高岡市","162020206000","野村","36.750506","137.037567","0","1"
"16","富山県","16202","高岡市","162020207000","波岡","36.757650","136.990048","0","1"
"16","富山県","16202","高岡市","162020208000","博労本町","36.744334","137.002179","0","1"
"16","富山県","16202","高岡市","162020209000","博労町","36.744796","137.005129","0","1"
"16","富山県","16202","高岡市","162020210000","蓮美町","36.737834","137.007792","0","1"
"16","富山県","16202","高岡市","162020211000","旅籠町","36.745953","137.005700","0","1"
"16","富山県","16202","高岡市","162020212000","蜂ケ島","36.737700","136.968561","0","1"
"16","富山県","16202","高岡市","162020213000","八ケ","36.771917","137.023055","0","1"
"16","富山県","16202","高岡市","162020214000","羽広","36.739903","136.991692","0","1"
"16","富山県","16202","高岡市","162020215001","羽広一丁目","36.740458","136.989406","0","3"
"16","富山県","16202","高岡市","162020215002","羽広二丁目","36.743020","136.992554","0","3"
"16","富山県","16202","高岡市","162020216000","早川","36.749869","136.987219","0","1"
"16","富山県","16202","高岡市","162020217000","林新","36.717756","137.005200","0","1"
"16","富山県","16202","高岡市","162020218000","東石堤","36.732610","136.958866","0","1"
"16","富山県","16202","高岡市","162020219000","東海老坂","36.786546","136.998395","0","1"
"16","富山県","16202","高岡市","162020220000","東上関","36.734060","137.016224","0","1"
"16","富山県","16202","高岡市","162020221000","東下関","36.742629","137.019358","0","1"
"16","富山県","16202","高岡市","162020222000","東藤平蔵","36.707590","136.997359","0","1"
"16","富山県","16202","高岡市","162020223000","東中川町","36.747224","137.028405","0","1"
"16","富山県","16202","高岡市","162020224000","東保新","36.664568","137.033355","0","1"
"16","富山県","16202","高岡市","162020225000","樋詰","36.728578","136.970752","0","1"
"16","富山県","16202","高岡市","162020226000","姫野","36.771163","137.087483","0","1"
"16","富山県","16202","高岡市","162020227000","広川新","36.748792","136.974631","0","1"
"16","富山県","16202","高岡市","162020228000","広小路","36.753138","137.023126","0","1"
"16","富山県","16202","高岡市","162020229000","深沢","36.725256","137.031128","0","1"
"16","富山県","16202","高岡市","162020230000","福岡町赤丸","36.741043","136.933732","0","1"
"16","富山県","16202","高岡市","162020231000","福岡町荒屋敷","36.706775","136.917543","0","1"
"16","富山県","16202","高岡市","162020232000","福岡町一歩二歩","36.703663","136.946794","0","1"
"16","富山県","16202","高岡市","162020233000","福岡町上野","36.706528","136.891889","0","1"
"16","富山県","16202","高岡市","162020234000","福岡町江尻","36.698803","136.938781","0","1"
"16","富山県","16202","高岡市","162020235000","福岡町大滝","36.698511","136.921113","0","1"
"16","富山県","16202","高岡市","162020236000","福岡町大野","36.717951","136.937883","0","1"
"16","富山県","16202","高岡市","162020237000","福岡町開ほつ","36.689129","136.925028","0","1"
"16","富山県","16202","高岡市","162020238000","福岡町上蓑","36.703115","136.932442","0","1"
"16","富山県","16202","高岡市","162020239000","福岡町上向田","36.707929","136.902914","0","1"
"16","富山県","16202","高岡市","162020240000","福岡町加茂","36.728899","136.918221","0","1"
"16","富山県","16202","高岡市","162020241000","福岡町木舟","36.691887","136.913650","0","1"
"16","富山県","16202","高岡市","162020242000","福岡町五位","36.755504","136.872819","0","1"
"16","富山県","16202","高岡市","162020243000","福岡町小伊勢領","36.691744","136.944295","0","1"
"16","富山県","16202","高岡市","162020244000","福岡町小野","36.736120","136.862617","0","1"
"16","富山県","16202","高岡市","162020245000","福岡町西明寺","36.720540","136.900624","0","1"
"16","富山県","16202","高岡市","162020246000","福岡町下老子","36.712420","136.943561","0","1"
"16","富山県","16202","高岡市","162020247000","福岡町下蓑","36.708440","136.932843","0","1"
"16","富山県","16202","高岡市","162020248000","福岡町下蓑新","36.707849","136.936070","0","1"
"16","富山県","16202","高岡市","162020249000","福岡町下向田","36.715842","136.909323","0","1"
"16","富山県","16202","高岡市","162020250000","福岡町沢川","36.763517","136.861356","0","1"
"16","富山県","16202","高岡市","162020251000","福岡町土屋","36.717916","136.917609","0","1"
"16","富山県","16202","高岡市","162020252000","福岡町栃丘","36.732053","136.892941","0","1"
"16","富山県","16202","高岡市","162020253000","福岡町鳥倉","36.727480","136.910709","0","1"
"16","富山県","16202","高岡市","162020254000","福岡町西","36.725271","136.926100","0","1"
"16","富山県","16202","高岡市","162020255000","福岡町西川原島","36.692735","136.951906","0","1"
"16","富山県","16202","高岡市","162020256000","福岡町花尾","36.744859","136.902172","0","1"
"16","富山県","16202","高岡市","162020257000","福岡町馬場","36.732585","136.925023","0","1"
"16","富山県","16202","高岡市","162020258000","福岡町福岡","36.710213","136.929924","0","1"
"16","富山県","16202","高岡市","162020259000","福岡町福岡新","36.713475","136.936857","0","1"
"16","富山県","16202","高岡市","162020260000","福岡町本領","36.698545","136.912501","0","1"
"16","富山県","16202","高岡市","162020261000","福岡町舞谷","36.740360","136.923491","0","1"
"16","富山県","16202","高岡市","162020262000","福岡町三日市","36.723762","136.934008","0","1"
"16","富山県","16202","高岡市","162020263000","福岡町蓑島","36.698500","136.929492","0","1"
"16","富山県","16202","高岡市","162020264000","福岡町矢部","36.689536","136.935411","0","1"
"16","富山県","16202","高岡市","162020265000","福田","36.735034","136.982600","0","1"
"16","富山県","16202","高岡市","162020266000","福田六家","36.740599","136.974820","0","1"
"16","富山県","16202","高岡市","162020267001","伏木一丁目","36.783339","137.049214","0","3"
"16","富山県","16202","高岡市","162020267002","伏木二丁目","36.788108","137.055063","0","3"
"16","富山県","16202","高岡市","162020268000","伏木磯町","36.799200","137.060871","0","1"
"16","富山県","16202","高岡市","162020269000","伏木一宮","36.798466","137.038645","0","1"
"16","富山県","16202","高岡市","162020270001","伏木一宮一丁目","36.796872","137.048064","0","3"
"16","富山県","16202","高岡市","162020270002","伏木一宮二丁目","36.800645","137.049508","0","3"
"16","富山県","16202","高岡市","162020271000","伏木国分","36.804875","137.042783","0","1"
"16","富山県","16202","高岡市","162020272001","伏木国分一丁目","36.801738","137.054281","0","3"
"16","富山県","16202","高岡市","162020272002","伏木国分二丁目","36.804660","137.050046","0","3"
"16","富山県","16202","高岡市","162020273000","伏木古府","36.793220","137.041365","0","1"
"16","富山県","16202","高岡市","162020274001","伏木古府一丁目","36.788022","137.050705","0","3"
"16","富山県","16202","高岡市","162020274002","伏木古府二丁目","36.791659","137.051052","0","3"
"16","富山県","16202","高岡市","162020274003","伏木古府三丁目","36.792649","137.047099","0","3"
"16","富山県","16202","高岡市","162020275000","伏木古府元町","36.790706","137.044663","0","1"
"16","富山県","16202","高岡市","162020276000","伏木中央町","36.797276","137.060265","0","1"
"16","富山県","16202","高岡市","162020277000","伏木錦町","36.793583","137.060278","0","1"
"16","富山県","16202","高岡市","162020278000","伏木東一宮","36.797012","137.053162","0","1"
"16","富山県","16202","高岡市","162020279000","伏木古国府","36.791999","137.055910","0","1"
"16","富山県","16202","高岡市","162020280000","伏木本町","36.797822","137.056580","0","1"
"16","富山県","16202","高岡市","162020281000","伏木万葉ふ頭","36.800383","137.064825","0","1"
"16","富山県","16202","高岡市","162020282000","伏木湊町","36.794823","137.063333","0","1"
"16","富山県","16202","高岡市","162020283000","伏木矢田","36.782753","137.043557","0","1"
"16","富山県","16202","高岡市","162020284000","伏木矢田上町","36.786377","137.047407","0","1"
"16","富山県","16202","高岡市","162020285000","伏木矢田新町","36.789286","137.041761","0","1"
"16","富山県","16202","高岡市","162020286000","二上","36.783010","137.016169","0","1"
"16","富山県","16202","高岡市","162020287000","二上新","36.770499","137.021786","0","1"
"16","富山県","16202","高岡市","162020288000","二上町","36.773786","137.010425","0","1"
"16","富山県","16202","高岡市","162020289000","古定塚","36.752429","137.032732","0","1"
"16","富山県","16202","高岡市","162020290000","風呂屋町","36.746445","137.006599","0","1"
"16","富山県","16202","高岡市","162020291000","平成町","36.722587","136.954656","0","1"
"16","富山県","16202","高岡市","162020292000","放生津","36.770118","137.082633","0","1"
"16","富山県","16202","高岡市","162020293000","細池","36.758322","136.973560","0","1"
"16","富山県","16202","高岡市","162020294000","堀岡又新","36.773108","137.095244","0","1"
"16","富山県","16202","高岡市","162020295000","堀上町","36.745152","137.010141","0","1"
"16","富山県","16202","高岡市","162020296001","本郷一丁目","36.757689","137.002190","0","3"
"16","富山県","16202","高岡市","162020296002","本郷二丁目","36.758056","136.998221","0","3"
"16","富山県","16202","高岡市","162020297000","本保","36.708424","136.973490","0","1"
"16","富山県","16202","高岡市","162020298000","本丸町","36.750442","137.019417","0","1"
"16","富山県","16202","高岡市","162020299000","丸の内","36.752512","137.018848","0","1"
"16","富山県","16202","高岡市","162020300000","瑞穂町","36.751815","136.995072","0","1"
"16","富山県","16202","高岡市","162020301000","南幸町","36.742874","137.005742","0","1"
"16","富山県","16202","高岡市","162020302000","宮田町","36.748318","136.993375","0","1"
"16","富山県","16202","高岡市","162020303000","宮脇町","36.745038","137.013595","0","1"
"16","富山県","16202","高岡市","162020304001","美幸町一丁目","36.755964","136.996962","0","3"
"16","富山県","16202","高岡市","162020304002","美幸町二丁目","36.754461","136.995782","0","3"
"16","富山県","16202","高岡市","162020305000","向野本町","36.764783","137.021368","0","1"
"16","富山県","16202","高岡市","162020306000","向野町","36.761218","137.025611","0","1"
"16","富山県","16202","高岡市","162020307001","向野町一丁目","36.757111","137.023929","0","3"
"16","富山県","16202","高岡市","162020307003","向野町三丁目","36.758434","137.025859","0","3"
"16","富山県","16202","高岡市","162020307004","向野町四丁目","36.758338","137.024113","0","3"
"16","富山県","16202","高岡市","162020307005","向野町五丁目","36.759867","137.023078","0","3"
"16","富山県","16202","高岡市","162020307006","向野町六丁目","36.761341","137.023619","0","3"
"16","富山県","16202","高岡市","162020307007","向野町七丁目","36.762686","137.024411","0","3"
"16","富山県","16202","高岡市","162020308000","守山","36.776076","136.999397","0","1"
"16","富山県","16202","高岡市","162020309000","守山町","36.746545","137.009768","0","1"
"16","富山県","16202","高岡市","162020310000","八口","36.750494","136.956892","0","1"
"16","富山県","16202","高岡市","162020311000","山川","36.766984","136.926444","0","1"
"16","富山県","16202","高岡市","162020312000","横田","36.760910","136.997433","0","1"
"16","富山県","16202","高岡市","162020313000","横田本町","36.751868","136.999522","0","1"
"16","富山県","16202","高岡市","162020314001","横田町一丁目","36.748047","137.002736","0","3"
"16","富山県","16202","高岡市","162020314002","横田町二丁目","36.747166","136.999603","0","3"
"16","富山県","16202","高岡市","162020314003","横田町三丁目","36.750682","137.002196","0","3"
"16","富山県","16202","高岡市","162020315000","芳野","36.735545","137.021256","0","1"
"16","富山県","16202","高岡市","162020316001","吉久一丁目","36.781590","137.053704","0","3"
"16","富山県","16202","高岡市","162020316002","吉久二丁目","36.777621","137.056360","0","3"
"16","富山県","16202","高岡市","162020316003","吉久三丁目","36.780433","137.059444","0","3"
"16","富山県","16202","高岡市","162020317000","四日市","36.746427","136.957334","0","1"
"16","富山県","16202","高岡市","162020318000","四屋","36.763431","137.004811","0","1"
"16","富山県","16202","高岡市","162020319000","米島","36.775301","137.037575","0","1"
"16","富山県","16202","高岡市","162020320000","蓮花寺","36.738870","137.035710","0","1"
"16","富山県","16202","高岡市","162020321000","六家","36.735211","136.972272","0","1"
"16","富山県","16202","高岡市","162020322000","若杉","36.683249","137.035823","0","1"
"16","富山県","16202","高岡市","162020323000","鷲北新","36.769114","137.038835","0","1"
"16","富山県","16202","高岡市","162020324000","和田","36.732874","136.984394","0","1"
"16","富山県","16202","高岡市","162020325000","大町","36.751664","137.011938","0","1"
"16","富山県","16202","高岡市","162020326000","袋町","36.750995","137.013826","0","1"
"16","富山県","16202","高岡市","162020327000","本町","36.749710","137.016217","0","1"
"16","富山県","16202","高岡市","162020328000","平米町","36.751330","137.015159","0","1"
"16","富山県","16202","高岡市","162020329000","京田","36.729936","137.014285","0","1"
"16","富山県","16202","高岡市","162020330000","二塚","36.711380","137.009027","0","1"
"16","富山県","16202","高岡市","162020331000","下伏間江","36.722867","137.023906","0","1"
"16","富山県","16202","高岡市","162020332000","下黒田","36.726322","137.007537","0","1"
"16","富山県","16202","高岡市","162020333000","金屋","36.766098","137.087383","0","1"
"16","富山県","16202","高岡市","162020334000","宝来町","36.724752","136.948784","0","1"
"16","富山県","16202","高岡市","162020335000","千鳥丘町","36.715744","136.954699","0","1"
"16","富山県","16202","高岡市","162020336000","戸出市野瀬","36.697210","136.983207","0","1"
"16","富山県","16202","高岡市","162020337000","太田","36.813460","137.026326","0","1"
"16","富山県","16202","高岡市","162020338000","渋谷","36.811680","137.041442","0","1"
"16","富山県","16202","高岡市","162020339000","笹川","36.712539","136.949461","0","1"
"16","富山県","16202","高岡市","162020340000","高田島","36.718681","136.951584","0","1"
"16","富山県","16202","高岡市","162020341000","新成町","36.760058","137.016409","0","1"
"16","富山県","16202","高岡市","162020342000","開発本町","36.763363","137.015061","0","1"
"16","富山県","16202","高岡市","162020343000","地子木町","36.760374","137.014035","0","1"
"16","富山県","16202","高岡市","162020345000","ⅠＣパーク","36.661678","137.002199","3","1"
"16","富山県","16202","高岡市","162020346000","志貴野しらとり台","36.758670","137.031264","1","1"
"16","富山県","16204","魚津市","162040001000","相木","36.821946","137.419049","0","1"
"16","富山県","16204","魚津市","162040002000","相木新","36.822855","137.420957","0","1"
"16","富山県","16204","魚津市","162040003000","青島","36.836517","137.407877","0","1"
"16","富山県","16204","魚津市","162040004000","青柳","36.822509","137.445625","0","1"
"16","富山県","16204","魚津市","162040005000","山女","36.778701","137.499829","0","1"
"16","富山県","16204","魚津市","162040006000","浅生","36.774745","137.404932","0","1"
"16","富山県","16204","魚津市","162040007000","有山","36.770328","137.408250","0","1"
"16","富山県","16204","魚津市","162040008000","池谷","36.769320","137.443603","0","1"
"16","富山県","16204","魚津市","162040009000","石垣","36.793373","137.463766","0","1"
"16","富山県","16204","魚津市","162040010000","石垣新","36.810911","137.436236","0","1"
"16","富山県","16204","魚津市","162040011000","出","36.795707","137.410072","0","1"
"16","富山県","16204","魚津市","162040012000","印田","36.816197","137.428271","0","1"
"16","富山県","16204","魚津市","162040013000","上野","36.781241","137.412215","0","1"
"16","富山県","16204","魚津市","162040014000","駅前新町","36.823316","137.405312","0","1"
"16","富山県","16204","魚津市","162040015000","江口","36.835908","137.420739","0","1"
"16","富山県","16204","魚津市","162040016000","大字石垣新村","36.795499","137.460630","0","1"
"16","富山県","16204","魚津市","162040017000","大字大谷村","36.795104","137.451465","0","1"
"16","富山県","16204","魚津市","162040018000","大字下村木町","36.819536","137.408365","0","1"
"16","富山県","16204","魚津市","162040019000","大字田地方町","36.810422","137.398704","0","1"
"16","富山県","16204","魚津市","162040020000","大字六郎丸村","36.797120","137.448589","0","1"
"16","富山県","16204","魚津市","162040021000","大熊","36.742611","137.440702","0","1"
"16","富山県","16204","魚津市","162040022000","大沢","36.812839","137.501127","0","1"
"16","富山県","16204","魚津市","162040023000","大菅沼","36.777472","137.468316","0","1"
"16","富山県","16204","魚津市","162040024000","岡経田","36.843471","137.414709","0","1"
"16","富山県","16204","魚津市","162040025000","小川寺","36.821405","137.471811","0","1"
"16","富山県","16204","魚津市","162040026000","貝田新","36.803499","137.462871","0","1"
"16","富山県","16204","魚津市","162040027000","鹿熊","36.754785","137.441402","0","1"
"16","富山県","16204","魚津市","162040028000","金浦町","36.819063","137.399672","0","1"
"16","富山県","16204","魚津市","162040029000","金山谷","36.772412","137.430885","0","1"
"16","富山県","16204","魚津市","162040030001","上口一丁目","36.807315","137.393863","0","3"
"16","富山県","16204","魚津市","162040030002","上口二丁目","36.809569","137.395145","0","3"
"16","富山県","16204","魚津市","162040031000","上村木","36.822340","137.413841","0","1"
"16","富山県","16204","魚津市","162040032001","上村木一丁目","36.823855","137.408673","0","3"
"16","富山県","16204","魚津市","162040032002","上村木二丁目","36.822913","137.411800","0","3"
"16","富山県","16204","魚津市","162040033000","鴨川町","36.817778","137.401081","0","1"
"16","富山県","16204","魚津市","162040034000","川原","36.791222","137.404205","0","1"
"16","富山県","16204","魚津市","162040035000","川縁","36.794043","137.398853","0","1"
"16","富山県","16204","魚津市","162040036000","川原波","36.728920","137.463171","0","1"
"16","富山県","16204","魚津市","162040037000","観音堂","36.783857","137.420867","0","1"
"16","富山県","16204","魚津市","162040038000","北鬼江","36.832037","137.403650","0","1"
"16","富山県","16204","魚津市","162040039001","北鬼江一丁目","36.829019","137.408168","0","3"
"16","富山県","16204","魚津市","162040039002","北鬼江二丁目","36.829510","137.404721","0","3"
"16","富山県","16204","魚津市","162040040000","北中","36.834580","137.404872","0","1"
"16","富山県","16204","魚津市","162040041000","北山","36.772921","137.446946","0","1"
"16","富山県","16204","魚津市","162040042000","吉島","36.828592","137.418953","0","1"
"16","富山県","16204","魚津市","162040043001","吉島一丁目","36.826940","137.411041","0","3"
"16","富山県","16204","魚津市","162040043002","吉島二丁目","36.826361","137.413593","0","3"
"16","富山県","16204","魚津市","162040044000","木下新","36.847751","137.431985","0","1"
"16","富山県","16204","魚津市","162040045000","黒沢","36.821359","137.491279","0","1"
"16","富山県","16204","魚津市","162040046000","黒谷","36.782644","137.491354","0","1"
"16","富山県","16204","魚津市","162040047000","慶野","36.800807","137.404546","0","1"
"16","富山県","16204","魚津市","162040048000","小菅沼","36.766623","137.439771","0","1"
"16","富山県","16204","魚津市","162040049000","寿町","36.857882","137.412999","0","1"
"16","富山県","16204","魚津市","162040050000","佐伯","36.794473","137.405560","0","1"
"16","富山県","16204","魚津市","162040051000","三ケ","36.718475","137.555405","0","1"
"16","富山県","16204","魚津市","162040052000","三田","36.818475","137.421850","0","1"
"16","富山県","16204","魚津市","162040053000","持光寺","36.844894","137.422773","0","1"
"16","富山県","16204","魚津市","162040054000","島尻","36.785629","137.474239","0","1"
"16","富山県","16204","魚津市","162040055000","下椿","36.771874","137.415976","0","1"
"16","富山県","16204","魚津市","162040056000","釈迦堂","36.822330","137.394734","0","1"
"16","富山県","16204","魚津市","162040057001","釈迦堂一丁目","36.826662","137.407242","0","3"
"16","富山県","16204","魚津市","162040058001","新角川一丁目","36.811557","137.394748","0","3"
"16","富山県","16204","魚津市","162040058002","新角川二丁目","36.811113","137.397377","0","3"
"16","富山県","16204","魚津市","162040059001","新金屋一丁目","36.820536","137.404832","0","3"
"16","富山県","16204","魚津市","162040059002","新金屋二丁目","36.821393","137.407967","0","3"
"16","富山県","16204","魚津市","162040060000","新経田","36.848385","137.419035","0","1"
"16","富山県","16204","魚津市","162040061000","新宿","36.813971","137.398554","0","1"
"16","富山県","16204","魚津市","162040062000","真成寺町","36.816285","137.397644","0","1"
"16","富山県","16204","魚津市","162040063000","末広町","36.820659","137.399321","0","1"
"16","富山県","16204","魚津市","162040064000","住吉","36.803537","137.399579","0","1"
"16","富山県","16204","魚津市","162040065000","諏訪町","36.817976","137.394498","0","1"
"16","富山県","16204","魚津市","162040066000","大海寺新","36.795378","137.444008","0","1"
"16","富山県","16204","魚津市","162040067000","大海寺野","36.809201","137.423412","0","1"
"16","富山県","16204","魚津市","162040068000","大光寺","36.809003","137.407482","0","1"
"16","富山県","16204","魚津市","162040069000","高畠","36.833010","137.411503","0","1"
"16","富山県","16204","魚津市","162040070000","立石","36.830450","137.429458","0","1"
"16","富山県","16204","魚津市","162040071001","中央通り一丁目","36.818048","137.397758","0","3"
"16","富山県","16204","魚津市","162040071002","中央通り二丁目","36.818591","137.400653","0","3"
"16","富山県","16204","魚津市","162040072000","坪野","36.771355","137.456387","0","1"
"16","富山県","16204","魚津市","162040073000","天神野新","36.832338","137.441817","0","1"
"16","富山県","16204","魚津市","162040074000","天王","36.846206","137.416045","0","1"
"16","富山県","16204","魚津市","162040075000","道坂","36.807917","137.455274","0","1"
"16","富山県","16204","魚津市","162040076000","東城","36.795154","137.488771","0","1"
"16","富山県","16204","魚津市","162040077000","東蔵","36.768676","137.495770","0","1"
"16","富山県","16204","魚津市","162040078000","友道","36.813106","137.408218","0","1"
"16","富山県","16204","魚津市","162040079000","虎谷","36.715206","137.461691","0","1"
"16","富山県","16204","魚津市","162040080000","長引野","36.828661","137.475281","0","1"
"16","富山県","16204","魚津市","162040081000","並木町","36.818477","137.402906","0","1"
"16","富山県","16204","魚津市","162040082000","二ケ","36.762760","137.533704","0","1"
"16","富山県","16204","魚津市","162040083000","西尾崎","36.839733","137.425820","0","1"
"16","富山県","16204","魚津市","162040084000","鉢","36.731611","137.442253","0","1"
"16","富山県","16204","魚津市","162040085000","浜経田","36.851040","137.417847","0","1"
"16","富山県","16204","魚津市","162040086000","稗畠","36.785219","137.438379","0","1"
"16","富山県","16204","魚津市","162040087000","東尾崎","36.836687","137.431778","0","1"
"16","富山県","16204","魚津市","162040088000","東山","36.811518","137.460694","0","1"
"16","富山県","16204","魚津市","162040089000","火の宮町","36.820255","137.396997","0","1"
"16","富山県","16204","魚津市","162040090000","平沢","36.755113","137.490891","0","1"
"16","富山県","16204","魚津市","162040091000","袋","36.815088","137.438573","0","1"
"16","富山県","16204","魚津市","162040092000","布施爪","36.832495","137.475278","0","1"
"16","富山県","16204","魚津市","162040093000","双葉町","36.816419","137.398232","0","1"
"16","富山県","16204","魚津市","162040094000","仏田","36.840863","137.410005","0","1"
"16","富山県","16204","魚津市","162040095000","仏又","36.837256","137.411926","0","1"
"16","富山県","16204","魚津市","162040096000","古鹿熊","36.747766","137.460702","0","1"
"16","富山県","16204","魚津市","162040097000","文化町","36.816263","137.399871","0","1"
"16","富山県","16204","魚津市","162040098000","平伝寺","36.849340","137.421877","0","1"
"16","富山県","16204","魚津市","162040099000","蛇田","36.837084","137.447639","0","1"
"16","富山県","16204","魚津市","162040100000","本江","36.816901","137.413990","0","1"
"16","富山県","16204","魚津市","162040101001","本江一丁目","36.816691","137.407656","0","3"
"16","富山県","16204","魚津市","162040102000","本江新町","36.819090","137.405593","0","1"
"16","富山県","16204","魚津市","162040103001","本町一丁目","36.813628","137.395911","0","3"
"16","富山県","16204","魚津市","162040103002","本町二丁目","36.816108","137.395248","0","3"
"16","富山県","16204","魚津市","162040104000","舛方","36.760602","137.416894","0","1"
"16","富山県","16204","魚津市","162040105000","舛田","36.785345","137.415103","0","1"
"16","富山県","16204","魚津市","162040106000","松倉","36.731043","137.482793","0","1"
"16","富山県","16204","魚津市","162040107000","緑町","36.823142","137.402628","0","1"
"16","富山県","16204","魚津市","162040108000","港町","36.820699","137.394253","0","1"
"16","富山県","16204","魚津市","162040109000","宮津","36.798893","137.421552","0","1"
"16","富山県","16204","魚津市","162040110000","村木","36.822613","137.396590","0","1"
"16","富山県","16204","魚津市","162040111000","村木町","36.820759","137.401574","0","1"
"16","富山県","16204","魚津市","162040112000","室田","36.787594","137.427234","0","1"
"16","富山県","16204","魚津市","162040113000","本新","36.826562","137.398321","0","1"
"16","富山県","16204","魚津市","162040114000","本新町","36.825583","137.402779","0","1"
"16","富山県","16204","魚津市","162040115000","弥源寺","36.796428","137.402373","0","1"
"16","富山県","16204","魚津市","162040116000","湯上","36.792070","137.420907","0","1"
"16","富山県","16204","魚津市","162040117000","横枕","36.813537","137.447209","0","1"
"16","富山県","16204","魚津市","162040118000","吉野","36.785407","137.404418","0","1"
"16","富山県","16204","魚津市","162040119000","六郎丸","36.821732","137.432588","0","1"
"16","富山県","16204","魚津市","162040120000","東町","36.853865","137.415201","0","1"
"16","富山県","16204","魚津市","162040121000","経田中町","36.850060","137.415713","0","1"
"16","富山県","16204","魚津市","162040122000","経田西町","36.847164","137.413075","0","1"
"16","富山県","16205","氷見市","162050001000","阿尾","36.884243","136.986391","0","1"
"16","富山県","16205","氷見市","162050002000","赤毛","36.795581","136.879228","0","1"
"16","富山県","16205","氷見市","162050003000","朝日丘","36.847754","136.982665","0","1"
"16","富山県","16205","氷見市","162050004000","朝日本町","36.852917","136.983675","0","1"
"16","富山県","16205","氷見市","162050005000","味川","36.896667","136.925678","0","1"
"16","富山県","16205","氷見市","162050006000","粟原","36.830481","136.936681","0","1"
"16","富山県","16205","氷見市","162050007000","五十谷","36.921044","136.973408","0","1"
"16","富山県","16205","氷見市","162050008000","飯久保","36.807003","136.958993","0","1"
"16","富山県","16205","氷見市","162050009000","泉","36.861704","136.942675","0","1"
"16","富山県","16205","氷見市","162050010001","伊勢大町一丁目","36.849886","136.988279","0","3"
"16","富山県","16205","氷見市","162050010002","伊勢大町二丁目","36.847389","136.988841","0","3"
"16","富山県","16205","氷見市","162050011000","磯辺","36.918986","136.956135","0","1"
"16","富山県","16205","氷見市","162050012000","稲積","36.881760","136.972352","0","1"
"16","富山県","16205","氷見市","162050013000","岩瀬","36.824597","136.869414","0","1"
"16","富山県","16205","氷見市","162050014000","宇波","36.917926","137.008185","0","1"
"16","富山県","16205","氷見市","162050015000","上田","36.849661","136.931180","0","1"
"16","富山県","16205","氷見市","162050016000","老谷","36.835277","136.862976","0","1"
"16","富山県","16205","氷見市","162050017000","大浦","36.825097","136.976842","0","1"
"16","富山県","16205","氷見市","162050018000","大浦新町","36.830718","136.974507","0","1"
"16","富山県","16205","氷見市","162050019000","大窪","36.943273","136.980428","0","1"
"16","富山県","16205","氷見市","162050020000","大境","36.923304","137.027056","0","1"
"16","富山県","16205","氷見市","162050021000","大野","36.861018","136.958416","0","1"
"16","富山県","16205","氷見市","162050022000","大野新","36.859811","136.964908","0","1"
"16","富山県","16205","氷見市","162050023000","大覚口","36.794225","136.948282","0","1"
"16","富山県","16205","氷見市","162050024000","小窪","36.860564","136.903419","0","1"
"16","富山県","16205","氷見市","162050025000","小久米","36.845894","136.893415","0","1"
"16","富山県","16205","氷見市","162050026000","小滝","36.945736","136.943505","0","1"
"16","富山県","16205","氷見市","162050027000","小竹","36.797306","137.008885","0","1"
"16","富山県","16205","氷見市","162050028000","海津","36.825573","136.964336","0","1"
"16","富山県","16205","氷見市","162050029000","柿谷","36.876267","136.934256","0","1"
"16","富山県","16205","氷見市","162050030000","角間","36.937113","136.961791","0","1"
"16","富山県","16205","氷見市","162050031000","懸札","36.919676","136.903498","0","1"
"16","富山県","16205","氷見市","162050032000","加納","36.867918","136.965929","0","1"
"16","富山県","16205","氷見市","162050033000","上泉","36.821130","136.994482","0","1"
"16","富山県","16205","氷見市","162050034000","上久津呂","36.821744","136.947304","0","1"
"16","富山県","16205","氷見市","162050035000","上田子","36.802550","136.992902","0","1"
"16","富山県","16205","氷見市","162050036000","上余川","36.889722","136.910758","0","1"
"16","富山県","16205","氷見市","162050037000","川崎","36.833291","136.965990","0","1"
"16","富山県","16205","氷見市","162050038000","川尻","36.828589","136.963465","0","1"
"16","富山県","16205","氷見市","162050039000","蒲田","36.796755","136.969951","0","1"
"16","富山県","16205","氷見市","162050040000","北大町","36.864253","136.984861","0","1"
"16","富山県","16205","氷見市","162050041000","北八代","36.902417","136.980556","0","1"
"16","富山県","16205","氷見市","162050042000","葛葉","36.842276","136.867728","0","1"
"16","富山県","16205","氷見市","162050043000","国見","36.932088","136.942117","0","1"
"16","富山県","16205","氷見市","162050044000","窪","36.840314","136.992070","0","1"
"16","富山県","16205","氷見市","162050045000","熊無","36.878816","136.896475","0","1"
"16","富山県","16205","氷見市","162050046000","久目","36.833018","136.902736","0","1"
"16","富山県","16205","氷見市","162050047000","鞍川","36.854880","136.965291","0","1"
"16","富山県","16205","氷見市","162050048000","鞍骨","36.805527","136.925217","0","1"
"16","富山県","16205","氷見市","162050049000","胡桃","36.930392","136.926025","0","1"
"16","富山県","16205","氷見市","162050050000","桑院","36.812865","136.889583","0","1"
"16","富山県","16205","氷見市","162050051000","湖光","36.838358","136.974207","0","1"
"16","富山県","16205","氷見市","162050052000","神代","36.798142","136.960258","0","1"
"16","富山県","16205","氷見市","162050053000","小境","36.919976","137.021035","0","1"
"16","富山県","16205","氷見市","162050054000","小杉","36.900098","137.000859","0","1"
"16","富山県","16205","氷見市","162050055000","幸町","36.856620","136.980531","0","1"
"16","富山県","16205","氷見市","162050056000","栄町","36.869596","136.980653","0","1"
"16","富山県","16205","氷見市","162050057000","坂津","36.839476","136.959451","0","1"
"16","富山県","16205","氷見市","162050058000","指崎","36.891265","136.975179","0","1"
"16","富山県","16205","氷見市","162050059000","地蔵町","36.850211","136.992160","0","1"
"16","富山県","16205","氷見市","162050060000","七分一","36.870186","136.952817","0","1"
"16","富山県","16205","氷見市","162050061000","島尾","36.823981","137.008126","0","1"
"16","富山県","16205","氷見市","162050062000","下久津呂","36.827102","136.952313","0","1"
"16","富山県","16205","氷見市","162050063000","下田子","36.814315","136.994651","0","1"
"16","富山県","16205","氷見市","162050064000","十二町","36.844943","136.968502","0","1"
"16","富山県","16205","氷見市","162050065000","白川","36.923501","136.985713","0","1"
"16","富山県","16205","氷見市","162050066000","新保","36.860019","136.914820","0","1"
"16","富山県","16205","氷見市","162050067000","姿","36.930718","137.017248","0","1"
"16","富山県","16205","氷見市","162050068000","諏訪野","36.863264","136.978502","0","1"
"16","富山県","16205","氷見市","162050069000","惣領","36.804439","136.947237","0","1"
"16","富山県","16205","氷見市","162050070000","園","36.833246","136.982488","0","1"
"16","富山県","16205","氷見市","162050071000","平","36.961997","136.992516","0","1"
"16","富山県","16205","氷見市","162050072000","田江","36.852140","136.906592","0","1"
"16","富山県","16205","氷見市","162050073000","棚懸","36.812343","136.862589","0","1"
"16","富山県","16205","氷見市","162050074000","谷屋","36.871297","136.913330","0","1"
"16","富山県","16205","氷見市","162050075000","中央町","36.860467","136.986863","0","1"
"16","富山県","16205","氷見市","162050076000","坪池","36.799281","136.863005","0","1"
"16","富山県","16205","氷見市","162050077000","寺尾","36.900283","136.895312","0","1"
"16","富山県","16205","氷見市","162050078000","床鍋","36.846403","136.873431","0","1"
"16","富山県","16205","氷見市","162050079000","戸津宮","36.930023","136.993171","0","1"
"16","富山県","16205","氷見市","162050080000","泊","36.904096","137.007281","0","1"
"16","富山県","16205","氷見市","162050081000","中尾","36.850168","136.947726","0","1"
"16","富山県","16205","氷見市","162050082000","長坂","36.946793","136.989963","0","1"
"16","富山県","16205","氷見市","162050083000","中島","36.831060","136.978532","0","1"
"16","富山県","16205","氷見市","162050084000","中田","36.948376","137.012730","0","1"
"16","富山県","16205","氷見市","162050085000","中波","36.953333","137.029298","0","1"
"16","富山県","16205","氷見市","162050086000","中村","36.866650","136.931183","0","1"
"16","富山県","16205","氷見市","162050087000","中谷内","36.835313","136.944791","0","1"
"16","富山県","16205","氷見市","162050088000","西朴木","36.842129","136.951210","0","1"
"16","富山県","16205","氷見市","162050089000","早借","36.840184","136.918639","0","1"
"16","富山県","16205","氷見市","162050090000","針木","36.913634","136.944710","0","1"
"16","富山県","16205","氷見市","162050091000","日詰","36.842808","136.905004","0","1"
"16","富山県","16205","氷見市","162050092000","一刎","36.910730","136.928881","0","1"
"16","富山県","16205","氷見市","162050093000","日名田","36.859138","136.890881","0","1"
"16","富山県","16205","氷見市","162050094000","比美町","36.857364","136.989571","0","1"
"16","富山県","16205","氷見市","162050095000","平沢","36.954788","136.995972","0","1"
"16","富山県","16205","氷見市","162050096000","深原","36.818509","136.955847","0","1"
"16","富山県","16205","氷見市","162050097000","布施","36.819265","136.963785","0","1"
"16","富山県","16205","氷見市","162050098000","仏生寺","36.785340","136.922643","0","1"
"16","富山県","16205","氷見市","162050099000","触坂","36.826964","136.894207","0","1"
"16","富山県","16205","氷見市","162050100000","堀田","36.804328","136.979999","0","1"
"16","富山県","16205","氷見市","162050101000","本町","36.852806","136.987285","0","1"
"16","富山県","16205","氷見市","162050102000","間島","36.875131","136.982528","0","1"
"16","富山県","16205","氷見市","162050103000","丸の内","36.857107","136.985483","0","1"
"16","富山県","16205","氷見市","162050104000","見内","36.833814","136.882919","0","1"
"16","富山県","16205","氷見市","162050105000","三尾","36.860901","136.874922","0","1"
"16","富山県","16205","氷見市","162050106000","南大町","36.853366","136.989782","0","1"
"16","富山県","16205","氷見市","162050107000","宮田","36.819739","137.001169","0","1"
"16","富山県","16205","氷見市","162050108000","万尾","36.834804","136.958030","0","1"
"16","富山県","16205","氷見市","162050109000","森寺","36.905047","136.964154","0","1"
"16","富山県","16205","氷見市","162050110000","矢田部","36.815743","136.939428","0","1"
"16","富山県","16205","氷見市","162050111000","柳田","36.831187","136.998439","0","1"
"16","富山県","16205","氷見市","162050112000","矢方","36.816724","136.969569","0","1"
"16","富山県","16205","氷見市","162050113000","薮田","36.900764","136.994287","0","1"
"16","富山県","16205","氷見市","162050114000","余川","36.889319","136.945233","0","1"
"16","富山県","16205","氷見市","162050115000","吉池","36.783138","136.894709","0","1"
"16","富山県","16205","氷見市","162050116000","吉岡","36.957610","137.003161","0","1"
"16","富山県","16205","氷見市","162050117000","吉懸","36.909394","136.912891","0","1"
"16","富山県","16205","氷見市","162050118000","吉滝","36.903046","136.951765","0","1"
"16","富山県","16205","氷見市","162050119000","論田","36.875715","136.888910","0","1"
"16","富山県","16205","氷見市","162050120000","脇","36.960915","137.040154","0","1"
"16","富山県","16205","氷見市","162050121000","脇方","36.917482","137.015280","0","1"
"16","富山県","16206","滑川市","162060001000","赤浜","36.733028","137.364658","0","1"
"16","富山県","16206","滑川市","162060002000","吾妻町","36.767545","137.343766","0","1"
"16","富山県","16206","滑川市","162060003000","荒俣","36.783072","137.359870","0","1"
"16","富山県","16206","滑川市","162060004000","有金","36.740286","137.344774","0","1"
"16","富山県","16206","滑川市","162060005000","稲泉","36.757455","137.366212","0","1"
"16","富山県","16206","滑川市","162060006000","稲泉新","36.758600","137.370179","0","1"
"16","富山県","16206","滑川市","162060007000","今町","36.768520","137.339252","0","1"
"16","富山県","16206","滑川市","162060008000","魚躬","36.754826","137.321610","0","1"
"16","富山県","16206","滑川市","162060009000","江尻","36.748451","137.331128","0","1"
"16","富山県","16206","滑川市","162060010000","夷子町","36.768098","137.338747","0","1"
"16","富山県","16206","滑川市","162060011000","追分","36.780946","137.379594","0","1"
"16","富山県","16206","滑川市","162060012000","大浦","36.750330","137.418420","0","1"
"16","富山県","16206","滑川市","162060013000","大榎","36.755709","137.392154","0","1"
"16","富山県","16206","滑川市","162060014000","大掛","36.774247","137.395043","0","1"
"16","富山県","16206","滑川市","162060015000","大崎野","36.749038","137.401258","0","1"
"16","富山県","16206","滑川市","162060016000","大島","36.784129","137.390083","0","1"
"16","富山県","16206","滑川市","162060017000","大島新","36.760788","137.374406","0","1"
"16","富山県","16206","滑川市","162060018000","大林","36.747214","137.414545","0","1"
"16","富山県","16206","滑川市","162060019000","大町","36.765342","137.336615","0","1"
"16","富山県","16206","滑川市","162060020000","沖田新","36.753128","137.346832","0","1"
"16","富山県","16206","滑川市","162060021000","改養寺","36.740713","137.380431","0","1"
"16","富山県","16206","滑川市","162060022000","笠木","36.788859","137.367670","0","1"
"16","富山県","16206","滑川市","162060023000","加島町","36.758914","137.332452","0","1"
"16","富山県","16206","滑川市","162060024000","金屋","36.746401","137.378376","0","1"
"16","富山県","16206","滑川市","162060025000","上梅沢","36.745300","137.352221","0","1"
"16","富山県","16206","滑川市","162060026000","上小泉","36.755767","137.351083","0","1"
"16","富山県","16206","滑川市","162060027000","上島","36.750420","137.352397","0","1"
"16","富山県","16206","滑川市","162060028000","河浦町","36.764873","137.336690","0","1"
"16","富山県","16206","滑川市","162060029000","河端町","36.760680","137.335178","0","1"
"16","富山県","16206","滑川市","162060030000","北野新","36.774361","137.369387","0","1"
"16","富山県","16206","滑川市","162060031000","北町","36.767809","137.338290","0","1"
"16","富山県","16206","滑川市","162060032000","小林","36.744901","137.367549","0","1"
"16","富山県","16206","滑川市","162060033000","菰原","36.753820","137.334233","0","1"
"16","富山県","16206","滑川市","162060034000","小森","36.721277","137.396111","0","1"
"16","富山県","16206","滑川市","162060035000","三ケ","36.796901","137.382011","0","1"
"16","富山県","16206","滑川市","162060036000","山王町","36.762630","137.334054","0","1"
"16","富山県","16206","滑川市","162060037000","四間町","36.765989","137.341283","0","1"
"16","富山県","16206","滑川市","162060038000","柴","36.739552","137.371357","0","1"
"16","富山県","16206","滑川市","162060039000","清水町","36.763926","137.346001","0","1"
"16","富山県","16206","滑川市","162060040000","下梅沢","36.748263","137.338231","0","1"
"16","富山県","16206","滑川市","162060041000","下小泉町","36.762939","137.341598","0","1"
"16","富山県","16206","滑川市","162060042000","下島","36.756711","137.339812","0","1"
"16","富山県","16206","滑川市","162060043000","下野","36.739921","137.406459","0","1"
"16","富山県","16206","滑川市","162060044000","常光寺","36.740051","137.352536","0","1"
"16","富山県","16206","滑川市","162060045000","神家町","36.763868","137.337464","0","1"
"16","富山県","16206","滑川市","162060046000","新富町","36.754131","137.329601","0","1"
"16","富山県","16206","滑川市","162060047000","神明町","36.768010","137.340325","0","1"
"16","富山県","16206","滑川市","162060048000","瀬羽町","36.763481","137.335336","0","1"
"16","富山県","16206","滑川市","162060049000","大日","36.737833","137.424778","0","1"
"16","富山県","16206","滑川市","162060050000","大門","36.742868","137.338141","0","1"
"16","富山県","16206","滑川市","162060051000","高塚","36.780006","137.351902","0","1"
"16","富山県","16206","滑川市","162060052000","高月町","36.757309","137.322097","0","1"
"16","富山県","16206","滑川市","162060053000","高柳","36.740932","137.362517","0","1"
"16","富山県","16206","滑川市","162060054000","辰野","36.770369","137.352303","0","1"
"16","富山県","16206","滑川市","162060055000","田中新町","36.760465","137.339863","0","1"
"16","富山県","16206","滑川市","162060056000","田中町","36.761872","137.337931","0","1"
"16","富山県","16206","滑川市","162060057000","田林","36.732219","137.384570","0","1"
"16","富山県","16206","滑川市","162060058000","千鳥","36.739428","137.418411","0","1"
"16","富山県","16206","滑川市","162060059000","坪川","36.774220","137.354453","0","1"
"16","富山県","16206","滑川市","162060060000","坪川新","36.775334","137.346879","0","1"
"16","富山県","16206","滑川市","162060061000","寺町","36.729150","137.368211","0","1"
"16","富山県","16206","滑川市","162060062000","道寺","36.749292","137.387925","0","1"
"16","富山県","16206","滑川市","162060063000","東福寺","36.727994","137.428929","0","1"
"16","富山県","16206","滑川市","162060064000","東福寺野","36.727127","137.408923","0","1"
"16","富山県","16206","滑川市","162060065000","東福寺開","36.739494","137.401255","0","1"
"16","富山県","16206","滑川市","162060066000","常盤町","36.769769","137.343724","0","1"
"16","富山県","16206","滑川市","162060067000","栃山","36.747023","137.374325","0","1"
"16","富山県","16206","滑川市","162060068000","中川原","36.772095","137.346991","0","1"
"16","富山県","16206","滑川市","162060069000","中新","36.754235","137.374700","0","1"
"16","富山県","16206","滑川市","162060070000","中塚","36.758404","137.373702","0","1"
"16","富山県","16206","滑川市","162060071000","中野","36.739160","137.412659","0","1"
"16","富山県","16206","滑川市","162060072000","中野島","36.767234","137.367852","0","1"
"16","富山県","16206","滑川市","162060073000","中村","36.789412","137.381912","0","1"
"16","富山県","16206","滑川市","162060074000","七口","36.750871","137.369850","0","1"
"16","富山県","16206","滑川市","162060075000","野尻","36.752313","137.391469","0","1"
"16","富山県","16206","滑川市","162060076000","野町","36.762392","137.364897","0","1"
"16","富山県","16206","滑川市","162060077000","橋場町","36.764437","137.336271","0","1"
"16","富山県","16206","滑川市","162060078000","浜町","36.764289","137.335360","0","1"
"16","富山県","16206","滑川市","162060079000","浜四ツ屋","36.785470","137.363858","0","1"
"16","富山県","16206","滑川市","162060080000","東金屋","36.746058","137.382920","0","1"
"16","富山県","16206","滑川市","162060081000","開","36.741065","137.393108","0","1"
"16","富山県","16206","滑川市","162060082000","二塚","36.760738","137.380295","0","1"
"16","富山県","16206","滑川市","162060083000","二ツ破","36.772285","137.363756","0","1"
"16","富山県","16206","滑川市","162060084000","武平太町","36.767442","137.337687","0","1"
"16","富山県","16206","滑川市","162060085000","法花寺","36.759172","137.360836","0","1"
"16","富山県","16206","滑川市","162060086000","堀江","36.735120","137.354251","0","1"
"16","富山県","16206","滑川市","162060087000","堀内","36.744658","137.422656","0","1"
"16","富山県","16206","滑川市","162060088000","本江","36.727077","137.379421","0","1"
"16","富山県","16206","滑川市","162060089000","曲渕","36.776350","137.362233","0","1"
"16","富山県","16206","滑川市","162060090000","蓑輪","36.720247","137.440361","0","1"
"16","富山県","16206","滑川市","162060091000","宮窪","36.753915","137.364987","0","1"
"16","富山県","16206","滑川市","162060092000","宮窪新","36.751573","137.363842","0","1"
"16","富山県","16206","滑川市","162060093000","室山","36.743667","137.419278","0","1"
"16","富山県","16206","滑川市","162060094000","森尻新","36.724145","137.362691","0","1"
"16","富山県","16206","滑川市","162060095000","森野新","36.750676","137.394465","0","1"
"16","富山県","16206","滑川市","162060096000","安田","36.735937","137.375692","0","1"
"16","富山県","16206","滑川市","162060097000","柳原","36.766377","137.354144","0","1"
"16","富山県","16206","滑川市","162060098000","横町","36.763068","137.334365","0","1"
"16","富山県","16206","滑川市","162060099000","横道","36.755646","137.382192","0","1"
"16","富山県","16206","滑川市","162060100000","吉浦","36.793835","137.374258","0","1"
"16","富山県","16206","滑川市","162060101000","四ツ屋","36.777059","137.372948","0","1"
"16","富山県","16206","滑川市","162060102000","四屋新","36.747881","137.371079","0","1"
"16","富山県","16206","滑川市","162060103000","米島","36.761818","137.362971","0","1"
"16","富山県","16206","滑川市","162060104000","領家町","36.757757","137.328546","0","1"
"16","富山県","16206","滑川市","162060105000","寺家町","36.764763","137.339921","0","1"
"16","富山県","16206","滑川市","162060106000","杉本","36.758924","137.395980","0","1"
"16","富山県","16206","滑川市","162060107000","嘉大窪","36.763529","137.394855","0","1"
"16","富山県","16206","滑川市","162060108000","北野","36.770416","137.376857","0","1"
"16","富山県","16206","滑川市","162060109000","三穂町","36.765710","137.335700","0","1"
"16","富山県","16206","滑川市","162060110000","中町","36.766640","137.338007","0","1"
"16","富山県","16206","滑川市","162060111000","瓢町","36.766253","137.337638","0","1"
"16","富山県","16206","滑川市","162060112000","七間町","36.765662","137.337348","0","1"
"16","富山県","16206","滑川市","162060113000","馬町","36.765901","137.337556","0","1"
"16","富山県","16206","滑川市","162060114000","栗山","36.764464","137.401331","0","1"
"16","富山県","16206","滑川市","162060115000","八大窪","36.767349","137.390151","0","1"
"16","富山県","16206","滑川市","162060116000","大窪","36.765289","137.390111","0","1"
"16","富山県","16206","滑川市","162060117000","荒町","36.766372","137.336908","0","1"
"16","富山県","16206","滑川市","162060118000","松原町","36.766365","137.336415","0","1"
"16","富山県","16207","黒部市","162070001000","阿古屋野","36.846294","137.453526","0","1"
"16","富山県","16207","黒部市","162070002000","吾妻野","36.845294","137.464752","0","1"
"16","富山県","16207","黒部市","162070003000","天池","36.867015","137.452188","0","1"
"16","富山県","16207","黒部市","162070004000","阿弥陀堂","36.837344","137.479783","0","1"
"16","富山県","16207","黒部市","162070005000","荒俣","36.913377","137.424167","0","1"
"16","富山県","16207","黒部市","162070006000","荒町","36.855369","137.434475","0","1"
"16","富山県","16207","黒部市","162070007000","生地","36.886631","137.417947","0","1"
"16","富山県","16207","黒部市","162070008000","生地芦区","36.899270","137.416448","0","1"
"16","富山県","16207","黒部市","162070009000","生地芦崎","36.897977","137.413059","0","1"
"16","富山県","16207","黒部市","162070010000","生地飯沢","36.896280","137.418438","0","1"
"16","富山県","16207","黒部市","162070011000","生地経新","36.895916","137.413019","0","1"
"16","富山県","16207","黒部市","162070012000","生地神区","36.884957","137.422321","0","1"
"16","富山県","16207","黒部市","162070013000","生地中区","36.890716","137.419674","0","1"
"16","富山県","16207","黒部市","162070014000","生地山新","36.894805","137.414824","0","1"
"16","富山県","16207","黒部市","162070015000","生地吉田","36.897372","137.411044","0","1"
"16","富山県","16207","黒部市","162070016000","生地吉田新","36.898507","137.414337","0","1"
"16","富山県","16207","黒部市","162070017000","生地四ツ屋新","36.880782","137.421208","0","1"
"16","富山県","16207","黒部市","162070018000","池尻","36.815265","137.516460","0","1"
"16","富山県","16207","黒部市","162070019000","石田","36.860334","137.415308","0","1"
"16","富山県","16207","黒部市","162070020000","石田新","36.864736","137.421063","0","1"
"16","富山県","16207","黒部市","162070021000","石田野","36.850326","137.478039","0","1"
"16","富山県","16207","黒部市","162070022000","板屋","36.906135","137.443748","0","1"
"16","富山県","16207","黒部市","162070023000","犬山","36.856200","137.426684","0","1"
"16","富山県","16207","黒部市","162070024000","植木","36.882717","137.450713","0","1"
"16","富山県","16207","黒部市","162070025000","内生谷","36.835078","137.497292","0","1"
"16","富山県","16207","黒部市","162070026000","宇奈月町愛本新","36.881621","137.546750","0","1"
"16","富山県","16207","黒部市","162070027000","宇奈月町内山","36.832348","137.556684","0","1"
"16","富山県","16207","黒部市","162070028000","宇奈月町栗虫","36.869905","137.554036","0","1"
"16","富山県","16207","黒部市","162070029000","宇奈月町土山","36.870943","137.566110","0","1"
"16","富山県","16207","黒部市","162070030000","大開","36.908303","137.422839","0","1"
"16","富山県","16207","黒部市","162070031000","岡","36.865110","137.426016","0","1"
"16","富山県","16207","黒部市","162070032000","荻生","36.885090","137.475592","0","1"
"16","富山県","16207","黒部市","162070033000","荻生新","36.873594","137.465954","0","1"
"16","富山県","16207","黒部市","162070034000","尾山","36.839171","137.475515","0","1"
"16","富山県","16207","黒部市","162070035000","鏡野","36.851991","137.465757","0","1"
"16","富山県","16207","黒部市","162070036000","笠破","36.815971","137.532120","0","1"
"16","富山県","16207","黒部市","162070037000","金屋","36.886579","137.441555","0","1"
"16","富山県","16207","黒部市","162070038000","嘉例沢","36.817436","137.544799","0","1"
"16","富山県","16207","黒部市","162070039000","北新","36.875038","137.442915","0","1"
"16","富山県","16207","黒部市","162070040000","北野","36.890550","137.450571","0","1"
"16","富山県","16207","黒部市","162070041000","吉城寺","36.863102","137.472820","0","1"
"16","富山県","16207","黒部市","162070042000","経立野","36.875838","137.419642","0","1"
"16","富山県","16207","黒部市","162070043000","沓掛","36.893536","137.462288","0","1"
"16","富山県","16207","黒部市","162070044000","窪野","36.849736","137.449149","0","1"
"16","富山県","16207","黒部市","162070045000","黒部峡谷口","36.814789","137.586112","0","1"
"16","富山県","16207","黒部市","162070046000","黒部新","36.900838","137.450457","0","1"
"16","富山県","16207","黒部市","162070047000","五郎八","36.891973","137.483126","0","1"
"16","富山県","16207","黒部市","162070048000","神谷","36.851587","137.444827","0","1"
"16","富山県","16207","黒部市","162070049000","四ケ開","36.893690","137.441504","0","1"
"16","富山県","16207","黒部市","162070050000","舌山","36.871087","137.482015","0","1"
"16","富山県","16207","黒部市","162070051000","釈迦堂","36.835353","137.486726","0","1"
"16","富山県","16207","黒部市","162070052000","正光寺新","36.869063","137.419278","0","1"
"16","富山県","16207","黒部市","162070053000","新天","36.870120","137.460261","0","1"
"16","富山県","16207","黒部市","162070054000","新堂","36.878096","137.459562","0","1"
"16","富山県","16207","黒部市","162070055000","新牧野","36.867890","137.446464","0","1"
"16","富山県","16207","黒部市","162070056000","新町","36.865956","137.417893","0","1"
"16","富山県","16207","黒部市","162070057000","田家新","36.853984","137.438208","0","1"
"16","富山県","16207","黒部市","162070058000","田家野","36.854189","137.454619","0","1"
"16","富山県","16207","黒部市","162070059000","田家角内","36.881493","137.436720","0","1"
"16","富山県","16207","黒部市","162070060000","高橋","36.879973","137.440210","0","1"
"16","富山県","16207","黒部市","162070061000","立野","36.877505","137.425335","0","1"
"16","富山県","16207","黒部市","162070062000","田籾","36.826490","137.514618","0","1"
"16","富山県","16207","黒部市","162070063000","出島","36.897613","137.450354","0","1"
"16","富山県","16207","黒部市","162070064000","堂田","36.864353","137.445318","0","1"
"16","富山県","16207","黒部市","162070065000","栃沢","36.889809","137.432568","0","1"
"16","富山県","16207","黒部市","162070066000","轟下","36.884743","137.425679","0","1"
"16","富山県","16207","黒部市","162070067000","中新","36.884196","137.435374","0","1"
"16","富山県","16207","黒部市","162070068000","中陣","36.839763","137.459772","0","1"
"16","富山県","16207","黒部市","162070069000","長屋","36.873275","137.472145","0","1"
"16","富山県","16207","黒部市","162070070000","浜石田","36.863700","137.416628","0","1"
"16","富山県","16207","黒部市","162070071000","飛騨","36.908442","137.433758","0","1"
"16","富山県","16207","黒部市","162070072000","福平","36.791272","137.530188","0","1"
"16","富山県","16207","黒部市","162070073000","別所","36.844955","137.480970","0","1"
"16","富山県","16207","黒部市","162070074000","朴谷","36.839585","137.468930","0","1"
"16","富山県","16207","黒部市","162070075000","堀切","36.875309","137.434336","0","1"
"16","富山県","16207","黒部市","162070076000","堀切新","36.876993","137.439013","0","1"
"16","富山県","16207","黒部市","162070077000","堀高","36.880255","137.438462","0","1"
"16","富山県","16207","黒部市","162070078000","前沢","36.862761","137.448563","0","1"
"16","富山県","16207","黒部市","162070079000","枕野","36.856041","137.473423","0","1"
"16","富山県","16207","黒部市","162070080000","三日市","36.874413","137.448670","0","1"
"16","富山県","16207","黒部市","162070081000","宮沢","36.857663","137.464729","0","1"
"16","富山県","16207","黒部市","162070082000","宮野","36.866306","137.478692","0","1"
"16","富山県","16207","黒部市","162070083000","本野","36.852950","137.483712","0","1"
"16","富山県","16207","黒部市","162070084000","柳沢","36.844147","137.472592","0","1"
"16","富山県","16207","黒部市","162070085000","山田","36.846655","137.441451","0","1"
"16","富山県","16207","黒部市","162070086000","山田新","36.867742","137.465813","0","1"
"16","富山県","16207","黒部市","162070087000","山立野","36.873706","137.419489","0","1"
"16","富山県","16207","黒部市","162070088000","吉田","36.902013","137.427275","0","1"
"16","富山県","16207","黒部市","162070089000","六天","36.897971","137.438764","0","1"
"16","富山県","16207","黒部市","162070090000","若栗","36.877555","137.496348","0","1"
"16","富山県","16207","黒部市","162070091000","古御堂","36.892406","137.438244","0","1"
"16","富山県","16207","黒部市","162070092000","窪田","36.892859","137.430381","0","1"
"16","富山県","16207","黒部市","162070093000","飯沢","36.895428","137.424913","0","1"
"16","富山県","16207","黒部市","162070094000","中野","36.864704","137.441306","0","1"
"16","富山県","16207","黒部市","162070095000","宇奈月町明日","36.862509","137.561521","0","1"
"16","富山県","16207","黒部市","162070096000","宇奈月町中谷","36.865170","137.556288","0","1"
"16","富山県","16207","黒部市","162070097000","宇奈月町中ノ口","36.866276","137.550290","0","1"
"16","富山県","16207","黒部市","162070098000","宇奈月町舟見","36.866695","137.554210","0","1"
"16","富山県","16207","黒部市","162070099000","尾中","36.843106","137.495444","0","1"
"16","富山県","16207","黒部市","162070100000","宇奈月町黒部","36.731117","137.625010","0","1"
"16","富山県","16207","黒部市","162070101000","宇奈月温泉","36.816130","137.582814","0","1"
"16","富山県","16207","黒部市","162070102000","宇奈月町音澤","36.838471","137.565024","0","1"
"16","富山県","16207","黒部市","162070103000","宇奈月町舟見明日音澤","36.820718","137.588898","0","1"
"16","富山県","16207","黒部市","162070104000","天神新","36.867533","137.432587","0","1"
"16","富山県","16207","黒部市","162070105000","中野道","36.867113","137.435351","0","1"
"16","富山県","16207","黒部市","162070106000","牧野","36.867401","137.439647","0","1"
"16","富山県","16207","黒部市","162070107000","大越野","36.862793","137.494955","0","1"
"16","富山県","16207","黒部市","162070108000","宇奈月町長坂野","36.859195","137.508179","0","1"
"16","富山県","16207","黒部市","162070109000","宇奈月町栃屋","36.858368","137.503899","0","1"
"16","富山県","16207","黒部市","162070110000","栗寺","36.859490","137.485729","0","1"
"16","富山県","16207","黒部市","162070111000","宇奈月町大谷","36.846709","137.507692","0","1"
"16","富山県","16207","黒部市","162070112000","中山","36.852282","137.492131","0","1"
"16","富山県","16207","黒部市","162070113000","阿朴","36.847363","137.497974","0","1"
"16","富山県","16207","黒部市","162070114000","宇奈月町熊野","36.867755","137.514486","0","1"
"16","富山県","16207","黒部市","162070115000","三ケ山","36.837929","137.516738","0","1"
"16","富山県","16207","黒部市","162070116000","宇奈月町下立","36.853168","137.538429","0","1"
"16","富山県","16207","黒部市","162070117000","宇奈月町けい山","36.858221","137.511946","0","1"
"16","富山県","16207","黒部市","162070118000","宇奈月町小寺沢","36.859802","137.522882","0","1"
"16","富山県","16207","黒部市","162070119000","宇奈月町浦山","36.861801","137.521228","0","1"
"16","富山県","16208","砺波市","162080001000","秋元","36.651684","136.990806","0","1"
"16","富山県","16208","砺波市","162080002000","浅谷","36.619876","137.032921","0","1"
"16","富山県","16208","砺波市","162080003000","東","36.659135","137.028920","0","1"
"16","富山県","16208","砺波市","162080004000","荒高屋","36.601259","136.960532","0","1"
"16","富山県","16208","砺波市","162080005000","新又","36.647596","136.963310","0","1"
"16","富山県","16208","砺波市","162080006000","井栗谷","36.594455","137.036870","0","1"
"16","富山県","16208","砺波市","162080007000","井栗谷新","36.600591","137.034531","0","1"
"16","富山県","16208","砺波市","162080008000","池原","36.640627","137.038072","0","1"
"16","富山県","16208","砺波市","162080009000","石丸","36.663946","136.976604","0","1"
"16","富山県","16208","砺波市","162080010000","市谷","36.624581","137.051880","0","1"
"16","富山県","16208","砺波市","162080011000","一番町","36.639395","136.957635","0","1"
"16","富山県","16208","砺波市","162080012000","大門","36.626028","136.970294","0","1"
"16","富山県","16208","砺波市","162080013000","大窪","36.659266","136.985613","0","1"
"16","富山県","16208","砺波市","162080014000","太田","36.621005","136.991820","0","1"
"16","富山県","16208","砺波市","162080015000","大辻","36.627665","136.951040","0","1"
"16","富山県","16208","砺波市","162080016000","小島","36.659455","136.941451","0","1"
"16","富山県","16208","砺波市","162080017000","表町","36.636194","136.951570","0","1"
"16","富山県","16208","砺波市","162080018000","鹿島","36.613206","136.953637","0","1"
"16","富山県","16208","砺波市","162080019000","神島","36.643423","136.930752","0","1"
"16","富山県","16208","砺波市","162080020000","上中野","36.591050","136.986388","0","1"
"16","富山県","16208","砺波市","162080021000","上和田","36.646388","137.035182","0","1"
"16","富山県","16208","砺波市","162080022000","狐島","36.653361","136.926460","0","1"
"16","富山県","16208","砺波市","162080023000","木下","36.657393","136.960124","0","1"
"16","富山県","16208","砺波市","162080024000","川内","36.573970","137.031556","0","1"
"16","富山県","16208","砺波市","162080025000","小杉","36.657338","136.950185","0","1"
"16","富山県","16208","砺波市","162080026000","五谷","36.591093","137.020153","0","1"
"16","富山県","16208","砺波市","162080027000","寿町","36.643719","136.956640","0","1"
"16","富山県","16208","砺波市","162080028000","五郎丸","36.615088","136.964266","0","1"
"16","富山県","16208","砺波市","162080029000","権正寺","36.648005","137.011487","0","1"
"16","富山県","16208","砺波市","162080030000","幸町","36.636600","136.958818","0","1"
"16","富山県","16208","砺波市","162080031000","栄町","36.647520","136.960229","0","1"
"16","富山県","16208","砺波市","162080032000","三郎丸","36.653648","136.972089","0","1"
"16","富山県","16208","砺波市","162080033000","山王町","36.636330","136.955288","0","1"
"16","富山県","16208","砺波市","162080034000","塩浅","36.619553","137.029550","0","1"
"16","富山県","16208","砺波市","162080035000","下中","36.663968","136.917187","0","1"
"16","富山県","16208","砺波市","162080036000","下中条","36.656979","137.002260","0","1"
"16","富山県","16208","砺波市","162080037000","十年明","36.652436","136.962092","0","1"
"16","富山県","16208","砺波市","162080038000","庄川町青島","36.581870","136.981800","0","1"
"16","富山県","16208","砺波市","162080039000","庄川町筏","36.597289","136.972201","0","1"
"16","富山県","16208","砺波市","162080040000","庄川町落シ","36.565083","137.029211","0","1"
"16","富山県","16208","砺波市","162080041000","庄川町隠尾","36.578604","137.012290","0","1"
"16","富山県","16208","砺波市","162080042000","庄川町金屋","36.569955","136.986479","0","1"
"16","富山県","16208","砺波市","162080043000","庄川町五ケ","36.590412","136.978585","0","1"
"16","富山県","16208","砺波市","162080044000","庄川町小牧","36.556644","137.003707","0","1"
"16","富山県","16208","砺波市","162080045000","庄川町示野","36.577586","136.975471","0","1"
"16","富山県","16208","砺波市","162080046000","庄川町庄","36.586726","137.002449","0","1"
"16","富山県","16208","砺波市","162080047000","庄川町高儀新","36.595640","136.978678","0","1"
"16","富山県","16208","砺波市","162080048000","庄川町天正","36.590893","136.968421","0","1"
"16","富山県","16208","砺波市","162080049000","庄川町二ツ屋","36.546417","137.015181","0","1"
"16","富山県","16208","砺波市","162080050000","庄川町古上野","36.602168","136.972346","0","1"
"16","富山県","16208","砺波市","162080051000","庄川町前山","36.556560","136.994008","0","1"
"16","富山県","16208","砺波市","162080052000","庄川町三谷","36.610639","137.010264","0","1"
"16","富山県","16208","砺波市","162080053000","庄川町名ケ原","36.574103","137.006746","0","1"
"16","富山県","16208","砺波市","162080054000","庄川町湯谷","36.551865","137.027622","0","1"
"16","富山県","16208","砺波市","162080055000","庄川町湯山","36.563483","137.009200","0","1"
"16","富山県","16208","砺波市","162080056000","庄川町横住","36.562944","137.023257","0","1"
"16","富山県","16208","砺波市","162080057000","正権寺","36.639840","137.056132","0","1"
"16","富山県","16208","砺波市","162080058000","庄中","36.647679","137.003155","0","1"
"16","富山県","16208","砺波市","162080059000","新栄町","36.649997","136.957685","0","1"
"16","富山県","16208","砺波市","162080060000","新明","36.620093","136.977151","0","1"
"16","富山県","16208","砺波市","162080061000","杉木","36.650679","136.954766","0","1"
"16","富山県","16208","砺波市","162080062001","杉木一丁目","36.643693","136.951715","0","3"
"16","富山県","16208","砺波市","162080062002","杉木二丁目","36.646716","136.951878","0","3"
"16","富山県","16208","砺波市","162080062003","杉木三丁目","36.647203","136.954863","0","3"
"16","富山県","16208","砺波市","162080062004","杉木四丁目","36.645073","136.955156","0","3"
"16","富山県","16208","砺波市","162080062005","杉木五丁目","36.647124","136.956722","0","3"
"16","富山県","16208","砺波市","162080063000","芹谷","36.634971","137.033081","0","1"
"16","富山県","16208","砺波市","162080064000","千代","36.661364","136.969155","0","1"
"16","富山県","16208","砺波市","162080065000","千保","36.647911","136.981042","0","1"
"16","富山県","16208","砺波市","162080066000","祖泉","36.635941","136.985812","0","1"
"16","富山県","16208","砺波市","162080067000","高波","36.670500","136.944496","0","1"
"16","富山県","16208","砺波市","162080068000","鷹栖","36.626753","136.923353","0","1"
"16","富山県","16208","砺波市","162080069000","高道","36.638223","136.966878","0","1"
"16","富山県","16208","砺波市","162080070000","谷寺","36.602729","137.018260","0","1"
"16","富山県","16208","砺波市","162080071000","太郎丸","36.625502","136.959773","0","1"
"16","富山県","16208","砺波市","162080072001","太郎丸一丁目","36.632921","136.958980","0","3"
"16","富山県","16208","砺波市","162080072002","太郎丸二丁目","36.630251","136.961692","0","3"
"16","富山県","16208","砺波市","162080072003","太郎丸三丁目","36.628605","136.958677","0","3"
"16","富山県","16208","砺波市","162080073000","茶ノ木","36.622144","137.013991","0","1"
"16","富山県","16208","砺波市","162080074000","中央町","36.639257","136.953911","0","1"
"16","富山県","16208","砺波市","162080075000","坪野","36.633170","137.049654","0","1"
"16","富山県","16208","砺波市","162080076000","坪内","36.634152","136.968138","0","1"
"16","富山県","16208","砺波市","162080077000","出町中央","36.641125","136.955248","0","1"
"16","富山県","16208","砺波市","162080078000","寺尾","36.599216","137.023006","0","1"
"16","富山県","16208","砺波市","162080079000","徳万","36.636508","137.018219","0","1"
"16","富山県","16208","砺波市","162080080000","徳万新","36.636369","137.022024","0","1"
"16","富山県","16208","砺波市","162080081000","栃上","36.607696","137.039898","0","1"
"16","富山県","16208","砺波市","162080082000","栃上新","36.605006","137.044549","0","1"
"16","富山県","16208","砺波市","162080083000","となみ町","36.638283","136.959835","0","1"
"16","富山県","16208","砺波市","162080084000","中野","36.608232","136.982404","0","1"
"16","富山県","16208","砺波市","162080085000","中村","36.644746","136.964890","0","1"
"16","富山県","16208","砺波市","162080086000","鍋島","36.634016","136.962896","0","1"
"16","富山県","16208","砺波市","162080087000","西中","36.647483","136.919026","0","1"
"16","富山県","16208","砺波市","162080088000","苗加","36.619765","136.943183","0","1"
"16","富山県","16208","砺波市","162080089000","野村島","36.608959","136.944125","0","1"
"16","富山県","16208","砺波市","162080090000","八十歩","36.654738","137.014235","0","1"
"16","富山県","16208","砺波市","162080091000","花島","36.600061","136.955031","0","1"
"16","富山県","16208","砺波市","162080092000","花園町","36.639908","136.961740","0","1"
"16","富山県","16208","砺波市","162080093000","春日町","36.642660","136.957615","0","1"
"16","富山県","16208","砺波市","162080094000","東石丸","36.662758","136.983029","0","1"
"16","富山県","16208","砺波市","162080095000","東開発","36.650615","137.002020","0","1"
"16","富山県","16208","砺波市","162080096000","東幸町","36.635837","136.961578","0","1"
"16","富山県","16208","砺波市","162080097000","東中","36.664772","136.929182","0","1"
"16","富山県","16208","砺波市","162080098000","東別所","36.617357","137.048277","0","1"
"16","富山県","16208","砺波市","162080099000","東別所新","36.620718","137.038585","0","1"
"16","富山県","16208","砺波市","162080100000","東保","36.663466","137.021138","0","1"
"16","富山県","16208","砺波市","162080101000","久泉","36.635673","136.991530","0","1"
"16","富山県","16208","砺波市","162080102000","広上町","36.634054","136.946410","0","1"
"16","富山県","16208","砺波市","162080103000","深江","36.635833","136.942136","0","1"
"16","富山県","16208","砺波市","162080104001","深江一丁目","36.631592","136.950567","0","3"
"16","富山県","16208","砺波市","162080105000","福岡","36.643796","137.027741","0","1"
"16","富山県","16208","砺波市","162080106000","福山","36.623875","137.020413","0","1"
"16","富山県","16208","砺波市","162080107000","伏木谷","36.579564","137.022858","0","1"
"16","富山県","16208","砺波市","162080108000","平成町","36.634441","136.959879","0","1"
"16","富山県","16208","砺波市","162080109000","平和町","36.642352","136.952965","0","1"
"16","富山県","16208","砺波市","162080110000","堀内","36.649218","136.970130","0","1"
"16","富山県","16208","砺波市","162080111000","本町","36.637682","136.950068","0","1"
"16","富山県","16208","砺波市","162080112000","増山","36.654193","137.039436","0","1"
"16","富山県","16208","砺波市","162080113000","三合","36.631098","137.019389","0","1"
"16","富山県","16208","砺波市","162080114000","三合新","36.631870","137.023516","0","1"
"16","富山県","16208","砺波市","162080115000","三島町","36.633646","136.954046","0","1"
"16","富山県","16208","砺波市","162080116000","三谷","36.600917","137.028647","0","1"
"16","富山県","16208","砺波市","162080117000","宮沢町","36.642269","136.960079","0","1"
"16","富山県","16208","砺波市","162080118000","宮新","36.650027","137.027743","0","1"
"16","富山県","16208","砺波市","162080119000","宮丸","36.656359","136.966680","0","1"
"16","富山県","16208","砺波市","162080120000","宮村","36.644956","136.973310","0","1"
"16","富山県","16208","砺波市","162080121000","宮森","36.651296","137.020992","0","1"
"16","富山県","16208","砺波市","162080122000","宮森新","36.648599","137.024515","0","1"
"16","富山県","16208","砺波市","162080123000","本小林","36.665213","137.010012","0","1"
"16","富山県","16208","砺波市","162080124000","矢木","36.635281","136.976440","0","1"
"16","富山県","16208","砺波市","162080125000","安川","36.616144","137.013261","0","1"
"16","富山県","16208","砺波市","162080126000","八十島新","36.652968","137.009453","0","1"
"16","富山県","16208","砺波市","162080127000","柳瀬","36.641491","136.996010","0","1"
"16","富山県","16208","砺波市","162080128001","豊町一丁目","36.631483","136.953312","0","3"
"16","富山県","16208","砺波市","162080128002","豊町二丁目","36.628066","136.955650","0","3"
"16","富山県","16208","砺波市","162080129000","頼成","36.637824","137.011041","0","1"
"16","富山県","16208","砺波市","162080130000","頼成新","36.638703","137.026279","0","1"
"16","富山県","16208","砺波市","162080131000","鷹栖出","36.648502","136.936254","0","1"
"16","富山県","16208","砺波市","162080132000","中神","36.638591","136.943937","0","1"
"16","富山県","16208","砺波市","162080133000","永福町","36.637926","136.946000","0","1"
"16","富山県","16208","砺波市","162080134001","中神一丁目","36.641636","136.947660","0","3"
"16","富山県","16208","砺波市","162080134002","中神二丁目","36.643093","136.946457","0","3"
"16","富山県","16208","砺波市","162080134003","中神三丁目","36.644003","136.945769","0","3"
"16","富山県","16208","砺波市","162080134004","中神四丁目","36.640352","136.945152","0","3"
"16","富山県","16208","砺波市","162080134005","中神五丁目","36.642102","136.942512","0","3"
"16","富山県","16208","砺波市","162080135000","新富町","36.640004","136.949266","0","1"
"16","富山県","16208","砺波市","162080136000","林","36.651738","136.941903","0","1"
"16","富山県","16208","砺波市","162080137000","若草町","36.644306","136.948757","0","1"
"16","富山県","16209","小矢部市","162090001000","赤倉","36.658977","136.887375","0","1"
"16","富山県","16209","小矢部市","162090002000","浅地","36.635735","136.874679","0","1"
"16","富山県","16209","小矢部市","162090003000","荒間","36.713005","136.821934","0","1"
"16","富山県","16209","小矢部市","162090004000","安養寺","36.631275","136.869401","0","1"
"16","富山県","16209","小矢部市","162090005000","安楽寺","36.673516","136.840346","0","1"
"16","富山県","16209","小矢部市","162090006000","石王丸","36.692375","136.893627","0","1"
"16","富山県","16209","小矢部市","162090007000","石坂","36.657626","136.846841","0","1"
"16","富山県","16209","小矢部市","162090008001","今石動町一丁目","36.677101","136.876030","0","3"
"16","富山県","16209","小矢部市","162090008002","今石動町二丁目","36.674648","136.877310","0","3"
"16","富山県","16209","小矢部市","162090009000","岩尾滝","36.701355","136.820441","0","1"
"16","富山県","16209","小矢部市","162090010000","岩崎","36.699674","136.855324","0","1"
"16","富山県","16209","小矢部市","162090011000","岩武","36.623646","136.900453","0","1"
"16","富山県","16209","小矢部市","162090012000","宇治新","36.689467","136.888924","0","1"
"16","富山県","16209","小矢部市","162090013000","臼谷","36.611652","136.821591","0","1"
"16","富山県","16209","小矢部市","162090014000","内御堂","36.642980","136.894327","0","1"
"16","富山県","16209","小矢部市","162090015000","内山","36.617754","136.791673","0","1"
"16","富山県","16209","小矢部市","162090016000","上野本","36.675766","136.858121","0","1"
"16","富山県","16209","小矢部市","162090017000","小神","36.669963","136.879917","0","1"
"16","富山県","16209","小矢部市","162090018000","小矢部町","36.675771","136.871948","0","1"
"16","富山県","16209","小矢部市","162090019000","金屋本江","36.664814","136.899197","0","1"
"16","富山県","16209","小矢部市","162090020000","鴨島","36.614119","136.900263","0","1"
"16","富山県","16209","小矢部市","162090021000","嘉例谷","36.720105","136.804955","0","1"
"16","富山県","16209","小矢部市","162090022000","川開新","36.623909","136.824711","0","1"
"16","富山県","16209","小矢部市","162090023000","観音町","36.677812","136.863556","0","1"
"16","富山県","16209","小矢部市","162090024000","北一","36.641432","136.829941","0","1"
"16","富山県","16209","小矢部市","162090025000","北屋敷","36.721658","136.847806","0","1"
"16","富山県","16209","小矢部市","162090026000","経田","36.637754","136.885496","0","1"
"16","富山県","16209","小矢部市","162090027000","清沢","36.620001","136.894733","0","1"
"16","富山県","16209","小矢部市","162090028000","清原","36.706062","136.855756","0","1"
"16","富山県","16209","小矢部市","162090029000","久利須","36.733470","136.832434","0","1"
"16","富山県","16209","小矢部市","162090030000","興法寺","36.609770","136.884639","0","1"
"16","富山県","16209","小矢部市","162090031000","五社","36.683120","136.919788","0","1"
"16","富山県","16209","小矢部市","162090032000","胡麻島","36.646593","136.884728","0","1"
"16","富山県","16209","小矢部市","162090033000","小森谷","36.616291","136.846278","0","1"
"16","富山県","16209","小矢部市","162090034000","五郎丸","36.630398","136.813910","0","1"
"16","富山県","16209","小矢部市","162090035000","坂又","36.683771","136.885418","0","1"
"16","富山県","16209","小矢部市","162090036000","桜町","36.686704","136.862034","0","1"
"16","富山県","16209","小矢部市","162090037000","七社","36.675670","136.928553","0","1"
"16","富山県","16209","小矢部市","162090038000","渋江","36.640962","136.859585","0","1"
"16","富山県","16209","小矢部市","162090039000","島","36.659587","136.873536","0","1"
"16","富山県","16209","小矢部市","162090040000","清水","36.619228","136.904140","0","1"
"16","富山県","16209","小矢部市","162090041000","下川崎","36.607110","136.898661","0","1"
"16","富山県","16209","小矢部市","162090042000","下後亟","36.650901","136.903904","0","1"
"16","富山県","16209","小矢部市","162090043000","下島","36.653125","136.874905","0","1"
"16","富山県","16209","小矢部市","162090044000","下中","36.665820","136.909257","0","1"
"16","富山県","16209","小矢部市","162090045000","下屋敷","36.724448","136.854689","0","1"
"16","富山県","16209","小矢部市","162090046000","城山町","36.681942","136.860723","0","1"
"16","富山県","16209","小矢部市","162090047000","新富町","36.677313","136.871658","0","1"
"16","富山県","16209","小矢部市","162090048000","新西","36.628580","136.896002","0","1"
"16","富山県","16209","小矢部市","162090049000","末沢新","36.624687","136.822586","0","1"
"16","富山県","16209","小矢部市","162090050000","末友","36.618281","136.834826","0","1"
"16","富山県","16209","小矢部市","162090051000","菅ケ原","36.721425","136.836230","0","1"
"16","富山県","16209","小矢部市","162090052000","杉谷内","36.614558","136.854529","0","1"
"16","富山県","16209","小矢部市","162090053000","千石","36.709597","136.806094","0","1"
"16","富山県","16209","小矢部市","162090054000","高木","36.626987","136.882034","0","1"
"16","富山県","16209","小矢部市","162090055000","高木出","36.664851","136.883402","0","1"
"16","富山県","16209","小矢部市","162090056000","高坂","36.714211","136.852023","0","1"
"16","富山県","16209","小矢部市","162090057000","田川","36.705456","136.879070","0","1"
"16","富山県","16209","小矢部市","162090058000","棚田","36.638358","136.842700","0","1"
"16","富山県","16209","小矢部市","162090059000","谷坪野","36.693458","136.820859","0","1"
"16","富山県","16209","小矢部市","162090060000","中央町","36.676792","136.867435","0","1"
"16","富山県","16209","小矢部市","162090061000","長","36.647356","136.856209","0","1"
"16","富山県","16209","小矢部市","162090062000","津沢","36.622350","136.897224","0","1"
"16","富山県","16209","小矢部市","162090063001","津沢一丁目","36.625329","136.898081","0","3"
"16","富山県","16209","小矢部市","162090064000","峠","36.708179","136.830035","0","1"
"16","富山県","16209","小矢部市","162090065000","道坪野","36.684942","136.834447","0","1"
"16","富山県","16209","小矢部市","162090066000","道明","36.676076","136.913735","0","1"
"16","富山県","16209","小矢部市","162090067000","道林寺","36.649274","136.850363","0","1"
"16","富山県","16209","小矢部市","162090068000","戸久","36.615539","136.863423","0","1"
"16","富山県","16209","小矢部市","162090069000","茄子島","36.666566","136.872611","0","1"
"16","富山県","16209","小矢部市","162090070000","名畑","36.635353","136.861940","0","1"
"16","富山県","16209","小矢部市","162090071000","西川原","36.642131","136.880991","0","1"
"16","富山県","16209","小矢部市","162090072000","西町","36.675295","136.862587","0","1"
"16","富山県","16209","小矢部市","162090073000","西中","36.654410","136.910992","0","1"
"16","富山県","16209","小矢部市","162090074000","西中野","36.687923","136.878409","0","1"
"16","富山県","16209","小矢部市","162090075000","西島","36.631027","136.891498","0","1"
"16","富山県","16209","小矢部市","162090076000","西福町","36.681806","136.881058","0","1"
"16","富山県","16209","小矢部市","162090077000","二ノ滝","36.717566","136.847631","0","1"
"16","富山県","16209","小矢部市","162090078000","糠子島","36.699387","136.847596","0","1"
"16","富山県","16209","小矢部市","162090079000","野寺","36.664345","136.890790","0","1"
"16","富山県","16209","小矢部市","162090080000","蓮沼","36.655894","136.857628","0","1"
"16","富山県","16209","小矢部市","162090081000","畠中町","36.680236","136.872966","0","1"
"16","富山県","16209","小矢部市","162090082000","八伏","36.645131","136.804632","0","1"
"16","富山県","16209","小矢部市","162090083000","八講田","36.639364","136.813154","0","1"
"16","富山県","16209","小矢部市","162090084000","埴生","36.666517","136.838847","0","1"
"16","富山県","16209","小矢部市","162090085000","原牧","36.712767","136.860479","0","1"
"16","富山県","16209","小矢部市","162090086000","東福町","36.678605","136.885250","0","1"
"16","富山県","16209","小矢部市","162090087000","平桜","36.628423","136.845816","0","1"
"16","富山県","16209","小矢部市","162090088000","平田","36.639808","136.849725","0","1"
"16","富山県","16209","小矢部市","162090089000","福上","36.647465","136.877514","0","1"
"16","富山県","16209","小矢部市","162090090000","福久","36.670816","136.873510","0","1"
"16","富山県","16209","小矢部市","162090091000","藤森","36.634136","136.856023","0","1"
"16","富山県","16209","小矢部市","162090092000","フロンティアパーク","36.627621","136.820285","0","1"
"16","富山県","16209","小矢部市","162090093000","別所滝","36.707753","136.850989","0","1"
"16","富山県","16209","小矢部市","162090094000","法楽寺","36.700049","136.867891","0","1"
"16","富山県","16209","小矢部市","162090095000","松尾","36.646448","136.837046","0","1"
"16","富山県","16209","小矢部市","162090096000","松永","36.654314","136.837215","0","1"
"16","富山県","16209","小矢部市","162090097000","水落","36.674107","136.906395","0","1"
"16","富山県","16209","小矢部市","162090098000","水島","36.637161","136.906891","0","1"
"16","富山県","16209","小矢部市","162090099000","水牧","36.671042","136.890402","0","1"
"16","富山県","16209","小矢部市","162090100000","嶺","36.703974","136.861292","0","1"
"16","富山県","16209","小矢部市","162090101000","峯坪野","36.687759","136.827259","0","1"
"16","富山県","16209","小矢部市","162090102000","蓑輪","36.618573","136.885379","0","1"
"16","富山県","16209","小矢部市","162090103000","宮須","36.696141","136.863648","0","1"
"16","富山県","16209","小矢部市","162090104000","宮中","36.693089","136.858697","0","1"
"16","富山県","16209","小矢部市","162090105000","名ケ滝","36.716621","136.834433","0","1"
"16","富山県","16209","小矢部市","162090106000","メルヘンランド","36.660799","136.848848","0","1"
"16","富山県","16209","小矢部市","162090107000","森屋","36.727203","136.842731","0","1"
"16","富山県","16209","小矢部市","162090108000","矢水町","36.655261","136.866659","0","1"
"16","富山県","16209","小矢部市","162090109000","八和町","36.681719","136.868405","0","1"
"16","富山県","16209","小矢部市","162090110000","柳原","36.680243","136.901694","0","1"
"16","富山県","16209","小矢部市","162090111000","矢波","36.695343","136.848813","0","1"
"16","富山県","16209","小矢部市","162090112000","屋波牧","36.690854","136.848683","0","1"
"16","富山県","16209","小矢部市","162090113000","横谷","36.691647","136.864132","0","1"
"16","富山県","16209","小矢部市","162090114000","了輪","36.707096","136.841632","0","1"
"16","富山県","16209","小矢部市","162090115000","六郎谷","36.721278","136.866161","0","1"
"16","富山県","16209","小矢部市","162090116000","論田","36.699635","136.827398","0","1"
"16","富山県","16209","小矢部市","162090117000","和沢","36.653101","136.885336","0","1"
"16","富山県","16209","小矢部市","162090118000","鷲島","36.661225","136.879137","0","1"
"16","富山県","16209","小矢部市","162090119000","石名田","36.685875","136.907793","0","1"
"16","富山県","16209","小矢部市","162090120000","岡","36.696345","136.902655","0","1"
"16","富山県","16209","小矢部市","162090121000","地崎","36.689764","136.903849","0","1"
"16","富山県","16209","小矢部市","162090122000","芹川","36.681534","136.894239","0","1"
"16","富山県","16209","小矢部市","162090123000","本町","36.674429","136.868290","0","1"
"16","富山県","16209","小矢部市","162090124000","泉町","36.672693","136.870456","0","1"
"16","富山県","16209","小矢部市","162090125000","石動町","36.672959","136.864077","0","1"
"16","富山県","16209","小矢部市","162090126000","後谷","36.676395","136.853794","0","1"
"16","富山県","16209","小矢部市","162090127000","野端","36.670779","136.856912","0","1"
"16","富山県","16209","小矢部市","162090128000","綾子","36.666327","136.863257","0","1"
"16","富山県","16209","小矢部市","162090129000","今石動町","36.677956","136.860013","0","1"
"16","富山県","16210","南砺市","162100001000","相倉","36.430688","136.914051","0","1"
"16","富山県","16210","南砺市","162100002000","赤坂","36.527052","136.882979","0","1"
"16","富山県","16210","南砺市","162100003000","安室","36.588195","136.950494","0","1"
"16","富山県","16210","南砺市","162100004000","遊部","36.569130","136.883969","0","1"
"16","富山県","16210","南砺市","162100005000","遊部川原","36.569545","136.879225","0","1"
"16","富山県","16210","南砺市","162100006000","新屋","36.386028","136.883855","0","1"
"16","富山県","16210","南砺市","162100007000","天池","36.536936","136.886653","0","1"
"16","富山県","16210","南砺市","162100008000","天池出","36.531029","136.856590","0","1"
"16","富山県","16210","南砺市","162100009000","雨潜","36.569660","136.931866","0","1"
"16","富山県","16210","南砺市","162100010000","荒木","36.554572","136.881619","0","1"
"16","富山県","16210","南砺市","162100011000","荒見崎","36.556847","136.897720","0","1"
"16","富山県","16210","南砺市","162100012000","在房","36.568969","136.909919","0","1"
"16","富山県","16210","南砺市","162100013000","池田","36.540772","136.939206","0","1"
"16","富山県","16210","南砺市","162100014000","池尻","36.548098","136.928607","0","1"
"16","富山県","16210","南砺市","162100015000","石田","36.570144","136.922442","0","1"
"16","富山県","16210","南砺市","162100016000","和泉","36.575803","136.877068","0","1"
"16","富山県","16210","南砺市","162100017000","泉沢","36.503557","136.897471","0","1"
"16","富山県","16210","南砺市","162100018000","院瀬見","36.540436","136.948506","0","1"
"16","富山県","16210","南砺市","162100019000","糸谷新","36.520657","136.822613","0","1"
"16","富山県","16210","南砺市","162100020000","井波","36.564027","136.976725","0","1"
"16","富山県","16210","南砺市","162100021000","井波軸屋","36.585493","136.942895","0","1"
"16","富山県","16210","南砺市","162100022000","井波外二ケ村入会地","36.554400","136.976565","0","1"
"16","富山県","16210","南砺市","162100023000","井波外四ケ村入会地","36.549274","136.983458","0","1"
"16","富山県","16210","南砺市","162100024000","井波外五ケ村入会地","36.555965","136.984902","0","1"
"16","富山県","16210","南砺市","162100025000","井口","36.538847","136.924930","0","1"
"16","富山県","16210","南砺市","162100026000","猪谷","36.383727","136.924243","0","1"
"16","富山県","16210","南砺市","162100027000","今里","36.558356","136.954152","0","1"
"16","富山県","16210","南砺市","162100028000","入谷","36.451292","136.988963","0","1"
"16","富山県","16210","南砺市","162100029000","岩木","36.585886","136.872198","0","1"
"16","富山県","16210","南砺市","162100030000","岩武新","36.608309","136.920733","0","1"
"16","富山県","16210","南砺市","162100031000","岩屋","36.580358","136.960738","0","1"
"16","富山県","16210","南砺市","162100032000","岩安","36.590207","136.880772","0","1"
"16","富山県","16210","南砺市","162100033000","院林","36.586554","136.907103","0","1"
"16","富山県","16210","南砺市","162100034000","上田","36.456726","136.888151","0","1"
"16","富山県","16210","南砺市","162100035000","上野","36.595301","136.942122","0","1"
"16","富山県","16210","南砺市","162100036000","臼中","36.458464","136.850690","0","1"
"16","富山県","16210","南砺市","162100037000","打尾","36.496626","136.902046","0","1"
"16","富山県","16210","南砺市","162100038000","打越","36.356087","136.835467","0","1"
"16","富山県","16210","南砺市","162100039000","梅ケ島","36.584678","136.898347","0","1"
"16","富山県","16210","南砺市","162100040000","梅野","36.541553","136.903521","0","1"
"16","富山県","16210","南砺市","162100041000","梅原","36.561450","136.901664","0","1"
"16","富山県","16210","南砺市","162100042000","漆谷","36.402718","136.868447","0","1"
"16","富山県","16210","南砺市","162100043000","上見","36.494046","136.883373","0","1"
"16","富山県","16210","南砺市","162100044000","江田","36.565675","136.927637","0","1"
"16","富山県","16210","南砺市","162100045000","大崩島","36.460570","136.982524","0","1"
"16","富山県","16210","南砺市","162100046000","大窪","36.533980","136.897458","0","1"
"16","富山県","16210","南砺市","162100047000","大島","36.410611","136.953439","0","1"
"16","富山県","16210","南砺市","162100048000","大谷","36.541701","136.974023","0","1"
"16","富山県","16210","南砺市","162100049000","大塚","36.538479","136.892095","0","1"
"16","富山県","16210","南砺市","162100050000","大寺","36.529855","136.967189","0","1"
"16","富山県","16210","南砺市","162100051000","大西","36.522622","136.878544","0","1"
"16","富山県","16210","南砺市","162100052000","大宮野","36.509784","136.904275","0","1"
"16","富山県","16210","南砺市","162100053000","大宮野新","36.510655","136.890930","0","1"
"16","富山県","16210","南砺市","162100054000","大鋸屋","36.479339","136.898011","0","1"
"16","富山県","16210","南砺市","162100055000","沖","36.552753","136.948105","0","1"
"16","富山県","16210","南砺市","162100056000","小瀬","36.419008","136.873500","0","1"
"16","富山県","16210","南砺市","162100057000","小原","36.384739","136.909380","0","1"
"16","富山県","16210","南砺市","162100058000","小又","36.565337","136.814880","0","1"
"16","富山県","16210","南砺市","162100059000","開発","36.555110","136.860415","0","1"
"16","富山県","16210","南砺市","162100060000","皆葎","36.404885","136.920801","0","1"
"16","富山県","16210","南砺市","162100061000","篭渡","36.413652","136.967508","0","1"
"16","富山県","16210","南砺市","162100062000","桂","36.324808","136.813777","0","1"
"16","富山県","16210","南砺市","162100063000","金戸","36.515858","136.893838","0","1"
"16","富山県","16210","南砺市","162100064000","上川崎","36.597416","136.896107","0","1"
"16","富山県","16210","南砺市","162100065000","上平細島","36.392363","136.896107","0","1"
"16","富山県","16210","南砺市","162100066000","上中田","36.390908","136.883238","0","1"
"16","富山県","16210","南砺市","162100067000","上梨","36.419924","136.912506","0","1"
"16","富山県","16210","南砺市","162100068000","上原","36.493355","136.873058","0","1"
"16","富山県","16210","南砺市","162100069000","上広安","36.544712","136.920076","0","1"
"16","富山県","16210","南砺市","162100070000","上松尾","36.448350","136.956424","0","1"
"16","富山県","16210","南砺市","162100071000","上三日市","36.588150","136.917126","0","1"
"16","富山県","16210","南砺市","162100072000","川上中","36.526871","136.939603","0","1"
"16","富山県","16210","南砺市","162100073000","川西","36.577201","136.859621","0","1"
"16","富山県","16210","南砺市","162100074000","川除新","36.602894","136.943835","0","1"
"16","富山県","16210","南砺市","162100075000","川原崎","36.555361","136.955322","0","1"
"16","富山県","16210","南砺市","162100076000","北市","36.562400","136.947066","0","1"
"16","富山県","16210","南砺市","162100077000","北川","36.569883","136.971766","0","1"
"16","富山県","16210","南砺市","162100078000","北野","36.525487","136.921641","0","1"
"16","富山県","16210","南砺市","162100079000","経塚野","36.517785","136.883471","0","1"
"16","富山県","16210","南砺市","162100080000","桐木","36.581394","136.884694","0","1"
"16","富山県","16210","南砺市","162100081000","国広","36.520803","136.886658","0","1"
"16","富山県","16210","南砺市","162100082000","久保","36.547488","136.935274","0","1"
"16","富山県","16210","南砺市","162100083000","蔵原","36.585659","136.833956","0","1"
"16","富山県","16210","南砺市","162100084000","来栖","36.435305","136.936424","0","1"
"16","富山県","16210","南砺市","162100085000","小院瀬見","36.493526","136.817435","0","1"
"16","富山県","16210","南砺市","162100086000","香城寺","36.527720","136.821814","0","1"
"16","富山県","16210","南砺市","162100087000","楮","36.363151","136.889543","0","1"
"16","富山県","16210","南砺市","162100088000","小来栖","36.442101","136.940820","0","1"
"16","富山県","16210","南砺市","162100089000","小坂","36.539058","136.858509","0","1"
"16","富山県","16210","南砺市","162100090000","小林","36.548512","136.881438","0","1"
"16","富山県","16210","南砺市","162100091000","小二又","36.512485","136.833246","0","1"
"16","富山県","16210","南砺市","162100092000","小山","36.548177","136.835612","0","1"
"16","富山県","16210","南砺市","162100093000","五領","36.559397","136.959899","0","1"
"16","富山県","16210","南砺市","162100094000","是安","36.526477","136.903482","0","1"
"16","富山県","16210","南砺市","162100095000","才川七","36.512235","136.810780","0","1"
"16","富山県","16210","南砺市","162100096000","西明","36.503054","136.939401","0","1"
"16","富山県","16210","南砺市","162100097000","坂本","36.558606","136.839512","0","1"
"16","富山県","16210","南砺市","162100098000","三清西","36.566031","136.933783","0","1"
"16","富山県","16210","南砺市","162100099000","三清東","36.557234","136.940633","0","1"
"16","富山県","16210","南砺市","162100100000","志観寺","36.555022","136.970424","0","1"
"16","富山県","16210","南砺市","162100101000","寺家","36.583525","136.914127","0","1"
"16","富山県","16210","南砺市","162100102000","寺家新屋敷","36.592537","136.915449","0","1"
"16","富山県","16210","南砺市","162100103000","下島","36.394137","136.870263","0","1"
"16","富山県","16210","南砺市","162100104000","下野","36.549786","136.888114","0","1"
"16","富山県","16210","南砺市","162100105000","一日市","36.558096","136.891031","0","1"
"16","富山県","16210","南砺市","162100106000","柴田屋","36.595293","136.908526","0","1"
"16","富山県","16210","南砺市","162100107000","清水明","36.588858","136.961533","0","1"
"16","富山県","16210","南砺市","162100108000","示野","36.511287","136.891293","0","1"
"16","富山県","16210","南砺市","162100109000","下出","36.400457","136.973164","0","1"
"16","富山県","16210","南砺市","162100110000","下梨","36.443126","136.963100","0","1"
"16","富山県","16210","南砺市","162100111000","下吉江","36.575699","136.897357","0","1"
"16","富山県","16210","南砺市","162100112000","蛇喰","36.535822","136.938314","0","1"
"16","富山県","16210","南砺市","162100113000","城","36.475613","136.974295","0","1"
"16","富山県","16210","南砺市","162100114000","障子倉","36.483985","136.976119","0","1"
"16","富山県","16210","南砺市","162100115000","上津","36.605475","136.904592","0","1"
"16","富山県","16210","南砺市","162100116000","城端","36.513478","136.900353","0","1"
"16","富山県","16210","南砺市","162100117000","神宮寺","36.547848","136.884706","0","1"
"16","富山県","16210","南砺市","162100118000","新邸","36.568500","136.894250","0","1"
"16","富山県","16210","南砺市","162100119000","菅沼","36.399578","136.886868","0","1"
"16","富山県","16210","南砺市","162100120000","寿川","36.458708","136.993063","0","1"
"16","富山県","16210","南砺市","162100121000","杉尾","36.474569","136.958839","0","1"
"16","富山県","16210","南砺市","162100122000","杉谷","36.548348","137.002189","0","1"
"16","富山県","16210","南砺市","162100123000","砂子谷","36.594815","136.810323","0","1"
"16","富山県","16210","南砺市","162100124000","清玄寺","36.549918","136.964673","0","1"
"16","富山県","16210","南砺市","162100125000","瀬戸","36.476909","136.883311","0","1"
"16","富山県","16210","南砺市","162100126000","専勝寺","36.592873","136.953320","0","1"
"16","富山県","16210","南砺市","162100127000","千福","36.510410","136.884991","0","1"
"16","富山県","16210","南砺市","162100128000","千福新","36.510692","136.889083","0","1"
"16","富山県","16210","南砺市","162100129000","祖谷","36.534806","136.817768","0","1"
"16","富山県","16210","南砺市","162100130000","祖山","36.482067","136.993927","0","1"
"16","富山県","16210","南砺市","162100131000","高儀","36.601203","136.931803","0","1"
"16","富山県","16210","南砺市","162100132000","高窪","36.597618","136.795143","0","1"
"16","富山県","16210","南砺市","162100133000","高瀬","36.570510","136.949109","0","1"
"16","富山県","16210","南砺市","162100134000","高草嶺","36.444875","136.990496","0","1"
"16","富山県","16210","南砺市","162100135000","高堀","36.599930","136.946107","0","1"
"16","富山県","16210","南砺市","162100136000","高宮","36.545521","136.873123","0","1"
"16","富山県","16210","南砺市","162100137000","高屋","36.595946","136.956449","0","1"
"16","富山県","16210","南砺市","162100138000","竹内","36.549112","136.856918","0","1"
"16","富山県","16210","南砺市","162100139000","竹林","36.546586","136.891793","0","1"
"16","富山県","16210","南砺市","162100140000","田尻","36.455052","136.870592","0","1"
"16","富山県","16210","南砺市","162100141000","田代","36.447809","136.945629","0","1"
"16","富山県","16210","南砺市","162100142000","舘","36.541555","136.832932","0","1"
"16","富山県","16210","南砺市","162100143000","立野原西","36.511795","136.869484","0","1"
"16","富山県","16210","南砺市","162100144000","立野原東","36.508794","136.877103","0","1"
"16","富山県","16210","南砺市","162100145000","立野脇","36.482038","136.820032","0","1"
"16","富山県","16210","南砺市","162100146000","田中","36.562067","136.888384","0","1"
"16","富山県","16210","南砺市","162100147000","谷","36.553747","136.960383","0","1"
"16","富山県","16210","南砺市","162100148000","田下","36.397072","136.881409","0","1"
"16","富山県","16210","南砺市","162100149000","田向","36.380037","136.945854","0","1"
"16","富山県","16210","南砺市","162100150000","田屋","36.559370","136.922354","0","1"
"16","富山県","16210","南砺市","162100151000","長源寺","36.602476","136.939117","0","1"
"16","富山県","16210","南砺市","162100152000","綱掛","36.489800","136.831401","0","1"
"16","富山県","16210","南砺市","162100153000","坪野","36.572136","136.966015","0","1"
"16","富山県","16210","南砺市","162100154000","出村","36.532563","136.881254","0","1"
"16","富山県","16210","南砺市","162100155000","天神","36.547955","136.865361","0","1"
"16","富山県","16210","南砺市","162100156000","戸板","36.561786","136.956125","0","1"
"16","富山県","16210","南砺市","162100157000","東城寺","36.548082","136.957610","0","1"
"16","富山県","16210","南砺市","162100158000","塔尾","36.499904","136.881035","0","1"
"16","富山県","16210","南砺市","162100159000","刀利","36.422242","136.812155","0","1"
"16","富山県","16210","南砺市","162100160000","利賀村","36.460692","137.020731","0","1"
"16","富山県","16210","南砺市","162100161000","利賀村阿別当","36.404119","137.011847","0","1"
"16","富山県","16210","南砺市","162100162000","利賀村新山","36.497112","136.974449","0","1"
"16","富山県","16210","南砺市","162100163000","利賀村岩渕","36.447627","137.022042","0","1"
"16","富山県","16210","南砺市","162100164000","利賀村上畠","36.435050","137.010435","0","1"
"16","富山県","16210","南砺市","162100165000","利賀村大牧","36.502987","137.003506","0","1"
"16","富山県","16210","南砺市","162100166000","利賀村大豆谷","36.467236","137.031869","0","1"
"16","富山県","16210","南砺市","162100167000","利賀村押場","36.480491","137.019057","0","1"
"16","富山県","16210","南砺市","162100168000","利賀村上百瀬","36.395283","137.037205","0","1"
"16","富山県","16210","南砺市","162100169000","利賀村北島","36.448006","137.011827","0","1"
"16","富山県","16210","南砺市","162100170000","利賀村北原","36.533558","136.997856","0","1"
"16","富山県","16210","南砺市","162100171000","利賀村北豆谷","36.481609","137.036182","0","1"
"16","富山県","16210","南砺市","162100172000","利賀村栗当","36.534596","137.023790","0","1"
"16","富山県","16210","南砺市","162100173000","利賀村坂上","36.424051","137.010744","0","1"
"16","富山県","16210","南砺市","162100174000","利賀村下原","36.535597","136.987451","0","1"
"16","富山県","16210","南砺市","162100175000","利賀村仙野原","36.519209","137.015409","0","1"
"16","富山県","16210","南砺市","162100176000","利賀村草嶺","36.493186","137.023109","0","1"
"16","富山県","16210","南砺市","162100177000","利賀村大勘場","36.377459","136.992876","0","1"
"16","富山県","16210","南砺市","162100178000","利賀村高沼","36.513287","137.027342","0","1"
"16","富山県","16210","南砺市","162100179000","利賀村栃原","36.516701","136.979045","0","1"
"16","富山県","16210","南砺市","162100180000","利賀村長崎","36.515863","136.998493","0","1"
"16","富山県","16210","南砺市","162100181000","利賀村細島","36.444072","137.004914","0","1"
"16","富山県","16210","南砺市","162100182000","利賀村水無","36.323698","136.987475","0","1"
"16","富山県","16210","南砺市","162100183000","利賀村百瀬川","36.471745","137.051062","0","1"
"16","富山県","16210","南砺市","162100184000","利屋","36.589957","136.945651","0","1"
"16","富山県","16210","南砺市","162100185000","徳成","36.542980","136.912352","0","1"
"16","富山県","16210","南砺市","162100186000","殿","36.535860","136.864216","0","1"
"16","富山県","16210","南砺市","162100187000","利波河","36.542518","136.916810","0","1"
"16","富山県","16210","南砺市","162100188000","渡原","36.467060","136.941373","0","1"
"16","富山県","16210","南砺市","162100189000","土山","36.581130","136.802493","0","1"
"16","富山県","16210","南砺市","162100190000","中尾","36.500034","136.887476","0","1"
"16","富山県","16210","南砺市","162100191000","中ノ江","36.566020","136.863960","0","1"
"16","富山県","16210","南砺市","162100192000","中畑","36.432392","136.932545","0","1"
"16","富山県","16210","南砺市","162100193000","梨谷","36.452069","136.930379","0","1"
"16","富山県","16210","南砺市","162100194000","夏焼","36.431654","136.986106","0","1"
"16","富山県","16210","南砺市","162100195000","七曲","36.499219","136.857668","0","1"
"16","富山県","16210","南砺市","162100196000","七村","36.592912","136.859245","0","1"
"16","富山県","16210","南砺市","162100197000","成出","36.350148","136.882555","0","1"
"16","富山県","16210","南砺市","162100198000","縄蔵","36.532323","136.885939","0","1"
"16","富山県","16210","南砺市","162100199000","西赤尾町","36.383420","136.851164","0","1"
"16","富山県","16210","南砺市","162100200000","西原","36.492771","136.866267","0","1"
"16","富山県","16210","南砺市","162100201000","年代","36.588825","136.937673","0","1"
"16","富山県","16210","南砺市","162100202000","野口","36.507327","136.890712","0","1"
"16","富山県","16210","南砺市","162100203000","苗島","36.586684","136.929784","0","1"
"16","富山県","16210","南砺市","162100204000","野尻","36.604250","136.917388","0","1"
"16","富山県","16210","南砺市","162100205000","野尻野","36.594534","136.935298","0","1"
"16","富山県","16210","南砺市","162100206000","野新","36.580532","136.935236","0","1"
"16","富山県","16210","南砺市","162100207000","野田","36.520175","136.898063","0","1"
"16","富山県","16210","南砺市","162100208000","野能原","36.577525","136.949668","0","1"
"16","富山県","16210","南砺市","162100209000","野原","36.571685","136.935830","0","1"
"16","富山県","16210","南砺市","162100210000","信末","36.535559","136.908882","0","1"
"16","富山県","16210","南砺市","162100211000","能美","36.573295","136.796739","0","1"
"16","富山県","16210","南砺市","162100212000","八幡","36.566531","136.876009","0","1"
"16","富山県","16210","南砺市","162100213000","土生","36.505589","136.810443","0","1"
"16","富山県","16210","南砺市","162100214000","土生新","36.514567","136.858444","0","1"
"16","富山県","16210","南砺市","162100215000","晩田","36.593038","136.897623","0","1"
"16","富山県","16210","南砺市","162100216000","東赤尾","36.375467","136.891937","0","1"
"16","富山県","16210","南砺市","162100217000","東石田","36.567390","136.924540","0","1"
"16","富山県","16210","南砺市","162100218000","東中江","36.444844","136.971629","0","1"
"16","富山県","16210","南砺市","162100219000","東西原","36.507993","136.945032","0","1"
"16","富山県","16210","南砺市","162100220000","久戸","36.564373","136.910123","0","1"
"16","富山県","16210","南砺市","162100221000","飛騨屋","36.583545","136.953448","0","1"
"16","富山県","16210","南砺市","162100222000","人母","36.608376","136.805116","0","1"
"16","富山県","16210","南砺市","162100223000","樋瀬戸","36.483020","136.844050","0","1"
"16","富山県","16210","南砺市","162100224000","百町","36.589695","136.931771","0","1"
"16","富山県","16210","南砺市","162100225000","広谷","36.527482","136.841053","0","1"
"16","富山県","16210","南砺市","162100226000","広安","36.567797","136.917156","0","1"
"16","富山県","16210","南砺市","162100227000","福野","36.590669","136.923176","0","1"
"16","富山県","16210","南砺市","162100228000","福野軸屋","36.583705","136.940426","0","1"
"16","富山県","16210","南砺市","162100229000","福光","36.559973","136.867121","0","1"
"16","富山県","16210","南砺市","162100230000","福光新町","36.556865","136.871987","0","1"
"16","富山県","16210","南砺市","162100231000","藤橋","36.558701","136.970385","0","1"
"16","富山県","16210","南砺市","162100232000","二日町","36.598257","136.921005","0","1"
"16","富山県","16210","南砺市","162100233000","太美","36.501268","136.844328","0","1"
"16","富山県","16210","南砺市","162100234000","太美舘","36.491692","136.844986","0","1"
"16","富山県","16210","南砺市","162100235000","法林寺","36.569646","136.843141","0","1"
"16","富山県","16210","南砺市","162100236000","細木","36.527501","136.893794","0","1"
"16","富山県","16210","南砺市","162100237000","細野","36.509473","136.925481","0","1"
"16","富山県","16210","南砺市","162100238000","布袋","36.579608","136.893612","0","1"
"16","富山県","16210","南砺市","162100239000","本江","36.615048","136.913202","0","1"
"16","富山県","16210","南砺市","162100240001","本町一丁目","36.562036","136.970178","0","3"
"16","富山県","16210","南砺市","162100240002","本町二丁目","36.563105","136.969789","0","3"
"16","富山県","16210","南砺市","162100240003","本町三丁目","36.564297","136.969828","0","3"
"16","富山県","16210","南砺市","162100240004","本町四丁目","36.566444","136.970016","0","3"
"16","富山県","16210","南砺市","162100241000","前田","36.589994","136.891659","0","1"
"16","富山県","16210","南砺市","162100242000","真木","36.374355","136.876323","0","1"
"16","富山県","16210","南砺市","162100243000","正谷","36.482455","136.930470","0","1"
"16","富山県","16210","南砺市","162100244000","松島","36.558611","136.976306","0","1"
"16","富山県","16210","南砺市","162100245000","松木","36.570281","136.874379","0","1"
"16","富山県","16210","南砺市","162100246000","松原","36.595274","136.929344","0","1"
"16","富山県","16210","南砺市","162100247000","松原新","36.589222","136.919393","0","1"
"16","富山県","16210","南砺市","162100248000","見座","36.425323","136.939746","0","1"
"16","富山県","16210","南砺市","162100249000","三ツ屋","36.582604","136.891464","0","1"
"16","富山県","16210","南砺市","162100250000","蓑谷","36.498607","136.924632","0","1"
"16","富山県","16210","南砺市","162100251000","宮後","36.547593","136.923466","0","1"
"16","富山県","16210","南砺市","162100252000","葎島","36.409442","136.907101","0","1"
"16","富山県","16210","南砺市","162100253000","森","36.576789","136.888942","0","1"
"16","富山県","16210","南砺市","162100254000","森清","36.557546","136.933833","0","1"
"16","富山県","16210","南砺市","162100255000","盛新","36.490595","136.890128","0","1"
"16","富山県","16210","南砺市","162100256000","やかた","36.591108","136.917924","0","1"
"16","富山県","16210","南砺市","162100257000","焼野","36.579245","136.941666","0","1"
"16","富山県","16210","南砺市","162100258000","安居","36.596377","136.881731","0","1"
"16","富山県","16210","南砺市","162100259000","安清","36.558068","136.928875","0","1"
"16","富山県","16210","南砺市","162100260000","八塚","36.579087","136.923986","0","1"
"16","富山県","16210","南砺市","162100261000","山下","36.563924","136.971413","0","1"
"16","富山県","16210","南砺市","162100262000","山田","36.530848","136.890731","0","1"
"16","富山県","16210","南砺市","162100263000","山斐","36.579018","136.967382","0","1"
"16","富山県","16210","南砺市","162100264000","山見","36.561698","136.964271","0","1"
"16","富山県","16210","南砺市","162100265000","山本","36.553051","136.828510","0","1"
"16","富山県","16210","南砺市","162100266000","湯谷","36.578126","136.820864","0","1"
"16","富山県","16210","南砺市","162100267000","吉江中","36.570882","136.890857","0","1"
"16","富山県","16210","南砺市","162100268000","吉江野","36.539950","136.879981","0","1"
"16","富山県","16210","南砺市","162100269000","吉見","36.478811","136.831805","0","1"
"16","富山県","16210","南砺市","162100270000","嫁兼","36.503674","136.852817","0","1"
"16","富山県","16210","南砺市","162100271000","理休","36.511174","136.908245","0","1"
"16","富山県","16210","南砺市","162100272000","林道","36.476102","136.917623","0","1"
"16","富山県","16210","南砺市","162100273000","連代寺","36.551587","136.966440","0","1"
"16","富山県","16210","南砺市","162100274000","神成","36.560103","136.912860","0","1"
"16","富山県","16210","南砺市","162100275000","宗守","36.556796","136.906474","0","1"
"16","富山県","16210","南砺市","162100276000","高畠","36.554664","136.914734","0","1"
"16","富山県","16210","南砺市","162100277000","東殿","36.549034","136.914168","0","1"
"16","富山県","16210","南砺市","162100278000","鍛治","36.547512","136.904234","0","1"
"16","富山県","16211","射水市","162110001000","青井谷","36.676826","137.066661","0","1"
"16","富山県","16211","射水市","162110002001","あおば台一丁目","36.718116","137.052174","0","3"
"16","富山県","16211","射水市","162110002002","あおば台二丁目","36.717888","137.051587","0","3"
"16","富山県","16211","射水市","162110003000","赤井","36.727352","137.068045","0","1"
"16","富山県","16211","射水市","162110004001","足洗新町一丁目","36.758652","137.167643","0","3"
"16","富山県","16211","射水市","162110005000","荒町","36.696008","137.049148","0","1"
"16","富山県","16211","射水市","162110006001","有磯一丁目","36.762533","137.142470","0","3"
"16","富山県","16211","射水市","162110006002","有磯二丁目","36.759086","137.149903","0","3"
"16","富山県","16211","射水市","162110007000","池多","36.690105","137.103865","0","1"
"16","富山県","16211","射水市","162110008000","一条","36.712775","137.088446","0","1"
"16","富山県","16211","射水市","162110009000","市井","36.706284","137.055267","0","1"
"16","富山県","16211","射水市","162110010000","稲積","36.739127","137.107162","0","1"
"16","富山県","16211","射水市","162110011000","今井","36.737637","137.087833","0","1"
"16","富山県","16211","射水市","162110012000","今開発","36.730724","137.091792","0","1"
"16","富山県","16211","射水市","162110013001","射水町一丁目","36.768749","137.123750","0","3"
"16","富山県","16211","射水市","162110013002","射水町二丁目","36.768737","137.127348","0","3"
"16","富山県","16211","射水市","162110014000","犬内","36.738214","137.046980","0","1"
"16","富山県","16211","射水市","162110015000","梅木","36.683380","137.044923","0","1"
"16","富山県","16211","射水市","162110016000","海老江","36.766848","137.145785","0","1"
"16","富山県","16211","射水市","162110017000","海老江七軒","36.757254","137.154986","0","1"
"16","富山県","16211","射水市","162110018000","海老江練合","36.759703","137.159528","0","1"
"16","富山県","16211","射水市","162110019000","海老江浜開","36.768148","137.138803","0","1"
"16","富山県","16211","射水市","162110020000","大江","36.732103","137.114396","0","1"
"16","富山県","16211","射水市","162110021000","大島北野","36.746076","137.049066","0","1"
"16","富山県","16211","射水市","162110022000","沖","36.737598","137.096394","0","1"
"16","富山県","16211","射水市","162110023000","沖塚原","36.750901","137.072663","0","1"
"16","富山県","16211","射水市","162110024000","海王町","36.780804","137.105892","0","1"
"16","富山県","16211","射水市","162110025000","開口","36.711592","137.056914","0","1"
"16","富山県","16211","射水市","162110026000","海竜新町","36.771338","137.135544","0","1"
"16","富山県","16211","射水市","162110027000","海竜町","36.774858","137.128098","0","1"
"16","富山県","16211","射水市","162110028000","鏡宮","36.752385","137.083277","0","1"
"16","富山県","16211","射水市","162110029001","鏡宮弥生一丁目","36.758725","137.084508","0","3"
"16","富山県","16211","射水市","162110029002","鏡宮弥生二丁目","36.757089","137.083906","0","3"
"16","富山県","16211","射水市","162110030000","片口","36.760898","137.116497","0","1"
"16","富山県","16211","射水市","162110031000","片口久々江","36.744219","137.117932","0","1"
"16","富山県","16211","射水市","162110032000","片口高場","36.751160","137.115245","0","1"
"16","富山県","16211","射水市","162110033000","加茂西部","36.739848","137.139853","0","1"
"16","富山県","16211","射水市","162110034000","加茂中部","36.742916","137.148912","0","1"
"16","富山県","16211","射水市","162110035000","加茂東部","36.749711","137.152589","0","1"
"16","富山県","16211","射水市","162110036000","かもめ台","36.757511","137.176093","0","1"
"16","富山県","16211","射水市","162110037000","北高木","36.742105","137.070444","0","1"
"16","富山県","16211","射水市","162110038000","北野","36.733155","137.054078","0","1"
"16","富山県","16211","射水市","162110039000","久々湊","36.756800","137.098081","0","1"
"16","富山県","16211","射水市","162110040001","草岡町一丁目","36.768550","137.130078","0","3"
"16","富山県","16211","射水市","162110040002","草岡町二丁目","36.767790","137.133205","0","3"
"16","富山県","16211","射水市","162110041000","串田新","36.683297","137.039203","0","1"
"16","富山県","16211","射水市","162110042000","倉垣小杉","36.732967","137.144782","0","1"
"16","富山県","16211","射水市","162110043000","黒河","36.707556","137.111581","3","1"
"16","富山県","16211","射水市","162110044000","黒河新","36.697694","137.110176","0","1"
"16","富山県","16211","射水市","162110045000","下条","36.717079","137.043611","0","1"
"16","富山県","16211","射水市","162110046000","下条新","36.713402","137.078474","0","1"
"16","富山県","16211","射水市","162110047000","小泉","36.703552","137.031588","0","1"
"16","富山県","16211","射水市","162110048000","越の潟町","36.775783","137.106560","0","1"
"16","富山県","16211","射水市","162110049000","小島","36.736278","137.060647","0","1"
"16","富山県","16211","射水市","162110050000","小杉北野","36.685561","137.118340","0","1"
"16","富山県","16211","射水市","162110051000","小杉白石","36.729051","137.129285","0","1"
"16","富山県","16211","射水市","162110052000","小林","36.734881","137.070534","0","1"
"16","富山県","16211","射水市","162110053000","桜町","36.777418","137.083124","0","1"
"16","富山県","16211","射水市","162110054000","三ケ","36.723987","137.089547","0","1"
"16","富山県","16211","射水市","162110055000","椎土","36.688149","137.119251","0","1"
"16","富山県","16211","射水市","162110056000","七美","36.752044","137.137344","0","1"
"16","富山県","16211","射水市","162110057001","七美一丁目","36.755278","137.133504","0","3"
"16","富山県","16211","射水市","162110057002","七美二丁目","36.754878","137.142122","0","3"
"16","富山県","16211","射水市","162110058000","七美中野","36.759988","137.136919","0","1"
"16","富山県","16211","射水市","162110059000","島","36.712389","137.039014","0","1"
"16","富山県","16211","射水市","162110060000","下村三箇","36.750116","137.163333","0","1"
"16","富山県","16211","射水市","162110061000","下若","36.718272","137.077446","0","1"
"16","富山県","16211","射水市","162110062000","宿屋","36.694501","137.073109","0","1"
"16","富山県","16211","射水市","162110063000","庄川本町","36.784885","137.071407","0","1"
"16","富山県","16211","射水市","162110064000","生源寺","36.698128","137.060217","0","1"
"16","富山県","16211","射水市","162110065001","庄西町一丁目","36.790015","137.071091","0","3"
"16","富山県","16211","射水市","162110065002","庄西町二丁目","36.788425","137.063260","0","3"
"16","富山県","16211","射水市","162110066000","浄土寺","36.676452","137.087177","0","1"
"16","富山県","16211","射水市","162110067000","白石","36.733461","137.136209","0","1"
"16","富山県","16211","射水市","162110068000","新開発","36.730782","137.076351","0","1"
"16","富山県","16211","射水市","162110069001","新片町一丁目","36.758861","137.113610","0","3"
"16","富山県","16211","射水市","162110069002","新片町二丁目","36.759419","137.115603","0","3"
"16","富山県","16211","射水市","162110069003","新片町三丁目","36.758396","137.119529","0","3"
"16","富山県","16211","射水市","162110069004","新片町四丁目","36.757215","137.119281","0","3"
"16","富山県","16211","射水市","162110069005","新片町五丁目","36.757857","137.115722","0","3"
"16","富山県","16211","射水市","162110070000","新堀","36.754243","137.124571","0","1"
"16","富山県","16211","射水市","162110071000","摺出寺","36.744337","137.133495","0","1"
"16","富山県","16211","射水市","162110072000","善光寺","36.776150","137.077368","0","1"
"16","富山県","16211","射水市","162110073000","太閤町","36.709864","137.097715","0","1"
"16","富山県","16211","射水市","162110074001","太閤山一丁目","36.709701","137.095284","0","3"
"16","富山県","16211","射水市","162110074002","太閤山二丁目","36.706549","137.095006","0","3"
"16","富山県","16211","射水市","162110074003","太閤山三丁目","36.706450","137.092875","0","3"
"16","富山県","16211","射水市","162110074004","太閤山四丁目","36.705227","137.093783","0","3"
"16","富山県","16211","射水市","162110074005","太閤山五丁目","36.704756","137.090393","0","3"
"16","富山県","16211","射水市","162110074006","太閤山六丁目","36.704998","137.088068","0","3"
"16","富山県","16211","射水市","162110074007","太閤山七丁目","36.706706","137.088399","0","3"
"16","富山県","16211","射水市","162110074008","太閤山八丁目","36.707370","137.090773","0","3"
"16","富山県","16211","射水市","162110074009","太閤山九丁目","36.708841","137.091732","0","3"
"16","富山県","16211","射水市","162110074010","太閤山十丁目","36.710709","137.092279","0","3"
"16","富山県","16211","射水市","162110074011","太閤山十一丁目","36.709467","137.090540","0","3"
"16","富山県","16211","射水市","162110075000","大門","36.734461","137.049116","0","1"
"16","富山県","16211","射水市","162110076000","大門島","36.720344","137.051872","0","1"
"16","富山県","16211","射水市","162110077000","大門新","36.735024","137.045662","0","1"
"16","富山県","16211","射水市","162110078000","大門本江","36.715086","137.055691","0","1"
"16","富山県","16211","射水市","162110079000","高木","36.743219","137.083199","0","1"
"16","富山県","16211","射水市","162110080001","高場新町一丁目","36.756009","137.116944","0","3"
"16","富山県","16211","射水市","162110080002","高場新町二丁目","36.755807","137.114827","0","3"
"16","富山県","16211","射水市","162110080003","高場新町三丁目","36.753869","137.115374","0","3"
"16","富山県","16211","射水市","162110080004","高場新町四丁目","36.752370","137.115566","0","3"
"16","富山県","16211","射水市","162110081000","竹鼻","36.711843","137.062937","0","1"
"16","富山県","16211","射水市","162110082000","立町","36.779855","137.088348","0","1"
"16","富山県","16211","射水市","162110083000","棚田","36.718978","137.061446","0","1"
"16","富山県","16211","射水市","162110084000","中央町","36.779452","137.084705","0","1"
"16","富山県","16211","射水市","162110085000","塚越","36.698807","137.121174","0","1"
"16","富山県","16211","射水市","162110086000","津幡江","36.749015","137.106769","0","1"
"16","富山県","16211","射水市","162110087000","円池","36.699697","137.053175","0","1"
"16","富山県","16211","射水市","162110088000","手崎","36.720942","137.116878","0","1"
"16","富山県","16211","射水市","162110089000","寺塚原","36.752595","137.056792","0","1"
"16","富山県","16211","射水市","162110090000","東明七軒","36.761457","137.153343","0","1"
"16","富山県","16211","射水市","162110091000","東明中町","36.763662","137.147486","0","1"
"16","富山県","16211","射水市","162110092000","東明西町","36.765310","137.143442","0","1"
"16","富山県","16211","射水市","162110093000","東明東町","36.762444","137.150143","0","1"
"16","富山県","16211","射水市","162110094000","土代","36.692531","137.116143","0","1"
"16","富山県","16211","射水市","162110095000","鳥取","36.737001","137.077258","0","1"
"16","富山県","16211","射水市","162110096000","殿村","36.745220","137.091512","0","1"
"16","富山県","16211","射水市","162110097000","中老田","36.697183","137.119075","0","1"
"16","富山県","16211","射水市","162110098000","中老田新","36.700929","137.116387","0","1"
"16","富山県","16211","射水市","162110099000","中新湊","36.776873","137.088320","0","1"
"16","富山県","16211","射水市","162110100001","中太閤山一丁目","36.703789","137.095801","0","3"
"16","富山県","16211","射水市","162110100002","中太閤山二丁目","36.703567","137.093087","0","3"
"16","富山県","16211","射水市","162110100003","中太閤山三丁目","36.702001","137.093318","0","3"
"16","富山県","16211","射水市","162110100004","中太閤山四丁目","36.702886","137.090498","0","3"
"16","富山県","16211","射水市","162110100005","中太閤山五丁目","36.703574","137.088209","0","3"
"16","富山県","16211","射水市","162110100006","中太閤山六丁目","36.703068","137.085928","0","3"
"16","富山県","16211","射水市","162110100007","中太閤山七丁目","36.702095","137.088853","0","3"
"16","富山県","16211","射水市","162110100008","中太閤山八丁目","36.700675","137.091007","0","3"
"16","富山県","16211","射水市","162110100009","中太閤山九丁目","36.699995","137.092505","0","3"
"16","富山県","16211","射水市","162110100010","中太閤山十丁目","36.701111","137.092912","0","3"
"16","富山県","16211","射水市","162110100011","中太閤山十一丁目","36.701288","137.094978","0","3"
"16","富山県","16211","射水市","162110100012","中太閤山十二丁目","36.702236","137.096410","0","3"
"16","富山県","16211","射水市","162110100013","中太閤山十三丁目","36.700855","137.096125","0","3"
"16","富山県","16211","射水市","162110100014","中太閤山十四丁目","36.701038","137.097438","0","3"
"16","富山県","16211","射水市","162110100015","中太閤山十五丁目","36.703766","137.097999","0","3"
"16","富山県","16211","射水市","162110100016","中太閤山十六丁目","36.701828","137.098942","0","3"
"16","富山県","16211","射水市","162110100017","中太閤山十七丁目","36.699447","137.099908","0","3"
"16","富山県","16211","射水市","162110100018","中太閤山十八丁目","36.699301","137.089717","0","3"
"16","富山県","16211","射水市","162110100019","中太閤山十九丁目","36.700567","137.086356","0","3"
"16","富山県","16211","射水市","162110101000","中野","36.742225","137.059505","0","1"
"16","富山県","16211","射水市","162110102000","中村","36.721949","137.054395","0","1"
"16","富山県","16211","射水市","162110103000","奈呉の江","36.762551","137.100340","0","1"
"16","富山県","16211","射水市","162110104000","西新湊","36.780411","137.076429","0","1"
"16","富山県","16211","射水市","162110105000","西高木","36.742316","137.123593","0","1"
"16","富山県","16211","射水市","162110106000","西広上","36.702018","137.015628","0","1"
"16","富山県","16211","射水市","162110107000","二の丸町","36.774460","137.091971","0","1"
"16","富山県","16211","射水市","162110108000","布目","36.746302","137.080190","0","1"
"16","富山県","16211","射水市","162110109000","布目沢","36.702897","137.045855","0","1"
"16","富山県","16211","射水市","162110110000","野手","36.665986","137.066943","0","1"
"16","富山県","16211","射水市","162110111000","野村","36.750598","137.098501","0","1"
"16","富山県","16211","射水市","162110112000","橋下条","36.707763","137.081548","0","1"
"16","富山県","16211","射水市","162110113001","八幡町一丁目","36.781690","137.091582","0","3"
"16","富山県","16211","射水市","162110113002","八幡町二丁目","36.779357","137.096656","0","3"
"16","富山県","16211","射水市","162110113003","八幡町三丁目","36.776233","137.097511","0","3"
"16","富山県","16211","射水市","162110114000","八講","36.742786","137.128123","0","1"
"16","富山県","16211","射水市","162110115000","浜開新町","36.766833","137.138088","0","1"
"16","富山県","16211","射水市","162110116000","坂東","36.755964","137.057095","0","1"
"16","富山県","16211","射水市","162110117001","東太閤山一丁目","36.700140","137.117846","0","3"
"16","富山県","16211","射水市","162110117002","東太閤山二丁目","36.699229","137.117613","0","3"
"16","富山県","16211","射水市","162110117003","東太閤山三丁目","36.698119","137.117458","0","3"
"16","富山県","16211","射水市","162110117004","東太閤山四丁目","36.698082","137.115376","0","3"
"16","富山県","16211","射水市","162110118000","日宮","36.703985","137.085362","0","1"
"16","富山県","16211","射水市","162110119000","戸破","36.721682","137.110661","0","1"
"16","富山県","16211","射水市","162110120000","平野","36.689227","137.096380","0","1"
"16","富山県","16211","射水市","162110121000","広上","36.703815","137.023792","0","1"
"16","富山県","16211","射水市","162110122000","枇杷首","36.735323","137.041358","0","1"
"16","富山県","16211","射水市","162110123000","藤巻","36.710142","137.052856","0","1"
"16","富山県","16211","射水市","162110124000","二口","36.725469","137.056105","0","1"
"16","富山県","16211","射水市","162110125000","放生津町","36.782602","137.085896","0","1"
"16","富山県","16211","射水市","162110126000","朴木","36.757772","137.078532","0","1"
"16","富山県","16211","射水市","162110127000","堀江千石","36.766351","137.125299","0","1"
"16","富山県","16211","射水市","162110128000","堀岡","36.772064","137.124083","0","1"
"16","富山県","16211","射水市","162110129000","堀岡新明神","36.775021","137.112067","0","1"
"16","富山県","16211","射水市","162110130000","堀岡古明神","36.769167","137.134316","0","1"
"16","富山県","16211","射水市","162110131000","堀岡明神新","36.773027","137.119822","0","1"
"16","富山県","16211","射水市","162110132000","堀内","36.714425","137.050206","0","1"
"16","富山県","16211","射水市","162110133000","本開発","36.728786","137.082865","0","1"
"16","富山県","16211","射水市","162110134000","本江","36.758345","137.172965","0","1"
"16","富山県","16211","射水市","162110135000","本江北","36.754113","137.171020","0","1"
"16","富山県","16211","射水市","162110136000","本江三箇","36.759540","137.170521","0","1"
"16","富山県","16211","射水市","162110137000","本江利波","36.746071","137.167106","0","1"
"16","富山県","16211","射水市","162110138000","本江中","36.748231","137.169513","0","1"
"16","富山県","16211","射水市","162110139000","本江中新","36.753929","137.168442","0","1"
"16","富山県","16211","射水市","162110140000","本江西","36.753281","137.165793","0","1"
"16","富山県","16211","射水市","162110141000","本江針山","36.756298","137.163023","0","1"
"16","富山県","16211","射水市","162110142000","本江針山新","36.757694","137.160269","0","1"
"16","富山県","16211","射水市","162110143000","本江針山開","36.759086","137.163545","0","1"
"16","富山県","16211","射水市","162110144000","本江東","36.752193","137.178353","0","1"
"16","富山県","16211","射水市","162110145000","本江南","36.745087","137.167230","0","1"
"16","富山県","16211","射水市","162110146000","本田","36.718412","137.071830","0","1"
"16","富山県","16211","射水市","162110147001","本町一丁目","36.783698","137.076426","0","3"
"16","富山県","16211","射水市","162110147002","本町二丁目","36.783051","137.079598","0","3"
"16","富山県","16211","射水市","162110147003","本町三丁目","36.781917","137.081947","0","3"
"16","富山県","16211","射水市","162110148000","松木","36.761477","137.069920","0","1"
"16","富山県","16211","射水市","162110149000","三日曽根","36.778922","137.079719","0","1"
"16","富山県","16211","射水市","162110150000","水戸田","36.707442","137.071885","0","1"
"16","富山県","16211","射水市","162110151000","緑町","36.775036","137.081535","0","1"
"16","富山県","16211","射水市","162110152000","港町","36.786868","137.077598","0","1"
"16","富山県","16211","射水市","162110153001","南太閤山一丁目","36.699551","137.097164","0","3"
"16","富山県","16211","射水市","162110153002","南太閤山二丁目","36.698841","137.093533","0","3"
"16","富山県","16211","射水市","162110153003","南太閤山三丁目","36.698440","137.091362","0","3"
"16","富山県","16211","射水市","162110153004","南太閤山四丁目","36.697593","137.090006","0","3"
"16","富山県","16211","射水市","162110153005","南太閤山五丁目","36.697587","137.088304","0","3"
"16","富山県","16211","射水市","162110153006","南太閤山六丁目","36.697781","137.086902","0","3"
"16","富山県","16211","射水市","162110153007","南太閤山七丁目","36.699425","137.082570","0","3"
"16","富山県","16211","射水市","162110153008","南太閤山八丁目","36.696241","137.088692","0","3"
"16","富山県","16211","射水市","162110153009","南太閤山九丁目","36.695180","137.094803","0","3"
"16","富山県","16211","射水市","162110153010","南太閤山十丁目","36.696860","137.092052","0","3"
"16","富山県","16211","射水市","162110153011","南太閤山十一丁目","36.696985","137.094147","0","3"
"16","富山県","16211","射水市","162110153012","南太閤山十二丁目","36.696973","137.096217","0","3"
"16","富山県","16211","射水市","162110153013","南太閤山十三丁目","36.697609","137.097523","0","3"
"16","富山県","16211","射水市","162110153014","南太閤山十四丁目","36.698289","137.098545","0","3"
"16","富山県","16211","射水市","162110153015","南太閤山十五丁目","36.696397","137.099195","0","3"
"16","富山県","16211","射水市","162110153016","南太閤山十六丁目","36.694417","137.097218","0","3"
"16","富山県","16211","射水市","162110153017","南太閤山十七丁目","36.694845","137.093470","0","3"
"16","富山県","16211","射水市","162110153018","南太閤山十八丁目","36.695695","137.088474","0","3"
"16","富山県","16211","射水市","162110153019","南太閤山十九丁目","36.695566","137.084793","0","3"
"16","富山県","16211","射水市","162110154000","南高木","36.739202","137.074080","0","1"
"16","富山県","16211","射水市","162110155000","八島","36.755582","137.149791","0","1"
"16","富山県","16211","射水市","162110156000","安吉","36.721464","137.068272","0","1"
"16","富山県","16211","射水市","162110157000","八塚","36.729236","137.059349","0","1"
"16","富山県","16211","射水市","162110158000","山本","36.684059","137.104621","0","1"
"16","富山県","16211","射水市","162110159000","山本新","36.687712","137.111993","0","1"
"16","富山県","16211","射水市","162110160000","山屋","36.751203","137.160019","0","1"
"16","富山県","16211","射水市","162110161001","流通センター青井谷一丁目","36.694464","137.065447","0","3"
"16","富山県","16211","射水市","162110161002","流通センター青井谷二丁目","36.696185","137.070275","0","3"
"16","富山県","16211","射水市","162110162001","流通センター下条一丁目","36.698440","137.071844","0","3"
"16","富山県","16211","射水市","162110163002","流通センター水戸田二丁目","36.697954","137.066085","0","3"
"16","富山県","16211","射水市","162110163003","流通センター水戸田三丁目","36.698831","137.069149","0","3"
"16","富山県","16211","射水市","162110164000","若杉","36.744253","137.055577","0","1"
"16","富山県","16211","射水市","162110165000","若林","36.710864","137.065199","0","1"
"16","富山県","16211","射水市","162110166000","鷲塚","36.721330","137.125007","0","1"
"16","富山県","16211","射水市","162110167000","作道","36.755717","137.090280","0","1"
"16","富山県","16211","射水市","162110168000","神楽町","36.760913","137.083243","0","1"
"16","富山県","16211","射水市","162110169000","川口宮袋入会地","36.765857","137.051499","0","1"
"16","富山県","16211","射水市","162110170000","串田","36.691829","137.042553","0","1"
"16","富山県","16211","射水市","162110171000","生源寺新","36.689406","137.045793","0","1"
"16","富山県","16211","射水市","162110172000","上野","36.693240","137.083947","3","1"
"16","富山県","16211","射水市","162110173000","入会地","36.675591","137.083250","0","1"
"16","富山県","16211","射水市","162110174000","上条","36.712009","137.032286","0","1"
"16","富山県","16211","射水市","162110175000","土合","36.722752","137.039161","0","1"
"16","富山県","16321","中新川郡舟橋村","163210001000","稲荷","36.703872","137.301579","0","1"
"16","富山県","16321","中新川郡舟橋村","163210002000","海老江","36.699293","137.306277","0","1"
"16","富山県","16321","中新川郡舟橋村","163210003000","上国重","36.705675","137.295887","0","1"
"16","富山県","16321","中新川郡舟橋村","163210004000","国重","36.708190","137.300410","0","1"
"16","富山県","16321","中新川郡舟橋村","163210005000","竹内","36.706126","137.306187","0","1"
"16","富山県","16321","中新川郡舟橋村","163210006000","竹鼻","36.693773","137.307183","0","1"
"16","富山県","16321","中新川郡舟橋村","163210007000","東芦原","36.692366","137.301032","0","1"
"16","富山県","16321","中新川郡舟橋村","163210008000","佛生寺","36.700344","137.310693","0","1"
"16","富山県","16321","中新川郡舟橋村","163210009000","舟橋","36.705593","137.312519","0","1"
"16","富山県","16321","中新川郡舟橋村","163210010000","古海老江","36.689780","137.305957","0","1"
"16","富山県","16322","中新川郡上市町","163220003000 ","旭町","36.709076","137.367581","0","1"
"16","富山県","16322","中新川郡上市町","163220010000 ","伊折","36.634493","137.558584","0","1"
"16","富山県","16322","中新川郡上市町","163220013000 ","稲村","36.678638","137.433031","0","1"
"16","富山県","16322","中新川郡上市町","163220045000 ","栄町","36.708018","137.362923","0","1"
"16","富山県","16322","中新川郡上市町","163220048000 ","塩谷","36.666651","137.379300","0","1"
"16","富山県","16322","中新川郡上市町","163220106000 ","横越","36.691031","137.345677","0","1"
"16","富山県","16322","中新川郡上市町","163220107000 ","横法音寺","36.701884","137.355336","0","1"
"16","富山県","16322","中新川郡上市町","163220051000 ","下経田","36.704678","137.336992","0","1"
"16","富山県","16322","中新川郡上市町","163220052001 ","下経田一丁目","36.703326","137.341571","0","3"
"16","富山県","16322","中新川郡上市町","163220050000 ","下荒又","36.707799","137.326341","0","1"
"16","富山県","16322","中新川郡上市町","163220049000 ","下青出","36.722897","137.331502","0","1"
"16","富山県","16322","中新川郡上市町","163220038000 ","下田","36.705067","137.490711","0","1"
"16","富山県","16322","中新川郡上市町","163220024000 ","開谷","36.713131","137.415129","0","1"
"16","富山県","16322","中新川郡上市町","163220025000 ","柿沢","36.672820","137.371583","0","1"
"16","富山県","16322","中新川郡上市町","163220026000 ","柿沢新","36.722256","137.371401","0","1"
"16","富山県","16322","中新川郡上市町","163220067000 ","舘","36.668360","137.365312","0","1"
"16","富山県","16322","中新川郡上市町","163220096000 ","丸山","36.694387","137.379775","0","1"
"16","富山県","16322","中新川郡上市町","163220046000 ","眼目","36.695954","137.400458","0","1"
"16","富山県","16322","中新川郡上市町","163220047000 ","眼目新","36.695107","137.383295","0","1"
"16","富山県","16322","中新川郡上市町","163220086000 ","久金","36.723291","137.326349","1","1"
"16","富山県","16322","中新川郡上市町","163220087000 ","久金新","36.721484","137.323792","1","1"
"16","富山県","16322","中新川郡上市町","163220040000 ","郷柿沢","36.717722","137.365870","0","1"
"16","富山県","16322","中新川郡上市町","163220041000 ","極楽寺","36.690051","137.399848","0","1"
"16","富山県","16322","中新川郡上市町","163220075000 ","錦町","36.705906","137.366913","0","1"
"16","富山県","16322","中新川郡上市町","163220036000 ","熊野町","36.705149","137.361560","0","1"
"16","富山県","16322","中新川郡上市町","163220027000 ","鍵町","36.703917","137.361441","0","1"
"16","富山県","16322","中新川郡上市町","163220039000 ","五位尾","36.701670","137.423200","0","1"
"16","富山県","16322","中新川郡上市町","163220042000 ","護摩堂","36.717587","137.428471","0","1"
"16","富山県","16322","中新川郡上市町","163220044000 ","幸町","36.707032","137.362630","0","1"
"16","富山県","16322","中新川郡上市町","163220089000 ","広市新","36.712241","137.373689","0","1"
"16","富山県","16322","中新川郡上市町","163220090000 ","広野","36.709642","137.383957","0","1"
"16","富山県","16322","中新川郡上市町","163220091000 ","広野新","36.720994","137.378440","0","1"
"16","富山県","16322","中新川郡上市町","163220014000 ","江上","36.719065","137.343681","0","1"
"16","富山県","16322","中新川郡上市町","163220015000 ","江又","36.714175","137.344431","0","1"
"16","富山県","16322","中新川郡上市町","163220007000 ","荒田","36.713606","137.357900","0","1"
"16","富山県","16322","中新川郡上市町","163220037000 ","黒川","36.717820","137.402618","0","1"
"16","富山県","16322","中新川郡上市町","163220062000 ","砂林開","36.710220","137.397544","0","1"
"16","富山県","16322","中新川郡上市町","163220112000 ","三日市","36.704383","137.359082","0","1"
"16","富山県","16322","中新川郡上市町","163220108000 ","四葉台","36.703759","137.350013","0","1"
"16","富山県","16322","中新川郡上市町","163220053000 ","釈泉寺","36.689327","137.416173","0","1"
"16","富山県","16322","中新川郡上市町","163220113000 ","若杉","36.712278","137.358183","3","1"
"16","富山県","16322","中新川郡上市町","163220115001 ","若杉一丁目","36.707458","137.355875","1","3"
"16","富山県","16322","中新川郡上市町","163220115002 ","若杉二丁目","36.710951","137.356938","3","3"
"16","富山県","16322","中新川郡上市町","163220115003 ","若杉三丁目","36.707766","137.351340","0","3"
"16","富山県","16322","中新川郡上市町","163220116000 ","若杉新","36.706610","137.348546","0","1"
"16","富山県","16322","中新川郡上市町","163220110001 ","若杉新一丁目","36.703650","137.348064","0","3"
"16","富山県","16322","中新川郡上市町","163220110002 ","若杉新二丁目","36.706561","137.346702","0","3"
"16","富山県","16322","中新川郡上市町","163220022000 ","女川","36.681244","137.355976","0","1"
"16","富山県","16322","中新川郡上市町","163220095000 ","松和町","36.707254","137.364069","0","1"
"16","富山県","16322","中新川郡上市町","163220030001 ","上経田一丁目","36.705279","137.341352","0","3"
"16","富山県","16322","中新川郡上市町","163220030002 ","上経田二丁目","36.705913","137.344632","0","3"
"16","富山県","16322","中新川郡上市町","163220030003 ","上経田三丁目","36.705005","137.344734","0","3"
"16","富山県","16322","中新川郡上市町","163220030004 ","上経田四丁目","36.704013","137.345333","0","3"
"16","富山県","16322","中新川郡上市町","163220030005 ","上経田五丁目","36.702765","137.342127","0","3"
"16","富山県","16322","中新川郡上市町","163220029000 ","上荒又","36.708917","137.331065","0","1"
"16","富山県","16322","中新川郡上市町","163220057000 ","上条沖","36.722418","137.335984","0","1"
"16","富山県","16322","中新川郡上市町","163220031000 ","上正","36.702638","137.346629","0","1"
"16","富山県","16322","中新川郡上市町","163220032000 ","上中町","36.705664","137.365219","0","1"
"16","富山県","16322","中新川郡上市町","163220033000 ","上法音寺","36.700407","137.366608","0","1"
"16","富山県","16322","中新川郡上市町","163220006000 ","新屋","36.687327","137.357808","0","1"
"16","富山県","16322","中新川郡上市町","163220005000 ","新清水","36.706900","137.323530","0","1"
"16","富山県","16322","中新川郡上市町","163220060000 ","新村","36.693532","137.332855","0","1"
"16","富山県","16322","中新川郡上市町","163220059000 ","新町","36.706604","137.361408","0","1"
"16","富山県","16322","中新川郡上市町","163220099000 ","森元町","36.704083","137.366066","0","1"
"16","富山県","16322","中新川郡上市町","163220098000 ","森尻","36.720185","137.357211","0","1"
"16","富山県","16322","中新川郡上市町","163220058000 ","神田","36.695164","137.336611","0","1"
"16","富山県","16322","中新川郡上市町","163220061000 ","神明町","36.704708","137.367402","0","1"
"16","富山県","16322","中新川郡上市町","163220063000 ","須山","36.678399","137.398794","0","1"
"16","富山県","16322","中新川郡上市町","163220054000 ","正印","36.700340","137.346572","0","1"
"16","富山県","16322","中新川郡上市町","163220055001 ","正印一丁目","36.703371","137.346256","0","3"
"16","富山県","16322","中新川郡上市町","163220056000 ","正印新","36.701837","137.334166","0","1"
"16","富山県","16322","中新川郡上市町","163220076000 ","西種","36.664738","137.419447","0","1"
"16","富山県","16322","中新川郡上市町","163220078000 ","西中町","36.705318","137.363269","0","1"
"16","富山県","16322","中新川郡上市町","163220077000 ","西町","36.708869","137.360788","0","1"
"16","富山県","16322","中新川郡上市町","163220002000 ","青出新","36.714656","137.339031","0","1"
"16","富山県","16322","中新川郡上市町","163220043000 ","斉神新","36.705883","137.370848","0","1"
"16","富山県","16322","中新川郡上市町","163220011000 ","石浦町","36.706895","137.365360","0","1"
"16","富山県","16322","中新川郡上市町","163220012000 ","石仏","36.730119","137.348292","0","1"
"16","富山県","16322","中新川郡上市町","163220023000 ","折戸","36.681345","137.446495","0","1"
"16","富山県","16322","中新川郡上市町","163220064000 ","千石","36.636655","137.473929","0","1"
"16","富山県","16322","中新川郡上市町","163220034000 ","川原田","36.696088","137.342053","0","1"
"16","富山県","16322","中新川郡上市町","163220004000 ","浅生","36.651487","137.412085","0","1"
"16","富山県","16322","中新川郡上市町","163220001000 ","相ノ木新町","36.707954","137.334318","0","1"
"16","富山県","16322","中新川郡上市町","163220021000 ","大永田","36.725525","137.355216","0","1"
"16","富山県","16322","中新川郡上市町","163220016000 ","大岩","36.667311","137.390166","0","1"
"16","富山県","16322","中新川郡上市町","163220019000 ","大松","36.668328","137.383255","0","1"
"16","富山県","16322","中新川郡上市町","163220020000 ","大松新","36.672598","137.376581","0","1"
"16","富山県","16322","中新川郡上市町","163220017000 ","大沢","36.638019","137.403693","0","1"
"16","富山県","16322","中新川郡上市町","163220018000 ","大坪","36.698561","137.352307","0","1"
"16","富山県","16322","中新川郡上市町","163220065000 ","竹鼻","36.735399","137.340799","0","1"
"16","富山県","16322","中新川郡上市町","163220073000 ","中ノ又","36.645389","137.406631","0","1"
"16","富山県","16322","中新川郡上市町","163220072000 ","中開発","36.710820","137.334668","0","1"
"16","富山県","16322","中新川郡上市町","163220071000 ","中江上","36.717241","137.351425","0","1"
"16","富山県","16322","中新川郡上市町","163220114000 ","中小泉","36.709217","137.342819","0","1"
"16","富山県","16322","中新川郡上市町","163220070000 ","中青出","36.717252","137.333185","0","1"
"16","富山県","16322","中新川郡上市町","163220074000 ","中村","36.698405","137.439356","0","1"
"16","富山県","16322","中新川郡上市町","163220068000 ","堤谷","36.686768","137.377961","0","1"
"16","富山県","16322","中新川郡上市町","163220069000 ","天神町","36.711630","137.360841","0","1"
"16","富山県","16322","中新川郡上市町","163220066000 ","田島野","36.708311","137.372854","0","1"
"16","富山県","16322","中新川郡上市町","163220083000 ","東江上","36.722194","137.347984","0","1"
"16","富山県","16322","中新川郡上市町","163220084000 ","東種","36.640177","137.438410","0","1"
"16","富山県","16322","中新川郡上市町","163220085000 ","東町","36.704393","137.369236","0","1"
"16","富山県","16322","中新川郡上市町","163220103000 ","湯崎野","36.693963","137.372206","0","1"
"16","富山県","16322","中新川郡上市町","163220102000 ","湯上野","36.696969","137.371921","0","1"
"16","富山県","16322","中新川郡上市町","163220104000 ","湯神子","36.690062","137.370249","0","1"
"16","富山県","16322","中新川郡上市町","163220105000 ","湯神子野","36.693029","137.382247","0","1"
"16","富山県","16322","中新川郡上市町","163220097000 ","南町","36.704283","137.364162","0","1"
"16","富山県","16322","中新川郡上市町","163220008000 ","飯坂","36.713411","137.334939","0","1"
"16","富山県","16322","中新川郡上市町","163220009000 ","飯坂新","36.716044","137.329780","1","1"
"16","富山県","16322","中新川郡上市町","163220082000 ","稗田","36.693328","137.357184","0","1"
"16","富山県","16322","中新川郡上市町","163220088000 ","桧谷","36.650106","137.391097","0","1"
"16","富山県","16322","中新川郡上市町","163220028000 ","片地","36.702747","137.404228","0","1"
"16","富山県","16322","中新川郡上市町","163220093000 ","放士ケ瀬","36.710100","137.320613","0","1"
"16","富山県","16322","中新川郡上市町","163220094000 ","放士ケ瀬新","36.713869","137.326581","0","1"
"16","富山県","16322","中新川郡上市町","163220092000 ","法音寺","36.699263","137.358696","0","1"
"16","富山県","16322","中新川郡上市町","163220109000 ","蓬沢","36.674594","137.505699","0","1"
"16","富山県","16322","中新川郡上市町","163220035000 ","北島","36.701208","137.375026","0","1"
"16","富山県","16322","中新川郡上市町","163220079000 ","野開発","36.717047","137.374019","0","1"
"16","富山県","16322","中新川郡上市町","163220080000 ","野島","36.700987","137.387149","0","1"
"16","富山県","16322","中新川郡上市町","163220081000 ","野福","36.698079","137.341360","0","1"
"16","富山県","16322","中新川郡上市町","163220100000 ","弥市","36.725037","137.342003","0","1"
"16","富山県","16322","中新川郡上市町","163220101000 ","柳町","36.710318","137.359003","0","1"
"16","富山県","16322","中新川郡上市町","163220111000 ","和合","36.685579","137.346446","0","1"
"16","富山県","16323","中新川郡立山町","163230001000","芦峅寺","36.583675","137.581904","0","1"
"16","富山県","16323","中新川郡立山町","163230002000","芦見","36.633864","137.352996","0","1"
"16","富山県","16323","中新川郡立山町","163230003000","浅生","36.700651","137.294186","0","1"
"16","富山県","16323","中新川郡立山町","163230004000","池田","36.611756","137.358745","0","1"
"16","富山県","16323","中新川郡立山町","163230005000","石坂","36.644217","137.349614","0","1"
"16","富山県","16323","中新川郡立山町","163230006000","伊豆林","36.612197","137.323172","0","1"
"16","富山県","16323","中新川郡立山町","163230007000","泉","36.699834","137.327046","0","1"
"16","富山県","16323","中新川郡立山町","163230008000","伊勢屋","36.615878","137.373139","0","1"
"16","富山県","16323","中新川郡立山町","163230009000","一本木","36.641655","137.308796","0","1"
"16","富山県","16323","中新川郡立山町","163230010000","鋳物師沢","36.624736","137.322830","0","1"
"16","富山県","16323","中新川郡立山町","163230011000","岩峅寺","36.601094","137.317149","0","1"
"16","富山県","16323","中新川郡立山町","163230012000","岩峅野","36.614488","137.312097","0","1"
"16","富山県","16323","中新川郡立山町","163230013000","浦田","36.694611","137.315756","0","1"
"16","富山県","16323","中新川郡立山町","163230014000","浦田新","36.694837","137.310229","0","1"
"16","富山県","16323","中新川郡立山町","163230015000","上末","36.618367","137.344184","0","1"
"16","富山県","16323","中新川郡立山町","163230016000","上野","36.675798","137.288830","0","1"
"16","富山県","16323","中新川郡立山町","163230017000","江崎","36.666638","137.330242","0","1"
"16","富山県","16323","中新川郡立山町","163230018000","榎","36.652065","137.317889","0","1"
"16","富山県","16323","中新川郡立山町","163230019000","大石原","36.667456","137.298923","0","1"
"16","富山県","16323","中新川郡立山町","163230020000","大窪","36.671812","137.303999","0","1"
"16","富山県","16323","中新川郡立山町","163230021000","大窪開","36.641868","137.320122","0","1"
"16","富山県","16323","中新川郡立山町","163230022000","大島","36.653098","137.310610","0","1"
"16","富山県","16323","中新川郡立山町","163230023000","大清水","36.645640","137.301437","0","1"
"16","富山県","16323","中新川郡立山町","163230024000","女川新","36.676626","137.346493","0","1"
"16","富山県","16323","中新川郡立山町","163230025000","小又","36.610391","137.372612","0","1"
"16","富山県","16323","中新川郡立山町","163230026000","柿の木沢","36.652251","137.314818","0","1"
"16","富山県","16323","中新川郡立山町","163230027000","上開発","36.680191","137.299042","0","1"
"16","富山県","16323","中新川郡立山町","163230028000","上金剛寺","36.639547","137.330928","0","1"
"16","富山県","16323","中新川郡立山町","163230029000","上瀬戸","36.626882","137.349550","0","1"
"16","富山県","16323","中新川郡立山町","163230030000","上中","36.651560","137.340599","0","1"
"16","富山県","16323","中新川郡立山町","163230031000","上福来","36.668230","137.344996","0","1"
"16","富山県","16323","中新川郡立山町","163230032000","上鉾木","36.690510","137.296655","0","1"
"16","富山県","16323","中新川郡立山町","163230033000","上宮","36.637771","137.342896","0","1"
"16","富山県","16323","中新川郡立山町","163230034000","川原木","36.644737","137.306018","0","1"
"16","富山県","16323","中新川郡立山町","163230035000","草野","36.665610","137.304662","0","1"
"16","富山県","16323","中新川郡立山町","163230036000","蔵本新","36.658600","137.295622","0","1"
"16","富山県","16323","中新川郡立山町","163230037000","黒谷","36.618763","137.335189","0","1"
"16","富山県","16323","中新川郡立山町","163230038000","小林","36.636878","137.340682","0","1"
"16","富山県","16323","中新川郡立山町","163230039000","五百石","36.664768","137.316822","0","1"
"16","富山県","16323","中新川郡立山町","163230040000","五郎丸","36.685007","137.299546","0","1"
"16","富山県","16323","中新川郡立山町","163230041000","金剛寺","36.644585","137.335712","0","1"
"16","富山県","16323","中新川郡立山町","163230042000","金剛新","36.658680","137.335827","0","1"
"16","富山県","16323","中新川郡立山町","163230043000","坂井沢","36.651062","137.329484","0","1"
"16","富山県","16323","中新川郡立山町","163230044000","座主坊","36.592248","137.371589","0","1"
"16","富山県","16323","中新川郡立山町","163230045000","沢新","36.660574","137.328962","0","1"
"16","富山県","16323","中新川郡立山町","163230046000","沢端","36.676571","137.323534","0","1"
"16","富山県","16323","中新川郡立山町","163230047000","下段","36.644074","137.326232","0","1"
"16","富山県","16323","中新川郡立山町","163230048000","四谷尾","36.631557","137.391602","0","1"
"16","富山県","16323","中新川郡立山町","163230049000","柴山","36.667755","137.350039","0","1"
"16","富山県","16323","中新川郡立山町","163230050000","下沢","36.637704","137.348684","0","1"
"16","富山県","16323","中新川郡立山町","163230051000","下白岩","36.655703","137.352906","0","1"
"16","富山県","16323","中新川郡立山町","163230052000","下新","36.679160","137.332712","0","1"
"16","富山県","16323","中新川郡立山町","163230053000","下瀬戸","36.628283","137.352040","0","1"
"16","富山県","16323","中新川郡立山町","163230054000","下鉾木","36.692927","137.294319","0","1"
"16","富山県","16323","中新川郡立山町","163230055000","城前","36.607070","137.406892","0","1"
"16","富山県","16323","中新川郡立山町","163230056000","白岩","36.638205","137.370210","0","1"
"16","富山県","16323","中新川郡立山町","163230057000","新瀬戸","36.633430","137.341106","0","1"
"16","富山県","16323","中新川郡立山町","163230058000","新堀","36.658958","137.320185","0","1"
"16","富山県","16323","中新川郡立山町","163230059000","末上野","36.645326","137.341458","0","1"
"16","富山県","16323","中新川郡立山町","163230060000","末三賀","36.628584","137.315609","0","1"
"16","富山県","16323","中新川郡立山町","163230061000","末谷口","36.623572","137.332730","0","1"
"16","富山県","16323","中新川郡立山町","163230062000","瀬戸新","36.631506","137.343934","0","1"
"16","富山県","16323","中新川郡立山町","163230063000","曽我","36.689859","137.291547","0","1"
"16","富山県","16323","中新川郡立山町","163230064000","高原","36.682914","137.338634","0","1"
"16","富山県","16323","中新川郡立山町","163230065000","高原八ツ屋","36.653436","137.293283","0","1"
"16","富山県","16323","中新川郡立山町","163230066000","竹鼻新","36.690765","137.311674","0","1"
"16","富山県","16323","中新川郡立山町","163230067000","竹林","36.677415","137.338890","0","1"
"16","富山県","16323","中新川郡立山町","163230068000","田添","36.678823","137.317464","0","1"
"16","富山県","16323","中新川郡立山町","163230069000","谷","36.620052","137.387190","0","1"
"16","富山県","16323","中新川郡立山町","163230070000","谷口","36.613242","137.342528","0","1"
"16","富山県","16323","中新川郡立山町","163230071000","手屋","36.664840","137.308722","0","1"
"16","富山県","16323","中新川郡立山町","163230072000","千垣","36.579503","137.362368","0","1"
"16","富山県","16323","中新川郡立山町","163230073000","塚越","36.697893","137.298610","0","1"
"16","富山県","16323","中新川郡立山町","163230074000","辻","36.686942","137.336643","0","1"
"16","富山県","16323","中新川郡立山町","163230075000","寺田","36.691595","137.321162","0","1"
"16","富山県","16323","中新川郡立山町","163230076000","寺田ことぶき町","36.686785","137.320132","0","1"
"16","富山県","16323","中新川郡立山町","163230077000","寺坪","36.628657","137.326769","0","1"
"16","富山県","16323","中新川郡立山町","163230078000","天林","36.600159","137.330180","0","1"
"16","富山県","16323","中新川郡立山町","163230079000","道源寺","36.633164","137.323839","0","1"
"16","富山県","16323","中新川郡立山町","163230080000","道新","36.659356","137.303619","0","1"
"16","富山県","16323","中新川郡立山町","163230081000","栃津","36.597821","137.345862","0","1"
"16","富山県","16323","中新川郡立山町","163230082000","泊新","36.628335","137.298536","0","1"
"16","富山県","16323","中新川郡立山町","163230083000","長倉","36.613439","137.388297","0","1"
"16","富山県","16323","中新川郡立山町","163230084000","中林","36.635159","137.344768","0","1"
"16","富山県","16323","中新川郡立山町","163230085000","長屋","36.641665","137.342861","0","1"
"16","富山県","16323","中新川郡立山町","163230086000","中山","36.622011","137.324347","0","1"
"16","富山県","16323","中新川郡立山町","163230087000","半屋","36.661623","137.287560","0","1"
"16","富山県","16323","中新川郡立山町","163230088000","西芦原","36.687249","137.283488","0","1"
"16","富山県","16323","中新川郡立山町","163230089000","西大森","36.648470","137.287658","0","1"
"16","富山県","16323","中新川郡立山町","163230090000","日中","36.672167","137.353363","0","1"
"16","富山県","16323","中新川郡立山町","163230091000","日中上野","36.661236","137.348688","0","1"
"16","富山県","16323","中新川郡立山町","163230092000","貫田","36.653322","137.305539","0","1"
"16","富山県","16323","中新川郡立山町","163230093000","野口","36.679804","137.309195","0","1"
"16","富山県","16323","中新川郡立山町","163230094000","野口新","36.672761","137.322177","0","1"
"16","富山県","16323","中新川郡立山町","163230095000","野沢","36.660758","137.341837","0","1"
"16","富山県","16323","中新川郡立山町","163230096000","野町","36.670312","137.333717","0","1"
"16","富山県","16323","中新川郡立山町","163230097000","野村","36.635044","137.305461","0","1"
"16","富山県","16323","中新川郡立山町","163230098000","日置","36.670034","137.287520","0","1"
"16","富山県","16323","中新川郡立山町","163230099000","東大森","36.644893","137.296213","0","1"
"16","富山県","16323","中新川郡立山町","163230100000","東中野新","36.595812","137.326481","0","1"
"16","富山県","16323","中新川郡立山町","163230101000","東野","36.671998","137.342693","0","1"
"16","富山県","16323","中新川郡立山町","163230102000","日俣","36.649886","137.309211","0","1"
"16","富山県","16323","中新川郡立山町","163230103000","日水","36.679807","137.304060","0","1"
"16","富山県","16323","中新川郡立山町","163230104000","福田","36.651906","137.349348","0","1"
"16","富山県","16323","中新川郡立山町","163230105000","福来","36.678411","137.343382","0","1"
"16","富山県","16323","中新川郡立山町","163230106000","二ツ塚","36.686412","137.312959","0","1"
"16","富山県","16323","中新川郡立山町","163230107000","渕上","36.655532","137.336797","0","1"
"16","富山県","16323","中新川郡立山町","163230108000","古川","36.640627","137.316459","0","1"
"16","富山県","16323","中新川郡立山町","163230109000","鉾木","36.694706","137.292619","0","1"
"16","富山県","16323","中新川郡立山町","163230110000","本郷島","36.656508","137.302359","0","1"
"16","富山県","16323","中新川郡立山町","163230111000","前沢","36.663459","137.313689","0","1"
"16","富山県","16323","中新川郡立山町","163230112000","前沢新","36.666220","137.320169","0","1"
"16","富山県","16323","中新川郡立山町","163230113000","前沢新町","36.667459","137.312113","0","1"
"16","富山県","16323","中新川郡立山町","163230114000","前沢中央町","36.662342","137.311523","0","1"
"16","富山県","16323","中新川郡立山町","163230115000","松倉","36.601668","137.386983","0","1"
"16","富山県","16323","中新川郡立山町","163230116000","下田","36.613607","137.324023","0","1"
"16","富山県","16323","中新川郡立山町","163230117000","三ツ塚新","36.633306","137.293657","0","1"
"16","富山県","16323","中新川郡立山町","163230118000","宮路","36.608892","137.320563","0","1"
"16","富山県","16323","中新川郡立山町","163230119000","宮成","36.674411","137.315886","0","1"
"16","富山県","16323","中新川郡立山町","163230120000","向新庄","36.640733","137.312267","0","1"
"16","富山県","16323","中新川郡立山町","163230121000","虫谷","36.641790","137.386988","0","1"
"16","富山県","16323","中新川郡立山町","163230122000","目桑","36.624014","137.371472","0","1"
"16","富山県","16323","中新川郡立山町","163230123000","横江","36.584969","137.336921","0","1"
"16","富山県","16323","中新川郡立山町","163230124000","横江野開","36.594535","137.324231","0","1"
"16","富山県","16323","中新川郡立山町","163230125000","横沢","36.685694","137.304046","0","1"
"16","富山県","16323","中新川郡立山町","163230126000","吉峰野開","36.613306","137.331630","0","1"
"16","富山県","16323","中新川郡立山町","163230127000","米沢","36.665033","137.322709","0","1"
"16","富山県","16323","中新川郡立山町","163230128000","米道","36.630522","137.333945","0","1"
"16","富山県","16323","中新川郡立山町","163230129000","利田","36.683172","137.290580","0","1"
"16","富山県","16323","中新川郡立山町","163230130000","立泉寺","36.674156","137.297898","0","1"
"16","富山県","16323","中新川郡立山町","163230131000","六郎谷","36.630996","137.359507","0","1"
"16","富山県","16323","中新川郡立山町","163230132000","若林","36.687800","137.324468","0","1"
"16","富山県","16323","中新川郡立山町","163230133000","若宮","36.689198","137.328628","0","1"
"16","富山県","16342","下新川郡入善町","163420001000","青木","36.919168","137.484518","0","1"
"16","富山県","16342","下新川郡入善町","163420002000","青木新","36.910536","137.485745","0","1"
"16","富山県","16342","下新川郡入善町","163420003000","青島","36.927564","137.512564","0","1"
"16","富山県","16342","下新川郡入善町","163420004000","荒又","36.941753","137.524580","0","1"
"16","富山県","16342","下新川郡入善町","163420005000","新屋","36.899795","137.522522","0","1"
"16","富山県","16342","下新川郡入善町","163420006000","五十里","36.933930","137.452275","0","1"
"16","富山県","16342","下新川郡入善町","163420007000","板屋","36.908640","137.452883","0","1"
"16","富山県","16342","下新川郡入善町","163420008000","一宿","36.902137","137.505815","0","1"
"16","富山県","16342","下新川郡入善町","163420009000","今江","36.904677","137.551973","0","1"
"16","富山県","16342","下新川郡入善町","163420010000","浦山新","36.880729","137.526563","0","1"
"16","富山県","16342","下新川郡入善町","163420011000","上野","36.923966","137.495504","0","1"
"16","富山県","16342","下新川郡入善町","163420012000","春日","36.954411","137.524111","0","1"
"16","富山県","16342","下新川郡入善町","163420013000","上飯野","36.907245","137.470109","0","1"
"16","富山県","16342","下新川郡入善町","163420014000","上飯野新","36.912407","137.478058","0","1"
"16","富山県","16342","下新川郡入善町","163420015000","神林","36.916488","137.511406","0","1"
"16","富山県","16342","下新川郡入善町","163420016000","木根","36.933691","137.466428","0","1"
"16","富山県","16342","下新川郡入善町","163420017000","君島","36.947268","137.507824","0","1"
"16","富山県","16342","下新川郡入善町","163420018000","椚山","36.937496","137.517143","0","1"
"16","富山県","16342","下新川郡入善町","163420019000","椚山新","36.946823","137.517293","0","1"
"16","富山県","16342","下新川郡入善町","163420020000","小杉","36.923943","137.522046","0","1"
"16","富山県","16342","下新川郡入善町","163420021000","小摺戸","36.890972","137.511618","0","1"
"16","富山県","16342","下新川郡入善町","163420022000","五郎八","36.913514","137.445533","0","1"
"16","富山県","16342","下新川郡入善町","163420023000","笹原","36.917292","137.454494","0","1"
"16","富山県","16342","下新川郡入善町","163420024000","下飯野","36.926700","137.442815","0","1"
"16","富山県","16342","下新川郡入善町","163420025000","下飯野新","36.928751","137.457436","0","1"
"16","富山県","16342","下新川郡入善町","163420026000","下上野","36.940707","137.492500","0","1"
"16","富山県","16342","下新川郡入善町","163420027000","袖沢","36.908965","137.481874","0","1"
"16","富山県","16342","下新川郡入善町","163420028000","高瀬","36.930219","137.449694","0","1"
"16","富山県","16342","下新川郡入善町","163420029000","田中","36.947794","137.493823","0","1"
"16","富山県","16342","下新川郡入善町","163420030000","田ノ又","36.948413","137.521619","0","1"
"16","富山県","16342","下新川郡入善町","163420031000","道市","36.935763","137.483344","0","1"
"16","富山県","16342","下新川郡入善町","163420032000","道古","36.917690","137.478245","0","1"
"16","富山県","16342","下新川郡入善町","163420033000","東狐","36.919562","137.465350","0","1"
"16","富山県","16342","下新川郡入善町","163420034000","中沢","36.906069","137.538435","0","1"
"16","富山県","16342","下新川郡入善町","163420035000","下山","36.901930","137.529999","0","1"
"16","富山県","16342","下新川郡入善町","163420036000","西中","36.897575","137.539349","0","1"
"16","富山県","16342","下新川郡入善町","163420037000","入膳","36.933449","137.503536","0","1"
"16","富山県","16342","下新川郡入善町","163420038000","野中","36.905216","137.547611","0","1"
"16","富山県","16342","下新川郡入善町","163420039000","墓ノ木","36.877951","137.540256","0","1"
"16","富山県","16342","下新川郡入善町","163420040000","東五十里","36.950813","137.501772","0","1"
"16","富山県","16342","下新川郡入善町","163420041000","日吉","36.928197","137.527707","0","1"
"16","富山県","16342","下新川郡入善町","163420042000","福島","36.902545","137.488565","0","1"
"16","富山県","16342","下新川郡入善町","163420043000","福島新","36.906141","137.491469","0","1"
"16","富山県","16342","下新川郡入善町","163420044000","藤原","36.948054","137.530002","0","1"
"16","富山県","16342","下新川郡入善町","163420045000","舟見","36.881632","137.553034","0","1"
"16","富山県","16342","下新川郡入善町","163420046000","古黒部","36.951787","137.537262","0","1"
"16","富山県","16342","下新川郡入善町","163420047000","古林","36.906198","137.556775","0","1"
"16","富山県","16342","下新川郡入善町","163420048000","蛇沢","36.918906","137.444978","0","1"
"16","富山県","16342","下新川郡入善町","163420049000","神子沢","36.934263","137.459459","0","1"
"16","富山県","16342","下新川郡入善町","163420050000","目川","36.936438","137.472180","0","1"
"16","富山県","16342","下新川郡入善町","163420051000","八幡","36.954150","137.505616","0","1"
"16","富山県","16342","下新川郡入善町","163420052000","横山","36.954183","137.514656","0","1"
"16","富山県","16342","下新川郡入善町","163420053000","吉原","36.944349","137.479246","0","1"
"16","富山県","16342","下新川郡入善町","163420054000","吉原東","36.945031","137.488337","0","1"
"16","富山県","16342","下新川郡入善町","163420055000","若栗新","36.897384","137.498002","0","1"
"16","富山県","16342","下新川郡入善町","163420056000","芦崎","36.924222","137.431611","0","1"
"16","富山県","16342","下新川郡入善町","163420057000","高畠","36.921708","137.435856","0","1"
"16","富山県","16342","下新川郡入善町","163420058000","本村","36.916029","137.440446","0","1"
"16","富山県","16343","下新川郡朝日町","163430001000","赤川","36.959440","137.545975","0","1"
"16","富山県","16343","下新川郡朝日町","163430002000","荒川","36.954693","137.559505","0","1"
"16","富山県","16343","下新川郡朝日町","163430003000","大家庄","36.927656","137.550958","0","1"
"16","富山県","16343","下新川郡朝日町","163430004000","金山","36.923528","137.538701","0","1"
"16","富山県","16343","下新川郡朝日町","163430005000","草野","36.952398","137.546855","0","1"
"16","富山県","16343","下新川郡朝日町","163430006000","窪田","36.928507","137.534576","0","1"
"16","富山県","16343","下新川郡朝日町","163430007000","境","36.966119","137.622606","0","1"
"16","富山県","16343","下新川郡朝日町","163430008000","桜町","36.936982","137.559255","0","1"
"16","富山県","16343","下新川郡朝日町","163430009000","笹川","36.942183","137.607798","0","1"
"16","富山県","16343","下新川郡朝日町","163430010000","山王","36.914443","137.562050","0","1"
"16","富山県","16343","下新川郡朝日町","163430011000","三枚橋","36.935574","137.547050","0","1"
"16","富山県","16343","下新川郡朝日町","163430012000","下野","36.911777","137.545464","0","1"
"16","富山県","16343","下新川郡朝日町","163430013000","大屋","36.962092","137.563233","0","1"
"16","富山県","16343","下新川郡朝日町","163430014000","大屋新","36.961684","137.558906","0","1"
"16","富山県","16343","下新川郡朝日町","163430015000","大平","36.933263","137.678344","0","1"
"16","富山県","16343","下新川郡朝日町","163430016000","高橋","36.917583","137.545032","0","1"
"16","富山県","16343","下新川郡朝日町","163430017000","棚山","36.887275","137.579076","0","1"
"16","富山県","16343","下新川郡朝日町","163430018000","月山","36.942025","137.548146","0","1"
"16","富山県","16343","下新川郡朝日町","163430019000","月山新","36.941603","137.554790","0","1"
"16","富山県","16343","下新川郡朝日町","163430020000","道下","36.948827","137.563430","0","1"
"16","富山県","16343","下新川郡朝日町","163430021000","殿町","36.923684","137.567291","0","1"
"16","富山県","16343","下新川郡朝日町","163430022000","泊","36.958487","137.561008","0","1"
"16","富山県","16343","下新川郡朝日町","163430023000","泊新","36.960533","137.563507","0","1"
"16","富山県","16343","下新川郡朝日町","163430024000","中草野","36.957750","137.551193","0","1"
"16","富山県","16343","下新川郡朝日町","163430025000","長野","36.928748","137.564762","0","1"
"16","富山県","16343","下新川郡朝日町","163430026000","南原","36.946487","137.552158","0","1"
"16","富山県","16343","下新川郡朝日町","163430027000","南保","36.930677","137.578722","0","1"
"16","富山県","16343","下新川郡朝日町","163430028000","下山新","36.914422","137.536434","0","1"
"16","富山県","16343","下新川郡朝日町","163430029000","西町","36.953917","137.554355","0","1"
"16","富山県","16343","下新川郡朝日町","163430030000","沼保","36.955078","137.564620","0","1"
"16","富山県","16343","下新川郡朝日町","163430031000","野新","36.914058","137.544803","0","1"
"16","富山県","16343","下新川郡朝日町","163430032000","浜草野","36.959844","137.551370","0","1"
"16","富山県","16343","下新川郡朝日町","163430033000","東草野","36.957212","137.554267","0","1"
"16","富山県","16343","下新川郡朝日町","163430034000","平柳","36.948946","137.556175","0","1"
"16","富山県","16343","下新川郡朝日町","163430035000","蛭谷","36.904701","137.628392","0","1"
"16","富山県","16343","下新川郡朝日町","163430036000","藤塚","36.915186","137.555051","0","1"
"16","富山県","16343","下新川郡朝日町","163430037000","不動堂","36.923425","137.557467","0","1"
"16","富山県","16343","下新川郡朝日町","163430038000","舟川新","36.938086","137.536025","0","1"
"16","富山県","16343","下新川郡朝日町","163430039000","細野","36.908382","137.562519","0","1"
"16","富山県","16343","下新川郡朝日町","163430040000","宮崎","36.966294","137.593757","0","1"
"16","富山県","16343","下新川郡朝日町","163430041000","元屋敷","36.962464","137.580826","0","1"
"16","富山県","16343","下新川郡朝日町","163430042000","山崎","36.836833","137.690236","0","1"
"16","富山県","16343","下新川郡朝日町","163430043000","山崎新","36.899777","137.561788","0","1"
"16","富山県","16343","下新川郡朝日町","163430044000","横尾","36.957212","137.573072","0","1"
"16","富山県","16343","下新川郡朝日町","163430045000","横崎新","36.961787","137.568908","0","1"
"16","富山県","16343","下新川郡朝日町","163430046000","横水","36.918873","137.553115","0","1"
