"都道府県コード","都道府県名","市区町村コード","市区町村名","大字町丁目コード","大字町丁目名","緯度","経度","原典資料コード","大字・字・丁目区分コード"
"24","三重県","24201","津市","242010001000","相生町","34.724247","136.515009","0","1"
"24","三重県","24201","津市","242010002001","青葉台一丁目","34.675078","136.445025","0","3"
"24","三重県","24201","津市","242010002002","青葉台二丁目","34.674188","136.440541","0","3"
"24","三重県","24201","津市","242010003000","阿漕町津興","34.701290","136.517220","0","1"
"24","三重県","24201","津市","242010004000","愛宕町","34.724994","136.512820","0","1"
"24","三重県","24201","津市","242010005000","安濃町安濃","34.775058","136.457534","0","1"
"24","三重県","24201","津市","242010006000","安濃町安部","34.757278","136.426710","0","1"
"24","三重県","24201","津市","242010007000","安濃町荒木","34.778703","136.448060","0","1"
"24","三重県","24201","津市","242010008000","安濃町内多","34.767707","136.469253","0","1"
"24","三重県","24201","津市","242010009000","安濃町粟加","34.774645","136.439798","0","1"
"24","三重県","24201","津市","242010010000","安濃町太田","34.758641","136.474037","0","1"
"24","三重県","24201","津市","242010011000","安濃町大塚","34.781488","136.438122","0","1"
"24","三重県","24201","津市","242010012000","安濃町川西","34.757937","136.451403","0","1"
"24","三重県","24201","津市","242010013000","安濃町草生","34.764871","136.413261","0","1"
"24","三重県","24201","津市","242010014000","安濃町神田","34.750866","136.440855","0","1"
"24","三重県","24201","津市","242010015000","安濃町光明寺","34.740801","136.431644","0","1"
"24","三重県","24201","津市","242010016000","安濃町今徳","34.742682","136.442410","0","1"
"24","三重県","24201","津市","242010017000","安濃町清水","34.748132","136.469969","0","1"
"24","三重県","24201","津市","242010018000","安濃町浄土寺","34.747218","136.455558","0","1"
"24","三重県","24201","津市","242010019000","安濃町曽根","34.749896","136.462733","0","1"
"24","三重県","24201","津市","242010020000","安濃町田端上野","34.765769","136.443265","0","1"
"24","三重県","24201","津市","242010021000","安濃町連部","34.750193","136.448137","0","1"
"24","三重県","24201","津市","242010022000","安濃町東観音寺","34.760691","136.441992","0","1"
"24","三重県","24201","津市","242010023000","安濃町戸島","34.782248","136.427386","0","1"
"24","三重県","24201","津市","242010024000","安濃町中川","34.752266","136.431385","0","1"
"24","三重県","24201","津市","242010025000","安濃町野口","34.777804","136.404227","0","1"
"24","三重県","24201","津市","242010026000","安濃町前野","34.747063","136.436240","0","1"
"24","三重県","24201","津市","242010027000","安濃町南神山","34.744458","136.427188","0","1"
"24","三重県","24201","津市","242010028000","安濃町妙法寺","34.739118","136.444720","0","1"
"24","三重県","24201","津市","242010029001","あのつ台一丁目","34.786043","136.498842","0","3"
"24","三重県","24201","津市","242010029002","あのつ台二丁目","34.786636","136.494490","0","3"
"24","三重県","24201","津市","242010029003","あのつ台三丁目","34.790621","136.494537","0","3"
"24","三重県","24201","津市","242010029004","あのつ台四丁目","34.791354","136.499842","0","3"
"24","三重県","24201","津市","242010029005","あのつ台五丁目","34.794733","136.502534","0","3"
"24","三重県","24201","津市","242010030000","安東町","34.738767","136.469104","0","1"
"24","三重県","24201","津市","242010031000","一志町井生","34.645779","136.384432","0","1"
"24","三重県","24201","津市","242010032000","一志町石橋","34.659262","136.406426","0","1"
"24","三重県","24201","津市","242010033000","一志町井関","34.642540","136.417222","0","1"
"24","三重県","24201","津市","242010034000","一志町大仰","34.651440","136.403517","0","1"
"24","三重県","24201","津市","242010035000","一志町小山","34.637227","136.440197","0","1"
"24","三重県","24201","津市","242010036000","一志町片野","34.643419","136.459333","0","1"
"24","三重県","24201","津市","242010037000","一志町小戸木","34.664090","136.453367","0","1"
"24","三重県","24201","津市","242010038000","一志町庄村","34.664945","136.449183","0","1"
"24","三重県","24201","津市","242010039000","一志町新沢田","34.643507","136.453552","0","1"
"24","三重県","24201","津市","242010040000","一志町其倉","34.666165","136.408863","0","1"
"24","三重県","24201","津市","242010041000","一志町其村","34.660118","136.455135","0","1"
"24","三重県","24201","津市","242010042000","一志町高野","34.660926","136.427058","0","1"
"24","三重県","24201","津市","242010043000","一志町田尻","34.651612","136.431202","0","1"
"24","三重県","24201","津市","242010044000","一志町虹が丘","34.639227","136.455739","0","1"
"24","三重県","24201","津市","242010045000","一志町波瀬","34.607075","136.373373","0","1"
"24","三重県","24201","津市","242010046000","一志町八太","34.650279","136.446484","0","1"
"24","三重県","24201","津市","242010047000","一志町日置","34.661311","136.444380","0","1"
"24","三重県","24201","津市","242010048000","一志町みのりヶ丘","34.645916","136.441522","0","1"
"24","三重県","24201","津市","242010049000","一色町","34.728875","136.472112","0","1"
"24","三重県","24201","津市","242010050000","一身田大古曽","34.758005","136.497892","0","1"
"24","三重県","24201","津市","242010051000","一身田上津部田","34.746580","136.498990","0","1"
"24","三重県","24201","津市","242010052000","一身田町","34.762043","136.506841","0","1"
"24","三重県","24201","津市","242010053000","一身田豊野","34.768508","136.511277","0","1"
"24","三重県","24201","津市","242010054000","一身田中野","34.750930","136.508181","0","1"
"24","三重県","24201","津市","242010055000","一身田平野","34.755480","136.513359","0","1"
"24","三重県","24201","津市","242010056000","稲葉町","34.701614","136.404329","0","1"
"24","三重県","24201","津市","242010057000","岩田","34.711402","136.506935","0","1"
"24","三重県","24201","津市","242010058000","産品","34.722996","136.443943","0","1"
"24","三重県","24201","津市","242010059001","江戸橋一丁目","34.743207","136.518217","0","3"
"24","三重県","24201","津市","242010059002","江戸橋二丁目","34.741440","136.523156","0","3"
"24","三重県","24201","津市","242010059003","江戸橋三丁目","34.738569","136.525739","0","3"
"24","三重県","24201","津市","242010060000","大倉","34.702993","136.506057","0","1"
"24","三重県","24201","津市","242010061000","大里川北町","34.777691","136.508959","0","1"
"24","三重県","24201","津市","242010062000","大里窪田町","34.768084","136.491262","0","1"
"24","三重県","24201","津市","242010063000","大里小野田町","34.778934","136.494721","0","1"
"24","三重県","24201","津市","242010064000","大里野田町","34.786352","136.478017","0","1"
"24","三重県","24201","津市","242010065000","大里睦合町","34.778801","136.478603","0","1"
"24","三重県","24201","津市","242010066000","大里山室町","34.792471","136.486584","0","1"
"24","三重県","24201","津市","242010067000","大園町","34.715298","136.493005","0","1"
"24","三重県","24201","津市","242010068000","大谷町","34.736598","136.506229","0","1"
"24","三重県","24201","津市","242010069000","大鳥町","34.687835","136.393451","0","1"
"24","三重県","24201","津市","242010070000","押加部町","34.723344","136.493959","0","1"
"24","三重県","24201","津市","242010071000","乙部","34.720096","136.517654","0","1"
"24","三重県","24201","津市","242010072000","小舟","34.728900","136.462699","0","1"
"24","三重県","24201","津市","242010073000","海岸町","34.716912","136.522815","0","1"
"24","三重県","24201","津市","242010074000","片田井戸町","34.702937","136.442892","0","1"
"24","三重県","24201","津市","242010075000","片田久保町","34.703253","136.427062","0","1"
"24","三重県","24201","津市","242010076000","片田志袋町","34.715699","136.439038","0","1"
"24","三重県","24201","津市","242010077000","片田新町","34.701869","136.438823","0","1"
"24","三重県","24201","津市","242010078000","片田田中町","34.707751","136.450801","0","1"
"24","三重県","24201","津市","242010079000","片田町","34.694376","136.442572","0","1"
"24","三重県","24201","津市","242010080000","片田長谷町","34.726387","136.428394","0","1"
"24","三重県","24201","津市","242010081000","片田長谷場町","34.713359","136.456364","0","1"
"24","三重県","24201","津市","242010082000","片田薬王寺町","34.716026","136.418774","0","1"
"24","三重県","24201","津市","242010083000","神納","34.718748","136.487267","0","1"
"24","三重県","24201","津市","242010084000","神納町","34.723561","136.486138","0","1"
"24","三重県","24201","津市","242010085001","上浜町一丁目","34.737883","136.513090","0","3"
"24","三重県","24201","津市","242010085002","上浜町二丁目","34.739968","136.514097","0","3"
"24","三重県","24201","津市","242010085003","上浜町三丁目","34.743730","136.514882","0","3"
"24","三重県","24201","津市","242010085004","上浜町四丁目","34.740735","136.511271","0","3"
"24","三重県","24201","津市","242010085005","上浜町五丁目","34.744874","136.510782","0","3"
"24","三重県","24201","津市","242010085006","上浜町六丁目","34.741119","136.504827","0","3"
"24","三重県","24201","津市","242010086000","上弁財町","34.701310","136.508489","0","1"
"24","三重県","24201","津市","242010087000","上弁財町津興","34.706585","136.511755","0","1"
"24","三重県","24201","津市","242010088000","香良洲町","34.649369","136.537367","0","1"
"24","三重県","24201","津市","242010089000","川方町","34.662769","136.472307","0","1"
"24","三重県","24201","津市","242010090000","河芸町赤部","34.792712","136.524599","0","1"
"24","三重県","24201","津市","242010091000","河芸町一色","34.781160","136.542294","0","1"
"24","三重県","24201","津市","242010092000","河芸町上野","34.792673","136.544948","0","1"
"24","三重県","24201","津市","242010093000","河芸町影重","34.777047","136.538203","0","1"
"24","三重県","24201","津市","242010094000","河芸町北黒田","34.790110","136.517556","0","1"
"24","三重県","24201","津市","242010095000","河芸町久知野","34.799650","136.531667","0","1"
"24","三重県","24201","津市","242010096000","河芸町高佐","34.778533","136.520896","0","1"
"24","三重県","24201","津市","242010097000","河芸町千里ヶ丘","34.804854","136.545846","0","1"
"24","三重県","24201","津市","242010098000","河芸町中瀬","34.779927","136.532970","0","1"
"24","三重県","24201","津市","242010099000","河芸町中別保","34.786520","136.546299","0","1"
"24","三重県","24201","津市","242010100000","河芸町西千里","34.809047","136.549013","0","1"
"24","三重県","24201","津市","242010101000","河芸町浜田","34.785209","136.529185","0","1"
"24","三重県","24201","津市","242010102000","河芸町東千里","34.802198","136.559898","0","1"
"24","三重県","24201","津市","242010103000","河芸町南黒田","34.786929","136.506988","0","1"
"24","三重県","24201","津市","242010104000","河芸町三行","34.803898","136.511257","0","1"
"24","三重県","24201","津市","242010105001","河芸町杜の街一丁目","34.804871","136.538738","0","3"
"24","三重県","24201","津市","242010105002","河芸町杜の街二丁目","34.802738","136.534260","0","3"
"24","三重県","24201","津市","242010105003","河芸町杜の街三丁目","34.804053","136.528979","0","3"
"24","三重県","24201","津市","242010105004","河芸町杜の街四丁目","34.808321","136.524654","0","3"
"24","三重県","24201","津市","242010105005","河芸町杜の街五丁目","34.807930","136.530334","0","3"
"24","三重県","24201","津市","242010106000","川添町","34.711834","136.495579","0","1"
"24","三重県","24201","津市","242010107000","観音寺町","34.730514","136.499527","0","1"
"24","三重県","24201","津市","242010108000","神戸","34.705827","136.474019","0","1"
"24","三重県","24201","津市","242010109000","北河路町","34.725682","136.477569","0","1"
"24","三重県","24201","津市","242010110000","北町津","34.722793","136.511870","0","1"
"24","三重県","24201","津市","242010111000","北丸之内","34.723709","136.509072","0","1"
"24","三重県","24201","津市","242010112000","雲出伊倉津町","34.661888","136.536624","0","1"
"24","三重県","24201","津市","242010113000","雲出鋼管町","34.675056","136.537615","0","1"
"24","三重県","24201","津市","242010114000","雲出島貫町","34.655907","136.513407","0","1"
"24","三重県","24201","津市","242010115000","雲出長常町","34.665069","136.527535","0","1"
"24","三重県","24201","津市","242010116000","雲出本郷町","34.664723","136.518233","0","1"
"24","三重県","24201","津市","242010117000","栗真小川町","34.769160","136.524317","0","1"
"24","三重県","24201","津市","242010118000","栗真中山町","34.758686","136.520588","0","1"
"24","三重県","24201","津市","242010119000","芸濃町雲林院","34.804692","136.402937","0","1"
"24","三重県","24201","津市","242010120000","芸濃町岡本","34.787725","136.447616","0","1"
"24","三重県","24201","津市","242010121000","芸濃町忍田","34.816278","136.399030","0","1"
"24","三重県","24201","津市","242010122000","芸濃町小野平","34.792035","136.406551","0","1"
"24","三重県","24201","津市","242010123000","芸濃町北神山","34.794412","136.427419","0","1"
"24","三重県","24201","津市","242010124000","芸濃町楠原","34.830814","136.400907","0","1"
"24","三重県","24201","津市","242010125000","芸濃町河内","34.794177","136.354775","0","1"
"24","三重県","24201","津市","242010126000","芸濃町多門","34.800486","136.415831","0","1"
"24","三重県","24201","津市","242010127000","芸濃町中縄","34.818377","136.413375","0","1"
"24","三重県","24201","津市","242010128000","芸濃町萩野","34.797424","136.441703","0","1"
"24","三重県","24201","津市","242010129000","芸濃町林","34.832399","136.427045","0","1"
"24","三重県","24201","津市","242010130000","芸濃町椋本","34.811753","136.432484","0","1"
"24","三重県","24201","津市","242010131000","河辺町","34.745360","136.480410","0","1"
"24","三重県","24201","津市","242010132000","広明町","34.731281","136.507031","0","1"
"24","三重県","24201","津市","242010133000","木造町","34.654682","136.499169","0","1"
"24","三重県","24201","津市","242010134000","寿町","34.714333","136.516904","0","1"
"24","三重県","24201","津市","242010135000","幸町","34.707477","136.504534","0","1"
"24","三重県","24201","津市","242010136001","栄町一丁目","34.727834","136.510058","0","3"
"24","三重県","24201","津市","242010136002","栄町二丁目","34.730426","136.512436","0","3"
"24","三重県","24201","津市","242010136003","栄町三丁目","34.733274","136.513116","0","3"
"24","三重県","24201","津市","242010136004","栄町四丁目","34.735503","136.513304","0","3"
"24","三重県","24201","津市","242010137000","榊原町","34.706676","136.355809","0","1"
"24","三重県","24201","津市","242010138000","桜田町","34.716980","136.489352","0","1"
"24","三重県","24201","津市","242010139001","桜橋一丁目","34.728655","136.515654","0","3"
"24","三重県","24201","津市","242010139002","桜橋二丁目","34.731631","136.516747","0","3"
"24","三重県","24201","津市","242010139003","桜橋三丁目","34.737428","136.518587","0","3"
"24","三重県","24201","津市","242010140000","渋見町","34.734904","136.493794","0","1"
"24","三重県","24201","津市","242010141000","島崎町","34.732213","136.524235","0","1"
"24","三重県","24201","津市","242010142000","下弁財町津興","34.704314","136.515506","0","1"
"24","三重県","24201","津市","242010143000","修成町","34.711047","136.502766","0","1"
"24","三重県","24201","津市","242010144000","庄田町","34.674512","136.425906","0","1"
"24","三重県","24201","津市","242010145000","白塚町","34.764100","136.531672","0","1"
"24","三重県","24201","津市","242010146001","城山一丁目","34.675591","136.507565","0","3"
"24","三重県","24201","津市","242010146002","城山二丁目","34.679440","136.507230","0","3"
"24","三重県","24201","津市","242010146003","城山三丁目","34.676761","136.502073","0","3"
"24","三重県","24201","津市","242010147000","新立町津","34.722108","136.511398","0","1"
"24","三重県","24201","津市","242010148000","新東町塔世","34.722222","136.513477","0","1"
"24","三重県","24201","津市","242010149001","新町一丁目","34.715976","136.498184","0","3"
"24","三重県","24201","津市","242010149002","新町二丁目","34.717718","136.494470","0","3"
"24","三重県","24201","津市","242010149003","新町三丁目","34.719147","136.490633","0","3"
"24","三重県","24201","津市","242010150000","末広町","34.721258","136.524181","0","1"
"24","三重県","24201","津市","242010151000","須ヶ瀬町","34.652944","136.466580","0","1"
"24","三重県","24201","津市","242010152000","住吉町","34.727447","136.520543","0","1"
"24","三重県","24201","津市","242010153000","船頭町津興","34.710870","136.514276","0","1"
"24","三重県","24201","津市","242010154000","大門","34.719343","136.513236","0","1"
"24","三重県","24201","津市","242010155000","高洲町","34.727680","136.525539","0","1"
"24","三重県","24201","津市","242010156001","高茶屋一丁目","34.669476","136.512106","0","3"
"24","三重県","24201","津市","242010156002","高茶屋二丁目","34.677188","136.511194","0","3"
"24","三重県","24201","津市","242010156003","高茶屋三丁目","34.672233","136.507321","0","3"
"24","三重県","24201","津市","242010156004","高茶屋四丁目","34.668352","136.507205","0","3"
"24","三重県","24201","津市","242010156005","高茶屋五丁目","34.669075","136.501189","0","3"
"24","三重県","24201","津市","242010156006","高茶屋六丁目","34.673357","136.501962","0","3"
"24","三重県","24201","津市","242010156007","高茶屋七丁目","34.671720","136.497793","0","3"
"24","三重県","24201","津市","242010157000","高茶屋小森上野町","34.678541","136.518052","0","1"
"24","三重県","24201","津市","242010158000","高茶屋小森町","34.669262","136.490975","0","1"
"24","三重県","24201","津市","242010159000","高野尾町","34.795846","136.462694","0","1"
"24","三重県","24201","津市","242010160000","垂水","34.690871","136.506858","0","1"
"24","三重県","24201","津市","242010161000","中央","34.720241","136.508973","0","1"
"24","三重県","24201","津市","242010162000","津興","34.695490","136.518473","0","1"
"24","三重県","24201","津市","242010163000","殿村","34.723002","136.461816","0","1"
"24","三重県","24201","津市","242010164001","豊が丘一丁目","34.803325","136.472241","0","3"
"24","三重県","24201","津市","242010164002","豊が丘二丁目","34.807247","136.471657","0","3"
"24","三重県","24201","津市","242010164003","豊が丘三丁目","34.803388","136.468495","0","3"
"24","三重県","24201","津市","242010164004","豊が丘四丁目","34.807630","136.464322","0","3"
"24","三重県","24201","津市","242010164005","豊が丘五丁目","34.809716","136.462763","0","3"
"24","三重県","24201","津市","242010165000","鳥居町","34.726174","136.505638","0","1"
"24","三重県","24201","津市","242010166000","長岡町","34.740180","136.488603","0","1"
"24","三重県","24201","津市","242010167000","中河原","34.724006","136.519809","0","1"
"24","三重県","24201","津市","242010168000","中村町","34.677397","136.395069","0","1"
"24","三重県","24201","津市","242010169000","なぎさまち","34.711915","136.524339","0","1"
"24","三重県","24201","津市","242010170000","西阿漕町岩田","34.700498","136.504436","0","1"
"24","三重県","24201","津市","242010171000","西古河町","34.722404","136.497865","0","1"
"24","三重県","24201","津市","242010172000","西丸之内","34.718313","136.503513","0","1"
"24","三重県","24201","津市","242010173000","新家町","34.655035","136.483380","0","1"
"24","三重県","24201","津市","242010174000","納所町","34.728727","136.484092","0","1"
"24","三重県","24201","津市","242010175000","野崎垣内岩田","34.707531","136.501076","0","1"
"24","三重県","24201","津市","242010176000","野田","34.710151","136.463020","0","1"
"24","三重県","24201","津市","242010177000","博多町","34.720879","136.486888","0","1"
"24","三重県","24201","津市","242010178000","白山町伊勢見","34.655546","136.266336","0","1"
"24","三重県","24201","津市","242010179000","白山町稲垣","34.656364","136.329263","0","1"
"24","三重県","24201","津市","242010180000","白山町大原","34.636889","136.262098","0","1"
"24","三重県","24201","津市","242010181000","白山町岡","34.667397","136.354042","0","1"
"24","三重県","24201","津市","242010182000","白山町垣内","34.685580","136.283662","0","1"
"24","三重県","24201","津市","242010183000","白山町上ノ村","34.677949","136.317978","0","1"
"24","三重県","24201","津市","242010184000","白山町川口","34.625125","136.352838","0","1"
"24","三重県","24201","津市","242010185000","白山町北家城","34.636313","136.332313","0","1"
"24","三重県","24201","津市","242010186000","白山町小杉","34.628567","136.267860","0","1"
"24","三重県","24201","津市","242010187000","白山町佐田","34.680333","136.340419","0","1"
"24","三重県","24201","津市","242010188000","白山町城立","34.623185","136.281562","0","1"
"24","三重県","24201","津市","242010189000","白山町中ノ村","34.666256","136.343394","0","1"
"24","三重県","24201","津市","242010190000","白山町二本木","34.664760","136.370785","0","1"
"24","三重県","24201","津市","242010191000","白山町八対野","34.655020","136.309985","0","1"
"24","三重県","24201","津市","242010192000","白山町福田山","34.607278","136.266219","0","1"
"24","三重県","24201","津市","242010193000","白山町藤","34.637556","136.291519","0","1"
"24","三重県","24201","津市","242010194000","白山町二俣","34.620881","136.298679","0","1"
"24","三重県","24201","津市","242010195000","白山町古市","34.651795","136.344882","0","1"
"24","三重県","24201","津市","242010196000","白山町真見","34.619645","136.311549","0","1"
"24","三重県","24201","津市","242010197000","白山町三ヶ野","34.672651","136.384204","0","1"
"24","三重県","24201","津市","242010198000","白山町南家城","34.616270","136.326848","0","1"
"24","三重県","24201","津市","242010199000","白山町南出","34.658888","136.341424","0","1"
"24","三重県","24201","津市","242010200000","白山町山田野","34.646109","136.305471","0","1"
"24","三重県","24201","津市","242010201001","八町一丁目","34.718189","136.499126","0","3"
"24","三重県","24201","津市","242010201002","八町二丁目","34.719509","136.496091","0","3"
"24","三重県","24201","津市","242010201003","八町三丁目","34.720974","136.492397","0","3"
"24","三重県","24201","津市","242010202000","羽所町","34.733402","136.511153","0","1"
"24","三重県","24201","津市","242010203000","半田","34.701529","136.494537","0","1"
"24","三重県","24201","津市","242010204000","東古河町","34.720796","136.500316","0","1"
"24","三重県","24201","津市","242010205000","東町津","34.721856","136.512091","0","1"
"24","三重県","24201","津市","242010206000","東丸之内","34.715812","136.512022","0","1"
"24","三重県","24201","津市","242010207000","久居相川町","34.688024","136.486914","0","1"
"24","三重県","24201","津市","242010208000","久居一色町","34.688368","136.400969","0","1"
"24","三重県","24201","津市","242010209000","久居井戸山町","34.670689","136.484828","0","1"
"24","三重県","24201","津市","242010210000","久居射場町","34.680642","136.467433","0","1"
"24","三重県","24201","津市","242010211000","久居烏木町","34.680408","136.471575","0","1"
"24","三重県","24201","津市","242010212000","久居北口町","34.684169","136.475925","0","1"
"24","三重県","24201","津市","242010213000","久居小野辺町","34.680941","136.498368","0","1"
"24","三重県","24201","津市","242010214000","久居小戸木町","34.665743","136.456825","0","1"
"24","三重県","24201","津市","242010215000","久居桜が丘町","34.683406","136.489644","0","1"
"24","三重県","24201","津市","242010216000","久居幸町","34.676447","136.469974","0","1"
"24","三重県","24201","津市","242010217000","久居新町","34.678400","136.477325","0","1"
"24","三重県","24201","津市","242010218000","久居寺町","34.676582","136.473904","0","1"
"24","三重県","24201","津市","242010219000","久居中町","34.679092","136.465863","0","1"
"24","三重県","24201","津市","242010220000","久居西鷹跡町","34.675899","136.462012","0","1"
"24","三重県","24201","津市","242010221000","久居二ノ町","34.672876","136.472746","0","1"
"24","三重県","24201","津市","242010222000","久居野口町","34.670124","136.478358","0","1"
"24","三重県","24201","津市","242010223000","久居野村町","34.679610","136.489637","0","1"
"24","三重県","24201","津市","242010224000","久居旅籠町","34.675819","136.471688","0","1"
"24","三重県","24201","津市","242010225000","久居東鷹跡町","34.673987","136.468014","0","1"
"24","三重県","24201","津市","242010226000","久居藤ヶ丘町","34.690098","136.482197","0","1"
"24","三重県","24201","津市","242010227000","久居本町","34.672322","136.470542","0","1"
"24","三重県","24201","津市","242010228001","久居緑が丘町一丁目","34.691465","136.406641","0","3"
"24","三重県","24201","津市","242010228002","久居緑が丘町二丁目","34.695967","136.404382","0","3"
"24","三重県","24201","津市","242010229000","久居明神町","34.689287","136.468496","0","1"
"24","三重県","24201","津市","242010230000","久居持川町","34.684008","136.480402","0","1"
"24","三重県","24201","津市","242010231000","久居元町","34.664998","136.465139","0","1"
"24","三重県","24201","津市","242010232000","久居万町","34.678199","136.465356","0","1"
"24","三重県","24201","津市","242010233000","藤枝町","34.693611","136.511535","0","1"
"24","三重県","24201","津市","242010234000","戸木町","34.682544","136.442415","0","1"
"24","三重県","24201","津市","242010235000","本町","34.711091","136.510355","0","1"
"24","三重県","24201","津市","242010236000","牧町","34.660107","136.476351","0","1"
"24","三重県","24201","津市","242010237000","丸之内","34.716339","136.507331","0","1"
"24","三重県","24201","津市","242010238000","丸之内養正町","34.721711","136.504899","0","1"
"24","三重県","24201","津市","242010239000","三重町津興","34.710792","136.517997","0","1"
"24","三重県","24201","津市","242010240000","美川町","34.712762","136.491525","0","1"
"24","三重県","24201","津市","242010241000","美里町足坂","34.721117","136.392471","0","1"
"24","三重県","24201","津市","242010242000","美里町穴倉","34.748768","136.387753","0","1"
"24","三重県","24201","津市","242010243000","美里町家所","34.731529","136.414345","0","1"
"24","三重県","24201","津市","242010244000","美里町五百野","34.715740","136.402367","0","1"
"24","三重県","24201","津市","242010245000","美里町桂畑","34.740719","136.326402","0","1"
"24","三重県","24201","津市","242010246000","美里町北長野","34.750621","136.368092","0","1"
"24","三重県","24201","津市","242010247000","美里町高座原","34.755812","136.393114","0","1"
"24","三重県","24201","津市","242010248000","美里町日南田","34.747166","136.414454","0","1"
"24","三重県","24201","津市","242010249000","美里町平木","34.762239","136.346284","0","1"
"24","三重県","24201","津市","242010250000","美里町船山","34.757239","136.402143","0","1"
"24","三重県","24201","津市","242010251000","美里町三郷","34.732138","136.384708","0","1"
"24","三重県","24201","津市","242010252000","美里町南長野","34.731587","136.366631","0","1"
"24","三重県","24201","津市","242010253000","美杉町石名原","34.509980","136.239144","0","1"
"24","三重県","24201","津市","242010254000","美杉町奥津","34.514619","136.270530","0","1"
"24","三重県","24201","津市","242010255000","美杉町上多気","34.506471","136.316649","0","1"
"24","三重県","24201","津市","242010256000","美杉町川上","34.479833","136.252422","0","1"
"24","三重県","24201","津市","242010257000","美杉町下多気","34.539023","136.300704","0","1"
"24","三重県","24201","津市","242010258000","美杉町下之川","34.558048","136.333666","0","1"
"24","三重県","24201","津市","242010259000","美杉町杉平","34.505831","136.219966","0","1"
"24","三重県","24201","津市","242010260000","美杉町竹原","34.590386","136.295508","0","1"
"24","三重県","24201","津市","242010261000","美杉町太郎生","34.542700","136.188403","0","1"
"24","三重県","24201","津市","242010262000","美杉町丹生俣","34.482125","136.306107","0","1"
"24","三重県","24201","津市","242010263000","美杉町八手俣","34.585748","136.333639","0","1"
"24","三重県","24201","津市","242010264000","美杉町三多気","34.521944","136.224406","0","1"
"24","三重県","24201","津市","242010265000","美杉町八知","34.558367","136.257504","0","1"
"24","三重県","24201","津市","242010266001","緑が丘一丁目","34.711225","136.471484","0","3"
"24","三重県","24201","津市","242010266002","緑が丘二丁目","34.710430","136.468360","0","3"
"24","三重県","24201","津市","242010267000","港町","34.713807","136.523406","0","1"
"24","三重県","24201","津市","242010268001","南が丘一丁目","34.691542","136.498366","0","3"
"24","三重県","24201","津市","242010268002","南が丘二丁目","34.694588","136.500898","0","3"
"24","三重県","24201","津市","242010268003","南が丘三丁目","34.690821","136.500787","0","3"
"24","三重県","24201","津市","242010268004","南が丘四丁目","34.688332","136.497840","0","3"
"24","三重県","24201","津市","242010269000","南河路","34.721453","136.478548","0","1"
"24","三重県","24201","津市","242010270000","南新町","34.713510","136.497254","0","1"
"24","三重県","24201","津市","242010271000","南中央","34.706323","136.509052","0","1"
"24","三重県","24201","津市","242010272000","南丸之内","34.714013","136.502362","0","1"
"24","三重県","24201","津市","242010273000","森町","34.684880","136.421199","0","1"
"24","三重県","24201","津市","242010274000","柳山津興","34.707766","136.517738","0","1"
"24","三重県","24201","津市","242010275001","夢が丘一丁目","34.759942","136.486308","0","3"
"24","三重県","24201","津市","242010275002","夢が丘二丁目","34.756839","136.485760","0","3"
"24","三重県","24201","津市","242010276000","万町津","34.724795","136.511252","0","1"
"24","三重県","24201","津市","242010277000","分部","34.733710","136.452496","0","1"
"24","三重県","24201","津市","242010278000","栗真町屋町","34.749829","136.524903","0","1"
"24","三重県","24201","津市","242010279000","八幡町津","34.698419","136.512153","0","1"
"24","三重県","24201","津市","242010280000","藤方","34.690360","136.516325","0","1"
"24","三重県","24201","津市","242010281000","八幡町藤方","34.696948","136.514537","0","1"
"24","三重県","24202","四日市市","242020001000","相生町","34.963176","136.632056","0","1"
"24","三重県","24202","四日市市","242020002000","青葉町","34.970670","136.581493","0","1"
"24","三重県","24202","四日市市","242020003001","あがたが丘一丁目","35.022263","136.570623","0","3"
"24","三重県","24202","四日市市","242020003002","あがたが丘二丁目","35.024293","136.569044","0","3"
"24","三重県","24202","四日市市","242020003003","あがたが丘三丁目","35.024863","136.566012","0","3"
"24","三重県","24202","四日市市","242020004001","あかつき台一丁目","35.024245","136.598979","0","3"
"24","三重県","24202","四日市市","242020004002","あかつき台二丁目","35.026783","136.599898","0","3"
"24","三重県","24202","四日市市","242020004003","あかつき台三丁目","35.028594","136.597945","0","3"
"24","三重県","24202","四日市市","242020004004","あかつき台四丁目","35.026573","136.603967","0","3"
"24","三重県","24202","四日市市","242020004005","あかつき台五丁目","35.028200","136.594794","0","3"
"24","三重県","24202","四日市市","242020004006","あかつき台六丁目","35.031694","136.596816","0","3"
"24","三重県","24202","四日市市","242020005001","赤堀一丁目","34.959446","136.612401","0","3"
"24","三重県","24202","四日市市","242020005002","赤堀二丁目","34.960895","136.609125","0","3"
"24","三重県","24202","四日市市","242020005003","赤堀三丁目","34.959294","136.606565","0","3"
"24","三重県","24202","四日市市","242020006000","赤堀新町","34.961841","136.611857","0","1"
"24","三重県","24202","四日市市","242020007000","赤堀南町","34.957159","136.610582","0","1"
"24","三重県","24202","四日市市","242020008000","阿倉川新町","34.993827","136.620558","0","1"
"24","三重県","24202","四日市市","242020009000","阿倉川町","34.985361","136.627354","0","1"
"24","三重県","24202","四日市市","242020010001","曙一丁目","34.955028","136.624588","0","3"
"24","三重県","24202","四日市市","242020010002","曙二丁目","34.953083","136.622877","0","3"
"24","三重県","24202","四日市市","242020011000","曙町","34.952200","136.626244","0","1"
"24","三重県","24202","四日市市","242020012000","赤水町","35.012161","136.556433","0","1"
"24","三重県","24202","四日市市","242020013001","あさけが丘一丁目","35.035271","136.580954","0","3"
"24","三重県","24202","四日市市","242020013002","あさけが丘二丁目","35.035163","136.577780","0","3"
"24","三重県","24202","四日市市","242020013003","あさけが丘三丁目","35.033027","136.576526","0","3"
"24","三重県","24202","四日市市","242020014000","朝明町","35.039500","136.586987","0","1"
"24","三重県","24202","四日市市","242020015000","朝日町","34.961308","136.627649","0","1"
"24","三重県","24202","四日市市","242020016000","雨池町","34.946702","136.619168","0","1"
"24","三重県","24202","四日市市","242020017001","天カ須賀一丁目","35.008993","136.667472","0","3"
"24","三重県","24202","四日市市","242020017002","天カ須賀二丁目","35.010831","136.669131","0","3"
"24","三重県","24202","四日市市","242020017003","天カ須賀三丁目","35.012719","136.672038","0","3"
"24","三重県","24202","四日市市","242020017004","天カ須賀四丁目","35.015223","136.669823","0","3"
"24","三重県","24202","四日市市","242020017005","天カ須賀五丁目","35.013112","136.665453","0","3"
"24","三重県","24202","四日市市","242020018000","天カ須賀新町","35.006135","136.670159","0","1"
"24","三重県","24202","四日市市","242020019001","伊倉一丁目","34.972140","136.604709","0","3"
"24","三重県","24202","四日市市","242020019002","伊倉二丁目","34.973063","136.601268","0","3"
"24","三重県","24202","四日市市","242020019003","伊倉三丁目","34.974094","136.597368","0","3"
"24","三重県","24202","四日市市","242020020000","生桑町","34.983888","136.600019","0","1"
"24","三重県","24202","四日市市","242020021001","伊坂台一丁目","35.042127","136.628816","0","3"
"24","三重県","24202","四日市市","242020021002","伊坂台二丁目","35.041528","136.626285","0","3"
"24","三重県","24202","四日市市","242020021003","伊坂台三丁目","35.044992","136.624580","0","3"
"24","三重県","24202","四日市市","242020022000","伊坂町","35.039218","136.623960","0","1"
"24","三重県","24202","四日市市","242020023000","石塚町","34.961058","136.603220","0","1"
"24","三重県","24202","四日市市","242020024000","石原町","34.939623","136.646383","0","1"
"24","三重県","24202","四日市市","242020025000","市場町","35.058525","136.561189","0","1"
"24","三重県","24202","四日市市","242020026000","稲葉町","34.963745","136.637957","0","1"
"24","三重県","24202","四日市市","242020027001","浮橋一丁目","34.969659","136.576891","0","3"
"24","三重県","24202","四日市市","242020027002","浮橋二丁目","34.969054","136.574665","0","3"
"24","三重県","24202","四日市市","242020028000","内山町","34.963576","136.539577","0","1"
"24","三重県","24202","四日市市","242020029000","内堀町","34.922702","136.609517","0","1"
"24","三重県","24202","四日市市","242020030001","釆女が丘一丁目","34.918269","136.583718","0","3"
"24","三重県","24202","四日市市","242020030002","釆女が丘二丁目","34.915217","136.583721","0","3"
"24","三重県","24202","四日市市","242020030003","釆女が丘三丁目","34.915907","136.580448","0","3"
"24","三重県","24202","四日市市","242020030004","釆女が丘四丁目","34.913290","136.579390","0","3"
"24","三重県","24202","四日市市","242020030005","釆女が丘五丁目","34.912492","136.582054","0","3"
"24","三重県","24202","四日市市","242020031000","釆女町","34.922336","136.576323","0","1"
"24","三重県","24202","四日市市","242020032001","鵜の森一丁目","34.965324","136.615538","0","3"
"24","三重県","24202","四日市市","242020032002","鵜の森二丁目","34.967157","136.611569","0","3"
"24","三重県","24202","四日市市","242020033001","午起一丁目","34.970359","136.637868","0","3"
"24","三重県","24202","四日市市","242020033002","午起二丁目","34.973735","136.639503","0","3"
"24","三重県","24202","四日市市","242020033003","午起三丁目","34.974116","136.642048","0","3"
"24","三重県","24202","四日市市","242020034000","江村町","35.008886","136.545908","0","1"
"24","三重県","24202","四日市市","242020035001","追分一丁目","34.936082","136.599269","0","3"
"24","三重県","24202","四日市市","242020035002","追分二丁目","34.935716","136.597194","0","3"
"24","三重県","24202","四日市市","242020035003","追分三丁目","34.934767","136.597829","0","3"
"24","三重県","24202","四日市市","242020036001","桜花台一丁目","34.988256","136.528923","0","3"
"24","三重県","24202","四日市市","242020036002","桜花台二丁目","34.988100","136.525064","0","3"
"24","三重県","24202","四日市市","242020037000","大字塩浜","34.929366","136.617420","0","1"
"24","三重県","24202","四日市市","242020038000","大字末永","34.983714","136.611627","0","1"
"24","三重県","24202","四日市市","242020039000","大字泊村","34.940582","136.587242","0","1"
"24","三重県","24202","四日市市","242020040000","大字西阿倉川","34.989249","136.617521","0","1"
"24","三重県","24202","四日市市","242020041000","大字馳出","34.946760","136.616910","0","1"
"24","三重県","24202","四日市市","242020042000","大字羽津","35.004201","136.630930","0","1"
"24","三重県","24202","四日市市","242020043000","大字東阿倉川","34.986485","136.623177","0","1"
"24","三重県","24202","四日市市","242020044000","大字日永","34.945863","136.590028","0","1"
"24","三重県","24202","四日市市","242020045000","大字松本","34.965109","136.582030","0","1"
"24","三重県","24202","四日市市","242020046000","大字茂福","35.007733","136.639534","0","1"
"24","三重県","24202","四日市市","242020047000","大字六呂見","34.938891","136.610669","0","1"
"24","三重県","24202","四日市市","242020048000","大池町","34.935300","136.617170","0","1"
"24","三重県","24202","四日市市","242020049001","大井手一丁目","34.970999","136.593119","0","3"
"24","三重県","24202","四日市市","242020049002","大井手二丁目","34.973582","136.593861","0","3"
"24","三重県","24202","四日市市","242020049003","大井手三丁目","34.972835","136.589479","0","3"
"24","三重県","24202","四日市市","242020050001","大井の川町一丁目","34.949335","136.624199","0","3"
"24","三重県","24202","四日市市","242020050002","大井の川町二丁目","34.947454","136.623589","0","3"
"24","三重県","24202","四日市市","242020050003","大井の川町三丁目","34.945941","136.623695","0","3"
"24","三重県","24202","四日市市","242020051000","大鐘町","35.038002","136.606464","0","1"
"24","三重県","24202","四日市市","242020052001","大谷台一丁目","34.999678","136.614669","0","3"
"24","三重県","24202","四日市市","242020052002","大谷台二丁目","35.000367","136.612216","0","3"
"24","三重県","24202","四日市市","242020053000","大浜町","34.947028","136.626672","0","1"
"24","三重県","24202","四日市市","242020054000","大宮町","34.990979","136.630545","0","1"
"24","三重県","24202","四日市市","242020055000","大宮西町","34.992669","136.628266","0","1"
"24","三重県","24202","四日市市","242020056000","大矢知新町","35.023116","136.627973","0","1"
"24","三重県","24202","四日市市","242020057000","大矢知町","35.017252","136.631216","0","1"
"24","三重県","24202","四日市市","242020058000","沖の島町","34.965946","136.627432","0","1"
"24","三重県","24202","四日市市","242020059001","小古曽一丁目","34.932417","136.594456","0","3"
"24","三重県","24202","四日市市","242020059002","小古曽二丁目","34.929647","136.591333","0","3"
"24","三重県","24202","四日市市","242020059003","小古曽三丁目","34.925860","136.588108","0","3"
"24","三重県","24202","四日市市","242020059004","小古曽四丁目","34.933980","136.590767","0","3"
"24","三重県","24202","四日市市","242020059005","小古曽五丁目","34.932078","136.588276","0","3"
"24","三重県","24202","四日市市","242020059006","小古曽六丁目","34.928345","136.586822","0","3"
"24","三重県","24202","四日市市","242020060000","小古曽町","34.918739","136.590545","0","1"
"24","三重県","24202","四日市市","242020061001","小古曽東一丁目","34.930691","136.596634","0","3"
"24","三重県","24202","四日市市","242020061002","小古曽東二丁目","34.924290","136.594250","0","3"
"24","三重県","24202","四日市市","242020061003","小古曽東三丁目","34.924007","136.587984","0","3"
"24","三重県","24202","四日市市","242020062000","尾上町","34.960205","136.633996","0","1"
"24","三重県","24202","四日市市","242020063001","大治田一丁目","34.932603","136.601319","0","3"
"24","三重県","24202","四日市市","242020063002","大治田二丁目","34.930507","136.600933","0","3"
"24","三重県","24202","四日市市","242020063003","大治田三丁目","34.924047","136.599866","0","3"
"24","三重県","24202","四日市市","242020064000","尾平町","34.978475","136.588807","0","1"
"24","三重県","24202","四日市市","242020065000","小山町","34.966058","136.525597","0","1"
"24","三重県","24202","四日市市","242020066000","貝家町","34.930248","136.566490","0","1"
"24","三重県","24202","四日市市","242020067000","貝塚町","34.916191","136.612988","0","1"
"24","三重県","24202","四日市市","242020068001","霞一丁目","34.982938","136.661619","0","3"
"24","三重県","24202","四日市市","242020068002","霞二丁目","34.992468","136.658972","0","3"
"24","三重県","24202","四日市市","242020069000","金場町","34.984570","136.634404","0","1"
"24","三重県","24202","四日市市","242020070000","上海老町","35.025615","136.559364","0","1"
"24","三重県","24202","四日市市","242020071000","萱生町","35.022288","136.603507","0","1"
"24","三重県","24202","四日市市","242020072000","川合町","34.927907","136.625735","0","1"
"24","三重県","24202","四日市市","242020073001","川北一丁目","35.020503","136.647430","0","3"
"24","三重県","24202","四日市市","242020073002","川北二丁目","35.023567","136.648753","0","3"
"24","三重県","24202","四日市市","242020073003","川北三丁目","35.024222","136.644271","0","3"
"24","三重県","24202","四日市市","242020074000","川北町","35.026895","136.650054","0","1"
"24","三重県","24202","四日市市","242020075000","川島新町","34.976266","136.559457","0","1"
"24","三重県","24202","四日市市","242020076000","川島町","34.968713","136.549944","0","1"
"24","三重県","24202","四日市市","242020077000","川尻町","34.928929","136.608099","0","1"
"24","三重県","24202","四日市市","242020078000","河原田町","34.914242","136.598174","0","1"
"24","三重県","24202","四日市市","242020079000","川原町","34.974515","136.628446","0","1"
"24","三重県","24202","四日市市","242020080000","北小松町","34.928639","136.553744","0","1"
"24","三重県","24202","四日市市","242020081000","北条町","34.970429","136.631850","0","1"
"24","三重県","24202","四日市市","242020082000","北納屋町","34.966162","136.637415","0","1"
"24","三重県","24202","四日市市","242020083000","北野町","35.014836","136.543726","0","1"
"24","三重県","24202","四日市市","242020084000","北浜田町","34.961531","136.623006","0","1"
"24","三重県","24202","四日市市","242020085000","北浜町","34.969033","136.633430","0","1"
"24","三重県","24202","四日市市","242020086000","北町","34.971490","136.626834","0","1"
"24","三重県","24202","四日市市","242020087000","北山町","35.042877","136.589153","0","1"
"24","三重県","24202","四日市市","242020088000","京町","34.976382","136.630548","0","1"
"24","三重県","24202","四日市市","242020089000","楠町小倉","34.923532","136.629054","0","1"
"24","三重県","24202","四日市市","242020090000","楠町北一色","34.917711","136.619778","0","1"
"24","三重県","24202","四日市市","242020091000","楠町北五味塚","34.913867","136.632289","0","1"
"24","三重県","24202","四日市市","242020092000","楠町本郷","34.911446","136.616952","0","1"
"24","三重県","24202","四日市市","242020093000","楠町南川","34.905725","136.619979","0","1"
"24","三重県","24202","四日市市","242020094000","楠町南五味塚","34.906405","136.637954","0","1"
"24","三重県","24202","四日市市","242020095000","楠町吉崎","34.915993","136.642462","0","1"
"24","三重県","24202","四日市市","242020096000","九の城町","34.963820","136.614473","0","1"
"24","三重県","24202","四日市市","242020097001","久保田一丁目","34.973391","136.608248","0","3"
"24","三重県","24202","四日市市","242020097002","久保田二丁目","34.974873","136.609967","0","3"
"24","三重県","24202","四日市市","242020098000","蔵町","34.965371","136.633060","0","1"
"24","三重県","24202","四日市市","242020099000","黒田町","35.012701","136.538347","0","1"
"24","三重県","24202","四日市市","242020100000","黄金町","35.027284","136.637441","0","1"
"24","三重県","24202","四日市市","242020101000","小杉新町","34.998992","136.608182","0","1"
"24","三重県","24202","四日市市","242020102000","小杉町","34.991040","136.607757","0","1"
"24","三重県","24202","四日市市","242020103000","寿町","34.951669","136.622173","0","1"
"24","三重県","24202","四日市市","242020104000","小浜町","34.933475","136.616896","0","1"
"24","三重県","24202","四日市市","242020105000","小林町","34.957184","136.540563","0","1"
"24","三重県","24202","四日市市","242020106000","小牧町","35.044574","136.572093","0","1"
"24","三重県","24202","四日市市","242020107000","小生町","34.975133","136.577287","0","1"
"24","三重県","24202","四日市市","242020108000","幸町","34.962196","136.625387","0","1"
"24","三重県","24202","四日市市","242020109000","栄町","34.964228","136.627017","0","1"
"24","三重県","24202","四日市市","242020110001","坂部が丘一丁目","35.001427","136.599053","0","3"
"24","三重県","24202","四日市市","242020110002","坂部が丘二丁目","35.004330","136.598581","0","3"
"24","三重県","24202","四日市市","242020110003","坂部が丘三丁目","35.002897","136.597734","0","3"
"24","三重県","24202","四日市市","242020110004","坂部が丘四丁目","35.001672","136.596213","0","3"
"24","三重県","24202","四日市市","242020110005","坂部が丘五丁目","35.003408","136.594675","0","3"
"24","三重県","24202","四日市市","242020111001","坂部台一丁目","35.004715","136.607031","0","3"
"24","三重県","24202","四日市市","242020111002","坂部台二丁目","35.004416","136.604409","0","3"
"24","三重県","24202","四日市市","242020112001","桜新町一丁目","34.983460","136.522452","0","3"
"24","三重県","24202","四日市市","242020112002","桜新町二丁目","34.982151","136.523491","0","3"
"24","三重県","24202","四日市市","242020113001","桜台一丁目","34.987421","136.534496","0","3"
"24","三重県","24202","四日市市","242020113002","桜台二丁目","34.981765","136.531117","0","3"
"24","三重県","24202","四日市市","242020113003","桜台三丁目","34.980810","136.534659","0","3"
"24","三重県","24202","四日市市","242020114000","桜台本町","34.988753","136.538244","0","1"
"24","三重県","24202","四日市市","242020115000","桜町","34.987960","136.506240","0","1"
"24","三重県","24202","四日市市","242020116001","笹川一丁目","34.949681","136.580864","0","3"
"24","三重県","24202","四日市市","242020116002","笹川二丁目","34.951163","136.576288","0","3"
"24","三重県","24202","四日市市","242020116003","笹川三丁目","34.950930","136.572198","0","3"
"24","三重県","24202","四日市市","242020116004","笹川四丁目","34.946796","136.568664","0","3"
"24","三重県","24202","四日市市","242020116005","笹川五丁目","34.947071","136.572341","0","3"
"24","三重県","24202","四日市市","242020116006","笹川六丁目","34.946846","136.575596","0","3"
"24","三重県","24202","四日市市","242020116007","笹川七丁目","34.946241","136.578757","0","3"
"24","三重県","24202","四日市市","242020116008","笹川八丁目","34.942002","136.575787","0","3"
"24","三重県","24202","四日市市","242020116009","笹川九丁目","34.942084","136.571508","0","3"
"24","三重県","24202","四日市市","242020117000","札場町","35.037121","136.573298","0","1"
"24","三重県","24202","四日市市","242020118000","三郎町","34.974751","136.646747","0","1"
"24","三重県","24202","四日市市","242020119000","三栄町","34.963636","136.623588","0","1"
"24","三重県","24202","四日市市","242020120000","塩浜町","34.936542","136.634859","0","1"
"24","三重県","24202","四日市市","242020121001","塩浜本町一丁目","34.931037","136.624183","0","3"
"24","三重県","24202","四日市市","242020121002","塩浜本町二丁目","34.930956","136.621425","0","3"
"24","三重県","24202","四日市市","242020121003","塩浜本町三丁目","34.929276","136.623199","0","3"
"24","三重県","24202","四日市市","242020122000","鹿間町","34.930330","136.533362","0","1"
"24","三重県","24202","四日市市","242020123001","芝田一丁目","34.969090","136.607809","0","3"
"24","三重県","24202","四日市市","242020123002","芝田二丁目","34.971313","136.608197","0","3"
"24","三重県","24202","四日市市","242020124000","清水町","34.981265","136.614911","0","1"
"24","三重県","24202","四日市市","242020125000","下海老町","35.016077","136.574677","0","1"
"24","三重県","24202","四日市市","242020126000","下さざらい町","35.019763","136.642652","0","1"
"24","三重県","24202","四日市市","242020127000","下之宮町","35.015406","136.641342","0","1"
"24","三重県","24202","四日市市","242020128000","十七軒町","34.959013","136.623616","0","1"
"24","三重県","24202","四日市市","242020129000","十志町","35.011550","136.644763","0","1"
"24","三重県","24202","四日市市","242020130000","昌栄町","34.958103","136.628292","0","1"
"24","三重県","24202","四日市市","242020131000","松泉町","34.937946","136.617542","0","1"
"24","三重県","24202","四日市市","242020132001","白須賀一丁目","34.989988","136.643178","0","3"
"24","三重県","24202","四日市市","242020132002","白須賀二丁目","34.992234","136.645169","0","3"
"24","三重県","24202","四日市市","242020132003","白須賀三丁目","34.994788","136.646722","0","3"
"24","三重県","24202","四日市市","242020133000","城北町","34.965311","136.610540","0","1"
"24","三重県","24202","四日市市","242020134000","城西町","34.964846","136.603564","0","1"
"24","三重県","24202","四日市市","242020135000","城東町","34.963451","136.609269","0","1"
"24","三重県","24202","四日市市","242020136000","城山町","34.986202","136.632290","0","1"
"24","三重県","24202","四日市市","242020137001","新正一丁目","34.959005","136.616075","0","3"
"24","三重県","24202","四日市市","242020137002","新正二丁目","34.958061","136.619433","0","3"
"24","三重県","24202","四日市市","242020137003","新正三丁目","34.955854","136.622466","0","3"
"24","三重県","24202","四日市市","242020137004","新正四丁目","34.955107","136.616375","0","3"
"24","三重県","24202","四日市市","242020137005","新正五丁目","34.956414","136.613911","0","3"
"24","三重県","24202","四日市市","242020138000","新々町","34.966710","136.629766","0","1"
"24","三重県","24202","四日市市","242020139000","新町","34.966273","136.631012","0","1"
"24","三重県","24202","四日市市","242020140000","新浜町","34.972303","136.634154","0","1"
"24","三重県","24202","四日市市","242020141000","水沢町","34.976724","136.487540","0","1"
"24","三重県","24202","四日市市","242020142000","水沢野田町","34.960491","136.482782","0","1"
"24","三重県","24202","四日市市","242020143000","末広町","34.953764","136.630737","0","1"
"24","三重県","24202","四日市市","242020144000","菅原町","34.994600","136.555705","0","1"
"24","三重県","24202","四日市市","242020145000","住吉町","35.009726","136.664645","0","1"
"24","三重県","24202","四日市市","242020146000","諏訪栄町","34.967147","136.620986","0","1"
"24","三重県","24202","四日市市","242020147000","諏訪町","34.965813","136.624235","0","1"
"24","三重県","24202","四日市市","242020148000","曽井町","34.986929","136.575427","0","1"
"24","三重県","24202","四日市市","242020149001","大協町一丁目","34.962192","136.643247","0","3"
"24","三重県","24202","四日市市","242020149002","大協町二丁目","34.968134","136.642872","0","3"
"24","三重県","24202","四日市市","242020150000","平町","35.013619","136.656734","0","1"
"24","三重県","24202","四日市市","242020151000","高旭町","34.935881","136.625632","0","1"
"24","三重県","24202","四日市市","242020152000","高砂町","34.961751","136.636540","0","1"
"24","三重県","24202","四日市市","242020153000","高角町","34.985350","136.558569","0","1"
"24","三重県","24202","四日市市","242020154001","高花平一丁目","34.956546","136.552136","0","3"
"24","三重県","24202","四日市市","242020154002","高花平二丁目","34.954028","136.553084","0","3"
"24","三重県","24202","四日市市","242020154003","高花平三丁目","34.954000","136.550067","0","3"
"24","三重県","24202","四日市市","242020154004","高花平四丁目","34.951516","136.551123","0","3"
"24","三重県","24202","四日市市","242020154005","高花平五丁目","34.951716","136.553986","0","3"
"24","三重県","24202","四日市市","242020155000","高浜新町","34.976827","136.641005","0","1"
"24","三重県","24202","四日市市","242020156000","高浜町","34.977706","136.637276","0","1"
"24","三重県","24202","四日市市","242020157001","高見台一丁目","35.060818","136.562542","0","3"
"24","三重県","24202","四日市市","242020157002","高見台二丁目","35.062928","136.560580","0","3"
"24","三重県","24202","四日市市","242020158000","宝町","34.937298","136.620176","0","1"
"24","三重県","24202","四日市市","242020159000","垂坂新町","35.002824","136.609426","0","1"
"24","三重県","24202","四日市市","242020160000","垂坂町","35.008097","136.614816","0","1"
"24","三重県","24202","四日市市","242020161000","智積町","34.987647","136.546924","0","1"
"24","三重県","24202","四日市市","242020162000","千歳町","34.954598","136.635694","0","1"
"24","三重県","24202","四日市市","242020163000","中部","34.968674","136.625570","0","1"
"24","三重県","24202","四日市市","242020164000","千代田町","35.031613","136.620504","0","1"
"24","三重県","24202","四日市市","242020165000","寺方町","34.993087","136.564505","0","1"
"24","三重県","24202","四日市市","242020166000","堂ケ山町","34.951636","136.508563","0","1"
"24","三重県","24202","四日市市","242020167000","東新町","34.974783","136.635148","0","1"
"24","三重県","24202","四日市市","242020168000","東邦町","34.944493","136.630591","0","1"
"24","三重県","24202","四日市市","242020169001","ときわ一丁目","34.966984","136.598381","0","3"
"24","三重県","24202","四日市市","242020169002","ときわ二丁目","34.968299","136.595575","0","3"
"24","三重県","24202","四日市市","242020169003","ときわ三丁目","34.964174","136.593612","0","3"
"24","三重県","24202","四日市市","242020169004","ときわ四丁目","34.963293","136.596339","0","3"
"24","三重県","24202","四日市市","242020169005","ときわ五丁目","34.962213","136.599473","0","3"
"24","三重県","24202","四日市市","242020170000","泊小柳町","34.937527","136.602934","0","1"
"24","三重県","24202","四日市市","242020171000","泊町","34.939336","136.599258","0","1"
"24","三重県","24202","四日市市","242020172000","泊山崎町","34.940877","136.595954","0","1"
"24","三重県","24202","四日市市","242020173000","富州原町","35.009382","136.658793","0","1"
"24","三重県","24202","四日市市","242020174001","富田一丁目","35.004636","136.650954","0","3"
"24","三重県","24202","四日市市","242020174002","富田二丁目","35.005321","136.655354","0","3"
"24","三重県","24202","四日市市","242020174003","富田三丁目","35.008079","136.652029","0","3"
"24","三重県","24202","四日市市","242020174004","富田四丁目","35.008629","136.648856","0","3"
"24","三重県","24202","四日市市","242020175000","富田一色町","35.006568","136.662842","0","1"
"24","三重県","24202","四日市市","242020176000","富田栄町","35.010022","136.646737","0","1"
"24","三重県","24202","四日市市","242020177000","富田浜町","34.996462","136.651504","0","1"
"24","三重県","24202","四日市市","242020178000","富田浜元町","35.000146","136.653622","0","1"
"24","三重県","24202","四日市市","242020179001","中川原一丁目","34.967124","136.604700","0","3"
"24","三重県","24202","四日市市","242020179002","中川原二丁目","34.969754","136.603493","0","3"
"24","三重県","24202","四日市市","242020179003","中川原三丁目","34.970200","136.600791","0","3"
"24","三重県","24202","四日市市","242020179004","中川原四丁目","34.971084","136.597519","0","3"
"24","三重県","24202","四日市市","242020180000","中里町","34.931053","136.617037","0","1"
"24","三重県","24202","四日市市","242020181000","中納屋町","34.964253","136.634915","0","1"
"24","三重県","24202","四日市市","242020182000","中野町","35.043992","136.560243","0","1"
"24","三重県","24202","四日市市","242020183000","中浜田町","34.961928","136.618860","0","1"
"24","三重県","24202","四日市市","242020184000","中町","34.969153","136.629331","0","1"
"24","三重県","24202","四日市市","242020185000","中村町","35.026525","136.610062","0","1"
"24","三重県","24202","四日市市","242020186000","七つ屋町","34.937678","136.625533","0","1"
"24","三重県","24202","四日市市","242020187000","西伊倉町","34.975109","136.600950","0","1"
"24","三重県","24202","四日市市","242020188001","西浦一丁目","34.969917","136.617213","0","3"
"24","三重県","24202","四日市市","242020188002","西浦二丁目","34.972988","136.618679","0","3"
"24","三重県","24202","四日市市","242020189000","西大鐘町","35.043313","136.602125","0","1"
"24","三重県","24202","四日市市","242020190000","西坂部町","35.004115","136.585335","0","1"
"24","三重県","24202","四日市市","242020191000","西新地","34.969737","136.621613","0","1"
"24","三重県","24202","四日市市","242020192000","西末広町","34.960003","136.630734","0","1"
"24","三重県","24202","四日市市","242020193002","西富田二丁目","35.014132","136.652037","0","3"
"24","三重県","24202","四日市市","242020193003","西富田三丁目","35.017164","136.646262","0","3"
"24","三重県","24202","四日市市","242020194000","西富田町","35.013600","136.646724","0","1"
"24","三重県","24202","四日市市","242020195000","西浜田町","34.962661","136.613816","0","1"
"24","三重県","24202","四日市市","242020196000","西日野町","34.953326","136.587007","0","1"
"24","三重県","24202","四日市市","242020197000","西町","34.972235","136.622504","0","1"
"24","三重県","24202","四日市市","242020198000","西松本町","34.969500","136.584530","0","1"
"24","三重県","24202","四日市市","242020199000","西村町","35.054045","136.554585","0","1"
"24","三重県","24202","四日市市","242020200000","西山町","34.962854","136.518435","0","1"
"24","三重県","24202","四日市市","242020201001","野田一丁目","34.979201","136.612750","0","3"
"24","三重県","24202","四日市市","242020201002","野田二丁目","34.980756","136.607539","0","3"
"24","三重県","24202","四日市市","242020202000","波木が丘町","34.941750","136.567610","0","1"
"24","三重県","24202","四日市市","242020203000","波木町","34.942744","136.558679","0","1"
"24","三重県","24202","四日市市","242020204001","波木南台一丁目","34.932909","136.573824","0","3"
"24","三重県","24202","四日市市","242020204002","波木南台二丁目","34.934445","136.572081","0","3"
"24","三重県","24202","四日市市","242020204003","波木南台三丁目","34.936082","136.571269","0","3"
"24","三重県","24202","四日市市","242020204004","波木南台四丁目","34.935741","136.574327","0","3"
"24","三重県","24202","四日市市","242020205001","馳出町一丁目","34.938018","136.623284","0","3"
"24","三重県","24202","四日市市","242020205002","馳出町二丁目","34.935840","136.623580","0","3"
"24","三重県","24202","四日市市","242020205003","馳出町三丁目","34.934409","136.624060","0","3"
"24","三重県","24202","四日市市","242020206000","八王子町","34.954455","136.564019","0","1"
"24","三重県","24202","四日市市","242020207000","八幡町","34.971257","136.629892","0","1"
"24","三重県","24202","四日市市","242020208001","八田一丁目","34.992051","136.639410","0","3"
"24","三重県","24202","四日市市","242020208002","八田二丁目","34.994027","136.640847","0","3"
"24","三重県","24202","四日市市","242020208003","八田三丁目","34.996844","136.642807","0","3"
"24","三重県","24202","四日市市","242020209000","羽津町","34.989095","136.636045","0","1"
"24","三重県","24202","四日市市","242020210001","羽津中一丁目","34.992092","136.634281","0","3"
"24","三重県","24202","四日市市","242020210002","羽津中二丁目","34.994139","136.635287","0","3"
"24","三重県","24202","四日市市","242020210003","羽津中三丁目","34.995918","136.636924","0","3"
"24","三重県","24202","四日市市","242020211000","羽津山町","34.988656","136.627874","0","1"
"24","三重県","24202","四日市市","242020212000","浜旭町","34.929770","136.625396","0","1"
"24","三重県","24202","四日市市","242020213000","浜一色町","34.978177","136.631319","0","1"
"24","三重県","24202","四日市市","242020214000","浜園町","34.995627","136.653361","0","1"
"24","三重県","24202","四日市市","242020215000","浜田町","34.963971","136.620040","0","1"
"24","三重県","24202","四日市市","242020216000","浜町","34.967633","136.635245","0","1"
"24","三重県","24202","四日市市","242020217000","万古町","34.982512","136.625415","0","1"
"24","三重県","24202","四日市市","242020218000","東ケ谷","35.001589","136.607022","0","1"
"24","三重県","24202","四日市市","242020219000","東坂部町","34.997461","136.599799","0","1"
"24","三重県","24202","四日市市","242020220000","東垂坂町","35.005989","136.620297","0","1"
"24","三重県","24202","四日市市","242020221000","東富田町","35.002112","136.655773","0","1"
"24","三重県","24202","四日市市","242020222001","東日野一丁目","34.958543","136.598175","0","3"
"24","三重県","24202","四日市市","242020222002","東日野二丁目","34.954957","136.597018","0","3"
"24","三重県","24202","四日市市","242020223000","東日野町","34.958068","136.593195","0","1"
"24","三重県","24202","四日市市","242020224000","東茂福町","34.997592","136.649126","0","1"
"24","三重県","24202","四日市市","242020225001","日永一丁目","34.955040","136.608472","0","3"
"24","三重県","24202","四日市市","242020225002","日永二丁目","34.952916","136.605869","0","3"
"24","三重県","24202","四日市市","242020225003","日永三丁目","34.950962","136.603487","0","3"
"24","三重県","24202","四日市市","242020225004","日永四丁目","34.948226","136.603765","0","3"
"24","三重県","24202","四日市市","242020225005","日永五丁目","34.944087","136.601780","0","3"
"24","三重県","24202","四日市市","242020226001","日永西一丁目","34.956808","136.601711","0","3"
"24","三重県","24202","四日市市","242020226002","日永西二丁目","34.953108","136.598980","0","3"
"24","三重県","24202","四日市市","242020226003","日永西三丁目","34.950143","136.597181","0","3"
"24","三重県","24202","四日市市","242020226004","日永西四丁目","34.947285","136.596744","0","3"
"24","三重県","24202","四日市市","242020226005","日永西五丁目","34.944272","136.596525","0","3"
"24","三重県","24202","四日市市","242020227001","日永東一丁目","34.951930","136.615045","0","3"
"24","三重県","24202","四日市市","242020227002","日永東二丁目","34.948143","136.611794","0","3"
"24","三重県","24202","四日市市","242020227003","日永東三丁目","34.944110","136.608136","0","3"
"24","三重県","24202","四日市市","242020228000","平尾町","35.002782","136.557614","0","1"
"24","三重県","24202","四日市市","242020229000","広永町","35.030744","136.640995","0","1"
"24","三重県","24202","四日市市","242020230000","富士町","34.984415","136.639697","0","1"
"24","三重県","24202","四日市市","242020231001","富双一丁目","35.000498","136.658141","0","3"
"24","三重県","24202","四日市市","242020231002","富双二丁目","35.003806","136.662801","0","3"
"24","三重県","24202","四日市市","242020232000","平津新町","35.024829","136.623466","0","1"
"24","三重県","24202","四日市市","242020233000","平津町","35.024020","136.618043","0","1"
"24","三重県","24202","四日市市","242020234001","別名一丁目","34.994757","136.627097","0","3"
"24","三重県","24202","四日市市","242020234002","別名二丁目","34.996186","136.623918","0","3"
"24","三重県","24202","四日市市","242020234003","別名三丁目","34.999004","136.626566","0","3"
"24","三重県","24202","四日市市","242020234004","別名四丁目","34.997118","136.628732","0","3"
"24","三重県","24202","四日市市","242020234005","別名五丁目","34.996273","136.632735","0","3"
"24","三重県","24202","四日市市","242020234006","別名六丁目","34.998767","136.632511","0","3"
"24","三重県","24202","四日市市","242020235001","別山一丁目","34.971565","136.559711","0","3"
"24","三重県","24202","四日市市","242020235002","別山二丁目","34.969293","136.561679","0","3"
"24","三重県","24202","四日市市","242020235003","別山三丁目","34.967990","136.559267","0","3"
"24","三重県","24202","四日市市","242020235004","別山四丁目","34.970162","136.558200","0","3"
"24","三重県","24202","四日市市","242020236001","堀木一丁目","34.971527","136.614048","0","3"
"24","三重県","24202","四日市市","242020236002","堀木二丁目","34.974477","136.615722","0","3"
"24","三重県","24202","四日市市","242020237000","本町","34.962304","136.630242","0","1"
"24","三重県","24202","四日市市","242020238000","前田町","34.936699","136.593790","0","1"
"24","三重県","24202","四日市市","242020239001","蒔田一丁目","35.016117","136.650089","0","3"
"24","三重県","24202","四日市市","242020239002","蒔田二丁目","35.016851","136.651821","0","3"
"24","三重県","24202","四日市市","242020239003","蒔田三丁目","35.018054","136.653375","0","3"
"24","三重県","24202","四日市市","242020239004","蒔田四丁目","35.018175","136.648065","0","3"
"24","三重県","24202","四日市市","242020240001","まきの木台一丁目","35.037240","136.570137","0","3"
"24","三重県","24202","四日市市","242020240002","まきの木台二丁目","35.038831","136.568613","0","3"
"24","三重県","24202","四日市市","242020240003","まきの木台三丁目","35.038710","136.571397","0","3"
"24","三重県","24202","四日市市","242020241001","松寺一丁目","35.020391","136.654574","0","3"
"24","三重県","24202","四日市市","242020241002","松寺二丁目","35.022772","136.655521","0","3"
"24","三重県","24202","四日市市","242020241003","松寺三丁目","35.022774","136.652093","0","3"
"24","三重県","24202","四日市市","242020242000","松原町","35.010914","136.655209","0","1"
"24","三重県","24202","四日市市","242020243001","松本一丁目","34.965405","136.591706","0","3"
"24","三重県","24202","四日市市","242020243002","松本二丁目","34.968698","136.592815","0","3"
"24","三重県","24202","四日市市","242020243003","松本三丁目","34.970118","136.589371","0","3"
"24","三重県","24202","四日市市","242020243004","松本四丁目","34.967953","136.587280","0","3"
"24","三重県","24202","四日市市","242020243005","松本五丁目","34.966881","136.589524","0","3"
"24","三重県","24202","四日市市","242020243006","松本六丁目","34.964986","136.588095","0","3"
"24","三重県","24202","四日市市","242020244001","三重一丁目","34.992560","136.589619","0","3"
"24","三重県","24202","四日市市","242020244002","三重二丁目","34.992149","136.585751","0","3"
"24","三重県","24202","四日市市","242020244003","三重三丁目","34.989745","136.587709","0","3"
"24","三重県","24202","四日市市","242020244004","三重四丁目","34.989730","136.590626","0","3"
"24","三重県","24202","四日市市","242020244005","三重五丁目","34.986732","136.588321","0","3"
"24","三重県","24202","四日市市","242020244006","三重六丁目","34.988850","136.586081","0","3"
"24","三重県","24202","四日市市","242020244007","三重七丁目","34.986752","136.585236","0","3"
"24","三重県","24202","四日市市","242020244008","三重八丁目","34.988252","136.583312","0","3"
"24","三重県","24202","四日市市","242020244009","三重九丁目","34.989268","136.582084","0","3"
"24","三重県","24202","四日市市","242020245000","美里町","34.960789","136.508754","0","1"
"24","三重県","24202","四日市市","242020246001","御薗町一丁目","34.932669","136.623869","0","3"
"24","三重県","24202","四日市市","242020246002","御薗町二丁目","34.933380","136.620821","0","3"
"24","三重県","24202","四日市市","242020247001","三滝台一丁目","34.976466","136.572346","0","3"
"24","三重県","24202","四日市市","242020247002","三滝台二丁目","34.973332","136.572631","0","3"
"24","三重県","24202","四日市市","242020247003","三滝台三丁目","34.974645","136.569723","0","3"
"24","三重県","24202","四日市市","242020247004","三滝台四丁目","34.974913","136.566687","0","3"
"24","三重県","24202","四日市市","242020248000","三田町","34.941285","136.659102","0","1"
"24","三重県","24202","四日市市","242020249000","三ツ谷町","34.982426","136.629872","0","1"
"24","三重県","24202","四日市市","242020250000","三ツ谷東町","34.981219","136.633565","0","1"
"24","三重県","24202","四日市市","242020251000","緑丘町","34.994364","136.622509","0","1"
"24","三重県","24202","四日市市","242020252000","南いかるが町","35.001197","136.629059","0","1"
"24","三重県","24202","四日市市","242020253000","南起町","34.954890","136.627068","0","1"
"24","三重県","24202","四日市市","242020254000","南小松町","34.921555","136.558347","0","1"
"24","三重県","24202","四日市市","242020255000","南坂部町","34.991292","136.592814","0","1"
"24","三重県","24202","四日市市","242020256000","南垂坂町","35.004095","136.612243","0","1"
"24","三重県","24202","四日市市","242020257000","南富田町","35.002729","136.649538","0","1"
"24","三重県","24202","四日市市","242020258000","南納屋町","34.962295","136.633368","0","1"
"24","三重県","24202","四日市市","242020259000","南浜田町","34.961102","136.616761","0","1"
"24","三重県","24202","四日市市","242020260000","南松本町","34.967145","136.579811","0","1"
"24","三重県","24202","四日市市","242020261001","宮東町一丁目","34.942367","136.624846","0","3"
"24","三重県","24202","四日市市","242020261002","宮東町二丁目","34.940486","136.623505","0","3"
"24","三重県","24202","四日市市","242020261003","宮東町三丁目","34.939320","136.623524","0","3"
"24","三重県","24202","四日市市","242020262001","海山道町一丁目","34.944666","136.620614","0","3"
"24","三重県","24202","四日市市","242020262002","海山道町二丁目","34.943146","136.623346","0","3"
"24","三重県","24202","四日市市","242020262003","海山道町三丁目","34.940431","136.620126","0","3"
"24","三重県","24202","四日市市","242020263001","みゆきケ丘一丁目","34.994033","136.616880","0","3"
"24","三重県","24202","四日市市","242020263002","みゆきケ丘二丁目","34.998172","136.616326","0","3"
"24","三重県","24202","四日市市","242020264000","室山町","34.955993","136.578089","0","1"
"24","三重県","24202","四日市市","242020265000","茂福町","35.000030","136.646837","0","1"
"24","三重県","24202","四日市市","242020266000","元新町","34.967682","136.628376","0","1"
"24","三重県","24202","四日市市","242020267000","元町","34.971030","136.621855","0","1"
"24","三重県","24202","四日市市","242020268000","森カ山町","34.931301","136.583018","0","1"
"24","三重県","24202","四日市市","242020269001","安島一丁目","34.967657","136.616384","0","3"
"24","三重県","24202","四日市市","242020269002","安島二丁目","34.969588","136.612881","0","3"
"24","三重県","24202","四日市市","242020270001","八千代台一丁目","35.029482","136.585590","0","3"
"24","三重県","24202","四日市市","242020270002","八千代台二丁目","35.028489","136.582959","0","3"
"24","三重県","24202","四日市市","242020270003","八千代台三丁目","35.030554","136.581218","0","3"
"24","三重県","24202","四日市市","242020271000","柳町","34.934221","136.620183","0","1"
"24","三重県","24202","四日市市","242020272000","山分町","35.026782","136.632450","0","1"
"24","三重県","24202","四日市市","242020273000","山城町","35.028638","136.577323","0","1"
"24","三重県","24202","四日市市","242020274000","山田町","34.945129","136.537141","0","1"
"24","三重県","24202","四日市市","242020275000","山手町","34.992589","136.624478","0","1"
"24","三重県","24202","四日市市","242020276000","山之一色町","35.012655","136.600898","0","1"
"24","三重県","24202","四日市市","242020277000","山村町","35.038090","136.637627","0","1"
"24","三重県","24202","四日市市","242020278000","六名町","34.939773","136.527672","0","1"
"24","三重県","24202","四日市市","242020279000","和無田町","34.939495","136.517379","0","1"
"24","三重県","24202","四日市市","242020280000","陶栄町","34.978792","136.625841","0","1"
"24","三重県","24202","四日市市","242020281000","本郷町","34.978841","136.621458","0","1"
"24","三重県","24202","四日市市","242020282000","滝川町","34.975505","136.623877","0","1"
"24","三重県","24202","四日市市","242020283000","末永町","34.976466","136.619632","0","1"
"24","三重県","24203","伊勢市","242030001000","旭町","34.474406","136.695607","0","1"
"24","三重県","24203","伊勢市","242030002000","朝熊町","34.475959","136.779724","0","1"
"24","三重県","24203","伊勢市","242030003000","有滝町","34.539991","136.698426","0","1"
"24","三重県","24203","伊勢市","242030004000","粟野町","34.484636","136.665062","0","1"
"24","三重県","24203","伊勢市","242030005000","磯町","34.517387","136.697449","0","1"
"24","三重県","24203","伊勢市","242030006000","一宇田町","34.470123","136.752992","0","1"
"24","三重県","24203","伊勢市","242030007000","一志町","34.490920","136.703791","0","1"
"24","三重県","24203","伊勢市","242030008001","一之木一丁目","34.493243","136.704345","0","3"
"24","三重県","24203","伊勢市","242030008002","一之木二丁目","34.494954","136.705451","0","3"
"24","三重県","24203","伊勢市","242030008003","一之木三丁目","34.496612","136.706541","0","3"
"24","三重県","24203","伊勢市","242030008004","一之木四丁目","34.501402","136.705749","0","3"
"24","三重県","24203","伊勢市","242030008005","一之木五丁目","34.501482","136.708804","0","3"
"24","三重県","24203","伊勢市","242030009000","一色町","34.506761","136.746528","0","1"
"24","三重県","24203","伊勢市","242030010001","岩渕一丁目","34.487640","136.710309","0","3"
"24","三重県","24203","伊勢市","242030010002","岩渕二丁目","34.487562","136.714595","0","3"
"24","三重県","24203","伊勢市","242030010003","岩渕三丁目","34.486950","136.717564","0","3"
"24","三重県","24203","伊勢市","242030011000","岩渕町","34.485795","136.719692","0","1"
"24","三重県","24203","伊勢市","242030012000","上地町","34.492261","136.659692","0","1"
"24","三重県","24203","伊勢市","242030013000","上野町","34.425861","136.666631","0","1"
"24","三重県","24203","伊勢市","242030014000","植山町","34.532838","136.684769","0","1"
"24","三重県","24203","伊勢市","242030015000","宇治今在家町","34.423472","136.729814","0","1"
"24","三重県","24203","伊勢市","242030016001","宇治浦田一丁目","34.466638","136.724056","0","3"
"24","三重県","24203","伊勢市","242030016002","宇治浦田二丁目","34.468004","136.719809","0","3"
"24","三重県","24203","伊勢市","242030016003","宇治浦田三丁目","34.466998","136.716134","0","3"
"24","三重県","24203","伊勢市","242030017000","宇治浦田町","34.462942","136.717430","0","1"
"24","三重県","24203","伊勢市","242030018000","宇治館町","34.439827","136.762276","0","1"
"24","三重県","24203","伊勢市","242030019000","宇治中之切町","34.462473","136.721516","0","1"
"24","三重県","24203","伊勢市","242030020001","浦口一丁目","34.494564","136.692628","0","3"
"24","三重県","24203","伊勢市","242030020002","浦口二丁目","34.492586","136.694513","0","3"
"24","三重県","24203","伊勢市","242030020003","浦口三丁目","34.489049","136.693721","0","3"
"24","三重県","24203","伊勢市","242030020004","浦口四丁目","34.485186","136.691636","0","3"
"24","三重県","24203","伊勢市","242030021000","浦口町","34.478585","136.691112","0","1"
"24","三重県","24203","伊勢市","242030022000","円座町","34.441523","136.649020","0","1"
"24","三重県","24203","伊勢市","242030023000","大倉町","34.474726","136.674360","0","1"
"24","三重県","24203","伊勢市","242030024001","大世古一丁目","34.492888","136.702604","0","3"
"24","三重県","24203","伊勢市","242030024002","大世古二丁目","34.495655","136.703039","0","3"
"24","三重県","24203","伊勢市","242030024003","大世古三丁目","34.497749","136.703041","0","3"
"24","三重県","24203","伊勢市","242030024004","大世古四丁目","34.499609","136.703131","0","3"
"24","三重県","24203","伊勢市","242030025000","大湊町","34.528614","136.737880","0","1"
"24","三重県","24203","伊勢市","242030026001","岡本一丁目","34.484848","136.711499","0","3"
"24","三重県","24203","伊勢市","242030026002","岡本二丁目","34.482800","136.713016","0","3"
"24","三重県","24203","伊勢市","242030026003","岡本三丁目","34.482895","136.708156","0","3"
"24","三重県","24203","伊勢市","242030027000","尾上町","34.484689","136.717382","0","1"
"24","三重県","24203","伊勢市","242030028000","小俣町明野","34.527054","136.670853","0","1"
"24","三重県","24203","伊勢市","242030029000","小俣町新村","34.517264","136.656229","0","1"
"24","三重県","24203","伊勢市","242030030000","小俣町相合","34.511496","136.665704","0","1"
"24","三重県","24203","伊勢市","242030031000","小俣町本町","34.501813","136.667120","0","1"
"24","三重県","24203","伊勢市","242030032000","小俣町宮前","34.496636","136.676280","0","1"
"24","三重県","24203","伊勢市","242030033000","小俣町元町","34.507769","136.679618","0","1"
"24","三重県","24203","伊勢市","242030034000","小俣町湯田","34.505551","136.650676","0","1"
"24","三重県","24203","伊勢市","242030035000","柏町","34.542924","136.653278","0","1"
"24","三重県","24203","伊勢市","242030036000","樫原町","34.531318","136.722086","0","1"
"24","三重県","24203","伊勢市","242030037000","鹿海町","34.490574","136.747353","0","1"
"24","三重県","24203","伊勢市","242030038000","神薗町","34.431752","136.641870","0","1"
"24","三重県","24203","伊勢市","242030039000","神社港","34.512693","136.734118","0","1"
"24","三重県","24203","伊勢市","242030040001","河崎一丁目","34.494978","136.712503","0","3"
"24","三重県","24203","伊勢市","242030040002","河崎二丁目","34.494919","136.714948","0","3"
"24","三重県","24203","伊勢市","242030040003","河崎三丁目","34.494318","136.716674","0","3"
"24","三重県","24203","伊勢市","242030041000","川端町","34.489299","136.681973","0","1"
"24","三重県","24203","伊勢市","242030042000","楠部町","34.477660","136.738632","0","1"
"24","三重県","24203","伊勢市","242030043000","久世戸町","34.480405","136.724619","0","1"
"24","三重県","24203","伊勢市","242030044000","黒瀬町","34.493252","136.735395","0","1"
"24","三重県","24203","伊勢市","242030045000","小木町","34.504903","136.725621","0","1"
"24","三重県","24203","伊勢市","242030046000","神田久志本町","34.489397","136.726414","0","1"
"24","三重県","24203","伊勢市","242030047000","桜木町","34.472875","136.716475","0","1"
"24","三重県","24203","伊勢市","242030048000","下野町","34.516158","136.737762","0","1"
"24","三重県","24203","伊勢市","242030049001","神久一丁目","34.490395","136.717838","0","3"
"24","三重県","24203","伊勢市","242030049002","神久二丁目","34.491288","136.720223","0","3"
"24","三重県","24203","伊勢市","242030049003","神久三丁目","34.494583","136.718980","0","3"
"24","三重県","24203","伊勢市","242030049004","神久四丁目","34.495437","136.723333","0","3"
"24","三重県","24203","伊勢市","242030049005","神久五丁目","34.497881","136.722748","0","3"
"24","三重県","24203","伊勢市","242030049006","神久六丁目","34.495725","136.726996","0","3"
"24","三重県","24203","伊勢市","242030050000","勢田町","34.470590","136.709939","0","1"
"24","三重県","24203","伊勢市","242030051000","佐八町","34.459856","136.660912","0","1"
"24","三重県","24203","伊勢市","242030052001","曽祢一丁目","34.493170","136.701800","0","3"
"24","三重県","24203","伊勢市","242030052002","曽祢二丁目","34.496100","136.700398","0","3"
"24","三重県","24203","伊勢市","242030053000","竹ケ鼻町","34.507639","136.730774","0","1"
"24","三重県","24203","伊勢市","242030054000","田尻町","34.501048","136.730520","0","1"
"24","三重県","24203","伊勢市","242030055001","辻久留一丁目","34.489461","136.689721","0","3"
"24","三重県","24203","伊勢市","242030055002","辻久留二丁目","34.486238","136.685453","0","3"
"24","三重県","24203","伊勢市","242030055003","辻久留三丁目","34.480359","136.684141","0","3"
"24","三重県","24203","伊勢市","242030056000","辻久留町","34.474514","136.686945","0","1"
"24","三重県","24203","伊勢市","242030057000","津村町","34.451768","136.660389","0","1"
"24","三重県","24203","伊勢市","242030058000","通町","34.500390","136.742830","0","1"
"24","三重県","24203","伊勢市","242030059001","常磐一丁目","34.495177","136.695055","0","3"
"24","三重県","24203","伊勢市","242030059002","常磐二丁目","34.492641","136.697261","0","3"
"24","三重県","24203","伊勢市","242030059003","常磐三丁目","34.489538","136.696742","0","3"
"24","三重県","24203","伊勢市","242030060000","常磐町","34.484352","136.695653","0","1"
"24","三重県","24203","伊勢市","242030061000","豊川町","34.483476","136.702303","0","1"
"24","三重県","24203","伊勢市","242030062001","中島一丁目","34.494223","136.686914","0","3"
"24","三重県","24203","伊勢市","242030062002","中島二丁目","34.490411","136.687008","0","3"
"24","三重県","24203","伊勢市","242030063000","中須町","34.484841","136.677277","0","1"
"24","三重県","24203","伊勢市","242030064000","中之町","34.476405","136.721133","0","1"
"24","三重県","24203","伊勢市","242030065000","中村町","34.471347","136.728518","0","1"
"24","三重県","24203","伊勢市","242030066000","西豊浜町","34.527580","136.689341","0","1"
"24","三重県","24203","伊勢市","242030067000","野村町","34.525973","136.662256","0","1"
"24","三重県","24203","伊勢市","242030068000","東大淀町","34.550648","136.667605","0","1"
"24","三重県","24203","伊勢市","242030069000","東豊浜町","34.535477","136.713419","0","1"
"24","三重県","24203","伊勢市","242030070001","吹上一丁目","34.490893","136.710633","0","3"
"24","三重県","24203","伊勢市","242030070002","吹上二丁目","34.490746","136.714601","0","3"
"24","三重県","24203","伊勢市","242030071000","藤里町","34.468148","136.700309","0","1"
"24","三重県","24203","伊勢市","242030072001","二俣一丁目","34.491489","136.691550","0","3"
"24","三重県","24203","伊勢市","242030072002","二俣二丁目","34.488454","136.691190","0","3"
"24","三重県","24203","伊勢市","242030072003","二俣三丁目","34.486310","136.688688","0","3"
"24","三重県","24203","伊勢市","242030072004","二俣四丁目","34.481837","136.689149","0","3"
"24","三重県","24203","伊勢市","242030073000","二俣町","34.477956","136.685618","0","1"
"24","三重県","24203","伊勢市","242030074000","二見町今一色","34.518979","136.750508","0","1"
"24","三重県","24203","伊勢市","242030075000","二見町江","34.502640","136.789888","0","1"
"24","三重県","24203","伊勢市","242030076000","二見町荘","34.508389","136.770664","0","1"
"24","三重県","24203","伊勢市","242030077000","二見町茶屋","34.506152","136.781602","0","1"
"24","三重県","24203","伊勢市","242030078000","二見町西","34.511839","136.759004","0","1"
"24","三重県","24203","伊勢市","242030079000","二見町光の街","34.495667","136.762816","0","1"
"24","三重県","24203","伊勢市","242030080000","二見町松下","34.496178","136.802936","0","1"
"24","三重県","24203","伊勢市","242030081000","二見町溝口","34.502298","136.757109","0","1"
"24","三重県","24203","伊勢市","242030082000","二見町三津","34.500154","136.776734","0","1"
"24","三重県","24203","伊勢市","242030083000","二見町山田原","34.500533","136.765689","0","1"
"24","三重県","24203","伊勢市","242030084001","船江一丁目","34.499808","136.713070","0","3"
"24","三重県","24203","伊勢市","242030084002","船江二丁目","34.499930","136.722239","0","3"
"24","三重県","24203","伊勢市","242030084003","船江三丁目","34.502438","136.718743","0","3"
"24","三重県","24203","伊勢市","242030084004","船江四丁目","34.504719","136.714516","0","3"
"24","三重県","24203","伊勢市","242030085000","古市町","34.481136","136.721964","0","1"
"24","三重県","24203","伊勢市","242030086000","本町","34.489162","136.706362","0","1"
"24","三重県","24203","伊勢市","242030087000","前山町","34.455435","136.692754","0","1"
"24","三重県","24203","伊勢市","242030088000","馬瀬町","34.518642","136.728290","0","1"
"24","三重県","24203","伊勢市","242030089000","御薗町王中島","34.511267","136.716913","0","1"
"24","三重県","24203","伊勢市","242030090000","御薗町小林","34.521083","136.720692","0","1"
"24","三重県","24203","伊勢市","242030091000","御薗町上條","34.520027","136.712901","0","1"
"24","三重県","24203","伊勢市","242030092000","御薗町新開","34.510970","136.722670","0","1"
"24","三重県","24203","伊勢市","242030093000","御薗町高向","34.504754","136.694936","0","1"
"24","三重県","24203","伊勢市","242030094000","御薗町長屋","34.507831","136.709750","0","1"
"24","三重県","24203","伊勢市","242030095001","宮川一丁目","34.496198","136.689152","0","3"
"24","三重県","24203","伊勢市","242030095002","宮川二丁目","34.497830","136.686666","0","3"
"24","三重県","24203","伊勢市","242030096001","宮後一丁目","34.491866","136.706987","0","3"
"24","三重県","24203","伊勢市","242030096002","宮後二丁目","34.493691","136.709304","0","3"
"24","三重県","24203","伊勢市","242030096003","宮後三丁目","34.497707","136.709424","0","3"
"24","三重県","24203","伊勢市","242030097001","宮町一丁目","34.492586","136.699812","0","3"
"24","三重県","24203","伊勢市","242030097002","宮町二丁目","34.495776","136.698163","0","3"
"24","三重県","24203","伊勢市","242030098000","村松町","34.541167","136.677229","0","1"
"24","三重県","24203","伊勢市","242030099000","倭町","34.485112","136.720598","0","1"
"24","三重県","24203","伊勢市","242030100000","矢持町","34.405565","136.694839","0","1"
"24","三重県","24203","伊勢市","242030101000","八日市場町","34.490538","136.700371","0","1"
"24","三重県","24203","伊勢市","242030102000","横輪町","34.409002","136.667130","0","1"
"24","三重県","24204","松阪市","242040001000","阿形町","34.560537","136.504433","0","1"
"24","三重県","24204","松阪市","242040002000","朝田町","34.568129","136.564977","0","1"
"24","三重県","24204","松阪市","242040003000","朝日町","34.580337","136.536290","0","1"
"24","三重県","24204","松阪市","242040004000","朝日町一区","34.579697","136.537469","0","1"
"24","三重県","24204","松阪市","242040005000","愛宕町","34.571772","136.538087","0","1"
"24","三重県","24204","松阪市","242040006001","愛宕町一丁目","34.571036","136.535795","0","3"
"24","三重県","24204","松阪市","242040006002","愛宕町二丁目","34.569971","136.537896","0","3"
"24","三重県","24204","松阪市","242040006003","愛宕町三丁目","34.570998","136.537672","0","3"
"24","三重県","24204","松阪市","242040006004","愛宕町四丁目","34.571963","136.537122","0","3"
"24","三重県","24204","松阪市","242040007000","荒木町","34.590717","136.544545","0","1"
"24","三重県","24204","松阪市","242040008000","阿波曽町","34.510500","136.524765","0","1"
"24","三重県","24204","松阪市","242040009000","安楽町","34.538299","136.572131","0","1"
"24","三重県","24204","松阪市","242040010000","飯高町赤桶","34.445506","136.304219","0","1"
"24","三重県","24204","松阪市","242040011000","飯高町粟野","34.424978","136.253009","0","1"
"24","三重県","24204","松阪市","242040012000","飯高町猿山","34.362257","136.182191","0","1"
"24","三重県","24204","松阪市","242040013000","飯高町青田","34.383653","136.142352","0","1"
"24","三重県","24204","松阪市","242040014000","飯高町落方","34.415153","136.131463","0","1"
"24","三重県","24204","松阪市","242040015000","飯高町乙栗子","34.407137","136.194557","0","1"
"24","三重県","24204","松阪市","242040016000","飯高町加波","34.413098","136.170880","0","1"
"24","三重県","24204","松阪市","242040017000","飯高町木梶","34.401451","136.099834","0","1"
"24","三重県","24204","松阪市","242040018000","飯高町桑原","34.426586","136.168921","0","1"
"24","三重県","24204","松阪市","242040019000","飯高町作滝","34.431146","136.316478","0","1"
"24","三重県","24204","松阪市","242040020000","飯高町下滝野","34.448075","136.350587","0","1"
"24","三重県","24204","松阪市","242040021000","飯高町草鹿野","34.431889","136.119339","0","1"
"24","三重県","24204","松阪市","242040022000","飯高町田引","34.429139","136.280076","0","1"
"24","三重県","24204","松阪市","242040023000","飯高町太良木","34.435952","136.134133","0","1"
"24","三重県","24204","松阪市","242040024000","飯高町月出","34.440039","136.178018","0","1"
"24","三重県","24204","松阪市","242040025000","飯高町栃谷","34.400586","136.130990","0","1"
"24","三重県","24204","松阪市","242040026000","飯高町富永","34.430276","136.214558","0","1"
"24","三重県","24204","松阪市","242040027000","飯高町七日市","34.411759","136.217408","0","1"
"24","三重県","24204","松阪市","242040028000","飯高町野々口","34.416860","136.320263","0","1"
"24","三重県","24204","松阪市","242040029000","飯高町波瀬","34.423128","136.146112","0","1"
"24","三重県","24204","松阪市","242040030000","飯高町蓮","34.340192","136.143576","0","1"
"24","三重県","24204","松阪市","242040031000","飯高町舟戸","34.425541","136.108444","0","1"
"24","三重県","24204","松阪市","242040032000","飯高町宮前","34.444198","136.333270","0","1"
"24","三重県","24204","松阪市","242040033000","飯高町宮本","34.397722","136.242758","0","1"
"24","三重県","24204","松阪市","242040034000","飯高町森","34.375935","136.234472","0","1"
"24","三重県","24204","松阪市","242040035000","飯南町有間野","34.422453","136.347632","0","1"
"24","三重県","24204","松阪市","242040036000","飯南町上仁柿","34.485896","136.350935","0","1"
"24","三重県","24204","松阪市","242040037000","飯南町粥見","34.453904","136.386066","0","1"
"24","三重県","24204","松阪市","242040038000","飯南町下仁柿","34.475908","136.375897","0","1"
"24","三重県","24204","松阪市","242040039000","飯南町深野","34.489968","136.398461","0","1"
"24","三重県","24204","松阪市","242040040000","飯南町向粥見","34.431123","136.391578","0","1"
"24","三重県","24204","松阪市","242040041000","飯南町横野","34.488536","136.386459","0","1"
"24","三重県","24204","松阪市","242040042000","井口中町","34.558897","136.601928","0","1"
"24","三重県","24204","松阪市","242040043000","射和町","34.510968","136.540681","0","1"
"24","三重県","24204","松阪市","242040044000","石津町","34.588319","136.539240","0","1"
"24","三重県","24204","松阪市","242040045000","五十鈴町","34.570921","136.533791","0","1"
"24","三重県","24204","松阪市","242040046000","出間町","34.586385","136.605383","0","1"
"24","三重県","24204","松阪市","242040047000","泉町","34.567747","136.521823","0","1"
"24","三重県","24204","松阪市","242040048000","伊勢寺町","34.564380","136.465506","0","1"
"24","三重県","24204","松阪市","242040049000","伊勢場町","34.529170","136.590589","0","1"
"24","三重県","24204","松阪市","242040050000","市場庄町","34.605665","136.514567","0","1"
"24","三重県","24204","松阪市","242040051000","稲木町","34.541387","136.597086","0","1"
"24","三重県","24204","松阪市","242040052000","飯福田町","34.564576","136.398741","0","1"
"24","三重県","24204","松阪市","242040053000","井村町","34.575805","136.510403","0","1"
"24","三重県","24204","松阪市","242040054000","上川町","34.551133","136.560648","0","1"
"24","三重県","24204","松阪市","242040055000","魚町","34.577231","136.529780","0","1"
"24","三重県","24204","松阪市","242040056000","魚見町","34.570163","136.596674","0","1"
"24","三重県","24204","松阪市","242040057000","牛草町","34.583718","136.597117","0","1"
"24","三重県","24204","松阪市","242040058000","後山町","34.547348","136.401375","0","1"
"24","三重県","24204","松阪市","242040059000","内五曲町","34.575331","136.521583","0","1"
"24","三重県","24204","松阪市","242040060000","嬉野一志町","34.627330","136.461229","0","1"
"24","三重県","24204","松阪市","242040061000","嬉野井之上町","34.613793","136.444152","0","1"
"24","三重県","24204","松阪市","242040062000","嬉野岩倉町","34.571461","136.408429","0","1"
"24","三重県","24204","松阪市","242040063000","嬉野上野町","34.614397","136.470153","0","1"
"24","三重県","24204","松阪市","242040064000","嬉野小原町","34.554703","136.377687","0","1"
"24","三重県","24204","松阪市","242040065000","嬉野上小川町","34.525941","136.354221","0","1"
"24","三重県","24204","松阪市","242040066000","嬉野神ノ木町","34.614309","136.463235","0","1"
"24","三重県","24204","松阪市","242040067000","嬉野釜生田町","34.616720","136.423399","0","1"
"24","三重県","24204","松阪市","242040068000","嬉野川北町","34.630208","136.492547","0","1"
"24","三重県","24204","松阪市","242040069000","嬉野川原木造町","34.644503","136.490003","0","1"
"24","三重県","24204","松阪市","242040070000","嬉野黒田町","34.641807","136.479363","0","1"
"24","三重県","24204","松阪市","242040071000","嬉野黒野町","34.599266","136.486164","0","1"
"24","三重県","24204","松阪市","242040072000","嬉野合ケ野町","34.583584","136.390028","0","1"
"24","三重県","24204","松阪市","242040073000","嬉野小村町","34.632697","136.507023","0","1"
"24","三重県","24204","松阪市","242040074000","嬉野権現前町","34.620450","136.482202","0","1"
"24","三重県","24204","松阪市","242040075000","嬉野算所町","34.615714","136.479660","0","1"
"24","三重県","24204","松阪市","242040076000","嬉野島田町","34.627546","136.434412","0","1"
"24","三重県","24204","松阪市","242040077000","嬉野下之庄町","34.620481","136.467497","0","1"
"24","三重県","24204","松阪市","242040078000","嬉野須賀町","34.622231","136.492992","0","1"
"24","三重県","24204","松阪市","242040079000","嬉野須賀領町","34.614494","136.492186","0","1"
"24","三重県","24204","松阪市","242040080000","嬉野滝之川町","34.609914","136.422545","0","1"
"24","三重県","24204","松阪市","242040081000","嬉野田村町","34.609254","136.485309","0","1"
"24","三重県","24204","松阪市","242040082000","嬉野町","34.625179","136.480507","0","1"
"24","三重県","24204","松阪市","242040083000","嬉野津屋城町","34.618056","136.499715","0","1"
"24","三重県","24204","松阪市","242040084000","嬉野天花寺町","34.634822","136.460007","0","1"
"24","三重県","24204","松阪市","242040085001","嬉野中川新町一丁目","34.634526","136.477600","0","3"
"24","三重県","24204","松阪市","242040085002","嬉野中川新町二丁目","34.635208","136.481130","0","3"
"24","三重県","24204","松阪市","242040085003","嬉野中川新町三丁目","34.632332","136.481898","0","3"
"24","三重県","24204","松阪市","242040085004","嬉野中川新町四丁目","34.631382","136.478508","0","3"
"24","三重県","24204","松阪市","242040086000","嬉野中川町","34.630286","136.472918","0","1"
"24","三重県","24204","松阪市","242040087000","嬉野新屋庄町","34.637930","136.494402","0","1"
"24","三重県","24204","松阪市","242040088000","嬉野野田町","34.636948","136.485706","0","1"
"24","三重県","24204","松阪市","242040089000","嬉野八田町","34.615269","136.450285","0","1"
"24","三重県","24204","松阪市","242040090000","嬉野平生町","34.645308","136.470741","0","1"
"24","三重県","24204","松阪市","242040091000","嬉野堀之内町","34.619268","136.457803","0","1"
"24","三重県","24204","松阪市","242040092000","嬉野見永町","34.641496","136.486759","0","1"
"24","三重県","24204","松阪市","242040093000","嬉野宮古町","34.640484","136.468727","0","1"
"24","三重県","24204","松阪市","242040094000","嬉野宮野町","34.601010","136.406855","0","1"
"24","三重県","24204","松阪市","242040095000","嬉野森本町","34.584212","136.438650","0","1"
"24","三重県","24204","松阪市","242040096000","嬉野矢下町","34.582937","136.413471","0","1"
"24","三重県","24204","松阪市","242040097000","嬉野薬王寺町","34.606046","136.451115","0","1"
"24","三重県","24204","松阪市","242040098000","大石町","34.491858","136.419089","0","1"
"24","三重県","24204","松阪市","242040099000","大阿坂町","34.599958","136.469987","0","1"
"24","三重県","24204","松阪市","242040100000","大垣内町","34.582552","136.604096","0","1"
"24","三重県","24204","松阪市","242040101000","大口町","34.602469","136.556907","0","1"
"24","三重県","24204","松阪市","242040102000","大黒田町","34.565867","136.526629","0","1"
"24","三重県","24204","松阪市","242040103000","大塚町","34.590741","136.528836","0","1"
"24","三重県","24204","松阪市","242040104000","大津町","34.566398","136.550886","0","1"
"24","三重県","24204","松阪市","242040105000","小野町","34.607939","136.466386","0","1"
"24","三重県","24204","松阪市","242040106000","大平尾町","34.595503","136.536876","0","1"
"24","三重県","24204","松阪市","242040107000","大宮田町","34.573796","136.575223","0","1"
"24","三重県","24204","松阪市","242040108000","小片野町","34.491426","136.441925","0","1"
"24","三重県","24204","松阪市","242040109000","岡本町","34.555369","136.499685","0","1"
"24","三重県","24204","松阪市","242040110000","岡山町","34.555754","136.477448","0","1"
"24","三重県","24204","松阪市","242040111000","大河内町","34.518435","136.473388","0","1"
"24","三重県","24204","松阪市","242040112000","白粉町","34.571230","136.531590","0","1"
"24","三重県","24204","松阪市","242040113000","小津町","34.616911","136.512592","0","1"
"24","三重県","24204","松阪市","242040114000","乙部町","34.585663","136.594183","0","1"
"24","三重県","24204","松阪市","242040115000","小野江町","34.642094","136.515264","0","1"
"24","三重県","24204","松阪市","242040116000","大足町","34.567985","136.506454","0","1"
"24","三重県","24204","松阪市","242040117000","垣内田町","34.588296","136.597169","0","1"
"24","三重県","24204","松阪市","242040118000","垣鼻町","34.565335","136.538617","0","1"
"24","三重県","24204","松阪市","242040119000","柿木原町","34.594728","136.604253","0","1"
"24","三重県","24204","松阪市","242040120000","笠松町","34.631452","136.528167","0","1"
"24","三重県","24204","松阪市","242040121001","春日町一丁目","34.566275","136.533018","0","3"
"24","三重県","24204","松阪市","242040121002","春日町二丁目","34.564093","136.531487","0","3"
"24","三重県","24204","松阪市","242040121003","春日町三丁目","34.563771","136.534076","0","3"
"24","三重県","24204","松阪市","242040122000","桂瀬町","34.536814","136.491740","0","1"
"24","三重県","24204","松阪市","242040123000","鎌田町","34.583279","136.536094","0","1"
"24","三重県","24204","松阪市","242040124000","上蛸路町","34.522420","136.525847","0","1"
"24","三重県","24204","松阪市","242040125000","上七見町","34.565978","136.579472","0","1"
"24","三重県","24204","松阪市","242040126000","上ノ庄町","34.599878","136.497865","0","1"
"24","三重県","24204","松阪市","242040127000","川井町","34.581579","136.516264","0","1"
"24","三重県","24204","松阪市","242040128000","川島町","34.579356","136.595546","0","1"
"24","三重県","24204","松阪市","242040129000","神守町","34.586152","136.598938","0","1"
"24","三重県","24204","松阪市","242040130000","喜多村新田町","34.614770","136.527511","0","1"
"24","三重県","24204","松阪市","242040131000","木の郷町","34.535970","136.501787","0","1"
"24","三重県","24204","松阪市","242040132000","京町","34.575658","136.536226","0","1"
"24","三重県","24204","松阪市","242040133000","京町一区","34.577332","136.538460","0","1"
"24","三重県","24204","松阪市","242040134000","櫛田町","34.553135","136.587189","0","1"
"24","三重県","24204","松阪市","242040135000","久保田町","34.589359","136.533218","0","1"
"24","三重県","24204","松阪市","242040136000","久保町","34.548641","136.534347","0","1"
"24","三重県","24204","松阪市","242040137000","久米町","34.596675","136.511868","0","1"
"24","三重県","24204","松阪市","242040138000","黒田町","34.568439","136.527055","0","1"
"24","三重県","24204","松阪市","242040139000","小阿坂町","34.586586","136.468160","0","1"
"24","三重県","24204","松阪市","242040140000","古井町","34.580796","136.572927","0","1"
"24","三重県","24204","松阪市","242040141000","幸生町","34.565357","136.557762","0","1"
"24","三重県","24204","松阪市","242040142000","郷津町","34.586994","136.546360","0","1"
"24","三重県","24204","松阪市","242040143000","広陽町","34.531818","136.524418","0","1"
"24","三重県","24204","松阪市","242040144000","小黒田町","34.557180","136.517588","0","1"
"24","三重県","24204","松阪市","242040145001","五反田町一丁目","34.564679","136.520684","0","3"
"24","三重県","24204","松阪市","242040145002","五反田町二丁目","34.565228","136.519654","0","3"
"24","三重県","24204","松阪市","242040145003","五反田町三丁目","34.565875","136.518688","0","3"
"24","三重県","24204","松阪市","242040145004","五反田町四丁目","34.565960","136.516914","0","3"
"24","三重県","24204","松阪市","242040145005","五反田町五丁目","34.566437","136.515840","0","3"
"24","三重県","24204","松阪市","242040146000","御殿山町","34.554996","136.522537","0","1"
"24","三重県","24204","松阪市","242040147000","五主町","34.629966","136.540941","0","1"
"24","三重県","24204","松阪市","242040148000","小舟江町","34.634882","136.516797","0","1"
"24","三重県","24204","松阪市","242040149000","阪内町","34.525139","136.420591","0","1"
"24","三重県","24204","松阪市","242040150000","佐久米町","34.573927","136.565048","0","1"
"24","三重県","24204","松阪市","242040151000","桜町","34.567667","136.511466","0","1"
"24","三重県","24204","松阪市","242040152000","笹川町","34.531020","136.485308","0","1"
"24","三重県","24204","松阪市","242040153000","五月町","34.568203","136.518482","0","1"
"24","三重県","24204","松阪市","242040154000","清水町","34.559511","136.588819","0","1"
"24","三重県","24204","松阪市","242040155000","下蛸路町","34.528416","136.547808","0","1"
"24","三重県","24204","松阪市","242040156000","下七見町","34.572463","136.585995","0","1"
"24","三重県","24204","松阪市","242040157000","下村町","34.548396","136.545243","0","1"
"24","三重県","24204","松阪市","242040158000","庄町","34.508555","136.510120","0","1"
"24","三重県","24204","松阪市","242040159000","新開町","34.578171","136.601401","0","1"
"24","三重県","24204","松阪市","242040160000","新座町","34.572742","136.529483","0","1"
"24","三重県","24204","松阪市","242040161000","新町","34.572014","136.530739","0","1"
"24","三重県","24204","松阪市","242040162000","新松ヶ島町","34.602891","136.536604","0","1"
"24","三重県","24204","松阪市","242040163000","新屋敷町","34.577168","136.585504","0","1"
"24","三重県","24204","松阪市","242040164001","末広町一丁目","34.575199","136.539613","0","3"
"24","三重県","24204","松阪市","242040164002","末広町二丁目","34.577101","136.540887","0","3"
"24","三重県","24204","松阪市","242040165000","菅生町","34.564220","136.584616","0","1"
"24","三重県","24204","松阪市","242040166000","清生町","34.573048","136.542420","0","1"
"24","三重県","24204","松阪市","242040167000","勢津町","34.531768","136.445436","0","1"
"24","三重県","24204","松阪市","242040168000","外五曲町","34.575802","136.518055","0","1"
"24","三重県","24204","松阪市","242040169000","曽原町","34.624790","136.519729","0","1"
"24","三重県","24204","松阪市","242040170000","田牧町","34.575786","136.504047","0","1"
"24","三重県","24204","松阪市","242040171000","高木町","34.550680","136.601698","0","1"
"24","三重県","24204","松阪市","242040172000","高須町","34.597233","136.568487","0","1"
"24","三重県","24204","松阪市","242040173000","高町","34.583707","136.553351","0","1"
"24","三重県","24204","松阪市","242040174000","宝塚町","34.552520","136.516571","0","1"
"24","三重県","24204","松阪市","242040175000","立野町","34.544972","136.502576","0","1"
"24","三重県","24204","松阪市","242040176000","立田町","34.562309","136.571869","0","1"
"24","三重県","24204","松阪市","242040177000","田村町","34.555284","136.507743","0","1"
"24","三重県","24204","松阪市","242040178000","田原町","34.563817","136.543853","0","1"
"24","三重県","24204","松阪市","242040179000","茅原町","34.496387","136.466496","0","1"
"24","三重県","24204","松阪市","242040180000","茶与町","34.568944","136.532003","0","1"
"24","三重県","24204","松阪市","242040181000","中央町","34.582053","136.540996","0","1"
"24","三重県","24204","松阪市","242040182000","中万町","34.520435","136.555130","0","1"
"24","三重県","24204","松阪市","242040183000","長月町","34.569900","136.534984","0","1"
"24","三重県","24204","松阪市","242040184000","塚本町","34.593222","136.518550","0","1"
"24","三重県","24204","松阪市","242040185000","辻原町","34.514182","136.444561","0","1"
"24","三重県","24204","松阪市","242040186000","土古路町","34.589429","136.611326","0","1"
"24","三重県","24204","松阪市","242040187000","殿町","34.574769","136.526509","0","1"
"24","三重県","24204","松阪市","242040188000","殿村町","34.572910","136.501352","0","1"
"24","三重県","24204","松阪市","242040189000","豊原町","34.547982","136.576971","0","1"
"24","三重県","24204","松阪市","242040190000","中ノ庄町","34.605231","136.504418","0","1"
"24","三重県","24204","松阪市","242040191000","中林町","34.630592","136.512251","0","1"
"24","三重県","24204","松阪市","242040192000","中町","34.577385","136.531832","0","1"
"24","三重県","24204","松阪市","242040193006","中町六丁目","34.577688","136.533997","0","3"
"24","三重県","24204","松阪市","242040194000","中道町","34.619693","136.516520","0","1"
"24","三重県","24204","松阪市","242040195000","虹が丘町","34.542879","136.555091","0","1"
"24","三重県","24204","松阪市","242040196000","西黒部町","34.587386","136.574256","0","1"
"24","三重県","24204","松阪市","242040197000","西之庄町","34.580139","136.525030","0","1"
"24","三重県","24204","松阪市","242040198000","西野町","34.549743","136.474661","0","1"
"24","三重県","24204","松阪市","242040199000","西野々町","34.578832","136.564313","0","1"
"24","三重県","24204","松阪市","242040200000","西肥留町","34.637469","136.503564","0","1"
"24","三重県","24204","松阪市","242040201000","西町","34.583051","136.525481","0","1"
"24","三重県","24204","松阪市","242040202000","丹生寺町","34.549250","136.488424","0","1"
"24","三重県","24204","松阪市","242040203000","野村町","34.584804","136.495306","0","1"
"24","三重県","24204","松阪市","242040204000","甚目町","34.646041","136.505465","0","1"
"24","三重県","24204","松阪市","242040205000","八太町","34.523199","136.536773","0","1"
"24","三重県","24204","松阪市","242040206000","早馬瀬町","34.543500","136.588065","0","1"
"24","三重県","24204","松阪市","242040207000","腹太町","34.567025","136.614795","0","1"
"24","三重県","24204","松阪市","242040208000","日丘町","34.564297","136.491367","0","1"
"24","三重県","24204","松阪市","242040209000","東久保町","34.582973","136.589386","0","1"
"24","三重県","24204","松阪市","242040210000","東黒部町","34.594285","136.596591","0","1"
"24","三重県","24204","松阪市","242040211000","東町","34.575522","136.551046","0","1"
"24","三重県","24204","松阪市","242040212000","光町","34.548554","136.515653","0","1"
"24","三重県","24204","松阪市","242040213000","挽木町","34.572301","136.537949","0","1"
"24","三重県","24204","松阪市","242040214000","日野町","34.574916","136.533059","0","1"
"24","三重県","24204","松阪市","242040215000","平生町","34.571805","136.534612","0","1"
"24","三重県","24204","松阪市","242040216000","肥留町","34.638333","136.511166","0","1"
"24","三重県","24204","松阪市","242040217000","広瀬町","34.508479","136.482637","0","1"
"24","三重県","24204","松阪市","242040218000","深長町","34.576993","136.489650","0","1"
"24","三重県","24204","松阪市","242040219000","藤之木町","34.561740","136.495653","0","1"
"24","三重県","24204","松阪市","242040220000","船江町","34.590712","136.521282","0","1"
"24","三重県","24204","松阪市","242040221000","平成町","34.555141","136.493934","0","1"
"24","三重県","24204","松阪市","242040222000","法田町","34.527190","136.580618","0","1"
"24","三重県","24204","松阪市","242040223000","保津町","34.571293","136.605210","0","1"
"24","三重県","24204","松阪市","242040224000","星合町","34.641055","136.529234","0","1"
"24","三重県","24204","松阪市","242040225000","本町","34.580363","136.530611","0","1"
"24","三重県","24204","松阪市","242040226000","舞出町","34.645794","136.497324","0","1"
"24","三重県","24204","松阪市","242040227000","駅部田町","34.554792","136.528063","0","1"
"24","三重県","24204","松阪市","242040228000","曲町","34.583868","136.505807","0","1"
"24","三重県","24204","松阪市","242040229000","町平尾町","34.600565","136.540558","0","1"
"24","三重県","24204","松阪市","242040230000","松ヶ島町","34.603695","136.528320","0","1"
"24","三重県","24204","松阪市","242040231000","松崎浦町","34.609554","136.521911","0","1"
"24","三重県","24204","松阪市","242040232000","松名瀬町","34.597999","136.584546","0","1"
"24","三重県","24204","松阪市","242040233000","御麻生薗町","34.509562","136.497573","0","1"
"24","三重県","24204","松阪市","242040234000","湊町","34.572454","136.533820","0","1"
"24","三重県","24204","松阪市","242040235000","南虹が丘町","34.537670","136.554564","0","1"
"24","三重県","24204","松阪市","242040236000","南町","34.567918","136.534152","0","1"
"24","三重県","24204","松阪市","242040237000","美濃田町","34.588510","136.491584","0","1"
"24","三重県","24204","松阪市","242040238000","宮町","34.576235","136.543565","0","1"
"24","三重県","24204","松阪市","242040239000","目田町","34.538484","136.586009","0","1"
"24","三重県","24204","松阪市","242040240000","萌木町","34.539421","136.535913","0","1"
"24","三重県","24204","松阪市","242040241000","八重田町","34.570227","136.491749","0","1"
"24","三重県","24204","松阪市","242040242000","矢津町","34.529660","136.465344","0","1"
"24","三重県","24204","松阪市","242040243000","山下町","34.542829","136.573888","0","1"
"24","三重県","24204","松阪市","242040244000","山添町","34.530614","136.568301","0","1"
"24","三重県","24204","松阪市","242040245000","山室町","34.532289","136.511332","0","1"
"24","三重県","24204","松阪市","242040246000","柚原町","34.524322","136.384484","0","1"
"24","三重県","24204","松阪市","242040247000","岩内町","34.570836","136.449379","0","1"
"24","三重県","24204","松阪市","242040248000","横地町","34.531990","136.582005","0","1"
"24","三重県","24204","松阪市","242040249000","与原町","34.555572","136.423196","0","1"
"24","三重県","24204","松阪市","242040250000","猟師町","34.604031","136.548479","0","1"
"24","三重県","24204","松阪市","242040251000","蓮花寺町","34.582887","136.599393","0","1"
"24","三重県","24204","松阪市","242040252000","六呂木町","34.499229","136.445275","0","1"
"24","三重県","24204","松阪市","242040253000","六軒町","34.611766","136.510304","0","1"
"24","三重県","24204","松阪市","242040254000","六根町","34.565299","136.604215","0","1"
"24","三重県","24204","松阪市","242040255000","若葉町","34.581012","136.543689","0","1"
"24","三重県","24204","松阪市","242040256000","和屋町","34.557028","136.576639","0","1"
"24","三重県","24205","桑名市","242050545000 ","さくらの丘","35.067411","136.654108","1","1"
"24","三重県","24205","桑名市","242050006000 ","伊賀町","35.059468","136.699104","0","1"
"24","三重県","24205","桑名市","242050007000 ","一色町","35.059309","136.689630","0","1"
"24","三重県","24205","桑名市","242050202000 ","益生町","35.058068","136.680220","0","1"
"24","三重県","24205","桑名市","242050015000 ","駅元町","35.068353","136.685648","0","1"
"24","三重県","24205","桑名市","242050072001 ","霞町一丁目","35.064172","136.670334","0","3"
"24","三重県","24205","桑名市","242050072002 ","霞町二丁目","35.063596","136.670953","0","3"
"24","三重県","24205","桑名市","242050107000 ","外堀","35.060038","136.694479","0","1"
"24","三重県","24205","桑名市","242050069000 ","掛樋","35.057837","136.688155","0","1"
"24","三重県","24205","桑名市","242050074000 ","萱町","35.058381","136.691912","0","1"
"24","三重県","24205","桑名市","242050217000 ","吉津屋町","35.062755","136.692304","0","1"
"24","三重県","24205","桑名市","242050216000 ","吉之丸","35.065605","136.699735","0","1"
"24","三重県","24205","桑名市","242050210000 ","宮町","35.067767","136.695204","0","1"
"24","三重県","24205","桑名市","242050209000 ","宮通","35.064269","136.695216","0","1"
"24","三重県","24205","桑名市","242050081000 ","京橋町","35.063462","136.691950","0","1"
"24","三重県","24205","桑名市","242050082000 ","京町","35.063391","136.693991","0","1"
"24","三重県","24205","桑名市","242050106000 ","桑栄町","35.066694","136.684726","0","1"
"24","三重県","24205","桑名市","242050212000 ","元赤須賀","35.061204","136.699936","0","1"
"24","三重県","24205","桑名市","242050016000 ","江戸町","35.066048","136.696287","0","1"
"24","三重県","24205","桑名市","242050110001 ","高塚町一丁目","35.070148","136.673231","0","3"
"24","三重県","24205","桑名市","242050110002 ","高塚町二丁目","35.072037","136.673133","0","3"
"24","三重県","24205","桑名市","242050110003 ","高塚町三丁目","35.070594","136.671678","0","3"
"24","三重県","24205","桑名市","242050110004 ","高塚町四丁目","35.072254","136.671532","0","3"
"24","三重県","24205","桑名市","242050110005 ","高塚町五丁目","35.070711","136.670179","0","3"
"24","三重県","24205","桑名市","242050110006 ","高塚町六丁目","35.071347","136.668858","0","3"
"24","三重県","24205","桑名市","242050010000 ","今中町","35.068165","136.690323","0","1"
"24","三重県","24205","桑名市","242050008000 ","今片町","35.067428","136.691405","0","1"
"24","三重県","24205","桑名市","242050009000 ","今北町","35.068567","136.691235","0","1"
"24","三重県","24205","桑名市","242050085000 ","紺屋町","35.062524","136.692976","0","1"
"24","三重県","24205","桑名市","242050086000 ","桜通","35.064927","136.674049","0","1"
"24","三重県","24205","桑名市","242050206000 ","三ツ矢橋","35.058329","136.682842","0","1"
"24","三重県","24205","桑名市","242050088000 ","三栄町","35.065642","136.690230","0","1"
"24","三重県","24205","桑名市","242050205000 ","三崎通","35.066758","136.693722","0","1"
"24","三重県","24205","桑名市","242050090000 ","三之丸","35.066185","136.696990","0","1"
"24","三重県","24205","桑名市","242050089000 ","参宮通","35.068957","136.687888","0","1"
"24","三重県","24205","桑名市","242050091001 ","汐見町一丁目","35.067026","136.672194","0","3"
"24","三重県","24205","桑名市","242050091002 ","汐見町二丁目","35.067515","136.672019","0","3"
"24","三重県","24205","桑名市","242050091003 ","汐見町三丁目","35.067367","136.669932","0","3"
"24","三重県","24205","桑名市","242050084001 ","寿町一丁目","35.066503","136.686407","0","3"
"24","三重県","24205","桑名市","242050084002 ","寿町二丁目","35.065550","136.685213","0","3"
"24","三重県","24205","桑名市","242050084003 ","寿町三丁目","35.065614","136.687882","0","3"
"24","三重県","24205","桑名市","242050104000 ","住吉町","35.069647","136.694428","0","1"
"24","三重県","24205","桑名市","242050071000 ","春日町","35.067819","136.694566","0","1"
"24","三重県","24205","桑名市","242050546001 ","小山台一丁目","35.128057","136.634799","1","3"
"24","三重県","24205","桑名市","242050546002","小山台二丁目","35.128383","136.630728","1","3"
"24","三重県","24205","桑名市","242050204001 ","松ノ木一丁目","35.077235","136.647160","0","3"
"24","三重県","24205","桑名市","242050204002 ","松ノ木二丁目","35.076187","136.643756","0","3"
"24","三重県","24205","桑名市","242050204003 ","松ノ木三丁目","35.077367","136.640742","0","3"
"24","三重県","24205","桑名市","242050204004 ","松ノ木四丁目","35.077111","136.636922","0","3"
"24","三重県","24205","桑名市","242050204005 ","松ノ木五丁目","35.075177","136.638968","0","3"
"24","三重県","24205","桑名市","242050204006 ","松ノ木六丁目","35.075311","136.641271","0","3"
"24","三重県","24205","桑名市","242050204007 ","松ノ木七丁目","35.072656","136.643696","0","3"
"24","三重県","24205","桑名市","242050204008 ","松ノ木八丁目","35.075117","136.645961","0","3"
"24","三重県","24205","桑名市","242050203001 ","松並町一丁目","35.065897","136.675193","0","3"
"24","三重県","24205","桑名市","242050203002 ","松並町二丁目","35.065753","136.672799","0","3"
"24","三重県","24205","桑名市","242050094000 ","城山台","35.051339","136.656515","0","1"
"24","三重県","24205","桑名市","242050139000 ","常盤町","35.064724","136.690308","0","1"
"24","三重県","24205","桑名市","242050093000 ","職人町","35.064383","136.694723","0","1"
"24","三重県","24205","桑名市","242050101000 ","新屋敷","35.057230","136.692772","0","1"
"24","三重県","24205","桑名市","242050099001 ","新西方一丁目","35.072209","136.662932","0","3"
"24","三重県","24205","桑名市","242050099002 ","新西方二丁目","35.073576","136.659779","0","3"
"24","三重県","24205","桑名市","242050099003 ","新西方三丁目","35.074384","136.656448","0","3"
"24","三重県","24205","桑名市","242050099004 ","新西方四丁目","35.070096","136.656137","1","3"
"24","三重県","24205","桑名市","242050099005 ","新西方五丁目","35.070134","136.658452","0","3"
"24","三重県","24205","桑名市","242050099006 ","新西方六丁目","35.068962","136.660332","0","3"
"24","三重県","24205","桑名市","242050099007 ","新西方七丁目","35.066768","136.660311","0","3"
"24","三重県","24205","桑名市","242050099008","新西方八丁目","35.069110","136.654386","1","3"
"24","三重県","24205","桑名市","242050095000 ","新倉持","35.060105","136.664295","0","1"
"24","三重県","24205","桑名市","242050097000 ","新地","35.056679","136.679915","0","1"
"24","三重県","24205","桑名市","242050098000 ","新築町","35.063314","136.690511","0","1"
"24","三重県","24205","桑名市","242050100000 ","新町","35.059415","136.691252","0","1"
"24","三重県","24205","桑名市","242050102001 ","新矢田一丁目","35.059662","136.682235","0","3"
"24","三重県","24205","桑名市","242050102002 ","新矢田二丁目","35.060905","136.683652","0","3"
"24","三重県","24205","桑名市","242050068001 ","神楽町一丁目","35.063100","136.670358","0","3"
"24","三重県","24205","桑名市","242050068002 ","神楽町二丁目","35.062377","136.670357","0","3"
"24","三重県","24205","桑名市","242050096001 ","神成町一丁目","35.073929","136.675885","0","3"
"24","三重県","24205","桑名市","242050096002 ","神成町二丁目","35.075110","136.676256","0","3"
"24","三重県","24205","桑名市","242050200001 ","星見ヶ丘一丁目","35.075732","136.635285","0","3"
"24","三重県","24205","桑名市","242050200002 ","星見ヶ丘二丁目","35.075558","136.632957","0","3"
"24","三重県","24205","桑名市","242050200003 ","星見ヶ丘三丁目","35.075169","136.630478","0","3"
"24","三重県","24205","桑名市","242050200004 ","星見ヶ丘四丁目","35.071708","136.629250","0","3"
"24","三重県","24205","桑名市","242050200005 ","星見ヶ丘五丁目","35.069428","136.630743","0","3"
"24","三重県","24205","桑名市","242050200006 ","星見ヶ丘六丁目","35.067008","136.633722","0","3"
"24","三重県","24205","桑名市","242050200007 ","星見ヶ丘七丁目","35.068250","136.635130","0","3"
"24","三重県","24205","桑名市","242050200008 ","星見ヶ丘八丁目","35.071034","136.634512","0","3"
"24","三重県","24205","桑名市","242050200009 ","星見ヶ丘九丁目","35.073422","136.634011","0","3"
"24","三重県","24205","桑名市","242050092000 ","清水町","35.067774","136.692965","0","1"
"24","三重県","24205","桑名市","242050083000 ","清竹の丘","35.073868","136.669418","0","1"
"24","三重県","24205","桑名市","242050182001 ","西正和台一丁目","35.051407","136.631726","0","3"
"24","三重県","24205","桑名市","242050182002 ","西正和台二丁目","35.050017","136.632587","0","3"
"24","三重県","24205","桑名市","242050182003 ","西正和台三丁目","35.049650","136.630787","0","3"
"24","三重県","24205","桑名市","242050182004 ","西正和台四丁目","35.048646","136.631181","0","3"
"24","三重県","24205","桑名市","242050182005 ","西正和台五丁目","35.048012","136.631903","0","3"
"24","三重県","24205","桑名市","242050183000 ","西鍋屋町","35.056664","136.687060","0","1"
"24","三重県","24205","桑名市","242050184000 ","西矢田町","35.057352","136.683156","0","1"
"24","三重県","24205","桑名市","242050003001 ","青葉町一丁目","35.067574","136.673935","0","3"
"24","三重県","24205","桑名市","242050003002 ","青葉町二丁目","35.068166","136.673128","0","3"
"24","三重県","24205","桑名市","242050004001 ","赤尾台一丁目","35.051138","136.624082","0","3"
"24","三重県","24205","桑名市","242050004002 ","赤尾台二丁目","35.049895","136.623219","0","3"
"24","三重県","24205","桑名市","242050004003 ","赤尾台三丁目","35.048822","136.624583","0","3"
"24","三重県","24205","桑名市","242050004004 ","赤尾台四丁目","35.047673","136.622045","0","3"
"24","三重県","24205","桑名市","242050004005 ","赤尾台五丁目","35.047142","136.623783","0","3"
"24","三重県","24205","桑名市","242050004006 ","赤尾台六丁目","35.046985","136.626606","0","3"
"24","三重県","24205","桑名市","242050004007 ","赤尾台七丁目","35.048522","136.626961","0","3"
"24","三重県","24205","桑名市","242050004008 ","赤尾台八丁目","35.050120","136.627296","0","3"
"24","三重県","24205","桑名市","242050004009 ","赤尾台九丁目","35.051561","136.626077","0","3"
"24","三重県","24205","桑名市","242050135000 ","千代田町","35.059186","136.683896","0","1"
"24","三重県","24205","桑名市","242050075000 ","川口町","35.067353","136.696462","0","1"
"24","三重県","24205","桑名市","242050076000 ","川崎町","35.099307","136.665601","0","1"
"24","三重県","24205","桑名市","242050105000 ","船馬町","35.068721","136.695657","0","1"
"24","三重県","24205","桑名市","242050001000 ","相生町","35.066637","136.692448","0","1"
"24","三重県","24205","桑名市","242050002000 ","相川町","35.057799","136.685895","0","1"
"24","三重県","24205","桑名市","242050119000 ","多度町下野代","35.115377","136.648941","0","1"
"24","三重県","24205","桑名市","242050118000 ","多度町古野","35.143991","136.599657","0","1"
"24","三重県","24205","桑名市","242050123000 ","多度町戸津","35.132559","136.644894","0","1"
"24","三重県","24205","桑名市","242050130000 ","多度町御衣野","35.108227","136.633078","0","1"
"24","三重県","24205","桑名市","242050126000 ","多度町肱江","35.125468","136.648791","0","1"
"24","三重県","24205","桑名市","242050115000 ","多度町香取","35.136433","136.652348","0","1"
"24","三重県","24205","桑名市","242050114000 ","多度町小山","35.123212","136.632155","1","1"
"24","三重県","24205","桑名市","242050116000 ","多度町上之郷","35.137480","136.661221","0","1"
"24","三重県","24205","桑名市","242050120000 ","多度町多度","35.133916","136.627023","1","1"
"24","三重県","24205","桑名市","242050121001 ","多度町多度一丁目","35.132378","136.631436","0","3"
"24","三重県","24205","桑名市","242050121002 ","多度町多度二丁目","35.130473","136.631003","1","3"
"24","三重県","24205","桑名市","242050113000 ","多度町大鳥居","35.120908","136.661570","0","1"
"24","三重県","24205","桑名市","242050124000 ","多度町中須","35.129011","136.657128","0","1"
"24","三重県","24205","桑名市","242050112000 ","多度町猪飼","35.119193","136.623021","0","1"
"24","三重県","24205","桑名市","242050125000 ","多度町東平賀","35.162513","136.646203","0","1"
"24","三重県","24205","桑名市","242050131000 ","多度町南之郷","35.127902","136.666455","0","1"
"24","三重県","24205","桑名市","242050128000 ","多度町美鹿","35.155117","136.584837","0","1"
"24","三重県","24205","桑名市","242050129000 ","多度町福永","35.146287","136.654970","0","1"
"24","三重県","24205","桑名市","242050127000 ","多度町平古","35.158204","136.651400","0","1"
"24","三重県","24205","桑名市","242050117000 ","多度町北猪飼","35.122927","136.617131","0","1"
"24","三重県","24205","桑名市","242050132000 ","多度町柚井","35.142449","136.635051","0","1"
"24","三重県","24205","桑名市","242050122000 ","多度町力尾","35.106507","136.613616","0","1"
"24","三重県","24205","桑名市","242050109000 ","太一丸","35.070127","136.692480","0","1"
"24","三重県","24205","桑名市","242050108000 ","大央町","35.061482","136.689876","0","1"
"24","三重県","24205","桑名市","242050067001 ","大山田一丁目","35.078884","136.640439","0","3"
"24","三重県","24205","桑名市","242050067002 ","大山田二丁目","35.081380","136.639627","0","3"
"24","三重県","24205","桑名市","242050067003 ","大山田三丁目","35.083281","136.638831","0","3"
"24","三重県","24205","桑名市","242050067004 ","大山田四丁目","35.084756","136.633663","0","3"
"24","三重県","24205","桑名市","242050067005 ","大山田五丁目","35.083110","136.634254","0","3"
"24","三重県","24205","桑名市","242050067006 ","大山田六丁目","35.081366","136.637078","0","3"
"24","三重県","24205","桑名市","242050067007 ","大山田七丁目","35.080852","136.635242","0","3"
"24","三重県","24205","桑名市","242050067008 ","大山田八丁目","35.078665","136.637355","0","3"
"24","三重県","24205","桑名市","242050064000 ","大字安永","35.049870","136.679549","0","1"
"24","三重県","24205","桑名市","242050039000 ","大字下深谷部","35.095879","136.657110","0","1"
"24","三重県","24205","桑名市","242050029000 ","大字嘉例川","35.086959","136.619114","0","1"
"24","三重県","24205","桑名市","242050025000 ","大字蛎塚新田","35.086370","136.663957","0","1"
"24","三重県","24205","桑名市","242050048000 ","大字額田","35.067009","136.639182","0","1"
"24","三重県","24205","桑名市","242050028000 ","大字萱町","35.031723","136.695891","0","1"
"24","三重県","24205","桑名市","242050032000 ","大字桑部","35.048519","136.648826","0","1"
"24","三重県","24205","桑名市","242050031000 ","大字桑名","35.072865","136.691952","0","1"
"24","三重県","24205","桑名市","242050218000 ","大字五反田","35.077428","136.614690","0","1"
"24","三重県","24205","桑名市","242050021000 ","大字江場","35.051222","136.692204","0","1"
"24","三重県","24205","桑名市","242050019000 ","大字今島","35.110954","136.662390","0","1"
"24","三重県","24205","桑名市","242050034000 ","大字坂井","35.059273","136.631460","0","1"
"24","三重県","24205","桑名市","242050037000 ","大字志知","35.053421","136.609417","0","1"
"24","三重県","24205","桑名市","242050033000 ","大字小貝須","35.050991","136.699194","0","1"
"24","三重県","24205","桑名市","242050223000 ","大字小泉","35.037573","136.688487","0","1"
"24","三重県","24205","桑名市","242050027000 ","大字上深谷部","35.106655","136.652994","0","1"
"24","三重県","24205","桑名市","242050026000 ","大字上之輪新田","35.084007","136.683589","0","1"
"24","三重県","24205","桑名市","242050020000 ","大字上野","35.062858","136.666543","0","1"
"24","三重県","24205","桑名市","242050063000 ","大字森忠","35.072360","136.623513","0","1"
"24","三重県","24205","桑名市","242050222000 ","大字星川","35.068843","136.627199","0","1"
"24","三重県","24205","桑名市","242050045000 ","大字西金井","35.050531","136.662636","0","1"
"24","三重県","24205","桑名市","242050047000 ","大字西汰上","35.085944","136.671348","0","1"
"24","三重県","24205","桑名市","242050046000 ","大字西別所","35.063117","136.660236","0","1"
"24","三重県","24205","桑名市","242050044000 ","大字西方","35.074007","136.665192","0","1"
"24","三重県","24205","桑名市","242050017000 ","大字赤須賀","35.059548","136.702423","0","1"
"24","三重県","24205","桑名市","242050018000 ","大字赤尾","35.050952","136.629362","0","1"
"24","三重県","24205","桑名市","242050062000 ","大字増田","35.056475","136.646340","0","1"
"24","三重県","24205","桑名市","242050043000 ","大字太夫","35.064130","136.667524","0","1"
"24","三重県","24205","桑名市","242050041000 ","大字太平町","35.032251","136.706222","0","1"
"24","三重県","24205","桑名市","242050022000 ","大字大貝須","35.040263","136.696760","0","1"
"24","三重県","24205","桑名市","242050023000 ","大字大仲新田","35.078879","136.610151","0","1"
"24","三重県","24205","桑名市","242050040000 ","大字大福","35.051818","136.685771","0","1"
"24","三重県","24205","桑名市","242050036000 ","大字地蔵","35.053256","136.703612","0","1"
"24","三重県","24205","桑名市","242050038000 ","大字島田","35.054085","136.620913","0","1"
"24","三重県","24205","桑名市","242050054000 ","大字東金井","35.050738","136.670729","0","1"
"24","三重県","24205","桑名市","242050056000 ","大字東汰上","35.086188","136.675330","0","1"
"24","三重県","24205","桑名市","242050053000 ","大字東方","35.070580","136.680518","0","1"
"24","三重県","24205","桑名市","242050055000 ","大字東野","35.057393","136.697226","0","1"
"24","三重県","24205","桑名市","242050049000 ","大字能部","35.051716","136.636818","0","1"
"24","三重県","24205","桑名市","242050051000 ","大字播磨","35.086125","136.654318","0","1"
"24","三重県","24205","桑名市","242050035000 ","大字繁松新田","35.055027","136.673282","0","1"
"24","三重県","24205","桑名市","242050024000 ","大字尾野山","35.065406","136.679250","0","1"
"24","三重県","24205","桑名市","242050052000 ","大字稗田","35.055826","136.658183","0","1"
"24","三重県","24205","桑名市","242050058000 ","大字福岡町","35.026933","136.705463","0","1"
"24","三重県","24205","桑名市","242050057000 ","大字福江","35.033582","136.695504","0","1"
"24","三重県","24205","桑名市","242050060000 ","大字福地","35.033128","136.699461","0","1"
"24","三重県","24205","桑名市","242050059000 ","大字福島","35.076557","136.688982","0","1"
"24","三重県","24205","桑名市","242050050000 ","大字芳ケ崎","35.071954","136.617833","0","1"
"24","三重県","24205","桑名市","242050030000 ","大字北別所","35.071055","136.674169","0","1"
"24","三重県","24205","桑名市","242050061000 ","大字本願寺","35.054985","136.689105","0","1"
"24","三重県","24205","桑名市","242050065000 ","大字矢田","35.059386","136.678553","0","1"
"24","三重県","24205","桑名市","242050220000 ","大字友村","35.058892","136.624018","0","1"
"24","三重県","24205","桑名市","242050042000 ","大字立田町","35.041913","136.704992","0","1"
"24","三重県","24205","桑名市","242050066000 ","大字蓮花寺","35.070203","136.651470","1","1"
"24","三重県","24205","桑名市","242050225000 ","大字和泉","35.043486","136.686485","0","1"
"24","三重県","24205","桑名市","242050219000 ","筑紫","35.072140","136.611522","0","1"
"24","三重県","24205","桑名市","242050134001 ","中央町一丁目","35.064079","136.684353","0","3"
"24","三重県","24205","桑名市","242050134002 ","中央町二丁目","35.062566","136.684038","0","3"
"24","三重県","24205","桑名市","242050134003 ","中央町三丁目","35.063602","136.687832","0","3"
"24","三重県","24205","桑名市","242050134004 ","中央町四丁目","35.062105","136.687395","0","3"
"24","三重県","24205","桑名市","242050134005 ","中央町五丁目","35.060611","136.686689","0","3"
"24","三重県","24205","桑名市","242050181000 ","中山町","35.068199","136.624314","0","1"
"24","三重県","24205","桑名市","242050142000 ","長島町浦安","35.030585","136.732281","0","1"
"24","三重県","24205","桑名市","242050146000 ","長島町押付","35.102675","136.704382","0","1"
"24","三重県","24205","桑名市","242050179000 ","長島町横満蔵","35.053392","136.727528","0","1"
"24","三重県","24205","桑名市","242050154000 ","長島町下坂手","35.112554","136.676035","0","1"
"24","三重県","24205","桑名市","242050147000 ","長島町鎌ケ地","35.081609","136.713930","0","1"
"24","三重県","24205","桑名市","242050178000 ","長島町間々","35.106835","136.692719","0","1"
"24","三重県","24205","桑名市","242050153000 ","長島町駒江","35.080822","136.704009","0","1"
"24","三重県","24205","桑名市","242050150000 ","長島町源部外面","35.086942","136.708329","0","1"
"24","三重県","24205","桑名市","242050151000 ","長島町高座","35.108276","136.687908","0","1"
"24","三重県","24205","桑名市","242050159000 ","長島町十日外面","35.084329","136.697529","0","1"
"24","三重県","24205","桑名市","242050158000 ","長島町出口","35.101920","136.697292","0","1"
"24","三重県","24205","桑名市","242050152000 ","長島町小島","35.111192","136.701611","0","1"
"24","三重県","24205","桑名市","242050176000 ","長島町松ケ島","35.088559","136.713112","0","1"
"24","三重県","24205","桑名市","242050175000 ","長島町松蔭","35.038525","136.732045","0","1"
"24","三重県","24205","桑名市","242050177000 ","長島町松之木","35.128931","136.673663","0","1"
"24","三重県","24205","桑名市","242050148000 ","長島町上坂手","35.118600","136.676929","0","1"
"24","三重県","24205","桑名市","242050155000 ","長島町新所","35.123100","136.684405","0","1"
"24","三重県","24205","桑名市","242050156000 ","長島町杉江","35.121903","136.678770","0","1"
"24","三重県","24205","桑名市","242050166000 ","長島町西外面","35.093864","136.689980","0","1"
"24","三重県","24205","桑名市","242050167000 ","長島町西外面市街","35.092392","136.699188","0","1"
"24","三重県","24205","桑名市","242050165000 ","長島町西川","35.116896","136.686028","0","1"
"24","三重県","24205","桑名市","242050141000 ","長島町赤地","35.069857","136.713042","0","1"
"24","三重県","24205","桑名市","242050157000 ","長島町千倉","35.102584","136.680154","0","1"
"24","三重県","24205","桑名市","242050144000 ","長島町大倉","35.107328","136.701399","0","1"
"24","三重県","24205","桑名市","242050145000 ","長島町大島","35.075518","136.706533","0","1"
"24","三重県","24205","桑名市","242050161000 ","長島町中川","35.114552","136.690880","0","1"
"24","三重県","24205","桑名市","242050163000 ","長島町長島下町","35.092345","136.700082","0","1"
"24","三重県","24205","桑名市","242050162000 ","長島町長島萱町","35.094475","136.700925","0","1"
"24","三重県","24205","桑名市","242050164000 ","長島町長島中町","35.093421","136.700093","0","1"
"24","三重県","24205","桑名市","242050160000 ","長島町殿名","35.095675","136.706495","0","1"
"24","三重県","24205","桑名市","242050169000 ","長島町東殿名","35.097360","136.711405","0","1"
"24","三重県","24205","桑名市","242050168000 ","長島町白鶏","35.043810","136.719317","0","1"
"24","三重県","24205","桑名市","242050172000 ","長島町福吉","35.055255","136.716615","0","1"
"24","三重県","24205","桑名市","242050171000 ","長島町福豊","35.064350","136.715326","0","1"
"24","三重県","24205","桑名市","242050170000 ","長島町平方","35.102206","136.689071","0","1"
"24","三重県","24205","桑名市","242050149000 ","長島町北殿名","35.103858","136.702863","0","1"
"24","三重県","24205","桑名市","242050173000 ","長島町又木","35.093677","136.703353","0","1"
"24","三重県","24205","桑名市","242050174000 ","長島町又木市街","35.094597","136.699565","0","1"
"24","三重県","24205","桑名市","242050143000 ","長島町老松","35.039747","136.749632","0","1"
"24","三重県","24205","桑名市","242050180000 ","長島町葭ケ須","35.077011","136.715532","0","1"
"24","三重県","24205","桑名市","242050137000 ","堤原","35.067750","136.689205","0","1"
"24","三重県","24205","桑名市","242050138000 ","伝馬町","35.056892","136.689399","0","1"
"24","三重県","24205","桑名市","242050140000 ","殿町","35.066241","136.693137","0","1"
"24","三重県","24205","桑名市","242050133000 ","田町","35.065872","136.694127","0","1"
"24","三重県","24205","桑名市","242050189001 ","東正和台一丁目","35.050999","136.633441","0","3"
"24","三重県","24205","桑名市","242050189002 ","東正和台二丁目","35.048386","136.633566","0","3"
"24","三重県","24205","桑名市","242050189003 ","東正和台三丁目","35.047374","136.635256","0","3"
"24","三重県","24205","桑名市","242050189004 ","東正和台四丁目","35.049096","136.635849","0","3"
"24","三重県","24205","桑名市","242050189005 ","東正和台五丁目","35.050666","136.637779","0","3"
"24","三重県","24205","桑名市","242050189006 ","東正和台六丁目","35.049287","136.637869","0","3"
"24","三重県","24205","桑名市","242050189007 ","東正和台七丁目","35.048233","136.637944","0","3"
"24","三重県","24205","桑名市","242050190000 ","東太一丸","35.071942","136.692632","0","1"
"24","三重県","24205","桑名市","242050191000 ","東鍋屋町","35.055769","136.688584","0","1"
"24","三重県","24205","桑名市","242050192000 ","東矢田町","35.057142","136.685102","0","1"
"24","三重県","24205","桑名市","242050136001 ","筒尾一丁目","35.078726","136.649092","0","3"
"24","三重県","24205","桑名市","242050136002 ","筒尾二丁目","35.080018","136.649706","0","3"
"24","三重県","24205","桑名市","242050136003 ","筒尾三丁目","35.081743","136.651546","0","3"
"24","三重県","24205","桑名市","242050136004 ","筒尾四丁目","35.082635","136.648352","0","3"
"24","三重県","24205","桑名市","242050136005 ","筒尾五丁目","35.083427","136.643845","0","3"
"24","三重県","24205","桑名市","242050136006 ","筒尾六丁目","35.081921","136.646027","0","3"
"24","三重県","24205","桑名市","242050136007 ","筒尾七丁目","35.082119","136.642871","0","3"
"24","三重県","24205","桑名市","242050136008 ","筒尾八丁目","35.079901","136.643206","0","3"
"24","三重県","24205","桑名市","242050136009 ","筒尾九丁目","35.079873","136.646004","0","3"
"24","三重県","24205","桑名市","242050197001 ","藤が丘一丁目","35.077793","136.654745","0","3"
"24","三重県","24205","桑名市","242050197002 ","藤が丘二丁目","35.080582","136.653167","0","3"
"24","三重県","24205","桑名市","242050197003 ","藤が丘三丁目","35.077758","136.652043","0","3"
"24","三重県","24205","桑名市","242050197004 ","藤が丘四丁目","35.075965","136.650589","0","3"
"24","三重県","24205","桑名市","242050197005 ","藤が丘五丁目","35.073758","136.649901","0","3"
"24","三重県","24205","桑名市","242050197006 ","藤が丘六丁目","35.074410","136.647778","0","3"
"24","三重県","24205","桑名市","242050197007 ","藤が丘七丁目","35.072076","136.647611","0","3"
"24","三重県","24205","桑名市","242050197008 ","藤が丘八丁目","35.072885","136.650733","0","3"
"24","三重県","24205","桑名市","242050197009 ","藤が丘九丁目","35.075246","136.653913","0","3"
"24","三重県","24205","桑名市","242050012000 ","内堀","35.061777","136.694865","0","1"
"24","三重県","24205","桑名市","242050224000 ","縄生","35.040322","136.684572","0","1"
"24","三重県","24205","桑名市","242050207000 ","南魚町","35.064828","136.693742","0","1"
"24","三重県","24205","桑名市","242050208000 ","南寺町","35.064460","136.692318","0","1"
"24","三重県","24205","桑名市","242050011000 ","入江葭町","35.061252","136.692438","0","1"
"24","三重県","24205","桑名市","242050013001 ","馬道一丁目","35.059303","136.680713","0","3"
"24","三重県","24205","桑名市","242050014000 ","梅園通","35.066499","136.673102","0","1"
"24","三重県","24205","桑名市","242050187000 ","八間通","35.066690","136.690255","0","1"
"24","三重県","24205","桑名市","242050188000 ","八幡町","35.059050","136.693536","0","1"
"24","三重県","24205","桑名市","242050194000 ","枇杷島台","35.099640","136.664560","0","1"
"24","三重県","24205","桑名市","242050198000 ","風呂町","35.067123","136.695125","0","1"
"24","三重県","24205","桑名市","242050195000 ","福江町","35.056611","136.681491","0","1"
"24","三重県","24205","桑名市","242050196000 ","福島新町","35.077536","136.682186","0","1"
"24","三重県","24205","桑名市","242050073000 ","片町","35.064259","136.695726","0","1"
"24","三重県","24205","桑名市","242050199000 ","宝殿町","35.067601","136.693982","0","1"
"24","三重県","24205","桑名市","242050077000 ","北魚町","35.066181","136.695020","0","1"
"24","三重県","24205","桑名市","242050079000 ","北寺町","35.066185","136.691684","0","1"
"24","三重県","24205","桑名市","242050078000 ","北川原台","35.099364","136.662991","0","1"
"24","三重県","24205","桑名市","242050080000 ","北鍋屋町","35.059335","136.687549","0","1"
"24","三重県","24205","桑名市","242050201000 ","本町","35.066657","136.695701","0","1"
"24","三重県","24205","桑名市","242050103000 ","末広町","35.067105","136.688211","0","1"
"24","三重県","24205","桑名市","242050211000 ","明正町","35.058066","136.675441","0","1"
"24","三重県","24205","桑名市","242050185001 ","野田一丁目","35.078433","136.633607","0","3"
"24","三重県","24205","桑名市","242050185002 ","野田二丁目","35.079889","136.632963","0","3"
"24","三重県","24205","桑名市","242050185003 ","野田三丁目","35.081670","136.631383","0","3"
"24","三重県","24205","桑名市","242050185004 ","野田四丁目","35.083859","136.630139","0","3"
"24","三重県","24205","桑名市","242050185005 ","野田五丁目","35.081305","136.628627","0","3"
"24","三重県","24205","桑名市","242050185006 ","野田六丁目","35.078336","136.629939","0","3"
"24","三重県","24205","桑名市","242050213000 ","矢田磧","35.058902","136.685509","0","1"
"24","三重県","24205","桑名市","242050214000 ","柳原","35.058747","136.696262","0","1"
"24","三重県","24205","桑名市","242050005000 ","油町","35.064437","136.694404","0","1"
"24","三重県","24205","桑名市","242050215000 ","有楽町","35.067567","136.685656","0","1"
"24","三重県","24205","桑名市","242050193001 ","陽だまりの丘一丁目","35.085973","136.648477","0","3"
"24","三重県","24205","桑名市","242050193002 ","陽だまりの丘二丁目","35.086456","136.643827","0","3"
"24","三重県","24205","桑名市","242050193003 ","陽だまりの丘三丁目","35.091189","136.643830","0","3"
"24","三重県","24205","桑名市","242050193004 ","陽だまりの丘四丁目","35.090055","136.639782","0","3"
"24","三重県","24205","桑名市","242050193005 ","陽だまりの丘五丁目","35.093327","136.636651","0","3"
"24","三重県","24205","桑名市","242050193006 ","陽だまりの丘六丁目","35.090902","136.635888","0","3"
"24","三重県","24205","桑名市","242050193007 ","陽だまりの丘七丁目","35.087060","136.638117","0","3"
"24","三重県","24205","桑名市","242050193008 ","陽だまりの丘八丁目","35.085712","136.635470","0","3"
"24","三重県","24205","桑名市","242050087000 ","里町","35.065360","136.623063","0","1"
"24","三重県","24205","桑名市","242050111001 ","立花町一丁目","35.063923","136.673931","0","3"
"24","三重県","24205","桑名市","242050111002 ","立花町二丁目","35.063103","136.673893","0","3"
"24","三重県","24205","桑名市","242050186000 ","蓮見町","35.069546","136.689814","0","1"
"24","三重県","24205","桑名市","242050221000 ","巖新田","35.063340","136.624903","0","1"
"24","三重県","24205","桑名市","242050070000 ","鍜冶町","35.061179","136.691009","0","1"
"24","三重県","24207","鈴鹿市","242070001000","秋永町","34.816532","136.550840","0","1"
"24","三重県","24207","鈴鹿市","242070002000","阿古曽町","34.869004","136.545146","0","1"
"24","三重県","24207","鈴鹿市","242070003000","飯野寺家町","34.874245","136.580611","0","1"
"24","三重県","24207","鈴鹿市","242070004000","池田町","34.898249","136.609656","0","1"
"24","三重県","24207","鈴鹿市","242070005001","石垣一丁目","34.855619","136.567527","0","3"
"24","三重県","24207","鈴鹿市","242070005002","石垣二丁目","34.855180","136.563101","0","3"
"24","三重県","24207","鈴鹿市","242070005003","石垣三丁目","34.857107","136.564804","0","3"
"24","三重県","24207","鈴鹿市","242070006000","石薬師町","34.910560","136.538473","0","1"
"24","三重県","24207","鈴鹿市","242070007000","和泉町","34.868189","136.505439","0","1"
"24","三重県","24207","鈴鹿市","242070008001","磯山一丁目","34.810770","136.564395","0","3"
"24","三重県","24207","鈴鹿市","242070008002","磯山二丁目","34.814723","136.567509","0","3"
"24","三重県","24207","鈴鹿市","242070008003","磯山三丁目","34.816790","136.570009","0","3"
"24","三重県","24207","鈴鹿市","242070008004","磯山四丁目","34.819306","136.572368","0","3"
"24","三重県","24207","鈴鹿市","242070009000","磯山町","34.815054","136.562492","0","1"
"24","三重県","24207","鈴鹿市","242070010000","一ノ宮町","34.898510","136.600361","0","1"
"24","三重県","24207","鈴鹿市","242070011001","稲生一丁目","34.831908","136.557754","0","3"
"24","三重県","24207","鈴鹿市","242070011002","稲生二丁目","34.835210","136.559662","0","3"
"24","三重県","24207","鈴鹿市","242070011003","稲生三丁目","34.838597","136.560089","0","3"
"24","三重県","24207","鈴鹿市","242070011004","稲生四丁目","34.840507","136.561036","0","3"
"24","三重県","24207","鈴鹿市","242070012000","稲生こがね園","34.831530","136.560671","0","1"
"24","三重県","24207","鈴鹿市","242070013001","稲生塩屋一丁目","34.828557","136.567536","0","3"
"24","三重県","24207","鈴鹿市","242070013002","稲生塩屋二丁目","34.831634","136.565129","0","3"
"24","三重県","24207","鈴鹿市","242070013003","稲生塩屋三丁目","34.835498","136.564462","0","3"
"24","三重県","24207","鈴鹿市","242070014000","稲生町","34.839043","136.546152","0","1"
"24","三重県","24207","鈴鹿市","242070015001","稲生西一丁目","34.836339","136.550092","0","3"
"24","三重県","24207","鈴鹿市","242070015002","稲生西二丁目","34.837824","136.554497","0","3"
"24","三重県","24207","鈴鹿市","242070015003","稲生西三丁目","34.840993","136.556902","0","3"
"24","三重県","24207","鈴鹿市","242070016000","伊船町","34.921804","136.484836","0","1"
"24","三重県","24207","鈴鹿市","242070017000","五祝町","34.819016","136.561612","0","1"
"24","三重県","24207","鈴鹿市","242070018000","上田町","34.904122","136.529768","0","1"
"24","三重県","24207","鈴鹿市","242070019000","上野町","34.894706","136.550146","0","1"
"24","三重県","24207","鈴鹿市","242070020000","釆女が丘町","34.913379","136.584090","0","1"
"24","三重県","24207","鈴鹿市","242070021001","江島台一丁目","34.843721","136.592126","0","3"
"24","三重県","24207","鈴鹿市","242070021002","江島台二丁目","34.844758","136.590284","0","3"
"24","三重県","24207","鈴鹿市","242070022000","江島町","34.844085","136.586704","0","1"
"24","三重県","24207","鈴鹿市","242070023000","江島本町","34.834971","136.595449","0","1"
"24","三重県","24207","鈴鹿市","242070024000","追分町","34.941368","136.491602","0","1"
"24","三重県","24207","鈴鹿市","242070025001","大池一丁目","34.867561","136.542479","0","3"
"24","三重県","24207","鈴鹿市","242070025002","大池二丁目","34.867343","136.539506","0","3"
"24","三重県","24207","鈴鹿市","242070025003","大池三丁目","34.867675","136.535478","0","3"
"24","三重県","24207","鈴鹿市","242070026000","大久保町","34.971627","136.458862","0","1"
"24","三重県","24207","鈴鹿市","242070027000","越知町","34.820709","136.532584","0","1"
"24","三重県","24207","鈴鹿市","242070028001","岡田一丁目","34.880430","136.545967","0","3"
"24","三重県","24207","鈴鹿市","242070028002","岡田二丁目","34.877818","136.546686","0","3"
"24","三重県","24207","鈴鹿市","242070028003","岡田三丁目","34.879421","136.550485","0","3"
"24","三重県","24207","鈴鹿市","242070029000","岡田町","34.883451","136.549239","0","1"
"24","三重県","24207","鈴鹿市","242070030000","小岐須町","34.963030","136.422856","0","1"
"24","三重県","24207","鈴鹿市","242070031000","小田町","34.871759","136.495822","0","1"
"24","三重県","24207","鈴鹿市","242070032000","甲斐町","34.889774","136.555165","0","1"
"24","三重県","24207","鈴鹿市","242070033001","加佐登一丁目","34.891970","136.532634","0","3"
"24","三重県","24207","鈴鹿市","242070033002","加佐登二丁目","34.892489","136.528169","0","3"
"24","三重県","24207","鈴鹿市","242070033003","加佐登三丁目","34.892922","136.525827","0","3"
"24","三重県","24207","鈴鹿市","242070033004","加佐登四丁目","34.895815","136.522124","0","3"
"24","三重県","24207","鈴鹿市","242070034000","加佐登町","34.901624","136.522080","0","1"
"24","三重県","24207","鈴鹿市","242070035001","上箕田一丁目","34.880451","136.610542","0","3"
"24","三重県","24207","鈴鹿市","242070035002","上箕田二丁目","34.881153","136.608225","0","3"
"24","三重県","24207","鈴鹿市","242070036000","上箕田町","34.885474","136.612142","0","1"
"24","三重県","24207","鈴鹿市","242070037001","神戸一丁目","34.881834","136.583708","0","3"
"24","三重県","24207","鈴鹿市","242070037002","神戸二丁目","34.882266","136.579739","0","3"
"24","三重県","24207","鈴鹿市","242070037003","神戸三丁目","34.876735","136.584344","0","3"
"24","三重県","24207","鈴鹿市","242070037004","神戸四丁目","34.878158","136.579652","0","3"
"24","三重県","24207","鈴鹿市","242070037005","神戸五丁目","34.879774","136.576512","0","3"
"24","三重県","24207","鈴鹿市","242070037006","神戸六丁目","34.883227","136.576029","0","3"
"24","三重県","24207","鈴鹿市","242070037007","神戸七丁目","34.885810","136.578241","0","3"
"24","三重県","24207","鈴鹿市","242070037008","神戸八丁目","34.886812","136.581989","0","3"
"24","三重県","24207","鈴鹿市","242070037009","神戸九丁目","34.884030","136.584780","0","3"
"24","三重県","24207","鈴鹿市","242070038000","神戸寺家町","34.872950","136.585678","0","1"
"24","三重県","24207","鈴鹿市","242070039000","神戸地子町","34.872724","136.586665","0","1"
"24","三重県","24207","鈴鹿市","242070040000","神戸本多町","34.877354","136.576204","0","1"
"24","三重県","24207","鈴鹿市","242070041000","岸岡町","34.854337","136.602406","0","1"
"24","三重県","24207","鈴鹿市","242070042000","岸田町","34.942816","136.509449","0","1"
"24","三重県","24207","鈴鹿市","242070043000","北江島町","34.843691","136.597300","0","1"
"24","三重県","24207","鈴鹿市","242070044000","北玉垣町","34.866167","136.586990","0","1"
"24","三重県","24207","鈴鹿市","242070045000","木田町","34.903589","136.561658","0","1"
"24","三重県","24207","鈴鹿市","242070046000","北長太町","34.898287","136.628743","0","1"
"24","三重県","24207","鈴鹿市","242070047001","北堀江一丁目","34.885198","136.622771","0","3"
"24","三重県","24207","鈴鹿市","242070047002","北堀江二丁目","34.883172","136.625671","0","3"
"24","三重県","24207","鈴鹿市","242070048000","北堀江町","34.884259","136.626664","0","1"
"24","三重県","24207","鈴鹿市","242070049000","北若松町","34.873564","136.619243","0","1"
"24","三重県","24207","鈴鹿市","242070050000","汲川原町","34.878240","136.519502","0","1"
"24","三重県","24207","鈴鹿市","242070051000","河田町","34.890716","136.571158","0","1"
"24","三重県","24207","鈴鹿市","242070052000","国府町","34.850305","136.507861","0","1"
"24","三重県","24207","鈴鹿市","242070053000","郡山町","34.814398","136.534455","0","1"
"24","三重県","24207","鈴鹿市","242070054000","国分町","34.906456","136.570947","0","1"
"24","三重県","24207","鈴鹿市","242070055000","小社町","34.946449","136.461949","0","1"
"24","三重県","24207","鈴鹿市","242070056001","桜島町一丁目","34.853640","136.571713","0","3"
"24","三重県","24207","鈴鹿市","242070056002","桜島町二丁目","34.852148","136.575520","0","3"
"24","三重県","24207","鈴鹿市","242070056003","桜島町三丁目","34.853484","136.576030","0","3"
"24","三重県","24207","鈴鹿市","242070056004","桜島町四丁目","34.856426","136.576327","0","3"
"24","三重県","24207","鈴鹿市","242070056005","桜島町五丁目","34.857680","136.573685","0","3"
"24","三重県","24207","鈴鹿市","242070056006","桜島町六丁目","34.855617","136.572534","0","3"
"24","三重県","24207","鈴鹿市","242070056007","桜島町七丁目","34.856543","136.569401","0","3"
"24","三重県","24207","鈴鹿市","242070057001","算所一丁目","34.872112","136.543541","0","3"
"24","三重県","24207","鈴鹿市","242070057002","算所二丁目","34.872563","136.546680","0","3"
"24","三重県","24207","鈴鹿市","242070057003","算所三丁目","34.875689","136.545601","0","3"
"24","三重県","24207","鈴鹿市","242070057004","算所四丁目","34.878712","136.552490","0","3"
"24","三重県","24207","鈴鹿市","242070057005","算所五丁目","34.876546","136.551673","0","3"
"24","三重県","24207","鈴鹿市","242070058000","算所町","34.870678","136.551099","0","1"
"24","三重県","24207","鈴鹿市","242070059001","寺家一丁目","34.817318","136.578917","0","3"
"24","三重県","24207","鈴鹿市","242070059002","寺家二丁目","34.818626","136.576630","0","3"
"24","三重県","24207","鈴鹿市","242070059003","寺家三丁目","34.822567","136.582080","0","3"
"24","三重県","24207","鈴鹿市","242070059004","寺家四丁目","34.825516","136.582442","0","3"
"24","三重県","24207","鈴鹿市","242070059005","寺家五丁目","34.827967","136.581275","0","3"
"24","三重県","24207","鈴鹿市","242070059006","寺家六丁目","34.823773","136.577505","0","3"
"24","三重県","24207","鈴鹿市","242070059007","寺家七丁目","34.825802","136.574998","0","3"
"24","三重県","24207","鈴鹿市","242070059008","寺家八丁目","34.823118","136.573691","0","3"
"24","三重県","24207","鈴鹿市","242070060000","寺家町","34.828607","136.574768","0","1"
"24","三重県","24207","鈴鹿市","242070061000","地子町","34.869411","136.568722","0","1"
"24","三重県","24207","鈴鹿市","242070062000","下大久保町","34.923562","136.533091","0","1"
"24","三重県","24207","鈴鹿市","242070063001","下箕田一丁目","34.880033","136.629002","0","3"
"24","三重県","24207","鈴鹿市","242070063002","下箕田二丁目","34.875625","136.627553","0","3"
"24","三重県","24207","鈴鹿市","242070063003","下箕田三丁目","34.877055","136.625672","0","3"
"24","三重県","24207","鈴鹿市","242070063004","下箕田四丁目","34.880925","136.626528","0","3"
"24","三重県","24207","鈴鹿市","242070064000","下箕田町","34.876286","136.620072","0","1"
"24","三重県","24207","鈴鹿市","242070065001","自由ヶ丘一丁目","34.912411","136.550852","0","3"
"24","三重県","24207","鈴鹿市","242070065002","自由ヶ丘二丁目","34.915260","136.550467","0","3"
"24","三重県","24207","鈴鹿市","242070065003","自由ヶ丘三丁目","34.913718","136.547174","0","3"
"24","三重県","24207","鈴鹿市","242070065004","自由ヶ丘四丁目","34.911624","136.547948","0","3"
"24","三重県","24207","鈴鹿市","242070066001","庄野共進一丁目","34.875753","136.534064","0","3"
"24","三重県","24207","鈴鹿市","242070066002","庄野共進二丁目","34.875103","136.531309","0","3"
"24","三重県","24207","鈴鹿市","242070066003","庄野共進三丁目","34.876479","136.531460","0","3"
"24","三重県","24207","鈴鹿市","242070067000","庄野町","34.881888","136.525614","0","1"
"24","三重県","24207","鈴鹿市","242070068001","庄野羽山一丁目","34.875221","136.528718","0","3"
"24","三重県","24207","鈴鹿市","242070068002","庄野羽山二丁目","34.874826","136.526718","0","3"
"24","三重県","24207","鈴鹿市","242070068003","庄野羽山三丁目","34.871848","136.523730","0","3"
"24","三重県","24207","鈴鹿市","242070068004","庄野羽山四丁目","34.871619","136.529256","0","3"
"24","三重県","24207","鈴鹿市","242070069001","庄野東一丁目","34.878497","136.532629","0","3"
"24","三重県","24207","鈴鹿市","242070069002","庄野東二丁目","34.878499","136.529484","0","3"
"24","三重県","24207","鈴鹿市","242070069003","庄野東三丁目","34.879973","136.531016","0","3"
"24","三重県","24207","鈴鹿市","242070070001","白子一丁目","34.829522","136.588177","0","3"
"24","三重県","24207","鈴鹿市","242070070002","白子二丁目","34.827130","136.586252","0","3"
"24","三重県","24207","鈴鹿市","242070070003","白子三丁目","34.831347","136.584860","0","3"
"24","三重県","24207","鈴鹿市","242070070004","白子四丁目","34.833849","136.583185","0","3"
"24","三重県","24207","鈴鹿市","242070071000","白子駅前","34.835934","136.589546","0","1"
"24","三重県","24207","鈴鹿市","242070072000","白子町","34.839308","136.574838","0","1"
"24","三重県","24207","鈴鹿市","242070073000","白子本町","34.833326","136.591019","0","1"
"24","三重県","24207","鈴鹿市","242070074001","末広北一丁目","34.861388","136.566420","0","3"
"24","三重県","24207","鈴鹿市","242070074002","末広北二丁目","34.861375","136.562186","0","3"
"24","三重県","24207","鈴鹿市","242070074003","末広北三丁目","34.861309","136.559357","0","3"
"24","三重県","24207","鈴鹿市","242070075000","末広町","34.863342","136.560331","0","1"
"24","三重県","24207","鈴鹿市","242070076000","末広西","34.859503","136.557218","0","1"
"24","三重県","24207","鈴鹿市","242070077000","末広東","34.859724","136.570249","0","1"
"24","三重県","24207","鈴鹿市","242070078001","末広南一丁目","34.859477","136.564415","0","3"
"24","三重県","24207","鈴鹿市","242070078002","末広南二丁目","34.858747","136.561057","0","3"
"24","三重県","24207","鈴鹿市","242070078003","末広南三丁目","34.857441","136.560330","0","3"
"24","三重県","24207","鈴鹿市","242070079001","須賀一丁目","34.886514","136.586630","0","3"
"24","三重県","24207","鈴鹿市","242070079002","須賀二丁目","34.888967","136.587575","0","3"
"24","三重県","24207","鈴鹿市","242070079003","須賀三丁目","34.889352","136.584142","0","3"
"24","三重県","24207","鈴鹿市","242070080000","須賀町","34.889638","136.593943","0","1"
"24","三重県","24207","鈴鹿市","242070081000","鈴鹿ハイツ","34.854591","136.551387","0","1"
"24","三重県","24207","鈴鹿市","242070082001","住吉一丁目","34.864689","136.538062","0","3"
"24","三重県","24207","鈴鹿市","242070082002","住吉二丁目","34.862201","136.539661","0","3"
"24","三重県","24207","鈴鹿市","242070082003","住吉三丁目","34.861291","136.535530","0","3"
"24","三重県","24207","鈴鹿市","242070082004","住吉四丁目","34.861014","136.531915","0","3"
"24","三重県","24207","鈴鹿市","242070082005","住吉五丁目","34.859815","136.527572","0","3"
"24","三重県","24207","鈴鹿市","242070083000","住吉町","34.851884","136.533131","0","1"
"24","三重県","24207","鈴鹿市","242070084001","高岡台一丁目","34.907788","136.592939","0","3"
"24","三重県","24207","鈴鹿市","242070084002","高岡台二丁目","34.909257","136.588140","0","3"
"24","三重県","24207","鈴鹿市","242070084003","高岡台三丁目","34.907301","136.589032","0","3"
"24","三重県","24207","鈴鹿市","242070084004","高岡台四丁目","34.908260","136.585470","0","3"
"24","三重県","24207","鈴鹿市","242070084005","高岡台五丁目","34.904518","136.586668","0","3"
"24","三重県","24207","鈴鹿市","242070085000","高岡町","34.900873","136.586290","0","1"
"24","三重県","24207","鈴鹿市","242070086000","高塚町","34.902914","136.514934","0","1"
"24","三重県","24207","鈴鹿市","242070087001","竹野一丁目","34.882403","136.560260","0","3"
"24","三重県","24207","鈴鹿市","242070087002","竹野二丁目","34.881683","136.556730","0","3"
"24","三重県","24207","鈴鹿市","242070088000","竹野町","34.883736","136.556953","0","1"
"24","三重県","24207","鈴鹿市","242070089000","長法寺町","34.830759","136.503245","0","1"
"24","三重県","24207","鈴鹿市","242070090000","津賀町","34.889584","136.515000","0","1"
"24","三重県","24207","鈴鹿市","242070091000","椿一宮町","34.948989","136.492757","0","1"
"24","三重県","24207","鈴鹿市","242070092001","道伯一丁目","34.863934","136.543177","0","3"
"24","三重県","24207","鈴鹿市","242070092002","道伯二丁目","34.863196","136.545651","0","3"
"24","三重県","24207","鈴鹿市","242070092003","道伯三丁目","34.866167","136.545947","0","3"
"24","三重県","24207","鈴鹿市","242070092004","道伯四丁目","34.866378","136.549255","0","3"
"24","三重県","24207","鈴鹿市","242070092005","道伯五丁目","34.862991","136.549555","0","3"
"24","三重県","24207","鈴鹿市","242070093000","道伯町","34.857848","136.549456","0","1"
"24","三重県","24207","鈴鹿市","242070094000","徳居町","34.817397","136.516913","0","1"
"24","三重県","24207","鈴鹿市","242070095000","徳田町","34.825993","136.545369","0","1"
"24","三重県","24207","鈴鹿市","242070096001","十宮一丁目","34.892946","136.580598","0","3"
"24","三重県","24207","鈴鹿市","242070096002","十宮二丁目","34.891197","136.582581","0","3"
"24","三重県","24207","鈴鹿市","242070096003","十宮三丁目","34.890361","136.580394","0","3"
"24","三重県","24207","鈴鹿市","242070096004","十宮四丁目","34.888036","136.579263","0","3"
"24","三重県","24207","鈴鹿市","242070097000","十宮町","34.893465","136.575697","0","1"
"24","三重県","24207","鈴鹿市","242070098001","中旭が丘一丁目","34.847920","136.571532","0","3"
"24","三重県","24207","鈴鹿市","242070098002","中旭が丘二丁目","34.845816","136.574057","0","3"
"24","三重県","24207","鈴鹿市","242070098003","中旭が丘三丁目","34.843687","136.576607","0","3"
"24","三重県","24207","鈴鹿市","242070098004","中旭が丘四丁目","34.841620","136.579036","0","3"
"24","三重県","24207","鈴鹿市","242070099000","中江島町","34.841198","136.594258","0","1"
"24","三重県","24207","鈴鹿市","242070100000","長澤町","34.938924","136.477767","0","1"
"24","三重県","24207","鈴鹿市","242070101000","中瀬古町","34.813393","136.546152","0","1"
"24","三重県","24207","鈴鹿市","242070102000","中冨田町","34.880869","136.509915","0","1"
"24","三重県","24207","鈴鹿市","242070103001","中箕田一丁目","34.880978","136.616041","0","3"
"24","三重県","24207","鈴鹿市","242070103002","中箕田二丁目","34.879620","136.619102","0","3"
"24","三重県","24207","鈴鹿市","242070104000","中箕田町","34.878667","136.614657","0","1"
"24","三重県","24207","鈴鹿市","242070105001","長太旭町一丁目","34.896782","136.622701","0","3"
"24","三重県","24207","鈴鹿市","242070105002","長太旭町二丁目","34.895820","136.625977","0","3"
"24","三重県","24207","鈴鹿市","242070105003","長太旭町三丁目","34.893462","136.625445","0","3"
"24","三重県","24207","鈴鹿市","242070105004","長太旭町四丁目","34.893456","136.628333","0","3"
"24","三重県","24207","鈴鹿市","242070105005","長太旭町五丁目","34.892721","136.631499","0","3"
"24","三重県","24207","鈴鹿市","242070105006","長太旭町六丁目","34.895282","136.635240","0","3"
"24","三重県","24207","鈴鹿市","242070106001","長太栄町一丁目","34.893575","136.623127","0","3"
"24","三重県","24207","鈴鹿市","242070106002","長太栄町二丁目","34.890824","136.624371","0","3"
"24","三重県","24207","鈴鹿市","242070106003","長太栄町三丁目","34.889466","136.628169","0","3"
"24","三重県","24207","鈴鹿市","242070106004","長太栄町四丁目","34.890998","136.632958","0","3"
"24","三重県","24207","鈴鹿市","242070106005","長太栄町五丁目","34.887546","136.630792","0","3"
"24","三重県","24207","鈴鹿市","242070107001","長太新町一丁目","34.902780","136.628374","0","3"
"24","三重県","24207","鈴鹿市","242070107002","長太新町二丁目","34.902727","136.633548","0","3"
"24","三重県","24207","鈴鹿市","242070107003","長太新町三丁目","34.901075","136.638463","0","3"
"24","三重県","24207","鈴鹿市","242070107004","長太新町四丁目","34.899024","136.637248","0","3"
"24","三重県","24207","鈴鹿市","242070108001","西条一丁目","34.881317","136.572780","0","3"
"24","三重県","24207","鈴鹿市","242070108002","西条二丁目","34.883000","136.571067","0","3"
"24","三重県","24207","鈴鹿市","242070108003","西条三丁目","34.880341","136.566628","0","3"
"24","三重県","24207","鈴鹿市","242070108004","西条四丁目","34.879256","136.572557","0","3"
"24","三重県","24207","鈴鹿市","242070108005","西条五丁目","34.878658","136.568478","0","3"
"24","三重県","24207","鈴鹿市","242070108006","西条六丁目","34.876567","136.569328","0","3"
"24","三重県","24207","鈴鹿市","242070108007","西条七丁目","34.878158","136.564484","0","3"
"24","三重県","24207","鈴鹿市","242070108008","西条八丁目","34.876410","136.563556","0","3"
"24","三重県","24207","鈴鹿市","242070108009","西条九丁目","34.874879","136.563576","0","3"
"24","三重県","24207","鈴鹿市","242070109000","西條町","34.872223","136.564432","0","1"
"24","三重県","24207","鈴鹿市","242070110000","西庄内町","34.939402","136.442631","0","1"
"24","三重県","24207","鈴鹿市","242070111000","西玉垣町","34.862396","136.584660","0","1"
"24","三重県","24207","鈴鹿市","242070112000","西冨田町","34.878424","136.501644","0","1"
"24","三重県","24207","鈴鹿市","242070113000","野町","34.848923","136.564295","0","1"
"24","三重県","24207","鈴鹿市","242070114001","野町中一丁目","34.852880","136.567297","0","3"
"24","三重県","24207","鈴鹿市","242070114002","野町中二丁目","34.850954","136.565650","0","3"
"24","三重県","24207","鈴鹿市","242070114003","野町中三丁目","34.849619","136.563004","0","3"
"24","三重県","24207","鈴鹿市","242070115001","野町西一丁目","34.854469","136.563632","0","3"
"24","三重県","24207","鈴鹿市","242070115002","野町西二丁目","34.852370","136.563787","0","3"
"24","三重県","24207","鈴鹿市","242070115003","野町西三丁目","34.853665","136.562198","0","3"
"24","三重県","24207","鈴鹿市","242070116001","野町東一丁目","34.851629","136.570408","0","3"
"24","三重県","24207","鈴鹿市","242070116002","野町東二丁目","34.849748","136.569063","0","3"
"24","三重県","24207","鈴鹿市","242070117001","野町南一丁目","34.850403","136.561829","0","3"
"24","三重県","24207","鈴鹿市","242070118000","野村町","34.840940","136.567546","0","1"
"24","三重県","24207","鈴鹿市","242070119001","野辺一丁目","34.884791","136.564273","0","3"
"24","三重県","24207","鈴鹿市","242070119002","野辺二丁目","34.881807","136.564773","0","3"
"24","三重県","24207","鈴鹿市","242070120000","野辺町","34.888181","136.563900","0","1"
"24","三重県","24207","鈴鹿市","242070121000","土師町","34.872137","136.606063","0","1"
"24","三重県","24207","鈴鹿市","242070122000","八野町","34.841748","136.489934","0","1"
"24","三重県","24207","鈴鹿市","242070123000","花川町","34.932338","136.514068","0","1"
"24","三重県","24207","鈴鹿市","242070124001","林崎一丁目","34.883697","136.606915","0","3"
"24","三重県","24207","鈴鹿市","242070124002","林崎二丁目","34.884590","136.603811","0","3"
"24","三重県","24207","鈴鹿市","242070125000","林崎町","34.887910","136.604454","0","1"
"24","三重県","24207","鈴鹿市","242070126001","東旭が丘一丁目","34.849352","136.573144","0","3"
"24","三重県","24207","鈴鹿市","242070126002","東旭が丘二丁目","34.848786","136.576813","0","3"
"24","三重県","24207","鈴鹿市","242070126003","東旭が丘三丁目","34.845811","136.578335","0","3"
"24","三重県","24207","鈴鹿市","242070126004","東旭が丘四丁目","34.843796","136.581081","0","3"
"24","三重県","24207","鈴鹿市","242070126005","東旭が丘五丁目","34.846443","136.581274","0","3"
"24","三重県","24207","鈴鹿市","242070126006","東旭が丘六丁目","34.845306","136.584115","0","3"
"24","三重県","24207","鈴鹿市","242070126007","東旭が丘七丁目","34.848697","136.581634","0","3"
"24","三重県","24207","鈴鹿市","242070127001","東磯山一丁目","34.808757","136.568766","0","3"
"24","三重県","24207","鈴鹿市","242070127002","東磯山二丁目","34.811288","136.572510","0","3"
"24","三重県","24207","鈴鹿市","242070127003","東磯山三丁目","34.813999","136.575386","0","3"
"24","三重県","24207","鈴鹿市","242070127004","東磯山四丁目","34.815440","136.572671","0","3"
"24","三重県","24207","鈴鹿市","242070128000","東江島町","34.839824","136.597640","0","1"
"24","三重県","24207","鈴鹿市","242070129000","東庄内町","34.913606","136.465199","0","1"
"24","三重県","24207","鈴鹿市","242070130000","東玉垣町","34.860227","136.592228","0","1"
"24","三重県","24207","鈴鹿市","242070131000","肥田町","34.877115","136.593921","0","1"
"24","三重県","24207","鈴鹿市","242070132001","平田一丁目","34.876728","136.539850","0","3"
"24","三重県","24207","鈴鹿市","242070132002","平田二丁目","34.875989","136.536769","0","3"
"24","三重県","24207","鈴鹿市","242070133000","平田新町","34.871873","136.541449","0","1"
"24","三重県","24207","鈴鹿市","242070134000","平田町","34.867515","136.532418","0","1"
"24","三重県","24207","鈴鹿市","242070135000","平田中町","34.871751","136.537017","0","1"
"24","三重県","24207","鈴鹿市","242070136000","平田東町","34.876672","136.543340","0","1"
"24","三重県","24207","鈴鹿市","242070137001","平田本町一丁目","34.881368","136.537790","0","3"
"24","三重県","24207","鈴鹿市","242070137002","平田本町二丁目","34.878566","136.536981","0","3"
"24","三重県","24207","鈴鹿市","242070138000","平野町","34.868639","136.513815","0","1"
"24","三重県","24207","鈴鹿市","242070139000","広瀬町","34.891836","136.500138","0","1"
"24","三重県","24207","鈴鹿市","242070140000","深溝町","34.924065","136.505314","0","1"
"24","三重県","24207","鈴鹿市","242070141000","御薗町","34.833911","136.523425","0","1"
"24","三重県","24207","鈴鹿市","242070142001","三日市一丁目","34.879521","136.556596","0","3"
"24","三重県","24207","鈴鹿市","242070142002","三日市二丁目","34.878845","136.559396","0","3"
"24","三重県","24207","鈴鹿市","242070142003","三日市三丁目","34.876547","136.556835","0","3"
"24","三重県","24207","鈴鹿市","242070143000","三日市町","34.871182","136.558208","0","1"
"24","三重県","24207","鈴鹿市","242070144001","三日市南一丁目","34.865103","136.550930","0","3"
"24","三重県","24207","鈴鹿市","242070144002","三日市南二丁目","34.863095","136.552855","0","3"
"24","三重県","24207","鈴鹿市","242070144003","三日市南三丁目","34.864728","136.555769","0","3"
"24","三重県","24207","鈴鹿市","242070145001","南旭が丘一丁目","34.846244","136.569657","0","3"
"24","三重県","24207","鈴鹿市","242070145002","南旭が丘二丁目","34.844242","136.570735","0","3"
"24","三重県","24207","鈴鹿市","242070145003","南旭が丘三丁目","34.842494","136.573982","0","3"
"24","三重県","24207","鈴鹿市","242070146000","南江島町","34.839683","136.590638","0","1"
"24","三重県","24207","鈴鹿市","242070147000","南玉垣町","34.855820","136.584548","0","1"
"24","三重県","24207","鈴鹿市","242070148000","南長太町","34.888750","136.617885","0","1"
"24","三重県","24207","鈴鹿市","242070149000","南林崎町","34.881381","136.602846","0","1"
"24","三重県","24207","鈴鹿市","242070150001","南堀江一丁目","34.881096","136.620449","0","3"
"24","三重県","24207","鈴鹿市","242070150002","南堀江二丁目","34.880691","136.623770","0","3"
"24","三重県","24207","鈴鹿市","242070151000","南堀江町","34.883386","136.621370","0","1"
"24","三重県","24207","鈴鹿市","242070152000","南若松町","34.843727","136.603369","0","1"
"24","三重県","24207","鈴鹿市","242070153000","三畑町","34.910262","136.500290","0","1"
"24","三重県","24207","鈴鹿市","242070154000","三宅町","34.817622","136.499153","0","1"
"24","三重県","24207","鈴鹿市","242070155000","安塚町","34.868148","136.577673","0","1"
"24","三重県","24207","鈴鹿市","242070156000","柳町","34.871874","136.597813","0","1"
"24","三重県","24207","鈴鹿市","242070157001","矢橋一丁目","34.879165","136.587063","0","3"
"24","三重県","24207","鈴鹿市","242070157002","矢橋二丁目","34.882070","136.588161","0","3"
"24","三重県","24207","鈴鹿市","242070157003","矢橋三丁目","34.885027","136.589439","0","3"
"24","三重県","24207","鈴鹿市","242070158000","矢橋町","34.880553","136.591718","0","1"
"24","三重県","24207","鈴鹿市","242070159000","山辺町","34.897884","136.563762","0","1"
"24","三重県","24207","鈴鹿市","242070160000","山本町","34.959911","136.460145","0","1"
"24","三重県","24207","鈴鹿市","242070161001","弓削一丁目","34.881445","136.540522","0","3"
"24","三重県","24207","鈴鹿市","242070161002","弓削二丁目","34.878605","136.542769","0","3"
"24","三重県","24207","鈴鹿市","242070162000","弓削町","34.885194","136.541699","0","1"
"24","三重県","24207","鈴鹿市","242070163001","若松北一丁目","34.865433","136.616948","0","3"
"24","三重県","24207","鈴鹿市","242070163002","若松北二丁目","34.869357","136.619508","0","3"
"24","三重県","24207","鈴鹿市","242070163003","若松北三丁目","34.872240","136.623153","0","3"
"24","三重県","24207","鈴鹿市","242070164001","若松中一丁目","34.857614","136.612150","0","3"
"24","三重県","24207","鈴鹿市","242070164002","若松中二丁目","34.861671","136.614674","0","3"
"24","三重県","24207","鈴鹿市","242070165001","若松西一丁目","34.863062","136.610166","0","3"
"24","三重県","24207","鈴鹿市","242070165002","若松西二丁目","34.865355","136.611100","0","3"
"24","三重県","24207","鈴鹿市","242070165003","若松西三丁目","34.867338","136.611934","0","3"
"24","三重県","24207","鈴鹿市","242070165004","若松西四丁目","34.869128","136.612928","0","3"
"24","三重県","24207","鈴鹿市","242070165005","若松西五丁目","34.871136","136.613809","0","3"
"24","三重県","24207","鈴鹿市","242070165006","若松西六丁目","34.874431","136.612870","0","3"
"24","三重県","24207","鈴鹿市","242070166001","若松東一丁目","34.857321","136.615264","0","3"
"24","三重県","24207","鈴鹿市","242070166002","若松東二丁目","34.863416","136.619504","0","3"
"24","三重県","24207","鈴鹿市","242070166003","若松東三丁目","34.868638","136.623265","0","3"
"24","三重県","24208","名張市","242080001000","赤目町一ノ井","34.591510","136.076170","0","1"
"24","三重県","24208","名張市","242080002000","赤目町柏原","34.596977","136.079919","0","1"
"24","三重県","24208","名張市","242080003000","赤目町相楽","34.606691","136.078704","0","1"
"24","三重県","24208","名張市","242080004000","赤目町丈六","34.599813","136.072610","0","1"
"24","三重県","24208","名張市","242080005000","赤目町新川","34.603627","136.077634","0","1"
"24","三重県","24208","名張市","242080006000","赤目町すみれが丘","34.598500","136.091202","0","1"
"24","三重県","24208","名張市","242080007000","赤目町檀","34.600389","136.078191","0","1"
"24","三重県","24208","名張市","242080008000","赤目町長坂","34.572470","136.085333","0","1"
"24","三重県","24208","名張市","242080009000","赤目町星川","34.596336","136.087784","0","1"
"24","三重県","24208","名張市","242080010000","朝日町","34.626376","136.085567","0","1"
"24","三重県","24208","名張市","242080011000","安部田","34.595581","136.056793","0","1"
"24","三重県","24208","名張市","242080012000","家野","34.655547","136.074347","0","1"
"24","三重県","24208","名張市","242080013000","井手","34.609919","136.065312","0","1"
"24","三重県","24208","名張市","242080014000","上本町","34.620268","136.090142","0","1"
"24","三重県","24208","名張市","242080015000","梅が丘北一番町","34.637652","136.092247","0","1"
"24","三重県","24208","名張市","242080016000","梅が丘北二番町","34.638168","136.088715","0","1"
"24","三重県","24208","名張市","242080017000","梅が丘北三番町","34.638163","136.086386","0","1"
"24","三重県","24208","名張市","242080018000","梅が丘北四番町","34.639637","136.084594","0","1"
"24","三重県","24208","名張市","242080019000","梅が丘北五番町","34.641606","136.086495","0","1"
"24","三重県","24208","名張市","242080020000","梅が丘南一番町","34.634765","136.091089","0","1"
"24","三重県","24208","名張市","242080021000","梅が丘南二番町","34.635048","136.088456","0","1"
"24","三重県","24208","名張市","242080022000","梅が丘南三番町","34.635058","136.086130","0","1"
"24","三重県","24208","名張市","242080023000","梅が丘南四番町","34.635061","136.083873","0","1"
"24","三重県","24208","名張市","242080024000","梅が丘南五番町","34.632710","136.086702","0","1"
"24","三重県","24208","名張市","242080025000","鵜山","34.667372","136.090582","0","1"
"24","三重県","24208","名張市","242080026000","大谷","34.625936","136.076026","0","1"
"24","三重県","24208","名張市","242080027000","大屋戸","34.631331","136.091449","0","1"
"24","三重県","24208","名張市","242080028000","鍛冶町","34.618491","136.090808","0","1"
"24","三重県","24208","名張市","242080029000","春日丘一番町","34.615237","136.113548","0","1"
"24","三重県","24208","名張市","242080030000","春日丘二番町","34.616048","136.116563","0","1"
"24","三重県","24208","名張市","242080031000","春日丘三番町","34.613823","136.116266","0","1"
"24","三重県","24208","名張市","242080032000","春日丘四番町","34.613826","136.119485","0","1"
"24","三重県","24208","名張市","242080033000","春日丘五番町","34.611009","136.120525","0","1"
"24","三重県","24208","名張市","242080034000","春日丘六番町","34.611041","136.122392","0","1"
"24","三重県","24208","名張市","242080035000","春日丘七番町","34.614981","136.120994","0","1"
"24","三重県","24208","名張市","242080036000","上小波田","34.641513","136.138329","0","1"
"24","三重県","24208","名張市","242080037000","上長瀬","34.573895","136.182244","0","1"
"24","三重県","24208","名張市","242080038000","上八町","34.625549","136.091514","0","1"
"24","三重県","24208","名張市","242080039000","上比奈知","34.612770","136.154388","0","1"
"24","三重県","24208","名張市","242080040000","上三谷","34.580306","136.066409","0","1"
"24","三重県","24208","名張市","242080041000","神屋","34.581460","136.136716","0","1"
"24","三重県","24208","名張市","242080042000","希央台一番町","34.624298","136.103113","0","1"
"24","三重県","24208","名張市","242080043000","希央台二番町","34.627377","136.099827","0","1"
"24","三重県","24208","名張市","242080044000","希央台三番町","34.622165","136.103924","0","1"
"24","三重県","24208","名張市","242080045000","希央台四番町","34.623645","136.101207","0","1"
"24","三重県","24208","名張市","242080046000","希央台五番町","34.624155","136.098393","0","1"
"24","三重県","24208","名張市","242080047000","桔梗が丘一番町","34.644152","136.115314","0","1"
"24","三重県","24208","名張市","242080048000","桔梗が丘二番町","34.640495","136.117848","0","1"
"24","三重県","24208","名張市","242080049000","桔梗が丘三番町","34.644335","136.118900","0","1"
"24","三重県","24208","名張市","242080050000","桔梗が丘四番町","34.649833","136.122084","0","1"
"24","三重県","24208","名張市","242080051000","桔梗が丘五番町","34.641129","136.127172","0","1"
"24","三重県","24208","名張市","242080052000","桔梗が丘六番町","34.645377","136.122311","0","1"
"24","三重県","24208","名張市","242080053000","桔梗が丘七番町","34.646018","136.126989","0","1"
"24","三重県","24208","名張市","242080054000","桔梗が丘八番町","34.648598","136.126885","0","1"
"24","三重県","24208","名張市","242080055000","桔梗が丘西一番町","34.644065","136.105369","0","1"
"24","三重県","24208","名張市","242080056000","桔梗が丘西二番町","34.641908","136.110566","0","1"
"24","三重県","24208","名張市","242080057000","桔梗が丘西三番町","34.643814","136.112303","0","1"
"24","三重県","24208","名張市","242080058000","桔梗が丘西四番町","34.647705","136.112587","0","1"
"24","三重県","24208","名張市","242080059000","桔梗が丘西五番町","34.646441","136.109474","0","1"
"24","三重県","24208","名張市","242080060000","桔梗が丘西六番町","34.646566","136.106640","0","1"
"24","三重県","24208","名張市","242080061000","桔梗が丘西七番町","34.648618","136.107838","0","1"
"24","三重県","24208","名張市","242080062000","桔梗が丘南一番町","34.634846","136.121177","0","1"
"24","三重県","24208","名張市","242080063000","桔梗が丘南二番町","34.632959","136.123572","0","1"
"24","三重県","24208","名張市","242080064000","木屋町","34.622695","136.086997","0","1"
"24","三重県","24208","名張市","242080065000","葛尾","34.657060","136.048072","0","1"
"24","三重県","24208","名張市","242080066000","蔵持町里","34.640426","136.108150","0","1"
"24","三重県","24208","名張市","242080067000","蔵持町芝出","34.630447","136.104311","0","1"
"24","三重県","24208","名張市","242080068000","蔵持町原出","34.634653","136.110089","0","1"
"24","三重県","24208","名張市","242080069000","黒田","34.616388","136.075141","0","1"
"24","三重県","24208","名張市","242080070000","結馬","34.612274","136.069159","0","1"
"24","三重県","24208","名張市","242080071000","鴻之台一番町","34.628908","136.108430","0","1"
"24","三重県","24208","名張市","242080072000","鴻之台二番町","34.625322","136.106503","0","1"
"24","三重県","24208","名張市","242080073000","鴻之台三番町","34.626266","136.104407","0","1"
"24","三重県","24208","名張市","242080074000","鴻之台四番町","34.627110","136.102372","0","1"
"24","三重県","24208","名張市","242080075000","鴻之台五番町","34.628359","136.102033","0","1"
"24","三重県","24208","名張市","242080076000","薦生","34.653109","136.086363","0","1"
"24","三重県","24208","名張市","242080077000","栄町","34.623686","136.093355","0","1"
"24","三重県","24208","名張市","242080078000","榊町","34.622455","136.088755","0","1"
"24","三重県","24208","名張市","242080079000","桜ケ丘","34.620987","136.099634","0","1"
"24","三重県","24208","名張市","242080080000","さつき台一番町","34.653637","136.108744","0","1"
"24","三重県","24208","名張市","242080081000","さつき台二番町","34.650328","136.106479","0","1"
"24","三重県","24208","名張市","242080082000","下小波田","34.653619","136.143785","0","1"
"24","三重県","24208","名張市","242080083000","下比奈知","34.622549","136.133284","0","1"
"24","三重県","24208","名張市","242080084000","下三谷","34.643143","136.080681","0","1"
"24","三重県","24208","名張市","242080085000","青蓮寺","34.577950","136.107408","0","1"
"24","三重県","24208","名張市","242080086000","新田","34.663499","136.140444","0","1"
"24","三重県","24208","名張市","242080087000","新町","34.618793","136.085466","0","1"
"24","三重県","24208","名張市","242080088000","すずらん台西一番町","34.642874","136.153923","0","1"
"24","三重県","24208","名張市","242080089000","すずらん台西二番町","34.640069","136.159795","0","1"
"24","三重県","24208","名張市","242080090000","すずらん台西三番町","34.637660","136.157654","0","1"
"24","三重県","24208","名張市","242080091000","すずらん台西四番町","34.638916","136.159859","0","1"
"24","三重県","24208","名張市","242080092000","すずらん台東一番町","34.637046","136.162793","0","1"
"24","三重県","24208","名張市","242080093000","すずらん台東二番町","34.635499","136.160727","0","1"
"24","三重県","24208","名張市","242080094000","すずらん台東三番町","34.633447","136.163028","0","1"
"24","三重県","24208","名張市","242080095000","すずらん台東四番町","34.633729","136.169457","0","1"
"24","三重県","24208","名張市","242080096000","すずらん台東五番町","34.635955","136.166206","0","1"
"24","三重県","24208","名張市","242080097000","瀬古口","34.613171","136.091835","0","1"
"24","三重県","24208","名張市","242080098000","滝之原","34.626469","136.161066","0","1"
"24","三重県","24208","名張市","242080099000","つつじが丘北十番町","34.612152","136.133670","0","1"
"24","三重県","24208","名張市","242080100000","つつじが丘北一番町","34.606085","136.127647","0","1"
"24","三重県","24208","名張市","242080101000","つつじが丘北二番町","34.608088","136.127458","0","1"
"24","三重県","24208","名張市","242080102000","つつじが丘北三番町","34.606126","136.131325","0","1"
"24","三重県","24208","名張市","242080103000","つつじが丘北四番町","34.610510","136.128916","0","1"
"24","三重県","24208","名張市","242080104000","つつじが丘北五番町","34.607105","136.133778","0","1"
"24","三重県","24208","名張市","242080105000","つつじが丘北六番町","34.610233","136.131992","0","1"
"24","三重県","24208","名張市","242080106000","つつじが丘北七番町","34.612407","136.130750","0","1"
"24","三重県","24208","名張市","242080107000","つつじが丘北八番町","34.614684","136.129058","0","1"
"24","三重県","24208","名張市","242080108000","つつじが丘北九番町","34.615845","136.132004","0","1"
"24","三重県","24208","名張市","242080109000","つつじが丘南一番町","34.607548","136.137370","0","1"
"24","三重県","24208","名張市","242080110000","つつじが丘南二番町","34.602753","136.138905","0","1"
"24","三重県","24208","名張市","242080111000","つつじが丘南三番町","34.603515","136.135830","0","1"
"24","三重県","24208","名張市","242080112000","つつじが丘南四番町","34.601379","136.137050","0","1"
"24","三重県","24208","名張市","242080113000","つつじが丘南五番町","34.598001","136.136560","0","1"
"24","三重県","24208","名張市","242080114000","つつじが丘南六番町","34.599544","136.134171","0","1"
"24","三重県","24208","名張市","242080115000","つつじが丘南七番町","34.602653","136.133307","0","1"
"24","三重県","24208","名張市","242080116000","つつじが丘南八番町","34.603249","136.129955","0","1"
"24","三重県","24208","名張市","242080117000","奈垣","34.601726","136.144000","0","1"
"24","三重県","24208","名張市","242080118000","長瀬","34.594907","136.171140","0","1"
"24","三重県","24208","名張市","242080119000","中知山","34.580794","136.120411","0","1"
"24","三重県","24208","名張市","242080120000","中町","34.621189","136.089074","0","1"
"24","三重県","24208","名張市","242080121000","夏秋","34.641511","136.094330","0","1"
"24","三重県","24208","名張市","242080122000","夏見","34.615276","136.104327","0","1"
"24","三重県","24208","名張市","242080123000","西田原","34.661944","136.106195","0","1"
"24","三重県","24208","名張市","242080124000","西原町","34.653332","136.115563","0","1"
"24","三重県","24208","名張市","242080125000","東田原","34.666797","136.115519","0","1"
"24","三重県","24208","名張市","242080126000","東町","34.629439","136.095158","0","1"
"24","三重県","24208","名張市","242080127000","平尾","34.620612","136.095534","0","1"
"24","三重県","24208","名張市","242080128000","富貴ケ丘一番町","34.629085","136.122114","0","1"
"24","三重県","24208","名張市","242080129000","富貴ケ丘二番町","34.627133","136.122236","0","1"
"24","三重県","24208","名張市","242080130000","富貴ケ丘三番町","34.625624","136.123151","0","1"
"24","三重県","24208","名張市","242080131000","富貴ケ丘四番町","34.623361","136.119968","0","1"
"24","三重県","24208","名張市","242080132000","富貴ケ丘五番町","34.620636","136.118352","0","1"
"24","三重県","24208","名張市","242080133000","富貴ケ丘六番町","34.620164","136.121974","0","1"
"24","三重県","24208","名張市","242080134000","布生","34.568875","136.154322","0","1"
"24","三重県","24208","名張市","242080135000","豊後町","34.620627","136.085363","0","1"
"24","三重県","24208","名張市","242080136000","本町","34.619247","136.088047","0","1"
"24","三重県","24208","名張市","242080137000","松崎町","34.624054","136.089524","0","1"
"24","三重県","24208","名張市","242080138000","松原町","34.634974","136.097615","0","1"
"24","三重県","24208","名張市","242080139000","丸之内","34.621405","136.091708","0","1"
"24","三重県","24208","名張市","242080140000","短野","34.632034","136.078195","0","1"
"24","三重県","24208","名張市","242080141000","緑が丘中","34.641807","136.102180","0","1"
"24","三重県","24208","名張市","242080142000","緑が丘西","34.641756","136.100206","0","1"
"24","三重県","24208","名張市","242080143000","緑が丘東","34.642305","136.104577","0","1"
"24","三重県","24208","名張市","242080144000","南古山","34.681655","136.123757","0","1"
"24","三重県","24208","名張市","242080145000","南町","34.621864","136.082135","0","1"
"24","三重県","24208","名張市","242080146000","南百合が丘","34.601327","136.096532","0","1"
"24","三重県","24208","名張市","242080147000","箕曲中村","34.609882","136.087215","0","1"
"24","三重県","24208","名張市","242080148000","美旗町池の台西","34.652150","136.132515","0","1"
"24","三重県","24208","名張市","242080149000","美旗町池の台東","34.649716","136.134932","0","1"
"24","三重県","24208","名張市","242080150000","美旗町中一番","34.661864","136.134078","0","1"
"24","三重県","24208","名張市","242080151000","美旗町中二番","34.663639","136.131171","0","1"
"24","三重県","24208","名張市","242080152000","美旗町中三番","34.662308","136.129103","0","1"
"24","三重県","24208","名張市","242080153000","美旗町藤が丘","34.667951","136.122914","0","1"
"24","三重県","24208","名張市","242080154000","美旗町南西原","34.656979","136.123738","0","1"
"24","三重県","24208","名張市","242080155000","美旗中村","34.654666","136.130377","0","1"
"24","三重県","24208","名張市","242080156000","元町","34.620877","136.087284","0","1"
"24","三重県","24208","名張市","242080157000","矢川","34.593494","136.066020","0","1"
"24","三重県","24208","名張市","242080158000","柳原町","34.619291","136.090493","0","1"
"24","三重県","24208","名張市","242080159000","八幡","34.649078","136.093364","0","1"
"24","三重県","24208","名張市","242080160000","百合が丘西一番町","34.609844","136.100297","0","1"
"24","三重県","24208","名張市","242080161000","百合が丘西二番町","34.607019","136.097540","0","1"
"24","三重県","24208","名張市","242080162000","百合が丘西三番町","34.605036","136.099607","0","1"
"24","三重県","24208","名張市","242080163000","百合が丘西四番町","34.605308","136.096655","0","1"
"24","三重県","24208","名張市","242080164000","百合が丘西五番町","34.606064","136.093852","0","1"
"24","三重県","24208","名張市","242080165000","百合が丘西六番町","34.603547","136.100506","0","1"
"24","三重県","24208","名張市","242080166000","百合が丘東一番町","34.609725","136.103985","0","1"
"24","三重県","24208","名張市","242080167000","百合が丘東二番町","34.607037","136.101663","0","1"
"24","三重県","24208","名張市","242080168000","百合が丘東三番町","34.605093","136.102964","0","1"
"24","三重県","24208","名張市","242080169000","百合が丘東四番町","34.608028","136.104194","0","1"
"24","三重県","24208","名張市","242080170000","百合が丘東五番町","34.606489","136.105607","0","1"
"24","三重県","24208","名張市","242080171000","百合が丘東六番町","34.608774","136.107510","0","1"
"24","三重県","24208","名張市","242080172000","百合が丘東七番町","34.605278","136.111248","0","1"
"24","三重県","24208","名張市","242080173000","百合が丘東八番町","34.604278","136.108609","0","1"
"24","三重県","24208","名張市","242080174000","百合が丘東九番町","34.603208","136.107185","0","1"
"24","三重県","24208","名張市","242080175000","竜口","34.571214","136.066444","0","1"
"24","三重県","24208","名張市","242080176000","桔梗が丘南三番町","34.635321","136.123773","0","1"
"24","三重県","24208","名張市","242080177000","桔梗が丘南四番町","34.634249","136.125689","0","1"
"24","三重県","24209","尾鷲市","242090001000","朝日町","34.072988","136.198945","0","1"
"24","三重県","24209","尾鷲市","242090002000","泉町","34.070001","136.180853","0","1"
"24","三重県","24209","尾鷲市","242090003000","上野町","34.069614","136.188770","0","1"
"24","三重県","24209","尾鷲市","242090004000","大字大曽根浦","34.057101","136.228927","0","1"
"24","三重県","24209","尾鷲市","242090005000","大字天満浦","34.084495","136.216781","0","1"
"24","三重県","24209","尾鷲市","242090006000","大字中井浦","34.072545","136.181405","0","1"
"24","三重県","24209","尾鷲市","242090007000","大字南浦","34.064293","136.133433","0","1"
"24","三重県","24209","尾鷲市","242090008000","大字向井","34.052637","136.218624","0","1"
"24","三重県","24209","尾鷲市","242090009000","大字行野浦","34.046702","136.239052","0","1"
"24","三重県","24209","尾鷲市","242090010000","大滝町","34.067854","136.183527","0","1"
"24","三重県","24209","尾鷲市","242090011000","梶賀町","33.960934","136.216760","0","1"
"24","三重県","24209","尾鷲市","242090012000","賀田町","33.992781","136.151184","0","1"
"24","三重県","24209","尾鷲市","242090013000","桂ヶ丘","34.062981","136.192818","0","1"
"24","三重県","24209","尾鷲市","242090014000","北浦町","34.077407","136.198024","0","1"
"24","三重県","24209","尾鷲市","242090015000","北浦西町","34.081307","136.196713","0","1"
"24","三重県","24209","尾鷲市","242090016000","北浦東町","34.080755","136.200526","0","1"
"24","三重県","24209","尾鷲市","242090017000","九鬼町","34.020173","136.253441","0","1"
"24","三重県","24209","尾鷲市","242090018000","国市松泉町","34.065986","136.206889","0","1"
"24","三重県","24209","尾鷲市","242090019000","倉ノ谷町","34.076589","136.187577","0","1"
"24","三重県","24209","尾鷲市","242090020000","小川西町","34.066604","136.189443","0","1"
"24","三重県","24209","尾鷲市","242090021000","小川東町","34.067682","136.193729","0","1"
"24","三重県","24209","尾鷲市","242090022000","古戸町","34.072852","136.188847","0","1"
"24","三重県","24209","尾鷲市","242090023000","古戸野町","34.070898","136.186422","0","1"
"24","三重県","24209","尾鷲市","242090024000","小脇町","33.994986","136.228289","0","1"
"24","三重県","24209","尾鷲市","242090025000","栄町","34.075408","136.194892","0","1"
"24","三重県","24209","尾鷲市","242090026000","坂場町","34.078876","136.191305","0","1"
"24","三重県","24209","尾鷲市","242090027000","坂場西町","34.080947","136.187326","0","1"
"24","三重県","24209","尾鷲市","242090028000","盛松","33.979611","136.253719","0","1"
"24","三重県","24209","尾鷲市","242090029000","座ノ下町","34.081991","136.192482","0","1"
"24","三重県","24209","尾鷲市","242090030000","新田町","34.065698","136.185464","0","1"
"24","三重県","24209","尾鷲市","242090031000","末広町","34.077079","136.189724","0","1"
"24","三重県","24209","尾鷲市","242090032000","須賀利町","34.097469","136.284181","0","1"
"24","三重県","24209","尾鷲市","242090033000","瀬木山町","34.069609","136.201159","0","1"
"24","三重県","24209","尾鷲市","242090034000","曽根町","33.968824","136.166268","0","1"
"24","三重県","24209","尾鷲市","242090035000","中央町","34.071421","136.194561","0","1"
"24","三重県","24209","尾鷲市","242090036000","中井町","34.075327","136.197326","0","1"
"24","三重県","24209","尾鷲市","242090037000","中川","34.066472","136.197650","0","1"
"24","三重県","24209","尾鷲市","242090038000","中村町","34.073268","136.193147","0","1"
"24","三重県","24209","尾鷲市","242090039000","名柄町","34.014117","136.217259","0","1"
"24","三重県","24209","尾鷲市","242090040000","南陽町","34.069509","136.193494","0","1"
"24","三重県","24209","尾鷲市","242090041000","野地町","34.076280","136.191696","0","1"
"24","三重県","24209","尾鷲市","242090042000","早田町","34.002203","136.257277","0","1"
"24","三重県","24209","尾鷲市","242090043000","林町","34.071028","136.199773","0","1"
"24","三重県","24209","尾鷲市","242090044000","光ヶ丘","34.065335","136.177495","0","1"
"24","三重県","24209","尾鷲市","242090045000","古江町","33.984077","136.206694","0","1"
"24","三重県","24209","尾鷲市","242090046000","馬越町","34.084373","136.198686","0","1"
"24","三重県","24209","尾鷲市","242090047000","三木浦町","33.991759","136.239678","0","1"
"24","三重県","24209","尾鷲市","242090048000","三木里町","34.004720","136.189170","0","1"
"24","三重県","24209","尾鷲市","242090049000","港町","34.075246","136.200296","0","1"
"24","三重県","24209","尾鷲市","242090050000","宮ノ上町","34.080447","136.193470","0","1"
"24","三重県","24209","尾鷲市","242090051001","矢浜一丁目","34.063581","136.201575","0","3"
"24","三重県","24209","尾鷲市","242090051002","矢浜二丁目","34.061527","136.198342","0","3"
"24","三重県","24209","尾鷲市","242090051003","矢浜三丁目","34.060639","136.203655","0","3"
"24","三重県","24209","尾鷲市","242090051004","矢浜四丁目","34.055851","136.199615","0","3"
"24","三重県","24209","尾鷲市","242090052000","矢浜岡崎町","34.056708","136.197756","0","1"
"24","三重県","24209","尾鷲市","242090053000","矢浜大道","34.055194","136.203194","0","1"
"24","三重県","24209","尾鷲市","242090054000","矢浜真砂","34.053363","136.199703","0","1"
"24","三重県","24210","亀山市","242100001000","アイリス町","34.869116","136.457950","0","1"
"24","三重県","24210","亀山市","242100002000","安坂山町","34.927627","136.401205","0","1"
"24","三重県","24210","亀山市","242100003000","安知本町","34.829284","136.443929","0","1"
"24","三重県","24210","亀山市","242100004000","阿野田町","34.843866","136.465345","0","1"
"24","三重県","24210","亀山市","242100005000","井尻町","34.853888","136.482610","0","1"
"24","三重県","24210","亀山市","242100006000","井田川町","34.867067","136.492688","0","1"
"24","三重県","24210","亀山市","242100007000","市ヶ坂町","34.856570","136.446851","0","1"
"24","三重県","24210","亀山市","242100008000","上野町","34.855440","136.471618","0","1"
"24","三重県","24210","亀山市","242100009001","江ヶ室一丁目","34.858139","136.455347","0","3"
"24","三重県","24210","亀山市","242100009002","江ヶ室二丁目","34.857345","136.456514","0","3"
"24","三重県","24210","亀山市","242100010000","小川町","34.887129","136.422100","0","1"
"24","三重県","24210","亀山市","242100011000","小野町","34.855434","136.407635","0","1"
"24","三重県","24210","亀山市","242100012000","海本町","34.846091","136.448994","0","1"
"24","三重県","24210","亀山市","242100013000","加太板屋","34.854794","136.320024","0","1"
"24","三重県","24210","亀山市","242100014000","加太市場","34.849164","136.342085","0","1"
"24","三重県","24210","亀山市","242100015000","加太梶ヶ坂","34.847282","136.329954","0","1"
"24","三重県","24210","亀山市","242100016000","加太北在家","34.856864","136.293093","0","1"
"24","三重県","24210","亀山市","242100017000","加太神武","34.824341","136.316821","0","1"
"24","三重県","24210","亀山市","242100018000","加太中在家","34.826277","136.294538","0","1"
"24","三重県","24210","亀山市","242100019000","加太向井","34.832176","136.339119","0","1"
"24","三重県","24210","亀山市","242100020000","亀田町","34.866273","136.454611","0","1"
"24","三重県","24210","亀山市","242100021000","川合町","34.866399","136.479809","0","1"
"24","三重県","24210","亀山市","242100022000","川崎町","34.896885","136.470584","0","1"
"24","三重県","24210","亀山市","242100023000","北鹿島町","34.851742","136.466729","0","1"
"24","三重県","24210","亀山市","242100024000","北野町","34.856750","136.444044","0","1"
"24","三重県","24210","亀山市","242100025000","北町","34.858876","136.465131","0","1"
"24","三重県","24210","亀山市","242100026000","北山町","34.858347","136.460420","0","1"
"24","三重県","24210","亀山市","242100027000","楠平尾町","34.831853","136.435885","0","1"
"24","三重県","24210","亀山市","242100028000","木下町","34.848400","136.413997","0","1"
"24","三重県","24210","亀山市","242100029000","小下町","34.853415","136.471069","0","1"
"24","三重県","24210","亀山市","242100030000","栄町","34.861022","136.470196","0","1"
"24","三重県","24210","亀山市","242100031000","渋倉町","34.854059","136.457707","0","1"
"24","三重県","24210","亀山市","242100032000","下庄町","34.820541","136.482851","0","1"
"24","三重県","24210","亀山市","242100033000","白木町","34.887344","136.383828","0","1"
"24","三重県","24210","亀山市","242100034000","菅内町","34.843821","136.479701","0","1"
"24","三重県","24210","亀山市","242100035000","住山町","34.871361","136.438065","0","1"
"24","三重県","24210","亀山市","242100036000","関ヶ丘","34.843265","136.390469","0","1"
"24","三重県","24210","亀山市","242100037000","関町泉ヶ丘","34.858081","136.393182","0","1"
"24","三重県","24210","亀山市","242100038000","関町市瀬","34.865486","136.371470","0","1"
"24","三重県","24210","亀山市","242100039000","関町会下","34.862545","136.403847","0","1"
"24","三重県","24210","亀山市","242100040000","関町越川","34.835559","136.357986","0","1"
"24","三重県","24210","亀山市","242100041000","関町小野","34.851534","136.406138","0","1"
"24","三重県","24210","亀山市","242100042000","関町金場","34.850396","136.356980","0","1"
"24","三重県","24210","亀山市","242100043000","関町久我","34.838665","136.371580","0","1"
"24","三重県","24210","亀山市","242100044000","関町沓掛","34.874829","136.360478","0","1"
"24","三重県","24210","亀山市","242100045000","関町木崎","34.852663","136.399032","0","1"
"24","三重県","24210","亀山市","242100046000","関町坂下","34.879885","136.329333","0","1"
"24","三重県","24210","亀山市","242100047000","関町白木一色","34.875755","136.396926","0","1"
"24","三重県","24210","亀山市","242100048000","関町新所","34.848560","136.385431","0","1"
"24","三重県","24210","亀山市","242100049000","関町中町","34.852600","136.393021","0","1"
"24","三重県","24210","亀山市","242100050000","関町萩原","34.839297","136.397965","0","1"
"24","三重県","24210","亀山市","242100051000","関町福徳","34.830123","136.376926","0","1"
"24","三重県","24210","亀山市","242100052000","関町富士ハイツ","34.860239","136.389810","0","1"
"24","三重県","24210","亀山市","242100053000","関町古厩","34.843671","136.402971","0","1"
"24","三重県","24210","亀山市","242100054000","関町鷲山","34.867991","136.389941","0","1"
"24","三重県","24210","亀山市","242100055000","太岡寺町","34.861703","136.414056","0","1"
"24","三重県","24210","亀山市","242100056000","高塚町","34.853680","136.464706","0","1"
"24","三重県","24210","亀山市","242100057000","田村町","34.879632","136.488965","0","1"
"24","三重県","24210","亀山市","242100058000","田茂町","34.828486","136.453169","0","1"
"24","三重県","24210","亀山市","242100059000","長明寺町","34.878133","136.474004","0","1"
"24","三重県","24210","亀山市","242100060000","椿世町","34.867922","136.463342","0","1"
"24","三重県","24210","亀山市","242100061001","天神一丁目","34.846326","136.455217","0","3"
"24","三重県","24210","亀山市","242100061002","天神二丁目","34.843199","136.453742","0","3"
"24","三重県","24210","亀山市","242100061003","天神三丁目","34.839810","136.453491","0","3"
"24","三重県","24210","亀山市","242100061004","天神四丁目","34.840106","136.450977","0","3"
"24","三重県","24210","亀山市","242100062000","中庄町","34.826758","136.471494","0","1"
"24","三重県","24210","亀山市","242100063000","中屋敷町","34.858145","136.453717","0","1"
"24","三重県","24210","亀山市","242100064000","西町","34.859336","136.448613","0","1"
"24","三重県","24210","亀山市","242100065000","西丸町","34.855839","136.449021","0","1"
"24","三重県","24210","亀山市","242100066000","能褒野町","34.894870","136.486186","0","1"
"24","三重県","24210","亀山市","242100067001","野村一丁目","34.860060","136.443023","0","3"
"24","三重県","24210","亀山市","242100067002","野村二丁目","34.862016","136.437147","0","3"
"24","三重県","24210","亀山市","242100067003","野村三丁目","34.857087","136.439061","0","3"
"24","三重県","24210","亀山市","242100067004","野村四丁目","34.853802","136.438124","0","3"
"24","三重県","24210","亀山市","242100068000","野村町","34.846289","136.434882","0","1"
"24","三重県","24210","亀山市","242100069000","羽若町","34.864531","136.448500","0","1"
"24","三重県","24210","亀山市","242100070000","東台町","34.856290","136.457988","0","1"
"24","三重県","24210","亀山市","242100071001","東町一丁目","34.854245","136.455023","0","3"
"24","三重県","24210","亀山市","242100071002","東町二丁目","34.853597","136.457734","0","3"
"24","三重県","24210","亀山市","242100072000","東丸町","34.855307","136.453304","0","1"
"24","三重県","24210","亀山市","242100073000","東御幸町","34.850629","136.456052","0","1"
"24","三重県","24210","亀山市","242100074000","布気町","34.864474","136.426533","0","1"
"24","三重県","24210","亀山市","242100075000","両尾町","34.903837","136.439558","0","1"
"24","三重県","24210","亀山市","242100076000","太森町","34.882845","136.464403","0","1"
"24","三重県","24210","亀山市","242100077000","辺法寺町","34.887694","136.448030","0","1"
"24","三重県","24210","亀山市","242100078001","本町一丁目","34.851091","136.460431","0","3"
"24","三重県","24210","亀山市","242100078002","本町二丁目","34.854195","136.461151","0","3"
"24","三重県","24210","亀山市","242100078003","本町三丁目","34.855328","136.460795","0","3"
"24","三重県","24210","亀山市","242100078004","本町四丁目","34.856394","136.464957","0","3"
"24","三重県","24210","亀山市","242100079000","本丸町","34.856579","136.451432","0","1"
"24","三重県","24210","亀山市","242100080000","みずきが丘","34.877052","136.468298","0","1"
"24","三重県","24210","亀山市","242100081000","みずほ台","34.871621","136.476785","0","1"
"24","三重県","24210","亀山市","242100082000","三寺町","34.824011","136.460465","0","1"
"24","三重県","24210","亀山市","242100083000","みどり町","34.871035","136.485147","0","1"
"24","三重県","24210","亀山市","242100084000","南鹿島町","34.850440","136.467094","0","1"
"24","三重県","24210","亀山市","242100085000","南崎町","34.852866","136.449365","0","1"
"24","三重県","24210","亀山市","242100086000","南野町","34.853498","136.444268","0","1"
"24","三重県","24210","亀山市","242100087000","御幸町","34.850213","136.448362","0","1"
"24","三重県","24210","亀山市","242100088000","山下町","34.847584","136.422294","0","1"
"24","三重県","24210","亀山市","242100089000","和賀町","34.842260","136.442503","0","1"
"24","三重県","24210","亀山市","242100090000","若山町","34.858030","136.449217","0","1"
"24","三重県","24210","亀山市","242100091000","和田町","34.858298","136.482041","0","1"
"24","三重県","24211","鳥羽市","242110001000","畔蛸町","34.394250","136.889940","0","1"
"24","三重県","24211","鳥羽市","242110002000","安楽島町","34.463592","136.865802","0","1"
"24","三重県","24211","鳥羽市","242110003000","池上町","34.480798","136.829623","0","1"
"24","三重県","24211","鳥羽市","242110004000","石鏡町","34.441433","136.917741","0","1"
"24","三重県","24211","鳥羽市","242110005000","岩倉町","34.444072","136.855310","0","1"
"24","三重県","24211","鳥羽市","242110006000","浦村町","34.433197","136.901249","0","1"
"24","三重県","24211","鳥羽市","242110007000","大明西町","34.467834","136.846204","0","1"
"24","三重県","24211","鳥羽市","242110008000","大明東町","34.469298","136.851274","0","1"
"24","三重県","24211","鳥羽市","242110009000","相差町","34.394882","136.901629","0","1"
"24","三重県","24211","鳥羽市","242110010000","小浜町","34.496710","136.831265","0","1"
"24","三重県","24211","鳥羽市","242110011000","堅神町","34.472593","136.817687","0","1"
"24","三重県","24211","鳥羽市","242110012000","堅子町","34.390327","136.871376","0","1"
"24","三重県","24211","鳥羽市","242110013000","神島町","34.545666","136.981915","0","1"
"24","三重県","24211","鳥羽市","242110014000","国崎町","34.416224","136.915252","0","1"
"24","三重県","24211","鳥羽市","242110015000","河内町","34.440669","136.808523","0","1"
"24","三重県","24211","鳥羽市","242110016000","坂手町","34.486496","136.858203","0","1"
"24","三重県","24211","鳥羽市","242110017000","幸丘","34.457843","136.844760","0","1"
"24","三重県","24211","鳥羽市","242110018000","白木町","34.420992","136.815645","0","1"
"24","三重県","24211","鳥羽市","242110019000","菅島町","34.489938","136.888162","0","1"
"24","三重県","24211","鳥羽市","242110020000","千賀町","34.391336","136.880175","0","1"
"24","三重県","24211","鳥羽市","242110021000","高丘町","34.462882","136.857835","0","1"
"24","三重県","24211","鳥羽市","242110022000","答志町","34.524463","136.891855","0","1"
"24","三重県","24211","鳥羽市","242110023001","鳥羽一丁目","34.487879","136.840414","0","3"
"24","三重県","24211","鳥羽市","242110023002","鳥羽二丁目","34.481565","136.838980","0","3"
"24","三重県","24211","鳥羽市","242110023003","鳥羽三丁目","34.480488","136.843988","0","3"
"24","三重県","24211","鳥羽市","242110023004","鳥羽四丁目","34.474656","136.845378","0","3"
"24","三重県","24211","鳥羽市","242110023005","鳥羽五丁目","34.469265","136.841629","0","3"
"24","三重県","24211","鳥羽市","242110024000","鳥羽町","34.476952","136.836214","0","1"
"24","三重県","24211","鳥羽市","242110025000","船津町","34.463553","136.837264","0","1"
"24","三重県","24211","鳥羽市","242110026000","松尾町","34.422091","136.842096","0","1"
"24","三重県","24211","鳥羽市","242110027000","桃取町","34.517914","136.874594","0","1"
"24","三重県","24211","鳥羽市","242110028000","屋内町","34.478640","136.824896","0","1"
"24","三重県","24211","鳥羽市","242110029000","若杉町","34.452693","136.841702","0","1"
"24","三重県","24212","熊野市","242120001000","飛鳥町大又","33.988403","136.108446","0","1"
"24","三重県","24212","熊野市","242120002000","飛鳥町神山","33.947392","136.061191","0","1"
"24","三重県","24212","熊野市","242120003000","飛鳥町小阪","33.945481","136.101609","0","1"
"24","三重県","24212","熊野市","242120004000","飛鳥町小又","33.966852","136.126807","0","1"
"24","三重県","24212","熊野市","242120005000","飛鳥町佐渡","33.941463","136.084590","0","1"
"24","三重県","24212","熊野市","242120006000","飛鳥町野口","33.946758","136.078865","0","1"
"24","三重県","24212","熊野市","242120007000","新鹿町","33.942873","136.138990","0","1"
"24","三重県","24212","熊野市","242120008000","有馬町","33.880947","136.079376","0","1"
"24","三重県","24212","熊野市","242120009000","育生町赤倉","33.912378","136.016594","0","1"
"24","三重県","24212","熊野市","242120010000","育生町大井","33.933489","135.975797","0","1"
"24","三重県","24212","熊野市","242120011000","育生町尾川","33.905783","135.995803","0","1"
"24","三重県","24212","熊野市","242120012000","育生町粉所","33.925154","136.002128","0","1"
"24","三重県","24212","熊野市","242120013000","育生町長井","33.929516","135.987396","0","1"
"24","三重県","24212","熊野市","242120014000","五郷町大井谷","33.975161","136.026475","0","1"
"24","三重県","24212","熊野市","242120015000","五郷町寺谷","33.972958","136.072651","0","1"
"24","三重県","24212","熊野市","242120016000","五郷町桃崎","34.006773","136.039934","0","1"
"24","三重県","24212","熊野市","242120017000","五郷町湯谷","33.997322","136.066443","0","1"
"24","三重県","24212","熊野市","242120018000","五郷町和田","33.969505","136.051561","0","1"
"24","三重県","24212","熊野市","242120019000","磯崎町","33.895222","136.131856","0","1"
"24","三重県","24212","熊野市","242120020000","井戸町","33.909025","136.068666","0","1"
"24","三重県","24212","熊野市","242120021000","大泊町","33.912865","136.111833","0","1"
"24","三重県","24212","熊野市","242120022000","金山町","33.882895","136.049390","0","1"
"24","三重県","24212","熊野市","242120023000","神川町神上","33.947502","135.998514","0","1"
"24","三重県","24212","熊野市","242120024000","神川町長原","33.935836","136.024970","0","1"
"24","三重県","24212","熊野市","242120025000","神川町花知","33.958115","135.986564","0","1"
"24","三重県","24212","熊野市","242120026000","神川町柳谷","33.987103","136.009711","0","1"
"24","三重県","24212","熊野市","242120027000","木本町","33.902997","136.100353","0","1"
"24","三重県","24212","熊野市","242120028000","紀和町赤木","33.892877","135.948862","0","1"
"24","三重県","24212","熊野市","242120029000","紀和町板屋","33.877205","135.914420","0","1"
"24","三重県","24212","熊野市","242120030000","紀和町大栗須","33.895981","135.920459","0","1"
"24","三重県","24212","熊野市","242120031000","紀和町大河内","33.843469","135.899233","0","1"
"24","三重県","24212","熊野市","242120032000","紀和町木津呂","33.900429","135.894538","0","1"
"24","三重県","24212","熊野市","242120033000","紀和町花井","33.860773","135.859390","0","1"
"24","三重県","24212","熊野市","242120034000","紀和町小川口","33.880836","135.904344","0","1"
"24","三重県","24212","熊野市","242120035000","紀和町小栗須","33.846830","135.924204","0","1"
"24","三重県","24212","熊野市","242120036000","紀和町小船","33.841615","135.867343","0","1"
"24","三重県","24212","熊野市","242120037000","紀和町小森","33.923177","135.923484","0","1"
"24","三重県","24212","熊野市","242120038000","紀和町長尾","33.895719","135.968977","0","1"
"24","三重県","24212","熊野市","242120039000","紀和町平谷","33.912784","135.957767","0","1"
"24","三重県","24212","熊野市","242120040000","紀和町丸山","33.877948","135.956996","0","1"
"24","三重県","24212","熊野市","242120041000","紀和町矢ノ川","33.859642","135.947897","0","1"
"24","三重県","24212","熊野市","242120042000","紀和町湯ノ口","33.861809","135.892185","0","1"
"24","三重県","24212","熊野市","242120043000","紀和町楊枝","33.821003","135.862673","0","1"
"24","三重県","24212","熊野市","242120044000","紀和町楊枝川","33.828844","135.886409","0","1"
"24","三重県","24212","熊野市","242120045000","紀和町和気","33.811327","135.903174","0","1"
"24","三重県","24212","熊野市","242120046000","久生屋町","33.860859","136.066409","0","1"
"24","三重県","24212","熊野市","242120047000","須野町","33.948031","136.216425","0","1"
"24","三重県","24212","熊野市","242120048000","二木島里町","33.944097","136.189787","0","1"
"24","三重県","24212","熊野市","242120049000","二木島町","33.941477","136.177607","0","1"
"24","三重県","24212","熊野市","242120050000","波田須町","33.912195","136.134784","0","1"
"24","三重県","24212","熊野市","242120051000","甫母町","33.943244","136.208497","0","1"
"24","三重県","24212","熊野市","242120052000","遊木町","33.925653","136.179383","0","1"
"24","三重県","24214","いなべ市","242140001000","員弁町石仏","35.110331","136.563477","0","1"
"24","三重県","24214","いなべ市","242140002000","員弁町市之原","35.148834","136.563893","0","1"
"24","三重県","24214","いなべ市","242140003000","員弁町宇野","35.120012","136.552102","0","1"
"24","三重県","24214","いなべ市","242140004000","員弁町大泉","35.097076","136.568894","0","1"
"24","三重県","24214","いなべ市","242140005000","員弁町大泉新田","35.106259","136.567910","0","1"
"24","三重県","24214","いなべ市","242140006000","員弁町岡丁田","35.104921","136.578802","0","1"
"24","三重県","24214","いなべ市","242140007000","員弁町笠田新田","35.123383","136.556291","0","1"
"24","三重県","24214","いなべ市","242140008000","員弁町上笠田","35.126234","136.548531","0","1"
"24","三重県","24214","いなべ市","242140009000","員弁町北金井","35.100594","136.556621","0","1"
"24","三重県","24214","いなべ市","242140010000","員弁町暮明","35.113240","136.584414","0","1"
"24","三重県","24214","いなべ市","242140011000","員弁町下笠田","35.110765","136.550868","0","1"
"24","三重県","24214","いなべ市","242140012000","員弁町楚原","35.120208","136.566109","0","1"
"24","三重県","24214","いなべ市","242140013000","員弁町西方","35.095326","136.561732","0","1"
"24","三重県","24214","いなべ市","242140014000","員弁町畑新田","35.115594","136.569366","0","1"
"24","三重県","24214","いなべ市","242140015000","員弁町坂東新田","35.134959","136.555705","0","1"
"24","三重県","24214","いなべ市","242140016000","員弁町東一色","35.092617","136.572260","0","1"
"24","三重県","24214","いなべ市","242140017000","員弁町平古","35.127660","136.576645","0","1"
"24","三重県","24214","いなべ市","242140018000","員弁町松名新田","35.132761","136.577756","0","1"
"24","三重県","24214","いなべ市","242140019000","員弁町松之木","35.107121","136.573440","0","1"
"24","三重県","24214","いなべ市","242140020000","員弁町御薗","35.108278","136.555061","0","1"
"24","三重県","24214","いなべ市","242140021000","大安町石榑北","35.112597","136.500909","0","1"
"24","三重県","24214","いなべ市","242140022000","大安町石榑北山","35.121822","136.490735","0","1"
"24","三重県","24214","いなべ市","242140023000","大安町石榑下","35.110354","136.529361","0","1"
"24","三重県","24214","いなべ市","242140024000","大安町石榑東","35.107611","136.518728","0","1"
"24","三重県","24214","いなべ市","242140025000","大安町石榑南","35.105592","136.474479","0","1"
"24","三重県","24214","いなべ市","242140026000","大安町宇賀","35.094744","136.497906","0","1"
"24","三重県","24214","いなべ市","242140027000","大安町宇賀新田","35.092282","136.513402","0","1"
"24","三重県","24214","いなべ市","242140028000","大安町梅戸","35.072160","136.556915","0","1"
"24","三重県","24214","いなべ市","242140029000","大安町大泉","35.085243","136.561569","0","1"
"24","三重県","24214","いなべ市","242140030000","大安町大井田","35.092700","136.539712","0","1"
"24","三重県","24214","いなべ市","242140031000","大安町片樋","35.120036","136.533602","0","1"
"24","三重県","24214","いなべ市","242140032000","大安町高柳","35.109107","136.543148","0","1"
"24","三重県","24214","いなべ市","242140033001","大安町中央ヶ丘一丁目","35.099133","136.531981","0","3"
"24","三重県","24214","いなべ市","242140033002","大安町中央ヶ丘二丁目","35.101648","136.532770","0","3"
"24","三重県","24214","いなべ市","242140033003","大安町中央ヶ丘三丁目","35.101137","136.529838","0","3"
"24","三重県","24214","いなべ市","242140034000","大安町鍋坂","35.095811","136.520959","0","1"
"24","三重県","24214","いなべ市","242140035000","大安町丹生川上","35.122389","136.503967","0","1"
"24","三重県","24214","いなべ市","242140036000","大安町丹生川中","35.121622","136.518334","0","1"
"24","三重県","24214","いなべ市","242140037000","大安町丹生川久下","35.121785","136.526511","0","1"
"24","三重県","24214","いなべ市","242140038000","大安町平塚","35.104135","136.533419","0","1"
"24","三重県","24214","いなべ市","242140039000","大安町南金井","35.077889","136.539499","0","1"
"24","三重県","24214","いなべ市","242140040000","大安町門前","35.084447","136.547856","0","1"
"24","三重県","24214","いなべ市","242140041000","藤原町石川","35.154678","136.502973","0","1"
"24","三重県","24214","いなべ市","242140042000","藤原町市場","35.176330","136.492037","0","1"
"24","三重県","24214","いなべ市","242140043000","藤原町上之山田","35.215848","136.477452","0","1"
"24","三重県","24214","いなべ市","242140044000","藤原町大貝戸","35.168472","136.475494","0","1"
"24","三重県","24214","いなべ市","242140045000","藤原町鼎","35.226512","136.488574","0","1"
"24","三重県","24214","いなべ市","242140046000","藤原町上相場","35.201319","136.498639","0","1"
"24","三重県","24214","いなべ市","242140047000","藤原町川合","35.172684","136.502248","0","1"
"24","三重県","24214","いなべ市","242140048000","藤原町坂本","35.175942","136.459173","0","1"
"24","三重県","24214","いなべ市","242140049000","藤原町篠立","35.213723","136.445127","0","1"
"24","三重県","24214","いなべ市","242140050000","藤原町下相場","35.176778","136.505314","0","1"
"24","三重県","24214","いなべ市","242140051000","藤原町下野尻","35.158496","136.503155","0","1"
"24","三重県","24214","いなべ市","242140052000","藤原町志礼石新田","35.169898","136.497403","0","1"
"24","三重県","24214","いなべ市","242140053000","藤原町東禅寺","35.148383","136.492198","0","1"
"24","三重県","24214","いなべ市","242140054000","藤原町長尾","35.186417","136.496162","0","1"
"24","三重県","24214","いなべ市","242140055000","藤原町西野尻","35.163744","136.488489","0","1"
"24","三重県","24214","いなべ市","242140056000","藤原町日内","35.181739","136.498503","0","1"
"24","三重県","24214","いなべ市","242140057000","藤原町藤ヶ丘","35.191596","136.486141","0","1"
"24","三重県","24214","いなべ市","242140058000","藤原町古田","35.228011","136.459418","0","1"
"24","三重県","24214","いなべ市","242140059000","藤原町本郷","35.193275","136.423219","0","1"
"24","三重県","24214","いなべ市","242140060000","藤原町山口","35.188689","136.451236","0","1"
"24","三重県","24214","いなべ市","242140061000","北勢町阿下喜","35.151621","136.518899","0","1"
"24","三重県","24214","いなべ市","242140062000","北勢町飯倉","35.160906","136.521426","0","1"
"24","三重県","24214","いなべ市","242140063000","北勢町麻生田","35.133366","136.536054","0","1"
"24","三重県","24214","いなべ市","242140064000","北勢町大辻新田","35.149247","136.540276","0","1"
"24","三重県","24214","いなべ市","242140065000","北勢町奥村","35.128650","136.499653","0","1"
"24","三重県","24214","いなべ市","242140066000","北勢町垣内","35.136094","136.501061","0","1"
"24","三重県","24214","いなべ市","242140067000","北勢町川原","35.222717","136.509683","0","1"
"24","三重県","24214","いなべ市","242140068000","北勢町北中津原","35.170411","136.559622","0","1"
"24","三重県","24214","いなべ市","242140069000","北勢町京ヶ野新田","35.181891","136.511670","0","1"
"24","三重県","24214","いなべ市","242140070000","北勢町小原一色","35.198413","136.558505","0","1"
"24","三重県","24214","いなべ市","242140071000","北勢町塩崎","35.186553","136.520283","0","1"
"24","三重県","24214","いなべ市","242140072000","北勢町下平","35.168644","136.520129","0","1"
"24","三重県","24214","いなべ市","242140073000","北勢町新町","35.135407","136.458051","0","1"
"24","三重県","24214","いなべ市","242140074000","北勢町瀬木","35.157981","136.508958","0","1"
"24","三重県","24214","いなべ市","242140075000","北勢町千司久連新田","35.208716","136.524215","0","1"
"24","三重県","24214","いなべ市","242140076000","北勢町其原","35.138062","136.543225","0","1"
"24","三重県","24214","いなべ市","242140077000","北勢町田辺","35.196552","136.522513","0","1"
"24","三重県","24214","いなべ市","242140078000","北勢町皷","35.171707","136.547630","0","1"
"24","三重県","24214","いなべ市","242140079000","北勢町中山","35.130776","136.516905","0","1"
"24","三重県","24214","いなべ市","242140080000","北勢町西貝野","35.172376","136.529365","0","1"
"24","三重県","24214","いなべ市","242140081000","北勢町二之瀬","35.216420","136.540134","0","1"
"24","三重県","24214","いなべ市","242140082000","北勢町畑毛","35.181626","136.529008","0","1"
"24","三重県","24214","いなべ市","242140083000","北勢町治田外面","35.136401","136.524459","0","1"
"24","三重県","24214","いなべ市","242140084000","北勢町東貝野","35.178193","136.542587","0","1"
"24","三重県","24214","いなべ市","242140085000","北勢町東村","35.149441","136.531779","0","1"
"24","三重県","24214","いなべ市","242140086000","北勢町平野新田","35.159411","136.544315","0","1"
"24","三重県","24214","いなべ市","242140087000","北勢町麓村","35.129622","136.509286","0","1"
"24","三重県","24214","いなべ市","242140088000","北勢町別名","35.148300","136.469501","0","1"
"24","三重県","24214","いなべ市","242140089000","北勢町南中津原","35.164812","136.566198","0","1"
"24","三重県","24214","いなべ市","242140090000","北勢町向平","35.175080","136.521881","0","1"
"24","三重県","24215","志摩市","242150001000","阿児町安乗","34.358668","136.897086","0","1"
"24","三重県","24215","志摩市","242150002000","阿児町鵜方","34.329957","136.823738","0","1"
"24","三重県","24215","志摩市","242150003000","阿児町国府","34.336917","136.865457","0","1"
"24","三重県","24215","志摩市","242150004000","阿児町甲賀","34.316200","136.872646","0","1"
"24","三重県","24215","志摩市","242150005000","阿児町志島","34.308323","136.882835","0","1"
"24","三重県","24215","志摩市","242150006000","阿児町神明","34.316288","136.833603","0","1"
"24","三重県","24215","志摩市","242150007000","阿児町立神","34.299630","136.862862","0","1"
"24","三重県","24215","志摩市","242150008000","磯部町穴川","34.352275","136.809334","0","1"
"24","三重県","24215","志摩市","242150009000","磯部町飯浜","34.369528","136.834427","0","1"
"24","三重県","24215","志摩市","242150010000","磯部町恵利原","34.396013","136.788346","0","1"
"24","三重県","24215","志摩市","242150011000","磯部町上之郷","34.383149","136.812417","0","1"
"24","三重県","24215","志摩市","242150012000","磯部町沓掛","34.398112","136.817712","0","1"
"24","三重県","24215","志摩市","242150013000","磯部町栗木広","34.364820","136.777512","0","1"
"24","三重県","24215","志摩市","242150014000","磯部町五知","34.409739","136.803383","0","1"
"24","三重県","24215","志摩市","242150015000","磯部町坂崎","34.356753","136.842810","0","1"
"24","三重県","24215","志摩市","242150016000","磯部町三ケ所","34.356293","136.860260","0","1"
"24","三重県","24215","志摩市","242150017000","磯部町下之郷","34.373120","136.814791","0","1"
"24","三重県","24215","志摩市","242150018000","磯部町築地","34.383717","136.763642","0","1"
"24","三重県","24215","志摩市","242150019000","磯部町迫間","34.365357","136.795523","0","1"
"24","三重県","24215","志摩市","242150020000","磯部町桧山","34.348085","136.763736","0","1"
"24","三重県","24215","志摩市","242150021000","磯部町的矢","34.379339","136.869350","0","1"
"24","三重県","24215","志摩市","242150022000","磯部町山田","34.389458","136.838861","0","1"
"24","三重県","24215","志摩市","242150023000","磯部町山原","34.361814","136.763077","0","1"
"24","三重県","24215","志摩市","242150024000","磯部町渡鹿野","34.361284","136.873598","0","1"
"24","三重県","24215","志摩市","242150025000","志摩町片田","34.260573","136.844467","0","1"
"24","三重県","24215","志摩市","242150026000","志摩町御座","34.269543","136.766729","0","1"
"24","三重県","24215","志摩市","242150027000","志摩町越賀","34.266600","136.785147","0","1"
"24","三重県","24215","志摩市","242150028000","志摩町布施田","34.262311","136.824709","0","1"
"24","三重県","24215","志摩市","242150029000","志摩町和具","34.262365","136.811365","0","1"
"24","三重県","24215","志摩市","242150030000","大王町畔名","34.297883","136.881296","0","1"
"24","三重県","24215","志摩市","242150031000","大王町波切","34.285595","136.873836","0","1"
"24","三重県","24215","志摩市","242150032000","大王町名田","34.291097","136.889472","0","1"
"24","三重県","24215","志摩市","242150033000","大王町船越","34.275229","136.869864","0","1"
"24","三重県","24215","志摩市","242150034000","浜島町塩屋","34.321163","136.765670","0","1"
"24","三重県","24215","志摩市","242150035000","浜島町南張","34.313468","136.725561","0","1"
"24","三重県","24215","志摩市","242150036000","浜島町迫子","34.318139","136.780637","0","1"
"24","三重県","24215","志摩市","242150037000","浜島町浜島","34.303261","136.746612","0","1"
"24","三重県","24215","志摩市","242150038000","浜島町桧山路","34.327288","136.752983","0","1"
"24","三重県","24216","伊賀市","242160001000","愛田","34.810465","136.225268","0","1"
"24","三重県","24216","伊賀市","242160002000","阿保","34.666310","136.178221","0","1"
"24","三重県","24216","伊賀市","242160003000","青山羽根","34.657392","136.170003","0","1"
"24","三重県","24216","伊賀市","242160004000","朝日ケ丘町","34.678363","136.150711","0","1"
"24","三重県","24216","伊賀市","242160005000","阿山ハイツ","34.814231","136.170824","0","1"
"24","三重県","24216","伊賀市","242160006000","荒木","34.764527","136.167846","0","1"
"24","三重県","24216","伊賀市","242160007000","石川","34.844148","136.152774","0","1"
"24","三重県","24216","伊賀市","242160008000","印代","34.788572","136.145980","0","1"
"24","三重県","24216","伊賀市","242160009000","出後","34.747556","136.228421","0","1"
"24","三重県","24216","伊賀市","242160010000","伊勢路","34.667488","136.257335","0","1"
"24","三重県","24216","伊賀市","242160011000","猪田","34.717238","136.141646","0","1"
"24","三重県","24216","伊賀市","242160012000","一之宮","34.786877","136.163016","0","1"
"24","三重県","24216","伊賀市","242160013000","市部","34.730030","136.182180","0","1"
"24","三重県","24216","伊賀市","242160014000","依那具","34.737239","136.144162","0","1"
"24","三重県","24216","伊賀市","242160015000","岩倉","34.779519","136.098479","0","1"
"24","三重県","24216","伊賀市","242160016000","上野相生町","34.764891","136.132515","0","1"
"24","三重県","24216","伊賀市","242160017000","上野赤坂町","34.768258","136.134935","0","1"
"24","三重県","24216","伊賀市","242160018000","上野愛宕町","34.759827","136.129147","0","1"
"24","三重県","24216","伊賀市","242160019000","上野池町","34.761793","136.133482","0","1"
"24","三重県","24216","伊賀市","242160020000","上野伊予町","34.764693","136.135878","0","1"
"24","三重県","24216","伊賀市","242160021000","上野魚町","34.765516","136.131429","0","1"
"24","三重県","24216","伊賀市","242160022000","上野恵美須町","34.761067","136.132657","0","1"
"24","三重県","24216","伊賀市","242160023000","上野鍛冶町","34.765720","136.133097","0","1"
"24","三重県","24216","伊賀市","242160024000","上野片原町","34.766134","136.133007","0","1"
"24","三重県","24216","伊賀市","242160025000","上野茅町","34.761330","136.135857","0","1"
"24","三重県","24216","伊賀市","242160026000","上野車坂町","34.767606","136.142591","0","1"
"24","三重県","24216","伊賀市","242160027000","上野桑町","34.757880","136.134265","0","1"
"24","三重県","24216","伊賀市","242160028000","上野玄蕃町","34.768639","136.134007","0","1"
"24","三重県","24216","伊賀市","242160029000","上野幸坂町","34.766111","136.124630","0","1"
"24","三重県","24216","伊賀市","242160030000","上野小玉町","34.765249","136.128563","0","1"
"24","三重県","24216","伊賀市","242160031000","上野紺屋町","34.764502","136.130069","0","1"
"24","三重県","24216","伊賀市","242160032000","上野三之西町","34.764329","136.127671","0","1"
"24","三重県","24216","伊賀市","242160033000","上野忍町","34.763242","136.130302","0","1"
"24","三重県","24216","伊賀市","242160034000","上野下幸坂町","34.766266","136.120504","0","1"
"24","三重県","24216","伊賀市","242160035000","上野新町","34.765648","136.133712","0","1"
"24","三重県","24216","伊賀市","242160036000","上野田端町","34.764688","136.138781","0","1"
"24","三重県","24216","伊賀市","242160037000","上野鉄砲町","34.760712","136.127957","0","1"
"24","三重県","24216","伊賀市","242160038000","上野寺町","34.763962","136.134845","0","1"
"24","三重県","24216","伊賀市","242160039000","上野徳居町","34.763371","136.124907","0","1"
"24","三重県","24216","伊賀市","242160040000","上野中町","34.765989","136.128337","0","1"
"24","三重県","24216","伊賀市","242160041000","上野西大手町","34.767751","136.122868","0","1"
"24","三重県","24216","伊賀市","242160042000","上野西日南町","34.760514","136.130288","0","1"
"24","三重県","24216","伊賀市","242160043000","上野西町","34.765679","136.125950","0","1"
"24","三重県","24216","伊賀市","242160044000","上野農人町","34.767257","136.136678","0","1"
"24","三重県","24216","伊賀市","242160045000","上野東日南町","34.760611","136.131222","0","1"
"24","三重県","24216","伊賀市","242160046000","上野東町","34.766280","136.131492","0","1"
"24","三重県","24216","伊賀市","242160047000","上野福居町","34.764790","136.125298","0","1"
"24","三重県","24216","伊賀市","242160048000","上野丸之内","34.769566","136.128784","0","1"
"24","三重県","24216","伊賀市","242160049000","上野向島町","34.765318","136.123542","0","1"
"24","三重県","24216","伊賀市","242160050000","上野万町","34.760302","136.126080","0","1"
"24","三重県","24216","伊賀市","242160051000","上林","34.687887","136.163047","0","1"
"24","三重県","24216","伊賀市","242160052000","上村","34.830176","136.228725","0","1"
"24","三重県","24216","伊賀市","242160053000","内保","34.882192","136.171535","0","1"
"24","三重県","24216","伊賀市","242160054000","円徳院","34.811530","136.177313","0","1"
"24","三重県","24216","伊賀市","242160055000","老川","34.642201","136.207235","0","1"
"24","三重県","24216","伊賀市","242160056000","大内","34.737436","136.106459","0","1"
"24","三重県","24216","伊賀市","242160057000","大滝","34.691270","136.084160","0","1"
"24","三重県","24216","伊賀市","242160058000","大谷","34.797940","136.134269","0","1"
"24","三重県","24216","伊賀市","242160059000","大野木","34.745787","136.105988","0","1"
"24","三重県","24216","伊賀市","242160060000","岡田","34.678791","136.194089","0","1"
"24","三重県","24216","伊賀市","242160061000","岡波","34.696894","136.187440","0","1"
"24","三重県","24216","伊賀市","242160062000","沖","34.718002","136.171821","0","1"
"24","三重県","24216","伊賀市","242160063000","奥鹿野","34.652337","136.243151","0","1"
"24","三重県","24216","伊賀市","242160064000","奥馬野","34.724920","136.287635","0","1"
"24","三重県","24216","伊賀市","242160065000","小田町","34.774187","136.119149","0","1"
"24","三重県","24216","伊賀市","242160066000","音羽","34.819941","136.132252","0","1"
"24","三重県","24216","伊賀市","242160067000","界外","34.746118","136.180656","0","1"
"24","三重県","24216","伊賀市","242160068000","笠部","34.734921","136.129982","0","1"
"24","三重県","24216","伊賀市","242160069000","柏尾","34.669732","136.195965","0","1"
"24","三重県","24216","伊賀市","242160070000","炊村","34.782089","136.204847","0","1"
"24","三重県","24216","伊賀市","242160071000","鍛冶屋","34.699739","136.124957","0","1"
"24","三重県","24216","伊賀市","242160072000","柏野","34.817690","136.189942","0","1"
"24","三重県","24216","伊賀市","242160073000","勝地","34.694745","136.265424","0","1"
"24","三重県","24216","伊賀市","242160074000","桂","34.679529","136.092267","0","1"
"24","三重県","24216","伊賀市","242160075000","上阿波","34.778378","136.306104","0","1"
"24","三重県","24216","伊賀市","242160076000","上神戸","34.679255","136.138288","0","1"
"24","三重県","24216","伊賀市","242160077000","上郡","34.702843","136.146841","0","1"
"24","三重県","24216","伊賀市","242160078000","上友田","34.849413","136.212647","0","1"
"24","三重県","24216","伊賀市","242160079000","上友生","34.739652","136.187224","0","1"
"24","三重県","24216","伊賀市","242160080000","上之庄","34.732858","136.114745","0","1"
"24","三重県","24216","伊賀市","242160081000","川合","34.819998","136.169139","0","1"
"24","三重県","24216","伊賀市","242160082000","川上","34.645026","136.182297","0","1"
"24","三重県","24216","伊賀市","242160083001","川上一丁目","34.677457","136.178474","0","3"
"24","三重県","24216","伊賀市","242160083002","川上二丁目","34.676894","136.179657","0","3"
"24","三重県","24216","伊賀市","242160083003","川上三丁目","34.676237","136.179835","0","3"
"24","三重県","24216","伊賀市","242160084000","川北","34.758024","136.246343","0","1"
"24","三重県","24216","伊賀市","242160085000","川西","34.796373","136.200392","0","1"
"24","三重県","24216","伊賀市","242160086000","川東","34.798511","136.214821","0","1"
"24","三重県","24216","伊賀市","242160087000","木興町","34.761019","136.119761","0","1"
"24","三重県","24216","伊賀市","242160088000","北山","34.685460","136.222879","0","1"
"24","三重県","24216","伊賀市","242160089001","希望ヶ丘西一丁目","34.783777","136.220967","0","3"
"24","三重県","24216","伊賀市","242160089002","希望ヶ丘西二丁目","34.785130","136.223897","0","3"
"24","三重県","24216","伊賀市","242160089003","希望ヶ丘西三丁目","34.785893","136.226716","0","3"
"24","三重県","24216","伊賀市","242160089004","希望ヶ丘西四丁目","34.785983","136.229283","0","3"
"24","三重県","24216","伊賀市","242160089005","希望ヶ丘西五丁目","34.783851","136.228328","0","3"
"24","三重県","24216","伊賀市","242160090001","希望ヶ丘東一丁目","34.787532","136.232577","0","3"
"24","三重県","24216","伊賀市","242160090002","希望ヶ丘東二丁目","34.785472","136.232104","0","3"
"24","三重県","24216","伊賀市","242160090003","希望ヶ丘東三丁目","34.784145","136.238929","0","3"
"24","三重県","24216","伊賀市","242160090004","希望ヶ丘東四丁目","34.783684","136.235134","0","3"
"24","三重県","24216","伊賀市","242160090005","希望ヶ丘東五丁目","34.782846","136.238148","0","3"
"24","三重県","24216","伊賀市","242160091001","桐ケ丘一丁目","34.665260","136.186818","0","3"
"24","三重県","24216","伊賀市","242160091002","桐ケ丘二丁目","34.663010","136.187689","0","3"
"24","三重県","24216","伊賀市","242160091003","桐ケ丘三丁目","34.662676","136.190918","0","3"
"24","三重県","24216","伊賀市","242160091004","桐ケ丘四丁目","34.659485","136.192293","0","3"
"24","三重県","24216","伊賀市","242160091005","桐ケ丘五丁目","34.661934","136.195674","0","3"
"24","三重県","24216","伊賀市","242160091006","桐ケ丘六丁目","34.659616","136.196488","0","3"
"24","三重県","24216","伊賀市","242160091007","桐ケ丘七丁目","34.661676","136.200297","0","3"
"24","三重県","24216","伊賀市","242160091008","桐ケ丘八丁目","34.658660","136.199956","0","3"
"24","三重県","24216","伊賀市","242160092000","霧生","34.607034","136.229793","0","1"
"24","三重県","24216","伊賀市","242160093000","久米町","34.754622","136.140668","0","1"
"24","三重県","24216","伊賀市","242160094000","蔵縄手","34.696123","136.113634","0","1"
"24","三重県","24216","伊賀市","242160095000","甲野","34.775544","136.228431","0","1"
"24","三重県","24216","伊賀市","242160096000","腰山","34.626804","136.216619","0","1"
"24","三重県","24216","伊賀市","242160097000","小杉","34.854533","136.232062","0","1"
"24","三重県","24216","伊賀市","242160098000","西明寺","34.765245","136.154160","0","1"
"24","三重県","24216","伊賀市","242160099000","才良","34.710598","136.179100","0","1"
"24","三重県","24216","伊賀市","242160100000","坂下","34.714435","136.246970","0","1"
"24","三重県","24216","伊賀市","242160101000","坂之下","34.804991","136.156264","0","1"
"24","三重県","24216","伊賀市","242160102000","佐那具町","34.799715","136.169509","0","1"
"24","三重県","24216","伊賀市","242160103000","四十九町","34.744391","136.135738","0","1"
"24","三重県","24216","伊賀市","242160104000","七本木","34.731955","136.092255","0","1"
"24","三重県","24216","伊賀市","242160105000","島ヶ原","34.770733","136.054330","0","1"
"24","三重県","24216","伊賀市","242160106000","下阿波","34.749248","136.268714","0","1"
"24","三重県","24216","伊賀市","242160107000","下川原","34.684995","136.199399","0","1"
"24","三重県","24216","伊賀市","242160108000","下神戸","34.691430","136.181053","0","1"
"24","三重県","24216","伊賀市","242160109000","下郡","34.712737","136.147714","0","1"
"24","三重県","24216","伊賀市","242160110000","下柘植","34.818022","136.236770","0","1"
"24","三重県","24216","伊賀市","242160111000","下友田","34.840846","136.191238","0","1"
"24","三重県","24216","伊賀市","242160112000","下友生","34.750084","136.157252","0","1"
"24","三重県","24216","伊賀市","242160113000","菖蒲池","34.704925","136.115234","0","1"
"24","三重県","24216","伊賀市","242160114000","白樫","34.729774","136.076336","0","1"
"24","三重県","24216","伊賀市","242160115000","新堂","34.825747","136.202714","0","1"
"24","三重県","24216","伊賀市","242160116000","摺見","34.716591","136.199585","0","1"
"24","三重県","24216","伊賀市","242160117000","諏訪","34.821919","136.107872","0","1"
"24","三重県","24216","伊賀市","242160118000","千貝","34.834890","136.169805","0","1"
"24","三重県","24216","伊賀市","242160119000","千歳","34.791602","136.168757","0","1"
"24","三重県","24216","伊賀市","242160120000","千戸","34.782523","136.185846","0","1"
"24","三重県","24216","伊賀市","242160121000","高尾","34.590251","136.210764","0","1"
"24","三重県","24216","伊賀市","242160122000","高畑","34.779773","136.157189","0","1"
"24","三重県","24216","伊賀市","242160123000","高山","34.723178","136.216060","0","1"
"24","三重県","24216","伊賀市","242160124000","瀧","34.707116","136.245699","0","1"
"24","三重県","24216","伊賀市","242160125000","楯岡","34.831595","136.214272","0","1"
"24","三重県","24216","伊賀市","242160126000","種生","34.630720","136.190818","0","1"
"24","三重県","24216","伊賀市","242160127000","田中","34.826445","136.185865","0","1"
"24","三重県","24216","伊賀市","242160128000","玉瀧","34.868503","136.172631","0","1"
"24","三重県","24216","伊賀市","242160129000","朝屋","34.755229","136.105420","0","1"
"24","三重県","24216","伊賀市","242160130000","柘植町","34.846303","136.255628","0","1"
"24","三重県","24216","伊賀市","242160131000","土橋","34.800079","136.146729","0","1"
"24","三重県","24216","伊賀市","242160132000","寺田","34.779393","136.169473","0","1"
"24","三重県","24216","伊賀市","242160133000","寺脇","34.677852","136.186479","0","1"
"24","三重県","24216","伊賀市","242160134000","富岡","34.755272","136.214036","0","1"
"24","三重県","24216","伊賀市","242160135000","富永","34.779089","136.264390","0","1"
"24","三重県","24216","伊賀市","242160136000","外山","34.804835","136.161964","0","1"
"24","三重県","24216","伊賀市","242160137000","問屋町","34.751655","136.144300","0","1"
"24","三重県","24216","伊賀市","242160138000","長田","34.767150","136.093566","0","1"
"24","三重県","24216","伊賀市","242160139000","中柘植","34.835048","136.228380","0","1"
"24","三重県","24216","伊賀市","242160140000","中友田","34.847871","136.195019","0","1"
"24","三重県","24216","伊賀市","242160141000","中友生","34.749234","136.168731","0","1"
"24","三重県","24216","伊賀市","242160142000","中馬野","34.718091","136.268180","0","1"
"24","三重県","24216","伊賀市","242160143000","中村","34.758086","136.232617","0","1"
"24","三重県","24216","伊賀市","242160144000","西条","34.800064","136.151376","0","1"
"24","三重県","24216","伊賀市","242160145000","西高倉","34.794799","136.094135","0","1"
"24","三重県","24216","伊賀市","242160146000","西之澤","34.800611","136.186001","0","1"
"24","三重県","24216","伊賀市","242160147000","西山","34.790815","136.077805","0","1"
"24","三重県","24216","伊賀市","242160148000","西湯舟","34.862314","136.192374","0","1"
"24","三重県","24216","伊賀市","242160149000","野間","34.794615","136.117788","0","1"
"24","三重県","24216","伊賀市","242160150000","野村","34.838160","136.234695","0","1"
"24","三重県","24216","伊賀市","242160151000","波敷野","34.821828","136.151829","0","1"
"24","三重県","24216","伊賀市","242160152000","蓮池","34.737883","136.208174","0","1"
"24","三重県","24216","伊賀市","242160153000","馬田","34.837772","136.178556","0","1"
"24","三重県","24216","伊賀市","242160154000","畑村","34.771769","136.202624","0","1"
"24","三重県","24216","伊賀市","242160155000","治田","34.710864","136.075153","0","1"
"24","三重県","24216","伊賀市","242160156000","服部町","34.781188","136.138056","0","1"
"24","三重県","24216","伊賀市","242160157001","服部町一丁目","34.775370","136.134431","0","3"
"24","三重県","24216","伊賀市","242160157002","服部町二丁目","34.773220","136.140310","0","3"
"24","三重県","24216","伊賀市","242160157003","服部町三丁目","34.772404","136.142279","0","3"
"24","三重県","24216","伊賀市","242160158000","羽根","34.780277","136.150676","0","1"
"24","三重県","24216","伊賀市","242160159000","馬場","34.826620","136.173653","0","1"
"24","三重県","24216","伊賀市","242160160000","東条","34.796978","136.155053","0","1"
"24","三重県","24216","伊賀市","242160161000","東高倉","34.790292","136.111441","0","1"
"24","三重県","24216","伊賀市","242160162000","東谷","34.689985","136.124526","0","1"
"24","三重県","24216","伊賀市","242160163000","東湯舟","34.863368","136.210038","0","1"
"24","三重県","24216","伊賀市","242160164000","比自岐","34.703225","136.197749","0","1"
"24","三重県","24216","伊賀市","242160165000","枅川","34.703034","136.162341","0","1"
"24","三重県","24216","伊賀市","242160166000","比土","34.653651","136.156837","0","1"
"24","三重県","24216","伊賀市","242160167000","一ツ家","34.850807","136.282745","0","1"
"24","三重県","24216","伊賀市","242160168000","平田","34.762670","136.213119","0","1"
"24","三重県","24216","伊賀市","242160169000","平野北谷","34.773784","136.128013","0","1"
"24","三重県","24216","伊賀市","242160170000","平野蔵垣内","34.769696","136.140967","0","1"
"24","三重県","24216","伊賀市","242160171000","平野清水","34.776985","136.130208","0","1"
"24","三重県","24216","伊賀市","242160172000","平野城北町","34.774183","136.132050","0","1"
"24","三重県","24216","伊賀市","242160173000","平野中川原","34.775833","136.129336","0","1"
"24","三重県","24216","伊賀市","242160174000","平野西町","34.772740","136.135776","0","1"
"24","三重県","24216","伊賀市","242160175000","平野東町","34.771415","136.139004","0","1"
"24","三重県","24216","伊賀市","242160176000","平野樋之口","34.770779","136.134288","0","1"
"24","三重県","24216","伊賀市","242160177000","平野見能","34.772089","136.132853","0","1"
"24","三重県","24216","伊賀市","242160178000","平野山之下","34.773047","136.130539","0","1"
"24","三重県","24216","伊賀市","242160179000","平野六反田","34.770472","136.136310","0","1"
"24","三重県","24216","伊賀市","242160180000","広瀬","34.743331","136.249098","0","1"
"24","三重県","24216","伊賀市","242160181000","福川","34.649247","136.222603","0","1"
"24","三重県","24216","伊賀市","242160182000","古郡","34.680678","136.158371","0","1"
"24","三重県","24216","伊賀市","242160183000","生琉里","34.754485","136.152308","0","1"
"24","三重県","24216","伊賀市","242160184000","古山界外","34.702779","136.124430","0","1"
"24","三重県","24216","伊賀市","242160185000","別府","34.672559","136.182926","0","1"
"24","三重県","24216","伊賀市","242160186000","鳳凰寺","34.766843","136.227545","0","1"
"24","三重県","24216","伊賀市","242160187000","喰代","34.740597","136.219845","0","1"
"24","三重県","24216","伊賀市","242160188000","法花","34.743161","136.079799","0","1"
"24","三重県","24216","伊賀市","242160189000","槙山","34.879022","136.117340","0","1"
"24","三重県","24216","伊賀市","242160190000","猿野","34.752937","136.289381","0","1"
"24","三重県","24216","伊賀市","242160191000","丸柱","34.846226","136.122176","0","1"
"24","三重県","24216","伊賀市","242160192000","三田","34.794361","136.127279","0","1"
"24","三重県","24216","伊賀市","242160193000","御代","34.812178","136.206369","0","1"
"24","三重県","24216","伊賀市","242160194000","緑ケ丘中町","34.761515","136.146704","0","1"
"24","三重県","24216","伊賀市","242160195000","緑ケ丘西町","34.758866","136.138828","0","1"
"24","三重県","24216","伊賀市","242160196000","緑ケ丘東町","34.764047","136.145446","0","1"
"24","三重県","24216","伊賀市","242160197000","緑ケ丘本町","34.761112","136.141304","0","1"
"24","三重県","24216","伊賀市","242160198000","緑ケ丘南町","34.757670","136.145878","0","1"
"24","三重県","24216","伊賀市","242160199000","真泥","34.765171","136.190666","0","1"
"24","三重県","24216","伊賀市","242160200000","妙楽地","34.700703","136.232456","0","1"
"24","三重県","24216","伊賀市","242160201000","守田町","34.748513","136.120782","0","1"
"24","三重県","24216","伊賀市","242160202000","森寺","34.694364","136.137794","0","1"
"24","三重県","24216","伊賀市","242160203000","諸木","34.637258","136.228079","0","1"
"24","三重県","24216","伊賀市","242160204000","山神","34.797180","136.141428","0","1"
"24","三重県","24216","伊賀市","242160205000","安場","34.680163","136.109635","0","1"
"24","三重県","24216","伊賀市","242160206000","山畑","34.800168","136.246058","0","1"
"24","三重県","24216","伊賀市","242160207000","八幡町","34.755471","136.125223","0","1"
"24","三重県","24216","伊賀市","242160208000","山出","34.716297","136.123291","0","1"
"24","三重県","24216","伊賀市","242160209000","湯舟","34.849978","136.179012","0","1"
"24","三重県","24216","伊賀市","242160210001","ゆめが丘一丁目","34.740468","136.155524","0","3"
"24","三重県","24216","伊賀市","242160210002","ゆめが丘二丁目","34.737730","136.163437","0","3"
"24","三重県","24216","伊賀市","242160210003","ゆめが丘三丁目","34.736377","136.160659","0","3"
"24","三重県","24216","伊賀市","242160210004","ゆめが丘四丁目","34.734778","136.158071","0","3"
"24","三重県","24216","伊賀市","242160210005","ゆめが丘五丁目","34.733701","136.162181","0","3"
"24","三重県","24216","伊賀市","242160210006","ゆめが丘六丁目","34.731618","136.165048","0","3"
"24","三重県","24216","伊賀市","242160210007","ゆめが丘七丁目","34.736406","136.170369","0","3"
"24","三重県","24216","伊賀市","242160211000","湯屋谷","34.695550","136.106434","0","1"
"24","三重県","24216","伊賀市","242160212000","陽光台","34.748957","136.127331","0","1"
"24","三重県","24216","伊賀市","242160213000","予野","34.712052","136.099969","0","1"
"24","三重県","24303","桑名郡木曽岬町","243030001000","大字和泉","35.081179","136.741673","0","1"
"24","三重県","24303","桑名郡木曽岬町","243030002000","大字近江島","35.079219","136.725664","0","1"
"24","三重県","24303","桑名郡木曽岬町","243030003000","大字和富","35.073032","136.751263","0","1"
"24","三重県","24303","桑名郡木曽岬町","243030004000","大字加路戸","35.092234","136.723570","0","1"
"24","三重県","24303","桑名郡木曽岬町","243030005000","大字雁ヶ地","35.067912","136.729910","0","1"
"24","三重県","24303","桑名郡木曽岬町","243030006000","大字見入","35.091184","136.732613","0","1"
"24","三重県","24303","桑名郡木曽岬町","243030007000","大字見入流作","35.097186","136.729508","0","1"
"24","三重県","24303","桑名郡木曽岬町","243030008000","大字源緑輪中","35.055332","136.742089","0","1"
"24","三重県","24303","桑名郡木曽岬町","243030009000","大字小和泉","35.077638","136.736839","0","1"
"24","三重県","24303","桑名郡木曽岬町","243030010000","大字小林","35.079723","136.733328","0","1"
"24","三重県","24303","桑名郡木曽岬町","243030011000","大字栄","35.070323","136.739064","0","1"
"24","三重県","24303","桑名郡木曽岬町","243030012000","大字新加路戸","35.094416","136.733414","0","1"
"24","三重県","24303","桑名郡木曽岬町","243030013000","大字外平喜","35.086484","136.729663","0","1"
"24","三重県","24303","桑名郡木曽岬町","243030014000","大字田代","35.072094","136.728418","0","1"
"24","三重県","24303","桑名郡木曽岬町","243030015000","大字富田子","35.072043","136.749058","0","1"
"24","三重県","24303","桑名郡木曽岬町","243030016000","大字中和泉","35.073115","136.744845","0","1"
"24","三重県","24303","桑名郡木曽岬町","243030017000","大字西対海地","35.078349","136.729521","0","1"
"24","三重県","24303","桑名郡木曽岬町","243030018000","大字白鷺","35.062820","136.743466","0","1"
"24","三重県","24303","桑名郡木曽岬町","243030019000","大字松永","35.063919","136.737536","0","1"
"24","三重県","24303","桑名郡木曽岬町","243030020000","大字三崎","35.064799","136.742445","0","1"
"24","三重県","24303","桑名郡木曽岬町","243030021001","新輪一丁目","35.046414","136.750562","0","3"
"24","三重県","24303","桑名郡木曽岬町","243030021002","新輪二丁目","35.027568","136.763386","0","3"
"24","三重県","24324","員弁郡東員町","243240001000","大字穴太","35.081892","136.603252","0","1"
"24","三重県","24324","員弁郡東員町","243240002000","大字大木","35.103962","136.585970","0","1"
"24","三重県","24324","員弁郡東員町","243240003000","大字北大社","35.075109","136.577121","0","1"
"24","三重県","24324","員弁郡東員町","243240004000","大字瀬古泉","35.067206","136.596293","0","1"
"24","三重県","24324","員弁郡東員町","243240005000","大字筑紫","35.065784","136.607510","0","1"
"24","三重県","24324","員弁郡東員町","243240006000","大字鳥取","35.091658","136.588129","0","1"
"24","三重県","24324","員弁郡東員町","243240007000","大字中上","35.057238","136.597147","0","1"
"24","三重県","24324","員弁郡東員町","243240008000","大字長深","35.059309","136.578508","0","1"
"24","三重県","24324","員弁郡東員町","243240009000","大字八幡新田","35.093465","136.579313","0","1"
"24","三重県","24324","員弁郡東員町","243240010000","大字南大社","35.072282","136.568788","0","1"
"24","三重県","24324","員弁郡東員町","243240011000","大字山田","35.073624","136.585917","0","1"
"24","三重県","24324","員弁郡東員町","243240012000","大字六把野新田","35.082292","136.596370","0","1"
"24","三重県","24324","員弁郡東員町","243240013001","笹尾西一丁目","35.096546","136.592742","0","3"
"24","三重県","24324","員弁郡東員町","243240013002","笹尾西二丁目","35.100521","136.593750","0","3"
"24","三重県","24324","員弁郡東員町","243240013003","笹尾西三丁目","35.103969","136.595490","0","3"
"24","三重県","24324","員弁郡東員町","243240013004","笹尾西四丁目","35.105911","136.599353","0","3"
"24","三重県","24324","員弁郡東員町","243240014001","笹尾東一丁目","35.094020","136.597320","0","3"
"24","三重県","24324","員弁郡東員町","243240014002","笹尾東二丁目","35.097009","136.598481","0","3"
"24","三重県","24324","員弁郡東員町","243240014003","笹尾東三丁目","35.100129","136.599538","0","3"
"24","三重県","24324","員弁郡東員町","243240014004","笹尾東四丁目","35.102818","136.600724","0","3"
"24","三重県","24324","員弁郡東員町","243240015001","城山一丁目","35.091211","136.603517","0","3"
"24","三重県","24324","員弁郡東員町","243240015002","城山二丁目","35.097379","136.603212","0","3"
"24","三重県","24324","員弁郡東員町","243240015003","城山三丁目","35.095146","136.605612","0","3"
"24","三重県","24341","三重郡菰野町","243410001000","大字池底","35.033189","136.522905","0","1"
"24","三重県","24341","三重郡菰野町","243410002000","大字潤田","35.028158","136.516660","0","1"
"24","三重県","24341","三重郡菰野町","243410003000","大字大強原","35.028963","136.530668","0","1"
"24","三重県","24341","三重郡菰野町","243410004000","大字小島","35.069084","136.527287","0","1"
"24","三重県","24341","三重郡菰野町","243410005000","大字音羽","35.026157","136.493616","0","1"
"24","三重県","24341","三重郡菰野町","243410006000","大字神森","35.004243","136.539745","0","1"
"24","三重県","24341","三重郡菰野町","243410007000","大字川北","35.030755","136.548688","0","1"
"24","三重県","24341","三重郡菰野町","243410008000","大字切畑","35.073816","136.476640","0","1"
"24","三重県","24341","三重郡菰野町","243410009000","大字菰野","35.008765","136.469361","0","1"
"24","三重県","24341","三重郡菰野町","243410010000","大字榊","35.053712","136.504861","0","1"
"24","三重県","24341","三重郡菰野町","243410011000","大字下村","35.020682","136.543774","0","1"
"24","三重県","24341","三重郡菰野町","243410012000","大字宿野","35.003136","136.525030","0","1"
"24","三重県","24341","三重郡菰野町","243410013000","大字杉谷","35.058858","136.496896","0","1"
"24","三重県","24341","三重郡菰野町","243410014000","大字諏訪","35.032517","136.538034","0","1"
"24","三重県","24341","三重郡菰野町","243410015000","大字田口","35.083646","136.486245","0","1"
"24","三重県","24341","三重郡菰野町","243410016000","大字田口新田","35.083559","136.519073","0","1"
"24","三重県","24341","三重郡菰野町","243410017000","大字竹成","35.047501","136.514606","0","1"
"24","三重県","24341","三重郡菰野町","243410018000","大字田光","35.074415","136.499386","0","1"
"24","三重県","24341","三重郡菰野町","243410019000","大字千草","35.038931","136.465665","0","1"
"24","三重県","24341","三重郡菰野町","243410020000","大字永井","35.051455","136.530574","0","1"
"24","三重県","24341","三重郡菰野町","243410021000","大字根の平","35.058843","136.483023","0","1"
"24","三重県","24341","三重郡菰野町","243410022000","大字福村","35.012450","136.523633","0","1"
"24","三重県","24341","三重郡菰野町","243410023000","大字吉澤","35.016125","136.528500","0","1"
"24","三重県","24341","三重郡菰野町","243410024000","大羽根園青葉町","35.014907","136.488730","0","1"
"24","三重県","24341","三重郡菰野町","243410025000","大羽根園呉竹町","35.014777","136.496492","0","1"
"24","三重県","24341","三重郡菰野町","243410026000","大羽根園柴垣町","35.016595","136.498295","0","1"
"24","三重県","24341","三重郡菰野町","243410027000","大羽根園新林町","35.017576","136.493740","0","1"
"24","三重県","24341","三重郡菰野町","243410028000","大羽根園並木通り","35.015749","136.494249","0","1"
"24","三重県","24341","三重郡菰野町","243410029000","大羽根園松ケ枝町","35.014151","136.491397","0","1"
"24","三重県","24341","三重郡菰野町","243410030000","初若の郷","35.011594","136.502286","0","1"
"24","三重県","24341","三重郡菰野町","243410031000","宝永台","35.013866","136.512749","0","1"
"24","三重県","24343","三重郡朝日町","243430001000","大字埋縄","35.035443","136.645787","0","1"
"24","三重県","24343","三重郡朝日町","243430002000","大字小向","35.034806","136.668153","0","1"
"24","三重県","24343","三重郡朝日町","243430003000","大字柿","35.033941","136.657153","0","1"
"24","三重県","24343","三重郡朝日町","243430004000","大字縄生","35.039087","136.675224","0","1"
"24","三重県","24343","三重郡朝日町","243430005001","向陽台一丁目","35.038714","136.656085","0","3"
"24","三重県","24343","三重郡朝日町","243430005002","向陽台二丁目","35.037106","136.654657","0","3"
"24","三重県","24343","三重郡朝日町","243430005003","向陽台三丁目","35.035356","136.656368","0","3"
"24","三重県","24343","三重郡朝日町","243430006001","白梅の丘西一丁目","35.041148","136.657029","0","3"
"24","三重県","24343","三重郡朝日町","243430006002","白梅の丘西二丁目","35.039611","136.658610","0","3"
"24","三重県","24343","三重郡朝日町","243430007001","白梅の丘東一丁目","35.040615","136.662722","0","3"
"24","三重県","24343","三重郡朝日町","243430007002","白梅の丘東二丁目","35.038292","136.660223","0","3"
"24","三重県","24344","三重郡川越町","243440001000","大字亀尾新田","35.028618","136.692969","0","1"
"24","三重県","24344","三重郡川越町","243440002000","大字亀崎新田","35.015756","136.691520","0","1"
"24","三重県","24344","三重郡川越町","243440003000","大字亀須新田","35.029413","136.689700","0","1"
"24","三重県","24344","三重郡川越町","243440004000","大字北福崎","35.028868","136.677625","0","1"
"24","三重県","24344","三重郡川越町","243440005000","大字高松","35.015206","136.675512","0","1"
"24","三重県","24344","三重郡川越町","243440006000","大字当新田","35.031949","136.681044","0","1"
"24","三重県","24344","三重郡川越町","243440007000","大字豊田","35.020950","136.661191","0","1"
"24","三重県","24344","三重郡川越町","243440008000","大字豊田一色","35.024138","136.671095","0","1"
"24","三重県","24344","三重郡川越町","243440009000","大字縄生","35.034731","136.678621","0","1"
"24","三重県","24344","三重郡川越町","243440010000","大字南福崎","35.021088","136.679139","0","1"
"24","三重県","24441","多気郡多気町","244410001000","朝長","34.519128","136.567020","0","1"
"24","三重県","24441","多気郡多気町","244410002000","朝柄","34.454850","136.441676","0","1"
"24","三重県","24441","多気郡多気町","244410003000","荒蒔","34.505652","136.551924","0","1"
"24","三重県","24441","多気郡多気町","244410004000","井内林","34.494021","136.511738","0","1"
"24","三重県","24441","多気郡多気町","244410005000","兄国","34.511392","136.558613","0","1"
"24","三重県","24441","多気郡多気町","244410006000","相可","34.497618","136.541041","0","1"
"24","三重県","24441","多気郡多気町","244410007000","相鹿瀬","34.455911","136.559959","0","1"
"24","三重県","24441","多気郡多気町","244410008000","相可台","34.500256","136.548547","0","1"
"24","三重県","24441","多気郡多気町","244410009000","弟国","34.519133","136.574437","0","1"
"24","三重県","24441","多気郡多気町","244410010000","笠木","34.490369","136.580094","0","1"
"24","三重県","24441","多気郡多気町","244410011000","片野","34.473630","136.451176","0","1"
"24","三重県","24441","多気郡多気町","244410012000","上出江","34.476221","136.463460","0","1"
"24","三重県","24441","多気郡多気町","244410013000","車川","34.431364","136.438047","0","1"
"24","三重県","24441","多気郡多気町","244410014000","鍬形","34.495874","136.501380","0","1"
"24","三重県","24441","多気郡多気町","244410015000","神坂","34.477846","136.521858","0","1"
"24","三重県","24441","多気郡多気町","244410016000","河田","34.516955","136.584005","0","1"
"24","三重県","24441","多気郡多気町","244410017000","五桂","34.469845","136.546347","0","1"
"24","三重県","24441","多気郡多気町","244410018000","五佐奈","34.497366","136.562948","0","1"
"24","三重県","24441","多気郡多気町","244410019000","佐伯中","34.495757","136.518525","0","1"
"24","三重県","24441","多気郡多気町","244410020000","三疋田","34.494344","136.523044","0","1"
"24","三重県","24441","多気郡多気町","244410021000","色太","34.450225","136.492421","0","1"
"24","三重県","24441","多気郡多気町","244410022000","四神田","34.479395","136.562970","0","1"
"24","三重県","24441","多気郡多気町","244410023000","四疋田","34.494747","136.530398","0","1"
"24","三重県","24441","多気郡多気町","244410024000","下出江","34.474159","136.474385","0","1"
"24","三重県","24441","多気郡多気町","244410025000","多気","34.515643","136.570467","0","1"
"24","三重県","24441","多気郡多気町","244410026000","田中","34.481429","136.570039","0","1"
"24","三重県","24441","多気郡多気町","244410027000","土屋","34.443529","136.467090","0","1"
"24","三重県","24441","多気郡多気町","244410028000","津留","34.495402","136.488144","0","1"
"24","三重県","24441","多気郡多気町","244410029000","土羽","34.501084","136.585617","0","1"
"24","三重県","24441","多気郡多気町","244410030000","丹生","34.473504","136.496290","0","1"
"24","三重県","24441","多気郡多気町","244410031000","西池上","34.506512","136.565024","0","1"
"24","三重県","24441","多気郡多気町","244410032000","西山","34.489563","136.556903","0","1"
"24","三重県","24441","多気郡多気町","244410033000","仁田","34.487368","136.544239","0","1"
"24","三重県","24441","多気郡多気町","244410034000","野中","34.465960","136.572356","0","1"
"24","三重県","24441","多気郡多気町","244410035000","長谷","34.481672","136.511235","0","1"
"24","三重県","24441","多気郡多気町","244410036000","波多瀬","34.472455","136.422495","0","1"
"24","三重県","24441","多気郡多気町","244410037000","東池上","34.508180","136.577946","0","1"
"24","三重県","24441","多気郡多気町","244410038000","平谷","34.477381","136.537506","0","1"
"24","三重県","24441","多気郡多気町","244410039000","古江","34.461489","136.479201","0","1"
"24","三重県","24441","多気郡多気町","244410040000","前村","34.465688","136.522875","0","1"
"24","三重県","24441","多気郡多気町","244410041000","牧","34.502775","136.490494","0","1"
"24","三重県","24441","多気郡多気町","244410042000","森荘","34.482674","136.578260","0","1"
"24","三重県","24441","多気郡多気町","244410043000","矢田","34.490011","136.569672","0","1"
"24","三重県","24441","多気郡多気町","244410044000","油夫","34.473428","136.558643","0","1"
"24","三重県","24441","多気郡多気町","244410045000","ヴィソン","34.459011","136.515175","1","1"
"24","三重県","24442","多気郡明和町","244420001000","大字池村","34.513313","136.605349","0","1"
"24","三重県","24442","多気郡明和町","244420002000","大字上野","34.532460","136.632550","0","1"
"24","三重県","24442","多気郡明和町","244420003000","大字上村","34.518022","136.594541","0","1"
"24","三重県","24442","多気郡明和町","244420004000","大字有爾中","34.522696","136.618941","0","1"
"24","三重県","24442","多気郡明和町","244420005000","大字馬之上","34.554720","136.624705","0","1"
"24","三重県","24442","多気郡明和町","244420006000","大字大堀川新田","34.577589","136.650708","0","1"
"24","三重県","24442","多気郡明和町","244420007000","大字大淀","34.566850","136.654332","0","1"
"24","三重県","24442","多気郡明和町","244420008000","大字川尻","34.594519","136.612051","0","1"
"24","三重県","24442","多気郡明和町","244420009000","大字北藤原","34.593598","136.622851","0","1"
"24","三重県","24442","多気郡明和町","244420010000","大字金剛坂","34.532906","136.603555","0","1"
"24","三重県","24442","多気郡明和町","244420011000","大字斎宮","34.538437","136.624748","0","1"
"24","三重県","24442","多気郡明和町","244420012000","大字坂本","34.549999","136.615284","0","1"
"24","三重県","24442","多気郡明和町","244420013000","大字佐田","34.563711","136.625794","0","1"
"24","三重県","24442","多気郡明和町","244420014000","大字志貴","34.575174","136.613402","0","1"
"24","三重県","24442","多気郡明和町","244420015000","大字新茶屋","34.524081","136.655283","0","1"
"24","三重県","24442","多気郡明和町","244420016000","大字竹川","34.537000","136.609633","0","1"
"24","三重県","24442","多気郡明和町","244420017000","大字田屋","34.577175","136.620371","0","1"
"24","三重県","24442","多気郡明和町","244420018000","大字内座","34.582264","136.624001","0","1"
"24","三重県","24442","多気郡明和町","244420019000","大字中村","34.584361","136.615389","0","1"
"24","三重県","24442","多気郡明和町","244420020000","大字中海","34.557213","136.612280","0","1"
"24","三重県","24442","多気郡明和町","244420021000","大字根倉","34.575043","136.634516","0","1"
"24","三重県","24442","多気郡明和町","244420022000","大字濱田","34.588023","136.636767","0","1"
"24","三重県","24442","多気郡明和町","244420023000","大字平尾","34.542634","136.643204","0","1"
"24","三重県","24442","多気郡明和町","244420024000","大字前野","34.571668","136.622566","0","1"
"24","三重県","24442","多気郡明和町","244420025000","大字南藤原","34.587186","136.626404","0","1"
"24","三重県","24442","多気郡明和町","244420026000","大字蓑村","34.522391","136.627145","0","1"
"24","三重県","24442","多気郡明和町","244420027000","大字明星","34.526143","136.637194","0","1"
"24","三重県","24442","多気郡明和町","244420028000","大字八木戸","34.585435","136.639426","0","1"
"24","三重県","24442","多気郡明和町","244420029000","大字山大淀","34.569732","136.646143","0","1"
"24","三重県","24442","多気郡明和町","244420030000","大字行部","34.567881","136.636490","0","1"
"24","三重県","24442","多気郡明和町","244420031000","大字養川","34.577909","136.627443","0","1"
"24","三重県","24442","多気郡明和町","244420032000","大字岩内","34.518756","136.592275","0","1"
"24","三重県","24443","多気郡大台町","244430001000","粟生","34.419273","136.458380","0","1"
"24","三重県","24443","多気郡大台町","244430002000","天ケ瀬","34.369732","136.316019","0","1"
"24","三重県","24443","多気郡大台町","244430003000","岩井","34.310059","136.234856","0","1"
"24","三重県","24443","多気郡大台町","244430004000","江馬","34.372302","136.330161","0","1"
"24","三重県","24443","多気郡大台町","244430005000","大井","34.312408","136.268597","0","1"
"24","三重県","24443","多気郡大台町","244430006000","大ヶ所","34.358261","136.412465","0","1"
"24","三重県","24443","多気郡大台町","244430007000","大杉","34.224839","136.157984","0","1"
"24","三重県","24443","多気郡大台町","244430008000","御棟","34.352401","136.294105","0","1"
"24","三重県","24443","多気郡大台町","244430009000","上楠","34.422545","136.471217","0","1"
"24","三重県","24443","多気郡大台町","244430010000","上菅","34.381767","136.379293","0","1"
"24","三重県","24443","多気郡大台町","244430011000","神瀬","34.432634","136.480560","0","1"
"24","三重県","24443","多気郡大台町","244430012000","上真手","34.375261","136.358706","0","1"
"24","三重県","24443","多気郡大台町","244430013000","上三瀬","34.406844","136.417111","0","1"
"24","三重県","24443","多気郡大台町","244430014000","唐櫃","34.339561","136.311835","0","1"
"24","三重県","24443","多気郡大台町","244430015000","桧原","34.280160","136.247623","0","1"
"24","三重県","24443","多気郡大台町","244430016000","清滝","34.360473","136.366292","0","1"
"24","三重県","24443","多気郡大台町","244430017000","久豆","34.291810","136.153350","0","1"
"24","三重県","24443","多気郡大台町","244430018000","熊内","34.356841","136.315039","0","1"
"24","三重県","24443","多気郡大台町","244430019000","栗谷","34.384955","136.290463","0","1"
"24","三重県","24443","多気郡大台町","244430020000","神滝","34.347133","136.267229","0","1"
"24","三重県","24443","多気郡大台町","244430021000","小切畑","34.386283","136.337340","0","1"
"24","三重県","24443","多気郡大台町","244430022000","小滝","34.353568","136.280843","0","1"
"24","三重県","24443","多気郡大台町","244430023000","佐原","34.404060","136.401487","0","1"
"24","三重県","24443","多気郡大台町","244430024000","下楠","34.423716","136.486729","0","1"
"24","三重県","24443","多気郡大台町","244430025000","下真手","34.392083","136.363455","0","1"
"24","三重県","24443","多気郡大台町","244430026000","下三瀬","34.407556","136.434838","0","1"
"24","三重県","24443","多気郡大台町","244430027000","新田","34.436821","136.520621","0","1"
"24","三重県","24443","多気郡大台町","244430028000","菅合","34.364232","136.388855","0","1"
"24","三重県","24443","多気郡大台町","244430029000","菅木屋","34.371461","136.378412","0","1"
"24","三重県","24443","多気郡大台町","244430030000","千代","34.451360","136.540116","0","1"
"24","三重県","24443","多気郡大台町","244430031000","薗","34.341601","136.352499","0","1"
"24","三重県","24443","多気郡大台町","244430032000","高奈","34.410249","136.458022","0","1"
"24","三重県","24443","多気郡大台町","244430033000","滝谷","34.337197","136.226130","0","1"
"24","三重県","24443","多気郡大台町","244430034000","栃原","34.445485","136.518153","0","1"
"24","三重県","24443","多気郡大台町","244430035000","長ケ","34.384717","136.440958","0","1"
"24","三重県","24443","多気郡大台町","244430036000","本田木屋","34.369357","136.356975","0","1"
"24","三重県","24443","多気郡大台町","244430037000","南","34.320182","136.301073","0","1"
"24","三重県","24443","多気郡大台町","244430038000","明豆","34.363410","136.299141","0","1"
"24","三重県","24443","多気郡大台町","244430039000","茂原","34.351329","136.327285","0","1"
"24","三重県","24443","多気郡大台町","244430040000","弥起井","34.399498","136.384973","0","1"
"24","三重県","24443","多気郡大台町","244430041000","柳原","34.443282","136.537468","0","1"
"24","三重県","24461","度会郡玉城町","244610001000","井倉","34.511057","136.640644","0","1"
"24","三重県","24461","度会郡玉城町","244610002000","岩出","34.463393","136.647362","0","1"
"24","三重県","24461","度会郡玉城町","244610003000","岡出","34.480484","136.640892","0","1"
"24","三重県","24461","度会郡玉城町","244610004000","岡村","34.499414","136.628304","0","1"
"24","三重県","24461","度会郡玉城町","244610005000","小社曽根","34.478689","136.651867","0","1"
"24","三重県","24461","度会郡玉城町","244610006000","勝田","34.474633","136.621263","0","1"
"24","三重県","24461","度会郡玉城町","244610007000","蚊野","34.487284","136.599225","0","1"
"24","三重県","24461","度会郡玉城町","244610008000","上田辺","34.498590","136.610322","0","1"
"24","三重県","24461","度会郡玉城町","244610009000","久保","34.500740","136.653726","0","1"
"24","三重県","24461","度会郡玉城町","244610010000","坂本","34.508882","136.621232","0","1"
"24","三重県","24461","度会郡玉城町","244610011000","佐田","34.488436","136.639539","0","1"
"24","三重県","24461","度会郡玉城町","244610012000","下田辺","34.493691","136.623784","0","1"
"24","三重県","24461","度会郡玉城町","244610013000","世古","34.514367","136.626816","0","1"
"24","三重県","24461","度会郡玉城町","244610014000","玉川","34.502859","136.620810","0","1"
"24","三重県","24461","度会郡玉城町","244610015000","田丸","34.491371","136.632658","0","1"
"24","三重県","24461","度会郡玉城町","244610016000","田宮寺","34.470024","136.614180","0","1"
"24","三重県","24461","度会郡玉城町","244610017000","中楽","34.497376","136.645245","0","1"
"24","三重県","24461","度会郡玉城町","244610018000","積良","34.463934","136.596506","0","1"
"24","三重県","24461","度会郡玉城町","244610019000","冨岡","34.485194","136.652198","0","1"
"24","三重県","24461","度会郡玉城町","244610020000","中角","34.468160","136.645483","0","1"
"24","三重県","24461","度会郡玉城町","244610021000","長更","34.503850","136.637901","0","1"
"24","三重県","24461","度会郡玉城町","244610022000","野篠","34.485431","136.615948","0","1"
"24","三重県","24461","度会郡玉城町","244610023000","原","34.470377","136.586718","0","1"
"24","三重県","24461","度会郡玉城町","244610024000","日向","34.506066","136.627702","0","1"
"24","三重県","24461","度会郡玉城町","244610025000","昼田","34.475432","136.665258","0","1"
"24","三重県","24461","度会郡玉城町","244610026000","宮古","34.465617","136.630496","0","1"
"24","三重県","24461","度会郡玉城町","244610027000","妙法寺","34.495733","136.639084","0","1"
"24","三重県","24461","度会郡玉城町","244610028000","門前","34.509738","136.629459","0","1"
"24","三重県","24461","度会郡玉城町","244610029000","矢野","34.481490","136.609075","0","1"
"24","三重県","24461","度会郡玉城町","244610030000","山岡","34.475218","136.654490","0","1"
"24","三重県","24461","度会郡玉城町","244610031000","山神","34.464923","136.606430","0","1"
"24","三重県","24470","度会郡度会町","244700001000","市場","34.356488","136.585090","0","1"
"24","三重県","24470","度会郡度会町","244700002000","大久保","34.441684","136.586136","0","1"
"24","三重県","24470","度会郡度会町","244700003000","大野木","34.442307","136.635902","0","1"
"24","三重県","24470","度会郡度会町","244700004000","小川","34.387368","136.574739","0","1"
"24","三重県","24470","度会郡度会町","244700005000","上久具","34.425637","136.602761","0","1"
"24","三重県","24470","度会郡度会町","244700006000","川上","34.350198","136.541789","0","1"
"24","三重県","24470","度会郡度会町","244700007000","川口","34.411544","136.631872","0","1"
"24","三重県","24470","度会郡度会町","244700008000","葛原","34.450389","136.644618","0","1"
"24","三重県","24470","度会郡度会町","244700009000","栗原","34.412382","136.608313","0","1"
"24","三重県","24470","度会郡度会町","244700010000","五ケ町","34.395714","136.584955","0","1"
"24","三重県","24470","度会郡度会町","244700011000","小萩","34.370515","136.565428","0","1"
"24","三重県","24470","度会郡度会町","244700012000","駒ケ野","34.376320","136.597308","0","1"
"24","三重県","24470","度会郡度会町","244700013000","坂井","34.443820","136.568098","0","1"
"24","三重県","24470","度会郡度会町","244700014000","注連指","34.404086","136.540502","0","1"
"24","三重県","24470","度会郡度会町","244700015000","下久具","34.427013","136.617266","0","1"
"24","三重県","24470","度会郡度会町","244700016000","田口","34.439570","136.550012","0","1"
"24","三重県","24470","度会郡度会町","244700017000","立岡","34.438787","136.580645","0","1"
"24","三重県","24470","度会郡度会町","244700018000","棚橋","34.444273","136.619923","0","1"
"24","三重県","24470","度会郡度会町","244700019000","田間","34.434351","136.599516","0","1"
"24","三重県","24470","度会郡度会町","244700020000","當津","34.428338","136.589764","0","1"
"24","三重県","24470","度会郡度会町","244700021000","中之郷","34.403190","136.597943","0","1"
"24","三重県","24470","度会郡度会町","244700022000","長原","34.417936","136.565933","0","1"
"24","三重県","24470","度会郡度会町","244700023000","鮠川","34.417649","136.586382","0","1"
"24","三重県","24470","度会郡度会町","244700024000","火打石","34.378287","136.620175","0","1"
"24","三重県","24470","度会郡度会町","244700025000","日向","34.393733","136.611714","0","1"
"24","三重県","24470","度会郡度会町","244700026000","平生","34.446479","136.598464","0","1"
"24","三重県","24470","度会郡度会町","244700027000","麻加江","34.436110","136.557366","0","1"
"24","三重県","24470","度会郡度会町","244700028000","牧戸","34.444443","136.609612","0","1"
"24","三重県","24470","度会郡度会町","244700029000","南中村","34.331039","136.589585","0","1"
"24","三重県","24470","度会郡度会町","244700030000","柳","34.367715","136.591101","0","1"
"24","三重県","24470","度会郡度会町","244700031000","和井野","34.355593","136.600237","0","1"
"24","三重県","24470","度会郡度会町","244700032000","脇出","34.350904","136.579908","0","1"
"24","三重県","24471","度会郡大紀町","244710001000","阿曽","34.334242","136.420146","0","1"
"24","三重県","24471","度会郡大紀町","244710002000","打見","34.410966","136.478123","0","1"
"24","三重県","24471","度会郡大紀町","244710003000","永会","34.363285","136.484158","0","1"
"24","三重県","24471","度会郡大紀町","244710004000","大内山","34.274538","136.326565","0","1"
"24","三重県","24471","度会郡大紀町","244710005000","柏野","34.309297","136.426726","0","1"
"24","三重県","24471","度会郡大紀町","244710006000","金輪","34.389409","136.503558","0","1"
"24","三重県","24471","度会郡大紀町","244710007000","神原","34.394167","136.456903","0","1"
"24","三重県","24471","度会郡大紀町","244710008000","崎","34.298750","136.396437","0","1"
"24","三重県","24471","度会郡大紀町","244710009000","滝原","34.367638","136.430624","0","1"
"24","三重県","24471","度会郡大紀町","244710010000","錦","34.236819","136.395430","0","1"
"24","三重県","24471","度会郡大紀町","244710011000","野添","34.411734","136.494229","0","1"
"24","三重県","24471","度会郡大紀町","244710012000","野原","34.414450","136.519304","0","1"
"24","三重県","24471","度会郡大紀町","244710013000","船木","34.393781","136.417578","0","1"
"24","三重県","24471","度会郡大紀町","244710014000","三瀬川","34.390735","136.427410","0","1"
"24","三重県","24472","度会郡南伊勢町","244720001000","阿曽浦","34.260002","136.595635","0","1"
"24","三重県","24472","度会郡南伊勢町","244720002000","泉","34.357696","136.725487","0","1"
"24","三重県","24472","度会郡南伊勢町","244720003000","伊勢路","34.366164","136.655595","0","1"
"24","三重県","24472","度会郡南伊勢町","244720004000","大江","34.299928","136.609321","0","1"
"24","三重県","24472","度会郡南伊勢町","244720005000","相賀浦","34.293660","136.638790","0","1"
"24","三重県","24472","度会郡南伊勢町","244720006000","大方竈","34.265909","136.596442","0","1"
"24","三重県","24472","度会郡南伊勢町","244720007000","小方竈","34.246224","136.490870","0","1"
"24","三重県","24472","度会郡南伊勢町","244720008000","押渕","34.321942","136.614312","0","1"
"24","三重県","24472","度会郡南伊勢町","244720009000","神前浦","34.260021","136.505371","0","1"
"24","三重県","24472","度会郡南伊勢町","244720010000","木谷","34.322944","136.722674","0","1"
"24","三重県","24472","度会郡南伊勢町","244720011000","切原","34.373753","136.713443","0","1"
"24","三重県","24472","度会郡南伊勢町","244720012000","河内","34.299453","136.518833","0","1"
"24","三重県","24472","度会郡南伊勢町","244720013000","五ヶ所浦","34.355484","136.702194","0","1"
"24","三重県","24472","度会郡南伊勢町","244720014000","古和浦","34.269681","136.451053","0","1"
"24","三重県","24472","度会郡南伊勢町","244720015000","神津佐","34.351515","136.735325","0","1"
"24","三重県","24472","度会郡南伊勢町","244720016000","斎田","34.352223","136.623164","0","1"
"24","三重県","24472","度会郡南伊勢町","244720017000","礫浦","34.309082","136.667627","0","1"
"24","三重県","24472","度会郡南伊勢町","244720018000","新桑竈","34.232896","136.436883","0","1"
"24","三重県","24472","度会郡南伊勢町","244720019000","下津浦","34.330191","136.735003","0","1"
"24","三重県","24472","度会郡南伊勢町","244720020000","宿浦","34.308193","136.699569","0","1"
"24","三重県","24472","度会郡南伊勢町","244720021000","慥柄浦","34.292142","136.561495","0","1"
"24","三重県","24472","度会郡南伊勢町","244720022000","田曽浦","34.294982","136.701744","0","1"
"24","三重県","24472","度会郡南伊勢町","244720023000","棚橋竈","34.254914","136.429226","0","1"
"24","三重県","24472","度会郡南伊勢町","244720024000","東宮","34.292051","136.543468","0","1"
"24","三重県","24472","度会郡南伊勢町","244720025000","栃木竈","34.244610","136.471099","0","1"
"24","三重県","24472","度会郡南伊勢町","244720026000","内瀬","34.348613","136.658795","0","1"
"24","三重県","24472","度会郡南伊勢町","244720027000","中津浜浦","34.330078","136.686576","0","1"
"24","三重県","24472","度会郡南伊勢町","244720028000","奈屋浦","34.278908","136.542068","0","1"
"24","三重県","24472","度会郡南伊勢町","244720029000","贄浦","34.283462","136.553291","0","1"
"24","三重県","24472","度会郡南伊勢町","244720030000","迫間浦","34.317639","136.637661","0","1"
"24","三重県","24472","度会郡南伊勢町","244720031000","始神","34.340029","136.615602","0","1"
"24","三重県","24472","度会郡南伊勢町","244720032000","飯満","34.345999","136.710890","0","1"
"24","三重県","24472","度会郡南伊勢町","244720033000","船越","34.348395","136.680977","0","1"
"24","三重県","24472","度会郡南伊勢町","244720034000","方座浦","34.252618","136.506496","0","1"
"24","三重県","24472","度会郡南伊勢町","244720035000","道方","34.305308","136.572252","0","1"
"24","三重県","24472","度会郡南伊勢町","244720036000","道行竈","34.282908","136.606781","0","1"
"24","三重県","24472","度会郡南伊勢町","244720037000","村山","34.299570","136.480182","0","1"
"24","三重県","24543","北牟婁郡紀北町","245430001000","大原","34.221556","136.277104","0","1"
"24","三重県","24543","北牟婁郡紀北町","245430002000","海野","34.187406","136.320382","0","1"
"24","三重県","24543","北牟婁郡紀北町","245430003000","島原","34.199733","136.269978","0","1"
"24","三重県","24543","北牟婁郡紀北町","245430004000","十須","34.248575","136.271490","0","1"
"24","三重県","24543","北牟婁郡紀北町","245430005000","道瀬","34.179072","136.291710","0","1"
"24","三重県","24543","北牟婁郡紀北町","245430006000","長島","34.201498","136.323758","0","1"
"24","三重県","24543","北牟婁郡紀北町","245430007000","東長島","34.220498","136.349397","0","1"
"24","三重県","24543","北牟婁郡紀北町","245430008000","古里","34.186339","136.302396","0","1"
"24","三重県","24543","北牟婁郡紀北町","245430009000","三浦","34.166985","136.274707","0","1"
"24","三重県","24543","北牟婁郡紀北町","245430010000","相賀","34.144316","136.145435","0","1"
"24","三重県","24543","北牟婁郡紀北町","245430011000","馬瀬","34.158899","136.253633","0","1"
"24","三重県","24543","北牟婁郡紀北町","245430012000","小浦","34.122147","136.247501","0","1"
"24","三重県","24543","北牟婁郡紀北町","245430013000","小山浦","34.093221","136.205629","0","1"
"24","三重県","24543","北牟婁郡紀北町","245430014000","上里","34.140405","136.235558","0","1"
"24","三重県","24543","北牟婁郡紀北町","245430015000","河内","34.184498","136.216829","0","1"
"24","三重県","24543","北牟婁郡紀北町","245430016000","島勝浦","34.110683","136.292295","0","1"
"24","三重県","24543","北牟婁郡紀北町","245430017000","白浦","34.128973","136.282246","0","1"
"24","三重県","24543","北牟婁郡紀北町","245430018000","中里","34.145995","136.213553","0","1"
"24","三重県","24543","北牟婁郡紀北町","245430019000","引本浦","34.107557","136.263432","0","1"
"24","三重県","24543","北牟婁郡紀北町","245430020000","便ノ山","34.114397","136.185584","0","1"
"24","三重県","24543","北牟婁郡紀北町","245430021000","矢口浦","34.136308","136.268297","0","1"
"24","三重県","24543","北牟婁郡紀北町","245430022000","船津","34.155267","136.191463","0","1"
"24","三重県","24561","南牟婁郡御浜町","245610001000","大字阿田和","33.800662","136.037102","0","1"
"24","三重県","24561","南牟婁郡御浜町","245610002000","大字上野","33.854056","135.981349","0","1"
"24","三重県","24561","南牟婁郡御浜町","245610003000","大字柿原","33.799242","136.019948","0","1"
"24","三重県","24561","南牟婁郡御浜町","245610004000","大字片川","33.832572","135.967379","0","1"
"24","三重県","24561","南牟婁郡御浜町","245610005000","大字上市木","33.831648","136.030860","0","1"
"24","三重県","24561","南牟婁郡御浜町","245610006000","大字川瀬","33.858413","135.977348","0","1"
"24","三重県","24561","南牟婁郡御浜町","245610007000","大字栗須","33.852377","135.975920","0","1"
"24","三重県","24561","南牟婁郡御浜町","245610008000","大字神木","33.868778","136.028238","0","1"
"24","三重県","24561","南牟婁郡御浜町","245610009000","大字阪本","33.860807","135.996566","0","1"
"24","三重県","24561","南牟婁郡御浜町","245610010000","大字志原","33.848656","136.053043","0","1"
"24","三重県","24561","南牟婁郡御浜町","245610011000","大字下市木","33.829838","136.049929","0","1"
"24","三重県","24561","南牟婁郡御浜町","245610012000","大字中立","33.817495","136.009458","0","1"
"24","三重県","24561","南牟婁郡御浜町","245610013000","大字西原","33.830939","135.993961","0","1"
"24","三重県","24561","南牟婁郡御浜町","245610014000","大字引作","33.793743","136.012857","0","1"
"24","三重県","24562","南牟婁郡紀宝町","245620001000","浅里","33.768214","135.931014","0","1"
"24","三重県","24562","南牟婁郡紀宝町","245620002000","井田","33.760535","136.021673","0","1"
"24","三重県","24562","南牟婁郡紀宝町","245620003000","井内","33.789086","135.994874","0","1"
"24","三重県","24562","南牟婁郡紀宝町","245620004000","鵜殿","33.734626","136.007072","0","1"
"24","三重県","24562","南牟婁郡紀宝町","245620005000","大里","33.773573","135.990560","0","1"
"24","三重県","24562","南牟婁郡紀宝町","245620006000","北檜杖","33.732504","135.964624","0","1"
"24","三重県","24562","南牟婁郡紀宝町","245620007000","桐原","33.809481","135.958073","0","1"
"24","三重県","24562","南牟婁郡紀宝町","245620008000","神内","33.757355","136.007457","0","1"
"24","三重県","24562","南牟婁郡紀宝町","245620009000","阪松原","33.804109","135.984802","0","1"
"24","三重県","24562","南牟婁郡紀宝町","245620010000","瀬原","33.737861","135.950379","0","1"
"24","三重県","24562","南牟婁郡紀宝町","245620011000","高岡","33.769928","135.968129","0","1"
"24","三重県","24562","南牟婁郡紀宝町","245620012000","成川","33.741815","135.996039","0","1"
"24","三重県","24562","南牟婁郡紀宝町","245620013000","平尾井","33.795712","135.987128","0","1"
"24","三重県","24562","南牟婁郡紀宝町","245620014000","鮒田","33.749584","135.970711","0","1"
