"“s“¹•{Œ§ƒR[ƒh","“s“¹•{Œ§–¼","Žs‹æ’¬‘ºƒR[ƒh","Žs‹æ’¬‘º–¼","‘åŽš’¬’š–ÚƒR[ƒh","‘åŽš’¬’š–Ú–¼","ˆÜ“x","Œo“x","Œ´“TŽ‘—¿ƒR[ƒh","‘åŽšEŽšE’š–Ú‹æ•ªƒR[ƒh"
"04","‹{éŒ§","04101","å‘äŽsÂ—t‹æ","041010001000","ì“à–¾_‰¡’š","38.265290","140.859760","0","1"
"04","‹{éŒ§","04101","å‘äŽsÂ—t‹æ","041010002000","—ÕÏ‰@","38.285195","140.827876","0","1"
"04","‹{éŒ§","04101","å‘äŽsÂ—t‹æ","041010003001","‘å’¬ˆê’š–Ú","38.259866","140.869594","0","3"
"04","‹{éŒ§","04101","å‘äŽsÂ—t‹æ","041010003002","‘å’¬“ñ’š–Ú","38.260229","140.865875","0","3"
"04","‹{éŒ§","04101","å‘äŽsÂ—t‹æ","041010004000","ì“à‹T‰ª–k— ’š","38.262210","140.847130","0","1"
"04","‹{éŒ§","04101","å‘äŽsÂ—t‹æ","041010005000","ì“à‘åH’¬","38.263408","140.858841","0","1"
"04","‹{éŒ§","04101","å‘äŽsÂ—t‹æ","041010006001","“ŒÆ‹{ˆê’š–Ú","38.279989","140.885264","0","3"
"04","‹{éŒ§","04101","å‘äŽsÂ—t‹æ","041010006002","“ŒÆ‹{“ñ’š–Ú","38.278591","140.886066","0","3"
"04","‹{éŒ§","04101","å‘äŽsÂ—t‹æ","041010007000","ì“àŽR‰®•~","38.258290","140.846740","0","1"
"04","‹{éŒ§","04101","å‘äŽsÂ—t‹æ","041010008000","ì“à’†ƒm£’¬","38.260270","140.858424","0","1"
"04","‹{éŒ§","04101","å‘äŽsÂ—t‹æ","041010009001","‘•ª’¬ˆê’š–Ú","38.261326","140.869508","0","3"
"04","‹{éŒ§","04101","å‘äŽsÂ—t‹æ","041010009002","‘•ª’¬“ñ’š–Ú","38.263797","140.868737","0","3"
"04","‹{éŒ§","04101","å‘äŽsÂ—t‹æ","041010009003","‘•ª’¬ŽO’š–Ú","38.267008","140.868587","0","3"
"04","‹{éŒ§","04101","å‘äŽsÂ—t‹æ","041010010000","‹e“c’¬","38.284796","140.847481","0","1"
"04","‹{éŒ§","04101","å‘äŽsÂ—t‹æ","041010011001","‹g¬‘äˆê’š–Ú","38.293163","140.823723","0","3"
"04","‹{éŒ§","04101","å‘äŽsÂ—t‹æ","041010011002","‹g¬‘ä“ñ’š–Ú","38.295635","140.822843","0","3"
"04","‹{éŒ§","04101","å‘äŽsÂ—t‹æ","041010012001","ŠLƒPXˆê’š–Ú","38.282275","140.840797","0","3"
"04","‹{éŒ§","04101","å‘äŽsÂ—t‹æ","041010012002","ŠLƒPX“ñ’š–Ú","38.280318","140.838382","0","3"
"04","‹{éŒ§","04101","å‘äŽsÂ—t‹æ","041010012003","ŠLƒPXŽO’š–Ú","38.283320","140.838339","0","3"
"04","‹{éŒ§","04101","å‘äŽsÂ—t‹æ","041010012004","ŠLƒPXŽl’š–Ú","38.284341","140.837342","0","3"
"04","‹{éŒ§","04101","å‘äŽsÂ—t‹æ","041010012005","ŠLƒPXŒÜ’š–Ú","38.286703","140.840488","0","3"
"04","‹{éŒ§","04101","å‘äŽsÂ—t‹æ","041010012006","ŠLƒPX˜Z’š–Ú","38.283358","140.844787","0","3"
"04","‹{éŒ§","04101","å‘äŽsÂ—t‹æ","041010013001","’†ŽR‹g¬ˆê’š–Ú","38.299606","140.820041","0","3"
"04","‹{éŒ§","04101","å‘äŽsÂ—t‹æ","041010013002","’†ŽR‹g¬“ñ’š–Ú","38.298217","140.818978","0","3"
"04","‹{éŒ§","04101","å‘äŽsÂ—t‹æ","041010013003","’†ŽR‹g¬ŽO’š–Ú","38.297430","140.817950","0","3"
"04","‹{éŒ§","04101","å‘äŽsÂ—t‹æ","041010014001","ˆ¤Žq“Œˆê’š–Ú","38.271351","140.778964","0","3"
"04","‹{éŒ§","04101","å‘äŽsÂ—t‹æ","041010014002","ˆ¤Žq“Œ“ñ’š–Ú","38.273126","140.774543","0","3"
"04","‹{éŒ§","04101","å‘äŽsÂ—t‹æ","041010014003","ˆ¤Žq“ŒŽO’š–Ú","38.274561","140.776077","0","3"
"04","‹{éŒ§","04101","å‘äŽsÂ—t‹æ","041010014004","ˆ¤Žq“ŒŽl’š–Ú","38.275956","140.770746","0","3"
"04","‹{éŒ§","04101","å‘äŽsÂ—t‹æ","041010014005","ˆ¤Žq“ŒŒÜ’š–Ú","38.275594","140.766500","0","3"
"04","‹{éŒ§","04101","å‘äŽsÂ—t‹æ","041010014006","ˆ¤Žq“Œ˜Z’š–Ú","38.272085","140.767706","0","3"
"04","‹{éŒ§","04101","å‘äŽsÂ—t‹æ","041010015001","¬¼“‡ˆê’š–Ú","38.278128","140.888015","0","3"
"04","‹{éŒ§","04101","å‘äŽsÂ—t‹æ","041010015002","¬¼“‡“ñ’š–Ú","38.282438","140.889947","0","3"
"04","‹{éŒ§","04101","å‘äŽsÂ—t‹æ","041010015003","¬¼“‡ŽO’š–Ú","38.282955","140.885022","0","3"
"04","‹{éŒ§","04101","å‘äŽsÂ—t‹æ","041010015004","¬¼“‡Žl’š–Ú","38.286741","140.887189","0","3"
"04","‹{éŒ§","04101","å‘äŽsÂ—t‹æ","041010016001","‹{’¬ˆê’š–Ú","38.267044","140.884216","0","3"
"04","‹{éŒ§","04101","å‘äŽsÂ—t‹æ","041010016002","‹{’¬“ñ’š–Ú","38.270121","140.883944","0","3"
"04","‹{éŒ§","04101","å‘äŽsÂ—t‹æ","041010016003","‹{’¬ŽO’š–Ú","38.272811","140.883305","0","3"
"04","‹{éŒ§","04101","å‘äŽsÂ—t‹æ","041010016004","‹{’¬Žl’š–Ú","38.275267","140.882975","0","3"
"04","‹{éŒ§","04101","å‘äŽsÂ—t‹æ","041010016005","‹{’¬ŒÜ’š–Ú","38.277196","140.884681","0","3"
"04","‹{éŒ§","04101","å‘äŽsÂ—t‹æ","041010017004","¬“cŒ´Žl’š–Ú","38.268229","140.890355","0","3"
"04","‹{éŒ§","04101","å‘äŽsÂ—t‹æ","041010017005","¬“cŒ´ŒÜ’š–Ú","38.268042","140.886935","0","3"
"04","‹{éŒ§","04101","å‘äŽsÂ—t‹æ","041010017006","¬“cŒ´˜Z’š–Ú","38.271782","140.886691","0","3"
"04","‹{éŒ§","04101","å‘äŽsÂ—t‹æ","041010017007","¬“cŒ´Žµ’š–Ú","38.271294","140.889386","0","3"
"04","‹{éŒ§","04101","å‘äŽsÂ—t‹æ","041010017008","¬“cŒ´”ª’š–Ú","38.270719","140.892504","0","3"
"04","‹{éŒ§","04101","å‘äŽsÂ—t‹æ","041010018001","‰Ô‹ž‰@ˆê’š–Ú","38.264514","140.882140","0","3"
"04","‹{éŒ§","04101","å‘äŽsÂ—t‹æ","041010018002","‰Ô‹ž‰@“ñ’š–Ú","38.266876","140.880931","0","3"
"04","‹{éŒ§","04101","å‘äŽsÂ—t‹æ","041010019000","–k–Ú’¬","38.254352","140.877087","0","1"
"04","‹{éŒ§","04101","å‘äŽsÂ—t‹æ","041010020001","‘äŒ´ˆê’š–Ú","38.282258","140.874497","0","3"
"04","‹{éŒ§","04101","å‘äŽsÂ—t‹æ","041010020002","‘äŒ´“ñ’š–Ú","38.286551","140.873028","0","3"
"04","‹{éŒ§","04101","å‘äŽsÂ—t‹æ","041010020003","‘äŒ´ŽO’š–Ú","38.288860","140.875047","0","3"
"04","‹{éŒ§","04101","å‘äŽsÂ—t‹æ","041010020004","‘äŒ´Žl’š–Ú","38.285094","140.876653","0","3"
"04","‹{éŒ§","04101","å‘äŽsÂ—t‹æ","041010020005","‘äŒ´ŒÜ’š–Ú","38.284954","140.880035","0","3"
"04","‹{éŒ§","04101","å‘äŽsÂ—t‹æ","041010020006","‘äŒ´˜Z’š–Ú","38.280632","140.879470","0","3"
"04","‹{éŒ§","04101","å‘äŽsÂ—t‹æ","041010020007","‘äŒ´Žµ’š–Ú","38.283983","140.882246","0","3"
"04","‹{éŒ§","04101","å‘äŽsÂ—t‹æ","041010021000","ì“à“b‹´’Ê","38.265046","140.857395","0","1"
"04","‹{éŒ§","04101","å‘äŽsÂ—t‹æ","041010022001","“ŒŸŽRˆê’š–Ú","38.298264","140.872230","0","3"
"04","‹{éŒ§","04101","å‘äŽsÂ—t‹æ","041010022002","“ŒŸŽR“ñ’š–Ú","38.294577","140.863385","0","3"
"04","‹{éŒ§","04101","å‘äŽsÂ—t‹æ","041010022003","“ŒŸŽRŽO’š–Ú","38.298650","140.864598","0","3"
"04","‹{éŒ§","04101","å‘äŽsÂ—t‹æ","041010023001","ˆ¤Žq’†‰›ˆê’š–Ú","38.272525","140.761860","0","3"
"04","‹{éŒ§","04101","å‘äŽsÂ—t‹æ","041010023002","ˆ¤Žq’†‰›“ñ’š–Ú","38.276314","140.762894","0","3"
"04","‹{éŒ§","04101","å‘äŽsÂ—t‹æ","041010023003","ˆ¤Žq’†‰›ŽO’š–Ú","38.275626","140.758743","0","3"
"04","‹{éŒ§","04101","å‘äŽsÂ—t‹æ","041010023004","ˆ¤Žq’†‰›Žl’š–Ú","38.275778","140.752982","0","3"
"04","‹{éŒ§","04101","å‘äŽsÂ—t‹æ","041010023005","ˆ¤Žq’†‰›ŒÜ’š–Ú","38.273114","140.756386","0","3"
"04","‹{éŒ§","04101","å‘äŽsÂ—t‹æ","041010023006","ˆ¤Žq’†‰›˜Z’š–Ú","38.271861","140.759145","0","3"
"04","‹{éŒ§","04101","å‘äŽsÂ—t‹æ","041010024001","’†ŽR‘äˆê’š–Ú","38.298829","140.813233","0","3"
"04","‹{éŒ§","04101","å‘äŽsÂ—t‹æ","041010024002","’†ŽR‘ä“ñ’š–Ú","38.301709","140.815551","0","3"
"04","‹{éŒ§","04101","å‘äŽsÂ—t‹æ","041010024003","’†ŽR‘äŽO’š–Ú","38.301794","140.811710","0","3"
"04","‹{éŒ§","04101","å‘äŽsÂ—t‹æ","041010024004","’†ŽR‘äŽl’š–Ú","38.297452","140.809144","0","3"
"04","‹{éŒ§","04101","å‘äŽsÂ—t‹æ","041010025001","“ì‹g¬ˆê’š–Ú","38.286871","140.821062","0","3"
"04","‹{éŒ§","04101","å‘äŽsÂ—t‹æ","041010025002","“ì‹g¬“ñ’š–Ú","38.284675","140.820024","0","3"
"04","‹{éŒ§","04101","å‘äŽsÂ—t‹æ","041010025003","“ì‹g¬ŽO’š–Ú","38.287049","140.817361","0","3"
"04","‹{éŒ§","04101","å‘äŽsÂ—t‹æ","041010025004","“ì‹g¬Žl’š–Ú","38.288538","140.814926","0","3"
"04","‹{éŒ§","04101","å‘äŽsÂ—t‹æ","041010025005","“ì‹g¬ŒÜ’š–Ú","38.290276","140.812350","0","3"
"04","‹{éŒ§","04101","å‘äŽsÂ—t‹æ","041010025006","“ì‹g¬˜Z’š–Ú","38.285046","140.812830","0","3"
"04","‹{éŒ§","04101","å‘äŽsÂ—t‹æ","041010025007","“ì‹g¬Žµ’š–Ú","38.282717","140.816534","0","3"
"04","‹{éŒ§","04101","å‘äŽsÂ—t‹æ","041010026000","t“ú’¬","38.266406","140.864705","0","1"
"04","‹{éŒ§","04101","å‘äŽsÂ—t‹æ","041010027001","’Ê’¬ˆê’š–Ú","38.277570","140.865283","0","3"
"04","‹{éŒ§","04101","å‘äŽsÂ—t‹æ","041010027002","’Ê’¬“ñ’š–Ú","38.280226","140.865647","0","3"
"04","‹{éŒ§","04101","å‘äŽsÂ—t‹æ","041010028001","ì•½ˆê’š–Ú","38.295174","140.847624","0","3"
"04","‹{éŒ§","04101","å‘äŽsÂ—t‹æ","041010028002","ì•½“ñ’š–Ú","38.299621","140.843185","0","3"
"04","‹{éŒ§","04101","å‘äŽsÂ—t‹æ","041010028003","ì•½ŽO’š–Ú","38.305550","140.839364","0","3"
"04","‹{éŒ§","04101","å‘äŽsÂ—t‹æ","041010028004","ì•½Žl’š–Ú","38.303462","140.835811","0","3"
"04","‹{éŒ§","04101","å‘äŽsÂ—t‹æ","041010028005","ì•½ŒÜ’š–Ú","38.306626","140.832613","0","3"
"04","‹{éŒ§","04101","å‘äŽsÂ—t‹æ","041010029001","•ÄƒP‘Üˆê’š–Ú","38.252379","140.870799","0","3"
"04","‹{éŒ§","04101","å‘äŽsÂ—t‹æ","041010029002","•ÄƒP‘Ü“ñ’š–Ú","38.250254","140.872897","0","3"
"04","‹{éŒ§","04101","å‘äŽsÂ—t‹æ","041010029003","•ÄƒP‘ÜŽO’š–Ú","38.248859","140.870214","0","3"
"04","‹{éŒ§","04101","å‘äŽsÂ—t‹æ","041010030000","ì“àì‘O’š","38.264225","140.861052","0","1"
"04","‹{éŒ§","04101","å‘äŽsÂ—t‹æ","041010031001","rŠª–{‘òˆê’š–Ú","38.288586","140.848758","0","3"
"04","‹{éŒ§","04101","å‘äŽsÂ—t‹æ","041010031002","rŠª–{‘ò“ñ’š–Ú","38.290058","140.852970","0","3"
"04","‹{éŒ§","04101","å‘äŽsÂ—t‹æ","041010031003","rŠª–{‘òŽO’š–Ú","38.291283","140.854981","0","3"
"04","‹{éŒ§","04101","å‘äŽsÂ—t‹æ","041010032001","Ü—§ˆê’š–Ú","38.264807","140.811667","0","3"
"04","‹{éŒ§","04101","å‘äŽsÂ—t‹æ","041010032002","Ü—§“ñ’š–Ú","38.267741","140.806135","0","3"
"04","‹{éŒ§","04101","å‘äŽsÂ—t‹æ","041010032003","Ü—§ŽO’š–Ú","38.265261","140.806362","0","3"
"04","‹{éŒ§","04101","å‘äŽsÂ—t‹æ","041010032004","Ü—§Žl’š–Ú","38.261765","140.807294","0","3"
"04","‹{éŒ§","04101","å‘äŽsÂ—t‹æ","041010032005","Ü—§ŒÜ’š–Ú","38.260253","140.805391","0","3"
"04","‹{éŒ§","04101","å‘äŽsÂ—t‹æ","041010032006","Ü—§˜Z’š–Ú","38.261595","140.802303","0","3"
"04","‹{éŒ§","04101","å‘äŽsÂ—t‹æ","041010033000","’†ŽR‘ä¼","38.303958","140.811106","0","1"
"04","‹{éŒ§","04101","å‘äŽsÂ—t‹æ","041010034001","ˆê”Ô’¬ˆê’š–Ú","38.256832","140.873123","0","3"
"04","‹{éŒ§","04101","å‘äŽsÂ—t‹æ","041010034002","ˆê”Ô’¬“ñ’š–Ú","38.258723","140.872272","0","3"
"04","‹{éŒ§","04101","å‘äŽsÂ—t‹æ","041010034003","ˆê”Ô’¬ŽO’š–Ú","38.261112","140.872777","0","3"
"04","‹{éŒ§","04101","å‘äŽsÂ—t‹æ","041010034004","ˆê”Ô’¬Žl’š–Ú","38.264221","140.871389","0","3"
"04","‹{éŒ§","04101","å‘äŽsÂ—t‹æ","041010035001","’†‰›ˆê’š–Ú","38.259260","140.882032","0","3"
"04","‹{éŒ§","04101","å‘äŽsÂ—t‹æ","041010035002","’†‰›“ñ’š–Ú","38.261586","140.876535","0","3"
"04","‹{éŒ§","04101","å‘äŽsÂ—t‹æ","041010035003","’†‰›ŽO’š–Ú","38.259482","140.877777","0","3"
"04","‹{éŒ§","04101","å‘äŽsÂ—t‹æ","041010035004","’†‰›Žl’š–Ú","38.257384","140.879010","0","3"
"04","‹{éŒ§","04101","å‘äŽsÂ—t‹æ","041010036000","‚ ‚¯‚Ú‚Ì’¬","38.288158","140.864318","0","1"
"04","‹{éŒ§","04101","å‘äŽsÂ—t‹æ","041010037001","‹Ñ’¬ˆê’š–Ú","38.268802","140.876977","0","3"
"04","‹{éŒ§","04101","å‘äŽsÂ—t‹æ","041010037002","‹Ñ’¬“ñ’š–Ú","38.269587","140.880795","0","3"
"04","‹{éŒ§","04101","å‘äŽsÂ—t‹æ","041010038000","”~“c’¬","38.277923","140.880593","0","1"
"04","‹{éŒ§","04101","å‘äŽsÂ—t‹æ","041010039000","ì“à‹T‰ª’¬","38.260741","140.846342","0","1"
"04","‹{éŒ§","04101","å‘äŽsÂ—t‹æ","041010040001","–kªˆê’š–Ú","38.293287","140.874451","0","3"
"04","‹{éŒ§","04101","å‘äŽsÂ—t‹æ","041010040002","–kª“ñ’š–Ú","38.296749","140.876106","0","3"
"04","‹{éŒ§","04101","å‘äŽsÂ—t‹æ","041010040003","–kªŽO’š–Ú","38.300225","140.877770","0","3"
"04","‹{éŒ§","04101","å‘äŽsÂ—t‹æ","041010040004","–kªŽl’š–Ú","38.299387","140.871285","0","3"
"04","‹{éŒ§","04101","å‘äŽsÂ—t‹æ","041010041001","‘o—tƒP‹uˆê’š–Ú","38.303638","140.875779","0","3"
"04","‹{éŒ§","04101","å‘äŽsÂ—t‹æ","041010041002","‘o—tƒP‹u“ñ’š–Ú","38.300874","140.871467","0","3"
"04","‹{éŒ§","04101","å‘äŽsÂ—t‹æ","041010042000","rŠª’†‰›","38.290760","140.858587","0","1"
"04","‹{éŒ§","04101","å‘äŽsÂ—t‹æ","041010043001","ã™ˆê’š–Ú","38.270908","140.871884","0","3"
"04","‹{éŒ§","04101","å‘äŽsÂ—t‹æ","041010043002","ã™“ñ’š–Ú","38.273854","140.871178","0","3"
"04","‹{éŒ§","04101","å‘äŽsÂ—t‹æ","041010043003","ã™ŽO’š–Ú","38.271767","140.876390","0","3"
"04","‹{éŒ§","04101","å‘äŽsÂ—t‹æ","041010043004","ã™Žl’š–Ú","38.272474","140.880091","0","3"
"04","‹{éŒ§","04101","å‘äŽsÂ—t‹æ","041010043005","ã™ŒÜ’š–Ú","38.274635","140.876595","0","3"
"04","‹{éŒ§","04101","å‘äŽsÂ—t‹æ","041010043006","ã™˜Z’š–Ú","38.278003","140.875914","0","3"
"04","‹{éŒ§","04101","å‘äŽsÂ—t‹æ","041010044001","•Ð•½ˆê’š–Ú","38.257246","140.867312","0","3"
"04","‹{éŒ§","04101","å‘äŽsÂ—t‹æ","041010044002","•Ð•½“ñ’š–Ú","38.253115","140.874344","0","3"
"04","‹{éŒ§","04101","å‘äŽsÂ—t‹æ","041010045000","Žx‘q’¬","38.268243","140.861423","0","1"
"04","‹{éŒ§","04101","å‘äŽsÂ—t‹æ","041010046001","‘Œ©ƒP‹uˆê’š–Ú","38.293988","140.829629","0","3"
"04","‹{éŒ§","04101","å‘äŽsÂ—t‹æ","041010046002","‘Œ©ƒP‹u“ñ’š–Ú","38.292163","140.827300","0","3"
"04","‹{éŒ§","04101","å‘äŽsÂ—t‹æ","041010046003","‘Œ©ƒP‹uŽO’š–Ú","38.288193","140.829837","0","3"
"04","‹{éŒ§","04101","å‘äŽsÂ—t‹æ","041010046004","‘Œ©ƒP‹uŽl’š–Ú","38.287398","140.826057","0","3"
"04","‹{éŒ§","04101","å‘äŽsÂ—t‹æ","041010046005","‘Œ©ƒP‹uŒÜ’š–Ú","38.284136","140.829028","0","3"
"04","‹{éŒ§","04101","å‘äŽsÂ—t‹æ","041010046006","‘Œ©ƒP‹u˜Z’š–Ú","38.285498","140.834519","0","3"
"04","‹{éŒ§","04101","å‘äŽsÂ—t‹æ","041010046007","‘Œ©ƒP‹uŽµ’š–Ú","38.289982","140.834903","0","3"
"04","‹{éŒ§","04101","å‘äŽsÂ—t‹æ","041010047000","“¡¼","38.297161","140.873473","0","1"
"04","‹{éŒ§","04101","å‘äŽsÂ—t‹æ","041010048001","ŒI¶ˆê’š–Ú","38.260969","140.795574","0","3"
"04","‹{éŒ§","04101","å‘äŽsÂ—t‹æ","041010048002","ŒI¶“ñ’š–Ú","38.267501","140.796940","0","3"
"04","‹{éŒ§","04101","å‘äŽsÂ—t‹æ","041010048003","ŒI¶ŽO’š–Ú","38.267373","140.794588","0","3"
"04","‹{éŒ§","04101","å‘äŽsÂ—t‹æ","041010048004","ŒI¶Žl’š–Ú","38.267532","140.791876","0","3"
"04","‹{éŒ§","04101","å‘äŽsÂ—t‹æ","041010048005","ŒI¶ŒÜ’š–Ú","38.267376","140.788751","0","3"
"04","‹{éŒ§","04101","å‘äŽsÂ—t‹æ","041010048006","ŒI¶˜Z’š–Ú","38.267735","140.784247","0","3"
"04","‹{éŒ§","04101","å‘äŽsÂ—t‹æ","041010048007","ŒI¶Žµ’š–Ú","38.268325","140.778802","0","3"
"04","‹{éŒ§","04101","å‘äŽsÂ—t‹æ","041010049000","•Ÿ‘ò’¬","38.274210","140.887282","0","1"
"04","‹{éŒ§","04101","å‘äŽsÂ—t‹æ","041010050001","ŒÜ‹´ˆê’š–Ú","38.254768","140.880031","0","3"
"04","‹{éŒ§","04101","å‘äŽsÂ—t‹æ","041010050002","ŒÜ‹´“ñ’š–Ú","38.251316","140.879517","0","3"
"04","‹{éŒ§","04101","å‘äŽsÂ—t‹æ","041010051001","’†]ˆê’š–Ú","38.274755","140.891044","0","3"
"04","‹{éŒ§","04101","å‘äŽsÂ—t‹æ","041010051002","’†]“ñ’š–Ú","38.271847","140.894877","0","3"
"04","‹{éŒ§","04101","å‘äŽsÂ—t‹æ","041010052000","‘åŽè’¬","38.256608","140.861528","0","1"
"04","‹{éŒ§","04101","å‘äŽsÂ—t‹æ","041010053001","’†ŽRˆê’š–Ú","38.290513","140.846837","0","3"
"04","‹{éŒ§","04101","å‘äŽsÂ—t‹æ","041010053002","’†ŽR“ñ’š–Ú","38.288647","140.842629","0","3"
"04","‹{éŒ§","04101","å‘äŽsÂ—t‹æ","041010053003","’†ŽRŽO’š–Ú","38.291689","140.836492","0","3"
"04","‹{éŒ§","04101","å‘äŽsÂ—t‹æ","041010053004","’†ŽRŽl’š–Ú","38.292066","140.839872","0","3"
"04","‹{éŒ§","04101","å‘äŽsÂ—t‹æ","041010053005","’†ŽRŒÜ’š–Ú","38.293087","140.843025","0","3"
"04","‹{éŒ§","04101","å‘äŽsÂ—t‹æ","041010053006","’†ŽR˜Z’š–Ú","38.295844","140.840301","0","3"
"04","‹{éŒ§","04101","å‘äŽsÂ—t‹æ","041010053007","’†ŽRŽµ’š–Ú","38.296068","140.835249","0","3"
"04","‹{éŒ§","04101","å‘äŽsÂ—t‹æ","041010053008","’†ŽR”ª’š–Ú","38.297020","140.831431","0","3"
"04","‹{éŒ§","04101","å‘äŽsÂ—t‹æ","041010053009","’†ŽR‹ã’š–Ú","38.301022","140.832610","0","3"
"04","‹{éŒ§","04101","å‘äŽsÂ—t‹æ","041010054000","Â—tŽR","38.260134","140.856713","0","1"
"04","‹{éŒ§","04101","å‘äŽsÂ—t‹æ","041010055001","ŠpŒÜ˜Yˆê’š–Ú","38.265871","140.853112","0","3"
"04","‹{éŒ§","04101","å‘äŽsÂ—t‹æ","041010055002","ŠpŒÜ˜Y“ñ’š–Ú","38.265872","140.847507","0","3"
"04","‹{éŒ§","04101","å‘äŽsÂ—t‹æ","041010056001","’ç’¬ˆê’š–Ú","38.282989","140.870117","0","3"
"04","‹{éŒ§","04101","å‘äŽsÂ—t‹æ","041010056002","’ç’¬“ñ’š–Ú","38.286106","140.867628","0","3"
"04","‹{éŒ§","04101","å‘äŽsÂ—t‹æ","041010056003","’ç’¬ŽO’š–Ú","38.288475","140.869593","0","3"
"04","‹{éŒ§","04101","å‘äŽsÂ—t‹æ","041010057000","º˜a’¬","38.280720","140.869957","0","1"
"04","‹{éŒ§","04101","å‘äŽsÂ—t‹æ","041010058001","‹g¬ˆê’š–Ú","38.290104","140.823504","0","3"
"04","‹{éŒ§","04101","å‘äŽsÂ—t‹æ","041010058002","‹g¬“ñ’š–Ú","38.292981","140.817377","0","3"
"04","‹{éŒ§","04101","å‘äŽsÂ—t‹æ","041010058003","‹g¬ŽO’š–Ú","38.290830","140.818125","0","3"
"04","‹{éŒ§","04101","å‘äŽsÂ—t‹æ","041010059001","‚Ý‚â‚¬‘äˆê’š–Ú","38.305324","140.774418","0","3"
"04","‹{éŒ§","04101","å‘äŽsÂ—t‹æ","041010059002","‚Ý‚â‚¬‘ä“ñ’š–Ú","38.307578","140.772508","0","3"
"04","‹{éŒ§","04101","å‘äŽsÂ—t‹æ","041010059003","‚Ý‚â‚¬‘äŽO’š–Ú","38.310673","140.769119","0","3"
"04","‹{éŒ§","04101","å‘äŽsÂ—t‹æ","041010059004","‚Ý‚â‚¬‘äŽl’š–Ú","38.311256","140.765232","0","3"
"04","‹{éŒ§","04101","å‘äŽsÂ—t‹æ","041010059005","‚Ý‚â‚¬‘äŒÜ’š–Ú","38.312815","140.762939","0","3"
"04","‹{éŒ§","04101","å‘äŽsÂ—t‹æ","041010060001","–Ø’¬’Êˆê’š–Ú","38.269372","140.863819","0","3"
"04","‹{éŒ§","04101","å‘äŽsÂ—t‹æ","041010060002","–Ø’¬’Ê“ñ’š–Ú","38.272964","140.865503","0","3"
"04","‹{éŒ§","04101","å‘äŽsÂ—t‹æ","041010061001","–{’¬ˆê’š–Ú","38.265434","140.878210","0","3"
"04","‹{éŒ§","04101","å‘äŽsÂ—t‹æ","041010061002","–{’¬“ñ’š–Ú","38.264919","140.874595","0","3"
"04","‹{éŒ§","04101","å‘äŽsÂ—t‹æ","041010061003","–{’¬ŽO’š–Ú","38.267944","140.872751","0","3"
"04","‹{éŒ§","04101","å‘äŽsÂ—t‹æ","041010062001","‹ÑƒP‹uˆê’š–Ú","38.258108","140.766548","0","3"
"04","‹{éŒ§","04101","å‘äŽsÂ—t‹æ","041010062002","‹ÑƒP‹u“ñ’š–Ú","38.255380","140.766913","0","3"
"04","‹{éŒ§","04101","å‘äŽsÂ—t‹æ","041010062003","‹ÑƒP‹uŽO’š–Ú","38.252446","140.766981","0","3"
"04","‹{éŒ§","04101","å‘äŽsÂ—t‹æ","041010062004","‹ÑƒP‹uŽl’š–Ú","38.252262","140.771996","0","3"
"04","‹{éŒ§","04101","å‘äŽsÂ—t‹æ","041010062005","‹ÑƒP‹uŒÜ’š–Ú","38.253116","140.758147","0","3"
"04","‹{éŒ§","04101","å‘äŽsÂ—t‹æ","041010062006","‹ÑƒP‹u˜Z’š–Ú","38.252405","140.761659","0","3"
"04","‹{éŒ§","04101","å‘äŽsÂ—t‹æ","041010062007","‹ÑƒP‹uŽµ’š–Ú","38.256385","140.761396","0","3"
"04","‹{éŒ§","04101","å‘äŽsÂ—t‹æ","041010062008","‹ÑƒP‹u”ª’š–Ú","38.259087","140.758272","0","3"
"04","‹{éŒ§","04101","å‘äŽsÂ—t‹æ","041010062009","‹ÑƒP‹u‹ã’š–Ú","38.260533","140.761752","0","3"
"04","‹{éŒ§","04101","å‘äŽsÂ—t‹æ","041010063000","ç‘ã“c’¬","38.282231","140.847682","0","1"
"04","‹{éŒ§","04101","å‘äŽsÂ—t‹æ","041010064001","…‚ÌXˆê’š–Ú","38.291180","140.864052","0","3"
"04","‹{éŒ§","04101","å‘äŽsÂ—t‹æ","041010064002","…‚ÌX“ñ’š–Ú","38.292541","140.860770","0","3"
"04","‹{éŒ§","04101","å‘äŽsÂ—t‹æ","041010064003","…‚ÌXŽO’š–Ú","38.295847","140.856714","0","3"
"04","‹{éŒ§","04101","å‘äŽsÂ—t‹æ","041010064004","…‚ÌXŽl’š–Ú","38.301745","140.860121","0","3"
"04","‹{éŒ§","04101","å‘äŽsÂ—t‹æ","041010065001","÷ƒP‹uˆê’š–Ú","38.297244","140.848066","0","3"
"04","‹{éŒ§","04101","å‘äŽsÂ—t‹æ","041010065002","÷ƒP‹u“ñ’š–Ú","38.297389","140.852730","0","3"
"04","‹{éŒ§","04101","å‘äŽsÂ—t‹æ","041010065003","÷ƒP‹uŽO’š–Ú","38.300664","140.855103","0","3"
"04","‹{éŒ§","04101","å‘äŽsÂ—t‹æ","041010065004","÷ƒP‹uŽl’š–Ú","38.301561","140.851968","0","3"
"04","‹{éŒ§","04101","å‘äŽsÂ—t‹æ","041010065005","÷ƒP‹uŒÜ’š–Ú","38.299909","140.847467","0","3"
"04","‹{éŒ§","04101","å‘äŽsÂ—t‹æ","041010065006","÷ƒP‹u˜Z’š–Ú","38.303282","140.846310","0","3"
"04","‹{éŒ§","04101","å‘äŽsÂ—t‹æ","041010065007","÷ƒP‹uŽµ’š–Ú","38.307573","140.846901","0","3"
"04","‹{éŒ§","04101","å‘äŽsÂ—t‹æ","041010065008","÷ƒP‹u”ª’š–Ú","38.305500","140.850359","0","3"
"04","‹{éŒ§","04101","å‘äŽsÂ—t‹æ","041010065009","÷ƒP‹u‹ã’š–Ú","38.306979","140.853777","0","3"
"04","‹{éŒ§","04101","å‘äŽsÂ—t‹æ","041010066000","Œü“c","38.280041","140.792732","0","1"
"04","‹{éŒ§","04101","å‘äŽsÂ—t‹æ","041010067001","‘Œ©ˆê’š–Ú","38.279040","140.846343","0","3"
"04","‹{éŒ§","04101","å‘äŽsÂ—t‹æ","041010067002","‘Œ©“ñ’š–Ú","38.275117","140.845515","0","3"
"04","‹{éŒ§","04101","å‘äŽsÂ—t‹æ","041010067003","‘Œ©ŽO’š–Ú","38.273362","140.842525","0","3"
"04","‹{éŒ§","04101","å‘äŽsÂ—t‹æ","041010067004","‘Œ©Žl’š–Ú","38.277219","140.841453","0","3"
"04","‹{éŒ§","04101","å‘äŽsÂ—t‹æ","041010067005","‘Œ©ŒÜ’š–Ú","38.274692","140.837299","0","3"
"04","‹{éŒ§","04101","å‘äŽsÂ—t‹æ","041010067006","‘Œ©˜Z’š–Ú","38.278916","140.832052","0","3"
"04","‹{éŒ§","04101","å‘äŽsÂ—t‹æ","041010068001","‚–ìŒ´ˆê’š–Ú","38.285960","140.771986","0","3"
"04","‹{éŒ§","04101","å‘äŽsÂ—t‹æ","041010068002","‚–ìŒ´“ñ’š–Ú","38.289101","140.768387","0","3"
"04","‹{éŒ§","04101","å‘äŽsÂ—t‹æ","041010068003","‚–ìŒ´ŽO’š–Ú","38.289740","140.760969","0","3"
"04","‹{éŒ§","04101","å‘äŽsÂ—t‹æ","041010068004","‚–ìŒ´Žl’š–Ú","38.289981","140.755936","0","3"
"04","‹{éŒ§","04101","å‘äŽsÂ—t‹æ","041010069000","—tŽR’¬","38.285024","140.864642","0","1"
"04","‹{éŒ§","04101","å‘äŽsÂ—t‹æ","041010070001","‚¼ˆê’š–Ú","38.277174","140.890860","0","3"
"04","‹{éŒ§","04101","å‘äŽsÂ—t‹æ","041010070002","‚¼“ñ’š–Ú","38.280094","140.893523","0","3"
"04","‹{éŒ§","04101","å‘äŽsÂ—t‹æ","041010070003","‚¼ŽO’š–Ú","38.282192","140.894374","0","3"
"04","‹{éŒ§","04101","å‘äŽsÂ—t‹æ","041010071001","ëƒPXˆê’š–Ú","38.292314","140.869607","0","3"
"04","‹{éŒ§","04101","å‘äŽsÂ—t‹æ","041010071002","ëƒPX“ñ’š–Ú","38.296237","140.869021","0","3"
"04","‹{éŒ§","04101","å‘äŽsÂ—t‹æ","041010072001","—Ž‡ˆê’š–Ú","38.270886","140.794164","0","3"
"04","‹{éŒ§","04101","å‘äŽsÂ—t‹æ","041010072002","—Ž‡“ñ’š–Ú","38.272598","140.793572","0","3"
"04","‹{éŒ§","04101","å‘äŽsÂ—t‹æ","041010072003","—Ž‡ŽO’š–Ú","38.276059","140.780599","0","3"
"04","‹{éŒ§","04101","å‘äŽsÂ—t‹æ","041010072004","—Ž‡Žl’š–Ú","38.274735","140.785295","0","3"
"04","‹{éŒ§","04101","å‘äŽsÂ—t‹æ","041010072005","—Ž‡ŒÜ’š–Ú","38.271562","140.787746","0","3"
"04","‹{éŒ§","04101","å‘äŽsÂ—t‹æ","041010072006","—Ž‡˜Z’š–Ú","38.270458","140.783808","0","3"
"04","‹{éŒ§","04101","å‘äŽsÂ—t‹æ","041010073001","”ª”¦ˆê’š–Ú","38.268747","140.853119","0","3"
"04","‹{éŒ§","04101","å‘äŽsÂ—t‹æ","041010073002","”ª”¦“ñ’š–Ú","38.272252","140.851829","0","3"
"04","‹{éŒ§","04101","å‘äŽsÂ—t‹æ","041010073003","”ª”¦ŽO’š–Ú","38.268425","140.847279","0","3"
"04","‹{éŒ§","04101","å‘äŽsÂ—t‹æ","041010073004","”ª”¦Žl’š–Ú","38.271830","140.847130","0","3"
"04","‹{éŒ§","04101","å‘äŽsÂ—t‹æ","041010073005","”ª”¦ŒÜ’š–Ú","38.270307","140.841778","0","3"
"04","‹{éŒ§","04101","å‘äŽsÂ—t‹æ","041010073006","”ª”¦˜Z’š–Ú","38.268830","140.833866","0","3"
"04","‹{éŒ§","04101","å‘äŽsÂ—t‹æ","041010073007","”ª”¦Žµ’š–Ú","38.267798","140.825638","0","3"
"04","‹{éŒ§","04101","å‘äŽsÂ—t‹æ","041010074000","Â—t’¬","38.282909","140.864572","0","1"
"04","‹{éŒ§","04101","å‘äŽsÂ—t‹æ","041010075001","–kŽRˆê’š–Ú","38.282724","140.859658","0","3"
"04","‹{éŒ§","04101","å‘äŽsÂ—t‹æ","041010075002","–kŽR“ñ’š–Ú","38.283205","140.855383","0","3"
"04","‹{éŒ§","04101","å‘äŽsÂ—t‹æ","041010075003","–kŽRŽO’š–Ú","38.282503","140.851423","0","3"
"04","‹{éŒ§","04101","å‘äŽsÂ—t‹æ","041010076001","”–Øˆê’š–Ú","38.275466","140.863242","0","3"
"04","‹{éŒ§","04101","å‘äŽsÂ—t‹æ","041010076002","”–Ø“ñ’š–Ú","38.273063","140.854863","0","3"
"04","‹{éŒ§","04101","å‘äŽsÂ—t‹æ","041010076003","”–ØŽO’š–Ú","38.276037","140.855533","0","3"
"04","‹{éŒ§","04101","å‘äŽsÂ—t‹æ","041010077001","¼‰Ô‰‘ˆê’š–Ú","38.267053","140.800358","0","3"
"04","‹{éŒ§","04101","å‘äŽsÂ—t‹æ","041010077002","¼‰Ô‰‘“ñ’š–Ú","38.262352","140.799884","0","3"
"04","‹{éŒ§","04101","å‘äŽsÂ—t‹æ","041010078000","“ñ“ú’¬","38.270094","140.867449","0","1"
"04","‹{éŒ§","04101","å‘äŽsÂ—t‹æ","041010079000","—§’¬","38.263029","140.864467","0","1"
"04","‹{éŒ§","04101","å‘äŽsÂ—t‹æ","041010080001","Ôâˆê’š–Ú","38.292573","140.751520","0","3"
"04","‹{éŒ§","04101","å‘äŽsÂ—t‹æ","041010080002","Ôâ“ñ’š–Ú","38.293149","140.742747","0","3"
"04","‹{éŒ§","04101","å‘äŽsÂ—t‹æ","041010080003","ÔâŽO’š–Ú","38.291691","140.745644","0","3"
"04","‹{éŒ§","04101","å‘äŽsÂ—t‹æ","041010081000","–Ø’¬","38.278277","140.861520","0","1"
"04","‹{éŒ§","04101","å‘äŽsÂ—t‹æ","041010082001","“y”óˆê’š–Ú","38.248632","140.876909","0","3"
"04","‹{éŒ§","04101","å‘äŽsÂ—t‹æ","041010083000","Žq•½’¬","38.276395","140.849481","0","1"
"04","‹{éŒ§","04101","å‘äŽsÂ—t‹æ","041010084000","ŽOð’¬","38.279991","140.852879","0","1"
"04","‹{éŒ§","04101","å‘äŽsÂ—t‹æ","041010085000","ƒjƒbƒJ","38.309684","140.650243","0","1"
"04","‹{éŒ§","04101","å‘äŽsÂ—t‹æ","041010086000","–kª•¼","38.305139","140.879772","0","1"
"04","‹{éŒ§","04101","å‘äŽsÂ—t‹æ","041010087000","¬¼“‡V’ç","38.285280","140.894172","0","1"
"04","‹{éŒ§","04101","å‘äŽsÂ—t‹æ","041010088000","Vâ’¬","38.278913","140.856256","0","1"
"04","‹{éŒ§","04101","å‘äŽsÂ—t‹æ","041010089000","‘ê“¹","38.293688","140.849805","0","1"
"04","‹{éŒ§","04101","å‘äŽsÂ—t‹æ","041010090000","L£’¬","38.268316","140.858048","0","1"
"04","‹{éŒ§","04101","å‘äŽsÂ—t‹æ","041010091000","rŠª_–¾’¬","38.287388","140.859515","0","1"
"04","‹{éŒ§","04101","å‘äŽsÂ—t‹æ","041010092001","ˆ®ƒP‹uˆê’š–Ú","38.288328","140.883157","0","3"
"04","‹{éŒ§","04101","å‘äŽsÂ—t‹æ","041010092002","ˆ®ƒP‹u“ñ’š–Ú","38.291787","140.886357","0","3"
"04","‹{éŒ§","04101","å‘äŽsÂ—t‹æ","041010092003","ˆ®ƒP‹uŽO’š–Ú","38.295570","140.886606","0","3"
"04","‹{éŒ§","04101","å‘äŽsÂ—t‹æ","041010092004","ˆ®ƒP‹uŽl’š–Ú","38.299679","140.886382","0","3"
"04","‹{éŒ§","04101","å‘äŽsÂ—t‹æ","041010093000","÷ƒP‰ªŒö‰€","38.261049","140.861426","0","1"
"04","‹{éŒ§","04101","å‘äŽsÂ—t‹æ","041010094000","¯—Ë’¬","38.272896","140.859437","0","1"
"04","‹{éŒ§","04101","å‘äŽsÂ—t‹æ","041010095000","ì“à’Ç‰ô","38.255145","140.860057","0","1"
"04","‹{éŒ§","04101","å‘äŽsÂ—t‹æ","041010096000","’ç’Ê‰J‹{’¬","38.277125","140.870427","0","1"
"04","‹{éŒ§","04101","å‘äŽsÂ—t‹æ","041010097000","‰Ô’d","38.253912","140.863312","0","1"
"04","‹{éŒ§","04101","å‘äŽsÂ—t‹æ","041010098000","ŽRŽè’¬","38.287169","140.852315","0","1"
"04","‹{éŒ§","04101","å‘äŽsÂ—t‹æ","041010099000","ì“àŒ³Žx‘q","38.262988","140.853101","0","1"
"04","‹{éŒ§","04101","å‘äŽsÂ—t‹æ","041010100000","ì“àŽO\l’¬","38.263189","140.844592","0","1"
"04","‹{éŒ§","04101","å‘äŽsÂ—t‹æ","041010101000","—ì‰®‰º","38.252388","140.866569","0","1"
"04","‹{éŒ§","04101","å‘äŽsÂ—t‹æ","041010102000","¼ŸŽR","38.300642","140.839000","0","1"
"04","‹{éŒ§","04101","å‘äŽsÂ—t‹æ","041010103000","‘äŒ´X—ÑŒö‰€","38.293983","140.879465","0","1"
"04","‹{éŒ§","04101","å‘äŽsÂ—t‹æ","041010104000","ì“à","38.256956","140.852342","0","1"
"04","‹{éŒ§","04101","å‘äŽsÂ—t‹æ","041010105000","ŒFƒPª","38.300320","140.682696","0","1"
"04","‹{éŒ§","04101","å‘äŽsÂ—t‹æ","041010106000","‹½˜Z","38.264668","140.819427","0","1"
"04","‹{éŒ§","04101","å‘äŽsÂ—t‹æ","041010107000","–Î’ë","38.248923","140.794941","0","1"
"04","‹{éŒ§","04101","å‘äŽsÂ—t‹æ","041010108000","‰ºˆ¤Žq","38.260991","140.780899","0","1"
"04","‹{éŒ§","04101","å‘äŽsÂ—t‹æ","041010109000","rŠª","38.257624","140.834028","0","1"
"04","‹{éŒ§","04101","å‘äŽsÂ—t‹æ","041010110000","Vì","38.310761","140.604742","0","1"
"04","‹{éŒ§","04101","å‘äŽsÂ—t‹æ","041010111000","ãˆ¤Žq","38.265357","140.722533","0","1"
"04","‹{éŒ§","04101","å‘äŽsÂ—t‹æ","041010112000","ì•À","38.349778","140.607472","0","1"
"04","‹{éŒ§","04101","å‘äŽsÂ—t‹æ","041010113000","ˆð‘ò","38.296405","140.777744","0","1"
"04","‹{éŒ§","04101","å‘äŽsÂ—t‹æ","041010114000","‘å‘q","38.371907","140.658771","0","1"
"04","‹{éŒ§","04102","å‘äŽs‹{é–ì‹æ","041020001000","¼‰ª’¬","38.274396","140.914852","0","1"
"04","‹{éŒ§","04102","å‘äŽs‹{é–ì‹æ","041020002000","¼‹{é–ì","38.255533","140.898074","0","1"
"04","‹{éŒ§","04102","å‘äŽs‹{é–ì‹æ","041020003001","’ßŠªˆê’š–Ú","38.263714","140.967650","0","3"
"04","‹{éŒ§","04102","å‘äŽs‹{é–ì‹æ","041020003002","’ßŠª“ñ’š–Ú","38.260171","140.965332","0","3"
"04","‹{éŒ§","04102","å‘äŽs‹{é–ì‹æ","041020004001","•Ÿ“c’¬ˆê’š–Ú","38.272835","140.959465","0","3"
"04","‹{éŒ§","04102","å‘äŽs‹{é–ì‹æ","041020004002","•Ÿ“c’¬“ñ’š–Ú","38.267972","140.961839","0","3"
"04","‹{éŒ§","04102","å‘äŽs‹{é–ì‹æ","041020004003","•Ÿ“c’¬ŽO’š–Ú","38.263081","140.962871","0","3"
"04","‹{éŒ§","04102","å‘äŽs‹{é–ì‹æ","041020004004","•Ÿ“c’¬Žl’š–Ú","38.263431","140.961049","0","3"
"04","‹{éŒ§","04102","å‘äŽs‹{é–ì‹æ","041020005001","•Ÿ“c’¬“ìˆê’š–Ú","38.258992","140.961546","0","3"
"04","‹{éŒ§","04102","å‘äŽs‹{é–ì‹æ","041020005002","•Ÿ“c’¬“ì“ñ’š–Ú","38.258348","140.964160","0","3"
"04","‹{éŒ§","04102","å‘äŽs‹{é–ì‹æ","041020006001","¬’ßˆê’š–Ú","38.284999","140.928215","0","3"
"04","‹{éŒ§","04102","å‘äŽs‹{é–ì‹æ","041020006002","¬’ß“ñ’š–Ú","38.283283","140.929658","0","3"
"04","‹{éŒ§","04102","å‘äŽs‹{é–ì‹æ","041020006003","¬’ßŽO’š–Ú","38.281486","140.926732","0","3"
"04","‹{éŒ§","04102","å‘äŽs‹{é–ì‹æ","041020007001","‰hˆê’š–Ú","38.278761","140.979049","0","3"
"04","‹{éŒ§","04102","å‘äŽs‹{é–ì‹æ","041020007002","‰h“ñ’š–Ú","38.280906","140.979011","0","3"
"04","‹{éŒ§","04102","å‘äŽs‹{é–ì‹æ","041020007003","‰hŽO’š–Ú","38.283014","140.980018","0","3"
"04","‹{éŒ§","04102","å‘äŽs‹{é–ì‹æ","041020007004","‰hŽl’š–Ú","38.281632","140.983730","0","3"
"04","‹{éŒ§","04102","å‘äŽs‹{é–ì‹æ","041020007005","‰hŒÜ’š–Ú","38.282715","140.986902","0","3"
"04","‹{éŒ§","04102","å‘äŽs‹{é–ì‹æ","041020008001","“cŽq¼ˆê’š–Ú","38.287886","140.956852","0","3"
"04","‹{éŒ§","04102","å‘äŽs‹{é–ì‹æ","041020008002","“cŽq¼“ñ’š–Ú","38.284926","140.958426","0","3"
"04","‹{éŒ§","04102","å‘äŽs‹{é–ì‹æ","041020008003","“cŽq¼ŽO’š–Ú","38.280517","140.955838","0","3"
"04","‹{éŒ§","04102","å‘äŽs‹{é–ì‹æ","041020009001","o‰Ôˆê’š–Ú","38.277414","140.984274","0","3"
"04","‹{éŒ§","04102","å‘äŽs‹{é–ì‹æ","041020009002","o‰Ô“ñ’š–Ú","38.278582","140.987161","0","3"
"04","‹{éŒ§","04102","å‘äŽs‹{é–ì‹æ","041020009003","o‰ÔŽO’š–Ú","38.279489","140.989461","0","3"
"04","‹{éŒ§","04102","å‘äŽs‹{é–ì‹æ","041020010001","Œ´’¬ˆê’š–Ú","38.264312","140.899600","0","3"
"04","‹{éŒ§","04102","å‘äŽs‹{é–ì‹æ","041020010002","Œ´’¬“ñ’š–Ú","38.266318","140.904192","0","3"
"04","‹{éŒ§","04102","å‘äŽs‹{é–ì‹æ","041020010003","Œ´’¬ŽO’š–Ú","38.267075","140.908205","0","3"
"04","‹{éŒ§","04102","å‘äŽs‹{é–ì‹æ","041020010004","Œ´’¬Žl’š–Ú","38.268642","140.904497","0","3"
"04","‹{éŒ§","04102","å‘äŽs‹{é–ì‹æ","041020010005","Œ´’¬ŒÜ’š–Ú","38.269300","140.908447","0","3"
"04","‹{éŒ§","04102","å‘äŽs‹{é–ì‹æ","041020010006","Œ´’¬˜Z’š–Ú","38.270350","140.911398","0","3"
"04","‹{éŒ§","04102","å‘äŽs‹{é–ì‹æ","041020011001","Š—¶ˆê’š–Ú","38.261867","140.995390","0","3"
"04","‹{éŒ§","04102","å‘äŽs‹{é–ì‹æ","041020011002","Š—¶“ñ’š–Ú","38.261607","141.004683","0","3"
"04","‹{éŒ§","04102","å‘äŽs‹{é–ì‹æ","041020011003","Š—¶ŽO’š–Ú","38.259755","141.004885","1","3"
"04","‹{éŒ§","04102","å‘äŽs‹{é–ì‹æ","041020011004","Š—¶Žl’š–Ú","38.257616","141.008893","1","3"
"04","‹{éŒ§","04102","å‘äŽs‹{é–ì‹æ","041020011005","Š—¶ŒÜ’š–Ú","38.259302","140.996820","1","3"
"04","‹{éŒ§","04102","å‘äŽs‹{é–ì‹æ","041020012001","´…Àˆê’š–Ú","38.265391","140.897767","0","3"
"04","‹{éŒ§","04102","å‘äŽs‹{é–ì‹æ","041020012002","´…À“ñ’š–Ú","38.267599","140.898712","0","3"
"04","‹{éŒ§","04102","å‘äŽs‹{é–ì‹æ","041020012003","´…ÀŽO’š–Ú","38.267427","140.901812","0","3"
"04","‹{éŒ§","04102","å‘äŽs‹{é–ì‹æ","041020013001","‹{ç‘ãˆê’š–Ú","38.254645","140.909246","0","3"
"04","‹{éŒ§","04102","å‘äŽs‹{é–ì‹æ","041020013002","‹{ç‘ã“ñ’š–Ú","38.253196","140.913337","0","3"
"04","‹{éŒ§","04102","å‘äŽs‹{é–ì‹æ","041020013003","‹{ç‘ãŽO’š–Ú","38.253635","140.916816","0","3"
"04","‹{éŒ§","04102","å‘äŽs‹{é–ì‹æ","041020014001","V“c“Œˆê’š–Ú","38.278696","140.932959","0","3"
"04","‹{éŒ§","04102","å‘äŽs‹{é–ì‹æ","041020014002","V“c“Œ“ñ’š–Ú","38.275033","140.932991","0","3"
"04","‹{éŒ§","04102","å‘äŽs‹{é–ì‹æ","041020014003","V“c“ŒŽO’š–Ú","38.274472","140.936911","0","3"
"04","‹{éŒ§","04102","å‘äŽs‹{é–ì‹æ","041020014004","V“c“ŒŽl’š–Ú","38.279695","140.936517","0","3"
"04","‹{éŒ§","04102","å‘äŽs‹{é–ì‹æ","041020014005","V“c“ŒŒÜ’š–Ú","38.280499","140.933538","0","3"
"04","‹{éŒ§","04102","å‘äŽs‹{é–ì‹æ","041020015001","”‹–ì’¬ˆê’š–Ú","38.258970","140.911588","0","3"
"04","‹{éŒ§","04102","å‘äŽs‹{é–ì‹æ","041020015002","”‹–ì’¬“ñ’š–Ú","38.256237","140.913615","0","3"
"04","‹{éŒ§","04102","å‘äŽs‹{é–ì‹æ","041020015003","”‹–ì’¬ŽO’š–Ú","38.257056","140.917969","0","3"
"04","‹{éŒ§","04102","å‘äŽs‹{é–ì‹æ","041020015004","”‹–ì’¬Žl’š–Ú","38.259367","140.914274","0","3"
"04","‹{éŒ§","04102","å‘äŽs‹{é–ì‹æ","041020016001","‰‘ò“Œˆê’š–Ú","38.286785","140.933883","0","3"
"04","‹{éŒ§","04102","å‘äŽs‹{é–ì‹æ","041020016002","‰‘ò“Œ“ñ’š–Ú","38.287723","140.932880","0","3"
"04","‹{éŒ§","04102","å‘äŽs‹{é–ì‹æ","041020016003","‰‘ò“ŒŽO’š–Ú","38.289353","140.931439","0","3"
"04","‹{éŒ§","04102","å‘äŽs‹{é–ì‹æ","041020017001","’ßƒP’J“Œˆê’š–Ú","38.288887","140.925945","0","3"
"04","‹{éŒ§","04102","å‘äŽs‹{é–ì‹æ","041020017002","’ßƒP’J“Œ“ñ’š–Ú","38.291575","140.928975","0","3"
"04","‹{éŒ§","04102","å‘äŽs‹{é–ì‹æ","041020017003","’ßƒP’J“ŒŽO’š–Ú","38.294038","140.928243","0","3"
"04","‹{éŒ§","04102","å‘äŽs‹{é–ì‹æ","041020017004","’ßƒP’J“ŒŽl’š–Ú","38.294984","140.923706","0","3"
"04","‹{éŒ§","04102","å‘äŽs‹{é–ì‹æ","041020018001","ŠâØ•ª‘äˆê’š–Ú","38.304999","140.957229","0","3"
"04","‹{éŒ§","04102","å‘äŽs‹{é–ì‹æ","041020018002","ŠâØ•ª‘ä“ñ’š–Ú","38.307517","140.959595","0","3"
"04","‹{éŒ§","04102","å‘äŽs‹{é–ì‹æ","041020018003","ŠâØ•ª‘äŽO’š–Ú","38.307807","140.956651","0","3"
"04","‹{éŒ§","04102","å‘äŽs‹{é–ì‹æ","041020019001","’ßƒP’J–kˆê’š–Ú","38.296863","140.913304","0","3"
"04","‹{éŒ§","04102","å‘äŽs‹{é–ì‹æ","041020019002","’ßƒP’J–k“ñ’š–Ú","38.298295","140.916695","0","3"
"04","‹{éŒ§","04102","å‘äŽs‹{é–ì‹æ","041020020001","¬“cŒ´ˆê’š–Ú","38.266305","140.890459","0","3"
"04","‹{éŒ§","04102","å‘äŽs‹{é–ì‹æ","041020020002","¬“cŒ´“ñ’š–Ú","38.265031","140.894207","0","3"
"04","‹{éŒ§","04102","å‘äŽs‹{é–ì‹æ","041020020003","¬“cŒ´ŽO’š–Ú","38.268149","140.895226","0","3"
"04","‹{éŒ§","04102","å‘äŽs‹{é–ì‹æ","041020021001","K’¬ˆê’š–Ú","38.277691","140.895312","0","3"
"04","‹{éŒ§","04102","å‘äŽs‹{é–ì‹æ","041020021002","K’¬“ñ’š–Ú","38.275411","140.896035","0","3"
"04","‹{éŒ§","04102","å‘äŽs‹{é–ì‹æ","041020021003","K’¬ŽO’š–Ú","38.276482","140.901715","0","3"
"04","‹{éŒ§","04102","å‘äŽs‹{é–ì‹æ","041020021004","K’¬Žl’š–Ú","38.276549","140.906081","0","3"
"04","‹{éŒ§","04102","å‘äŽs‹{é–ì‹æ","041020021005","K’¬ŒÜ’š–Ú","38.273905","140.903376","0","3"
"04","‹{éŒ§","04102","å‘äŽs‹{é–ì‹æ","041020022001","‹ê’|ˆê’š–Ú","38.268492","140.916469","0","3"
"04","‹{éŒ§","04102","å‘äŽs‹{é–ì‹æ","041020022002","‹ê’|“ñ’š–Ú","38.270441","140.925349","0","3"
"04","‹{éŒ§","04102","å‘äŽs‹{é–ì‹æ","041020022003","‹ê’|ŽO’š–Ú","38.267299","140.927721","0","3"
"04","‹{éŒ§","04102","å‘äŽs‹{é–ì‹æ","041020022004","‹ê’|Žl’š–Ú","38.263102","140.927710","0","3"
"04","‹{éŒ§","04102","å‘äŽs‹{é–ì‹æ","041020023000","“Œ‹{é–ì","38.260008","140.917992","0","1"
"04","‹{éŒ§","04102","å‘äŽs‹{é–ì‹æ","041020024001","“Œå‘äˆê’š–Ú","38.278942","140.921254","0","3"
"04","‹{éŒ§","04102","å‘äŽs‹{é–ì‹æ","041020024002","“Œå‘ä“ñ’š–Ú","38.276591","140.917338","0","3"
"04","‹{éŒ§","04102","å‘äŽs‹{é–ì‹æ","041020024003","“Œå‘äŽO’š–Ú","38.272720","140.910754","0","3"
"04","‹{éŒ§","04102","å‘äŽs‹{é–ì‹æ","041020024004","“Œå‘äŽl’š–Ú","38.275861","140.909893","0","3"
"04","‹{éŒ§","04102","å‘äŽs‹{é–ì‹æ","041020024005","“Œå‘äŒÜ’š–Ú","38.276262","140.913643","0","3"
"04","‹{éŒ§","04102","å‘äŽs‹{é–ì‹æ","041020024006","“Œå‘ä˜Z’š–Ú","38.280190","140.912788","0","3"
"04","‹{éŒ§","04102","å‘äŽs‹{é–ì‹æ","041020024007","“Œå‘äŽµ’š–Ú","38.281654","140.914496","0","3"
"04","‹{éŒ§","04102","å‘äŽs‹{é–ì‹æ","041020025001","•ŸŽºˆê’š–Ú","38.269912","140.964806","0","3"
"04","‹{éŒ§","04102","å‘äŽs‹{é–ì‹æ","041020025002","•ŸŽº“ñ’š–Ú","38.273105","140.967496","0","3"
"04","‹{éŒ§","04102","å‘äŽs‹{é–ì‹æ","041020025003","•ŸŽºŽO’š–Ú","38.277237","140.968740","0","3"
"04","‹{éŒ§","04102","å‘äŽs‹{é–ì‹æ","041020025004","•ŸŽºŽl’š–Ú","38.276621","140.973793","0","3"
"04","‹{éŒ§","04102","å‘äŽs‹{é–ì‹æ","041020025005","•ŸŽºŒÜ’š–Ú","38.280267","140.972420","0","3"
"04","‹{éŒ§","04102","å‘äŽs‹{é–ì‹æ","041020025006","•ŸŽº˜Z’š–Ú","38.283069","140.969436","0","3"
"04","‹{éŒ§","04102","å‘äŽs‹{é–ì‹æ","041020025007","•ŸŽºŽµ’š–Ú","38.283233","140.972942","0","3"
"04","‹{éŒ§","04102","å‘äŽs‹{é–ì‹æ","041020026001","ŠâØˆê’š–Ú","38.292783","140.936555","0","3"
"04","‹{éŒ§","04102","å‘äŽs‹{é–ì‹æ","041020026002","ŠâØ“ñ’š–Ú","38.294275","140.934478","0","3"
"04","‹{éŒ§","04102","å‘äŽs‹{é–ì‹æ","041020026003","ŠâØŽO’š–Ú","38.295751","140.931929","0","3"
"04","‹{éŒ§","04102","å‘äŽs‹{é–ì‹æ","041020027001","’ßƒP’Jˆê’š–Ú","38.287411","140.907048","0","3"
"04","‹{éŒ§","04102","å‘äŽs‹{é–ì‹æ","041020027002","’ßƒP’J“ñ’š–Ú","38.288671","140.913271","0","3"
"04","‹{éŒ§","04102","å‘äŽs‹{é–ì‹æ","041020027003","’ßƒP’JŽO’š–Ú","38.289764","140.909232","0","3"
"04","‹{éŒ§","04102","å‘äŽs‹{é–ì‹æ","041020027004","’ßƒP’JŽl’š–Ú","38.292787","140.908440","0","3"
"04","‹{éŒ§","04102","å‘äŽs‹{é–ì‹æ","041020027005","’ßƒP’JŒÜ’š–Ú","38.293266","140.914350","0","3"
"04","‹{éŒ§","04102","å‘äŽs‹{é–ì‹æ","041020027006","’ßƒP’J˜Z’š–Ú","38.292286","140.921331","0","3"
"04","‹{éŒ§","04102","å‘äŽs‹{é–ì‹æ","041020027007","’ßƒP’JŽµ’š–Ú","38.287645","140.920105","0","3"
"04","‹{éŒ§","04102","å‘äŽs‹{é–ì‹æ","041020027008","’ßƒP’J”ª’š–Ú","38.287957","140.916889","0","3"
"04","‹{éŒ§","04102","å‘äŽs‹{é–ì‹æ","041020028001","å‘ä`–kˆê’š–Ú","38.280715","140.995833","0","3"
"04","‹{éŒ§","04102","å‘äŽs‹{é–ì‹æ","041020028002","å‘ä`–k“ñ’š–Ú","38.279276","141.000632","0","3"
"04","‹{éŒ§","04102","å‘äŽs‹{é–ì‹æ","041020029001","V“cˆê’š–Ú","38.273841","140.920334","0","3"
"04","‹{éŒ§","04102","å‘äŽs‹{é–ì‹æ","041020029002","V“c“ñ’š–Ú","38.276031","140.923127","0","3"
"04","‹{éŒ§","04102","å‘äŽs‹{é–ì‹æ","041020029003","V“cŽO’š–Ú","38.279128","140.927747","0","3"
"04","‹{éŒ§","04102","å‘äŽs‹{é–ì‹æ","041020029004","V“cŽl’š–Ú","38.274659","140.927626","0","3"
"04","‹{éŒ§","04102","å‘äŽs‹{é–ì‹æ","041020029005","V“cŒÜ’š–Ú","38.271624","140.924802","0","3"
"04","‹{éŒ§","04102","å‘äŽs‹{é–ì‹æ","041020030001","•½¬ˆê’š–Ú","38.270563","140.914425","0","3"
"04","‹{éŒ§","04102","å‘äŽs‹{é–ì‹æ","041020030002","•½¬“ñ’š–Ú","38.272053","140.916864","0","3"
"04","‹{éŒ§","04102","å‘äŽs‹{é–ì‹æ","041020031000","‰ª“c¼’¬","38.254624","140.959617","0","1"
"04","‹{éŒ§","04102","å‘äŽs‹{é–ì‹æ","041020032000","Ž©—RƒP‹u","38.290610","140.901654","0","1"
"04","‹{éŒ§","04102","å‘äŽs‹{é–ì‹æ","041020033001","‰‘òˆê’š–Ú","38.281227","140.920485","0","3"
"04","‹{éŒ§","04102","å‘äŽs‹{é–ì‹æ","041020033002","‰‘ò“ñ’š–Ú","38.283709","140.918198","0","3"
"04","‹{éŒ§","04102","å‘äŽs‹{é–ì‹æ","041020033003","‰‘òŽO’š–Ú","38.285883","140.923001","0","3"
"04","‹{éŒ§","04102","å‘äŽs‹{é–ì‹æ","041020034001","ŒÜ—Öˆê’š–Ú","38.261553","140.899193","0","3"
"04","‹{éŒ§","04102","å‘äŽs‹{é–ì‹æ","041020034002","ŒÜ—Ö“ñ’š–Ú","38.264857","140.905964","0","3"
"04","‹{éŒ§","04102","å‘äŽs‹{é–ì‹æ","041020035000","že]","38.280597","140.905442","0","1"
"04","‹{éŒ§","04102","å‘äŽs‹{é–ì‹æ","041020036001","’†–ìˆê’š–Ú","38.272797","140.977110","0","3"
"04","‹{éŒ§","04102","å‘äŽs‹{é–ì‹æ","041020036002","’†–ì“ñ’š–Ú","38.274795","140.981503","0","3"
"04","‹{éŒ§","04102","å‘äŽs‹{é–ì‹æ","041020036003","’†–ìŽO’š–Ú","38.272797","140.987890","0","3"
"04","‹{éŒ§","04102","å‘äŽs‹{é–ì‹æ","041020036004","’†–ìŽl’š–Ú","38.269387","140.981064","0","3"
"04","‹{éŒ§","04102","å‘äŽs‹{é–ì‹æ","041020036005","’†–ìŒÜ’š–Ú","38.266509","140.987789","0","3"
"04","‹{éŒ§","04102","å‘äŽs‹{é–ì‹æ","041020037000","“ñ‚ÌX","38.279671","140.900290","0","1"
"04","‹{éŒ§","04102","å‘äŽs‹{é–ì‹æ","041020038000","•ŸZ’¬","38.273262","140.953743","0","1"
"04","‹{éŒ§","04102","å‘äŽs‹{é–ì‹æ","041020039001","‚»ˆê’š–Ú","38.270858","140.971362","0","3"
"04","‹{éŒ§","04102","å‘äŽs‹{é–ì‹æ","041020039002","‚»“ñ’š–Ú","38.267997","140.970369","0","3"
"04","‹{éŒ§","04102","å‘äŽs‹{é–ì‹æ","041020040001","î’¬ˆê’š–Ú","38.270604","140.947234","0","3"
"04","‹{éŒ§","04102","å‘äŽs‹{é–ì‹æ","041020040002","î’¬“ñ’š–Ú","38.267529","140.942837","0","3"
"04","‹{éŒ§","04102","å‘äŽs‹{é–ì‹æ","041020040003","î’¬ŽO’š–Ú","38.262841","140.942510","0","3"
"04","‹{éŒ§","04102","å‘äŽs‹{é–ì‹æ","041020040004","î’¬Žl’š–Ú","38.262650","140.950197","0","3"
"04","‹{éŒ§","04102","å‘äŽs‹{é–ì‹æ","041020040005","î’¬ŒÜ’š–Ú","38.268044","140.950543","0","3"
"04","‹{éŒ§","04102","å‘äŽs‹{é–ì‹æ","041020040006","î’¬˜Z’š–Ú","38.268324","140.956091","0","3"
"04","‹{éŒ§","04102","å‘äŽs‹{é–ì‹æ","041020040007","î’¬Žµ’š–Ú","38.262261","140.956847","0","3"
"04","‹{éŒ§","04102","å‘äŽs‹{é–ì‹æ","041020041001","ˆÀ—{Ž›ˆê’š–Ú","38.288762","140.896400","0","3"
"04","‹{éŒ§","04102","å‘äŽs‹{é–ì‹æ","041020041002","ˆÀ—{Ž›“ñ’š–Ú","38.286275","140.902996","0","3"
"04","‹{éŒ§","04102","å‘äŽs‹{é–ì‹æ","041020041003","ˆÀ—{Ž›ŽO’š–Ú","38.283091","140.908184","0","3"
"04","‹{éŒ§","04102","å‘äŽs‹{é–ì‹æ","041020042000","åÎ","38.273123","140.944765","0","1"
"04","‹{éŒ§","04102","å‘äŽs‹{é–ì‹æ","041020043001","”’’¹ˆê’š–Ú","38.264474","140.977973","0","3"
"04","‹{éŒ§","04102","å‘äŽs‹{é–ì‹æ","041020043002","”’’¹“ñ’š–Ú","38.262261","140.986348","0","3"
"04","‹{éŒ§","04102","å‘äŽs‹{é–ì‹æ","041020044001","‹{é–ìˆê’š–Ú","38.257611","140.898622","0","3"
"04","‹{éŒ§","04102","å‘äŽs‹{é–ì‹æ","041020044002","‹{é–ì“ñ’š–Ú","38.258395","140.904552","0","3"
"04","‹{éŒ§","04102","å‘äŽs‹{é–ì‹æ","041020044003","‹{é–ìŽO’š–Ú","38.257619","140.907462","0","3"
"04","‹{éŒ§","04102","å‘äŽs‹{é–ì‹æ","041020045000","‰‘ò","38.284775","140.935519","0","1"
"04","‹{éŒ§","04102","å‘äŽs‹{é–ì‹æ","041020046000","‹âˆÇ’¬","38.263998","140.910328","0","1"
"04","‹{éŒ§","04102","å‘äŽs‹{é–ì‹æ","041020047001","“ú‚Ìo’¬ˆê’š–Ú","38.270593","140.934671","0","3"
"04","‹{éŒ§","04102","å‘äŽs‹{é–ì‹æ","041020047002","“ú‚Ìo’¬“ñ’š–Ú","38.267548","140.934454","0","3"
"04","‹{éŒ§","04102","å‘äŽs‹{é–ì‹æ","041020047003","“ú‚Ìo’¬ŽO’š–Ú","38.263520","140.934283","0","3"
"04","‹{éŒ§","04102","å‘äŽs‹{é–ì‹æ","041020048000","ŠI‘ò","38.283597","140.900266","0","1"
"04","‹{éŒ§","04102","å‘äŽs‹{é–ì‹æ","041020049001","“cŽqˆê’š–Ú","38.277503","140.962803","0","3"
"04","‹{éŒ§","04102","å‘äŽs‹{é–ì‹æ","041020049002","“cŽq“ñ’š–Ú","38.280497","140.959731","0","3"
"04","‹{éŒ§","04102","å‘äŽs‹{é–ì‹æ","041020049003","“cŽqŽO’š–Ú","38.283185","140.964281","0","3"
"04","‹{éŒ§","04102","å‘äŽs‹{é–ì‹æ","041020050000","‘åŠ","38.271403","140.903265","0","1"
"04","‹{éŒ§","04102","å‘äŽs‹{é–ì‹æ","041020051000","’†–ì","38.282292","140.991304","0","1"
"04","‹{éŒ§","04102","å‘äŽs‹{é–ì‹æ","041020052000","•ŸŽº","38.259531","140.969254","0","1"
"04","‹{éŒ§","04102","å‘äŽs‹{é–ì‹æ","041020053001","`ˆê’š–Ú","38.265322","141.010436","0","3"
"04","‹{éŒ§","04102","å‘äŽs‹{é–ì‹æ","041020053002","`“ñ’š–Ú","38.268336","140.996110","0","3"
"04","‹{éŒ§","04102","å‘äŽs‹{é–ì‹æ","041020053003","`ŽO’š–Ú","38.274884","141.001025","0","3"
"04","‹{éŒ§","04102","å‘äŽs‹{é–ì‹æ","041020053004","`Žl’š–Ú","38.277178","141.020021","0","3"
"04","‹{éŒ§","04102","å‘äŽs‹{é–ì‹æ","041020053005","`ŒÜ’š–Ú","38.277315","141.036443","0","3"
"04","‹{éŒ§","04102","å‘äŽs‹{é–ì‹æ","041020054000","“ì–ÚŠÙ","38.265361","140.919395","0","1"
"04","‹{éŒ§","04102","å‘äŽs‹{é–ì‹æ","041020055000","¬’ß","38.277430","140.944447","0","1"
"04","‹{éŒ§","04102","å‘äŽs‹{é–ì‹æ","041020056000","’ßƒP’J","38.299424","140.926585","0","1"
"04","‹{éŒ§","04102","å‘äŽs‹{é–ì‹æ","041020057000","Š—¶","38.250699","140.998713","0","1"
"04","‹{éŒ§","04102","å‘äŽs‹{é–ì‹æ","041020058000","‰ª“c","38.244497","140.980847","0","1"
"04","‹{éŒ§","04102","å‘äŽs‹{é–ì‹æ","041020059000","“S–C’¬“Œ","38.263500","140.893998","0","1"
"04","‹{éŒ§","04102","å‘äŽs‹{é–ì‹æ","041020060000","“ñ\l’¬’Ê","38.262613","140.896686","0","1"
"04","‹{éŒ§","04102","å‘äŽs‹{é–ì‹æ","041020061000","Œ´’¬“ì–Ú","38.262921","140.897324","0","1"
"04","‹{éŒ§","04102","å‘äŽs‹{é–ì‹æ","041020062000","“S–C’¬’†","38.263728","140.890056","0","1"
"04","‹{éŒ§","04102","å‘äŽs‹{é–ì‹æ","041020063000","¬“cŒ´‹|ƒm’¬","38.264286","140.891887","0","1"
"04","‹{éŒ§","04102","å‘äŽs‹{é–ì‹æ","041020064000","žÖƒP‰ª","38.261347","140.891949","0","1"
"04","‹{éŒ§","04102","å‘äŽs‹{é–ì‹æ","041020065001","žÖ‰ªˆê’š–Ú","38.259017","140.884867","0","3"
"04","‹{éŒ§","04102","å‘äŽs‹{é–ì‹æ","041020065002","žÖ‰ª“ñ’š–Ú","38.261058","140.885096","0","3"
"04","‹{éŒ§","04102","å‘äŽs‹{é–ì‹æ","041020065003","žÖ‰ªŽO’š–Ú","38.260503","140.889114","0","3"
"04","‹{éŒ§","04102","å‘äŽs‹{é–ì‹æ","041020065004","žÖ‰ªŽl’š–Ú","38.258367","140.888702","0","3"
"04","‹{éŒ§","04102","å‘äŽs‹{é–ì‹æ","041020065005","žÖ‰ªŒÜ’š–Ú","38.258314","140.893167","0","3"
"04","‹{éŒ§","04102","å‘äŽs‹{é–ì‹æ","041020066000","¬“cŒ´ŽR–{’š","38.264767","140.886780","0","1"
"04","‹{éŒ§","04102","å‘äŽs‹{é–ì‹æ","041020067000","“ñ\l’¬","38.262355","140.890931","0","1"
"04","‹{éŒ§","04102","å‘äŽs‹{é–ì‹æ","041020068000","“S–C’¬¼","38.263819","140.886216","0","1"
"04","‹{éŒ§","04102","å‘äŽs‹{é–ì‹æ","041020069000","ŽÔ’¬","38.264673","140.884809","0","1"
"04","‹{éŒ§","04102","å‘äŽs‹{é–ì‹æ","041020070000","–¼Š|’š","38.262533","140.885582","0","1"
"04","‹{éŒ§","04102","å‘äŽs‹{é–ì‹æ","041020071000","“S–C’¬","38.262782","140.896052","0","1"
"04","‹{éŒ§","04102","å‘äŽs‹{é–ì‹æ","041020072000","“Œ˜Z”Ô’š","38.263334","140.883089","0","1"
"04","‹{éŒ§","04102","å‘äŽs‹{é–ì‹æ","041020073000","Œ³Ž›¬˜H","38.263960","140.885449","0","1"
"04","‹{éŒ§","04102","å‘äŽs‹{é–ì‹æ","041020074000","“cŽq","38.281142","140.952711","0","1"
"04","‹{éŒ§","04102","å‘äŽs‹{é–ì‹æ","041020075000","ŠâØ","38.311662","140.936961","0","1"
"04","‹{éŒ§","04103","å‘äŽsŽá—Ñ‹æ","041030001000","¼V’š","38.247690","140.899379","0","1"
"04","‹{éŒ§","04103","å‘äŽsŽá—Ñ‹æ","041030002000","“ŒV’š","38.247741","140.902081","0","1"
"04","‹{éŒ§","04103","å‘äŽsŽá—Ñ‹æ","041030003000","“ìÎØ’¬","38.242269","140.890104","0","1"
"04","‹{éŒ§","04103","å‘äŽsŽá—Ñ‹æ","041030004000","”ªŒ¬¬˜H","38.242619","140.891491","0","1"
"04","‹{éŒ§","04103","å‘äŽsŽá—Ñ‹æ","041030005001","“y”óˆê’š–Ú","38.246992","140.880740","0","3"
"04","‹{éŒ§","04103","å‘äŽsŽá—Ñ‹æ","041030006000","’’¬","38.245218","140.889143","0","1"
"04","‹{éŒ§","04103","å‘äŽsŽá—Ñ‹æ","041030007000","“Œ‹ã”Ô’š","38.250481","140.886288","0","1"
"04","‹{éŒ§","04103","å‘äŽsŽá—Ñ‹æ","041030008000","V‹|ƒm’¬","38.241105","140.891019","0","1"
"04","‹{éŒ§","04103","å‘äŽsŽá—Ñ‹æ","041030009000","ÎŠ_’¬","38.247150","140.885592","0","1"
"04","‹{éŒ§","04103","å‘äŽsŽá—Ñ‹æ","041030010000","— ŽÄ“c’¬","38.249623","140.894993","0","1"
"04","‹{éŒ§","04103","å‘äŽsŽá—Ñ‹æ","041030011000","“Œ”ª”Ô’š","38.250622","140.884226","0","1"
"04","‹{éŒ§","04103","å‘äŽsŽá—Ñ‹æ","041030012000","´…¬˜H","38.251285","140.881828","0","1"
"04","‹{éŒ§","04103","å‘äŽsŽá—Ñ‹æ","041030013000","ž–Ø’Ê","38.248072","140.898188","0","1"
"04","‹{éŒ§","04103","å‘äŽsŽá—Ñ‹æ","041030014000","ô‰®’š","38.244893","140.891253","0","1"
"04","‹{éŒ§","04103","å‘äŽsŽá—Ñ‹æ","041030015000","“ŒŽµ”Ô’š","38.251101","140.883205","0","1"
"04","‹{éŒ§","04103","å‘äŽsŽá—Ñ‹æ","041030016000","‹|ƒm’¬","38.246782","140.887424","0","1"
"04","‹{éŒ§","04103","å‘äŽsŽá—Ñ‹æ","041030017000","•\ŽÄ“c’¬","38.248403","140.894913","0","1"
"04","‹{éŒ§","04103","å‘äŽsŽá—Ñ‹æ","041030018000","M’š","38.242883","140.887540","0","1"
"04","‹{éŒ§","04103","å‘äŽsŽá—Ñ‹æ","041030019001","–Øƒm‰ºˆê’š–Ú","38.251694","140.898031","0","3"
"04","‹{éŒ§","04103","å‘äŽsŽá—Ñ‹æ","041030019002","–Øƒm‰º“ñ’š–Ú","38.251648","140.901085","0","3"
"04","‹{éŒ§","04103","å‘äŽsŽá—Ñ‹æ","041030019003","–Øƒm‰ºŽO’š–Ú","38.251591","140.904214","0","3"
"04","‹{éŒ§","04103","å‘äŽsŽá—Ñ‹æ","041030019004","–Øƒm‰ºŽl’š–Ú","38.249132","140.899778","0","3"
"04","‹{éŒ§","04103","å‘äŽsŽá—Ñ‹æ","041030019005","–Øƒm‰ºŒÜ’š–Ú","38.248464","140.904156","0","3"
"04","‹{éŒ§","04103","å‘äŽsŽá—Ñ‹æ","041030020000","˜Z\l’¬","38.244324","140.896114","0","1"
"04","‹{éŒ§","04103","å‘äŽsŽá—Ñ‹æ","041030021001","‰«–ìˆê’š–Ú","38.232770","140.912068","0","3"
"04","‹{éŒ§","04103","å‘äŽsŽá—Ñ‹æ","041030021002","‰«–ì“ñ’š–Ú","38.230617","140.912183","0","3"
"04","‹{éŒ§","04103","å‘äŽsŽá—Ñ‹æ","041030021003","‰«–ìŽO’š–Ú","38.226559","140.912170","0","3"
"04","‹{éŒ§","04103","å‘äŽsŽá—Ñ‹æ","041030021004","‰«–ìŽl’š–Ú","38.223316","140.908908","0","3"
"04","‹{éŒ§","04103","å‘äŽsŽá—Ñ‹æ","041030021005","‰«–ìŒÜ’š–Ú","38.223283","140.911581","0","3"
"04","‹{éŒ§","04103","å‘äŽsŽá—Ñ‹æ","041030021006","‰«–ì˜Z’š–Ú","38.223579","140.917629","0","3"
"04","‹{éŒ§","04103","å‘äŽsŽá—Ñ‹æ","041030021007","‰«–ìŽµ’š–Ú","38.227477","140.919582","0","3"
"04","‹{éŒ§","04103","å‘äŽsŽá—Ñ‹æ","041030022000","“ìÞ–Ø’¬","38.242435","140.888782","0","1"
"04","‹{éŒ§","04103","å‘äŽsŽá—Ñ‹æ","041030023000","“ìõŽt’¬","38.243780","140.891559","0","1"
"04","‹{éŒ§","04103","å‘äŽsŽá—Ñ‹æ","041030024003","ŒÜ‹´ŽO’š–Ú","38.253585","140.882961","0","3"
"04","‹{éŒ§","04103","å‘äŽsŽá—Ñ‹æ","041030025001","VŽ›ˆê’š–Ú","38.255267","140.884090","0","3"
"04","‹{éŒ§","04103","å‘äŽsŽá—Ñ‹æ","041030025002","VŽ›“ñ’š–Ú","38.256513","140.888348","0","3"
"04","‹{éŒ§","04103","å‘äŽsŽá—Ñ‹æ","041030025003","VŽ›ŽO’š–Ú","38.254903","140.888010","0","3"
"04","‹{éŒ§","04103","å‘äŽsŽá—Ñ‹æ","041030025004","VŽ›Žl’š–Ú","38.254423","140.892777","0","3"
"04","‹{éŒ§","04103","å‘äŽsŽá—Ñ‹æ","041030025005","VŽ›ŒÜ’š–Ú","38.255900","140.893902","0","3"
"04","‹{éŒ§","04103","å‘äŽsŽá—Ñ‹æ","041030026000","Œ³’ƒ”¨","38.249862","140.892212","0","1"
"04","‹{éŒ§","04103","å‘äŽsŽá—Ñ‹æ","041030027000","ŒÜ\l’¬","38.245585","140.894165","0","1"
"04","‹{éŒ§","04103","å‘äŽsŽá—Ñ‹æ","041030028000","ŽO•Sl’¬","38.246561","140.894423","0","1"
"04","‹{éŒ§","04103","å‘äŽsŽá—Ñ‹æ","041030029001","ŒÃéˆê’š–Ú","38.237911","140.896496","0","3"
"04","‹{éŒ§","04103","å‘äŽsŽá—Ñ‹æ","041030029002","ŒÃé“ñ’š–Ú","38.236950","140.900482","0","3"
"04","‹{éŒ§","04103","å‘äŽsŽá—Ñ‹æ","041030029003","ŒÃéŽO’š–Ú","38.234267","140.906988","0","3"
"04","‹{éŒ§","04103","å‘äŽsŽá—Ñ‹æ","041030030000","“ì’b–è’¬","38.248063","140.888553","0","1"
"04","‹{éŒ§","04103","å‘äŽsŽá—Ñ‹æ","041030031000","“ñŒ¬’ƒ‰®","38.253388","140.895960","0","1"
"04","‹{éŒ§","04103","å‘äŽsŽá—Ñ‹æ","041030032000","¬“c’¬","38.247697","140.893823","0","1"
"04","‹{éŒ§","04103","å‘äŽsŽá—Ñ‹æ","041030033000","Î–¼â","38.244608","140.886905","0","1"
"04","‹{éŒ§","04103","å‘äŽsŽá—Ñ‹æ","041030034001","Žá—Ñˆê’š–Ú","38.234606","140.895197","0","3"
"04","‹{éŒ§","04103","å‘äŽsŽá—Ñ‹æ","041030034002","Žá—Ñ“ñ’š–Ú","38.231972","140.896311","0","3"
"04","‹{éŒ§","04103","å‘äŽsŽá—Ñ‹æ","041030034003","Žá—ÑŽO’š–Ú","38.233140","140.900651","0","3"
"04","‹{éŒ§","04103","å‘äŽsŽá—Ñ‹æ","041030034004","Žá—ÑŽl’š–Ú","38.229311","140.900785","0","3"
"04","‹{éŒ§","04103","å‘äŽsŽá—Ñ‹æ","041030034005","Žá—ÑŒÜ’š–Ú","38.230755","140.904277","0","3"
"04","‹{éŒ§","04103","å‘äŽsŽá—Ñ‹æ","041030034006","Žá—Ñ˜Z’š–Ú","38.228292","140.906255","0","3"
"04","‹{éŒ§","04103","å‘äŽsŽá—Ñ‹æ","041030034007","Žá—ÑŽµ’š–Ú","38.225434","140.904766","0","3"
"04","‹{éŒ§","04103","å‘äŽsŽá—Ñ‹æ","041030035000","˜A–V¬˜H","38.251111","140.889197","0","1"
"04","‹{éŒ§","04103","å‘äŽsŽá—Ñ‹æ","041030036001","‘å˜a’¬ˆê’š–Ú","38.247846","140.906958","0","3"
"04","‹{éŒ§","04103","å‘äŽsŽá—Ñ‹æ","041030036002","‘å˜a’¬“ñ’š–Ú","38.247517","140.913072","0","3"
"04","‹{éŒ§","04103","å‘äŽsŽá—Ñ‹æ","041030036003","‘å˜a’¬ŽO’š–Ú","38.247333","140.918289","0","3"
"04","‹{éŒ§","04103","å‘äŽsŽá—Ñ‹æ","041030036004","‘å˜a’¬Žl’š–Ú","38.250273","140.917418","0","3"
"04","‹{éŒ§","04103","å‘äŽsŽá—Ñ‹æ","041030036005","‘å˜a’¬ŒÜ’š–Ú","38.248883","140.923404","0","3"
"04","‹{éŒ§","04103","å‘äŽsŽá—Ñ‹æ","041030037001","˜A–Vˆê’š–Ú","38.252891","140.887665","0","3"
"04","‹{éŒ§","04103","å‘äŽsŽá—Ñ‹æ","041030037002","˜A–V“ñ’š–Ú","38.252443","140.891878","0","3"
"04","‹{éŒ§","04103","å‘äŽsŽá—Ñ‹æ","041030038001","r•lVˆê’š–Ú","38.220341","140.978182","0","3"
"04","‹{éŒ§","04103","å‘äŽsŽá—Ñ‹æ","041030038002","r•lV“ñ’š–Ú","38.216258","140.974996","0","3"
"04","‹{éŒ§","04103","å‘äŽsŽá—Ñ‹æ","041030039000","Žu”g’¬","38.250439","140.912390","0","1"
"04","‹{éŒ§","04103","å‘äŽsŽá—Ñ‹æ","041030040001","“ì¬òˆê’š–Ú","38.242290","140.901068","0","3"
"04","‹{éŒ§","04103","å‘äŽsŽá—Ñ‹æ","041030040002","“ì¬ò“ñ’š–Ú","38.241426","140.905569","0","3"
"04","‹{éŒ§","04103","å‘äŽsŽá—Ñ‹æ","041030040003","“ì¬òŽO’š–Ú","38.239308","140.899767","0","3"
"04","‹{éŒ§","04103","å‘äŽsŽá—Ñ‹æ","041030040004","“ì¬òŽl’š–Ú","38.238558","140.904819","0","3"
"04","‹{éŒ§","04103","å‘äŽsŽá—Ñ‹æ","041030041000","•Ût‰@‘O’š","38.245579","140.900355","0","1"
"04","‹{éŒ§","04103","å‘äŽsŽá—Ñ‹æ","041030042000","ã”Ñ“c","38.219296","140.922770","0","1"
"04","‹{éŒ§","04103","å‘äŽsŽá—Ñ‹æ","041030043000","r’¬","38.248718","140.884893","0","1"
"04","‹{éŒ§","04103","å‘äŽsŽá—Ñ‹æ","041030044001","‰ÍŒ´’¬ˆê’š–Ú","38.238786","140.889368","0","3"
"04","‹{éŒ§","04103","å‘äŽsŽá—Ñ‹æ","041030044002","‰ÍŒ´’¬“ñ’š–Ú","38.237432","140.892425","0","3"
"04","‹{éŒ§","04103","å‘äŽsŽá—Ñ‹æ","041030045000","‰“Œ©’Ë“Œ","38.237215","140.915503","0","1"
"04","‹{éŒ§","04103","å‘äŽsŽá—Ñ‹æ","041030046001","’†‘qˆê’š–Ú","38.244569","140.911654","0","3"
"04","‹{éŒ§","04103","å‘äŽsŽá—Ñ‹æ","041030046002","’†‘q“ñ’š–Ú","38.244547","140.917060","0","3"
"04","‹{éŒ§","04103","å‘äŽsŽá—Ñ‹æ","041030046003","’†‘qŽO’š–Ú","38.246062","140.921370","0","3"
"04","‹{éŒ§","04103","å‘äŽsŽá—Ñ‹æ","041030047000","˜Z’š‚Ì–Ú“Œ’¬","38.249669","140.951191","0","1"
"04","‹{éŒ§","04103","å‘äŽsŽá—Ñ‹æ","041030048000","“y”ó","38.246177","140.883368","0","1"
"04","‹{éŒ§","04103","å‘äŽsŽá—Ñ‹æ","041030049001","‰µ’¬ˆê’š–Ú","38.254185","140.919372","0","3"
"04","‹{éŒ§","04103","å‘äŽsŽá—Ñ‹æ","041030049002","‰µ’¬“ñ’š–Ú","38.254058","140.923774","0","3"
"04","‹{éŒ§","04103","å‘äŽsŽá—Ñ‹æ","041030049003","‰µ’¬ŽO’š–Ú","38.259046","140.923593","0","3"
"04","‹{éŒ§","04103","å‘äŽsŽá—Ñ‹æ","041030049004","‰µ’¬Žl’š–Ú","38.259116","140.932115","0","3"
"04","‹{éŒ§","04103","å‘äŽsŽá—Ñ‹æ","041030049005","‰µ’¬ŒÜ’š–Ú","38.254058","140.929605","0","3"
"04","‹{éŒ§","04103","å‘äŽsŽá—Ñ‹æ","041030050000","”’”‹’¬","38.251045","140.908232","0","1"
"04","‹{éŒ§","04103","å‘äŽsŽá—Ñ‹æ","041030051000","˜Z‹½","38.214808","140.934163","0","1"
"04","‹{éŒ§","04103","å‘äŽsŽá—Ñ‹æ","041030052001","‰“Œ©’Ëˆê’š–Ú","38.237770","140.911121","0","3"
"04","‹{éŒ§","04103","å‘äŽsŽá—Ñ‹æ","041030052002","‰“Œ©’Ë“ñ’š–Ú","38.240711","140.912359","0","3"
"04","‹{éŒ§","04103","å‘äŽsŽá—Ñ‹æ","041030052003","‰“Œ©’ËŽO’š–Ú","38.242175","140.917676","0","3"
"04","‹{éŒ§","04103","å‘äŽsŽá—Ñ‹æ","041030053000","”Ñ“c","38.216770","140.943454","0","1"
"04","‹{éŒ§","04103","å‘äŽsŽá—Ñ‹æ","041030054001","ã”Ñ“cˆê’š–Ú","38.220981","140.916321","0","3"
"04","‹{éŒ§","04103","å‘äŽsŽá—Ñ‹æ","041030054002","ã”Ñ“c“ñ’š–Ú","38.217715","140.916262","0","3"
"04","‹{éŒ§","04103","å‘äŽsŽá—Ñ‹æ","041030054003","ã”Ñ“cŽO’š–Ú","38.214847","140.922636","0","3"
"04","‹{éŒ§","04103","å‘äŽsŽá—Ñ‹æ","041030054004","ã”Ñ“cŽl’š–Ú","38.216937","140.927423","0","3"
"04","‹{éŒ§","04103","å‘äŽsŽá—Ñ‹æ","041030055000","•¶‰»’¬","38.241598","140.896197","0","1"
"04","‹{éŒ§","04103","å‘äŽsŽá—Ñ‹æ","041030056001","‰µ’¬“Œˆê’š–Ú","38.258492","140.939954","0","3"
"04","‹{éŒ§","04103","å‘äŽsŽá—Ñ‹æ","041030056002","‰µ’¬“Œ“ñ’š–Ú","38.258490","140.946378","0","3"
"04","‹{éŒ§","04103","å‘äŽsŽá—Ñ‹æ","041030056003","‰µ’¬“ŒŽO’š–Ú","38.255439","140.942627","0","3"
"04","‹{éŒ§","04103","å‘äŽsŽá—Ñ‹æ","041030056004","‰µ’¬“ŒŽl’š–Ú","38.255499","140.949502","0","3"
"04","‹{éŒ§","04103","å‘äŽsŽá—Ñ‹æ","041030056005","‰µ’¬“ŒŒÜ’š–Ú","38.253589","140.955475","0","3"
"04","‹{éŒ§","04103","å‘äŽsŽá—Ñ‹æ","041030057000","’ß‘ã’¬","38.258369","140.953875","0","1"
"04","‹{éŒ§","04103","å‘äŽsŽá—Ñ‹æ","041030058001","¡òˆê’š–Ú","38.214330","140.928821","0","3"
"04","‹{éŒ§","04103","å‘äŽsŽá—Ñ‹æ","041030058002","¡ò“ñ’š–Ú","38.211105","140.927583","0","3"
"04","‹{éŒ§","04103","å‘äŽsŽá—Ñ‹æ","041030059000","˜Z’š‚Ì–Ú“ì’¬","38.249811","140.940004","0","1"
"04","‹{éŒ§","04103","å‘äŽsŽá—Ñ‹æ","041030060001","‰à–Úˆê’š–Ú","38.234756","140.920070","0","3"
"04","‹{éŒ§","04103","å‘äŽsŽá—Ñ‹æ","041030060002","‰à–Ú“ñ’š–Ú","38.234691","140.928316","0","3"
"04","‹{éŒ§","04103","å‘äŽsŽá—Ñ‹æ","041030062000","˜Z’š‚Ì–ÚŒ³’¬","38.249201","140.929690","0","1"
"04","‹{éŒ§","04103","å‘äŽsŽá—Ñ‹æ","041030063000","‚©‚·‚Ý’¬","38.241257","140.922104","0","1"
"04","‹{éŒ§","04103","å‘äŽsŽá—Ñ‹æ","041030064000","˜Z’š‚Ì–Ú–k’¬","38.252189","140.949143","0","1"
"04","‹{éŒ§","04103","å‘äŽsŽá—Ñ‹æ","041030065000","ˆê–{™’¬","38.244938","140.905522","0","1"
"04","‹{éŒ§","04103","å‘äŽsŽá—Ñ‹æ","041030066000","‰ê","38.234333","140.890930","0","1"
"04","‹{éŒ§","04103","å‘äŽsŽá—Ñ‹æ","041030067000","˜Z’š‚Ì–Ú¼’¬","38.253918","140.934452","0","1"
"04","‹{éŒ§","04103","å‘äŽsŽá—Ñ‹æ","041030068000","˜Z’š‚Ì–Ú’†’¬","38.252368","140.941012","0","1"
"04","‹{éŒ§","04103","å‘äŽsŽá—Ñ‹æ","041030069001","ˆÉÝˆê’š–Ú","38.247606","140.933909","0","3"
"04","‹{éŒ§","04103","å‘äŽsŽá—Ñ‹æ","041030069002","ˆÉÝ“ñ’š–Ú","38.247260","140.937692","0","3"
"04","‹{éŒ§","04103","å‘äŽsŽá—Ñ‹æ","041030069003","ˆÉÝŽO’š–Ú","38.247272","140.941517","0","3"
"04","‹{éŒ§","04103","å‘äŽsŽá—Ñ‹æ","041030070000","Žl˜YŠÛ","38.200191","140.927107","0","1"
"04","‹{éŒ§","04103","å‘äŽsŽá—Ñ‹æ","041030071006","˜Z’š–Ú","38.247594","140.948772","0","3"
"04","‹{éŒ§","04103","å‘äŽsŽá—Ñ‹æ","041030072000","Š—’¬","38.244871","140.927374","0","1"
"04","‹{éŒ§","04103","å‘äŽsŽá—Ñ‹æ","041030073000","‰à–Ú","38.232366","140.934602","0","1"
"04","‹{éŒ§","04103","å‘äŽsŽá—Ñ‹æ","041030074000","‰«–ì","38.224684","140.926656","0","1"
"04","‹{éŒ§","04103","å‘äŽsŽá—Ñ‹æ","041030075000","“¡’Ë","38.185602","140.954343","0","1"
"04","‹{éŒ§","04103","å‘äŽsŽá—Ñ‹æ","041030076000","“ñ–Ø","38.201623","140.952327","0","1"
"04","‹{éŒ§","04103","å‘äŽsŽá—Ñ‹æ","041030077000","¡ò","38.204253","140.931453","0","1"
"04","‹{éŒ§","04103","å‘äŽsŽá—Ñ‹æ","041030078000","“ú•Ó","38.208605","140.916173","0","1"
"04","‹{éŒ§","04103","å‘äŽsŽá—Ñ‹æ","041030079000","‰º”Ñ“c","38.217199","140.935726","0","1"
"04","‹{éŒ§","04103","å‘äŽsŽá—Ñ‹æ","041030080000","ŽO–{’Ë","38.212401","140.961551","0","1"
"04","‹{éŒ§","04103","å‘äŽsŽá—Ñ‹æ","041030081000","ŽíŽŸ","38.193540","140.947803","0","1"
"04","‹{éŒ§","04103","å‘äŽsŽá—Ñ‹æ","041030082000","ˆä“y","38.193152","140.965386","0","1"
"04","‹{éŒ§","04103","å‘äŽsŽá—Ñ‹æ","041030083000","r•l","38.222128","140.970116","0","1"
"04","‹{éŒ§","04103","å‘äŽsŽá—Ñ‹æ","041030084001","rˆäˆê’š–Ú","38.242344","140.936235","0","3"
"04","‹{éŒ§","04103","å‘äŽsŽá—Ñ‹æ","041030084002","rˆä“ñ’š–Ú","38.244707","140.937753","0","3"
"04","‹{éŒ§","04103","å‘äŽsŽá—Ñ‹æ","041030084003","rˆäŽO’š–Ú","38.241022","140.942240","0","3"
"04","‹{éŒ§","04103","å‘äŽsŽá—Ñ‹æ","041030084004","rˆäŽl’š–Ú","38.244298","140.942635","0","3"
"04","‹{éŒ§","04103","å‘äŽsŽá—Ñ‹æ","041030084005","rˆäŒÜ’š–Ú","38.247189","140.945341","0","3"
"04","‹{éŒ§","04103","å‘äŽsŽá—Ñ‹æ","041030084006","rˆä˜Z’š–Ú","38.243429","140.946621","0","3"
"04","‹{éŒ§","04103","å‘äŽsŽá—Ñ‹æ","041030084007","rˆäŽµ’š–Ú","38.239046","140.947866","0","3"
"04","‹{éŒ§","04103","å‘äŽsŽá—Ñ‹æ","041030084008","rˆä”ª’š–Ú","38.236206","140.947061","0","3"
"04","‹{éŒ§","04103","å‘äŽsŽá—Ñ‹æ","041030085000","’·Šìé","38.237436","140.937611","0","1"
"04","‹{éŒ§","04103","å‘äŽsŽá—Ñ‹æ","041030086000","rˆä","38.233649","140.955872","0","1"
"04","‹{éŒ§","04103","å‘äŽsŽá—Ñ‹æ","041030087000","rˆä“ì","38.237146","140.942451","0","1"
"04","‹{éŒ§","04103","å‘äŽsŽá—Ñ‹æ","041030088001","‚È‚È‚¢‚ë‚Ì—¢ˆê’š–Ú","38.240751","140.927999","0","3"
"04","‹{éŒ§","04103","å‘äŽsŽá—Ñ‹æ","041030088002","‚È‚È‚¢‚ë‚Ì—¢“ñ’š–Ú","38.240431","140.932382","0","3"
"04","‹{éŒ§","04103","å‘äŽsŽá—Ñ‹æ","041030088003","‚È‚È‚¢‚ë‚Ì—¢ŽO’š–Ú","38.238343","140.931819","0","3"
"04","‹{éŒ§","04103","å‘äŽsŽá—Ñ‹æ","041030089001","rˆä“Œˆê’š–Ú","38.241803","140.949711","0","3"
"04","‹{éŒ§","04103","å‘äŽsŽá—Ñ‹æ","041030089002","rˆä“Œ“ñ’š–Ú","38.235196","140.951365","0","3"
"04","‹{éŒ§","04103","å‘äŽsŽá—Ñ‹æ","041030090000","Š—’¬“Œ","38.245498","140.932557","0","3"
"04","‹{éŒ§","04103","å‘äŽsŽá—Ñ‹æ","041030091000","“ì¬ò","38.241358","140.892812","0","1"
"04","‹{éŒ§","04104","å‘äŽs‘¾”’‹æ","041040001001","”ª–ØŽR“ìˆê’š–Ú","38.237525","140.835328","0","3"
"04","‹{éŒ§","04104","å‘äŽs‘¾”’‹æ","041040001002","”ª–ØŽR“ì“ñ’š–Ú","38.235142","140.839164","0","3"
"04","‹{éŒ§","04104","å‘äŽs‘¾”’‹æ","041040001003","”ª–ØŽR“ìŽO’š–Ú","38.235739","140.833906","0","3"
"04","‹{éŒ§","04104","å‘äŽs‘¾”’‹æ","041040001004","”ª–ØŽR“ìŽl’š–Ú","38.233596","140.836212","0","3"
"04","‹{éŒ§","04104","å‘äŽs‘¾”’‹æ","041040001005","”ª–ØŽR“ìŒÜ’š–Ú","38.234194","140.833075","0","3"
"04","‹{éŒ§","04104","å‘äŽs‘¾”’‹æ","041040001006","”ª–ØŽR“ì˜Z’š–Ú","38.232186","140.834887","0","3"
"04","‹{éŒ§","04104","å‘äŽs‘¾”’‹æ","041040002001","–ö¶ˆê’š–Ú","38.197493","140.872292","0","3"
"04","‹{éŒ§","04104","å‘äŽs‘¾”’‹æ","041040002002","–ö¶“ñ’š–Ú","38.195519","140.871987","0","3"
"04","‹{éŒ§","04104","å‘äŽs‘¾”’‹æ","041040002003","–ö¶ŽO’š–Ú","38.191501","140.872747","0","3"
"04","‹{éŒ§","04104","å‘äŽs‘¾”’‹æ","041040002004","–ö¶Žl’š–Ú","38.194887","140.867390","0","3"
"04","‹{éŒ§","04104","å‘äŽs‘¾”’‹æ","041040002005","–ö¶ŒÜ’š–Ú","38.194537","140.864091","0","3"
"04","‹{éŒ§","04104","å‘äŽs‘¾”’‹æ","041040002006","–ö¶˜Z’š–Ú","38.197747","140.863184","0","3"
"04","‹{éŒ§","04104","å‘äŽs‘¾”’‹æ","041040002007","–ö¶Žµ’š–Ú","38.198141","140.867423","0","3"
"04","‹{éŒ§","04104","å‘äŽs‘¾”’‹æ","041040003001","ŒSŽRˆê’š–Ú","38.227098","140.890466","0","3"
"04","‹{éŒ§","04104","å‘äŽs‘¾”’‹æ","041040003002","ŒSŽR“ñ’š–Ú","38.223415","140.889384","0","3"
"04","‹{éŒ§","04104","å‘äŽs‘¾”’‹æ","041040003003","ŒSŽRŽO’š–Ú","38.223625","140.893364","0","3"
"04","‹{éŒ§","04104","å‘äŽs‘¾”’‹æ","041040003004","ŒSŽRŽl’š–Ú","38.222784","140.897005","0","3"
"04","‹{éŒ§","04104","å‘äŽs‘¾”’‹æ","041040003005","ŒSŽRŒÜ’š–Ú","38.218874","140.892532","0","3"
"04","‹{éŒ§","04104","å‘äŽs‘¾”’‹æ","041040003006","ŒSŽR˜Z’š–Ú","38.218678","140.888108","0","3"
"04","‹{éŒ§","04104","å‘äŽs‘¾”’‹æ","041040003007","ŒSŽRŽµ’š–Ú","38.215022","140.888822","0","3"
"04","‹{éŒ§","04104","å‘äŽs‘¾”’‹æ","041040003008","ŒSŽR”ª’š–Ú","38.212222","140.889196","0","3"
"04","‹{éŒ§","04104","å‘äŽs‘¾”’‹æ","041040004000","»‰Ÿ“ì’¬","38.226192","140.867776","0","1"
"04","‹{éŒ§","04104","å‘äŽs‘¾”’‹æ","041040005001","“yŽè“àˆê’š–Ú","38.227661","140.860775","0","3"
"04","‹{éŒ§","04104","å‘äŽs‘¾”’‹æ","041040005002","“yŽè“à“ñ’š–Ú","38.229396","140.862586","0","3"
"04","‹{éŒ§","04104","å‘äŽs‘¾”’‹æ","041040005003","“yŽè“àŽO’š–Ú","38.230081","140.858754","0","3"
"04","‹{éŒ§","04104","å‘äŽs‘¾”’‹æ","041040006001","‘å–ì“cˆê’š–Ú","38.217775","140.879034","0","3"
"04","‹{éŒ§","04104","å‘äŽs‘¾”’‹æ","041040006002","‘å–ì“c“ñ’š–Ú","38.214230","140.878776","0","3"
"04","‹{éŒ§","04104","å‘äŽs‘¾”’‹æ","041040006003","‘å–ì“cŽO’š–Ú","38.210444","140.880242","0","3"
"04","‹{éŒ§","04104","å‘äŽs‘¾”’‹æ","041040006004","‘å–ì“cŽl’š–Ú","38.212322","140.875089","0","3"
"04","‹{éŒ§","04104","å‘äŽs‘¾”’‹æ","041040006005","‘å–ì“cŒÜ’š–Ú","38.216757","140.875198","0","3"
"04","‹{éŒ§","04104","å‘äŽs‘¾”’‹æ","041040007001","’·’¬ˆê’š–Ú","38.234409","140.887627","0","3"
"04","‹{éŒ§","04104","å‘äŽs‘¾”’‹æ","041040007002","’·’¬“ñ’š–Ú","38.234327","140.882473","0","3"
"04","‹{éŒ§","04104","å‘äŽs‘¾”’‹æ","041040007003","’·’¬ŽO’š–Ú","38.230553","140.885103","0","3"
"04","‹{éŒ§","04104","å‘äŽs‘¾”’‹æ","041040007004","’·’¬Žl’š–Ú","38.230423","140.882319","0","3"
"04","‹{éŒ§","04104","å‘äŽs‘¾”’‹æ","041040007005","’·’¬ŒÜ’š–Ú","38.227370","140.883286","0","3"
"04","‹{éŒ§","04104","å‘äŽs‘¾”’‹æ","041040007006","’·’¬˜Z’š–Ú","38.222619","140.883154","0","3"
"04","‹{éŒ§","04104","å‘äŽs‘¾”’‹æ","041040007007","’·’¬Žµ’š–Ú","38.226589","140.877576","0","3"
"04","‹{éŒ§","04104","å‘äŽs‘¾”’‹æ","041040007008","’·’¬”ª’š–Ú","38.231209","140.878561","0","3"
"04","‹{éŒ§","04104","å‘äŽs‘¾”’‹æ","041040008001","‘ÜŒ´ˆê’š–Ú","38.202628","140.906847","0","3"
"04","‹{éŒ§","04104","å‘äŽs‘¾”’‹æ","041040008002","‘ÜŒ´“ñ’š–Ú","38.203022","140.912962","0","3"
"04","‹{éŒ§","04104","å‘äŽs‘¾”’‹æ","041040008003","‘ÜŒ´ŽO’š–Ú","38.201960","140.910237","0","3"
"04","‹{éŒ§","04104","å‘äŽs‘¾”’‹æ","041040008004","‘ÜŒ´Žl’š–Ú","38.198524","140.912173","0","3"
"04","‹{éŒ§","04104","å‘äŽs‘¾”’‹æ","041040008005","‘ÜŒ´ŒÜ’š–Ú","38.196855","140.916391","0","3"
"04","‹{éŒ§","04104","å‘äŽs‘¾”’‹æ","041040008006","‘ÜŒ´˜Z’š–Ú","38.196115","140.911792","0","3"
"04","‹{éŒ§","04104","å‘äŽs‘¾”’‹æ","041040009001","”ª–ØŽR“Œˆê’š–Ú","38.235555","140.848865","0","3"
"04","‹{éŒ§","04104","å‘äŽs‘¾”’‹æ","041040009002","”ª–ØŽR“Œ“ñ’š–Ú","38.235203","140.845247","0","3"
"04","‹{éŒ§","04104","å‘äŽs‘¾”’‹æ","041040010001","–ÎƒPèˆê’š–Ú","38.240094","140.876788","0","3"
"04","‹{éŒ§","04104","å‘äŽs‘¾”’‹æ","041040010002","–ÎƒPè“ñ’š–Ú","38.239558","140.872904","0","3"
"04","‹{éŒ§","04104","å‘äŽs‘¾”’‹æ","041040010003","–ÎƒPèŽO’š–Ú","38.237068","140.876016","0","3"
"04","‹{éŒ§","04104","å‘äŽs‘¾”’‹æ","041040010004","–ÎƒPèŽl’š–Ú","38.239273","140.879227","0","3"
"04","‹{éŒ§","04104","å‘äŽs‘¾”’‹æ","041040011001","¼’†“cˆê’š–Ú","38.201864","140.882543","0","3"
"04","‹{éŒ§","04104","å‘äŽs‘¾”’‹æ","041040011002","¼’†“c“ñ’š–Ú","38.201827","140.879660","0","3"
"04","‹{éŒ§","04104","å‘äŽs‘¾”’‹æ","041040011003","¼’†“cŽO’š–Ú","38.199444","140.878423","0","3"
"04","‹{éŒ§","04104","å‘äŽs‘¾”’‹æ","041040011004","¼’†“cŽl’š–Ú","38.195780","140.881665","0","3"
"04","‹{éŒ§","04104","å‘äŽs‘¾”’‹æ","041040011005","¼’†“cŒÜ’š–Ú","38.195657","140.876943","0","3"
"04","‹{éŒ§","04104","å‘äŽs‘¾”’‹æ","041040011006","¼’†“c˜Z’š–Ú","38.191666","140.880891","0","3"
"04","‹{éŒ§","04104","å‘äŽs‘¾”’‹æ","041040011007","¼’†“cŽµ’š–Ú","38.191561","140.876029","0","3"
"04","‹{éŒ§","04104","å‘äŽs‘¾”’‹æ","041040012001","ã–ìŽRˆê’š–Ú","38.225953","140.830721","0","3"
"04","‹{éŒ§","04104","å‘äŽs‘¾”’‹æ","041040012002","ã–ìŽR“ñ’š–Ú","38.226163","140.823680","0","3"
"04","‹{éŒ§","04104","å‘äŽs‘¾”’‹æ","041040012003","ã–ìŽRŽO’š–Ú","38.231586","140.826283","0","3"
"04","‹{éŒ§","04104","å‘äŽs‘¾”’‹æ","041040013001","’†“cˆê’š–Ú","38.203029","140.885245","0","3"
"04","‹{éŒ§","04104","å‘äŽs‘¾”’‹æ","041040013002","’†“c“ñ’š–Ú","38.203072","140.889560","0","3"
"04","‹{éŒ§","04104","å‘äŽs‘¾”’‹æ","041040013003","’†“cŽO’š–Ú","38.198782","140.885300","0","3"
"04","‹{éŒ§","04104","å‘äŽs‘¾”’‹æ","041040013004","’†“cŽl’š–Ú","38.199065","140.889384","0","3"
"04","‹{éŒ§","04104","å‘äŽs‘¾”’‹æ","041040013005","’†“cŒÜ’š–Ú","38.195922","140.887449","0","3"
"04","‹{éŒ§","04104","å‘äŽs‘¾”’‹æ","041040013006","’†“c˜Z’š–Ú","38.193576","140.887382","0","3"
"04","‹{éŒ§","04104","å‘äŽs‘¾”’‹æ","041040013007","’†“cŽµ’š–Ú","38.190140","140.887661","0","3"
"04","‹{éŒ§","04104","å‘äŽs‘¾”’‹æ","041040014001","‚ ‚·‚Æ’·’¬ˆê’š–Ú","38.229416","140.887766","0","3"
"04","‹{éŒ§","04104","å‘äŽs‘¾”’‹æ","041040014002","‚ ‚·‚Æ’·’¬“ñ’š–Ú","38.224013","140.885902","0","3"
"04","‹{éŒ§","04104","å‘äŽs‘¾”’‹æ","041040014003","‚ ‚·‚Æ’·’¬ŽO’š–Ú","38.219027","140.884920","0","3"
"04","‹{éŒ§","04104","å‘äŽs‘¾”’‹æ","041040014004","‚ ‚·‚Æ’·’¬Žl’š–Ú","38.224582","140.888079","0","3"
"04","‹{éŒ§","04104","å‘äŽs‘¾”’‹æ","041040015000","Žá—t’¬","38.237469","140.851632","0","1"
"04","‹{éŒ§","04104","å‘äŽs‘¾”’‹æ","041040016000","”ª–ØŽR¼”g’¬","38.243768","140.857461","0","1"
"04","‹{éŒ§","04104","å‘äŽs‘¾”’‹æ","041040017000","‘å’J’n","38.225977","140.846411","0","1"
"04","‹{éŒ§","04104","å‘äŽs‘¾”’‹æ","041040018001","—ÎƒP‹uˆê’š–Ú","38.230511","140.866802","0","3"
"04","‹{éŒ§","04104","å‘äŽs‘¾”’‹æ","041040018002","—ÎƒP‹u“ñ’š–Ú","38.231736","140.862051","0","3"
"04","‹{éŒ§","04104","å‘äŽs‘¾”’‹æ","041040018003","—ÎƒP‹uŽO’š–Ú","38.234023","140.865791","0","3"
"04","‹{éŒ§","04104","å‘äŽs‘¾”’‹æ","041040018004","—ÎƒP‹uŽl’š–Ú","38.235906","140.863598","0","3"
"04","‹{éŒ§","04104","å‘äŽs‘¾”’‹æ","041040019000","ŽR“cV’¬","38.217109","140.835175","0","1"
"04","‹{éŒ§","04104","å‘äŽs‘¾”’‹æ","041040020000","ˆ°‚ÌŒû","38.232053","140.855851","0","1"
"04","‹{éŒ§","04104","å‘äŽs‘¾”’‹æ","041040021000","’·—ä","38.237818","140.867347","0","1"
"04","‹{éŒ§","04104","å‘äŽs‘¾”’‹æ","041040022001","‘¾”’ˆê’š–Ú","38.232009","140.819351","0","3"
"04","‹{éŒ§","04104","å‘äŽs‘¾”’‹æ","041040022002","‘¾”’“ñ’š–Ú","38.234412","140.816682","0","3"
"04","‹{éŒ§","04104","å‘äŽs‘¾”’‹æ","041040022003","‘¾”’ŽO’š–Ú","38.230189","140.815485","0","3"
"04","‹{éŒ§","04104","å‘äŽs‘¾”’‹æ","041040023001","’·’¬“ìˆê’š–Ú","38.223159","140.880132","0","3"
"04","‹{éŒ§","04104","å‘äŽs‘¾”’‹æ","041040023002","’·’¬“ì“ñ’š–Ú","38.218702","140.881380","0","3"
"04","‹{éŒ§","04104","å‘äŽs‘¾”’‹æ","041040023003","’·’¬“ìŽO’š–Ú","38.221786","140.876468","0","3"
"04","‹{éŒ§","04104","å‘äŽs‘¾”’‹æ","041040023004","’·’¬“ìŽl’š–Ú","38.220192","140.872778","0","3"
"04","‹{éŒ§","04104","å‘äŽs‘¾”’‹æ","041040024001","Ž­–ìˆê’š–Ú","38.231417","140.874988","0","3"
"04","‹{éŒ§","04104","å‘äŽs‘¾”’‹æ","041040024002","Ž­–ì“ñ’š–Ú","38.229477","140.872626","0","3"
"04","‹{éŒ§","04104","å‘äŽs‘¾”’‹æ","041040024003","Ž­–ìŽO’š–Ú","38.225550","140.870836","0","3"
"04","‹{éŒ§","04104","å‘äŽs‘¾”’‹æ","041040025001","l—ˆ“cˆê’š–Ú","38.225909","140.805580","0","3"
"04","‹{éŒ§","04104","å‘äŽs‘¾”’‹æ","041040025002","l—ˆ“c“ñ’š–Ú","38.221756","140.805841","0","3"
"04","‹{éŒ§","04104","å‘äŽs‘¾”’‹æ","041040025003","l—ˆ“cŽO’š–Ú","38.219822","140.803826","0","3"
"04","‹{éŒ§","04104","å‘äŽs‘¾”’‹æ","041040026001","•x‘òˆê’š–Ú","38.217786","140.868166","0","3"
"04","‹{éŒ§","04104","å‘äŽs‘¾”’‹æ","041040026002","•x‘ò“ñ’š–Ú","38.220024","140.862535","0","3"
"04","‹{éŒ§","04104","å‘äŽs‘¾”’‹æ","041040026003","•x‘òŽO’š–Ú","38.217040","140.860867","0","3"
"04","‹{éŒ§","04104","å‘äŽs‘¾”’‹æ","041040026004","•x‘òŽl’š–Ú","38.215433","140.868892","0","3"
"04","‹{éŒ§","04104","å‘äŽs‘¾”’‹æ","041040027001","ŒüŽRˆê’š–Ú","38.248177","140.866089","0","3"
"04","‹{éŒ§","04104","å‘äŽs‘¾”’‹æ","041040027002","ŒüŽR“ñ’š–Ú","38.246526","140.868572","0","3"
"04","‹{éŒ§","04104","å‘äŽs‘¾”’‹æ","041040027003","ŒüŽRŽO’š–Ú","38.243258","140.869234","0","3"
"04","‹{éŒ§","04104","å‘äŽs‘¾”’‹æ","041040027004","ŒüŽRŽl’š–Ú","38.244300","140.876144","0","3"
"04","‹{éŒ§","04104","å‘äŽs‘¾”’‹æ","041040028001","“Œ’†“cˆê’š–Ú","38.205070","140.898008","0","3"
"04","‹{éŒ§","04104","å‘äŽs‘¾”’‹æ","041040028002","“Œ’†“c“ñ’š–Ú","38.201620","140.896665","0","3"
"04","‹{éŒ§","04104","å‘äŽs‘¾”’‹æ","041040028003","“Œ’†“cŽO’š–Ú","38.201544","140.903566","0","3"
"04","‹{éŒ§","04104","å‘äŽs‘¾”’‹æ","041040028004","“Œ’†“cŽl’š–Ú","38.198255","140.904844","0","3"
"04","‹{éŒ§","04104","å‘äŽs‘¾”’‹æ","041040028005","“Œ’†“cŒÜ’š–Ú","38.199066","140.898967","0","3"
"04","‹{éŒ§","04104","å‘äŽs‘¾”’‹æ","041040028006","“Œ’†“c˜Z’š–Ú","38.198993","140.894069","0","3"
"04","‹{éŒ§","04104","å‘äŽs‘¾”’‹æ","041040029001","‹à„‘òˆê’š–Ú","38.230045","140.847093","0","3"
"04","‹{éŒ§","04104","å‘äŽs‘¾”’‹æ","041040029002","‹à„‘ò“ñ’š–Ú","38.230957","140.842673","0","3"
"04","‹{éŒ§","04104","å‘äŽs‘¾”’‹æ","041040029003","‹à„‘òŽO’š–Ú","38.233611","140.842621","0","3"
"04","‹{éŒ§","04104","å‘äŽs‘¾”’‹æ","041040030001","ŠbŽæˆê’š–Ú","38.222147","140.845645","0","3"
"04","‹{éŒ§","04104","å‘äŽs‘¾”’‹æ","041040030002","ŠbŽæ“ñ’š–Ú","38.228016","140.841570","0","3"
"04","‹{éŒ§","04104","å‘äŽs‘¾”’‹æ","041040030003","ŠbŽæŽO’š–Ú","38.230677","140.837736","0","3"
"04","‹{éŒ§","04104","å‘äŽs‘¾”’‹æ","041040030004","ŠbŽæŽl’š–Ú","38.225389","140.839601","0","3"
"04","‹{éŒ§","04104","å‘äŽs‘¾”’‹æ","041040031000","z–K’¬","38.213782","140.884456","0","1"
"04","‹{éŒ§","04104","å‘äŽs‘¾”’‹æ","041040032001","Šø—§ˆê’š–Ú","38.224108","140.820539","0","3"
"04","‹{éŒ§","04104","å‘äŽs‘¾”’‹æ","041040032002","Šø—§“ñ’š–Ú","38.224883","140.814845","0","3"
"04","‹{éŒ§","04104","å‘äŽs‘¾”’‹æ","041040032003","Šø—§ŽO’š–Ú","38.226720","140.810132","0","3"
"04","‹{éŒ§","04104","å‘äŽs‘¾”’‹æ","041040033000","–å‘O’¬","38.235316","140.878288","0","1"
"04","‹{éŒ§","04104","å‘äŽs‘¾”’‹æ","041040034000","Ž­–ì–{’¬","38.231577","140.871381","0","1"
"04","‹{éŒ§","04104","å‘äŽs‘¾”’‹æ","041040035001","ÂŽRˆê’š–Ú","38.240266","140.856149","0","3"
"04","‹{éŒ§","04104","å‘äŽs‘¾”’‹æ","041040035002","ÂŽR“ñ’š–Ú","38.238536","140.860263","0","3"
"04","‹{éŒ§","04104","å‘äŽs‘¾”’‹æ","041040036000","»‰Ÿ’¬","38.227470","140.865831","0","1"
"04","‹{éŒ§","04104","å‘äŽs‘¾”’‹æ","041040037000","”‹ƒP‹u","38.240696","140.871345","0","1"
"04","‹{éŒ§","04104","å‘äŽs‘¾”’‹æ","041040038001","ŽO_•õˆê’š–Ú","38.226116","140.856286","0","3"
"04","‹{éŒ§","04104","å‘äŽs‘¾”’‹æ","041040038002","ŽO_•õ“ñ’š–Ú","38.227679","140.848796","0","3"
"04","‹{éŒ§","04104","å‘äŽs‘¾”’‹æ","041040039000","‘¾Žq“°","38.214645","140.881740","0","1"
"04","‹{éŒ§","04104","å‘äŽs‘¾”’‹æ","041040040001","òèˆê’š–Ú","38.221444","140.869239","0","3"
"04","‹{éŒ§","04104","å‘äŽs‘¾”’‹æ","041040040002","òè“ñ’š–Ú","38.221927","140.865029","0","3"
"04","‹{éŒ§","04104","å‘äŽs‘¾”’‹æ","041040041000","”ª–ØŽR—Î’¬","38.242781","140.864388","0","1"
"04","‹{éŒ§","04104","å‘äŽs‘¾”’‹æ","041040042000","²•ÛŽR","38.235098","140.822191","0","1"
"04","‹{éŒ§","04104","å‘äŽs‘¾”’‹æ","041040043000","Œä“°•½","38.229423","140.833486","0","1"
"04","‹{éŒ§","04104","å‘äŽs‘¾”’‹æ","041040044001","”ª–{¼ˆê’š–Ú","38.229417","140.894643","0","3"
"04","‹{éŒ§","04104","å‘äŽs‘¾”’‹æ","041040044002","”ª–{¼“ñ’š–Ú","38.227736","140.892989","0","3"
"04","‹{éŒ§","04104","å‘äŽs‘¾”’‹æ","041040045001","•x‘ò“ìˆê’š–Ú","38.213949","140.866441","0","3"
"04","‹{éŒ§","04104","å‘äŽs‘¾”’‹æ","041040045002","•x‘ò“ì“ñ’š–Ú","38.210398","140.866470","0","3"
"04","‹{éŒ§","04104","å‘äŽs‘¾”’‹æ","041040046000","Œb˜a’¬","38.236054","140.853998","0","1"
"04","‹{éŒ§","04104","å‘äŽs‘¾”’‹æ","041040047000","‰z˜H","38.244543","140.880793","0","1"
"04","‹{éŒ§","04104","å‘äŽs‘¾”’‹æ","041040048001","¼‘½‰êˆê’š–Ú","38.223627","140.860146","0","3"
"04","‹{éŒ§","04104","å‘äŽs‘¾”’‹æ","041040048002","¼‘½‰ê“ñ’š–Ú","38.219494","140.858372","0","3"
"04","‹{éŒ§","04104","å‘äŽs‘¾”’‹æ","041040048003","¼‘½‰êŽO’š–Ú","38.223794","140.853487","0","3"
"04","‹{éŒ§","04104","å‘äŽs‘¾”’‹æ","041040048004","¼‘½‰êŽl’š–Ú","38.223454","140.849850","0","3"
"04","‹{éŒ§","04104","å‘äŽs‘¾”’‹æ","041040048005","¼‘½‰êŒÜ’š–Ú","38.218297","140.854146","0","3"
"04","‹{éŒ§","04104","å‘äŽs‘¾”’‹æ","041040049001","¼‚Ì•½ˆê’š–Ú","38.229109","140.853361","0","3"
"04","‹{éŒ§","04104","å‘äŽs‘¾”’‹æ","041040049002","¼‚Ì•½“ñ’š–Ú","38.231769","140.851567","0","3"
"04","‹{éŒ§","04104","å‘äŽs‘¾”’‹æ","041040050000","“ì‘å–ì“c","38.210655","140.871348","0","1"
"04","‹{éŒ§","04104","å‘äŽs‘¾”’‹æ","041040051000","÷–Ø’¬","38.244187","140.853071","0","1"
"04","‹{éŒ§","04104","å‘äŽs‘¾”’‹æ","041040052000","‘åšË’¬","38.234550","140.858017","0","1"
"04","‹{éŒ§","04104","å‘äŽs‘¾”’‹æ","041040053000","H•Û’¬“’Œü","38.229190","140.723426","0","1"
"04","‹{éŒ§","04104","å‘äŽs‘¾”’‹æ","041040054000","¼‚ª‹u","38.240741","140.850914","0","1"
"04","‹{éŒ§","04104","å‘äŽs‘¾”’‹æ","041040055000","“ñƒc‘ò","38.235552","140.872844","0","1"
"04","‹{éŒ§","04104","å‘äŽs‘¾”’‹æ","041040056000","ŽR“cãƒm‘ä’¬","38.218391","140.832234","0","1"
"04","‹{éŒ§","04104","å‘äŽs‘¾”’‹æ","041040057001","–Î’ë‘äˆê’š–Ú","38.231329","140.780476","0","3"
"04","‹{éŒ§","04104","å‘äŽs‘¾”’‹æ","041040057002","–Î’ë‘ä“ñ’š–Ú","38.232395","140.785181","0","3"
"04","‹{éŒ§","04104","å‘äŽs‘¾”’‹æ","041040057003","–Î’ë‘äŽO’š–Ú","38.236399","140.787159","0","3"
"04","‹{éŒ§","04104","å‘äŽs‘¾”’‹æ","041040057004","–Î’ë‘äŽl’š–Ú","38.237734","140.783902","0","3"
"04","‹{éŒ§","04104","å‘äŽs‘¾”’‹æ","041040057005","–Î’ë‘äŒÜ’š–Ú","38.237499","140.780744","0","3"
"04","‹{éŒ§","04104","å‘äŽs‘¾”’‹æ","041040058000","”ª–ØŽR–í¶’¬","38.241130","140.861875","0","1"
"04","‹{éŒ§","04104","å‘äŽs‘¾”’‹æ","041040059001","ŠbŽæ–{’¬ˆê’š–Ú","38.221180","140.838626","0","3"
"04","‹{éŒ§","04104","å‘äŽs‘¾”’‹æ","041040059002","ŠbŽæ–{’¬“ñ’š–Ú","38.225585","140.835714","0","3"
"04","‹{éŒ§","04104","å‘äŽs‘¾”’‹æ","041040060001","“ŒŒSŽRˆê’š–Ú","38.221265","140.906304","0","3"
"04","‹{éŒ§","04104","å‘äŽs‘¾”’‹æ","041040060002","“ŒŒSŽR“ñ’š–Ú","38.220217","140.901345","0","3"
"04","‹{éŒ§","04104","å‘äŽs‘¾”’‹æ","041040061000","“ú–{•½","38.221277","140.810860","0","1"
"04","‹{éŒ§","04104","å‘äŽs‘¾”’‹æ","041040062000","ªŠÝ’¬","38.239873","140.883655","0","1"
"04","‹{éŒ§","04104","å‘äŽs‘¾”’‹æ","041040063000","ŽR“cŽ©—RƒP‹u","38.228688","140.813954","0","1"
"04","‹{éŒ§","04104","å‘äŽs‘¾”’‹æ","041040064000","ŽR“c–{’¬","38.216676","140.828635","0","1"
"04","‹{éŒ§","04104","å‘äŽs‘¾”’‹æ","041040065000","‚Ð‚æ‚è‘ä","38.229433","140.824217","0","1"
"04","‹{éŒ§","04104","å‘äŽs‘¾”’‹æ","041040066000","”ª–ØŽRŸ’¬","38.246402","140.859146","0","1"
"04","‹{éŒ§","04104","å‘äŽs‘¾”’‹æ","041040067000","‰H•‘ä","38.220600","140.818914","0","1"
"04","‹{éŒ§","04104","å‘äŽs‘¾”’‹æ","041040068000","‘ÜŒ´","38.193877","140.904772","0","1"
"04","‹{éŒ§","04104","å‘äŽs‘¾”’‹æ","041040069000","“Œ‘å–ì“c","38.208690","140.887832","0","1"
"04","‹{éŒ§","04104","å‘äŽs‘¾”’‹æ","041040070000","ŽR“c–k‘O’¬","38.221580","140.828961","0","1"
"04","‹{éŒ§","04104","å‘äŽs‘¾”’‹æ","041040071001","”ª–ØŽR–{’¬ˆê’š–Ú","38.241960","140.844543","0","3"
"04","‹{éŒ§","04104","å‘äŽs‘¾”’‹æ","041040071002","”ª–ØŽR–{’¬“ñ’š–Ú","38.237942","140.841485","0","3"
"04","‹{éŒ§","04104","å‘äŽs‘¾”’‹æ","041040072000","ŽR“c","38.214614","140.838213","0","1"
"04","‹{éŒ§","04104","å‘äŽs‘¾”’‹æ","041040073000","•x‘ò","38.209958","140.860147","0","1"
"04","‹{éŒ§","04104","å‘äŽs‘¾”’‹æ","041040074000","’†“c’¬","38.193319","140.897944","0","1"
"04","‹{éŒ§","04104","å‘äŽs‘¾”’‹æ","041040075000","’·’¬","38.248167","140.848216","0","1"
"04","‹{éŒ§","04104","å‘äŽs‘¾”’‹æ","041040076000","–ö¶","38.201937","140.869764","0","1"
"04","‹{éŒ§","04104","å‘äŽs‘¾”’‹æ","041040077000","ŠbŽæ","38.239264","140.823192","0","1"
"04","‹{éŒ§","04104","å‘äŽs‘¾”’‹æ","041040078000","•x“c","38.211431","140.849164","0","1"
"04","‹{éŒ§","04104","å‘äŽs‘¾”’‹æ","041040079000","ŒSŽR","38.213717","140.900744","0","1"
"04","‹{éŒ§","04104","å‘äŽs‘¾”’‹æ","041040080000","Žl˜YŠÛ","38.186080","140.920926","0","1"
"04","‹{éŒ§","04104","å‘äŽs‘¾”’‹æ","041040081000","H•Û’¬‹«–ì","38.254691","140.698593","0","1"
"04","‹{éŒ§","04104","å‘äŽs‘¾”’‹æ","041040082000","H•Û’¬“’Œ³","38.230322","140.696146","0","1"
"04","‹{éŒ§","04104","å‘äŽs‘¾”’‹æ","041040083000","’ØÀ","38.194921","140.769135","0","1"
"04","‹{éŒ§","04104","å‘äŽs‘¾”’‹æ","041040084000","H•Û’¬’·‘Ü","38.267187","140.668428","0","1"
"04","‹{éŒ§","04104","å‘äŽs‘¾”’‹æ","041040085000","–Î’ë","38.227017","140.774922","0","1"
"04","‹{éŒ§","04104","å‘äŽs‘¾”’‹æ","041040086000","H•Û’¬”nê","38.314266","140.564579","0","1"
"04","‹{éŒ§","04104","å‘äŽs‘¾”’‹æ","041040087000","‘å–ì“c","38.207876","140.877726","0","1"
"04","‹{éŒ§","04104","å‘äŽs‘¾”’‹æ","041040088001","•x‘ò¼ˆê’š–Ú","38.214184","140.861051","1","3"
"04","‹{éŒ§","04104","å‘äŽs‘¾”’‹æ","041040088002","•x‘ò¼“ñ’š–Ú","38.214170","140.856264","1","3"
"04","‹{éŒ§","04104","å‘äŽs‘¾”’‹æ","041040088003","•x‘ò¼ŽO’š–Ú","38.210934","140.856013","1","3"
"04","‹{éŒ§","04104","å‘äŽs‘¾”’‹æ","041040088004","•x‘ò¼Žl’š–Ú","38.211022","140.861197","1","3"
"04","‹{éŒ§","04104","å‘äŽs‘¾”’‹æ","041040088005","•x‘ò¼ŒÜ’š–Ú","38.208312","140.857055","1","3"
"04","‹{éŒ§","04104","å‘äŽs‘¾”’‹æ","041040089001","–Î’ëˆê’š–Ú","38.222497","140.793287","1","3"
"04","‹{éŒ§","04104","å‘äŽs‘¾”’‹æ","041040089002","–Î’ë“ñ’š–Ú","38.221496","140.792322","1","3"
"04","‹{éŒ§","04105","å‘äŽsò‹æ","041050037000","‚Ý‚¸‚Ù‘ä","38.311837","140.874190","0","1"
"04","‹{éŒ§","04105","å‘äŽsò‹æ","041050019001","ˆ®‹u’çˆê’š–Ú","38.299093","140.890141","0","3"
"04","‹{éŒ§","04105","å‘äŽsò‹æ","041050019002","ˆ®‹u’ç“ñ’š–Ú","38.303522","140.889532","0","3"
"04","‹{éŒ§","04105","å‘äŽsò‹æ","041050021000","‰i˜a‘ä","38.329175","140.905481","0","1"
"04","‹{éŒ§","04105","å‘äŽsò‹æ","041050034001","‰Á–Îˆê’š–Ú","38.313009","140.863485","0","3"
"04","‹{éŒ§","04105","å‘äŽsò‹æ","041050034002","‰Á–Î“ñ’š–Ú","38.315741","140.858912","0","3"
"04","‹{éŒ§","04105","å‘äŽsò‹æ","041050034003","‰Á–ÎŽO’š–Ú","38.316965","140.850341","0","3"
"04","‹{éŒ§","04105","å‘äŽsò‹æ","041050034004","‰Á–ÎŽl’š–Ú","38.312961","140.851747","0","3"
"04","‹{éŒ§","04105","å‘äŽsò‹æ","041050034005","‰Á–ÎŒÜ’š–Ú","38.316171","140.846200","0","3"
"04","‹{éŒ§","04105","å‘äŽsò‹æ","041050017001","ŠÙˆê’š–Ú","38.310084","140.794774","0","3"
"04","‹{éŒ§","04105","å‘äŽsò‹æ","041050017002","ŠÙ“ñ’š–Ú","38.314442","140.795100","0","3"
"04","‹{éŒ§","04105","å‘äŽsò‹æ","041050017003","ŠÙŽO’š–Ú","38.319768","140.797697","0","3"
"04","‹{éŒ§","04105","å‘äŽsò‹æ","041050017004","ŠÙŽl’š–Ú","38.323011","140.800470","0","3"
"04","‹{éŒ§","04105","å‘äŽsò‹æ","041050017005","ŠÙŒÜ’š–Ú","38.319370","140.802548","0","3"
"04","‹{éŒ§","04105","å‘äŽsò‹æ","041050017006","ŠÙ˜Z’š–Ú","38.317102","140.800416","0","3"
"04","‹{éŒ§","04105","å‘äŽsò‹æ","041050017007","ŠÙŽµ’š–Ú","38.312015","140.799629","0","3"
"04","‹{éŒ§","04105","å‘äŽsò‹æ","041050035001","Œjˆê’š–Ú","38.334735","140.863824","0","3"
"04","‹{éŒ§","04105","å‘äŽsò‹æ","041050035002","Œj“ñ’š–Ú","38.337102","140.858806","0","3"
"04","‹{éŒ§","04105","å‘äŽsò‹æ","041050035003","ŒjŽO’š–Ú","38.341156","140.863256","0","3"
"04","‹{éŒ§","04105","å‘äŽsò‹æ","041050035004","ŒjŽl’š–Ú","38.341932","140.867881","0","3"
"04","‹{éŒ§","04105","å‘äŽsò‹æ","041050043000","ŒÃ“à","38.321675","140.845260","0","1"
"04","‹{éŒ§","04105","å‘äŽsò‹æ","041050020001","Œü—z‘äˆê’š–Ú","38.335427","140.891286","0","3"
"04","‹{éŒ§","04105","å‘äŽsò‹æ","041050020002","Œü—z‘ä“ñ’š–Ú","38.339588","140.892889","0","3"
"04","‹{éŒ§","04105","å‘äŽsò‹æ","041050020003","Œü—z‘äŽO’š–Ú","38.340023","140.897777","0","3"
"04","‹{éŒ§","04105","å‘äŽsò‹æ","041050020004","Œü—z‘äŽl’š–Ú","38.337776","140.898454","0","3"
"04","‹{éŒ§","04105","å‘äŽsò‹æ","041050020005","Œü—z‘äŒÜ’š–Ú","38.335173","140.899525","0","3"
"04","‹{éŒ§","04105","å‘äŽsò‹æ","041050032000","‚‹Ê’¬","38.317045","140.894135","0","1"
"04","‹{éŒ§","04105","å‘äŽsò‹æ","041050008001","‚Xˆê’š–Ú","38.337037","140.841929","0","3"
"04","‹{éŒ§","04105","å‘äŽsò‹æ","041050008002","‚X“ñ’š–Ú","38.341169","140.841606","0","3"
"04","‹{éŒ§","04105","å‘äŽsò‹æ","041050008003","‚XŽO’š–Ú","38.341736","140.846965","0","3"
"04","‹{éŒ§","04105","å‘äŽsò‹æ","041050008004","‚XŽl’š–Ú","38.335294","140.847156","0","3"
"04","‹{éŒ§","04105","å‘äŽsò‹æ","041050008005","‚XŒÜ’š–Ú","38.336043","140.851534","0","3"
"04","‹{éŒ§","04105","å‘äŽsò‹æ","041050008006","‚X˜Z’š–Ú","38.341897","140.851754","0","3"
"04","‹{éŒ§","04105","å‘äŽsò‹æ","041050008007","‚XŽµ’š–Ú","38.341958","140.856971","0","3"
"04","‹{éŒ§","04105","å‘äŽsò‹æ","041050008008","‚X”ª’š–Ú","38.336366","140.854365","0","3"
"04","‹{éŒ§","04105","å‘äŽsò‹æ","041050025001","•¼ˆê’š–Ú","38.303910","140.883633","0","3"
"04","‹{éŒ§","04105","å‘äŽsò‹æ","041050025002","•¼“ñ’š–Ú","38.308360","140.881821","0","3"
"04","‹{éŒ§","04105","å‘äŽsò‹æ","041050025003","•¼ŽO’š–Ú","38.306678","140.886561","0","3"
"04","‹{éŒ§","04105","å‘äŽsò‹æ","041050051000","ª”’Î","38.355474","140.811877","0","1"
"04","‹{éŒ§","04105","å‘äŽsò‹æ","041050024001","ŽR‚ÌŽ›ˆê’š–Ú","38.329678","140.896979","0","3"
"04","‹{éŒ§","04105","å‘äŽsò‹æ","041050024002","ŽR‚ÌŽ›“ñ’š–Ú","38.332937","140.895061","0","3"
"04","‹{éŒ§","04105","å‘äŽsò‹æ","041050024003","ŽR‚ÌŽ›ŽO’š–Ú","38.334493","140.903402","0","3"
"04","‹{éŒ§","04105","å‘äŽsò‹æ","041050046000","Žs–¼â","38.321917","140.889669","0","1"
"04","‹{éŒ§","04105","å‘äŽsò‹æ","041050028001","Ž‡ŽRˆê’š–Ú","38.348626","140.831700","0","3"
"04","‹{éŒ§","04105","å‘äŽsò‹æ","041050028002","Ž‡ŽR“ñ’š–Ú","38.346572","140.829828","0","3"
"04","‹{éŒ§","04105","å‘äŽsò‹æ","041050028003","Ž‡ŽRŽO’š–Ú","38.346128","140.823937","0","3"
"04","‹{éŒ§","04105","å‘äŽsò‹æ","041050028004","Ž‡ŽRŽl’š–Ú","38.348841","140.821026","0","3"
"04","‹{éŒ§","04105","å‘äŽsò‹æ","041050028005","Ž‡ŽRŒÜ’š–Ú","38.352147","140.823571","0","3"
"04","‹{éŒ§","04105","å‘äŽsò‹æ","041050016001","Ž›‰ªˆê’š–Ú","38.337840","140.836876","0","3"
"04","‹{éŒ§","04105","å‘äŽsò‹æ","041050016002","Ž›‰ª“ñ’š–Ú","38.337175","140.830352","0","3"
"04","‹{éŒ§","04105","å‘äŽsò‹æ","041050016003","Ž›‰ªŽO’š–Ú","38.339405","140.824838","0","3"
"04","‹{éŒ§","04105","å‘äŽsò‹æ","041050016004","Ž›‰ªŽl’š–Ú","38.343042","140.823073","0","3"
"04","‹{éŒ§","04105","å‘äŽsò‹æ","041050016005","Ž›‰ªŒÜ’š–Ú","38.342920","140.829057","0","3"
"04","‹{éŒ§","04105","å‘äŽsò‹æ","041050016006","Ž›‰ª˜Z’š–Ú","38.342648","140.835157","0","3"
"04","‹{éŒ§","04105","å‘äŽsò‹æ","041050047000","Žµ–k“c","38.340435","140.883268","0","1"
"04","‹{éŒ§","04105","å‘äŽsò‹æ","041050050000","ŽÀ‘ò","38.325438","140.819620","0","1"
"04","‹{éŒ§","04105","å‘äŽsò‹æ","041050013001","Z‹g‘ä¼ˆê’š–Ú","38.326940","140.782148","0","3"
"04","‹{éŒ§","04105","å‘äŽsò‹æ","041050013002","Z‹g‘ä¼“ñ’š–Ú","38.329224","140.777775","0","3"
"04","‹{éŒ§","04105","å‘äŽsò‹æ","041050013003","Z‹g‘ä¼ŽO’š–Ú","38.331095","140.772821","0","3"
"04","‹{éŒ§","04105","å‘äŽsò‹æ","041050013004","Z‹g‘ä¼Žl’š–Ú","38.331373","140.779839","0","3"
"04","‹{éŒ§","04105","å‘äŽsò‹æ","041050007001","Z‹g‘ä“Œˆê’š–Ú","38.326149","140.786748","0","3"
"04","‹{éŒ§","04105","å‘äŽsò‹æ","041050007002","Z‹g‘ä“Œ“ñ’š–Ú","38.328943","140.785613","0","3"
"04","‹{éŒ§","04105","å‘äŽsò‹æ","041050007003","Z‹g‘ä“ŒŽO’š–Ú","38.332103","140.786107","0","3"
"04","‹{éŒ§","04105","å‘äŽsò‹æ","041050007004","Z‹g‘ä“ŒŽl’š–Ú","38.332251","140.790493","0","3"
"04","‹{éŒ§","04105","å‘äŽsò‹æ","041050007005","Z‹g‘ä“ŒŒÜ’š–Ú","38.328642","140.791188","0","3"
"04","‹{éŒ§","04105","å‘äŽsò‹æ","041050009010","«ŠÄ\’š–Ú","38.333906","140.868959","0","3"
"04","‹{éŒ§","04105","å‘äŽsò‹æ","041050009011","«ŠÄ\ˆê’š–Ú","38.338541","140.872337","0","3"
"04","‹{éŒ§","04105","å‘äŽsò‹æ","041050009012","«ŠÄ\“ñ’š–Ú","38.340137","140.872625","0","3"
"04","‹{éŒ§","04105","å‘äŽsò‹æ","041050009013","«ŠÄ\ŽO’š–Ú","38.338310","140.867930","0","3"
"04","‹{éŒ§","04105","å‘äŽsò‹æ","041050009001","«ŠÄˆê’š–Ú","38.329404","140.886984","0","3"
"04","‹{éŒ§","04105","å‘äŽsò‹æ","041050009002","«ŠÄ“ñ’š–Ú","38.330415","140.881893","0","3"
"04","‹{éŒ§","04105","å‘äŽsò‹æ","041050009003","«ŠÄŽO’š–Ú","38.333175","140.884161","0","3"
"04","‹{éŒ§","04105","å‘äŽsò‹æ","041050009004","«ŠÄŽl’š–Ú","38.336603","140.883773","0","3"
"04","‹{éŒ§","04105","å‘äŽsò‹æ","041050009005","«ŠÄŒÜ’š–Ú","38.339362","140.878227","0","3"
"04","‹{éŒ§","04105","å‘äŽsò‹æ","041050009006","«ŠÄ˜Z’š–Ú","38.337590","140.877870","0","3"
"04","‹{éŒ§","04105","å‘äŽsò‹æ","041050009007","«ŠÄŽµ’š–Ú","38.335707","140.877472","0","3"
"04","‹{éŒ§","04105","å‘äŽsò‹æ","041050009008","«ŠÄ”ª’š–Ú","38.332943","140.876829","0","3"
"04","‹{éŒ§","04105","å‘äŽsò‹æ","041050009009","«ŠÄ‹ã’š–Ú","38.331910","140.872322","0","3"
"04","‹{éŒ§","04105","å‘äŽsò‹æ","041050002001","«ŠÄ“aˆê’š–Ú","38.339831","140.881880","0","3"
"04","‹{éŒ§","04105","å‘äŽsò‹æ","041050002002","«ŠÄ“a“ñ’š–Ú","38.345091","140.876018","0","3"
"04","‹{éŒ§","04105","å‘äŽsò‹æ","041050002003","«ŠÄ“aŽO’š–Ú","38.341935","140.878450","0","3"
"04","‹{éŒ§","04105","å‘äŽsò‹æ","041050002004","«ŠÄ“aŽl’š–Ú","38.341685","140.873116","0","3"
"04","‹{éŒ§","04105","å‘äŽsò‹æ","041050002005","«ŠÄ“aŒÜ’š–Ú","38.343755","140.873105","0","3"
"04","‹{éŒ§","04105","å‘äŽsò‹æ","041050045000","¬Šp","38.329477","140.808085","0","1"
"04","‹{éŒ§","04105","å‘äŽsò‹æ","041050049000","¼X","38.308972","140.913339","0","1"
"04","‹{éŒ§","04105","å‘äŽsò‹æ","041050029001","¼—Ëˆê’š–Ú","38.322120","140.912484","0","3"
"04","‹{éŒ§","04105","å‘äŽsò‹æ","041050029002","¼—Ë“ñ’š–Ú","38.327874","140.909930","0","3"
"04","‹{éŒ§","04105","å‘äŽsò‹æ","041050029003","¼—ËŽO’š–Ú","38.333346","140.910460","0","3"
"04","‹{éŒ§","04105","å‘äŽsò‹æ","041050029004","¼—ËŽl’š–Ú","38.333071","140.916046","0","3"
"04","‹{éŒ§","04105","å‘äŽsò‹æ","041050029005","¼—ËŒÜ’š–Ú","38.328006","140.915145","0","3"
"04","‹{éŒ§","04105","å‘äŽsò‹æ","041050044000","ã’JŠ ","38.307891","140.861564","0","1"
"04","‹{éŒ§","04105","å‘äŽsò‹æ","041050005001","ã’JŠ ˆê’š–Ú","38.316113","140.876455","0","3"
"04","‹{éŒ§","04105","å‘äŽsò‹æ","041050005002","ã’JŠ “ñ’š–Ú","38.317585","140.872208","0","3"
"04","‹{éŒ§","04105","å‘äŽsò‹æ","041050005003","ã’JŠ ŽO’š–Ú","38.318010","140.868924","0","3"
"04","‹{éŒ§","04105","å‘äŽsò‹æ","041050005004","ã’JŠ Žl’š–Ú","38.314927","140.872368","0","3"
"04","‹{éŒ§","04105","å‘äŽsò‹æ","041050005005","ã’JŠ ŒÜ’š–Ú","38.313339","140.872954","0","3"
"04","‹{éŒ§","04105","å‘äŽsò‹æ","041050005006","ã’JŠ ˜Z’š–Ú","38.313961","140.879632","0","3"
"04","‹{éŒ§","04105","å‘äŽsò‹æ","041050055001","¼’†ŽRˆê’š–Ú","38.308870","140.806013","1","3"
"04","‹{éŒ§","04105","å‘äŽsò‹æ","041050055002","¼’†ŽR“ñ’š–Ú","38.304890","140.806491","1","3"
"04","‹{éŒ§","04105","å‘äŽsò‹æ","041050052000","¼“c’†","38.334369","140.759954","0","1"
"04","‹{éŒ§","04105","å‘äŽsò‹æ","041050015001","òƒP‹uˆê’š–Ú","38.351655","140.870773","0","3"
"04","‹{éŒ§","04105","å‘äŽsò‹æ","041050015002","òƒP‹u“ñ’š–Ú","38.354154","140.868863","0","3"
"04","‹{éŒ§","04105","å‘äŽsò‹æ","041050015003","òƒP‹uŽO’š–Ú","38.357999","140.870458","0","3"
"04","‹{éŒ§","04105","å‘äŽsò‹æ","041050015004","òƒP‹uŽl’š–Ú","38.358662","140.866924","0","3"
"04","‹{éŒ§","04105","å‘äŽsò‹æ","041050015005","òƒP‹uŒÜ’š–Ú","38.359025","140.863483","0","3"
"04","‹{éŒ§","04105","å‘äŽsò‹æ","041050026001","ò’†‰›ˆê’š–Ú","38.322909","140.878395","0","3"
"04","‹{éŒ§","04105","å‘äŽsò‹æ","041050026002","ò’†‰›“ñ’š–Ú","38.327710","140.880027","0","3"
"04","‹{éŒ§","04105","å‘äŽsò‹æ","041050026003","ò’†‰›ŽO’š–Ú","38.325310","140.886074","0","3"
"04","‹{éŒ§","04105","å‘äŽsò‹æ","041050026004","ò’†‰›Žl’š–Ú","38.321437","140.885203","0","3"
"04","‹{éŒ§","04105","å‘äŽsò‹æ","041050001000","ò’†‰›“ì","38.320467","140.870928","0","1"
"04","‹{éŒ§","04105","å‘äŽsò‹æ","041050036001","‘å‘òˆê’š–Ú","38.348454","140.878443","0","3"
"04","‹{éŒ§","04105","å‘äŽsò‹æ","041050036002","‘å‘ò“ñ’š–Ú","38.351283","140.876676","0","3"
"04","‹{éŒ§","04105","å‘äŽsò‹æ","041050036003","‘å‘òŽO’š–Ú","38.356076","140.875058","0","3"
"04","‹{éŒ§","04105","å‘äŽsò‹æ","041050056001","’©“úˆê’š–Ú","38.339987","140.818454","1","3"
"04","‹{éŒ§","04105","å‘äŽsò‹æ","041050056002","’©“ú“ñ’š–Ú","38.343669","140.816650","1","3"
"04","‹{éŒ§","04105","å‘äŽsò‹æ","041050030001","’·–½ƒP‹uˆê’š–Ú","38.317539","140.841230","0","3"
"04","‹{éŒ§","04105","å‘äŽsò‹æ","041050030002","’·–½ƒP‹u“ñ’š–Ú","38.313101","140.841325","0","3"
"04","‹{éŒ§","04105","å‘äŽsò‹æ","041050030003","’·–½ƒP‹uŽO’š–Ú","38.309473","140.839038","0","3"
"04","‹{éŒ§","04105","å‘äŽsò‹æ","041050030004","’·–½ƒP‹uŽl’š–Ú","38.312655","140.837684","0","3"
"04","‹{éŒ§","04105","å‘äŽsò‹æ","041050030005","’·–½ƒP‹uŒÜ’š–Ú","38.314500","140.834476","0","3"
"04","‹{éŒ§","04105","å‘äŽsò‹æ","041050030006","’·–½ƒP‹u˜Z’š–Ú","38.313164","140.830177","0","3"
"04","‹{éŒ§","04105","å‘äŽsò‹æ","041050022000","’·–½ƒP‹u“Œ","38.313619","140.843940","0","1"
"04","‹{éŒ§","04105","å‘äŽsò‹æ","041050038001","’ß‚ª‹uˆê’š–Ú","38.319299","140.925947","0","3"
"04","‹{éŒ§","04105","å‘äŽsò‹æ","041050038002","’ß‚ª‹u“ñ’š–Ú","38.321595","140.915082","0","3"
"04","‹{éŒ§","04105","å‘äŽsò‹æ","041050038003","’ß‚ª‹uŽO’š–Ú","38.322541","140.920535","0","3"
"04","‹{éŒ§","04105","å‘äŽsò‹æ","041050038004","’ß‚ª‹uŽl’š–Ú","38.326757","140.921951","0","3"
"04","‹{éŒ§","04105","å‘äŽsò‹æ","041050040001","“V_‘òˆê’š–Ú","38.325548","140.901526","1","3"
"04","‹{éŒ§","04105","å‘äŽsò‹æ","041050040002","“V_‘ò“ñ’š–Ú","38.328026","140.901556","0","3"
"04","‹{éŒ§","04105","å‘äŽsò‹æ","041050018000","“Œ•¼","38.306889","140.890077","0","1"
"04","‹{éŒ§","04105","å‘äŽsò‹æ","041050031001","“ìŒõ‘äˆê’š–Ú","38.290901","140.895051","0","3"
"04","‹{éŒ§","04105","å‘äŽsò‹æ","041050031002","“ìŒõ‘ä“ñ’š–Ú","38.292993","140.893161","0","3"
"04","‹{éŒ§","04105","å‘äŽsò‹æ","041050031003","“ìŒõ‘äŽO’š–Ú","38.295295","140.891797","0","3"
"04","‹{éŒ§","04105","å‘äŽsò‹æ","041050031004","“ìŒõ‘äŽl’š–Ú","38.298977","140.894549","0","3"
"04","‹{éŒ§","04105","å‘äŽsò‹æ","041050031005","“ìŒõ‘äŒÜ’š–Ú","38.303727","140.893989","0","3"
"04","‹{éŒ§","04105","å‘äŽsò‹æ","041050031006","“ìŒõ‘ä˜Z’š–Ú","38.304107","140.898239","0","3"
"04","‹{éŒ§","04105","å‘äŽsò‹æ","041050031007","“ìŒõ‘äŽµ’š–Ú","38.301359","140.902100","0","3"
"04","‹{éŒ§","04105","å‘äŽsò‹æ","041050011001","“ìŒõ‘ä“Œˆê’š–Ú","38.298659","140.907138","0","3"
"04","‹{éŒ§","04105","å‘äŽsò‹æ","041050011002","“ìŒõ‘ä“Œ“ñ’š–Ú","38.298541","140.912844","0","3"
"04","‹{éŒ§","04105","å‘äŽsò‹æ","041050011003","“ìŒõ‘ä“ŒŽO’š–Ú","38.302067","140.916062","0","3"
"04","‹{éŒ§","04105","å‘äŽsò‹æ","041050023001","“ìŒõ‘ä“ìˆê’š–Ú","38.295971","140.900186","0","3"
"04","‹{éŒ§","04105","å‘äŽsò‹æ","041050023002","“ìŒõ‘ä“ì“ñ’š–Ú","38.294792","140.902185","0","3"
"04","‹{éŒ§","04105","å‘äŽsò‹æ","041050023003","“ìŒõ‘ä“ìŽO’š–Ú","38.294155","140.905575","0","3"
"04","‹{éŒ§","04105","å‘äŽsò‹æ","041050014001","“ì’†ŽRˆê’š–Ú","38.301207","140.828782","0","3"
"04","‹{éŒ§","04105","å‘äŽsò‹æ","041050014002","“ì’†ŽR“ñ’š–Ú","38.307839","140.828886","0","3"
"04","‹{éŒ§","04105","å‘äŽsò‹æ","041050014003","“ì’†ŽRŽO’š–Ú","38.312916","140.826141","0","3"
"04","‹{éŒ§","04105","å‘äŽsò‹æ","041050014004","“ì’†ŽRŽl’š–Ú","38.313235","140.819486","0","3"
"04","‹{éŒ§","04105","å‘äŽsò‹æ","041050014005","“ì’†ŽRŒÜ’š–Ú","38.309686","140.811532","0","3"
"04","‹{éŒ§","04105","å‘äŽsò‹æ","041050014006","“ì’†ŽR˜Z’š–Ú","38.310189","140.821560","0","3"
"04","‹{éŒ§","04105","å‘äŽsò‹æ","041050010001","“ø‚Ì‹uˆê’š–Ú","38.305588","140.873351","0","3"
"04","‹{éŒ§","04105","å‘äŽsò‹æ","041050010002","“ø‚Ì‹u“ñ’š–Ú","38.306234","140.868302","0","3"
"04","‹{éŒ§","04105","å‘äŽsò‹æ","041050010003","“ø‚Ì‹uŽO’š–Ú","38.302069","140.868279","0","3"
"04","‹{éŒ§","04105","å‘äŽsò‹æ","041050010004","“ø‚Ì‹uŽl’š–Ú","38.304644","140.865139","0","3"
"04","‹{éŒ§","04105","å‘äŽsò‹æ","041050004001","”ª‰³—ˆê’š–Ú","38.311295","140.891968","0","3"
"04","‹{éŒ§","04105","å‘äŽsò‹æ","041050004002","”ª‰³—“ñ’š–Ú","38.309492","140.891786","0","3"
"04","‹{éŒ§","04105","å‘äŽsò‹æ","041050004003","”ª‰³—ŽO’š–Ú","38.308679","140.896035","0","3"
"04","‹{éŒ§","04105","å‘äŽsò‹æ","041050004004","”ª‰³—Žl’š–Ú","38.311335","140.897466","0","3"
"04","‹{éŒ§","04105","å‘äŽsò‹æ","041050006001","”ª‰³—’†‰›ˆê’š–Ú","38.311900","140.883608","0","3"
"04","‹{éŒ§","04105","å‘äŽsò‹æ","041050006002","”ª‰³—’†‰›“ñ’š–Ú","38.316252","140.882062","0","3"
"04","‹{éŒ§","04105","å‘äŽsò‹æ","041050006003","”ª‰³—’†‰›ŽO’š–Ú","38.314724","140.886342","0","3"
"04","‹{éŒ§","04105","å‘äŽsò‹æ","041050006004","”ª‰³—’†‰›Žl’š–Ú","38.312677","140.888597","0","3"
"04","‹{éŒ§","04105","å‘äŽsò‹æ","041050006005","”ª‰³—’†‰›ŒÜ’š–Ú","38.310560","140.886679","0","3"
"04","‹{éŒ§","04105","å‘äŽsò‹æ","041050054000","•Ÿ‰ª","38.388372","140.733106","0","1"
"04","‹{éŒ§","04105","å‘äŽsò‹æ","041050042000","•àâ’¬","38.323142","140.908451","0","1"
"04","‹{éŒ§","04105","å‘äŽsò‹æ","041050027000","–k‚X","38.345017","140.857732","0","1"
"04","‹{éŒ§","04105","å‘äŽsò‹æ","041050033001","–k’†ŽRˆê’š–Ú","38.317804","140.823017","0","3"
"04","‹{éŒ§","04105","å‘äŽsò‹æ","041050033002","–k’†ŽR“ñ’š–Ú","38.317178","140.816400","0","3"
"04","‹{éŒ§","04105","å‘äŽsò‹æ","041050033003","–k’†ŽRŽO’š–Ú","38.316783","140.810633","0","3"
"04","‹{éŒ§","04105","å‘äŽsò‹æ","041050033004","–k’†ŽRŽl’š–Ú","38.312823","140.809206","0","3"
"04","‹{éŒ§","04105","å‘äŽsò‹æ","041050053000","–p‘ò","38.391838","140.785614","0","1"
"04","‹{éŒ§","04105","å‘äŽsò‹æ","041050039000","–{“c’¬","38.323665","140.902510","1","1"
"04","‹{éŒ§","04105","å‘äŽsò‹æ","041050012001","–¾Î“ìˆê’š–Ú","38.339310","140.889459","0","3"
"04","‹{éŒ§","04105","å‘äŽsò‹æ","041050012002","–¾Î“ì“ñ’š–Ú","38.342856","140.890693","0","3"
"04","‹{éŒ§","04105","å‘äŽsò‹æ","041050012003","–¾Î“ìŽO’š–Ú","38.340706","140.886715","0","3"
"04","‹{éŒ§","04105","å‘äŽsò‹æ","041050012004","–¾Î“ìŽl’š–Ú","38.345801","140.886624","0","3"
"04","‹{éŒ§","04105","å‘äŽsò‹æ","041050012005","–¾Î“ìŒÜ’š–Ú","38.342606","140.883821","0","3"
"04","‹{éŒ§","04105","å‘äŽsò‹æ","041050012006","–¾Î“ì˜Z’š–Ú","38.346061","140.882914","0","3"
"04","‹{éŒ§","04105","å‘äŽsò‹æ","041050041001","–¾’Êˆê’š–Ú","38.348134","140.851592","0","3"
"04","‹{éŒ§","04105","å‘äŽsò‹æ","041050041002","–¾’Ê“ñ’š–Ú","38.355266","140.845676","0","3"
"04","‹{éŒ§","04105","å‘äŽsò‹æ","041050041003","–¾’ÊŽO’š–Ú","38.356839","140.855018","0","3"
"04","‹{éŒ§","04105","å‘äŽsò‹æ","041050041004","–¾’ÊŽl’š–Ú","38.354345","140.862597","0","3"
"04","‹{éŒ§","04105","å‘äŽsò‹æ","041050048000","–ì‘º","38.328211","140.858489","0","1"
"04","‹{éŒ§","04105","å‘äŽsò‹æ","041050003000","—Fˆ¤’¬","38.314207","140.893686","0","1"
"04","‹{éŒ§","04202","ÎŠªŽs","042020001001","—YŸ’¬ˆÉ¨”¨ˆê’š–Ú","38.521624","141.469946","0","3"
"04","‹{éŒ§","04202","ÎŠªŽs","042020002000","Ž­È–{’¬","38.425222","141.342484","0","1"
"04","‹{éŒ§","04202","ÎŠªŽs","042020003000","ˆ¼ì‘å’¬","38.298143","141.508720","0","1"
"04","‹{éŒ§","04202","ÎŠªŽs","042020004001","—YŸ’¬‰º—YŸˆê’š–Ú","38.520187","141.465204","0","3"
"04","‹{éŒ§","04202","ÎŠªŽs","042020004002","—YŸ’¬‰º—YŸ“ñ’š–Ú","38.520002","141.468018","0","3"
"04","‹{éŒ§","04202","ÎŠªŽs","042020004003","—YŸ’¬‰º—YŸŽO’š–Ú","38.518451","141.466514","0","3"
"04","‹{éŒ§","04202","ÎŠªŽs","042020005000","Žš[•£","38.441593","141.287778","0","1"
"04","‹{éŒ§","04202","ÎŠªŽs","042020006000","Žš“ì’J’n","38.437731","141.281801","0","1"
"04","‹{éŒ§","04202","ÎŠªŽs","042020007001","—YŸ’¬ã—YŸˆê’š–Ú","38.515672","141.464319","0","3"
"04","‹{éŒ§","04202","ÎŠªŽs","042020007002","—YŸ’¬ã—YŸ“ñ’š–Ú","38.515399","141.465286","0","3"
"04","‹{éŒ§","04202","ÎŠªŽs","042020007003","—YŸ’¬ã—YŸŽO’š–Ú","38.513293","141.461853","0","3"
"04","‹{éŒ§","04202","ÎŠªŽs","042020008001","‚…’¬ˆê’š–Ú","38.425957","141.368250","0","3"
"04","‹{éŒ§","04202","ÎŠªŽs","042020008002","‚…’¬“ñ’š–Ú","38.427803","141.368818","0","3"
"04","‹{éŒ§","04202","ÎŠªŽs","042020008003","‚…’¬ŽO’š–Ú","38.428610","141.370946","0","3"
"04","‹{éŒ§","04202","ÎŠªŽs","042020009001","V‹«’¬ˆê’š–Ú","38.445644","141.287483","0","3"
"04","‹{éŒ§","04202","ÎŠªŽs","042020009002","V‹«’¬“ñ’š–Ú","38.446115","141.288366","0","3"
"04","‹{éŒ§","04202","ÎŠªŽs","042020010001","ˆ©•½ˆê’š–Ú","38.450003","141.268762","0","3"
"04","‹{éŒ§","04202","ÎŠªŽs","042020010002","ˆ©•½“ñ’š–Ú","38.450978","141.265330","0","3"
"04","‹{éŒ§","04202","ÎŠªŽs","042020010003","ˆ©•½ŽO’š–Ú","38.449325","141.264204","0","3"
"04","‹{éŒ§","04202","ÎŠªŽs","042020010004","ˆ©•½Žl’š–Ú","38.447889","141.265755","0","3"
"04","‹{éŒ§","04202","ÎŠªŽs","042020010005","ˆ©•½ŒÜ’š–Ú","38.445409","141.264554","0","3"
"04","‹{éŒ§","04202","ÎŠªŽs","042020011001","Œ³‘qˆê’š–Ú","38.440296","141.311172","0","3"
"04","‹{éŒ§","04202","ÎŠªŽs","042020011002","Œ³‘q“ñ’š–Ú","38.441999","141.309980","0","3"
"04","‹{éŒ§","04202","ÎŠªŽs","042020012001","‰w‘O–k’Ê‚èˆê’š–Ú","38.437184","141.306066","0","3"
"04","‹{éŒ§","04202","ÎŠªŽs","042020012002","‰w‘O–k’Ê‚è“ñ’š–Ú","38.437182","141.303222","0","3"
"04","‹{éŒ§","04202","ÎŠªŽs","042020012003","‰w‘O–k’Ê‚èŽO’š–Ú","38.436994","141.301273","0","3"
"04","‹{éŒ§","04202","ÎŠªŽs","042020012004","‰w‘O–k’Ê‚èŽl’š–Ú","38.437118","141.299228","0","3"
"04","‹{éŒ§","04202","ÎŠªŽs","042020013001","’åŽRˆê’š–Ú","38.433535","141.286912","0","3"
"04","‹{éŒ§","04202","ÎŠªŽs","042020013002","’åŽR“ñ’š–Ú","38.436368","141.286802","0","3"
"04","‹{éŒ§","04202","ÎŠªŽs","042020013003","’åŽRŽO’š–Ú","38.434774","141.282834","0","3"
"04","‹{éŒ§","04202","ÎŠªŽs","042020013004","’åŽRŽl’š–Ú","38.436469","141.283128","0","3"
"04","‹{éŒ§","04202","ÎŠªŽs","042020013005","’åŽRŒÜ’š–Ú","38.438419","141.285551","0","3"
"04","‹{éŒ§","04202","ÎŠªŽs","042020014001","‹g–ì’¬ˆê’š–Ú","38.426111","141.317701","0","3"
"04","‹{éŒ§","04202","ÎŠªŽs","042020014002","‹g–ì’¬“ñ’š–Ú","38.424109","141.320067","0","3"
"04","‹{éŒ§","04202","ÎŠªŽs","042020014003","‹g–ì’¬ŽO’š–Ú","38.422804","141.321201","0","3"
"04","‹{éŒ§","04202","ÎŠªŽs","042020015001","…‰Ÿˆê’š–Ú","38.444889","141.301576","0","3"
"04","‹{éŒ§","04202","ÎŠªŽs","042020015002","…‰Ÿ“ñ’š–Ú","38.446771","141.299807","0","3"
"04","‹{éŒ§","04202","ÎŠªŽs","042020015003","…‰ŸŽO’š–Ú","38.445721","141.296015","0","3"
"04","‹{éŒ§","04202","ÎŠªŽs","042020016001","“Œ’†—¢ˆê’š–Ú","38.439358","141.307233","0","3"
"04","‹{éŒ§","04202","ÎŠªŽs","042020016002","“Œ’†—¢“ñ’š–Ú","38.440727","141.306816","0","3"
"04","‹{éŒ§","04202","ÎŠªŽs","042020016003","“Œ’†—¢ŽO’š–Ú","38.442187","141.306509","0","3"
"04","‹{éŒ§","04202","ÎŠªŽs","042020017001","—§’¬ˆê’š–Ú","38.432144","141.307457","0","3"
"04","‹{éŒ§","04202","ÎŠªŽs","042020017002","—§’¬“ñ’š–Ú","38.432106","141.305862","0","3"
"04","‹{éŒ§","04202","ÎŠªŽs","042020018001","–©’¬ˆê’š–Ú","38.426228","141.314312","0","3"
"04","‹{éŒ§","04202","ÎŠªŽs","042020018002","–©’¬“ñ’š–Ú","38.424358","141.316678","0","3"
"04","‹{éŒ§","04202","ÎŠªŽs","042020018003","–©’¬ŽO’š–Ú","38.422664","141.318180","0","3"
"04","‹{éŒ§","04202","ÎŠªŽs","042020018004","–©’¬Žl’š–Ú","38.421406","141.319737","0","3"
"04","‹{éŒ§","04202","ÎŠªŽs","042020019001","“ì’†—¢ˆê’š–Ú","38.439835","141.303732","0","3"
"04","‹{éŒ§","04202","ÎŠªŽs","042020019002","“ì’†—¢“ñ’š–Ú","38.439636","141.301419","0","3"
"04","‹{éŒ§","04202","ÎŠªŽs","042020019003","“ì’†—¢ŽO’š–Ú","38.439403","141.298401","0","3"
"04","‹{éŒ§","04202","ÎŠªŽs","042020019004","“ì’†—¢Žl’š–Ú","38.439280","141.295789","0","3"
"04","‹{éŒ§","04202","ÎŠªŽs","042020020001","—Î’¬ˆê’š–Ú","38.417268","141.337223","0","3"
"04","‹{éŒ§","04202","ÎŠªŽs","042020020002","—Î’¬“ñ’š–Ú","38.417267","141.341791","0","3"
"04","‹{éŒ§","04202","ÎŠªŽs","042020021001","’zŽRˆê’š–Ú","38.427999","141.275153","0","3"
"04","‹{éŒ§","04202","ÎŠªŽs","042020021002","’zŽR“ñ’š–Ú","38.426913","141.276187","0","3"
"04","‹{éŒ§","04202","ÎŠªŽs","042020021003","’zŽRŽO’š–Ú","38.424266","141.276263","0","3"
"04","‹{éŒ§","04202","ÎŠªŽs","042020021004","’zŽRŽl’š–Ú","38.424174","141.274602","0","3"
"04","‹{éŒ§","04202","ÎŠªŽs","042020022000","Œã¶‹´","38.421846","141.367166","0","1"
"04","‹{éŒ§","04202","ÎŠªŽs","042020023001","”ü‰€ˆê’š–Ú","38.453476","141.300202","0","3"
"04","‹{éŒ§","04202","ÎŠªŽs","042020023002","”ü‰€“ñ’š–Ú","38.454928","141.299602","0","3"
"04","‹{éŒ§","04202","ÎŠªŽs","042020023003","”ü‰€ŽO’š–Ú","38.457687","141.302740","0","3"
"04","‹{éŒ§","04202","ÎŠªŽs","042020024001","“c“¹’¬ˆê’š–Ú","38.436141","141.295672","0","3"
"04","‹{éŒ§","04202","ÎŠªŽs","042020024002","“c“¹’¬“ñ’š–Ú","38.437243","141.292802","0","3"
"04","‹{éŒ§","04202","ÎŠªŽs","042020025001","Ž­È“ìˆê’š–Ú","38.420683","141.340335","0","3"
"04","‹{éŒ§","04202","ÎŠªŽs","042020025002","Ž­È“ì“ñ’š–Ú","38.421147","141.343382","0","3"
"04","‹{éŒ§","04202","ÎŠªŽs","042020025003","Ž­È“ìŽO’š–Ú","38.418774","141.343008","0","3"
"04","‹{éŒ§","04202","ÎŠªŽs","042020025004","Ž­È“ìŽl’š–Ú","38.418514","141.345830","0","3"
"04","‹{éŒ§","04202","ÎŠªŽs","042020025005","Ž­È“ìŒÜ’š–Ú","38.421130","141.346004","0","3"
"04","‹{éŒ§","04202","ÎŠªŽs","042020026000","ˆ®’¬","38.437501","141.309143","0","1"
"04","‹{éŒ§","04202","ÎŠªŽs","042020027001","’†‰›ˆê’š–Ú","38.429242","141.307746","0","3"
"04","‹{éŒ§","04202","ÎŠªŽs","042020027002","’†‰›“ñ’š–Ú","38.430805","141.308919","0","3"
"04","‹{éŒ§","04202","ÎŠªŽs","042020027003","’†‰›ŽO’š–Ú","38.432626","141.310078","0","3"
"04","‹{éŒ§","04202","ÎŠªŽs","042020028001","Ž­È–kˆê’š–Ú","38.422803","141.343213","0","3"
"04","‹{éŒ§","04202","ÎŠªŽs","042020028002","Ž­È–k“ñ’š–Ú","38.424831","141.346133","0","3"
"04","‹{éŒ§","04202","ÎŠªŽs","042020028003","Ž­È–kŽO’š–Ú","38.425631","141.344003","0","3"
"04","‹{éŒ§","04202","ÎŠªŽs","042020029001","’†‰Yˆê’š–Ú","38.428489","141.268592","0","3"
"04","‹{éŒ§","04202","ÎŠªŽs","042020029002","’†‰Y“ñ’š–Ú","38.423963","141.268828","0","3"
"04","‹{éŒ§","04202","ÎŠªŽs","042020030001","‘å–å’¬ˆê’š–Ú","38.418936","141.317893","0","3"
"04","‹{éŒ§","04202","ÎŠªŽs","042020030002","‘å–å’¬“ñ’š–Ú","38.418959","141.319994","0","3"
"04","‹{éŒ§","04202","ÎŠªŽs","042020030003","‘å–å’¬ŽO’š–Ú","38.420087","141.323043","0","3"
"04","‹{éŒ§","04202","ÎŠªŽs","042020030004","‘å–å’¬Žl’š–Ú","38.418335","141.322949","0","3"
"04","‹{éŒ§","04202","ÎŠªŽs","042020031001","’†—¢ˆê’š–Ú","38.442310","141.303767","0","3"
"04","‹{éŒ§","04202","ÎŠªŽs","042020031002","’†—¢“ñ’š–Ú","38.442396","141.301064","0","3"
"04","‹{éŒ§","04202","ÎŠªŽs","042020031003","’†—¢ŽO’š–Ú","38.442513","141.298380","0","3"
"04","‹{éŒ§","04202","ÎŠªŽs","042020031004","’†—¢Žl’š–Ú","38.441905","141.294211","0","3"
"04","‹{éŒ§","04202","ÎŠªŽs","042020031005","’†—¢ŒÜ’š–Ú","38.443695","141.295721","0","3"
"04","‹{éŒ§","04202","ÎŠªŽs","042020031006","’†—¢˜Z’š–Ú","38.443014","141.290939","0","3"
"04","‹{éŒ§","04202","ÎŠªŽs","042020031007","’†—¢Žµ’š–Ú","38.445062","141.292294","0","3"
"04","‹{éŒ§","04202","ÎŠªŽs","042020032001","ŠÛˆäŒËˆê’š–Ú","38.444573","141.284364","0","3"
"04","‹{éŒ§","04202","ÎŠªŽs","042020032002","ŠÛˆäŒË“ñ’š–Ú","38.446050","141.281292","0","3"
"04","‹{éŒ§","04202","ÎŠªŽs","042020032003","ŠÛˆäŒËŽO’š–Ú","38.447483","141.277085","0","3"
"04","‹{éŒ§","04202","ÎŠªŽs","042020033001","“ú˜a‚ª‹uˆê’š–Ú","38.425865","141.304977","0","3"
"04","‹{éŒ§","04202","ÎŠªŽs","042020033002","“ú˜a‚ª‹u“ñ’š–Ú","38.423233","141.306666","0","3"
"04","‹{éŒ§","04202","ÎŠªŽs","042020033003","“ú˜a‚ª‹uŽO’š–Ú","38.424149","141.302656","0","3"
"04","‹{éŒ§","04202","ÎŠªŽs","042020033004","“ú˜a‚ª‹uŽl’š–Ú","38.422163","141.301719","0","3"
"04","‹{éŒ§","04202","ÎŠªŽs","042020034000","ŽO˜a’¬","38.419633","141.367945","0","1"
"04","‹{éŒ§","04202","ÎŠªŽs","042020035001","ŽOƒcŒÒˆê’š–Ú","38.429174","141.271589","0","3"
"04","‹{éŒ§","04202","ÎŠªŽs","042020035002","ŽOƒcŒÒ“ñ’š–Ú","38.427575","141.271251","0","3"
"04","‹{éŒ§","04202","ÎŠªŽs","042020035003","ŽOƒcŒÒŽO’š–Ú","38.423541","141.272552","0","3"
"04","‹{éŒ§","04202","ÎŠªŽs","042020035004","ŽOƒcŒÒŽl’š–Ú","38.423589","141.270183","0","3"
"04","‹{éŒ§","04202","ÎŠªŽs","042020036001","‚í‚©‚Îˆê’š–Ú","38.453521","141.282159","0","3"
"04","‹{éŒ§","04202","ÎŠªŽs","042020036002","‚í‚©‚Î“ñ’š–Ú","38.456183","141.280942","0","3"
"04","‹{éŒ§","04202","ÎŠªŽs","042020036003","‚í‚©‚ÎŽO’š–Ú","38.455049","141.279244","0","3"
"04","‹{éŒ§","04202","ÎŠªŽs","042020037000","‰F“cì’¬","38.421807","141.369050","0","1"
"04","‹{éŒ§","04202","ÎŠªŽs","042020038000","•l¼’¬","38.417116","141.358693","0","1"
"04","‹{éŒ§","04202","ÎŠªŽs","042020039001","VŠÙˆê’š–Ú","38.427745","141.266961","0","3"
"04","‹{éŒ§","04202","ÎŠªŽs","042020039002","VŠÙ“ñ’š–Ú","38.423290","141.267201","0","3"
"04","‹{éŒ§","04202","ÎŠªŽs","042020039003","VŠÙŽO’š–Ú","38.427285","141.265125","0","3"
"04","‹{éŒ§","04202","ÎŠªŽs","042020040000","ˆÉ¨’¬","38.418443","141.360135","0","1"
"04","‹{éŒ§","04202","ÎŠªŽs","042020041000","K’¬","38.413943","141.367003","0","1"
"04","‹{éŒ§","04202","ÎŠªŽs","042020042001","‚ ‚¯‚Ú‚Ìˆê’š–Ú","38.451275","141.274512","0","3"
"04","‹{éŒ§","04202","ÎŠªŽs","042020042002","‚ ‚¯‚Ú‚Ì“ñ’š–Ú","38.450619","141.272243","0","3"
"04","‹{éŒ§","04202","ÎŠªŽs","042020042003","‚ ‚¯‚Ú‚ÌŽO’š–Ú","38.454468","141.274634","0","3"
"04","‹{éŒ§","04202","ÎŠªŽs","042020043001","–¾_’¬ˆê’š–Ú","38.416449","141.318921","0","3"
"04","‹{éŒ§","04202","ÎŠªŽs","042020043002","–¾_’¬“ñ’š–Ú","38.416859","141.324009","0","3"
"04","‹{éŒ§","04202","ÎŠªŽs","042020044000","––L’¬","38.431813","141.290173","0","1"
"04","‹{éŒ§","04202","ÎŠªŽs","042020045001","…–¾–kˆê’š–Ú","38.443256","141.318073","0","3"
"04","‹{éŒ§","04202","ÎŠªŽs","042020045002","…–¾–k“ñ’š–Ú","38.444561","141.317315","0","3"
"04","‹{éŒ§","04202","ÎŠªŽs","042020045003","…–¾–kŽO’š–Ú","38.444670","141.322376","0","3"
"04","‹{éŒ§","04202","ÎŠªŽs","042020046001","“ì•l’¬ˆê’š–Ú","38.417171","141.307158","0","3"
"04","‹{éŒ§","04202","ÎŠªŽs","042020046002","“ì•l’¬“ñ’š–Ú","38.417569","141.303733","0","3"
"04","‹{éŒ§","04202","ÎŠªŽs","042020046003","“ì•l’¬ŽO’š–Ú","38.417775","141.301119","0","3"
"04","‹{éŒ§","04202","ÎŠªŽs","042020046004","“ì•l’¬Žl’š–Ú","38.418094","141.298331","0","3"
"04","‹{éŒ§","04202","ÎŠªŽs","042020047000","’’‘Kê","38.434909","141.305368","0","1"
"04","‹{éŒ§","04202","ÎŠªŽs","042020048001","‘åŠX“¹“Œˆê’š–Ú","38.428185","141.287783","0","3"
"04","‹{éŒ§","04202","ÎŠªŽs","042020048002","‘åŠX“¹“Œ“ñ’š–Ú","38.424971","141.288275","0","3"
"04","‹{éŒ§","04202","ÎŠªŽs","042020048003","‘åŠX“¹“ŒŽO’š–Ú","38.425091","141.284866","0","3"
"04","‹{éŒ§","04202","ÎŠªŽs","042020048004","‘åŠX“¹“ŒŽl’š–Ú","38.428311","141.284479","0","3"
"04","‹{éŒ§","04202","ÎŠªŽs","042020049001","“n”g’¬ˆê’š–Ú","38.418720","141.364078","0","3"
"04","‹{éŒ§","04202","ÎŠªŽs","042020049002","“n”g’¬“ñ’š–Ú","38.417368","141.365917","0","3"
"04","‹{éŒ§","04202","ÎŠªŽs","042020049003","“n”g’¬ŽO’š–Ú","38.416186","141.368773","0","3"
"04","‹{éŒ§","04202","ÎŠªŽs","042020050001","‘åŠX“¹¼ˆê’š–Ú","38.432908","141.277313","0","3"
"04","‹{éŒ§","04202","ÎŠªŽs","042020050002","‘åŠX“¹¼“ñ’š–Ú","38.432309","141.274678","0","3"
"04","‹{éŒ§","04202","ÎŠªŽs","042020050003","‘åŠX“¹¼ŽO’š–Ú","38.431699","141.271830","0","3"
"04","‹{éŒ§","04202","ÎŠªŽs","042020051001","–å˜e’¬ˆê’š–Ú","38.426190","141.308466","0","3"
"04","‹{éŒ§","04202","ÎŠªŽs","042020051002","–å˜e’¬“ñ’š–Ú","38.422976","141.309945","0","3"
"04","‹{éŒ§","04202","ÎŠªŽs","042020051003","–å˜e’¬ŽO’š–Ú","38.420021","141.309097","0","3"
"04","‹{éŒ§","04202","ÎŠªŽs","042020051004","–å˜e’¬Žl’š–Ú","38.420501","141.305751","0","3"
"04","‹{éŒ§","04202","ÎŠªŽs","042020051005","–å˜e’¬ŒÜ’š–Ú","38.420246","141.300304","0","3"
"04","‹{éŒ§","04202","ÎŠªŽs","042020052001","ŠJ–kˆê’š–Ú","38.444712","141.306796","0","3"
"04","‹{éŒ§","04202","ÎŠªŽs","042020052002","ŠJ–k“ñ’š–Ú","38.445070","141.303914","0","3"
"04","‹{éŒ§","04202","ÎŠªŽs","042020052003","ŠJ–kŽO’š–Ú","38.447548","141.303793","0","3"
"04","‹{éŒ§","04202","ÎŠªŽs","042020052004","ŠJ–kŽl’š–Ú","38.448350","141.306937","0","3"
"04","‹{éŒ§","04202","ÎŠªŽs","042020053001","’†‰®•~ˆê’š–Ú","38.426544","141.263166","0","3"
"04","‹{éŒ§","04202","ÎŠªŽs","042020053002","’†‰®•~“ñ’š–Ú","38.422718","141.264681","0","3"
"04","‹{éŒ§","04202","ÎŠªŽs","042020054000","çÎ’¬","38.434968","141.308559","0","1"
"04","‹{éŒ§","04202","ÎŠªŽs","042020055001","‘åŠX“¹–kˆê’š–Ú","38.431066","141.287303","0","3"
"04","‹{éŒ§","04202","ÎŠªŽs","042020055002","‘åŠX“¹–k“ñ’š–Ú","38.431709","141.284198","0","3"
"04","‹{éŒ§","04202","ÎŠªŽs","042020055003","‘åŠX“¹–kŽO’š–Ú","38.431286","141.280746","0","3"
"04","‹{éŒ§","04202","ÎŠªŽs","042020055004","‘åŠX“¹–kŽl’š–Ú","38.434087","141.279893","0","3"
"04","‹{éŒ§","04202","ÎŠªŽs","042020056001","ò’¬ˆê’š–Ú","38.427393","141.302020","0","3"
"04","‹{éŒ§","04202","ÎŠªŽs","042020056002","ò’¬“ñ’š–Ú","38.429180","141.301761","0","3"
"04","‹{éŒ§","04202","ÎŠªŽs","042020056003","ò’¬ŽO’š–Ú","38.429679","141.296779","0","3"
"04","‹{éŒ§","04202","ÎŠªŽs","042020056004","ò’¬Žl’š–Ú","38.426950","141.296363","0","3"
"04","‹{éŒ§","04202","ÎŠªŽs","042020057001","‘åŠX“¹“ìˆê’š–Ú","38.428490","141.281538","0","3"
"04","‹{éŒ§","04202","ÎŠªŽs","042020057002","‘åŠX“¹“ì“ñ’š–Ú","38.425678","141.281403","0","3"
"04","‹{éŒ§","04202","ÎŠªŽs","042020057003","‘åŠX“¹“ìŽO’š–Ú","38.423683","141.281668","0","3"
"04","‹{éŒ§","04202","ÎŠªŽs","042020057004","‘åŠX“¹“ìŽl’š–Ú","38.424641","141.278531","0","3"
"04","‹{éŒ§","04202","ÎŠªŽs","042020057005","‘åŠX“¹“ìŒÜ’š–Ú","38.428400","141.278541","0","3"
"04","‹{éŒ§","04202","ÎŠªŽs","042020058001","´…’¬ˆê’š–Ú","38.437041","141.296914","0","3"
"04","‹{éŒ§","04202","ÎŠªŽs","042020058002","´…’¬“ñ’š–Ú","38.440725","141.291193","0","3"
"04","‹{éŒ§","04202","ÎŠªŽs","042020059001","ìŒû’¬ˆê’š–Ú","38.422072","141.314737","0","3"
"04","‹{éŒ§","04202","ÎŠªŽs","042020059002","ìŒû’¬“ñ’š–Ú","38.420109","141.316274","0","3"
"04","‹{éŒ§","04202","ÎŠªŽs","042020059003","ìŒû’¬ŽO’š–Ú","38.417233","141.314689","0","3"
"04","‹{éŒ§","04202","ÎŠªŽs","042020060001","‘å‹´ˆê’š–Ú","38.444358","141.311542","0","3"
"04","‹{éŒ§","04202","ÎŠªŽs","042020060002","‘å‹´“ñ’š–Ú","38.439547","141.315461","0","3"
"04","‹{éŒ§","04202","ÎŠªŽs","042020060003","‘å‹´ŽO’š–Ú","38.442766","141.310668","0","3"
"04","‹{éŒ§","04202","ÎŠªŽs","042020061001","ˆÉŒ´’Ãˆê’š–Ú","38.421764","141.336169","0","3"
"04","‹{éŒ§","04202","ÎŠªŽs","042020061002","ˆÉŒ´’Ã“ñ’š–Ú","38.419705","141.337285","0","3"
"04","‹{éŒ§","04202","ÎŠªŽs","042020062001","‰–•x’¬ˆê’š–Ú","38.419748","141.372363","0","3"
"04","‹{éŒ§","04202","ÎŠªŽs","042020062002","‰–•x’¬“ñ’š–Ú","38.422717","141.371886","0","3"
"04","‹{éŒ§","04202","ÎŠªŽs","042020063000","‹XŽR’¬","38.424835","141.295238","0","1"
"04","‹{éŒ§","04202","ÎŠªŽs","042020064001","”ª”¦’¬ˆê’š–Ú","38.429075","141.313548","0","3"
"04","‹{éŒ§","04202","ÎŠªŽs","042020064002","”ª”¦’¬“ñ’š–Ú","38.432322","141.314031","0","3"
"04","‹{éŒ§","04202","ÎŠªŽs","042020065000","‘å‹{’¬","38.415526","141.363891","0","1"
"04","‹{éŒ§","04202","ÎŠªŽs","042020066001","Œü—z’¬ˆê’š–Ú","38.447474","141.282258","0","3"
"04","‹{éŒ§","04202","ÎŠªŽs","042020066002","Œü—z’¬“ñ’š–Ú","38.450733","141.281895","0","3"
"04","‹{éŒ§","04202","ÎŠªŽs","042020066003","Œü—z’¬ŽO’š–Ú","38.449293","141.278424","0","3"
"04","‹{éŒ§","04202","ÎŠªŽs","042020066004","Œü—z’¬Žl’š–Ú","38.452242","141.278760","0","3"
"04","‹{éŒ§","04202","ÎŠªŽs","042020066005","Œü—z’¬ŒÜ’š–Ú","38.452229","141.276297","0","3"
"04","‹{éŒ§","04202","ÎŠªŽs","042020067000","–œÎ’¬","38.418226","141.370853","0","1"
"04","‹{éŒ§","04202","ÎŠªŽs","042020068001","Z‹g’¬ˆê’š–Ú","38.434672","141.311699","0","3"
"04","‹{éŒ§","04202","ÎŠªŽs","042020068002","Z‹g’¬“ñ’š–Ú","38.437857","141.312577","0","3"
"04","‹{éŒ§","04202","ÎŠªŽs","042020069000","’·•l’¬","38.412415","141.363282","0","1"
"04","‹{éŒ§","04202","ÎŠªŽs","042020070000","‹Ñ’¬","38.435936","141.290170","0","1"
"04","‹{éŒ§","04202","ÎŠªŽs","042020071001","¼•Àˆê’š–Ú","38.417493","141.328569","0","3"
"04","‹{éŒ§","04202","ÎŠªŽs","042020071002","¼•À“ñ’š–Ú","38.417395","141.332989","0","3"
"04","‹{éŒ§","04202","ÎŠªŽs","042020072001","ŽR‰º’¬ˆê’š–Ú","38.433299","141.295482","0","3"
"04","‹{éŒ§","04202","ÎŠªŽs","042020072002","ŽR‰º’¬“ñ’š–Ú","38.430976","141.292716","0","3"
"04","‹{éŒ§","04202","ÎŠªŽs","042020073000","¼Œ´’¬","38.414423","141.359976","0","1"
"04","‹{éŒ§","04202","ÎŠªŽs","042020074000","¼ŽR’¬","38.434453","141.292179","0","1"
"04","‹{éŒ§","04202","ÎŠªŽs","042020075001","•s“®’¬ˆê’š–Ú","38.434861","141.315446","0","3"
"04","‹{éŒ§","04202","ÎŠªŽs","042020075002","•s“®’¬“ñ’š–Ú","38.436856","141.318145","0","3"
"04","‹{éŒ§","04202","ÎŠªŽs","042020076001","V‰hˆê’š–Ú","38.446380","141.332434","0","3"
"04","‹{éŒ§","04202","ÎŠªŽs","042020076002","V‰h“ñ’š–Ú","38.448317","141.336896","0","3"
"04","‹{éŒ§","04202","ÎŠªŽs","042020077000","‘åŽè’¬","38.424509","141.299382","0","1"
"04","‹{éŒ§","04202","ÎŠªŽs","042020078000","’’¬","38.434257","141.301374","0","1"
"04","‹{éŒ§","04202","ÎŠªŽs","042020079000","V‹´","38.439537","141.289342","0","1"
"04","‹{éŒ§","04202","ÎŠªŽs","042020080001","‰H•’¬ˆê’š–Ú","38.430825","141.303383","0","3"
"04","‹{éŒ§","04202","ÎŠªŽs","042020080002","‰H•’¬“ñ’š–Ú","38.431881","141.298678","0","3"
"04","‹{éŒ§","04202","ÎŠªŽs","042020081001","“ìŒõ’¬ˆê’š–Ú","38.421880","141.297510","0","3"
"04","‹{éŒ§","04202","ÎŠªŽs","042020081002","“ìŒõ’¬“ñ’š–Ú","38.420358","141.291150","0","3"
"04","‹{éŒ§","04202","ÎŠªŽs","042020082000","’†£","38.428148","141.310815","0","1"
"04","‹{éŒ§","04202","ÎŠªŽs","042020083001","…–¾“ìˆê’š–Ú","38.441109","141.319084","0","3"
"04","‹{éŒ§","04202","ÎŠªŽs","042020083002","…–¾“ì“ñ’š–Ú","38.442557","141.324586","0","3"
"04","‹{éŒ§","04202","ÎŠªŽs","042020084000","‘o—t’¬","38.426547","141.291380","0","1"
"04","‹{éŒ§","04202","ÎŠªŽs","042020085000","ÎŠª","38.446315","141.317367","0","1"
"04","‹{éŒ§","04202","ÎŠªŽs","042020086001","‰_–ì’¬ˆê’š–Ú","38.414913","141.303944","0","3"
"04","‹{éŒ§","04202","ÎŠªŽs","042020086002","‰_–ì’¬“ñ’š–Ú","38.409970","141.290594","0","3"
"04","‹{éŒ§","04202","ÎŠªŽs","042020087000","’†“‡’¬","38.418492","141.274028","0","1"
"04","‹{éŒ§","04202","ÎŠªŽs","042020088000","ŠJ¬","38.462027","141.307466","0","1"
"04","‹{éŒ§","04202","ÎŠªŽs","042020089001","‹›’¬ˆê’š–Ú","38.411726","141.317839","0","3"
"04","‹{éŒ§","04202","ÎŠªŽs","042020089002","‹›’¬“ñ’š–Ú","38.411492","141.326919","0","3"
"04","‹{éŒ§","04202","ÎŠªŽs","042020089003","‹›’¬ŽO’š–Ú","38.414965","141.340945","0","3"
"04","‹{éŒ§","04202","ÎŠªŽs","042020090000","ŽO‰Í’¬","38.419636","141.280187","0","1"
"04","‹{éŒ§","04202","ÎŠªŽs","042020091000","—YŸ’¬–¾_","38.521584","141.481470","0","1"
"04","‹{éŒ§","04202","ÎŠªŽs","042020092000","—YŸ’¬¬“‡","38.515467","141.488875","0","1"
"04","‹{éŒ§","04202","ÎŠªŽs","042020093000","ªŠÝ","38.443117","141.351654","0","1"
"04","‹{éŒ§","04202","ÎŠªŽs","042020094000","ŒŽ‰Y","38.385712","141.427408","0","1"
"04","‹{éŒ§","04202","ÎŠªŽs","042020095000","’ªŒ©’¬","38.414275","141.280849","0","1"
"04","‹{éŒ§","04202","ÎŠªŽs","042020096000","—YŸ’¬ŒF‘ò","38.505853","141.536362","0","1"
"04","‹{éŒ§","04202","ÎŠªŽs","042020097000","¼•l’¬","38.408963","141.257172","0","1"
"04","‹{éŒ§","04202","ÎŠªŽs","042020098000","—YŸ’¬‘å•l","38.518127","141.515117","0","1"
"04","‹{éŒ§","04202","ÎŠªŽs","042020099000","—YŸ’¬ŒK•l","38.493995","141.532216","0","1"
"04","‹{éŒ§","04202","ÎŠªŽs","042020100000","“¶’¬˜e’J","38.598436","141.285663","0","1"
"04","‹{éŒ§","04202","ÎŠªŽs","042020101000","—YŸ’¬—§•l","38.504858","141.520078","0","1"
"04","‹{éŒ§","04202","ÎŠªŽs","042020102000","’|•l","38.359479","141.431446","0","1"
"04","‹{éŒ§","04202","ÎŠªŽs","042020103000","d‹g’¬","38.417323","141.257619","0","1"
"04","‹{éŒ§","04202","ÎŠªŽs","042020104000","Ž˜•l","38.385626","141.436977","0","1"
"04","‹{éŒ§","04202","ÎŠªŽs","042020105000","–q•l","38.364129","141.441033","0","1"
"04","‹{éŒ§","04202","ÎŠªŽs","042020106000","“¶’¬‹“c","38.581176","141.264898","0","1"
"04","‹{éŒ§","04202","ÎŠªŽs","042020107000","‘å’Jì•l","38.370491","141.478127","0","1"
"04","‹{éŒ§","04202","ÎŠªŽs","042020108000","´…“c•l","38.345884","141.466770","0","1"
"04","‹{éŒ§","04202","ÎŠªŽs","042020109000","‘O–Ô•l","38.391584","141.508593","0","1"
"04","‹{éŒ§","04202","ÎŠªŽs","042020110000","VŽR•l","38.331412","141.525532","0","1"
"04","‹{éŒ§","04202","ÎŠªŽs","042020111000","ˆä“à","38.445783","141.341121","0","1"
"04","‹{éŒ§","04202","ÎŠªŽs","042020112000","—¬—¯","38.428287","141.379412","0","1"
"04","‹{éŒ§","04202","ÎŠªŽs","042020113000","¬–Ô‘q•l","38.351528","141.456232","0","1"
"04","‹{éŒ§","04202","ÎŠªŽs","042020114000","—YŸ’¬‘å{","38.522380","141.538830","0","1"
"04","‹{éŒ§","04202","ÎŠªŽs","042020115000","•Ÿ‹M‰Y","38.352243","141.450228","0","1"
"04","‹{éŒ§","04202","ÎŠªŽs","042020116000","–k‹«","38.474166","141.308820","0","1"
"04","‹{éŒ§","04202","ÎŠªŽs","042020117000","¬’|•l","38.392951","141.385282","0","1"
"04","‹{éŒ§","04202","ÎŠªŽs","042020118000","“¶’¬é“à","38.560883","141.259060","0","1"
"04","‹{éŒ§","04202","ÎŠªŽs","042020119000","–å˜e","38.428009","141.260131","0","1"
"04","‹{éŒ§","04202","ÎŠªŽs","042020120000","Šñˆé•l","38.391825","141.527923","0","1"
"04","‹{éŒ§","04202","ÎŠªŽs","042020121000","—YŸ’¬•ª•l","38.494537","141.488031","0","1"
"04","‹{éŒ§","04202","ÎŠªŽs","042020122000","“¶’¬’†’ÃŽR","38.561138","141.241543","0","1"
"04","‹{éŒ§","04202","ÎŠªŽs","042020123000","”‘•l","38.353573","141.517558","0","1"
"04","‹{éŒ§","04202","ÎŠªŽs","042020124000","“¶’¬V“c","38.548289","141.242429","0","1"
"04","‹{éŒ§","04202","ÎŠªŽs","042020125000","“¶’¬‘qšÁ","38.595859","141.274322","0","1"
"04","‹{éŒ§","04202","ÎŠªŽs","042020126000","ŽL‰Y","38.385541","141.488156","0","1"
"04","‹{éŒ§","04202","ÎŠªŽs","042020127000","’Jì•l","38.362791","141.488810","0","1"
"04","‹{éŒ§","04202","ÎŠªŽs","042020128000","“¶’¬Ž›è","38.572038","141.252570","0","1"
"04","‹{éŒ§","04202","ÎŠªŽs","042020129000","–kã’¬’·”ö","38.558058","141.394561","0","1"
"04","‹{éŒ§","04202","ÎŠªŽs","042020130000","“¶’¬‹‹l’¬","38.535526","141.253856","0","1"
"04","‹{éŒ§","04202","ÎŠªŽs","042020131000","‰¬•l","38.382295","141.449925","0","1"
"04","‹{éŒ§","04202","ÎŠªŽs","042020132000","—YŸ’¬…•l","38.500995","141.477700","0","1"
"04","‹{éŒ§","04202","ÎŠªŽs","042020133000","“c‘ã•l","38.298565","141.417588","0","1"
"04","‹{éŒ§","04202","ÎŠªŽs","042020134000","–Ô’n•l","38.273056","141.471298","0","1"
"04","‹{éŒ§","04202","ÎŠªŽs","042020135000","À’Ã","38.451887","141.383503","0","1"
"04","‹{éŒ§","04202","ÎŠªŽs","042020136000","‘Š–ì’J","38.525949","141.320102","0","1"
"04","‹{éŒ§","04202","ÎŠªŽs","042020137000","Ü•l","38.401011","141.397115","0","1"
"04","‹{éŒ§","04202","ÎŠªŽs","042020138000","“¶’¬‰iˆä","38.579848","141.278188","0","1"
"04","‹{éŒ§","04202","ÎŠªŽs","042020139000","\”ª¬•l","38.310532","141.493790","0","1"
"04","‹{éŒ§","04202","ÎŠªŽs","042020140000","’·“n•l","38.259218","141.481513","0","1"
"04","‹{éŒ§","04202","ÎŠªŽs","042020141000","‘åŒ´•l","38.340070","141.481746","0","1"
"04","‹{éŒ§","04202","ÎŠªŽs","042020142000","“¶’¬_Žæ","38.530220","141.240429","0","1"
"04","‹{éŒ§","04202","ÎŠªŽs","042020143000","—YŸ’¬‘D‰z","38.537126","141.519868","0","1"
"04","‹{éŒ§","04202","ÎŠªŽs","042020144000","¬Ï•l","38.374138","141.465914","0","1"
"04","‹{éŒ§","04202","ÎŠªŽs","042020145000","—YŸ’¬–¼U","38.531271","141.491685","0","1"
"04","‹{éŒ§","04202","ÎŠªŽs","042020146000","“¶’¬‚{‰ê","38.514148","141.244008","0","1"
"04","‹{éŒ§","04202","ÎŠªŽs","042020147000","’†–ì","38.533820","141.358796","0","1"
"04","‹{éŒ§","04202","ÎŠªŽs","042020148000","”Ñ–ì","38.534062","141.287262","0","1"
"04","‹{éŒ§","04202","ÎŠªŽs","042020149000","“Œ•Ÿ“c","38.483004","141.321688","0","1"
"04","‹{éŒ§","04202","ÎŠªŽs","042020150000","–©","38.430560","141.330647","0","1"
"04","‹{éŒ§","04202","ÎŠªŽs","042020151000","‚–Ø","38.476481","141.349749","0","1"
"04","‹{éŒ§","04202","ÎŠªŽs","042020152000","“ì‹«","38.463492","141.313069","0","1"
"04","‹{éŒ§","04202","ÎŠªŽs","042020153000","’†“‡","38.532870","141.329732","0","1"
"04","‹{éŒ§","04202","ÎŠªŽs","042020154000","”nˆÆ","38.556118","141.368453","0","1"
"04","‹{éŒ§","04202","ÎŠªŽs","042020155000","Š˜’J","38.543698","141.436819","0","1"
"04","‹{éŒ§","04202","ÎŠªŽs","042020156000","“‰Y","38.401945","141.435182","0","1"
"04","‹{éŒ§","04202","ÎŠªŽs","042020157000","‘åX","38.498883","141.314888","0","1"
"04","‹{éŒ§","04202","ÎŠªŽs","042020158000","“¶’¬Š~è","38.569094","141.290074","0","1"
"04","‹{éŒ§","04202","ÎŠªŽs","042020159000","‘å‰Z","38.458745","141.332047","0","1"
"04","‹{éŒ§","04202","ÎŠªŽs","042020160000","–kã’¬‹´‰Y","38.550803","141.386313","0","1"
"04","‹{éŒ§","04202","ÎŠªŽs","042020161000","‘ò“c","38.442688","141.380291","0","1"
"04","‹{éŒ§","04202","ÎŠªŽs","042020162000","¬“c","38.538044","141.306495","0","1"
"04","‹{éŒ§","04202","ÎŠªŽs","042020163000","{]","38.470968","141.243436","0","1"
"04","‹{éŒ§","04202","ÎŠªŽs","042020164000","“¶’¬‘¾“c","38.547043","141.274559","0","1"
"04","‹{éŒ§","04202","ÎŠªŽs","042020165000","’·–Ê","38.551157","141.456181","0","1"
"04","‹{éŒ§","04202","ÎŠªŽs","042020166000","ŽMŠL","38.560692","141.344761","0","1"
"04","‹{éŒ§","04202","ÎŠªŽs","042020167000","“n”g","38.407631","141.386859","0","1"
"04","‹{éŒ§","04202","ÎŠªŽs","042020168000","˜aŸº","38.518164","141.220892","0","1"
"04","‹{éŒ§","04202","ÎŠªŽs","042020169000","‘O’J’n","38.521690","141.191042","0","1"
"04","‹{éŒ§","04202","ÎŠªŽs","042020170000","…À","38.483993","141.376465","0","1"
"04","‹{éŒ§","04202","ÎŠªŽs","042020171000","—YŸ’¬—YŸ","38.505440","141.439220","0","1"
"04","‹{éŒ§","04202","ÎŠªŽs","042020172000","ŽO—Ö“c","38.511875","141.341216","0","1"
"04","‹{éŒ§","04202","ÎŠªŽs","042020173000","LŸº","38.475787","141.216446","0","1"
"04","‹{éŒ§","04202","ÎŠªŽs","042020174000","•Ÿ’n","38.520797","141.379208","0","1"
"04","‹{éŒ§","04202","ÎŠªŽs","042020175000","^–ì","38.468592","141.389997","0","1"
"04","‹{éŒ§","04202","ÎŠªŽs","042020176000","Ž­–”","38.481515","141.275460","0","1"
"04","‹{éŒ§","04202","ÎŠªŽs","042020177000","j‰ª","38.514815","141.414809","0","1"
"04","‹{éŒ§","04202","ÎŠªŽs","042020178000","–kã’¬—ì","38.579635","141.382342","0","1"
"04","‹{éŒ§","04202","ÎŠªŽs","042020179000","–k‘º","38.483410","141.186186","0","1"
"04","‹{éŒ§","04202","ÎŠªŽs","042020180000","–kã’¬\ŽO•l","38.597574","141.470205","0","1"
"04","‹{éŒ§","04202","ÎŠªŽs","042020181001","‚ ‚¯‚Ú‚Ì–kˆê’š–Ú","38.456775","141.277043","0","3"
"04","‹{éŒ§","04202","ÎŠªŽs","042020181002","‚ ‚¯‚Ú‚Ì–k“ñ’š–Ú","38.457415","141.278659","0","3"
"04","‹{éŒ§","04202","ÎŠªŽs","042020182000","”öè","38.547695","141.474357","0","1"
"04","‹{éŒ§","04202","ÎŠªŽs","042020183001","Œb‚Ý–ìˆê’š–Ú","38.447414","141.272000","0","3"
"04","‹{éŒ§","04202","ÎŠªŽs","042020183002","Œb‚Ý–ì“ñ’š–Ú","38.443342","141.271628","0","3"
"04","‹{éŒ§","04202","ÎŠªŽs","042020183003","Œb‚Ý–ìŽO’š–Ú","38.445319","141.269514","0","3"
"04","‹{éŒ§","04202","ÎŠªŽs","042020183004","Œb‚Ý–ìŽl’š–Ú","38.442055","141.266958","0","3"
"04","‹{éŒ§","04202","ÎŠªŽs","042020183005","Œb‚Ý–ìŒÜ’š–Ú","38.442706","141.264947","0","3"
"04","‹{éŒ§","04202","ÎŠªŽs","042020183006","Œb‚Ý–ì˜Z’š–Ú","38.440446","141.268085","0","3"
"04","‹{éŒ§","04202","ÎŠªŽs","042020184000","ˆ¼ì•l’š","38.297393","141.508661","0","1"
"04","‹{éŒ§","04202","ÎŠªŽs","042020185000","ŽÖ“c","38.454244","141.267604","0","1"
"04","‹{éŒ§","04202","ÎŠªŽs","042020186000","ŒÏè•l","38.350312","141.430960","0","1"
"04","‹{éŒ§","04202","ÎŠªŽs","042020187000","¬Ÿº•l","38.315619","141.458890","0","1"
"04","‹{éŒ§","04202","ÎŠªŽs","042020188000","‹‹•ª•l","38.322770","141.478492","0","1"
"04","‹{éŒ§","04202","ÎŠªŽs","042020189000","¬‘D‰z","38.509848","141.280871","0","1"
"04","‹{éŒ§","04202","ÎŠªŽs","042020190001","“ñŽqˆê’š–Ú","38.496813","141.295251","0","3"
"04","‹{éŒ§","04202","ÎŠªŽs","042020190002","“ñŽq“ñ’š–Ú","38.498024","141.293976","0","3"
"04","‹{éŒ§","04202","ÎŠªŽs","042020190003","“ñŽqŽO’š–Ú","38.499051","141.297500","0","3"
"04","‹{éŒ§","04202","ÎŠªŽs","042020200001","‚Ì‚¼‚Ý–ìˆê’š–Ú","38.444076","141.261673","0","3"
"04","‹{éŒ§","04202","ÎŠªŽs","042020200002","‚Ì‚¼‚Ý–ì“ñ’š–Ú","38.447232","141.261003","0","3"
"04","‹{éŒ§","04202","ÎŠªŽs","042020200003","‚Ì‚¼‚Ý–ìŽO’š–Ú","38.448611","141.258348","0","3"
"04","‹{éŒ§","04202","ÎŠªŽs","042020200004","‚Ì‚¼‚Ý–ìŽl’š–Ú","38.446532","141.258340","0","3"
"04","‹{éŒ§","04202","ÎŠªŽs","042020200005","‚Ì‚¼‚Ý–ìŒÜ’š–Ú","38.443565","141.257687","0","3"
"04","‹{éŒ§","04202","ÎŠªŽs","042020201001","V¬ˆê’š–Ú","38.426000","141.361968","0","3"
"04","‹{éŒ§","04202","ÎŠªŽs","042020201002","V¬“ñ’š–Ú","38.424684","141.365067","0","3"
"04","‹{éŒ§","04202","ÎŠªŽs","042020201003","V¬ŽO’š–Ú","38.426653","141.365667","0","3"
"04","‹{éŒ§","04203","‰–â}Žs","042030026000","‚Ý‚Ì‚ª‹u","38.321315","141.015616","0","1"
"04","‹{éŒ§","04203","‰–â}Žs","042030034000","ˆ®’¬","38.313801","141.021169","0","1"
"04","‹{éŒ§","04203","‰–â}Žs","042030045000","ˆ°”È’¬","38.304476","141.032163","0","1"
"04","‹{éŒ§","04203","‰–â}Žs","042030059000","ˆêXŽR","38.321443","141.010691","0","1"
"04","‹{éŒ§","04203","‰–â}Žs","042030063000","‰YŒËŠ¦•—‘ò","38.337109","141.126865","0","1"
"04","‹{éŒ§","04203","‰–â}Žs","042030060000","‰YŒËŒj“‡","38.333954","141.091222","0","1"
"04","‹{éŒ§","04203","‰–â}Žs","042030057000","‰YŒËÎ•l","38.331076","141.102616","0","1"
"04","‹{éŒ§","04203","‰–â}Žs","042030061000","‰YŒË–ìX“‡","38.337967","141.110782","0","1"
"04","‹{éŒ§","04203","‰–â}Žs","042030011000","‰h’¬","38.322192","141.006068","0","1"
"04","‹{éŒ§","04203","‰–â}Žs","042030006001","‰z‚Ì‰Yˆê’š–Ú","38.335435","141.032740","0","3"
"04","‹{éŒ§","04203","‰–â}Žs","042030006002","‰z‚Ì‰Y“ñ’š–Ú","38.335323","141.031141","0","3"
"04","‹{éŒ§","04203","‰–â}Žs","042030044000","‰Ô—§’¬","38.309021","141.021759","0","1"
"04","‹{éŒ§","04203","‰–â}Žs","042030030000","ŠCŠÝ’Ê","38.317871","141.022932","0","1"
"04","‹{éŒ§","04203","‰–â}Žs","042030024000","‹{’¬","38.318494","141.018474","0","1"
"04","‹{éŒ§","04203","‰–â}Žs","042030048000","‹¶’¬","38.307604","141.031932","0","1"
"04","‹{éŒ§","04203","‰–â}Žs","042030021001","‹Êìˆê’š–Ú","38.308306","141.005863","0","3"
"04","‹{éŒ§","04203","‰–â}Žs","042030021002","‹Êì“ñ’š–Ú","38.310230","141.006929","0","3"
"04","‹{éŒ§","04203","‰–â}Žs","042030021003","‹ÊìŽO’š–Ú","38.312153","141.005968","0","3"
"04","‹{éŒ§","04203","‰–â}Žs","042030040000","‹Ñ’¬","38.309847","141.018663","0","1"
"04","‹{éŒ§","04203","‰–â}Žs","042030031000","ŒŽŒ©ƒP‹u","38.320455","141.002568","0","1"
"04","‹{éŒ§","04203","‰–â}Žs","042030055000","Œ Œ»“°","38.318676","141.006734","0","1"
"04","‹{éŒ§","04203","‰–â}Žs","042030046000","ŒãŠy’¬","38.327582","141.000989","0","1"
"04","‹{éŒ§","04203","‰–â}Žs","042030037000","ŒüƒP‹u","38.317263","141.001884","0","1"
"04","‹{éŒ§","04203","‰–â}Žs","042030029001","`’¬ˆê’š–Ú","38.318833","141.030523","0","3"
"04","‹{éŒ§","04203","‰–â}Žs","042030029002","`’¬“ñ’š–Ú","38.316905","141.030740","0","3"
"04","‹{éŒ§","04203","‰–â}Žs","042030008000","’Ã’¬","38.311767","141.014873","0","1"
"04","‹{éŒ§","04203","‰–â}Žs","042030025000","¡‹{’¬","38.326384","141.012464","0","1"
"04","‹{éŒ§","04203","‰–â}Žs","042030005000","²‰Y’¬","38.311249","141.016844","0","1"
"04","‹{éŒ§","04203","‰–â}Žs","042030010000","÷ƒP‹u","38.308791","141.014949","0","1"
"04","‹{éŒ§","04203","‰–â}Žs","042030064000","ŽšˆÉ•ÛÎ","38.341775","141.018031","0","1"
"04","‹{éŒ§","04203","‰–â}Žs","042030027000","Žš‰zƒm‰Y","38.337123","141.038187","0","1"
"04","‹{éŒ§","04203","‰–â}Žs","042030062000","ŽšM’Ë","38.333079","141.017713","0","1"
"04","‹{éŒ§","04203","‰–â}Žs","042030049000","Žš™ƒm“ü— ","38.336634","141.046204","0","1"
"04","‹{éŒ§","04203","‰–â}Žs","042030028000","ŽšÎ“c","38.338151","141.028675","0","1"
"04","‹{éŒ§","04203","‰–â}Žs","042030001000","Žš’·‘ò","38.329819","141.013140","0","1"
"04","‹{éŒ§","04203","‰–â}Žs","042030035001","M“üˆê’š–Ú","38.312178","141.030816","0","3"
"04","‹{éŒ§","04203","‰–â}Žs","042030035002","M“ü“ñ’š–Ú","38.310028","141.031398","0","3"
"04","‹{éŒ§","04203","‰–â}Žs","042030047000","¬¼è","38.323037","141.018476","0","1"
"04","‹{éŒ§","04203","‰–â}Žs","042030018001","¼—z‘äˆê’š–Ú","38.330535","141.026830","0","3"
"04","‹{éŒ§","04203","‰–â}Žs","042030018002","¼—z‘ä“ñ’š–Ú","38.331521","141.022003","0","3"
"04","‹{éŒ§","04203","‰–â}Žs","042030018003","¼—z‘äŽO’š–Ú","38.329306","141.021807","0","3"
"04","‹{éŒ§","04203","‰–â}Žs","042030056001","V•l’¬ˆê’š–Ú","38.325810","141.040378","0","3"
"04","‹{éŒ§","04203","‰–â}Žs","042030056002","V•l’¬“ñ’š–Ú","38.330780","141.041104","0","3"
"04","‹{éŒ§","04203","‰–â}Žs","042030056003","V•l’¬ŽO’š–Ú","38.331685","141.048392","0","3"
"04","‹{éŒ§","04203","‰–â}Žs","042030054000","V•x’¬","38.312222","141.025334","0","1"
"04","‹{éŒ§","04203","‰–â}Žs","042030009001","™‚Ì“üˆê’š–Ú","38.329778","141.034573","0","3"
"04","‹{éŒ§","04203","‰–â}Žs","042030009002","™‚Ì“ü“ñ’š–Ú","38.332563","141.034232","0","3"
"04","‹{éŒ§","04203","‰–â}Žs","042030009003","™‚Ì“üŽO’š–Ú","38.333645","141.036137","0","3"
"04","‹{éŒ§","04203","‰–â}Žs","042030009004","™‚Ì“üŽl’š–Ú","38.334005","141.038628","0","3"
"04","‹{éŒ§","04203","‰–â}Žs","042030038001","´…‘òˆê’š–Ú","38.327676","141.008977","0","3"
"04","‹{éŒ§","04203","‰–â}Žs","042030038002","´…‘ò“ñ’š–Ú","38.327774","141.005095","0","3"
"04","‹{éŒ§","04203","‰–â}Žs","042030038003","´…‘òŽO’š–Ú","38.331159","141.008212","0","3"
"04","‹{éŒ§","04203","‰–â}Žs","042030038004","´…‘òŽl’š–Ú","38.335127","141.008750","0","3"
"04","‹{éŒ§","04203","‰–â}Žs","042030015000","¼‹Êì’¬","38.312282","141.001553","0","1"
"04","‹{éŒ§","04203","‰–â}Žs","042030004000","¼’¬","38.317291","141.010696","0","1"
"04","‹{éŒ§","04203","‰–â}Žs","042030050000","Â—tƒP‹u","38.336890","141.030061","0","1"
"04","‹{éŒ§","04203","‰–â}Žs","042030022000","Î“°","38.312636","141.011588","0","1"
"04","‹{éŒ§","04203","‰–â}Žs","042030039000","Ôâ","38.316013","141.008508","0","1"
"04","‹{éŒ§","04203","‰–â}Žs","042030007001","ç‰ê‚Ì‘äˆê’š–Ú","38.336684","141.021016","0","3"
"04","‹{éŒ§","04203","‰–â}Žs","042030007002","ç‰ê‚Ì‘ä“ñ’š–Ú","38.338057","141.019911","0","3"
"04","‹{éŒ§","04203","‰–â}Žs","042030007003","ç‰ê‚Ì‘äŽO’š–Ú","38.339032","141.021640","0","3"
"04","‹{éŒ§","04203","‰–â}Žs","042030033000","òƒP‰ª","38.315156","141.013555","0","1"
"04","‹{éŒ§","04203","‰–â}Žs","042030042000","ò‘ò’¬","38.323485","141.007261","0","1"
"04","‹{éŒ§","04203","‰–â}Žs","042030051000","‘³–ì“c’¬","38.306723","141.004042","0","1"
"04","‹{éŒ§","04203","‰–â}Žs","042030058000","‘å“úŒü’¬","38.314503","140.997696","0","1"
"04","‹{éŒ§","04203","‰–â}Žs","042030041000","’†‚Ì“‡","38.315142","141.030683","0","1"
"04","‹{éŒ§","04203","‰–â}Žs","042030036000","’·‘ò’¬","38.326294","141.014541","0","1"
"04","‹{éŒ§","04203","‰–â}Žs","042030052001","’åŽR’Êˆê’š–Ú","38.317021","141.040899","1","3"
"04","‹{éŒ§","04203","‰–â}Žs","042030052002","’åŽR’Ê“ñ’š–Ú","38.314750","141.039305","0","3"
"04","‹{éŒ§","04203","‰–â}Žs","042030052003","’åŽR’ÊŽO’š–Ú","38.311435","141.038160","0","3"
"04","‹{éŒ§","04203","‰–â}Žs","042030013000","“Œ‹Êì’¬","38.309904","141.010436","0","1"
"04","‹{éŒ§","04203","‰–â}Žs","042030032001","“¡‘qˆê’š–Ú","38.326995","141.023590","0","3"
"04","‹{éŒ§","04203","‰–â}Žs","042030032002","“¡‘q“ñ’š–Ú","38.327250","141.027753","0","3"
"04","‹{éŒ§","04203","‰–â}Žs","042030032003","“¡‘qŽO’š–Ú","38.327037","141.032687","0","3"
"04","‹{éŒ§","04203","‰–â}Žs","042030017000","“ì‹Ñ’¬","38.305715","141.011456","0","1"
"04","‹{éŒ§","04203","‰–â}Žs","042030019000","“ì’¬","38.314036","141.017280","0","1"
"04","‹{éŒ§","04203","‰–â}Žs","042030053000","”~‚Ì‹{","38.326535","141.018211","0","1"
"04","‹{éŒ§","04203","‰–â}Žs","042030020000","”’‹e’¬","38.314169","141.003775","0","1"
"04","‹{éŒ§","04203","‰–â}Žs","042030003000","”’”‹’¬","38.310417","141.012713","0","1"
"04","‹{éŒ§","04203","‰–â}Žs","042030043000","”ö“‡’¬","38.315758","141.024573","0","1"
"04","‹{éŒ§","04203","‰–â}Žs","042030002001","•–’¬ˆê’š–Ú","38.329333","141.030541","0","3"
"04","‹{éŒ§","04203","‰–â}Žs","042030002002","•–’¬“ñ’š–Ú","38.331766","141.029690","0","3"
"04","‹{éŒ§","04203","‰–â}Žs","042030002003","•–’¬ŽO’š–Ú","38.332163","141.031614","0","3"
"04","‹{éŒ§","04203","‰–â}Žs","042030016000","•êŽq‘ò’¬","38.311126","140.999684","0","1"
"04","‹{éŒ§","04203","‰–â}Žs","042030014001","–k•lˆê’š–Ú","38.320838","141.025096","1","3"
"04","‹{éŒ§","04203","‰–â}Žs","042030014002","–k•l“ñ’š–Ú","38.321184","141.020921","0","3"
"04","‹{éŒ§","04203","‰–â}Žs","042030014003","–k•lŽO’š–Ú","38.323809","141.022918","0","3"
"04","‹{éŒ§","04203","‰–â}Žs","042030014004","–k•lŽl’š–Ú","38.321870","141.027292","1","3"
"04","‹{éŒ§","04203","‰–â}Žs","042030012000","–{’¬","38.316625","141.017390","0","1"
"04","‹{éŒ§","04203","‰–â}Žs","042030023000","–ì“c","38.307133","141.010652","0","1"
"04","‹{éŒ§","04205","‹CåÀŽs","042050001000","‰ºV“c","38.911353","141.547413","0","1"
"04","‹{éŒ§","04205","‹CåÀŽs","042050002000","ˆêŒi“‡","38.892686","141.586547","0","1"
"04","‹{éŒ§","04205","‹CåÀŽs","042050003000","Šâƒ–è","38.906347","141.547760","0","1"
"04","‹{éŒ§","04205","‹CåÀŽs","042050004000","“c’J‘O","38.900021","141.563386","0","1"
"04","‹{éŒ§","04205","‹CåÀŽs","042050005000","“ì’¬ŠCŠÝ","38.905658","141.575119","0","1"
"04","‹{éŒ§","04205","‹CåÀŽs","042050006000","”½¼","38.885778","141.550680","0","1"
"04","‹{éŒ§","04205","‹CåÀŽs","042050007000","•‘ò","38.963274","141.526084","0","1"
"04","‹{éŒ§","04205","‹CåÀŽs","042050008000","–¾ŒË","38.901944","141.551861","0","1"
"04","‹{éŒ§","04205","‹CåÀŽs","042050009001","“ì’¬ˆê’š–Ú","38.904915","141.571953","0","3"
"04","‹{éŒ§","04205","‹CåÀŽs","042050009002","“ì’¬“ñ’š–Ú","38.905517","141.572949","0","3"
"04","‹{éŒ§","04205","‹CåÀŽs","042050009003","“ì’¬ŽO’š–Ú","38.905110","141.574413","0","3"
"04","‹{éŒ§","04205","‹CåÀŽs","042050009004","“ì’¬Žl’š–Ú","38.903183","141.575226","0","3"
"04","‹{éŒ§","04205","‹CåÀŽs","042050010001","‹›’¬ˆê’š–Ú","38.907501","141.575609","0","3"
"04","‹{éŒ§","04205","‹CåÀŽs","042050010002","‹›’¬“ñ’š–Ú","38.906957","141.576043","0","3"
"04","‹{éŒ§","04205","‹CåÀŽs","042050010003","‹›’¬ŽO’š–Ú","38.908977","141.579670","0","3"
"04","‹{éŒ§","04205","‹CåÀŽs","042050011001","•l’¬ˆê’š–Ú","38.910647","141.581934","0","3"
"04","‹{éŒ§","04205","‹CåÀŽs","042050011002","•l’¬“ñ’š–Ú","38.910280","141.584679","0","3"
"04","‹{éŒ§","04205","‹CåÀŽs","042050012001","”ª“ú’¬ˆê’š–Ú","38.908454","141.570069","0","3"
"04","‹{éŒ§","04205","‹CåÀŽs","042050012002","”ª“ú’¬“ñ’š–Ú","38.906937","141.570738","0","3"
"04","‹{éŒ§","04205","‹CåÀŽs","042050013000","V‘ˆî’J","38.942984","141.534928","0","1"
"04","‹{éŒ§","04205","‹CåÀŽs","042050014001","‰ÍŒ´“cˆê’š–Ú","38.900916","141.576215","0","3"
"04","‹{éŒ§","04205","‹CåÀŽs","042050014002","‰ÍŒ´“c“ñ’š–Ú","38.900600","141.575147","0","3"
"04","‹{éŒ§","04205","‹CåÀŽs","042050015000","•lŒ©ŽR","38.903900","141.572286","0","1"
"04","‹{éŒ§","04205","‹CåÀŽs","042050016000","wŽR","38.908956","141.577946","0","1"
"04","‹{éŒ§","04205","‹CåÀŽs","042050017000","‰»Ïâ","38.904355","141.564095","0","1"
"04","‹{éŒ§","04205","‹CåÀŽs","042050018001","ŽO“ú’¬ˆê’š–Ú","38.908019","141.567316","0","3"
"04","‹{éŒ§","04205","‹CåÀŽs","042050018002","ŽO“ú’¬“ñ’š–Ú","38.905317","141.568079","0","3"
"04","‹{éŒ§","04205","‹CåÀŽs","042050018003","ŽO“ú’¬ŽO’š–Ú","38.904788","141.566006","0","3"
"04","‹{éŒ§","04205","‹CåÀŽs","042050019000","–{‹g’¬”nâÄ’¬","38.776163","141.445377","0","1"
"04","‹{éŒ§","04205","‹CåÀŽs","042050020000","ì”¨","38.898959","141.567362","0","1"
"04","‹{éŒ§","04205","‹CåÀŽs","042050021000","”è","38.903057","141.576810","0","1"
"04","‹{éŒ§","04205","‹CåÀŽs","042050022000","¬‘OŒ©“‡","38.850083","141.638624","0","1"
"04","‹{éŒ§","04205","‹CåÀŽs","042050023001","‘¾“cˆê’š–Ú","38.909419","141.575576","0","3"
"04","‹{éŒ§","04205","‹CåÀŽs","042050023002","‘¾“c“ñ’š–Ú","38.911910","141.573777","0","3"
"04","‹{éŒ§","04205","‹CåÀŽs","042050024001","–{•l’¬ˆê’š–Ú","38.912179","141.582349","0","3"
"04","‹{éŒ§","04205","‹CåÀŽs","042050024002","–{•l’¬“ñ’š–Ú","38.911850","141.585099","0","3"
"04","‹{éŒ§","04205","‹CåÀŽs","042050025001","“à‚Ì˜eˆê’š–Ú","38.895338","141.573782","0","3"
"04","‹{éŒ§","04205","‹CåÀŽs","042050025002","“à‚Ì˜e“ñ’š–Ú","38.893154","141.577333","0","3"
"04","‹{éŒ§","04205","‹CåÀŽs","042050025003","“à‚Ì˜eŽO’š–Ú","38.891453","141.580773","0","3"
"04","‹{éŒ§","04205","‹CåÀŽs","042050026001","“c’†‘Oˆê’š–Ú","38.893011","141.563967","0","3"
"04","‹{éŒ§","04205","‹CåÀŽs","042050026002","“c’†‘O“ñ’š–Ú","38.891034","141.564877","0","3"
"04","‹{éŒ§","04205","‹CåÀŽs","042050026003","“c’†‘OŽO’š–Ú","38.891357","141.559659","0","3"
"04","‹{éŒ§","04205","‹CåÀŽs","042050026004","“c’†‘OŽl’š–Ú","38.889907","141.561154","0","3"
"04","‹{éŒ§","04205","‹CåÀŽs","042050027000","V’¬","38.906689","141.564902","0","1"
"04","‹{éŒ§","04205","‹CåÀŽs","042050028000","‘ò“c","38.904539","141.569810","0","1"
"04","‹{éŒ§","04205","‹CåÀŽs","042050029000","“ü‘ò","38.908733","141.573424","0","1"
"04","‹{éŒ§","04205","‹CåÀŽs","042050030000","•Ÿ”ü’¬","38.909256","141.565718","0","1"
"04","‹{éŒ§","04205","‹CåÀŽs","042050031000","Å’mX‡","38.850340","141.581928","0","1"
"04","‹{éŒ§","04205","‹CåÀŽs","042050032000","–{‹g’¬ò","38.767605","141.504164","0","1"
"04","‹{éŒ§","04205","‹CåÀŽs","042050033000","“‚ŒK’¬—B‰z","38.931383","141.633134","0","1"
"04","‹{éŒ§","04205","‹CåÀŽs","042050034000","_ŽR","38.891810","141.567798","0","1"
"04","‹{éŒ§","04205","‹CåÀŽs","042050035000","–{‹g’¬ŒE","38.818226","141.563730","0","1"
"04","‹{éŒ§","04205","‹CåÀŽs","042050036000","”g˜Hã–q","38.830890","141.587254","0","1"
"04","‹{éŒ§","04205","‹CåÀŽs","042050037002","’ªŒ©’¬“ñ’š–Ú","38.891991","141.584309","0","3"
"04","‹{éŒ§","04205","‹CåÀŽs","042050038000","‘å‘OŒ©“‡","38.843204","141.642187","0","1"
"04","‹{éŒ§","04205","‹CåÀŽs","042050039000","’ªŒ©’¬","38.893728","141.582999","0","1"
"04","‹{éŒ§","04205","‹CåÀŽs","042050040001","ìŒû’¬ˆê’š–Ú","38.889795","141.585291","0","3"
"04","‹{éŒ§","04205","‹CåÀŽs","042050040002","ìŒû’¬“ñ’š–Ú","38.888515","141.588399","0","3"
"04","‹{éŒ§","04205","‹CåÀŽs","042050041001","–{’¬ˆê’š–Ú","38.901921","141.566072","0","3"
"04","‹{éŒ§","04205","‹CåÀŽs","042050041002","–{’¬“ñ’š–Ú","38.902225","141.562707","0","3"
"04","‹{éŒ§","04205","‹CåÀŽs","042050042000","’·ˆé•l","38.838251","141.588172","0","1"
"04","‹{éŒ§","04205","‹CåÀŽs","042050043000","’·ˆé‘O—Ñ","38.840664","141.577804","0","1"
"04","‹{éŒ§","04205","‹CåÀŽs","042050044000","”g˜HãŒüŒ´","38.827698","141.578394","0","1"
"04","‹{éŒ§","04205","‹CåÀŽs","042050045000","”g˜HãŒü“c","38.828699","141.580356","0","1"
"04","‹{éŒ§","04205","‹CåÀŽs","042050046000","”g˜Hãè–ì","38.829641","141.594625","0","1"
"04","‹{éŒ§","04205","‹CåÀŽs","042050047000","V“c","38.911090","141.549778","0","1"
"04","‹{éŒ§","04205","‹CåÀŽs","042050048001","ã“c’†ˆê’š–Ú","38.888787","141.554596","0","3"
"04","‹{éŒ§","04205","‹CåÀŽs","042050048002","ã“c’†“ñ’š–Ú","38.887738","141.556098","0","3"
"04","‹{éŒ§","04205","‹CåÀŽs","042050049000","’·ˆé–q’Ê","38.835741","141.575532","0","1"
"04","‹{éŒ§","04205","‹CåÀŽs","042050050001","“ŒVéˆê’š–Ú","38.907105","141.551702","0","3"
"04","‹{éŒ§","04205","‹CåÀŽs","042050050002","“ŒVé“ñ’š–Ú","38.907048","141.549505","0","3"
"04","‹{éŒ§","04205","‹CåÀŽs","042050050003","“ŒVéŽO’š–Ú","38.903296","141.552657","0","3"
"04","‹{éŒ§","04205","‹CåÀŽs","042050051000","’·ˆé“ñ–{¼","38.832402","141.575460","0","1"
"04","‹{éŒ§","04205","‹CåÀŽs","042050052000","’·ˆéŒã‘ò","38.846285","141.578415","0","1"
"04","‹{éŒ§","04205","‹CåÀŽs","042050053000","–{‹g’¬“c‚Ì‘ò","38.806052","141.551289","0","1"
"04","‹{éŒ§","04205","‹CåÀŽs","042050054001","ŒÃ’¬ˆê’š–Ú","38.907936","141.560643","0","3"
"04","‹{éŒ§","04205","‹CåÀŽs","042050054002","ŒÃ’¬“ñ’š–Ú","38.911419","141.558094","0","3"
"04","‹{éŒ§","04205","‹CåÀŽs","042050054003","ŒÃ’¬ŽO’š–Ú","38.909930","141.555385","0","3"
"04","‹{éŒ§","04205","‹CåÀŽs","042050054004","ŒÃ’¬Žl’š–Ú","38.913648","141.553719","0","3"
"04","‹{éŒ§","04205","‹CåÀŽs","042050055000","’·ˆéŒ´","38.835992","141.580300","0","1"
"04","‹{éŒ§","04205","‹CåÀŽs","042050056000","Å’mìŒ´","38.854508","141.581405","0","1"
"04","‹{éŒ§","04205","‹CåÀŽs","042050057000","–{‹g’¬‘êª","38.816442","141.559251","0","1"
"04","‹{éŒ§","04205","‹CåÀŽs","042050058000","`’¬","38.902300","141.578622","0","1"
"04","‹{éŒ§","04205","‹CåÀŽs","042050059000","’·ˆé‘DŒ´","38.841176","141.581255","0","1"
"04","‹{éŒ§","04205","‹CåÀŽs","042050060000","“‚ŒK’¬`","38.960807","141.631638","0","1"
"04","‹{éŒ§","04205","‹CåÀŽs","042050061000","“c’J","38.896661","141.565228","0","1"
"04","‹{éŒ§","04205","‹CåÀŽs","042050062000","ÔŠâ‘O“c","38.869322","141.533583","0","1"
"04","‹{éŒ§","04205","‹CåÀŽs","042050063000","ÔŠâŠÚ‰º","38.888700","141.573349","0","1"
"04","‹{éŒ§","04205","‹CåÀŽs","042050064000","”g˜HãŒ´","38.832121","141.583053","0","1"
"04","‹{éŒ§","04205","‹CåÀŽs","042050065000","ÔŠâ‘å‘ê","38.879197","141.536968","0","1"
"04","‹{éŒ§","04205","‹CåÀŽs","042050066000","’·ˆé‰ºŒ´","38.838936","141.583601","0","1"
"04","‹{éŒ§","04205","‹CåÀŽs","042050067000","–{‹g’¬’Ã’J–¾ŒË","38.789248","141.503273","0","1"
"04","‹{éŒ§","04205","‹CåÀŽs","042050068000","’·ˆéX","38.846247","141.582714","0","1"
"04","‹{éŒ§","04205","‹CåÀŽs","042050069000","ÔŠâ“Dƒm–Ø","38.881792","141.570109","0","1"
"04","‹{éŒ§","04205","‹CåÀŽs","042050070000","ÔŠâ•½ŠL","38.884777","141.563058","0","1"
"04","‹{éŒ§","04205","‹CåÀŽs","042050071000","”g˜HãŒãŒ´","38.833583","141.584745","0","1"
"04","‹{éŒ§","04205","‹CåÀŽs","042050072000","’·ˆéŒ´ƒm‘ò","38.839064","141.575786","0","1"
"04","‹{éŒ§","04205","‹CåÀŽs","042050073000","¼è‰ºÔ“c","38.865465","141.573608","0","1"
"04","‹{éŒ§","04205","‹CåÀŽs","042050074000","ÔŠâ¬“c","38.886975","141.559783","0","1"
"04","‹{éŒ§","04205","‹CåÀŽs","042050075000","‘ê‚Ì“ü","38.911400","141.563403","0","1"
"04","‹{éŒ§","04205","‹CåÀŽs","042050076000","¼è”nê","38.868487","141.572886","0","1"
"04","‹{éŒ§","04205","‹CåÀŽs","042050077000","¼è”öè","38.869916","141.586274","0","1"
"04","‹{éŒ§","04205","‹CåÀŽs","042050078001","ŠÚŽRˆê’š–Ú","38.903952","141.558575","0","3"
"04","‹{éŒ§","04205","‹CåÀŽs","042050078002","ŠÚŽR“ñ’š–Ú","38.906608","141.555729","0","3"
"04","‹{éŒ§","04205","‹CåÀŽs","042050079000","’·ˆéŽµ”¼‘ò","38.842419","141.585258","0","1"
"04","‹{éŒ§","04205","‹CåÀŽs","042050080000","”g˜Hã™ƒm‰º","38.827208","141.587776","0","1"
"04","‹{éŒ§","04205","‹CåÀŽs","042050081000","’·ˆéÔŠL","38.837622","141.568073","0","1"
"04","‹{éŒ§","04205","‹CåÀŽs","042050082000","ÔŠâŠÚX","38.888198","141.576719","0","1"
"04","‹{éŒ§","04205","‹CåÀŽs","042050083000","–{‹g’¬¡’©ˆé","38.757460","141.525792","0","1"
"04","‹{éŒ§","04205","‹CåÀŽs","042050084000","”g˜Hã“àÀ","38.831626","141.596739","0","1"
"04","‹{éŒ§","04205","‹CåÀŽs","042050085000","–{‹g’¬“y”ó‰º","38.833136","141.568585","0","1"
"04","‹{éŒ§","04205","‹CåÀŽs","042050086000","¼ì‘O","38.913696","141.545829","0","1"
"04","‹{éŒ§","04205","‹CåÀŽs","042050087000","‹îŒ`","38.843048","141.619122","0","1"
"04","‹{éŒ§","04205","‹CåÀŽs","042050088000","”g˜Hã–¾ŒË","38.825361","141.590828","0","1"
"04","‹{éŒ§","04205","‹CåÀŽs","042050089000","¼èŒÜ‘Ê’L","38.876462","141.575040","0","1"
"04","‹{éŒ§","04205","‹CåÀŽs","042050090000","ÔŠâ˜V¼","38.884846","141.574063","0","1"
"04","‹{éŒ§","04205","‹CåÀŽs","042050091000","ÔŠâ™ƒm‘ò","38.888323","141.567027","0","1"
"04","‹{éŒ§","04205","‹CåÀŽs","042050092000","–{‹g’¬‰«‚Ì“c","38.825016","141.580091","0","1"
"04","‹{éŒ§","04205","‹CåÀŽs","042050093000","–{‹g’¬‘åX","38.806105","141.539107","0","1"
"04","‹{éŒ§","04205","‹CåÀŽs","042050094000","¼è’†£","38.873001","141.579734","0","1"
"04","‹{éŒ§","04205","‹CåÀŽs","042050095000","–{‹g’¬”nâÄ’¬“ª","38.771102","141.440388","0","1"
"04","‹{éŒ§","04205","‹CåÀŽs","042050096000","ŠâŒŽ‘äƒm‘ò","38.859533","141.582656","0","1"
"04","‹{éŒ§","04205","‹CåÀŽs","042050097000","”g˜HãŠâˆäè","38.829952","141.600554","0","1"
"04","‹{éŒ§","04205","‹CåÀŽs","042050098000","Žl”½“c","38.900787","141.558043","0","1"
"04","‹{éŒ§","04205","‹CåÀŽs","042050099000","¼èŠÛX","38.874219","141.563334","0","1"
"04","‹{éŒ§","04205","‹CåÀŽs","042050100000","–{‹g’¬•—‰z","38.786528","141.514437","0","1"
"04","‹{éŒ§","04205","‹CåÀŽs","042050101000","”g˜Hã“à“c","38.834879","141.588019","0","1"
"04","‹{éŒ§","04205","‹CåÀŽs","042050102000","–ö‘ò","38.911262","141.525679","0","1"
"04","‹{éŒ§","04205","‹CåÀŽs","042050103000","”g˜Hã£Œü","38.831626","141.591445","0","1"
"04","‹{éŒ§","04205","‹CåÀŽs","042050104000","’©“ú’¬","38.888801","141.591692","0","1"
"04","‹{éŒ§","04205","‹CåÀŽs","042050105000","¼è–Ê£","38.865690","141.557456","0","1"
"04","‹{éŒ§","04205","‹CåÀŽs","042050106000","¼è”LŸº","38.866266","141.548813","0","1"
"04","‹{éŒ§","04205","‹CåÀŽs","042050107000","–{‹g’¬“Vƒ–‘ò","38.804529","141.554389","0","1"
"04","‹{éŒ§","04205","‹CåÀŽs","042050108000","¼è‰Y“c","38.877435","141.580091","0","1"
"04","‹{éŒ§","04205","‹CåÀŽs","042050109000","‘O–Ø","38.915747","141.493658","0","1"
"04","‹{éŒ§","04205","‹CåÀŽs","042050110000","ÔŠâÎŠ•","38.884443","141.568750","0","1"
"04","‹{éŒ§","04205","‹CåÀŽs","042050111000","’¬— ","38.912556","141.569030","0","1"
"04","‹{éŒ§","04205","‹CåÀŽs","042050112000","”g˜Hã–ì“c","38.829282","141.582643","0","1"
"04","‹{éŒ§","04205","‹CåÀŽs","042050113000","—vŠQ","38.846765","141.615145","0","1"
"04","‹{éŒ§","04205","‹CåÀŽs","042050114000","ÔŠâŒ}‘O“c","38.864532","141.532063","0","1"
"04","‹{éŒ§","04205","‹CåÀŽs","042050115000","“‚ŒK’¬ãìŒ´","38.934897","141.626258","0","1"
"04","‹{éŒ§","04205","‹CåÀŽs","042050116000","¼è’n¶","38.872039","141.563681","0","1"
"04","‹{éŒ§","04205","‹CåÀŽs","042050117000","¼èãÔ“c","38.866231","141.566542","0","1"
"04","‹{éŒ§","04205","‹CåÀŽs","042050118000","–{‹g’¬Ô‹","38.798657","141.534578","0","1"
"04","‹{éŒ§","04205","‹CåÀŽs","042050119000","ÔŠâ`","38.886643","141.583070","0","1"
"04","‹{éŒ§","04205","‹CåÀŽs","042050120000","¼è’ßŠª","38.869295","141.565728","0","1"
"04","‹{éŒ§","04205","‹CåÀŽs","042050121000","ŠO”¨","38.863590","141.620522","0","1"
"04","‹{éŒ§","04205","‹CåÀŽs","042050122000","óª","38.850939","141.615066","0","1"
"04","‹{éŒ§","04205","‹CåÀŽs","042050123000","–{‹g’¬‰Ì¶","38.754066","141.523501","0","1"
"04","‹{éŒ§","04205","‹CåÀŽs","042050124000","’·ˆé’†Œ´","38.835980","141.570808","0","1"
"04","‹{éŒ§","04205","‹CåÀŽs","042050125000","¼èŠž","38.877742","141.569326","0","1"
"04","‹{éŒ§","04205","‹CåÀŽs","042050126000","¼è‘O•l","38.880243","141.588636","0","1"
"04","‹{éŒ§","04205","‹CåÀŽs","042050127000","–{‹g’¬–ìX‰º","38.822731","141.574343","0","1"
"04","‹{éŒ§","04205","‹CåÀŽs","042050128000","‘å—Ñ","38.911819","141.537580","0","1"
"04","‹{éŒ§","04205","‹CåÀŽs","042050129000","–{‹g’¬’Ã’J¼‰ª","38.791235","141.508131","0","1"
"04","‹{éŒ§","04205","‹CåÀŽs","042050130000","‚ˆä","38.855682","141.612904","0","1"
"04","‹{éŒ§","04205","‹CåÀŽs","042050131000","–{‹g’¬’Ã’J¼”ö","38.785842","141.503585","0","1"
"04","‹{éŒ§","04205","‹CåÀŽs","042050132000","–{‹g’¬¬‹à‘ò","38.799326","141.528467","0","1"
"04","‹{éŒ§","04205","‹CåÀŽs","042050133000","ŠâŒŽ¯’J","38.858546","141.574466","0","1"
"04","‹{éŒ§","04205","‹CåÀŽs","042050134000","Å’m–kÅ’m","38.853993","141.577248","0","1"
"04","‹{éŒ§","04205","‹CåÀŽs","042050135000","–{‹g’¬’¼“`","38.829028","141.566891","0","1"
"04","‹{éŒ§","04205","‹CåÀŽs","042050136000","“‚ŒK’¬’|‚Ì‘³","38.966702","141.632312","0","1"
"04","‹{éŒ§","04205","‹CåÀŽs","042050137000","–{‹g’¬‘å‘ò","38.795265","141.519878","0","1"
"04","‹{éŒ§","04205","‹CåÀŽs","042050138000","–{‹g’¬¬•l","38.762869","141.516260","0","1"
"04","‹{éŒ§","04205","‹CåÀŽs","042050139000","–{‹g’¬’†•½","38.761339","141.427228","0","1"
"04","‹{éŒ§","04205","‹CåÀŽs","042050140000","–{‹g’¬‘åž­","38.798779","141.513979","0","1"
"04","‹{éŒ§","04205","‹CåÀŽs","042050141000","–{‹g’¬’J’n","38.800988","141.538197","0","1"
"04","‹{éŒ§","04205","‹CåÀŽs","042050142000","¼è•Ð•l","38.874115","141.585562","0","1"
"04","‹{éŒ§","04205","‹CåÀŽs","042050143000","“cK","38.861993","141.609797","0","1"
"04","‹{éŒ§","04205","‹CåÀŽs","042050144000","‘åŒü","38.857884","141.609403","0","1"
"04","‹{éŒ§","04205","‹CåÀŽs","042050145000","ŠâŒŽŽ›‘ò","38.862406","141.566109","0","1"
"04","‹{éŒ§","04205","‹CåÀŽs","042050146000","¼”ª”¦‘O","38.923496","141.580821","0","1"
"04","‹{éŒ§","04205","‹CåÀŽs","042050147000","ÔŠâ‘åÎ‘q","38.873796","141.534142","0","1"
"04","‹{éŒ§","04205","‹CåÀŽs","042050148000","–{‹g’¬’·ª","38.821242","141.568078","0","1"
"04","‹{éŒ§","04205","‹CåÀŽs","042050149000","–{‹g’¬‘ “à","38.750587","141.526312","0","1"
"04","‹{éŒ§","04205","‹CåÀŽs","042050150000","‰ôŠÚ","38.859544","141.619271","0","1"
"04","‹{éŒ§","04205","‹CåÀŽs","042050151000","ìŒ´è","38.907147","141.544322","0","1"
"04","‹{éŒ§","04205","‹CåÀŽs","042050152000","–{‹g’¬ŽO“‡","38.814353","141.566293","0","1"
"04","‹{éŒ§","04205","‹CåÀŽs","042050153000","–{‹g’¬Œã“c","38.827862","141.573427","0","1"
"04","‹{éŒ§","04205","‹CåÀŽs","042050154000","’·è","38.855414","141.621936","0","1"
"04","‹{éŒ§","04205","‹CåÀŽs","042050155000","ŠâŒŽçŠâ“c","38.865382","141.582306","0","1"
"04","‹{éŒ§","04205","‹CåÀŽs","042050156000","ìèK","38.916127","141.505653","0","1"
"04","‹{éŒ§","04205","‹CåÀŽs","042050157000","“‚ŒK’¬¬ŽI","38.886598","141.648633","0","1"
"04","‹{éŒ§","04205","‹CåÀŽs","042050158000","ŽOƒm•l","38.888846","141.610815","0","1"
"04","‹{éŒ§","04205","‹CåÀŽs","042050159000","–{‹g’¬“¹ŠO","38.786145","141.517518","0","1"
"04","‹{éŒ§","04205","‹CåÀŽs","042050160000","¼è‘åŠž","38.863401","141.546177","0","1"
"04","‹{éŒ§","04205","‹CåÀŽs","042050161000","“c’†","38.889835","141.553591","0","1"
"04","‹{éŒ§","04205","‹CåÀŽs","042050162000","ˆé‘ò","38.922015","141.497462","0","1"
"04","‹{éŒ§","04205","‹CåÀŽs","042050163000","¼è–k‘ò","38.882241","141.584047","0","1"
"04","‹{éŒ§","04205","‹CåÀŽs","042050164000","“‚ŒK’¬Œ‡•l","38.882621","141.660924","0","1"
"04","‹{éŒ§","04205","‹CåÀŽs","042050165000","ÔŠâŒÜ‘Ê’L","38.882671","141.577194","0","1"
"04","‹{éŒ§","04205","‹CåÀŽs","042050166000","“‚ŒK’¬ÚŠb","38.943229","141.634797","0","1"
"04","‹{éŒ§","04205","‹CåÀŽs","042050167000","“‚ŒK’¬ã–Ž—§","38.887405","141.642977","0","1"
"04","‹{éŒ§","04205","‹CåÀŽs","042050168000","“cK‘ò","38.909103","141.534336","0","1"
"04","‹{éŒ§","04205","‹CåÀŽs","042050169000","–{‹g’¬’Ã’JV–¾ŒË","38.790795","141.500347","0","1"
"04","‹{éŒ§","04205","‹CåÀŽs","042050170000","–{‹g’¬’Ã’J’·ª","38.791879","141.519141","0","1"
"04","‹{éŒ§","04205","‹CåÀŽs","042050171000","–{‹g’¬“o•Ä‘ò","38.785615","141.510245","0","1"
"04","‹{éŒ§","04205","‹CåÀŽs","042050172000","“‚ŒK’¬‘å”¨","38.936171","141.631108","0","1"
"04","‹{éŒ§","04205","‹CåÀŽs","042050173000","“‚ŒK’¬“°Šp","38.934674","141.639215","0","1"
"04","‹{éŒ§","04205","‹CåÀŽs","042050174000","–{‹g’¬¬‹àŽR","38.774315","141.449513","0","1"
"04","‹{éŒ§","04205","‹CåÀŽs","042050175000","“‚ŒK’¬ã¬ŽI","38.883533","141.650598","0","1"
"04","‹{éŒ§","04205","‹CåÀŽs","042050176000","’·ˆé’¹Žq‘ò","38.842122","141.574384","0","1"
"04","‹{éŒ§","04205","‹CåÀŽs","042050177000","–{‹g’¬’Ã’JŠÚ‰ª","38.796320","141.508367","0","1"
"04","‹{éŒ§","04205","‹CåÀŽs","042050178000","ŠâŒŽâ´‘ò","38.860634","141.557849","0","1"
"04","‹{éŒ§","04205","‹CåÀŽs","042050179000","“‚ŒK’¬Šâˆä‘ò","38.945095","141.630823","0","1"
"04","‹{éŒ§","04205","‹CåÀŽs","042050180000","¼è‚’J","38.871239","141.573988","0","1"
"04","‹{éŒ§","04205","‹CåÀŽs","042050181000","“‚ŒK’¬’Ã–{","38.866073","141.660032","0","1"
"04","‹{éŒ§","04205","‹CåÀŽs","042050182000","ŠâŒŽ•óƒ–‘ò","38.862285","141.575331","0","1"
"04","‹{éŒ§","04205","‹CåÀŽs","042050183000","“‚ŒK’¬oŽR","38.958744","141.637453","0","1"
"04","‹{éŒ§","04205","‹CåÀŽs","042050184000","“‚ŒK’¬”nê","38.904050","141.648387","0","1"
"04","‹{éŒ§","04205","‹CåÀŽs","042050185000","–{‹g’¬‘å’J","38.813964","141.574561","0","1"
"04","‹{éŒ§","04205","‹CåÀŽs","042050186000","–{‹g’¬“ñ\ˆê•l","38.755372","141.518710","0","1"
"04","‹{éŒ§","04205","‹CåÀŽs","042050187000","–{‹g’¬¬•ôè","38.789172","141.480744","0","1"
"04","‹{éŒ§","04205","‹CåÀŽs","042050188000","–{‹g’¬Ž›‘ò","38.829059","141.557455","0","1"
"04","‹{éŒ§","04205","‹CåÀŽs","042050189000","–{‹g’¬Œü”¨","38.777514","141.441587","0","1"
"04","‹{éŒ§","04205","‹CåÀŽs","042050190000","–{‹g’¬‰º—vŠQ","38.782023","141.450422","0","1"
"04","‹{éŒ§","04205","‹CåÀŽs","042050191000","íŠy","38.893742","141.557778","0","1"
"04","‹{éŒ§","04205","‹CåÀŽs","042050192000","“‚ŒK’¬¬“c","38.940491","141.639295","0","1"
"04","‹{éŒ§","04205","‹CåÀŽs","042050193000","–{‹g’¬ŽR’J","38.813015","141.544779","0","1"
"04","‹{éŒ§","04205","‹CåÀŽs","042050194000","ŽOì•l","38.841433","141.630891","0","1"
"04","‹{éŒ§","04205","‹CåÀŽs","042050195000","–{‹g’¬‘O•l","38.801108","141.545496","0","1"
"04","‹{éŒ§","04205","‹CåÀŽs","042050196000","—Ž‡","38.907079","141.497867","0","1"
"04","‹{éŒ§","04205","‹CåÀŽs","042050197000","–{‹g’¬‘åŽÄ","38.766665","141.419389","0","1"
"04","‹{éŒ§","04205","‹CåÀŽs","042050198000","Ž­ƒm‘q","38.904338","141.518736","0","1"
"04","‹{éŒ§","04205","‹CåÀŽs","042050199000","–{‹g’¬“´‘ò","38.824962","141.561261","0","1"
"04","‹{éŒ§","04205","‹CåÀŽs","042050200000","äª‰×‘ò","38.902211","141.541880","0","1"
"04","‹{éŒ§","04205","‹CåÀŽs","042050201000","–{‹g’¬[”‹","38.772982","141.456539","0","1"
"04","‹{éŒ§","04205","‹CåÀŽs","042050202000","‰¡À","38.836059","141.623505","0","1"
"04","‹{éŒ§","04205","‹CåÀŽs","042050203000","–{‹g’¬Šx‚Ì‰º","38.790664","141.488781","0","1"
"04","‹{éŒ§","04205","‹CåÀŽs","042050204000","•¨‘qŽR","38.864449","141.536609","0","1"
"04","‹{éŒ§","04205","‹CåÀŽs","042050205000","“‚ŒK’¬–k’†","38.897586","141.651967","0","1"
"04","‹{éŒ§","04205","‹CåÀŽs","042050206000","–{‹g’¬•{’†","38.810344","141.538244","0","1"
"04","‹{éŒ§","04205","‹CåÀŽs","042050207000","–{‹g’¬–ö‘ò","38.747649","141.513230","0","1"
"04","‹{éŒ§","04205","‹CåÀŽs","042050208000","“‚ŒK’¬¬’·ª","38.889695","141.660499","0","1"
"04","‹{éŒ§","04205","‹CåÀŽs","042050209000","•S–Ú–Ø","38.899460","141.532269","0","1"
"04","‹{éŒ§","04205","‹CåÀŽs","042050210000","“‚ŒK’¬–Ž—§","38.893407","141.642803","0","1"
"04","‹{éŒ§","04205","‹CåÀŽs","042050211000","¬ˆ°","38.899760","141.486829","0","1"
"04","‹{éŒ§","04205","‹CåÀŽs","042050212000","ŒÃ’¬","38.915368","141.561447","0","1"
"04","‹{éŒ§","04205","‹CåÀŽs","042050213000","‰Y‚Ì•l","38.866555","141.617459","0","1"
"04","‹{éŒ§","04205","‹CåÀŽs","042050214000","“‚ŒK’¬–¾ŒË","38.907889","141.644386","0","1"
"04","‹{éŒ§","04205","‹CåÀŽs","042050215000","ÔŠâ’·ŽÄ","38.879470","141.532119","0","1"
"04","‹{éŒ§","04205","‹CåÀŽs","042050216000","’·ˆé‘åŒE","38.843706","141.569178","0","1"
"04","‹{éŒ§","04205","‹CåÀŽs","042050217000","–{‹g’¬K“y","38.800295","141.523247","0","1"
"04","‹{éŒ§","04205","‹CåÀŽs","042050218000","ã“Œ‘¤","38.953165","141.572821","0","1"
"04","‹{éŒ§","04205","‹CåÀŽs","042050219000","Œã‹ãð","38.894174","141.546094","0","1"
"04","‹{éŒ§","04205","‹CåÀŽs","042050220000","“‚ŒK’¬‚Î•l","38.917170","141.647053","0","1"
"04","‹{éŒ§","04205","‹CåÀŽs","042050221000","ŠO•l","38.879566","141.624457","0","1"
"04","‹{éŒ§","04205","‹CåÀŽs","042050222000","–{‹g’¬ŠÚ‰º","38.794413","141.481541","0","1"
"04","‹{éŒ§","04205","‹CåÀŽs","042050223000","–{‹g’¬—Ñ‚Ì‘ò","38.804457","141.514360","0","1"
"04","‹{éŒ§","04205","‹CåÀŽs","042050224000","¼’†Ë","38.935868","141.577065","0","1"
"04","‹{éŒ§","04205","‹CåÀŽs","042050225000","“‚ŒK’¬’†","38.894579","141.658426","0","1"
"04","‹{éŒ§","04205","‹CåÀŽs","042050226000","ÔŠâ…—œŽq","38.866117","141.520153","0","1"
"04","‹{éŒ§","04205","‹CåÀŽs","042050227000","“‚ŒK’¬¼•Þ","38.871692","141.655784","0","1"
"04","‹{éŒ§","04205","‹CåÀŽs","042050228000","–{‹g’¬‘å“Œ","38.770124","141.426331","0","1"
"04","‹{éŒ§","04205","‹CåÀŽs","042050229000","“ñƒm•l","38.887782","141.604376","0","1"
"04","‹{éŒ§","04205","‹CåÀŽs","042050230000","–{‹g’¬Ž›—vŠQ","38.775758","141.460775","0","1"
"04","‹{éŒ§","04205","‹CåÀŽs","042050231000","–{‹g’¬‚‰ª","38.800806","141.497744","0","1"
"04","‹{éŒ§","04205","‹CåÀŽs","042050232000","ˆé‘","38.871509","141.607951","0","1"
"04","‹{éŒ§","04205","‹CåÀŽs","042050233000","˜a–ì","38.898594","141.526688","0","1"
"04","‹{éŒ§","04205","‹CåÀŽs","042050234000","Å’mr‘ò","38.853870","141.561244","0","1"
"04","‹{éŒ§","04205","‹CåÀŽs","042050235000","‘å‰•½","38.869676","141.626525","0","1"
"04","‹{éŒ§","04205","‹CåÀŽs","042050236000","“‚ŒK’¬è•l","38.862386","141.670214","0","1"
"04","‹{éŒ§","04205","‹CåÀŽs","042050237000","¬XŽ¬","38.894591","141.599341","0","1"
"04","‹{éŒ§","04205","‹CåÀŽs","042050238000","‹à¬‘ò","38.904111","141.525532","0","1"
"04","‹{éŒ§","04205","‹CåÀŽs","042050239000","“‚ŒK’¬_‚Ì‘q","38.872250","141.665062","0","1"
"04","‹{éŒ§","04205","‹CåÀŽs","042050240000","’†ŽR","38.846862","141.624545","0","1"
"04","‹{éŒ§","04205","‹CåÀŽs","042050241000","“‚ŒK’¬’†ˆä","38.880012","141.653674","0","1"
"04","‹{éŒ§","04205","‹CåÀŽs","042050242000","Ûƒ–•@","38.909478","141.493417","0","1"
"04","‹{éŒ§","04205","‹CåÀŽs","042050243000","–{‹g’¬’Ã’J÷Žq","38.789204","141.495120","0","1"
"04","‹{éŒ§","04205","‹CåÀŽs","042050244000","“‚ŒK’¬‹«","38.934610","141.621232","0","1"
"04","‹{éŒ§","04205","‹CåÀŽs","042050245000","–{‹g’¬’·”¨","38.832999","141.543566","0","1"
"04","‹{éŒ§","04205","‹CåÀŽs","042050246000","“‚ŒK’¬h‰Y","38.900256","141.640906","0","1"
"04","‹{éŒ§","04205","‹CåÀŽs","042050247000","‹TŽR","38.875510","141.615176","0","1"
"04","‹{éŒ§","04205","‹CåÀŽs","042050248000","ŠâŒŽ’·•½","38.856484","141.555201","0","1"
"04","‹{éŒ§","04205","‹CåÀŽs","042050249000","’·ŠâŠÔ","38.887382","141.487560","0","1"
"04","‹{éŒ§","04205","‹CåÀŽs","042050250000","–{‹g’¬M•v","38.759037","141.434007","0","1"
"04","‹{éŒ§","04205","‹CåÀŽs","042050251000","–{‹g’¬‹{“à","38.789047","141.467879","0","1"
"04","‹{éŒ§","04205","‹CåÀŽs","042050252000","–{‹g’¬’·ŒE","38.750514","141.506483","0","1"
"04","‹{éŒ§","04205","‹CåÀŽs","042050253000","Å’m“ìÅ’m","38.850535","141.573538","0","1"
"04","‹{éŒ§","04205","‹CåÀŽs","042050254000","ˆ¢ªŒŽ","38.925568","141.503823","0","1"
"04","‹{éŒ§","04205","‹CåÀŽs","042050255000","ÔŠâŽl\“ñ","38.857069","141.520524","0","1"
"04","‹{éŒ§","04205","‹CåÀŽs","042050256000","–{‹g’¬Ž½Œ´","38.786022","141.448874","0","1"
"04","‹{éŒ§","04205","‹CåÀŽs","042050257000","Š‘ò","38.896971","141.542689","0","1"
"04","‹{éŒ§","04205","‹CåÀŽs","042050258000","–{‹g’¬ÎìŒ´","38.836018","141.556199","0","1"
"04","‹{éŒ§","04205","‹CåÀŽs","042050259000","“‚ŒK’¬Î•l","38.915995","141.636217","0","1"
"04","‹{éŒ§","04205","‹CåÀŽs","042050260000","Ø’Ê","38.915462","141.534059","0","1"
"04","‹{éŒ§","04205","‹CåÀŽs","042050261000","–{‹g’¬“¹ŠÑ","38.838284","141.537853","0","1"
"04","‹{éŒ§","04205","‹CåÀŽs","042050262000","‹ãð","38.892079","141.547863","0","1"
"04","‹{éŒ§","04205","‹CåÀŽs","042050263000","–{‹g’¬Šp•¿","38.794016","141.438363","0","1"
"04","‹{éŒ§","04205","‹CåÀŽs","042050264000","–¼–Ø‘ò","38.926986","141.494273","0","1"
"04","‹{éŒ§","04205","‹CåÀŽs","042050265000","‘å‰Y","38.900093","141.595444","0","1"
"04","‹{éŒ§","04205","‹CåÀŽs","042050266000","–{‹g’¬ã–ì","38.777623","141.429429","0","1"
"04","‹{éŒ§","04205","‹CåÀŽs","042050267000","“‚ŒK’¬ŠÚ","38.948749","141.625701","0","1"
"04","‹{éŒ§","04205","‹CåÀŽs","042050268000","“‚ŒK’¬‰Y","38.906616","141.632627","0","1"
"04","‹{éŒ§","04205","‹CåÀŽs","042050269000","–{‹g’¬–V‚Ì‘q","38.806634","141.505786","0","1"
"04","‹{éŒ§","04205","‹CåÀŽs","042050270000","–{‹g’¬‰ºì“à","38.803818","141.481658","0","1"
"04","‹{éŒ§","04205","‹CåÀŽs","042050271000","á‘’Î","38.883814","141.526625","0","1"
"04","‹{éŒ§","04205","‹CåÀŽs","042050272000","–{‹g’¬•½ž­","38.761350","141.441140","0","1"
"04","‹{éŒ§","04205","‹CåÀŽs","042050273000","ŠÖª","38.949430","141.512267","0","1"
"04","‹{éŒ§","04205","‹CåÀŽs","042050274000","–{‹g’¬’†ì“à","38.819948","141.476563","0","1"
"04","‹{éŒ§","04205","‹CåÀŽs","042050275000","–{‹g’¬”ö“c","38.794165","141.452206","0","1"
"04","‹{éŒ§","04205","‹CåÀŽs","042050276000","“Œ”ª”¦‘O","38.921876","141.586261","0","1"
"04","‹{éŒ§","04205","‹CåÀŽs","042050277000","Šp’n","38.972096","141.504886","0","1"
"04","‹{éŒ§","04205","‹CåÀŽs","042050278000","“‚ŒK’¬r’J‘O","38.951924","141.616005","0","1"
"04","‹{éŒ§","04205","‹CåÀŽs","042050279000","¼ì","38.918804","141.546540","0","1"
"04","‹{éŒ§","04205","‹CåÀŽs","042050280000","ÔŠâ‚‘O“c","38.871120","141.514372","0","1"
"04","‹{éŒ§","04205","‹CåÀŽs","042050281000","‘ä","38.937876","141.513801","0","1"
"04","‹{éŒ§","04205","‹CåÀŽs","042050282000","–{‹g’¬Ž­‚ÌŽq","38.754419","141.425364","0","1"
"04","‹{éŒ§","04205","‹CåÀŽs","042050283000","“‚ŒK’¬‘ä‚Ì‰º","38.959659","141.615960","0","1"
"04","‹{éŒ§","04205","‹CåÀŽs","042050284000","–{‹g’¬ÒŠ—‘ò","38.845203","141.549499","0","1"
"04","‹{éŒ§","04205","‹CåÀŽs","042050285000","–{‹g’¬¼ƒ–‘ò","38.773936","141.471339","0","1"
"04","‹{éŒ§","04205","‹CåÀŽs","042050286000","¼è‰º‹àŽæ","38.857394","141.536861","0","1"
"04","‹{éŒ§","04205","‹CåÀŽs","042050287000","“Œ’†Ë","38.936502","141.581392","0","1"
"04","‹{éŒ§","04205","‹CåÀŽs","042050288000","“‚ŒK’¬¼•‘ª","38.894594","141.619860","0","1"
"04","‹{éŒ§","04205","‹CåÀŽs","042050289000","‹v•Û","38.905100","141.507574","0","1"
"04","‹{éŒ§","04205","‹CåÀŽs","042050290000","–{‹g’¬¼ì“à","38.812842","141.468979","0","1"
"04","‹{éŒ§","04205","‹CåÀŽs","042050291000","ÔŠâ‰H“c","38.864608","141.503226","0","1"
"04","‹{éŒ§","04205","‹CåÀŽs","042050292000","–{‹g’¬Žë—Â","38.802946","141.465279","0","1"
"04","‹{éŒ§","04205","‹CåÀŽs","042050293000","’Ë‘ò","38.956947","141.517411","0","1"
"04","‹{éŒ§","04205","‹CåÀŽs","042050294000","–{‹g’¬’†‘ò","38.803880","141.447389","0","1"
"04","‹{éŒ§","04205","‹CåÀŽs","042050295000","–{‹g’¬“Œì“à","38.811756","141.487954","0","1"
"04","‹{éŒ§","04205","‹CåÀŽs","042050296000","“‚ŒK’¬“Œ•‘ª","38.908017","141.614990","0","1"
"04","‹{éŒ§","04205","‹CåÀŽs","042050297000","–{‹g’¬’–‚Ì•@","38.770052","141.477631","0","1"
"04","‹{éŒ§","04205","‹CåÀŽs","042050298000","ã“Œ‘¤ª","38.977895","141.566879","0","1"
"04","‹{éŒ§","04205","‹CåÀŽs","042050299000","”’Î","38.988623","141.544431","0","1"
"04","‹{éŒ§","04205","‹CåÀŽs","042050300000","¼èã‹àŽæ","38.841947","141.524525","0","1"
"04","‹{éŒ§","04205","‹CåÀŽs","042050301000","ÔŠâã‰H“c","38.860990","141.489368","0","1"
"04","‹{éŒ§","04205","‹CåÀŽs","042050302000","“à¼ì","38.931649","141.548445","0","1"
"04","‹{éŒ§","04205","‹CåÀŽs","042050303000","“‚ŒK’¬‘ü‰z","38.930619","141.614302","0","1"
"04","‹{éŒ§","04205","‹CåÀŽs","042050304000","•ÎŽR","38.950735","141.499001","0","1"
"04","‹{éŒ§","04205","‹CåÀŽs","042050305000","–FƒmŒû","38.970847","141.530178","0","1"
"04","‹{éŒ§","04205","‹CåÀŽs","042050306000","‚”»Œ`ŽR","38.963676","141.581144","0","1"
"04","‹{éŒ§","04205","‹CåÀŽs","042050307000","‘ˆî’J","38.950239","141.537007","0","1"
"04","‹{éŒ§","04205","‹CåÀŽs","042050308000","–{‹g’¬‘ê‘ò","38.754139","141.411507","0","1"
"04","‹{éŒ§","04205","‹CåÀŽs","042050309000","‘åŠâˆäŽR","38.930211","141.568604","0","1"
"04","‹{éŒ§","04205","‹CåÀŽs","042050310000","ÔŠâ•¨Œ©","38.847797","141.501061","0","1"
"04","‹{éŒ§","04205","‹CåÀŽs","042050311000","–{‹g’¬Œß‰¤–ì‘ò","38.758553","141.454059","0","1"
"04","‹{éŒ§","04205","‹CåÀŽs","042050312000","‰º”ª£","38.927404","141.520835","0","1"
"04","‹{éŒ§","04205","‹CåÀŽs","042050313000","ã¼‘¤","38.964436","141.552029","0","1"
"04","‹{éŒ§","04205","‹CåÀŽs","042050314000","‘å“»ŽR","38.942297","141.602328","0","1"
"04","‹{éŒ§","04205","‹CåÀŽs","042050315000","“nŒË","38.885365","141.505464","0","1"
"04","‹{éŒ§","04205","‹CåÀŽs","042050316000","–{‹g’¬ãì“à","38.838443","141.467961","0","1"
"04","‹{éŒ§","04205","‹CåÀŽs","042050317000","ìã","38.882192","141.477644","0","1"
"04","‹{éŒ§","04205","‹CåÀŽs","042050318000","“‚ŒK’¬Š˜Î‰º","38.972135","141.602974","0","1"
"04","‹{éŒ§","04205","‹CåÀŽs","042050319000","×”ö","38.986015","141.508346","0","1"
"04","‹{éŒ§","04205","‹CåÀŽs","042050320000","–{‹g’¬˜n–ì","38.760296","141.488617","0","1"
"04","‹{éŒ§","04205","‹CåÀŽs","042050321000","–{‹g’¬›‚Ì‘ò","38.759742","141.511690","0","1"
"04","‹{éŒ§","04205","‹CåÀŽs","042050322000","–{‹g’¬•½ŠL","38.760249","141.504524","0","1"
"04","‹{éŒ§","04205","‹CåÀŽs","042050323000","–{‹g’¬ŠO”ö","38.756423","141.497015","0","1"
"04","‹{éŒ§","04205","‹CåÀŽs","042050324000","–{‹g’¬“ì–¾ŒË","38.774880","141.493606","0","1"
"04","‹{éŒ§","04205","‹CåÀŽs","042050325000","–{‹g’¬V•Þ‚Ì‘ò","38.778237","141.494142","0","1"
"04","‹{éŒ§","04205","‹CåÀŽs","042050326000","–{‹g’¬ò‘ò","38.771060","141.496275","0","1"
"04","‹{éŒ§","04205","‹CåÀŽs","042050327000","–{‹g’¬•¼Š|","38.770399","141.484683","0","1"
"04","‹{éŒ§","04205","‹CåÀŽs","042050328000","–{‹g’¬‰K–¼‘ò","38.779922","141.506432","0","1"
"04","‹{éŒ§","04205","‹CåÀŽs","042050329000","–{‹g’¬•Þ‚Ì‘ò","38.780047","141.498587","0","1"
"04","‹{éŒ§","04205","‹CåÀŽs","042050330000","–{‹g’¬V–k–¾ŒË","38.773827","141.504632","0","1"
"04","‹{éŒ§","04205","‹CåÀŽs","042050331000","–{‹g’¬–k–¾ŒË","38.771486","141.507056","0","1"
"04","‹{éŒ§","04205","‹CåÀŽs","042050332000","–{‹g’¬’†“‡","38.773123","141.512707","0","1"
"04","‹{éŒ§","04205","‹CåÀŽs","042050333000","–{‹g’¬‰ºh","38.767055","141.508641","0","1"
"04","‹{éŒ§","04205","‹CåÀŽs","042050334000","–{‹g’¬V“ì–¾ŒË","38.772371","141.498657","0","1"
"04","‹{éŒ§","04205","‹CåÀŽs","042050335000","–{‹g’¬ìŒ´","38.772697","141.502237","0","1"
"04","‹{éŒ§","04205","‹CåÀŽs","042050336000","¼èŠOƒ–‘ò","38.869866","141.552286","0","1"
"04","‹{éŒ§","04205","‹CåÀŽs","042050337000","¼è–ö‘ò","38.877056","141.562647","0","1"
"04","‹{éŒ§","04205","‹CåÀŽs","042050338000","ÔŠâ–q‘ò","38.878902","141.549276","0","1"
"04","‹{éŒ§","04205","‹CåÀŽs","042050339000","¼è—§Î","38.870697","141.542090","0","1"
"04","‹{éŒ§","04205","‹CåÀŽs","042050340000","¼”ª”¦’¬","38.921859","141.582634","0","1"
"04","‹{éŒ§","04205","‹CåÀŽs","042050341000","˜Q”Â","38.908537","141.589384","0","1"
"04","‹{éŒ§","04205","‹CåÀŽs","042050342000","“Œ‚Ý‚È‚Æ’¬","38.916772","141.585127","0","1"
"04","‹{éŒ§","04205","‹CåÀŽs","042050343000","¼‚Ý‚È‚Æ’¬","38.917808","141.581092","0","1"
"04","‹{éŒ§","04205","‹CåÀŽs","042050344000","‘ ’ê","38.917559","141.577521","0","1"
"04","‹{éŒ§","04205","‹CåÀŽs","042050345000","’†‚Ý‚È‚Æ’¬","38.917423","141.582847","0","1"
"04","‹{éŒ§","04205","‹CåÀŽs","042050346001","‹Ñ’¬ˆê’š–Ú","38.914227","141.582269","0","3"
"04","‹{éŒ§","04205","‹CåÀŽs","042050346002","‹Ñ’¬“ñ’š–Ú","38.913845","141.585026","0","3"
"04","‹{éŒ§","04205","‹CåÀŽs","042050347000","‹›•l’¬","38.908527","141.580467","0","1"
"04","‹{éŒ§","04205","‹CåÀŽs","042050348001","V•l’¬ˆê’š–Ú","38.914668","141.579132","0","3"
"04","‹{éŒ§","04205","‹CåÀŽs","042050348002","V•l’¬“ñ’š–Ú","38.913214","141.580981","0","3"
"04","‹{éŒ§","04205","‹CåÀŽs","042050349000","‰h’¬","38.911877","141.577198","0","1"
"04","‹{éŒ§","04205","‹CåÀŽs","042050350000","–{‹½","38.897088","141.567599","0","1"
"04","‹{éŒ§","04205","‹CåÀŽs","042050351000","“ì‹½","38.892882","141.571826","0","1"
"04","‹{éŒ§","04205","‹CåÀŽs","042050352000","ù‚ªw","38.900978","141.571157","0","1"
"04","‹{éŒ§","04205","‹CåÀŽs","042050353001","“ì‚ª‹uˆê’š–Ú","38.899392","141.573208","0","3"
"04","‹{éŒ§","04205","‹CåÀŽs","042050353002","“ì‚ª‹u“ñ’š–Ú","38.899526","141.575949","0","3"
"04","‹{éŒ§","04205","‹CåÀŽs","042050354001","•Ù“V’¬ˆê’š–Ú","38.896643","141.581295","0","3"
"04","‹{éŒ§","04205","‹CåÀŽs","042050354002","•Ù“V’¬“ñ’š–Ú","38.894787","141.580577","0","3"
"04","‹{éŒ§","04205","‹CåÀŽs","042050355000","‹›Žsê‘O","38.899230","141.580210","0","1"
"04","‹{éŒ§","04205","‹CåÀŽs","042050356001","K’¬ˆê’š–Ú","38.898507","141.573866","0","3"
"04","‹{éŒ§","04205","‹CåÀŽs","042050356002","K’¬“ñ’š–Ú","38.897536","141.573266","0","3"
"04","‹{éŒ§","04205","‹CåÀŽs","042050356003","K’¬ŽO’š–Ú","38.898657","141.575666","0","3"
"04","‹{éŒ§","04205","‹CåÀŽs","042050356004","K’¬Žl’š–Ú","38.897210","141.575260","0","3"
"04","‹{éŒ§","04205","‹CåÀŽs","042050357001","’‡’¬ˆê’š–Ú","38.895590","141.576478","0","3"
"04","‹{éŒ§","04205","‹CåÀŽs","042050357002","’‡’¬“ñ’š–Ú","38.897196","141.577894","0","3"
"04","‹{éŒ§","04205","‹CåÀŽs","042050358000","“àƒm˜e","38.890957","141.578982","0","1"
"04","‹{éŒ§","04205","‹CåÀŽs","042050359000","–{‹g’¬‹ã‘½ŠÛ","38.815883","141.555086","0","1"
"04","‹{éŒ§","04205","‹CåÀŽs","042050360000","–{‹g’¬–ØŒË","38.817182","141.549219","0","1"
"04","‹{éŒ§","04205","‹CåÀŽs","042050361000","–{‹g’¬˜T‚Ì‘ƒ","38.824889","141.506018","0","1"
"04","‹{éŒ§","04205","‹CåÀŽs","042050362000","–{‹g’¬‚","38.810533","141.522378","0","1"
"04","‹{éŒ§","04205","‹CåÀŽs","042050363000","–{‹g’¬‰Ž“à","38.815703","141.539389","0","1"
"04","‹{éŒ§","04205","‹CåÀŽs","042050364000","–{‹g’¬‘å–p–Ø","38.810346","141.531133","0","1"
"04","‹{éŒ§","04205","‹CåÀŽs","042050365000","–{‹g’¬“ú–å","38.811459","141.553941","0","1"
"04","‹{éŒ§","04205","‹CåÀŽs","042050366000","–{‹g’¬Ž›’J","38.824894","141.546681","0","1"
"04","‹{éŒ§","04205","‹CåÀŽs","042050367000","–{‹g’¬‚£ƒ–X","38.813478","141.547083","0","1"
"04","‹{éŒ§","04206","”’ÎŽs","042060001000","Žš‘ò’[","38.004750","140.621345","0","1"
"04","‹{éŒ§","04206","”’ÎŽs","042060002000","Žš”¼‘ò‰®•~¼","38.010670","140.620246","0","1"
"04","‹{éŒ§","04206","”’ÎŽs","042060003000","Žš–{’b–è¬˜H","38.005739","140.621083","0","1"
"04","‹{éŒ§","04206","”’ÎŽs","042060004000","ŽšK","38.012751","140.623676","0","1"
"04","‹{éŒ§","04206","”’ÎŽs","042060005001","—Î‚ª‹uˆê’š–Ú","38.000783","140.644071","0","3"
"04","‹{éŒ§","04206","”’ÎŽs","042060005002","—Î‚ª‹u“ñ’š–Ú","38.001322","140.643166","0","3"
"04","‹{éŒ§","04206","”’ÎŽs","042060006000","Žš‘å”¨“ñ”Ô","38.009899","140.627415","0","1"
"04","‹{éŒ§","04206","”’ÎŽs","042060007000","Žš–kìŒ´","38.011971","140.625052","0","1"
"04","‹{éŒ§","04206","”’ÎŽs","042060008000","Žšã‰","38.015048","140.630171","0","1"
"04","‹{éŒ§","04206","”’ÎŽs","042060009000","Žš“eì","38.001273","140.625369","0","1"
"04","‹{éŒ§","04206","”’ÎŽs","042060010000","Žš´…¬˜H","38.005711","140.624180","0","1"
"04","‹{éŒ§","04206","”’ÎŽs","042060011000","Žš˜j—’¬","38.007970","140.621278","0","1"
"04","‹{éŒ§","04206","”’ÎŽs","042060012001","¼ƒP‹uˆê’š–Ú","38.005023","140.645114","0","3"
"04","‹{éŒ§","04206","”’ÎŽs","042060012002","¼ƒP‹u“ñ’š–Ú","38.006786","140.645165","0","3"
"04","‹{éŒ§","04206","”’ÎŽs","042060013000","Žš\‰¤“°‘O","38.012583","140.628542","0","1"
"04","‹{éŒ§","04206","”’ÎŽs","042060014000","Žš–öìŒ´","38.013943","140.627225","0","1"
"04","‹{éŒ§","04206","”’ÎŽs","042060015000","Žš“Œ¬˜H","38.002596","140.621420","0","1"
"04","‹{éŒ§","04206","”’ÎŽs","042060016000","Žš’†’¬","38.004264","140.622623","0","1"
"04","‹{éŒ§","04206","”’ÎŽs","042060017000","Žš\‰¤“°–k","38.013821","140.628834","0","1"
"04","‹{éŒ§","04206","”’ÎŽs","042060018001","‘é‘ƒ¼ˆê’š–Ú","38.000387","140.631244","0","3"
"04","‹{éŒ§","04206","”’ÎŽs","042060018002","‘é‘ƒ¼“ñ’š–Ú","37.998512","140.633786","0","3"
"04","‹{éŒ§","04206","”’ÎŽs","042060018003","‘é‘ƒ¼ŽO’š–Ú","37.997449","140.632584","0","3"
"04","‹{éŒ§","04206","”’ÎŽs","042060019001","‘é‘ƒ“Œˆê’š–Ú","37.996559","140.635726","0","3"
"04","‹{éŒ§","04206","”’ÎŽs","042060019002","‘é‘ƒ“Œ“ñ’š–Ú","37.996463","140.637764","0","3"
"04","‹{éŒ§","04206","”’ÎŽs","042060019003","‘é‘ƒ“ŒŽO’š–Ú","37.996971","140.641000","0","3"
"04","‹{éŒ§","04206","”’ÎŽs","042060019004","‘é‘ƒ“ŒŽl’š–Ú","37.997365","140.644894","0","3"
"04","‹{éŒ§","04206","”’ÎŽs","042060020000","Žš’·’¬","38.006203","140.622477","0","1"
"04","‹{éŒ§","04206","”’ÎŽs","042060021000","Žš–k–³‘oì","37.998734","140.630284","0","1"
"04","‹{éŒ§","04206","”’ÎŽs","042060022001","ˆ®’¬ˆê’š–Ú","37.994627","140.631323","0","3"
"04","‹{éŒ§","04206","”’ÎŽs","042060022002","ˆ®’¬“ñ’š–Ú","37.993908","140.633393","0","3"
"04","‹{éŒ§","04206","”’ÎŽs","042060022003","ˆ®’¬ŽO’š–Ú","37.991482","140.631318","0","3"
"04","‹{éŒ§","04206","”’ÎŽs","042060022004","ˆ®’¬Žl’š–Ú","37.993082","140.634935","0","3"
"04","‹{éŒ§","04206","”’ÎŽs","042060022005","ˆ®’¬ŒÜ’š–Ú","37.990463","140.632720","0","3"
"04","‹{éŒ§","04206","”’ÎŽs","042060022006","ˆ®’¬˜Z’š–Ú","37.989619","140.634303","0","3"
"04","‹{éŒ§","04206","”’ÎŽs","042060022007","ˆ®’¬Žµ’š–Ú","37.987975","140.635975","0","3"
"04","‹{éŒ§","04206","”’ÎŽs","042060023001","”’’¹ˆê’š–Ú","38.035714","140.641359","0","3"
"04","‹{éŒ§","04206","”’ÎŽs","042060023002","”’’¹“ñ’š–Ú","38.036999","140.643647","0","3"
"04","‹{éŒ§","04206","”’ÎŽs","042060023003","”’’¹ŽO’š–Ú","38.035447","140.645026","0","3"
"04","‹{éŒ§","04206","”’ÎŽs","042060024000","Žš‰„–½Ž›–k","38.009274","140.624207","0","1"
"04","‹{éŒ§","04206","”’ÎŽs","042060025000","Žš”’Î‰«","37.998538","140.623915","0","1"
"04","‹{éŒ§","04206","”’ÎŽs","042060026000","ŽšŽ›‰®•~‘O","38.005536","140.627369","0","1"
"04","‹{éŒ§","04206","”’ÎŽs","042060027000","Žš–ö’¬","38.001498","140.624205","0","1"
"04","‹{éŒ§","04206","”’ÎŽs","042060028001","“Œ’¬ˆê’š–Ú","37.997760","140.626527","0","3"
"04","‹{éŒ§","04206","”’ÎŽs","042060028002","“Œ’¬“ñ’š–Ú","37.997303","140.629124","0","3"
"04","‹{éŒ§","04206","”’ÎŽs","042060028003","“Œ’¬ŽO’š–Ú","37.993674","140.628565","0","3"
"04","‹{éŒ§","04206","”’ÎŽs","042060028004","“Œ’¬Žl’š–Ú","37.994132","140.625762","0","3"
"04","‹{éŒ§","04206","”’ÎŽs","042060028005","“Œ’¬ŒÜ’š–Ú","37.990645","140.625064","0","3"
"04","‹{éŒ§","04206","”’ÎŽs","042060028006","“Œ’¬˜Z’š–Ú","37.990523","140.627333","0","3"
"04","‹{éŒ§","04206","”’ÎŽs","042060029000","Žš‘ò–Ú","38.003086","140.626367","0","1"
"04","‹{éŒ§","04206","”’ÎŽs","042060030000","‘åŽè’¬","38.002275","140.619880","0","1"
"04","‹{éŒ§","04206","”’ÎŽs","042060031000","Žš”I‹X“à","38.010899","140.626122","0","1"
"04","‹{éŒ§","04206","”’ÎŽs","042060032000","Žš’¶ŽqƒPX","38.001090","140.627599","0","1"
"04","‹{éŒ§","04206","”’ÎŽs","042060033000","Žš‘å”¨ˆê”Ô","38.006790","140.629398","3","1"
"04","‹{éŒ§","04206","”’ÎŽs","042060034000","Žš–{’¬","38.001871","140.622790","0","1"
"04","‹{éŒ§","04206","”’ÎŽs","042060035000","ã‹v•Û","37.991931","140.616227","0","1"
"04","‹{éŒ§","04206","”’ÎŽs","042060036000","Žš•sŸƒP’r","38.007738","140.625288","0","1"
"04","‹{éŒ§","04206","”’ÎŽs","042060037000","é–k’¬","38.006766","140.618045","0","1"
"04","‹{éŒ§","04206","”’ÎŽs","042060038000","VŠÙ’¬","37.994150","140.620273","0","1"
"04","‹{éŒ§","04206","”’ÎŽs","042060039001","“c’¬ˆê’š–Ú","37.997302","140.623312","0","3"
"04","‹{éŒ§","04206","”’ÎŽs","042060039002","“c’¬“ñ’š–Ú","37.992864","140.622101","0","3"
"04","‹{éŒ§","04206","”’ÎŽs","042060039003","“c’¬ŽO’š–Ú","37.990119","140.620701","0","3"
"04","‹{éŒ§","04206","”’ÎŽs","042060040000","Žš”¼‘ò‰®•~‘O","38.009927","140.621801","0","1"
"04","‹{éŒ§","04206","”’ÎŽs","042060041001","é“ìˆê’š–Ú","37.994480","140.613199","0","3"
"04","‹{éŒ§","04206","”’ÎŽs","042060041002","é“ì“ñ’š–Ú","37.995009","140.614886","0","3"
"04","‹{éŒ§","04206","”’ÎŽs","042060042000","—Î‚ª‹u","38.000408","140.640225","0","1"
"04","‹{éŒ§","04206","”’ÎŽs","042060043000","Žš“°ê‘O","38.005703","140.630380","0","1"
"04","‹{éŒ§","04206","”’ÎŽs","042060044000","‘åì’¬","38.008735","140.618580","0","1"
"04","‹{éŒ§","04206","”’ÎŽs","042060045000","‘ò’[’¬","38.004620","140.617981","0","1"
"04","‹{éŒ§","04206","”’ÎŽs","042060046001","“ì’¬ˆê’š–Ú","37.999523","140.619279","0","3"
"04","‹{éŒ§","04206","”’ÎŽs","042060046002","“ì’¬“ñ’š–Ú","37.996024","140.618212","0","3"
"04","‹{éŒ§","04206","”’ÎŽs","042060047000","ŽšŠOìŒ´","38.013522","140.624152","0","1"
"04","‹{éŒ§","04206","”’ÎŽs","042060048000","¼‰v‰ª’¬","38.004279","140.613181","0","1"
"04","‹{éŒ§","04206","”’ÎŽs","042060049000","Žš“Œ‘å”¨","38.009187","140.629628","3","1"
"04","‹{éŒ§","04206","”’ÎŽs","042060050000","‰v‰ª’¬","38.002187","140.616113","0","1"
"04","‹{éŒ§","04206","”’ÎŽs","042060051000","ŽõŽR","38.002335","140.633253","0","1"
"04","‹{éŒ§","04206","”’ÎŽs","042060052000","Žš’†‰ÍŒ´","38.008162","140.614183","0","1"
"04","‹{éŒ§","04206","”’ÎŽs","042060053000","”ª”¦’¬","37.999582","140.614432","0","1"
"04","‹{éŒ§","04206","”’ÎŽs","042060054000","‘é‘ƒ","37.996683","140.648814","0","1"
"04","‹{éŒ§","04206","”’ÎŽs","042060055000","”’ì¬‰œ","38.030841","140.701864","0","1"
"04","‹{éŒ§","04206","”’ÎŽs","042060056000","‘å•½â’J","37.976374","140.630475","0","1"
"04","‹{éŒ§","04206","”’ÎŽs","042060057000","‘å‘é‘ò‘é‘ƒ","38.003772","140.656999","0","1"
"04","‹{éŒ§","04206","”’ÎŽs","042060058000","¬‰º‘q","38.025095","140.642264","0","1"
"04","‹{éŒ§","04206","”’ÎŽs","042060059000","‘å•½’†–Ú","37.978421","140.607449","0","1"
"04","‹{éŒ§","04206","”’ÎŽs","042060060000","‘å•½X‡","37.990447","140.604265","0","1"
"04","‹{éŒ§","04206","”’ÎŽs","042060061000","‰z‰ÍŒÜ‰ê","37.939785","140.591939","0","1"
"04","‹{éŒ§","04206","”’ÎŽs","042060062000","”’ì“àe","38.032194","140.662576","0","1"
"04","‹{éŒ§","04206","”’ÎŽs","042060063000","ŒSŽR","38.012608","140.641202","0","1"
"04","‹{éŒ§","04206","”’ÎŽs","042060064000","•Ÿ‰ª’·‘Ü","38.019433","140.607660","0","1"
"04","‹{éŒ§","04206","”’ÎŽs","042060065000","‰z‰Í•½","37.929076","140.615819","0","1"
"04","‹{éŒ§","04206","”’ÎŽs","042060066000","”’ìŒ¢‘²“s”k","37.999536","140.676289","0","1"
"04","‹{éŒ§","04206","”’ÎŽs","042060067000","‰z‰Í","37.923250","140.583904","0","1"
"04","‹{éŒ§","04206","”’ÎŽs","042060068000","‘å‘é‘ò‘å’¬","37.981552","140.671243","0","1"
"04","‹{éŒ§","04206","”’ÎŽs","042060069000","”’ì’Ã“c","38.021586","140.681038","0","1"
"04","‹{éŒ§","04206","”’ÎŽs","042060070000","Öì","37.957183","140.610940","0","1"
"04","‹{éŒ§","04206","”’ÎŽs","042060071000","‘å‘é‘òŽO‘ò","37.968002","140.658232","0","1"
"04","‹{éŒ§","04206","”’ÎŽs","042060072000","•Ÿ‰ª‘ –{","38.008595","140.563010","0","1"
"04","‹{éŒ§","04206","”’ÎŽs","042060073000","•Ÿ‰ª”ª‹{","38.052368","140.527508","0","1"
"04","‹{éŒ§","04206","”’ÎŽs","042060074000","•Ÿ‰ª[’J","38.061996","140.587255","0","1"
"04","‹{éŒ§","04206","”’ÎŽs","042060075000","¬Œ´","37.952136","140.545888","0","1"
"04","‹{éŒ§","04207","–¼ŽæŽs","042070001001","¬ŽRˆê’š–Ú","38.163456","140.881545","0","3"
"04","‹{éŒ§","04207","–¼ŽæŽs","042070001002","¬ŽR“ñ’š–Ú","38.164509","140.879452","0","3"
"04","‹{éŒ§","04207","–¼ŽæŽs","042070001003","¬ŽRŽO’š–Ú","38.163150","140.877432","0","3"
"04","‹{éŒ§","04207","–¼ŽæŽs","042070002001","‘åŽè’¬ˆê’š–Ú","38.169296","140.882081","0","3"
"04","‹{éŒ§","04207","–¼ŽæŽs","042070002002","‘åŽè’¬“ñ’š–Ú","38.167647","140.881781","0","3"
"04","‹{éŒ§","04207","–¼ŽæŽs","042070002003","‘åŽè’¬ŽO’š–Ú","38.165234","140.877523","0","3"
"04","‹{éŒ§","04207","–¼ŽæŽs","042070002004","‘åŽè’¬Žl’š–Ú","38.167477","140.878603","0","3"
"04","‹{éŒ§","04207","–¼ŽæŽs","042070002005","‘åŽè’¬ŒÜ’š–Ú","38.169418","140.878302","0","3"
"04","‹{éŒ§","04207","–¼ŽæŽs","042070002006","‘åŽè’¬˜Z’š–Ú","38.171295","140.877185","0","3"
"04","‹{éŒ§","04207","–¼ŽæŽs","042070003001","‘“cˆê’š–Ú","38.165934","140.887786","0","3"
"04","‹{éŒ§","04207","–¼ŽæŽs","042070003002","‘“c“ñ’š–Ú","38.170136","140.884578","0","3"
"04","‹{éŒ§","04207","–¼ŽæŽs","042070003003","‘“cŽO’š–Ú","38.171083","140.888194","0","3"
"04","‹{éŒ§","04207","–¼ŽæŽs","042070003004","‘“cŽl’š–Ú","38.175214","140.884373","0","3"
"04","‹{éŒ§","04207","–¼ŽæŽs","042070003005","‘“cŒÜ’š–Ú","38.175397","140.888168","0","3"
"04","‹{éŒ§","04207","–¼ŽæŽs","042070003006","‘“c˜Z’š–Ú","38.178404","140.884158","0","3"
"04","‹{éŒ§","04207","–¼ŽæŽs","042070003007","‘“cŽµ’š–Ú","38.178315","140.888156","0","3"
"04","‹{éŒ§","04207","–¼ŽæŽs","042070003008","‘“c”ª’š–Ú","38.180771","140.883991","0","3"
"04","‹{éŒ§","04207","–¼ŽæŽs","042070003009","‘“c‹ã’š–Ú","38.180812","140.888140","0","3"
"04","‹{éŒ§","04207","–¼ŽæŽs","042070004001","è|ãˆê’š–Ú","38.179902","140.947553","0","3"
"04","‹{éŒ§","04207","–¼ŽæŽs","042070004002","è|ã“ñ’š–Ú","38.176941","140.951957","0","3"
"04","‹{éŒ§","04207","–¼ŽæŽs","042070004003","è|ãŽO’š–Ú","38.175015","140.953873","0","3"
"04","‹{éŒ§","04207","–¼ŽæŽs","042070004004","è|ãŽl’š–Ú","38.174544","140.956578","0","3"
"04","‹{éŒ§","04207","–¼ŽæŽs","042070004005","è|ãŒÜ’š–Ú","38.169393","140.953159","0","3"
"04","‹{éŒ§","04207","–¼ŽæŽs","042070004006","è|ã˜Z’š–Ú","38.170190","140.950583","0","3"
"04","‹{éŒ§","04207","–¼ŽæŽs","042070004007","è|ãŽµ’š–Ú","38.171335","140.946838","0","3"
"04","‹{éŒ§","04207","–¼ŽæŽs","042070005001","”ü“c‰€ˆê’š–Ú","38.161524","140.912914","0","3"
"04","‹{éŒ§","04207","–¼ŽæŽs","042070005002","”ü“c‰€“ñ’š–Ú","38.160328","140.919568","0","3"
"04","‹{éŒ§","04207","–¼ŽæŽs","042070005003","”ü“c‰€ŽO’š–Ú","38.157831","140.925893","0","3"
"04","‹{éŒ§","04207","–¼ŽæŽs","042070005004","”ü“c‰€Žl’š–Ú","38.156063","140.923455","0","3"
"04","‹{éŒ§","04207","–¼ŽæŽs","042070005005","”ü“c‰€ŒÜ’š–Ú","38.157675","140.918514","0","3"
"04","‹{éŒ§","04207","–¼ŽæŽs","042070005006","”ü“c‰€˜Z’š–Ú","38.159132","140.913177","0","3"
"04","‹{éŒ§","04207","–¼ŽæŽs","042070005007","”ü“c‰€Žµ’š–Ú","38.160016","140.909159","0","3"
"04","‹{éŒ§","04207","–¼ŽæŽs","042070005008","”ü“c‰€”ª’š–Ú","38.160536","140.905667","0","3"
"04","‹{éŒ§","04207","–¼ŽæŽs","042070006001","”Ñ–ìâˆê’š–Ú","38.164603","140.885633","0","3"
"04","‹{éŒ§","04207","–¼ŽæŽs","042070006002","”Ñ–ìâ“ñ’š–Ú","38.161792","140.887196","0","3"
"04","‹{éŒ§","04207","–¼ŽæŽs","042070006003","”Ñ–ìâŽO’š–Ú","38.157813","140.887067","0","3"
"04","‹{éŒ§","04207","–¼ŽæŽs","042070006004","”Ñ–ìâŽl’š–Ú","38.161950","140.883709","0","3"
"04","‹{éŒ§","04207","–¼ŽæŽs","042070006005","”Ñ–ìâŒÜ’š–Ú","38.160133","140.881756","0","3"
"04","‹{éŒ§","04207","–¼ŽæŽs","042070006006","”Ñ–ìâ˜Z’š–Ú","38.157179","140.884735","0","3"
"04","‹{éŒ§","04207","–¼ŽæŽs","042070006007","”Ñ–ìâŽµ’š–Ú","38.154879","140.879657","0","3"
"04","‹{éŒ§","04207","–¼ŽæŽs","042070007001","–¼Žæ‚ª‹uˆê’š–Ú","38.159720","140.879199","0","3"
"04","‹{éŒ§","04207","–¼ŽæŽs","042070007002","–¼Žæ‚ª‹u“ñ’š–Ú","38.156720","140.880619","0","3"
"04","‹{éŒ§","04207","–¼ŽæŽs","042070007003","–¼Žæ‚ª‹uŽO’š–Ú","38.154183","140.876424","0","3"
"04","‹{éŒ§","04207","–¼ŽæŽs","042070007004","–¼Žæ‚ª‹uŽl’š–Ú","38.158302","140.875446","0","3"
"04","‹{éŒ§","04207","–¼ŽæŽs","042070007005","–¼Žæ‚ª‹uŒÜ’š–Ú","38.155773","140.870200","0","3"
"04","‹{éŒ§","04207","–¼ŽæŽs","042070007006","–¼Žæ‚ª‹u˜Z’š–Ú","38.153697","140.874263","0","3"
"04","‹{éŒ§","04207","–¼ŽæŽs","042070008001","A¼ˆê’š–Ú","38.152688","140.883436","0","3"
"04","‹{éŒ§","04207","–¼ŽæŽs","042070008002","A¼“ñ’š–Ú","38.152842","140.879105","0","3"
"04","‹{éŒ§","04207","–¼ŽæŽs","042070008003","A¼ŽO’š–Ú","38.147954","140.881067","0","3"
"04","‹{éŒ§","04207","–¼ŽæŽs","042070008004","A¼Žl’š–Ú","38.144439","140.877881","0","3"
"04","‹{éŒ§","04207","–¼ŽæŽs","042070009001","” ’Ëˆê’š–Ú","38.160372","140.874010","0","3"
"04","‹{éŒ§","04207","–¼ŽæŽs","042070009002","” ’Ë“ñ’š–Ú","38.157953","140.870516","0","3"
"04","‹{éŒ§","04207","–¼ŽæŽs","042070010001","‘ŠŒÝ‘äˆê’š–Ú","38.208115","140.810727","0","3"
"04","‹{éŒ§","04207","–¼ŽæŽs","042070010002","‘ŠŒÝ‘ä“ñ’š–Ú","38.202239","140.807915","0","3"
"04","‹{éŒ§","04207","–¼ŽæŽs","042070010003","‘ŠŒÝ‘äŽO’š–Ú","38.204033","140.805774","0","3"
"04","‹{éŒ§","04207","–¼ŽæŽs","042070010004","‘ŠŒÝ‘äŽl’š–Ú","38.207357","140.807231","0","3"
"04","‹{éŒ§","04207","–¼ŽæŽs","042070011001","‘ŠŒÝ‘ä“Œˆê’š–Ú","38.208189","140.816233","0","3"
"04","‹{éŒ§","04207","–¼ŽæŽs","042070011002","‘ŠŒÝ‘ä“Œ“ñ’š–Ú","38.212431","140.816615","0","3"
"04","‹{éŒ§","04207","–¼ŽæŽs","042070012001","“ß’q‚ª‹uˆê’š–Ú","38.197225","140.842452","0","3"
"04","‹{éŒ§","04207","–¼ŽæŽs","042070012002","“ß’q‚ª‹u“ñ’š–Ú","38.193098","140.840715","0","3"
"04","‹{éŒ§","04207","–¼ŽæŽs","042070012003","“ß’q‚ª‹uŽO’š–Ú","38.192887","140.836581","0","3"
"04","‹{éŒ§","04207","–¼ŽæŽs","042070012004","“ß’q‚ª‹uŽl’š–Ú","38.195276","140.838850","0","3"
"04","‹{éŒ§","04207","–¼ŽæŽs","042070012005","“ß’q‚ª‹uŒÜ’š–Ú","38.197235","140.837753","0","3"
"04","‹{éŒ§","04207","–¼ŽæŽs","042070013001","‚Ý‚Ç‚è‘äˆê’š–Ú","38.197199","140.833686","0","3"
"04","‹{éŒ§","04207","–¼ŽæŽs","042070013002","‚Ý‚Ç‚è‘ä“ñ’š–Ú","38.198862","140.835384","0","3"
"04","‹{éŒ§","04207","–¼ŽæŽs","042070013003","‚Ý‚Ç‚è‘äŽO’š–Ú","38.200409","140.839352","0","3"
"04","‹{éŒ§","04207","–¼ŽæŽs","042070014001","ˆ¤“‡‘äˆê’š–Ú","38.142175","140.821845","0","3"
"04","‹{éŒ§","04207","–¼ŽæŽs","042070014002","ˆ¤“‡‘ä“ñ’š–Ú","38.142973","140.816661","0","3"
"04","‹{éŒ§","04207","–¼ŽæŽs","042070014003","ˆ¤“‡‘äŽO’š–Ú","38.145240","140.812580","0","3"
"04","‹{éŒ§","04207","–¼ŽæŽs","042070014004","ˆ¤“‡‘äŽl’š–Ú","38.144331","140.807094","0","3"
"04","‹{éŒ§","04207","–¼ŽæŽs","042070014005","ˆ¤“‡‘äŒÜ’š–Ú","38.148116","140.811092","0","3"
"04","‹{éŒ§","04207","–¼ŽæŽs","042070014006","ˆ¤“‡‘ä˜Z’š–Ú","38.147175","140.817294","0","3"
"04","‹{éŒ§","04207","–¼ŽæŽs","042070014007","ˆ¤“‡‘äŽµ’š–Ú","38.148687","140.821403","0","3"
"04","‹{éŒ§","04207","–¼ŽæŽs","042070014008","ˆ¤“‡‘ä”ª’š–Ú","38.150100","140.831766","0","3"
"04","‹{éŒ§","04207","–¼ŽæŽs","042070015001","‚ä‚è‚ª‹uˆê’š–Ú","38.206962","140.830541","0","3"
"04","‹{éŒ§","04207","–¼ŽæŽs","042070015002","‚ä‚è‚ª‹u“ñ’š–Ú","38.205001","140.832807","0","3"
"04","‹{éŒ§","04207","–¼ŽæŽs","042070015003","‚ä‚è‚ª‹uŽO’š–Ú","38.203005","140.834087","0","3"
"04","‹{éŒ§","04207","–¼ŽæŽs","042070015004","‚ä‚è‚ª‹uŽl’š–Ú","38.197679","140.827743","0","3"
"04","‹{éŒ§","04207","–¼ŽæŽs","042070015005","‚ä‚è‚ª‹uŒÜ’š–Ú","38.203000","140.826033","0","3"
"04","‹{éŒ§","04207","–¼ŽæŽs","042070016000","‘å‹È","38.172173","140.917286","0","1"
"04","‹{éŒ§","04207","–¼ŽæŽs","042070017000","‚–ö","38.180761","140.920423","0","1"
"04","‹{éŒ§","04207","–¼ŽæŽs","042070018000","“c‚","38.182365","140.876961","0","1"
"04","‹{éŒ§","04207","–¼ŽæŽs","042070019000","‹–ì","38.168387","140.924385","0","1"
"04","‹{éŒ§","04207","–¼ŽæŽs","042070020000","ã—]“c","38.184384","140.888481","0","1"
"04","‹{éŒ§","04207","–¼ŽæŽs","042070021000","Žè‘q“c","38.167688","140.871790","0","1"
"04","‹{éŒ§","04207","–¼ŽæŽs","042070022000","ˆ¤“‡¬“¤“‡","38.149851","140.869762","0","1"
"04","‹{éŒ§","04207","–¼ŽæŽs","042070023000","è|ã","38.173068","140.946723","0","1"
"04","‹{éŒ§","04207","–¼ŽæŽs","042070024000","–x“à","38.119508","140.879532","0","1"
"04","‹{éŒ§","04207","–¼ŽæŽs","042070025000","™ƒP‘Ü","38.150415","140.918493","0","1"
"04","‹{éŒ§","04207","–¼ŽæŽs","042070026000","‰º—]“c","38.176646","140.903647","0","1"
"04","‹{éŒ§","04207","–¼ŽæŽs","042070027000","¬’ËŒ´","38.173058","140.935029","0","1"
"04","‹{éŒ§","04207","–¼ŽæŽs","042070028000","ˆ¤“‡–k–Ú","38.139705","140.843800","0","1"
"04","‹{éŒ§","04207","–¼ŽæŽs","042070029000","A¼","38.145232","140.893332","0","1"
"04","‹{éŒ§","04207","–¼ŽæŽs","042070030000","–{‹½","38.132599","140.883666","0","1"
"04","‹{éŒ§","04207","–¼ŽæŽs","042070031000","‚ŠÚ‹g“c","38.186485","140.832655","0","1"
"04","‹{éŒ§","04207","–¼ŽæŽs","042070032000","‚ŠÚìã","38.171306","140.801900","0","1"
"04","‹{éŒ§","04207","–¼ŽæŽs","042070033000","‚ŠÚŒF–ì“°","38.203351","140.850202","0","1"
"04","‹{éŒ§","04207","–¼ŽæŽs","042070034000","”ü“c‰€–k","38.161730","140.918170","0","1"
"04","‹{éŒ§","04207","–¼ŽæŽs","042070035001","ˆ¤‚Ì“mˆê’š–Ú","38.158560","140.863748","0","3"
"04","‹{éŒ§","04207","–¼ŽæŽs","042070035002","ˆ¤‚Ì“m“ñ’š–Ú","38.155733","140.862034","0","3"
"04","‹{éŒ§","04207","–¼ŽæŽs","042070036000","ˆ¤“‡‰–Žè","38.167314","140.839067","0","1"
"04","‹{éŒ§","04207","–¼ŽæŽs","042070037001","ˆ¤“‡‹½ˆê’š–Ú","38.161518","140.856814","0","3"
"04","‹{éŒ§","04207","–¼ŽæŽs","042070037002","ˆ¤“‡‹½“ñ’š–Ú","38.158011","140.856981","0","3"
"04","‹{éŒ§","04207","–¼ŽæŽs","042070038000","ˆ¤“‡Š}“‡","38.153511","140.819695","0","1"
"04","‹{éŒ§","04207","–¼ŽæŽs","042070039000","”Ñ–ìâ","38.154747","140.892847","0","1"
"04","‹{éŒ§","04207","–¼ŽæŽs","042070040000","‘“c","38.168961","140.895085","0","1"
"04","‹{éŒ§","04207","–¼ŽæŽs","042070041000","‰º‘“c","38.150430","140.932168","0","1"
"04","‹{éŒ§","04207","–¼ŽæŽs","042070042001","“m‚¹‚«‚Ì‚µ‚½ˆê’š–Ú","38.167369","140.896576","0","3"
"04","‹{éŒ§","04207","–¼ŽæŽs","042070042002","“m‚¹‚«‚Ì‚µ‚½“ñ’š–Ú","38.166077","140.896265","0","3"
"04","‹{éŒ§","04207","–¼ŽæŽs","042070042003","“m‚¹‚«‚Ì‚µ‚½ŽO’š–Ú","38.164847","140.900929","0","3"
"04","‹{éŒ§","04207","–¼ŽæŽs","042070042004","“m‚¹‚«‚Ì‚µ‚½Žl’š–Ú","38.163397","140.905145","0","3"
"04","‹{éŒ§","04207","–¼ŽæŽs","042070042005","“m‚¹‚«‚Ì‚µ‚½ŒÜ’š–Ú","38.163337","140.898277","0","3"
"04","‹{éŒ§","04207","–¼ŽæŽs","042070043001","è|ã¼ˆê’š–Ú","38.181026","140.941455","1","3"
"04","‹{éŒ§","04207","–¼ŽæŽs","042070043002","è|ã¼“ñ’š–Ú","38.178859","140.940457","1","3"
"04","‹{éŒ§","04207","–¼ŽæŽs","042070044001","è|ã’†‰›ˆê’š–Ú","38.177960","140.948562","1","3"
"04","‹{éŒ§","04207","–¼ŽæŽs","042070044002","è|ã’†‰›“ñ’š–Ú","38.177253","140.945639","1","3"
"04","‹{éŒ§","04207","–¼ŽæŽs","042070045001","è|ã“Œˆê’š–Ú","38.174198","140.950226","1","3"
"04","‹{éŒ§","04207","–¼ŽæŽs","042070045002","è|ã“Œ“ñ’š–Ú","38.174106","140.955182","1","3"
"04","‹{éŒ§","04207","–¼ŽæŽs","042070045003","è|ã“ŒŽO’š–Ú","38.170015","140.951855","1","3"
"04","‹{éŒ§","04208","Šp“cŽs","042080001000","‰Ô“‡","38.004172","140.774591","0","1"
"04","‹{éŒ§","04208","Šp“cŽs","042080002000","Š‰ê","37.981256","140.795689","0","1"
"04","‹{éŒ§","04208","Šp“cŽs","042080003000","–LŽº","37.972386","140.748430","0","1"
"04","‹{éŒ§","04208","Šp“cŽs","042080004000","•½ŠÑ","38.029310","140.820182","0","1"
"04","‹{éŒ§","04208","Šp“cŽs","042080005000","”µŒ´","38.062704","140.820530","0","1"
"04","‹{éŒ§","04208","Šp“cŽs","042080006000","_ŽŸ˜Y","38.034760","140.783670","0","1"
"04","‹{éŒ§","04208","Šp“cŽs","042080007000","ˆî’u","38.008588","140.743205","0","1"
"04","‹{éŒ§","04208","Šp“cŽs","042080008000","‰¡‘q","37.989483","140.764723","0","1"
"04","‹{éŒ§","04208","Šp“cŽs","042080009000","¬â","38.043978","140.814214","0","1"
"04","‹{éŒ§","04208","Šp“cŽs","042080010000","ŒNŠž","38.029161","140.762520","0","1"
"04","‹{éŒ§","04208","Šp“cŽs","042080011000","]K","38.021109","140.799719","0","1"
"04","‹{éŒ§","04208","Šp“cŽs","042080012000","‰ª","38.011739","140.770701","0","1"
"04","‹{éŒ§","04208","Šp“cŽs","042080013000","²‘q","37.999142","140.800875","0","1"
"04","‹{éŒ§","04208","Šp“cŽs","042080014000","â’Ã“c","38.010374","140.823011","0","1"
"04","‹{éŒ§","04208","Šp“cŽs","042080015000","“‡“c","37.934309","140.827852","0","1"
"04","‹{éŒ§","04208","Šp“cŽs","042080016000","Š}“‡","37.977967","140.722475","0","1"
"04","‹{éŒ§","04208","Šp“cŽs","042080017000","Šp“c","37.966630","140.780503","0","1"
"04","‹{éŒ§","04208","Šp“cŽs","042080018000","–ÑŠž","38.018557","140.728474","0","1"
"04","‹{éŒ§","04208","Šp“cŽs","042080019000","Ž}–ì","37.948797","140.798680","0","1"
"04","‹{éŒ§","04208","Šp“cŽs","042080020000","”öŽR","37.953046","140.835957","0","1"
"04","‹{éŒ§","04208","Šp“cŽs","042080021000","“¡“c","37.981832","140.826182","0","1"
"04","‹{éŒ§","04208","Šp“cŽs","042080022000","¬“c","37.954718","140.739474","0","1"
"04","‹{éŒ§","04208","Šp“cŽs","042080023000","‚‘q","37.985578","140.703719","0","1"
"04","‹{éŒ§","04209","‘½‰êéŽs","042090001001","‘å‘ãˆê’š–Ú","38.286775","141.033504","0","3"
"04","‹{éŒ§","04209","‘½‰êéŽs","042090001002","‘å‘ã“ñ’š–Ú","38.294393","141.032195","0","3"
"04","‹{éŒ§","04209","‘½‰êéŽs","042090001003","‘å‘ãŽO’š–Ú","38.295441","141.034060","0","3"
"04","‹{éŒ§","04209","‘½‰êéŽs","042090001004","‘å‘ãŽl’š–Ú","38.296839","141.036292","0","3"
"04","‹{éŒ§","04209","‘½‰êéŽs","042090001005","‘å‘ãŒÜ’š–Ú","38.292818","141.039529","0","3"
"04","‹{éŒ§","04209","‘½‰êéŽs","042090001006","‘å‘ã˜Z’š–Ú","38.289345","141.038275","0","3"
"04","‹{éŒ§","04209","‘½‰êéŽs","042090002000","ŠâØ","38.304170","140.961389","0","1"
"04","‹{éŒ§","04209","‘½‰êéŽs","042090003001","‰º”nˆê’š–Ú","38.304870","141.013714","0","3"
"04","‹{éŒ§","04209","‘½‰êéŽs","042090003002","‰º”n“ñ’š–Ú","38.304809","141.015848","0","3"
"04","‹{éŒ§","04209","‘½‰êéŽs","042090003003","‰º”nŽO’š–Ú","38.305298","141.019639","0","3"
"04","‹{éŒ§","04209","‘½‰êéŽs","042090003004","‰º”nŽl’š–Ú","38.302145","141.018088","0","3"
"04","‹{éŒ§","04209","‘½‰êéŽs","042090003005","‰º”nŒÜ’š–Ú","38.300827","141.016297","0","3"
"04","‹{éŒ§","04209","‘½‰êéŽs","042090004001","’¬‘Oˆê’š–Ú","38.283011","140.998262","0","3"
"04","‹{éŒ§","04209","‘½‰êéŽs","042090004002","’¬‘O“ñ’š–Ú","38.284972","141.004190","0","3"
"04","‹{éŒ§","04209","‘½‰êéŽs","042090004003","’¬‘OŽO’š–Ú","38.286842","141.008789","0","3"
"04","‹{éŒ§","04209","‘½‰êéŽs","042090004004","’¬‘OŽl’š–Ú","38.283042","141.005040","0","3"
"04","‹{éŒ§","04209","‘½‰êéŽs","042090005001","“`ãŽRˆê’š–Ú","38.296022","141.010793","0","3"
"04","‹{éŒ§","04209","‘½‰êéŽs","042090005002","“`ãŽR“ñ’š–Ú","38.300289","141.010589","0","3"
"04","‹{éŒ§","04209","‘½‰êéŽs","042090005003","“`ãŽRŽO’š–Ú","38.300425","141.013433","0","3"
"04","‹{éŒ§","04209","‘½‰êéŽs","042090005004","“`ãŽRŽl’š–Ú","38.303456","141.010517","0","3"
"04","‹{éŒ§","04209","‘½‰êéŽs","042090006001","÷–Øˆê’š–Ú","38.289593","141.012374","0","3"
"04","‹{éŒ§","04209","‘½‰êéŽs","042090006002","÷–Ø“ñ’š–Ú","38.291305","141.017387","0","3"
"04","‹{éŒ§","04209","‘½‰êéŽs","042090006003","÷–ØŽO’š–Ú","38.288301","141.015815","0","3"
"04","‹{éŒ§","04209","‘½‰êéŽs","042090007001","•‚“‡ˆê’š–Ú","38.302833","140.995510","0","3"
"04","‹{éŒ§","04209","‘½‰êéŽs","042090007002","•‚“‡“ñ’š–Ú","38.304436","140.998202","0","3"
"04","‹{éŒ§","04209","‘½‰êéŽs","042090008001","—¯ƒP’Jˆê’š–Ú","38.300548","141.004835","0","3"
"04","‹{éŒ§","04209","‘½‰êéŽs","042090008002","—¯ƒP’J“ñ’š–Ú","38.304481","141.005143","0","3"
"04","‹{éŒ§","04209","‘½‰êéŽs","042090008003","—¯ƒP’JŽO’š–Ú","38.301182","141.008127","0","3"
"04","‹{éŒ§","04209","‘½‰êéŽs","042090009001","‚‹´ˆê’š–Ú","38.286999","140.974730","0","3"
"04","‹{éŒ§","04209","‘½‰êéŽs","042090009002","‚‹´“ñ’š–Ú","38.285138","140.975522","0","3"
"04","‹{éŒ§","04209","‘½‰êéŽs","042090009003","‚‹´ŽO’š–Ú","38.286108","140.979153","0","3"
"04","‹{éŒ§","04209","‘½‰êéŽs","042090009004","‚‹´Žl’š–Ú","38.289367","140.981149","0","3"
"04","‹{éŒ§","04209","‘½‰êéŽs","042090009005","‚‹´ŒÜ’š–Ú","38.285793","140.983215","0","3"
"04","‹{éŒ§","04209","‘½‰êéŽs","042090010001","Š}_ˆê’š–Ú","38.307735","141.025610","0","3"
"04","‹{éŒ§","04209","‘½‰êéŽs","042090010002","Š}_“ñ’š–Ú","38.303290","141.024966","0","3"
"04","‹{éŒ§","04209","‘½‰êéŽs","042090010003","Š}_ŽO’š–Ú","38.300144","141.029444","0","3"
"04","‹{éŒ§","04209","‘½‰êéŽs","042090010004","Š}_Žl’š–Ú","38.302818","141.031800","0","3"
"04","‹{éŒ§","04209","‘½‰êéŽs","042090010005","Š}_ŒÜ’š–Ú","38.299487","141.033310","0","3"
"04","‹{éŒ§","04209","‘½‰êéŽs","042090011001","”ª”¦ˆê’š–Ú","38.285485","140.996397","0","3"
"04","‹{éŒ§","04209","‘½‰êéŽs","042090011002","”ª”¦“ñ’š–Ú","38.287610","141.001831","0","3"
"04","‹{éŒ§","04209","‘½‰êéŽs","042090011003","”ª”¦ŽO’š–Ú","38.289790","141.006791","0","3"
"04","‹{éŒ§","04209","‘½‰êéŽs","042090011004","”ª”¦Žl’š–Ú","38.290774","141.011946","0","3"
"04","‹{éŒ§","04209","‘½‰êéŽs","042090012001","’ßƒP’Jˆê’š–Ú","38.296025","141.014027","0","3"
"04","‹{éŒ§","04209","‘½‰êéŽs","042090012002","’ßƒP’J“ñ’š–Ú","38.296561","141.016858","0","3"
"04","‹{éŒ§","04209","‘½‰êéŽs","042090012003","’ßƒP’JŽO’š–Ú","38.293754","141.018730","0","3"
"04","‹{éŒ§","04209","‘½‰êéŽs","042090013001","“Œ“c’†ˆê’š–Ú","38.292102","140.995152","0","3"
"04","‹{éŒ§","04209","‘½‰êéŽs","042090013002","“Œ“c’†“ñ’š–Ú","38.290864","141.000448","0","3"
"04","‹{éŒ§","04209","‘½‰êéŽs","042090014001","–¾ŒŽˆê’š–Ú","38.284868","141.009845","0","3"
"04","‹{éŒ§","04209","‘½‰êéŽs","042090014002","–¾ŒŽ“ñ’š–Ú","38.284862","141.015193","0","3"
"04","‹{éŒ§","04209","‘½‰êéŽs","042090015000","‚‹´","38.291720","140.980512","0","1"
"04","‹{éŒ§","04209","‘½‰êéŽs","042090016001","’†‰›ˆê’š–Ú","38.295841","141.002936","0","3"
"04","‹{éŒ§","04209","‘½‰êéŽs","042090016002","’†‰›“ñ’š–Ú","38.294580","141.005512","0","3"
"04","‹{éŒ§","04209","‘½‰êéŽs","042090016003","’†‰›ŽO’š–Ú","38.294759","141.008007","0","3"
"04","‹{éŒ§","04209","‘½‰êéŽs","042090017001","é“ìˆê’š–Ú","38.299545","140.989564","0","3"
"04","‹{éŒ§","04209","‘½‰êéŽs","042090017002","é“ì“ñ’š–Ú","38.295426","140.990808","0","3"
"04","‹{éŒ§","04209","‘½‰êéŽs","042090018000","‚è","38.293246","140.986721","0","1"
"04","‹{éŒ§","04209","‘½‰êéŽs","042090019001","‰hˆê’š–Ú","38.290167","141.022054","0","3"
"04","‹{éŒ§","04209","‘½‰êéŽs","042090019002","‰h“ñ’š–Ú","38.286343","141.020791","0","3"
"04","‹{éŒ§","04209","‘½‰êéŽs","042090019003","‰hŽO’š–Ú","38.281707","141.020304","0","3"
"04","‹{éŒ§","04209","‘½‰êéŽs","042090019004","‰hŽl’š–Ú","38.286653","141.027916","0","3"
"04","‹{éŒ§","04209","‘½‰êéŽs","042090020001","ŠÛŽRˆê’š–Ú","38.299298","141.020137","0","3"
"04","‹{éŒ§","04209","‘½‰êéŽs","042090020002","ŠÛŽR“ñ’š–Ú","38.296874","141.025656","0","3"
"04","‹{éŒ§","04209","‘½‰êéŽs","042090021000","“Œ“c’†","38.291808","140.988825","0","1"
"04","‹{éŒ§","04209","‘½‰êéŽs","042090022001","‚èˆê’š–Ú","38.300354","140.997934","0","3"
"04","‹{éŒ§","04209","‘½‰êéŽs","042090022002","‚è“ñ’š–Ú","38.295874","140.994725","0","3"
"04","‹{éŒ§","04209","‘½‰êéŽs","042090022003","‚èŽO’š–Ú","38.296397","140.999088","0","3"
"04","‹{éŒ§","04209","‘½‰êéŽs","042090023001","‹{“àˆê’š–Ú","38.279770","141.009969","0","3"
"04","‹{éŒ§","04209","‘½‰êéŽs","042090023002","‹{“à“ñ’š–Ú","38.280146","141.015865","0","3"
"04","‹{éŒ§","04209","‘½‰êéŽs","042090024000","•‚“‡","38.305157","140.994032","0","1"
"04","‹{éŒ§","04209","‘½‰êéŽs","042090025000","”ª”¦","38.287163","140.991268","0","1"
"04","‹{éŒ§","04209","‘½‰êéŽs","042090026000","ŽR‰¤","38.296540","140.977018","0","1"
"04","‹{éŒ§","04209","‘½‰êéŽs","042090027000","“ì‹{","38.304984","140.969546","0","1"
"04","‹{éŒ§","04209","‘½‰êéŽs","042090028000","V“c","38.292901","140.965389","0","1"
"04","‹{éŒ§","04209","‘½‰êéŽs","042090029000","Žsì","38.304235","140.985538","0","1"
"04","‹{éŒ§","04211","ŠâÀŽs","042110044001","‚ ‚³‚Ð–ìˆê’š–Ú","38.118103","140.859816","0","3"
"04","‹{éŒ§","04211","ŠâÀŽs","042110044002","‚ ‚³‚Ð–ì“ñ’š–Ú","38.118484","140.855788","0","3"
"04","‹{éŒ§","04211","ŠâÀŽs","042110010001","‚½‚¯‚­‚Üˆê’š–Ú","38.107946","140.859093","0","3"
"04","‹{éŒ§","04211","ŠâÀŽs","042110010002","‚½‚¯‚­‚Ü“ñ’š–Ú","38.109138","140.855562","0","3"
"04","‹{éŒ§","04211","ŠâÀŽs","042110010003","‚½‚¯‚­‚ÜŽO’š–Ú","38.109042","140.852813","0","3"
"04","‹{éŒ§","04211","ŠâÀŽs","042110029001","ˆ¢•ŒGˆê’š–Ú","38.097956","140.872199","0","3"
"04","‹{éŒ§","04211","ŠâÀŽs","042110029002","ˆ¢•ŒG“ñ’š–Ú","38.096217","140.867706","0","3"
"04","‹{éŒ§","04211","ŠâÀŽs","042110008000","ˆî‰×’¬","38.104867","140.862488","0","1"
"04","‹{éŒ§","04211","ŠâÀŽs","042110013001","‰h’¬ˆê’š–Ú","38.114575","140.863857","0","3"
"04","‹{éŒ§","04211","ŠâÀŽs","042110013002","‰h’¬“ñ’š–Ú","38.116382","140.864635","0","3"
"04","‹{éŒ§","04211","ŠâÀŽs","042110013003","‰h’¬ŽO’š–Ú","38.118536","140.867604","0","3"
"04","‹{éŒ§","04211","ŠâÀŽs","042110038000","‰Ÿ•ª","38.108083","140.921875","1","1"
"04","‹{éŒ§","04211","ŠâÀŽs","042110050000","‰º–ì‹½","38.112710","140.927310","1","1"
"04","‹{éŒ§","04211","ŠâÀŽs","042110015000","Š‹´","38.124392","140.872358","0","1"
"04","‹{éŒ§","04211","ŠâÀŽs","042110007001","ŠÙ‰ºˆê’š–Ú","38.110527","140.863667","0","3"
"04","‹{éŒ§","04211","ŠâÀŽs","042110007002","ŠÙ‰º“ñ’š–Ú","38.110790","140.866178","0","3"
"04","‹{éŒ§","04211","ŠâÀŽs","042110007003","ŠÙ‰ºŽO’š–Ú","38.113389","140.865833","0","3"
"04","‹{éŒ§","04211","ŠâÀŽs","042110006001","‹Ê‰Y¼ˆê’š–Ú","38.108673","140.894648","0","3"
"04","‹{éŒ§","04211","ŠâÀŽs","042110006002","‹Ê‰Y¼“ñ’š–Ú","38.107615","140.897267","0","3"
"04","‹{éŒ§","04211","ŠâÀŽs","042110006003","‹Ê‰Y¼ŽO’š–Ú","38.108777","140.897678","0","3"
"04","‹{éŒ§","04211","ŠâÀŽs","042110006004","‹Ê‰Y¼Žl’š–Ú","38.107803","140.901102","0","3"
"04","‹{éŒ§","04211","ŠâÀŽs","042110049001","‹ó`¼ˆê’š–Ú","38.136111","140.904370","0","3"
"04","‹{éŒ§","04211","ŠâÀŽs","042110049002","‹ó`¼“ñ’š–Ú","38.132642","140.902494","1","3"
"04","‹{éŒ§","04211","ŠâÀŽs","042110023001","‹ó`“ìˆê’š–Ú","38.123646","140.915421","0","3"
"04","‹{éŒ§","04211","ŠâÀŽs","042110023002","‹ó`“ì“ñ’š–Ú","38.121992","140.912188","0","3"
"04","‹{éŒ§","04211","ŠâÀŽs","042110023003","‹ó`“ìŽO’š–Ú","38.119941","140.917329","0","3"
"04","‹{éŒ§","04211","ŠâÀŽs","042110023004","‹ó`“ìŽl’š–Ú","38.122997","140.919899","0","3"
"04","‹{éŒ§","04211","ŠâÀŽs","042110023005","‹ó`“ìŒÜ’š–Ú","38.127539","140.923661","0","3"
"04","‹{éŒ§","04211","ŠâÀŽs","042110023006","‹ó`“ì˜Z’š–Ú","38.126772","140.926683","0","3"
"04","‹{éŒ§","04211","ŠâÀŽs","042110020001","ŒKŒ´ˆê’š–Ú","38.101737","140.862551","0","3"
"04","‹{éŒ§","04211","ŠâÀŽs","042110020002","ŒKŒ´“ñ’š–Ú","38.101506","140.857719","0","3"
"04","‹{éŒ§","04211","ŠâÀŽs","042110020003","ŒKŒ´ŽO’š–Ú","38.098961","140.857458","0","3"
"04","‹{éŒ§","04211","ŠâÀŽs","042110020004","ŒKŒ´Žl’š–Ú","38.099521","140.863748","0","3"
"04","‹{éŒ§","04211","ŠâÀŽs","042110004001","ŒKŒ´¼ˆê’š–Ú","38.100014","140.854690","0","3"
"04","‹{éŒ§","04211","ŠâÀŽs","042110039001","Œb‚Ý–ìˆê’š–Ú","38.108625","140.903943","0","3"
"04","‹{éŒ§","04211","ŠâÀŽs","042110039002","Œb‚Ý–ì“ñ’š–Ú","38.107502","140.905969","0","3"
"04","‹{éŒ§","04211","ŠâÀŽs","042110039003","Œb‚Ý–ìŽO’š–Ú","38.106747","140.909208","0","3"
"04","‹{éŒ§","04211","ŠâÀŽs","042110021001","÷ˆê’š–Ú","38.104273","140.869641","0","3"
"04","‹{éŒ§","04211","ŠâÀŽs","042110021002","÷“ñ’š–Ú","38.106452","140.870498","0","3"
"04","‹{éŒ§","04211","ŠâÀŽs","042110021003","÷ŽO’š–Ú","38.108782","140.871422","0","3"
"04","‹{éŒ§","04211","ŠâÀŽs","042110021004","÷Žl’š–Ú","38.112058","140.870822","0","3"
"04","‹{éŒ§","04211","ŠâÀŽs","042110021005","÷ŒÜ’š–Ú","38.111942","140.873721","0","3"
"04","‹{éŒ§","04211","ŠâÀŽs","042110043000","ŽOF‹g","38.119030","140.840132","0","1"
"04","‹{éŒ§","04211","ŠâÀŽs","042110051000","ŽR÷","38.122276","140.852363","1","1"
"04","‹{éŒ§","04211","ŠâÀŽs","042110037000","Žu‰ê","38.134676","140.809731","0","1"
"04","‹{éŒ§","04211","ŠâÀŽs","042110028000","ŽšŠ‹´","38.124868","140.867918","0","1"
"04","‹{éŒ§","04211","ŠâÀŽs","042110016000","Žš‹T’Ë","38.121196","140.868485","0","1"
"04","‹{éŒ§","04211","ŠâÀŽs","042110027000","Žšrˆä","38.115166","140.850209","0","1"
"04","‹{éŒ§","04211","ŠâÀŽs","042110042000","ŽšŽR÷","38.120616","140.854851","0","1"
"04","‹{éŒ§","04211","ŠâÀŽs","042110024000","Žšã¼","38.095655","140.853843","0","1"
"04","‹{éŒ§","04211","ŠâÀŽs","042110001000","Žš¼˜ZŠp","38.099098","140.854674","0","1"
"04","‹{éŒ§","04211","ŠâÀŽs","042110048000","Žš‘å˜a","38.119788","140.859176","0","1"
"04","‹{éŒ§","04211","ŠâÀŽs","042110045000","Žš’©“ú","38.115574","140.854603","0","1"
"04","‹{éŒ§","04211","ŠâÀŽs","042110041000","Žš“Œ’J’n","38.120071","140.865356","0","1"
"04","‹{éŒ§","04211","ŠâÀŽs","042110047000","Žš•~“‡","38.120978","140.862278","0","1"
"04","‹{éŒ§","04211","ŠâÀŽs","042110030000","Žš•ŒG","38.105160","140.854353","0","1"
"04","‹{éŒ§","04211","ŠâÀŽs","042110036000","Ž›“‡","38.084494","140.914472","1","1"
"04","‹{éŒ§","04211","ŠâÀŽs","042110033000","¬ì","38.134043","140.866770","0","1"
"04","‹{éŒ§","04211","ŠâÀŽs","042110005001","¼ƒP‹uˆê’š–Ú","38.110541","140.850982","0","3"
"04","‹{éŒ§","04211","ŠâÀŽs","042110005002","¼ƒP‹u“ñ’š–Ú","38.111086","140.847741","0","3"
"04","‹{éŒ§","04211","ŠâÀŽs","042110005003","¼ƒP‹uŽO’š–Ú","38.114344","140.846469","0","3"
"04","‹{éŒ§","04211","ŠâÀŽs","042110005004","¼ƒP‹uŽl’š–Ú","38.113003","140.851019","0","3"
"04","‹{éŒ§","04211","ŠâÀŽs","042110026001","ãˆê’š–Ú","38.097030","140.861939","0","3"
"04","‹{éŒ§","04211","ŠâÀŽs","042110026002","ã“ñ’š–Ú","38.093842","140.859558","0","3"
"04","‹{éŒ§","04211","ŠâÀŽs","042110026003","ãŽO’š–Ú","38.094317","140.856102","0","3"
"04","‹{éŒ§","04211","ŠâÀŽs","042110040000","‘ŒÒ","38.092767","140.910376","1","1"
"04","‹{éŒ§","04211","ŠâÀŽs","042110019001","‘Š‚ÌŒ´ˆê’š–Ú","38.114790","140.872947","0","3"
"04","‹{éŒ§","04211","ŠâÀŽs","042110019002","‘Š‚ÌŒ´“ñ’š–Ú","38.118085","140.872939","0","3"
"04","‹{éŒ§","04211","ŠâÀŽs","042110019003","‘Š‚ÌŒ´ŽO’š–Ú","38.121495","140.872643","0","3"
"04","‹{éŒ§","04211","ŠâÀŽs","042110012000","‘åŽè’¬","38.106848","140.865157","0","1"
"04","‹{éŒ§","04211","ŠâÀŽs","042110031000","‘åº˜a","38.088816","140.860273","0","1"
"04","‹{éŒ§","04211","ŠâÀŽs","042110003001","’|‚Ì—¢ˆê’š–Ú","38.117155","140.846818","0","3"
"04","‹{éŒ§","04211","ŠâÀŽs","042110003002","’|‚Ì—¢“ñ’š–Ú","38.116776","140.844350","0","3"
"04","‹{éŒ§","04211","ŠâÀŽs","042110003003","’|‚Ì—¢ŽO’š–Ú","38.118598","140.848536","0","3"
"04","‹{éŒ§","04211","ŠâÀŽs","042110011001","’†‰›ˆê’š–Ú","38.106199","140.866902","0","3"
"04","‹{éŒ§","04211","ŠâÀŽs","042110011002","’†‰›“ñ’š–Ú","38.109154","140.867105","0","3"
"04","‹{éŒ§","04211","ŠâÀŽs","042110011003","’†‰›ŽO’š–Ú","38.112530","140.868466","0","3"
"04","‹{éŒ§","04211","ŠâÀŽs","042110011004","’†‰›Žl’š–Ú","38.117954","140.869599","0","3"
"04","‹{éŒ§","04211","ŠâÀŽs","042110046001","’©“úˆê’š–Ú","38.116061","140.858715","0","3"
"04","‹{éŒ§","04211","ŠâÀŽs","042110046002","’©“ú“ñ’š–Ú","38.116407","140.856420","0","3"
"04","‹{éŒ§","04211","ŠâÀŽs","042110032000","’·‰ª","38.125814","140.856914","0","1"
"04","‹{éŒ§","04211","ŠâÀŽs","042110009001","“yƒPèˆê’š–Ú","38.115607","140.861099","0","3"
"04","‹{éŒ§","04211","ŠâÀŽs","042110009002","“yƒPè“ñ’š–Ú","38.113033","140.861846","0","3"
"04","‹{éŒ§","04211","ŠâÀŽs","042110009003","“yƒPèŽO’š–Ú","38.113062","140.858585","0","3"
"04","‹{éŒ§","04211","ŠâÀŽs","042110009004","“yƒPèŽl’š–Ú","38.112753","140.855457","0","3"
"04","‹{éŒ§","04211","ŠâÀŽs","042110017001","“¡˜Qˆê’š–Ú","38.101688","140.867841","0","3"
"04","‹{éŒ§","04211","ŠâÀŽs","042110017002","“¡˜Q“ñ’š–Ú","38.101644","140.872054","0","3"
"04","‹{éŒ§","04211","ŠâÀŽs","042110035000","“ì’·’J","38.091977","140.841723","0","1"
"04","‹{éŒ§","04211","ŠâÀŽs","042110022001","“ñ–Øˆê’š–Ú","38.106020","140.860131","0","3"
"04","‹{éŒ§","04211","ŠâÀŽs","042110022002","“ñ–Ø“ñ’š–Ú","38.107654","140.863507","0","3"
"04","‹{éŒ§","04211","ŠâÀŽs","042110052000","•~“‡","38.123169","140.862886","1","1"
"04","‹{éŒ§","04211","ŠâÀŽs","042110002001","•½“™ˆê’š–Ú","38.112895","140.844316","0","3"
"04","‹{éŒ§","04211","ŠâÀŽs","042110002002","•½“™“ñ’š–Ú","38.114707","140.842551","0","3"
"04","‹{éŒ§","04211","ŠâÀŽs","042110002003","•½“™ŽO’š–Ú","38.113389","140.841991","0","3"
"04","‹{éŒ§","04211","ŠâÀŽs","042110002004","•½“™Žl’š–Ú","38.111935","140.843960","0","3"
"04","‹{éŒ§","04211","ŠâÀŽs","042110034000","–k’·’J","38.105588","140.836866","0","1"
"04","‹{éŒ§","04211","ŠâÀŽs","042110018000","–{’¬","38.103723","140.864058","0","1"
"04","‹{éŒ§","04211","ŠâÀŽs","042110014001","––Lˆê’š–Ú","38.106432","140.873996","0","3"
"04","‹{éŒ§","04211","ŠâÀŽs","042110014002","––L“ñ’š–Ú","38.111944","140.876656","0","3"
"04","‹{éŒ§","04211","ŠâÀŽs","042110025001","—¢‚Ì“mˆê’š–Ú","38.107441","140.876678","0","3"
"04","‹{éŒ§","04211","ŠâÀŽs","042110025002","—¢‚Ì“m“ñ’š–Ú","38.103758","140.876994","0","3"
"04","‹{éŒ§","04211","ŠâÀŽs","042110025003","—¢‚Ì“mŽO’š–Ú","38.107019","140.879850","0","3"
"04","‹{éŒ§","04212","“o•ÄŽs","042120001000","“ì•û’¬“ñƒc‹´","38.675532","141.189104","0","1"
"04","‹{éŒ§","04212","“o•ÄŽs","042120002000","“ì•û’¬’ß]","38.683045","141.178638","0","1"
"04","‹{éŒ§","04212","“o•ÄŽs","042120003000","“ì•û’¬’ƒ‰PX","38.661149","141.150823","0","1"
"04","‹{éŒ§","04212","“o•ÄŽs","042120004000","“ì•û’¬•—’£","38.656215","141.180123","0","1"
"04","‹{éŒ§","04212","“o•ÄŽs","042120005000","“ì•û’¬“u—Ž","38.647858","141.170631","0","1"
"04","‹{éŒ§","04212","“o•ÄŽs","042120006000","“ì•û’¬ãƒPŒË","38.671810","141.193417","0","1"
"04","‹{éŒ§","04212","“o•ÄŽs","042120007000","“ì•û’¬‘ò“c‘Òˆä","38.672405","141.163970","0","1"
"04","‹{éŒ§","04212","“o•ÄŽs","042120008000","“ì•û’¬“à˜kŠÛ","38.659365","141.173981","0","1"
"04","‹{éŒ§","04212","“o•ÄŽs","042120009000","“ì•û’¬“°’n‘O","38.661483","141.192784","0","1"
"04","‹{éŒ§","04212","“o•ÄŽs","042120010000","“ì•û’¬ˆê–Ô","38.672928","141.146470","0","1"
"04","‹{éŒ§","04212","“o•ÄŽs","042120011000","“ì•û’¬’ß‘ã","38.673669","141.172273","0","1"
"04","‹{éŒ§","04212","“o•ÄŽs","042120012000","“ì•û’¬—œ–Ø‘Òˆä","38.674054","141.165109","0","1"
"04","‹{éŒ§","04212","“o•ÄŽs","042120013000","“ì•û’¬‘å—OŒË","38.667742","141.199047","0","1"
"04","‹{éŒ§","04212","“o•ÄŽs","042120014000","“ì•û’¬Ždž","38.661832","141.193794","0","1"
"04","‹{éŒ§","04212","“o•ÄŽs","042120015000","“ì•û’¬Œ´‰Y","38.663846","141.172457","0","1"
"04","‹{éŒ§","04212","“o•ÄŽs","042120016000","–L—¢’¬Œ³ã’J’n","38.576700","141.200488","0","1"
"04","‹{éŒ§","04212","“o•ÄŽs","042120017000","“ì•û’¬‰ºŒ´‘O","38.664888","141.182279","0","1"
"04","‹{éŒ§","04212","“o•ÄŽs","042120018000","“ì•û’¬ŽR¬‰Y","38.660668","141.167501","0","1"
"04","‹{éŒ§","04212","“o•ÄŽs","042120019000","–L—¢’¬\’š“c","38.593816","141.227580","0","1"
"04","‹{éŒ§","04212","“o•ÄŽs","042120020000","–L—¢’¬“à’¬‰Y","38.575598","141.236313","0","1"
"04","‹{éŒ§","04212","“o•ÄŽs","042120021000","“ì•û’¬‘å‘º","38.660223","141.168270","0","1"
"04","‹{éŒ§","04212","“o•ÄŽs","042120022000","“ì•û’¬’†Àè","38.648537","141.096508","0","1"
"04","‹{éŒ§","04212","“o•ÄŽs","042120023000","“ì•û’¬ã“u—Ž","38.648084","141.176786","0","1"
"04","‹{éŒ§","04212","“o•ÄŽs","042120024000","“ì•û’¬¬“c","38.642438","141.149173","0","1"
"04","‹{éŒ§","04212","“o•ÄŽs","042120025000","“ì•û’¬“VÀ","38.671335","141.196763","0","1"
"04","‹{éŒ§","04212","“o•ÄŽs","042120026000","“ì•û’¬‰º“u—Ž","38.646541","141.169205","0","1"
"04","‹{éŒ§","04212","“o•ÄŽs","042120027000","–L—¢’¬“ì’¬‰Y","38.576812","141.239096","0","1"
"04","‹{éŒ§","04212","“o•ÄŽs","042120028000","“ì•û’¬Œ´‰®•~","38.665567","141.176680","0","1"
"04","‹{éŒ§","04212","“o•ÄŽs","042120029000","“ì•û’¬^ƒPÀ","38.664265","141.193035","0","1"
"04","‹{éŒ§","04212","“o•ÄŽs","042120030000","–L—¢’¬•Ÿ‘ò","38.610028","141.286479","0","1"
"04","‹{éŒ§","04212","“o•ÄŽs","042120031000","Î‰z’¬","38.730047","141.200318","0","1"
"04","‹{éŒ§","04212","“o•ÄŽs","042120032000","“ì•û’¬V“ò’r‰º","38.658725","141.122387","0","1"
"04","‹{éŒ§","04212","“o•ÄŽs","042120033000","“ì•û’¬‘å›ÔŽR","38.658346","141.187290","0","1"
"04","‹{éŒ§","04212","“o•ÄŽs","042120034000","“ì•û’¬”¨‰ª‰º","38.653776","141.117944","0","1"
"04","‹{éŒ§","04212","“o•ÄŽs","042120035000","“ì•û’¬¾“yŽèŠO","38.648883","141.143698","0","1"
"04","‹{éŒ§","04212","“o•ÄŽs","042120036000","“ì•û’¬Œ´","38.665771","141.180696","0","1"
"04","‹{éŒ§","04212","“o•ÄŽs","042120037000","“ì•û’¬V“ñ–Ô","38.670299","141.146363","0","1"
"04","‹{éŒ§","04212","“o•ÄŽs","042120038000","“ì•û’¬‚Î‘O","38.657564","141.146488","0","1"
"04","‹{éŒ§","04212","“o•ÄŽs","042120039000","“ì•û’¬’†Œ´","38.664789","141.176757","0","1"
"04","‹{éŒ§","04212","“o•ÄŽs","042120040000","“ì•û’¬Žº“c","38.648157","141.195648","0","1"
"04","‹{éŒ§","04212","“o•ÄŽs","042120041000","“ì•û’¬’ƒ‰PX‘O","38.660094","141.152561","0","1"
"04","‹{éŒ§","04212","“o•ÄŽs","042120042000","“ì•û’¬ŠÔ“à‰º","38.656512","141.101614","0","1"
"04","‹{éŒ§","04212","“o•ÄŽs","042120043000","“ì•û’¬–ö‘ò‘O","38.652461","141.098728","0","1"
"04","‹{éŒ§","04212","“o•ÄŽs","042120044000","“ì•û’¬£ƒm•£","38.673360","141.193243","0","1"
"04","‹{éŒ§","04212","“o•ÄŽs","042120045000","“ì•û’¬‚º‚ñ‰×‘O","38.654048","141.187911","0","1"
"04","‹{éŒ§","04212","“o•ÄŽs","042120046000","“ì•û’¬¼—t","38.656822","141.174980","0","1"
"04","‹{éŒ§","04212","“o•ÄŽs","042120047000","“ì•û’¬ãŒ´","38.662971","141.172020","0","1"
"04","‹{éŒ§","04212","“o•ÄŽs","042120048000","–L—¢’¬VŒ•æ","38.562174","141.225986","0","1"
"04","‹{éŒ§","04212","“o•ÄŽs","042120049000","“ì•û’¬‘å›Ô","38.654902","141.185936","0","1"
"04","‹{éŒ§","04212","“o•ÄŽs","042120050000","“ì•û’¬¬ŽR","38.676789","141.184849","0","1"
"04","‹{éŒ§","04212","“o•ÄŽs","042120051000","“ì•û’¬‰¡‘ã","38.665417","141.107973","0","1"
"04","‹{éŒ§","04212","“o•ÄŽs","042120052000","“ì•û’¬–{‹½‘å›Ô","38.655445","141.188239","0","1"
"04","‹{éŒ§","04212","“o•ÄŽs","042120053000","“ì•û’¬£ì","38.651627","141.205602","0","1"
"04","‹{éŒ§","04212","“o•ÄŽs","042120054000","–L—¢’¬äÑ—§","38.581831","141.236467","0","1"
"04","‹{éŒ§","04212","“o•ÄŽs","042120055000","“ì•û’¬‘å–å","38.663946","141.187221","0","1"
"04","‹{éŒ§","04212","“o•ÄŽs","042120056000","“ì•û’¬\“ñŽR","38.643274","141.189114","0","1"
"04","‹{éŒ§","04212","“o•ÄŽs","042120057000","“ì•û’¬–xØ","38.661073","141.188327","0","1"
"04","‹{éŒ§","04212","“o•ÄŽs","042120058000","“ì•û’¬’†‚Î‰Y","38.661641","141.150281","0","1"
"04","‹{éŒ§","04212","“o•ÄŽs","042120059000","–L—¢’¬“àˆê”Ô]","38.571992","141.218457","0","1"
"04","‹{éŒ§","04212","“o•ÄŽs","042120060000","“ì•û’¬–ö‘ò","38.654270","141.096702","0","1"
"04","‹{éŒ§","04212","“o•ÄŽs","042120061000","“ì•û’¬ã’ç","38.663652","141.118211","0","1"
"04","‹{éŒ§","04212","“o•ÄŽs","042120062000","“ì•û’¬VŽ›‘Ü","38.672704","141.201862","0","1"
"04","‹{éŒ§","04212","“o•ÄŽs","042120063000","“ì•û’¬Àè‰º","38.648515","141.098770","0","1"
"04","‹{éŒ§","04212","“o•ÄŽs","042120064000","“ì•û’¬‘å‘º‘O","38.661881","141.171386","0","1"
"04","‹{éŒ§","04212","“o•ÄŽs","042120065000","“ì•û’¬ŠÙ","38.658582","141.188806","0","1"
"04","‹{éŒ§","04212","“o•ÄŽs","042120066000","“ì•û’¬’†‚Î","38.660141","141.146842","0","1"
"04","‹{éŒ§","04212","“o•ÄŽs","042120067000","“ì•û’¬•Ä‘Ü‰Y","38.646600","141.166490","0","1"
"04","‹{éŒ§","04212","“o•ÄŽs","042120068000","“ì•û’¬Žº“c‰Y","38.650475","141.196066","0","1"
"04","‹{éŒ§","04212","“o•ÄŽs","042120069000","–L—¢’¬À“c","38.599879","141.235204","0","1"
"04","‹{éŒ§","04212","“o•ÄŽs","042120070000","“ì•û’¬‘å¼","38.659409","141.137718","0","1"
"04","‹{éŒ§","04212","“o•ÄŽs","042120071000","–L—¢’¬‰¡’¬","38.583499","141.248431","0","1"
"04","‹{éŒ§","04212","“o•ÄŽs","042120072000","–L—¢’¬“Œ“ñ”Ô]","38.574588","141.219985","0","1"
"04","‹{éŒ§","04212","“o•ÄŽs","042120073000","–L—¢’¬V’¬","38.584481","141.252097","0","1"
"04","‹{éŒ§","04212","“o•ÄŽs","042120074000","“ì•û’¬ŠO‰Y","38.661188","141.139986","0","1"
"04","‹{éŒ§","04212","“o•ÄŽs","042120075000","“ì•û’¬¼—t‘O","38.659058","141.175514","0","1"
"04","‹{éŒ§","04212","“o•ÄŽs","042120076000","–L—¢’¬‰ºŒÃ‰®","38.584479","141.258690","0","1"
"04","‹{éŒ§","04212","“o•ÄŽs","042120077000","“ì•û’¬ãÀè","38.649354","141.091074","0","1"
"04","‹{éŒ§","04212","“o•ÄŽs","042120078000","’†“c’¬•ó]X","38.679937","141.235627","0","1"
"04","‹{éŒ§","04212","“o•ÄŽs","042120079000","“ì•û’¬’ç“c","38.655941","141.119631","0","1"
"04","‹{éŒ§","04212","“o•ÄŽs","042120080000","“ì•û’¬¼—t•\","38.653144","141.169718","0","1"
"04","‹{éŒ§","04212","“o•ÄŽs","042120081000","“ì•û’¬‘å•½‘O","38.650741","141.106750","0","1"
"04","‹{éŒ§","04212","“o•ÄŽs","042120082000","“ì•û’¬’·ª","38.661211","141.131751","0","1"
"04","‹{éŒ§","04212","“o•ÄŽs","042120083000","“ì•û’¬ŠÔ“à‘O","38.659833","141.099969","0","1"
"04","‹{éŒ§","04212","“o•ÄŽs","042120084000","“ì•û’¬¾","38.650469","141.144953","0","1"
"04","‹{éŒ§","04212","“o•ÄŽs","042120085000","“ì•û’¬¼ŽR¬","38.661094","141.155035","0","1"
"04","‹{éŒ§","04212","“o•ÄŽs","042120086000","–L—¢’¬–k’J’n","38.588599","141.234023","0","1"
"04","‹{éŒ§","04212","“o•ÄŽs","042120087000","“ì•û’¬V‘å‘º‘O","38.659684","141.170227","0","1"
"04","‹{éŒ§","04212","“o•ÄŽs","042120088000","“ì•û’¬”Â‘q","38.675680","141.167583","0","1"
"04","‹{éŒ§","04212","“o•ÄŽs","042120089000","“ì•û’¬“c’†‰Y","38.646599","141.172936","0","1"
"04","‹{éŒ§","04212","“o•ÄŽs","042120090000","“ì•û’¬”ª‚ÌX","38.658581","141.157313","0","1"
"04","‹{éŒ§","04212","“o•ÄŽs","042120091000","–L—¢’¬‰ÁXŠª","38.590755","141.263504","0","1"
"04","‹{éŒ§","04212","“o•ÄŽs","042120092000","“ì•û’¬’†ŽR","38.674974","141.177521","0","1"
"04","‹{éŒ§","04212","“o•ÄŽs","042120093000","–L—¢’¬¬Šª","38.593211","141.264228","0","1"
"04","‹{éŒ§","04212","“o•ÄŽs","042120094000","“ì•û’¬V’†ŽR","38.678260","141.179831","0","1"
"04","‹{éŒ§","04212","“o•ÄŽs","042120095000","“ì•û’¬•Ä‘Ü","38.646207","141.162391","0","1"
"04","‹{éŒ§","04212","“o•ÄŽs","042120096000","–L—¢’¬‰YŒ¬","38.582105","141.245713","0","1"
"04","‹{éŒ§","04212","“o•ÄŽs","042120097000","“ì•û’¬˜kŠÛ","38.658129","141.171982","0","1"
"04","‹{éŒ§","04212","“o•ÄŽs","042120098000","“ì•û’¬‚Î","38.659611","141.149672","0","1"
"04","‹{éŒ§","04212","“o•ÄŽs","042120099000","–L—¢’¬“yŽè‰º","38.586477","141.256007","0","1"
"04","‹{éŒ§","04212","“o•ÄŽs","042120100000","“ì•û’¬ŽR¬‘O","38.656903","141.151310","0","1"
"04","‹{éŒ§","04212","“o•ÄŽs","042120101000","“ì•û’¬¼“‡‰®•~","38.669626","141.166152","0","1"
"04","‹{éŒ§","04212","“o•ÄŽs","042120102000","“ì•û’¬“àƒm–Ú","38.677300","141.190486","0","1"
"04","‹{éŒ§","04212","“o•ÄŽs","042120103000","“ì•û’¬ˆêƒm‹È","38.644029","141.128687","0","1"
"04","‹{éŒ§","04212","“o•ÄŽs","042120104000","“ì•û’¬V“c","38.649165","141.198826","0","1"
"04","‹{éŒ§","04212","“o•ÄŽs","042120105000","–L—¢’¬‰º‰®‰Y","38.579900","141.239080","0","1"
"04","‹{éŒ§","04212","“o•ÄŽs","042120106000","“ì•û’¬Ž›‘Ü","38.674895","141.200487","0","1"
"04","‹{éŒ§","04212","“o•ÄŽs","042120107000","–L—¢’¬‰º‹ã","38.593669","141.210835","0","1"
"04","‹{éŒ§","04212","“o•ÄŽs","042120108000","–L—¢’¬”ª”½","38.588254","141.258182","0","1"
"04","‹{éŒ§","04212","“o•ÄŽs","042120109000","“ì•û’¬ì‘O","38.650733","141.210853","0","1"
"04","‹{éŒ§","04212","“o•ÄŽs","042120110000","“ì•û’¬V{è","38.674911","141.130062","0","1"
"04","‹{éŒ§","04212","“o•ÄŽs","042120111000","“ì•û’¬“ò’r‰º","38.661013","141.120496","0","1"
"04","‹{éŒ§","04212","“o•ÄŽs","042120112000","–L—¢’¬“Œ×À","38.565760","141.229518","0","1"
"04","‹{éŒ§","04212","“o•ÄŽs","042120113000","–L—¢’¬ã’¬— ","38.584422","141.249503","0","1"
"04","‹{éŒ§","04212","“o•ÄŽs","042120114000","“ì•û’¬‰Í–Ê","38.677980","141.187642","0","1"
"04","‹{éŒ§","04212","“o•ÄŽs","042120115000","“ì•û’¬‘å‘Ü‰Y","38.648856","141.146687","0","1"
"04","‹{éŒ§","04212","“o•ÄŽs","042120116000","“ì•û’¬V“c‘O","38.643655","141.197480","0","1"
"04","‹{éŒ§","04212","“o•ÄŽs","042120117000","–L—¢’¬ŽÅè","38.590833","141.260419","0","1"
"04","‹{éŒ§","04212","“o•ÄŽs","042120118000","–L—¢’¬‹vŽõ“c‘O","38.606981","141.231477","0","1"
"04","‹{éŒ§","04212","“o•ÄŽs","042120119000","“ì•û’¬ŒËª‰®•~","38.669254","141.160048","0","1"
"04","‹{éŒ§","04212","“o•ÄŽs","042120120000","–L—¢’¬–k×À","38.570740","141.230122","0","1"
"04","‹{éŒ§","04212","“o•ÄŽs","042120121000","–L—¢’¬V’·‘O","38.573300","141.207662","0","1"
"04","‹{éŒ§","04212","“o•ÄŽs","042120122000","“ì•û’¬‘å‘Ü","38.646036","141.147363","0","1"
"04","‹{éŒ§","04212","“o•ÄŽs","042120123000","–L—¢’¬‘å‘òÀ“c","38.607272","141.263867","0","1"
"04","‹{éŒ§","04212","“o•ÄŽs","042120124000","–L—¢’¬“ì‘Òˆä‰º","38.587388","141.240995","0","1"
"04","‹{éŒ§","04212","“o•ÄŽs","042120125000","“ì•û’¬ŽRè","38.648694","141.204378","0","1"
"04","‹{éŒ§","04212","“o•ÄŽs","042120126000","–L—¢’¬‰ºäÑ—§","38.581088","141.232612","0","1"
"04","‹{éŒ§","04212","“o•ÄŽs","042120127000","“ì•û’¬“ì‘å”¨‘O","38.646059","141.197731","0","1"
"04","‹{éŒ§","04212","“o•ÄŽs","042120128000","–L—¢’¬V‰ÁXŠª","38.588494","141.261864","0","1"
"04","‹{éŒ§","04212","“o•ÄŽs","042120129000","–L—¢’¬ŒÜ”½“c","38.585323","141.242163","0","1"
"04","‹{éŒ§","04212","“o•ÄŽs","042120130000","–L—¢’¬’†À“c","38.600371","141.244259","0","1"
"04","‹{éŒ§","04212","“o•ÄŽs","042120131000","“ì•û’¬V\“ñŽR","38.642564","141.192502","0","1"
"04","‹{éŒ§","04212","“o•ÄŽs","042120132000","–L—¢’¬Ø’Ã","38.579720","141.226689","0","1"
"04","‹{éŒ§","04212","“o•ÄŽs","042120133000","–L—¢’¬’¬‰Y","38.578869","141.232460","0","1"
"04","‹{éŒ§","04212","“o•ÄŽs","042120134000","–L—¢’¬ã‰ºÀ","38.621801","141.284586","0","1"
"04","‹{éŒ§","04212","“o•ÄŽs","042120135000","–L—¢’¬“à”¨","38.598997","141.209998","0","1"
"04","‹{éŒ§","04212","“o•ÄŽs","042120136000","“ì•û’¬˜TŒ‡— ","38.657694","141.126467","0","1"
"04","‹{éŒ§","04212","“o•ÄŽs","042120137000","“ì•û’¬Žá‹·‘O","38.643950","141.162803","0","1"
"04","‹{éŒ§","04212","“o•ÄŽs","042120138000","“ì•û’¬ŽR¬","38.659683","141.163130","0","1"
"04","‹{éŒ§","04212","“o•ÄŽs","042120139000","–L—¢’¬ãÀ“c","38.603882","141.240769","0","1"
"04","‹{éŒ§","04212","“o•ÄŽs","042120140000","–L—¢’¬‘òK","38.618838","141.279902","0","1"
"04","‹{éŒ§","04212","“o•ÄŽs","042120141000","–L—¢’¬ŠOŽl”Ô]","38.579251","141.207497","0","1"
"04","‹{éŒ§","04212","“o•ÄŽs","042120142000","“ì•û’¬×ì‰Y","38.653297","141.178059","0","1"
"04","‹{éŒ§","04212","“o•ÄŽs","042120143000","–L—¢’¬“ì×À","38.558460","141.231187","0","1"
"04","‹{éŒ§","04212","“o•ÄŽs","042120144000","“ì•û’¬V”Â‘qŒã","38.677520","141.165972","0","1"
"04","‹{éŒ§","04212","“o•ÄŽs","042120145000","“ì•û’¬˜TŠ|","38.655884","141.124579","0","1"
"04","‹{éŒ§","04212","“o•ÄŽs","042120146000","–L—¢’¬¼×À","38.563947","141.226595","0","1"
"04","‹{éŒ§","04212","“o•ÄŽs","042120147000","–L—¢’¬¼Žµ”Ô]","38.588282","141.214764","0","1"
"04","‹{éŒ§","04212","“o•ÄŽs","042120148000","–L—¢’¬ŽÅ‰º","38.601906","141.262708","0","1"
"04","‹{éŒ§","04212","“o•ÄŽs","042120149000","“ì•û’¬V“°’n‘O","38.658475","141.193294","0","1"
"04","‹{éŒ§","04212","“o•ÄŽs","042120150000","“ì•û’¬×ì","38.658756","141.180166","0","1"
"04","‹{éŒ§","04212","“o•ÄŽs","042120151000","–L—¢’¬¼˜Z”Ô]","38.585506","141.214723","0","1"
"04","‹{éŒ§","04212","“o•ÄŽs","042120152000","–L—¢’¬“ŒŽO”Ô]","38.576835","141.219812","0","1"
"04","‹{éŒ§","04212","“o•ÄŽs","042120153000","“ì•û’¬“ì‘ò","38.655604","141.183374","0","1"
"04","‹{éŒ§","04212","“o•ÄŽs","042120154000","“ì•û’¬•Ä‘Ü‘O","38.642506","141.165761","0","1"
"04","‹{éŒ§","04212","“o•ÄŽs","042120155000","“ì•û’¬‘Û–ì’J’n","38.662012","141.134584","0","1"
"04","‹{éŒ§","04212","“o•ÄŽs","042120156000","–L—¢’¬ŠOŽO”Ô]","38.579690","141.214614","0","1"
"04","‹{éŒ§","04212","“o•ÄŽs","042120157000","–L—¢’¬ŽRª‘O","38.614127","141.279088","0","1"
"04","‹{éŒ§","04212","“o•ÄŽs","042120158000","“ì•û’¬V‘Òˆä","38.678152","141.175309","0","1"
"04","‹{éŒ§","04212","“o•ÄŽs","042120159000","“ì•û’¬ŽÖÀ","38.648641","141.200848","0","1"
"04","‹{éŒ§","04212","“o•ÄŽs","042120160000","“ì•û’¬V¬“c","38.643200","141.152272","0","1"
"04","‹{éŒ§","04212","“o•ÄŽs","042120161000","“ì•û’¬‘å”¨","38.659861","141.203964","0","1"
"04","‹{éŒ§","04212","“o•ÄŽs","042120162000","–L—¢’¬¼”ª”Ô]","38.591109","141.214809","0","1"
"04","‹{éŒ§","04212","“o•ÄŽs","042120163000","–L—¢’¬“ì‘O“c","38.594910","141.224776","0","1"
"04","‹{éŒ§","04212","“o•ÄŽs","042120164000","“ì•û’¬‘åã‘O","38.655905","141.137236","0","1"
"04","‹{éŒ§","04212","“o•ÄŽs","042120165000","–L—¢’¬“ìØ’Ã","38.577347","141.226108","0","1"
"04","‹{éŒ§","04212","“o•ÄŽs","042120166000","“ì•û’¬Â“‡‰®•~","38.670854","141.151107","0","1"
"04","‹{éŒ§","04212","“o•ÄŽs","042120167000","“ì•û’¬ŠÔ“à","38.660264","141.098050","0","1"
"04","‹{éŒ§","04212","“o•ÄŽs","042120168000","–L—¢’¬”’’¹‰Y","38.610640","141.277726","0","1"
"04","‹{éŒ§","04212","“o•ÄŽs","042120169000","–L—¢’¬‹«‘ò","38.627562","141.285274","0","1"
"04","‹{éŒ§","04212","“o•ÄŽs","042120170000","“ì•û’¬‘åã","38.664264","141.121873","0","1"
"04","‹{éŒ§","04212","“o•ÄŽs","042120171000","“ì•û’¬V^ƒPÀ","38.664040","141.190710","0","1"
"04","‹{éŒ§","04212","“o•ÄŽs","042120172000","“ì•û’¬h”¨","38.664064","141.185351","0","1"
"04","‹{éŒ§","04212","“o•ÄŽs","042120173000","“ì•û’¬Œã‚Î","38.660862","141.143983","0","1"
"04","‹{éŒ§","04212","“o•ÄŽs","042120174000","–L—¢’¬“Œ“ñƒc‰®","38.572704","141.226420","0","1"
"04","‹{éŒ§","04212","“o•ÄŽs","042120175000","–L—¢’¬–k‘Òˆä‰º","38.570235","141.233054","0","1"
"04","‹{éŒ§","04212","“o•ÄŽs","042120176000","–L—¢’¬’·ª‘O","38.591196","141.256398","0","1"
"04","‹{éŒ§","04212","“o•ÄŽs","042120177000","–L—¢’¬‹¾Œ`","38.568654","141.219823","0","1"
"04","‹{éŒ§","04212","“o•ÄŽs","042120178000","“ì•û’¬”¨‰ª","38.656176","141.116124","0","1"
"04","‹{éŒ§","04212","“o•ÄŽs","042120179000","“ì•û’¬ƒƒm–Ø","38.672765","141.188740","0","1"
"04","‹{éŒ§","04212","“o•ÄŽs","042120180000","“ì•û’¬Vì“c","38.680677","141.163580","0","1"
"04","‹{éŒ§","04212","“o•ÄŽs","042120181000","–L—¢’¬“c‘Ò","38.618308","141.283414","0","1"
"04","‹{éŒ§","04212","“o•ÄŽs","042120182000","“ì•û’¬ŠÙ‰Y","38.659983","141.178307","0","1"
"04","‹{éŒ§","04212","“o•ÄŽs","042120183000","“ì•û’¬Âù","38.656393","141.112942","0","1"
"04","‹{éŒ§","04212","“o•ÄŽs","042120184000","–L—¢’¬“Œ‘Òˆä‰º","38.587595","141.246087","0","1"
"04","‹{éŒ§","04212","“o•ÄŽs","042120185000","–L—¢’¬“à“c","38.593762","141.204681","0","1"
"04","‹{éŒ§","04212","“o•ÄŽs","042120186000","–L—¢’¬ã‰®‰Y","38.582422","141.240413","0","1"
"04","‹{éŒ§","04212","“o•ÄŽs","042120187000","“ì•û’¬VŠpŒ‡‘O","38.657125","141.110685","0","1"
"04","‹{éŒ§","04212","“o•ÄŽs","042120188000","“ì•û’¬V•½ŠL","38.666994","141.130895","0","1"
"04","‹{éŒ§","04212","“o•ÄŽs","042120189000","“ì•û’¬V“à‘Ü","38.664819","141.202097","0","1"
"04","‹{éŒ§","04212","“o•ÄŽs","042120190000","“ì•û’¬V‘ò“c","38.671813","141.165841","0","1"
"04","‹{éŒ§","04212","“o•ÄŽs","042120191000","“ì•û’¬ŠÀ","38.644289","141.183950","0","1"
"04","‹{éŒ§","04212","“o•ÄŽs","042120192000","–L—¢’¬“ŒŽl”Ô]","38.579637","141.221029","0","1"
"04","‹{éŒ§","04212","“o•ÄŽs","042120193000","“ì•û’¬ŠÀì‘O","38.643886","141.178415","0","1"
"04","‹{éŒ§","04212","“o•ÄŽs","042120194000","–L—¢’¬Žõè‘O","38.590678","141.237835","0","1"
"04","‹{éŒ§","04212","“o•ÄŽs","042120195000","“ì•û’¬‰¤’Ë","38.674616","141.181003","0","1"
"04","‹{éŒ§","04212","“o•ÄŽs","042120196000","–L—¢’¬•ÛŽè","38.599957","141.251801","0","1"
"04","‹{éŒ§","04212","“o•ÄŽs","042120197000","–L—¢’¬V×À","38.564070","141.231614","0","1"
"04","‹{éŒ§","04212","“o•ÄŽs","042120198000","“ì•û’¬•õ‘O","38.669054","141.183130","0","1"
"04","‹{éŒ§","04212","“o•ÄŽs","042120199000","“ì•û’¬“Œì‘O","38.647583","141.206425","0","1"
"04","‹{éŒ§","04212","“o•ÄŽs","042120200000","“ì•û’¬Œ´‘O","38.662944","141.177238","0","1"
"04","‹{éŒ§","04212","“o•ÄŽs","042120201000","“ì•û’¬‘ò“c‰®•~","38.670974","141.159211","0","1"
"04","‹{éŒ§","04212","“o•ÄŽs","042120202000","“ì•û’¬VÀè‰º","38.650320","141.102209","0","1"
"04","‹{éŒ§","04212","“o•ÄŽs","042120203000","–L—¢’¬”’’¹‘O","38.606504","141.274005","0","1"
"04","‹{éŒ§","04212","“o•ÄŽs","042120204000","“ì•û’¬Œã‰®•~‘Òˆä","38.675071","141.174220","0","1"
"04","‹{éŒ§","04212","“o•ÄŽs","042120205000","–L—¢’¬ŠOŒÜ”Ô]","38.582571","141.208061","0","1"
"04","‹{éŒ§","04212","“o•ÄŽs","042120206000","“ì•û’¬“ì×ì","38.660006","141.184290","0","1"
"04","‹{éŒ§","04212","“o•ÄŽs","042120207000","–L—¢’¬ŠOŽµ”Ô]","38.588234","141.207462","0","1"
"04","‹{éŒ§","04212","“o•ÄŽs","042120208000","“ì•û’¬V‘å‘Ü‰Y","38.649356","141.150008","0","1"
"04","‹{éŒ§","04212","“o•ÄŽs","042120209000","–L—¢’¬’¹‰z","38.597660","141.254038","0","1"
"04","‹{éŒ§","04212","“o•ÄŽs","042120210000","“ì•û’¬V“‡‘O","38.682703","141.182638","0","1"
"04","‹{éŒ§","04212","“o•ÄŽs","042120211000","–L—¢’¬ŠOˆê”Ô]","38.572141","141.215148","0","1"
"04","‹{éŒ§","04212","“o•ÄŽs","042120212000","–L—¢’¬‘å‘ò’JŠò","38.603853","141.266447","0","1"
"04","‹{éŒ§","04212","“o•ÄŽs","042120213000","–L—¢’¬\ŒÜŠÑ’J’n","38.593674","141.201555","0","1"
"04","‹{éŒ§","04212","“o•ÄŽs","042120214000","–L—¢’¬”—","38.619812","141.291295","0","1"
"04","‹{éŒ§","04212","“o•ÄŽs","042120215000","–L—¢’¬“‚è","38.599175","141.231942","0","1"
"04","‹{éŒ§","04212","“o•ÄŽs","042120216000","“ì•û’¬Vì‘O","38.643474","141.202073","0","1"
"04","‹{éŒ§","04212","“o•ÄŽs","042120217000","–L—¢’¬\“ñ‘ò","38.610171","141.271655","0","1"
"04","‹{éŒ§","04212","“o•ÄŽs","042120218000","“ì•û’¬¼ŽR¬‘O","38.662419","141.158645","0","1"
"04","‹{éŒ§","04212","“o•ÄŽs","042120219000","–L—¢’¬’·‘O","38.571175","141.211264","0","1"
"04","‹{éŒ§","04212","“o•ÄŽs","042120220000","“ì•û’¬‘ò“c‘O","38.667318","141.164072","0","1"
"04","‹{éŒ§","04212","“o•ÄŽs","042120221000","–L—¢’¬ŠO˜Z”Ô]","38.585596","141.207743","0","1"
"04","‹{éŒ§","04212","“o•ÄŽs","042120222000","–L—¢’¬¬Œû‘O","38.588158","141.249858","0","1"
"04","‹{éŒ§","04212","“o•ÄŽs","042120223000","“ì•û’¬V—{Œ«“°","38.646497","141.192572","0","1"
"04","‹{éŒ§","04212","“o•ÄŽs","042120224000","“ì•û’¬“°’n","38.659006","141.197256","0","1"
"04","‹{éŒ§","04212","“o•ÄŽs","042120225000","“ì•û’¬”ÂƒP‘ò","38.665146","141.125469","0","1"
"04","‹{éŒ§","04212","“o•ÄŽs","042120226000","“ì•û’¬‰ºVŽR","38.661716","141.102615","0","1"
"04","‹{éŒ§","04212","“o•ÄŽs","042120227000","“ì•û’¬VŽá‹·‘O","38.645208","141.158463","0","1"
"04","‹{éŒ§","04212","“o•ÄŽs","042120228000","“ì•û’¬V¼—t•\","38.653704","141.173873","0","1"
"04","‹{éŒ§","04212","“o•ÄŽs","042120229000","–L—¢’¬“y•{","38.612539","141.282631","0","1"
"04","‹{éŒ§","04212","“o•ÄŽs","042120230000","–L—¢’¬‘O“c","38.599090","141.224929","0","1"
"04","‹{éŒ§","04212","“o•ÄŽs","042120231000","“ì•û’¬“ò’r","38.661311","141.116572","0","1"
"04","‹{éŒ§","04212","“o•ÄŽs","042120232000","“ì•û’¬V‚Î‘O","38.654555","141.149350","0","1"
"04","‹{éŒ§","04212","“o•ÄŽs","042120233000","“ì•û’¬‰º•½ŠL","38.672075","141.124796","0","1"
"04","‹{éŒ§","04212","“o•ÄŽs","042120234000","–L—¢’¬ŠO”ª”Ô]","38.591065","141.207204","0","1"
"04","‹{éŒ§","04212","“o•ÄŽs","042120235000","–L—¢’¬‰ºÀ“c","38.592073","141.242691","0","1"
"04","‹{éŒ§","04212","“o•ÄŽs","042120236000","“ì•û’¬‘åX‘O","38.659539","141.106668","0","1"
"04","‹{éŒ§","04212","“o•ÄŽs","042120237000","–L—¢’¬¼‘O“c","38.594822","141.218748","0","1"
"04","‹{éŒ§","04212","“o•ÄŽs","042120238000","–L—¢’¬ˆ¤“†‰º","38.602065","141.235018","0","1"
"04","‹{éŒ§","04212","“o•ÄŽs","042120239000","–L—¢’¬‰º‘åè","38.582794","141.221349","0","1"
"04","‹{éŒ§","04212","“o•ÄŽs","042120240000","“ì•û’¬Àè‘O","38.644199","141.100340","0","1"
"04","‹{éŒ§","04212","“o•ÄŽs","042120241000","–L—¢’¬²–ì","38.616316","141.293711","0","1"
"04","‹{éŒ§","04212","“o•ÄŽs","042120242000","–L—¢’¬\ŒÜŠÑ","38.597902","141.205857","0","1"
"04","‹{éŒ§","04212","“o•ÄŽs","042120243000","“ì•û’¬V’ß‘ã","38.672101","141.174182","0","1"
"04","‹{éŒ§","04212","“o•ÄŽs","042120244000","“ì•û’¬‘K‹à’d","38.664112","141.112467","0","1"
"04","‹{éŒ§","04212","“o•ÄŽs","042120245000","“ì•û’¬V‘å›Ô‘O","38.652302","141.182923","0","1"
"04","‹{éŒ§","04212","“o•ÄŽs","042120246000","–L—¢’¬”’’¹","38.608046","141.279269","0","1"
"04","‹{éŒ§","04212","“o•ÄŽs","042120247000","“ì•û’¬‘å•½","38.655027","141.106208","0","1"
"04","‹{éŒ§","04212","“o•ÄŽs","042120248000","“ì•û’¬V‚Î‰Y","38.663697","141.152384","0","1"
"04","‹{éŒ§","04212","“o•ÄŽs","042120249000","“ì•û’¬“ì‘å”¨‰Y","38.653204","141.196868","0","1"
"04","‹{éŒ§","04212","“o•ÄŽs","042120250000","–L—¢’¬Žµƒc’Ë","38.574495","141.237831","0","1"
"04","‹{éŒ§","04212","“o•ÄŽs","042120251000","“ì•û’¬V‘åšÁ","38.636440","141.124759","0","1"
"04","‹{éŒ§","04212","“o•ÄŽs","042120252000","–L—¢’¬Œ•æ","38.554487","141.230200","0","1"
"04","‹{éŒ§","04212","“o•ÄŽs","042120253000","“ì•û’¬’·ŽÒŒ´","38.644579","141.094223","0","1"
"04","‹{éŒ§","04212","“o•ÄŽs","042120254000","“ì•û’¬•õ","38.672521","141.184486","0","1"
"04","‹{éŒ§","04212","“o•ÄŽs","042120255000","–L—¢’¬ŠO“ñ”Ô]","38.577882","141.213283","0","1"
"04","‹{éŒ§","04212","“o•ÄŽs","042120256000","–L—¢’¬’·ª‰Y","38.595826","141.262124","0","1"
"04","‹{éŒ§","04212","“o•ÄŽs","042120257000","–L—¢’¬ŠÛ–Ø","38.575540","141.205462","0","1"
"04","‹{éŒ§","04212","“o•ÄŽs","042120258000","“ì•û’¬V•\‘O","38.655090","141.131533","0","1"
"04","‹{éŒ§","04212","“o•ÄŽs","042120259000","“ì•û’¬V{è‘O","38.666018","141.141667","0","1"
"04","‹{éŒ§","04212","“o•ÄŽs","042120260000","“ì•û’¬V”¨‰ª‰º","38.650253","141.118361","0","1"
"04","‹{éŒ§","04212","“o•ÄŽs","042120261000","“ì•û’¬ŠpŒ‡‘O","38.650151","141.112186","0","1"
"04","‹{éŒ§","04212","“o•ÄŽs","042120262000","“ì•û’¬ã•½ŠL","38.671755","141.120185","0","1"
"04","‹{éŒ§","04212","“o•ÄŽs","042120263000","–L—¢’¬×À“c","38.569106","141.225396","0","1"
"04","‹{éŒ§","04212","“o•ÄŽs","042120264000","“ì•û’¬‰G“c","38.650887","141.190632","0","1"
"04","‹{éŒ§","04212","“o•ÄŽs","042120265000","“ì•û’¬V‹T‘ã","38.668805","141.174750","0","1"
"04","‹{éŒ§","04212","“o•ÄŽs","042120266000","“ì•û’¬VÂ“‡‘O","38.666709","141.152098","0","1"
"04","‹{éŒ§","04212","“o•ÄŽs","042120267000","“ì•û’¬—‹","38.668986","141.190314","0","1"
"04","‹{éŒ§","04212","“o•ÄŽs","042120268000","–L—¢’¬‘å‘ò","38.620588","141.249024","0","1"
"04","‹{éŒ§","04212","“o•ÄŽs","042120269000","–L—¢’¬‘å‹È","38.598989","141.229124","0","1"
"04","‹{éŒ§","04212","“o•ÄŽs","042120270000","“ì•û’¬Vˆäh","38.655818","141.207901","0","1"
"04","‹{éŒ§","04212","“o•ÄŽs","042120271000","–L—¢’¬•“–Ø","38.592889","141.253654","0","1"
"04","‹{éŒ§","04212","“o•ÄŽs","042120272000","“ì•û’¬VçŠÔ","38.665016","141.131467","0","1"
"04","‹{éŒ§","04212","“o•ÄŽs","042120273000","–L—¢’¬“ñƒc‰®","38.574194","141.232487","0","1"
"04","‹{éŒ§","04212","“o•ÄŽs","042120274000","–L—¢’¬¬’J’n","38.615607","141.288027","0","1"
"04","‹{éŒ§","04212","“o•ÄŽs","042120275000","–L—¢’¬º˜a","38.594353","141.247564","0","1"
"04","‹{éŒ§","04212","“o•ÄŽs","042120276000","“ì•û’¬VŽdž","38.662677","141.197387","0","1"
"04","‹{éŒ§","04212","“o•ÄŽs","042120277000","“ì•û’¬Vì¼","38.675051","141.142139","0","1"
"04","‹{éŒ§","04212","“o•ÄŽs","042120278000","“ì•û’¬V‘ò‰Y","38.673438","141.158277","0","1"
"04","‹{éŒ§","04212","“o•ÄŽs","042120279000","“ì•û’¬V’·ª‰º","38.660563","141.126991","0","1"
"04","‹{éŒ§","04212","“o•ÄŽs","042120280000","“ì•û’¬ŽO‘ã‘O","38.667002","141.104423","0","1"
"04","‹{éŒ§","04212","“o•ÄŽs","042120281000","“ì•û’¬‰¡‘O","38.653931","141.136916","0","1"
"04","‹{éŒ§","04212","“o•ÄŽs","042120282000","“ì•û’¬V“u—Ž","38.649438","141.171436","0","1"
"04","‹{éŒ§","04212","“o•ÄŽs","042120283000","“ì•û’¬V˜TŠ|‘O","38.651906","141.125108","0","1"
"04","‹{éŒ§","04212","“o•ÄŽs","042120284000","–L—¢’¬”’’¹ŽR","38.610749","141.292235","0","1"
"04","‹{éŒ§","04212","“o•ÄŽs","042120285000","“ì•û’¬ŽÀ‘ò","38.669105","141.112043","0","1"
"04","‹{éŒ§","04212","“o•ÄŽs","042120286000","–L—¢’¬Žõè","38.598003","141.237934","0","1"
"04","‹{éŒ§","04212","“o•ÄŽs","042120287000","“ì•û’¬VŠÀ","38.647566","141.183906","0","1"
"04","‹{éŒ§","04212","“o•ÄŽs","042120288000","–L—¢’¬Œã‘ò“c","38.601855","141.246862","0","1"
"04","‹{éŒ§","04212","“o•ÄŽs","042120289000","“ì•û’¬—‚‘ò","38.669984","141.141593","0","1"
"04","‹{éŒ§","04212","“o•ÄŽs","042120290000","“ì•û’¬V‘å”¨‘O","38.654500","141.201698","0","1"
"04","‹{éŒ§","04212","“o•ÄŽs","042120291000","“ì•û’¬VŽR¬‰Y","38.663586","141.165539","0","1"
"04","‹{éŒ§","04212","“o•ÄŽs","042120292000","“ì•û’¬V•Ä‘Ü‰Y","38.648776","141.155689","0","1"
"04","‹{éŒ§","04212","“o•ÄŽs","042120293000","–L—¢’¬V“c’¬","38.579369","141.244237","0","1"
"04","‹{éŒ§","04212","“o•ÄŽs","042120294000","–L—¢’¬‹vŽõ“c","38.606963","141.237710","0","1"
"04","‹{éŒ§","04212","“o•ÄŽs","042120295000","“ì•û’¬Àè","38.645990","141.105949","0","1"
"04","‹{éŒ§","04212","“o•ÄŽs","042120296000","–L—¢’¬–Û‘ò","38.603019","141.259656","0","1"
"04","‹{éŒ§","04212","“o•ÄŽs","042120297000","–L—¢’¬‘åž­","38.612869","141.243992","0","1"
"04","‹{éŒ§","04212","“o•ÄŽs","042120298000","“ì•û’¬’†ƒmŒû","38.657888","141.094860","0","1"
"04","‹{éŒ§","04212","“o•ÄŽs","042120299000","–L—¢’¬ì‘O","38.584221","141.262469","0","1"
"04","‹{éŒ§","04212","“o•ÄŽs","042120300000","“ì•û’¬‘åšÁ","38.636849","141.116676","0","1"
"04","‹{éŒ§","04212","“o•ÄŽs","042120301000","“ì•û’¬’†{è","38.670426","141.132206","0","1"
"04","‹{éŒ§","04212","“o•ÄŽs","042120302000","–L—¢’¬’†’JŠò","38.605314","141.287421","0","1"
"04","‹{éŒ§","04212","“o•ÄŽs","042120303000","“ì•û’¬V”µ•õ","38.674681","141.151777","0","1"
"04","‹{éŒ§","04212","“o•ÄŽs","042120304000","“ì•û’¬Æˆä","38.669674","141.196652","0","1"
"04","‹{éŒ§","04212","“o•ÄŽs","042120305000","“ì•û’¬Vˆêƒm‹È","38.648501","141.130845","0","1"
"04","‹{éŒ§","04212","“o•ÄŽs","042120306000","–L—¢’¬ã’J’n","38.583041","141.199832","0","1"
"04","‹{éŒ§","04212","“o•ÄŽs","042120307000","“ì•û’¬‘¾“c","38.643497","141.117234","0","1"
"04","‹{éŒ§","04212","“o•ÄŽs","042120308000","“ì•û’¬VŽR¬‘O","38.655244","141.162088","0","1"
"04","‹{éŒ§","04212","“o•ÄŽs","042120309000","–L—¢’¬•½—Ñ","38.609351","141.252283","0","1"
"04","‹{éŒ§","04212","“o•ÄŽs","042120310000","“ì•û’¬–òŽt“‡‰®•~","38.685477","141.176543","0","1"
"04","‹{éŒ§","04212","“o•ÄŽs","042120311000","–L—¢’¬Î‘ò","38.618974","141.257188","0","1"
"04","‹{éŒ§","04212","“o•ÄŽs","042120312000","“ì•û’¬V–ì’J’n","38.627820","141.120873","0","1"
"04","‹{éŒ§","04212","“o•ÄŽs","042120313000","–L—¢’¬’|ƒm‘ò","38.618535","141.267498","0","1"
"04","‹{éŒ§","04212","“o•ÄŽs","042120314000","–L—¢’¬ŽRª","38.622106","141.275768","0","1"
"04","‹{éŒ§","04212","“o•ÄŽs","042120315000","“o•Ä’¬“ú–ì“n","38.668584","141.271014","0","1"
"04","‹{éŒ§","04212","“o•ÄŽs","042120316000","’†“c’¬•ó]•À","38.703383","141.242053","0","1"
"04","‹{éŒ§","04212","“o•ÄŽs","042120317000","“o•Ä’¬Ž›’r","38.648041","141.275986","0","1"
"04","‹{éŒ§","04212","“o•ÄŽs","042120318000","”—’¬²À","38.691871","141.201558","0","1"
"04","‹{éŒ§","04212","“o•ÄŽs","042120319000","”—’¬X","38.672750","141.218859","0","1"
"04","‹{éŒ§","04212","“o•ÄŽs","042120320000","Î‰z’¬–k‹½","38.768335","141.185083","0","1"
"04","‹{éŒ§","04212","“o•ÄŽs","042120321000","Î‰z’¬“Œ‹½","38.742699","141.196614","0","1"
"04","‹{éŒ§","04212","“o•ÄŽs","042120322000","“o•Ä’¬¬“‡","38.647674","141.256862","0","1"
"04","‹{éŒ§","04212","“o•ÄŽs","042120323000","’†“c’¬•ó]Vˆä“c","38.677493","141.245430","0","1"
"04","‹{éŒ§","04212","“o•ÄŽs","042120324000","Î‰z’¬“ì‹½","38.750092","141.170666","0","1"
"04","‹{éŒ§","04212","“o•ÄŽs","042120325000","•ÄŽR’¬¼–ì","38.621392","141.196355","0","1"
"04","‹{éŒ§","04212","“o•ÄŽs","042120326000","’†“c’¬ó…","38.697331","141.272448","0","1"
"04","‹{éŒ§","04212","“o•ÄŽs","042120327000","’†“c’¬ÎX","38.722937","141.214705","0","1"
"04","‹{éŒ§","04212","“o•ÄŽs","042120328000","“Œ˜a’¬‹ÑD","38.751618","141.292416","0","1"
"04","‹{éŒ§","04212","“o•ÄŽs","042120329000","•ÄŽR’¬","38.628018","141.230534","0","1"
"04","‹{éŒ§","04212","“o•ÄŽs","042120330000","’†“c’¬ãÀ","38.743092","141.256932","0","1"
"04","‹{éŒ§","04212","“o•ÄŽs","042120331000","•ÄŽR’¬’†’ÃŽR","38.626731","141.155046","0","1"
"04","‹{éŒ§","04212","“o•ÄŽs","042120332000","”—’¬–k•û","38.703506","141.166427","0","1"
"04","‹{éŒ§","04212","“o•ÄŽs","042120333000","“o•Ä’¬‘åŽš“úª‹","38.657901","141.318273","0","1"
"04","‹{éŒ§","04212","“o•ÄŽs","042120334000","’ÃŽR’¬–ö’Ã","38.610457","141.316554","0","1"
"04","‹{éŒ§","04212","“o•ÄŽs","042120335000","”—’¬V“c","38.686923","141.095211","0","1"
"04","‹{éŒ§","04212","“o•ÄŽs","042120336000","’ÃŽR’¬‰¡ŽR","38.633154","141.366265","0","1"
"04","‹{éŒ§","04212","“o•ÄŽs","042120337000","“Œ˜a’¬•Ä’J","38.714369","141.316638","0","1"
"04","‹{éŒ§","04212","“o•ÄŽs","042120338000","“Œ˜a’¬•Äì","38.775192","141.344006","0","1"
"04","‹{éŒ§","04212","“o•ÄŽs","042120339000","“ì•û’¬VŠÛƒm“à","38.684557","141.181726","0","1"
"04","‹{éŒ§","04212","“o•ÄŽs","042120340000","“ì•û’¬V’ß]","38.686300","141.176299","0","1"
"04","‹{éŒ§","04213","ŒIŒ´Žs","042130001000","‹à¬Žlƒc‰®•~","38.806727","141.072858","0","1"
"04","‹{éŒ§","04213","ŒIŒ´Žs","042130002000","’zŠÙŽšV“c“Œ","38.730978","141.009542","0","1"
"04","‹{éŒ§","04213","ŒIŒ´Žs","042130003000","‹à¬“ü¶“c","38.810225","141.078216","0","1"
"04","‹{éŒ§","04213","ŒIŒ´Žs","042130004000","Žu”g•P‰º—¢","38.759619","141.040969","0","1"
"04","‹{éŒ§","04213","ŒIŒ´Žs","042130005000","‹à¬•òŒö“c","38.809639","141.077244","0","1"
"04","‹{éŒ§","04213","ŒIŒ´Žs","042130006000","‹à¬ã’¬“Œ— ","38.807793","141.074818","0","1"
"04","‹{éŒ§","04213","ŒIŒ´Žs","042130007000","’zŠÙŽšŠÙ‰º","38.727491","141.011445","0","1"
"04","‹{éŒ§","04213","ŒIŒ´Žs","042130008000","’zŠÙŽš‹«“c","38.735667","141.000251","0","1"
"04","‹{éŒ§","04213","ŒIŒ´Žs","042130009000","’zŠÙŽš¶–ìŒ´","38.732374","140.996760","0","1"
"04","‹{éŒ§","04213","ŒIŒ´Žs","042130010000","‹à¬÷’¬","38.807146","141.075160","0","1"
"04","‹{éŒ§","04213","ŒIŒ´Žs","042130011000","‹à¬V’¬— ","38.815020","141.074902","0","1"
"04","‹{éŒ§","04213","ŒIŒ´Žs","042130012000","‹à¬‰¥—¯","38.811614","141.077792","0","1"
"04","‹{éŒ§","04213","ŒIŒ´Žs","042130013000","‹à¬ã’¬","38.808274","141.073573","0","1"
"04","‹{éŒ§","04213","ŒIŒ´Žs","042130014000","‹à¬V’¬","38.814279","141.075898","0","1"
"04","‹{éŒ§","04213","ŒIŒ´Žs","042130015000","Žu”g•PV“úŒü","38.751424","141.095942","0","1"
"04","‹{éŒ§","04213","ŒIŒ´Žs","042130016000","’zŠÙŽš“à“ì‘ò","38.724287","141.027116","0","1"
"04","‹{éŒ§","04213","ŒIŒ´Žs","042130017000","’zŠÙŽš‰‰º","38.739138","141.018474","0","1"
"04","‹{éŒ§","04213","ŒIŒ´Žs","042130018000","‹à¬’†’¬¼— ","38.812290","141.072626","0","1"
"04","‹{éŒ§","04213","ŒIŒ´Žs","042130019000","‹à¬ã’¬¼— ","38.809093","141.072127","0","1"
"04","‹{éŒ§","04213","ŒIŒ´Žs","042130020001","’zŠÙ‹{–ì’†‰›ˆê’š–Ú","38.747537","141.015608","0","3"
"04","‹{éŒ§","04213","ŒIŒ´Žs","042130020002","’zŠÙ‹{–ì’†‰›“ñ’š–Ú","38.748426","141.017625","0","3"
"04","‹{éŒ§","04213","ŒIŒ´Žs","042130020003","’zŠÙ‹{–ì’†‰›ŽO’š–Ú","38.747419","141.020056","0","3"
"04","‹{éŒ§","04213","ŒIŒ´Žs","042130021000","‹à¬‹à¶","38.797422","141.088499","0","1"
"04","‹{éŒ§","04213","ŒIŒ´Žs","042130022000","’zŠÙŽšŠO“ì‘ò","38.724539","141.029809","0","1"
"04","‹{éŒ§","04213","ŒIŒ´Žs","042130023001","’zŠÙˆÉ“¤ˆê’š–Ú","38.733934","141.024309","0","3"
"04","‹{éŒ§","04213","ŒIŒ´Žs","042130023002","’zŠÙˆÉ“¤“ñ’š–Ú","38.733419","141.027570","0","3"
"04","‹{éŒ§","04213","ŒIŒ´Žs","042130023003","’zŠÙˆÉ“¤ŽO’š–Ú","38.729975","141.028569","0","3"
"04","‹{éŒ§","04213","ŒIŒ´Žs","042130023004","’zŠÙˆÉ“¤Žl’š–Ú","38.730399","141.024334","0","3"
"04","‹{éŒ§","04213","ŒIŒ´Žs","042130024000","‹à¬‘ä”¨","38.814539","141.072377","0","1"
"04","‹{éŒ§","04213","ŒIŒ´Žs","042130025000","‹à¬’†’¬","38.811211","141.075483","0","1"
"04","‹{éŒ§","04213","ŒIŒ´Žs","042130026001","’zŠÙ‚“cˆê’š–Ú","38.724845","141.020308","0","3"
"04","‹{éŒ§","04213","ŒIŒ´Žs","042130026002","’zŠÙ‚“c“ñ’š–Ú","38.726214","141.023868","0","3"
"04","‹{éŒ§","04213","ŒIŒ´Žs","042130026003","’zŠÙ‚“cŽO’š–Ú","38.726942","141.028416","0","3"
"04","‹{éŒ§","04213","ŒIŒ´Žs","042130027001","’zŠÙ–òŽtˆê’š–Ú","38.730558","141.020711","0","3"
"04","‹{éŒ§","04213","ŒIŒ´Žs","042130027002","’zŠÙ–òŽt“ñ’š–Ú","38.731822","141.015639","0","3"
"04","‹{éŒ§","04213","ŒIŒ´Žs","042130027003","’zŠÙ–òŽtŽO’š–Ú","38.734750","141.017766","0","3"
"04","‹{éŒ§","04213","ŒIŒ´Žs","042130027004","’zŠÙ–òŽtŽl’š–Ú","38.734189","141.020767","0","3"
"04","‹{éŒ§","04213","ŒIŒ´Žs","042130028000","’zŠÙ“¡–Ø","38.737266","141.017728","0","1"
"04","‹{éŒ§","04213","ŒIŒ´Žs","042130029000","’zŠÙŽš“‚’|—Ñ","38.732797","141.002110","0","1"
"04","‹{éŒ§","04213","ŒIŒ´Žs","042130030000","’zŠÙŽš¼¬ŽR","38.727692","141.016407","0","1"
"04","‹{éŒ§","04213","ŒIŒ´Žs","042130031000","Žu”g•PVf’Ë","38.772496","141.094472","0","1"
"04","‹{éŒ§","04213","ŒIŒ´Žs","042130032000","’zŠÙŽšŠÙ‘ò","38.725068","141.017747","0","1"
"04","‹{éŒ§","04213","ŒIŒ´Žs","042130033000","’zŠÙ–òŽt‘ä","38.729614","141.016364","0","1"
"04","‹{éŒ§","04213","ŒIŒ´Žs","042130034000","Žu”g•PV”ª¾","38.752697","141.055904","0","1"
"04","‹{éŒ§","04213","ŒIŒ´Žs","042130035000","Žu”g•PŠÔ“à“Œ","38.749439","141.085564","0","1"
"04","‹{éŒ§","04213","ŒIŒ´Žs","042130036000","Žu”g•PŽÅ‚Ì˜e“ì","38.770127","141.111349","0","1"
"04","‹{éŒ§","04213","ŒIŒ´Žs","042130037000","’zŠÙŽš¬•£¼","38.733467","140.999455","0","1"
"04","‹{éŒ§","04213","ŒIŒ´Žs","042130038000","’zŠÙÂ–ì","38.735753","141.014080","0","1"
"04","‹{éŒ§","04213","ŒIŒ´Žs","042130039000","’zŠÙV“c","38.731929","141.009604","0","1"
"04","‹{éŒ§","04213","ŒIŒ´Žs","042130040000","‹à¬‘ò•Ó’¬","38.798240","141.060030","0","1"
"04","‹{éŒ§","04213","ŒIŒ´Žs","042130041000","Žu”g•P’†‰«","38.759402","141.044382","0","1"
"04","‹{éŒ§","04213","ŒIŒ´Žs","042130042000","Žu”g•P‰º‰«","38.760456","141.049165","0","1"
"04","‹{éŒ§","04213","ŒIŒ´Žs","042130043000","Žu”g•P‘ä“Œ","38.740122","141.069030","0","1"
"04","‹{éŒ§","04213","ŒIŒ´Žs","042130044000","’zŠÙŽš‹v“`","38.737640","141.010773","0","1"
"04","‹{éŒ§","04213","ŒIŒ´Žs","042130045000","Žu”g•Pé“à“ì","38.775413","141.097327","0","1"
"04","‹{éŒ§","04213","ŒIŒ´Žs","042130046000","’zŠÙŽš–òŽtƒ–‹u","38.729151","141.007907","0","1"
"04","‹{éŒ§","04213","ŒIŒ´Žs","042130047000","Žu”g•P“ì–xŒû","38.741030","141.042784","0","1"
"04","‹{éŒ§","04213","ŒIŒ´Žs","042130048000","Žu”g•PVãŒË","38.744562","141.075964","0","1"
"04","‹{éŒ§","04213","ŒIŒ´Žs","042130049000","Žu”g•PãŒË“ì","38.740127","141.075383","0","1"
"04","‹{éŒ§","04213","ŒIŒ´Žs","042130050000","Žu”g•P‚”¨‰Y","38.765557","141.064273","0","1"
"04","‹{éŒ§","04213","ŒIŒ´Žs","042130051000","’zŠÙ–ØŒË","38.732693","141.038720","0","1"
"04","‹{éŒ§","04213","ŒIŒ´Žs","042130052000","Žu”g•P‰Ôè“Œ","38.770241","141.080985","0","1"
"04","‹{éŒ§","04213","ŒIŒ´Žs","042130053000","’zŠÙŽš‘ò“ü","38.717623","141.020529","0","1"
"04","‹{éŒ§","04213","ŒIŒ´Žs","042130054000","Žu”g•PŒËè–k","38.764152","141.099799","0","1"
"04","‹{éŒ§","04213","ŒIŒ´Žs","042130055000","Žu”g•P–kˆÉ“¤–ì","38.773008","141.103879","0","1"
"04","‹{éŒ§","04213","ŒIŒ´Žs","042130056000","’zŠÙŽšŠI‘ò","38.697927","140.997251","0","1"
"04","‹{éŒ§","04213","ŒIŒ´Žs","042130057000","Žu”g•Pé“à–k","38.778472","141.106689","0","1"
"04","‹{éŒ§","04213","ŒIŒ´Žs","042130058000","Žu”g•PVŒ´","38.752698","141.071008","0","1"
"04","‹{éŒ§","04213","ŒIŒ´Žs","042130059000","Žu”g•P“ìˆÉ“¤–ì","38.768545","141.102652","0","1"
"04","‹{éŒ§","04213","ŒIŒ´Žs","042130060000","Žu”g•PVŠ •~","38.768437","141.053664","0","1"
"04","‹{éŒ§","04213","ŒIŒ´Žs","042130061000","Žu”g•P—vŠQ“Œ","38.771987","141.072726","0","1"
"04","‹{éŒ§","04213","ŒIŒ´Žs","042130062000","’zŠÙŒ¹Œõ","38.734151","141.031399","0","1"
"04","‹{éŒ§","04213","ŒIŒ´Žs","042130063000","Žu”g•P‘å–å“ì","38.757852","141.077527","0","1"
"04","‹{éŒ§","04213","ŒIŒ´Žs","042130064000","Žu”g•PŠÙ‰Y","38.763091","141.056287","0","1"
"04","‹{éŒ§","04213","ŒIŒ´Žs","042130065000","’zŠÙŽš‰º‘Òˆä","38.719909","141.027116","0","1"
"04","‹{éŒ§","04213","ŒIŒ´Žs","042130066000","Žu”g•PVŠÔŠC","38.762581","141.106455","0","1"
"04","‹{éŒ§","04213","ŒIŒ´Žs","042130067000","Žu”g•P‰¡•ô‰Y","38.739183","141.062396","0","1"
"04","‹{éŒ§","04213","ŒIŒ´Žs","042130068000","’zŠÙŽšV“c","38.730376","141.001556","0","1"
"04","‹{éŒ§","04213","ŒIŒ´Žs","042130069000","Žu”g•P‘ ê“ì","38.769363","141.064553","0","1"
"04","‹{éŒ§","04213","ŒIŒ´Žs","042130070000","Žu”g•PVÀè","38.750928","141.061441","0","1"
"04","‹{éŒ§","04213","ŒIŒ´Žs","042130071000","ŒI‹î—äè","38.774520","140.993684","0","1"
"04","‹{éŒ§","04213","ŒIŒ´Žs","042130072000","Žu”g•PŒËè“ì","38.757209","141.093685","0","1"
"04","‹{éŒ§","04213","ŒIŒ´Žs","042130073000","Žu”g•Pr’¬“ì","38.764568","141.091739","0","1"
"04","‹{éŒ§","04213","ŒIŒ´Žs","042130074000","’zŠÙŽš—¯ê","38.743026","141.019049","0","1"
"04","‹{éŒ§","04213","ŒIŒ´Žs","042130075000","’zŠÙŽšÔâ","38.721108","141.016216","0","1"
"04","‹{éŒ§","04213","ŒIŒ´Žs","042130076000","Žu”g•PV‹´–{","38.755974","141.083188","0","1"
"04","‹{éŒ§","04213","ŒIŒ´Žs","042130077000","Žu”g•P‰Ôè¼","38.765828","141.073573","0","1"
"04","‹{éŒ§","04213","ŒIŒ´Žs","042130078000","Žu”g•PV‘å’J’n","38.744531","141.060966","0","1"
"04","‹{éŒ§","04213","ŒIŒ´Žs","042130079000","Žu”g•PVŒF’J","38.746513","141.069835","0","1"
"04","‹{éŒ§","04213","ŒIŒ´Žs","042130080000","Žu”g•Pr’¬–k","38.771086","141.089618","0","1"
"04","‹{éŒ§","04213","ŒIŒ´Žs","042130081000","‹à¬V÷’¬","38.801802","141.076598","0","1"
"04","‹{éŒ§","04213","ŒIŒ´Žs","042130082000","‹à¬—œè","38.789743","141.068452","0","1"
"04","‹{éŒ§","04213","ŒIŒ´Žs","042130083000","Žu”g•P–k‹½","38.766603","141.088801","0","1"
"04","‹{éŒ§","04213","ŒIŒ´Žs","042130084000","Žu”g•P“ì”ª¾","38.744418","141.048482","0","1"
"04","‹{éŒ§","04213","ŒIŒ´Žs","042130085000","ŒI‹î“nŠÛ","38.774627","141.007167","0","1"
"04","‹{éŒ§","04213","ŒIŒ´Žs","042130086000","ŒI‹îò‘ò","38.780712","141.012087","0","1"
"04","‹{éŒ§","04213","ŒIŒ´Žs","042130087000","’zŠÙŽšé¶–ì","38.762234","141.034388","0","1"
"04","‹{éŒ§","04213","ŒIŒ´Žs","042130088000","ŒI‹îˆðšÁ","38.772225","140.984250","0","1"
"04","‹{éŒ§","04213","ŒIŒ´Žs","042130089000","‹à¬V‹à¶","38.802943","141.084515","0","1"
"04","‹{éŒ§","04213","ŒIŒ´Žs","042130090000","’zŠÙŽš’zŠÙV”ªƒc‘ò","38.697600","141.004404","0","1"
"04","‹{éŒ§","04213","ŒIŒ´Žs","042130091000","’zŠÙŽšr“c‘ò","38.722851","141.010506","0","1"
"04","‹{éŒ§","04213","ŒIŒ´Žs","042130092000","Žu”g•PˆÉ“¤–ì","38.779805","141.096737","0","1"
"04","‹{éŒ§","04213","ŒIŒ´Žs","042130093000","’zŠÙŽšã‚X","38.710178","140.970798","0","1"
"04","‹{éŒ§","04213","ŒIŒ´Žs","042130094000","’zŠÙŽš‰º‚X","38.716350","140.983862","0","1"
"04","‹{éŒ§","04213","ŒIŒ´Žs","042130095000","‹à¬¬’ç","38.804847","141.038011","0","1"
"04","‹{éŒ§","04213","ŒIŒ´Žs","042130096000","Žu”g•P–k–xŒû","38.742095","141.031837","0","1"
"04","‹{éŒ§","04213","ŒIŒ´Žs","042130097000","’zŠÙŽš’zŠÙŠI‘ò","38.691694","140.992819","0","1"
"04","‹{éŒ§","04213","ŒIŒ´Žs","042130098000","Žu”g•PÀè","38.757749","141.065238","0","1"
"04","‹{éŒ§","04213","ŒIŒ´Žs","042130099000","Žu”g•P–xŒû","38.752049","141.031820","0","1"
"04","‹{éŒ§","04213","ŒIŒ´Žs","042130100000","Žu”g•P”ª¾","38.753064","141.047049","0","1"
"04","‹{éŒ§","04213","ŒIŒ´Žs","042130101000","ŒI‹î—¢’J","38.833731","141.016849","0","1"
"04","‹{éŒ§","04213","ŒIŒ´Žs","042130102000","ŒI‹î•HÀ","38.796192","141.016655","0","1"
"04","‹{éŒ§","04213","ŒIŒ´Žs","042130103000","’zŠÙŽš‰º‹{–ì","38.753229","141.018849","0","1"
"04","‹{éŒ§","04213","ŒIŒ´Žs","042130104000","‹à¬‘åŒ´–Ø","38.812656","141.035941","0","1"
"04","‹{éŒ§","04213","ŒIŒ´Žs","042130105000","’zŠÙŽš”ª‘ò","38.696877","141.021522","0","1"
"04","‹{éŒ§","04213","ŒIŒ´Žs","042130106000","Žu”g•PŠ •~","38.774217","141.079110","0","1"
"04","‹{éŒ§","04213","ŒIŒ´Žs","042130107000","ŒI‹î”ª”¦","38.804739","140.998900","0","1"
"04","‹{éŒ§","04213","ŒIŒ´Žs","042130108000","‹à¬¬”—","38.812633","141.061093","0","1"
"04","‹{éŒ§","04213","ŒIŒ´Žs","042130109000","ŒI‹î÷“c","38.793006","140.997843","0","1"
"04","‹{éŒ§","04213","ŒIŒ´Žs","042130110000","‹à¬ŽoŽ•","38.782699","141.063539","0","1"
"04","‹{éŒ§","04213","ŒIŒ´Žs","042130111000","‹à¬“¡“nŒË","38.854681","141.093899","0","1"
"04","‹{éŒ§","04213","ŒIŒ´Žs","042130112000","ŒI‹îŠâƒPè","38.834153","140.990965","0","1"
"04","‹{éŒ§","04213","ŒIŒ´Žs","042130113000","ŒI‹î[’J","38.845413","141.033584","0","1"
"04","‹{éŒ§","04213","ŒIŒ´Žs","042130114000","‹à¬’Ã‹v–Ñ","38.822887","141.039383","0","1"
"04","‹{éŒ§","04213","ŒIŒ´Žs","042130115000","Žu”g•P“ì‹½","38.748804","141.099872","0","1"
"04","‹{éŒ§","04213","ŒIŒ´Žs","042130116000","‹à¬‘ò•Ó","38.796203","141.058876","0","1"
"04","‹{éŒ§","04213","ŒIŒ´Žs","042130117000","ŒI‹î‰Ž”ò—ˆ","38.816405","141.010385","0","1"
"04","‹{éŒ§","04213","ŒIŒ´Žs","042130118000","ŒI‹î’†–ì","38.836341","140.954785","0","1"
"04","‹{éŒ§","04213","ŒIŒ´Žs","042130119000","‹à¬–––ì","38.846169","141.116525","0","1"
"04","‹{éŒ§","04213","ŒIŒ´Žs","042130120000","‹à¬ÔŽ™","38.861398","141.063537","0","1"
"04","‹{éŒ§","04213","ŒIŒ´Žs","042130121000","ŒI‹î•ÐŽq‘ò","38.785892","140.970494","0","1"
"04","‹{éŒ§","04213","ŒIŒ´Žs","042130122000","‹à¬•Œ«“°","38.868554","141.040482","0","1"
"04","‹{éŒ§","04213","ŒIŒ´Žs","042130123000","Žá–ö—L‰ê","38.815813","141.099728","0","1"
"04","‹{éŒ§","04213","ŒIŒ´Žs","042130124000","‹à¬—L•Ç","38.865902","141.129419","0","1"
"04","‹{éŒ§","04213","ŒIŒ´Žs","042130125000","ŒI‹îˆî‰®•~","38.826067","140.960127","0","1"
"04","‹{éŒ§","04213","ŒIŒ´Žs","042130126000","Žá–ö•‘™","38.801668","141.125930","0","1"
"04","‹{éŒ§","04213","ŒIŒ´Žs","042130127000","‹à¬•Ð”n‡","38.872234","141.089176","0","1"
"04","‹{éŒ§","04213","ŒIŒ´Žs","042130128000","ˆê”—^â","38.744145","140.942198","0","1"
"04","‹{éŒ§","04213","ŒIŒ´Žs","042130129000","ŒI‹î¼‘q","38.854010","140.957363","0","1"
"04","‹{éŒ§","04213","ŒIŒ´Žs","042130130000","‹à¬","38.824202","141.070064","0","1"
"04","‹{éŒ§","04213","ŒIŒ´Žs","042130131000","ˆê”—–ö–Ú","38.716698","140.968822","0","1"
"04","‹{éŒ§","04213","ŒIŒ´Žs","042130132000","ŒI‹î’¹‘ò","38.857510","141.004826","0","1"
"04","‹{éŒ§","04213","ŒIŒ´Žs","042130133000","‚´…","38.660339","141.003640","0","1"
"04","‹{éŒ§","04213","ŒIŒ´Žs","042130134000","Žá–ö","38.760503","141.131081","0","1"
"04","‹{éŒ§","04213","ŒIŒ´Žs","042130135000","éò‘ò","38.813086","140.932316","0","1"
"04","‹{éŒ§","04213","ŒIŒ´Žs","042130136000","£•ô","38.661356","141.052324","0","1"
"04","‹{éŒ§","04213","ŒIŒ´Žs","042130137000","ˆê”—","38.752390","140.872469","0","1"
"04","‹{éŒ§","04213","ŒIŒ´Žs","042130138000","ŒI‹î•¶Žš","38.856781","140.867317","0","1"
"04","‹{éŒ§","04213","ŒIŒ´Žs","042130139000","ŒI‹îÀ‘q","38.914641","140.851516","0","1"
"04","‹{éŒ§","04213","ŒIŒ´Žs","042130140000","‰ÔŽR","38.855095","140.779739","0","1"
"04","‹{éŒ§","04213","ŒIŒ´Žs","042130141000","ŒI‹îŒIŒ´","38.789393","141.029682","0","1"
"04","‹{éŒ§","04213","ŒIŒ´Žs","042130142000","’zŠÙ","38.764460","141.009003","0","1"
"04","‹{éŒ§","04213","ŒIŒ´Žs","042130143000","’zŠÙŽšÆ‰z","38.708658","141.013073","0","1"
"04","‹{éŒ§","04213","ŒIŒ´Žs","042130144000","’zŠÙŽš”‹‘ò","38.733808","141.051198","0","1"
"04","‹{éŒ§","04214","“Œ¼“‡Žs","042140001001","V“Œ–¼ˆê’š–Ú","38.373064","141.143358","0","3"
"04","‹{éŒ§","04214","“Œ¼“‡Žs","042140001002","V“Œ–¼“ñ’š–Ú","38.371957","141.145898","0","3"
"04","‹{éŒ§","04214","“Œ¼“‡Žs","042140001003","V“Œ–¼ŽO’š–Ú","38.370763","141.146055","0","3"
"04","‹{éŒ§","04214","“Œ¼“‡Žs","042140001004","V“Œ–¼Žl’š–Ú","38.371274","141.140281","0","3"
"04","‹{éŒ§","04214","“Œ¼“‡Žs","042140002000","‚¼","38.421753","141.155935","0","1"
"04","‹{éŒ§","04214","“Œ¼“‡Žs","042140003000","‘å’Ë","38.362153","141.141314","0","1"
"04","‹{éŒ§","04214","“Œ¼“‡Žs","042140004000","¬–ì","38.404253","141.162182","0","1"
"04","‹{éŒ§","04214","“Œ¼“‡Žs","042140005000","V“c","38.426347","141.148050","0","1"
"04","‹{éŒ§","04214","“Œ¼“‡Žs","042140006000","•lŽs","38.385833","141.178045","0","1"
"04","‹{éŒ§","04214","“Œ¼“‡Žs","042140007000","ªŒÃ","38.416005","141.165032","0","1"
"04","‹{éŒ§","04214","“Œ¼“‡Žs","042140008000","ì‰º","38.411671","141.138481","0","1"
"04","‹{éŒ§","04214","“Œ¼“‡Žs","042140009000","óˆä","38.395215","141.142530","0","1"
"04","‹{éŒ§","04214","“Œ¼“‡Žs","042140010000","‹–Ô","38.398035","141.182166","0","1"
"04","‹{éŒ§","04214","“Œ¼“‡Žs","042140011000","¼•Ÿ“c","38.434088","141.130985","0","1"
"04","‹{éŒ§","04214","“Œ¼“‡Žs","042140012000","ã‰º’ç","38.404237","141.115387","0","1"
"04","‹{éŒ§","04214","“Œ¼“‡Žs","042140013000","‹{ŒË","38.338859","141.154141","0","1"
"04","‹{éŒ§","04214","“Œ¼“‡Žs","042140014000","–ì•f","38.374479","141.160005","0","1"
"04","‹{éŒ§","04214","“Œ¼“‡Žs","042140015000","Ôˆä","38.443368","141.232141","0","1"
"04","‹{éŒ§","04214","“Œ¼“‡Žs","042140016000","‘å‰–","38.432440","141.169142","0","1"
"04","‹{éŒ§","04214","“Œ¼“‡Žs","042140017001","‚ ‚¨‚¢ˆê’š–Ú","38.428403","141.218819","0","3"
"04","‹{éŒ§","04214","“Œ¼“‡Žs","042140017002","‚ ‚¨‚¢“ñ’š–Ú","38.429319","141.221520","0","3"
"04","‹{éŒ§","04214","“Œ¼“‡Žs","042140017003","‚ ‚¨‚¢ŽO’š–Ú","38.430182","141.224251","0","3"
"04","‹{éŒ§","04214","“Œ¼“‡Žs","042140018000","–î–{","38.411566","141.208337","0","1"
"04","‹{éŒ§","04214","“Œ¼“‡Žs","042140019000","¬¼","38.432015","141.204349","0","1"
"04","‹{éŒ§","04214","“Œ¼“‡Žs","042140020000","‘å‹È","38.425314","141.232704","0","1"
"04","‹{éŒ§","04214","“Œ¼“‡Žs","042140021001","–ì•fƒP‹uˆê’š–Ú","38.379408","141.155618","0","3"
"04","‹{éŒ§","04214","“Œ¼“‡Žs","042140021002","–ì•fƒP‹u“ñ’š–Ú","38.376355","141.148884","0","3"
"04","‹{éŒ§","04214","“Œ¼“‡Žs","042140021003","–ì•fƒP‹uŽO’š–Ú","38.376283","141.143103","0","3"
"04","‹{éŒ§","04214","“Œ¼“‡Žs","042140022001","‚Ý‚»‚çˆê’š–Ú","38.409392","141.238452","1","3"
"04","‹{éŒ§","04214","“Œ¼“‡Žs","042140022002","‚Ý‚»‚ç“ñ’š–Ú","38.412374","141.243248","1","3"
"04","‹{éŒ§","04215","‘åèŽs","042150150000","ŠâoŽR","38.701878","140.924155","0","1"
"04","‹{éŒ§","04215","‘åèŽs","042150131000","ŠâoŽR‰ºˆêŒI","38.687700","140.859595","0","1"
"04","‹{éŒ§","04215","‘åèŽs","042150146000","ŠâoŽR‰º–ì–Ú","38.639316","140.899970","0","1"
"04","‹{éŒ§","04215","‘åèŽs","042150142000","ŠâoŽRã–ì–Ú","38.671730","140.884257","0","1"
"04","‹{éŒ§","04215","‘åèŽs","042150149000","ŠâoŽR’rŒŽ","38.712534","140.838088","0","1"
"04","‹{éŒ§","04215","‘åèŽs","042150148000","ŠâoŽR“ì‘ò","38.655425","140.821658","0","1"
"04","‹{éŒ§","04215","‘åèŽs","042150080000","ŒÃì","38.583095","140.943366","0","1"
"04","‹{éŒ§","04215","‘åèŽs","042150013001","ŒÃìˆ®ˆê’š–Ú","38.568996","140.972563","0","3"
"04","‹{éŒ§","04215","‘åèŽs","042150013002","ŒÃìˆ®“ñ’š–Ú","38.566129","140.972097","0","3"
"04","‹{éŒ§","04215","‘åèŽs","042150013003","ŒÃìˆ®ŽO’š–Ú","38.568635","140.975776","0","3"
"04","‹{éŒ§","04215","‘åèŽs","042150013004","ŒÃìˆ®Žl’š–Ú","38.565058","140.974129","0","3"
"04","‹{éŒ§","04215","‘åèŽs","042150013005","ŒÃìˆ®ŒÜ’š–Ú","38.567699","140.978160","0","3"
"04","‹{éŒ§","04215","‘åèŽs","042150013006","ŒÃìˆ®˜Z’š–Ú","38.566214","140.978826","0","3"
"04","‹{éŒ§","04215","‘åèŽs","042150046000","ŒÃìˆî—t","38.554193","140.950212","0","1"
"04","‹{éŒ§","04215","‘åèŽs","042150026001","ŒÃìˆî—tˆê’š–Ú","38.558548","140.951244","0","3"
"04","‹{éŒ§","04215","‘åèŽs","042150026002","ŒÃìˆî—t“ñ’š–Ú","38.556072","140.952012","0","3"
"04","‹{éŒ§","04215","‘åèŽs","042150026003","ŒÃìˆî—tŽO’š–Ú","38.557088","140.954162","0","3"
"04","‹{éŒ§","04215","‘åèŽs","042150026004","ŒÃìˆî—tŽl’š–Ú","38.554625","140.955955","0","3"
"04","‹{éŒ§","04215","‘åèŽs","042150094000","ŒÃìˆø“c","38.541941","140.899444","0","1"
"04","‹{éŒ§","04215","‘åèŽs","042150128000","ŒÃì‰J¶‘ò","38.644948","140.932800","0","1"
"04","‹{éŒ§","04215","‘åèŽs","042150008000","ŒÃì‰Y’¬","38.577380","140.959153","0","1"
"04","‹{éŒ§","04215","‘åèŽs","042150041000","ŒÃì‰h’¬","38.567838","140.949096","0","1"
"04","‹{éŒ§","04215","‘åèŽs","042150005001","ŒÃì‰w‘O‘å’Êˆê’š–Ú","38.571710","140.965664","0","3"
"04","‹{éŒ§","04215","‘åèŽs","042150005002","ŒÃì‰w‘O‘å’Ê“ñ’š–Ú","38.572777","140.966078","0","3"
"04","‹{éŒ§","04215","‘åèŽs","042150005003","ŒÃì‰w‘O‘å’ÊŽO’š–Ú","38.573836","140.966829","0","3"
"04","‹{éŒ§","04215","‘åèŽs","042150005004","ŒÃì‰w‘O‘å’ÊŽl’š–Ú","38.575447","140.965973","0","3"
"04","‹{éŒ§","04215","‘åèŽs","042150005005","ŒÃì‰w‘O‘å’ÊŒÜ’š–Ú","38.576994","140.966463","0","3"
"04","‹{éŒ§","04215","‘åèŽs","042150005006","ŒÃì‰w‘O‘å’Ê˜Z’š–Ú","38.579020","140.967092","0","3"
"04","‹{éŒ§","04215","‘åèŽs","042150018001","ŒÃì‰w“Œˆê’š–Ú","38.571524","140.972008","0","3"
"04","‹{éŒ§","04215","‘åèŽs","042150018002","ŒÃì‰w“Œ“ñ’š–Ú","38.573626","140.971668","0","3"
"04","‹{éŒ§","04215","‘åèŽs","042150018003","ŒÃì‰w“ŒŽO’š–Ú","38.572903","140.976269","0","3"
"04","‹{éŒ§","04215","‘åèŽs","042150018004","ŒÃì‰w“ŒŽl’š–Ú","38.570450","140.978644","0","3"
"04","‹{éŒ§","04215","‘åèŽs","042150014001","ŒÃì‰w“ìˆê’š–Ú","38.569313","140.969521","0","3"
"04","‹{éŒ§","04215","‘åèŽs","042150014002","ŒÃì‰w“ì“ñ’š–Ú","38.567730","140.968981","0","3"
"04","‹{éŒ§","04215","‘åèŽs","042150014003","ŒÃì‰w“ìŽO’š–Ú","38.566183","140.968650","0","3"
"04","‹{éŒ§","04215","‘åèŽs","042150053000","ŒÃì‰º’J’n","38.571916","141.009839","0","1"
"04","‹{éŒ§","04215","‘åèŽs","042150115000","ŒÃì‰º’†–Ú","38.541721","141.008412","0","1"
"04","‹{éŒ§","04215","‘åèŽs","042150078000","ŒÃì‹x’Ë","38.595786","140.979883","0","1"
"04","‹{éŒ§","04215","‘åèŽs","042150001000","ŒÃì‹{‘Ü","38.586634","140.949843","0","1"
"04","‹{éŒ§","04215","‘åèŽs","042150130000","ŒÃì‹{‘ò","38.628963","140.937802","0","1"
"04","‹{éŒ§","04215","‘åèŽs","042150065000","ŒÃì‹{“à","38.550579","140.969362","0","1"
"04","‹{éŒ§","04215","‘åèŽs","042150050000","ŒÃì‹«–ì‹{","38.552892","140.959296","0","1"
"04","‹{éŒ§","04215","‘åèŽs","042150032001","ŒÃì‹àŒÜ—Öˆê’š–Ú","38.560133","140.958423","0","3"
"04","‹{éŒ§","04215","‘åèŽs","042150032002","ŒÃì‹àŒÜ—Ö“ñ’š–Ú","38.558107","140.960036","0","3"
"04","‹{éŒ§","04215","‘åèŽs","042150082000","ŒÃìŒKj","38.552548","141.013833","0","1"
"04","‹{éŒ§","04215","‘åèŽs","042150069000","ŒÃìŒÏ’Ë","38.605334","140.983579","0","1"
"04","‹{éŒ§","04215","‘åèŽs","042150019001","ŒÃìK’¬ˆê’š–Ú","38.575872","140.968348","0","3"
"04","‹{éŒ§","04215","‘åèŽs","042150019002","ŒÃìK’¬“ñ’š–Ú","38.578898","140.969207","0","3"
"04","‹{éŒ§","04215","‘åèŽs","042150153000","ŒÃì]‡","38.588210","140.972944","0","1"
"04","‹{éŒ§","04215","‘åèŽs","042150012001","ŒÃì]‡‹Ñ’¬ˆê’š–Ú","38.583191","140.969470","0","3"
"04","‹{éŒ§","04215","‘åèŽs","042150012002","ŒÃì]‡‹Ñ’¬“ñ’š–Ú","38.585899","140.969667","0","3"
"04","‹{éŒ§","04215","‘åèŽs","042150012003","ŒÃì]‡‹Ñ’¬ŽO’š–Ú","38.584909","140.971230","0","3"
"04","‹{éŒ§","04215","‘åèŽs","042150010001","ŒÃì]‡Žõ’¬ˆê’š–Ú","38.585515","140.965187","0","3"
"04","‹{éŒ§","04215","‘åèŽs","042150010002","ŒÃì]‡Žõ’¬“ñ’š–Ú","38.587691","140.965228","0","3"
"04","‹{éŒ§","04215","‘åèŽs","042150010003","ŒÃì]‡Žõ’¬ŽO’š–Ú","38.586649","140.967337","0","3"
"04","‹{éŒ§","04215","‘åèŽs","042150034001","ŒÃì]‡–{’¬ˆê’š–Ú","38.588807","140.968175","0","3"
"04","‹{éŒ§","04215","‘åèŽs","042150034002","ŒÃì]‡–{’¬“ñ’š–Ú","38.588186","140.971949","0","3"
"04","‹{éŒ§","04215","‘åèŽs","042150034003","ŒÃì]‡–{’¬ŽO’š–Ú","38.591896","140.970058","0","3"
"04","‹{éŒ§","04215","‘åèŽs","042150007000","ŒÃìrì¬‹à’¬","38.572926","140.958754","0","1"
"04","‹{éŒ§","04215","‘åèŽs","042150088000","ŒÃìr’J","38.612295","140.977462","0","1"
"04","‹{éŒ§","04215","‘åèŽs","042150066000","ŒÃìr“c–Ú","38.584950","140.903386","0","1"
"04","‹{éŒ§","04215","‘åèŽs","042150060000","ŒÃìÖ‰º","38.598727","140.892233","0","1"
"04","‹{éŒ§","04215","‘åèŽs","042150109000","ŒÃì÷ƒm–Ú","38.602441","140.951007","0","1"
"04","‹{éŒ§","04215","‘åèŽs","042150006001","ŒÃìŽO“ú’¬ˆê’š–Ú","38.574622","140.955783","0","3"
"04","‹{éŒ§","04215","‘åèŽs","042150006002","ŒÃìŽO“ú’¬“ñ’š–Ú","38.573000","140.955473","0","3"
"04","‹{éŒ§","04215","‘åèŽs","042150114000","ŒÃìŽtŽR","38.544102","140.973865","0","1"
"04","‹{éŒ§","04215","‘åèŽs","042150055000","ŒÃìŽ¨Žæ","38.582127","140.879949","0","1"
"04","‹{éŒ§","04215","‘åèŽs","042150025000","ŒÃìŽµ“ú’¬","38.576501","140.956958","0","1"
"04","‹{éŒ§","04215","‘åèŽs","042150024001","ŒÃìŽá—t’¬ˆê’š–Ú","38.588491","140.951293","0","3"
"04","‹{éŒ§","04215","‘åèŽs","042150024002","ŒÃìŽá—t’¬“ñ’š–Ú","38.590754","140.953963","0","3"
"04","‹{éŒ§","04215","‘åèŽs","042150015000","ŒÃì\“ú’¬","38.575640","140.960509","0","1"
"04","‹{éŒ§","04215","‘åèŽs","042150083000","ŒÃìaˆä","38.580555","140.915893","0","1"
"04","‹{éŒ§","04215","‘åèŽs","042150037000","ŒÃì¬ˆî—t’¬","38.568349","140.952173","0","1"
"04","‹{éŒ§","04215","‘åèŽs","042150076000","ŒÃì¬ò","38.595709","140.942518","0","1"
"04","‹{éŒ§","04215","‘åèŽs","042150135000","ŒÃì¬–ì","38.629370","140.985080","0","1"
"04","‹{éŒ§","04215","‘åèŽs","042150105000","ŒÃì¬—Ñ","38.611655","140.937857","0","1"
"04","‹{éŒ§","04215","‘åèŽs","042150049000","ŒÃìã’†–Ú","38.572428","140.901855","0","1"
"04","‹{éŒ§","04215","‘åèŽs","042150079000","ŒÃìãšÁ","38.579883","140.997076","0","1"
"04","‹{éŒ§","04215","‘åèŽs","042150021001","ŒÃìé¼ˆê’š–Ú","38.576211","140.948184","0","3"
"04","‹{éŒ§","04215","‘åèŽs","042150021002","ŒÃìé¼“ñ’š–Ú","38.578378","140.947340","0","3"
"04","‹{éŒ§","04215","‘åèŽs","042150072000","ŒÃìVÀ","38.548303","140.924708","0","1"
"04","‹{éŒ§","04215","‘åèŽs","042150124000","ŒÃìV“c","38.593589","140.922097","1","1"
"04","‹{éŒ§","04215","‘åèŽs","042150057000","ŒÃìV–x","38.577801","140.892067","0","1"
"04","‹{éŒ§","04215","‘åèŽs","042150068000","ŒÃì[À","38.558467","140.996191","0","1"
"04","‹{éŒ§","04215","‘åèŽs","042150028001","ŒÃìz–Kˆê’š–Ú","38.580313","140.951486","0","3"
"04","‹{éŒ§","04215","‘åèŽs","042150028002","ŒÃìz–K“ñ’š–Ú","38.581656","140.949430","0","3"
"04","‹{éŒ§","04215","‘åèŽs","042150028003","ŒÃìz–KŽO’š–Ú","38.584340","140.950050","0","3"
"04","‹{éŒ§","04215","‘åèŽs","042150127000","ŒÃì´…","38.618708","140.909583","0","1"
"04","‹{éŒ§","04215","‘åèŽs","042150134000","ŒÃì´…‘ò","38.651744","140.977076","0","1"
"04","‹{éŒ§","04215","‘åèŽs","042150123000","ŒÃì´‘ê","38.670625","140.947591","0","1"
"04","‹{éŒ§","04215","‘åèŽs","042150011001","ŒÃì¼ŠÙˆê’š–Ú","38.574620","140.953738","0","3"
"04","‹{éŒ§","04215","‘åèŽs","042150011002","ŒÃì¼ŠÙ“ñ’š–Ú","38.574147","140.951946","0","3"
"04","‹{éŒ§","04215","‘åèŽs","042150011003","ŒÃì¼ŠÙŽO’š–Ú","38.573207","140.948910","0","3"
"04","‹{éŒ§","04215","‘åèŽs","042150095000","ŒÃì¼rˆä","38.556911","140.933909","1","1"
"04","‹{éŒ§","04215","‘åèŽs","042150086000","ŒÃìÎX","38.547644","140.994492","0","1"
"04","‹{éŒ§","04215","‘åèŽs","042150029001","ŒÃìçŽèŽ›’¬ˆê’š–Ú","38.579778","140.954254","0","3"
"04","‹{éŒ§","04215","‘åèŽs","042150029002","ŒÃìçŽèŽ›’¬“ñ’š–Ú","38.579925","140.956839","0","3"
"04","‹{éŒ§","04215","‘åèŽs","042150101000","ŒÃììŒF","38.622594","140.957135","0","1"
"04","‹{éŒ§","04215","‘åèŽs","042150004000","ŒÃìì’[","38.574752","140.957890","0","1"
"04","‹{éŒ§","04215","‘åèŽs","042150031000","ŒÃì‘O“c’¬","38.579627","140.959885","0","1"
"04","‹{éŒ§","04215","‘åèŽs","042150022000","ŒÃì‘ä’¬","38.574418","140.962926","0","1"
"04","‹{éŒ§","04215","‘åèŽs","042150016001","ŒÃì‘å‹{ˆê’š–Ú","38.582798","140.956647","0","3"
"04","‹{éŒ§","04215","‘åèŽs","042150016002","ŒÃì‘å‹{“ñ’š–Ú","38.584699","140.953125","0","3"
"04","‹{éŒ§","04215","‘åèŽs","042150016003","ŒÃì‘å‹{ŽO’š–Ú","38.587039","140.953863","0","3"
"04","‹{éŒ§","04215","‘åèŽs","042150016004","ŒÃì‘å‹{Žl’š–Ú","38.584667","140.957871","0","3"
"04","‹{éŒ§","04215","‘åèŽs","042150016005","ŒÃì‘å‹{ŒÜ’š–Ú","38.582739","140.959676","0","3"
"04","‹{éŒ§","04215","‘åèŽs","042150016006","ŒÃì‘å‹{˜Z’š–Ú","38.585608","140.961467","0","3"
"04","‹{éŒ§","04215","‘åèŽs","042150016007","ŒÃì‘å‹{Žµ’š–Ú","38.586838","140.958553","0","3"
"04","‹{éŒ§","04215","‘åèŽs","042150016008","ŒÃì‘å‹{”ª’š–Ú","38.588431","140.956544","0","3"
"04","‹{éŒ§","04215","‘åèŽs","042150126000","ŒÃì‘åè","38.603060","140.904001","0","1"
"04","‹{éŒ§","04215","‘åèŽs","042150054000","ŒÃì‘å”¦","38.560149","140.969705","0","1"
"04","‹{éŒ§","04215","‘åèŽs","042150102000","ŒÃì‘ò“c","38.601305","140.968698","0","1"
"04","‹{éŒ§","04215","‘åèŽs","042150096000","ŒÃì’†‘ò","38.534747","140.912102","0","1"
"04","‹{éŒ§","04215","‘åèŽs","042150039000","ŒÃì’†“‡’¬","38.563366","140.957445","0","1"
"04","‹{éŒ§","04215","‘åèŽs","042150003000","ŒÃì’†—¢","38.564601","140.969000","0","1"
"04","‹{éŒ§","04215","‘åèŽs","042150035001","ŒÃì’†—¢ˆê’š–Ú","38.572865","140.961469","0","3"
"04","‹{éŒ§","04215","‘åèŽs","042150035002","ŒÃì’†—¢“ñ’š–Ú","38.569192","140.960658","0","3"
"04","‹{éŒ§","04215","‘åèŽs","042150035003","ŒÃì’†—¢ŽO’š–Ú","38.565354","140.961004","0","3"
"04","‹{éŒ§","04215","‘åèŽs","042150035004","ŒÃì’†—¢Žl’š–Ú","38.561118","140.961520","0","3"
"04","‹{éŒ§","04215","‘åèŽs","042150035005","ŒÃì’†—¢ŒÜ’š–Ú","38.563473","140.963902","0","3"
"04","‹{éŒ§","04215","‘åèŽs","042150035006","ŒÃì’†—¢˜Z’š–Ú","38.568560","140.964835","0","3"
"04","‹{éŒ§","04215","‘åèŽs","042150063000","ŒÃì’·‰ª","38.618564","140.962185","0","1"
"04","‹{éŒ§","04215","‘åèŽs","042150067000","ŒÃì’·‰ªj","38.593892","141.005077","0","1"
"04","‹{éŒ§","04215","‘åèŽs","042150106000","ŒÃì’Ë–Ú","38.571758","140.930138","1","1"
"04","‹{éŒ§","04215","‘åèŽs","042150081000","ŒÃì’ßƒPšÁ","38.571881","140.990036","0","1"
"04","‹{éŒ§","04215","‘åèŽs","042150084000","ŒÃì’çª","38.538824","140.903221","0","1"
"04","‹{éŒ§","04215","‘åèŽs","042150009000","ŒÃì“Œ’¬","38.575878","140.963338","0","1"
"04","‹{éŒ§","04215","‘åèŽs","042150030000","ŒÃì“ìV’¬","38.567576","140.957459","0","1"
"04","‹{éŒ§","04215","‘åèŽs","042150056000","ŒÃì“ì‘ò","38.598717","140.886091","0","1"
"04","‹{éŒ§","04215","‘åèŽs","042150017001","ŒÃì“ì’¬ˆê’š–Ú","38.571924","140.955932","0","3"
"04","‹{éŒ§","04215","‘åèŽs","042150017002","ŒÃì“ì’¬“ñ’š–Ú","38.570650","140.956863","0","3"
"04","‹{éŒ§","04215","‘åèŽs","042150017003","ŒÃì“ì’¬ŽO’š–Ú","38.568215","140.954955","0","3"
"04","‹{éŒ§","04215","‘åèŽs","042150017004","ŒÃì“ì’¬Žl’š–Ú","38.571027","140.950261","0","3"
"04","‹{éŒ§","04215","‘åèŽs","042150038000","ŒÃì“ñƒm\","38.577311","140.952192","0","1"
"04","‹{éŒ§","04215","‘åèŽs","042150075000","ŒÃì”nŠñ","38.560997","140.982100","0","1"
"04","‹{éŒ§","04215","‘åèŽs","042150062000","ŒÃì”n‹ù","38.580078","141.010122","0","1"
"04","‹{éŒ§","04215","‘åèŽs","042150073000","ŒÃì”n•ú","38.601995","140.997863","0","1"
"04","‹{éŒ§","04215","‘åèŽs","042150089000","ŒÃì”è","38.587120","140.885307","0","1"
"04","‹{éŒ§","04215","‘åèŽs","042150119000","ŒÃì”Ñì","38.562441","140.919919","0","1"
"04","‹{éŒ§","04215","‘åèŽs","042150090000","ŒÃì•x’·","38.590068","140.993135","0","1"
"04","‹{éŒ§","04215","‘åèŽs","042150047000","ŒÃì•Ÿ‰Y","38.592944","140.958594","0","1"
"04","‹{éŒ§","04215","‘åèŽs","042150020001","ŒÃì•Ÿ‰Yˆê’š–Ú","38.588736","140.962045","0","3"
"04","‹{éŒ§","04215","‘åèŽs","042150020002","ŒÃì•Ÿ‰Y“ñ’š–Ú","38.590417","140.963488","0","3"
"04","‹{éŒ§","04215","‘åèŽs","042150020003","ŒÃì•Ÿ‰YŽO’š–Ú","38.592456","140.965956","0","3"
"04","‹{éŒ§","04215","‘åèŽs","042150042001","ŒÃì•ŸÀˆê’š–Ú","38.583642","140.974274","0","3"
"04","‹{éŒ§","04215","‘åèŽs","042150042002","ŒÃì•ŸÀ“ñ’š–Ú","38.578765","140.979119","0","3"
"04","‹{éŒ§","04215","‘åèŽs","042150042003","ŒÃì•ŸÀŽO’š–Ú","38.577869","140.975113","0","3"
"04","‹{éŒ§","04215","‘åèŽs","042150044000","ŒÃì•Ä‘q","38.566670","140.935510","1","1"
"04","‹{éŒ§","04215","‘åèŽs","042150051000","ŒÃì•Ä‘Ü","38.547105","140.952598","0","1"
"04","‹{éŒ§","04215","‘åèŽs","042150087000","ŒÃì•Û–ö","38.581790","140.899057","0","1"
"04","‹{éŒ§","04215","‘åèŽs","042150033001","ŒÃì•ä”gˆê’š–Ú","38.570959","140.944503","0","3"
"04","‹{éŒ§","04215","‘åèŽs","042150033002","ŒÃì•ä”g“ñ’š–Ú","38.568335","140.944978","0","3"
"04","‹{éŒ§","04215","‘åèŽs","042150033003","ŒÃì•ä”gŽO’š–Ú","38.563948","140.945767","0","3"
"04","‹{éŒ§","04215","‘åèŽs","042150033004","ŒÃì•ä”gŽl’š–Ú","38.559428","140.942476","0","3"
"04","‹{éŒ§","04215","‘åèŽs","042150033005","ŒÃì•ä”gŒÜ’š–Ú","38.561838","140.939808","0","3"
"04","‹{éŒ§","04215","‘åèŽs","042150033006","ŒÃì•ä”g˜Z’š–Ú","38.565199","140.940567","0","3"
"04","‹{éŒ§","04215","‘åèŽs","042150033007","ŒÃì•ä”gŽµ’š–Ú","38.568034","140.940479","0","3"
"04","‹{éŒ§","04215","‘åèŽs","042150033008","ŒÃì•ä”g”ª’š–Ú","38.570849","140.940056","0","3"
"04","‹{éŒ§","04215","‘åèŽs","042150036001","ŒÃì–kˆî—tˆê’š–Ú","38.564533","140.953701","0","3"
"04","‹{éŒ§","04215","‘åèŽs","042150036002","ŒÃì–kˆî—t“ñ’š–Ú","38.561692","140.953783","0","3"
"04","‹{éŒ§","04215","‘åèŽs","042150036003","ŒÃì–kˆî—tŽO’š–Ú","38.562808","140.949933","0","3"
"04","‹{éŒ§","04215","‘åèŽs","042150139000","ŒÃì–k‹{‘ò","38.658254","140.933774","0","1"
"04","‹{éŒ§","04215","‘åèŽs","042150023001","ŒÃì–k’¬ˆê’š–Ú","38.577646","140.962734","0","3"
"04","‹{éŒ§","04215","‘åèŽs","042150023002","ŒÃì–k’¬“ñ’š–Ú","38.579167","140.963575","0","3"
"04","‹{éŒ§","04215","‘åèŽs","042150023003","ŒÃì–k’¬ŽO’š–Ú","38.581342","140.964065","0","3"
"04","‹{éŒ§","04215","‘åèŽs","042150023004","ŒÃì–k’¬Žl’š–Ú","38.582852","140.962713","0","3"
"04","‹{éŒ§","04215","‘åèŽs","042150023005","ŒÃì–k’¬ŒÜ’š–Ú","38.581876","140.967634","0","3"
"04","‹{éŒ§","04215","‘åèŽs","042150002000","ŒÃì–ªŒûÀ","38.564835","140.969953","0","1"
"04","‹{éŒ§","04215","‘åèŽs","042150091000","ŒÃì–î–Ú","38.556666","140.909417","0","1"
"04","‹{éŒ§","04215","‘åèŽs","042150048000","ŒÃì—›šÁ","38.571798","140.983874","0","1"
"04","‹{éŒ§","04215","‘åèŽs","042150027001","ŒÃì—›šÁˆê’š–Ú","38.577567","140.971402","0","3"
"04","‹{éŒ§","04215","‘åèŽs","042150027002","ŒÃì—›šÁ“ñ’š–Ú","38.575183","140.976290","0","3"
"04","‹{éŒ§","04215","‘åèŽs","042150027003","ŒÃì—›šÁŽO’š–Ú","38.572918","140.980156","0","3"
"04","‹{éŒ§","04215","‘åèŽs","042150077000","ŒÃìž¾–Ø","38.554195","140.978813","0","1"
"04","‹{éŒ§","04215","‘åèŽs","042150071000","ŒÃìŸºK","38.585590","140.981296","0","1"
"04","‹{éŒ§","04215","‘åèŽs","042150121000","ŽO–{–Ø","38.523744","140.941885","0","1"
"04","‹{éŒ§","04215","‘åèŽs","042150125000","ŽO–{–ØˆÉ‰ê","38.496914","140.929834","0","1"
"04","‹{éŒ§","04215","‘åèŽs","042150137000","ŽO–{–ØˆÉê–ì","38.516228","140.991522","0","1"
"04","‹{éŒ§","04215","‘åèŽs","042150117000","ŽO–{–Ø‰¹–³","38.504930","140.906113","0","1"
"04","‹{éŒ§","04215","‘åèŽs","042150103000","ŽO–{–Ø‹aƒP‘Ü","38.510893","140.925726","0","1"
"04","‹{éŒ§","04215","‘åèŽs","042150132000","ŽO–{–ØŒKÜ","38.513176","140.952101","0","1"
"04","‹{éŒ§","04215","‘åèŽs","042150070000","ŽO–{–Ø‚–ö","38.545548","140.939845","0","1"
"04","‹{éŒ§","04215","‘åèŽs","042150097000","ŽO–{–Øâ–{","38.516660","140.912636","0","1"
"04","‹{éŒ§","04215","‘åèŽs","042150104000","ŽO–{–ØH“c","38.511972","140.975561","0","1"
"04","‹{éŒ§","04215","‘åèŽs","042150064000","ŽO–{–ØãˆÉê–ì","38.532762","140.978661","0","1"
"04","‹{éŒ§","04215","‘åèŽs","042150120000","ŽO–{–ØVÀ","38.533408","140.927653","0","1"
"04","‹{éŒ§","04215","‘åèŽs","042150040001","ŽO–{–ØV’¬ˆê’š–Ú","38.519336","140.933092","0","3"
"04","‹{éŒ§","04215","‘åèŽs","042150040002","ŽO–{–ØV’¬“ñ’š–Ú","38.516083","140.933888","0","3"
"04","‹{éŒ§","04215","‘åèŽs","042150100000","ŽO–{–ØÄ“c","38.523163","140.897458","0","1"
"04","‹{éŒ§","04215","‘åèŽs","042150059000","ŽO–{–Ø“ì’J’n","38.532257","140.938364","0","1"
"04","‹{éŒ§","04215","‘åèŽs","042150093000","ŽO–{–Ø•f‘Ü","38.535923","140.966122","0","1"
"04","‹{éŒ§","04215","‘åèŽs","042150154000","ŽtŽR","38.539999","140.983616","1","1"
"04","‹{éŒ§","04215","‘åèŽs","042150144000","Ž­“‡‘äL’·","38.473159","141.080946","0","1"
"04","‹{éŒ§","04215","‘åèŽs","042150122000","Ž­“‡‘ä[’J","38.469234","141.065455","0","1"
"04","‹{éŒ§","04215","‘åèŽs","042150110000","Ž­“‡‘ä‘D‰z","38.506551","141.103138","0","1"
"04","‹{éŒ§","04215","‘åèŽs","042150147000","Ž­“‡‘ä‘å”—","38.448015","141.050063","1","1"
"04","‹{éŒ§","04215","‘åèŽs","042150107000","Ž­“‡‘ä•½“n","38.481116","141.095708","0","1"
"04","‹{éŒ§","04215","‘åèŽs","042150141000","Ž­“‡‘ä–ØŠÔ’Ë","38.470874","141.111612","0","1"
"04","‹{éŒ§","04215","‘åèŽs","042150136000","¼ŽR‰ºˆÉê–ì","38.511147","141.010337","0","1"
"04","‹{éŒ§","04215","‘åèŽs","042150111000","¼ŽR‹à’J","38.505577","141.062478","0","1"
"04","‹{éŒ§","04215","‘åèŽs","042150129000","¼ŽRŽŸ‹´","38.512284","141.027118","0","1"
"04","‹{éŒ§","04215","‘åèŽs","042150108000","¼ŽR{–€‰®","38.519461","141.082808","0","1"
"04","‹{éŒ§","04215","‘åèŽs","042150133000","¼ŽRçÎ","38.515075","141.049508","0","1"
"04","‹{éŒ§","04215","‘åèŽs","042150118000","¼ŽR’·”ö","38.505159","141.082647","0","1"
"04","‹{éŒ§","04215","‘åèŽs","042150099000","“cK","38.595210","141.024260","0","1"
"04","‹{éŒ§","04215","‘åèŽs","042150045000","“cK÷“c‚–ì","38.592085","141.051775","0","1"
"04","‹{éŒ§","04215","‘åèŽs","042150112000","“cK¬‰–","38.595929","141.073673","0","1"
"04","‹{éŒ§","04215","‘åèŽs","042150098000","“cK¬¼","38.617727","141.005909","0","1"
"04","‹{éŒ§","04215","‘åèŽs","042150140000","“cKÀ•”","38.607699","141.054757","0","1"
"04","‹{éŒ§","04215","‘åèŽs","042150058000","“cKÀ–Ø","38.613618","140.992833","0","1"
"04","‹{éŒ§","04215","‘åèŽs","042150052000","“cKz–K“»","38.617180","140.995096","0","1"
"04","‹{éŒ§","04215","‘åèŽs","042150145000","“cK‘åŠÑ","38.601330","141.113287","0","1"
"04","‹{éŒ§","04215","‘åèŽs","042150138000","“cK‘å‘ò","38.581521","141.069262","0","1"
"04","‹{éŒ§","04215","‘åèŽs","042150113000","“cK‘å—ä","38.618142","141.024238","0","1"
"04","‹{éŒ§","04215","‘åèŽs","042150085000","“cK’†–Ú","38.604118","141.010579","0","1"
"04","‹{éŒ§","04215","‘åèŽs","042150074000","“cK’Ê–Ø","38.605843","141.027739","0","1"
"04","‹{éŒ§","04215","‘åèŽs","042150092000","“cK”ª”¦","38.619865","141.014709","0","1"
"04","‹{éŒ§","04215","‘åèŽs","042150143000","“cK•“ŒI","38.620804","141.097288","0","1"
"04","‹{éŒ§","04215","‘åèŽs","042150043000","“cK–k‚é","38.592487","141.044581","0","1"
"04","‹{éŒ§","04215","‘åèŽs","042150116000","“cK–k¬‹“c","38.563911","141.068287","0","1"
"04","‹{éŒ§","04215","‘åèŽs","042150061000","“cK–k–q–Ú","38.595634","141.042153","0","1"
"04","‹{éŒ§","04215","‘åèŽs","042150152000","–ÂŽq‰·ò","38.736730","140.748460","0","1"
"04","‹{éŒ§","04215","‘åèŽs","042150151000","–ÂŽq‰·ò‹SŽñ","38.827177","140.635762","0","1"
"04","‹{éŒ§","04216","•x’JŽs","042160001001","‘é”T“mˆê’š–Ú","38.365225","140.869604","0","3"
"04","‹{éŒ§","04216","•x’JŽs","042160001002","‘é”T“m“ñ’š–Ú","38.365783","140.871837","0","3"
"04","‹{éŒ§","04216","•x’JŽs","042160001003","‘é”T“mŽO’š–Ú","38.368404","140.870647","0","3"
"04","‹{éŒ§","04216","•x’JŽs","042160001004","‘é”T“mŽl’š–Ú","38.369808","140.871902","0","3"
"04","‹{éŒ§","04216","•x’JŽs","042160002001","‚Æ‚¿‚Ì–Øˆê’š–Ú","38.388642","140.883532","0","3"
"04","‹{éŒ§","04216","•x’JŽs","042160002002","‚Æ‚¿‚Ì–Ø“ñ’š–Ú","38.386903","140.882250","0","3"
"04","‹{éŒ§","04216","•x’JŽs","042160003001","–¾Î‘äˆê’š–Ú","38.344248","140.899223","0","3"
"04","‹{éŒ§","04216","•x’JŽs","042160003002","–¾Î‘ä“ñ’š–Ú","38.345802","140.892325","0","3"
"04","‹{éŒ§","04216","•x’JŽs","042160003003","–¾Î‘äŽO’š–Ú","38.348085","140.888503","0","3"
"04","‹{éŒ§","04216","•x’JŽs","042160003004","–¾Î‘äŽl’š–Ú","38.350226","140.884239","0","3"
"04","‹{éŒ§","04216","•x’JŽs","042160003005","–¾Î‘äŒÜ’š–Ú","38.351425","140.889812","0","3"
"04","‹{éŒ§","04216","•x’JŽs","042160003006","–¾Î‘ä˜Z’š–Ú","38.350027","140.894777","0","3"
"04","‹{éŒ§","04216","•x’JŽs","042160003007","–¾Î‘äŽµ’š–Ú","38.347965","140.899408","0","3"
"04","‹{éŒ§","04216","•x’JŽs","042160003008","–¾Î‘ä”ª’š–Ú","38.343652","140.903116","0","3"
"04","‹{éŒ§","04216","•x’JŽs","042160003009","–¾Î‘ä‹ã’š–Ú","38.352192","140.898022","0","3"
"04","‹{éŒ§","04216","•x’JŽs","042160004001","¬“cˆê’š–Ú","38.363712","140.891840","0","3"
"04","‹{éŒ§","04216","•x’JŽs","042160004002","¬“c“ñ’š–Ú","38.366939","140.888250","0","3"
"04","‹{éŒ§","04216","•x’JŽs","042160004003","¬“cŽO’š–Ú","38.367432","140.896577","0","3"
"04","‹{éŒ§","04216","•x’JŽs","042160004004","¬“cŽl’š–Ú","38.361661","140.895952","0","3"
"04","‹{éŒ§","04216","•x’JŽs","042160004005","¬“cŒÜ’š–Ú","38.362448","140.899870","0","3"
"04","‹{éŒ§","04216","•x’JŽs","042160004006","¬“c˜Z’š–Ú","38.363947","140.903610","0","3"
"04","‹{éŒ§","04216","•x’JŽs","042160004007","¬“cŽµ’š–Ú","38.358115","140.898290","0","3"
"04","‹{éŒ§","04216","•x’JŽs","042160004008","¬“c”ª’š–Ú","38.358086","140.893737","0","3"
"04","‹{éŒ§","04216","•x’JŽs","042160004009","¬“c‹ã’š–Ú","38.358358","140.885963","0","3"
"04","‹{éŒ§","04216","•x’JŽs","042160005001","‘¾Žq“°ˆê’š–Ú","38.412100","140.892528","0","3"
"04","‹{éŒ§","04216","•x’JŽs","042160005002","‘¾Žq“°“ñ’š–Ú","38.413933","140.892235","0","3"
"04","‹{éŒ§","04216","•x’JŽs","042160006001","“ŒŒü—z‘äˆê’š–Ú","38.340174","140.905586","0","3"
"04","‹{éŒ§","04216","•x’JŽs","042160006002","“ŒŒü—z‘ä“ñ’š–Ú","38.339233","140.903096","0","3"
"04","‹{éŒ§","04216","•x’JŽs","042160006003","“ŒŒü—z‘äŽO’š–Ú","38.343024","140.895997","0","3"
"04","‹{éŒ§","04216","•x’JŽs","042160007001","“m”T‹´ˆê’š–Ú","38.383596","140.870642","0","3"
"04","‹{éŒ§","04216","•x’JŽs","042160007002","“m”T‹´“ñ’š–Ú","38.387469","140.872479","0","3"
"04","‹{éŒ§","04216","•x’JŽs","042160008001","•xƒP‹uˆê’š–Ú","38.361500","140.871348","0","3"
"04","‹{éŒ§","04216","•x’JŽs","042160008002","•xƒP‹u“ñ’š–Ú","38.362804","140.866243","0","3"
"04","‹{éŒ§","04216","•x’JŽs","042160008003","•xƒP‹uŽO’š–Ú","38.368087","140.863416","0","3"
"04","‹{éŒ§","04216","•x’JŽs","042160008004","•xƒP‹uŽl’š–Ú","38.367453","140.866967","0","3"
"04","‹{éŒ§","04216","•x’JŽs","042160009001","“ú‹g‘äˆê’š–Ú","38.373575","140.863671","0","3"
"04","‹{éŒ§","04216","•x’JŽs","042160009002","“ú‹g‘ä“ñ’š–Ú","38.377225","140.865310","0","3"
"04","‹{éŒ§","04216","•x’JŽs","042160009003","“ú‹g‘äŽO’š–Ú","38.379868","140.866599","0","3"
"04","‹{éŒ§","04216","•x’JŽs","042160010001","‚ ‚¯‚Ì•½ˆê’š–Ú","38.381402","140.876249","0","3"
"04","‹{éŒ§","04216","•x’JŽs","042160010002","‚ ‚¯‚Ì•½“ñ’š–Ú","38.378361","140.877659","0","3"
"04","‹{éŒ§","04216","•x’JŽs","042160010003","‚ ‚¯‚Ì•½ŽO’š–Ú","38.374764","140.877954","0","3"
"04","‹{éŒ§","04216","•x’JŽs","042160011001","‘å´…ˆê’š–Ú","38.368102","140.875596","0","3"
"04","‹{éŒ§","04216","•x’JŽs","042160011002","‘å´…“ñ’š–Ú","38.367253","140.880858","0","3"
"04","‹{éŒ§","04216","•x’JŽs","042160012001","‚Ð‚æ‚è‘äˆê’š–Ú","38.405039","140.884696","0","3"
"04","‹{éŒ§","04216","•x’JŽs","042160012002","‚Ð‚æ‚è‘ä“ñ’š–Ú","38.404731","140.888377","0","3"
"04","‹{éŒ§","04216","•x’JŽs","042160013001","ã÷–Øˆê’š–Ú","38.359154","140.877148","0","3"
"04","‹{éŒ§","04216","•x’JŽs","042160013002","ã÷–Ø“ñ’š–Ú","38.358767","140.880679","0","3"
"04","‹{éŒ§","04216","•x’JŽs","042160014000","‘å“¶","38.398258","140.913523","0","1"
"04","‹{éŒ§","04216","•x’JŽs","042160015000","ŽuŒË“c","38.427032","140.892743","0","1"
"04","‹{éŒ§","04216","•x’JŽs","042160016000","ˆêƒmŠÖ","38.407439","140.864244","0","1"
"04","‹{éŒ§","04216","•x’JŽs","042160017000","“ñƒmŠÖ","38.419617","140.879708","0","1"
"04","‹{éŒ§","04216","•x’JŽs","042160018000","ŽOƒmŠÖ","38.414545","140.900308","0","1"
"04","‹{éŒ§","04216","•x’JŽs","042160019000","¼¬“c","38.381908","140.904288","0","1"
"04","‹{éŒ§","04216","•x’JŽs","042160020000","’“c","38.378925","140.890421","0","1"
"04","‹{éŒ§","04216","•x’JŽs","042160021000","‘å‹T","38.365501","140.930236","0","1"
"04","‹{éŒ§","04216","•x’JŽs","042160022000","¡ò","38.390270","140.926258","0","1"
"04","‹{éŒ§","04216","•x’JŽs","042160023000","ÎÏ","38.361478","140.918759","0","1"
"04","‹{éŒ§","04216","•x’JŽs","042160024000","•x’J","38.390131","140.889098","0","1"
"04","‹{éŒ§","04216","•x’JŽs","042160025000","–¾Î","38.349100","140.908960","0","1"
"04","‹{éŒ§","04301","Š “cŒS‘ ‰¤’¬","043010001000","‰“Š “c‰·ò‰h’¬","38.123418","140.574411","0","1"
"04","‹{éŒ§","04301","Š “cŒS‘ ‰¤’¬","043010002000","‰“Š “c‰·ò–{’¬","38.123865","140.578209","0","1"
"04","‹{éŒ§","04301","Š “cŒS‘ ‰¤’¬","043010003000","‰“Š “c‰·òŽõ’¬","38.122551","140.577482","0","1"
"04","‹{éŒ§","04301","Š “cŒS‘ ‰¤’¬","043010004000","‰“Š “c‰·òˆ®’¬","38.122817","140.578981","0","1"
"04","‹{éŒ§","04301","Š “cŒS‘ ‰¤’¬","043010005000","‰“Š “c‰·ò’‡’¬","38.123283","140.575951","0","1"
"04","‹{éŒ§","04301","Š “cŒS‘ ‰¤’¬","043010006000","‘åŽš‰–‘ò","38.093582","140.682416","0","1"
"04","‹{éŒ§","04301","Š “cŒS‘ ‰¤’¬","043010007000","‘åŽš–î•","38.082548","140.675461","0","1"
"04","‹{éŒ§","04301","Š “cŒS‘ ‰¤’¬","043010008000","‘åŽš¬‘ºè","38.127764","140.693206","0","1"
"04","‹{éŒ§","04301","Š “cŒS‘ ‰¤’¬","043010009000","‘åŽš‹È’|","38.086905","140.638684","0","1"
"04","‹{éŒ§","04301","Š “cŒS‘ ‰¤’¬","043010010000","‘åŽš•½‘ò","38.118015","140.670182","0","1"
"04","‹{éŒ§","04301","Š “cŒS‘ ‰¤’¬","043010011000","‹{","38.060613","140.649819","0","1"
"04","‹{éŒ§","04301","Š “cŒS‘ ‰¤’¬","043010012000","‘åŽš‰~“c","38.118916","140.630146","0","1"
"04","‹{éŒ§","04301","Š “cŒS‘ ‰¤’¬","043010013000","‰“Š “c‰·ò","38.113246","140.537760","0","1"
"04","‹{éŒ§","04302","Š “cŒSŽµƒ–h’¬","043020001000","Žš‰º”ª‡","37.990074","140.446908","0","1"
"04","‹{éŒ§","04302","Š “cŒSŽµƒ–h’¬","043020002000","Žš‹{’†","38.013823","140.408052","0","1"
"04","‹{éŒ§","04302","Š “cŒSŽµƒ–h’¬","043020003000","ŽšŠ|ƒP‰º","38.011954","140.408892","0","1"
"04","‹{éŒ§","04302","Š “cŒSŽµƒ–h’¬","043020004000","Žš“¹‰º","38.008414","140.366772","0","1"
"04","‹{éŒ§","04302","Š “cŒSŽµƒ–h’¬","043020005000","Žš’¬K","38.005907","140.362609","0","1"
"04","‹{éŒ§","04302","Š “cŒSŽµƒ–h’¬","043020006000","Žš’†ŽRª","38.005105","140.420162","0","1"
"04","‹{éŒ§","04302","Š “cŒSŽµƒ–h’¬","043020007000","Žš“¹ƒmã","38.016160","140.404783","0","1"
"04","‹{éŒ§","04302","Š “cŒSŽµƒ–h’¬","043020008000","Žš“»“c’¬“ª","38.004957","140.358965","0","1"
"04","‹{éŒ§","04302","Š “cŒSŽµƒ–h’¬","043020009000","Žš‚•½","37.966917","140.325794","0","1"
"04","‹{éŒ§","04302","Š “cŒSŽµƒ–h’¬","043020010000","ŽšŒF‘ò","38.015556","140.460885","0","1"
"04","‹{éŒ§","04302","Š “cŒSŽµƒ–h’¬","043020011000","ŽšŽO•SŠ “¹ã","38.005676","140.328716","0","1"
"04","‹{éŒ§","04302","Š “cŒSŽµƒ–h’¬","043020012000","ŽšŒ¹•º‰qŠ –ì","38.038445","140.298528","0","1"
"04","‹{éŒ§","04302","Š “cŒSŽµƒ–h’¬","043020013000","Žš‰º’¬K","37.990195","140.448180","0","1"
"04","‹{éŒ§","04302","Š “cŒSŽµƒ–h’¬","043020014000","Žš…ãŒû","38.015162","140.407367","0","1"
"04","‹{éŒ§","04302","Š “cŒSŽµƒ–h’¬","043020015000","ŽšãìŒ´","38.006996","140.362930","0","1"
"04","‹{éŒ§","04302","Š “cŒSŽµƒ–h’¬","043020016000","Žš”–Ø•½","37.966947","140.322143","0","1"
"04","‹{éŒ§","04302","Š “cŒSŽµƒ–h’¬","043020017000","Žš”–‘òŒû","38.007892","140.366704","0","1"
"04","‹{éŒ§","04302","Š “cŒSŽµƒ–h’¬","043020018000","Žš‘Oâ‰º","37.966382","140.321606","0","1"
"04","‹{éŒ§","04302","Š “cŒSŽµƒ–h’¬","043020019000","Žš–™ƒmã’n‘ ‘O","38.042387","140.297231","0","1"
"04","‹{éŒ§","04302","Š “cŒSŽµƒ–h’¬","043020020000","Žš‹{ƒmã","37.991699","140.448031","0","1"
"04","‹{éŒ§","04302","Š “cŒSŽµƒ–h’¬","043020021000","Žš“àì","37.991596","140.447051","0","1"
"04","‹{éŒ§","04302","Š “cŒSŽµƒ–h’¬","043020022000","Žš‰º“‡“cŒ´","37.989225","140.448499","0","1"
"04","‹{éŒ§","04302","Š “cŒSŽµƒ–h’¬","043020023000","ŽšŠ„•t","37.966647","140.322884","0","1"
"04","‹{éŒ§","04302","Š “cŒSŽµƒ–h’¬","043020024000","ŽšŽR•šâ","38.009520","140.368834","0","1"
"04","‹{éŒ§","04302","Š “cŒSŽµƒ–h’¬","043020025000","Žš™‘òŒû","37.964543","140.311476","0","1"
"04","‹{éŒ§","04302","Š “cŒSŽµƒ–h’¬","043020026000","Žš’n‘ ‘O","38.006375","140.364331","0","1"
"04","‹{éŒ§","04302","Š “cŒSŽµƒ–h’¬","043020027000","Žš–™ƒm‰º","38.043538","140.296743","0","1"
"04","‹{éŒ§","04302","Š “cŒSŽµƒ–h’¬","043020028000","Žš‘ê‰º","38.006216","140.363418","0","1"
"04","‹{éŒ§","04302","Š “cŒSŽµƒ–h’¬","043020029000","ŽšŒF‘ò“¹","37.993203","140.450859","0","1"
"04","‹{éŒ§","04302","Š “cŒSŽµƒ–h’¬","043020030000","Žš’¬K’¼“¹ã","38.014613","140.406751","0","1"
"04","‹{éŒ§","04302","Š “cŒSŽµƒ–h’¬","043020031000","ŽšŠÚ‰º","37.993117","140.440913","0","1"
"04","‹{éŒ§","04302","Š “cŒSŽµƒ–h’¬","043020032000","Žš’¬“ª","37.981767","140.464901","0","1"
"04","‹{éŒ§","04302","Š “cŒSŽµƒ–h’¬","043020033000","Žš”ª”¦‰º","38.016151","140.405980","0","1"
"04","‹{éŒ§","04302","Š “cŒSŽµƒ–h’¬","043020034000","Žš–¼‘ò“¹‰º","38.006750","140.337553","0","1"
"04","‹{éŒ§","04302","Š “cŒSŽµƒ–h’¬","043020035000","ŽšŽR_Œü","37.965396","140.316775","0","1"
"04","‹{éŒ§","04302","Š “cŒSŽµƒ–h’¬","043020036000","Žš’†ìŒ´","38.007548","140.364572","0","1"
"04","‹{éŒ§","04302","Š “cŒSŽµƒ–h’¬","043020037000","Žš‘å´…","38.005993","140.336002","0","1"
"04","‹{éŒ§","04302","Š “cŒSŽµƒ–h’¬","043020038000","Žšˆê—¢’Ë“yŽè‰º","38.035802","140.301148","0","1"
"04","‹{éŒ§","04302","Š “cŒSŽµƒ–h’¬","043020039000","Žšâƒm‰º","38.005563","140.349254","0","1"
"04","‹{éŒ§","04302","Š “cŒSŽµƒ–h’¬","043020040000","ŽšŒŽŒõŒû","37.964654","140.314063","0","1"
"04","‹{éŒ§","04302","Š “cŒSŽµƒ–h’¬","043020041000","Žš’dƒm‰º","38.004000","140.360143","0","1"
"04","‹{éŒ§","04302","Š “cŒSŽµƒ–h’¬","043020042000","ŽšŽRÛ","37.995914","140.437026","0","1"
"04","‹{éŒ§","04302","Š “cŒSŽµƒ–h’¬","043020043000","Žš“»“cˆ¤“†‰º","38.004548","140.355081","0","1"
"04","‹{éŒ§","04302","Š “cŒSŽµƒ–h’¬","043020044000","Žšˆ¤“†‰º","38.016638","140.403663","0","1"
"04","‹{éŒ§","04302","Š “cŒSŽµƒ–h’¬","043020045000","Žšˆê—¢’ËìŒü","38.032355","140.300988","0","1"
"04","‹{éŒ§","04302","Š “cŒSŽµƒ–h’¬","043020046000","Žš\˜Y‰EƒG–å‰®•~","37.966538","140.319865","0","1"
"04","‹{éŒ§","04302","Š “cŒSŽµƒ–h’¬","043020047000","Žš‘å“¤Š`“¹ã","38.047912","140.294386","0","1"
"04","‹{éŒ§","04302","Š “cŒSŽµƒ–h’¬","043020048000","ŽšV”ªƒcX","38.011606","140.412214","0","1"
"04","‹{éŒ§","04302","Š “cŒSŽµƒ–h’¬","043020049000","Žš–LŒã‘ò","38.008405","140.368131","0","1"
"04","‹{éŒ§","04302","Š “cŒSŽµƒ–h’¬","043020050000","Žš…‰º“¹ã","38.047090","140.296408","0","1"
"04","‹{éŒ§","04302","Š “cŒSŽµƒ–h’¬","043020051000","ŽšŽO•SŠ “¹‰º","38.005739","140.329509","0","1"
"04","‹{éŒ§","04302","Š “cŒSŽµƒ–h’¬","043020052000","Žš“ñ“n‘O","38.014136","140.406422","0","1"
"04","‹{éŒ§","04302","Š “cŒSŽµƒ–h’¬","043020053000","Žš—˜’Ã•Û","37.990532","140.441768","0","1"
"04","‹{éŒ§","04302","Š “cŒSŽµƒ–h’¬","043020054000","Žšã–ì","37.982640","140.467830","0","1"
"04","‹{éŒ§","04302","Š “cŒSŽµƒ–h’¬","043020055000","ŽšÀ“c","38.007009","140.365735","0","1"
"04","‹{éŒ§","04302","Š “cŒSŽµƒ–h’¬","043020056000","Žš‰ºìŒ´","38.016117","140.311772","0","1"
"04","‹{éŒ§","04302","Š “cŒSŽµƒ–h’¬","043020057000","Žš“c–xìŒü","38.001967","140.321233","0","1"
"04","‹{éŒ§","04302","Š “cŒSŽµƒ–h’¬","043020058000","Žš‘å’J’nŒü","38.044581","140.294121","0","1"
"04","‹{éŒ§","04302","Š “cŒSŽµƒ–h’¬","043020059000","Žšµ‰ã”¨","38.035200","140.300205","0","1"
"04","‹{éŒ§","04302","Š “cŒSŽµƒ–h’¬","043020060000","Žš‹{‘O","38.014059","140.408896","0","1"
"04","‹{éŒ§","04302","Š “cŒSŽµƒ–h’¬","043020061000","Žš‹«ƒmŒ´","38.005414","140.347502","0","1"
"04","‹{éŒ§","04302","Š “cŒSŽµƒ–h’¬","043020062000","Žš¼’¬— ","38.017873","140.463770","0","1"
"04","‹{éŒ§","04302","Š “cŒSŽµƒ–h’¬","043020063000","Žš”ªƒcX","38.013149","140.410297","0","1"
"04","‹{éŒ§","04302","Š “cŒSŽµƒ–h’¬","043020064000","Žš¼ƒm“ü","38.036746","140.298718","0","1"
"04","‹{éŒ§","04302","Š “cŒSŽµƒ–h’¬","043020065000","Žš“Œ“‡“cŒ´","37.989048","140.447305","0","1"
"04","‹{éŒ§","04302","Š “cŒSŽµƒ–h’¬","043020066000","Žš’Ç•ªìª","38.018542","140.308298","0","1"
"04","‹{éŒ§","04302","Š “cŒSŽµƒ–h’¬","043020067000","Žš…‰º“¹‰º","38.045621","140.295248","0","1"
"04","‹{éŒ§","04302","Š “cŒSŽµƒ–h’¬","043020068000","ŽšŽ½•Û","38.013525","140.459635","0","1"
"04","‹{éŒ§","04302","Š “cŒSŽµƒ–h’¬","043020069000","ŽšŒüŽR‰º","38.006861","140.361367","0","1"
"04","‹{éŒ§","04302","Š “cŒSŽµƒ–h’¬","043020070000","Žšã’¬K","37.991115","140.446267","0","1"
"04","‹{éŒ§","04302","Š “cŒSŽµƒ–h’¬","043020071000","Žš–¾_‰º","38.004402","140.356808","0","1"
"04","‹{éŒ§","04302","Š “cŒSŽµƒ–h’¬","043020072000","Žš–¼‘ò“yŽè‰º","38.007919","140.338025","0","1"
"04","‹{éŒ§","04302","Š “cŒSŽµƒ–h’¬","043020073000","ŽšVˆ¤“†","37.995212","140.435609","0","1"
"04","‹{éŒ§","04302","Š “cŒSŽµƒ–h’¬","043020074000","Žš“c–xŒûìŒü","38.002894","140.326905","0","1"
"04","‹{éŒ§","04302","Š “cŒSŽµƒ–h’¬","043020075000","ŽšV—˜’Ã•Û","37.989662","140.442731","0","1"
"04","‹{éŒ§","04302","Š “cŒSŽµƒ–h’¬","043020076000","ŽšslŒ´“¹‰º","38.041296","140.297487","0","1"
"04","‹{éŒ§","04302","Š “cŒSŽµƒ–h’¬","043020077000","ŽšŠpÎ","38.014549","140.385412","0","1"
"04","‹{éŒ§","04302","Š “cŒSŽµƒ–h’¬","043020078000","Žš’Ç•ª‰º","38.017137","140.310868","0","1"
"04","‹{éŒ§","04302","Š “cŒSŽµƒ–h’¬","043020079000","Žš’†•½","37.986786","140.432747","0","1"
"04","‹{éŒ§","04302","Š “cŒSŽµƒ–h’¬","043020080000","Žš‘·‘ò","37.999095","140.431525","0","1"
"04","‹{éŒ§","04302","Š “cŒSŽµƒ–h’¬","043020081000","Žšã‘«‘ò","37.985853","140.432657","0","1"
"04","‹{éŒ§","04302","Š “cŒSŽµƒ–h’¬","043020082000","ŽšŽO\Š “¹‰º","38.038297","140.299236","0","1"
"04","‹{éŒ§","04302","Š “cŒSŽµƒ–h’¬","043020083000","ŽšŽ›‘O","38.014331","140.317052","0","1"
"04","‹{éŒ§","04302","Š “cŒSŽµƒ–h’¬","043020084000","Žš’·‹v•Û","38.016987","140.312745","0","1"
"04","‹{éŒ§","04302","Š “cŒSŽµƒ–h’¬","043020085000","Žš–qƒmŽR","38.006012","140.432141","0","1"
"04","‹{éŒ§","04302","Š “cŒSŽµƒ–h’¬","043020086000","Žšˆê—¢’Ë“¹‰º","38.033869","140.300991","0","1"
"04","‹{éŒ§","04302","Š “cŒSŽµƒ–h’¬","043020087000","Žš¼Œ´","37.997945","140.436318","0","1"
"04","‹{éŒ§","04302","Š “cŒSŽµƒ–h’¬","043020088000","ŽšÔ’n“¹‰º","38.023106","140.308005","0","1"
"04","‹{éŒ§","04302","Š “cŒSŽµƒ–h’¬","043020089000","Žš‘å™","37.992730","140.440434","0","1"
"04","‹{éŒ§","04302","Š “cŒSŽµƒ–h’¬","043020090000","Žš“»“c","38.005565","140.361248","0","1"
"04","‹{éŒ§","04302","Š “cŒSŽµƒ–h’¬","043020091000","Žš–î—§","37.983192","140.463198","0","1"
"04","‹{éŒ§","04302","Š “cŒSŽµƒ–h’¬","043020092000","Žš“¹ƒm‰º","38.013869","140.405348","0","1"
"04","‹{éŒ§","04302","Š “cŒSŽµƒ–h’¬","043020093000","Žš‘åÎìŒ´","38.006871","140.339784","0","1"
"04","‹{éŒ§","04302","Š “cŒSŽµƒ–h’¬","043020094000","Žš’öƒP‘ò","37.968268","140.317578","0","1"
"04","‹{éŒ§","04302","Š “cŒSŽµƒ–h’¬","043020095000","Žš–û”¨","38.018126","140.461592","0","1"
"04","‹{éŒ§","04302","Š “cŒSŽµƒ–h’¬","043020096000","ŽšàÌ","37.982703","140.465699","0","1"
"04","‹{éŒ§","04302","Š “cŒSŽµƒ–h’¬","043020097000","Žš“c–xŒû","38.004094","140.328374","0","1"
"04","‹{éŒ§","04302","Š “cŒSŽµƒ–h’¬","043020098000","Žš‘å“¤Š`“¹‰º","38.047013","140.293938","0","1"
"04","‹{éŒ§","04302","Š “cŒSŽµƒ–h’¬","043020099000","Žš–¾_‘O","37.991726","140.443292","0","1"
"04","‹{éŒ§","04302","Š “cŒSŽµƒ–h’¬","043020100000","ŽšV‹{“c","37.992003","140.450660","0","1"
"04","‹{éŒ§","04302","Š “cŒSŽµƒ–h’¬","043020101000","ŽšŽ›ÕK","38.011500","140.379637","0","1"
"04","‹{éŒ§","04302","Š “cŒSŽµƒ–h’¬","043020102000","Žš–ö‘òŽR‘—L—Ñ","38.017603","140.321603","0","1"
"04","‹{éŒ§","04302","Š “cŒSŽµƒ–h’¬","043020103000","ŽšŠ±Š—","38.044279","140.297452","0","1"
"04","‹{éŒ§","04302","Š “cŒSŽµƒ–h’¬","043020104000","ŽšV”ª‡","37.990244","140.445870","0","1"
"04","‹{éŒ§","04302","Š “cŒSŽµƒ–h’¬","043020105000","Žš’ç¼X","38.012452","140.416412","0","1"
"04","‹{éŒ§","04302","Š “cŒSŽµƒ–h’¬","043020106000","ŽšV‚£","37.984490","140.443190","0","1"
"04","‹{éŒ§","04302","Š “cŒSŽµƒ–h’¬","043020107000","Žš¼“‡“cŒ´","37.989214","140.444877","0","1"
"04","‹{éŒ§","04302","Š “cŒSŽµƒ–h’¬","043020108000","Žš‹«ƒm‘ò","38.004243","140.350779","0","1"
"04","‹{éŒ§","04302","Š “cŒSŽµƒ–h’¬","043020109000","Žšˆê–‡“c","37.995589","140.439332","0","1"
"04","‹{éŒ§","04302","Š “cŒSŽµƒ–h’¬","043020110000","Žš‘å‰P’£","38.002805","140.332643","0","1"
"04","‹{éŒ§","04302","Š “cŒSŽµƒ–h’¬","043020111000","ŽšŽÀ‘òã","38.001535","140.428033","0","1"
"04","‹{éŒ§","04302","Š “cŒSŽµƒ–h’¬","043020112000","Žš’ÇŒ©ª“Y","37.983229","140.471585","0","1"
"04","‹{éŒ§","04302","Š “cŒSŽµƒ–h’¬","043020113000","Žšãƒm‘ä","38.002209","140.358801","0","1"
"04","‹{éŒ§","04302","Š “cŒSŽµƒ–h’¬","043020114000","Žšƒ‰ƒ“ƒgƒE‘O","38.015009","140.464030","0","1"
"04","‹{éŒ§","04302","Š “cŒSŽµƒ–h’¬","043020115000","Žš’·‰º","37.997127","140.444556","0","1"
"04","‹{éŒ§","04302","Š “cŒSŽµƒ–h’¬","043020116000","ŽšVâƒm‰º","38.004953","140.350915","0","1"
"04","‹{éŒ§","04302","Š “cŒSŽµƒ–h’¬","043020117000","Žšã–x","38.013442","140.463471","0","1"
"04","‹{éŒ§","04302","Š “cŒSŽµƒ–h’¬","043020118000","ŽšV—‹_","37.997090","140.435934","0","1"
"04","‹{éŒ§","04302","Š “cŒSŽµƒ–h’¬","043020119000","ŽšslŒ´“¹ã","38.041252","140.298978","0","1"
"04","‹{éŒ§","04302","Š “cŒSŽµƒ–h’¬","043020120000","Žš‰º’·‰º","37.993854","140.444581","0","1"
"04","‹{éŒ§","04302","Š “cŒSŽµƒ–h’¬","043020121000","Žš¼Š±Š—","38.041388","140.295937","0","1"
"04","‹{éŒ§","04302","Š “cŒSŽµƒ–h’¬","043020122000","Žš‘å–öâ‰º","38.015448","140.314634","0","1"
"04","‹{éŒ§","04302","Š “cŒSŽµƒ–h’¬","043020123000","Žš‰º‚£","37.986692","140.446688","0","1"
"04","‹{éŒ§","04302","Š “cŒSŽµƒ–h’¬","043020124000","Žš’d‘O","38.015609","140.318374","0","1"
"04","‹{éŒ§","04302","Š “cŒSŽµƒ–h’¬","043020125000","Žš‰º‹{“c","37.990639","140.449504","0","1"
"04","‹{éŒ§","04302","Š “cŒSŽµƒ–h’¬","043020126000","Žš¬ŒŠ‘ò","37.999437","140.435608","0","1"
"04","‹{éŒ§","04302","Š “cŒSŽµƒ–h’¬","043020127000","ŽšŠŠ’Ã","38.015306","140.403556","0","1"
"04","‹{éŒ§","04302","Š “cŒSŽµƒ–h’¬","043020128000","Žšz–KŒ´","37.997504","140.438829","0","1"
"04","‹{éŒ§","04302","Š “cŒSŽµƒ–h’¬","043020129000","Žš’¬‰º","38.016070","140.462546","0","1"
"04","‹{éŒ§","04302","Š “cŒSŽµƒ–h’¬","043020130000","Žš’†ƒm‘òŒ´“¹‰º","38.010226","140.411155","0","1"
"04","‹{éŒ§","04302","Š “cŒSŽµƒ–h’¬","043020131000","Žš’†‚£","37.986454","140.444280","0","1"
"04","‹{éŒ§","04302","Š “cŒSŽµƒ–h’¬","043020132000","Žš‘å‹´’[","38.007356","140.345227","0","1"
"04","‹{éŒ§","04302","Š “cŒSŽµƒ–h’¬","043020133000","Žš’†ƒm‹´","38.025996","140.306808","0","1"
"04","‹{éŒ§","04302","Š “cŒSŽµƒ–h’¬","043020134000","ŽšŽ›Õ","38.011601","140.377136","0","1"
"04","‹{éŒ§","04302","Š “cŒSŽµƒ–h’¬","043020135000","Žš˜Z–{™","38.007070","140.329338","0","1"
"04","‹{éŒ§","04302","Š “cŒSŽµƒ–h’¬","043020136000","Žš—‹_ã","37.997131","140.433163","0","1"
"04","‹{éŒ§","04302","Š “cŒSŽµƒ–h’¬","043020137000","ŽšŽ›ŽR","37.991534","140.437648","0","1"
"04","‹{éŒ§","04302","Š “cŒSŽµƒ–h’¬","043020138000","Žš“ŒŒû“¹‰º","38.010486","140.325414","0","1"
"04","‹{éŒ§","04302","Š “cŒSŽµƒ–h’¬","043020139000","ŽšŽR”V_‘O","38.005238","140.338370","0","1"
"04","‹{éŒ§","04302","Š “cŒSŽµƒ–h’¬","043020140000","Žš“c’†“¹‰º","38.004125","140.333973","0","1"
"04","‹{éŒ§","04302","Š “cŒSŽµƒ–h’¬","043020141000","ŽšŽ‚ŽqŒü","38.028494","140.304936","0","1"
"04","‹{éŒ§","04302","Š “cŒSŽµƒ–h’¬","043020142000","ŽšV¼Œ´","37.994760","140.437388","0","1"
"04","‹{éŒ§","04302","Š “cŒSŽµƒ–h’¬","043020143000","Žš”ªƒc•ª","38.011772","140.410363","0","1"
"04","‹{éŒ§","04302","Š “cŒSŽµƒ–h’¬","043020144000","Žš‘å’J’nŽR‰º","38.046307","140.292506","0","1"
"04","‹{éŒ§","04302","Š “cŒSŽµƒ–h’¬","043020145000","Žš‘êƒmã","38.014924","140.397843","0","1"
"04","‹{éŒ§","04302","Š “cŒSŽµƒ–h’¬","043020146000","Žš‰Ä—œ•½","37.983402","140.460374","0","1"
"04","‹{éŒ§","04302","Š “cŒSŽµƒ–h’¬","043020147000","Žš”’ŽqŠâ","38.009405","140.461738","0","1"
"04","‹{éŒ§","04302","Š “cŒSŽµƒ–h’¬","043020148000","Žš’ç‘ò","38.014080","140.420378","0","1"
"04","‹{éŒ§","04302","Š “cŒSŽµƒ–h’¬","043020149000","Žš–Î’ë“¹","38.001096","140.353311","0","1"
"04","‹{éŒ§","04302","Š “cŒSŽµƒ–h’¬","043020150000","Žš‘å‘ò‘O","38.006555","140.343319","0","1"
"04","‹{éŒ§","04302","Š “cŒSŽµƒ–h’¬","043020151000","Žš“Œ’J’n","37.984769","140.446970","0","1"
"04","‹{éŒ§","04302","Š “cŒSŽµƒ–h’¬","043020152000","ŽšŽRª’Ê","38.014123","140.373487","0","1"
"04","‹{éŒ§","04302","Š “cŒSŽµƒ–h’¬","043020153000","ŽšŒE","38.010826","140.461404","0","1"
"04","‹{éŒ§","04302","Š “cŒSŽµƒ–h’¬","043020154000","ŽšslŒ´“¹ãŽR","38.041317","140.301793","0","1"
"04","‹{éŒ§","04302","Š “cŒSŽµƒ–h’¬","043020155000","Žš‘å’J’n“¹‰º","38.049766","140.290149","0","1"
"04","‹{éŒ§","04302","Š “cŒSŽµƒ–h’¬","043020156000","Žš‰ºƒm•½","38.013152","140.461200","0","1"
"04","‹{éŒ§","04302","Š “cŒSŽµƒ–h’¬","043020157000","Žš“ŒŒû“¹ã","38.011363","140.326887","0","1"
"04","‹{éŒ§","04302","Š “cŒSŽµƒ–h’¬","043020158000","ŽšŽO•SŠ ŽR‰º","38.006193","140.327411","0","1"
"04","‹{éŒ§","04302","Š “cŒSŽµƒ–h’¬","043020159000","Žš“y²‰®•~","38.010254","140.378846","0","1"
"04","‹{éŒ§","04302","Š “cŒSŽµƒ–h’¬","043020160000","Žš‰º‰Gì","37.977232","140.441854","0","1"
"04","‹{éŒ§","04302","Š “cŒSŽµƒ–h’¬","043020161000","ŽšŠ—–Ø","37.999897","140.432476","0","1"
"04","‹{éŒ§","04302","Š “cŒSŽµƒ–h’¬","043020162000","Žš“Œ‘ò","38.020754","140.311689","0","1"
"04","‹{éŒ§","04302","Š “cŒSŽµƒ–h’¬","043020163000","Žš–îè","38.020205","140.308929","0","1"
"04","‹{éŒ§","04302","Š “cŒSŽµƒ–h’¬","043020164000","Žšå‰¤‘ò","38.014560","140.288792","0","1"
"04","‹{éŒ§","04302","Š “cŒSŽµƒ–h’¬","043020165000","Žš_Œ´","38.011489","140.374209","0","1"
"04","‹{éŒ§","04302","Š “cŒSŽµƒ–h’¬","043020166000","Žš“c’†“¹ã","38.007155","140.333518","0","1"
"04","‹{éŒ§","04302","Š “cŒSŽµƒ–h’¬","043020167000","Žš“c–x“¹ã","38.003027","140.321590","0","1"
"04","‹{éŒ§","04302","Š “cŒSŽµƒ–h’¬","043020168000","Žš“’Œ´","38.012708","140.321198","0","1"
"04","‹{éŒ§","04302","Š “cŒSŽµƒ–h’¬","043020169000","Žš[“nŒË•õ","38.027898","140.390434","0","1"
"04","‹{éŒ§","04302","Š “cŒSŽµƒ–h’¬","043020170000","Žš‚‘qŒû","38.012853","140.308190","0","1"
"04","‹{éŒ§","04302","Š “cŒSŽµƒ–h’¬","043020171000","ŽšŒ´“¹ã","38.009948","140.414932","0","1"
"04","‹{éŒ§","04302","Š “cŒSŽµƒ–h’¬","043020172000","ŽšŒ´“¹‰º","38.007913","140.416375","0","1"
"04","‹{éŒ§","04302","Š “cŒSŽµƒ–h’¬","043020173000","Žš“n£ª“Y","37.981918","140.477502","0","1"
"04","‹{éŒ§","04302","Š “cŒSŽµƒ–h’¬","043020174000","Žšã‹´“¹ã","38.030384","140.304681","0","1"
"04","‹{éŒ§","04302","Š “cŒSŽµƒ–h’¬","043020175000","Žš–ö‘ò","38.010419","140.340049","0","1"
"04","‹{éŒ§","04302","Š “cŒSŽµƒ–h’¬","043020176000","Žš’†ŽR","38.003720","140.420851","0","1"
"04","‹{éŒ§","04302","Š “cŒSŽµƒ–h’¬","043020177000","Žšˆê—¢’Ë“¹ã","38.035393","140.303381","0","1"
"04","‹{éŒ§","04302","Š “cŒSŽµƒ–h’¬","043020178000","Žšâã","38.018032","140.314478","0","1"
"04","‹{éŒ§","04302","Š “cŒSŽµƒ–h’¬","043020179000","Žš“V_•½","38.009422","140.329812","0","1"
"04","‹{éŒ§","04302","Š “cŒSŽµƒ–h’¬","043020180000","Žš—ÑŽq‘ò","38.002899","140.347319","0","1"
"04","‹{éŒ§","04302","Š “cŒSŽµƒ–h’¬","043020181000","ŽšÔ’n“¹ã","38.026257","140.310310","0","1"
"04","‹{éŒ§","04302","Š “cŒSŽµƒ–h’¬","043020182000","ŽšŠÖ","37.994302","140.442437","0","1"
"04","‹{éŒ§","04302","Š “cŒSŽµƒ–h’¬","043020183000","ŽšŒ´’J’nÛ","38.006563","140.420907","0","1"
"04","‹{éŒ§","04302","Š “cŒSŽµƒ–h’¬","043020184000","Žš‘åŠÑ•½","37.974959","140.453573","0","1"
"04","‹{éŒ§","04302","Š “cŒSŽµƒ–h’¬","043020185000","Žš¬è","38.012830","140.383898","0","1"
"04","‹{éŒ§","04302","Š “cŒSŽµƒ–h’¬","043020186000","ŽšŽO\Š “¹ã","38.038291","140.301492","0","1"
"04","‹{éŒ§","04302","Š “cŒSŽµƒ–h’¬","043020187000","Žš–ö‘òŽR","38.022360","140.340099","0","1"
"04","‹{éŒ§","04302","Š “cŒSŽµƒ–h’¬","043020188000","ŽšŒF–ì","38.006722","140.357185","0","1"
"04","‹{éŒ§","04302","Š “cŒSŽµƒ–h’¬","043020189000","Žš–¼‘ò“¹ã","38.009094","140.336347","0","1"
"04","‹{éŒ§","04302","Š “cŒSŽµƒ–h’¬","043020190000","Žšã‰Gì","37.980283","140.432015","0","1"
"04","‹{éŒ§","04302","Š “cŒSŽµƒ–h’¬","043020191000","ŽšˆîŽq","37.964069","140.330126","0","1"
"04","‹{éŒ§","04302","Š “cŒSŽµƒ–h’¬","043020192000","Žš“c–x“¹‰º","38.000368","140.317078","0","1"
"04","‹{éŒ§","04302","Š “cŒSŽµƒ–h’¬","043020193000","Žš‘åÎƒP‘ò","38.002028","140.341406","0","1"
"04","‹{éŒ§","04302","Š “cŒSŽµƒ–h’¬","043020194000","Žš‰YŽR","38.018565","140.404599","0","1"
"04","‹{éŒ§","04302","Š “cŒSŽµƒ–h’¬","043020195000","Žš’¬— ","38.014623","140.322563","0","1"
"04","‹{éŒ§","04302","Š “cŒSŽµƒ–h’¬","043020196000","Žš‰¡ì","38.017343","140.466251","0","1"
"04","‹{éŒ§","04302","Š “cŒSŽµƒ–h’¬","043020197000","Žš–ÎƒP‘ò","38.019152","140.368156","0","1"
"04","‹{éŒ§","04302","Š “cŒSŽµƒ–h’¬","043020198000","Žšâƒmã","37.999072","140.448645","0","1"
"04","‹{éŒ§","04302","Š “cŒSŽµƒ–h’¬","043020199000","Žš‘òãŽR","37.988680","140.436908","0","1"
"04","‹{éŒ§","04302","Š “cŒSŽµƒ–h’¬","043020200000","Žš£Œ©Œ´","37.994312","140.447627","0","1"
"04","‹{éŒ§","04302","Š “cŒSŽµƒ–h’¬","043020201000","Žš”ª”¦ŠÙŽR","37.991672","140.433723","0","1"
"04","‹{éŒ§","04302","Š “cŒSŽµƒ–h’¬","043020202000","Žš…ã•õ","38.034086","140.402447","0","1"
"04","‹{éŒ§","04302","Š “cŒSŽµƒ–h’¬","043020203000","Žš¬‰íâÄ‘ò","38.010036","140.331918","0","1"
"04","‹{éŒ§","04302","Š “cŒSŽµƒ–h’¬","043020204000","Žš¼X‰º","38.014096","140.418714","0","1"
"04","‹{éŒ§","04302","Š “cŒSŽµƒ–h’¬","043020205000","ŽšÀƒm“à","38.006100","140.456053","0","1"
"04","‹{éŒ§","04302","Š “cŒSŽµƒ–h’¬","043020206000","Žš‹È¼","38.007312","140.407235","0","1"
"04","‹{éŒ§","04302","Š “cŒSŽµƒ–h’¬","043020207000","Žš‰¡–ÚŽR","37.987453","140.441294","0","1"
"04","‹{éŒ§","04302","Š “cŒSŽµƒ–h’¬","043020208000","Žš–î—§•½","37.984945","140.463275","0","1"
"04","‹{éŒ§","04302","Š “cŒSŽµƒ–h’¬","043020209000","Žš”Â–Ø","37.997588","140.332476","0","1"
"04","‹{éŒ§","04302","Š “cŒSŽµƒ–h’¬","043020210000","Žš–³•ŽR","38.035039","140.403809","0","1"
"04","‹{éŒ§","04302","Š “cŒSŽµƒ–h’¬","043020211000","ŽšŽá—ÑŽR","37.979748","140.491072","0","1"
"04","‹{éŒ§","04302","Š “cŒSŽµƒ–h’¬","043020212000","Žš“»‘O","38.048874","140.297306","0","1"
"04","‹{éŒ§","04302","Š “cŒSŽµƒ–h’¬","043020213000","ŽšŠÙƒP‘ò","38.004935","140.413773","0","1"
"04","‹{éŒ§","04302","Š “cŒSŽµƒ–h’¬","043020214000","Žš—§•½","38.014706","140.424136","0","1"
"04","‹{éŒ§","04302","Š “cŒSŽµƒ–h’¬","043020215000","ŽšŠI‘ò","38.009983","140.364840","0","1"
"04","‹{éŒ§","04302","Š “cŒSŽµƒ–h’¬","043020216000","Žš•Bƒmì","38.000902","140.452523","0","1"
"04","‹{éŒ§","04302","Š “cŒSŽµƒ–h’¬","043020217000","Žš’ç“ŒX","38.011411","140.420647","0","1"
"04","‹{éŒ§","04302","Š “cŒSŽµƒ–h’¬","043020218000","ŽšŠIì","38.019260","140.304009","0","1"
"04","‹{éŒ§","04302","Š “cŒSŽµƒ–h’¬","043020219000","Žš•c‘ã’[","38.017298","140.389477","0","1"
"04","‹{éŒ§","04302","Š “cŒSŽµƒ–h’¬","043020220000","Žš•O–Ø‘ò","37.993869","140.319498","0","1"
"04","‹{éŒ§","04302","Š “cŒSŽµƒ–h’¬","043020221000","Žšãƒm•½","38.025743","140.472911","0","1"
"04","‹{éŒ§","04302","Š “cŒSŽµƒ–h’¬","043020222000","Žš–ÎƒP—§ŠÔ","38.015444","140.307737","0","1"
"04","‹{éŒ§","04302","Š “cŒSŽµƒ–h’¬","043020223000","ŽšˆîŽqŽR","37.962139","140.384834","0","1"
"04","‹{éŒ§","04302","Š “cŒSŽµƒ–h’¬","043020224000","Žš“‡–Ø–ì‰Yƒm‘ò","38.011599","140.431836","0","1"
"04","‹{éŒ§","04302","Š “cŒSŽµƒ–h’¬","043020225000","Žš’ÂƒmŒE","38.019993","140.394988","0","1"
"04","‹{éŒ§","04302","Š “cŒSŽµƒ–h’¬","043020226000","Žš…ã","38.020870","140.408177","0","1"
"04","‹{éŒ§","04302","Š “cŒSŽµƒ–h’¬","043020227000","Žš‘åŒ}","38.012410","140.391300","0","1"
"04","‹{éŒ§","04302","Š “cŒSŽµƒ–h’¬","043020228000","Žš‘å–ì‘ò","38.021792","140.376848","0","1"
"04","‹{éŒ§","04302","Š “cŒSŽµƒ–h’¬","043020229000","Žš¬èŽR","38.015534","140.380032","0","1"
"04","‹{éŒ§","04302","Š “cŒSŽµƒ–h’¬","043020230000","Žš‘åŒŠ‘ò","38.003712","140.448423","0","1"
"04","‹{éŒ§","04302","Š “cŒSŽµƒ–h’¬","043020231000","ŽšŽdØ–Ú","38.024564","140.425670","0","1"
"04","‹{éŒ§","04302","Š “cŒSŽµƒ–h’¬","043020232000","Žš–ì‘ò‘qŽR","37.973324","140.507920","0","1"
"04","‹{éŒ§","04302","Š “cŒSŽµƒ–h’¬","043020233000","ŽšÔ’n","38.034017","140.318814","0","1"
"04","‹{éŒ§","04302","Š “cŒSŽµƒ–h’¬","043020234000","Žš’|ƒm‘ò","38.007335","140.380037","0","1"
"04","‹{éŒ§","04302","Š “cŒSŽµƒ–h’¬","043020235000","Žš‰ÍŒü","38.009259","140.401933","0","1"
"04","‹{éŒ§","04302","Š “cŒSŽµƒ–h’¬","043020236000","Žš¬’ñ“”","38.048992","140.287876","0","1"
"04","‹{éŒ§","04302","Š “cŒSŽµƒ–h’¬","043020237000","Žš”‹è","37.994912","140.454660","0","1"
"04","‹{éŒ§","04302","Š “cŒSŽµƒ–h’¬","043020238000","ŽšŒÃ“¹","38.028804","140.286229","0","1"
"04","‹{éŒ§","04302","Š “cŒSŽµƒ–h’¬","043020239000","Žš–™ƒmã","38.003319","140.363633","0","1"
"04","‹{éŒ§","04302","Š “cŒSŽµƒ–h’¬","043020240000","Žš‘å’J’n“¹ã","38.054299","140.289801","0","1"
"04","‹{éŒ§","04302","Š “cŒSŽµƒ–h’¬","043020241000","Žš“‡–Ø–ì","38.011047","140.427757","0","1"
"04","‹{éŒ§","04302","Š “cŒSŽµƒ–h’¬","043020242000","ŽšŒIŒ´","38.010892","140.434901","0","1"
"04","‹{éŒ§","04302","Š “cŒSŽµƒ–h’¬","043020243000","Žš’ßƒP‘ò","38.014261","140.359497","0","1"
"04","‹{éŒ§","04302","Š “cŒSŽµƒ–h’¬","043020244000","Žš¼ƒm“üŽR","38.036833","140.293780","0","1"
"04","‹{éŒ§","04302","Š “cŒSŽµƒ–h’¬","043020245000","ŽšŒFƒm‘O","38.047923","140.304984","0","1"
"04","‹{éŒ§","04302","Š “cŒSŽµƒ–h’¬","043020246000","ŽšŒÃ“¹ŽR","38.028967","140.292685","0","1"
"04","‹{éŒ§","04302","Š “cŒSŽµƒ–h’¬","043020247000","Žš‹Êƒm–Ø","38.012052","140.298375","0","1"
"04","‹{éŒ§","04302","Š “cŒSŽµƒ–h’¬","043020248000","Žšˆ¤“†ŽR","37.992266","140.432142","0","1"
"04","‹{éŒ§","04302","Š “cŒSŽµƒ–h’¬","043020249000","Žš¬¼‘ò","38.024382","140.399416","0","1"
"04","‹{éŒ§","04302","Š “cŒSŽµƒ–h’¬","043020250000","Žš’†”V‘ò","38.022271","140.414270","0","1"
"04","‹{éŒ§","04302","Š “cŒSŽµƒ–h’¬","043020251000","Žš_—ÑŽR","38.007873","140.442797","0","1"
"04","‹{éŒ§","04302","Š “cŒSŽµƒ–h’¬","043020252000","Žš‘åŠž","38.017267","140.452205","0","1"
"04","‹{éŒ§","04302","Š “cŒSŽµƒ–h’¬","043020253000","Žšãƒm•½ŽR","38.029595","140.467439","0","1"
"04","‹{éŒ§","04302","Š “cŒSŽµƒ–h’¬","043020254000","Žš’·˜V","38.037147","140.482879","0","1"
"04","‹{éŒ§","04302","Š “cŒSŽµƒ–h’¬","043020255000","Žš–™ƒm‘ä","37.997302","140.356258","0","1"
"04","‹{éŒ§","04302","Š “cŒSŽµƒ–h’¬","043020256000","Žš“Œ’J’nŽR","37.983826","140.430394","0","1"
"04","‹{éŒ§","04302","Š “cŒSŽµƒ–h’¬","043020257000","Žš”–ØŽR","38.016306","140.472205","0","1"
"04","‹{éŒ§","04321","ŽÄ“cŒS‘å‰ÍŒ´’¬","043210001000","ŽšŠÖƒm“à","38.061530","140.724664","0","1"
"04","‹{éŒ§","04321","ŽÄ“cŒS‘å‰ÍŒ´’¬","043210002000","Žš“ˆ˜e","38.063271","140.736254","0","1"
"04","‹{éŒ§","04321","ŽÄ“cŒS‘å‰ÍŒ´’¬","043210003000","Žš“ìŠÖƒm“à","38.058947","140.717713","0","1"
"04","‹{éŒ§","04321","ŽÄ“cŒS‘å‰ÍŒ´’¬","043210004000","Žš’¬¼","38.055904","140.737085","0","1"
"04","‹{éŒ§","04321","ŽÄ“cŒS‘å‰ÍŒ´’¬","043210005000","Žš–k“ˆ˜e","38.067378","140.738806","0","1"
"04","‹{éŒ§","04321","ŽÄ“cŒS‘å‰ÍŒ´’¬","043210006000","Žš“ŒÂì","38.061515","140.738687","0","1"
"04","‹{éŒ§","04321","ŽÄ“cŒS‘å‰ÍŒ´’¬","043210007000","Žšr’¬","38.045195","140.728854","0","1"
"04","‹{éŒ§","04321","ŽÄ“cŒS‘å‰ÍŒ´’¬","043210008000","Žš‘å—³","38.034487","140.734503","0","1"
"04","‹{éŒ§","04321","ŽÄ“cŒS‘å‰ÍŒ´’¬","043210009000","Žš”ª‰³—","38.062779","140.724232","0","1"
"04","‹{éŒ§","04321","ŽÄ“cŒS‘å‰ÍŒ´’¬","043210010000","Žš“yŽèè","38.062531","140.741424","0","1"
"04","‹{éŒ§","04321","ŽÄ“cŒS‘å‰ÍŒ´’¬","043210011000","Žšì£’¬","38.039333","140.734087","0","1"
"04","‹{éŒ§","04321","ŽÄ“cŒS‘å‰ÍŒ´’¬","043210012000","Žšˆ®’¬","38.050063","140.743652","0","1"
"04","‹{éŒ§","04321","ŽÄ“cŒS‘å‰ÍŒ´’¬","043210013000","Žš‘å’J’n","38.066218","140.739614","0","1"
"04","‹{éŒ§","04321","ŽÄ“cŒS‘å‰ÍŒ´’¬","043210014000","Žš‘åŠª","38.064675","140.740997","0","1"
"04","‹{éŒ§","04321","ŽÄ“cŒS‘å‰ÍŒ´’¬","043210015000","Žš‘åŽÅ","38.031076","140.729785","0","1"
"04","‹{éŒ§","04321","ŽÄ“cŒS‘å‰ÍŒ´’¬","043210016000","Žšã‚Ì‘q","38.036985","140.731042","0","1"
"04","‹{éŒ§","04321","ŽÄ“cŒS‘å‰ÍŒ´’¬","043210017000","Žš“ìŠC“¹‰º","38.046141","140.730746","0","1"
"04","‹{éŒ§","04321","ŽÄ“cŒS‘å‰ÍŒ´’¬","043210018000","Žš¼’¬","38.052442","140.734968","0","1"
"04","‹{éŒ§","04321","ŽÄ“cŒS‘å‰ÍŒ´’¬","043210019000","ŽšŠC“¹“Œ","38.055782","140.739655","0","1"
"04","‹{éŒ§","04321","ŽÄ“cŒS‘å‰ÍŒ´’¬","043210020000","Žš¼‰Y","38.047920","140.732835","0","1"
"04","‹{éŒ§","04321","ŽÄ“cŒS‘å‰ÍŒ´’¬","043210021000","ŽšŠC“¹¼","38.061615","140.744552","0","1"
"04","‹{éŒ§","04321","ŽÄ“cŒS‘å‰ÍŒ´’¬","043210022000","Žšç’Ë‘O","38.066322","140.734683","0","1"
"04","‹{éŒ§","04321","ŽÄ“cŒS‘å‰ÍŒ´’¬","043210023000","Žš‰ºìŒ´","38.042034","140.729350","0","1"
"04","‹{éŒ§","04321","ŽÄ“cŒS‘å‰ÍŒ´’¬","043210024000","ŽšbŽq’¬","38.044701","140.736883","0","1"
"04","‹{éŒ§","04321","ŽÄ“cŒS‘å‰ÍŒ´’¬","043210025000","ŽšãìŒ´","38.045069","140.730662","0","1"
"04","‹{éŒ§","04321","ŽÄ“cŒS‘å‰ÍŒ´’¬","043210026000","ŽšVã’J‘O","38.034698","140.730106","0","1"
"04","‹{éŒ§","04321","ŽÄ“cŒS‘å‰ÍŒ´’¬","043210027000","ŽšÀ","38.063848","140.721366","0","1"
"04","‹{éŒ§","04321","ŽÄ“cŒS‘å‰ÍŒ´’¬","043210028000","Žš‘³’J’n","38.061891","140.722400","0","1"
"04","‹{éŒ§","04321","ŽÄ“cŒS‘å‰ÍŒ´’¬","043210029000","Žš‰«’[","38.037045","140.711815","0","1"
"04","‹{éŒ§","04321","ŽÄ“cŒS‘å‰ÍŒ´’¬","043210030000","ŽšVÂì","38.062394","140.738769","0","1"
"04","‹{éŒ§","04321","ŽÄ“cŒS‘å‰ÍŒ´’¬","043210031000","ŽšL£’¬","38.044700","140.746340","0","1"
"04","‹{éŒ§","04321","ŽÄ“cŒS‘å‰ÍŒ´’¬","043210032000","Žš’†ƒm…–å","38.064935","140.734419","0","1"
"04","‹{éŒ§","04321","ŽÄ“cŒS‘å‰ÍŒ´’¬","043210033000","Žš“ì","38.049629","140.732482","0","1"
"04","‹{éŒ§","04321","ŽÄ“cŒS‘å‰ÍŒ´’¬","043210034000","Žš’†“‡’¬","38.045133","140.740301","0","1"
"04","‹{éŒ§","04321","ŽÄ“cŒS‘å‰ÍŒ´’¬","043210035000","Žš‰Îè","38.063635","140.730111","0","1"
"04","‹{éŒ§","04321","ŽÄ“cŒS‘å‰ÍŒ´’¬","043210036000","ŽšV÷’¬","38.060529","140.739776","0","1"
"04","‹{éŒ§","04321","ŽÄ“cŒS‘å‰ÍŒ´’¬","043210037000","ŽšZ‹g’¬","38.043161","140.739746","0","1"
"04","‹{éŒ§","04321","ŽÄ“cŒS‘å‰ÍŒ´’¬","043210038000","Žš“ìŒ´’¬","38.044070","140.724247","0","1"
"04","‹{éŒ§","04321","ŽÄ“cŒS‘å‰ÍŒ´’¬","043210039000","ŽšŽRè’¬","38.041214","140.741770","0","1"
"04","‹{éŒ§","04321","ŽÄ“cŒS‘å‰ÍŒ´’¬","043210040000","Žš“ŒŒ´’¬","38.044531","140.727145","0","1"
"04","‹{éŒ§","04321","ŽÄ“cŒS‘å‰ÍŒ´’¬","043210041000","Žš‹Ñ’¬","38.046211","140.744720","0","1"
"04","‹{éŒ§","04321","ŽÄ“cŒS‘å‰ÍŒ´’¬","043210042000","ŽšK’¬","38.047371","140.742132","0","1"
"04","‹{éŒ§","04321","ŽÄ“cŒS‘å‰ÍŒ´’¬","043210043000","Žš“ì÷’¬","38.058060","140.743540","0","1"
"04","‹{éŒ§","04321","ŽÄ“cŒS‘å‰ÍŒ´’¬","043210044000","Žš“Œ","38.059513","140.733241","0","1"
"04","‹{éŒ§","04321","ŽÄ“cŒS‘å‰ÍŒ´’¬","043210045000","ŽšãŠÚ‘O","38.033055","140.711229","0","1"
"04","‹{éŒ§","04321","ŽÄ“cŒS‘å‰ÍŒ´’¬","043210046000","Žš‚»’¬","38.052931","140.750161","0","1"
"04","‹{éŒ§","04321","ŽÄ“cŒS‘å‰ÍŒ´’¬","043210047000","Žš’†ìŒ´","38.043748","140.732249","0","1"
"04","‹{éŒ§","04321","ŽÄ“cŒS‘å‰ÍŒ´’¬","043210048000","Žš—Î’¬","38.043688","140.720308","0","1"
"04","‹{éŒ§","04321","ŽÄ“cŒS‘å‰ÍŒ´’¬","043210049000","Žš“ì•½","38.041407","140.719785","0","1"
"04","‹{éŒ§","04321","ŽÄ“cŒS‘å‰ÍŒ´’¬","043210050000","ŽšVŒÃì","38.041335","140.725992","0","1"
"04","‹{éŒ§","04321","ŽÄ“cŒS‘å‰ÍŒ´’¬","043210051000","Žš¼÷’¬","38.058877","140.741133","0","1"
"04","‹{éŒ§","04321","ŽÄ“cŒS‘å‰ÍŒ´’¬","043210052000","Žš‹´–{","38.063940","140.726003","0","1"
"04","‹{éŒ§","04321","ŽÄ“cŒS‘å‰ÍŒ´’¬","043210053000","ŽšVì‘O","38.037891","140.720029","0","1"
"04","‹{éŒ§","04321","ŽÄ“cŒS‘å‰ÍŒ´’¬","043210054000","Žš¬“‡","38.066266","140.737743","0","1"
"04","‹{éŒ§","04321","ŽÄ“cŒS‘å‰ÍŒ´’¬","043210055000","Žš“Œ÷’¬","38.058837","140.748895","0","1"
"04","‹{éŒ§","04321","ŽÄ“cŒS‘å‰ÍŒ´’¬","043210056000","Žš’†‚Ì‘q","38.039581","140.730318","0","1"
"04","‹{éŒ§","04321","ŽÄ“cŒS‘å‰ÍŒ´’¬","043210057000","Žš’¬","38.051030","140.736536","0","1"
"04","‹{éŒ§","04321","ŽÄ“cŒS‘å‰ÍŒ´’¬","043210058000","ŽšV“Œ","38.058404","140.735474","0","1"
"04","‹{éŒ§","04321","ŽÄ“cŒS‘å‰ÍŒ´’¬","043210059000","Žš¼","38.059543","140.725278","0","1"
"04","‹{éŒ§","04321","ŽÄ“cŒS‘å‰ÍŒ´’¬","043210060000","•Ÿ“c","38.070135","140.716303","0","1"
"04","‹{éŒ§","04321","ŽÄ“cŒS‘å‰ÍŒ´’¬","043210061000","VŽ›","38.065286","140.699604","0","1"
"04","‹{éŒ§","04321","ŽÄ“cŒS‘å‰ÍŒ´’¬","043210062000","¬ŽR“c","38.067018","140.709927","0","1"
"04","‹{éŒ§","04321","ŽÄ“cŒS‘å‰ÍŒ´’¬","043210063000","’ç","38.059384","140.688554","0","1"
"04","‹{éŒ§","04321","ŽÄ“cŒS‘å‰ÍŒ´’¬","043210064000","‘å’J","38.037645","140.733782","0","1"
"04","‹{éŒ§","04321","ŽÄ“cŒS‘å‰ÍŒ´’¬","043210065000","ŽšV“ì","38.050429","140.729163","0","1"
"04","‹{éŒ§","04321","ŽÄ“cŒS‘å‰ÍŒ´’¬","043210066000","Žš“ŒV’¬","38.043745","140.715645","0","1"
"04","‹{éŒ§","04321","ŽÄ“cŒS‘å‰ÍŒ´’¬","043210067000","‹àƒP£","38.048912","140.709030","0","1"
"04","‹{éŒ§","04321","ŽÄ“cŒS‘å‰ÍŒ´’¬","043210068000","ŽšL•\","38.046449","140.716068","0","1"
"04","‹{éŒ§","04322","ŽÄ“cŒS‘º“c’¬","043220001000","‘åŽšŠÖê","38.090371","140.721338","0","1"
"04","‹{éŒ§","04322","ŽÄ“cŒS‘º“c’¬","043220002000","‘åŽš”––Ø","38.099479","140.706337","0","1"
"04","‹{éŒ§","04322","ŽÄ“cŒS‘º“c’¬","043220003000","‘åŽšÀ“c","38.084415","140.703358","0","1"
"04","‹{éŒ§","04322","ŽÄ“cŒS‘º“c’¬","043220004000","‘åŽš‘º“c","38.118750","140.720709","0","1"
"04","‹{éŒ§","04322","ŽÄ“cŒS‘º“c’¬","043220005000","‘åŽšÀ•Ó","38.078000","140.737678","0","1"
"04","‹{éŒ§","04322","ŽÄ“cŒS‘º“c’¬","043220006000","‘åŽš¬ò","38.121071","140.745836","0","1"
"04","‹{éŒ§","04322","ŽÄ“cŒS‘º“c’¬","043220007000","‘åŽš›¶","38.159237","140.766478","0","1"
"04","‹{éŒ§","04322","ŽÄ“cŒS‘º“c’¬","043220008000","‘åŽš‘«—§","38.147570","140.699855","0","1"
"04","‹{éŒ§","04323","ŽÄ“cŒSŽÄ“c’¬","043230001001","‘D‰ªV‰hˆê’š–Ú","38.058502","140.781641","0","3"
"04","‹{éŒ§","04323","ŽÄ“cŒSŽÄ“c’¬","043230001002","‘D‰ªV‰h“ñ’š–Ú","38.056035","140.781632","0","3"
"04","‹{éŒ§","04323","ŽÄ“cŒSŽÄ“c’¬","043230001003","‘D‰ªV‰hŽO’š–Ú","38.053952","140.781557","0","3"
"04","‹{éŒ§","04323","ŽÄ“cŒSŽÄ“c’¬","043230001004","‘D‰ªV‰hŽl’š–Ú","38.051402","140.780972","0","3"
"04","‹{éŒ§","04323","ŽÄ“cŒSŽÄ“c’¬","043230001005","‘D‰ªV‰hŒÜ’š–Ú","38.049753","140.779889","0","3"
"04","‹{éŒ§","04323","ŽÄ“cŒSŽÄ“c’¬","043230001006","‘D‰ªV‰h˜Z’š–Ú","38.048646","140.782276","0","3"
"04","‹{éŒ§","04323","ŽÄ“cŒSŽÄ“c’¬","043230002001","‚ä‚¸‚ª‹uˆê’š–Ú","38.103841","140.785583","0","3"
"04","‹{éŒ§","04323","ŽÄ“cŒSŽÄ“c’¬","043230003001","’Î–Ø“Œˆê’š–Ú","38.082270","140.815737","0","3"
"04","‹{éŒ§","04323","ŽÄ“cŒSŽÄ“c’¬","043230003002","’Î–Ø“Œ“ñ’š–Ú","38.081130","140.818210","0","3"
"04","‹{éŒ§","04323","ŽÄ“cŒSŽÄ“c’¬","043230003003","’Î–Ø“ŒŽO’š–Ú","38.079604","140.818378","0","3"
"04","‹{éŒ§","04323","ŽÄ“cŒSŽÄ“c’¬","043230004001","’Î–Øã’¬ˆê’š–Ú","38.078201","140.812547","0","3"
"04","‹{éŒ§","04323","ŽÄ“cŒSŽÄ“c’¬","043230004002","’Î–Øã’¬“ñ’š–Ú","38.076743","140.809973","0","3"
"04","‹{éŒ§","04323","ŽÄ“cŒSŽÄ“c’¬","043230004003","’Î–Øã’¬ŽO’š–Ú","38.075583","140.812534","0","3"
"04","‹{éŒ§","04323","ŽÄ“cŒSŽÄ“c’¬","043230005001","Œ•èˆê’š–Ú","38.063130","140.801579","0","3"
"04","‹{éŒ§","04323","ŽÄ“cŒSŽÄ“c’¬","043230005002","Œ•è“ñ’š–Ú","38.061421","140.800646","0","3"
"04","‹{éŒ§","04323","ŽÄ“cŒSŽÄ“c’¬","043230006001","’Î–Ø‰º’¬ˆê’š–Ú","38.081235","140.814588","0","3"
"04","‹{éŒ§","04323","ŽÄ“cŒSŽÄ“c’¬","043230006002","’Î–Ø‰º’¬“ñ’š–Ú","38.079817","140.815338","0","3"
"04","‹{éŒ§","04323","ŽÄ“cŒSŽÄ“c’¬","043230006003","’Î–Ø‰º’¬ŽO’š–Ú","38.077132","140.815882","0","3"
"04","‹{éŒ§","04323","ŽÄ“cŒSŽÄ“c’¬","043230007001","’Î–Ø”’”¦ˆê’š–Ú","38.074478","140.808378","0","3"
"04","‹{éŒ§","04323","ŽÄ“cŒSŽÄ“c’¬","043230007002","’Î–Ø”’”¦“ñ’š–Ú","38.073543","140.811860","0","3"
"04","‹{éŒ§","04323","ŽÄ“cŒSŽÄ“c’¬","043230007003","’Î–Ø”’”¦ŽO’š–Ú","38.070904","140.809137","0","3"
"04","‹{éŒ§","04323","ŽÄ“cŒSŽÄ“c’¬","043230007004","’Î–Ø”’”¦Žl’š–Ú","38.071946","140.806675","0","3"
"04","‹{éŒ§","04323","ŽÄ“cŒSŽÄ“c’¬","043230007005","’Î–Ø”’”¦ŒÜ’š–Ú","38.070303","140.801591","0","3"
"04","‹{éŒ§","04323","ŽÄ“cŒSŽÄ“c’¬","043230008001","’Î–Ø‰w¼ˆê’š–Ú","38.078686","140.808308","0","3"
"04","‹{éŒ§","04323","ŽÄ“cŒSŽÄ“c’¬","043230008002","’Î–Ø‰w¼“ñ’š–Ú","38.082236","140.810187","0","3"
"04","‹{éŒ§","04323","ŽÄ“cŒSŽÄ“c’¬","043230008003","’Î–Ø‰w¼ŽO’š–Ú","38.080063","140.807871","0","3"
"04","‹{éŒ§","04323","ŽÄ“cŒSŽÄ“c’¬","043230009001","¼ƒP‰zˆê’š–Ú","38.086324","140.795854","0","3"
"04","‹{éŒ§","04323","ŽÄ“cŒSŽÄ“c’¬","043230009002","¼ƒP‰z“ñ’š–Ú","38.086822","140.797670","0","3"
"04","‹{éŒ§","04323","ŽÄ“cŒSŽÄ“c’¬","043230010001","‘D‰ª“ìˆê’š–Ú","38.052365","140.767073","0","3"
"04","‹{éŒ§","04323","ŽÄ“cŒSŽÄ“c’¬","043230010002","‘D‰ª“ì“ñ’š–Ú","38.051045","140.772230","0","3"
"04","‹{éŒ§","04323","ŽÄ“cŒSŽÄ“c’¬","043230011001","’Î–ØV’¬ˆê’š–Ú","38.079321","140.811595","0","3"
"04","‹{éŒ§","04323","ŽÄ“cŒSŽÄ“c’¬","043230012001","‘D‰ª“Œˆê’š–Ú","38.059548","140.774820","0","3"
"04","‹{éŒ§","04323","ŽÄ“cŒSŽÄ“c’¬","043230012002","‘D‰ª“Œ“ñ’š–Ú","38.057025","140.773813","0","3"
"04","‹{éŒ§","04323","ŽÄ“cŒSŽÄ“c’¬","043230012003","‘D‰ª“ŒŽO’š–Ú","38.053576","140.772792","0","3"
"04","‹{éŒ§","04323","ŽÄ“cŒSŽÄ“c’¬","043230012004","‘D‰ª“ŒŽl’š–Ú","38.057666","140.777697","0","3"
"04","‹{éŒ§","04323","ŽÄ“cŒSŽÄ“c’¬","043230013001","’Î–Ø¼ˆê’š–Ú","38.076235","140.805102","0","3"
"04","‹{éŒ§","04323","ŽÄ“cŒSŽÄ“c’¬","043230013002","’Î–Ø¼“ñ’š–Ú","38.073591","140.804188","0","3"
"04","‹{éŒ§","04323","ŽÄ“cŒSŽÄ“c’¬","043230013003","’Î–Ø¼ŽO’š–Ú","38.072873","140.801536","0","3"
"04","‹{éŒ§","04323","ŽÄ“cŒSŽÄ“c’¬","043230014001","–k‘D‰ªˆê’š–Ú","38.062027","140.767796","0","3"
"04","‹{éŒ§","04323","ŽÄ“cŒSŽÄ“c’¬","043230014002","–k‘D‰ª“ñ’š–Ú","38.061701","140.763755","0","3"
"04","‹{éŒ§","04323","ŽÄ“cŒSŽÄ“c’¬","043230014003","–k‘D‰ªŽO’š–Ú","38.060615","140.760642","0","3"
"04","‹{éŒ§","04323","ŽÄ“cŒSŽÄ“c’¬","043230015001","“Œ‘D”—ˆê’š–Ú","38.066890","140.784303","0","3"
"04","‹{éŒ§","04323","ŽÄ“cŒSŽÄ“c’¬","043230015002","“Œ‘D”—“ñ’š–Ú","38.065729","140.779941","0","3"
"04","‹{éŒ§","04323","ŽÄ“cŒSŽÄ“c’¬","043230016001","‘D‰ª’†‰›ˆê’š–Ú","38.058783","140.767976","0","3"
"04","‹{éŒ§","04323","ŽÄ“cŒSŽÄ“c’¬","043230016002","‘D‰ª’†‰›“ñ’š–Ú","38.056629","140.768498","0","3"
"04","‹{éŒ§","04323","ŽÄ“cŒSŽÄ“c’¬","043230016003","‘D‰ª’†‰›ŽO’š–Ú","38.053659","140.769428","0","3"
"04","‹{éŒ§","04323","ŽÄ“cŒSŽÄ“c’¬","043230017001","‘D‰ª“yŽè“àˆê’š–Ú","38.060815","140.769938","0","3"
"04","‹{éŒ§","04323","ŽÄ“cŒSŽÄ“c’¬","043230017002","‘D‰ª“yŽè“à“ñ’š–Ú","38.061879","140.774103","0","3"
"04","‹{éŒ§","04323","ŽÄ“cŒSŽÄ“c’¬","043230017003","‘D‰ª“yŽè“àŽO’š–Ú","38.062683","140.781918","0","3"
"04","‹{éŒ§","04323","ŽÄ“cŒSŽÄ“c’¬","043230018001","‘D‰ª¼ˆê’š–Ú","38.056758","140.763426","0","3"
"04","‹{éŒ§","04323","ŽÄ“cŒSŽÄ“c’¬","043230018002","‘D‰ª¼“ñ’š–Ú","38.051787","140.760795","0","3"
"04","‹{éŒ§","04323","ŽÄ“cŒSŽÄ“c’¬","043230019001","¼‘D”—ˆê’š–Ú","38.068080","140.766417","0","3"
"04","‹{éŒ§","04323","ŽÄ“cŒSŽÄ“c’¬","043230019002","¼‘D”—“ñ’š–Ú","38.063575","140.760546","0","3"
"04","‹{éŒ§","04323","ŽÄ“cŒSŽÄ“c’¬","043230019003","¼‘D”—ŽO’š–Ú","38.068469","140.761674","0","3"
"04","‹{éŒ§","04323","ŽÄ“cŒSŽÄ“c’¬","043230019004","¼‘D”—Žl’š–Ú","38.073654","140.766871","0","3"
"04","‹{éŒ§","04323","ŽÄ“cŒSŽÄ“c’¬","043230020000","‘åŽš¬¬“c","38.082996","140.769977","0","1"
"04","‹{éŒ§","04323","ŽÄ“cŒSŽÄ“c’¬","043230021000","‘åŽšŠC˜VŒŠ","38.089324","140.786816","0","1"
"04","‹{éŒ§","04323","ŽÄ“cŒSŽÄ“c’¬","043230022000","‘åŽšã–¼¶","38.057430","140.792182","0","1"
"04","‹{éŒ§","04323","ŽÄ“cŒSŽÄ“c’¬","043230023000","‘åŽš’†–¼¶","38.055598","140.797697","0","1"
"04","‹{éŒ§","04323","ŽÄ“cŒSŽÄ“c’¬","043230024000","‘åŽš‰º–¼¶","38.059498","140.805964","0","1"
"04","‹{éŒ§","04323","ŽÄ“cŒSŽÄ“c’¬","043230025000","‘åŽšãì–¼","38.098564","140.811770","0","1"
"04","‹{éŒ§","04323","ŽÄ“cŒSŽÄ“c’¬","043230026000","‘åŽš’Î–Ø","38.082793","140.801745","0","1"
"04","‹{éŒ§","04323","ŽÄ“cŒSŽÄ“c’¬","043230027000","‘åŽš–{‘D”—","38.070103","140.775174","0","1"
"04","‹{éŒ§","04323","ŽÄ“cŒSŽÄ“c’¬","043230028000","‘åŽšŽl“úŽsê","38.088768","140.821162","0","1"
"04","‹{éŒ§","04323","ŽÄ“cŒSŽÄ“c’¬","043230029000","‘åŽš¬“c","38.092050","140.766490","0","1"
"04","‹{éŒ§","04323","ŽÄ“cŒSŽÄ“c’¬","043230030000","‘åŽš‘D”—","38.075476","140.786256","0","1"
"04","‹{éŒ§","04323","ŽÄ“cŒSŽÄ“c’¬","043230031000","‘åŽš‘D‰ª","38.050689","140.755036","0","1"
"04","‹{éŒ§","04323","ŽÄ“cŒSŽÄ“c’¬","043230032000","‘åŽš•x‘ò","38.115413","140.811798","0","1"
"04","‹{éŒ§","04323","ŽÄ“cŒSŽÄ“c’¬","043230033000","‘åŽš—tâ","38.107965","140.767496","0","1"
"04","‹{éŒ§","04323","ŽÄ“cŒSŽÄ“c’¬","043230034000","‘åŽš“üŠÔ“c","38.115536","140.787209","0","1"
"04","‹{éŒ§","04324","ŽÄ“cŒSìè’¬","043240001000","Âª‰·ò","38.145949","140.533676","0","1"
"04","‹{éŒ§","04324","ŽÄ“cŒSìè’¬","043240002001","Žx‘q‘äˆê’š–Ú","38.200224","140.737544","0","3"
"04","‹{éŒ§","04324","ŽÄ“cŒSìè’¬","043240003000","‘åŽš¬–ì","38.196027","140.683619","0","1"
"04","‹{éŒ§","04324","ŽÄ“cŒSìè’¬","043240004000","‘åŽšì“à","38.210422","140.638485","0","1"
"04","‹{éŒ§","04324","ŽÄ“cŒSìè’¬","043240005000","‘åŽšŽx‘q","38.183370","140.713769","0","1"
"04","‹{éŒ§","04324","ŽÄ“cŒSìè’¬","043240006000","‘åŽš‘Oì","38.155858","140.573844","0","1"
"04","‹{éŒ§","04324","ŽÄ“cŒSìè’¬","043240007000","‘åŽš–{»‹à","38.240426","140.573301","0","1"
"04","‹{éŒ§","04324","ŽÄ“cŒSìè’¬","043240008000","‘åŽš¡h","38.204194","140.535720","0","1"
"04","‹{éŒ§","04341","ˆÉ‹ïŒSŠÛX’¬","043410001000","Žš’¹‰®ˆê","37.913637","140.764278","0","1"
"04","‹{éŒ§","04341","ˆÉ‹ïŒSŠÛX’¬","043410002000","Žšùƒm“c","37.905683","140.774860","0","1"
"04","‹{éŒ§","04341","ˆÉ‹ïŒSŠÛX’¬","043410003000","Žš–k‘O","37.892520","140.776994","0","1"
"04","‹{éŒ§","04341","ˆÉ‹ïŒSŠÛX’¬","043410004000","Žšã‘ê","37.871882","140.786698","0","1"
"04","‹{éŒ§","04341","ˆÉ‹ïŒSŠÛX’¬","043410005000","Žšœ“ì","37.914874","140.765910","0","1"
"04","‹{éŒ§","04341","ˆÉ‹ïŒSŠÛX’¬","043410006000","ŽšÀƒm‰º","37.909572","140.772158","0","1"
"04","‹{éŒ§","04341","ˆÉ‹ïŒSŠÛX’¬","043410007000","Žšœ","37.916045","140.763410","0","1"
"04","‹{éŒ§","04341","ˆÉ‹ïŒSŠÛX’¬","043410008000","Žšˆîê“Œ","37.890816","140.774733","0","1"
"04","‹{éŒ§","04341","ˆÉ‹ïŒSŠÛX’¬","043410009000","Žš‘Dê","37.922539","140.760475","0","1"
"04","‹{éŒ§","04341","ˆÉ‹ïŒSŠÛX’¬","043410010000","Žš‚Œ©–k","37.917060","140.694049","0","1"
"04","‹{éŒ§","04341","ˆÉ‹ïŒSŠÛX’¬","043410011000","Žš’†•½¼","37.904579","140.774498","0","1"
"04","‹{éŒ§","04341","ˆÉ‹ïŒSŠÛX’¬","043410012000","Žš”¨’†","37.900046","140.773219","0","1"
"04","‹{éŒ§","04341","ˆÉ‹ïŒSŠÛX’¬","043410013000","ŽšÎŸº","37.912752","140.777293","0","1"
"04","‹{éŒ§","04341","ˆÉ‹ïŒSŠÛX’¬","043410014000","Žš‹âˆÇ","37.899900","140.769510","0","1"
"04","‹{éŒ§","04341","ˆÉ‹ïŒSŠÛX’¬","043410015000","Žš‘å“¤ŒI","37.913722","140.785740","0","1"
"04","‹{éŒ§","04341","ˆÉ‹ïŒSŠÛX’¬","043410016000","ŽšV’¬","37.911236","140.775412","0","1"
"04","‹{éŒ§","04341","ˆÉ‹ïŒSŠÛX’¬","043410017000","Žš‹•‹ó‘ ‰º","37.906068","140.758279","0","1"
"04","‹{éŒ§","04341","ˆÉ‹ïŒSŠÛX’¬","043410018000","Žš•Hì“à","37.916442","140.758648","0","1"
"04","‹{éŒ§","04341","ˆÉ‹ïŒSŠÛX’¬","043410019000","ŽšŒã‰®•~","37.898109","140.771044","0","1"
"04","‹{éŒ§","04341","ˆÉ‹ïŒSŠÛX’¬","043410020000","ŽšŠ`–Ø“c","37.902429","140.772597","0","1"
"04","‹{éŒ§","04341","ˆÉ‹ïŒSŠÛX’¬","043410021000","ŽšçŠ ê","37.914658","140.768643","0","1"
"04","‹{éŒ§","04341","ˆÉ‹ïŒSŠÛX’¬","043410022000","Žš’Ë“c","37.896098","140.769623","0","1"
"04","‹{éŒ§","04341","ˆÉ‹ïŒSŠÛX’¬","043410023000","Žš˜a“c“Œ","37.891655","140.770936","0","1"
"04","‹{éŒ§","04341","ˆÉ‹ïŒSŠÛX’¬","043410024000","Žšò‰º","37.896173","140.776200","0","1"
"04","‹{éŒ§","04341","ˆÉ‹ïŒSŠÛX’¬","043410025000","Žš“»‹«","37.878383","140.684968","0","1"
"04","‹{éŒ§","04341","ˆÉ‹ïŒSŠÛX’¬","043410026000","Žš”Ñò","37.906445","140.761699","0","1"
"04","‹{éŒ§","04341","ˆÉ‹ïŒSŠÛX’¬","043410027000","ŽšV“c“Œ","37.876102","140.786042","0","1"
"04","‹{éŒ§","04341","ˆÉ‹ïŒSŠÛX’¬","043410028000","Žšì’[","37.899430","140.718443","0","1"
"04","‹{éŒ§","04341","ˆÉ‹ïŒSŠÛX’¬","043410029000","ŽšŽRè‘O","37.912413","140.760090","0","1"
"04","‹{éŒ§","04341","ˆÉ‹ïŒSŠÛX’¬","043410030000","Žš“»¬‰®‰º","37.876415","140.707120","0","1"
"04","‹{éŒ§","04341","ˆÉ‹ïŒSŠÛX’¬","043410031000","Žšã–î“c","37.883941","140.780100","0","1"
"04","‹{éŒ§","04341","ˆÉ‹ïŒSŠÛX’¬","043410032000","ŽšÀƒmã","37.906624","140.772887","0","1"
"04","‹{éŒ§","04341","ˆÉ‹ïŒSŠÛX’¬","043410033000","Žšã—Ñ“ì","37.892444","140.772001","0","1"
"04","‹{éŒ§","04341","ˆÉ‹ïŒSŠÛX’¬","043410034000","Žš¬‰®ª","37.901074","140.679514","0","1"
"04","‹{éŒ§","04341","ˆÉ‹ïŒSŠÛX’¬","043410035000","Žš’¬¼","37.914668","140.760574","0","1"
"04","‹{éŒ§","04341","ˆÉ‹ïŒSŠÛX’¬","043410036000","Žš’†“¹","37.888544","140.713135","0","1"
"04","‹{éŒ§","04341","ˆÉ‹ïŒSŠÛX’¬","043410037000","Žš‰zŠ˜","37.896200","140.674048","0","1"
"04","‹{éŒ§","04341","ˆÉ‹ïŒSŠÛX’¬","043410038000","Žš‹•‹ó‘ ã","37.906785","140.753860","0","1"
"04","‹{éŒ§","04341","ˆÉ‹ïŒSŠÛX’¬","043410039000","ŽšV“c¼","37.876096","140.784818","0","1"
"04","‹{éŒ§","04341","ˆÉ‹ïŒSŠÛX’¬","043410040000","Žš—§‘ò“ì","37.899709","140.665202","0","1"
"04","‹{éŒ§","04341","ˆÉ‹ïŒSŠÛX’¬","043410041000","Žš‚”¨","37.917040","140.760388","0","1"
"04","‹{éŒ§","04341","ˆÉ‹ïŒSŠÛX’¬","043410042000","Žš¼ŒE","37.897780","140.669980","0","1"
"04","‹{éŒ§","04341","ˆÉ‹ïŒSŠÛX’¬","043410043000","Žš‹à¬","37.896846","140.678730","0","1"
"04","‹{éŒ§","04341","ˆÉ‹ïŒSŠÛX’¬","043410044000","Žš‘å”¨‘O","37.899829","140.742485","0","1"
"04","‹{éŒ§","04341","ˆÉ‹ïŒSŠÛX’¬","043410045000","Žš[“c","37.902091","140.676441","0","1"
"04","‹{éŒ§","04341","ˆÉ‹ïŒSŠÛX’¬","043410046000","Žš“cƒm“ü","37.903332","140.680432","0","1"
"04","‹{éŒ§","04341","ˆÉ‹ïŒSŠÛX’¬","043410047000","Žš‘åìŒû","37.910333","140.757998","0","1"
"04","‹{éŒ§","04341","ˆÉ‹ïŒSŠÛX’¬","043410048000","Žš’¬“Œ","37.914955","140.762022","0","1"
"04","‹{éŒ§","04341","ˆÉ‹ïŒSŠÛX’¬","043410049000","ŽšŽRè","37.913098","140.758622","0","1"
"04","‹{éŒ§","04341","ˆÉ‹ïŒSŠÛX’¬","043410050000","Žš_–¾“ì","37.914279","140.771904","0","1"
"04","‹{éŒ§","04341","ˆÉ‹ïŒSŠÛX’¬","043410051000","ŽšÀ“c","37.904841","140.772064","0","1"
"04","‹{éŒ§","04341","ˆÉ‹ïŒSŠÛX’¬","043410052000","ŽšÔ–x","37.893500","140.775796","0","1"
"04","‹{éŒ§","04341","ˆÉ‹ïŒSŠÛX’¬","043410053000","Žšˆîê","37.891803","140.773844","0","1"
"04","‹{éŒ§","04341","ˆÉ‹ïŒSŠÛX’¬","043410054000","Žš•Ÿ‘ò‘O","37.892933","140.764116","0","1"
"04","‹{éŒ§","04341","ˆÉ‹ïŒSŠÛX’¬","043410055000","Žš‰H“ü","37.901580","140.779022","0","1"
"04","‹{éŒ§","04341","ˆÉ‹ïŒSŠÛX’¬","043410056000","Žš‘å–Ú","37.898725","140.774562","0","1"
"04","‹{éŒ§","04341","ˆÉ‹ïŒSŠÛX’¬","043410057000","Žšr‰®•~","37.904478","140.664247","0","1"
"04","‹{éŒ§","04341","ˆÉ‹ïŒSŠÛX’¬","043410058000","Žš[“c‰º","37.892796","140.748604","0","1"
"04","‹{éŒ§","04341","ˆÉ‹ïŒSŠÛX’¬","043410059000","Žš‹•‹ó‘ ’†","37.906239","140.756538","0","1"
"04","‹{éŒ§","04341","ˆÉ‹ïŒSŠÛX’¬","043410060000","Žš•ÐŠÝ","37.910764","140.759991","0","1"
"04","‹{éŒ§","04341","ˆÉ‹ïŒSŠÛX’¬","043410061000","Žš•g“c","37.909804","140.778064","0","1"
"04","‹{éŒ§","04341","ˆÉ‹ïŒSŠÛX’¬","043410062000","Žš‰º‘ê","37.923911","140.757170","0","1"
"04","‹{éŒ§","04341","ˆÉ‹ïŒSŠÛX’¬","043410063000","Žš“c’¬“ì","37.918044","140.762279","0","1"
"04","‹{éŒ§","04341","ˆÉ‹ïŒSŠÛX’¬","043410064000","Žš‰®•~‘O","37.902103","140.684589","0","1"
"04","‹{éŒ§","04341","ˆÉ‹ïŒSŠÛX’¬","043410065000","Žš•Ÿ‘ò","37.893936","140.763321","0","1"
"04","‹{éŒ§","04341","ˆÉ‹ïŒSŠÛX’¬","043410066000","ŽšŠå‰Ì","37.908331","140.761718","0","1"
"04","‹{éŒ§","04341","ˆÉ‹ïŒSŠÛX’¬","043410067000","Žš¬•Û“c","37.909406","140.754723","0","1"
"04","‹{éŒ§","04341","ˆÉ‹ïŒSŠÛX’¬","043410068000","Žš‰Î‘ÅÎ","37.904311","140.673678","0","1"
"04","‹{éŒ§","04341","ˆÉ‹ïŒSŠÛX’¬","043410069000","Žš‘ò“c","37.912109","140.753367","0","1"
"04","‹{éŒ§","04341","ˆÉ‹ïŒSŠÛX’¬","043410070000","Žš¼—t","37.899411","140.682678","0","1"
"04","‹{éŒ§","04341","ˆÉ‹ïŒSŠÛX’¬","043410071000","Žš‰z“c","37.903278","140.778990","0","1"
"04","‹{éŒ§","04341","ˆÉ‹ïŒSŠÛX’¬","043410072000","Žšã’n","37.900236","140.771359","0","1"
"04","‹{éŒ§","04341","ˆÉ‹ïŒSŠÛX’¬","043410073000","Žš–kŒ´“Œ","37.907001","140.663448","0","1"
"04","‹{éŒ§","04341","ˆÉ‹ïŒSŠÛX’¬","043410074000","Žš‰–ƒmŠL","37.893661","140.678275","0","1"
"04","‹{éŒ§","04341","ˆÉ‹ïŒSŠÛX’¬","043410075000","Žšã—Ñ“Œ","37.895259","140.774354","0","1"
"04","‹{éŒ§","04341","ˆÉ‹ïŒSŠÛX’¬","043410076000","Žš‰–ƒmŠLŒã","37.895428","140.677457","0","1"
"04","‹{éŒ§","04341","ˆÉ‹ïŒSŠÛX’¬","043410077000","Žš‘O‰ÍŒ´","37.889146","140.774565","0","1"
"04","‹{éŒ§","04341","ˆÉ‹ïŒSŠÛX’¬","043410078000","ŽšX","37.903124","140.678529","0","1"
"04","‹{éŒ§","04341","ˆÉ‹ïŒSŠÛX’¬","043410079000","Žš‘åìŒû‘O","37.908744","140.757805","0","1"
"04","‹{éŒ§","04341","ˆÉ‹ïŒSŠÛX’¬","043410080000","ŽšŒÜ•Ÿ’J","37.891877","140.765238","0","1"
"04","‹{éŒ§","04341","ˆÉ‹ïŒSŠÛX’¬","043410081000","ŽšL’¬","37.886166","140.716103","0","1"
"04","‹{éŒ§","04341","ˆÉ‹ïŒSŠÛX’¬","043410082000","Žš‘³ŒÜ˜Y","37.908987","140.667692","0","1"
"04","‹{éŒ§","04341","ˆÉ‹ïŒSŠÛX’¬","043410083000","ŽšŸºƒmã","37.910189","140.774627","0","1"
"04","‹{éŒ§","04341","ˆÉ‹ïŒSŠÛX’¬","043410084000","Žš‹g“c","37.898932","140.766401","0","1"
"04","‹{éŒ§","04341","ˆÉ‹ïŒSŠÛX’¬","043410085000","ŽšŒF–ì","37.886798","140.779188","0","1"
"04","‹{éŒ§","04341","ˆÉ‹ïŒSŠÛX’¬","043410086000","Žš÷Ÿº","37.882003","140.782289","0","1"
"04","‹{éŒ§","04341","ˆÉ‹ïŒSŠÛX’¬","043410087000","Žšì“c","37.906934","140.781543","0","1"
"04","‹{éŒ§","04341","ˆÉ‹ïŒSŠÛX’¬","043410088000","Žš’†“‡","37.893867","140.769662","0","1"
"04","‹{éŒ§","04341","ˆÉ‹ïŒSŠÛX’¬","043410089000","Žš”nŸº","37.885658","140.760333","0","1"
"04","‹{éŒ§","04341","ˆÉ‹ïŒSŠÛX’¬","043410090000","Žšì‘O","37.911132","140.663919","0","1"
"04","‹{éŒ§","04341","ˆÉ‹ïŒSŠÛX’¬","043410091000","Žš•¨Œ©","37.910377","140.680577","0","1"
"04","‹{éŒ§","04341","ˆÉ‹ïŒSŠÛX’¬","043410092000","Žšã—Ñ¼","37.896345","140.772365","0","1"
"04","‹{éŒ§","04341","ˆÉ‹ïŒSŠÛX’¬","043410093000","Žšã–ì’¬","37.900765","140.717822","0","1"
"04","‹{éŒ§","04341","ˆÉ‹ïŒSŠÛX’¬","043410094000","Žš‚¼","37.879718","140.783900","0","1"
"04","‹{éŒ§","04341","ˆÉ‹ïŒSŠÛX’¬","043410095000","Žš‘åŒÃ’¬–k","37.912710","140.780538","0","1"
"04","‹{éŒ§","04341","ˆÉ‹ïŒSŠÛX’¬","043410096000","Žš‰º–î“c","37.886717","140.777230","0","1"
"04","‹{éŒ§","04341","ˆÉ‹ïŒSŠÛX’¬","043410097000","Žšé“Œ","37.910817","140.780514","0","1"
"04","‹{éŒ§","04341","ˆÉ‹ïŒSŠÛX’¬","043410098001","Žš‘åŠÚˆê’š–Ú","37.929268","140.762032","0","3"
"04","‹{éŒ§","04341","ˆÉ‹ïŒSŠÛX’¬","043410098002","Žš‘åŠÚ“ñ’š–Ú","37.927010","140.764840","0","3"
"04","‹{éŒ§","04341","ˆÉ‹ïŒSŠÛX’¬","043410098003","Žš‘åŠÚŽO’š–Ú","37.923724","140.763408","0","3"
"04","‹{éŒ§","04341","ˆÉ‹ïŒSŠÛX’¬","043410099000","ŽšŽR“c‰º","37.927503","140.737200","0","1"
"04","‹{éŒ§","04341","ˆÉ‹ïŒSŠÛX’¬","043410100000","Žš–ö“Œ","37.905083","140.770423","0","1"
"04","‹{éŒ§","04341","ˆÉ‹ïŒSŠÛX’¬","043410101000","ŽšÒŠ—","37.898146","140.757532","0","1"
"04","‹{éŒ§","04341","ˆÉ‹ïŒSŠÛX’¬","043410102000","Žš“úŒü","37.902173","140.767301","0","1"
"04","‹{éŒ§","04341","ˆÉ‹ïŒSŠÛX’¬","043410103000","Žš¬–V–Ø“ì","37.897348","140.673396","0","1"
"04","‹{éŒ§","04341","ˆÉ‹ïŒSŠÛX’¬","043410104000","ŽšèGŽ¡‰®","37.899319","140.679875","0","1"
"04","‹{éŒ§","04341","ˆÉ‹ïŒSŠÛX’¬","043410105000","ŽšŽµ”½’¬","37.907979","140.770744","0","1"
"04","‹{éŒ§","04341","ˆÉ‹ïŒSŠÛX’¬","043410106000","Žš“»‰ôŒË","37.876906","140.705371","0","1"
"04","‹{éŒ§","04341","ˆÉ‹ïŒSŠÛX’¬","043410107000","Žš‚¼","37.903024","140.762431","0","1"
"04","‹{éŒ§","04341","ˆÉ‹ïŒSŠÛX’¬","043410108000","Žš•½","37.910548","140.788141","0","1"
"04","‹{éŒ§","04341","ˆÉ‹ïŒSŠÛX’¬","043410109000","Žš“úŒüã","37.901859","140.764244","0","1"
"04","‹{éŒ§","04341","ˆÉ‹ïŒSŠÛX’¬","043410110000","Žš_–¾","37.914902","140.774202","0","1"
"04","‹{éŒ§","04341","ˆÉ‹ïŒSŠÛX’¬","043410111000","Žš”~–Øâ","37.896045","140.754701","0","1"
"04","‹{éŒ§","04341","ˆÉ‹ïŒSŠÛX’¬","043410112000","Žšr“c","37.893635","140.758919","0","1"
"04","‹{éŒ§","04341","ˆÉ‹ïŒSŠÛX’¬","043410113000","Žš’†•½“ì","37.902796","140.776138","0","1"
"04","‹{éŒ§","04341","ˆÉ‹ïŒSŠÛX’¬","043410114000","Žš’†‘ò","37.913753","140.692599","0","1"
"04","‹{éŒ§","04341","ˆÉ‹ïŒSŠÛX’¬","043410115000","Žš‘åŽ­–ì","37.906021","140.696951","0","1"
"04","‹{éŒ§","04341","ˆÉ‹ïŒSŠÛX’¬","043410116000","Žš‹{ƒm˜e","37.905414","140.778893","0","1"
"04","‹{éŒ§","04341","ˆÉ‹ïŒSŠÛX’¬","043410117000","Žš–îô","37.912546","140.773464","0","1"
"04","‹{éŒ§","04341","ˆÉ‹ïŒSŠÛX’¬","043410118000","Žš‘åŠª–k","37.904002","140.668228","0","1"
"04","‹{éŒ§","04341","ˆÉ‹ïŒSŠÛX’¬","043410119000","Žšž­—Ñ","37.902272","140.673805","0","1"
"04","‹{éŒ§","04341","ˆÉ‹ïŒSŠÛX’¬","043410120000","ŽšŠ}¼","37.905184","140.689291","0","1"
"04","‹{éŒ§","04341","ˆÉ‹ïŒSŠÛX’¬","043410121000","ŽšV“cŒü","37.878634","140.787209","0","1"
"04","‹{éŒ§","04341","ˆÉ‹ïŒSŠÛX’¬","043410122000","Žš‘³ŽR","37.911108","140.667309","0","1"
"04","‹{éŒ§","04341","ˆÉ‹ïŒSŠÛX’¬","043410123000","Žš”’‹à","37.911640","140.784710","0","1"
"04","‹{éŒ§","04341","ˆÉ‹ïŒSŠÛX’¬","043410124000","Žš“úÆ“c","37.908233","140.665301","0","1"
"04","‹{éŒ§","04341","ˆÉ‹ïŒSŠÛX’¬","043410125000","ŽšÎ‘q‘O","37.882195","140.779125","0","1"
"04","‹{éŒ§","04341","ˆÉ‹ïŒSŠÛX’¬","043410126000","Žš¼‚Ì•½","37.904468","140.694763","0","1"
"04","‹{éŒ§","04341","ˆÉ‹ïŒSŠÛX’¬","043410127000","Žš‘å‚X","37.896645","140.682910","0","1"
"04","‹{éŒ§","04341","ˆÉ‹ïŒSŠÛX’¬","043410128000","ŽšŽl”½“c","37.897717","140.767190","0","1"
"04","‹{éŒ§","04341","ˆÉ‹ïŒSŠÛX’¬","043410129000","Žš_–¾“Œ","37.914886","140.777614","0","1"
"04","‹{éŒ§","04341","ˆÉ‹ïŒSŠÛX’¬","043410130000","Žš–k‘ò","37.908934","140.751568","0","1"
"04","‹{éŒ§","04341","ˆÉ‹ïŒSŠÛX’¬","043410131000","Žš“°ƒm“ü","37.890974","140.760031","0","1"
"04","‹{éŒ§","04341","ˆÉ‹ïŒSŠÛX’¬","043410132000","ŽšŒÏÎ","37.896744","140.757852","0","1"
"04","‹{éŒ§","04341","ˆÉ‹ïŒSŠÛX’¬","043410133000","Žš“»‘ê‘ò","37.874231","140.691402","0","1"
"04","‹{éŒ§","04341","ˆÉ‹ïŒSŠÛX’¬","043410134000","ŽšL•½","37.898910","140.675810","0","1"
"04","‹{éŒ§","04341","ˆÉ‹ïŒSŠÛX’¬","043410135000","Žš•~•¶¼","37.923885","140.747372","0","1"
"04","‹{éŒ§","04341","ˆÉ‹ïŒSŠÛX’¬","043410136000","Žš”–Ø","37.906763","140.683005","0","1"
"04","‹{éŒ§","04341","ˆÉ‹ïŒSŠÛX’¬","043410137000","ŽšŽèŠ|‹´’†","37.894677","140.723595","0","1"
"04","‹{éŒ§","04341","ˆÉ‹ïŒSŠÛX’¬","043410138000","Žš‘êŒ´","37.875454","140.781536","0","1"
"04","‹{éŒ§","04341","ˆÉ‹ïŒSŠÛX’¬","043410139000","Žš”ÂŽR","37.911234","140.749919","0","1"
"04","‹{éŒ§","04341","ˆÉ‹ïŒSŠÛX’¬","043410140000","Žš¬–V–Ø–k","37.900357","140.671766","0","1"
"04","‹{éŒ§","04341","ˆÉ‹ïŒSŠÛX’¬","043410141000","ŽšŽèŠ|‹´¼","37.895759","140.720805","0","1"
"04","‹{éŒ§","04341","ˆÉ‹ïŒSŠÛX’¬","043410142000","ŽšŽld”žŽl","37.877596","140.732383","0","1"
"04","‹{éŒ§","04341","ˆÉ‹ïŒSŠÛX’¬","043410143000","Žš‰®•~","37.903043","140.685808","0","1"
"04","‹{éŒ§","04341","ˆÉ‹ïŒSŠÛX’¬","043410144000","Žš»“c","37.891794","140.684717","0","1"
"04","‹{éŒ§","04341","ˆÉ‹ïŒSŠÛX’¬","043410145000","Žš‰H“ü‘O","37.900793","140.778257","0","1"
"04","‹{éŒ§","04341","ˆÉ‹ïŒSŠÛX’¬","043410146000","Žš‹óÄ","37.893507","140.683018","0","1"
"04","‹{éŒ§","04341","ˆÉ‹ïŒSŠÛX’¬","043410147000","Žšˆ¤“†“c","37.910326","140.767703","0","1"
"04","‹{éŒ§","04341","ˆÉ‹ïŒSŠÛX’¬","043410148000","Žš‚Œ©“ì","37.915698","140.694638","0","1"
"04","‹{éŒ§","04341","ˆÉ‹ïŒSŠÛX’¬","043410149000","Žš—§‘ò–k","37.901790","140.668354","0","1"
"04","‹{éŒ§","04341","ˆÉ‹ïŒSŠÛX’¬","043410150000","Žš“yƒPX","37.902607","140.753309","0","1"
"04","‹{éŒ§","04341","ˆÉ‹ïŒSŠÛX’¬","043410151000","Žš“»‘O","37.878177","140.703033","0","1"
"04","‹{éŒ§","04341","ˆÉ‹ïŒSŠÛX’¬","043410152000","ŽšŒüŒ´","37.889322","140.765949","0","1"
"04","‹{éŒ§","04341","ˆÉ‹ïŒSŠÛX’¬","043410153000","Žš…‘ò","37.910148","140.671896","0","1"
"04","‹{éŒ§","04341","ˆÉ‹ïŒSŠÛX’¬","043410154000","Žš‰Ô“c","37.910692","140.763739","0","1"
"04","‹{éŒ§","04341","ˆÉ‹ïŒSŠÛX’¬","043410155000","Žš–kŒ´“ì","37.905480","140.667987","0","1"
"04","‹{éŒ§","04341","ˆÉ‹ïŒSŠÛX’¬","043410156000","Žš’|’J","37.906308","140.764447","0","1"
"04","‹{éŒ§","04341","ˆÉ‹ïŒSŠÛX’¬","043410157000","Žš‰HŽR","37.904034","140.784504","0","1"
"04","‹{éŒ§","04341","ˆÉ‹ïŒSŠÛX’¬","043410158000","Žš‘åŠª“ì","37.902521","140.664809","0","1"
"04","‹{éŒ§","04341","ˆÉ‹ïŒSŠÛX’¬","043410159000","Žš“»â‰º","37.874056","140.696619","0","1"
"04","‹{éŒ§","04341","ˆÉ‹ïŒSŠÛX’¬","043410160000","Žš’†‰®•~","37.917131","140.750760","0","1"
"04","‹{éŒ§","04341","ˆÉ‹ïŒSŠÛX’¬","043410161000","ŽšŽ›“à‘O","37.906954","140.787078","0","1"
"04","‹{éŒ§","04341","ˆÉ‹ïŒSŠÛX’¬","043410162000","ŽšŽqˆÀ","37.909955","140.694092","0","1"
"04","‹{éŒ§","04341","ˆÉ‹ïŒSŠÛX’¬","043410163000","ŽšŒÜ–{¼","37.898231","140.722590","0","1"
"04","‹{éŒ§","04341","ˆÉ‹ïŒSŠÛX’¬","043410164000","Žšâã","37.895968","140.763841","0","1"
"04","‹{éŒ§","04341","ˆÉ‹ïŒSŠÛX’¬","043410165000","ŽšÎŠ˜","37.895818","140.690514","0","1"
"04","‹{éŒ§","04341","ˆÉ‹ïŒSŠÛX’¬","043410166000","Žš’†•½–k","37.906852","140.775862","0","1"
"04","‹{éŒ§","04341","ˆÉ‹ïŒSŠÛX’¬","043410167000","ŽšHŽÄ","37.896522","140.730368","0","1"
"04","‹{éŒ§","04341","ˆÉ‹ïŒSŠÛX’¬","043410168000","–ØÀ","37.941641","140.772271","0","1"
"04","‹{éŒ§","04341","ˆÉ‹ïŒSŠÛX’¬","043410169000","Žš—R“êâ","37.904645","140.752298","0","1"
"04","‹{éŒ§","04341","ˆÉ‹ïŒSŠÛX’¬","043410170000","Žšœ–k","37.916671","140.767660","0","1"
"04","‹{éŒ§","04341","ˆÉ‹ïŒSŠÛX’¬","043410171000","ŽšŒ‡“ü‘OŽR","37.885207","140.713412","0","1"
"04","‹{éŒ§","04341","ˆÉ‹ïŒSŠÛX’¬","043410172000","Žš‹ÊŠÑ","37.916343","140.753831","0","1"
"04","‹{éŒ§","04341","ˆÉ‹ïŒSŠÛX’¬","043410173000","Žš“c’¬–k","37.920563","140.761385","0","1"
"04","‹{éŒ§","04341","ˆÉ‹ïŒSŠÛX’¬","043410174000","ŽšŽld”ž˜Z","37.883515","140.733364","0","1"
"04","‹{éŒ§","04341","ˆÉ‹ïŒSŠÛX’¬","043410175000","Žš’†ƒm“à","37.899410","140.762669","0","1"
"04","‹{éŒ§","04341","ˆÉ‹ïŒSŠÛX’¬","043410176000","Žš‰Ho’ë","37.906605","140.679495","0","1"
"04","‹{éŒ§","04341","ˆÉ‹ïŒSŠÛX’¬","043410177000","Žš•¢–~ŽqŒ´","37.904605","140.692399","0","1"
"04","‹{éŒ§","04341","ˆÉ‹ïŒSŠÛX’¬","043410178000","Žšä¾X","37.893830","140.688897","0","1"
"04","‹{éŒ§","04341","ˆÉ‹ïŒSŠÛX’¬","043410179000","ŽšŽ›“à","37.907311","140.783625","0","1"
"04","‹{éŒ§","04341","ˆÉ‹ïŒSŠÛX’¬","043410180000","ŠÚ–îŠÔ¼Š|","37.941523","140.755075","0","1"
"04","‹{éŒ§","04341","ˆÉ‹ïŒSŠÛX’¬","043410181000","Žš‘â","37.897237","140.667175","0","1"
"04","‹{éŒ§","04341","ˆÉ‹ïŒSŠÛX’¬","043410182000","ŽšŠpØ","37.894315","140.672597","0","1"
"04","‹{éŒ§","04341","ˆÉ‹ïŒSŠÛX’¬","043410183000","ŽšŽld”žŽO","37.874641","140.729107","0","1"
"04","‹{éŒ§","04341","ˆÉ‹ïŒSŠÛX’¬","043410184000","Žš’¹‰®","37.913411","140.767068","0","1"
"04","‹{éŒ§","04341","ˆÉ‹ïŒSŠÛX’¬","043410185000","Žš•½ê","37.907383","140.672210","0","1"
"04","‹{éŒ§","04341","ˆÉ‹ïŒSŠÛX’¬","043410186000","ŽšŽRŒÃ’J","37.886882","140.782055","0","1"
"04","‹{éŒ§","04341","ˆÉ‹ïŒSŠÛX’¬","043410187000","Žš–ö","37.905210","140.768001","0","1"
"04","‹{éŒ§","04341","ˆÉ‹ïŒSŠÛX’¬","043410188000","Žš‰ô‘q","37.912766","140.694512","0","1"
"04","‹{éŒ§","04341","ˆÉ‹ïŒSŠÛX’¬","043410189000","Žš“»‰¡Œü","37.880161","140.705650","0","1"
"04","‹{éŒ§","04341","ˆÉ‹ïŒSŠÛX’¬","043410190000","Žš‘D‰z","37.924971","140.725001","0","1"
"04","‹{éŒ§","04341","ˆÉ‹ïŒSŠÛX’¬","043410191000","ŽšŒ‡“üã","37.885230","140.707923","0","1"
"04","‹{éŒ§","04341","ˆÉ‹ïŒSŠÛX’¬","043410192000","Žš•~•¶“Œ","37.922627","140.752282","0","1"
"04","‹{éŒ§","04341","ˆÉ‹ïŒSŠÛX’¬","043410193000","Žš‚¤‚é‚µŒ´","37.914436","140.756365","0","1"
"04","‹{éŒ§","04341","ˆÉ‹ïŒSŠÛX’¬","043410194000","Žš“»Œü","37.872607","140.702372","0","1"
"04","‹{éŒ§","04341","ˆÉ‹ïŒSŠÛX’¬","043410195000","Žš“V‰¤","37.892534","140.781586","0","1"
"04","‹{éŒ§","04341","ˆÉ‹ïŒSŠÛX’¬","043410196000","Žš“»‰º","37.881260","140.709690","0","1"
"04","‹{éŒ§","04341","ˆÉ‹ïŒSŠÛX’¬","043410197000","Žš”Ñ’Ë","37.903311","140.759027","0","1"
"04","‹{éŒ§","04341","ˆÉ‹ïŒSŠÛX’¬","043410198000","Žš“ñ–{–Ø","37.913064","140.789006","0","1"
"04","‹{éŒ§","04341","ˆÉ‹ïŒSŠÛX’¬","043410199000","ŽšÀ","37.881804","140.786027","0","1"
"04","‹{éŒ§","04341","ˆÉ‹ïŒSŠÛX’¬","043410200000","ŽšŽO•r“à","37.890012","140.780885","0","1"
"04","‹{éŒ§","04341","ˆÉ‹ïŒSŠÛX’¬","043410201000","ŽšØ—§","37.890075","140.748318","0","1"
"04","‹{éŒ§","04341","ˆÉ‹ïŒSŠÛX’¬","043410202000","ŽšŒ´ê","37.889823","140.755698","0","1"
"04","‹{éŒ§","04341","ˆÉ‹ïŒSŠÛX’¬","043410203000","Žšž­’Ë","37.894069","140.752592","0","1"
"04","‹{éŒ§","04341","ˆÉ‹ïŒSŠÛX’¬","043410204000","ŽšªŽq“ü","37.907489","140.748424","0","1"
"04","‹{éŒ§","04341","ˆÉ‹ïŒSŠÛX’¬","043410205000","ŽR“c","37.933055","140.760517","0","1"
"04","‹{éŒ§","04341","ˆÉ‹ïŒSŠÛX’¬","043410206000","Žš¬‘q","37.930671","140.705640","0","1"
"04","‹{éŒ§","04341","ˆÉ‹ïŒSŠÛX’¬","043410207000","Žš‘êƒmã","37.911542","140.685254","0","1"
"04","‹{éŒ§","04341","ˆÉ‹ïŒSŠÛX’¬","043410208000","Žš•s“®","37.871266","140.783282","0","1"
"04","‹{éŒ§","04341","ˆÉ‹ïŒSŠÛX’¬","043410209000","ŽšŽld”žŽµ","37.887531","140.731348","0","1"
"04","‹{éŒ§","04341","ˆÉ‹ïŒSŠÛX’¬","043410210000","ŽšìŒ´“c","37.909172","140.676844","0","1"
"04","‹{éŒ§","04341","ˆÉ‹ïŒSŠÛX’¬","043410211000","Žš•¼","37.899080","140.784374","0","1"
"04","‹{éŒ§","04341","ˆÉ‹ïŒSŠÛX’¬","043410212000","Žš‹àƒPì‘O","37.898523","140.752243","0","1"
"04","‹{éŒ§","04341","ˆÉ‹ïŒSŠÛX’¬","043410213000","Žš ‰P","37.883576","140.717985","0","1"
"04","‹{éŒ§","04341","ˆÉ‹ïŒSŠÛX’¬","043410214000","Žš‹Žq","37.887312","140.761708","0","1"
"04","‹{éŒ§","04341","ˆÉ‹ïŒSŠÛX’¬","043410215000","ŽšŒ‡“ü›","37.892114","140.710561","0","1"
"04","‹{éŒ§","04341","ˆÉ‹ïŒSŠÛX’¬","043410216000","ŽšŽld”žˆê","37.882771","140.726991","0","1"
"04","‹{éŒ§","04341","ˆÉ‹ïŒSŠÛX’¬","043410217000","ŽšŽld”ž“ñ","37.875720","140.725480","0","1"
"04","‹{éŒ§","04341","ˆÉ‹ïŒSŠÛX’¬","043410218000","Žš‹àƒPì","37.897224","140.745594","0","1"
"04","‹{éŒ§","04341","ˆÉ‹ïŒSŠÛX’¬","043410219000","Žš“V˜F","37.925609","140.738149","0","1"
"04","‹{éŒ§","04341","ˆÉ‹ïŒSŠÛX’¬","043410220000","Žšâ‰º","37.907522","140.687717","0","1"
"04","‹{éŒ§","04341","ˆÉ‹ïŒSŠÛX’¬","043410221000","Žš•Žm‘ò","37.902015","140.747141","0","1"
"04","‹{éŒ§","04341","ˆÉ‹ïŒSŠÛX’¬","043410222000","Žšò","37.896172","140.780833","0","1"
"04","‹{éŒ§","04341","ˆÉ‹ïŒSŠÛX’¬","043410223000","Žš‰ªŠª","37.932852","140.701635","0","1"
"04","‹{éŒ§","04341","ˆÉ‹ïŒSŠÛX’¬","043410224000","Žš˜a“c¼","37.887439","140.770776","0","1"
"04","‹{éŒ§","04341","ˆÉ‹ïŒSŠÛX’¬","043410225000","ŽšŽèŠ|‹´“Œ","37.894814","140.726466","0","1"
"04","‹{éŒ§","04341","ˆÉ‹ïŒSŠÛX’¬","043410226000","Žš‰º‘ê“ì","37.920687","140.755769","0","1"
"04","‹{éŒ§","04341","ˆÉ‹ïŒSŠÛX’¬","043410227000","Žš•S‡‘ò","37.922299","140.743411","0","1"
"04","‹{éŒ§","04341","ˆÉ‹ïŒSŠÛX’¬","043410228000","ŽšŽR“cã","37.927735","140.723260","0","1"
"04","‹{éŒ§","04341","ˆÉ‹ïŒSŠÛX’¬","043410229000","Žš»ƒm“ü","37.927027","140.698072","0","1"
"04","‹{éŒ§","04341","ˆÉ‹ïŒSŠÛX’¬","043410230000","ŽšŽld”žŒÜ","37.880466","140.736646","0","1"
"04","‹{éŒ§","04341","ˆÉ‹ïŒSŠÛX’¬","043410231000","Žšã‘ê¼","37.869189","140.786429","0","1"
"04","‹{éŒ§","04341","ˆÉ‹ïŒSŠÛX’¬","043410232000","Žš[“cã","37.892025","140.740742","0","1"
"04","‹{éŒ§","04341","ˆÉ‹ïŒSŠÛX’¬","043410233000","Žš“»Šv“¥Î","37.876984","140.722513","0","1"
"04","‹{éŒ§","04341","ˆÉ‹ïŒSŠÛX’¬","043410234000","Žš’¹–Ø","37.889362","140.692913","0","1"
"04","‹{éŒ§","04341","ˆÉ‹ïŒSŠÛX’¬","043410235000","Žš“»‹´Œ³","37.875977","140.718105","0","1"
"04","‹{éŒ§","04341","ˆÉ‹ïŒSŠÛX’¬","043410236000","Žš–Ø—Ž","37.930108","140.712645","0","1"
"04","‹{éŒ§","04341","ˆÉ‹ïŒSŠÛX’¬","043410237000","ŽšŠÖê","37.890558","140.705810","0","1"
"04","‹{éŒ§","04341","ˆÉ‹ïŒSŠÛX’¬","043410238000","Žš–ö“c","37.886600","140.743003","0","1"
"04","‹{éŒ§","04341","ˆÉ‹ïŒSŠÛX’¬","043410239000","Žš‘å”¨","37.903457","140.736307","0","1"
"04","‹{éŒ§","04341","ˆÉ‹ïŒSŠÛX’¬","043410240000","Žšì“c“‡›","37.897098","140.712532","0","1"
"04","‹{éŒ§","04341","ˆÉ‹ïŒSŠÛX’¬","043410241000","ŽšŒ‡“ü‰º","37.889803","140.722157","0","1"
"04","‹{éŒ§","04341","ˆÉ‹ïŒSŠÛX’¬","043410242000","Žš‹È–Ø","37.905660","140.712779","0","1"
"04","‹{éŒ§","04341","ˆÉ‹ïŒSŠÛX’¬","043410243000","Žš˜n•½","37.878323","140.761566","0","1"
"04","‹{éŒ§","04341","ˆÉ‹ïŒSŠÛX’¬","043410244000","Žš“»–ìã","37.872631","140.711450","0","1"
"04","‹{éŒ§","04341","ˆÉ‹ïŒSŠÛX’¬","043410245000","Žšã‘ê“Œ","37.862365","140.787802","0","1"
"04","‹{éŒ§","04341","ˆÉ‹ïŒSŠÛX’¬","043410246000","Žšì“c“‡","37.905619","140.723117","0","1"
"04","‹{éŒ§","04341","ˆÉ‹ïŒSŠÛX’¬","043410247000","Žš“»ã","37.880934","140.696768","0","1"
"04","‹{éŒ§","04341","ˆÉ‹ïŒSŠÛX’¬","043410248000","¼Š|","37.941422","140.764406","0","1"
"04","‹{éŒ§","04341","ˆÉ‹ïŒSŠÛX’¬","043410249000","ŽšÎ‘q","37.877793","140.770934","0","1"
"04","‹{éŒ§","04341","ˆÉ‹ïŒSŠÛX’¬","043410250000","ŽšÎ‰H","37.873275","140.776050","0","1"
"04","‹{éŒ§","04341","ˆÉ‹ïŒSŠÛX’¬","043410251000","Žš”–•½","37.878247","140.751772","0","1"
"04","‹{éŒ§","04341","ˆÉ‹ïŒSŠÛX’¬","043410252000","Žš”~–Ø•½","37.910643","140.734934","0","1"
"04","‹{éŒ§","04341","ˆÉ‹ïŒSŠÛX’¬","043410253000","ŠÚ–îŠÔ–ØÀ","37.945897","140.783616","0","1"
"04","‹{éŒ§","04341","ˆÉ‹ïŒSŠÛX’¬","043410254000","Žš¼","37.905167","140.703285","0","1"
"04","‹{éŒ§","04341","ˆÉ‹ïŒSŠÛX’¬","043410255000","Žš¬’Ë","37.920110","140.723576","0","1"
"04","‹{éŒ§","04341","ˆÉ‹ïŒSŠÛX’¬","043410256000","ŠÚ–îŠÔŽR“c","37.935373","140.739914","0","1"
"04","‹{éŒ§","04341","ˆÉ‹ïŒSŠÛX’¬","043410257000","ŠÚ–îŠÔŠÚŽR","37.924161","140.784461","0","1"
"04","‹{éŒ§","04341","ˆÉ‹ïŒSŠÛX’¬","043410258000","‘å’£‘å‘ ","37.951404","140.692286","0","1"
"04","‹{éŒ§","04341","ˆÉ‹ïŒSŠÛX’¬","043410259000","‹àŽR","37.896632","140.797901","0","1"
"04","‹{éŒ§","04341","ˆÉ‹ïŒSŠÛX’¬","043410260000","¬Ö","37.918723","140.821661","0","1"
"04","‹{éŒ§","04341","ˆÉ‹ïŒSŠÛX’¬","043410261000","‘å’£ì’£","37.930758","140.678886","0","1"
"04","‹{éŒ§","04341","ˆÉ‹ïŒSŠÛX’¬","043410262000","k–ì","37.922109","140.650925","0","1"
"04","‹{éŒ§","04341","ˆÉ‹ïŒSŠÛX’¬","043410263000","‘å“à","37.854105","140.821528","0","1"
"04","‹{éŒ§","04341","ˆÉ‹ïŒSŠÛX’¬","043410264000","•M•á","37.826695","140.730840","0","1"
"04","‹{éŒ§","04361","˜j—ŒS˜j—’¬","043610001000","Žš“¹“c’†","38.039208","140.864107","0","1"
"04","‹{éŒ§","04361","˜j—ŒS˜j—’¬","043610002000","Žš“¹“c“Œ","38.039884","140.865535","0","1"
"04","‹{éŒ§","04361","˜j—ŒS˜j—’¬","043610003000","Žš‹TˆäŒË","38.030532","140.855377","0","1"
"04","‹{éŒ§","04361","˜j—ŒS˜j—’¬","043610004000","Žšˆ®","38.029252","140.852658","0","1"
"04","‹{éŒ§","04361","˜j—ŒS˜j—’¬","043610005000","Žšˆï“cŒã","38.038051","140.862230","0","1"
"04","‹{éŒ§","04361","˜j—ŒS˜j—’¬","043610006000","Žš‹«’ç","38.023641","140.854268","0","1"
"04","‹{éŒ§","04361","˜j—ŒS˜j—’¬","043610007000","ŽšŒ©“c“à","38.040095","140.851929","0","1"
"04","‹{éŒ§","04361","˜j—ŒS˜j—’¬","043610008000","Žš‘q’ë","38.040645","140.848883","0","1"
"04","‹{éŒ§","04361","˜j—ŒS˜j—’¬","043610009000","ŽšŒÜ“ú’¬","38.036902","140.854728","0","1"
"04","‹{éŒ§","04361","˜j—ŒS˜j—’¬","043610010000","Žš‘ä“c","38.025751","140.854328","0","1"
"04","‹{éŒ§","04361","˜j—ŒS˜j—’¬","043610011000","Žš–kV’¬","38.039284","140.856884","0","1"
"04","‹{éŒ§","04361","˜j—ŒS˜j—’¬","043610012000","Žš’†’¬","38.034105","140.854251","0","1"
"04","‹{éŒ§","04361","˜j—ŒS˜j—’¬","043610013000","Žšˆ®ŽR","38.028448","140.850911","0","1"
"04","‹{éŒ§","04361","˜j—ŒS˜j—’¬","043610014000","Žšã’¬","38.031264","140.854316","0","1"
"04","‹{éŒ§","04361","˜j—ŒS˜j—’¬","043610015000","Žš“ì’¬","38.028317","140.853188","0","1"
"04","‹{éŒ§","04361","˜j—ŒS˜j—’¬","043610016000","Žš“¹“c¼","38.039461","140.860144","0","1"
"04","‹{éŒ§","04361","˜j—ŒS˜j—’¬","043610017000","ˆ§ŒG","38.067090","140.858873","0","1"
"04","‹{éŒ§","04361","˜j—ŒS˜j—’¬","043610018000","Žš‰º¬˜H","38.036691","140.852755","0","1"
"04","‹{éŒ§","04361","˜j—ŒS˜j—’¬","043610019000","Žš–xƒm“à","38.025639","140.852158","0","1"
"04","‹{éŒ§","04361","˜j—ŒS˜j—’¬","043610020000","Žš‹ŒŠÚ","38.034468","140.850598","0","1"
"04","‹{éŒ§","04361","˜j—ŒS˜j—’¬","043610021000","Žš÷¬˜H","38.040855","140.853404","0","1"
"04","‹{éŒ§","04361","˜j—ŒS˜j—’¬","043610022000","ŽšVˆä’¬","38.040779","140.854941","0","1"
"04","‹{éŒ§","04361","˜j—ŒS˜j—’¬","043610023000","Žš’¹‹‘O","38.037453","140.843708","0","1"
"04","‹{éŒ§","04361","˜j—ŒS˜j—’¬","043610024000","ˆ§ŒGë‰®","38.056436","140.878856","0","1"
"04","‹{éŒ§","04361","˜j—ŒS˜j—’¬","043610025000","ŽšV’¬","38.037039","140.857483","0","1"
"04","‹{éŒ§","04361","˜j—ŒS˜j—’¬","043610026000","Žšæ’B‘O","38.039135","140.847990","0","1"
"04","‹{éŒ§","04361","˜j—ŒS˜j—’¬","043610027000","Žš—I—¢","38.044044","140.869338","0","1"
"04","‹{éŒ§","04361","˜j—ŒS˜j—’¬","043610028000","Žš“ì’¬“Œ","38.026736","140.856069","0","1"
"04","‹{éŒ§","04361","˜j—ŒS˜j—’¬","043610029000","Žš’†’¬“Œ","38.034194","140.858072","0","1"
"04","‹{éŒ§","04361","˜j—ŒS˜j—’¬","043610030000","Žš‰º•lŠX“¹","38.031469","140.868931","0","1"
"04","‹{éŒ§","04361","˜j—ŒS˜j—’¬","043610031000","Žšã’†–ì’n","38.026460","140.863654","0","1"
"04","‹{éŒ§","04361","˜j—ŒS˜j—’¬","043610032000","ŽšŒÏ’Ë","38.037138","140.868868","0","1"
"04","‹{éŒ§","04361","˜j—ŒS˜j—’¬","043610033000","Žš‰º’†–ì’n","38.026706","140.867085","0","1"
"04","‹{éŒ§","04361","˜j—ŒS˜j—’¬","043610034000","Žš¼‹½","38.041035","140.862297","0","1"
"04","‹{éŒ§","04361","˜j—ŒS˜j—’¬","043610035000","Žšãˆï“c","38.035926","140.861953","0","1"
"04","‹{éŒ§","04361","˜j—ŒS˜j—’¬","043610036000","Žš–kV“c","38.030360","140.872893","0","1"
"04","‹{éŒ§","04361","˜j—ŒS˜j—’¬","043610037000","Žš‰ºˆï“c","38.036690","140.865742","0","1"
"04","‹{éŒ§","04361","˜j—ŒS˜j—’¬","043610038000","Žš]‰º","38.036936","140.872133","0","1"
"04","‹{éŒ§","04361","˜j—ŒS˜j—’¬","043610039000","Žš“Œ‹½","38.041355","140.869143","0","1"
"04","‹{éŒ§","04361","˜j—ŒS˜j—’¬","043610040000","ŽšÀ“ª","38.030713","140.844035","0","1"
"04","‹{éŒ§","04361","˜j—ŒS˜j—’¬","043610041000","ŽšòƒP“ü","38.027246","140.846268","0","1"
"04","‹{éŒ§","04361","˜j—ŒS˜j—’¬","043610042000","Žš— éŒË","38.030960","140.858543","0","1"
"04","‹{éŒ§","04361","˜j—ŒS˜j—’¬","043610043000","ŽšáŒŠ","38.026656","140.841398","0","1"
"04","‹{éŒ§","04361","˜j—ŒS˜j—’¬","043610044000","Žšã•lŠX“¹","38.031286","140.864622","0","1"
"04","‹{éŒ§","04361","˜j—ŒS˜j—’¬","043610045000","Žš“ìV“c","38.026059","140.872059","0","1"
"04","‹{éŒ§","04361","˜j—ŒS˜j—’¬","043610046000","Žš–û“c","38.026259","140.859641","0","1"
"04","‹{éŒ§","04361","˜j—ŒS˜j—’¬","043610047000","ŽšŽÅ¼","38.029890","140.876786","0","1"
"04","‹{éŒ§","04361","˜j—ŒS˜j—’¬","043610048000","Žš”Ú‰º“ü","38.022761","140.842583","0","1"
"04","‹{éŒ§","04361","˜j—ŒS˜j—’¬","043610049000","ŽšŠÚ“ì","38.030954","140.849792","0","1"
"04","‹{éŒ§","04361","˜j—ŒS˜j—’¬","043610050000","Žšj“c","38.036071","140.847463","0","1"
"04","‹{éŒ§","04361","˜j—ŒS˜j—’¬","043610051000","Žšˆ¤“†‘O","38.034258","140.839983","0","1"
"04","‹{éŒ§","04361","˜j—ŒS˜j—’¬","043610052000","Žš–k‰Ž“c","38.031072","140.832915","0","1"
"04","‹{éŒ§","04361","˜j—ŒS˜j—’¬","043610053000","Žš“ì‰Ž“c","38.026897","140.835609","0","1"
"04","‹{éŒ§","04361","˜j—ŒS˜j—’¬","043610054000","Žš—´‰~Ž›‘O","38.021328","140.844081","0","1"
"04","‹{éŒ§","04361","˜j—ŒS˜j—’¬","043610055000","ŽšãŒS","38.061147","140.859469","0","1"
"04","‹{éŒ§","04361","˜j—ŒS˜j—’¬","043610056000","ˆ§ŒG‰|‘Ü","38.066858","140.871587","0","1"
"04","‹{éŒ§","04361","˜j—ŒS˜j—’¬","043610057000","ŽšŽ­“‡","38.049479","140.861536","0","1"
"04","‹{éŒ§","04361","˜j—ŒS˜j—’¬","043610058000","ˆ§ŒG\•¶Žš","38.069379","140.882464","0","1"
"04","‹{éŒ§","04361","˜j—ŒS˜j—’¬","043610059000","Žšë‰®","38.047473","140.879771","0","1"
"04","‹{éŒ§","04361","˜j—ŒS˜j—’¬","043610060000","ˆ§ŒG‰ºŒS","38.065323","140.856451","0","1"
"04","‹{éŒ§","04361","˜j—ŒS˜j—’¬","043610061000","Žš‰|‘Ü","38.060812","140.867599","0","1"
"04","‹{éŒ§","04361","˜j—ŒS˜j—’¬","043610062000","ˆ§ŒG˜n","38.056709","140.889172","0","1"
"04","‹{éŒ§","04361","˜j—ŒS˜j—’¬","043610063000","ˆ§ŒGŽ­“‡","38.044389","140.849450","0","1"
"04","‹{éŒ§","04361","˜j—ŒS˜j—’¬","043610064000","ˆ§ŒGãŒS","38.058637","140.843875","0","1"
"04","‹{éŒ§","04361","˜j—ŒS˜j—’¬","043610065000","ˆ§ŒG¬ŽR","38.072442","140.831872","0","1"
"04","‹{éŒ§","04361","˜j—ŒS˜j—’¬","043610066000","ˆ§ŒG_‹{Ž›","38.050647","140.845318","0","1"
"04","‹{éŒ§","04361","˜j—ŒS˜j—’¬","043610067000","ˆ§ŒG‹‘Ü","38.078082","140.888340","0","1"
"04","‹{éŒ§","04361","˜j—ŒS˜j—’¬","043610068000","ˆ§ŒG‚‰®","38.039940","140.888930","0","1"
"04","‹{éŒ§","04361","˜j—ŒS˜j—’¬","043610069000","ˆ§ŒG“c‘ò","38.076096","140.847829","0","1"
"04","‹{éŒ§","04361","˜j—ŒS˜j—’¬","043610070000","ˆ§ŒG’†ò","38.086041","140.880862","0","1"
"04","‹{éŒ§","04361","˜j—ŒS˜j—’¬","043610071000","r•l","38.053300","140.903777","0","1"
"04","‹{éŒ§","04361","˜j—ŒS˜j—’¬","043610072000","’·“Ò","38.019824","140.868694","0","1"
"04","‹{éŒ§","04361","˜j—ŒS˜j—’¬","043610073000","‹g“c","38.013137","140.871359","0","1"
"04","‹{éŒ§","04361","˜j—ŒS˜j—’¬","043610074000","‰Ôä•","38.040542","140.894912","1","1"
"04","‹{éŒ§","04361","˜j—ŒS˜j—’¬","043610075000","ä••l","38.008664","140.901657","1","1"
"04","‹{éŒ§","04361","˜j—ŒS˜j—’¬","043610076000","ä•—¢","38.008731","140.879414","1","1"
"04","‹{éŒ§","04361","˜j—ŒS˜j—’¬","043610077000","‹g“c“Œ","38.012088","140.904840","1","1"
"04","‹{éŒ§","04362","˜j—ŒSŽRŒ³’¬","043620001000","”ªŽè’ë","37.995623","140.863476","0","1"
"04","‹{éŒ§","04362","˜j—ŒSŽRŒ³’¬","043620002000","‘å•½","37.989476","140.865975","0","1"
"04","‹{éŒ§","04362","˜j—ŒSŽRŒ³’¬","043620003000","¬•½","37.981420","140.861343","0","1"
"04","‹{éŒ§","04362","˜j—ŒSŽRŒ³’¬","043620004000","˜h‘«","37.974719","140.860486","0","1"
"04","‹{éŒ§","04362","˜j—ŒSŽRŒ³’¬","043620005000","^’ë","37.933703","140.878146","0","1"
"04","‹{éŒ§","04362","˜j—ŒSŽRŒ³’¬","043620006000","‚£","37.948069","140.897579","0","1"
"04","‹{éŒ§","04362","˜j—ŒSŽRŒ³’¬","043620007000","âŒ³","37.917407","140.888219","0","1"
"04","‹{éŒ§","04362","˜j—ŒSŽRŒ³’¬","043620008001","‚Â‚Î‚ß‚Ì“mˆê’š–Ú","37.965674","140.886934","0","3"
"04","‹{éŒ§","04362","˜j—ŒSŽRŒ³’¬","043620008002","‚Â‚Î‚ß‚Ì“m“ñ’š–Ú","37.964005","140.889357","0","3"
"04","‹{éŒ§","04362","˜j—ŒSŽRŒ³’¬","043620008003","‚Â‚Î‚ß‚Ì“mŽO’š–Ú","37.963813","140.886423","0","3"
"04","‹{éŒ§","04362","˜j—ŒSŽRŒ³’¬","043620008004","‚Â‚Î‚ß‚Ì“mŽl’š–Ú","37.963332","140.883225","0","3"
"04","‹{éŒ§","04362","˜j—ŒSŽRŒ³’¬","043620008005","‚Â‚Î‚ß‚Ì“mŒÜ’š–Ú","37.965343","140.881935","0","3"
"04","‹{éŒ§","04362","˜j—ŒSŽRŒ³’¬","043620009000","ó¶Œ´","37.955162","140.876304","0","1"
"04","‹{éŒ§","04362","˜j—ŒSŽRŒ³’¬","043620010000","ŽRŽ›","37.967394","140.870017","0","1"
"04","‹{éŒ§","04401","‹{éŒS¼“‡’¬","044010001000","ˆéè","38.387880","141.079564","0","1"
"04","‹{éŒ§","04401","‹{éŒS¼“‡’¬","044010002000","‰Œ´","38.401452","141.048355","0","1"
"04","‹{éŒ§","04401","‹{éŒS¼“‡’¬","044010003000","‚é","38.388278","141.060342","0","1"
"04","‹{éŒ§","04401","‹{éŒS¼“‡’¬","044010004000","ª‰ô","38.407674","141.071379","0","1"
"04","‹{éŒ§","04401","‹{éŒS¼“‡’¬","044010005000","–k¬ò","38.421610","141.102808","0","1"
"04","‹{éŒ§","04401","‹{éŒS¼“‡’¬","044010006000","÷“nŒË","38.383293","141.034999","0","1"
"04","‹{éŒ§","04401","‹{éŒS¼“‡’¬","044010007000","¼“‡","38.366157","141.053869","0","1"
"04","‹{éŒ§","04401","‹{éŒS¼“‡’¬","044010008000","’|’J","38.434182","141.109104","0","1"
"04","‹{éŒ§","04401","‹{éŒS¼“‡’¬","044010009000","Žè’M","38.387791","141.105340","0","1"
"04","‹{éŒ§","04401","‹{éŒS¼“‡’¬","044010010000","”¦’J","38.427557","141.072075","0","1"
"04","‹{éŒ§","04404","‹{éŒSŽµƒ–•l’¬","044040001001","–©•lˆê’š–Ú","38.286797","141.047009","0","3"
"04","‹{éŒ§","04404","‹{éŒSŽµƒ–•l’¬","044040001002","–©•l“ñ’š–Ú","38.288563","141.046945","0","3"
"04","‹{éŒ§","04404","‹{éŒSŽµƒ–•l’¬","044040002001","Ž¬Œ©‘äˆê’š–Ú","38.296726","141.054156","0","3"
"04","‹{éŒ§","04404","‹{éŒSŽµƒ–•l’¬","044040002002","Ž¬Œ©‘ä“ñ’š–Ú","38.299358","141.053101","0","3"
"04","‹{éŒ§","04404","‹{éŒSŽµƒ–•l’¬","044040002003","Ž¬Œ©‘äŽO’š–Ú","38.298562","141.048605","0","3"
"04","‹{éŒ§","04404","‹{éŒSŽµƒ–•l’¬","044040002004","Ž¬Œ©‘äŽl’š–Ú","38.300684","141.049137","0","3"
"04","‹{éŒ§","04404","‹{éŒSŽµƒ–•l’¬","044040002005","Ž¬Œ©‘äŒÜ’š–Ú","38.300869","141.052301","0","3"
"04","‹{éŒ§","04404","‹{éŒSŽµƒ–•l’¬","044040002006","Ž¬Œ©‘ä˜Z’š–Ú","38.299251","141.056567","0","3"
"04","‹{éŒ§","04404","‹{éŒSŽµƒ–•l’¬","044040002007","Ž¬Œ©‘äŽµ’š–Ú","38.300183","141.059268","0","3"
"04","‹{éŒ§","04404","‹{éŒSŽµƒ–•l’¬","044040003001","‰“ŽRˆê’š–Ú","38.294609","141.043570","0","3"
"04","‹{éŒ§","04404","‹{éŒSŽµƒ–•l’¬","044040003002","‰“ŽR“ñ’š–Ú","38.295882","141.040685","0","3"
"04","‹{éŒ§","04404","‹{éŒSŽµƒ–•l’¬","044040003003","‰“ŽRŽO’š–Ú","38.298752","141.038502","0","3"
"04","‹{éŒ§","04404","‹{éŒSŽµƒ–•l’¬","044040003004","‰“ŽRŽl’š–Ú","38.301595","141.038280","0","3"
"04","‹{éŒ§","04404","‹{éŒSŽµƒ–•l’¬","044040003005","‰“ŽRŒÜ’š–Ú","38.305663","141.038262","0","3"
"04","‹{éŒ§","04404","‹{éŒSŽµƒ–•l’¬","044040004000","ùŽR","38.296039","141.068842","0","1"
"04","‹{éŒ§","04404","‹{éŒSŽµƒ–•l’¬","044040005001","Ž¬Œ©‘ä“ìˆê’š–Ú","38.294680","141.057408","0","3"
"04","‹{éŒ§","04404","‹{éŒSŽµƒ–•l’¬","044040005002","Ž¬Œ©‘ä“ì“ñ’š–Ú","38.291332","141.060659","0","3"
"04","‹{éŒ§","04404","‹{éŒSŽµƒ–•l’¬","044040006001","‹«ŽRˆê’š–Ú","38.299580","141.044673","0","3"
"04","‹{éŒ§","04404","‹{éŒSŽµƒ–•l’¬","044040006002","‹«ŽR“ñ’š–Ú","38.301760","141.042591","0","3"
"04","‹{éŒ§","04404","‹{éŒSŽµƒ–•l’¬","044040007000","¼ƒ–•l","38.283757","141.052680","0","1"
"04","‹{éŒ§","04404","‹{éŒSŽµƒ–•l’¬","044040008000","–©•l","38.282940","141.043474","0","1"
"04","‹{éŒ§","04404","‹{éŒSŽµƒ–•l’¬","044040009000","‘ãƒ–è•l","38.313441","141.066221","0","1"
"04","‹{éŒ§","04404","‹{éŒSŽµƒ–•l’¬","044040010000","ÒŠ—“c•l","38.289968","141.054621","0","1"
"04","‹{éŒ§","04404","‹{éŒSŽµƒ–•l’¬","044040011000","‹g“c•l","38.305906","141.068922","0","1"
"04","‹{éŒ§","04404","‹{éŒSŽµƒ–•l’¬","044040012000","“Œ‹{•l","38.307555","141.051470","0","1"
"04","‹{éŒ§","04404","‹{éŒSŽµƒ–•l’¬","044040013000","‰ÔŸº•l","38.298491","141.076779","0","1"
"04","‹{éŒ§","04406","‹{éŒS—˜•{’¬","044060001000","‘ò‰³“Œ","38.332590","140.970260","0","1"
"04","‹{éŒ§","04406","‹{éŒS—˜•{’¬","044060002001","’†‰›ˆê’š–Ú","38.330367","140.984469","0","3"
"04","‹{éŒ§","04406","‹{éŒS—˜•{’¬","044060002002","’†‰›“ñ’š–Ú","38.330016","140.980927","0","3"
"04","‹{éŒ§","04406","‹{éŒS—˜•{’¬","044060002003","’†‰›ŽO’š–Ú","38.328453","140.979888","0","3"
"04","‹{éŒ§","04406","‹{éŒS—˜•{’¬","044060003000","ŠF‚Ì‹u","38.337273","140.975333","0","1"
"04","‹{éŒ§","04406","‹{éŒS—˜•{’¬","044060004001","‚µ‚ç‚©‚µ‘äˆê’š–Ú","38.348534","140.962968","0","3"
"04","‹{éŒ§","04406","‹{éŒS—˜•{’¬","044060004002","‚µ‚ç‚©‚µ‘ä“ñ’š–Ú","38.345847","140.958054","0","3"
"04","‹{éŒ§","04406","‹{éŒS—˜•{’¬","044060004003","‚µ‚ç‚©‚µ‘äŽO’š–Ú","38.351920","140.960759","0","3"
"04","‹{éŒ§","04406","‹{éŒS—˜•{’¬","044060004004","‚µ‚ç‚©‚µ‘äŽl’š–Ú","38.352652","140.964620","0","3"
"04","‹{éŒ§","04406","‹{éŒS—˜•{’¬","044060004005","‚µ‚ç‚©‚µ‘äŒÜ’š–Ú","38.350177","140.966879","0","3"
"04","‹{éŒ§","04406","‹{éŒS—˜•{’¬","044060004006","‚µ‚ç‚©‚µ‘ä˜Z’š–Ú","38.344205","140.962478","0","3"
"04","‹{éŒ§","04406","‹{éŒS—˜•{’¬","044060005001","›’J‘äˆê’š–Ú","38.327516","140.953371","0","3"
"04","‹{éŒ§","04406","‹{éŒS—˜•{’¬","044060005002","›’J‘ä“ñ’š–Ú","38.328233","140.950572","0","3"
"04","‹{éŒ§","04406","‹{éŒS—˜•{’¬","044060005003","›’J‘äŽO’š–Ú","38.331789","140.952828","0","3"
"04","‹{éŒ§","04406","‹{éŒS—˜•{’¬","044060005004","›’J‘äŽl’š–Ú","38.331221","140.957838","0","3"
"04","‹{éŒ§","04406","‹{éŒS—˜•{’¬","044060006001","‰Ô‰€ˆê’š–Ú","38.336148","140.972359","0","3"
"04","‹{éŒ§","04406","‹{éŒS—˜•{’¬","044060006002","‰Ô‰€“ñ’š–Ú","38.340976","140.970910","0","3"
"04","‹{éŒ§","04406","‹{éŒS—˜•{’¬","044060006003","‰Ô‰€ŽO’š–Ú","38.340281","140.975674","0","3"
"04","‹{éŒ§","04406","‹{éŒS—˜•{’¬","044060007001","—tŽRˆê’š–Ú","38.364458","141.022884","0","3"
"04","‹{éŒ§","04406","‹{éŒS—˜•{’¬","044060007002","—tŽR“ñ’š–Ú","38.368372","141.025080","0","3"
"04","‹{éŒ§","04406","‹{éŒS—˜•{’¬","044060008001","ÂŽRˆê’š–Ú","38.337634","140.967853","0","3"
"04","‹{éŒ§","04406","‹{éŒS—˜•{’¬","044060008002","ÂŽR“ñ’š–Ú","38.341997","140.968137","0","3"
"04","‹{éŒ§","04406","‹{éŒS—˜•{’¬","044060008003","ÂŽRŽO’š–Ú","38.346509","140.971053","0","3"
"04","‹{éŒ§","04406","‹{éŒS—˜•{’¬","044060008004","ÂŽRŽl’š–Ú","38.350507","140.971114","0","3"
"04","‹{éŒ§","04406","‹{éŒS—˜•{’¬","044060009001","Â—t‘äˆê’š–Ú","38.334541","140.964624","0","3"
"04","‹{éŒ§","04406","‹{éŒS—˜•{’¬","044060009002","Â—t‘ä“ñ’š–Ú","38.337644","140.962980","0","3"
"04","‹{éŒ§","04406","‹{éŒS—˜•{’¬","044060009003","Â—t‘äŽO’š–Ú","38.341095","140.960014","0","3"
"04","‹{éŒ§","04406","‹{éŒS—˜•{’¬","044060010000","”Ñ“yˆä","38.316847","140.966908","0","1"
"04","‹{éŒ§","04406","‹{éŒS—˜•{’¬","044060011000","—˜•{","38.326551","140.971678","0","1"
"04","‹{éŒ§","04406","‹{éŒS—˜•{’¬","044060012000","_’J‘ò","38.317725","140.946908","0","1"
"04","‹{éŒ§","04406","‹{éŒS—˜•{’¬","044060013000","‘ò‰³","38.342371","140.954716","0","1"
"04","‹{éŒ§","04406","‹{éŒS—˜•{’¬","044060014000","‰Á£","38.318458","140.986574","0","1"
"04","‹{éŒ§","04406","‹{éŒS—˜•{’¬","044060015000","›’J","38.336619","140.947600","0","1"
"04","‹{éŒ§","04406","‹{éŒS—˜•{’¬","044060016000","t“ú","38.351798","141.002709","0","1"
"04","‹{éŒ§","04406","‹{éŒS—˜•{’¬","044060017000","X‹½","38.349822","140.980373","0","1"
"04","‹{éŒ§","04406","‹{éŒS—˜•{’¬","044060018000","ÔÀ","38.355650","141.033154","0","1"
"04","‹{éŒ§","04406","‹{éŒS—˜•{’¬","044060019001","V’†“¹ˆê’š–Ú","38.326252","140.978233","1","3"
"04","‹{éŒ§","04406","‹{éŒS—˜•{’¬","044060019002","V’†“¹“ñ’š–Ú","38.325355","140.976009","1","3"
"04","‹{éŒ§","04406","‹{éŒS—˜•{’¬","044060019003","V’†“¹ŽO’š–Ú","38.323269","140.971952","1","3"
"04","‹{éŒ§","04421","•ìŒS‘å˜a’¬","044210031000","‚µ‚ ‚í‚¹‚Ì“m","38.391613","140.868633","1","2"
"04","‹{éŒ§","04421","•ìŒS‘å˜a’¬","044210008000","ƒeƒNƒmƒqƒ‹ƒY","38.366736","140.857276","0","1"
"04","‹{éŒ§","04421","•ìŒS‘å˜a’¬","044210001001","‚Ü‚¢‚Ìˆê’š–Ú","38.439861","140.906402","0","3"
"04","‹{éŒ§","04421","•ìŒS‘å˜a’¬","044210001002","‚Ü‚¢‚Ì“ñ’š–Ú","38.437437","140.910604","0","3"
"04","‹{éŒ§","04421","•ìŒS‘å˜a’¬","044210001003","‚Ü‚¢‚ÌŽO’š–Ú","38.434658","140.915172","0","3"
"04","‹{éŒ§","04421","•ìŒS‘å˜a’¬","044210001004","‚Ü‚¢‚ÌŽl’š–Ú","38.435217","140.918555","0","3"
"04","‹{éŒ§","04421","•ìŒS‘å˜a’¬","044210006001","‚à‚Ý‚¶ƒP‹uˆê’š–Ú","38.376148","140.859597","0","3"
"04","‹{éŒ§","04421","•ìŒS‘å˜a’¬","044210006002","‚à‚Ý‚¶ƒP‹u“ñ’š–Ú","38.380502","140.859965","0","3"
"04","‹{éŒ§","04421","•ìŒS‘å˜a’¬","044210006003","‚à‚Ý‚¶ƒP‹uŽO’š–Ú","38.383700","140.862241","0","3"
"04","‹{éŒ§","04421","•ìŒS‘å˜a’¬","044210009000","Šw‰‘","38.352748","140.837551","0","1"
"04","‹{éŒ§","04421","•ìŒS‘å˜a’¬","044210020000","‹g‰ª","38.443228","140.888458","0","1"
"04","‹{éŒ§","04421","•ìŒS‘å˜a’¬","044210030001","‹g‰ª‚Ü‚Ù‚ë‚Îˆê’š–Ú","38.437559","140.884626","0","3"
"04","‹{éŒ§","04421","•ìŒS‘å˜a’¬","044210030002","‹g‰ª‚Ü‚Ù‚ë‚Î“ñ’š–Ú","38.438717","140.875936","0","3"
"04","‹{éŒ§","04421","•ìŒS‘å˜a’¬","044210029000","‹g‰ª“VcŽ›“Œ","38.439531","140.888145","0","1"
"04","‹{éŒ§","04421","•ìŒS‘å˜a’¬","044210002001","‹g‰ª“Œˆê’š–Ú","38.437007","140.892439","0","3"
"04","‹{éŒ§","04421","•ìŒS‘å˜a’¬","044210002002","‹g‰ª“Œ“ñ’š–Ú","38.438134","140.895979","0","3"
"04","‹{éŒ§","04421","•ìŒS‘å˜a’¬","044210002003","‹g‰ª“ŒŽO’š–Ú","38.439396","140.902285","0","3"
"04","‹{éŒ§","04421","•ìŒS‘å˜a’¬","044210005001","‹g‰ª“ìˆê’š–Ú","38.444585","140.879228","0","3"
"04","‹{éŒ§","04421","•ìŒS‘å˜a’¬","044210005002","‹g‰ª“ì“ñ’š–Ú","38.443139","140.876613","0","3"
"04","‹{éŒ§","04421","•ìŒS‘å˜a’¬","044210005003","‹g‰ª“ìŽO’š–Ú","38.440318","140.880911","0","3"
"04","‹{éŒ§","04421","•ìŒS‘å˜a’¬","044210028000","‹g“c","38.457472","140.747723","0","1"
"04","‹{éŒ§","04421","•ìŒS‘å˜a’¬","044210027000","‹{°","38.406212","140.812207","0","1"
"04","‹{éŒ§","04421","•ìŒS‘å˜a’¬","044210026000","¬–ì","38.394435","140.869118","1","1"
"04","‹{éŒ§","04421","•ìŒS‘å˜a’¬","044210003001","¼â•½ˆê’š–Ú","38.459650","140.917729","0","3"
"04","‹{éŒ§","04421","•ìŒS‘å˜a’¬","044210003002","¼â•½“ñ’š–Ú","38.462762","140.919617","0","3"
"04","‹{éŒ§","04421","•ìŒS‘å˜a’¬","044210003003","¼â•½ŽO’š–Ú","38.466685","140.923403","0","3"
"04","‹{éŒ§","04421","•ìŒS‘å˜a’¬","044210003004","¼â•½Žl’š–Ú","38.465115","140.928894","0","3"
"04","‹{éŒ§","04421","•ìŒS‘å˜a’¬","044210003005","¼â•½ŒÜ’š–Ú","38.461754","140.925836","0","3"
"04","‹{éŒ§","04421","•ìŒS‘å˜a’¬","044210003006","¼â•½˜Z’š–Ú","38.458981","140.932089","0","3"
"04","‹{éŒ§","04421","•ìŒS‘å˜a’¬","044210003007","¼â•½Žµ’š–Ú","38.460460","140.936623","0","3"
"04","‹{éŒ§","04421","•ìŒS‘å˜a’¬","044210003008","¼â•½”ª’š–Ú","38.453507","140.934990","0","3"
"04","‹{éŒ§","04421","•ìŒS‘å˜a’¬","044210011000","’ß‘ƒ‰º‘","38.421685","140.907420","0","1"
"04","‹{éŒ§","04421","•ìŒS‘å˜a’¬","044210018000","’ß‘ƒŽR“c","38.369342","140.944674","0","1"
"04","‹{éŒ§","04421","•ìŒS‘å˜a’¬","044210024000","’ß‘ƒ¬’ß‘ò","38.369340","140.963591","0","1"
"04","‹{éŒ§","04421","•ìŒS‘å˜a’¬","044210019000","’ß‘ƒ‘¾“c","38.387252","140.952633","0","1"
"04","‹{éŒ§","04421","•ìŒS‘å˜a’¬","044210022000","’ß‘ƒ‘å•½","38.413763","140.959876","0","1"
"04","‹{éŒ§","04421","•ìŒS‘å˜a’¬","044210012000","’ß‘ƒ’¹‰®","38.410733","140.936468","0","1"
"04","‹{éŒ§","04421","•ìŒS‘å˜a’¬","044210023000","’ß‘ƒ–k–Ú‘åè","38.416204","140.923949","0","1"
"04","‹{éŒ§","04421","•ìŒS‘å˜a’¬","044210021000","’ß‘ƒ–‹–ö","38.400134","140.949275","0","1"
"04","‹{éŒ§","04421","•ìŒS‘å˜a’¬","044210004001","“m‚Ì‹uˆê’š–Ú","38.385207","140.866500","0","3"
"04","‹{éŒ§","04421","•ìŒS‘å˜a’¬","044210004002","“m‚Ì‹u“ñ’š–Ú","38.387658","140.868218","0","3"
"04","‹{éŒ§","04421","•ìŒS‘å˜a’¬","044210004003","“m‚Ì‹uŽO’š–Ú","38.390345","140.866437","1","3"
"04","‹{éŒ§","04421","•ìŒS‘å˜a’¬","044210013000","—Ž‡ŽOƒP“à","38.441887","140.969897","0","1"
"04","‹{éŒ§","04421","•ìŒS‘å˜a’¬","044210025000","—Ž‡¼â","38.454963","140.949930","0","1"
"04","‹{éŒ§","04421","•ìŒS‘å˜a’¬","044210015000","—Ž‡‘Šì","38.442109","140.921086","0","1"
"04","‹{éŒ§","04421","•ìŒS‘å˜a’¬","044210017000","—Ž‡•O˜a“c","38.430514","140.947568","0","1"
"04","‹{éŒ§","04421","•ìŒS‘å˜a’¬","044210010000","—Ž‡•f‘Ü","38.448483","140.910686","0","1"
"04","‹{éŒ§","04421","•ìŒS‘å˜a’¬","044210014000","—Ž‡•‘–ì","38.432577","140.909312","0","1"
"04","‹{éŒ§","04421","•ìŒS‘å˜a’¬","044210016000","—Ž‡•ñ‰¶Ž›","38.443497","140.953906","0","1"
"04","‹{éŒ§","04421","•ìŒS‘å˜a’¬","044210007000","—¬’Ê•½","38.443183","140.935136","0","1"
"04","‹{éŒ§","04422","•ìŒS‘å‹½’¬","044220001000","êGè","38.426324","140.982149","0","1"
"04","‹{éŒ§","04422","•ìŒS‘å‹½’¬","044220002000","“y‹´","38.416645","140.976265","0","1"
"04","‹{éŒ§","04422","•ìŒS‘å‹½’¬","044220003000","–¡–¾","38.417386","141.026463","0","1"
"04","‹{éŒ§","04422","•ìŒS‘å‹½’¬","044220004000","ŽRè","38.435866","141.035022","0","1"
"04","‹{éŒ§","04422","•ìŒS‘å‹½’¬","044220005000","•s—ˆ“à","38.423482","141.049609","0","1"
"04","‹{éŒ§","04422","•ìŒS‘å‹½’¬","044220006000","ÎŒ´","38.449863","140.979107","0","1"
"04","‹{éŒ§","04422","•ìŒS‘å‹½’¬","044220007000","‰H¶","38.431327","141.017656","0","1"
"04","‹{éŒ§","04422","•ìŒS‘å‹½’¬","044220008000","’†‘º","38.422394","140.995212","0","1"
"04","‹{éŒ§","04422","•ìŒS‘å‹½’¬","044220009000","””ì","38.439716","141.002251","0","1"
"04","‹{éŒ§","04422","•ìŒS‘å‹½’¬","044220010000","ì“à","38.389617","141.013265","0","1"
"04","‹{éŒ§","04422","•ìŒS‘å‹½’¬","044220011000","“Œ¬“c","38.389831","140.982261","0","1"
"04","‹{éŒ§","04422","•ìŒS‘å‹½’¬","044220012000","‘å¼‘ò","38.478227","140.975326","0","1"
"04","‹{éŒ§","04424","•ìŒS‘åt‘º","044240001001","¼‚Ì•½ˆê’š–Ú","38.469370","140.901068","0","3"
"04","‹{éŒ§","04424","•ìŒS‘åt‘º","044240001002","¼‚Ì•½“ñ’š–Ú","38.475841","140.896034","0","3"
"04","‹{éŒ§","04424","•ìŒS‘åt‘º","044240001003","¼‚Ì•½ŽO’š–Ú","38.470477","140.908298","0","3"
"04","‹{éŒ§","04424","•ìŒS‘åt‘º","044240002000","‰«‚Ì•½","38.498564","140.901322","0","1"
"04","‹{éŒ§","04424","•ìŒS‘åt‘º","044240003000","‹j[•½","38.466390","140.916537","0","1"
"04","‹{éŒ§","04424","•ìŒS‘åt‘º","044240004000","‰œ“c","38.460388","140.904402","0","1"
"04","‹{éŒ§","04424","•ìŒS‘åt‘º","044240005000","‘åX","38.475581","140.934450","0","1"
"04","‹{éŒ§","04424","•ìŒS‘åt‘º","044240006000","‹îê","38.493451","140.902227","0","1"
"04","‹{éŒ§","04424","•ìŒS‘åt‘º","044240007000","‘å‰Z","38.481279","140.829663","0","1"
"04","‹{éŒ§","04424","•ìŒS‘åt‘º","044240008000","’†‰›•½","38.466579","140.891079","0","1"
"04","‹{éŒ§","04424","•ìŒS‘åt‘º","044240009000","‚Æ‚«‚í‘ä","38.465619","140.884453","0","1"
"04","‹{éŒ§","04424","•ìŒS‘åt‘º","044240010000","‘åt","38.475207","140.875456","0","1"
"04","‹{éŒ§","04424","•ìŒS‘åt‘º","044240011000","‚Æ‚«‚í‘ä“ì","38.462846","140.883571","0","1"
"04","‹{éŒ§","04444","‰Á”üŒSF–ƒ’¬","044440001000","‹g“c","38.560895","140.830315","0","1"
"04","‹{éŒ§","04444","‰Á”üŒSF–ƒ’¬","044440002000","´…","38.565312","140.812789","0","1"
"04","‹{éŒ§","04444","‰Á”üŒSF–ƒ’¬","044440003000","ˆê‚ÌŠÖ","38.534918","140.856664","0","1"
"04","‹{éŒ§","04444","‰Á”üŒSF–ƒ’¬","044440004000","‚é","38.564825","140.836011","0","1"
"04","‹{éŒ§","04444","‰Á”üŒSF–ƒ’¬","044440005000","Žu’Ã","38.545128","140.802557","0","1"
"04","‹{éŒ§","04444","‰Á”üŒSF–ƒ’¬","044440006000","‚ª","38.551971","140.801725","0","1"
"04","‹{éŒ§","04444","‰Á”üŒSF–ƒ’¬","044440007000","‘å","38.512996","140.868111","0","1"
"04","‹{éŒ§","04444","‰Á”üŒSF–ƒ’¬","044440008000","•‘ò","38.544997","140.820378","0","1"
"04","‹{éŒ§","04444","‰Á”üŒSF–ƒ’¬","044440009000","‰¤éŽ›","38.527269","140.804889","0","1"
"04","‹{éŒ§","04444","‰Á”üŒSF–ƒ’¬","044440010000","•½‘ò","38.544634","140.766700","0","1"
"04","‹{éŒ§","04444","‰Á”üŒSF–ƒ’¬","044440011000","¬ŒIŽR","38.523931","140.749782","0","1"
"04","‹{éŒ§","04444","‰Á”üŒSF–ƒ’¬","044440012000","ŽlŠ–","38.534242","140.873178","0","1"
"04","‹{éŒ§","04445","‰Á”üŒS‰Á”ü’¬","044450001000","Žš‘å–åŽl”Ô","38.574983","140.850804","0","1"
"04","‹{éŒ§","04445","‰Á”üŒS‰Á”ü’¬","044450002000","Žš’¬‰Y\”Ô","38.571512","140.862555","0","1"
"04","‹{éŒ§","04445","‰Á”üŒS‰Á”ü’¬","044450003000","Žšˆð‘ò‰Æƒm‰º","38.591533","140.713895","0","1"
"04","‹{éŒ§","04445","‰Á”üŒS‰Á”ü’¬","044450004000","Žš–¡ƒP‘Ü–í•‘O","38.587633","140.733998","0","1"
"04","‹{éŒ§","04445","‰Á”üŒS‰Á”ü’¬","044450005000","Žš–k’¬ˆê”Ô","38.572369","140.863697","0","1"
"04","‹{éŒ§","04445","‰Á”üŒS‰Á”ü’¬","044450006000","Žš‰º–ì–Ú“Œ“c“ì","38.576892","140.832199","0","1"
"04","‹{éŒ§","04445","‰Á”üŒS‰Á”ü’¬","044450007000","Žš‘å–åˆê”Ô","38.575924","140.850475","0","1"
"04","‹{éŒ§","04445","‰Á”üŒS‰Á”ü’¬","044450008000","ŽšÔ’Ëˆê”Ô","38.565147","140.858248","0","1"
"04","‹{éŒ§","04445","‰Á”üŒS‰Á”ü’¬","044450009000","Žš‰º–ì–Ú–H“c¼","38.577628","140.827782","0","1"
"04","‹{éŒ§","04445","‰Á”üŒS‰Á”ü’¬","044450010000","Žš‰º–ì–Ú‰’[","38.577683","140.812367","0","1"
"04","‹{éŒ§","04445","‰Á”üŒS‰Á”ü’¬","044450011000","ŽšÄ‹´","38.574898","140.848592","0","1"
"04","‹{éŒ§","04445","‰Á”üŒS‰Á”ü’¬","044450012000","ŽšŒ´’hŒ´¼","38.601550","140.754491","0","1"
"04","‹{éŒ§","04445","‰Á”üŒS‰Á”ü’¬","044450013000","Žšã–ì–Ú‰‰º","38.594298","140.720151","0","1"
"04","‹{éŒ§","04445","‰Á”üŒS‰Á”ü’¬","044450014000","Žšé‰º","38.568405","140.779371","0","1"
"04","‹{éŒ§","04445","‰Á”üŒS‰Á”ü’¬","044450015000","Žš–¡ƒP‘ÜŠI‘ò‰Y","38.585667","140.733799","0","1"
"04","‹{éŒ§","04445","‰Á”üŒS‰Á”ü’¬","044450016000","Žšˆð‘ò¼”Œ´","38.594042","140.705057","0","1"
"04","‹{éŒ§","04445","‰Á”üŒS‰Á”ü’¬","044450017000","Žš’·´…“ñƒc’Ë","38.596208","140.745507","0","1"
"04","‹{éŒ§","04445","‰Á”üŒS‰Á”ü’¬","044450018000","ŽšŒ´‹{è“¹‰º","38.598718","140.752050","0","1"
"04","‹{éŒ§","04445","‰Á”üŒS‰Á”ü’¬","044450019000","ŽšŽ­Œ´“ŒŒü","38.573220","140.755245","0","1"
"04","‹{éŒ§","04445","‰Á”üŒS‰Á”ü’¬","044450020000","ŽšŒ´“Œ","38.602947","140.729356","0","1"
"04","‹{éŒ§","04445","‰Á”üŒS‰Á”ü’¬","044450021000","ŽšŒ´“ì]’[","38.582694","140.771070","0","1"
"04","‹{éŒ§","04445","‰Á”üŒS‰Á”ü’¬","044450022000","ŽšŒ´•\–F’J’n","38.583525","140.773713","0","1"
"04","‹{éŒ§","04445","‰Á”üŒS‰Á”ü’¬","044450023000","Žšã–ì–ÚV–x","38.592322","140.725492","0","1"
"04","‹{éŒ§","04445","‰Á”üŒS‰Á”ü’¬","044450024000","ŽšŒ´‘äè¼–k","38.606967","140.744807","0","1"
"04","‹{éŒ§","04445","‰Á”üŒS‰Á”ü’¬","044450025000","Žšã–ì–Ú…À","38.581938","140.741931","0","1"
"04","‹{éŒ§","04445","‰Á”üŒS‰Á”ü’¬","044450026000","Žšã–ì–ÚM‹´","38.590633","140.721342","0","1"
"04","‹{éŒ§","04445","‰Á”üŒS‰Á”ü’¬","044450027000","ŽšŒ´‹óÀ‘O","38.600405","140.754147","0","1"
"04","‹{éŒ§","04445","‰Á”üŒS‰Á”ü’¬","044450028000","Žš’·´…“yŽèƒm“àˆê”Ô","38.597889","140.735333","0","1"
"04","‹{éŒ§","04445","‰Á”üŒS‰Á”ü’¬","044450029000","Žšˆð‘òŠÖê","38.598459","140.702339","0","1"
"04","‹{éŒ§","04445","‰Á”üŒS‰Á”ü’¬","044450030000","ŽšãìŒ´“ñ”Ô","38.574801","140.844752","0","1"
"04","‹{éŒ§","04445","‰Á”üŒS‰Á”ü’¬","044450031000","ŽšŒ´Ô–x","38.603937","140.752035","0","1"
"04","‹{éŒ§","04445","‰Á”üŒS‰Á”ü’¬","044450032000","Žš’·´…‘å¼","38.596249","140.730167","0","1"
"04","‹{éŒ§","04445","‰Á”üŒS‰Á”ü’¬","044450033000","ŽšŒÜ•SŠ ","38.580434","140.797501","0","1"
"04","‹{éŒ§","04445","‰Á”üŒS‰Á”ü’¬","044450034000","ŽšŒ´‘äè¼’†","38.606325","140.742949","0","1"
"04","‹{éŒ§","04445","‰Á”üŒS‰Á”ü’¬","044450035000","ŽšŒ´m•½‰®•~","38.601557","140.728020","0","1"
"04","‹{éŒ§","04445","‰Á”üŒS‰Á”ü’¬","044450036000","Žšã–ì–ÚŠ‰ê‘ò","38.591045","140.724594","0","1"
"04","‹{éŒ§","04445","‰Á”üŒS‰Á”ü’¬","044450037000","ŽšÔ’Ë”ª”Ô","38.555469","140.866562","0","1"
"04","‹{éŒ§","04445","‰Á”üŒS‰Á”ü’¬","044450038000","Žšã–ì–ÚŠF“`Ž›ˆê”Ô","38.584970","140.741894","0","1"
"04","‹{éŒ§","04445","‰Á”üŒS‰Á”ü’¬","044450039000","ŽšV–¾‘V","38.570054","140.819351","0","1"
"04","‹{éŒ§","04445","‰Á”üŒS‰Á”ü’¬","044450040000","Žš–¡ƒP‘ÜŠI‘ò","38.584813","140.734550","0","1"
"04","‹{éŒ§","04445","‰Á”üŒS‰Á”ü’¬","044450041000","ŽšŒ´ŠX“¹’[","38.595162","140.719051","0","1"
"04","‹{éŒ§","04445","‰Á”üŒS‰Á”ü’¬","044450042000","Žš’†“ˆ“à“c","38.567697","140.824003","0","1"
"04","‹{éŒ§","04445","‰Á”üŒS‰Á”ü’¬","044450043000","Žš’†“ˆìŒ´“c","38.569223","140.825061","0","1"
"04","‹{éŒ§","04445","‰Á”üŒS‰Á”ü’¬","044450044000","Žš’†“ˆ“ì“cˆê”Ô","38.567639","140.823353","0","1"
"04","‹{éŒ§","04445","‰Á”üŒS‰Á”ü’¬","044450045000","Žš’†“ˆ‘å‰ºˆê”Ô","38.569605","140.831192","0","1"
"04","‹{éŒ§","04445","‰Á”üŒS‰Á”ü’¬","044450046000","Žš‰º–ì–Ú•i‘ò","38.575903","140.806666","0","1"
"04","‹{éŒ§","04445","‰Á”üŒS‰Á”ü’¬","044450047000","Žš•S–Ú–Ø“ñ”Ô","38.567741","140.855179","0","1"
"04","‹{éŒ§","04445","‰Á”üŒS‰Á”ü’¬","044450048000","Žšã–ì–Ú‘å‹{‰º","38.579813","140.753837","0","1"
"04","‹{éŒ§","04445","‰Á”üŒS‰Á”ü’¬","044450049000","ŽšŒ´–ØM","38.594702","140.780212","0","1"
"04","‹{éŒ§","04445","‰Á”üŒS‰Á”ü’¬","044450050000","Žš’¬— ‹ã”Ô","38.570826","140.858551","0","1"
"04","‹{éŒ§","04445","‰Á”üŒS‰Á”ü’¬","044450051000","Žš“ììŒ´","38.553438","140.857687","0","1"
"04","‹{éŒ§","04445","‰Á”üŒS‰Á”ü’¬","044450052000","ŽšŽ­Œ´¬“c","38.570126","140.755205","0","1"
"04","‹{éŒ§","04445","‰Á”üŒS‰Á”ü’¬","044450053000","Žšã–ì–Ú‹{ƒm‘O","38.590495","140.717038","0","1"
"04","‹{éŒ§","04445","‰Á”üŒS‰Á”ü’¬","044450054000","Žšˆð‘ò–ö‘ò‰Y","38.600123","140.698262","0","1"
"04","‹{éŒ§","04445","‰Á”üŒS‰Á”ü’¬","044450055000","Žšã–ì–Ú‰ºV–x","38.593054","140.727632","0","1"
"04","‹{éŒ§","04445","‰Á”üŒS‰Á”ü’¬","044450056000","ŽšVŒ´–ØM","38.594217","140.780725","0","1"
"04","‹{éŒ§","04445","‰Á”üŒS‰Á”ü’¬","044450057000","Žšˆð‘òˆÉã","38.597502","140.704321","0","1"
"04","‹{éŒ§","04445","‰Á”üŒS‰Á”ü’¬","044450058000","Žš–¡ƒP‘Ü“c’†‘O","38.588084","140.732692","0","1"
"04","‹{éŒ§","04445","‰Á”üŒS‰Á”ü’¬","044450059000","Žš‰º–k‰Yˆê”Ô","38.580149","140.767109","0","1"
"04","‹{éŒ§","04445","‰Á”üŒS‰Á”ü’¬","044450060000","ŽšŒ´’¬ŒäˆÉ¨‘O","38.587790","140.748029","0","1"
"04","‹{éŒ§","04445","‰Á”üŒS‰Á”ü’¬","044450061000","Žšã–ì–Úã–ìX","38.586228","140.725572","0","1"
"04","‹{éŒ§","04445","‰Á”üŒS‰Á”ü’¬","044450062000","Žšˆð‘òŠâé","38.591710","140.716330","0","1"
"04","‹{éŒ§","04445","‰Á”üŒS‰Á”ü’¬","044450063000","ŽšŽ½‘ò–ìŠÝ","38.575128","140.646900","0","1"
"04","‹{éŒ§","04445","‰Á”üŒS‰Á”ü’¬","044450064000","Žš¬£Šâé‰º","38.593998","140.714389","0","1"
"04","‹{éŒ§","04445","‰Á”üŒS‰Á”ü’¬","044450065000","ŽšŽ­Œ´ŒF–ì“°","38.577257","140.753879","0","1"
"04","‹{éŒ§","04445","‰Á”üŒS‰Á”ü’¬","044450066000","Žš–å‘òhˆê”Ô","38.604480","140.681329","0","1"
"04","‹{éŒ§","04445","‰Á”üŒS‰Á”ü’¬","044450067000","Žš¼“c˜Z”Ô","38.573451","140.851557","0","1"
"04","‹{éŒ§","04445","‰Á”üŒS‰Á”ü’¬","044450068000","Žš–kƒmŒû","38.580142","140.799042","0","1"
"04","‹{éŒ§","04445","‰Á”üŒS‰Á”ü’¬","044450069000","ŽšŽ½‘òŠxŽR","38.587956","140.634849","0","1"
"04","‹{éŒ§","04445","‰Á”üŒS‰Á”ü’¬","044450070000","ŽšŽ­Œ´ŽRŠÝ","38.548774","140.724823","0","1"
"04","‹{éŒ§","04445","‰Á”üŒS‰Á”ü’¬","044450071000","ŽšŒ´”ª”¦“°","38.605136","140.723074","0","1"
"04","‹{éŒ§","04445","‰Á”üŒS‰Á”ü’¬","044450072000","Žš’·´…‰Y“c","38.594429","140.763980","0","1"
"04","‹{éŒ§","04445","‰Á”üŒS‰Á”ü’¬","044450073000","ŽšŒ´éò‘ò","38.594290","140.781528","0","1"
"04","‹{éŒ§","04445","‰Á”üŒS‰Á”ü’¬","044450074000","Žš“ì–ìŒû","38.573721","140.792767","0","1"
"04","‹{éŒ§","04445","‰Á”üŒS‰Á”ü’¬","044450075000","Žš–å‘ò“ñƒc’hˆê”Ô","38.604965","140.689044","0","1"
"04","‹{éŒ§","04445","‰Á”üŒS‰Á”ü’¬","044450076000","ŽšŽ­Œ´‰Æ–k","38.575766","140.741012","0","1"
"04","‹{éŒ§","04445","‰Á”üŒS‰Á”ü’¬","044450077000","Žš‰º–ì–ÚŒŠ“c","38.581258","140.825819","0","1"
"04","‹{éŒ§","04445","‰Á”üŒS‰Á”ü’¬","044450078000","Žšã–ì–ÚŒŠ‘ò","38.586601","140.719186","0","1"
"04","‹{éŒ§","04445","‰Á”üŒS‰Á”ü’¬","044450079000","ŽšŽ­“‡‰z","38.553963","140.866990","0","1"
"04","‹{éŒ§","04445","‰Á”üŒS‰Á”ü’¬","044450080000","Žš‰ºìŒ´ˆê”Ô","38.570749","140.853160","0","1"
"04","‹{éŒ§","04445","‰Á”üŒS‰Á”ü’¬","044450081000","Žšã–ì–Ú•ÛŽº","38.582792","140.738440","0","1"
"04","‹{éŒ§","04445","‰Á”üŒS‰Á”ü’¬","044450082000","Žš¼“c“ñ”Ô","38.574257","140.852998","0","1"
"04","‹{éŒ§","04445","‰Á”üŒS‰Á”ü’¬","044450083000","ŽšŽ­Œ´ŒäˆÉ¨‹{","38.571651","140.746707","0","1"
"04","‹{éŒ§","04445","‰Á”üŒS‰Á”ü’¬","044450084000","Žš“à’J’n","38.579001","140.781498","0","1"
"04","‹{éŒ§","04445","‰Á”üŒS‰Á”ü’¬","044450085000","Žš¬£‰º“c","38.594881","140.713402","0","1"
"04","‹{éŒ§","04445","‰Á”üŒS‰Á”ü’¬","044450086000","Žš‰º–k‰Y","38.579787","140.771987","0","1"
"04","‹{éŒ§","04445","‰Á”üŒS‰Á”ü’¬","044450087000","ŽšV“ì“cˆê”Ô","38.567649","140.822484","0","1"
"04","‹{éŒ§","04445","‰Á”üŒS‰Á”ü’¬","044450088000","Žš‰º–ì–Ú´…“c–k","38.575442","140.812133","0","1"
"04","‹{éŒ§","04445","‰Á”üŒS‰Á”ü’¬","044450089000","ŽšŒ´”ª”¦“°¼","38.605056","140.718975","0","1"
"04","‹{éŒ§","04445","‰Á”üŒS‰Á”ü’¬","044450090000","Žš’·´…ã“à“c","38.597634","140.733729","0","1"
"04","‹{éŒ§","04445","‰Á”üŒS‰Á”ü’¬","044450091000","ŽšÔ’ËŒÜ”Ô","38.558092","140.861030","0","1"
"04","‹{éŒ§","04445","‰Á”üŒS‰Á”ü’¬","044450092000","Žšˆð‘ò’J’n“c","38.589185","140.714085","0","1"
"04","‹{éŒ§","04445","‰Á”üŒS‰Á”ü’¬","044450093000","Žšã–ì–ÚŠF“`Ž›“Œ","38.586292","140.742456","0","1"
"04","‹{éŒ§","04445","‰Á”üŒS‰Á”ü’¬","044450094000","ŽšŽ­Œ´V‰ƒm‘ò","38.566819","140.754819","0","1"
"04","‹{éŒ§","04445","‰Á”üŒS‰Á”ü’¬","044450095000","Žš¬£Vâ","38.595367","140.711900","0","1"
"04","‹{éŒ§","04445","‰Á”üŒS‰Á”ü’¬","044450096000","ŽšŒ´’¬‘å‹´","38.584557","140.754844","0","1"
"04","‹{éŒ§","04445","‰Á”üŒS‰Á”ü’¬","044450097000","ŽšŒ´‘å‹´","38.599715","140.706571","0","1"
"04","‹{éŒ§","04445","‰Á”üŒS‰Á”ü’¬","044450098000","Žšã–ì–Ú‹{ƒmã","38.592163","140.717701","0","1"
"04","‹{éŒ§","04445","‰Á”üŒS‰Á”ü’¬","044450099000","Žš“ñƒm’Ø","38.580442","140.800026","0","1"
"04","‹{éŒ§","04445","‰Á”üŒS‰Á”ü’¬","044450100000","Žšã–ì–Ú’·´…“ì","38.594885","140.734254","0","1"
"04","‹{éŒ§","04445","‰Á”üŒS‰Á”ü’¬","044450101000","ŽšŒ´–î‘q“Œ","38.606292","140.732086","0","1"
"04","‹{éŒ§","04445","‰Á”üŒS‰Á”ü’¬","044450102000","Žš‰º–ì–Ú‘OìŒ´–k","38.576808","140.821074","0","1"
"04","‹{éŒ§","04445","‰Á”üŒS‰Á”ü’¬","044450103000","ŽšŒ´‘äè‰®•~","38.606056","140.747085","0","1"
"04","‹{éŒ§","04445","‰Á”üŒS‰Á”ü’¬","044450104000","Žšˆð‘òŒü“c","38.589362","140.718260","0","1"
"04","‹{éŒ§","04445","‰Á”üŒS‰Á”ü’¬","044450105000","Žš’¬¼","38.570500","140.855610","0","1"
"04","‹{éŒ§","04445","‰Á”üŒS‰Á”ü’¬","044450106000","Žš’¬— Žµ”Ô","38.571180","140.861616","0","1"
"04","‹{éŒ§","04445","‰Á”üŒS‰Á”ü’¬","044450107000","Žš¼“cŽl”Ô","38.570274","140.854874","0","1"
"04","‹{éŒ§","04445","‰Á”üŒS‰Á”ü’¬","044450108000","Žš‹ŒŠÚ“ñ”Ô","38.560563","140.857172","0","1"
"04","‹{éŒ§","04445","‰Á”üŒS‰Á”ü’¬","044450109000","ŽšŽ½‘ò“nŒË","38.594601","140.667298","0","1"
"04","‹{éŒ§","04445","‰Á”üŒS‰Á”ü’¬","044450110000","Žš’†“ˆ“°‰®•~ˆê”Ô","38.569485","140.823811","0","1"
"04","‹{éŒ§","04445","‰Á”üŒS‰Á”ü’¬","044450111000","ŽšŒ´”½–Ú“ì","38.599223","140.707742","0","1"
"04","‹{éŒ§","04445","‰Á”üŒS‰Á”ü’¬","044450112000","ŽšçŠ “c","38.577831","140.813452","0","1"
"04","‹{éŒ§","04445","‰Á”üŒS‰Á”ü’¬","044450113000","Žš‰ºìŒ´Œü","38.571307","140.853880","0","1"
"04","‹{éŒ§","04445","‰Á”üŒS‰Á”ü’¬","044450114000","Žšˆê–{–ö","38.572907","140.850908","0","1"
"04","‹{éŒ§","04445","‰Á”üŒS‰Á”ü’¬","044450115000","Žš_ŽR¼","38.571821","140.787157","0","1"
"04","‹{éŒ§","04445","‰Á”üŒS‰Á”ü’¬","044450116000","Žš¼“cŽO”Ô","38.571751","140.854869","0","1"
"04","‹{éŒ§","04445","‰Á”üŒS‰Á”ü’¬","044450117000","ŽšŠO’J’n","38.582030","140.778507","0","1"
"04","‹{éŒ§","04445","‰Á”üŒS‰Á”ü’¬","044450118000","Žš’·´…¬ò’J’n“c","38.593293","140.767314","0","1"
"04","‹{éŒ§","04445","‰Á”üŒS‰Á”ü’¬","044450119000","Žš’†“ˆ’†—¢“ì","38.569390","140.827998","0","1"
"04","‹{éŒ§","04445","‰Á”üŒS‰Á”ü’¬","044450120000","ŽšŒ´–î‘q‘O","38.605712","140.730370","0","1"
"04","‹{éŒ§","04445","‰Á”üŒS‰Á”ü’¬","044450121000","Žš–òŽt“°ŽO”Ô","38.555502","140.865172","0","1"
"04","‹{éŒ§","04445","‰Á”üŒS‰Á”ü’¬","044450122000","Žš’†ƒm“à","38.594163","140.729913","0","1"
"04","‹{éŒ§","04445","‰Á”üŒS‰Á”ü’¬","044450123000","Žš‰º–ì–Ú‹v•Û“c","38.575209","140.813844","0","1"
"04","‹{éŒ§","04445","‰Á”üŒS‰Á”ü’¬","044450124000","ŽšŽ­Œ´ŽñŒË","38.566641","140.708720","0","1"
"04","‹{éŒ§","04445","‰Á”üŒS‰Á”ü’¬","044450125000","ŽšŒ´’ç“c","38.596453","140.729564","0","1"
"04","‹{éŒ§","04445","‰Á”üŒS‰Á”ü’¬","044450126000","Žš‰º–ì–Ú“Œ“c–k","38.578219","140.831526","0","1"
"04","‹{éŒ§","04445","‰Á”üŒS‰Á”ü’¬","044450127000","Žš–¡ƒP‘ÜVâ","38.580299","140.734660","0","1"
"04","‹{éŒ§","04445","‰Á”üŒS‰Á”ü’¬","044450128000","Žšã–ì–ÚŽw‹´ˆê”Ô","38.592777","140.720822","0","1"
"04","‹{éŒ§","04445","‰Á”üŒS‰Á”ü’¬","044450129000","ŽšŽ­Œ´ˆêƒm‘ò","38.545864","140.704827","0","1"
"04","‹{éŒ§","04445","‰Á”üŒS‰Á”ü’¬","044450130000","Žšã–ì–ÚŽw‹´","38.592901","140.722475","0","1"
"04","‹{éŒ§","04445","‰Á”üŒS‰Á”ü’¬","044450131000","Žšé‰º¼","38.568909","140.778593","0","1"
"04","‹{éŒ§","04445","‰Á”üŒS‰Á”ü’¬","044450132000","Žš‰ºƒ^ìŒ´","38.575443","140.776626","0","1"
"04","‹{éŒ§","04445","‰Á”üŒS‰Á”ü’¬","044450133000","ŽšŒ´‘å‹È‰Y","38.601053","140.729184","0","1"
"04","‹{éŒ§","04445","‰Á”üŒS‰Á”ü’¬","044450134000","Žšã–ì–Ú’†ƒm“à","38.593758","140.729420","0","1"
"04","‹{éŒ§","04445","‰Á”üŒS‰Á”ü’¬","044450135000","Žš‰º–ì–Ú‹v•Û“c“ì","38.575357","140.817038","0","1"
"04","‹{éŒ§","04445","‰Á”üŒS‰Á”ü’¬","044450136000","Žš‰º–ì–Úì’[‰º","38.577119","140.827463","0","1"
"04","‹{éŒ§","04445","‰Á”üŒS‰Á”ü’¬","044450137000","ŽšŒ´ŽO–{¼","38.599746","140.701007","0","1"
"04","‹{éŒ§","04445","‰Á”üŒS‰Á”ü’¬","044450138000","Žš¬£ìâ","38.594643","140.711990","0","1"
"04","‹{éŒ§","04445","‰Á”üŒS‰Á”ü’¬","044450139000","Žš“c’†","38.570947","140.787494","0","1"
"04","‹{éŒ§","04445","‰Á”üŒS‰Á”ü’¬","044450140000","Žš–¡ƒP‘Ü‰ƒm“à","38.588566","140.733264","0","1"
"04","‹{éŒ§","04445","‰Á”üŒS‰Á”ü’¬","044450141000","ŽšŽ­Œ´‘åØ","38.565322","140.730701","0","1"
"04","‹{éŒ§","04445","‰Á”üŒS‰Á”ü’¬","044450142000","Žšã–ì–Ú–òŽt“°","38.589523","140.730545","0","1"
"04","‹{éŒ§","04445","‰Á”üŒS‰Á”ü’¬","044450143000","Žš¬£´…“c","38.596016","140.710755","0","1"
"04","‹{éŒ§","04445","‰Á”üŒS‰Á”ü’¬","044450144000","ŽšŽ­Œ´V“c","38.566880","140.739764","0","1"
"04","‹{éŒ§","04445","‰Á”üŒS‰Á”ü’¬","044450145000","Žš–å‘ò— ˆê”Ô","38.605112","140.681363","0","1"
"04","‹{éŒ§","04445","‰Á”üŒS‰Á”ü’¬","044450146000","Žšã–ì–Ú‘å“¹’[","38.591714","140.724456","0","1"
"04","‹{éŒ§","04445","‰Á”üŒS‰Á”ü’¬","044450147000","Žš‰º–ì–Ú‘OìŒ´’†","38.574489","140.817659","0","1"
"04","‹{éŒ§","04445","‰Á”üŒS‰Á”ü’¬","044450148000","Žš¼”ªÎ","38.576636","140.767168","0","1"
"04","‹{éŒ§","04445","‰Á”üŒS‰Á”ü’¬","044450149000","Žš”ªÎ‰ºˆê”Ô","38.575309","140.768289","0","1"
"04","‹{éŒ§","04445","‰Á”üŒS‰Á”ü’¬","044450150000","Žš•ÐŠLìŒ´“ñ”Ô","38.552954","140.856406","0","1"
"04","‹{éŒ§","04445","‰Á”üŒS‰Á”ü’¬","044450151000","Žšˆð‘ò’x‘ò","38.587499","140.718407","0","1"
"04","‹{éŒ§","04445","‰Á”üŒS‰Á”ü’¬","044450152000","ŽšŒ´‚’J’n‰®•~","38.581692","140.766930","0","1"
"04","‹{éŒ§","04445","‰Á”üŒS‰Á”ü’¬","044450153000","Žš‰º–ì–Ú—‹–k","38.577954","140.814559","0","1"
"04","‹{éŒ§","04445","‰Á”üŒS‰Á”ü’¬","044450154000","Žš¬£’†–ì","38.597593","140.706678","0","1"
"04","‹{éŒ§","04445","‰Á”üŒS‰Á”ü’¬","044450155000","Žšã–ì–Ú’J’n“c","38.589644","140.727005","0","1"
"04","‹{éŒ§","04445","‰Á”üŒS‰Á”ü’¬","044450156000","Žš–kŒ´","38.579408","140.788499","0","1"
"04","‹{éŒ§","04445","‰Á”üŒS‰Á”ü’¬","044450157000","Žš–å‘ò“nƒm‘ò","38.605898","140.692060","0","1"
"04","‹{éŒ§","04445","‰Á”üŒS‰Á”ü’¬","044450158000","Žš¬£ã‰ÍŒ´","38.596944","140.707028","0","1"
"04","‹{éŒ§","04445","‰Á”üŒS‰Á”ü’¬","044450159000","Žšˆê–{–ö“ì","38.569439","140.853569","0","1"
"04","‹{éŒ§","04445","‰Á”üŒS‰Á”ü’¬","044450160000","ŽšŽ­Œ´Œü“c","38.564405","140.731674","0","1"
"04","‹{éŒ§","04445","‰Á”üŒS‰Á”ü’¬","044450161000","Žš‘OŒ‡‰ºìŒ´","38.572731","140.771057","0","1"
"04","‹{éŒ§","04445","‰Á”üŒS‰Á”ü’¬","044450162000","ŽšŽ½‘ò‘òŒû","38.576018","140.647112","0","1"
"04","‹{éŒ§","04445","‰Á”üŒS‰Á”ü’¬","044450163000","ŽšŒ´¯‰E‰q–å","38.604009","140.716461","0","1"
"04","‹{éŒ§","04445","‰Á”üŒS‰Á”ü’¬","044450164000","Žš‰º–ì–Ú—‹“ì","38.576876","140.814732","0","1"
"04","‹{éŒ§","04445","‰Á”üŒS‰Á”ü’¬","044450165000","Žš…ˆðŽRŠÝ","38.600073","140.684951","0","1"
"04","‹{éŒ§","04445","‰Á”üŒS‰Á”ü’¬","044450166000","Žš”ª‰¤Žq","38.571030","140.782717","0","1"
"04","‹{éŒ§","04445","‰Á”üŒS‰Á”ü’¬","044450167000","Žšã–ì–ÚŒK”¨ˆê”Ô","38.589430","140.720568","0","1"
"04","‹{éŒ§","04445","‰Á”üŒS‰Á”ü’¬","044450168000","Žš–¡ƒP‘Ü‘å‘P’h","38.586893","140.735754","0","1"
"04","‹{éŒ§","04445","‰Á”üŒS‰Á”ü’¬","044450169000","ŽšŒ´’¬–k“Œ‰®•~","38.586459","140.749751","0","1"
"04","‹{éŒ§","04445","‰Á”üŒS‰Á”ü’¬","044450170000","Žš’·´…–k“ñ”Ô","38.596336","140.743355","0","1"
"04","‹{éŒ§","04445","‰Á”üŒS‰Á”ü’¬","044450171000","ŽšŒ´’¬“ì“Œ‰®•~","38.585282","140.749587","0","1"
"04","‹{éŒ§","04445","‰Á”üŒS‰Á”ü’¬","044450172000","Žš•ÐŠLìŒ´ŠO","38.552116","140.860502","0","1"
"04","‹{éŒ§","04445","‰Á”üŒS‰Á”ü’¬","044450173000","Žš¬£‰ºŒ´“Œ","38.594082","140.719062","0","1"
"04","‹{éŒ§","04445","‰Á”üŒS‰Á”ü’¬","044450174000","Žš‰º–ì–Ú‹v•Û“c–k","38.576582","140.815959","0","1"
"04","‹{éŒ§","04445","‰Á”üŒS‰Á”ü’¬","044450175000","Žšã–ì–Ú‘å‹{","38.580043","140.745686","0","1"
"04","‹{éŒ§","04445","‰Á”üŒS‰Á”ü’¬","044450176000","Žšã–ì–Ú‚”¨","38.588614","140.730781","0","1"
"04","‹{éŒ§","04445","‰Á”üŒS‰Á”ü’¬","044450177000","ŽšŒ´ã–ì‰®•~","38.599707","140.703303","0","1"
"04","‹{éŒ§","04445","‰Á”üŒS‰Á”ü’¬","044450178000","ŽšŒ´’·’J’n","38.608277","140.716576","0","1"
"04","‹{éŒ§","04445","‰Á”üŒS‰Á”ü’¬","044450179000","ŽšŽ­Œ´V¬“c","38.569530","140.755917","0","1"
"04","‹{éŒ§","04445","‰Á”üŒS‰Á”ü’¬","044450180000","ŽšŒ´’¬“ì•SƒP´…","38.585596","140.751556","0","1"
"04","‹{éŒ§","04445","‰Á”üŒS‰Á”ü’¬","044450181000","Žšã–ì–Ú‰ÍŒ´","38.579966","140.742950","0","1"
"04","‹{éŒ§","04445","‰Á”üŒS‰Á”ü’¬","044450182000","Žš‰º–ì–Ú‰º‹v•Û’†","38.577572","140.820070","0","1"
"04","‹{éŒ§","04445","‰Á”üŒS‰Á”ü’¬","044450183000","Žš–å‘ò‰Y","38.604436","140.679862","0","1"
"04","‹{éŒ§","04445","‰Á”üŒS‰Á”ü’¬","044450184000","ŽšŽ­Œ´¼‰º","38.568159","140.742005","0","1"
"04","‹{éŒ§","04445","‰Á”üŒS‰Á”ü’¬","044450185000","ŽšŽ­Œ´Œ¹Ž¡˜Y","38.570936","140.741243","0","1"
"04","‹{éŒ§","04445","‰Á”üŒS‰Á”ü’¬","044450186000","ŽšŽ­“‡¼","38.556385","140.863883","0","1"
"04","‹{éŒ§","04445","‰Á”üŒS‰Á”ü’¬","044450187000","ŽšŽ­Œ´LŒ©","38.567489","140.737757","0","1"
"04","‹{éŒ§","04445","‰Á”üŒS‰Á”ü’¬","044450188000","Žšã–ì–Ú‹v•Û","38.586239","140.729557","0","1"
"04","‹{éŒ§","04445","‰Á”üŒS‰Á”ü’¬","044450189000","Žš–¡ƒP‘ÜŒI–Ø’h","38.587257","140.736216","0","1"
"04","‹{éŒ§","04445","‰Á”üŒS‰Á”ü’¬","044450190000","ŽšŒ´“¹’[‰®•~","38.579111","140.775112","0","1"
"04","‹{éŒ§","04445","‰Á”üŒS‰Á”ü’¬","044450191000","Žš–Ø•šìŒ´ŽO”Ô","38.560320","140.850964","0","1"
"04","‹{éŒ§","04445","‰Á”üŒS‰Á”ü’¬","044450192000","Žš…ˆðŽRŠÝˆê”Ô","38.600417","140.689580","0","1"
"04","‹{éŒ§","04445","‰Á”üŒS‰Á”ü’¬","044450193000","Žš’¬— ”ª”Ô","38.567731","140.858454","0","1"
"04","‹{éŒ§","04445","‰Á”üŒS‰Á”ü’¬","044450194000","Žš’†ìŒ´","38.572039","140.778418","0","1"
"04","‹{éŒ§","04445","‰Á”üŒS‰Á”ü’¬","044450195000","Žš‰º–ì–Ú–k“c“ì","38.578172","140.810947","0","1"
"04","‹{éŒ§","04445","‰Á”üŒS‰Á”ü’¬","044450196000","Žšˆð‘òž³”¨","38.588545","140.698511","0","1"
"04","‹{éŒ§","04445","‰Á”üŒS‰Á”ü’¬","044450197000","Žšã–ì–ÚŠF“`Ž›","38.586698","140.740021","0","1"
"04","‹{éŒ§","04445","‰Á”üŒS‰Á”ü’¬","044450198000","Žš–¡ƒP‘Ü_–¾‰ºˆê”Ô","38.582640","140.732989","0","1"
"04","‹{éŒ§","04445","‰Á”üŒS‰Á”ü’¬","044450199000","ŽšŒ´“Ò´…","38.597057","140.728487","0","1"
"04","‹{éŒ§","04445","‰Á”üŒS‰Á”ü’¬","044450200000","Žš–å‘ò’J’n“c","38.605450","140.687628","0","1"
"04","‹{éŒ§","04445","‰Á”üŒS‰Á”ü’¬","044450201000","Žš¬£ìŒ´","38.596950","140.705996","0","1"
"04","‹{éŒ§","04445","‰Á”üŒS‰Á”ü’¬","044450202000","ŽšŒ´’¬’¬“ª","38.583888","140.741482","0","1"
"04","‹{éŒ§","04445","‰Á”üŒS‰Á”ü’¬","044450203000","Žšˆð‘ò‹v•Û“c","38.591946","140.706116","0","1"
"04","‹{éŒ§","04445","‰Á”üŒS‰Á”ü’¬","044450204000","ŽšŽ­Œ´‰’[","38.564907","140.731209","0","1"
"04","‹{éŒ§","04445","‰Á”üŒS‰Á”ü’¬","044450205000","Žšã–ì–Ú¬—Ñ","38.587370","140.744278","0","1"
"04","‹{éŒ§","04445","‰Á”üŒS‰Á”ü’¬","044450206000","Žš¬£‰ºŒ´‘O","38.595051","140.716042","0","1"
"04","‹{éŒ§","04445","‰Á”üŒS‰Á”ü’¬","044450207000","Žš‘å–åŽO”Ô","38.574401","140.854282","0","1"
"04","‹{éŒ§","04445","‰Á”üŒS‰Á”ü’¬","044450208000","Žš‰º–ì–Ú‰º‹v•Û“ì","38.576586","140.823812","0","1"
"04","‹{éŒ§","04445","‰Á”üŒS‰Á”ü’¬","044450209000","ŽšŒŠ”¨","38.574053","140.850181","0","1"
"04","‹{éŒ§","04445","‰Á”üŒS‰Á”ü’¬","044450210000","Žšˆð‘ò–k•½ˆê”Ô","38.593184","140.700883","0","1"
"04","‹{éŒ§","04445","‰Á”üŒS‰Á”ü’¬","044450211000","Žš–å‘ò—œŽq‘ò","38.605347","140.674626","0","1"
"04","‹{éŒ§","04445","‰Á”üŒS‰Á”ü’¬","044450212000","ŽšŽ­Œ´–k‘º","38.567189","140.737909","0","1"
"04","‹{éŒ§","04445","‰Á”üŒS‰Á”ü’¬","044450213000","ŽšŽ½‘ò‰Y","38.577417","140.645916","0","1"
"04","‹{éŒ§","04445","‰Á”üŒS‰Á”ü’¬","044450214000","Žš’†“ˆ‘å–ö","38.570155","140.815305","0","1"
"04","‹{éŒ§","04445","‰Á”üŒS‰Á”ü’¬","044450215000","ŽšŽ­Œ´•ôè","38.565043","140.735586","0","1"
"04","‹{éŒ§","04445","‰Á”üŒS‰Á”ü’¬","044450216000","ŽšŒ´–k’J’n","38.610568","140.700095","0","1"
"04","‹{éŒ§","04445","‰Á”üŒS‰Á”ü’¬","044450217000","Žš–k’¬ŽO”Ô","38.573706","140.860323","0","1"
"04","‹{éŒ§","04445","‰Á”üŒS‰Á”ü’¬","044450218000","ŽšŽ­Œ´Žl–‡“c","38.565893","140.734813","0","1"
"04","‹{éŒ§","04445","‰Á”üŒS‰Á”ü’¬","044450219000","Žš“¡•º‰q‘O","38.603375","140.711510","0","1"
"04","‹{éŒ§","04445","‰Á”üŒS‰Á”ü’¬","044450220000","Žš–kŽ›h","38.579391","140.783818","0","1"
"04","‹{éŒ§","04445","‰Á”üŒS‰Á”ü’¬","044450221000","Žš‰ª’¬","38.571646","140.859593","0","1"
"04","‹{éŒ§","04445","‰Á”üŒS‰Á”ü’¬","044450222000","Žšã–ì–ÚÎ–¼â","38.585546","140.726713","0","1"
"04","‹{éŒ§","04445","‰Á”üŒS‰Á”ü’¬","044450223000","Žš–k“c","38.578435","140.814705","0","1"
"04","‹{éŒ§","04445","‰Á”üŒS‰Á”ü’¬","044450224000","Žš¬£â‰º","38.597628","140.708754","0","1"
"04","‹{éŒ§","04445","‰Á”üŒS‰Á”ü’¬","044450225000","Žš•S–Ú–Øˆê”Ô","38.563424","140.857368","0","1"
"04","‹{éŒ§","04445","‰Á”üŒS‰Á”ü’¬","044450226000","Žšˆð‘ò‰Hê“c","38.594896","140.707248","0","1"
"04","‹{éŒ§","04445","‰Á”üŒS‰Á”ü’¬","044450227000","ŽšŒ´’¬–k¼‰®•~","38.586976","140.746989","0","1"
"04","‹{éŒ§","04445","‰Á”üŒS‰Á”ü’¬","044450228000","Žšˆð‘òìŒ´","38.593795","140.710835","0","1"
"04","‹{éŒ§","04445","‰Á”üŒS‰Á”ü’¬","044450229000","Žšã–ì–Ú”¨’†","38.592754","140.731405","0","1"
"04","‹{éŒ§","04445","‰Á”üŒS‰Á”ü’¬","044450230000","ŽšŽ­Œ´‘O“c","38.571227","140.738275","0","1"
"04","‹{éŒ§","04445","‰Á”üŒS‰Á”ü’¬","044450231000","Žš–¡ƒP‘ÜŽu“c","38.579186","140.730800","0","1"
"04","‹{éŒ§","04445","‰Á”üŒS‰Á”ü’¬","044450232000","Žšã–ì–Ú¼–ìX","38.592892","140.717127","0","1"
"04","‹{éŒ§","04445","‰Á”üŒS‰Á”ü’¬","044450233000","Žš’¬‰®•~“ñ”Ô","38.575313","140.779177","0","1"
"04","‹{éŒ§","04445","‰Á”üŒS‰Á”ü’¬","044450234000","Žš–å‘ò‰Hê","38.605587","140.684605","0","1"
"04","‹{éŒ§","04445","‰Á”üŒS‰Á”ü’¬","044450235000","ŽšŽ­Œ´‹v•Û“c","38.571144","140.753635","0","1"
"04","‹{éŒ§","04445","‰Á”üŒS‰Á”ü’¬","044450236000","ŽšŽ­Œ´X‡","38.566025","140.740689","0","1"
"04","‹{éŒ§","04445","‰Á”üŒS‰Á”ü’¬","044450237000","ŽšŒ´’¬˜ZŠp","38.585298","140.740230","0","1"
"04","‹{éŒ§","04445","‰Á”üŒS‰Á”ü’¬","044450238000","Žš’·´…“ìˆê”Ô","38.595306","140.737459","0","1"
"04","‹{éŒ§","04445","‰Á”üŒS‰Á”ü’¬","044450239000","Žš–¡ƒP‘Üâ‰º","38.584189","140.733559","0","1"
"04","‹{éŒ§","04445","‰Á”üŒS‰Á”ü’¬","044450240000","ŽšŽ½‘òh","38.576960","140.647520","0","1"
"04","‹{éŒ§","04445","‰Á”üŒS‰Á”ü’¬","044450241000","ŽšŒ´’¬÷’h","38.584542","140.752364","0","1"
"04","‹{éŒ§","04445","‰Á”üŒS‰Á”ü’¬","044450242000","Žš“¡•º‰q","38.603814","140.708325","0","1"
"04","‹{éŒ§","04445","‰Á”üŒS‰Á”ü’¬","044450243000","Žš’†“ˆ‘å–öˆê”Ô","38.572236","140.826183","0","1"
"04","‹{éŒ§","04445","‰Á”üŒS‰Á”ü’¬","044450244000","Žš’¬‰®•~ˆê”Ô","38.573546","140.781513","0","1"
"04","‹{éŒ§","04445","‰Á”üŒS‰Á”ü’¬","044450245000","Žš–å‘ò‰ºŒE","38.604077","140.683094","0","1"
"04","‹{éŒ§","04445","‰Á”üŒS‰Á”ü’¬","044450246000","Žš‰º–ì–Ú“¡‘ò","38.577651","140.833167","0","1"
"04","‹{éŒ§","04445","‰Á”üŒS‰Á”ü’¬","044450247000","Žš–å‘ò“ñƒc’h","38.603181","140.690196","0","1"
"04","‹{éŒ§","04445","‰Á”üŒS‰Á”ü’¬","044450248000","ŽšŽ­Œ´V“ŒŒü","38.572616","140.755906","0","1"
"04","‹{éŒ§","04445","‰Á”üŒS‰Á”ü’¬","044450249000","Žšˆð‘ò–î’Ø","38.591958","140.708545","0","1"
"04","‹{éŒ§","04445","‰Á”üŒS‰Á”ü’¬","044450250000","Žš‰º–ì–Ú´…“c“Œ","38.573990","140.813149","0","1"
"04","‹{éŒ§","04445","‰Á”üŒS‰Á”ü’¬","044450251000","ŽšŽ­Œ´Æˆä","38.578915","140.751091","0","1"
"04","‹{éŒ§","04445","‰Á”üŒS‰Á”ü’¬","044450252000","ŽšŒ´‘ò–Ú“cˆê”Ô","38.608011","140.729264","0","1"
"04","‹{éŒ§","04445","‰Á”üŒS‰Á”ü’¬","044450253000","ŽšŒ´‘å’J’n","38.608176","140.691334","0","1"
"04","‹{éŒ§","04445","‰Á”üŒS‰Á”ü’¬","044450254000","Žšˆê—¢’Ë","38.572541","140.789806","0","1"
"04","‹{éŒ§","04445","‰Á”üŒS‰Á”ü’¬","044450255000","Žšã–ì–ÚŒK”¨“ñ”Ô","38.588091","140.721424","0","1"
"04","‹{éŒ§","04445","‰Á”üŒS‰Á”ü’¬","044450256000","Žš•ÐŠLìŒ´•Ê","38.553169","140.860093","0","1"
"04","‹{éŒ§","04445","‰Á”üŒS‰Á”ü’¬","044450257000","ŽšÆˆä","38.579802","140.757249","0","1"
"04","‹{éŒ§","04445","‰Á”üŒS‰Á”ü’¬","044450258000","Žš“ì’¬","38.568618","140.857817","0","1"
"04","‹{éŒ§","04445","‰Á”üŒS‰Á”ü’¬","044450259000","Žš¬£ŠI‘ò","38.599285","140.700852","0","1"
"04","‹{éŒ§","04445","‰Á”üŒS‰Á”ü’¬","044450260000","Žš’†Œ´","38.582969","140.779743","0","1"
"04","‹{éŒ§","04445","‰Á”üŒS‰Á”ü’¬","044450261000","Žš–k‰ºŒ´","38.576713","140.786764","0","1"
"04","‹{éŒ§","04445","‰Á”üŒS‰Á”ü’¬","044450262000","Žšˆð‘òã´…ì","38.592941","140.713830","0","1"
"04","‹{éŒ§","04445","‰Á”üŒS‰Á”ü’¬","044450263000","Žš“c’†ˆê”Ô","38.570626","140.791454","0","1"
"04","‹{éŒ§","04445","‰Á”üŒS‰Á”ü’¬","044450264000","Žš–Ø•šìŒ´ŠO","38.559522","140.854063","0","1"
"04","‹{éŒ§","04445","‰Á”üŒS‰Á”ü’¬","044450265000","ŽšŽ­Œ´¼–ì","38.574285","140.751498","0","1"
"04","‹{éŒ§","04445","‰Á”üŒS‰Á”ü’¬","044450266000","Žš”ªÎ‰º","38.575462","140.770831","0","1"
"04","‹{éŒ§","04445","‰Á”üŒS‰Á”ü’¬","044450267000","ŽšŽ­Œ´ì’ê‰º","38.552645","140.739493","0","1"
"04","‹{éŒ§","04445","‰Á”üŒS‰Á”ü’¬","044450268000","Žšˆð‘ò–ö‘ò","38.598539","140.695746","0","1"
"04","‹{éŒ§","04445","‰Á”üŒS‰Á”ü’¬","044450269000","Žš–@¹Ž›‘O","38.595608","140.731449","0","1"
"04","‹{éŒ§","04445","‰Á”üŒS‰Á”ü’¬","044450270000","ŽšŽ­Œ´’†‘º","38.566476","140.731843","0","1"
"04","‹{éŒ§","04445","‰Á”üŒS‰Á”ü’¬","044450271000","Žš–¡ƒP‘Ü‘·‰®•~","38.571117","140.721541","0","1"
"04","‹{éŒ§","04445","‰Á”üŒS‰Á”ü’¬","044450272000","Žš–¡ƒP‘Ür—§","38.582460","140.727222","0","1"
"04","‹{éŒ§","04445","‰Á”üŒS‰Á”ü’¬","044450273000","Žš–òŽt“°ˆê”Ô","38.559558","140.858959","0","1"
"04","‹{éŒ§","04445","‰Á”üŒS‰Á”ü’¬","044450274000","Žš–¡ƒP‘ÜìŒ´","38.584421","140.730770","0","1"
"04","‹{éŒ§","04445","‰Á”üŒS‰Á”ü’¬","044450275000","Žš[‘","38.594350","140.732892","0","1"
"04","‹{éŒ§","04445","‰Á”üŒS‰Á”ü’¬","044450276000","Žš”ó“c","38.579820","140.829614","0","1"
"04","‹{éŒ§","04445","‰Á”üŒS‰Á”ü’¬","044450277000","Žšˆð‘òž³”¨ˆê”Ô","38.587765","140.691398","0","1"
"04","‹{éŒ§","04445","‰Á”üŒS‰Á”ü’¬","044450278000","Žš–¡ƒP‘ÜV…‘ò","38.581686","140.730986","0","1"
"04","‹{éŒ§","04445","‰Á”üŒS‰Á”ü’¬","044450279000","Žš’†“ˆ“°‰®•~","38.570167","140.825320","0","1"
"04","‹{éŒ§","04445","‰Á”üŒS‰Á”ü’¬","044450280000","ŽšŽ­Œ´“Œ“c","38.568207","140.704334","0","1"
"04","‹{éŒ§","04445","‰Á”üŒS‰Á”ü’¬","044450281000","Žš’·´…–k","38.596771","140.733420","0","1"
"04","‹{éŒ§","04445","‰Á”üŒS‰Á”ü’¬","044450282000","Žšˆð‘ò‰º”nâ","38.588471","140.690610","0","1"
"04","‹{éŒ§","04445","‰Á”üŒS‰Á”ü’¬","044450283000","Žš…ˆð¼–ì","38.599852","140.680552","0","1"
"04","‹{éŒ§","04445","‰Á”üŒS‰Á”ü’¬","044450284000","ŽšŽ­Œ´‰Æƒm‰º","38.557603","140.722095","0","1"
"04","‹{éŒ§","04445","‰Á”üŒS‰Á”ü’¬","044450285000","ŽšŽ­Œ´—ÑÛ","38.551425","140.728531","0","1"
"04","‹{éŒ§","04445","‰Á”üŒS‰Á”ü’¬","044450286000","ŽšŽ­Œ´ì‘Ü","38.568989","140.741205","0","1"
"04","‹{éŒ§","04445","‰Á”üŒS‰Á”ü’¬","044450287000","Žš’¬‰®•~","38.571684","140.783938","0","1"
"04","‹{éŒ§","04445","‰Á”üŒS‰Á”ü’¬","044450288000","Žš–¡ƒP‘ÜVŽu“c","38.580402","140.732590","0","1"
"04","‹{éŒ§","04445","‰Á”üŒS‰Á”ü’¬","044450289000","ŽšŽ­Œ´‰º–k‘º","38.574266","140.753917","0","1"
"04","‹{éŒ§","04445","‰Á”üŒS‰Á”ü’¬","044450290000","Žš’†“ˆ“ìŒ´”¨","38.566183","140.823717","0","1"
"04","‹{éŒ§","04445","‰Á”üŒS‰Á”ü’¬","044450291000","Žš–î‘q","38.605076","140.728883","0","1"
"04","‹{éŒ§","04445","‰Á”üŒS‰Á”ü’¬","044450292000","ŽšŒ´Œ~‹´","38.609909","140.697431","0","1"
"04","‹{éŒ§","04445","‰Á”üŒS‰Á”ü’¬","044450293000","Žš¬£Šâéã","38.595192","140.714451","0","1"
"04","‹{éŒ§","04445","‰Á”üŒS‰Á”ü’¬","044450294000","Žš‹v•Û“c","38.575394","140.815397","0","1"
"04","‹{éŒ§","04445","‰Á”üŒS‰Á”ü’¬","044450295000","Žš‰º–ì–Ú‘OìŒ´“ì","38.572696","140.817587","0","1"
"04","‹{éŒ§","04445","‰Á”üŒS‰Á”ü’¬","044450296000","ŽšŽ­Œ´¬“cŠ ","38.560497","140.734273","0","1"
"04","‹{éŒ§","04445","‰Á”üŒS‰Á”ü’¬","044450297000","ŽšŽ­Œ´”–Ø—Ñ","38.565067","140.721733","0","1"
"04","‹{éŒ§","04445","‰Á”üŒS‰Á”ü’¬","044450298000","Žšˆð‘òA‘º","38.592193","140.711458","0","1"
"04","‹{éŒ§","04445","‰Á”üŒS‰Á”ü’¬","044450299000","Žš¼“cˆê”Ô","38.572967","140.854096","0","1"
"04","‹{éŒ§","04445","‰Á”üŒS‰Á”ü’¬","044450300000","Žš’·’¬","38.578808","140.817749","0","1"
"04","‹{éŒ§","04445","‰Á”üŒS‰Á”ü’¬","044450301000","Žšã–ì–ÚŒü","38.581492","140.737630","0","1"
"04","‹{éŒ§","04445","‰Á”üŒS‰Á”ü’¬","044450302000","Žš–H“c","38.578712","140.829092","0","1"
"04","‹{éŒ§","04445","‰Á”üŒS‰Á”ü’¬","044450303000","ŽšV–Ø•š","38.555690","140.852916","0","1"
"04","‹{éŒ§","04445","‰Á”üŒS‰Á”ü’¬","044450304000","Žš“ìŽ›h","38.576161","140.782788","0","1"
"04","‹{éŒ§","04445","‰Á”üŒS‰Á”ü’¬","044450305000","ŽšŽ›¼","38.570544","140.779862","0","1"
"04","‹{éŒ§","04445","‰Á”üŒS‰Á”ü’¬","044450306000","ŽšŽ­Œ´’†”¨","38.558859","140.739329","0","1"
"04","‹{éŒ§","04445","‰Á”üŒS‰Á”ü’¬","044450307000","Žšˆð‘ò”nƒP•ô","38.587984","140.716586","0","1"
"04","‹{éŒ§","04445","‰Á”üŒS‰Á”ü’¬","044450308000","Žš–å‘òh","38.603459","140.678741","0","1"
"04","‹{éŒ§","04445","‰Á”üŒS‰Á”ü’¬","044450309000","ŽšV–Øƒm‰º","38.569401","140.833663","0","1"
"04","‹{éŒ§","04445","‰Á”üŒS‰Á”ü’¬","044450310000","ŽšŒ´’¬“ì¼‰®•~","38.585852","140.745690","0","1"
"04","‹{éŒ§","04445","‰Á”üŒS‰Á”ü’¬","044450311000","ŽšŽ½‘ò–ì’†","38.573834","140.647406","0","1"
"04","‹{éŒ§","04445","‰Á”üŒS‰Á”ü’¬","044450312000","ŽšŽ­Œ´ŒÝŒ´","38.570320","140.746026","0","1"
"04","‹{éŒ§","04445","‰Á”üŒS‰Á”ü’¬","044450313000","ŽšŽ­Œ´’†¬“cŠ ","38.560117","140.731240","0","1"
"04","‹{éŒ§","04445","‰Á”üŒS‰Á”ü’¬","044450314000","ŽšŽ­Œ´‰ƒm‘ò","38.564913","140.753791","0","1"
"04","‹{éŒ§","04445","‰Á”üŒS‰Á”ü’¬","044450315000","Žš’·´…–k—‹‰®•~","38.594199","140.757796","0","1"
"04","‹{éŒ§","04445","‰Á”üŒS‰Á”ü’¬","044450316000","Žš‘|—¯","38.574262","140.767763","0","1"
"04","‹{éŒ§","04445","‰Á”üŒS‰Á”ü’¬","044450317000","Žš–k’¬“ñ”Ô","38.572975","140.862045","0","1"
"04","‹{éŒ§","04445","‰Á”üŒS‰Á”ü’¬","044450318000","ŽšŽ­Œ´ŽOŒÜ‰®•~","38.578950","140.748218","0","1"
"04","‹{éŒ§","04445","‰Á”üŒS‰Á”ü’¬","044450319000","Žš–¡ƒP‘Ü…‘ò","38.581603","140.728647","0","1"
"04","‹{éŒ§","04445","‰Á”üŒS‰Á”ü’¬","044450320000","ŽšŽ­Œ´ì’[","38.567514","140.698867","0","1"
"04","‹{éŒ§","04445","‰Á”üŒS‰Á”ü’¬","044450321000","Žšã–ìŒ´","38.573129","140.786303","0","1"
"04","‹{éŒ§","04445","‰Á”üŒS‰Á”ü’¬","044450322000","Žš“V‰¤","38.579264","140.820417","0","1"
"04","‹{éŒ§","04445","‰Á”üŒS‰Á”ü’¬","044450323000","ŽšŠI‘ò","38.585467","140.735422","0","1"
"04","‹{éŒ§","04445","‰Á”üŒS‰Á”ü’¬","044450324000","ŽšŽ­Œ´â‰º","38.573553","140.737645","0","1"
"04","‹{éŒ§","04445","‰Á”üŒS‰Á”ü’¬","044450325000","ŽšŒ´“ìŒ´","38.598226","140.713513","0","1"
"04","‹{éŒ§","04445","‰Á”üŒS‰Á”ü’¬","044450326000","Žš”ª‰¤Žq‘O","38.569894","140.788099","0","1"
"04","‹{éŒ§","04445","‰Á”üŒS‰Á”ü’¬","044450327000","Žš‹v•Û","38.578943","140.826023","0","1"
"04","‹{éŒ§","04445","‰Á”üŒS‰Á”ü’¬","044450328000","Žš–¡ƒP‘Üã´…","38.584164","140.727621","0","1"
"04","‹{éŒ§","04445","‰Á”üŒS‰Á”ü’¬","044450329000","ŽšŽ­Œ´‰i‘òˆê”Ô","38.567930","140.734584","0","1"
"04","‹{éŒ§","04445","‰Á”üŒS‰Á”ü’¬","044450330000","Žšã’†ìŒ´","38.573625","140.773339","0","1"
"04","‹{éŒ§","04445","‰Á”üŒS‰Á”ü’¬","044450331000","ŽšŽ­Œ´ŽR‰º","38.568462","140.693244","0","1"
"04","‹{éŒ§","04445","‰Á”üŒS‰Á”ü’¬","044450332000","Žš…ˆð‰ºŒE","38.602705","140.689014","0","1"
"04","‹{éŒ§","04445","‰Á”üŒS‰Á”ü’¬","044450333000","ŽšŽ­Œ´¼–ì¼","38.574279","140.747691","0","1"
"04","‹{éŒ§","04445","‰Á”üŒS‰Á”ü’¬","044450334000","ŽšÎŒ´","38.575333","140.790182","0","1"
"04","‹{éŒ§","04445","‰Á”üŒS‰Á”ü’¬","044450335000","Žš¼’¬","38.573358","140.856942","0","1"
"04","‹{éŒ§","04445","‰Á”üŒS‰Á”ü’¬","044450336000","ŽšŒ Œ»","38.594720","140.722174","0","1"
"04","‹{éŒ§","04445","‰Á”üŒS‰Á”ü’¬","044450337000","Žš’·´…–kˆê”Ô","38.597010","140.737832","0","1"
"04","‹{éŒ§","04445","‰Á”üŒS‰Á”ü’¬","044450338000","ŽšŽ­Œ´¼Œ´","38.572198","140.744272","0","1"
"04","‹{éŒ§","04445","‰Á”üŒS‰Á”ü’¬","044450339000","ŽšŒK”¨¼","38.590865","140.719130","0","1"
"04","‹{éŒ§","04445","‰Á”üŒS‰Á”ü’¬","044450340000","Žšã–ì–Ú…ÀŒü","38.578792","140.743648","0","1"
"04","‹{éŒ§","04445","‰Á”üŒS‰Á”ü’¬","044450341000","ŽšŽ½‘ò‰F’Ã–ì","38.587088","140.652762","0","1"
"04","‹{éŒ§","04445","‰Á”üŒS‰Á”ü’¬","044450342000","Žš–kƒmŒû“Œ","38.579595","140.802210","0","1"
"04","‹{éŒ§","04445","‰Á”üŒS‰Á”ü’¬","044450343000","Žš’†”¨","38.575644","140.784319","0","1"
"04","‹{éŒ§","04445","‰Á”üŒS‰Á”ü’¬","044450344000","ŽšãìŒ´ˆê”Ô","38.576796","140.843867","0","1"
"04","‹{éŒ§","04445","‰Á”üŒS‰Á”ü’¬","044450345000","Žš•i‘ò","38.576861","140.809863","0","1"
"04","‹{éŒ§","04445","‰Á”üŒS‰Á”ü’¬","044450346000","Žšˆð‘ò“ñ”Ô","38.590377","140.714849","0","1"
"04","‹{éŒ§","04445","‰Á”üŒS‰Á”ü’¬","044450347000","ŽšŽ­Œ´’†‘º¼“c","38.573104","140.749637","0","1"
"04","‹{éŒ§","04445","‰Á”üŒS‰Á”ü’¬","044450348000","ŽšŒ´–F’J’n","38.588307","140.769270","0","1"
"04","‹{éŒ§","04445","‰Á”üŒS‰Á”ü’¬","044450349000","ŽšV“°‰®•~","38.567975","140.826988","0","1"
"04","‹{éŒ§","04445","‰Á”üŒS‰Á”ü’¬","044450350000","ŽšŒ´””¨","38.596409","140.776524","0","1"
"04","‹{éŒ§","04445","‰Á”üŒS‰Á”ü’¬","044450351000","ŽšŽ­Œ´’·”¨","38.566683","140.687984","0","1"
"04","‹{éŒ§","04445","‰Á”üŒS‰Á”ü’¬","044450352000","Žšé“à","38.578845","140.769271","0","1"
"04","‹{éŒ§","04445","‰Á”üŒS‰Á”ü’¬","044450353000","Žš–¡ƒP‘ÜŽu“c‘O","38.579295","140.727181","0","1"
"04","‹{éŒ§","04445","‰Á”üŒS‰Á”ü’¬","044450354000","Žš•S–Ú–ØŽO”Ô","38.567006","140.855934","0","1"
"04","‹{éŒ§","04445","‰Á”üŒS‰Á”ü’¬","044450355000","Žšˆð‘ò¼ã","38.595119","140.699281","0","1"
"04","‹{éŒ§","04445","‰Á”üŒS‰Á”ü’¬","044450356000","ŽšŽ½‘òX‰º","38.573218","140.644895","0","1"
"04","‹{éŒ§","04445","‰Á”üŒS‰Á”ü’¬","044450357000","ŽšŽ½‘òhK","38.580992","140.649633","0","1"
"04","‹{éŒ§","04445","‰Á”üŒS‰Á”ü’¬","044450358000","Žšˆð‘òŸŽR","38.589904","140.711327","0","1"
"04","‹{éŒ§","04445","‰Á”üŒS‰Á”ü’¬","044450359000","ŽšŽ½‘ò”–Ø","38.590632","140.659542","0","1"
"04","‹{éŒ§","04445","‰Á”üŒS‰Á”ü’¬","044450360000","ŽšŽ­Œ´…–x","38.567705","140.744238","0","1"
"04","‹{éŒ§","04445","‰Á”üŒS‰Á”ü’¬","044450361000","ŽšŽ­Œ´‘å”¨","38.560012","140.741852","0","1"
"04","‹{éŒ§","04445","‰Á”üŒS‰Á”ü’¬","044450362000","ŽšŽ­Œ´Ž­Œ´","38.571213","140.750633","0","1"
"04","‹{éŒ§","04445","‰Á”üŒS‰Á”ü’¬","044450363000","Žš“ì¬˜Hˆê”Ô","38.577979","140.766513","0","1"
"04","‹{éŒ§","04445","‰Á”üŒS‰Á”ü’¬","044450364000","ŽšŽ­Œ´¼”¨","38.559629","140.737055","0","1"
"04","‹{éŒ§","04445","‰Á”üŒS‰Á”ü’¬","044450365000","Žš‰Ÿ“o–Ú","38.554081","140.852647","0","1"
"04","‹{éŒ§","04445","‰Á”üŒS‰Á”ü’¬","044450366000","Žš–¡ƒP‘Ü—Ö–ì","38.578689","140.737426","0","1"
"04","‹{éŒ§","04445","‰Á”üŒS‰Á”ü’¬","044450367000","Žš‘OŒ‡","38.571188","140.772027","0","1"
"04","‹{éŒ§","04445","‰Á”üŒS‰Á”ü’¬","044450368000","Žš”Â‹´–k","38.598855","140.727767","0","1"
"04","‹{éŒ§","04445","‰Á”üŒS‰Á”ü’¬","044450369000","Žš”Â‹´“ì","38.595824","140.726534","0","1"
"04","‹{éŒ§","04445","‰Á”üŒS‰Á”ü’¬","044450370000","ŽšV””¨ˆê”Ô","38.596554","140.772186","0","1"
"04","‹{éŒ§","04445","‰Á”üŒS‰Á”ü’¬","044450371000","Žš‹{“c","38.579357","140.823235","0","1"
"04","‹{éŒ§","04445","‰Á”üŒS‰Á”ü’¬","044450372000","ŽšìŒ´“c","38.574562","140.819638","0","1"
"04","‹{éŒ§","04445","‰Á”üŒS‰Á”ü’¬","044450373000","ŽšŒ´”½–Ú–k","38.602164","140.709519","0","1"
"04","‹{éŒ§","04445","‰Á”üŒS‰Á”ü’¬","044450374000","ŽšŽ½‘ò‹xƒ–Œ´","38.570588","140.641909","0","1"
"04","‹{éŒ§","04445","‰Á”üŒS‰Á”ü’¬","044450375000","ŽšVÆˆä‰º","38.578509","140.756201","0","1"
"04","‹{éŒ§","04445","‰Á”üŒS‰Á”ü’¬","044450376000","ŽšŽ­Œ´â‰ºˆê”Ô","38.576582","140.739014","0","1"
"04","‹{éŒ§","04445","‰Á”üŒS‰Á”ü’¬","044450377000","ŽšŒ´”½–Ú","38.601162","140.703643","0","1"
"04","‹{éŒ§","04445","‰Á”üŒS‰Á”ü’¬","044450378000","Žš“c’†‘O","38.587591","140.730027","0","1"
"04","‹{éŒ§","04445","‰Á”üŒS‰Á”ü’¬","044450379000","Žš—‹“ì","38.590165","140.759415","0","1"
"04","‹{éŒ§","04445","‰Á”üŒS‰Á”ü’¬","044450380000","ŽšŽ­Œ´‘|o","38.575207","140.760043","0","1"
"04","‹{éŒ§","04445","‰Á”üŒS‰Á”ü’¬","044450381000","ŽšŽ­Œ´Šâ‰º","38.566455","140.703710","0","1"
"04","‹{éŒ§","04445","‰Á”üŒS‰Á”ü’¬","044450382000","ŽšŽ½‘ò‰Fƒg‘ò","38.594286","140.665774","0","1"
"04","‹{éŒ§","04445","‰Á”üŒS‰Á”ü’¬","044450383000","Žš¬£‰®•~","38.597199","140.712328","0","1"
"04","‹{éŒ§","04445","‰Á”üŒS‰Á”ü’¬","044450384000","ŽšŽ­Œ´“ì“c","38.568241","140.753472","0","1"
"04","‹{éŒ§","04445","‰Á”üŒS‰Á”ü’¬","044450385000","Žš–¡ƒP‘Ü‘Å‰z","38.581017","140.735223","0","1"
"04","‹{éŒ§","04445","‰Á”üŒS‰Á”ü’¬","044450386000","Žšm•½‰®•~","38.601352","140.724675","0","1"
"04","‹{éŒ§","04445","‰Á”üŒS‰Á”ü’¬","044450387000","Žš’†“ˆ–¾_‰º","38.571771","140.821376","0","1"
"04","‹{éŒ§","04445","‰Á”üŒS‰Á”ü’¬","044450388000","ŽšŽ­Œ´Œü”¨","38.563337","140.747761","0","1"
"04","‹{éŒ§","04445","‰Á”üŒS‰Á”ü’¬","044450389000","Žš’†“ˆ–¾‘V","38.568659","140.821842","0","1"
"04","‹{éŒ§","04445","‰Á”üŒS‰Á”ü’¬","044450390000","Žšã–ì–ÚŒŠ‘ò“ñ”Ô","38.586027","140.720431","0","1"
"04","‹{éŒ§","04445","‰Á”üŒS‰Á”ü’¬","044450391000","Žš…ˆð–òŽt","38.601485","140.685321","0","1"
"04","‹{éŒ§","04445","‰Á”üŒS‰Á”ü’¬","044450392000","Žš’·´…“ì—‹‰®•~","38.590493","140.763911","0","1"
"04","‹{éŒ§","04445","‰Á”üŒS‰Á”ü’¬","044450393000","Žšˆð‘ò“ì•½","38.590912","140.701159","0","1"
"04","‹{éŒ§","04445","‰Á”üŒS‰Á”ü’¬","044450394000","Žš…ˆð‰®•~","38.602442","140.681943","0","1"
"04","‹{éŒ§","04445","‰Á”üŒS‰Á”ü’¬","044450395000","ŽšŽ­Œ´¬ŽR","38.572515","140.758578","0","1"
"04","‹{éŒ§","04445","‰Á”üŒS‰Á”ü’¬","044450396000","Žš‹ŒŠÚˆê”Ô","38.564912","140.854991","0","1"
"04","‹{éŒ§","04445","‰Á”üŒS‰Á”ü’¬","044450397000","ŽšŽ­Œ´–k‰Y","38.576752","140.752763","0","1"
"04","‹{éŒ§","04445","‰Á”üŒS‰Á”ü’¬","044450398000","Žš’·’h","38.576933","140.779476","0","1"
"04","‹{éŒ§","04445","‰Á”üŒS‰Á”ü’¬","044450399000","Žš“c’†“ñ”Ô","38.569639","140.782974","0","1"
"04","‹{éŒ§","04445","‰Á”üŒS‰Á”ü’¬","044450400000","Žš”Â‹´","38.577026","140.803557","0","1"
"04","‹{éŒ§","04445","‰Á”üŒS‰Á”ü’¬","044450401000","ŽšŽ­Œ´ŽO™ìŒ´","38.558156","140.716744","0","1"
"04","‹{éŒ§","04445","‰Á”üŒS‰Á”ü’¬","044450402000","Žš“c’†‰Y","38.591008","140.730602","0","1"
"04","‹{éŒ§","04445","‰Á”üŒS‰Á”ü’¬","044450403000","Žš‰ºŒ´","38.575830","140.787832","0","1"
"04","‹{éŒ§","04445","‰Á”üŒS‰Á”ü’¬","044450404000","Žš–î‘q¼","38.607634","140.724912","0","1"
"04","‹{éŒ§","04445","‰Á”üŒS‰Á”ü’¬","044450405000","ŽšŽ­Œ´’·”¨ˆê”Ô","38.565625","140.690374","0","1"
"04","‹{éŒ§","04445","‰Á”üŒS‰Á”ü’¬","044450406000","Žš’¬‰º","38.573657","140.778458","0","1"
"04","‹{éŒ§","04445","‰Á”üŒS‰Á”ü’¬","044450407000","ŽšŽ­Œ´‰ºŒ´","38.575455","140.746902","0","1"
"04","‹{éŒ§","04445","‰Á”üŒS‰Á”ü’¬","044450408000","Žšã–ì–ÚŒŠ‘òˆê”Ô","38.585046","140.723978","0","1"
"04","‹{éŒ§","04445","‰Á”üŒS‰Á”ü’¬","044450409000","Žš“ì¬˜H","38.577472","140.763457","0","1"
"04","‹{éŒ§","04445","‰Á”üŒS‰Á”ü’¬","044450410000","ŽšŽ­Œ´“ìŒ´","38.564032","140.740667","0","1"
"04","‹{éŒ§","04445","‰Á”üŒS‰Á”ü’¬","044450411000","Žš‘ê‰º","38.602942","140.702243","0","1"
"04","‹{éŒ§","04445","‰Á”üŒS‰Á”ü’¬","044450412000","ŽšŽ­Œ´‰‰º","38.563552","140.736724","0","1"
"04","‹{éŒ§","04445","‰Á”üŒS‰Á”ü’¬","044450413000","Žš’†“ˆ‘å‰º","38.571421","140.833413","0","1"
"04","‹{éŒ§","04445","‰Á”üŒS‰Á”ü’¬","044450414000","ŽšŒ´¬’·â","38.606025","140.698251","0","1"
"04","‹{éŒ§","04445","‰Á”üŒS‰Á”ü’¬","044450415000","Žš´…“c","38.573912","140.809286","0","1"
"04","‹{éŒ§","04445","‰Á”üŒS‰Á”ü’¬","044450416000","Žš‘äè“Œ","38.603126","140.751217","0","1"
"04","‹{éŒ§","04445","‰Á”üŒS‰Á”ü’¬","044450417000","ŽšV–x","38.592530","140.727832","0","1"
"04","‹{éŒ§","04445","‰Á”üŒS‰Á”ü’¬","044450418000","ŽšŠÚ‰º","38.571099","140.775250","0","1"
"04","‹{éŒ§","04445","‰Á”üŒS‰Á”ü’¬","044450419000","Žšˆð‘ò¬“yŽR","38.589656","140.704561","0","1"
"04","‹{éŒ§","04445","‰Á”üŒS‰Á”ü’¬","044450420000","Žš–¡ƒP‘Ü“c–ì‘ò","38.576602","140.732857","0","1"
"04","‹{éŒ§","04445","‰Á”üŒS‰Á”ü’¬","044450421000","Žš’†Œ´–k","38.587190","140.775097","0","1"
"04","‹{éŒ§","04445","‰Á”üŒS‰Á”ü’¬","044450422000","ŽšŽ­Œ´ŽDê","38.573030","140.754655","0","1"
"04","‹{éŒ§","04445","‰Á”üŒS‰Á”ü’¬","044450423000","ŽšŽ­Œ´ì’ê","38.550545","140.731822","0","1"
"04","‹{éŒ§","04445","‰Á”üŒS‰Á”ü’¬","044450424000","Žš”ŒŽ¡","38.604411","140.694273","0","1"
"04","‹{éŒ§","04445","‰Á”üŒS‰Á”ü’¬","044450425000","ŽšV¬˜H","38.577750","140.773584","0","1"
"04","‹{éŒ§","04445","‰Á”üŒS‰Á”ü’¬","044450426000","Žš¼“c","38.602188","140.695756","0","1"
"04","‹{éŒ§","04445","‰Á”üŒS‰Á”ü’¬","044450427000","ŽšŽ­Œ´“ú‰A","38.564627","140.713893","0","1"
"04","‹{éŒ§","04445","‰Á”üŒS‰Á”ü’¬","044450428000","Žš’†“ˆ’†—¢","38.570816","140.829331","0","1"
"04","‹{éŒ§","04445","‰Á”üŒS‰Á”ü’¬","044450429000","ŽšŒK”¨“Œ","38.589590","140.723928","0","1"
"04","‹{éŒ§","04445","‰Á”üŒS‰Á”ü’¬","044450430000","Žš–Ø•š","38.558276","140.853568","0","1"
"04","‹{éŒ§","04445","‰Á”üŒS‰Á”ü’¬","044450431000","Žš‘å‹È","38.602308","140.729054","0","1"
"04","‹{éŒ§","04445","‰Á”üŒS‰Á”ü’¬","044450432000","ŽšŽ­Œ´“c—…–Ú‹L","38.570626","140.694695","0","1"
"04","‹{éŒ§","04445","‰Á”üŒS‰Á”ü’¬","044450433000","Žš–î‘q“Œ","38.604932","140.735713","0","1"
"04","‹{éŒ§","04445","‰Á”üŒS‰Á”ü’¬","044450434000","Žš–òŽt“°","38.555263","140.863710","0","1"
"04","‹{éŒ§","04445","‰Á”üŒS‰Á”ü’¬","044450435000","ŽšV‹óÀ","38.599628","140.751052","0","1"
"04","‹{éŒ§","04445","‰Á”üŒS‰Á”ü’¬","044450436000","Žš¬£— “Œ","38.597567","140.722004","0","1"
"04","‹{éŒ§","04445","‰Á”üŒS‰Á”ü’¬","044450437000","ŽšŽ­Œ´ì‘Oˆê”Ô","38.560572","140.710065","0","1"
"04","‹{éŒ§","04445","‰Á”üŒS‰Á”ü’¬","044450438000","Žš’·´…“Œ","38.595583","140.748600","0","1"
"04","‹{éŒ§","04445","‰Á”üŒS‰Á”ü’¬","044450439000","Žš–å‘òŠÔâ","38.599128","140.675799","0","1"
"04","‹{éŒ§","04445","‰Á”üŒS‰Á”ü’¬","044450440000","ŽšŽ­Œ´‘êƒmŒ´","38.560248","140.691693","0","1"
"04","‹{éŒ§","04445","‰Á”üŒS‰Á”ü’¬","044450441000","ŽšŽ­Œ´ì‘O","38.561533","140.712965","0","1"
"04","‹{éŒ§","04445","‰Á”üŒS‰Á”ü’¬","044450442000","ŽšŠF“`Ž›","38.588529","140.741137","0","1"
"04","‹{éŒ§","04445","‰Á”üŒS‰Á”ü’¬","044450443000","ŽšŽ­Œ´ÔâŒ´","38.560286","140.723319","0","1"
"04","‹{éŒ§","04445","‰Á”üŒS‰Á”ü’¬","044450444000","Žš–¡ƒP‘Ü‰Y","38.590065","140.735884","0","1"
"04","‹{éŒ§","04445","‰Á”üŒS‰Á”ü’¬","044450445000","ŽšŽ­Œ´’J’n‘Ü","38.563618","140.743574","0","1"
"04","‹{éŒ§","04445","‰Á”üŒS‰Á”ü’¬","044450446000","Žš”ª”¦“°","38.605543","140.725422","0","1"
"04","‹{éŒ§","04445","‰Á”üŒS‰Á”ü’¬","044450447000","Žš—‹“Œ","38.591498","140.769620","0","1"
"04","‹{éŒ§","04445","‰Á”üŒS‰Á”ü’¬","044450448000","ŽšŒ´‘å’J’n–k‰Y","38.609447","140.703601","0","1"
"04","‹{éŒ§","04445","‰Á”üŒS‰Á”ü’¬","044450449000","ŽšŽ­Œ´–kŒü","38.566793","140.725765","0","1"
"04","‹{éŒ§","04445","‰Á”üŒS‰Á”ü’¬","044450450000","Žš•ÛŽº","38.583031","140.740748","0","1"
"04","‹{éŒ§","04445","‰Á”üŒS‰Á”ü’¬","044450451000","ŽšŽ½‘ò˜n–ì","38.587360","140.648218","0","1"
"04","‹{éŒ§","04445","‰Á”üŒS‰Á”ü’¬","044450452000","Žš…ˆð¬Î‘ò","38.596950","140.679633","0","1"
"04","‹{éŒ§","04445","‰Á”üŒS‰Á”ü’¬","044450453000","ŽšŽ­Œ´‰i‘ò","38.570388","140.734922","0","1"
"04","‹{éŒ§","04445","‰Á”üŒS‰Á”ü’¬","044450454000","ŽšŽ­Œ´Ž­Œ´ˆê”Ô","38.567614","140.748607","0","1"
"04","‹{éŒ§","04445","‰Á”üŒS‰Á”ü’¬","044450455000","Žš‘å–å","38.576668","140.853225","0","1"
"04","‹{éŒ§","04445","‰Á”üŒS‰Á”ü’¬","044450456000","Žš‘äè¼","38.604496","140.741598","0","1"
"04","‹{éŒ§","04445","‰Á”üŒS‰Á”ü’¬","044450457000","ŽšŒ´Ä‹´‰Y","38.598151","140.765861","0","1"
"04","‹{éŒ§","04445","‰Á”üŒS‰Á”ü’¬","044450458000","ŽšV—‹–k","38.598796","140.756407","0","1"
"04","‹{éŒ§","04445","‰Á”üŒS‰Á”ü’¬","044450459000","Žš‘O“cã","38.571368","140.811821","0","1"
"04","‹{éŒ§","04445","‰Á”üŒS‰Á”ü’¬","044450460000","ŽšŽ­Œ´VŒ¹é","38.572898","140.740983","0","1"
"04","‹{éŒ§","04445","‰Á”üŒS‰Á”ü’¬","044450461000","ŽšŒ´Ä‹´“Œ","38.595995","140.764606","0","1"
"04","‹{éŒ§","04445","‰Á”üŒS‰Á”ü’¬","044450462000","ŽšŽ­Œ´ŒI–Ø•½","38.540806","140.672499","0","1"
"04","‹{éŒ§","04445","‰Á”üŒS‰Á”ü’¬","044450463000","Žš’·´…’†","38.599321","140.739618","0","1"
"04","‹{éŒ§","04445","‰Á”üŒS‰Á”ü’¬","044450464000","ŽšŽ­Œ´ˆï’J’n","38.558307","140.691421","0","1"
"04","‹{éŒ§","04445","‰Á”üŒS‰Á”ü’¬","044450465000","Žš…ˆðÄ–ì","38.597297","140.684489","0","1"
"04","‹{éŒ§","04445","‰Á”üŒS‰Á”ü’¬","044450466000","Žš’·´…— ","38.598033","140.744797","0","1"
"04","‹{éŒ§","04445","‰Á”üŒS‰Á”ü’¬","044450467000","ŽšŽ­Œ´‰ºì’êŽR","38.556818","140.749171","0","1"
"04","‹{éŒ§","04445","‰Á”üŒS‰Á”ü’¬","044450468000","ŽšŽ½‘ò•½","38.586224","140.655731","0","1"
"04","‹{éŒ§","04445","‰Á”üŒS‰Á”ü’¬","044450469000","ŽšŽ­Œ´“ìŒü","38.563439","140.725865","0","1"
"04","‹{éŒ§","04445","‰Á”üŒS‰Á”ü’¬","044450470000","ŽšVìŒ´","38.555933","140.858214","0","1"
"04","‹{éŒ§","04445","‰Á”üŒS‰Á”ü’¬","044450471000","ŽšŽ­Œ´‰ŽR","38.564295","140.755597","0","1"
"04","‹{éŒ§","04445","‰Á”üŒS‰Á”ü’¬","044450472000","ŽšŒ´’†’J’n","38.607276","140.697843","0","1"
"04","‹{éŒ§","04445","‰Á”üŒS‰Á”ü’¬","044450473000","Žš‘äè","38.603727","140.747011","0","1"
"04","‹{éŒ§","04445","‰Á”üŒS‰Á”ü’¬","044450474000","ŽšÆˆä‰Y","38.581526","140.756735","0","1"
"04","‹{éŒ§","04445","‰Á”üŒS‰Á”ü’¬","044450475000","ŽšŽ­Œ´’‹ƒPâ","38.566300","140.715764","0","1"
"04","‹{éŒ§","04445","‰Á”üŒS‰Á”ü’¬","044450476000","Žš–å‘ò‘å’ç","38.598579","140.661620","0","1"
"04","‹{éŒ§","04445","‰Á”üŒS‰Á”ü’¬","044450477000","Žš–å‘òŽRŠÝ","38.607495","140.688819","0","1"
"04","‹{éŒ§","04445","‰Á”üŒS‰Á”ü’¬","044450478000","Žš–kƒmŒû‘O","38.577527","140.797386","0","1"
"04","‹{éŒ§","04445","‰Á”üŒS‰Á”ü’¬","044450479000","ŽšŽ½‘òÔâ","38.580485","140.652962","0","1"
"04","‹{éŒ§","04445","‰Á”üŒS‰Á”ü’¬","044450480000","Žš’¬“Œ","38.573102","140.796240","0","1"
"04","‹{éŒ§","04445","‰Á”üŒS‰Á”ü’¬","044450481000","Žš¯‰E‰q–å","38.602160","140.718570","0","1"
"04","‹{éŒ§","04445","‰Á”üŒS‰Á”ü’¬","044450482000","Žš’·´…¼","38.600785","140.734128","0","1"
"04","‹{éŒ§","04445","‰Á”üŒS‰Á”ü’¬","044450483000","Žš–î‰z","38.574897","140.862311","0","1"
"04","‹{éŒ§","04445","‰Á”üŒS‰Á”ü’¬","044450484000","Žš¬£— ","38.599574","140.715190","0","1"
"04","‹{éŒ§","04445","‰Á”üŒS‰Á”ü’¬","044450485000","Žš¼‰ÀŒ´","38.572042","140.848870","0","1"
"04","‹{éŒ§","04445","‰Á”üŒS‰Á”ü’¬","044450486000","ŽšŽ­Œ´ŠxŽR","38.544972","140.624380","0","1"
"04","‹{éŒ§","04445","‰Á”üŒS‰Á”ü’¬","044450487000","Žšˆð‘ò–ö‘òŽR","38.598123","140.691645","0","1"
"04","‹{éŒ§","04445","‰Á”üŒS‰Á”ü’¬","044450488000","Žš’¬— ","38.567823","140.861638","0","1"
"04","‹{éŒ§","04445","‰Á”üŒS‰Á”ü’¬","044450489000","ŽšŽ­Œ´‰º‘ä–ì","38.559488","140.675342","0","1"
"04","‹{éŒ§","04445","‰Á”üŒS‰Á”ü’¬","044450490000","ŽšŽ­Œ´•ôŽR","38.562966","140.714121","0","1"
"04","‹{éŒ§","04445","‰Á”üŒS‰Á”ü’¬","044450491000","Žšˆð‘òˆê”Ô","38.596429","140.703757","0","1"
"04","‹{éŒ§","04445","‰Á”üŒS‰Á”ü’¬","044450492000","Žš–å‘òˆÀŽ›‘ò","38.608181","140.668763","0","1"
"04","‹{éŒ§","04445","‰Á”üŒS‰Á”ü’¬","044450493000","ÀƒP‘Ü","38.583227","140.823143","0","1"
"04","‹{éŒ§","04445","‰Á”üŒS‰Á”ü’¬","044450494000","ŽšŽ­Œ´—§”Â‚ÌŒ´","38.569894","140.727440","0","1"
"04","‹{éŒ§","04445","‰Á”üŒS‰Á”ü’¬","044450495000","Žš‘å‹{","38.582787","140.747983","0","1"
"04","‹{éŒ§","04445","‰Á”üŒS‰Á”ü’¬","044450496000","–ØM","38.593319","140.780401","0","1"
"04","‹{éŒ§","04445","‰Á”üŒS‰Á”ü’¬","044450497000","Žš‘O“c‰º","38.574979","140.828777","0","1"
"04","‹{éŒ§","04445","‰Á”üŒS‰Á”ü’¬","044450498000","ŽšŽ½‘ò’·â","38.592634","140.651731","0","1"
"04","‹{éŒ§","04445","‰Á”üŒS‰Á”ü’¬","044450499000","Žš’·´…‘O","38.593216","140.739922","0","1"
"04","‹{éŒ§","04445","‰Á”üŒS‰Á”ü’¬","044450500000","ŽšŽ½‘ò“›»Žq","38.585628","140.640466","0","1"
"04","‹{éŒ§","04445","‰Á”üŒS‰Á”ü’¬","044450501000","Žš’†Œ´“ì","38.581774","140.783057","0","1"
"04","‹{éŒ§","04445","‰Á”üŒS‰Á”ü’¬","044450502000","Žš’ß‰H”ü","38.578022","140.793560","0","1"
"04","‹{éŒ§","04445","‰Á”üŒS‰Á”ü’¬","044450503000","ŒNƒP‘Ü","38.583008","140.810647","0","1"
"04","‹{éŒ§","04445","‰Á”üŒS‰Á”ü’¬","044450504000","ŽšŽ­Œ´“cŽèÀŽR","38.533588","140.704379","0","1"
"04","‹{éŒ§","04445","‰Á”üŒS‰Á”ü’¬","044450505000","ŽšŽ­Œ´ã‘ä","38.556176","140.699907","0","1"
"04","‹{éŒ§","04445","‰Á”üŒS‰Á”ü’¬","044450506000","ŽšŽ­Œ´“cŽèÀ","38.532010","140.698448","0","1"
"04","‹{éŒ§","04445","‰Á”üŒS‰Á”ü’¬","044450507000","ŽšŽ­Œ´‰º‘ä","38.559805","140.703720","0","1"
"04","‹{éŒ§","04445","‰Á”üŒS‰Á”ü’¬","044450508000","Žš–å‘òÀ“ª•½","38.600496","140.670914","0","1"
"04","‹{éŒ§","04445","‰Á”üŒS‰Á”ü’¬","044450509000","ŽšŽ­Œ´“c’J’n","38.551611","140.677624","0","1"
"04","‹{éŒ§","04445","‰Á”üŒS‰Á”ü’¬","044450510000","ŽGŽ®–Ú","38.555521","140.893483","0","1"
"04","‹{éŒ§","04445","‰Á”üŒS‰Á”ü’¬","044450511000","ŽšZ‹g","38.563655","140.851587","0","1"
"04","‹{éŒ§","04445","‰Á”üŒS‰Á”ü’¬","044450512000","Žšˆð‘òX‡","38.579023","140.704540","0","1"
"04","‹{éŒ§","04445","‰Á”üŒS‰Á”ü’¬","044450513000","ŽšŠåŒ´","38.569830","140.873091","0","1"
"04","‹{éŒ§","04445","‰Á”üŒS‰Á”ü’¬","044450514000","ŽšŽ½‘ò‹Èâ","38.585484","140.662698","0","1"
"04","‹{éŒ§","04445","‰Á”üŒS‰Á”ü’¬","044450515000","ŽšŽ­Œ´“c’J’n“ñƒm","38.556898","140.682484","0","1"
"04","‹{éŒ§","04445","‰Á”üŒS‰Á”ü’¬","044450516000","Žšˆð‘òŽ›ŽR","38.594387","140.693746","0","1"
"04","‹{éŒ§","04445","‰Á”üŒS‰Á”ü’¬","044450517000","ŽšÔ’Ë","38.561603","140.861620","0","1"
"04","‹{éŒ§","04445","‰Á”üŒS‰Á”ü’¬","044450518000","ŽšŽ­Œ´ã‘ä–ì","38.554389","140.668608","0","1"
"04","‹{éŒ§","04445","‰Á”üŒS‰Á”ü’¬","044450519000","ŽšV“ì—‹‰®•~","38.593969","140.753909","0","1"
"04","‹{éŒ§","04445","‰Á”üŒS‰Á”ü’¬","044450520000","ŽšŒ´”ª”¦“°¼ˆê”Ô","38.607279","140.713282","0","1"
"04","‹{éŒ§","04445","‰Á”üŒS‰Á”ü’¬","044450521000","ŽšŽ½‘òÎâŽR","38.594608","140.659692","0","1"
"04","‹{éŒ§","04445","‰Á”üŒS‰Á”ü’¬","044450522000","ŽšŽ½‘ò“èŽÀ–ì","38.588601","140.668053","0","1"
"04","‹{éŒ§","04445","‰Á”üŒS‰Á”ü’¬","044450523000","ŽšŽ­Œ´–ò—‰ŽR","38.571033","140.703561","0","1"
"04","‹{éŒ§","04445","‰Á”üŒS‰Á”ü’¬","044450524000","Žš–å‘ò“à‹½","38.603212","140.663700","0","1"
"04","‹{éŒ§","04445","‰Á”üŒS‰Á”ü’¬","044450525000","Žš–¡ƒP‘Ü—p…Œä—Ñ","38.578834","140.722964","0","1"
"04","‹{éŒ§","04445","‰Á”üŒS‰Á”ü’¬","044450526000","Žšˆê–{™","38.566631","140.869369","0","1"
"04","‹{éŒ§","04445","‰Á”üŒS‰Á”ü’¬","044450527000","ŽšŒ´’¬–k","38.589957","140.750157","0","1"
"04","‹{éŒ§","04445","‰Á”üŒS‰Á”ü’¬","044450528000","Žš…ˆð“èŽÀ–ì","38.592431","140.676980","0","1"
"04","‹{éŒ§","04445","‰Á”üŒS‰Á”ü’¬","044450529000","ŽšŽ­Œ´…‰ÔŽR","38.550609","140.701606","0","1"
"04","‹{éŒ§","04445","‰Á”üŒS‰Á”ü’¬","044450530000","Žš‚’J’n","38.583572","140.767695","0","1"
"04","‹{éŒ§","04445","‰Á”üŒS‰Á”ü’¬","044450531000","ŽšŒ´’¬“Œ","38.585776","140.760111","0","1"
"04","‹{éŒ§","04445","‰Á”üŒS‰Á”ü’¬","044450532000","ŽšŽ­Œ´“ì‘ê’ë","38.562838","140.696340","0","1"
"04","‹{éŒ§","04445","‰Á”üŒS‰Á”ü’¬","044450533000","ŽšŽ­Œ´’·”¨“ñƒm","38.562785","140.676182","0","1"
"04","‹{éŒ§","04445","‰Á”üŒS‰Á”ü’¬","044450534000","‰º˜T’Ë","38.569461","140.881485","0","1"
"04","‹{éŒ§","04445","‰Á”üŒS‰Á”ü’¬","044450535000","Žš–å‘òàÀŠ”","38.609357","140.678113","0","1"
"04","‹{éŒ§","04445","‰Á”üŒS‰Á”ü’¬","044450536000","ŽšŽ­Œ´Ž…Y","38.569064","140.683434","0","1"
"04","‹{éŒ§","04445","‰Á”üŒS‰Á”ü’¬","044450537000","é¶","38.582810","140.852661","0","1"
"04","‹{éŒ§","04445","‰Á”üŒS‰Á”ü’¬","044450538000","ŽšŒ´’·’J’nˆê”Ô","38.609319","140.718293","0","1"
"04","‹{éŒ§","04445","‰Á”üŒS‰Á”ü’¬","044450539000","ŽšŽ­Œ´–Ôƒm‘ò","38.551192","140.693545","0","1"
"04","‹{éŒ§","04445","‰Á”üŒS‰Á”ü’¬","044450540000","Žšˆð‘ò‘å–”","38.580566","140.676547","0","1"
"04","‹{éŒ§","04445","‰Á”üŒS‰Á”ü’¬","044450541000","Žšˆð‘òŽRŒûŽR","38.585260","140.709970","0","1"
"04","‹{éŒ§","04445","‰Á”üŒS‰Á”ü’¬","044450542000","Žšˆð‘ò“»","38.587678","140.680273","0","1"
"04","‹{éŒ§","04445","‰Á”üŒS‰Á”ü’¬","044450543000","ŽšŽ­Œ´ŽÀ‘ò¼Œü","38.536577","140.714650","0","1"
"04","‹{éŒ§","04445","‰Á”üŒS‰Á”ü’¬","044450544000","ŽšŽ­Œ´r‘ò","38.548749","140.664605","0","1"
"04","‹{éŒ§","04445","‰Á”üŒS‰Á”ü’¬","044450545000","‰Hê","38.588113","140.846188","0","1"
"04","‹{éŒ§","04445","‰Á”üŒS‰Á”ü’¬","044450546000","ŽšŽ½‘ò‹{ƒPX","38.576108","140.640746","0","1"
"04","‹{éŒ§","04445","‰Á”üŒS‰Á”ü’¬","044450547000","ŽšŽ­Œ´–IX","38.525474","140.708077","0","1"
"04","‹{éŒ§","04445","‰Á”üŒS‰Á”ü’¬","044450548000","Žšˆð‘ò‰¡Œ‡","38.576561","140.664086","0","1"
"04","‹{éŒ§","04445","‰Á”üŒS‰Á”ü’¬","044450549000","ŽšŽ­Œ´‘ê¼•—ŽR","38.543329","140.681379","0","1"
"04","‹{éŒ§","04445","‰Á”üŒS‰Á”ü’¬","044450550000","ŽšŽ­Œ´‘å“úŒü","38.536343","140.682404","0","1"
"04","‹{éŒ§","04445","‰Á”üŒS‰Á”ü’¬","044450551000","•½–ö","38.567728","140.896572","0","1"
"04","‹{éŒ§","04445","‰Á”üŒS‰Á”ü’¬","044450552000","Žš˜[ŽR","38.567603","140.772410","0","1"
"04","‹{éŒ§","04445","‰Á”üŒS‰Á”ü’¬","044450553000","Žšˆð‘ò”–Ø•½","38.575449","140.682807","0","1"
"04","‹{éŒ§","04445","‰Á”üŒS‰Á”ü’¬","044450554000","Žšˆð‘ò–ò—‰Œ´","38.580695","140.692422","0","1"
"04","‹{éŒ§","04445","‰Á”üŒS‰Á”ü’¬","044450555000","‘·‘ò","38.602163","140.817585","0","1"
"04","‹{éŒ§","04445","‰Á”üŒS‰Á”ü’¬","044450556000","Žš–¡ƒP‘Ü–ò—‰Œ´","38.576054","140.712007","0","1"
"04","‹{éŒ§","04445","‰Á”üŒS‰Á”ü’¬","044450557000","¬ò","38.585997","140.789474","0","1"
"04","‹{éŒ§","04445","‰Á”üŒS‰Á”ü’¬","044450558000","ã˜T’Ë","38.584891","140.870107","0","1"
"04","‹{éŒ§","04445","‰Á”üŒS‰Á”ü’¬","044450559000","ŽšŽ½‘ò‘å–ì","38.565425","140.642122","0","1"
"04","‹{éŒ§","04445","‰Á”üŒS‰Á”ü’¬","044450560000","ŽšŽ­Œ´ì’êãƒmŒ´","38.553717","140.751401","0","1"
"04","‹{éŒ§","04445","‰Á”üŒS‰Á”ü’¬","044450561000","ŒŽè","38.567380","140.796028","0","1"
"04","‹{éŒ§","04445","‰Á”üŒS‰Á”ü’¬","044450562000","’¹“ˆ","38.605584","140.802204","0","1"
"04","‹{éŒ§","04445","‰Á”üŒS‰Á”ü’¬","044450563000","–ö‘ò","38.621380","140.777349","0","1"
"04","‹{éŒ§","04445","‰Á”üŒS‰Á”ü’¬","044450564000","ŽšŽ­Œ´ŽÀ‘ò","38.533463","140.730941","0","1"
"04","‹{éŒ§","04445","‰Á”üŒS‰Á”ü’¬","044450565000","Žl“úŽsê","38.559875","140.875983","0","1"
"04","‹{éŒ§","04445","‰Á”üŒS‰Á”ü’¬","044450566000","‰ºV“c","38.543842","140.886260","0","1"
"04","‹{éŒ§","04445","‰Á”üŒS‰Á”ü’¬","044450567000","’¹‰®ƒPè","38.602611","140.810144","0","1"
"04","‹{éŒ§","04445","‰Á”üŒS‰Á”ü’¬","044450568000","ŽšŽ­Œ´ãr‘ò","38.536292","140.650176","0","1"
"04","‹{éŒ§","04445","‰Á”üŒS‰Á”ü’¬","044450569000","•Äò","38.592598","140.831949","0","1"
"04","‹{éŒ§","04445","‰Á”üŒS‰Á”ü’¬","044450570000","ŽšŽ½‘ò‚”¨","38.566914","140.626131","0","1"
"04","‹{éŒ§","04445","‰Á”üŒS‰Á”ü’¬","044450571000","’J’nX","38.616931","140.786647","0","1"
"04","‹{éŒ§","04445","‰Á”üŒS‰Á”ü’¬","044450572000","ŽšŽ­Œ´•’“¸‘ò","38.553137","140.647367","0","1"
"04","‹{éŒ§","04445","‰Á”üŒS‰Á”ü’¬","044450573000","ØØ’J","38.603669","140.845437","0","1"
"04","‹{éŒ§","04445","‰Á”üŒS‰Á”ü’¬","044450574000","‰º‘½“cì","38.636769","140.796243","0","1"
"04","‹{éŒ§","04445","‰Á”üŒS‰Á”ü’¬","044450575000","ã‘½“cì","38.652432","140.802761","0","1"
"04","‹{éŒ§","04445","‰Á”üŒS‰Á”ü’¬","044450576000","–kì“à","38.670363","140.733303","0","1"
"04","‹{éŒ§","04445","‰Á”üŒS‰Á”ü’¬","044450577000","‹{è","38.644799","140.685069","0","1"
"04","‹{éŒ§","04445","‰Á”üŒS‰Á”ü’¬","044450578000","ŽšŽ­Œ´…‰Ô","38.552488","140.721158","0","1"
"04","‹{éŒ§","04445","‰Á”üŒS‰Á”ü’¬","044450579000","ŽšŽ­Œ´Œ‡ƒmã","38.553427","140.738435","0","1"
"04","‹{éŒ§","04445","‰Á”üŒS‰Á”ü’¬","044450580000","ŽšŽ­Œ´‰ºì’ê","38.556435","140.746267","0","1"
"04","‹{éŒ§","04445","‰Á”üŒS‰Á”ü’¬","044450581000","ŽšŽ­Œ´’†–ìŒ´","38.558815","140.744588","0","1"
"04","‹{éŒ§","04445","‰Á”üŒS‰Á”ü’¬","044450582000","ŽšŽ­Œ´V’†–ì","38.557270","140.742652","0","1"
"04","‹{éŒ§","04445","‰Á”üŒS‰Á”ü’¬","044450583000","ŽšŽ­Œ´ŽO™–k","38.557775","140.732212","0","1"
"04","‹{éŒ§","04445","‰Á”üŒS‰Á”ü’¬","044450584000","ŽšŽ­Œ´’Ëƒm‘òŽR","38.538421","140.694975","0","1"
"04","‹{éŒ§","04445","‰Á”üŒS‰Á”ü’¬","044450585000","ŽšŽ­Œ´‰F˜a–ì’†•ô","38.547760","140.705400","0","1"
"04","‹{éŒ§","04445","‰Á”üŒS‰Á”ü’¬","044450586000","ŽšŽ­Œ´’Ëƒm‘ò","38.540165","140.702505","0","1"
"04","‹{éŒ§","04445","‰Á”üŒS‰Á”ü’¬","044450587000","ŽšŽ­Œ´‰®•~","38.542790","140.707262","0","1"
"04","‹{éŒ§","04445","‰Á”üŒS‰Á”ü’¬","044450588000","ŽšŽ­Œ´Â–ìŒ´’†","38.546298","140.718237","0","1"
"04","‹{éŒ§","04445","‰Á”üŒS‰Á”ü’¬","044450589000","ŽšŽ­Œ´•SŠ “c","38.540849","140.711516","0","1"
"04","‹{éŒ§","04445","‰Á”üŒS‰Á”ü’¬","044450590000","ŽšŽ­Œ´ŒüŽR","38.547306","140.729140","0","1"
"04","‹{éŒ§","04445","‰Á”üŒS‰Á”ü’¬","044450591000","ŽšŽ­Œ´ìƒmã","38.549610","140.724172","0","1"
"04","‹{éŒ§","04445","‰Á”üŒS‰Á”ü’¬","044450592000","ŽšŽ­Œ´Â–ìŒ´“ì","38.545317","140.718436","0","1"
"04","‹{éŒ§","04445","‰Á”üŒS‰Á”ü’¬","044450593000","ŽšŽ­Œ´Â–ìŒ‡ƒmã","38.544506","140.715806","0","1"
"04","‹{éŒ§","04445","‰Á”üŒS‰Á”ü’¬","044450594000","ŽšŽ­Œ´“à’Ø","38.552971","140.733714","0","1"
"04","‹{éŒ§","04445","‰Á”üŒS‰Á”ü’¬","044450595000","ŽšŽ­Œ´“ŒŒ´","38.553660","140.736486","0","1"
"04","‹{éŒ§","04445","‰Á”üŒS‰Á”ü’¬","044450596000","ŽšŽ­Œ´ŽO™","38.555974","140.720445","0","1"
"04","‹{éŒ§","04445","‰Á”üŒS‰Á”ü’¬","044450597000","ŽšŽ­Œ´ŽO™“ì","38.554723","140.727535","0","1"
"04","‹{éŒ§","04445","‰Á”üŒS‰Á”ü’¬","044450598000","ŽšŽ­Œ´ŽO™’†","38.556004","140.731162","0","1"
"04","‹{éŒ§","04445","‰Á”üŒS‰Á”ü’¬","044450599000","ŽšŽ­Œ´‰YŽR","38.545727","140.709561","0","1"
"04","‹{éŒ§","04445","‰Á”üŒS‰Á”ü’¬","044450600000","ŽšŽ­Œ´‘å¼","38.545709","140.715689","0","1"
"04","‹{éŒ§","04445","‰Á”üŒS‰Á”ü’¬","044450601000","ŽšŽ­Œ´Â–ì“Œ“c","38.544514","140.712087","0","1"
"04","‹{éŒ§","04501","‰““cŒS—O’J’¬","045010001000","Žš‰º“¹»‰Ÿ“ñ†","38.535518","141.138611","0","1"
"04","‹{éŒ§","04501","‰““cŒS—O’J’¬","045010002000","Žš¡¶ƒF–å‰«–¼ˆê†","38.551907","141.092128","0","1"
"04","‹{éŒ§","04501","‰““cŒS—O’J’¬","045010003000","ŽšŒ¹‰EƒG–å‰«–¼“ñ†","38.541953","141.121929","0","1"
"04","‹{éŒ§","04501","‰““cŒS—O’J’¬","045010004000","Žš’n•s‘«“¹“ì","38.547856","141.077461","0","1"
"04","‹{éŒ§","04501","‰““cŒS—O’J’¬","045010005000","Žš’†‰º“¹ˆê†","38.536518","141.131410","0","1"
"04","‹{éŒ§","04501","‰““cŒS—O’J’¬","045010006000","Žš’n•s‘«“¹“ŒŽO†","38.551203","141.080749","0","1"
"04","‹{éŒ§","04501","‰““cŒS—O’J’¬","045010007000","ŽšìŒ´’¬ã","38.537862","141.130459","0","1"
"04","‹{éŒ§","04501","‰““cŒS—O’J’¬","045010008000","Žš‰º“¹»‰Ÿˆê†","38.533825","141.140102","0","1"
"04","‹{éŒ§","04501","‰““cŒS—O’J’¬","045010009000","Žš–kŒÜ”½“c","38.549788","141.081746","0","1"
"04","‹{éŒ§","04501","‰““cŒS—O’J’¬","045010010000","Žš»“c","38.528654","141.145373","0","1"
"04","‹{éŒ§","04501","‰““cŒS—O’J’¬","045010011000","Žš²ŽR–Ø","38.541513","141.083794","0","1"
"04","‹{éŒ§","04501","‰““cŒS—O’J’¬","045010012000","ŽšŒÃ“¹‰º“ñ–{™","38.541052","141.123989","0","1"
"04","‹{éŒ§","04501","‰““cŒS—O’J’¬","045010013000","Žš÷’¬— ŽO†","38.552903","141.118860","0","1"
"04","‹{éŒ§","04501","‰““cŒS—O’J’¬","045010014000","Žš–k“c’†’J’nŽO†","38.552296","141.111544","0","1"
"04","‹{éŒ§","04501","‰““cŒS—O’J’¬","045010015000","ŽšˆÆŠ|","38.524029","141.144008","0","1"
"04","‹{éŒ§","04501","‰““cŒS—O’J’¬","045010016000","ŽšŽOŒ¬‰®•~ˆê†","38.525431","141.176798","0","1"
"04","‹{éŒ§","04501","‰““cŒS—O’J’¬","045010017000","ŽšVØ‘Ö","38.534926","141.099759","0","1"
"04","‹{éŒ§","04501","‰““cŒS—O’J’¬","045010018000","Žš—–ê’J’n","38.548083","141.079050","0","1"
"04","‹{éŒ§","04501","‰““cŒS—O’J’¬","045010019000","ŽšìŒ´’¬‰º","38.538663","141.132516","0","1"
"04","‹{éŒ§","04501","‰““cŒS—O’J’¬","045010020000","ŽšV“c‹«–x‰ºˆê†","38.542708","141.104658","0","1"
"04","‹{éŒ§","04501","‰““cŒS—O’J’¬","045010021000","ŽšV“c‹«–x‰º“ñ†","38.543103","141.098703","0","1"
"04","‹{éŒ§","04501","‰““cŒS—O’J’¬","045010022000","ŽšŽs“¹ˆê†","38.525525","141.156340","0","1"
"04","‹{éŒ§","04501","‰““cŒS—O’J’¬","045010023000","Žš‹ãŒ¬‘O","38.545132","141.081322","0","1"
"04","‹{éŒ§","04501","‰““cŒS—O’J’¬","045010024000","Žš—û‰N’¬","38.544343","141.126443","0","1"
"04","‹{éŒ§","04501","‰““cŒS—O’J’¬","045010025000","Žš‰ÔŸŽRÎâ“¹“Œ“ñ†","38.522651","141.153788","0","1"
"04","‹{éŒ§","04501","‰““cŒS—O’J’¬","045010026000","ŽšV’¬","38.541369","141.127164","0","1"
"04","‹{éŒ§","04501","‰““cŒS—O’J’¬","045010027000","Žš‘äŠ‹´“¹‰º","38.541621","141.092334","0","1"
"04","‹{éŒ§","04501","‰““cŒS—O’J’¬","045010028000","Žš–íŽ¡“à‘Ü","38.528717","141.149941","0","1"
"04","‹{éŒ§","04501","‰““cŒS—O’J’¬","045010029000","Žš–ö’¬","38.538642","141.129766","0","1"
"04","‹{éŒ§","04501","‰““cŒS—O’J’¬","045010030000","Žš˜ZŒ¬’¬","38.544807","141.124908","0","1"
"04","‹{éŒ§","04501","‰““cŒS—O’J’¬","045010031000","Žš—§’¬","38.542618","141.127081","0","1"
"04","‹{éŒ§","04501","‰““cŒS—O’J’¬","045010032000","ŽšŒã“¡]","38.539590","141.111814","0","1"
"04","‹{éŒ§","04501","‰““cŒS—O’J’¬","045010033000","Žš‹ãŒ¬","38.547887","141.083326","0","1"
"04","‹{éŒ§","04501","‰““cŒS—O’J’¬","045010034000","Žš»“c“yŽèŠO","38.528583","141.148059","0","1"
"04","‹{éŒ§","04501","‰““cŒS—O’J’¬","045010035000","ŽšŽOŒ¬‰®•~“ñ†","38.521586","141.175281","0","1"
"04","‹{éŒ§","04501","‰““cŒS—O’J’¬","045010036000","Žš‰Géë","38.528280","141.152989","0","1"
"04","‹{éŒ§","04501","‰““cŒS—O’J’¬","045010037000","Žš–{’¬","38.539997","141.130602","0","1"
"04","‹{éŒ§","04501","‰““cŒS—O’J’¬","045010038000","Žš’·•¿’¬","38.537627","141.134270","0","1"
"04","‹{éŒ§","04501","‰““cŒS—O’J’¬","045010039000","Žš’†“‡","38.550886","141.102207","0","1"
"04","‹{éŒ§","04501","‰““cŒS—O’J’¬","045010040000","Žš–k“cb","38.553084","141.115606","0","1"
"04","‹{éŒ§","04501","‰““cŒS—O’J’¬","045010041000","Žš’Ç‰ô’¬","38.541716","141.131624","0","1"
"04","‹{éŒ§","04501","‰““cŒS—O’J’¬","045010042000","ŽšŠ Šž’¬","38.544686","141.128041","0","1"
"04","‹{éŒ§","04501","‰““cŒS—O’J’¬","045010043000","Žš‰«V“c","38.535373","141.097877","0","1"
"04","‹{éŒ§","04501","‰““cŒS—O’J’¬","045010044000","Žš“cÀ’¬","38.547627","141.126008","0","1"
"04","‹{éŒ§","04501","‰““cŒS—O’J’¬","045010045000","Žš‹ãŒ¬“Y","38.549871","141.083953","0","1"
"04","‹{éŒ§","04501","‰““cŒS—O’J’¬","045010046000","ŽšŽOŒ¬‰®•~ŽO†","38.524464","141.175876","0","1"
"04","‹{éŒ§","04501","‰““cŒS—O’J’¬","045010047000","Žš‰Y’¬","38.536462","141.133695","0","1"
"04","‹{éŒ§","04501","‰““cŒS—O’J’¬","045010048000","Žš‰ÔŸŽRŽs“¹“Y","38.525544","141.158471","0","1"
"04","‹{éŒ§","04501","‰““cŒS—O’J’¬","045010049000","ŽšŽO\Œ¬‰®•~“Y","38.548009","141.072064","0","1"
"04","‹{éŒ§","04501","‰““cŒS—O’J’¬","045010050000","Žš’†“‡b","38.553842","141.095989","0","1"
"04","‹{éŒ§","04501","‰““cŒS—O’J’¬","045010051000","ŽšV’†“‡‰³","38.552955","141.108825","0","1"
"04","‹{éŒ§","04501","‰““cŒS—O’J’¬","045010052000","ŽšŽO\Œ¬‰®•~","38.548801","141.068637","0","1"
"04","‹{éŒ§","04501","‰““cŒS—O’J’¬","045010053000","Žš‰ÔŸŽRˆê†","38.525445","141.147285","0","1"
"04","‹{éŒ§","04501","‰““cŒS—O’J’¬","045010054000","Žš•\÷’¬","38.550995","141.122040","0","1"
"04","‹{éŒ§","04501","‰““cŒS—O’J’¬","045010055000","Žš‰ÔŸŽRÎâ“¹“Œˆê†","38.520883","141.152780","0","1"
"04","‹{éŒ§","04501","‰““cŒS—O’J’¬","045010056000","Žš— ÷’¬","38.551919","141.123930","0","1"
"04","‹{éŒ§","04501","‰““cŒS—O’J’¬","045010057000","Žš‰ÔŸŽR‹àŽR","38.523388","141.154867","0","1"
"04","‹{éŒ§","04501","‰““cŒS—O’J’¬","045010058000","Žš‰º“¹","38.532821","141.132052","0","1"
"04","‹{éŒ§","04501","‰““cŒS—O’J’¬","045010059000","ŽšŽs“¹“ñ†","38.523048","141.160169","0","1"
"04","‹{éŒ§","04501","‰““cŒS—O’J’¬","045010060000","ŽšV”öØ","38.512521","141.150564","0","1"
"04","‹{éŒ§","04501","‰““cŒS—O’J’¬","045010061000","Žš¡¶ƒF–å‰«–¼","38.551835","141.095640","0","1"
"04","‹{éŒ§","04501","‰““cŒS—O’J’¬","045010062000","Žš¬ŽR‰º","38.521604","141.141537","0","1"
"04","‹{éŒ§","04501","‰““cŒS—O’J’¬","045010063000","Žš‹ãŒ¬¼","38.549936","141.078556","0","1"
"04","‹{éŒ§","04501","‰““cŒS—O’J’¬","045010064000","Žš‰ÔŸŽR“ñ†","38.522194","141.146150","0","1"
"04","‹{éŒ§","04501","‰““cŒS—O’J’¬","045010065000","ŽšV’¬— ","38.538381","141.126547","0","1"
"04","‹{éŒ§","04501","‰““cŒS—O’J’¬","045010066000","Žš‰ÔŸŽR’ÇŠÚ","38.519509","141.149697","0","1"
"04","‹{éŒ§","04501","‰““cŒS—O’J’¬","045010067000","ŽšåKåN“‡","38.530453","141.143740","0","1"
"04","‹{éŒ§","04501","‰““cŒS—O’J’¬","045010068000","Žš’†“‡‰³","38.552498","141.102618","0","1"
"04","‹{éŒ§","04501","‰““cŒS—O’J’¬","045010069000","Žš–¼•hˆê†","38.520478","141.156531","0","1"
"04","‹{éŒ§","04501","‰““cŒS—O’J’¬","045010070000","Žš”ª•SŠ ","38.527185","141.144022","0","1"
"04","‹{éŒ§","04501","‰““cŒS—O’J’¬","045010071000","Žš“c’¬— ","38.534181","141.128848","0","1"
"04","‹{éŒ§","04501","‰““cŒS—O’J’¬","045010072000","ŽšŽOŒ¬‰®•~","38.521773","141.169589","0","1"
"04","‹{éŒ§","04501","‰““cŒS—O’J’¬","045010073000","Žš˜ZŒ¬’¬— ","38.544032","141.121610","0","1"
"04","‹{éŒ§","04501","‰““cŒS—O’J’¬","045010074000","ŽšV‹ãŒ¬‘O","38.544022","141.079291","0","1"
"04","‹{éŒ§","04501","‰““cŒS—O’J’¬","045010075000","Žš÷’¬— ","38.549275","141.118732","0","1"
"04","‹{éŒ§","04501","‰““cŒS—O’J’¬","045010076000","ŽšŒÜ”½“c","38.545102","141.084509","0","1"
"04","‹{éŒ§","04501","‰““cŒS—O’J’¬","045010077000","Žšˆê–{–ö","38.548876","141.106446","0","1"
"04","‹{éŒ§","04501","‰““cŒS—O’J’¬","045010078000","Žš»“c‘O","38.533088","141.138351","0","1"
"04","‹{éŒ§","04501","‰““cŒS—O’J’¬","045010079000","Žš’†‰º“¹","38.531615","141.134529","0","1"
"04","‹{éŒ§","04501","‰““cŒS—O’J’¬","045010080000","Žš¬ŠW’J’n","38.545315","141.074068","0","1"
"04","‹{éŒ§","04501","‰““cŒS—O’J’¬","045010081000","Žš‰ºV“c","38.527167","141.138769","0","1"
"04","‹{éŒ§","04501","‰““cŒS—O’J’¬","045010082000","Žš¼’J’n","38.549203","141.088632","0","1"
"04","‹{éŒ§","04501","‰““cŒS—O’J’¬","045010083000","ŽšŽs“¹ì‘O","38.526174","141.159675","0","1"
"04","‹{éŒ§","04501","‰““cŒS—O’J’¬","045010084000","ŽšŒK–Ør","38.533264","141.124532","0","1"
"04","‹{éŒ§","04501","‰““cŒS—O’J’¬","045010085000","ŽšÔŠÔ‰®•~","38.548425","141.095360","0","1"
"04","‹{éŒ§","04501","‰““cŒS—O’J’¬","045010086000","Žš‰ÔŸŽRˆê–{–ö","38.517882","141.147039","0","1"
"04","‹{éŒ§","04501","‰““cŒS—O’J’¬","045010087000","Žš–k“c","38.550655","141.112283","0","1"
"04","‹{éŒ§","04501","‰““cŒS—O’J’¬","045010088000","ŽšV–¼•h","38.514507","141.158306","0","1"
"04","‹{éŒ§","04501","‰““cŒS—O’J’¬","045010089000","ŽšV‘äŠ‹´","38.539606","141.092087","0","1"
"04","‹{éŒ§","04501","‰““cŒS—O’J’¬","045010090000","Žš‘ l‰«–¼","38.546239","141.115162","0","1"
"04","‹{éŒ§","04501","‰““cŒS—O’J’¬","045010091000","Žš–¼•h“ñ†","38.519489","141.168021","0","1"
"04","‹{éŒ§","04501","‰““cŒS—O’J’¬","045010092000","ŽšV‹«–x‰º","38.539833","141.100168","0","1"
"04","‹{éŒ§","04501","‰““cŒS—O’J’¬","045010093000","ŽšŠÖ’J‰«–¼","38.543483","141.094054","0","1"
"04","‹{éŒ§","04501","‰““cŒS—O’J’¬","045010094000","Žša]","38.537814","141.120342","0","1"
"04","‹{éŒ§","04501","‰““cŒS—O’J’¬","045010095000","Žš–¼•h","38.518422","141.160163","0","1"
"04","‹{éŒ§","04501","‰““cŒS—O’J’¬","045010096000","ŽšVŒã“¡]","38.539451","141.107167","0","1"
"04","‹{éŒ§","04501","‰““cŒS—O’J’¬","045010097000","Žš¬’J’n","38.541809","141.113582","0","1"
"04","‹{éŒ§","04501","‰““cŒS—O’J’¬","045010098000","Žš‘|•”‰«–¼","38.545747","141.103479","0","1"
"04","‹{éŒ§","04501","‰““cŒS—O’J’¬","045010099000","Žš”öØ","38.520366","141.139257","0","1"
"04","‹{éŒ§","04501","‰““cŒS—O’J’¬","045010100000","â¯Šx","38.563658","141.179563","0","1"
"04","‹{éŒ§","04501","‰““cŒS—O’J’¬","045010101000","‹gZ","38.565777","141.202999","0","1"
"04","‹{éŒ§","04501","‰““cŒS—O’J’¬","045010102000","¬‘ò","38.563676","141.158876","0","1"
"04","‹{éŒ§","04501","‰““cŒS—O’J’¬","045010103000","‘¾“c","38.580302","141.178249","0","1"
"04","‹{éŒ§","04501","‰““cŒS—O’J’¬","045010104000","¬’Ë","38.539642","141.171966","0","1"
"04","‹{éŒ§","04501","‰““cŒS—O’J’¬","045010105000","‰ºŒS","38.573755","141.123188","0","1"
"04","‹{éŒ§","04501","‰““cŒS—O’J’¬","045010106000","ãŒS","38.574180","141.097488","0","1"
"04","‹{éŒ§","04501","‰““cŒS—O’J’¬","045010107000","—O’J","38.547646","141.139536","0","1"
"04","‹{éŒ§","04501","‰““cŒS—O’J’¬","045010108000","’–‰ª’Z‘ä","38.546430","141.205365","0","1"
"04","‹{éŒ§","04501","‰““cŒS—O’J’¬","045010109000","¬—¢","38.580641","141.150264","0","1"
"04","‹{éŒ§","04505","‰““cŒS”ü—¢’¬","045050001000","ŽšŠw“c","38.538414","141.068609","0","1"
"04","‹{éŒ§","04505","‰““cŒS”ü—¢’¬","045050002000","Žš“à–ð“c","38.531539","141.078904","0","1"
"04","‹{éŒ§","04505","‰““cŒS”ü—¢’¬","045050003000","Žš’†–ð“c","38.534904","141.077943","0","1"
"04","‹{éŒ§","04505","‰““cŒS”ü—¢’¬","045050004000","ŽšV“¡ƒPè","38.538933","141.066010","0","1"
"04","‹{éŒ§","04505","‰““cŒS”ü—¢’¬","045050005000","Žšˆê–{–ö","38.525779","141.093072","0","1"
"04","‹{éŒ§","04505","‰““cŒS”ü—¢’¬","045050006000","ŽšÈ‚Ì_","38.532954","141.075203","0","1"
"04","‹{éŒ§","04505","‰““cŒS”ü—¢’¬","045050007000","ŽšŒÏŽR","38.527158","141.097452","0","1"
"04","‹{éŒ§","04505","‰““cŒS”ü—¢’¬","045050008000","Žš»Žq“c","38.532132","141.078633","0","1"
"04","‹{éŒ§","04505","‰““cŒS”ü—¢’¬","045050009000","Žš‰º‹«","38.526663","141.098374","0","1"
"04","‹{éŒ§","04505","‰““cŒS”ü—¢’¬","045050010000","Žš¬À","38.530314","141.092255","0","1"
"04","‹{éŒ§","04505","‰““cŒS”ü—¢’¬","045050011000","Žš‘Òˆä","38.527274","141.092460","0","1"
"04","‹{éŒ§","04505","‰““cŒS”ü—¢’¬","045050012000","Žš•õŽR‰Y","38.534771","141.076494","0","1"
"04","‹{éŒ§","04505","‰““cŒS”ü—¢’¬","045050013000","Žš¬÷","38.544749","141.064710","0","1"
"04","‹{éŒ§","04505","‰““cŒS”ü—¢’¬","045050014000","Žš–kŒ´","38.530931","141.078733","0","1"
"04","‹{éŒ§","04505","‰““cŒS”ü—¢’¬","045050015000","ŽšŽu‰ê“a","38.533300","141.069494","0","1"
"04","‹{éŒ§","04505","‰““cŒS”ü—¢’¬","045050016000","ŽšãˆÓ]","38.531554","141.076606","0","1"
"04","‹{éŒ§","04505","‰““cŒS”ü—¢’¬","045050017000","ŽšV‘åŠ","38.529740","141.083360","0","1"
"04","‹{éŒ§","04505","‰““cŒS”ü—¢’¬","045050018000","Žš‰–Š˜“Y","38.526195","141.098672","0","1"
"04","‹{éŒ§","04505","‰““cŒS”ü—¢’¬","045050019000","ŽšãV“c","38.546318","141.067088","0","1"
"04","‹{éŒ§","04505","‰““cŒS”ü—¢’¬","045050020000","Žš‰º‹«‰«","38.533567","141.101600","0","1"
"04","‹{éŒ§","04505","‰““cŒS”ü—¢’¬","045050021000","Žš“ñƒc’h","38.529844","141.085988","0","1"
"04","‹{éŒ§","04505","‰““cŒS”ü—¢’¬","045050022000","ŽšâÄ“c","38.531548","141.102722","0","1"
"04","‹{éŒ§","04505","‰““cŒS”ü—¢’¬","045050023000","Žš¬’¬ˆä","38.536850","141.068943","0","1"
"04","‹{éŒ§","04505","‰““cŒS”ü—¢’¬","045050024001","–k‰Yˆê’š–Ú","38.541888","141.060047","0","3"
"04","‹{éŒ§","04505","‰““cŒS”ü—¢’¬","045050025001","“¡ƒPèˆê’š–Ú","38.543146","141.061917","0","3"
"04","‹{éŒ§","04505","‰““cŒS”ü—¢’¬","045050026000","Žš‰–Š˜","38.526077","141.096021","0","1"
"04","‹{éŒ§","04505","‰““cŒS”ü—¢’¬","045050027000","ŽšŠ¨“°","38.529845","141.089917","0","1"
"04","‹{éŒ§","04505","‰““cŒS”ü—¢’¬","045050028000","Žš‘fŽR","38.539626","141.064572","0","1"
"04","‹{éŒ§","04505","‰““cŒS”ü—¢’¬","045050029001","‰w“Œˆê’š–Ú","38.543628","141.066522","0","3"
"04","‹{éŒ§","04505","‰““cŒS”ü—¢’¬","045050029002","‰w“Œ“ñ’š–Ú","38.540770","141.068226","0","3"
"04","‹{éŒ§","04505","‰““cŒS”ü—¢’¬","045050029003","‰w“ŒŽO’š–Ú","38.537499","141.067495","0","3"
"04","‹{éŒ§","04505","‰““cŒS”ü—¢’¬","045050030000","ŽšVÈ‚Ì_","38.532722","141.072600","0","1"
"04","‹{éŒ§","04505","‰““cŒS”ü—¢’¬","045050031001","ŽšŽu‰ê’¬ˆê’š–Ú","38.531931","141.066356","0","3"
"04","‹{éŒ§","04505","‰““cŒS”ü—¢’¬","045050031002","ŽšŽu‰ê’¬“ñ’š–Ú","38.531432","141.069244","0","3"
"04","‹{éŒ§","04505","‰““cŒS”ü—¢’¬","045050031003","ŽšŽu‰ê’¬ŽO’š–Ú","38.529256","141.069219","0","3"
"04","‹{éŒ§","04505","‰““cŒS”ü—¢’¬","045050032000","Žš“¡ƒPè","38.541446","141.064276","0","1"
"04","‹{éŒ§","04505","‰““cŒS”ü—¢’¬","045050033000","Žš¬À“Y","38.530384","141.094479","0","1"
"04","‹{éŒ§","04505","‰““cŒS”ü—¢’¬","045050034000","Žš“úŒõ]","38.528814","141.100779","0","1"
"04","‹{éŒ§","04505","‰““cŒS”ü—¢’¬","045050035000","Žš–ð“c","38.532440","141.076755","0","1"
"04","‹{éŒ§","04505","‰““cŒS”ü—¢’¬","045050036000","Žš“ƒƒm‰z","38.527876","141.084354","0","1"
"04","‹{éŒ§","04505","‰““cŒS”ü—¢’¬","045050037000","Žš“¡ƒPè’¬","38.540364","141.061195","0","1"
"04","‹{éŒ§","04505","‰““cŒS”ü—¢’¬","045050038000","ŽšV“c","38.532097","141.099630","0","1"
"04","‹{éŒ§","04505","‰““cŒS”ü—¢’¬","045050039000","ŽšŒ´“c","38.529747","141.097618","0","1"
"04","‹{éŒ§","04505","‰““cŒS”ü—¢’¬","045050040000","Žšf”U‘O","38.526631","141.081595","0","1"
"04","‹{éŒ§","04505","‰““cŒS”ü—¢’¬","045050041000","Žš‘fŽR’¬","38.536760","141.062914","0","1"
"04","‹{éŒ§","04505","‰““cŒS”ü—¢’¬","045050042000","ŽšV¬À","38.528327","141.091394","0","1"
"04","‹{éŒ§","04505","‰““cŒS”ü—¢’¬","045050043000","Žš‰»Ïâ","38.534734","141.068185","0","1"
"04","‹{éŒ§","04505","‰““cŒS”ü—¢’¬","045050044000","“ì–q‚Ì–Ú","38.590834","141.015463","0","1"
"04","‹{éŒ§","04505","‰““cŒS”ü—¢’¬","045050045000","Žš÷–Ø’¬","38.537367","141.058921","0","1"
"04","‹{éŒ§","04505","‰““cŒS”ü—¢’¬","045050046000","Žš¼ŠÚ","38.529059","141.079421","0","1"
"04","‹{éŒ§","04505","‰““cŒS”ü—¢’¬","045050047000","ŽšVˆê–{–ö","38.526508","141.089697","0","1"
"04","‹{éŒ§","04505","‰““cŒS”ü—¢’¬","045050048000","Žš•õŽR","38.536165","141.072665","0","1"
"04","‹{éŒ§","04505","‰““cŒS”ü—¢’¬","045050049000","“ì‚é","38.584125","141.046517","0","1"
"04","‹{éŒ§","04505","‰““cŒS”ü—¢’¬","045050050000","Žš‘åŠ","38.532994","141.083169","0","1"
"04","‹{éŒ§","04505","‰““cŒS”ü—¢’¬","045050051000","¬“c","38.586429","141.006817","0","1"
"04","‹{éŒ§","04505","‰““cŒS”ü—¢’¬","045050052000","’†‚é","38.588554","141.043899","0","1"
"04","‹{éŒ§","04505","‰““cŒS”ü—¢’¬","045050053000","ŽšV•õŽR","38.539667","141.076548","0","1"
"04","‹{éŒ§","04505","‰““cŒS”ü—¢’¬","045050054000","ŽšŒã“¡]","38.535555","141.088165","0","1"
"04","‹{éŒ§","04505","‰““cŒS”ü—¢’¬","045050055000","•ŸƒP‘Ü","38.514539","141.111762","0","1"
"04","‹{éŒ§","04505","‰““cŒS”ü—¢’¬","045050056000","ŠÖª","38.568814","141.002100","0","1"
"04","‹{éŒ§","04505","‰““cŒS”ü—¢’¬","045050057000","‹Ž”","38.555319","141.052927","0","1"
"04","‹{éŒ§","04505","‰““cŒS”ü—¢’¬","045050058000","‰¬šÁ","38.575905","141.022529","0","1"
"04","‹{éŒ§","04505","‰““cŒS”ü—¢’¬","045050059000","•½j","38.569221","141.033569","0","1"
"04","‹{éŒ§","04505","‰““cŒS”ü—¢’¬","045050060000","“ì¬‹“c","38.555852","141.075914","0","1"
"04","‹{éŒ§","04505","‰““cŒS”ü—¢’¬","045050061000","’†šÁ","38.580341","141.037232","0","1"
"04","‹{éŒ§","04505","‰““cŒS”ü—¢’¬","045050062000","–ØŠÔ’Ë","38.486142","141.142681","0","1"
"04","‹{éŒ§","04505","‰““cŒS”ü—¢’¬","045050063000","Â¶","38.537046","141.038722","0","1"
"04","‹{éŒ§","04505","‰““cŒS”ü—¢’¬","045050064000","‘å–ö","38.495969","141.141208","0","1"
"04","‹{éŒ§","04505","‰““cŒS”ü—¢’¬","045050065000","—û‹","38.506293","141.146258","0","1"
"04","‹{éŒ§","04505","‰““cŒS”ü—¢’¬","045050066000","˜a‘½“cÀ","38.524282","141.114434","0","1"
"04","‹{éŒ§","04505","‰““cŒS”ü—¢’¬","045050067000","–k‰Y","38.552860","141.030437","0","1"
"04","‹{éŒ§","04505","‰““cŒS”ü—¢’¬","045050068000","“ñ‹½","38.461406","141.141550","0","1"
"04","‹{éŒ§","04581","‰²Ž­ŒS—ì’¬","045810003000","Š}ŠL“‡","38.423259","141.594015","0","1"
"04","‹{éŒ§","04581","‰²Ž­ŒS—ì’¬","045810004000","÷ƒP‹u","38.438974","141.441471","0","1"
"04","‹{éŒ§","04581","‰²Ž­ŒS—ì’¬","045810005000","“ñŒÒ“‡","38.404361","141.552868","0","1"
"04","‹{éŒ§","04581","‰²Ž­ŒS—ì’¬","045810006001","ˆ®‚ª‹uˆê’š–Ú","38.436124","141.431749","0","3"
"04","‹{éŒ§","04581","‰²Ž­ŒS—ì’¬","045810006002","ˆ®‚ª‹u“ñ’š–Ú","38.434218","141.430687","0","3"
"04","‹{éŒ§","04581","‰²Ž­ŒS—ì’¬","045810007000","•½“‡","38.402195","141.581559","0","1"
"04","‹{éŒ§","04581","‰²Ž­ŒS—ì’¬","045810009000","‘«“‡","38.388691","141.603485","0","1"
"04","‹{éŒ§","04581","‰²Ž­ŒS—ì’¬","045810010000","]“‡","38.399273","141.593873","0","1"
"04","‹{éŒ§","04581","‰²Ž­ŒS—ì’¬","045810011000","’|‰Y","38.442768","141.485506","0","1"
"04","‹{éŒ§","04581","‰²Ž­ŒS—ì’¬","045810012000","‹{ƒPè","38.451361","141.452412","0","1"
"04","‹{éŒ§","04581","‰²Ž­ŒS—ì’¬","045810013000","”ÑŽq•l","38.398472","141.483811","0","1"
"04","‹{éŒ§","04581","‰²Ž­ŒS—ì’¬","045810014000","‹ËƒPè","38.444808","141.475815","0","1"
"04","‹{éŒ§","04581","‰²Ž­ŒS—ì’¬","045810015000","˜h_•l","38.436044","141.441903","3","1"
"04","‹{éŒ§","04581","‰²Ž­ŒS—ì’¬","045810016000","‘åÎŒ´•l","38.398610","141.458726","0","1"
"04","‹{éŒ§","04581","‰²Ž­ŒS—ì’¬","045810017000","¬æ•l","38.430702","141.449023","0","1"
"04","‹{éŒ§","04581","‰²Ž­ŒS—ì’¬","045810018000","–ìX•l","38.391917","141.468566","0","1"
"04","‹{éŒ§","04581","‰²Ž­ŒS—ì’¬","045810019000","Î•l","38.451099","141.465125","3","1"
"04","‹{éŒ§","04581","‰²Ž­ŒS—ì’¬","045810020000","ŽwƒP•l","38.475618","141.484359","0","1"
"04","‹{éŒ§","04581","‰²Ž­ŒS—ì’¬","045810021000","’Ë•l","38.402437","141.497301","0","1"
"04","‹{éŒ§","04581","‰²Ž­ŒS—ì’¬","045810022000","”ö‰Y","38.452862","141.494225","1","1"
"04","‹{éŒ§","04581","‰²Ž­ŒS—ì’¬","045810023000","o“‡","38.450909","141.523646","0","1"
"04","‹{éŒ§","04581","‰²Ž­ŒS—ì’¬","045810024000","‰¡‰Y","38.412626","141.463872","0","1"
"04","‹{éŒ§","04581","‰²Ž­ŒS—ì’¬","045810025000","‚”’•l","38.423478","141.462197","0","1"
"04","‹{éŒ§","04581","‰²Ž­ŒS—ì’¬","045810026000","j•l","38.422396","141.423583","0","1"
"04","‹{éŒ§","04581","‰²Ž­ŒS—ì’¬","045810027000","Œä‘O•l","38.472498","141.465177","0","1"
"04","‹{éŒ§","04581","‰²Ž­ŒS—ì’¬","045810028000","‰Yh•l","38.446299","141.416614","3","1"
"04","‹{éŒ§","04581","‰²Ž­ŒS—ì’¬","045810029000","—ì•l","38.462597","141.429435","0","1"
"04","‹{éŒ§","04581","‰²Ž­ŒS—ì’¬","045810030000","‘å“¹","38.439812","141.440031","3","1"
"04","‹{éŒ§","04581","‰²Ž­ŒS—ì’¬","045810031000","‰©‹à","38.441144","141.444753","3","1"
"04","‹{éŒ§","04581","‰²Ž­ŒS—ì’¬","045810032000","“àŽR","38.438465","141.443295","3","1"
"04","‹{éŒ§","04581","‰²Ž­ŒS—ì’¬","045810033001","˜h_ˆê’š–Ú","38.439899","141.445271","3","3"
"04","‹{éŒ§","04581","‰²Ž­ŒS—ì’¬","045810033002","˜h_“ñ’š–Ú","38.440451","141.450857","3","3"
"04","‹{éŒ§","04581","‰²Ž­ŒS—ì’¬","045810034001","¬æˆê’š–Ú","38.437169","141.451251","3","3"
"04","‹{éŒ§","04581","‰²Ž­ŒS—ì’¬","045810034002","¬æ“ñ’š–Ú","38.437840","141.454138","3","3"
"04","‹{éŒ§","04581","‰²Ž­ŒS—ì’¬","045810035000","ŠCŠÝ’Ê‚è","38.444234","141.446918","3","1"
"04","‹{éŒ§","04581","‰²Ž­ŒS—ì’¬","045810036001","—ìˆê’š–Ú","38.444938","141.442742","3","3"
"04","‹{éŒ§","04581","‰²Ž­ŒS—ì’¬","045810036002","—ì“ñ’š–Ú","38.446192","141.445292","3","3"
"04","‹{éŒ§","04581","‰²Ž­ŒS—ì’¬","045810037000","‘åŒ´","38.448127","141.439997","3","1"
"04","‹{éŒ§","04581","‰²Ž­ŒS—ì’¬","045810038001","´…ˆê’š–Ú","38.453182","141.442305","3","3"
"04","‹{éŒ§","04581","‰²Ž­ŒS—ì’¬","045810038002","´…“ñ’š–Ú","38.454319","141.444633","3","3"
"04","‹{éŒ§","04581","‰²Ž­ŒS—ì’¬","045810039000","ˆÉ¨","38.448572","141.447796","3","1"
"04","‹{éŒ§","04581","‰²Ž­ŒS—ì’¬","045810040000","Žsê’Ê‚è","38.446214","141.455830","3","1"
"04","‹{éŒ§","04581","‰²Ž­ŒS—ì’¬","045810041001","Î•lˆê’š–Ú","38.448540","141.462856","3","3"
"04","‹{éŒ§","04581","‰²Ž­ŒS—ì’¬","045810041002","Î•l“ñ’š–Ú","38.446926","141.461163","3","3"
"04","‹{éŒ§","04606","–{‹gŒS“ìŽO—¤’¬","046060001000","ŒË‘q","38.634149","141.445230","0","1"
"04","‹{éŒ§","04606","–{‹gŒS“ìŽO—¤’¬","046060002000","Žu’Ãì","38.700771","141.463925","0","1"
"04","‹{éŒ§","04606","–{‹gŒS“ìŽO—¤’¬","046060003000","“ü’J","38.693618","141.397658","0","1"
"04","‹{éŒ§","04606","–{‹gŒS“ìŽO—¤’¬","046060004000","‰Ì’Ã","38.725233","141.519773","0","1"
