"“s“Ή•{§ƒR[ƒh","“s“Ή•{§–Ό","s‹ζ’¬‘ΊƒR[ƒh","s‹ζ’¬‘Ί–Ό","‘ε’¬’–ΪƒR[ƒh","‘ε’¬’–Ϊ–Ό","ά“x","o“x","΄“T‘—ΏƒR[ƒh","‘εEE’–Ϊ‹ζ•ªƒR[ƒh"
"03","βθ§","03201","·‰ªs","032010172000","‚Β‚Β‚¶‚ª‹u","39.708644","141.181123","0","1"
"03","βθ§","03201","·‰ªs","032010226001","‚έ‚½‚―κ’–Ϊ","39.735278","141.119977","0","3"
"03","βθ§","03201","·‰ªs","032010226002","‚έ‚½‚―“ρ’–Ϊ","39.742999","141.125078","0","3"
"03","βθ§","03201","·‰ªs","032010226003","‚έ‚½‚―O’–Ϊ","39.738958","141.115974","0","3"
"03","βθ§","03201","·‰ªs","032010226004","‚έ‚½‚―l’–Ϊ","39.744890","141.120867","0","3"
"03","βθ§","03201","·‰ªs","032010226005","‚έ‚½‚―ά’–Ϊ","39.740846","141.111093","0","3"
"03","βθ§","03201","·‰ªs","032010226006","‚έ‚½‚―Z’–Ϊ","39.745791","141.114970","0","3"
"03","βθ§","03201","·‰ªs","032010004000","¤“†‰Ί","39.713089","141.161136","0","1"
"03","βθ§","03201","·‰ªs","032010005000","¤“†’¬","39.709894","141.159483","0","1"
"03","βθ§","03201","·‰ªs","032010006000","ΐ”{Ω’¬","39.719547","141.125885","0","1"
"03","βθ§","03201","·‰ªs","032010019000","ξ‰Χ’¬","39.709886","141.112861","0","1"
"03","βθ§","03201","·‰ªs","032010147000","π“c","39.858256","141.175923","1","1"
"03","βθ§","03201","·‰ªs","032010206000","‰Hκ","39.655775","141.108020","0","1"
"03","βθ§","03201","·‰ªs","032010177000","‰iδ","39.651182","141.146489","0","1"
"03","βθ§","03201","·‰ªs","032010029000","‰³•”","39.615460","141.208087","0","1"
"03","βθ§","03201","·‰ªs","032010130000","‰Ίƒm‹΄’¬","39.697483","141.149995","0","1"
"03","βθ§","03201","·‰ªs","032010128000","‰Ί­Θ","39.677205","141.115657","0","1"
"03","βθ§","03201","·‰ªs","032010129000","‰Ί~μ","39.760159","141.135832","0","1"
"03","βθ§","03201","·‰ªs","032010120000","‰Ί‘Ύ“c‰Ίμ΄","39.699673","141.119069","0","1"
"03","βθ§","03201","·‰ªs","032010127000","‰Ί‘Ύ“c‹{“c","39.689760","141.109770","0","1"
"03","βθ§","03201","·‰ªs","032010118000","‰Ί‘Ύ“cε","39.696668","141.116342","0","1"
"03","βθ§","03201","·‰ªs","032010121000","‰Ί‘Ύ“cV‰’[","39.683371","141.107847","0","1"
"03","βθ§","03201","·‰ªs","032010122000","‰Ί‘Ύ“cV“c","39.696806","141.125238","0","1"
"03","βθ§","03201","·‰ªs","032010123000","‰Ί‘Ύ“c™“c","39.691246","141.117683","0","1"
"03","βθ§","03201","·‰ªs","032010119000","‰Ί‘Ύ“c‘ς“c","39.697497","141.112407","0","1"
"03","βθ§","03201","·‰ªs","032010125000","‰Ί‘Ύ“c“c’[","39.691453","141.112765","0","1"
"03","βθ§","03201","·‰ªs","032010124000","‰Ί‘Ύ“c“c’†","39.694147","141.113391","0","1"
"03","βθ§","03201","·‰ªs","032010126000","‰Ί‘Ύ“c•ϋ”ª’","39.685443","141.107847","0","1"
"03","βθ§","03201","·‰ªs","032010268000","‰Ί‘Ύ“c—Ρθ","39.689622","141.113614","0","1"
"03","βθ§","03201","·‰ªs","032010153000","‰Ί“c","39.853952","141.136390","0","1"
"03","βθ§","03201","·‰ªs","032010117000","‰Ί”Ρ‰ª","39.666461","141.123569","0","1"
"03","βθ§","03201","·‰ªs","032010131000","‰Ί•Δ“ΰ","39.725762","141.188198","0","1"
"03","βθ§","03201","·‰ªs","032010132001","‰Ί•Δ“ΰκ’–Ϊ","39.715495","141.177406","0","3"
"03","βθ§","03201","·‰ªs","032010132002","‰Ί•Δ“ΰ“ρ’–Ϊ","39.717226","141.177855","0","3"
"03","βθ§","03201","·‰ªs","032010031000","‰Α‰κ–μ","39.704826","141.182517","0","1"
"03","βθ§","03201","·‰ªs","032010032001","‰Α‰κ–μκ’–Ϊ","39.706983","141.161420","0","3"
"03","βθ§","03201","·‰ªs","032010032002","‰Α‰κ–μ“ρ’–Ϊ","39.706743","141.165439","0","3"
"03","βθ§","03201","·‰ªs","032010032003","‰Α‰κ–μO’–Ϊ","39.706239","141.168499","0","3"
"03","βθ§","03201","·‰ªs","032010032004","‰Α‰κ–μl’–Ϊ","39.710095","141.167052","0","3"
"03","βθ§","03201","·‰ªs","032010030000","J‰^‹΄’Κ","39.701997","141.142841","0","1"
"03","βθ§","03201","·‰ªs","032010159000","ª–x","39.886611","141.215718","0","1"
"03","βθ§","03201","·‰ªs","032010146000","Ωό’¬","39.719955","141.129598","0","1"
"03","βθ§","03201","·‰ªs","032010020000","β΄…","39.720807","141.161748","0","1"
"03","βθ§","03201","·‰ªs","032010021000","βe’¬","39.744918","141.145390","0","1"
"03","βθ§","03201","·‰ªs","032010110000","‹«“c’¬","39.707688","141.125095","0","1"
"03","βθ§","03201","·‰ªs","032010154000","‹ΚR","39.824485","141.214556","0","1"
"03","βθ§","03201","·‰ªs","032010156000","‹ΚR‰iδ","39.911491","141.180811","0","1"
"03","βθ§","03201","·‰ªs","032010157000","‹ΚR”nκ","39.860641","141.251324","0","1"
"03","βθ§","03201","·‰ªs","032010173000","q","39.674577","141.021930","0","1"
"03","βθ§","03201","·‰ªs","032010165001","‚ª‹uκ’–Ϊ","39.732004","141.111318","0","3"
"03","βθ§","03201","·‰ªs","032010165002","‚ª‹u“ρ’–Ϊ","39.731906","141.105776","0","3"
"03","βθ§","03201","·‰ªs","032010165003","‚ª‹uO’–Ϊ","39.737421","141.108104","0","3"
"03","βθ§","03201","·‰ªs","032010233000","ό’†–μ","39.672415","141.143331","0","1"
"03","βθ§","03201","·‰ªs","032010234001","ό’†–μκ’–Ϊ","39.682454","141.144565","0","3"
"03","βθ§","03201","·‰ªs","032010234002","ό’†–μ“ρ’–Ϊ","39.682272","141.138974","0","3"
"03","βθ§","03201","·‰ªs","032010234003","ό’†–μO’–Ϊ","39.682541","141.132716","0","3"
"03","βθ§","03201","·‰ªs","032010234004","ό’†–μl’–Ϊ","39.678047","141.145562","0","3"
"03","βθ§","03201","·‰ªs","032010234005","ό’†–μά’–Ϊ","39.678195","141.139363","0","3"
"03","βθ§","03201","·‰ªs","032010234006","ό’†–μZ’–Ϊ","39.676025","141.145536","0","3"
"03","βθ§","03201","·‰ªs","032010234007","ό’†–μµ’–Ϊ","39.674830","141.137583","0","3"
"03","βθ§","03201","·‰ªs","032010151000","D–€","39.883543","141.174096","0","1"
"03","βθ§","03201","·‰ªs","032010236000","g—t‚ª‹u","39.716621","141.166497","0","1"
"03","βθ§","03201","·‰ªs","032010145001","‚Όκ’–Ϊ","39.722429","141.142214","0","3"
"03","βθ§","03201","·‰ªs","032010145002","‚Ό“ρ’–Ϊ","39.723856","141.134823","0","3"
"03","βθ§","03201","·‰ªs","032010145003","‚ΌO’–Ϊ","39.726992","141.142395","0","3"
"03","βθ§","03201","·‰ªs","032010145004","‚Όl’–Ϊ","39.728781","141.135535","0","3"
"03","βθ§","03201","·‰ªs","032010144000","‚•φ","39.685698","141.163448","0","1"
"03","βθ§","03201","·‰ªs","032010103001","•Ξ–μκ’–Ϊ","39.741326","141.149780","0","3"
"03","βθ§","03201","·‰ªs","032010103002","•Ξ–μ“ρ’–Ϊ","39.741662","141.144598","0","3"
"03","βθ§","03201","·‰ªs","032010103003","•Ξ–μO’–Ϊ","39.742182","141.140345","0","3"
"03","βθ§","03201","·‰ªs","032010104000","•μ","39.636977","141.219525","0","1"
"03","βθ§","03201","·‰ªs","032010203000","ª“c–Ξ","39.629159","141.296281","0","1"
"03","βθ§","03201","·‰ªs","032010107000","®‰®’¬","39.703065","141.156525","0","1"
"03","βθ§","03201","·‰ªs","032010008000","»q‘ς","39.597886","141.354936","0","1"
"03","βθ§","03201","·‰ªs","032010108001","Ψ‰€κ’–Ϊ","39.700925","141.148035","0","3"
"03","βθ§","03201","·‰ªs","032010108002","Ψ‰€“ρ’–Ϊ","39.701631","141.145383","0","3"
"03","βθ§","03201","·‰ªs","032010109000","ή–Ψ’¬","39.707195","141.137560","0","1"
"03","βθ§","03201","·‰ªs","032010111000","ζ’¬","39.697775","141.153892","0","1"
"03","βθ§","03201","·‰ªs","032010112001","χ‘δκ’–Ϊ","39.753813","141.192495","0","3"
"03","βθ§","03201","·‰ªs","032010112002","χ‘δ“ρ’–Ϊ","39.749929","141.199129","0","3"
"03","βθ§","03201","·‰ªs","032010112003","χ‘δO’–Ϊ","39.746170","141.197048","0","3"
"03","βθ§","03201","·‰ªs","032010227000","Oƒc„","39.738611","141.163638","0","1"
"03","βθ§","03201","·‰ªs","032010228001","Oƒc„κ’–Ϊ","39.716754","141.155729","0","3"
"03","βθ§","03201","·‰ªs","032010228002","Oƒc„“ρ’–Ϊ","39.719910","141.154256","0","3"
"03","βθ§","03201","·‰ªs","032010228003","Oƒc„O’–Ϊ","39.721829","141.158418","0","3"
"03","βθ§","03201","·‰ªs","032010228004","Oƒc„l’–Ϊ","39.729155","141.160069","0","3"
"03","βθ§","03201","·‰ªs","032010228005","Oƒc„ά’–Ϊ","39.728739","141.162525","0","3"
"03","βθ§","03201","·‰ªs","032010114000","O–{–φ","39.656741","141.170502","0","1"
"03","βθ§","03201","·‰ªs","032010113000","R‰¤’¬","39.698401","141.165920","0","1"
"03","βθ§","03201","·‰ªs","032010241000","Rέ","39.743278","141.174599","0","1"
"03","βθ§","03201","·‰ªs","032010242001","Rέκ’–Ϊ","39.713068","141.164808","0","3"
"03","βθ§","03201","·‰ªs","032010242002","Rέ“ρ’–Ϊ","39.713573","141.168862","0","3"
"03","βθ§","03201","·‰ªs","032010242003","RέO’–Ϊ","39.719932","141.173024","0","3"
"03","βθ§","03201","·‰ªs","032010242004","Rέl’–Ϊ","39.720586","141.170377","0","3"
"03","βθ§","03201","·‰ªs","032010242005","Rέά’–Ϊ","39.719818","141.166288","0","3"
"03","βθ§","03201","·‰ªs","032010242006","RέZ’–Ϊ","39.727909","141.171501","0","3"
"03","βθ§","03201","·‰ªs","032010115000","u‰Ζ’¬","39.699691","141.161514","0","1"
"03","βθ§","03201","·‰ªs","032010155000","›—Ρ","39.899014","141.208133","0","1"
"03","βθ§","03201","·‰ªs","032010249000","α‰€’¬","39.703121","141.159979","0","1"
"03","βθ§","03201","·‰ªs","032010174000","θ‘γX","39.650499","141.212400","0","1"
"03","βθ§","03201","·‰ªs","032010138000","Z‹g’¬","39.701861","141.164069","0","1"
"03","βθ§","03201","·‰ªs","032010152000","a–―","39.846893","141.168356","1","1"
"03","βθ§","03201","·‰ªs","032010105000","¬™R","39.697757","141.170157","0","1"
"03","βθ§","03201","·‰ªs","032010106001","¬’Ή‘ςκ’–Ϊ","39.763995","141.166296","0","3"
"03","βθ§","03201","·‰ªs","032010106002","¬’Ή‘ς“ρ’–Ϊ","39.766454","141.170743","0","3"
"03","βθ§","03201","·‰ªs","032010224001","Ό‰€κ’–Ϊ","39.746690","141.164144","0","3"
"03","βθ§","03201","·‰ªs","032010224002","Ό‰€“ρ’–Ϊ","39.750884","141.164904","0","3"
"03","βθ§","03201","·‰ªs","032010224003","Ό‰€O’–Ϊ","39.751188","141.161827","0","3"
"03","βθ§","03201","·‰ªs","032010160000","Ό“ΰ","39.886460","141.147969","0","1"
"03","βθ§","03201","·‰ªs","032010223000","Ό”φ’¬","39.695087","141.159139","0","1"
"03","βθ§","03201","·‰ªs","032010093000","γƒm‹΄’¬","39.705067","141.159367","0","1"
"03","βθ§","03201","·‰ªs","032010257000","γ­Θξ‰Χκ","39.681631","141.076217","0","1"
"03","βθ§","03201","·‰ªs","032010273000","γ­Θξ‰Χ‘O","39.679709","141.077198","0","1"
"03","βθ§","03201","·‰ªs","032010281000","γ­Θ‰΅“Ή","39.662452","141.077767","0","1"
"03","βθ§","03201","·‰ªs","032010277000","γ­ΘI‘ς","39.675962","141.086822","0","1"
"03","βθ§","03201","·‰ªs","032010081000","γ­Θά•ΊƒGV“c","39.684516","141.096992","0","1"
"03","βθ§","03201","·‰ªs","032010276000","γ­ΘRθ","39.678683","141.084035","0","1"
"03","βθ§","03201","·‰ªs","032010086000","γ­Θ›’n","39.679150","141.095055","0","1"
"03","βθ§","03201","·‰ªs","032010272000","γ­Θ¬a“c","39.679224","141.082111","0","1"
"03","βθ§","03201","·‰ªs","032010082000","γ­Θ΄…“c","39.683917","141.089064","0","1"
"03","βθ§","03201","·‰ªs","032010254000","γ­ΘΨ•t","39.681200","141.081703","0","1"
"03","βθ§","03201","·‰ªs","032010085000","γ­Θ’|‰Τ‘O","39.681476","141.098572","0","1"
"03","βθ§","03201","·‰ªs","032010084000","γ­Θ’|•@","39.680486","141.094369","0","1"
"03","βθ§","03201","·‰ªs","032010087000","γ­Θ’†“‡","39.683341","141.092820","0","1"
"03","βθ§","03201","·‰ªs","032010270000","γ­Θ“Vΐ","39.681085","141.089422","0","1"
"03","βθ§","03201","·‰ªs","032010083000","γ­Θ“cL","39.682006","141.104323","0","1"
"03","βθ§","03201","·‰ªs","032010278000","γ­Θ“ρƒc‘ς","39.677033","141.083644","0","1"
"03","βθ§","03201","·‰ªs","032010282000","γ­Θ”ΡƒmX","39.663985","141.077681","0","1"
"03","βθ§","03201","·‰ªs","032010274000","γ­Θ–p","39.678943","141.089809","0","1"
"03","βθ§","03201","·‰ªs","032010275000","γ­Θ–p‘O","39.679150","141.092730","0","1"
"03","βθ§","03201","·‰ªs","032010088000","γ­Θ–Ξ‹g","39.679565","141.102237","0","1"
"03","βθ§","03201","·‰ªs","032010090000","γ­Θ–ι‘ι","39.679427","141.098273","0","1"
"03","βθ§","03201","·‰ªs","032010256000","γ­Θ–μ’†","39.682192","141.082375","0","1"
"03","βθ§","03201","·‰ªs","032010089000","γ­ΘδosV“c","39.684492","141.093922","0","1"
"03","βθ§","03201","·‰ªs","032010091000","γ~μ","39.709615","141.092856","0","1"
"03","βθ§","03201","·‰ªs","032010255000","γ‘Ύ“c‰ªΐ","39.683871","141.079676","0","1"
"03","βθ§","03201","·‰ªs","032010056000","γ‘Ύ“c‰Ίμ΄","39.703642","141.099403","0","1"
"03","βθ§","03201","·‰ªs","032010055000","γ‘Ύ“c‰ΊμΛ","39.694887","141.085923","0","1"
"03","βθ§","03201","·‰ªs","032010057000","γ‘Ύ“c‰Ί’†‰®•~","39.701186","141.096092","0","1"
"03","βθ§","03201","·‰ªs","032010054000","γ‘Ύ“c‰Ί–@’","39.691794","141.094701","0","1"
"03","βθ§","03201","·‰ªs","032010058000","γ‘Ύ“cΦ’[","39.688758","141.093372","0","1"
"03","βθ§","03201","·‰ªs","032010061000","γ‘Ύ“cΪ","39.694960","141.094354","0","1"
"03","βθ§","03201","·‰ªs","032010078000","γ‘Ύ“c‹g–{","39.687184","141.084330","0","1"
"03","βθ§","03201","·‰ªs","032010043000","γ‘Ύ“c‹ΰΰ","39.692667","141.090379","0","1"
"03","βθ§","03201","·‰ªs","032010050000","γ‘Ύ“cE‰®•~","39.688533","141.086626","0","1"
"03","βθ§","03201","·‰ªs","032010035000","γ‘Ύ“cϋ","39.690582","141.057125","0","1"
"03","βθ§","03201","·‰ªs","032010051000","γ‘Ύ“cO–@΄…","39.692613","141.093323","0","1"
"03","βθ§","03201","·‰ªs","032010263000","γ‘Ύ“cΧH","39.692395","141.080844","0","1"
"03","βθ§","03201","·‰ªs","032010072000","γ‘Ύ“cΧ“c","39.696360","141.087360","0","1"
"03","βθ§","03201","·‰ªs","032010052000","γ‘Ύ“cO–‡‹΄","39.692006","141.064240","0","1"
"03","βθ§","03201","·‰ªs","032010079000","γ‘Ύ“clƒc‰Ζ","39.685463","141.085519","0","1"
"03","βθ§","03201","·‰ªs","032010259000","γ‘Ύ“cα‹{","39.694378","141.080844","0","1"
"03","βθ§","03201","·‰ªs","032010264000","γ‘Ύ“c\•¶","39.691571","141.083349","0","1"
"03","βθ§","03201","·‰ªs","032010262000","γ‘Ύ“c¬ΧH","39.690548","141.080692","0","1"
"03","βθ§","03201","·‰ªs","032010265000","γ‘Ύ“c¬“c‰®•~","39.690857","141.085171","0","1"
"03","βθ§","03201","·‰ªs","032010073000","γ‘Ύ“cΌƒm–Ψ","39.695860","141.093577","0","1"
"03","βθ§","03201","·‰ªs","032010069000","γ‘Ύ“cΐΪ","39.696315","141.081542","0","1"
"03","βθ§","03201","·‰ªs","032010039000","γ‘Ύ“cγƒm”¨","39.687628","141.091380","0","1"
"03","βθ§","03201","·‰ªs","032010038000","γ‘Ύ“cγƒm–μ","39.691312","141.089402","0","1"
"03","βθ§","03201","·‰ªs","032010046000","γ‘Ύ“cγ‹g–{","39.689108","141.082357","0","1"
"03","βθ§","03201","·‰ªs","032010037000","γ‘Ύ“cγ£","39.692106","141.055702","0","1"
"03","βθ§","03201","·‰ªs","032010258000","γ‘Ύ“cγμ΄","39.701072","141.085240","0","1"
"03","βθ§","03201","·‰ªs","032010080000","γ‘Ύ“cγ‘Ί","39.690457","141.093081","0","1"
"03","βθ§","03201","·‰ªs","032010045000","γ‘Ύ“cγ“c’†","39.694769","141.088349","0","1"
"03","βθ§","03201","·‰ªs","032010040000","γ‘Ύ“cγ–μ‰®•~","39.693786","141.096118","0","1"
"03","βθ§","03201","·‰ªs","032010044000","γ‘Ύ“cγξ@X","39.690532","141.071310","0","1"
"03","βθ§","03201","·‰ªs","032010074000","γ‘Ύ“cX‡","39.689033","141.075934","0","1"
"03","βθ§","03201","·‰ªs","032010036000","γ‘Ύ“c_q’Λ","39.697079","141.089585","0","1"
"03","βθ§","03201","·‰ªs","032010053000","γ‘Ύ“c΄…“c","39.693795","141.089303","0","1"
"03","βθ§","03201","·‰ªs","032010260000","γ‘Ύ“cΤ‘Oϋ","39.697894","141.078235","0","1"
"03","βθ§","03201","·‰ªs","032010048000","γ‘Ύ“cμ΄","39.701413","141.090292","0","1"
"03","βθ§","03201","·‰ªs","032010047000","γ‘Ύ“cμγ","39.698136","141.091693","0","1"
"03","βθ§","03201","·‰ªs","032010075000","γ‘Ύ“c‘‰–μ","39.693550","141.085024","0","1"
"03","βθ§","03201","·‰ªs","032010059000","γ‘Ύ“c‘ Λ","39.702475","141.101629","0","1"
"03","βθ§","03201","·‰ªs","032010060000","γ‘Ύ“c‘ Λ‘O","39.699835","141.102556","0","1"
"03","βθ§","03201","·‰ªs","032010042000","γ‘Ύ“c‘ε–x","39.692231","141.071989","0","1"
"03","βθ§","03201","·‰ªs","032010267000","γ‘Ύ“c’J’n","39.689738","141.117562","0","1"
"03","βθ§","03201","·‰ªs","032010068000","γ‘Ύ“c’†‰®•~","39.692556","141.076581","0","1"
"03","βθ§","03201","·‰ªs","032010067000","γ‘Ύ“c’†Φ","39.685399","141.089204","0","1"
"03","βθ§","03201","·‰ªs","032010066000","γ‘Ύ“c’†£","39.695943","141.063646","0","1"
"03","βθ§","03201","·‰ªs","032010261000","γ‘Ύ“c’τ","39.695278","141.072399","0","1"
"03","βθ§","03201","·‰ªs","032010064000","γ‘Ύ“c“c‰®","39.694996","141.084028","0","1"
"03","βθ§","03201","·‰ªs","032010062000","γ‘Ύ“c“c’†","39.695078","141.090645","0","1"
"03","βθ§","03201","·‰ªs","032010063000","γ‘Ύ“c“c’†—―","39.694480","141.065812","0","1"
"03","βθ§","03201","·‰ªs","032010070000","γ‘Ύ“c”¨’†","39.690275","141.095195","0","1"
"03","βθ§","03201","·‰ªs","032010077000","γ‘Ύ“c”ªƒcϋ","39.698321","141.099218","0","1"
"03","βθ§","03201","·‰ªs","032010076000","γ‘Ύ“c”ªη ","39.694468","141.096566","0","1"
"03","βθ§","03201","·‰ªs","032010071000","γ‘Ύ“c”Όέ‰Ζ","39.698075","141.093839","0","1"
"03","βθ§","03201","·‰ªs","032010065000","γ‘Ύ“c”σƒmϋ","39.695524","141.076287","0","1"
"03","βθ§","03201","·‰ªs","032010049000","γ‘Ύ“c–k“c","39.696588","141.098956","0","1"
"03","βθ§","03201","·‰ªs","032010041000","γ‘Ύ“cξ@X","39.690148","141.077689","0","1"
"03","βθ§","03201","·‰ªs","032010148000","γ“c","39.775491","141.174078","0","1"
"03","βθ§","03201","·‰ªs","032010022001","γ“cκ’–Ϊ","39.712485","141.144908","0","3"
"03","βθ§","03201","·‰ªs","032010022002","γ“c“ρ’–Ϊ","39.716717","141.144243","0","3"
"03","βθ§","03201","·‰ªs","032010022003","γ“cO’–Ϊ","39.715821","141.137737","0","3"
"03","βθ§","03201","·‰ªs","032010022004","γ“cl’–Ϊ","39.720761","141.135009","0","3"
"03","βθ§","03201","·‰ªs","032010023001","γ“c’ηκ’–Ϊ","39.730044","141.149385","0","3"
"03","βθ§","03201","·‰ªs","032010023002","γ“c’η“ρ’–Ϊ","39.728446","141.152116","0","3"
"03","βθ§","03201","·‰ªs","032010092001","γ“°κ’–Ϊ","39.724698","141.120400","0","3"
"03","βθ§","03201","·‰ªs","032010092002","γ“°“ρ’–Ϊ","39.727062","141.120835","0","3"
"03","βθ§","03201","·‰ªs","032010092003","γ“°O’–Ϊ","39.728064","141.126804","0","3"
"03","βθ§","03201","·‰ªs","032010092004","γ“°l’–Ϊ","39.732968","141.124911","0","3"
"03","βθ§","03201","·‰ªs","032010269000","γ”Ρ‰ª","39.664713","141.088924","0","1"
"03","βθ§","03201","·‰ªs","032010094000","γ•Δ“ΰ","39.751469","141.222297","0","1"
"03","βθ§","03201","·‰ªs","032010133000","ιΌ’¬","39.704997","141.125885","0","1"
"03","βθ§","03201","·‰ªs","032010134000","V―","39.704037","141.329239","0","1"
"03","βθ§","03201","·‰ªs","032010135000","V―’¬","39.702118","141.168129","0","1"
"03","βθ§","03201","·‰ªs","032010136000","V“c’¬","39.705968","141.129262","0","1"
"03","βθ§","03201","·‰ªs","032010225000","_q“c’¬","39.687895","141.160512","0","1"
"03","βθ§","03201","·‰ªs","032010137000","_–Ύ’¬","39.700977","141.158894","0","1"
"03","βθ§","03201","·‰ªs","032010102001","~μκ’–Ϊ","39.742266","141.128667","0","3"
"03","βθ§","03201","·‰ªs","032010102002","~μ“ρ’–Ϊ","39.739974","141.130907","0","3"
"03","βθ§","03201","·‰ªs","032010102003","~μO’–Ϊ","39.750637","141.133780","0","3"
"03","βθ§","03201","·‰ªs","032010102004","~μl’–Ϊ","39.750816","141.131017","0","3"
"03","βθ§","03201","·‰ªs","032010102005","~μά’–Ϊ","39.752996","141.131896","0","3"
"03","βθ§","03201","·‰ªs","032010116000","΄…’¬","39.695388","141.150603","0","1"
"03","βθ§","03201","·‰ªs","032010237001","·‰ª‰wΌ’Κκ’–Ϊ","39.702143","141.131688","0","3"
"03","βθ§","03201","·‰ªs","032010237002","·‰ª‰wΌ’Κ“ρ’–Ϊ","39.698721","141.135252","0","3"
"03","βθ§","03201","·‰ªs","032010239000","·‰ª‰w‘O’Κ","39.700328","141.138270","0","1"
"03","βθ§","03201","·‰ªs","032010238000","·‰ª‰w‘O–k’Κ","39.705926","141.134102","0","1"
"03","βθ§","03201","·‰ªs","032010199000","Ό‰Ί‘δ’¬","39.714248","141.132127","0","1"
"03","βθ§","03201","·‰ªs","032010202000","Ό©‘O","39.640998","141.157157","0","1"
"03","βθ§","03201","·‰ªs","032010201001","ΌΌ‰€κ’–Ϊ","39.751564","141.155093","0","3"
"03","βθ§","03201","·‰ªs","032010201002","ΌΌ‰€“ρ’–Ϊ","39.752509","141.159228","0","3"
"03","βθ§","03201","·‰ªs","032010201003","ΌΌ‰€O’–Ϊ","39.755257","141.159866","0","3"
"03","βθ§","03201","·‰ªs","032010201004","ΌΌ‰€l’–Ϊ","39.757788","141.159314","0","3"
"03","βθ§","03201","·‰ªs","032010198001","ΌΒRκ’–Ϊ","39.722172","141.107571","0","3"
"03","βθ§","03201","·‰ªs","032010198002","ΌΒR“ρ’–Ϊ","39.727250","141.107759","0","3"
"03","βθ§","03201","·‰ªs","032010198003","ΌΒRO’–Ϊ","39.726429","141.101884","0","3"
"03","βθ§","03201","·‰ªs","032010200001","Όε–kκ’–Ϊ","39.689121","141.145884","0","3"
"03","βθ§","03201","·‰ªs","032010200002","Όε–k“ρ’–Ϊ","39.682450","141.147300","0","3"
"03","βθ§","03201","·‰ªs","032010001001","ΒRκ’–Ϊ","39.721677","141.113180","0","3"
"03","βθ§","03201","·‰ªs","032010001002","ΒR“ρ’–Ϊ","39.724726","141.114235","0","3"
"03","βθ§","03201","·‰ªs","032010001003","ΒRO’–Ϊ","39.727935","141.115068","0","3"
"03","βθ§","03201","·‰ªs","032010001004","ΒRl’–Ϊ","39.731470","141.116478","0","3"
"03","βθ§","03201","·‰ªs","032010140001","ε–kκ’–Ϊ","39.690685","141.149084","0","3"
"03","βθ§","03201","·‰ªs","032010140002","ε–k“ρ’–Ϊ","39.686862","141.150959","0","3"
"03","βθ§","03201","·‰ªs","032010140003","ε–kO’–Ϊ","39.681412","141.151250","0","3"
"03","βθ§","03201","·‰ªs","032010141000","ε–k’¬","39.692943","141.139478","0","1"
"03","βθ§","03201","·‰ªs","032010149000","μθ","39.857925","141.164298","0","1"
"03","βθ§","03201","·‰ªs","032010150000","μ–”","39.786492","141.209156","0","1"
"03","βθ§","03201","·‰ªs","032010095000","μ–Ϊ","39.674327","141.227758","0","1"
"03","βθ§","03201","·‰ªs","032010096000","μ–Ϊ’¬","39.683235","141.182648","0","1"
"03","βθ§","03201","·‰ªs","032010002000","σέ","39.737119","141.279988","0","1"
"03","βθ§","03201","·‰ªs","032010003001","σέκ’–Ϊ","39.711972","141.175691","0","3"
"03","βθ§","03201","·‰ªs","032010003002","σέ“ρ’–Ϊ","39.713971","141.175206","0","3"
"03","βθ§","03201","·‰ªs","032010003003","σέO’–Ϊ","39.712412","141.181911","0","3"
"03","βθ§","03201","·‰ªs","032010222001","‘Oƒκ’–Ϊ","39.710506","141.107215","0","3"
"03","βθ§","03201","·‰ªs","032010222002","‘Oƒ“ρ’–Ϊ","39.711295","141.104708","0","3"
"03","βθ§","03201","·‰ªs","032010222003","‘OƒO’–Ϊ","39.711641","141.102298","0","3"
"03","βθ§","03201","·‰ªs","032010222004","‘Oƒl’–Ϊ","39.711217","141.099095","0","3"
"03","βθ§","03201","·‰ªs","032010139001","‘O‹γ”Nκ’–Ϊ","39.713656","141.127816","0","3"
"03","βθ§","03201","·‰ªs","032010139002","‘O‹γ”N“ρ’–Ϊ","39.715196","141.124881","0","3"
"03","βθ§","03201","·‰ªs","032010139003","‘O‹γ”NO’–Ϊ","39.720172","141.120385","0","3"
"03","βθ§","03201","·‰ªs","032010025000","‘εƒP¶","39.613245","141.258942","0","1"
"03","βθ§","03201","·‰ªs","032010027000","‘εΩ’¬","39.714566","141.110590","0","1"
"03","βθ§","03201","·‰ªs","032010142000","‘ε›’¬","39.693867","141.157762","0","1"
"03","βθ§","03201","·‰ªs","032010143000","‘εV’¬","39.715692","141.116670","0","1"
"03","βθ§","03201","·‰ªs","032010026001","‘ε‘ςμ΄κ’–Ϊ","39.699262","141.147112","0","3"
"03","βθ§","03201","·‰ªs","032010026002","‘ε‘ςμ΄“ρ’–Ϊ","39.699377","141.144404","0","3"
"03","βθ§","03201","·‰ªs","032010026003","‘ε‘ςμ΄O’–Ϊ","39.700059","141.142323","0","3"
"03","βθ§","03201","·‰ªs","032010028001","‘ε’Κκ’–Ϊ","39.702454","141.148611","0","3"
"03","βθ§","03201","·‰ªs","032010028002","‘ε’Κ“ρ’–Ϊ","39.703128","141.145906","0","3"
"03","βθ§","03201","·‰ªs","032010028003","‘ε’ΚO’–Ϊ","39.703933","141.141276","0","3"
"03","βθ§","03201","·‰ªs","032010163001","’ƒ”¨κ’–Ϊ","39.693698","141.164866","0","3"
"03","βθ§","03201","·‰ªs","032010163002","’ƒ”¨“ρ’–Ϊ","39.691424","141.163184","0","3"
"03","βθ§","03201","·‰ªs","032010192001","’†ƒm‹΄’Κκ’–Ϊ","39.699787","141.155853","0","3"
"03","βθ§","03201","·‰ªs","032010192002","’†ƒm‹΄’Κ“ρ’–Ϊ","39.697819","141.160392","0","3"
"03","βθ§","03201","·‰ªs","032010164001","’†‰›’Κκ’–Ϊ","39.704882","141.148947","0","3"
"03","βθ§","03201","·‰ªs","032010164002","’†‰›’Κ“ρ’–Ϊ","39.705355","141.145430","0","3"
"03","βθ§","03201","·‰ªs","032010164003","’†‰›’ΚO’–Ϊ","39.705872","141.142371","0","3"
"03","βθ§","03201","·‰ªs","032010194000","’†‰®•~’¬","39.707271","141.120680","0","1"
"03","βθ§","03201","·‰ªs","032010187000","’†‘Ύ“c‰®•~“c","39.695288","141.107619","0","1"
"03","βθ§","03201","·‰ªs","032010179000","’†‘Ύ“c―‘δ","39.695104","141.101270","0","1"
"03","βθ§","03201","·‰ªs","032010188000","’†‘Ύ“c‹g΄","39.690278","141.104002","0","1"
"03","βθ§","03201","·‰ªs","032010181000","’†‘Ύ“c¬ΐ","39.690624","141.099889","0","1"
"03","βθ§","03201","·‰ªs","032010182000","’†‘Ύ“cV“c","39.704038","141.108692","0","1"
"03","βθ§","03201","·‰ªs","032010184000","’†‘Ύ“c[","39.692662","141.101141","0","1"
"03","βθ§","03201","·‰ªs","032010178000","’†‘Ύ“cς“c","39.699340","141.109199","0","1"
"03","βθ§","03201","·‰ªs","032010183000","’†‘Ύ“c”ªT","39.698051","141.104906","0","1"
"03","βθ§","03201","·‰ªs","032010186000","’†‘Ύ“c•ϋ”ª’","39.685754","141.102706","0","1"
"03","βθ§","03201","·‰ªs","032010185000","’†‘Ύ“c–@’","39.687343","141.098012","0","1"
"03","βθ§","03201","·‰ªs","032010180000","’†‘Ύ“c–k‘Ύ“c","39.700768","141.106725","0","1"
"03","βθ§","03201","·‰ªs","032010190000","’†’η’¬","39.719235","141.105605","0","1"
"03","βθ§","03201","·‰ªs","032010191001","’†–μκ’–Ϊ","39.693402","141.169166","0","3"
"03","βθ§","03201","·‰ªs","032010191002","’†–μ“ρ’–Ϊ","39.690924","141.167453","0","3"
"03","βθ§","03201","·‰ªs","032010009000","’–‹κ–{–Ψ","39.684935","141.075894","0","1"
"03","βθ§","03201","·‰ªs","032010279000","’–‹‰‡","39.685796","141.063053","0","1"
"03","βθ§","03201","·‰ªs","032010013000","’–‹O‹v•Ϋ","39.687634","141.070611","0","1"
"03","βθ§","03201","·‰ªs","032010253000","’–‹‹΄κ","39.680443","141.071234","0","1"
"03","βθ§","03201","·‰ªs","032010250000","’–‹Χ‰z","39.662055","141.070513","0","1"
"03","βθ§","03201","·‰ªs","032010012000","’–‹O–‡‹΄","39.688983","141.065954","0","1"
"03","βθ§","03201","·‰ªs","032010271000","’–‹ί‰ή“°","39.677145","141.073695","0","1"
"03","βθ§","03201","·‰ªs","032010251000","’–‹γ’–‹","39.677328","141.062344","0","1"
"03","βθ§","03201","·‰ªs","032010252000","’–‹γ•½","39.677680","141.064669","0","1"
"03","βθ§","03201","·‰ªs","032010014000","’–‹‘‰βγ","39.689118","141.060752","0","1"
"03","βθ§","03201","·‰ªs","032010010000","’–‹‘ε‹΄","39.683318","141.072521","0","1"
"03","βθ§","03201","·‰ªs","032010011000","’–‹‘ε“Ή","39.681861","141.068749","0","1"
"03","βθ§","03201","·‰ªs","032010017000","’–‹“Iκ","39.685560","141.070708","0","1"
"03","βθ§","03201","·‰ªs","032010280000","’–‹“c–Κ–μ–Ψ","39.684367","141.055936","0","1"
"03","βθ§","03201","·‰ªs","032010016000","’–‹“΅Ό","39.684659","141.068221","0","1"
"03","βθ§","03201","·‰ªs","032010015000","’–‹”¨’†","39.680579","141.066259","0","1"
"03","βθ§","03201","·‰ªs","032010018000","’–‹•Δ‘q","39.689993","141.070032","0","1"
"03","βθ§","03201","·‰ªs","032010193000","’·‹΄’¬","39.717720","141.100918","0","1"
"03","βθ§","03201","·‰ªs","032010189000","’·“c’¬","39.708254","141.140268","0","1"
"03","βθ§","03201","·‰ªs","032010166000","’Γu“c","39.664732","141.145595","0","1"
"03","βθ§","03201","·‰ªs","032010169001","’Γu“cΌκ’–Ϊ","39.668632","141.150371","0","3"
"03","βθ§","03201","·‰ªs","032010169002","’Γu“cΌ“ρ’–Ϊ","39.662994","141.148824","0","3"
"03","βθ§","03201","·‰ªs","032010167001","’Γu“c’†‰›κ’–Ϊ","39.663413","141.156546","0","3"
"03","βθ§","03201","·‰ªs","032010167002","’Γu“c’†‰›“ρ’–Ϊ","39.661085","141.157327","0","3"
"03","βθ§","03201","·‰ªs","032010167003","’Γu“c’†‰›O’–Ϊ","39.662427","141.151967","0","3"
"03","βθ§","03201","·‰ªs","032010168001","’Γu“c’¬κ’–Ϊ","39.669504","141.155095","0","3"
"03","βθ§","03201","·‰ªs","032010168002","’Γu“c’¬“ρ’–Ϊ","39.665311","141.156323","0","3"
"03","βθ§","03201","·‰ªs","032010168003","’Γu“c’¬O’–Ϊ","39.665920","141.152739","0","3"
"03","βθ§","03201","·‰ªs","032010170001","’Γu“c“μκ’–Ϊ","39.658941","141.159991","0","3"
"03","βθ§","03201","·‰ªs","032010170002","’Γu“c“μ“ρ’–Ϊ","39.658502","141.156285","0","3"
"03","βθ§","03201","·‰ªs","032010170003","’Γu“c“μO’–Ϊ","39.658828","141.151364","0","3"
"03","βθ§","03201","·‰ªs","032010175000","“VΉ›’¬","39.710953","141.121792","0","1"
"03","βθ§","03201","·‰ªs","032010176000","“V_’¬","39.704032","141.165563","0","1"
"03","βθ§","03201","·‰ªs","032010171000","“y•£","39.720977","141.082893","0","1"
"03","βθ§","03201","·‰ªs","032010208000","“ΐ’λ","39.678770","141.173568","0","1"
"03","βθ§","03201","·‰ªs","032010209001","“ΐ’λκ’–Ϊ","39.681402","141.165576","0","3"
"03","βθ§","03201","·‰ªs","032010209002","“ΐ’λ“ρ’–Ϊ","39.677926","141.163677","0","3"
"03","βθ§","03201","·‰ªs","032010209003","“ΐ’λO’–Ϊ","39.678032","141.166914","0","3"
"03","βθ§","03201","·‰ªs","032010218000","“©‘O","39.637897","141.175632","0","1"
"03","βθ§","03201","·‰ªs","032010210001","“•Ξ–μκ’–Ϊ","39.745647","141.151848","0","3"
"03","βθ§","03201","·‰ªs","032010210002","“•Ξ–μ“ρ’–Ϊ","39.747639","141.153410","0","3"
"03","βθ§","03201","·‰ªs","032010210003","“•Ξ–μO’–Ϊ","39.747635","141.157531","0","3"
"03","βθ§","03201","·‰ªs","032010211000","“χR","39.708529","141.177324","0","1"
"03","βθ§","03201","·‰ªs","032010219001","“Rκ’–Ϊ","39.691739","141.175917","0","3"
"03","βθ§","03201","·‰ªs","032010219002","“R“ρ’–Ϊ","39.688710","141.179626","0","3"
"03","βθ§","03201","·‰ªs","032010216001","“Ό‰€κ’–Ϊ","39.749002","141.168211","0","3"
"03","βθ§","03201","·‰ªs","032010216002","“Ό‰€“ρ’–Ϊ","39.755770","141.166178","0","3"
"03","βθ§","03201","·‰ªs","032010216003","“Ό‰€O’–Ϊ","39.756792","141.169746","0","3"
"03","βθ§","03201","·‰ªs","032010216004","“Ό‰€l’–Ϊ","39.760033","141.163516","0","3"
"03","βθ§","03201","·‰ªs","032010212001","“V―κ’–Ϊ","39.700292","141.172240","0","3"
"03","βθ§","03201","·‰ªs","032010212002","“V―“ρ’–Ϊ","39.704577","141.173033","0","3"
"03","βθ§","03201","·‰ªs","032010213001","“ε–kκ’–Ϊ","39.682628","141.155120","0","3"
"03","βθ§","03201","·‰ªs","032010213002","“ε–k“ρ’–Ϊ","39.679646","141.157960","0","3"
"03","βθ§","03201","·‰ªs","032010214000","“’†–μ","39.686137","141.173173","0","1"
"03","βθ§","03201","·‰ªs","032010215000","“’†–μ’¬","39.695655","141.172662","0","1"
"03","βθ§","03201","·‰ªs","032010217000","“—Ξ‚ª‹u","39.733611","141.149503","0","1"
"03","βθ§","03201","·‰ªs","032010244000","“’‘ς","39.646891","141.103674","0","1"
"03","βθ§","03201","·‰ªs","032010245001","“’‘ςΌκ’–Ϊ","39.642701","141.094248","0","3"
"03","βθ§","03201","·‰ªs","032010245002","“’‘ςΌ“ρ’–Ϊ","39.641289","141.094106","0","3"
"03","βθ§","03201","·‰ªs","032010245003","“’‘ςΌO’–Ϊ","39.639919","141.094081","0","3"
"03","βθ§","03201","·‰ªs","032010246001","“’‘ς“κ’–Ϊ","39.642038","141.097286","0","3"
"03","βθ§","03201","·‰ªs","032010246002","“’‘ς““ρ’–Ϊ","39.641542","141.099371","0","3"
"03","βθ§","03201","·‰ªs","032010246003","“’‘ς“O’–Ϊ","39.642135","141.101278","0","3"
"03","βθ§","03201","·‰ªs","032010247001","“’‘ς“μκ’–Ϊ","39.638579","141.095378","0","3"
"03","βθ§","03201","·‰ªs","032010247002","“’‘ς“μ“ρ’–Ϊ","39.636644","141.094821","0","3"
"03","βθ§","03201","·‰ªs","032010024000","“ΰΫ","39.701902","141.152504","0","1"
"03","βθ§","03201","·‰ªs","032010230000","“μΒR’¬","39.718466","141.113572","0","1"
"03","βθ§","03201","·‰ªs","032010232001","“με–kκ’–Ϊ","39.678115","141.152025","0","3"
"03","βθ§","03201","·‰ªs","032010232002","“με–k“ρ’–Ϊ","39.673665","141.151819","0","3"
"03","βθ§","03201","·‰ªs","032010232003","“με–kO’–Ϊ","39.672014","141.162101","0","3"
"03","βθ§","03201","·‰ªs","032010231001","“μ‘ε’Κκ’–Ϊ","39.697370","141.156962","0","3"
"03","βθ§","03201","·‰ªs","032010231002","“μ‘ε’Κ“ρ’–Ϊ","39.694633","141.154169","0","3"
"03","βθ§","03201","·‰ªs","032010231003","“μ‘ε’ΚO’–Ϊ","39.692668","141.152846","0","3"
"03","βθ§","03201","·‰ªs","032010158000","“ϊΛ","39.803492","141.239568","0","1"
"03","βθ§","03201","·‰ªs","032010207000","”nκ’¬","39.696651","141.146042","0","1"
"03","βθ§","03201","·‰ªs","032010204001","” ΄…κ’–Ϊ","39.734734","141.133513","0","3"
"03","βθ§","03201","·‰ªs","032010204002","” ΄…“ρ’–Ϊ","39.734492","141.129159","0","3"
"03","βθ§","03201","·‰ªs","032010205000","”ª”¦’¬","39.696365","141.163254","0","1"
"03","βθ§","03201","·‰ªs","032010007000","”Ρ‰ªV“c","39.665898","141.137034","0","1"
"03","βθ§","03201","·‰ªs","032010220000","•½‰κV“c","39.718742","141.091842","0","1"
"03","βθ§","03201","·‰ªs","032010100001","–kRκ’–Ϊ","39.713919","141.152181","0","3"
"03","βθ§","03201","·‰ªs","032010100002","–kR“ρ’–Ϊ","39.717256","141.149982","0","3"
"03","βθ§","03201","·‰ªs","032010099001","–kΌ‰€κ’–Ϊ","39.756155","141.172730","0","3"
"03","βθ§","03201","·‰ªs","032010099002","–kΌ‰€“ρ’–Ϊ","39.760705","141.171498","0","3"
"03","βθ§","03201","·‰ªs","032010099003","–kΌ‰€O’–Ϊ","39.761846","141.168141","0","3"
"03","βθ§","03201","·‰ªs","032010099004","–kΌ‰€l’–Ϊ","39.761847","141.176487","0","3"
"03","βθ§","03201","·‰ªs","032010098000","–k“VΉ›’¬","39.712338","141.117108","0","1"
"03","βθ§","03201","·‰ªs","032010097001","–k”Ρ‰ªκ’–Ϊ","39.678936","141.132141","0","3"
"03","βθ§","03201","·‰ªs","032010097002","–k”Ρ‰ª“ρ’–Ϊ","39.674954","141.131763","0","3"
"03","βθ§","03201","·‰ªs","032010097003","–k”Ρ‰ªO’–Ϊ","39.670332","141.136580","0","3"
"03","βθ§","03201","·‰ªs","032010097004","–k”Ρ‰ªl’–Ϊ","39.670401","141.133466","0","3"
"03","βθ§","03201","·‰ªs","032010101000","–k—[η£’¬","39.710085","141.128772","0","1"
"03","βθ§","03201","·‰ªs","032010266000","–{‹{","39.682658","141.117101","0","1"
"03","βθ§","03201","·‰ªs","032010235001","–{‹{κ’–Ϊ","39.688195","141.142335","0","3"
"03","βθ§","03201","·‰ªs","032010235002","–{‹{“ρ’–Ϊ","39.688427","141.138272","0","3"
"03","βθ§","03201","·‰ªs","032010235003","–{‹{O’–Ϊ","39.690071","141.131228","0","3"
"03","βθ§","03201","·‰ªs","032010235004","–{‹{l’–Ϊ","39.686441","141.130749","0","3"
"03","βθ§","03201","·‰ªs","032010235005","–{‹{ά’–Ϊ","39.690464","141.122432","0","3"
"03","βθ§","03201","·‰ªs","032010235006","–{‹{Z’–Ϊ","39.686770","141.122165","0","3"
"03","βθ§","03201","·‰ªs","032010235007","–{‹{µ’–Ϊ","39.683430","141.126517","0","3"
"03","βθ§","03201","·‰ªs","032010221001","–{’¬’Κκ’–Ϊ","39.706467","141.154638","0","3"
"03","βθ§","03201","·‰ªs","032010221002","–{’¬’Κ“ρ’–Ϊ","39.708003","141.149770","0","3"
"03","βθ§","03201","·‰ªs","032010221003","–{’¬’ΚO’–Ϊ","39.709049","141.145368","0","3"
"03","βθ§","03201","·‰ªs","032010196000","–Ό{μ’¬","39.711398","141.152970","0","1"
"03","βθ§","03201","·‰ªs","032010033000","–ε","39.669513","141.180286","0","1"
"03","βθ§","03201","·‰ªs","032010034001","–εκ’–Ϊ","39.671214","141.170232","0","3"
"03","βθ§","03201","·‰ªs","032010034002","–ε“ρ’–Ϊ","39.664992","141.172549","0","3"
"03","βθ§","03201","·‰ªs","032010161000","–ε‘O›","39.815211","141.163465","0","1"
"03","βθ§","03201","·‰ªs","032010162000","–χμ","39.818087","141.390724","0","1"
"03","βθ§","03201","·‰ªs","032010243000","—[η£’¬","39.708462","141.132363","0","1"
"03","βθ§","03201","·‰ªs","032010195000","—–Ψ’¬","39.710089","141.135968","0","1"
"03","βθ§","03201","·‰ªs","032010248001","—¬’ΚƒZƒ“ƒ^[–kκ’–Ϊ","39.642185","141.111918","0","3"
"03","βθ§","03201","·‰ªs","032010229001","—Ξ‚ª‹uκ’–Ϊ","39.730981","141.142852","0","3"
"03","βθ§","03201","·‰ªs","032010229002","—Ξ‚ª‹u“ρ’–Ϊ","39.734800","141.138996","0","3"
"03","βθ§","03201","·‰ªs","032010229003","—Ξ‚ª‹uO’–Ϊ","39.736082","141.145577","0","3"
"03","βθ§","03201","·‰ªs","032010229004","—Ξ‚ª‹ul’–Ϊ","39.736951","141.142181","0","3"
"03","βθ§","03201","·‰ªs","032010240000","βΚμ","39.670843","141.315057","0","1"
"03","βθ§","03201","·‰ªs","032010197000","ηλ‰®’¬","39.691623","141.157729","0","1"
"03","βθ§","03202","‹{Γs","032020001000","Τ‘O","39.584141","141.971273","0","1"
"03","βθ§","03202","‹{Γs","032020002001","¤“†κ’–Ϊ","39.644274","141.960963","0","3"
"03","βθ§","03202","‹{Γs","032020002002","¤“†“ρ’–Ϊ","39.643013","141.963189","0","3"
"03","βθ§","03202","‹{Γs","032020003000","V’¬","39.642883","141.952793","0","1"
"03","βθ§","03202","‹{Γs","032020004000","ς’¬","39.644405","141.937767","0","1"
"03","βθ§","03202","‹{Γs","032020005001","”Β‰®κ’–Ϊ","39.634090","141.917870","0","3"
"03","βθ§","03202","‹{Γs","032020005002","”Β‰®“ρ’–Ϊ","39.633760","141.915637","0","3"
"03","βθ§","03202","‹{Γs","032020005003","”Β‰®O’–Ϊ","39.636114","141.910952","0","3"
"03","βθ§","03202","‹{Γs","032020005004","”Β‰®l’–Ϊ","39.637454","141.913753","0","3"
"03","βθ§","03202","‹{Γs","032020006000","]q","39.538554","141.642287","0","1"
"03","βθ§","03202","‹{Γs","032020007001","‘ε’Κκ’–Ϊ","39.641482","141.952197","0","3"
"03","βθ§","03202","‹{Γs","032020007002","‘ε’Κ“ρ’–Ϊ","39.640000","141.952200","0","3"
"03","βθ§","03202","‹{Γs","032020007003","‘ε’ΚO’–Ϊ","39.639959","141.949721","0","3"
"03","βθ§","03202","‹{Γs","032020007004","‘ε’Κl’–Ϊ","39.640962","141.948963","0","3"
"03","βθ§","03202","‹{Γs","032020008000","¬‘","39.489097","141.657375","0","1"
"03","βθ§","03202","‹{Γs","032020009000","‰Ή•”","39.591515","142.002746","0","1"
"03","βθ§","03202","‹{Γs","032020010000","d–Ξ","39.545131","142.014260","0","1"
"03","βθ§","03202","‹{Γs","032020011000","•Π‘ƒ","39.599569","141.637676","0","1"
"03","βθ§","03202","‹{Γs","032020012000","–ε”n","39.612931","141.483878","0","1"
"03","βθ§","03202","‹{Γs","032020013001","‰Ν“μκ’–Ϊ","39.620509","141.951643","0","3"
"03","βθ§","03202","‹{Γs","032020014000","‹ΰ•l","39.595665","141.939363","0","1"
"03","βθ§","03202","‹{Γs","032020015000","›θ’¬","39.643741","141.941714","0","1"
"03","βθ§","03202","‹{Γs","032020016000"," ‰®","39.663125","141.724884","0","1"
"03","βθ§","03202","‹{Γs","032020017000","μδ","39.584256","141.667468","0","1"
"03","βθ§","03202","‹{Γs","032020018000","μ“ΰ","39.643110","141.582794","0","1"
"03","βθ§","03202","‹{Γs","032020019000","_“c‘ς’¬","39.635919","141.918574","0","1"
"03","βθ§","03202","‹{Γs","032020020001","γ•@κ’–Ϊ","39.632744","141.910718","0","3"
"03","βθ§","03202","‹{Γs","032020020002","γ•@“ρ’–Ϊ","39.631592","141.913956","0","3"
"03","βθ§","03202","‹{Γs","032020021000","_—Ρ","39.619258","141.963526","0","1"
"03","βθ§","03202","‹{Γs","032020022000","‹ζE‘ζκ’n„","39.645709","141.356334","0","1"
"03","βθ§","03202","‹{Γs","032020023000","‹ζE‘ζ“ρ’n„","39.657530","141.376641","0","1"
"03","βθ§","03202","‹{Γs","032020024000","‹ζE‘ζO’n„","39.634041","141.430135","0","1"
"03","βθ§","03202","‹{Γs","032020025000","‹ζE‘ζl’n„","39.640752","141.429189","0","1"
"03","βθ§","03202","‹{Γs","032020026000","•“c’¬","39.642966","141.950666","0","1"
"03","βθ§","03202","‹{Γs","032020027000","•X’¬","39.651562","141.940442","0","1"
"03","βθ§","03202","‹{Γs","032020028000","Lƒ–θ","39.656243","141.968127","0","1"
"03","βθ§","03202","‹{Γs","032020029000","‰Τ΄s","39.637434","141.858398","0","1"
"03","βθ§","03202","‹{Γs","032020030001","¬‘ςκ’–Ϊ","39.648285","141.951202","0","3"
"03","βθ§","03202","‹{Γs","032020030002","¬‘ς“ρ’–Ϊ","39.652168","141.946195","0","3"
"03","βθ§","03202","‹{Γs","032020031000","¬R“c","39.628721","141.935580","0","1"
"03","βθ§","03202","‹{Γs","032020032001","¬R“cκ’–Ϊ","39.632308","141.948794","0","3"
"03","βθ§","03202","‹{Γs","032020032002","¬R“c“ρ’–Ϊ","39.633449","141.941493","0","3"
"03","βθ§","03202","‹{Γs","032020032003","¬R“cO’–Ϊ","39.630475","141.939885","0","3"
"03","βθ§","03202","‹{Γs","032020032004","¬R“cl’–Ϊ","39.633781","141.934966","0","3"
"03","βθ§","03202","‹{Γs","032020033000","‰h’¬","39.641343","141.945264","0","1"
"03","βθ§","03202","‹{Γs","032020034000","θLƒ–θ","39.669380","141.958240","0","1"
"03","βθ§","03202","‹{Γs","032020035000","θR","39.690982","141.938980","0","1"
"03","βθ§","03202","‹{Γs","032020036000","ά’¬","39.647551","141.946092","0","1"
"03","βθ§","03202","‹{Γs","032020037001","²΄κ’–Ϊ","39.654407","141.961223","0","3"
"03","βθ§","03202","‹{Γs","032020037002","²΄“ρ’–Ϊ","39.655495","141.957545","0","3"
"03","βθ§","03202","‹{Γs","032020037003","²΄O’–Ϊ","39.656847","141.953176","0","3"
"03","βθ§","03202","‹{Γs","032020037004","²΄l’–Ϊ","39.658046","141.956479","0","3"
"03","βθ§","03202","‹{Γs","032020038000","‘ς“c","39.646306","141.956140","0","1"
"03","βθ§","03202","‹{Γs","032020039000","”’•l","39.608087","141.990300","0","1"
"03","βθ§","03202","‹{Γs","032020040000","Vμ’¬","39.641420","141.956194","0","1"
"03","βθ§","03202","‹{Γs","032020041000","––L’¬","39.641864","141.949055","0","1"
"03","βθ§","03202","‹{Γs","032020042000","—ι‹v–Ό","39.612031","141.590463","0","1"
"03","βθ§","03202","‹{Γs","032020043000","η“Ώ","39.649141","141.881081","0","1"
"03","βθ§","03202","‹{Γs","032020044000","η“Ώ’¬","39.636335","141.922952","0","1"
"03","βθ§","03202","‹{Γs","032020045000","ι{","39.629110","141.952304","0","1"
"03","βθ§","03202","‹{Γs","032020046001","ι{κ’–Ϊ","39.626673","141.962079","0","3"
"03","βθ§","03202","‹{Γs","032020046002","ι{“ρ’–Ϊ","39.623312","141.958592","0","3"
"03","βθ§","03202","‹{Γs","032020046003","ι{O’–Ϊ","39.619439","141.958600","0","3"
"03","βθ§","03202","‹{Γs","032020047000","ι{Ξθ","39.631553","141.962512","0","1"
"03","βθ§","03202","‹{Γs","032020048000","ι{‰«","39.628521","141.962583","0","1"
"03","βθ§","03202","‹{Γs","032020049000","ι{Ό","39.630799","141.959720","0","1"
"03","βθ§","03202","‹{Γs","032020050000","‚•l","39.607428","141.946090","0","1"
"03","βθ§","03202","‹{Γs","032020051001","‚•lκ’–Ϊ","39.609414","141.956657","0","3"
"03","βθ§","03202","‹{Γs","032020051002","‚•l“ρ’–Ϊ","39.605255","141.954529","0","3"
"03","βθ§","03202","‹{Γs","032020051003","‚•lO’–Ϊ","39.606662","141.953051","0","3"
"03","βθ§","03202","‹{Γs","032020051004","‚•ll’–Ϊ","39.601958","141.947627","0","3"
"03","βθ§","03202","‹{Γs","032020052000","“c½","39.623640","141.897746","0","1"
"03","βθ§","03202","‹{Γs","032020053000","“c‘γ","39.706493","141.851492","0","1"
"03","βθ§","03202","‹{Γs","032020054000","Ϊ‡’¬","39.641612","141.940039","0","1"
"03","βθ§","03202","‹{Γs","032020055001","“c‚Μ_κ’–Ϊ","39.646970","141.939533","0","3"
"03","βθ§","03202","‹{Γs","032020055002","“c‚Μ_“ρ’–Ϊ","39.647283","141.937734","0","3"
"03","βθ§","03202","‹{Γs","032020056000","’ΓyΞ","39.567345","141.931498","0","1"
"03","βθ§","03202","‹{Γs","032020057001","’z’nκ’–Ϊ","39.643295","141.958122","0","3"
"03","βθ§","03202","‹{Γs","032020057002","’z’n“ρ’–Ϊ","39.641033","141.960613","0","3"
"03","βθ§","03202","‹{Γs","032020058000","’†—Ά’c’n","39.647312","141.960575","0","1"
"03","βθ§","03202","‹{Γs","032020059000","’·‘ς","39.575910","141.840948","0","1"
"03","βθ§","03202","‹{Γs","032020060001","’·ªκ’–Ϊ","39.642429","141.934081","0","3"
"03","βθ§","03202","‹{Γs","032020060002","’·ª“ρ’–Ϊ","39.642623","141.930839","0","3"
"03","βθ§","03202","‹{Γs","032020060003","’·ªO’–Ϊ","39.640786","141.927882","0","3"
"03","βθ§","03202","‹{Γs","032020060004","’·ªl’–Ϊ","39.643757","141.927609","0","3"
"03","βθ§","03202","‹{Γs","032020061001","’·’¬κ’–Ϊ","39.636825","141.928491","0","3"
"03","βθ§","03202","‹{Γs","032020061002","’·’¬“ρ’–Ϊ","39.633293","141.921790","0","3"
"03","βθ§","03202","‹{Γs","032020062000","‰Δ‰®","39.669504","141.613143","0","1"
"03","βθ§","03202","‹{Γs","032020063001","Όƒ–‹uκ’–Ϊ","39.640677","141.916215","0","3"
"03","βθ§","03202","‹{Γs","032020063002","Όƒ–‹u“ρ’–Ϊ","39.640875","141.912115","0","3"
"03","βθ§","03202","‹{Γs","032020063003","Όƒ–‹uO’–Ϊ","39.643980","141.910628","0","3"
"03","βθ§","03202","‹{Γs","032020063004","Όƒ–‹ul’–Ϊ","39.643987","141.915941","0","3"
"03","βθ§","03202","‹{Γs","032020064001","Ό’¬κ’–Ϊ","39.645713","141.944165","0","3"
"03","βθ§","03202","‹{Γs","032020064002","Ό’¬“ρ’–Ϊ","39.647716","141.944086","0","3"
"03","βθ§","03202","‹{Γs","032020064003","Ό’¬O’–Ϊ","39.646874","141.941463","0","3"
"03","βθ§","03202","‹{Γs","032020064004","Ό’¬l’–Ϊ","39.649528","141.942441","0","3"
"03","βθ§","03202","‹{Γs","032020065000","ªs","39.637830","141.883282","0","1"
"03","βθ§","03202","‹{Γs","032020066000","” Ξ","39.611142","141.642496","0","1"
"03","βθ§","03202","‹{Γs","032020067000","‰Τ—Φ","39.601158","141.909063","0","1"
"03","βθ§","03202","‹{Γs","032020068000","• ‘Ρ","39.580086","141.768899","0","1"
"03","βθ§","03202","‹{Γs","032020069000","“ϊ‰e’¬","39.649730","141.960720","0","1"
"03","βθ§","03202","‹{Γs","032020070000","ε―–Ϊ","39.649308","141.822259","0","1"
"03","βθ§","03202","‹{Γs","032020071000","“ϊ‚Μo’¬","39.651373","141.953929","0","1"
"03","βθ§","03202","‹{Γs","032020072000","•½’ΓΛ","39.627785","141.515352","0","1"
"03","βθ§","03202","‹{Γs","032020073000","“΅‚Μμ","39.614095","141.958981","0","1"
"03","βθ§","03202","‹{Γs","032020074001","“΅΄κ’–Ϊ","39.638578","141.958623","0","3"
"03","βθ§","03202","‹{Γs","032020074002","“΅΄“ρ’–Ϊ","39.638069","141.961918","0","3"
"03","βθ§","03202","‹{Γs","032020074003","“΅΄O’–Ϊ","39.635487","141.963426","0","3"
"03","βθ§","03202","‹{Γs","032020075000","“΅΄γ’¬","39.634732","141.956817","0","1"
"03","βθ§","03202","‹{Γs","032020076000","Γ“c","39.588482","141.728669","0","1"
"03","βθ§","03202","‹{Γs","032020077000","•Ϋ‹v“c","39.643675","141.947914","0","1"
"03","βθ§","03202","‹{Γs","032020078000","ΌR","39.619592","141.914840","0","1"
"03","βθ§","03202","‹{Γs","032020079001","ΐ“cκ’–Ϊ","39.625574","141.958106","0","3"
"03","βθ§","03202","‹{Γs","032020079002","ΐ“c“ρ’–Ϊ","39.623268","141.952806","0","3"
"03","βθ§","03202","‹{Γs","032020080000","—Ξƒ–‹u","39.646010","141.947508","0","1"
"03","βθ§","03202","‹{Γs","032020081000","“μ’¬","39.637877","141.950647","0","1"
"03","βθ§","03202","‹{Γs","032020082000","‹{Γ","39.635826","141.950128","0","1"
"03","βθ§","03202","‹{Γs","032020083000","‹{‰€","39.664971","141.933623","0","1"
"03","βθ§","03202","‹{Γs","032020084001","‹{’¬κ’–Ϊ","39.639412","141.946607","0","3"
"03","βθ§","03202","‹{Γs","032020084002","‹{’¬“ρ’–Ϊ","39.637359","141.946201","0","3"
"03","βθ§","03202","‹{Γs","032020084003","‹{’¬O’–Ϊ","39.639433","141.940710","0","3"
"03","βθ§","03202","‹{Γs","032020084004","‹{’¬l’–Ϊ","39.639566","141.934897","0","3"
"03","βθ§","03202","‹{Γs","032020085000","ό’¬","39.640485","141.954042","0","1"
"03","βθ§","03202","‹{Γs","032020086000","–Ξs","39.624010","141.791470","0","1"
"03","βθ§","03202","‹{Γs","032020087000","–{’¬","39.643284","141.956116","0","1"
"03","βθ§","03202","‹{Γs","032020088000","”ª–Ψ‘ς","39.606672","141.929301","0","1"
"03","βθ§","03202","‹{Γs","032020089001","”ª–Ψ‘ςκ’–Ϊ","39.620943","141.947784","0","3"
"03","βθ§","03202","‹{Γs","032020089002","”ª–Ψ‘ς“ρ’–Ϊ","39.621477","141.946887","0","3"
"03","βθ§","03202","‹{Γs","032020089003","”ª–Ψ‘ςO’–Ϊ","39.622338","141.943978","0","3"
"03","βθ§","03202","‹{Γs","032020089004","”ª–Ψ‘ςl’–Ϊ","39.618044","141.943209","0","3"
"03","βθ§","03202","‹{Γs","032020090000","Rϋ","39.661837","141.939912","0","1"
"03","βθ§","03202","‹{Γs","032020091001","Rϋκ’–Ϊ","39.653000","141.937585","0","3"
"03","βθ§","03202","‹{Γs","032020091002","Rϋ“ρ’–Ϊ","39.651099","141.931270","0","3"
"03","βθ§","03202","‹{Γs","032020091003","RϋO’–Ϊ","39.646817","141.934646","0","3"
"03","βθ§","03202","‹{Γs","032020091004","Rϋl’–Ϊ","39.646879","141.931384","0","3"
"03","βθ§","03202","‹{Γs","032020091005","Rϋά’–Ϊ","39.657633","141.932810","0","3"
"03","βθ§","03202","‹{Γs","032020092000","‰΅’¬","39.646142","141.952728","0","1"
"03","βθ§","03202","‹{Γs","032020093000","V–Ψ","39.615018","141.856830","0","1"
"03","βθ§","03202","‹{Γs","032020094000","aδ“ΰ","39.714931","141.686769","0","1"
"03","βθ§","03202","‹{Γs","032020095000","a©’¬","39.643586","141.945254","0","1"
"03","βθ§","03202","‹{Γs","032020096001","γ‘Ίκ’–Ϊ","39.627907","141.958597","0","3"
"03","βθ§","03202","‹{Γs","032020096002","γ‘Ί“ρ’–Ϊ","39.626487","141.956144","0","3"
"03","βθ§","03202","‹{Γs","032020097001","“cVO‰¤κ’–Ϊ","39.740310","141.975998","0","3"
"03","βθ§","03202","‹{Γs","032020097002","“cVO‰¤“ρ’–Ϊ","39.740509","141.979005","0","3"
"03","βθ§","03202","‹{Γs","032020097003","“cVO‰¤O’–Ϊ","39.741738","141.980787","0","3"
"03","βθ§","03202","‹{Γs","032020098001","“cVκ’–Ϊ","39.735699","141.968583","0","3"
"03","βθ§","03202","‹{Γs","032020098002","“cV“ρ’–Ϊ","39.735824","141.971373","0","3"
"03","βθ§","03202","‹{Γs","032020098003","“cVO’–Ϊ","39.739238","141.972475","0","3"
"03","βθ§","03202","‹{Γs","032020098004","“cVl’–Ϊ","39.740583","141.971658","0","3"
"03","βθ§","03202","‹{Γs","032020099001","‹ί“ΰκ’–Ϊ","39.642189","141.925360","0","3"
"03","βθ§","03202","‹{Γs","032020099002","‹ί“ΰ“ρ’–Ϊ","39.642769","141.920885","0","3"
"03","βθ§","03202","‹{Γs","032020099003","‹ί“ΰO’–Ϊ","39.647456","141.916603","0","3"
"03","βθ§","03202","‹{Γs","032020099004","‹ί“ΰl’–Ϊ","39.648748","141.916150","0","3"
"03","βθ§","03202","‹{Γs","032020099005","‹ί“ΰά’–Ϊ","39.649249","141.911836","0","3"
"03","βθ§","03202","‹{Γs","032020099006","‹ί“ΰZ’–Ϊ","39.650021","141.912869","0","3"
"03","βθ§","03202","‹{Γs","032020100000","‹ί“ΰ","39.659565","141.906821","0","1"
"03","βθ§","03202","‹{Γs","032020101001","‘Ύ“cκ’–Ϊ","39.638884","141.928496","0","3"
"03","βθ§","03202","‹{Γs","032020101002","‘Ύ“c“ρ’–Ϊ","39.640102","141.925084","0","3"
"03","βθ§","03202","‹{Γs","032020102000","υέ’n","39.641163","141.964671","0","1"
"03","βθ§","03202","‹{Γs","032020103000","—Υ`’Κ","39.640590","141.968241","0","1"
"03","βθ§","03202","‹{Γs","032020104000","Lƒ–θγ’¬","39.643307","141.966096","0","1"
"03","βθ§","03202","‹{Γs","032020105000","Lƒ–θ’‡’¬","39.645536","141.965925","0","1"
"03","βθ§","03202","‹{Γs","032020106000","“ϊ—§•l’¬","39.647758","141.976106","0","1"
"03","βθ§","03202","‹{Γs","032020107000","`’¬","39.646899","141.969267","0","1"
"03","βθ§","03202","‹{Γs","032020108000","Rª’¬","39.648523","141.970136","0","1"
"03","βθ§","03202","‹{Γs","032020109000","Lƒ–θ‰Ί’¬","39.647629","141.966742","0","1"
"03","βθ§","03202","‹{Γs","032020110000","‘ϋ‚Μ•l’¬","39.649622","141.968689","0","1"
"03","βθ§","03202","‹{Γs","032020111000","F–μ’¬","39.651770","141.964338","0","1"
"03","βθ§","03203","‘ε‘D“ns","032030001000","Τθ’¬","39.057747","141.752580","0","1"
"03","βθ§","03203","‘ε‘D“ns","032030002000","’–μ’¬","39.083792","141.657303","0","1"
"03","βθ§","03203","‘ε‘D“ns","032030003000","·’¬","39.078426","141.702141","0","1"
"03","βθ§","03203","‘ε‘D“ns","032030004000","O—¤’¬‰zμ—","39.116479","141.796373","0","1"
"03","βθ§","03203","‘ε‘D“ns","032030005000","O—¤’¬»—Ά","39.054973","141.791506","0","1"
"03","βθ§","03203","‘ε‘D“ns","032030006000","—§ª’¬","39.126737","141.743074","0","1"
"03","βθ§","03203","‘ε‘D“ns","032030007000","“ϊ s’¬","39.149100","141.682414","0","1"
"03","βθ§","03203","‘ε‘D“ns","032030008000","‘ε‘D“n’¬","39.053227","141.701335","0","1"
"03","βθ§","03203","‘ε‘D“ns","032030009000","O—¤’¬‹g•l","39.152834","141.805733","0","1"
"03","βθ§","03203","‘ε‘D“ns","032030010000","––θ’¬","39.014566","141.707681","0","1"
"03","βθ§","03203","‘ε‘D“ns","032030020000","Τθ’¬‘ϋƒm‰Y","39.036435","141.737664","1","1"
"03","βθ§","03205","‰Τªs","032050001000","σ‘ς","39.405529","141.114177","0","1"
"03","βθ§","03205","‰Τªs","032050002000","“’¬","39.384386","141.121362","0","1"
"03","βθ§","03205","‰Τªs","032050003000","¤“†‘ς","39.396994","141.109620","0","1"
"03","βθ§","03205","‰Τªs","032050004000","¤“†’¬","39.395458","141.112507","0","1"
"03","βθ§","03205","‰Τªs","032050005000","Ξ_’¬","39.381270","141.103056","0","1"
"03","βθ§","03205","‰Τªs","032050006000","Ξ’Ή’J’¬’–•@","39.446382","141.185670","0","1"
"03","βθ§","03205","‰Τªs","032050007000","Ξ’Ή’J’¬]‘]","39.447183","141.141697","0","1"
"03","βθ§","03205","‰Τªs","032050008000","Ξ’Ή’J’¬‘ε£μ","39.511373","141.065814","0","1"
"03","βθ§","03205","‰Τªs","032050009001","Ξ’Ή’J’¬γϋκ’–Ϊ","39.502123","141.154091","0","3"
"03","βθ§","03205","‰Τªs","032050009002","Ξ’Ή’J’¬γϋ“ρ’–Ϊ","39.500942","141.156017","0","3"
"03","βθ§","03205","‰Τªs","032050009003","Ξ’Ή’J’¬γϋO’–Ϊ","39.500864","141.158422","0","3"
"03","βθ§","03205","‰Τªs","032050010000","Ξ’Ή’J’¬–k›—Ρ","39.489196","141.131308","0","1"
"03","βθ§","03205","‰Τªs","032050011000","Ξ’Ή’J’¬•ΐ","39.453532","141.147185","0","1"
"03","βθ§","03205","‰Τªs","032050012000","Ξ’Ή’J’¬D’n","39.500218","141.149378","0","1"
"03","βθ§","03205","‰Τªs","032050013000","Ξ’Ή’J’¬ά‘ε“°","39.433064","141.194281","0","1"
"03","βθ§","03205","‰Τªs","032050014000","Ξ’Ή’J’¬¬X—Ρ","39.452215","141.134746","0","1"
"03","βθ§","03205","‰Τªs","032050015000","Ξ’Ή’J’¬Ό—Ρ›","39.475656","141.096597","0","1"
"03","βθ§","03205","‰Τªs","032050016000","Ξ’Ή’J’¬Φϋ","39.456539","141.164710","0","1"
"03","βθ§","03205","‰Τªs","032050017000","Ξ’Ή’J’¬‘ε‹»›","39.477536","141.109105","0","1"
"03","βθ§","03205","‰Τªs","032050018000","Ξ’Ή’J’¬‘κ“c","39.449953","141.211957","0","1"
"03","βθ§","03205","‰Τªs","032050019000","Ξ’Ή’J’¬Λ’Λ","39.467249","141.185579","0","1"
"03","βθ§","03205","‰Τªs","032050020000","Ξ’Ή’J’¬•x‘ς","39.490216","141.103134","0","1"
"03","βθ§","03205","‰Τªs","032050021000","Ξ’Ή’J’¬’†›—Ρ","39.473698","141.136878","0","1"
"03","βθ§","03205","‰Τªs","032050022000","Ξ’Ή’J’¬V–x","39.486207","141.177782","0","1"
"03","βθ§","03205","‰Τªs","032050023000","Ξ’Ή’J’¬Ό’†“‡","39.458058","141.147353","0","1"
"03","βθ§","03205","‰Τªs","032050024000","Ξ’Ή’J’¬’·’J“°","39.484658","141.097764","0","1"
"03","βθ§","03205","‰Τªs","032050025000","Ξ’Ή’J’¬”ª”¦","39.472277","141.150543","0","1"
"03","βθ§","03205","‰Τªs","032050026000","Ξ’Ή’J’¬“’†“‡","39.439596","141.176998","0","1"
"03","βθ§","03205","‰Τªs","032050027000","Ξ’Ή’J’¬“μ›—Ρ","39.457981","141.126190","0","1"
"03","βθ§","03205","‰Τªs","032050028000","Ξ’Ή’J’¬”ªd”¨","39.440499","141.160712","0","1"
"03","βθ§","03205","‰Τªs","032050029000","κ–{™","39.405067","141.084474","0","1"
"03","βθ§","03205","‰Τªs","032050030000","‰~–›","39.393661","141.054953","0","1"
"03","βθ§","03205","‰Τªs","032050031000","T‘ς","39.430281","141.098307","0","1"
"03","βθ§","03205","‰Τªs","032050032000","‘Ύ“c","39.374870","141.043181","0","1"
"03","βθ§","03205","‰Τªs","032050033001","‘ε’Κ‚θκ’–Ϊ","39.391508","141.112487","0","3"
"03","βθ§","03205","‰Τªs","032050033002","‘ε’Κ‚θ“ρ’–Ϊ","39.388708","141.112943","0","3"
"03","βθ§","03205","‰Τªs","032050034000","‘ε”—’¬“ΰμ–Ϊ","39.519105","141.347672","0","1"
"03","βθ§","03205","‰Τªs","032050035000","‘ε”—’¬‘ε”—","39.472184","141.285969","0","1"
"03","βθ§","03205","‰Τªs","032050036000","‘ε”—’¬‹TƒPX","39.474514","141.244630","0","1"
"03","βθ§","03205","‰Τªs","032050037000","‘ε”—’¬Oμ–Ϊ","39.448303","141.333911","0","1"
"03","βθ§","03205","‰Τªs","032050038000","‘ε”¨","39.449517","141.092399","0","1"
"03","βθ§","03205","‰Τªs","032050039000","‘ε’J’n","39.366430","141.098138","0","1"
"03","βθ§","03205","‰Τªs","032050040000","δ“c‰®’¬","39.386447","141.123523","0","1"
"03","βθ§","03205","‰Τªs","032050041000","‰µ’¬","39.445431","141.111610","0","1"
"03","βθ§","03205","‰Τªs","032050042000","’b΅’¬","39.384741","141.112993","0","1"
"03","βθ§","03205","‰Τªs","032050043000","‰Τι’¬","39.389223","141.117314","0","1"
"03","βθ§","03205","‰Τªs","032050044000","‹ΰ–ξ","39.433002","141.064660","0","1"
"03","βθ§","03205","‰Τªs","032050045000","γ–k–’–Ϊ","39.396965","141.077949","0","1"
"03","βθ§","03205","‰Τªs","032050046000","γ¬M“n","39.396032","141.123965","0","1"
"03","βθ§","03205","‰Τªs","032050047000","γz–K","39.373671","141.109222","0","1"
"03","βθ§","03205","‰Τªs","032050048000","γ’¬","39.386128","141.118681","0","1"
"03","βθ§","03205","‰Τªs","032050049000","γ—“ΰ","39.409094","141.147359","0","1"
"03","βθ§","03205","‰Τªs","032050050000","γªq","39.383733","141.067751","0","1"
"03","βθ§","03205","‰Τªs","032050051000","–kωΤ","39.352418","141.057410","0","1"
"03","βθ§","03205","‰Τªs","032050052000","–k“’ϋ","39.461377","141.094873","0","1"
"03","βθ§","03205","‰Τªs","032050053001","‹σ`“μκ’–Ϊ","39.415935","141.137457","0","3"
"03","βθ§","03205","‰Τªs","032050053002","‹σ`“μ“ρ’–Ϊ","39.410749","141.137912","0","3"
"03","βθ§","03205","‰Τªs","032050054000","‹","39.430032","141.146882","0","1"
"03","βθ§","03205","‰Τªs","032050055000","‰ΊƒV‘ς","39.446407","141.000676","0","1"
"03","βθ§","03205","‰Τªs","032050056000","­ƒm–Ϊ","39.424075","141.090800","0","1"
"03","βθ§","03205","‰Τªs","032050057000","K“c","39.401340","141.202618","0","1"
"03","βθ§","03205","‰Τªs","032050058001","Σl‰¤κ’–Ϊ","39.408136","141.171088","0","3"
"03","βθ§","03205","‰Τªs","032050058002","Σl‰¤“ρ’–Ϊ","39.408150","141.177023","0","3"
"03","βθ§","03205","‰Τªs","032050059000","¬£μ","39.445512","141.035053","0","1"
"03","βθ§","03205","‰Τªs","032050060000","ή–Ψ’¬","39.387796","141.109550","0","1"
"03","βθ§","03205","‰Τªs","032050061000","β–{’¬","39.392461","141.115906","0","1"
"03","βθ§","03205","‰Τªs","032050062001","χ–Ψ’¬κ’–Ϊ","39.383437","141.111569","0","3"
"03","βθ§","03205","‰Τªs","032050062002","χ–Ψ’¬“ρ’–Ϊ","39.381009","141.110102","0","3"
"03","βθ§","03205","‰Τªs","032050062003","χ–Ψ’¬O’–Ϊ","39.379911","141.105477","0","3"
"03","βθ§","03205","‰Τªs","032050063001","χ‘δκ’–Ϊ","39.397774","141.107914","0","3"
"03","βθ§","03205","‰Τªs","032050063002","χ‘δ“ρ’–Ϊ","39.397865","141.104237","0","3"
"03","βθ§","03205","‰Τªs","032050064001","χ’¬κ’–Ϊ","39.376689","141.117077","0","3"
"03","βθ§","03205","‰Τªs","032050064002","χ’¬“ρ’–Ϊ","39.378723","141.121686","0","3"
"03","βθ§","03205","‰Τªs","032050064003","χ’¬O’–Ϊ","39.376835","141.127791","0","3"
"03","βθ§","03205","‰Τªs","032050064004","χ’¬l’–Ϊ","39.375112","141.122947","0","3"
"03","βθ§","03205","‰Τªs","032050065000","—Άμϋ’¬","39.388044","141.126838","0","1"
"03","βθ§","03205","‰Τªs","032050066000","‰Ί•","39.400172","141.112885","0","1"
"03","βθ§","03205","‰Τªs","032050067000","ΐ‘›","39.368537","141.112552","0","1"
"03","βθ§","03205","‰Τªs","032050068000","‰Ί–k–’–Ϊ","39.394178","141.099889","0","1"
"03","βθ§","03205","‰Τªs","032050069000","‰Ί¬M“n","39.392871","141.123253","0","1"
"03","βθ§","03205","‰Τªs","032050070000","‰Ί—“ΰ","39.404879","141.131806","0","1"
"03","βθ§","03205","‰Τªs","032050071000","‰Ίªq","39.361900","141.098688","0","1"
"03","βθ§","03205","‰Τªs","032050072012","\“ρ’–Ϊ","39.358268","141.122331","0","3"
"03","βθ§","03205","‰Τªs","032050073000","ι“ΰ","39.390048","141.121765","0","1"
"03","βθ§","03205","‰Τªs","032050074000","K•½μ","39.362213","140.970105","0","1"
"03","βθ§","03205","‰Τªs","032050075000","V“c","39.400657","141.080669","0","1"
"03","βθ§","03205","‰Τªs","032050076000","––L’¬","39.386634","141.112875","0","1"
"03","βθ§","03205","‰Τªs","032050077000","z–K","39.370157","141.107181","0","1"
"03","βθ§","03205","‰Τªs","032050078001","z–K’¬κ’–Ϊ","39.375611","141.113200","0","3"
"03","βθ§","03205","‰Τªs","032050078002","z–K’¬“ρ’–Ϊ","39.375638","141.109941","0","3"
"03","βθ§","03205","‰Τªs","032050079000","‘δ","39.448854","141.065378","0","1"
"03","βθ§","03205","‰Τªs","032050080000","‚–Ψ","39.385807","141.141662","0","1"
"03","βθ§","03205","‰Τªs","032050081000","‚“c","39.382372","141.125745","0","1"
"03","βθ§","03205","‰Τªs","032050082000","‚Ό","39.380773","141.181148","0","1"
"03","βθ§","03205","‰Τªs","032050083000","“c—Ν","39.417698","141.152770","0","1"
"03","βθ§","03205","‰Τªs","032050084000","“V‰Ί“c","39.413036","141.103768","0","1"
"03","βθ§","03205","‰Τªs","032050085000","“a’¬ΐ•U","39.377018","141.215544","0","1"
"03","βθ§","03205","‰Τªs","032050086000","“a’¬»q","39.332279","141.269613","0","1"
"03","βθ§","03205","‰Τªs","032050087000","“a’¬Ξ”µ‰ª","39.419517","141.275964","0","1"
"03","βθ§","03205","‰Τªs","032050088000","“a’¬Ξ","39.331778","141.194239","0","1"
"03","βθ§","03205","‰Τªs","032050089000","“a’¬—‡","39.365137","141.229338","0","1"
"03","βθ§","03205","‰Τªs","032050090000","“a’¬¬—F","39.359461","141.267533","0","1"
"03","βθ§","03205","‰Τªs","032050091000","“a’¬¬΄","39.335556","141.243483","0","1"
"03","βθ§","03205","‰Τªs","032050092000","“a’¬γ•‚“c","39.320519","141.211308","0","1"
"03","βθ§","03205","‰Τªs","032050093000","“a’¬–k¬R“c","39.429360","141.208683","0","1"
"03","βθ§","03205","‰Τªs","032050094000","“a’¬–kμ–Ϊ","39.419032","141.246324","0","1"
"03","βθ§","03205","‰Τªs","032050095000","“a’¬–k¬“‡","39.365305","141.196560","0","1"
"03","βθ§","03205","‰Τªs","032050096000","“a’¬–k‘O“c","39.442996","141.251742","0","1"
"03","βθ§","03205","‰Τªs","032050097000","“a’¬‘q‘ς","39.322319","141.254822","0","1"
"03","βθ§","03205","‰Τªs","032050098000","“a’¬¬’Κ","39.359753","141.224140","0","1"
"03","βθ§","03205","‰Τªs","032050099000","“a’¬‹ξβΔ","39.320181","141.226178","0","1"
"03","βθ§","03205","‰Τªs","032050100000","“a’¬‰Ί•‚“c","39.325624","141.233887","0","1"
"03","βθ§","03205","‰Τªs","032050101000","“a’¬V’n","39.395085","141.255603","0","1"
"03","βθ§","03205","‰Τªs","032050102000","“a’¬O’J’n","39.419597","141.201951","0","1"
"03","βθ§","03205","‰Τªs","032050103000","“a’¬‘ι‘ƒ“°","39.351814","141.259993","0","1"
"03","βθ§","03205","‰Τªs","032050104000","“a’¬“c£","39.294719","141.314451","0","1"
"03","βθ§","03205","‰Τªs","032050105000","“a’¬Ϊ”—","39.362722","141.248087","0","1"
"03","βθ§","03205","‰Τªs","032050106000","“a’¬’J“ΰ","39.345325","141.278983","0","1"
"03","βθ§","03205","‰Τªs","032050107000","“a’¬“y‘ς","39.384291","141.239502","0","1"
"03","βθ§","03205","‰Τªs","032050108000","“a’¬“Ε‘ς","39.348864","141.241049","0","1"
"03","βθ§","03205","‰Τªs","032050109000","“a’¬’†“ΰ","39.340228","141.208325","0","1"
"03","βθ§","03205","‰Τªs","032050110000","“a’¬“°R","39.377732","141.260774","0","1"
"03","βθ§","03205","‰Τªs","032050111000","“a’¬‘O“c","39.418492","141.221491","0","1"
"03","βθ§","03205","‰Τªs","032050112000","“a’¬’¬δ","39.370678","141.241379","0","1"
"03","βθ§","03205","‰Τªs","032050113000","“a’¬“μμ–Ϊ","39.405237","141.250591","0","1"
"03","βθ§","03205","‰Τªs","032050114000","“a’¬“μ¬“‡","39.355002","141.201004","0","1"
"03","βθ§","03205","‰Τªs","032050115000","“a’¬‹{“c","39.322345","141.190417","0","1"
"03","βθ§","03205","‰Τªs","032050116000","“a’¬•Sƒm‘ς","39.400673","141.228187","0","1"
"03","βθ§","03205","‰Τªs","032050117000","O‘δ","39.371169","141.126051","0","1"
"03","βθ§","03205","‰Τªs","032050118000","O‘δμ΄","39.368989","141.128405","0","1"
"03","βθ§","03205","‰Τªs","032050119000","“Θ“ΰ","39.351582","141.023330","0","1"
"03","βθ§","03205","‰Τªs","032050120000","–Ψ","39.360507","141.038825","0","1"
"03","βθ§","03205","‰Τªs","032050121000","–L‘ς","39.492120","140.959649","0","1"
"03","βθ§","03205","‰Τªs","032050122000","–L‘ς’¬","39.383092","141.119190","0","1"
"03","βθ§","03205","‰Τªs","032050123000","’†–k–’–Ϊ","39.394163","141.090569","0","1"
"03","βθ§","03205","‰Τªs","032050124000","’†ωΤ","39.346660","141.048642","0","1"
"03","βθ§","03205","‰Τªs","032050125000","’†ªq","39.375700","141.093064","0","1"
"03","βθ§","03205","‰Τªs","032050126000","’‡’¬","39.387706","141.119842","0","1"
"03","βθ§","03205","‰Τªs","032050127000","“η‘q","39.412972","141.065705","0","1"
"03","βθ§","03205","‰Τªs","032050128000","‰”","39.468505","140.992819","0","1"
"03","βθ§","03205","‰Τªs","032050129000","¬“c","39.354776","141.132381","0","1"
"03","βθ§","03205","‰Τªs","032050130000","“μι","39.368483","141.119392","0","1"
"03","βθ§","03205","‰Τªs","032050131001","Ό‘ε’Κ‚θκ’–Ϊ","39.393227","141.107955","0","3"
"03","βθ§","03205","‰Τªs","032050131002","Ό‘ε’Κ‚θ“ρ’–Ϊ","39.393609","141.103895","0","3"
"03","βθ§","03205","‰Τªs","032050132000","Ό°R","39.388881","141.044919","0","1"
"03","βθ§","03205","‰Τªs","032050133000","Ό‹{–μ–Ϊ","39.423513","141.116439","0","1"
"03","βθ§","03205","‰Τªs","032050134000","“ρ–‡‹΄","39.441036","141.115300","0","1"
"03","βθ§","03205","‰Τªs","032050135001","“ρ–‡‹΄’¬‘ε’Κ‚θκ’–Ϊ","39.442416","141.129798","0","3"
"03","βθ§","03205","‰Τªs","032050135002","“ρ–‡‹΄’¬‘ε’Κ‚θ“ρ’–Ϊ","39.441595","141.133285","0","3"
"03","βθ§","03205","‰Τªs","032050136001","“ρ–‡‹΄’¬–kκ’–Ϊ","39.444139","141.129561","0","3"
"03","βθ§","03205","‰Τªs","032050137001","“ρ–‡‹΄’¬“μκ’–Ϊ","39.439840","141.130527","0","3"
"03","βθ§","03205","‰Τªs","032050138000","f’Λ","39.464377","141.112875","0","1"
"03","βθ§","03205","‰Τªs","032050139000","–μ“c","39.399340","141.094903","0","1"
"03","βθ§","03205","‰Τªs","032050140012","“\“ρ’–Ϊ","39.366415","141.147747","0","3"
"03","βθ§","03205","‰Τªs","032050141000","“‹{–μ–Ϊ","39.413666","141.129417","0","1"
"03","βθ§","03205","‰Τªs","032050142000","•G—§","39.402557","141.060382","0","1"
"03","βθ§","03205","‰Τªs","032050143000","κ“ϊs","39.394309","141.115447","0","1"
"03","βθ§","03205","‰Τªs","032050144000","“΅‘ς’¬","39.383610","141.106971","0","1"
"03","βθ§","03205","‰Τªs","032050145000","‘o—t’¬","39.384782","141.117151","0","1"
"03","βθ§","03205","‰Τªs","032050146000","’£’¬","39.387540","141.114956","0","1"
"03","βθ§","03205","‰Τªs","032050147000","•s“®","39.377785","141.108908","0","1"
"03","βθ§","03205","‰Τªs","032050148001","•s“®’¬κ’–Ϊ","39.378526","141.112275","0","3"
"03","βθ§","03205","‰Τªs","032050148002","•s“®’¬“ρ’–Ϊ","39.377084","141.110143","0","3"
"03","βθ§","03205","‰Τªs","032050149001","―‚ª‹uκ’–Ϊ","39.402819","141.105730","0","3"
"03","βθ§","03205","‰Τªs","032050149002","―‚ª‹u“ρ’–Ϊ","39.405042","141.106881","0","3"
"03","βθ§","03205","‰Τªs","032050150000","Ό‰€’¬","39.409665","141.098434","0","1"
"03","βθ§","03205","‰Τªs","032050151001","Ό‰€’¬κ’–Ϊ","39.407121","141.106367","0","3"
"03","βθ§","03205","‰Τªs","032050152000","“μμ΄’¬","39.383077","141.114494","0","1"
"03","βθ§","03205","‰Τªs","032050153000","“μωΤ","39.333682","141.053674","0","1"
"03","βθ§","03205","‰Τªs","032050154000","“μV“c","39.403348","141.095570","0","1"
"03","βθ§","03205","‰Τªs","032050155000","“μz–K’¬","39.368388","141.102569","0","1"
"03","βθ§","03205","‰Τªs","032050156000","“μ–’–Ϊ","39.387522","141.088029","0","1"
"03","βθ§","03205","‰Τªs","032050157000","–{Ω","39.411094","141.116253","0","1"
"03","βθ§","03205","‰Τªs","032050158001","–{Ωκ’–Ϊ","39.406155","141.121759","0","3"
"03","βθ§","03205","‰Τªs","032050158002","–{Ω“ρ’–Ϊ","39.407361","141.119073","0","3"
"03","βθ§","03205","‰Τªs","032050158003","–{ΩO’–Ϊ","39.407764","141.115598","0","3"
"03","βθ§","03205","‰Τªs","032050159000","–ξ‘ς","39.409222","141.185245","0","1"
"03","βθ§","03205","‰Τªs","032050160000","R‚Μ_","39.361203","141.112151","0","1"
"03","βθ§","03205","‰Τªs","032050161000","“’ϋ","39.413521","141.022193","0","1"
"03","βθ§","03205","‰Τªs","032050162000","“’–{","39.442898","141.083865","0","1"
"03","βθ§","03205","‰Τªs","032050163000","‰΅u“c","39.364052","141.002253","0","1"
"03","βθ§","03205","‰Τªs","032050164001","l“ϊ’¬κ’–Ϊ","39.397011","141.115330","0","3"
"03","βθ§","03205","‰Τªs","032050164002","l“ϊ’¬“ρ’–Ϊ","39.398284","141.117567","0","3"
"03","βθ§","03205","‰Τªs","032050164003","l“ϊ’¬O’–Ϊ","39.400567","141.119479","0","3"
"03","βθ§","03205","‰Τªs","032050165001","α—t’¬κ’–Ϊ","39.390828","141.103244","0","3"
"03","βθ§","03205","‰Τªs","032050165002","α—t’¬“ρ’–Ϊ","39.388197","141.104075","0","3"
"03","βθ§","03205","‰Τªs","032050165003","α—t’¬O’–Ϊ","39.385966","141.104051","0","3"
"03","βθ§","03206","–kγs","032060001000","‘‹’¬","39.249061","141.091612","0","1"
"03","βθ§","03206","–kγs","032060002001","Β–φ’¬κ’–Ϊ","39.284155","141.120827","0","3"
"03","βθ§","03206","–kγs","032060002002","Β–φ’¬“ρ’–Ϊ","39.284916","141.117315","0","3"
"03","βθ§","03206","–kγs","032060003000","—L“c’¬","39.293604","141.105415","0","1"
"03","βθ§","03206","–kγs","032060004000","”Ρ–L","39.352831","141.090196","0","1"
"03","βθ§","03206","–kγs","032060005000","ξ£’¬","39.255782","141.142235","0","1"
"03","βθ§","03206","–kγs","032060006001","γ–μ’¬κ’–Ϊ","39.297830","141.125780","0","3"
"03","βθ§","03206","–kγs","032060006002","γ–μ’¬“ρ’–Ϊ","39.300507","141.123775","0","3"
"03","βθ§","03206","–kγs","032060006003","γ–μ’¬O’–Ϊ","39.305894","141.123611","0","3"
"03","βθ§","03206","–kγs","032060006004","γ–μ’¬l’–Ϊ","39.303836","141.126941","0","3"
"03","βθ§","03206","–kγs","032060006005","γ–μ’¬ά’–Ϊ","39.301019","141.130003","0","3"
"03","βθ§","03206","–kγs","032060007001","‘ε’η–kκ’–Ϊ","39.264588","141.101166","0","3"
"03","βθ§","03206","–kγs","032060007002","‘ε’η–k“ρ’–Ϊ","39.264458","141.104812","0","3"
"03","βθ§","03206","–kγs","032060008001","‘ε’ηΌκ’–Ϊ","39.264701","141.097629","0","3"
"03","βθ§","03206","–kγs","032060008002","‘ε’ηΌ“ρ’–Ϊ","39.262805","141.097260","0","3"
"03","βθ§","03206","–kγs","032060009001","‘ε’η“κ’–Ϊ","39.264230","141.108172","0","3"
"03","βθ§","03206","–kγs","032060009002","‘ε’η““ρ’–Ϊ","39.263699","141.110687","0","3"
"03","βθ§","03206","–kγs","032060009003","‘ε’η“O’–Ϊ","39.260653","141.107319","0","3"
"03","βθ§","03206","–kγs","032060010001","‘ε’η“μκ’–Ϊ","39.262294","141.100858","0","3"
"03","βθ§","03206","–kγs","032060010002","‘ε’η“μ“ρ’–Ϊ","39.262248","141.104540","0","3"
"03","βθ§","03206","–kγs","032060010003","‘ε’η“μO’–Ϊ","39.260257","141.104738","0","3"
"03","βθ§","03206","–kγs","032060011001","‘ε’Κ‚θκ’–Ϊ","39.281740","141.120863","0","3"
"03","βθ§","03206","–kγs","032060011002","‘ε’Κ‚θ“ρ’–Ϊ","39.282741","141.116544","0","3"
"03","βθ§","03206","–kγs","032060011003","‘ε’Κ‚θO’–Ϊ","39.284387","141.112403","0","3"
"03","βθ§","03206","–kγs","032060011004","‘ε’Κ‚θl’–Ϊ","39.286766","141.106638","0","3"
"03","βθ§","03206","–kγs","032060012000","‘ε‹Θ’¬","39.286055","141.111621","0","1"
"03","βθ§","03206","–kγs","032060013000","‹S–φ’¬","39.275565","141.090714","0","1"
"03","βθ§","03206","–kγs","032060014001","’b–θ’¬κ’–Ϊ","39.289215","141.107977","0","3"
"03","βθ§","03206","–kγs","032060014002","’b–θ’¬“ρ’–Ϊ","39.289787","141.105623","0","3"
"03","βθ§","03206","–kγs","032060014003","’b–θ’¬O’–Ϊ","39.290662","141.103277","0","3"
"03","βθ§","03206","–kγs","032060015000","γ]’ήq","39.297809","141.076990","0","1"
"03","βθ§","03206","–kγs","032060016000","γ‹S–φ","39.273120","141.071865","0","1"
"03","βθ§","03206","–kγs","032060017001","μέκ’–Ϊ","39.278364","141.123062","0","3"
"03","βθ§","03206","–kγs","032060017002","μέ“ρ’–Ϊ","39.285720","141.124313","0","3"
"03","βθ§","03206","–kγs","032060017003","μέO’–Ϊ","39.283712","141.127475","0","3"
"03","βθ§","03206","–kγs","032060017004","μέl’–Ϊ","39.286845","141.128163","0","3"
"03","βθ§","03206","–kγs","032060018000","–k‹S–φ","39.295352","141.094661","0","1"
"03","βθ§","03206","–kγs","032060019000","–kH‹Ζ’c’n","39.334108","141.126288","0","1"
"03","βθ§","03206","–kγs","032060020000","ϋ“ΰ’¬","39.291350","141.203865","0","1"
"03","βθ§","03206","–kγs","032060021001","‹γ”N‹΄κ’–Ϊ","39.279271","141.114253","0","3"
"03","βθ§","03206","–kγs","032060021002","‹γ”N‹΄“ρ’–Ϊ","39.282857","141.113198","0","3"
"03","βθ§","03206","–kγs","032060021003","‹γ”N‹΄O’–Ϊ","39.282573","141.109651","0","3"
"03","βθ§","03206","–kγs","032060022000","•β","39.306351","141.164658","0","1"
"03","βθ§","03206","–kγs","032060023001","•‘ςKκ’–Ϊ","39.289932","141.130528","0","3"
"03","βθ§","03206","–kγs","032060023002","•‘ςK“ρ’–Ϊ","39.293930","141.130761","0","3"
"03","βθ§","03206","–kγs","032060023003","•‘ςKO’–Ϊ","39.296170","141.131974","0","3"
"03","βθ§","03206","–kγs","032060023004","•‘ςKl’–Ϊ","39.296601","141.136504","0","3"
"03","βθ§","03206","–kγs","032060024000","¬’Ήθ","39.297763","141.142048","0","1"
"03","βθ§","03206","–kγs","032060025000","K’¬","39.286301","141.121785","0","1"
"03","βθ§","03206","–kγs","032060026001","‚³‚­‚η’Κ‚θκ’–Ϊ","39.296258","141.116029","0","3"
"03","βθ§","03206","–kγs","032060026002","‚³‚­‚η’Κ‚θ“ρ’–Ϊ","39.298372","141.109382","0","3"
"03","βθ§","03206","–kγs","032060026003","‚³‚­‚η’Κ‚θO’–Ϊ","39.297275","141.116317","0","3"
"03","βθ§","03206","–kγs","032060026004","‚³‚­‚η’Κ‚θl’–Ϊ","39.299776","141.111921","0","3"
"03","βθ§","03206","–kγs","032060026005","‚³‚­‚η’Κ‚θά’–Ϊ","39.302638","141.109916","0","3"
"03","βθ§","03206","–kγs","032060027000","—Ά•ª","39.290735","141.136483","0","1"
"03","βθ§","03206","–kγs","032060028000","X–Ψ","39.341508","141.155707","0","1"
"03","βθ§","03206","–kγs","032060029000","‰Ί]’ήq","39.293745","141.058002","0","1"
"03","βθ§","03206","–kγs","032060030000","‰Ί‹S–φ","39.275211","141.111405","0","1"
"03","βθ§","03206","–kγs","032060031001","V’’¬κ’–Ϊ","39.289124","141.112788","0","3"
"03","βθ§","03206","–kγs","032060031002","V’’¬“ρ’–Ϊ","39.289984","141.110576","0","3"
"03","βθ§","03206","–kγs","032060032001","z–K’¬κ’–Ϊ","39.286243","141.119410","0","3"
"03","βθ§","03206","–kγs","032060032002","z–K’¬“ρ’–Ϊ","39.286887","141.117457","0","3"
"03","βθ§","03206","–kγs","032060033000","—§‰Τ","39.280629","141.146025","0","1"
"03","βθ§","03206","–kγs","032060034001","’ηƒP‹uκ’–Ϊ","39.308011","141.115813","0","3"
"03","βθ§","03206","–kγs","032060034002","’ηƒP‹u“ρ’–Ϊ","39.312566","141.115587","0","3"
"03","βθ§","03206","–kγs","032060035001","ν”Υ‘δκ’–Ϊ","39.300061","141.119736","0","3"
"03","βθ§","03206","–kγs","032060035002","ν”Υ‘δ“ρ’–Ϊ","39.300385","141.115365","0","3"
"03","βθ§","03206","–kγs","032060035003","ν”Υ‘δO’–Ϊ","39.303645","141.113605","0","3"
"03","βθ§","03206","–kγs","032060035004","ν”Υ‘δl’–Ϊ","39.308555","141.112535","0","3"
"03","βθ§","03206","–kγs","032060036001","’†–μ’¬κ’–Ϊ","39.289499","141.124760","0","3"
"03","βθ§","03206","–kγs","032060036002","’†–μ’¬“ρ’–Ϊ","39.292798","141.124548","0","3"
"03","βθ§","03206","–kγs","032060036003","’†–μ’¬O’–Ϊ","39.295536","141.125808","0","3"
"03","βθ§","03206","–kγs","032060037000","“c","39.313954","141.066916","0","1"
"03","βθ§","03206","–kγs","032060038000","¬“c","39.346666","141.126254","0","1"
"03","βθ§","03206","–kγs","032060039000","V•½","39.323825","141.061317","0","1"
"03","βθ§","03206","–kγs","032060040000","”µ‰ªθ","39.310670","141.085489","0","1"
"03","βθ§","03206","–kγs","032060041001","‰Τ‰€’¬κ’–Ϊ","39.288396","141.121072","0","3"
"03","βθ§","03206","–kγs","032060041002","‰Τ‰€’¬“ρ’–Ϊ","39.289050","141.119089","0","3"
"03","βθ§","03206","–kγs","032060041003","‰Τ‰€’¬O’–Ϊ","39.290390","141.121100","0","3"
"03","βθ§","03206","–kγs","032060042000","•½‘ς","39.323407","141.169696","0","1"
"03","βθ§","03206","–kγs","032060043000","‰η‹","39.353311","141.175943","0","1"
"03","βθ§","03206","–kγs","032060044000","“΅‘ς","39.323472","141.085261","0","1"
"03","βθ§","03206","–kγs","032060045000","“ρq’¬","39.317735","141.139753","0","1"
"03","βθ§","03206","–kγs","032060046001","–{Ξ’¬κ’–Ϊ","39.290441","141.114886","0","3"
"03","βθ§","03206","–kγs","032060046002","–{Ξ’¬“ρ’–Ϊ","39.292403","141.115329","0","3"
"03","βθ§","03206","–kγs","032060047001","–{’Κ‚θκ’–Ϊ","39.286213","141.114715","0","3"
"03","βθ§","03206","–kγs","032060047002","–{’Κ‚θ“ρ’–Ϊ","39.288761","141.116559","0","3"
"03","βθ§","03206","–kγs","032060047003","–{’Κ‚θO’–Ϊ","39.292080","141.119145","0","3"
"03","βθ§","03206","–kγs","032060047004","–{’Κ‚θl’–Ϊ","39.294136","141.120737","0","3"
"03","βθ§","03206","–kγs","032060048000","‘·‰®•~","39.291514","141.127457","0","1"
"03","βθ§","03206","–kγs","032060049000","’¬•ª","39.301720","141.105736","0","1"
"03","βθ§","03206","–kγs","032060050000","‘Ίθ–μ","39.329203","141.102551","0","1"
"03","βθ§","03206","–kγs","032060051001","–φ΄’¬κ’–Ϊ","39.293003","141.111885","0","3"
"03","βθ§","03206","–kγs","032060051002","–φ΄’¬“ρ’–Ϊ","39.293357","141.109199","0","3"
"03","βθ§","03206","–kγs","032060051003","–φ΄’¬O’–Ϊ","39.294915","141.116038","0","3"
"03","βθ§","03206","–kγs","032060051004","–φ΄’¬l’–Ϊ","39.295541","141.112845","0","3"
"03","βθ§","03206","–kγs","032060051005","–φ΄’¬ά’–Ϊ","39.295986","141.108630","0","3"
"03","βθ§","03206","–kγs","032060052000","“’‘ς","39.317702","141.171635","0","1"
"03","βθ§","03206","–kγs","032060053000","–F’¬","39.287508","141.111003","0","1"
"03","βθ§","03206","–kγs","032060054000","—¬’ΚƒZƒ“ƒ^[","39.317062","141.095614","0","1"
"03","βθ§","03206","–kγs","032060055000","a‰κ’¬βθ","39.262950","141.037038","0","1"
"03","βθ§","03206","–kγs","032060056000","a‰κ’¬βθV“c","39.257546","141.005171","0","1"
"03","βθ§","03206","–kγs","032060057000","a‰κ’¬β‘ς","39.299776","140.937111","0","1"
"03","βθ§","03206","–kγs","032060058000","a‰κ’¬γ“΅","39.333517","141.020408","0","1"
"03","βθ§","03206","–kγs","032060059000","a‰κ’¬”‘·","39.273326","140.991219","0","1"
"03","βθ§","03206","–kγs","032060060000","a‰κ’¬εl","39.307632","140.902514","0","1"
"03","βθ§","03206","–kγs","032060061000","a‰κ’¬’Gμ–Ϊ","39.304657","140.997489","0","1"
"03","βθ§","03206","–kγs","032060062000","a‰κ’¬’·ΐ","39.298566","141.021554","0","1"
"03","βθ§","03206","–kγs","032060063000","a‰κ’¬“΅ª","39.314478","141.031423","0","1"
"03","βθ§","03206","–kγs","032060064000","a‰κ’¬Rϋ","39.293623","140.979970","0","1"
"03","βθ§","03206","–kγs","032060065000","a‰κ’¬‰΅μ–Ϊ","39.318130","140.978399","0","1"
"03","βθ§","03206","–kγs","032060066001","α‹{’¬κ’–Ϊ","39.278215","141.118114","0","3"
"03","βθ§","03206","–kγs","032060066002","α‹{’¬“ρ’–Ϊ","39.280902","141.116398","0","3"
"03","βθ§","03206","–kγs","032060067000","‚µ‚η‚δ‚θ","39.289675","141.101010","1","1"
"03","βθ§","03207","‹vs","032070001000","®’¬","40.201584","141.777466","0","1"
"03","βθ§","03207","‹vs","032070002000","r’¬","40.192786","141.757752","0","1"
"03","βθ§","03207","‹vs","032070003001","r’¬κ’–Ϊ","40.192223","141.760338","0","3"
"03","βθ§","03207","‹vs","032070003002","r’¬“ρ’–Ϊ","40.191516","141.760158","0","3"
"03","βθ§","03207","‹vs","032070004000","‰F•”’¬","40.128419","141.778357","0","1"
"03","βθ§","03207","‹vs","032070005000","‰w‘O","40.190264","141.771090","0","1"
"03","βθ§","03207","‹vs","032070006000","}¬‘ς","40.205659","141.706681","0","1"
"03","βθ§","03207","‹vs","032070007000","‘εμ–Ϊ’¬","40.165450","141.686054","0","1"
"03","βθ§","03207","‹vs","032070008000","‘ε‘ς","40.186075","141.745967","0","1"
"03","βθ§","03207","‹vs","032070009000","’·“ΰ’¬","40.172622","141.802689","0","1"
"03","βθ§","03207","‹vs","032070010000","”θ","40.186260","141.766154","0","1"
"03","βθ§","03207","‹vs","032070011001","”θκ’–Ϊ","40.185942","141.767604","0","3"
"03","βθ§","03207","‹vs","032070012000","μθ’¬","40.190869","141.775740","0","1"
"03","βθ§","03207","‹vs","032070013000","μΡ","40.186232","141.754442","0","1"
"03","βθ§","03207","‹vs","032070014000","‹‚ΜX","40.203639","141.773225","0","1"
"03","βθ§","03207","‹vs","032070015000","Ή“Ή","40.202290","141.786724","0","1"
"03","βθ§","03207","‹vs","032070016000","¬‹v’¬","40.146037","141.730938","0","1"
"03","βθ§","03207","‹vs","032070017000","‰h’¬","40.195692","141.757548","0","1"
"03","βθ§","03207","‹vs","032070018000","•l’¬","40.258047","141.774255","0","1"
"03","βθ§","03207","‹vs","032070019000","‘ς—Ά","40.202457","141.730167","0","1"
"03","βθ§","03207","‹vs","032070020001","\”ª“ϊ’¬κ’–Ϊ","40.191876","141.765127","0","3"
"03","βθ§","03207","‹vs","032070020002","\”ª“ϊ’¬“ρ’–Ϊ","40.190731","141.765073","0","3"
"03","βθ§","03207","‹vs","032070021000","V’†‚Μ‹΄","40.194398","141.767235","0","1"
"03","βθ§","03207","‹vs","032070022001","“c‚κ’–Ϊ","40.183822","141.768564","0","3"
"03","βθ§","03207","‹vs","032070023000","’F’¬","40.187600","141.767511","0","1"
"03","βθ§","03207","‹vs","032070024001","’F’¬κ’–Ϊ","40.188651","141.768492","0","3"
"03","βθ§","03207","‹vs","032070024002","’F’¬“ρ’–Ϊ","40.187667","141.768531","0","3"
"03","βθ§","03207","‹vs","032070025000","“c‰®’¬","40.195144","141.774382","0","1"
"03","βθ§","03207","‹vs","032070026001","’†‰›κ’–Ϊ","40.192132","141.768858","0","3"
"03","βθ§","03207","‹vs","032070026002","’†‰›“ρ’–Ϊ","40.191404","141.769988","0","3"
"03","βθ§","03207","‹vs","032070026003","’†‰›O’–Ϊ","40.189887","141.769944","0","3"
"03","βθ§","03207","‹vs","032070026004","’†‰›l’–Ϊ","40.189681","141.768734","0","3"
"03","βθ§","03207","‹vs","032070027000","›—Ά","40.200727","141.742415","0","1"
"03","βθ§","03207","‹vs","032070028000","“V_“°","40.203222","141.753819","0","1"
"03","βθ§","03207","‹vs","032070029001","’†‚Μ‹΄κ’–Ϊ","40.192380","141.766822","0","3"
"03","βθ§","03207","‹vs","032070030000","’†’¬","40.187997","141.764242","0","1"
"03","βθ§","03207","‹vs","032070031001","’†’¬κ’–Ϊ","40.189091","141.766641","0","3"
"03","βθ§","03207","‹vs","032070031002","’†’¬“ρ’–Ϊ","40.189699","141.764940","0","3"
"03","βθ§","03207","‹vs","032070032000","‰Δδ’¬","40.228697","141.739946","0","1"
"03","βθ§","03207","‹vs","032070033000","Vδ“c","40.196336","141.780834","0","1"
"03","βθ§","03207","‹vs","032070034000","Ό‚Μ‘ς","40.191428","141.756135","0","1"
"03","βθ§","03207","‹vs","032070035001","“ρ\”ª“ϊ’¬κ’–Ϊ","40.190947","141.767371","0","3"
"03","βθ§","03207","‹vs","032070035002","“ρ\”ª“ϊ’¬“ρ’–Ϊ","40.190297","141.767139","0","3"
"03","βθ§","03207","‹vs","032070036000","”¨“c","40.196146","141.730307","0","1"
"03","βθ§","03207","‹vs","032070037001","–{’¬κ’–Ϊ","40.188353","141.770689","0","3"
"03","βθ§","03207","‹vs","032070037002","–{’¬“ρ’–Ϊ","40.188027","141.769795","0","3"
"03","βθ§","03207","‹vs","032070037003","–{’¬O’–Ϊ","40.185642","141.769336","0","3"
"03","βθ§","03207","‹vs","032070038000","–©’¬","40.201402","141.793697","0","1"
"03","βθ§","03207","‹vs","032070039000","–ε‘O","40.202421","141.765874","0","1"
"03","βθ§","03207","‹vs","032070040000","R`’¬¬‘","40.066342","141.614829","0","1"
"03","βθ§","03207","‹vs","032070041000","R`’¬μδ","40.143636","141.571710","0","1"
"03","βθ§","03207","‹vs","032070042000","R`’¬‘”¨","40.093413","141.568475","0","1"
"03","βθ§","03207","‹vs","032070043000","R`’¬q","40.143183","141.643008","0","1"
"03","βθ§","03207","‹vs","032070044000","R`’¬‰Χy•”","40.167005","141.505458","0","1"
"03","βθ§","03207","‹vs","032070045000","R`’¬“ϊ–μ‘ς","40.190555","141.535562","0","1"
"03","βθ§","03207","‹vs","032070046000","R`’¬ΛC’¬","40.202664","141.600616","0","1"
"03","βθ§","03207","‹vs","032070047000","R`’¬—“ΰ","40.112155","141.491957","0","1"
"03","βθ§","03207","‹vs","032070048000","Rª’¬","40.080137","141.694628","0","1"
"03","βθ§","03207","‹vs","032070049000","”ª“ϊ’¬","40.190393","141.762165","0","1"
"03","βθ§","03207","‹vs","032070050001","”ª“ϊ’¬κ’–Ϊ","40.192053","141.763097","0","3"
"03","βθ§","03207","‹vs","032070050002","”ª“ϊ’¬“ρ’–Ϊ","40.191044","141.762512","0","3"
"03","βθ§","03208","‰“–μs","032080001000","Βω’¬Βω","39.312830","141.560188","0","1"
"03","βθ§","03208","‰“–μs","032080002000","Βω’¬’†‘ς","39.305937","141.607993","0","1"
"03","βθ§","03208","‰“–μs","032080003000","Βω’¬f‘O","39.328930","141.608854","0","1"
"03","βθ§","03208","‰“–μs","032080004000","»D’¬γ»D","39.350171","141.441062","0","1"
"03","βθ§","03208","‰“–μs","032080005000","»D’¬‰Ί»D","39.313696","141.466541","0","1"
"03","βθ§","03208","‰“–μs","032080006000","»D’¬V—Ά","39.324272","141.492740","0","1"
"03","βθ§","03208","‰“–μs","032080007000","»D’¬‚έ‚³θ","39.362245","141.479408","0","1"
"03","βθ§","03208","‰“–μs","032080008000","ιςθ’¬","39.329563","141.549439","0","1"
"03","βθ§","03208","‰“–μs","032080009000","¬—F’¬","39.250516","141.439583","0","1"
"03","βθ§","03208","‰“–μs","032080010000","γ‘g’¬","39.332924","141.537108","0","1"
"03","βθ§","03208","‰“–μs","032080011000","γ‹½’¬”Β‘ς","39.290866","141.579206","0","1"
"03","βθ§","03208","‰“–μs","032080012000","γ‹½’¬²”δ“ΰ","39.297333","141.647769","0","1"
"03","βθ§","03208","‰“–μs","032080013000","γ‹½’¬•½‘q","39.269135","141.568712","0","1"
"03","βθ§","03208","‰“–μs","032080014000","γ‹½’¬•½–μ΄","39.263166","141.581578","0","1"
"03","βθ§","03208","‰“–μs","032080015000","γ‹½’¬Χ‰z","39.269052","141.645238","0","1"
"03","βθ§","03208","‰“–μs","032080016000","γ‹½’¬—“ΰ","39.261292","141.538436","0","1"
"03","βθ§","03208","‰“–μs","032080017000","’’¬","39.329715","141.534762","0","1"
"03","βθ§","03208","‰“–μs","032080018000","ή–Ψ’¬","39.333657","141.531630","0","1"
"03","βθ§","03208","‰“–μs","032080019000","‰Ί‘g’¬","39.326734","141.517545","0","1"
"03","βθ§","03208","‰“–μs","032080020000","V’’¬","39.331879","141.530925","0","1"
"03","βθ§","03208","‰“–μs","032080021000","V’¬","39.329624","141.525436","0","1"
"03","βθ§","03208","‰“–μs","032080022000","‘εH’¬","39.332547","141.524619","0","1"
"03","βθ§","03208","‰“–μs","032080023000","’†‰›’Κ‚θ","39.329965","141.529483","0","1"
"03","βθ§","03208","‰“–μs","032080024000","•”n‹’¬ΐ‹‘δ","39.386193","141.536735","0","1"
"03","βθ§","03208","‰“–μs","032080025000","•”n‹’¬γ•”n‹","39.476521","141.523172","0","1"
"03","βθ§","03208","‰“–μs","032080026000","•”n‹’¬‰Ί•”n‹","39.414021","141.528486","0","1"
"03","βθ§","03208","‰“–μs","032080027000","•”n‹’¬“‘T›","39.415001","141.477386","0","1"
"03","βθ§","03208","‰“–μs","032080028000","“y•£’¬”Ρ–L","39.340581","141.593382","0","1"
"03","βθ§","03208","‰“–μs","032080029000","“y•£’¬”θ","39.353169","141.589408","0","1"
"03","βθ§","03208","‰“–μs","032080030000","“y•£’¬“y•£","39.351600","141.562810","0","1"
"03","βθ§","03208","‰“–μs","032080031000","“y•£’¬“Θ“ΰ","39.423966","141.661467","0","1"
"03","βθ§","03208","‰“–μs","032080032000","“y•£’¬Rϋ","39.353968","141.627289","0","1"
"03","βθ§","03208","‰“–μs","032080033000","‰“–μ’¬","39.309648","141.529364","0","1"
"03","βθ§","03208","‰“–μs","032080034001","‘£’¬κ’–Ϊ","39.335543","141.532995","0","3"
"03","βθ§","03208","‰“–μs","032080034002","‘£’¬“ρ’–Ϊ","39.336560","141.527559","0","3"
"03","βθ§","03208","‰“–μs","032080034003","‘£’¬O’–Ϊ","39.336937","141.523055","0","3"
"03","βθ§","03208","‰“–μs","032080034004","‘£’¬l’–Ϊ","39.338248","141.529470","0","3"
"03","βθ§","03208","‰“–μs","032080035000","“γ‘g’¬","39.331664","141.540191","0","1"
"03","βθ§","03208","‰“–μs","032080036000","“’’¬","39.329227","141.539025","0","1"
"03","βθ§","03208","‰“–μs","032080037000","“Ϊ’¬","39.326004","141.531689","0","1"
"03","βθ§","03208","‰“–μs","032080038000","Όθ’¬υ‹»›","39.357138","141.518379","0","1"
"03","βθ§","03208","‰“–μs","032080039000","Όθ’¬‹ξ–Ψ","39.381698","141.570659","0","1"
"03","βθ§","03208","‰“–μs","032080040000","Όθ’¬”’β","39.344681","141.541557","0","1"
"03","βθ§","03208","‰“–μs","032080041000","Όθ’¬Όθ","39.372496","141.544230","0","1"
"03","βθ§","03208","‰“–μs","032080042000","‹{η’¬γ–‘ς","39.309511","141.428540","0","1"
"03","βθ§","03208","‰“–μs","032080043000","‹{η’¬γ‹{η","39.375982","141.415489","0","1"
"03","βθ§","03208","‰“–μs","032080044000","‹{η’¬‰Ί–‘ς","39.310611","141.388491","0","1"
"03","βθ§","03208","‰“–μs","032080045000","‹{η’¬‰Ί‹{η","39.356379","141.359415","0","1"
"03","βθ§","03208","‰“–μs","032080046000","‹{η’¬’B‘]•”","39.416798","141.380361","0","1"
"03","βθ§","03208","‰“–μs","032080047000","Z“ϊ’¬","39.328206","141.522273","0","1"
"03","βθ§","03209","κΦs","032090001001","Β—tκ’–Ϊ","38.929515","141.127290","0","3"
"03","βθ§","03209","κΦs","032090001002","Β—t“ρ’–Ϊ","38.931489","141.128480","0","3"
"03","βθ§","03209","κΦs","032090002000","Τ‰¬","38.947564","141.091209","0","1"
"03","βθ§","03209","κΦs","032090003000","‘‹","38.923678","141.139166","0","1"
"03","βθ§","03209","κΦs","032090004000","‰F“μ","38.927064","141.143248","0","1"
"03","βθ§","03209","κΦs","032090005000","•ΏL","38.925084","141.141862","0","1"
"03","βθ§","03209","κΦs","032090006000","–k\¬X","38.933627","141.141459","0","1"
"03","βθ§","03209","κΦs","032090007000","–k‚Ω‚¤‚θ‚ε‚¤","38.931698","141.144976","0","1"
"03","βθ§","03209","κΦs","032090008000","‹v•Ϋ","38.933537","141.147420","0","1"
"03","βθ§","03209","κΦs","032090009000","χX","38.933095","141.140078","0","1"
"03","βθ§","03209","κΦs","032090010000","‘ς","38.911005","141.145425","0","1"
"03","βθ§","03209","κΦs","032090011000","U“c","38.926652","141.144434","0","1"
"03","βθ§","03209","κΦs","032090012000","‰Ί‘ε’ΞX","38.932547","141.139792","0","1"
"03","βθ§","03209","κΦs","032090013000","‹zμX","38.928847","141.139850","0","1"
"03","βθ§","03209","κΦs","032090014000","‘δ’¬","38.918178","141.128374","0","1"
"03","βθ§","03209","κΦs","032090015000","”½’¬","38.926248","141.139255","0","1"
"03","βθ§","03209","κΦs","032090016000","’ήR","38.923059","141.128795","0","1"
"03","βθ§","03209","κΦs","032090017000","–Β_","38.929004","141.143654","0","1"
"03","βθ§","03209","κΦs","032090018000","VR","38.923011","141.136085","0","1"
"03","βθ§","03209","κΦs","032090019000","Ό‘ς","38.922013","141.137766","0","1"
"03","βθ§","03209","κΦs","032090020000","“ρ–{–Ψ","38.927923","141.142482","0","1"
"03","βθ§","03209","κΦs","032090021000","ΐ“c","38.928767","141.146048","0","1"
"03","βθ§","03209","κΦs","032090022000","‹@DR","38.917846","141.137419","0","1"
"03","βθ§","03209","κΦs","032090023000","“‰Τ‰¤’¬","38.935094","141.139286","0","1"
"03","βθ§","03209","κΦs","032090024000","®’¬","38.919748","141.133791","0","1"
"03","βθ§","03209","κΦs","032090025000","LX","38.924419","141.131282","0","1"
"03","βθ§","03209","κΦs","032090026000","”σ“n","38.930535","141.146807","0","1"
"03","βθ§","03209","κΦs","032090027000","[’¬","38.925895","141.138380","0","1"
"03","βθ§","03209","κΦs","032090028000","“μ\¬X","38.932192","141.141443","0","1"
"03","βθ§","03209","κΦs","032090029000","“μ‚Ω‚¤‚θ‚ε‚¤","38.929833","141.143226","0","1"
"03","βθ§","03209","κΦs","032090030000","–φ’¬","38.927147","141.140774","0","1"
"03","βθ§","03209","κΦs","032090031000","—vQ","38.934778","141.143105","0","1"
"03","βθ§","03209","κΦs","032090032000","Ξ”¨","38.937115","141.134944","0","1"
"03","βθ§","03209","κΦs","032090033000","”Φδ’¬","38.934662","141.134578","0","1"
"03","βθ§","03209","κΦs","032090034000","‰w‘O","38.925328","141.136604","0","1"
"03","βθ§","03209","κΦs","032090035000","‘εθ’¬","38.929429","141.134557","0","1"
"03","βθ§","03209","κΦs","032090036000","‘ε’¬","38.928766","141.136491","0","1"
"03","βθ§","03209","κΦs","032090037000","γ‘ε’ΞX","38.928782","141.138057","0","1"
"03","βθ§","03209","κΦs","032090038000","γ“ϊΖ","38.939527","141.134675","0","1"
"03","βθ§","03209","κΦs","032090039000","μθ’¬”–ί","38.894741","141.289886","0","1"
"03","βθ§","03209","κΦs","032090040000","μθ’¬–εθ","38.925543","141.256540","0","1"
"03","βθ§","03209","κΦs","032090041000","μ•Σ","38.969129","141.141008","0","1"
"03","βθ§","03209","κΦs","032090042000","µ”ό’¬","38.982390","140.889024","0","1"
"03","βθ§","03209","κΦs","032090043000","ά\l’¬","38.930522","141.141742","0","1"
"03","βθ§","03209","κΦs","032090044000","Ο‘T›","38.934393","141.199020","0","1"
"03","βθ§","03209","κΦs","032090045000","ά‘γ’¬","38.935983","141.131807","0","1"
"03","βθ§","03209","κΦs","032090046000","υ’¬","38.932039","141.123080","0","1"
"03","βθ§","03209","κΦs","032090047000","K’¬","38.930161","141.123046","0","1"
"03","βθ§","03209","κΦs","032090048000","χ–Ψ’¬","38.934356","141.137385","0","1"
"03","βθ§","03209","κΦs","032090049000","OΦ","38.923624","141.148364","0","1"
"03","βθ§","03209","κΦs","032090050000","’nε’¬","38.932105","141.134339","0","1"
"03","βθ§","03209","κΦs","032090051000","ι“ΰ","38.926984","141.130277","0","1"
"03","βθ§","03209","κΦs","032090052000","γ–V","38.942486","141.133970","0","1"
"03","βθ§","03209","κΦs","032090053000","V‘ε’¬","38.924856","141.134573","0","1"
"03","βθ§","03209","κΦs","032090054000","V’¬","38.955713","141.129175","0","1"
"03","βθ§","03209","κΦs","032090055001","––Lκ’–Ϊ","38.927235","141.125336","0","3"
"03","βθ§","03209","κΦs","032090055002","––L“ρ’–Ϊ","38.926377","141.120590","0","3"
"03","βθ§","03209","κΦs","032090056000","Φ‚ª‹u","38.917934","141.145132","0","1"
"03","βθ§","03209","κΦs","032090057000","η‰X’¬”Φ΄…","38.940777","141.318575","0","1"
"03","βθ§","03209","κΦs","032090058000","η‰X’¬‰‹Κ","38.959032","141.389800","0","1"
"03","βθ§","03209","κΦs","032090059000","η‰X’¬΄“c","38.928817","141.381207","0","1"
"03","βθ§","03209","κΦs","032090060000","η‰X’¬¬—","38.894206","141.386745","0","1"
"03","βθ§","03209","κΦs","032090061000","η‰X’¬η‰X","38.919739","141.344747","0","1"
"03","βθ§","03209","κΦs","032090062000","‘ε“’¬‘ε΄","39.045686","141.439002","0","1"
"03","βθ§","03209","κΦs","032090063000","‘ε“’¬‰«“c","39.048676","141.335018","0","1"
"03","βθ§","03209","κΦs","032090064000","‘ε“’¬‰‘ς","39.049524","141.290620","0","1"
"03","βθ§","03209","κΦs","032090065000","‘ε“’¬a–―","39.020871","141.343766","0","1"
"03","βθ§","03209","κΦs","032090066000","‘ε“’¬ ‘ς","38.982495","141.331584","0","1"
"03","βθ§","03209","κΦs","032090067000","‘ε“’¬‘]c","38.989169","141.391264","0","1"
"03","βθ§","03209","κΦs","032090068000","‘ε“’¬’ΉC","39.091885","141.338638","0","1"
"03","βθ§","03209","κΦs","032090069000","‘ε“’¬’†μ","39.099921","141.394598","0","1"
"03","βθ§","03209","κΦs","032090070000","‘δ’¬","38.917755","141.130647","0","1"
"03","βθ§","03209","κΦs","032090071000","‚θ’¬","38.922540","141.130864","0","1"
"03","βθ§","03209","κΦs","032090072000","‘κ‘ς","38.906984","141.184711","0","1"
"03","βθ§","03209","κΦs","032090073000","’|R’¬","38.935514","141.126513","0","1"
"03","βθ§","03209","κΦs","032090074000","“c‘Ί’¬","38.929959","141.131940","0","1"
"03","βθ§","03209","κΦs","032090075001","’†‰›’¬κ’–Ϊ","38.933778","141.130006","0","3"
"03","βθ§","03209","κΦs","032090075002","’†‰›’¬“ρ’–Ϊ","38.936165","141.129222","0","3"
"03","βθ§","03209","κΦs","032090076000","η‘γ“c’¬","38.913647","141.132542","0","1"
"03","βθ§","03209","κΦs","032090077000","“Ί’J’¬","38.932695","141.125425","0","1"
"03","βθ§","03209","κΦs","032090078000","’†—Ά","38.942815","141.146764","0","1"
"03","βθ§","03209","κΦs","032090079000","”‹‘‘","38.911182","141.032568","0","1"
"03","βθ§","03209","κΦs","032090080000","”ª”¦’¬","38.925177","141.132760","0","1"
"03","βθ§","03209","κΦs","032090081000","‰Τς’¬VΌ","38.828568","141.207892","0","1"
"03","βθ§","03209","κΦs","032090082000","‰Τς’¬‹ΰ‘ς","38.866305","141.190108","0","1"
"03","βθ§","03209","κΦs","032090083000","‰Τς’¬‰iδ","38.776440","141.226980","0","1"
"03","βθ§","03209","κΦs","032090084000","‰Τς’¬‰Τς","38.835731","141.151914","0","1"
"03","βθ§","03209","κΦs","032090085000","‰Τς’¬“ϊ`","38.831146","141.241910","0","1"
"03","βθ§","03209","κΦs","032090086000","‰Τς’¬–ϋ“‡","38.803706","141.162213","0","1"
"03","βθ§","03209","κΦs","032090087000","‰Τς’¬—O’Γ","38.805404","141.202307","0","1"
"03","βθ§","03209","κΦs","032090088000","“ά‘γ","38.941697","141.131522","0","1"
"03","βθ§","03209","κΦs","032090089000","“’nε’¬","38.931237","141.138610","0","1"
"03","βθ§","03209","κΦs","032090090000","“‘δ","38.920281","141.161006","0","1"
"03","βθ§","03209","κΦs","032090091000","“R’¬“c‰Ν’Γ","39.032299","141.235730","0","1"
"03","βθ§","03209","κΦs","032090092000","“R’¬’·β","38.990593","141.261091","0","1"
"03","βθ§","03209","κΦs","032090093000","“R’¬Όμ","38.962426","141.255738","0","1"
"03","βθ§","03209","κΦs","032090094000","“΅‘ς’¬‘εβΔ","38.800232","141.405908","0","1"
"03","βθ§","03209","κΦs","032090095000","“΅‘ς’¬‰©C","38.830865","141.292084","0","1"
"03","βθ§","03209","κΦs","032090096000","“΅‘ς’¬»q“c","38.886875","141.356536","0","1"
"03","βθ§","03209","κΦs","032090097000","“΅‘ς’¬“Ώ“c","38.867421","141.372789","0","1"
"03","βθ§","03209","κΦs","032090098000","“΅‘ς’¬Vΐ","38.879519","141.342928","0","1"
"03","βθ§","03209","κΦs","032090099000","“΅‘ς’¬Όϋ","38.867255","141.314485","0","1"
"03","βθ§","03209","κΦs","032090100000","“΅‘ς’¬“΅‘ς","38.838733","141.347170","0","1"
"03","βθ§","03209","κΦs","032090101000","“΅‘ς’¬•ΫC‰H","38.845516","141.385268","0","1"
"03","βθ§","03209","κΦs","032090102000","“΅‘ς’¬‘‘ς","38.888804","141.327450","0","1"
"03","βθ§","03209","κΦs","032090103000","•‘μ","38.965234","141.187432","0","1"
"03","βθ§","03209","κΦs","032090104000","^Δ","38.898790","141.135188","0","1"
"03","βθ§","03209","κΦs","032090105000","’¬‰Y","38.944399","141.132425","0","1"
"03","βθ§","03209","κΦs","032090106000","“μV’¬","38.923706","141.135725","0","1"
"03","βθ§","03209","κΦs","032090107000","“μ’¬","38.915562","141.131200","0","1"
"03","βθ§","03209","κΦs","032090108000","‹{β’¬","38.921210","141.132526","0","1"
"03","βθ§","03209","κΦs","032090109000","‹{‰Ί’¬","38.940851","141.127734","0","1"
"03","βθ§","03209","κΦs","032090110000","‹{‘O’¬","38.938010","141.128168","0","1"
"03","βθ§","03209","κΦs","032090111000","Ίª’¬ά•Η","38.943683","141.469743","0","1"
"03","βθ§","03209","κΦs","032090112001","Ίª’¬ά•Ηκ’–Ϊ","38.937763","141.447371","0","3"
"03","βθ§","03209","κΦs","032090112002","Ίª’¬ά•Η“ρ’–Ϊ","38.938146","141.450311","0","3"
"03","βθ§","03209","κΦs","032090113000","Ίª’¬’Γ’Jμ","38.849312","141.431355","0","1"
"03","βθ§","03209","κΦs","032090114000","Ίª’¬–ξ‰z","38.912280","141.424479","0","1"
"03","βθ§","03209","κΦs","032090115000","–ν‰h","38.892340","141.238495","0","1"
"03","βθ§","03209","κΦs","032090116000","R–Ϊ","38.938181","141.118392","0","1"
"03","βθ§","03209","κΦs","032090117001","R–Ϊ’¬κ’–Ϊ","38.944065","141.129255","0","3"
"03","βθ§","03209","κΦs","032090117002","R–Ϊ’¬“ρ’–Ϊ","38.947080","141.130268","0","3"
"03","βθ§","03209","κΦs","032090117003","R–Ϊ’¬O’–Ϊ","38.950780","141.131174","0","3"
"03","βθ§","03209","κΦs","032090118000","–L’¬","38.931228","141.141746","0","1"
"03","βθ§","03209","κΦs","032090119000","—–”~’¬","38.943620","141.126646","0","1"
"03","βθ§","03210","—¤‘O‚“cs","032100001000","¬—F’¬","38.997881","141.693076","0","1"
"03","βθ§","03210","—¤‘O‚“cs","032100002000","‹Cε’¬","38.998348","141.596265","0","1"
"03","βθ§","03210","—¤‘O‚“cs","032100003000","‚“c’¬","39.019421","141.636244","0","1"
"03","βθ§","03210","—¤‘O‚“cs","032100004000","’|‹ξ’¬","39.051204","141.622624","0","1"
"03","βθ§","03210","—¤‘O‚“cs","032100005000","–ξμ’¬","39.053374","141.525767","0","1"
"03","βθ§","03210","—¤‘O‚“cs","032100006000","‰΅“c’¬","39.080528","141.581512","0","1"
"03","βθ§","03210","—¤‘O‚“cs","032100007000","•Δθ’¬","39.033749","141.670707","0","1"
"03","βθ§","03210","—¤‘O‚“cs","032100008000","L“c’¬","38.961794","141.705681","0","1"
"03","βθ§","03211","Ξs","032110003000","‰LZ‹’¬","39.331992","141.863169","0","1"
"03","βθ§","03211","Ξs","032110003001","‰LZ‹’¬κ’–Ϊ","39.322162","141.885194","1","3"
"03","βθ§","03211","Ξs","032110003002","‰LZ‹’¬“ρ’–Ϊ","39.325262","141.886070","1","3"
"03","βθ§","03211","Ξs","032110003003","‰LZ‹’¬O’–Ϊ","39.326355","141.888650","1","3"
"03","βθ§","03211","Ξs","032110003004","‰LZ‹’¬l’–Ϊ","39.328662","141.885691","1","3"
"03","βθ§","03211","Ξs","032110003005","‰LZ‹’¬ά’–Ϊ","39.331988","141.882626","1","3"
"03","βθ§","03211","Ξs","032110001000","βδ’¬","39.268121","141.860047","0","1"
"03","βθ§","03211","Ξs","032110004001","πΞ’¬κ’–Ϊ","39.264051","141.887181","0","3"
"03","βθ§","03211","Ξs","032110004002","πΞ’¬“ρ’–Ϊ","39.265416","141.887924","0","3"
"03","βθ§","03211","Ξs","032110004003","πΞ’¬O’–Ϊ","39.263101","141.891027","0","3"
"03","βθ§","03211","Ξs","032110002000","‹›‰Νέ","39.273764","141.892465","0","1"
"03","βθ§","03211","Ξs","032110032000","‹΄–μ’¬","39.356881","141.725482","0","1"
"03","βθ§","03211","Ξs","032110018000","‹ξ–Ψ’¬","39.276375","141.868596","0","1"
"03","βθ§","03211","Ξs","032110014000","I—Ρ’¬","39.338746","141.817461","0","1"
"03","βθ§","03211","Ξs","032110015001","Ή‘Ύ‘ς’¬κ’–Ϊ","39.261845","141.855464","0","3"
"03","βθ§","03211","Ξs","032110015002","Ή‘Ύ‘ς’¬“ρ’–Ϊ","39.259407","141.856258","0","3"
"03","βθ§","03211","Ξs","032110036001","`’¬κ’–Ϊ","39.267547","141.889488","0","3"
"03","βθ§","03211","Ξs","032110036002","`’¬“ρ’–Ϊ","39.270597","141.881973","0","3"
"03","βθ§","03211","Ξs","032110012000","bq’¬","39.263112","141.765642","0","1"
"03","βθ§","03211","Ξs","032110019001","χ–Ψ’¬κ’–Ϊ","39.266334","141.838658","0","3"
"03","βθ§","03211","Ξs","032110019002","χ–Ψ’¬“ρ’–Ϊ","39.267545","141.835452","0","3"
"03","βθ§","03211","Ξs","032110024000","Z‹g’¬","39.266832","141.847812","0","1"
"03","βθ§","03211","Ξs","032110017001","¬²–μ’¬κ’–Ϊ","39.263523","141.834989","0","3"
"03","βθ§","03211","Ξs","032110017002","¬²–μ’¬“ρ’–Ϊ","39.264260","141.842149","0","3"
"03","βθ§","03211","Ξs","032110017003","¬²–μ’¬O’–Ϊ","39.263341","141.839207","0","3"
"03","βθ§","03211","Ξs","032110017004","¬²–μ’¬l’–Ϊ","39.262600","141.835466","0","3"
"03","βθ§","03211","Ξs","032110016001","¬μ’¬κ’–Ϊ","39.268831","141.839198","0","3"
"03","βθ§","03211","Ξs","032110016002","¬μ’¬“ρ’–Ϊ","39.274476","141.838984","0","3"
"03","βθ§","03211","Ξs","032110016003","¬μ’¬O’–Ϊ","39.269780","141.834989","0","3"
"03","βθ§","03211","Ξs","032110016004","¬μ’¬l’–Ϊ","39.268368","141.835910","0","3"
"03","βθ§","03211","Ξs","032110016005","¬μ’¬ά’–Ϊ","39.270298","141.832014","0","3"
"03","βθ§","03211","Ξs","032110035001","Ό΄’¬κ’–Ϊ","39.265287","141.881202","0","3"
"03","βθ§","03211","Ξs","032110035002","Ό΄’¬“ρ’–Ϊ","39.264951","141.882330","0","3"
"03","βθ§","03211","Ξs","032110035003","Ό΄’¬O’–Ϊ","39.267624","141.882631","0","3"
"03","βθ§","03211","Ξs","032110013001","γ’†“‡’¬κ’–Ϊ","39.267688","141.853039","0","3"
"03","βθ§","03211","Ξs","032110013002","γ’†“‡’¬“ρ’–Ϊ","39.266102","141.854772","0","3"
"03","βθ§","03211","Ξs","032110013003","γ’†“‡’¬O’–Ϊ","39.265551","141.852420","0","3"
"03","βθ§","03211","Ξs","032110013004","γ’†“‡’¬l’–Ϊ","39.265211","141.849906","0","3"
"03","βθ§","03211","Ξs","032110022000","V’¬","39.264984","141.845188","0","1"
"03","βθ§","03211","Ξs","032110021001","V•l’¬κ’–Ϊ","39.273623","141.902382","0","3"
"03","βθ§","03211","Ξs","032110021002","V•l’¬“ρ’–Ϊ","39.271718","141.905122","0","3"
"03","βθ§","03211","Ξs","032110026001","η’Ή’¬κ’–Ϊ","39.274126","141.863830","0","3"
"03","βθ§","03211","Ξs","032110026002","η’Ή’¬“ρ’–Ϊ","39.276444","141.862326","0","3"
"03","βθ§","03211","Ξs","032110005000","‘εΞ","39.277020","141.852076","0","1"
"03","βθ§","03211","Ξs","032110006000","‘ε•½“c","39.236727","141.900671","0","1"
"03","βθ§","03211","Ξs","032110008001","‘ε‘ό‰z’¬κ’–Ϊ","39.278343","141.879177","0","3"
"03","βθ§","03211","Ξs","032110008002","‘ε‘ό‰z’¬“ρ’–Ϊ","39.278030","141.882712","0","3"
"03","βθ§","03211","Ξs","032110009001","‘ε’¬κ’–Ϊ","39.273134","141.881485","0","3"
"03","βθ§","03211","Ξs","032110009002","‘ε’¬“ρ’–Ϊ","39.273955","141.881043","0","3"
"03","βθ§","03211","Ξs","032110009003","‘ε’¬O’–Ϊ","39.274603","141.880793","0","3"
"03","βθ§","03211","Ξs","032110010001","‘ε“n’¬κ’–Ϊ","39.272103","141.877756","0","3"
"03","βθ§","03211","Ξs","032110010002","‘ε“n’¬“ρ’–Ϊ","39.272997","141.877025","0","3"
"03","βθ§","03211","Ξs","032110010003","‘ε“n’¬O’–Ϊ","39.274890","141.875050","0","3"
"03","βθ§","03211","Ξs","032110007001","‘ε•½’¬κ’–Ϊ","39.260816","141.891458","0","3"
"03","βθ§","03211","Ξs","032110007002","‘ε•½’¬“ρ’–Ϊ","39.259554","141.892363","0","3"
"03","βθ§","03211","Ξs","032110007003","‘ε•½’¬O’–Ϊ","39.258996","141.896215","0","3"
"03","βθ§","03211","Ξs","032110007004","‘ε•½’¬l’–Ϊ","39.263645","141.894752","0","3"
"03","βθ§","03211","Ξs","032110025001","‘ό‰z’¬κ’–Ϊ","39.273891","141.885868","0","3"
"03","βθ§","03211","Ξs","032110025002","‘ό‰z’¬“ρ’–Ϊ","39.274700","141.885227","0","3"
"03","βθ§","03211","Ξs","032110025003","‘ό‰z’¬O’–Ϊ","39.275647","141.884262","0","3"
"03","βθ§","03211","Ξs","032110029001","’†Θ’¬κ’–Ϊ","39.271723","141.861538","0","3"
"03","βθ§","03211","Ξs","032110029002","’†Θ’¬“ρ’–Ϊ","39.270349","141.858713","0","3"
"03","βθ§","03211","Ξs","032110029003","’†Θ’¬O’–Ϊ","39.269392","141.856115","0","3"
"03","βθ§","03211","Ξs","032110020001","’θ“ΰ’¬κ’–Ϊ","39.260834","141.832762","0","3"
"03","βθ§","03211","Ξs","032110020002","’θ“ΰ’¬“ρ’–Ϊ","39.259727","141.836472","0","3"
"03","βθ§","03211","Ξs","032110020003","’θ“ΰ’¬O’–Ϊ","39.258012","141.831904","0","3"
"03","βθ§","03211","Ξs","032110020004","’θ“ΰ’¬l’–Ϊ","39.253196","141.834713","0","3"
"03","βθ§","03211","Ξs","032110027000","“V_’¬","39.278404","141.885583","0","1"
"03","βθ§","03211","Ξs","032110028000","“‚’O’¬","39.202008","141.796257","0","1"
"03","βθ§","03211","Ξs","032110034000","“‘O’¬","39.274646","141.893751","0","1"
"03","βθ§","03211","Ξs","032110031000","” θ’¬","39.326989","141.946021","0","1"
"03","βθ§","03211","Ξs","032110037000","”ª‰_’¬","39.272852","141.855772","0","1"
"03","βθ§","03211","Ξs","032110033001","•l’¬κ’–Ϊ","39.275435","141.889367","0","3"
"03","βθ§","03211","Ξs","032110033002","•l’¬“ρ’–Ϊ","39.275469","141.892106","0","3"
"03","βθ§","03211","Ξs","032110033003","•l’¬O’–Ϊ","39.278088","141.891300","0","3"
"03","βθ§","03211","Ξs","032110011000","•Πέ’¬","39.339105","141.887849","0","1"
"03","βθ§","03211","Ξs","032110030001","–μ“c’¬κ’–Ϊ","39.258409","141.828029","0","3"
"03","βθ§","03211","Ξs","032110030002","–μ“c’¬“ρ’–Ϊ","39.255331","141.820945","0","3"
"03","βθ§","03211","Ξs","032110030003","–μ“c’¬O’–Ϊ","39.258645","141.822265","0","3"
"03","βθ§","03211","Ξs","032110030004","–μ“c’¬l’–Ϊ","39.259639","141.826313","0","3"
"03","βθ§","03211","Ξs","032110030005","–μ“c’¬ά’–Ϊ","39.261478","141.827856","0","3"
"03","βθ§","03211","Ξs","032110038000","—ΌΞ’¬","39.306125","141.886568","1","1"
"03","βθ§","03211","Ξs","032110039000","—ηƒPϋ’¬","39.261717","141.846901","0","1"
"03","βθ§","03211","Ξs","032110023000","—ιq’¬","39.271374","141.870205","0","1"
"03","βθ§","03213","“ρΛs","032130001000","ΐ”δ","40.243094","141.215237","0","1"
"03","βθ§","03213","“ρΛs","032130002000","ΞΨ","40.257674","141.280656","0","1"
"03","βθ§","03213","“ρΛs","032130003000","‘ς","40.351312","141.314397","0","1"
"03","βθ§","03213","“ρΛs","032130004000","γ“l•Δ","40.277241","141.163335","0","1"
"03","βθ§","03213","“ρΛs","032130005000","‹ΰ“cκ","40.320540","141.318425","0","1"
"03","βθ§","03213","“ρΛs","032130006000","‰Ί“l•Δ","40.296388","141.235349","0","1"
"03","βθ§","03213","“ρΛs","032130007000","ς–@›’¬","40.176170","141.109438","0","1"
"03","βθ§","03213","“ρΛs","032130008000","”’’Ή","40.245232","141.352176","0","1"
"03","βθ§","03213","“ρΛs","032130009000","‘«‘ς","40.243599","141.161612","0","1"
"03","βθ§","03213","“ρΛs","032130010000","m¶•½","40.308164","141.331566","0","1"
"03","βθ§","03213","“ρΛs","032130011000","—’Ή","40.240039","141.246793","0","1"
"03","βθ§","03213","“ρΛs","032130012000","–μXγ","40.319446","141.272680","0","1"
"03","βθ§","03213","“ρΛs","032130013000","•‰ª","40.279813","141.333986","0","1"
"03","βθ§","03213","“ρΛs","032130014000","•“c","40.219451","141.214006","0","1"
"03","βθ§","03213","“ρΛs","032130015000","–x–μ","40.292914","141.305376","0","1"
"03","βθ§","03213","“ρΛs","032130016000","•Δ‘ς","40.279412","141.282161","0","1"
"03","βθ§","03214","”ª”¦•½s","032140001000","‘‘ς","40.119321","140.940422","0","1"
"03","βθ§","03214","”ª”¦•½s","032140002000","—•–μX“Ήƒmγ","40.149801","140.944767","0","1"
"03","βθ§","03214","”ª”¦•½s","032140003000","—•–μX“Ήƒm‰Ί","40.149447","140.955015","0","1"
"03","βθ§","03214","”ª”¦•½s","032140004000","¤‚ΜR","40.143680","140.947649","0","1"
"03","βθ§","03214","”ª”¦•½s","032140005000","Τq•½","40.114562","141.061823","0","1"
"03","βθ§","03214","”ª”¦•½s","032140006000","Τβ“c","40.055377","140.970924","0","1"
"03","βθ§","03214","”ª”¦•½s","032140007000","‘«[","40.142200","140.956006","0","1"
"03","βθ§","03214","”ª”¦•½s","032140008000","ΐ‘γ›“c","40.124486","141.080545","0","1"
"03","βθ§","03214","”ª”¦•½s","032140009000","ΐ‘γρ–Ψ","40.048312","141.011133","0","1"
"03","βθ§","03214","”ª”¦•½s","032140010000","ΐ”δ‚΄","40.004766","140.978292","0","1"
"03","βθ§","03214","”ª”¦•½s","032140011000","Zμ","40.100160","140.890605","0","1"
"03","βθ§","03214","”ª”¦•½s","032140012000","Z”¨’†μ΄","40.116536","140.877143","0","1"
"03","βθ§","03214","”ª”¦•½s","032140013000","r–Ψ“c","39.990307","141.074242","0","1"
"03","βθ§","03214","”ª”¦•½s","032140014000","r‰®V’¬","40.096301","141.040457","0","1"
"03","βθ§","03214","”ª”¦•½s","032140015000","‰Ζƒm— ","40.143059","140.954144","0","1"
"03","βθ§","03214","”ª”¦•½s","032140016000","Ξ_","40.116739","141.085501","0","1"
"03","βθ§","03214","”ª”¦•½s","032140017000","Ξ–Όβ","40.140466","140.943772","0","1"
"03","βθ§","03214","”ª”¦•½s","032140018000","Ξ–Όβ‰Ίƒ^","40.138339","140.945888","0","1"
"03","βθ§","03214","”ª”¦•½s","032140019000","ΞX","40.147814","140.967808","0","1"
"03","βθ§","03214","”ª”¦•½s","032140020000","ά“ϊs","40.120794","141.053856","0","1"
"03","βθ§","03214","”ª”¦•½s","032140021000","β–Ψό","40.127515","141.093982","0","1"
"03","βθ§","03214","”ª”¦•½s","032140022000","β‰®","40.136096","141.073868","0","1"
"03","βθ§","03214","”ª”¦•½s","032140023000","γ‚ΜR","40.113222","141.043910","0","1"
"03","βθ§","03214","”ª”¦•½s","032140024000","‰NR","40.121224","140.957030","0","1"
"03","βθ§","03214","”ª”¦•½s","032140025000","‰NRϋ","40.134111","140.956080","0","1"
"03","βθ§","03214","”ª”¦•½s","032140026000","‘Ε“c“ΰ","40.108182","141.027193","0","1"
"03","βθ§","03214","”ª”¦•½s","032140027000","‰L’J’n","40.135822","140.957249","0","1"
"03","βθ§","03214","”ª”¦•½s","032140028000","‰WqΞ","40.135558","140.964238","0","1"
"03","βθ§","03214","”ª”¦•½s","032140029000","”n—g‘ς","40.160699","140.975771","0","1"
"03","βθ§","03214","”ª”¦•½s","032140030000","ξ”¨","40.045407","141.034801","0","1"
"03","βθ§","03214","”ª”¦•½s","032140031000","‘ε‘ς","40.168084","140.992136","0","1"
"03","βθ§","03214","”ª”¦•½s","032140032000","‘ε‘ς“c","40.145120","140.973059","0","1"
"03","βθ§","03214","”ª”¦•½s","032140033000","‘ε–Κ•½","40.133946","140.968624","0","1"
"03","βθ§","03214","”ª”¦•½s","032140034000","‘εX","39.911413","141.125139","0","1"
"03","βθ§","03214","”ª”¦•½s","032140035000","‘ε–”‘ςϋ","40.128253","140.874795","0","1"
"03","βθ§","03214","”ª”¦•½s","032140036000","‰«“c•\","40.136505","140.951720","0","1"
"03","βθ§","03214","”ª”¦•½s","032140037000","‰«ƒm•½","40.116714","140.883534","0","1"
"03","βθ§","03214","”ª”¦•½s","032140038000","ά•Η","40.141401","140.937826","0","1"
"03","βθ§","03214","”ª”¦•½s","032140039000","`–{","40.138583","140.954647","0","1"
"03","βθ§","03214","”ª”¦•½s","032140040000","‡“c","40.137798","140.951091","0","1"
"03","βθ§","03214","”ª”¦•½s","032140041001","”‘δκ’–Ϊ","39.920554","140.978817","0","3"
"03","βθ§","03214","”ª”¦•½s","032140041002","”‘δ“ρ’–Ϊ","39.916966","140.980649","0","3"
"03","βθ§","03214","”ª”¦•½s","032140041003","”‘δO’–Ϊ","39.914346","140.975027","0","3"
"03","βθ§","03214","”ª”¦•½s","032140042000","›ηq","39.982790","141.130044","0","1"
"03","βθ§","03214","”ª”¦•½s","032140043000","™Ϋ“c","40.100157","141.057178","0","1"
"03","βθ§","03214","”ª”¦•½s","032140044000","γβ–Ψ","40.132987","141.092965","0","1"
"03","βθ§","03214","”ª”¦•½s","032140045000","γ“΅","40.125867","141.087520","0","1"
"03","βθ§","03214","”ª”¦•½s","032140046000","μ΄","40.112784","141.057770","0","1"
"03","βθ§","03214","”ª”¦•½s","032140047000","Ψ’Κ","40.159907","140.941138","0","1"
"03","βθ§","03214","”ª”¦•½s","032140048000","‹v•Ϋ“c","40.124626","141.088945","0","1"
"03","βθ§","03214","”ª”¦•½s","032140049000","I–Ψ“c","40.164766","140.952076","0","1"
"03","βθ§","03214","”ª”¦•½s","032140050000","•‘ς","40.047374","140.991378","0","1"
"03","βθ§","03214","”ª”¦•½s","032140051000","‰zΛ","40.131548","141.000635","0","1"
"03","βθ§","03214","”ª”¦•½s","032140052000","¬΄“Ήƒm‰Ί","40.158556","140.929177","0","1"
"03","βθ§","03214","”ª”¦•½s","032140053000","¬X","40.144320","140.957901","0","1"
"03","βθ§","03214","”ª”¦•½s","032140054000","¬–φ“c","40.104372","141.059837","0","1"
"03","βθ§","03214","”ª”¦•½s","032140055000","¬‰®”¨","40.082212","141.008639","0","1"
"03","βθ§","03214","”ª”¦•½s","032140056000","μ•½","40.093517","140.878457","0","1"
"03","βθ§","03214","”ª”¦•½s","032140057000","²”δ“ΰ","40.122863","140.908241","0","1"
"03","βθ§","03214","”ª”¦•½s","032140058000","‘ςϋ","40.146838","140.955950","0","1"
"03","βθ§","03214","”ª”¦•½s","032140059000","’n‘ “c","40.140333","140.957549","0","1"
"03","βθ§","03214","”ª”¦•½s","032140060000","‰Ίƒ^μ΄","40.156057","140.943188","0","1"
"03","βθ§","03214","”ª”¦•½s","032140061000","‰Ί’¬","40.131864","141.056349","0","1"
"03","βθ§","03214","”ª”¦•½s","032140062000","΄…","40.104255","141.047077","0","1"
"03","βθ§","03214","”ª”¦•½s","032140063000","‰Ίβ–Ψ","40.134992","141.100430","0","1"
"03","βθ§","03214","”ª”¦•½s","032140064000","‰Ί‚Μ“c","40.129345","141.096466","0","1"
"03","βθ§","03214","”ª”¦•½s","032140065000","ΦΞ","40.134711","140.929235","0","1"
"03","βθ§","03214","”ª”¦•½s","032140066000","‘Pμ΄","40.159708","140.946024","0","1"
"03","βθ§","03214","”ª”¦•½s","032140067000","”’‘ςϋ","40.119641","140.903214","0","1"
"03","βθ§","03214","”ª”¦•½s","032140068000","V“c","40.059377","141.025009","0","1"
"03","βθ§","03214","”ª”¦•½s","032140069000","™‘ς","40.152206","140.986733","0","1"
"03","βθ§","03214","”ª”¦•½s","032140070000","’·ª","40.156473","140.936591","0","1"
"03","βθ§","03214","”ª”¦•½s","032140071000","Φ‘ςϋ","40.117351","141.096468","0","1"
"03","βθ§","03214","”ª”¦•½s","032140072000","£ƒm‘ς","40.172386","140.921463","0","1"
"03","βθ§","03214","”ª”¦•½s","032140073000","•½Ϊ","39.964679","141.079413","0","1"
"03","βθ§","03214","”ª”¦•½s","032140074000","‚”¨","40.069717","141.061296","0","1"
"03","βθ§","03214","”ª”¦•½s","032140075000","‘κ‘ς","40.134540","141.028674","0","1"
"03","βθ§","03214","”ª”¦•½s","032140076000","“c‘ς","40.128493","140.967650","0","1"
"03","βθ§","03214","”ª”¦•½s","032140077000","“c‚Μ‘ς","40.141728","141.037048","0","1"
"03","βθ§","03214","”ª”¦•½s","032140078000","“cR","40.144204","140.955505","0","1"
"03","βθ§","03214","”ª”¦•½s","032140079000","’·Ò‘O","40.168924","140.972452","0","1"
"03","βθ§","03214","”ª”¦•½s","032140080000","“y‘ς","40.131446","141.102978","0","1"
"03","βθ§","03214","”ª”¦•½s","032140081000","q‘ς","40.107963","141.081012","0","1"
"03","βθ§","03214","”ª”¦•½s","032140082000","›u“c","40.088894","141.042352","0","1"
"03","βθ§","03214","”ª”¦•½s","032140083000","“c“ª","39.914455","141.076563","0","1"
"03","βθ§","03214","”ª”¦•½s","032140084000","Λ½","40.135259","140.917057","0","1"
"03","βθ§","03214","”ª”¦•½s","032140085000","Λ‘ς","40.148028","141.017550","0","1"
"03","βθ§","03214","”ª”¦•½s","032140086000","“aβ‰Ί","40.137608","140.956973","0","1"
"03","βθ§","03214","”ª”¦•½s","032140087000","’†²δ","40.118071","141.098092","0","1"
"03","βθ§","03214","”ª”¦•½s","032140088000","’·β","40.125751","140.919812","0","1"
"03","βθ§","03214","”ª”¦•½s","032140089000","’·u“c","40.177217","140.980150","0","1"
"03","βθ§","03214","”ª”¦•½s","032140090000","’†“‡","40.113807","140.883297","0","1"
"03","βθ§","03214","”ª”¦•½s","032140091000","’†“c","40.126851","141.091304","0","1"
"03","βθ§","03214","”ª”¦•½s","032140092000","’†ƒm•½","40.124503","140.898673","0","1"
"03","βθ§","03214","”ª”¦•½s","032140093000","•c‘γ‘ς","40.140617","140.982619","0","1"
"03","βθ§","03214","”ª”¦•½s","032140094000","Όª›“c","40.027073","141.116405","0","1"
"03","βθ§","03214","”ª”¦•½s","032140095000","ªΞ","40.178888","140.963001","0","1"
"03","βθ§","03214","”ª”¦•½s","032140096000","–μ‘Κ","39.943154","141.037939","0","1"
"03","βθ§","03214","”ª”¦•½s","032140097000","‰ΤΪ","40.139595","140.962184","0","1"
"03","βθ§","03214","”ª”¦•½s","032140098000","”nκ‰Ίƒ^","40.141388","140.958983","0","1"
"03","βθ§","03214","”ª”¦•½s","032140099000","°R","40.120414","141.071493","0","1"
"03","βθ§","03214","”ª”¦•½s","032140100000","“ϊ‰e","40.114855","141.068799","0","1"
"03","βθ§","03214","”ª”¦•½s","032140101000","“ϊ“D“Ήƒmγ","40.150872","140.936401","0","1"
"03","βθ§","03214","”ª”¦•½s","032140102000","•½}","39.889655","141.055166","0","1"
"03","βθ§","03214","”ª”¦•½s","032140103000","”δH•½","40.160611","140.936163","0","1"
"03","βθ§","03214","”ª”¦•½s","032140104000","Γ‰®•~","40.096588","141.090980","0","1"
"03","βθ§","03214","”ª”¦•½s","032140105000","―‘ς","40.027804","140.991814","0","1"
"03","βθ§","03214","”ª”¦•½s","032140106000","Χ–μ","40.019699","140.968161","0","1"
"03","βθ§","03214","”ª”¦•½s","032140107000","•ΫΛβ","40.076648","141.019973","0","1"
"03","βθ§","03214","”ª”¦•½s","032140108000","–xΨ","39.951480","141.112811","0","1"
"03","βθ§","03214","”ª”¦•½s","032140109000","εά•”","40.036853","140.866260","0","1"
"03","βθ§","03214","”ª”¦•½s","032140110000","‘O“c","40.122525","141.083516","0","1"
"03","βθ§","03214","”ª”¦•½s","032140111000","‹Θ“c","40.112831","141.027349","0","1"
"03","βθ§","03214","”ª”¦•½s","032140112000","–’Λμ΄","40.137893","140.948560","0","1"
"03","βθ§","03214","”ª”¦•½s","032140113000","Ό”φ","39.970821","141.044680","0","1"
"03","βθ§","03214","”ª”¦•½s","032140114000","Ό–Ψ“c","40.066967","141.002053","0","1"
"03","βθ§","03214","”ª”¦•½s","032140115000","Ό΄","40.109998","141.060196","0","1"
"03","βθ§","03214","”ª”¦•½s","032140116000","—ΞƒK‹u","39.948710","140.930455","0","1"
"03","βθ§","03214","”ª”¦•½s","032140117000","–Ϊ–Όs","40.129943","141.036964","0","1"
"03","βθ§","03214","”ª”¦•½s","032140118000","–ξ_","40.129287","140.942737","0","1"
"03","βθ§","03214","”ª”¦•½s","032140119000","’J’n“c","40.119104","141.041659","0","1"
"03","βθ§","03214","”ª”¦•½s","032140120000","’J’n’†","40.133372","140.983661","0","1"
"03","βθ§","03214","”ª”¦•½s","032140121000","Rέ","40.117647","141.107163","0","1"
"03","βθ§","03214","”ª”¦•½s","032140122000","Rϋ","40.120295","141.078545","0","1"
"03","βθ§","03214","”ª”¦•½s","032140123000","“’‚Μ‘ς","40.104704","141.069304","0","1"
"03","βθ§","03214","”ª”¦•½s","032140124000","γΦ","39.967458","141.101136","0","1"
"03","βθ§","03214","”ª”¦•½s","032140125000","a‰®•~“Ήƒmγ","40.146530","140.939534","0","1"
"03","βθ§","03214","”ª”¦•½s","032140126000","“ϊ“D“Ήƒm‰Ί","40.150624","140.934268","0","1"
"03","βθ§","03214","”ª”¦•½s","032140127000","a‰®•~“Ήƒm‰Ί","40.143620","140.934488","0","1"
"03","βθ§","03214","”ª”¦•½s","032140128000","‘ε‘½—‘ςϋ","40.147710","140.932703","0","1"
"03","βθ§","03214","”ª”¦•½s","032140129000","“ρƒ^q","40.143034","140.927073","0","1"
"03","βθ§","03214","”ª”¦•½s","032140130000","¬΄“Ήƒmγ","40.159157","140.924036","0","1"
"03","βθ§","03214","”ª”¦•½s","032140131000","Ό”φρ–Ψ","39.918626","141.013448","0","1"
"03","βθ§","03214","”ª”¦•½s","032140132000","¬βδ","40.118267","140.892551","0","1"
"03","βθ§","03214","”ª”¦•½s","032140133000","Ϊs","40.110661","140.895316","0","1"
"03","βθ§","03214","”ª”¦•½s","032140134000","Τ•½","40.118224","140.899282","0","1"
"03","βθ§","03214","”ª”¦•½s","032140135000","“c’†‰Ίƒ^","40.141196","140.953731","0","1"
"03","βθ§","03214","”ª”¦•½s","032140136000","‰Ίƒ‚μ΄","40.140293","140.951405","0","1"
"03","βθ§","03214","”ª”¦•½s","032140137000","•½–”","40.166861","140.959399","0","1"
"03","βθ§","03214","”ª”¦•½s","032140138000","¶Θ","40.150262","140.957595","0","1"
"03","βθ§","03214","”ª”¦•½s","032140139000","•s“®μ΄","40.162782","140.962418","0","1"
"03","βθ§","03214","”ª”¦•½s","032140140000","¬“»","40.159031","140.955689","0","1"
"03","βθ§","03215","‰Bs","032150001000","’_‘ς¬R","39.091826","141.054452","0","1"
"03","βθ§","03215","‰Bs","032150002000","’_‘ς“μ“s“c","39.135886","141.092873","0","1"
"03","βθ§","03215","‰Bs","032150003000","’_‘ςα–φ","39.097522","140.830218","0","1"
"03","βθ§","03215","‰Bs","032150004000","]hΙθ","39.168598","141.323613","0","1"
"03","βθ§","03215","‰Bs","032150005000","]hξ£","39.233676","141.140228","0","1"
"03","βθ§","03215","‰Bs","032150006000","]hβ’J“°","39.203392","141.189612","0","1"
"03","βθ§","03215","‰Bs","032150007000","]h‘ε’Κ‚θ","39.192858","141.175403","0","1"
"03","βθ§","03215","‰Bs","032150008000","]h¤“†","39.172712","141.165196","0","1"
"03","βθ§","03215","‰Bs","032150009001","]h’jΞκ’–Ϊ","39.197152","141.176898","0","3"
"03","βθ§","03215","‰Bs","032150009002","]h’jΞ“ρ’–Ϊ","39.197084","141.174130","0","3"
"03","βθ§","03215","‰Bs","032150009003","]h’jΞO’–Ϊ","39.199032","141.173391","0","3"
"03","βθ§","03215","‰Bs","032150010000","]hμ΄’¬","39.188795","141.180376","0","1"
"03","βθ§","03215","‰Bs","032150011000","]h‰h’¬","39.185992","141.184824","0","1"
"03","βθ§","03215","‰Bs","032150012000","]h™ƒm’¬","39.183551","141.173922","0","1"
"03","βθ§","03215","‰Bs","032150013000","]h‘K’¬","39.194245","141.176897","0","1"
"03","βθ§","03215","‰Bs","032150014000","]hΩR","39.194216","141.180266","0","1"
"03","βθ§","03215","‰Bs","032150015000","]h‹Κ—Ά","39.217765","141.249656","0","1"
"03","βθ§","03215","‰Bs","032150016000","]h“c΄","39.133851","141.254278","0","1"
"03","βθ§","03215","‰Bs","032150017000","]hdυ›","39.194782","141.185092","0","1"
"03","βθ§","03215","‰Bs","032150018001","]h–L“c’¬κ’–Ϊ","39.183767","141.177155","0","3"
"03","βθ§","03215","‰Bs","032150018002","]h–L“c’¬“ρ’–Ϊ","39.184167","141.179174","0","3"
"03","βθ§","03215","‰Bs","032150018003","]h–L“c’¬O’–Ϊ","39.184352","141.181250","0","3"
"03","βθ§","03215","‰Bs","032150019000","]h’†’¬","39.188376","141.178959","0","1"
"03","βθ§","03215","‰Bs","032150020000","]hΌ‘ε’Κ‚θ","39.193521","141.172616","0","1"
"03","βθ§","03215","‰Bs","032150021000","]hL£","39.250197","141.221564","0","1"
"03","βθ§","03215","‰Bs","032150022000","]h“΅—Ά","39.174652","141.250788","0","1"
"03","βθ§","03215","‰Bs","032150023000","]h–{’¬","39.192258","141.180856","0","1"
"03","βθ§","03215","‰Bs","032150024000","]h‘O“c’¬","39.198603","141.186438","0","1"
"03","βθ§","03215","‰Bs","032150025000","]h“μ‘ε’Κ‚θ","39.187994","141.177002","0","1"
"03","βθ§","03215","‰Bs","032150026000","]h“μ’¬","39.190529","141.183082","0","1"
"03","βθ§","03215","‰Bs","032150027000","]hZ“ϊ’¬","39.192275","141.177835","0","1"
"03","βθ§","03215","‰Bs","032150028000","]h—ΐμ","39.280554","141.276340","0","1"
"03","βθ§","03215","‰Bs","032150029001","]h”ª“ϊ’¬κ’–Ϊ","39.186816","141.173372","0","3"
"03","βθ§","03215","‰Bs","032150029002","]h”ª“ϊ’¬“ρ’–Ϊ","39.186585","141.168901","0","3"
"03","βθ§","03215","‰Bs","032150030000","]h•Δ—Ά","39.220886","141.343707","0","1"
"03","βθ§","03215","‰Bs","032150031000","ίμ¤“†‰Ί","39.016120","141.108998","0","1"
"03","βθ§","03215","‰Bs","032150032000","ίμ“V“c","39.075970","141.020334","0","1"
"03","βθ§","03215","‰Bs","032150033000","ίμ“V“y","39.018004","141.039292","0","1"
"03","βθ§","03215","‰Bs","032150034000","ίμ—L‰Y","39.078042","140.969786","0","1"
"03","βθ§","03215","‰Bs","032150035000","ίμ’r“c","39.009141","141.109911","0","1"
"03","βθ§","03215","‰Bs","032150036000","ίμ’r“cΌ","39.008208","141.106193","0","1"
"03","βθ§","03215","‰Bs","032150037000","ίμΞƒ–‘ς","39.044298","141.051560","0","1"
"03","βθ§","03215","‰Bs","032150038000","ίμΞ_","39.038869","141.050813","0","1"
"03","βθ§","03215","‰Bs","032150039000","ίμΞ¶","39.080068","141.012517","0","1"
"03","βθ§","03215","‰Bs","032150040000","ίμ”Β‘q","39.057920","141.033936","0","1"
"03","βθ§","03215","‰Bs","032150041000","ίμκ–{–Ψ“","39.013506","141.104337","0","1"
"03","βθ§","03215","‰Bs","032150042000","ίμβ‚Μγ","39.032073","141.061390","0","1"
"03","βθ§","03215","‰Bs","032150043000","ίμγ‘κ‚Μ‘ς","39.012028","141.057354","0","1"
"03","βθ§","03215","‰Bs","032150044000","ίμγR","39.035472","140.972345","0","1"
"03","βθ§","03215","‰Bs","032150045000","ίμl”¨","39.016857","141.001829","0","1"
"03","βθ§","03215","‰Bs","032150046000","ίμl”¨R","39.022090","141.007082","0","1"
"03","βθ§","03215","‰Bs","032150047000","ίμΡ—‘ς","39.016200","141.103082","0","1"
"03","βθ§","03215","‰Bs","032150048000","ίμ‰W_’J‹N","39.012775","141.092900","0","1"
"03","βθ§","03215","‰Bs","032150049000","ίμγ–μ","39.009319","141.098084","0","1"
"03","βθ§","03215","‰Bs","032150050000","ίμ‰_“μ“c","39.064646","141.031411","0","1"
"03","βθ§","03215","‰Bs","032150051000","ίμ‰_“μ“cό","39.049167","141.031215","0","1"
"03","βθ§","03215","‰Bs","032150052000","ίμ‘εΞƒ–‘ς","39.006845","141.105104","0","1"
"03","βθ§","03215","‰Bs","032150053000","ίμ‘εβ","39.023288","141.075685","0","1"
"03","βθ§","03215","‰Bs","032150054000","ίμ‘ε•½","39.076506","140.953793","0","1"
"03","βθ§","03215","‰Bs","032150055000","ίμ‘ε–Κ","39.021975","141.085185","0","1"
"03","βθ§","03215","‰Bs","032150056000","ίμ‘εΌ","39.033691","141.072544","0","1"
"03","βθ§","03215","‰Bs","032150057000","ίμ‘ε΄","39.003499","141.000717","0","1"
"03","βθ§","03215","‰Bs","032150058000","ίμ‘ε΄R","39.011839","140.982846","0","1"
"03","βθ§","03215","‰Bs","032150059000","ίμ‰¬ƒ–‘ά","39.018618","141.085947","0","1"
"03","βθ§","03215","‰Bs","032150060000","ίμ‰«“c","39.022744","141.083123","0","1"
"03","βθ§","03215","‰Bs","032150061000","ίμ‰«‚Μ–μ","39.035840","141.058024","0","1"
"03","βθ§","03215","‰Bs","032150062000","ίμ‰Ψ","39.006186","141.108868","0","1"
"03","βθ§","03215","‰Bs","032150063000","ίμ•\","39.013130","141.084046","0","1"
"03","βθ§","03215","‰Bs","032150064000","ίμ—Ξ","39.043992","141.045929","0","1"
"03","βθ§","03215","‰Bs","032150065000","ίμ“c","39.050755","141.049618","0","1"
"03","βθ§","03215","‰Bs","032150066000","ίμR","39.007798","141.082149","0","1"
"03","βθ§","03215","‰Bs","032150067000","ίμ•Ηƒ–‘ς","39.012595","141.033074","0","1"
"03","βθ§","03215","‰Bs","032150068000","ίμγ‘εX","39.050489","141.001872","0","1"
"03","βθ§","03215","‰Bs","032150069000","ίμγ‰Ν“ΰ","39.007368","141.018964","0","1"
"03","βθ§","03215","‰Bs","032150070000","ίμγμ΄","39.017320","141.079371","0","1"
"03","βθ§","03215","‰Bs","032150071000","ίμγ¬H","39.023508","141.088352","0","1"
"03","βθ§","03215","‰Bs","032150072000","ίμγ—§‘ς","39.032419","140.954624","0","1"
"03","βθ§","03215","‰Bs","032150073000","ίμγ›“c","39.050494","141.042821","0","1"
"03","βθ§","03215","‰Bs","032150074000","ίμ“‚‹ΰ","39.009389","141.101457","0","1"
"03","βθ§","03215","‰Bs","032150075000","ίμμ’[","39.006195","141.088879","0","1"
"03","βθ§","03215","‰Bs","032150076000","ίμ‹ΰ¬","39.019520","141.070762","0","1"
"03","βθ§","03215","‰Bs","032150077000","ίμ–k‘ς","39.027745","141.039842","0","1"
"03","βθ§","03215","‰Bs","032150078000","ίμί΄","39.089645","140.993305","0","1"
"03","βθ§","03215","‰Bs","032150079000","ίμ‹“a","39.032492","141.058419","0","1"
"03","βθ§","03215","‰Bs","032150080000","ίμ‘©","39.062980","141.000947","0","1"
"03","βθ§","03215","‰Bs","032150081000","ίμE“c","39.049114","141.038863","0","1"
"03","βθ§","03215","‰Bs","032150082000","ίμΖ|","39.027127","141.037058","0","1"
"03","βθ§","03215","‰Bs","032150083000","ίμ‹γ—Φ“°","39.010668","141.106629","0","1"
"03","βθ§","03215","‰Bs","032150084000","ίμK–Ψ’J’n","39.023116","141.078039","0","1"
"03","βθ§","03215","‰Bs","032150085000","ίμK”¨","39.064081","141.018691","0","1"
"03","βθ§","03215","‰Bs","032150086000","ίμ¬ΐ‘γ","39.058794","141.039686","0","1"
"03","βθ§","03215","‰Bs","032150087000","ίμ¬“c","39.078537","140.980276","0","1"
"03","βθ§","03215","‰Bs","032150088000","ίμ¬¬‘ς","39.010790","141.079416","0","1"
"03","βθ§","03215","‰Bs","032150089000","ίμ¬—Ρ","39.011687","141.102134","0","1"
"03","βθ§","03215","‰Bs","032150090000","ίμ¬—ΡR","39.024808","141.041911","0","1"
"03","βθ§","03215","‰Bs","032150091000","ίμ¬³”Β","39.055167","141.046200","0","1"
"03","βθ§","03215","‰Bs","032150092000","ίμ‹ξκ","39.037582","141.063143","0","1"
"03","βθ§","03215","‰Bs","032150093000","ίμ¬…‘ς","39.028664","141.066629","0","1"
"03","βθ§","03215","‰Bs","032150094000","ίμχ£","39.010145","141.092113","0","1"
"03","βθ§","03215","‰Bs","032150095000","ίμ‘ς“c","39.031805","141.081508","0","1"
"03","βθ§","03215","‰Bs","032150096000","ίμ΄…‚Μγ","39.010001","141.095342","0","1"
"03","βθ§","03215","‰Bs","032150097000","ίμ‰Ί‘εX","39.044490","140.994393","0","1"
"03","βθ§","03215","‰Bs","032150098000","ίμ‰Ί‰Ν“ΰ","39.015082","141.030851","0","1"
"03","βθ§","03215","‰Bs","032150099000","ίμ‰Ί—§‘ς","39.003694","140.987280","0","1"
"03","βθ§","03215","‰Bs","032150100000","ίμ‰Ί›“c","39.046924","141.045611","0","1"
"03","βθ§","03215","‰Bs","032150101000","ίμ\κƒP–Α","39.057923","141.053279","0","1"
"03","βθ§","03215","‰Bs","032150102000","ίμÒ—•½","39.031466","141.027054","0","1"
"03","βθ§","03215","‰Bs","032150103000","ίμwκ‰Ί","39.016225","141.105743","0","1"
"03","βθ§","03215","‰Bs","032150104000","ίμ™–μ","39.034478","141.067432","0","1"
"03","βθ§","03215","‰Bs","032150105000","ίμ™—Ρ","39.020148","141.083214","0","1"
"03","βθ§","03215","‰Bs","032150106000","ίμ™’J‹N","39.032063","141.069613","0","1"
"03","βθ§","03215","‰Bs","032150107000","ίμ‰‰Ί","39.018894","141.096809","0","1"
"03","βθ§","03215","‰Bs","032150108000","ίμΦ‘ά","39.039161","141.056372","0","1"
"03","βθ§","03215","‰Bs","032150109000","ίμΦ’J‹N","39.005300","141.096310","0","1"
"03","βθ§","03215","‰Bs","032150110000","ίμ£΄","39.014257","141.109716","0","1"
"03","βθ§","03215","‰Bs","032150111000","ίμ£΄Ό‰Y","39.013672","141.106928","0","1"
"03","βθ§","03215","‰Bs","032150112000","ίμ‘X–΅","38.996811","141.016559","0","1"
"03","βθ§","03215","‰Bs","032150113000","ίμO‚Μ‘ς","39.093070","140.995119","0","1"
"03","βθ§","03215","‰Bs","032150114000","ίμ‘ι‚Μ‘ƒ","38.993655","140.992486","0","1"
"03","βθ§","03215","‰Bs","032150115000","ίμ‚•ΫC","39.034455","141.076964","0","1"
"03","βθ§","03215","‰Bs","032150116000","ίμ’|‚Μ’†","39.033427","141.057234","0","1"
"03","βθ§","03215","‰Bs","032150117000","ίμΩι","39.029335","141.075203","0","1"
"03","βθ§","03215","‰Bs","032150118000","ίμ“c’†","39.016210","141.101376","0","1"
"03","βθ§","03215","‰Bs","032150119000","ίμ“c’†Ό","39.012799","141.098531","0","1"
"03","βθ§","03215","‰Bs","032150120000","ίμ’·’Λ","39.063856","140.976396","0","1"
"03","βθ§","03215","‰Bs","032150121000","ίμ“y‰®","39.022391","141.064657","0","1"
"03","βθ§","03215","‰Bs","032150122000","ίμ“y‰®’J‹N","39.026596","141.075488","0","1"
"03","βθ§","03215","‰Bs","032150123000","ίμ›‘ά","39.019623","141.078650","0","1"
"03","βθ§","03215","‰Bs","032150124000","ίμ›‘ά’J‹N","39.017065","141.076750","0","1"
"03","βθ§","03215","‰Bs","032150125000","ίμ“Ώ‘ς","39.028866","141.102886","0","1"
"03","βθ§","03215","‰Bs","032150126000","ίμ•x‘ς","39.040977","141.048015","0","1"
"03","βθ§","03215","‰Bs","032150127000","ίμ•x“c","39.021275","141.091379","0","1"
"03","βθ§","03215","‰Bs","032150128000","ίμ•x“c‘O","39.019741","141.089803","0","1"
"03","βθ§","03215","‰Bs","032150129000","ίμ–Lª","39.029344","141.070744","0","1"
"03","βθ§","03215","‰Bs","032150130000","ίμ’·”Β‘ς","39.046561","141.023891","0","1"
"03","βθ§","03215","‰Bs","032150131000","ίμ’†‰Ν“ΰ","39.011113","141.024588","0","1"
"03","βθ§","03215","‰Bs","032150132000","ίμ’†“‡","39.023985","141.081352","0","1"
"03","βθ§","03215","‰Bs","032150133000","ίμ’·”X","39.025960","141.046814","0","1"
"03","βθ§","03215","‰Bs","032150134000","ίμ’·‘ά","39.080009","140.993986","0","1"
"03","βθ§","03215","‰Bs","032150135000","ίμ’†‰®•~","39.074157","141.010796","0","1"
"03","βθ§","03215","‰Bs","032150136000","ίμ’†R","39.016488","141.015569","0","1"
"03","βθ§","03215","‰Bs","032150137000","ίμ‰ΔH","39.031518","141.065703","0","1"
"03","βθ§","03215","‰Bs","032150138000","ίμ‰Δ—","39.023055","141.044829","0","1"
"03","βθ§","03215","‰Bs","032150139000","ίμµ“ϊsκ","39.006657","141.096860","0","1"
"03","βθ§","03215","‰Bs","032150140000","ίμ•ΐ–Ψ‘O","39.008299","141.091899","0","1"
"03","βθ§","03215","‰Bs","032150141000","ίμ“θ΄","38.999967","140.983354","0","1"
"03","βθ§","03215","‰Bs","032150142000","ίμ“θ΄R","39.027550","140.932556","0","1"
"03","βθ§","03215","‰Bs","032150143000","ίμΌ•—R","39.017595","141.046863","0","1"
"03","βθ§","03215","‰Bs","032150144000","ίμ•c‘γ‘ς","39.069159","141.011068","0","1"
"03","βθ§","03215","‰Bs","032150145000","ίμΌ— ","39.016743","141.083457","0","1"
"03","βθ§","03215","‰Bs","032150146000","ίμΌE","39.075886","141.003156","0","1"
"03","βθ§","03215","‰Bs","032150147000","ίμΐ–μ","38.996791","141.002232","0","1"
"03","βθ§","03215","‰Bs","032150148000","ίμ–μθ","39.000445","140.992714","0","1"
"03","βθ§","03215","‰Bs","032150149000","ίμ","39.030660","141.048700","0","1"
"03","βθ§","03215","‰Bs","032150150000","ίμ–μ“c","39.017142","141.094618","0","1"
"03","βθ§","03215","‰Bs","032150151000","ίμ–μ“c“","39.014099","141.097017","0","1"
"03","βθ§","03215","‰Bs","032150152000","ίμ”\“o‰®•~","39.030066","141.078425","0","1"
"03","βθ§","03215","‰Bs","032150153000","ίμ”ªη","39.013652","141.072216","0","1"
"03","βθ§","03215","‰Bs","032150154000","ίμ’£R","39.027085","141.081514","0","1"
"03","βθ§","03215","‰Bs","032150155000","ίμ“— ","39.015173","141.090420","0","1"
"03","βθ§","03215","‰Bs","032150156000","ίμ“ϊό","39.031356","141.093375","0","1"
"03","βθ§","03215","‰Bs","032150157000","ίμ•OR‘ς","39.033107","141.049179","0","1"
"03","βθ§","03215","‰Bs","032150158000","ίμ•OR‘ςR","39.032542","141.036053","0","1"
"03","βθ§","03215","‰Bs","032150159000","ίμ•½","39.015421","141.079902","0","1"
"03","βθ§","03215","‰Bs","032150160000","ίμ[‘ς","39.034600","141.070649","0","1"
"03","βθ§","03215","‰Bs","032150161000","ίμME","39.033641","141.062522","0","1"
"03","βθ§","03215","‰Bs","032150162000","ίμΓΩ","39.082261","141.000527","0","1"
"03","βθ§","03215","‰Bs","032150163000","ίμΓΛ","39.043195","141.063406","0","1"
"03","βθ§","03215","‰Bs","032150164000","ίμ•σ“ƒ’J’n","38.990270","140.998772","0","1"
"03","βθ§","03215","‰Bs","032150165000","ίμ―‰®","39.025400","141.085257","0","1"
"03","βθ§","03215","‰Bs","032150166000","ίμΧ“c","39.008723","141.103113","0","1"
"03","βθ§","03215","‰Bs","032150167000","ίμΧ”¨","39.013017","140.990358","0","1"
"03","βθ§","03215","‰Bs","032150168000","ίμ–{“c΄","39.026183","141.078899","0","1"
"03","βθ§","03215","‰Bs","032150169000","ίμ^‘Ε","39.003744","140.969283","0","1"
"03","βθ§","03215","‰Bs","032150170000","ίμ‘O‘κ‚Μ‘ς","39.004694","141.047990","0","1"
"03","βθ§","03215","‰Bs","032150171000","ίμ”n","39.047082","141.057131","0","1"
"03","βθ§","03215","‰Bs","032150172000","ίμ³”Β","39.057996","141.044166","0","1"
"03","βθ§","03215","‰Bs","032150173000","ίμ‘‘ς","39.087329","140.926718","0","1"
"03","βθ§","03215","‰Bs","032150174000","ίμΌ‰Ί","39.005578","141.087419","0","1"
"03","βθ§","03215","‰Bs","032150175000","ίμΌ—Ρ","39.031605","141.042152","0","1"
"03","βθ§","03215","‰Bs","032150176000","ίμZ“ϊsκ","39.007458","141.101866","0","1"
"03","βθ§","03215","‰Bs","032150177000","ίμό","39.005271","141.025791","0","1"
"03","βθ§","03215","‰Bs","032150178000","ίμόΩ","39.017448","141.092425","0","1"
"03","βθ§","03215","‰Bs","032150179000","ίμόΩ’J‹N","39.015276","141.093156","0","1"
"03","βθ§","03215","‰Bs","032150180000","ίμΊ‚Μ–Ψ","39.011173","141.099034","0","1"
"03","βθ§","03215","‰Bs","032150181000","ίμ•Sƒ–‘ά","39.034967","141.063020","0","1"
"03","βθ§","03215","‰Bs","032150182000","ίμ–έ“]","39.006597","140.936626","0","1"
"03","βθ§","03215","‰Bs","032150183000","ίμ–{ª","39.024047","141.014995","0","1"
"03","βθ§","03215","‰Bs","032150184000","ίμRέ","39.027462","141.050354","0","1"
"03","βθ§","03215","‰Bs","032150185000","ίμRέ‘O","39.016134","141.098137","0","1"
"03","βθ§","03215","‰Bs","032150186000","ίμRϋ","39.009366","141.086487","0","1"
"03","βθ§","03215","‰Bs","032150187000","ίμR“c","39.030258","141.039698","0","1"
"03","βθ§","03215","‰Bs","032150188000","ίμ‰΅“Ή‰Ί","39.011714","141.088119","0","1"
"03","βθ§","03215","‰Bs","032150189000","ίμδΡƒ–‘ς","39.003234","141.064231","0","1"
"03","βθ§","03215","‰Bs","032150190000","ίμZ“Ή","39.036422","141.075295","0","1"
"03","βθ§","03215","‰Bs","032150191000","‘O‘ς","39.047667","141.111848","0","1"
"03","βθ§","03215","‰Bs","032150192001","‘O‘ς‚ ‚·‚©’Κκ’–Ϊ","39.053283","141.126094","0","3"
"03","βθ§","03215","‰Bs","032150192002","‘O‘ς‚ ‚·‚©’Κ“ρ’–Ϊ","39.053654","141.124625","0","3"
"03","βθ§","03215","‰Bs","032150192003","‘O‘ς‚ ‚·‚©’ΚO’–Ϊ","39.057070","141.125030","0","3"
"03","βθ§","03215","‰Bs","032150192004","‘O‘ς‚ ‚·‚©’Κl’–Ϊ","39.056949","141.126318","0","3"
"03","βθ§","03215","‰Bs","032150193001","‘O‘ς‰w“κ’–Ϊ","39.047794","141.127502","0","3"
"03","βθ§","03215","‰Bs","032150193002","‘O‘ς‰w““ρ’–Ϊ","39.049294","141.127888","0","3"
"03","βθ§","03215","‰Bs","032150193003","‘O‘ς‰w“O’–Ϊ","39.051297","141.127324","0","3"
"03","βθ§","03215","‰Bs","032150193004","‘O‘ς‰w“l’–Ϊ","39.053335","141.128058","0","3"
"03","βθ§","03215","‰Bs","032150194000","‘O‘ςΓι","39.075089","141.127521","0","1"
"03","βθ§","03215","‰Bs","032150195000","‘O‘ς”’R","39.068673","141.155519","0","1"
"03","βθ§","03215","‰Bs","032150196000","‘O‘ς¶•κ","39.042196","141.177049","0","1"
"03","βθ§","03215","‰Bs","032150197001","‘O‘ςό“cκ’–Ϊ","39.048039","141.129858","0","3"
"03","βθ§","03215","‰Bs","032150197002","‘O‘ςό“c“ρ’–Ϊ","39.051707","141.130482","0","3"
"03","βθ§","03215","‰Bs","032150198000","…‘ς","39.139091","141.123617","0","1"
"03","βθ§","03215","‰Bs","032150199000","…‘ςH—t’¬","39.149078","141.143941","0","1"
"03","βθ§","03215","‰Bs","032150200000","…‘ς’©“ϊ’¬","39.131496","141.161738","0","1"
"03","βθ§","03215","‰Bs","032150201000","…‘ςo‘Μ’¬","39.103362","141.177982","0","1"
"03","βθ§","03215","‰Bs","032150202000","…‘ςς’¬","39.131547","141.158386","0","1"
"03","βθ§","03215","‰Bs","032150203001","…‘ς‘εΰ’¬κ’–Ϊ","39.129083","141.140360","0","3"
"03","βθ§","03215","‰Bs","032150203002","…‘ς‘εΰ’¬“ρ’–Ϊ","39.129574","141.137344","0","3"
"03","βθ§","03215","‰Bs","032150203003","…‘ς‘εΰ’¬O’–Ϊ","39.130828","141.138277","0","3"
"03","βθ§","03215","‰Bs","032150204001","…‘ς‘εθ’¬κ’–Ϊ","39.144279","141.138340","0","3"
"03","βθ§","03215","‰Bs","032150204002","…‘ς‘εθ’¬“ρ’–Ϊ","39.145749","141.136845","0","3"
"03","βθ§","03215","‰Bs","032150204003","…‘ς‘εθ’¬O’–Ϊ","39.145924","141.139072","0","3"
"03","βθ§","03215","‰Bs","032150204004","…‘ς‘εθ’¬l’–Ϊ","39.145211","141.141199","0","3"
"03","βθ§","03215","‰Bs","032150204005","…‘ς‘εθ’¬ά’–Ϊ","39.143638","141.140591","0","3"
"03","βθ§","03215","‰Bs","032150205000","…‘ς‰µ’¬","39.179631","141.114176","0","1"
"03","βθ§","03215","‰Bs","032150206001","…‘ςγo‘Μκ’–Ϊ","39.114188","141.166057","0","3"
"03","βθ§","03215","‰Bs","032150206002","…‘ςγo‘Μ“ρ’–Ϊ","39.115831","141.163764","0","3"
"03","βθ§","03215","‰Bs","032150206003","…‘ςγo‘ΜO’–Ϊ","39.115389","141.161656","0","3"
"03","βθ§","03215","‰Bs","032150206004","…‘ςγo‘Μl’–Ϊ","39.118760","141.162790","0","3"
"03","βθ§","03215","‰Bs","032150206005","…‘ςγo‘Μά’–Ϊ","39.121055","141.163170","0","3"
"03","βθ§","03215","‰Bs","032150206006","…‘ςγo‘ΜZ’–Ϊ","39.116849","141.159836","0","3"
"03","βθ§","03215","‰Bs","032150206007","…‘ςγo‘Μµ’–Ϊ","39.119517","141.159861","0","3"
"03","βθ§","03215","‰Bs","032150207000","…‘ς•Ξ’¬","39.092004","141.215956","0","1"
"03","βθ§","03215","‰Bs","032150208000","…‘ς²‘q‰Ν","39.162848","141.129565","0","1"
"03","βθ§","03215","‰Bs","032150209000","…‘ς^ι","39.112092","141.149900","0","1"
"03","βθ§","03215","‰Bs","032150210001","…‘ς^ι‚ª‹uκ’–Ϊ","39.113942","141.140138","0","3"
"03","βθ§","03215","‰Bs","032150210002","…‘ς^ι‚ª‹u“ρ’–Ϊ","39.112437","141.139611","0","3"
"03","βθ§","03215","‰Bs","032150210003","…‘ς^ι‚ª‹uO’–Ϊ","39.110981","141.138985","0","3"
"03","βθ§","03215","‰Bs","032150211001","…‘ς_–Ύ’¬κ’–Ϊ","39.139389","141.159382","0","3"
"03","βθ§","03215","‰Bs","032150211002","…‘ς_–Ύ’¬“ρ’–Ϊ","39.138098","141.163309","0","3"
"03","βθ§","03215","‰Bs","032150212001","…‘ς‘Ύ“ϊ’Κ‚θκ’–Ϊ","39.134884","141.148145","0","3"
"03","βθ§","03215","‰Bs","032150212002","…‘ς‘Ύ“ϊ’Κ‚θ“ρ’–Ϊ","39.135370","141.151339","0","3"
"03","βθ§","03215","‰Bs","032150212003","…‘ς‘Ύ“ϊ’Κ‚θO’–Ϊ","39.135825","141.153901","0","3"
"03","βθ§","03215","‰Bs","032150213000","…‘ς‘δ’¬","39.131595","141.154577","0","1"
"03","βθ§","03215","‰Bs","032150214000","…‘ς“V•¶‘δ’Κ‚θ","39.136384","141.133756","0","1"
"03","βθ§","03215","‰Bs","032150215000","…‘ς’†γ–μ’¬","39.133943","141.139013","0","1"
"03","βθ§","03215","‰Bs","032150216000","…‘ς’†“c’¬","39.132654","141.151421","0","1"
"03","βθ§","03215","‰Bs","032150217000","…‘ς’†’¬","39.138874","141.144578","0","1"
"03","βθ§","03215","‰Bs","032150218000","…‘ςΌγ–μ’¬","39.133061","141.135394","0","1"
"03","βθ§","03215","‰Bs","032150219000","…‘ςΌ’¬","39.138173","141.135367","0","1"
"03","βθ§","03215","‰Bs","032150220000","…‘ς‰H“c’¬","39.131245","141.184397","0","1"
"03","βθ§","03215","‰Bs","032150221000","…‘ς‰H“c’¬‚¤‚®‚Ά‚·•½","39.129209","141.196080","0","1"
"03","βθ§","03215","‰Bs","032150222001","…‘ς‰H“c’¬‰w“κ’–Ϊ","39.144109","141.189993","0","3"
"03","βθ§","03215","‰Bs","032150223001","…‘ς‰H“c’¬‰w‘Oκ’–Ϊ","39.144551","141.187765","0","3"
"03","βθ§","03215","‰Bs","032150223002","…‘ς‰H“c’¬‰w‘O“ρ’–Ϊ","39.144627","141.184878","0","3"
"03","βθ§","03215","‰Bs","032150224001","…‘ς‰H“c’¬‰w“μκ’–Ϊ","39.142104","141.188523","0","3"
"03","βθ§","03215","‰Bs","032150225000","…‘ς‰H“c’¬‹v•Ϋ","39.142966","141.182692","0","1"
"03","βθ§","03215","‰Bs","032150226000","…‘ς‰H“c’¬•σ¶","39.142123","141.184969","0","1"
"03","βθ§","03215","‰Bs","032150227000","…‘ς‰H“c’¬•σ–φ–Ψ","39.147597","141.183919","0","1"
"03","βθ§","03215","‰Bs","032150228000","…‘ς‰H“c’¬ό”¨","39.147891","141.186914","0","1"
"03","βθ§","03215","‰Bs","032150229001","…‘ς‰Τ‰€’¬κ’–Ϊ","39.142356","141.148309","0","3"
"03","βθ§","03215","‰Bs","032150229002","…‘ς‰Τ‰€’¬“ρ’–Ϊ","39.140746","141.154197","0","3"
"03","βθ§","03215","‰Bs","032150230000","…‘ς“γ–μ’¬","39.133432","141.142125","0","1"
"03","βθ§","03215","‰Bs","032150231001","…‘ς“‘ε’Κ‚θκ’–Ϊ","39.138982","141.147936","0","3"
"03","βθ§","03215","‰Bs","032150231002","…‘ς“‘ε’Κ‚θ“ρ’–Ϊ","39.139265","141.151209","0","3"
"03","βθ§","03215","‰Bs","032150231003","…‘ς“‘ε’Κ‚θO’–Ϊ","39.138789","141.154462","0","3"
"03","βθ§","03215","‰Bs","032150232001","…‘ς“’†’Κ‚θκ’–Ϊ","39.135875","141.157060","0","3"
"03","βθ§","03215","‰Bs","032150232002","…‘ς“’†’Κ‚θ“ρ’–Ϊ","39.135821","141.161614","0","3"
"03","βθ§","03215","‰Bs","032150233000","…‘ς•‹g’¬","39.131510","141.131865","0","1"
"03","βθ§","03215","‰Bs","032150234000","…‘ς‘ά’¬","39.137226","141.141734","0","1"
"03","βθ§","03215","‰Bs","032150235000","…‘ς―ƒK‹u’¬","39.134311","141.132593","0","1"
"03","βθ§","03215","‰Bs","032150236001","…‘ςH‹Ζ’c’nκ’–Ϊ","39.165070","141.151806","0","3"
"03","βθ§","03215","‰Bs","032150236002","…‘ςH‹Ζ’c’n“ρ’–Ϊ","39.168141","141.150020","0","3"
"03","βθ§","03215","‰Bs","032150236003","…‘ςH‹Ζ’c’nO’–Ϊ","39.162214","141.162200","0","3"
"03","βθ§","03215","‰Bs","032150236004","…‘ςH‹Ζ’c’nl’–Ϊ","39.163701","141.156915","0","3"
"03","βθ§","03215","‰Bs","032150237001","…‘ς“μ‘εΰκ’–Ϊ","39.127964","141.138442","0","3"
"03","βθ§","03215","‰Bs","032150238000","…‘ς“μ’¬","39.136426","141.144537","0","1"
"03","βθ§","03215","‰Bs","032150239000","…‘ς‹{‰Ί’¬","39.137836","141.139070","0","1"
"03","βθ§","03215","‰Bs","032150240000","…‘ςRθ’¬","39.133334","141.144715","0","1"
"03","βθ§","03216","‘κ‘ςs","032160001000","ϋ","39.743192","141.107387","0","1"
"03","βθ§","03216","‘κ‘ςs","032160002000","κ–{–Ψ","39.833674","141.122386","0","1"
"03","βθ§","03216","‘κ‘ςs","032160003000","βθR","39.817803","141.068350","0","1"
"03","βθ§","03216","‘κ‘ςs","032160004000","‰L”ΐ’B","39.783579","141.007763","0","1"
"03","βθ§","03216","‘κ‘ςs","032160005000","‰L”Ξ—―","39.727357","141.097949","0","1"
"03","βθ§","03216","‘κ‘ςs","032160006000","‰L”‰W‰®•~","39.786033","141.017306","0","1"
"03","βθ§","03216","‘κ‘ςs","032160007000","‰L”‘εΙ","39.735202","141.094428","0","1"
"03","βθ§","03216","‘κ‘ςs","032160008000","‰L”‹S‰z","39.766624","141.044482","0","1"
"03","βθ§","03216","‘κ‘ςs","032160009000","‰L”δ’λ“c","39.732694","141.076167","0","1"
"03","βθ§","03216","‘κ‘ςs","032160010000","‰L”‰Ζ‹ίX","39.737524","141.074271","0","1"
"03","βθ§","03216","‘κ‘ςs","032160011000","‰L”‚X","39.736633","141.073297","0","1"
"03","βθ§","03216","‘κ‘ςs","032160012000","‰L”γ‚–φ","39.729408","141.090785","0","1"
"03","βθ§","03216","‘κ‘ςs","032160013000","‰L”γR","39.736732","141.066528","0","1"
"03","βθ§","03216","‘κ‘ςs","032160014000","‰L”γ‘O“c","39.740019","141.071222","0","1"
"03","βθ§","03216","‘κ‘ςs","032160015000","‰L”Ο“΄","39.737897","141.088119","0","1"
"03","βθ§","03216","‘κ‘ςs","032160016000","‰L”ωX","39.733338","141.091041","0","1"
"03","βθ§","03216","‘κ‘ςs","032160017000","‰L”΄…‘ς","39.743423","141.071890","0","1"
"03","βθ§","03216","‘κ‘ςs","032160018000","‰L”‰Ί‚–φ","39.729046","141.094205","0","1"
"03","βθ§","03216","‘κ‘ςs","032160019000","‰L”‰Ί‘O“c","39.723965","141.084837","0","1"
"03","βθ§","03216","‘κ‘ςs","032160020000","‰L””’Ξ","39.741450","141.090057","0","1"
"03","βθ§","03216","‘κ‘ςs","032160021000","‰L”ζΓμ","39.733603","141.081462","0","1"
"03","βθ§","03216","‘κ‘ςs","032160022000","‰L”O‹v•Ϋ","39.743600","141.075401","0","1"
"03","βθ§","03216","‘κ‘ςs","032160023000","‰L”‚–V","39.743037","141.062160","0","1"
"03","βθ§","03216","‘κ‘ςs","032160024000","‰L”‚–φ","39.725110","141.094641","0","1"
"03","βθ§","03216","‘κ‘ςs","032160025000","‰L”‘κό","39.727822","141.077377","0","1"
"03","βθ§","03216","‘κ‘ςs","032160026000","‰L”“c’[","39.739091","141.072558","0","1"
"03","βθ§","03216","‘κ‘ςs","032160027000","‰L””σ‚Μϋ","39.728004","141.084568","0","1"
"03","βθ§","03216","‘κ‘ςs","032160028000","‰L”“΄”¨","39.742992","141.081034","0","1"
"03","βθ§","03216","‘κ‘ςs","032160029000","‰L””N–Ρ","39.727622","141.088202","0","1"
"03","βθ§","03216","‘κ‘ςs","032160030000","‰L”“Θ•½","39.740534","141.064197","0","1"
"03","βθ§","03216","‘κ‘ςs","032160031000","‰L”ΐX","39.777912","141.054838","0","1"
"03","βθ§","03216","‘κ‘ςs","032160032000","‰L””—","39.738271","141.079398","0","1"
"03","βθ§","03216","‘κ‘ςs","032160033000","‰L””ªl‘Ε","39.728476","141.081965","0","1"
"03","βθ§","03216","‘κ‘ςs","032160034000","‰L”‰Τ•½","39.787053","141.039603","0","1"
"03","βθ§","03216","‘κ‘ςs","032160035000","‰L”Χ’J’n","39.746358","141.084486","0","1"
"03","βθ§","03216","‘κ‘ςs","032160036000","‰L”όV“c","39.735208","141.084447","0","1"
"03","βθ§","03216","‘κ‘ςs","032160037000","‰L””‹μ","39.731998","141.097559","0","1"
"03","βθ§","03216","‘κ‘ςs","032160038000","‰L”—Υΐ","39.796807","141.033875","0","1"
"03","βθ§","03216","‘κ‘ςs","032160039000","γ","39.839043","141.094179","0","1"
"03","βθ§","03216","‘κ‘ςs","032160040000","‰K‰“β","39.782234","141.108898","0","1"
"03","βθ§","03216","‘κ‘ςs","032160041000","T‹v•Ϋ","39.786359","141.136561","0","1"
"03","βθ§","03216","‘κ‘ςs","032160042000","‘εΞ“n","39.799119","141.095214","0","1"
"03","βθ§","03216","‘κ‘ςs","032160043000","‘εr‰®•~","39.706381","141.068339","0","1"
"03","βθ§","03216","‘κ‘ςs","032160044000","‘εγ","39.705426","141.059690","0","1"
"03","βθ§","03216","‘κ‘ςs","032160045000","‘ε‘ε΄…","39.718344","141.027847","0","1"
"03","βθ§","03216","‘κ‘ςs","032160046000","‘ε‘ε΄…“","39.710886","141.034275","0","1"
"03","βθ§","03216","‘κ‘ςs","032160047000","‘ε‘ε”¨","39.705634","141.075025","0","1"
"03","βθ§","03216","‘κ‘ςs","032160048000","‘ε‹S‚ª‘κ","39.697586","141.039104","0","1"
"03","βθ§","03216","‘κ‘ςs","032160049000","‘ε•——Ρ","39.708989","141.026687","0","1"
"03","βθ§","03216","‘κ‘ςs","032160050000","‘εϋ","39.703454","141.054926","0","1"
"03","βθ§","03216","‘κ‘ςs","032160051000","‘εγ’|•@","39.700501","141.067399","0","1"
"03","βθ§","03216","‘κ‘ςs","032160052000","‘ε¬‰®•~","39.702561","141.065404","0","1"
"03","βθ§","03216","‘κ‘ςs","032160053000","‘ε‰–‚ΜX","39.696441","141.058629","0","1"
"03","βθ§","03216","‘κ‘ςs","032160054000","‘ε”’R","39.709547","141.054667","0","1"
"03","βθ§","03216","‘κ‘ςs","032160055000","‘εη‚ªE","39.710354","141.043674","0","1"
"03","βθ§","03216","‘κ‘ςs","032160056000","‘ε‚X","39.703443","141.043150","0","1"
"03","βθ§","03216","‘κ‘ςs","032160057000","‘ε’|•@","39.703062","141.073693","0","1"
"03","βθ§","03216","‘κ‘ςs","032160058000","‘ε“c‚ΜK","39.707927","141.068307","0","1"
"03","βθ§","03216","‘κ‘ςs","032160059000","‘ε“yδK","39.705119","141.069941","0","1"
"03","βθ§","03216","‘κ‘ςs","032160060000","‘εOΩ","39.707861","141.072350","0","1"
"03","βθ§","03216","‘κ‘ςs","032160061000","‘ε’†£","39.699703","141.072564","0","1"
"03","βθ§","03216","‘κ‘ςs","032160062000","‘ε’†“Ή","39.701136","141.054882","0","1"
"03","βθ§","03216","‘κ‘ςs","032160063000","‘εm‘ς£","39.699680","141.042338","0","1"
"03","βθ§","03216","‘κ‘ςs","032160064000","‘εΐ‘ά","39.693756","141.047244","0","1"
"03","βθ§","03216","‘κ‘ςs","032160065000","‘ε”ª”¦‘O","39.702249","141.060647","0","1"
"03","βθ§","03216","‘κ‘ςs","032160066000","‘εΧ‰®","39.708171","141.064129","0","1"
"03","βθ§","03216","‘κ‘ςs","032160067000","‘ε‹g΄…","39.699308","141.052070","0","1"
"03","βθ§","03216","‘κ‘ςs","032160068000","‘ε‹g…","39.698278","141.049861","0","1"
"03","βθ§","03216","‘κ‘ςs","032160069000","‘εa“c","39.705260","141.064375","0","1"
"03","βθ§","03216","‘κ‘ςs","032160070000","‘ε‹v•Ϋ","39.743726","141.094531","0","1"
"03","βθ§","03216","‘κ‘ςs","032160071000","‘εθ","39.811170","141.147649","0","1"
"03","βθ§","03216","‘κ‘ςs","032160072000","‘ε‘ς“ΰ–Ψ’Γ‘ς","39.737023","141.056651","0","1"
"03","βθ§","03216","‘κ‘ςs","032160073000","‘ε‘ς‘ε‹v•Ϋ","39.730993","141.061919","0","1"
"03","βθ§","03216","‘κ‘ςs","032160074000","‘ε‘ςβΔ‰®•~","39.724051","141.067550","0","1"
"03","βθ§","03216","‘κ‘ςs","032160075000","‘ε‘ςγ’ίq","39.725076","141.070835","0","1"
"03","βθ§","03216","‘κ‘ςs","032160076000","‘ε‘ςF‚ª‘ς","39.731834","141.065870","0","1"
"03","βθ§","03216","‘κ‘ςs","032160077000","‘ε‘ςF“c","39.728006","141.068226","0","1"
"03","βθ§","03216","‘κ‘ςs","032160078000","‘ε‘ς¬‘ΎYR","39.735621","141.053063","0","1"
"03","βθ§","03216","‘κ‘ςs","032160079000","‘ε‘ς¬’J’n","39.716315","141.075392","0","1"
"03","βθ§","03216","‘κ‘ςs","032160080000","‘ε‘ςάY‘ς","39.734604","141.059058","0","1"
"03","βθ§","03216","‘κ‘ςs","032160081000","‘ε‘ςλ‚ª‘ς","39.728223","141.066460","0","1"
"03","βθ§","03216","‘κ‘ςs","032160082000","‘ε‘ςΒ•½","39.734499","141.062236","0","1"
"03","βθ§","03216","‘κ‘ςs","032160083000","‘ε‘ς‰Ί‰®•~","39.717748","141.077640","0","1"
"03","βθ§","03216","‘κ‘ςs","032160084000","‘ε‘ς_‚ªE","39.720685","141.063326","0","1"
"03","βθ§","03216","‘κ‘ςs","032160085000","‘ε‘ςV“Ή","39.719593","141.079444","0","1"
"03","βθ§","03216","‘κ‘ςs","032160086000","‘ε‘ς‰‡","39.721409","141.072645","0","1"
"03","βθ§","03216","‘κ‘ςs","032160087000","‘ε‘ςO–Ψ’Γ‘ς","39.738496","141.056605","0","1"
"03","βθ§","03216","‘κ‘ςs","032160088000","‘ε‘ς‚•υ","39.739723","141.059466","0","1"
"03","βθ§","03216","‘κ‘ςs","032160089000","‘ε‘ςΩ","39.722122","141.064553","0","1"
"03","βθ§","03216","‘κ‘ςs","032160090000","‘ε‘ς’ƒ‰P‹Κ","39.722403","141.061056","0","1"
"03","βθ§","03216","‘κ‘ςs","032160091000","‘ε‘ς’η•½","39.727802","141.059693","0","1"
"03","βθ§","03216","‘κ‘ςs","032160092000","‘ε‘ς’ίq","39.722758","141.073324","0","1"
"03","βθ§","03216","‘κ‘ςs","032160093000","‘ε‘ς’Ή’J•½","39.725874","141.060602","0","1"
"03","βθ§","03216","‘κ‘ςs","032160094000","‘ε‘ςOR–μ","39.748323","141.040720","0","1"
"03","βθ§","03216","‘κ‘ςs","032160095000","‘ε‘ς’Ή‘«`","39.732185","141.057423","0","1"
"03","βθ§","03216","‘κ‘ςs","032160096000","‘ε‘ς’·’Ψ","39.723732","141.076443","0","1"
"03","βθ§","03216","‘κ‘ςs","032160097000","‘ε‘ς–μV•½","39.730046","141.058104","0","1"
"03","βθ§","03216","‘κ‘ςs","032160098000","‘ε‘ς”Ά–Ψ•½","39.725944","141.063871","0","1"
"03","βθ§","03216","‘κ‘ςs","032160099000","‘ε‘ς‘β","39.739035","141.051725","0","1"
"03","βθ§","03216","‘κ‘ςs","032160100000","‘ε‘ς‰ΞΞ","39.740710","141.054988","0","1"
"03","βθ§","03216","‘κ‘ςs","032160101000","‘ε‘ς“ρƒ^–”","39.719145","141.071111","0","1"
"03","βθ§","03216","‘κ‘ςs","032160102000","‘ε‘ςƒuƒi•½","39.726961","141.055788","0","1"
"03","βθ§","03216","‘κ‘ςs","032160103000","‘ε‘ς–xΨ","39.730011","141.053517","0","1"
"03","βθ§","03216","‘κ‘ςs","032160104000","‘ε‘ς‘C‘Ί","39.718354","141.076664","0","1"
"03","βθ§","03216","‘κ‘ςs","032160105000","‘ε‘ς…‘ς","39.744256","141.051623","0","1"
"03","βθ§","03216","‘κ‘ςs","032160106000","‘ε‘ς–νμ”¨","39.748113","141.049079","0","1"
"03","βθ§","03216","‘κ‘ςs","032160107000","‘ε‘ς’J’nγ","39.724725","141.074498","0","1"
"03","βθ§","03216","‘κ‘ςs","032160108000","‘ε‘ς’J’n’†","39.717619","141.073495","0","1"
"03","βθ§","03216","‘κ‘ςs","032160109000","‘ε‘ς“’‚Μ‘ς","39.732921","141.054289","0","1"
"03","βθ§","03216","‘κ‘ςs","032160110000","‘ε‘ςl‚Β’J","39.716154","141.076768","0","1"
"03","βθ§","03216","‘κ‘ςs","032160111000","‘ε‘ς•Δ‘q","39.717242","141.075820","0","1"
"03","βθ§","03216","‘κ‘ςs","032160112000","‘ε‘ςαΌ","39.727850","141.064081","0","1"
"03","βθ§","03216","‘κ‘ςs","032160113000","‘ε‘ς„“c","39.721491","141.068458","0","1"
"03","βθ§","03216","‘κ‘ςs","032160114000","‘εX•½","39.830945","141.103417","0","1"
"03","βθ§","03216","‘κ‘ςs","032160115000","‰Α‰κ“ΰ","39.821276","141.112087","0","1"
"03","βθ§","03216","‘κ‘ςs","032160116000","γβθR","39.818340","141.038031","0","1"
"03","βθ§","03216","‘κ‘ςs","032160117000","γ‰L”","39.749032","141.061170","0","1"
"03","βθ§","03216","‘κ‘ςs","032160118000","γ’†‘Ί","39.791924","141.113056","0","1"
"03","βθ§","03216","‘κ‘ςs","032160119000","•‘ς","39.755764","141.066681","0","1"
"03","βθ§","03216","‘κ‘ςs","032160120000","Β–Ψ»D","39.714865","141.072942","0","1"
"03","βθ§","03216","‘κ‘ςs","032160121000","Β–Ψr‰®","39.714221","141.064301","0","1"
"03","βθ§","03216","‘κ‘ςs","032160122000","Β–Ψ‘ε›‘ς","39.714130","141.055626","0","1"
"03","βθ§","03216","‘κ‘ςs","032160123000","Β–Ψ’—‰±‘ς","39.737349","141.038106","0","1"
"03","βθ§","03216","‘κ‘ςs","032160124000","Β–Ψγ»D","39.716372","141.068709","0","1"
"03","βθ§","03216","‘κ‘ςs","032160125000","Β–ΨγΒ–Ψ","39.717961","141.063107","0","1"
"03","βθ§","03216","‘κ‘ςs","032160126000","Β–Ψγ’†‘Ί","39.721284","141.041968","0","1"
"03","βθ§","03216","‘κ‘ςs","032160127000","Β–Ψ‘δ‘ς","39.724435","141.053811","0","1"
"03","βθ§","03216","‘κ‘ςs","032160128000","Β–Ψ•”¨","39.707601","141.076034","0","1"
"03","βθ§","03216","‘κ‘ςs","032160129000","Β–Ψ¬’J’n","39.713291","141.076108","0","1"
"03","βθ§","03216","‘κ‘ςs","032160130000","Β–ΨQ‹½","39.711179","141.069063","0","1"
"03","βθ§","03216","‘κ‘ςs","032160131000","Β–ΨQ‹½‚ΜX","39.712024","141.065283","0","1"
"03","βθ§","03216","‘κ‘ςs","032160132000","Β–ΨOR","39.726749","141.044432","0","1"
"03","βθ§","03216","‘κ‘ςs","032160133000","Β–ΨΩ‚ª‘ς","39.716475","141.057462","0","1"
"03","βθ§","03216","‘κ‘ςs","032160134000","Β–Ψ’†«","39.718942","141.046759","0","1"
"03","βθ§","03216","‘κ‘ςs","032160135000","Β–Ψ’η","39.710426","141.064070","0","1"
"03","βθ§","03216","‘κ‘ςs","032160136000","Β–Ψ’η•½","39.719792","141.057007","0","1"
"03","βθ§","03216","‘κ‘ςs","032160137000","Β–Ψ›‘ς","39.712541","141.059838","0","1"
"03","βθ§","03216","‘κ‘ςs","032160138000","Β–Ψ“uΞ‘ς","39.718563","141.052024","0","1"
"03","βθ§","03216","‘κ‘ςs","032160139000","Β–Ψ”σ‚Μϋ","39.711522","141.076900","0","1"
"03","βθ§","03216","‘κ‘ςs","032160140000","Β–Ψ’Ή’J•½","39.716487","141.062086","0","1"
"03","βθ§","03216","‘κ‘ςs","032160141000","Β–Ψ’·‘ς","39.731938","141.041552","0","1"
"03","βθ§","03216","‘κ‘ςs","032160142000","Β–Ψ’†•@","39.715493","141.059156","0","1"
"03","βθ§","03216","‘κ‘ςs","032160143000","Β–Ψ’†‘Ί","39.717697","141.068310","0","1"
"03","βθ§","03216","‘κ‘ςs","032160144000","Β–Ψ’†‰®•~","39.714232","141.067614","0","1"
"03","βθ§","03216","‘κ‘ςs","032160145000","Β–Ψm‘ς£","39.729939","141.021593","0","1"
"03","βθ§","03216","‘κ‘ςs","032160146000","Β–Ψκ‚ΒX","39.721233","141.052026","0","1"
"03","βθ§","03216","‘κ‘ςs","032160147000","Β–Ψ•σ—³•½","39.722675","141.058415","0","1"
"03","βθ§","03216","‘κ‘ςs","032160148000","Β–Ψ‘Òκ","39.708225","141.077910","0","1"
"03","βθ§","03216","‘κ‘ςs","032160149000","Β–Ψ…γ‘ς","39.715806","141.053214","0","1"
"03","βθ§","03216","‘κ‘ςs","032160150000","Β–Ψ–Ύ–@","39.712342","141.072795","0","1"
"03","βθ§","03216","‘κ‘ςs","032160151000","Β–Ψ–ξζX","39.746710","141.028272","0","1"
"03","βθ§","03216","‘κ‘ςs","032160152000","‰Ί‰L”","39.731793","141.078399","0","1"
"03","βθ§","03216","‘κ‘ςs","032160153000","V“c","39.775103","141.161082","0","1"
"03","βθ§","03216","‘κ‘ςs","032160154000","‘ƒq","39.774961","141.126215","0","1"
"03","βθ§","03216","‘κ‘ςs","032160155000","»","39.815255","141.127330","0","1"
"03","βθ§","03216","‘κ‘ςs","032160156000","OR","39.762629","141.087554","0","1"
"03","βθ§","03216","‘κ‘ςs","032160157000","‚‰®•~","39.749630","141.084728","0","1"
"03","βθ§","03216","‘κ‘ςs","032160158000","‚‰®•~•½","39.747504","141.094969","0","1"
"03","βθ§","03216","‘κ‘ςs","032160159000","’·‘ΎY—Ρ","39.825445","141.106976","0","1"
"03","βθ§","03216","‘κ‘ςs","032160160000","“y‘ς","39.750077","141.099047","0","1"
"03","βθ§","03216","‘κ‘ςs","032160161000","–Ψ‘―μ","39.775339","141.112855","0","1"
"03","βθ§","03216","‘κ‘ςs","032160162000","—―‚ªX","39.838689","141.119183","0","1"
"03","βθ§","03216","‘κ‘ςs","032160163000","’†‰L”","39.735422","141.076272","0","1"
"03","βθ§","03216","‘κ‘ςs","032160164000","’†‘Ί","39.757889","141.098253","0","1"
"03","βθ§","03216","‘κ‘ςs","032160165000","“θ‚Μ–Ψ‘ς","39.782792","141.160908","0","1"
"03","βθ§","03216","‘κ‘ςs","032160166000","”I‹X‰®•~","39.762464","141.099207","0","1"
"03","βθ§","03216","‘κ‘ςs","032160167000","ª–xβ","39.763536","141.104101","0","1"
"03","βθ§","03216","‘κ‘ςs","032160168000","–μ‘ς","39.792869","141.153990","0","1"
"03","βθ§","03216","‘κ‘ςs","032160169000","—t‚Μ–Ψ‘ςR","39.775802","141.140695","0","1"
"03","βθ§","03216","‘κ‘ςs","032160170000","•½‘ ‘ς","39.762215","141.073222","0","1"
"03","βθ§","03216","‘κ‘ςs","032160171000","–q–μ—Ρ","39.756151","141.106986","0","1"
"03","βθ§","03216","‘κ‘ςs","032160172000","––‘γE","39.776488","141.160218","0","1"
"03","βθ§","03216","‘κ‘ςs","032160173000","Ό‰®•~","39.770874","141.156434","0","1"
"03","βθ§","03216","‘κ‘ςs","032160174000","¨ζR","39.745330","141.099193","0","1"
"03","βθ§","03216","‘κ‘ςs","032160175000","–Ύ_•½","39.770119","141.131442","0","1"
"03","βθ§","03216","‘κ‘ςs","032160176000","Ί¬H","39.738025","141.098816","0","1"
"03","βθ§","03216","‘κ‘ςs","032160177000","–φ‘ς","39.811514","141.092543","0","1"
"03","βθ§","03216","‘κ‘ςs","032160178000","–φ΄","39.829621","141.107792","0","1"
"03","βθ§","03216","‘κ‘ςs","032160179000","βΚ•½","39.800465","141.162553","0","1"
"03","βθ§","03216","‘κ‘ςs","032160180000","–ν•ΊƒG—Ρ","39.825382","141.114766","0","1"
"03","βθ§","03216","‘κ‘ςs","032160181000","“’M‘ς","39.780427","141.091284","0","1"
"03","βθ§","03216","‘κ‘ςs","032160182000","Θ‚Μ_","39.776107","141.151474","0","1"
"03","βθ§","03301","βθS΄Ξ’¬","033010001000","”Β‹΄","39.700293","141.021876","0","1"
"03","βθ§","03301","βθS΄Ξ’¬","033010002000","ξ‰Χ‰Ί","39.698931","140.973844","0","1"
"03","βθ§","03301","βθS΄Ξ’¬","033010003000","γ–μ","39.721613","140.917490","0","1"
"03","βθ§","03301","βθS΄Ξ’¬","033010004000","‰§h","39.611669","140.882218","0","1"
"03","βθ§","03301","βθS΄Ξ’¬","033010005000","δ–Ύ_","39.684005","140.891858","0","1"
"03","βθ§","03301","βθS΄Ξ’¬","033010006000","`–Ψ","39.701371","140.966685","0","1"
"03","βθ§","03301","βθS΄Ξ’¬","033010007000","γ“e–μ","39.682157","140.991925","0","1"
"03","βθ§","03301","βθS΄Ξ’¬","033010008000","γωX","39.715017","140.983636","0","1"
"03","βθ§","03301","βθS΄Ξ’¬","033010009000","γ‘]ª“c","39.693131","140.978625","0","1"
"03","βθ§","03301","βθS΄Ξ’¬","033010010000","γ•½","39.702186","140.987338","0","1"
"03","βθ§","03301","βθS΄Ξ’¬","033010011000","γ’¬–k","39.695538","140.968610","0","1"
"03","βθ§","03301","βθS΄Ξ’¬","033010012000","γ’¬Ό","39.694659","140.969631","0","1"
"03","βθ§","03301","βθS΄Ξ’¬","033010013000","γ’¬“","39.694817","140.971546","0","1"
"03","βθ§","03301","βθS΄Ξ’¬","033010014000","γ’¬“μ","39.693774","140.971645","0","1"
"03","βθ§","03301","βθS΄Ξ’¬","033010015000","μ΄","39.687137","140.961659","0","1"
"03","βθ§","03301","βθS΄Ξ’¬","033010016000","•‘ςμ","39.687792","140.987944","0","1"
"03","βθ§","03301","βθS΄Ξ’¬","033010017000","Ή‘ε“°","39.691801","140.972367","0","1"
"03","βθ§","03301","βθS΄Ξ’¬","033010018000","¬“ϊ’J’n","39.693904","140.960665","0","1"
"03","βθ§","03301","βθS΄Ξ’¬","033010019000","ωX","39.703065","140.994106","0","1"
"03","βθ§","03301","βθS΄Ξ’¬","033010020000","‰–ƒPX","39.685517","140.993349","0","1"
"03","βθ§","03301","βθS΄Ξ’¬","033010021000","‰Ί“e–μ","39.680570","140.992875","0","1"
"03","βθ§","03301","βθS΄Ξ’¬","033010022000","‰Ί‹v•Ϋ","39.685348","140.977736","0","1"
"03","βθ§","03301","βθS΄Ξ’¬","033010023000","‰ΊωX","39.706078","140.981551","0","1"
"03","βθ§","03301","βθS΄Ξ’¬","033010024000","‰Ί‘]ª“c","39.691099","140.983374","0","1"
"03","βθ§","03301","βθS΄Ξ’¬","033010025000","‰Ί•½","39.694392","140.988734","0","1"
"03","βθ§","03301","βθS΄Ξ’¬","033010026000","‰Ί’·ª","39.675510","140.992421","0","1"
"03","βθ§","03301","βθS΄Ξ’¬","033010027000","‰Ί’¬","39.690431","140.977351","0","1"
"03","βθ§","03301","βθS΄Ξ’¬","033010028000","‰Ί’¬Ό","39.692030","140.975349","0","1"
"03","βθ§","03301","βθS΄Ξ’¬","033010029000","‰Ί’¬“","39.685185","140.987012","0","1"
"03","βθ§","03301","βθS΄Ξ’¬","033010030000","η “c","39.696454","140.977613","0","1"
"03","βθ§","03301","βθS΄Ξ’¬","033010031000","κe’Γ“c","39.686331","140.982122","0","1"
"03","βθ§","03301","βθS΄Ξ’¬","033010032000","‚‘O“c","39.700666","140.962565","0","1"
"03","βθ§","03301","βθS΄Ξ’¬","033010033000","q","39.680182","141.005870","0","1"
"03","βθ§","03301","βθS΄Ξ’¬","033010034000","›‚Μ‰Ί","39.688276","140.976516","0","1"
"03","βθ§","03301","βθS΄Ξ’¬","033010035000","’†•‘ςμ","39.737405","140.994305","0","1"
"03","βθ§","03301","βθS΄Ξ’¬","033010036000","’†ΐ","39.715211","140.991007","0","1"
"03","βθ§","03301","βθS΄Ξ’¬","033010037000","’·”¨","39.691717","140.991968","0","1"
"03","βθ§","03301","βθS΄Ξ’¬","033010038000","’†’¬","39.693243","140.973583","0","1"
"03","βθ§","03301","βθS΄Ξ’¬","033010039000","’·R","39.789563","140.973670","0","1"
"03","βθ§","03301","βθS΄Ξ’¬","033010040000","–Όq","39.695829","140.982941","0","1"
"03","βθ§","03301","βθS΄Ξ’¬","033010041000","µƒcX","39.700247","141.006243","0","1"
"03","βθ§","03301","βθS΄Ξ’¬","033010042000","m²£","39.703786","141.033021","0","1"
"03","βθ§","03301","βθS΄Ξ’¬","033010043000","Όΐ’λ","39.628890","141.009969","0","1"
"03","βθ§","03301","βθS΄Ξ’¬","033010044000","Όª","39.790559","140.903853","0","1"
"03","βθ§","03301","βθS΄Ξ’¬","033010045000","ΐ•Τ","39.718442","141.003066","0","1"
"03","βθ§","03301","βθS΄Ξ’¬","033010046000","ª–x","39.687174","140.973430","0","1"
"03","βθ§","03301","βθS΄Ξ’¬","033010047000","–μ’†","39.677959","140.991274","0","1"
"03","βθ§","03301","βθS΄Ξ’¬","033010048000","‹΄κ","39.740988","140.836036","0","1"
"03","βθ§","03301","βθS΄Ξ’¬","033010049000","”ªT","39.693181","140.966529","0","1"
"03","βθ§","03301","βθS΄Ξ’¬","033010050000","—Ρ","39.690834","140.961659","0","1"
"03","βθ§","03301","βθS΄Ξ’¬","033010051000","cμ","39.688377","140.968159","0","1"
"03","βθ§","03301","βθS΄Ξ’¬","033010052000","°R","39.700195","140.975949","0","1"
"03","βθ§","03301","βθS΄Ξ’¬","033010053000","’¬— ","39.692035","140.976500","0","1"
"03","βθ§","03301","βθS΄Ξ’¬","033010054000","–ƒ©“c","39.690938","140.969861","0","1"
"03","βθ§","03301","βθS΄Ξ’¬","033010055000","Ϋ’J’n","39.744979","141.011334","0","1"
"03","βθ§","03301","βθS΄Ξ’¬","033010056000","–“c“n","39.695978","140.970948","0","1"
"03","βθ§","03301","βθS΄Ξ’¬","033010057000","“μ”¨","39.585810","140.921458","0","1"
"03","βθ§","03301","βθS΄Ξ’¬","033010058000","–Ύ_","39.683135","140.977938","0","1"
"03","βθ§","03301","βθS΄Ξ’¬","033010059000","’J’n","39.701123","140.970030","0","1"
"03","βθ§","03302","βθS‹ª’¬","033020001000","] ","39.978636","141.509963","0","1"
"03","βθ§","03302","βθS‹ª’¬","033020002000","‹ª","40.004143","141.373706","0","1"
"03","βθ§","03302","βθS‹ª’¬","033020003000","“c•”","40.112412","141.373530","0","1"
"03","βθ§","03303","βθSβθ’¬","033030001000","‘εά“ϊs","40.007751","141.225631","0","1"
"03","βθ§","03303","βθSβθ’¬","033030002000","‘εκ•ϋδ","40.014401","141.177735","0","1"
"03","βθ§","03303","βθSβθ’¬","033030003000","‘ε] “ΰ","39.956128","141.254560","0","1"
"03","βθ§","03303","βθSβθ’¬","033030004000","‘εμϋ","39.902676","141.308582","0","1"
"03","βθ§","03303","βθSβθ’¬","033030005000","‘ε‹v•Ϋ","40.012220","141.190864","0","1"
"03","βθ§","03303","βθSβθ’¬","033030006000","‘ε•Ξ","39.989898","141.157244","0","1"
"03","βθ§","03303","βθSβθ’¬","033030007000","‘ε•“ΰ","39.998088","141.136885","0","1"
"03","βθ§","03303","βθSβθ’¬","033030008000","‘εq•ψ","39.937353","141.187691","0","1"
"03","βθ§","03303","βθSβθ’¬","033030009000","‘ε‘ε–V","39.970763","141.335063","0","1"
"03","βθ§","03303","βθSβθ’¬","033030010000","‘ε“yμ","39.948375","141.158802","0","1"
"03","βθ§","03303","βθSβθ’¬","033030011000","‘εΐ‹{“ΰ","40.006453","141.268085","0","1"
"03","βθ§","03303","βθSβθ’¬","033030012000","‘ε—t–Ψ“c","39.997124","141.146872","0","1"
"03","βθ§","03303","βθSβθ’¬","033030013000","‘ε–V","39.969574","141.179046","0","1"
"03","βθ§","03303","βθSβθ’¬","033030014000","‘εδ“°","40.042704","141.231537","0","1"
"03","βθ§","03321","‡”gS‡”g’¬","033210001000","Τ‘ς","39.537107","141.246917","0","1"
"03","βθ§","03321","‡”gS‡”g’¬","033210002000","ξ“΅","39.548403","141.123493","0","1"
"03","βθ§","03321","‡”gS‡”g’¬","033210003000","ΆΊ","39.515180","141.165945","0","1"
"03","βθ§","03321","‡”gS‡”g’¬","033210004000","Ά–iX","39.562303","141.182775","0","1"
"03","βθ§","03321","‡”gS‡”g’¬","033210005000","]•Ώ","39.599543","141.235806","0","1"
"03","βθ§","03321","‡”gS‡”g’¬","033210006000","‘εª","39.535681","141.187456","0","1"
"03","βθ§","03321","‡”gS‡”g’¬","033210007000","•Πρ","39.522329","141.120306","0","1"
"03","βθ§","03321","‡”gS‡”g’¬","033210008000","γ•½‘ς","39.555724","141.107205","0","1"
"03","βθ§","03321","‡”gS‡”g’¬","033210009000","γΌ–{","39.572476","141.075115","0","1"
"03","βθ§","03321","‡”gS‡”g’¬","033210010000","–k‘ς","39.600805","141.217346","0","1"
"03","βθ§","03321","‡”gS‡”g’¬","033210011000","–k“c","39.568561","141.211311","0","1"
"03","βθ§","03321","‡”gS‡”g’¬","033210012000","–k“ϊ‹l","39.540684","141.158184","0","1"
"03","βθ§","03321","‡”gS‡”g’¬","033210013000","‘ ","39.568280","141.192035","0","1"
"03","βθ§","03321","‡”gS‡”g’¬","033210014000","‚…›","39.575217","141.163777","0","1"
"03","βθ§","03321","‡”gS‡”g’¬","033210015000","¬‰®•~","39.574592","141.089514","0","1"
"03","βθ§","03321","‡”gS‡”g’¬","033210016000","χ’¬","39.546823","141.165899","0","1"
"03","βθ§","03321","‡”gS‡”g’¬","033210017001","χ’¬κ’–Ϊ","39.549625","141.165339","0","3"
"03","βθ§","03321","‡”gS‡”g’¬","033210017002","χ’¬“ρ’–Ϊ","39.547867","141.165467","0","3"
"03","βθ§","03321","‡”gS‡”g’¬","033210018000","²”δ“ΰ","39.510092","141.252038","0","1"
"03","βθ§","03321","‡”gS‡”g’¬","033210019000","‰ΊΌ–{","39.573053","141.125494","0","1"
"03","βθ§","03321","‡”gS‡”g’¬","033210020001","‡”g’†‰›‰w‘Oκ’–Ϊ","39.553609","141.159339","0","3"
"03","βθ§","03321","‡”gS‡”g’¬","033210020002","‡”g’†‰›‰w‘O“ρ’–Ϊ","39.553351","141.156247","0","3"
"03","βθ§","03321","‡”gS‡”g’¬","033210020003","‡”g’†‰›‰w‘OO’–Ϊ","39.557330","141.155341","0","3"
"03","βθ§","03321","‡”gS‡”g’¬","033210020004","‡”g’†‰›‰w‘Ol’–Ϊ","39.557540","141.156989","0","3"
"03","βθ§","03321","‡”gS‡”g’¬","033210020005","‡”g’†‰›‰w‘Oά’–Ϊ","39.557629","141.158578","0","3"
"03","βθ§","03321","‡”gS‡”g’¬","033210021000","wƒP‰ª","39.572708","141.146142","0","1"
"03","βθ§","03321","‡”gS‡”g’¬","033210022000","“yΪ","39.541705","141.099338","0","1"
"03","βθ§","03321","‡”gS‡”g’¬","033210023000","‰“R","39.556548","141.212698","0","1"
"03","βθ§","03321","‡”gS‡”g’¬","033210024000","“Θ“ΰ","39.593076","141.210366","0","1"
"03","βθ§","03321","‡”gS‡”g’¬","033210025000","’†“‡","39.578229","141.151302","0","1"
"03","βθ§","03321","‡”gS‡”g’¬","033210026000","Ό’·‰ª","39.577303","141.204393","0","1"
"03","βθ§","03321","‡”gS‡”g’¬","033210027000","“’·‰ª","39.588792","141.238968","0","1"
"03","βθ§","03321","‡”gS‡”g’¬","033210028000","•F•”","39.513824","141.193982","0","1"
"03","βθ§","03321","‡”gS‡”g’¬","033210029000","“ϊ‹l","39.557310","141.162574","0","1"
"03","βθ§","03321","‡”gS‡”g’¬","033210030001","“ϊ‹l‰w‘Oκ’–Ϊ","39.539098","141.162403","0","3"
"03","βθ§","03321","‡”gS‡”g’¬","033210030002","“ϊ‹l‰w‘O“ρ’–Ϊ","39.538089","141.162163","0","3"
"03","βθ§","03321","‡”gS‡”g’¬","033210031001","“ϊ‹lΌκ’–Ϊ","39.553718","141.165722","0","3"
"03","βθ§","03321","‡”gS‡”g’¬","033210031002","“ϊ‹lΌ“ρ’–Ϊ","39.551509","141.165940","0","3"
"03","βθ§","03321","‡”gS‡”g’¬","033210031003","“ϊ‹lΌO’–Ϊ","39.551113","141.163758","0","3"
"03","βθ§","03321","‡”gS‡”g’¬","033210031004","“ϊ‹lΌl’–Ϊ","39.550762","141.161762","0","3"
"03","βθ§","03321","‡”gS‡”g’¬","033210031005","“ϊ‹lΌά’–Ϊ","39.552910","141.161324","0","3"
"03","βθ§","03321","‡”gS‡”g’¬","033210031006","“ϊ‹lΌZ’–Ϊ","39.553286","141.163327","0","3"
"03","βθ§","03321","‡”gS‡”g’¬","033210032000","•½‘ς","39.547931","141.138660","0","1"
"03","βθ§","03321","‡”gS‡”g’¬","033210033000","“ρ“ϊ’¬","39.566734","141.155032","0","1"
"03","βθ§","03321","‡”gS‡”g’¬","033210034000","‘D‹v•Ϋ","39.565017","141.255984","0","1"
"03","βθ§","03321","‡”gS‡”g’¬","033210035000","―R","39.550656","141.190277","0","1"
"03","βθ§","03321","‡”gS‡”g’¬","033210036000","΅‘ς","39.561647","141.087728","0","1"
"03","βθ§","03321","‡”gS‡”g’¬","033210037000","“μ“`–@›","39.588113","141.086306","0","1"
"03","βθ§","03321","‡”gS‡”g’¬","033210038000","“μ“ϊ‹l","39.524657","141.170587","0","1"
"03","βθ§","03321","‡”gS‡”g’¬","033210039000","‹{θ","39.566697","141.123341","0","1"
"03","βθ§","03321","‡”gS‡”g’¬","033210040000","‡–μ","39.560043","141.231351","0","1"
"03","βθ§","03321","‡”gS‡”g’¬","033210041000","R‰®","39.577581","141.240340","0","1"
"03","βθ§","03321","‡”gS‡”g’¬","033210042000","‹g…","39.566867","141.103439","0","1"
"03","βθ§","03322","‡”gS–ξ‹Π’¬","033220001000","‘εΤ–μX","39.593781","141.170698","0","1"
"03","βθ§","03322","‡”gS–ξ‹Π’¬","033220002000","‘εΤ—Ρ","39.638578","141.135222","0","1"
"03","βθ§","03322","‡”gS–ξ‹Π’¬","033220003000","‘εβ΄…","39.587325","141.105990","0","1"
"03","βθ§","03322","‡”gS–ξ‹Π’¬","033220004000","‘ε‘Ύ“c","39.581059","141.132814","0","1"
"03","βθ§","03322","‡”gS–ξ‹Π’¬","033220005000","‘εγ–ξ","39.621106","141.134661","0","1"
"03","βθ§","03322","‡”gS–ξ‹Π’¬","033220006000","‘ε–kSR","39.590542","141.156496","0","1"
"03","βθ§","03322","‡”gS–ξ‹Π’¬","033220007000","‘ε–k“`–@›","39.599491","141.125614","0","1"
"03","βθ§","03322","‡”gS–ξ‹Π’¬","033220008000","‘ε–k–ξ•","39.618427","141.150585","0","1"
"03","βθ§","03322","‡”gS–ξ‹Π’¬","033220009000","‘ε‰R","39.611933","141.120124","0","1"
"03","βθ§","03322","‡”gS–ξ‹Π’¬","033220010000","‘ε‚…›","39.581497","141.172536","0","1"
"03","βθ§","03322","‡”gS–ξ‹Π’¬","033220011000","‘ε‰Ί–ξ","39.624292","141.151951","0","1"
"03","βθ§","03322","‡”gS–ξ‹Π’¬","033220012000","‘ε”’‘ς","39.595644","141.144635","0","1"
"03","βθ§","03322","‡”gS–ξ‹Π’¬","033220013000","‘ε‚“c","39.625325","141.169970","0","1"
"03","βθ§","03322","‡”gS–ξ‹Π’¬","033220014000","‘ε“y‹΄","39.590088","141.183445","0","1"
"03","βθ§","03322","‡”gS–ξ‹Π’¬","033220015000","‘εΌ“Ώ“c","39.609309","141.180612","0","1"
"03","βθ§","03322","‡”gS–ξ‹Π’¬","033220016000","‘ε““Ώ“c","39.604106","141.174870","0","1"
"03","βθ§","03322","‡”gS–ξ‹Π’¬","033220017000","‘εL‹{‘ς","39.629500","141.110528","0","1"
"03","βθ§","03322","‡”gS–ξ‹Π’¬","033220018000","‘ε“΅‘ς","39.616542","141.172393","0","1"
"03","βθ§","03322","‡”gS–ξ‹Π’¬","033220019000","‘ε–”•ΊƒGV“c","39.614170","141.147723","0","1"
"03","βθ§","03322","‡”gS–ξ‹Π’¬","033220020000","‘ε“μ–ξ•","39.607995","141.145823","0","1"
"03","βθ§","03322","‡”gS–ξ‹Π’¬","033220021000","‘εΊ‰ª","39.594740","141.120550","0","1"
"03","βθ§","03322","‡”gS–ξ‹Π’¬","033220022000","‘εa–΅","39.603667","141.095244","0","1"
"03","βθ§","03322","‡”gS–ξ‹Π’¬","033220023001","—¬’ΚƒZƒ“ƒ^[“μκ’–Ϊ","39.639322","141.112166","0","3"
"03","βθ§","03322","‡”gS–ξ‹Π’¬","033220023002","—¬’ΚƒZƒ“ƒ^[“μ“ρ’–Ϊ","39.638797","141.119287","0","3"
"03","βθ§","03322","‡”gS–ξ‹Π’¬","033220023003","—¬’ΚƒZƒ“ƒ^[“μO’–Ϊ","39.635448","141.112851","0","3"
"03","βθ§","03322","‡”gS–ξ‹Π’¬","033220023004","—¬’ΚƒZƒ“ƒ^[“μl’–Ϊ","39.635839","141.107514","0","3"
"03","βθ§","03322","‡”gS–ξ‹Π’¬","033220024001","γ‘ε’Κκ’–Ϊ","39.610893","141.162928","1","3"
"03","βθ§","03322","‡”gS–ξ‹Π’¬","033220024002","γ‘ε’Κ“ρ’–Ϊ","39.616018","141.162966","1","3"
"03","βθ§","03322","‡”gS–ξ‹Π’¬","033220025001","‰w“κ’–Ϊ","39.612480","141.149998","1","3"
"03","βθ§","03366","a‰κSΌa‰κ’¬","033660001000","–Ύ","39.339409","140.753187","0","1"
"03","βθ§","03366","a‰κSΌa‰κ’¬","033660002000","γ–μX","39.304566","140.775044","0","1"
"03","βθ§","03366","a‰κSΌa‰κ’¬","033660003000","‰z’†”¨","39.300312","140.719989","0","1"
"03","βθ§","03366","a‰κSΌa‰κ’¬","033660004000","‘εΞ","39.314182","140.826170","0","1"
"03","βθ§","03366","a‰κSΌa‰κ’¬","033660005000","‘εB","39.326049","140.789210","0","1"
"03","βθ§","03366","a‰κSΌa‰κ’¬","033660006000","‘ε“n","39.310365","140.742859","0","1"
"03","βθ§","03366","a‰κSΌa‰κ’¬","033660007000","bq","39.282821","140.816367","0","1"
"03","βθ§","03366","a‰κSΌa‰κ’¬","033660008000","jq‘ς","39.341443","140.726429","0","1"
"03","βθ§","03366","a‰κSΌa‰κ’¬","033660009000","’‘ς","39.365697","140.746121","0","1"
"03","βθ§","03366","a‰κSΌa‰κ’¬","033660010000","μK","39.317616","140.781877","0","1"
"03","βθ§","03366","a‰κSΌa‰κ’¬","033660011000","‘δ‘ς","39.281659","140.844461","0","1"
"03","βθ§","03366","a‰κSΌa‰κ’¬","033660012000","¬q‘ς","39.300073","140.757250","0","1"
"03","βθ§","03366","a‰κSΌa‰κ’¬","033660013000","¶‘","39.365592","140.721167","0","1"
"03","βθ§","03366","a‰κSΌa‰κ’¬","033660014000","‘ς“ΰς‘ς","39.473459","140.774615","0","1"
"03","βθ§","03366","a‰κSΌa‰κ’¬","033660015000","‘ς“ΰ‘Ύ“c","39.427660","140.748594","0","1"
"03","βθ§","03366","a‰κSΌa‰κ’¬","033660016000","‘ς“ΰ‘ε–μ","39.385145","140.757385","0","1"
"03","βθ§","03366","a‰κSΌa‰κ’¬","033660017000","‘ς“ΰL‘ς","39.558917","140.833201","0","1"
"03","βθ§","03366","a‰κSΌa‰κ’¬","033660018000","‘ς“ΰμM","39.492048","140.812315","0","1"
"03","βθ§","03366","a‰κSΌa‰κ’¬","033660019000","‘ς“ΰ®”Ρ","39.418534","140.765372","0","1"
"03","βθ§","03366","a‰κSΌa‰κ’¬","033660020000","‘ς“ΰ‰‹΄","39.446543","140.755835","0","1"
"03","βθ§","03366","a‰κSΌa‰κ’¬","033660021000","‘ς“ΰV’¬","39.396717","140.732056","0","1"
"03","βθ§","03366","a‰κSΌa‰κ’¬","033660022000","‘ς“ΰ’·£–μ","39.459936","140.787796","0","1"
"03","βθ§","03366","a‰κSΌa‰κ’¬","033660023000","‘ς“ΰ•Ω“V","39.439743","140.766302","0","1"
"03","βθ§","03366","a‰κSΌa‰κ’¬","033660024000","‘ς“ΰ‘O‹½","39.415597","140.729336","0","1"
"03","βθ§","03366","a‰κSΌa‰κ’¬","033660025000","‘ς“ΰ—Ό‘ς","39.439450","140.812476","0","1"
"03","βθ§","03366","a‰κSΌa‰κ’¬","033660026000","‘ς“ΰα”¨","39.527066","140.829621","0","1"
"03","βθ§","03366","a‰κSΌa‰κ’¬","033660027000","‘ς’†","39.326428","140.745845","0","1"
"03","βθ§","03366","a‰κSΌa‰κ’¬","033660028000","‰Ί‘O","39.380627","140.725283","0","1"
"03","βθ§","03366","a‰κSΌa‰κ’¬","033660029000","΄…ƒ––μ","39.365742","140.761467","0","1"
"03","βθ§","03366","a‰κSΌa‰κ’¬","033660030000","‰Ί¶‘","39.350611","140.744471","0","1"
"03","βθ§","03366","a‰κSΌa‰κ’¬","033660031000","”’–Ψ–μ","39.305320","140.728307","0","1"
"03","βθ§","03366","a‰κSΌa‰κ’¬","033660032000","™–Ό”¨","39.281726","140.873400","0","1"
"03","βθ§","03366","a‰κSΌa‰κ’¬","033660033000","‘ƒ‹½","39.273754","140.725009","0","1"
"03","βθ§","03366","a‰κSΌa‰κ’¬","033660034000","’Ξ‘ς","39.365079","140.772138","0","1"
"03","βθ§","03366","a‰κSΌa‰κ’¬","033660035000","“Π‘ς","39.372882","140.749388","0","1"
"03","βθ§","03366","a‰κSΌa‰κ’¬","033660036000","’†‘Ί","39.295691","140.735389","0","1"
"03","βθ§","03366","a‰κSΌa‰κ’¬","033660037000","–μXh","39.277864","140.739969","0","1"
"03","βθ§","03366","a‰κSΌa‰κ’¬","033660038000","Χ“ΰ","39.313246","140.724040","0","1"
"03","βθ§","03366","a‰κSΌa‰κ’¬","033660039000","–{“ΰ","39.295907","140.846390","0","1"
"03","βθ§","03366","a‰κSΌa‰κ’¬","033660040000","Τ–Ψ–μ","39.335083","140.770200","0","1"
"03","βθ§","03366","a‰κSΌa‰κ’¬","033660041000","¨ζ","39.285457","140.828789","0","1"
"03","βθ§","03366","a‰κSΌa‰κ’¬","033660042000","–³’n“ΰ","39.312644","140.807455","0","1"
"03","βθ§","03366","a‰κSΌa‰κ’¬","033660043000","–{‰®•~","39.264383","140.850135","0","1"
"03","βθ§","03366","a‰κSΌa‰κ’¬","033660044000","–φ‘ς","39.321405","140.730692","0","1"
"03","βθ§","03366","a‰κSΌa‰κ’¬","033660045000","“’μ","39.275899","140.772490","0","1"
"03","βθ§","03366","a‰κSΌa‰κ’¬","033660046000","“’“c","39.352753","140.761065","0","1"
"03","βθ§","03366","a‰κSΌa‰κ’¬","033660047000","“’”V‘ς","39.349155","140.797101","0","1"
"03","βθ§","03366","a‰κSΌa‰κ’¬","033660048000","“’–{","39.346863","140.776352","0","1"
"03","βθ§","03366","a‰κSΌa‰κ’¬","033660049000","°ƒ–‘ς","39.331652","140.727014","0","1"
"03","βθ§","03366","a‰κSΌa‰κ’¬","033660050000","h”V‘ƒ","39.287630","140.805788","0","1"
"03","βθ§","03381","’_‘ςS‹ΰƒPθ’¬","033810001000","‰i‰h","39.158154","140.972985","0","1"
"03","βθ§","03381","’_‘ςS‹ΰƒPθ’¬","033810002000","‰i‘ς","39.167782","141.031588","0","1"
"03","βθ§","03381","’_‘ςS‹ΰƒPθ’¬","033810003000","Όª","39.214458","141.031574","0","1"
"03","βθ§","03381","’_‘ςS‹ΰƒPθ’¬","033810004000","OƒPK","39.217309","141.114786","0","1"
"03","βθ§","03381","’_‘ςS‹ΰƒPθ’¬","033810005000","Z΄","39.240745","141.058560","0","1"
"03","βθ§","03402","Ό”ΦδS•½ς’¬","034020001000","’·“‡","38.990173","141.155797","0","1"
"03","βθ§","03402","Ό”ΦδS•½ς’¬","034020002000","•½ς","38.988692","141.072354","0","1"
"03","βθ§","03441","‹CεSZ“c’¬","034410001000","γ—LZ","39.218929","141.631505","0","1"
"03","βθ§","03441","‹CεSZ“c’¬","034410002000","‰Ί—LZ","39.208118","141.522589","0","1"
"03","βθ§","03441","‹CεSZ“c’¬","034410003000","Ά“c•Δ","39.151770","141.512894","0","1"
"03","βθ§","03461","γ•ΒΙS‘ε’Ζ’¬","034610001001","‘εƒPϋκ’–Ϊ","39.370512","141.888831","0","3"
"03","βθ§","03461","γ•ΒΙS‘ε’Ζ’¬","034610001002","‘εƒPϋ“ρ’–Ϊ","39.374300","141.885633","0","3"
"03","βθ§","03461","γ•ΒΙS‘ε’Ζ’¬","034610002000","‹ΰΰV","39.459542","141.777384","0","1"
"03","βθ§","03461","γ•ΒΙS‘ε’Ζ’¬","034610003000","‘ε’¬","39.358859","141.907098","0","1"
"03","βθ§","03461","γ•ΒΙS‘ε’Ζ’¬","034610004000","{‰κ’¬","39.356602","141.905868","0","1"
"03","βθ§","03461","γ•ΒΙS‘ε’Ζ’¬","034610005000","–{’¬","39.357565","141.901925","0","1"
"03","βθ§","03461","γ•ΒΙS‘ε’Ζ’¬","034610006000","V’¬","39.361480","141.906562","0","1"
"03","βθ§","03461","γ•ΒΙS‘ε’Ζ’¬","034610007000","––L’¬","39.361053","141.904321","0","1"
"03","βθ§","03461","γ•ΒΙS‘ε’Ζ’¬","034610008000","‰h’¬","39.355096","141.900590","0","1"
"03","βθ§","03461","γ•ΒΙS‘ε’Ζ’¬","034610009000","χ–Ψ’¬","39.359179","141.887440","0","1"
"03","βθ§","03461","γ•ΒΙS‘ε’Ζ’¬","034610010000","¬’Θ","39.375826","141.830523","0","1"
"03","βθ§","03461","γ•ΒΙS‘ε’Ζ’¬","034610011000","γ’¬","39.357851","141.899339","0","1"
"03","βθ§","03461","γ•ΒΙS‘ε’Ζ’¬","034610012001","‹g—Ά‹g—Άκ’–Ϊ","39.368836","141.942261","0","3"
"03","βθ§","03461","γ•ΒΙS‘ε’Ζ’¬","034610012002","‹g—Ά‹g—Ά“ρ’–Ϊ","39.370153","141.940564","0","3"
"03","βθ§","03461","γ•ΒΙS‘ε’Ζ’¬","034610012003","‹g—Ά‹g—ΆO’–Ϊ","39.371062","141.947034","0","3"
"03","βθ§","03461","γ•ΒΙS‘ε’Ζ’¬","034610012004","‹g—Ά‹g—Άl’–Ϊ","39.370548","141.938272","0","3"
"03","βθ§","03461","γ•ΒΙS‘ε’Ζ’¬","034610013000","V`’¬","39.358017","141.913231","0","1"
"03","βθ§","03461","γ•ΒΙS‘ε’Ζ’¬","034610014001","ΐ“nκ’–Ϊ","39.361436","141.910373","0","3"
"03","βθ§","03461","γ•ΒΙS‘ε’Ζ’¬","034610014002","ΐ“n“ρ’–Ϊ","39.360093","141.916987","0","3"
"03","βθ§","03461","γ•ΒΙS‘ε’Ζ’¬","034610014003","ΐ“nO’–Ϊ","39.357038","141.919373","0","3"
"03","βθ§","03461","γ•ΒΙS‘ε’Ζ’¬","034610015000","`’¬","39.356085","141.915489","0","1"
"03","βθ§","03461","γ•ΒΙS‘ε’Ζ’¬","034610016001","Τ•lκ’–Ϊ","39.353638","141.928877","0","3"
"03","βθ§","03461","γ•ΒΙS‘ε’Ζ’¬","034610016002","Τ•l“ρ’–Ϊ","39.356372","141.934831","0","3"
"03","βθ§","03461","γ•ΒΙS‘ε’Ζ’¬","034610016003","Τ•lO’–Ϊ","39.351464","141.937595","0","3"
"03","βθ§","03461","γ•ΒΙS‘ε’Ζ’¬","034610017000","‘ε’Ζ","39.399476","141.864553","0","1"
"03","βθ§","03461","γ•ΒΙS‘ε’Ζ’¬","034610018000","‹g—Ά‹g—Ά","39.386715","141.928049","0","1"
"03","βθ§","03482","‰Ί•ΒΙSR“c’¬","034820001000","rμ","39.539248","141.835275","0","1"
"03","βθ§","03482","‰Ί•ΒΙSR“c’¬","034820002000","”Ρ‰ª","39.460197","141.938135","0","1"
"03","βθ§","03482","‰Ί•ΒΙSR“c’¬","034820003000","Ξ“»","39.545801","141.919648","0","1"
"03","βθ§","03482","‰Ί•ΒΙSR“c’¬","034820004000","‘ε‘ς","39.502200","141.977922","0","1"
"03","βθ§","03482","‰Ί•ΒΙSR“c’¬","034820005000","D}","39.434252","141.916107","0","1"
"03","βθ§","03482","‰Ί•ΒΙSR“c’¬","034820006000","μό’¬","39.464517","141.952466","0","1"
"03","βθ§","03482","‰Ί•ΒΙSR“c’¬","034820007000","–k•l’¬","39.471670","141.952903","0","1"
"03","βθ§","03482","‰Ί•ΒΙSR“c’¬","034820008000","γy’¬","39.470103","141.950666","0","1"
"03","βθ§","03482","‰Ί•ΒΙSR“c’¬","034820009000","‹«“c’¬","39.461485","141.954200","0","1"
"03","βθ§","03482","‰Ί•ΒΙSR“c’¬","034820010000","’†‰›’¬","39.467735","141.952699","0","1"
"03","βθ§","03482","‰Ί•ΒΙSR“c’¬","034820011000","–LΤª","39.505841","141.868684","0","1"
"03","βθ§","03482","‰Ί•ΒΙSR“c’¬","034820012001","’·θκ’–Ϊ","39.463296","141.949865","0","3"
"03","βθ§","03482","‰Ί•ΒΙSR“c’¬","034820012002","’·θ“ρ’–Ϊ","39.461926","141.947035","0","3"
"03","βθ§","03482","‰Ί•ΒΙSR“c’¬","034820012003","’·θO’–Ϊ","39.465311","141.947423","0","3"
"03","βθ§","03482","‰Ί•ΒΙSR“c’¬","034820012004","’·θl’–Ϊ","39.463349","141.946236","0","3"
"03","βθ§","03482","‰Ί•ΒΙSR“c’¬","034820013000","”ª”¦’¬","39.466810","141.949253","0","1"
"03","βθ§","03482","‰Ί•ΒΙSR“c’¬","034820014000","‘D‰z","39.442374","142.012522","0","1"
"03","βθ§","03482","‰Ί•ΒΙSR“c’¬","034820015000","R“c","39.473960","141.921997","0","1"
"03","βθ§","03483","‰Ί•ΒΙSβς’¬","034830001000","σ“ΰ","39.809125","141.711972","0","1"
"03","βθ§","03483","‰Ί•ΒΙSβς’¬","034830002000","ΐ‰Ζ","39.979308","141.690287","0","1"
"03","βθ§","03483","‰Ί•ΒΙSβς’¬","034830003000","‘ς","39.841039","141.627141","0","1"
"03","βθ§","03483","‰Ί•ΒΙSβς’¬","034830004000","“ςz","39.832572","141.773654","0","1"
"03","βθ§","03483","‰Ί•ΒΙSβς’¬","034830005000","βς","39.861571","141.800805","0","1"
"03","βθ§","03483","‰Ί•ΒΙSβς’¬","034830006000","‘εμ","39.765703","141.634890","0","1"
"03","βθ§","03483","‰Ί•ΒΙSβς’¬","034830007000","‰³–Ξ","39.844126","141.857026","0","1"
"03","βθ§","03483","‰Ί•ΒΙSβς’¬","034830008000","¬–{","39.854936","141.955554","0","1"
"03","βθ§","03483","‰Ί•ΒΙSβς’¬","034830009000","–ε","39.902638","141.587881","0","1"
"03","βθ§","03483","‰Ί•ΒΙSβς’¬","034830010000","’Γ“c","39.777677","141.532538","0","1"
"03","βθ§","03483","‰Ί•ΒΙSβς’¬","034830011000","γ—L|","39.754499","141.788413","0","1"
"03","βθ§","03483","‰Ί•ΒΙSβς’¬","034830012000","‰‘ς","39.807270","141.876235","0","1"
"03","βθ§","03483","‰Ί•ΒΙSβς’¬","034830013000","‰Ί—L|","39.779650","141.856573","0","1"
"03","βθ§","03483","‰Ί•ΒΙSβς’¬","034830014000","‘l“ό","39.780121","141.751962","0","1"
"03","βθ§","03483","‰Ί•ΒΙSβς’¬","034830015000","’†—Ά","39.834355","141.927064","0","1"
"03","βθ§","03483","‰Ί•ΒΙSβς’¬","034830016000","’†“‡","39.832795","141.949278","0","1"
"03","βθ§","03483","‰Ί•ΒΙSβς’¬","034830017000","“ρ΅Ξ","39.855786","141.736366","0","1"
"03","βθ§","03483","‰Ί•ΒΙSβς’¬","034830018000","εά–μ","39.838466","141.897068","0","1"
"03","βθ§","03483","‰Ί•ΒΙSβς’¬","034830019000","εά–Θ","39.867110","141.695821","0","1"
"03","βθ§","03484","‰Ί•ΒΙS“c–μ”¨‘Ί","034840001000","–ΎΛ","39.957441","141.915631","0","1"
"03","βθ§","03484","‰Ί•ΒΙS“c–μ”¨‘Ί","034840002000","κ‚Μ“n","39.955034","141.837717","0","1"
"03","βθ§","03484","‰Ί•ΒΙS“c–μ”¨‘Ί","034840003000","‰ΪΞX","39.920535","141.802792","0","1"
"03","βθ§","03484","‰Ί•ΒΙS“c–μ”¨‘Ί","034840004000","‘ε°","39.895861","141.928082","0","1"
"03","βθ§","03484","‰Ί•ΒΙS“c–μ”¨‘Ί","034840005000","‘εX","39.938414","141.821842","0","1"
"03","βθ§","03484","‰Ί•ΒΙS“c–μ”¨‘Ί","034840006000","”φΜ—v","39.942537","141.845574","0","1"
"03","βθ§","03484","‰Ί•ΒΙS“c–μ”¨‘Ί","034840007000","‰’n","39.947745","141.823169","0","1"
"03","βθ§","03484","‰Ί•ΒΙS“c–μ”¨‘Ί","034840008000","‰’nό","39.930898","141.826689","0","1"
"03","βθ§","03484","‰Ί•ΒΙS“c–μ”¨‘Ί","034840009000"," ‘ς","39.944720","141.804888","0","1"
"03","βθ§","03484","‰Ί•ΒΙS“c–μ”¨‘Ί","034840010000","μ•½","39.943653","141.903603","0","1"
"03","βθ§","03484","‰Ί•ΒΙS“c–μ”¨‘Ί","034840011000","–kR","39.975163","141.941055","0","1"
"03","βθ§","03484","‰Ί•ΒΙS“c–μ”¨‘Ί","034840012000","Ψ‹","39.900195","141.945089","0","1"
"03","βθ§","03484","‰Ί•ΒΙS“c–μ”¨‘Ί","034840013000","‰R","39.876170","141.893055","0","1"
"03","βθ§","03484","‰Ί•ΒΙS“c–μ”¨‘Ί","034840014000","“‡‰z","39.904876","141.922931","0","1"
"03","βθ§","03484","‰Ί•ΒΙS“c–μ”¨‘Ί","034840015000","›E","39.917156","141.893908","0","1"
"03","βθ§","03484","‰Ί•ΒΙS“c–μ”¨‘Ί","034840016000","‘ƒ‡","39.966932","141.866763","0","1"
"03","βθ§","03484","‰Ί•ΒΙS“c–μ”¨‘Ί","034840017000","ηδ","39.917107","141.834138","0","1"
"03","βθ§","03484","‰Ί•ΒΙS“c–μ”¨‘Ί","034840018000","η‘«","39.969135","141.814255","0","1"
"03","βθ§","03484","‰Ί•ΒΙS“c–μ”¨‘Ί","034840019000","‘κƒm‘ς","39.955556","141.856699","0","1"
"03","βθ§","03484","‰Ί•ΒΙS“c–μ”¨‘Ί","034840020000","“c‘γ","39.959438","141.826163","0","1"
"03","βθ§","03484","‰Ί•ΒΙS“c–μ”¨‘Ί","034840021000","“c–μ”¨","39.931372","141.886549","0","1"
"03","βθ§","03484","‰Ί•ΒΙS“c–μ”¨‘Ί","034840022000","χ","39.961224","141.936050","0","1"
"03","βθ§","03484","‰Ί•ΒΙS“c–μ”¨‘Ί","034840023000","”NC•”","39.872640","141.860826","0","1"
"03","βθ§","03484","‰Ί•ΒΙS“c–μ”¨‘Ί","034840024000","’·ª","39.959634","141.811104","0","1"
"03","βθ§","03484","‰Ί•ΒΙS“c–μ”¨‘Ί","034840025000","µ‘κ","39.911548","141.861400","0","1"
"03","βθ§","03484","‰Ί•ΒΙS“c–μ”¨‘Ί","034840026000","ΐ‘ά","39.934484","141.837547","0","1"
"03","βθ§","03484","‰Ί•ΒΙS“c–μ”¨‘Ί","034840027000","q–Ψ’n","39.935437","141.811881","0","1"
"03","βθ§","03484","‰Ί•ΒΙS“c–μ”¨‘Ί","034840028000","q–Ψ‰®•~","39.923731","141.819287","0","1"
"03","βθ§","03484","‰Ί•ΒΙS“c–μ”¨‘Ί","034840029000","”‹‹","39.970363","141.847415","0","1"
"03","βθ§","03484","‰Ί•ΒΙS“c–μ”¨‘Ί","034840030000","•lβς","39.894861","141.901066","0","1"
"03","βθ§","03484","‰Ί•ΒΙS“c–μ”¨‘Ί","034840031000","“ϊό","39.953812","141.799501","0","1"
"03","βθ§","03484","‰Ί•ΒΙS“c–μ”¨‘Ί","034840032000","•PΌ","39.926177","141.846969","0","1"
"03","βθ§","03484","‰Ί•ΒΙS“c–μ”¨‘Ί","034840033000","^–Ψ‘ς","39.883332","141.932729","0","1"
"03","βθ§","03484","‰Ί•ΒΙS“c–μ”¨‘Ί","034840034000","Ό‘O‘ς","39.918240","141.922149","0","1"
"03","βθ§","03484","‰Ί•ΒΙS“c–μ”¨‘Ί","034840035000","O‘ς","39.912501","141.812145","0","1"
"03","βθ§","03484","‰Ί•ΒΙS“c–μ”¨‘Ί","034840036000","“μ‘ε°","39.871459","141.914375","0","1"
"03","βθ§","03484","‰Ί•ΒΙS“c–μ”¨‘Ί","034840037000","Ίκ","39.893198","141.853838","0","1"
"03","βθ§","03484","‰Ί•ΒΙS“c–μ”¨‘Ί","034840038000","–Ϊ–Ό","39.880515","141.869248","0","1"
"03","βθ§","03484","‰Ί•ΒΙS“c–μ”¨‘Ί","034840039000","—…‰κ","39.938102","141.908699","0","1"
"03","βθ§","03484","‰Ί•ΒΙS“c–μ”¨‘Ί","034840040000","a–μ","39.930553","141.917168","0","1"
"03","βθ§","03485","‰Ί•ΒΙS•‘γ‘Ί","034850001000","‘ζ\’n„—…‰κ","39.983932","141.882658","0","1"
"03","βθ§","03485","‰Ί•ΒΙS•‘γ‘Ί","034850002000","‘ζ\κ’n„”–Ψ•½","39.977668","141.874151","0","1"
"03","βθ§","03485","‰Ί•ΒΙS•‘γ‘Ί","034850003000","‘ζ\“ρ’n„’†‘Ί","39.994115","141.876412","0","1"
"03","βθ§","03485","‰Ί•ΒΙS•‘γ‘Ί","034850004000","‘ζ\O’n„•‘γ","40.000762","141.877701","0","1"
"03","βθ§","03485","‰Ί•ΒΙS•‘γ‘Ί","034850005000","‘ζ\l’n„‰F—―•”","40.019425","141.891399","0","1"
"03","βθ§","03485","‰Ί•ΒΙS•‘γ‘Ί","034850006000","‘ζ\ά’n„’η","40.006533","141.869896","0","1"
"03","βθ§","03485","‰Ί•ΒΙS•‘γ‘Ί","034850007000","‘ζ\Z’n„“V”qβ","40.018780","141.871984","0","1"
"03","βθ§","03485","‰Ί•ΒΙS•‘γ‘Ί","034850008000","‘ζ\µ’n„–μΣ“","40.027574","141.881808","0","1"
"03","βθ§","03485","‰Ί•ΒΙS•‘γ‘Ί","034850009000","‘ζ\”ª’n„“yζκ","40.032939","141.878133","0","1"
"03","βθ§","03485","‰Ί•ΒΙS•‘γ‘Ί","034850010000","‘ζ\‹γ’n„”’δ","40.041337","141.875520","0","1"
"03","βθ§","03485","‰Ί•ΒΙS•‘γ‘Ί","034850011000","‘ζκ’n„γ‘Ί","39.990149","141.928282","0","1"
"03","βθ§","03485","‰Ί•ΒΙS•‘γ‘Ί","034850012000","‘ζ“ρ\’n„”nκ–μ","40.050561","141.864665","0","1"
"03","βθ§","03485","‰Ί•ΒΙS•‘γ‘Ί","034850013000","‘ζ“ρ\κ’n„–x“ΰ","40.036732","141.848632","0","1"
"03","βθ§","03485","‰Ί•ΒΙS•‘γ‘Ί","034850014000","‘ζ“ρ\“ρ’n„‘ςό","40.029745","141.854613","0","1"
"03","βθ§","03485","‰Ί•ΒΙS•‘γ‘Ί","034850015000","‘ζ“ρ\O’n„¬’J’n","40.031237","141.867669","0","1"
"03","βθ§","03485","‰Ί•ΒΙS•‘γ‘Ί","034850016000","‘ζ“ρ\l’n„’Ή‹","40.014936","141.857036","0","1"
"03","βθ§","03485","‰Ί•ΒΙS•‘γ‘Ί","034850017000","‘ζ“ρ\ά’n„‰Kq“Ρ","40.005620","141.843630","0","1"
"03","βθ§","03485","‰Ί•ΒΙS•‘γ‘Ί","034850018000","‘ζ“ρ\Z’n„–k‚ΜÒ","40.014305","141.828753","0","1"
"03","βθ§","03485","‰Ί•ΒΙS•‘γ‘Ί","034850019000","‘ζ“ρ\µ’n„–Ξs","40.002344","141.827872","0","1"
"03","βθ§","03485","‰Ί•ΒΙS•‘γ‘Ί","034850020000","‘ζ“ρ\”ª’n„°¶","39.988626","141.841184","0","1"
"03","βθ§","03485","‰Ί•ΒΙS•‘γ‘Ί","034850021000","‘ζ“ρ\‹γ’n„°“n","39.982101","141.848946","0","1"
"03","βθ§","03485","‰Ί•ΒΙS•‘γ‘Ί","034850022000","‘ζ“ρ’n„‰Ί‘Ί","39.999005","141.935251","0","1"
"03","βθ§","03485","‰Ί•ΒΙS•‘γ‘Ί","034850023000","‘ζO\’n„”‹‹","39.984993","141.816886","0","1"
"03","βθ§","03485","‰Ί•ΒΙS•‘γ‘Ί","034850024000","‘ζO\κ’n„“μÒ","40.001478","141.807543","0","1"
"03","βθ§","03485","‰Ί•ΒΙS•‘γ‘Ί","034850025000","‘ζO’n„•θ","39.998147","141.924784","0","1"
"03","βθ§","03485","‰Ί•ΒΙS•‘γ‘Ί","034850026000","‘ζl’n„a–μR","39.999807","141.913646","0","1"
"03","βθ§","03485","‰Ί•ΒΙS•‘γ‘Ί","034850027000","‘ζά’n„γ‚ΜR","39.988357","141.911757","0","1"
"03","βθ§","03485","‰Ί•ΒΙS•‘γ‘Ί","034850028000","‘ζZ’n„’†R","39.988002","141.894087","0","1"
"03","βθ§","03485","‰Ί•ΒΙS•‘γ‘Ί","034850029000","‘ζµ’n„–Ύ_","40.012270","141.900138","0","1"
"03","βθ§","03485","‰Ί•ΒΙS•‘γ‘Ί","034850030000","‘ζ”ª’n„‘Ύ“c–Ό•”","39.998785","141.893620","0","1"
"03","βθ§","03485","‰Ί•ΒΙS•‘γ‘Ί","034850031000","‘ζ‹γ’n„“Ί‰®","40.006698","141.886922","0","1"
"03","βθ§","03501","‹γΛSy•Δ’¬","035010001000","‘εΰ½’Λ","40.281907","141.406712","0","1"
"03","βθ§","03501","‹γΛSy•Δ’¬","035010002000","‘εγΪ","40.328742","141.522893","0","1"
"03","βθ§","03501","‹γΛSy•Δ’¬","035010003000","‘εy•Δ","40.320314","141.448952","0","1"
"03","βθ§","03501","‹γΛSy•Δ’¬","035010004000","‘ε‚‰Ζ","40.348971","141.422649","0","1"
"03","βθ§","03501","‹γΛSy•Δ’¬","035010005000","‘ε¬y•Δ","40.273405","141.548447","0","1"
"03","βθ§","03501","‹γΛSy•Δ’¬","035010006000","‘εR“ΰ","40.298811","141.398170","0","1"
"03","βθ§","03501","‹γΛSy•Δ’¬","035010007000","‘ε’·‘q","40.357343","141.482523","0","1"
"03","βθ§","03501","‹γΛSy•Δ’¬","035010008000","‘ε°R","40.339081","141.399936","0","1"
"03","βθ§","03501","‹γΛSy•Δ’¬","035010009000","‘εΦϋ","40.249790","141.501383","0","1"
"03","βθ§","03501","‹γΛSy•Δ’¬","035010010000","‘ε‰~q","40.261240","141.469754","0","1"
"03","βθ§","03503","‹γΛS–μ“c‘Ί","035030001000","‘ε‹Κμ","40.052976","141.815543","0","1"
"03","βθ§","03503","‹γΛS–μ“c‘Ί","035030002000","‘ε–μ“c","40.091885","141.785779","0","1"
"03","βθ§","03506","‹γΛS‹γΛ‘Ί","035060001000","‘εr’J","40.191643","141.424756","0","1"
"03","βθ§","03506","‹γΛS‹γΛ‘Ί","035060002000","‘εΙ•Ϋ“ΰ","40.196815","141.457605","0","1"
"03","βθ§","03506","‹γΛS‹γΛ‘Ί","035060003000","‘ε]h‰Ζ","40.258636","141.405967","0","1"
"03","βθ§","03506","‹γΛS‹γΛ‘Ί","035060004000","‘ε¬‘q","40.214720","141.402295","0","1"
"03","βθ§","03506","‹γΛS‹γΛ‘Ί","035060005000","‘εRª","40.176861","141.443292","0","1"
"03","βθ§","03506","‹γΛS‹γΛ‘Ί","035060006000","‘ε’·‹»›","40.220751","141.446929","0","1"
"03","βθ§","03506","‹γΛS‹γΛ‘Ί","035060007000","‘εΛ“c","40.140527","141.425766","0","1"
"03","βθ§","03506","‹γΛS‹γΛ‘Ί","035060008000","‘εR‰®","40.257066","141.441780","0","1"
"03","βθ§","03506","‹γΛS‹γΛ‘Ί","035060009000","‘εα‰®","40.229037","141.476339","0","1"
"03","βθ§","03507","‹γΛS—m–μ’¬","035070001000","Άq–Ψ","40.270030","141.718804","0","1"
"03","βθ§","03507","‹γΛS—m–μ’¬","035070002000","—L‰Ζ","40.313113","141.739440","0","1"
"03","βθ§","03507","‹γΛS—m–μ’¬","035070003000","‘ε–μ","40.297745","141.643903","0","1"
"03","βθ§","03507","‹γΛS—m–μ’¬","035070004000","¬q“ΰ","40.331365","141.751752","0","1"
"03","βθ§","03507","‹γΛS—m–μ’¬","035070005000","γΪ","40.339829","141.602408","0","1"
"03","βθ§","03507","‹γΛS—m–μ’¬","035070006000","‘Ρ“‡","40.251858","141.688388","0","1"
"03","βθ§","03507","‹γΛS—m–μ’¬","035070007000","νs","40.389840","141.679526","0","1"
"03","βθ§","03507","‹γΛS—m–μ’¬","035070008000","’†–μ","40.293722","141.746047","0","1"
"03","βθ§","03507","‹γΛS—m–μ’¬","035070009000","…‘ς","40.238799","141.629590","0","1"
"03","βθ§","03524","“ρΛSκΛ’¬","035240001000","o‘Ρ","40.161251","141.336756","0","1"
"03","βθ§","03524","“ρΛSκΛ’¬","035240002000","oƒ‹’¬","40.149975","141.202299","0","1"
"03","βθ§","03524","“ρΛSκΛ’¬","035240003000","κΛ","40.224688","141.289535","0","1"
"03","βθ§","03524","“ρΛSκΛ’¬","035240004000","βΪ","40.193021","141.308028","0","1"
"03","βθ§","03524","“ρΛSκΛ’¬","035240005000","‰F•Κ","40.064252","141.296179","0","1"
"03","βθ§","03524","“ρΛSκΛ’¬","035240006000","‰’†R","40.085142","141.217710","0","1"
"03","βθ§","03524","“ρΛSκΛ’¬","035240007000","¬—F","40.155526","141.242666","0","1"
"03","βθ§","03524","“ρΛSκΛ’¬","035240008000","–Κέ","40.168973","141.371229","0","1"
"03","βθ§","03524","“ρΛSκΛ’¬","035240009000","‚‘P›","40.216691","141.290430","0","1"
"03","βθ§","03524","“ρΛSκΛ’¬","035240010000","¬’Ή’J","40.153408","141.297690","0","1"
"03","βθ§","03524","“ρΛSκΛ’¬","035240011000","¬q","40.122662","141.270493","0","1"
"03","βθ§","03524","“ρΛSκΛ’¬","035240012000","Ό–@›","40.200904","141.291199","0","1"
"03","βθ§","03524","“ρΛSκΛ’¬","035240013000","Ϊ","40.185539","141.243110","0","1"
"03","βθ§","03524","“ρΛSκΛ’¬","035240014000","’Ή‰z","40.235087","141.277271","0","1"
"03","βθ§","03524","“ρΛSκΛ’¬","035240015000","’†—Ά","40.203537","141.262504","0","1"
"03","βθ§","03524","“ρΛSκΛ’¬","035240016000","’†R","40.075080","141.254735","0","1"
"03","βθ§","03524","“ρΛSκΛ’¬","035240017000","“θR","40.219915","141.354358","0","1"
"03","βθ§","03524","“ρΛSκΛ’¬","035240018000","ª”½","40.191156","141.348791","0","1"
"03","βθ§","03524","“ρΛSκΛ’¬","035240019000","•½f","40.095399","141.308737","0","1"
"03","βθ§","03524","“ρΛSκΛ’¬","035240020000","—­","40.147406","141.259450","0","1"
