"都道府県コード","都道府県名","市区町村コード","市区町村名","大字町丁目コード","大字町丁目名","緯度","経度","原典資料コード","大字・字・丁目区分コード"
"33","岡山県","33101","岡山市北区","331010001000","葵町","34.669495","133.899370","0","1"
"33","岡山県","33101","岡山市北区","331010002001","青江一丁目","34.634108","133.918142","0","3"
"33","岡山県","33101","岡山市北区","331010002002","青江二丁目","34.633987","133.921695","0","3"
"33","岡山県","33101","岡山市北区","331010002003","青江三丁目","34.633822","133.925130","0","3"
"33","岡山県","33101","岡山市北区","331010002004","青江四丁目","34.630393","133.924395","0","3"
"33","岡山県","33101","岡山市北区","331010002005","青江五丁目","34.630090","133.919500","0","3"
"33","岡山県","33101","岡山市北区","331010003000","旭本町","34.643476","133.929926","0","1"
"33","岡山県","33101","岡山市北区","331010004000","旭町","34.646187","133.927736","0","1"
"33","岡山県","33101","岡山市北区","331010005000","足守","34.729290","133.803348","0","1"
"33","岡山県","33101","岡山市北区","331010006000","天瀬","34.655195","133.928808","0","1"
"33","岡山県","33101","岡山市北区","331010007000","天瀬南町","34.652555","133.928335","0","1"
"33","岡山県","33101","岡山市北区","331010008000","粟井","34.751074","133.773012","0","1"
"33","岡山県","33101","岡山市北区","331010009000","石関町","34.666897","133.931686","0","1"
"33","岡山県","33101","岡山市北区","331010010000","石妻","34.767479","133.846467","0","1"
"33","岡山県","33101","岡山市北区","331010011000","伊島北町","34.680815","133.905030","0","1"
"33","岡山県","33101","岡山市北区","331010012001","伊島町一丁目","34.676454","133.911086","0","3"
"33","岡山県","33101","岡山市北区","331010012002","伊島町二丁目","34.679627","133.910195","0","3"
"33","岡山県","33101","岡山市北区","331010012003","伊島町三丁目","34.677915","133.907101","0","3"
"33","岡山県","33101","岡山市北区","331010013001","出石町一丁目","34.669440","133.931855","0","3"
"33","岡山県","33101","岡山市北区","331010013002","出石町二丁目","34.672968","133.931219","0","3"
"33","岡山県","33101","岡山市北区","331010014000","いずみ町","34.678620","133.916937","0","1"
"33","岡山県","33101","岡山市北区","331010015000","一宮","34.676501","133.866269","0","1"
"33","岡山県","33101","岡山市北区","331010016000","一宮山崎","34.683507","133.873545","0","1"
"33","岡山県","33101","岡山市北区","331010017001","伊福町一丁目","34.670514","133.914670","0","3"
"33","岡山県","33101","岡山市北区","331010017002","伊福町二丁目","34.673363","133.915839","0","3"
"33","岡山県","33101","岡山市北区","331010017003","伊福町三丁目","34.673331","133.912782","0","3"
"33","岡山県","33101","岡山市北区","331010017004","伊福町四丁目","34.672843","133.909925","0","3"
"33","岡山県","33101","岡山市北区","331010018001","今一丁目","34.651478","133.894790","0","3"
"33","岡山県","33101","岡山市北区","331010018002","今二丁目","34.648376","133.896819","0","3"
"33","岡山県","33101","岡山市北区","331010018003","今三丁目","34.648022","133.893101","0","3"
"33","岡山県","33101","岡山市北区","331010018004","今四丁目","34.644931","133.893243","0","3"
"33","岡山県","33101","岡山市北区","331010018005","今五丁目","34.645284","133.896958","0","3"
"33","岡山県","33101","岡山市北区","331010018006","今六丁目","34.642137","133.897103","0","3"
"33","岡山県","33101","岡山市北区","331010018007","今七丁目","34.641834","133.893374","0","3"
"33","岡山県","33101","岡山市北区","331010018008","今八丁目","34.638161","133.893463","0","3"
"33","岡山県","33101","岡山市北区","331010019000","今岡","34.690124","133.870389","0","1"
"33","岡山県","33101","岡山市北区","331010020000","今保","34.637752","133.873340","0","1"
"33","岡山県","33101","岡山市北区","331010021000","今村","34.639527","133.895956","0","1"
"33","岡山県","33101","岡山市北区","331010022001","岩井一丁目","34.670541","133.896678","0","3"
"33","岡山県","33101","岡山市北区","331010022002","岩井二丁目","34.671793","133.894032","0","3"
"33","岡山県","33101","岡山市北区","331010023000","岩井宮裏","34.671736","133.903924","0","1"
"33","岡山県","33101","岡山市北区","331010024000","岩田町","34.669945","133.921586","0","1"
"33","岡山県","33101","岡山市北区","331010025001","内山下一丁目","34.660792","133.931620","0","3"
"33","岡山県","33101","岡山市北区","331010025002","内山下二丁目","34.660804","133.934510","0","3"
"33","岡山県","33101","岡山市北区","331010026001","駅前町一丁目","34.666383","133.921012","0","3"
"33","岡山県","33101","岡山市北区","331010026002","駅前町二丁目","34.667975","133.921211","0","3"
"33","岡山県","33101","岡山市北区","331010027000","駅元町","34.665420","133.916729","0","1"
"33","岡山県","33101","岡山市北区","331010028000","絵図町","34.676074","133.919628","0","1"
"33","岡山県","33101","岡山市北区","331010029000","大井","34.742895","133.805314","0","1"
"33","岡山県","33101","岡山市北区","331010030000","大内田","34.626791","133.839692","0","1"
"33","岡山県","33101","岡山市北区","331010031000","大窪","34.696721","133.849857","0","1"
"33","岡山県","33101","岡山市北区","331010032000","大崎","34.705642","133.817162","0","1"
"33","岡山県","33101","岡山市北区","331010033001","大元一丁目","34.645801","133.903641","0","3"
"33","岡山県","33101","岡山市北区","331010033002","大元二丁目","34.642684","133.903783","0","3"
"33","岡山県","33101","岡山市北区","331010034000","大元駅前","34.645956","133.911818","0","1"
"33","岡山県","33101","岡山市北区","331010035000","大元上町","34.648700","133.900441","0","1"
"33","岡山県","33101","岡山市北区","331010036000","岡町","34.649482","133.922444","0","1"
"33","岡山県","33101","岡山市北区","331010037001","奥田一丁目","34.645624","133.924070","0","3"
"33","岡山県","33101","岡山市北区","331010037002","奥田二丁目","34.643247","133.922030","0","3"
"33","岡山県","33101","岡山市北区","331010038000","奥田西町","34.643206","133.917707","0","1"
"33","岡山県","33101","岡山市北区","331010039000","奥田本町","34.645948","133.921353","0","1"
"33","岡山県","33101","岡山市北区","331010040000","奥田南町","34.641664","133.921840","0","1"
"33","岡山県","33101","岡山市北区","331010041000","尾上","34.665607","133.865526","0","1"
"33","岡山県","33101","岡山市北区","331010042000","御舟入町","34.637790","133.934466","0","1"
"33","岡山県","33101","岡山市北区","331010043001","表町一丁目","34.663989","133.929508","0","3"
"33","岡山県","33101","岡山市北区","331010043002","表町二丁目","34.660825","133.929562","0","3"
"33","岡山県","33101","岡山市北区","331010043003","表町三丁目","34.657840","133.928351","0","3"
"33","岡山県","33101","岡山市北区","331010044000","栢谷","34.728894","133.920094","0","1"
"33","岡山県","33101","岡山市北区","331010045001","学南町一丁目","34.679556","133.922889","0","3"
"33","岡山県","33101","岡山市北区","331010045002","学南町二丁目","34.682944","133.921635","0","3"
"33","岡山県","33101","岡山市北区","331010045003","学南町三丁目","34.683573","133.925339","0","3"
"33","岡山県","33101","岡山市北区","331010046000","掛畑","34.807153","133.799380","0","1"
"33","岡山県","33101","岡山市北区","331010047000","春日町","34.653835","133.921474","0","1"
"33","岡山県","33101","岡山市北区","331010048000","金山寺","34.735753","133.947402","0","1"
"33","岡山県","33101","岡山市北区","331010049000","上高田","34.784047","133.831445","0","1"
"33","岡山県","33101","岡山市北区","331010050000","上土田","34.708159","133.808509","0","1"
"33","岡山県","33101","岡山市北区","331010051001","上中野一丁目","34.645585","133.900577","0","3"
"33","岡山県","33101","岡山市北区","331010051002","上中野二丁目","34.642400","133.900788","0","3"
"33","岡山県","33101","岡山市北区","331010052000","加茂","34.675298","133.830051","0","1"
"33","岡山県","33101","岡山市北区","331010053000","辛川市場","34.687001","133.864998","0","1"
"33","岡山県","33101","岡山市北区","331010054000","川入","34.658715","133.845341","0","1"
"33","岡山県","33101","岡山市北区","331010055000","河原","34.786821","133.800814","0","1"
"33","岡山県","33101","岡山市北区","331010056000","関西町","34.672123","133.899270","0","1"
"33","岡山県","33101","岡山市北区","331010057001","神田町一丁目","34.639935","133.920092","0","3"
"33","岡山県","33101","岡山市北区","331010057002","神田町二丁目","34.639147","133.923228","0","3"
"33","岡山県","33101","岡山市北区","331010058000","祇園","34.708550","133.958110","0","1"
"33","岡山県","33101","岡山市北区","331010059001","北方一丁目","34.686188","133.930127","0","3"
"33","岡山県","33101","岡山市北区","331010059002","北方二丁目","34.688695","133.930572","0","3"
"33","岡山県","33101","岡山市北区","331010059003","北方三丁目","34.687397","133.933012","0","3"
"33","岡山県","33101","岡山市北区","331010059004","北方四丁目","34.685606","133.935512","0","3"
"33","岡山県","33101","岡山市北区","331010060000","北長瀬","34.650813","133.879078","0","1"
"33","岡山県","33101","岡山市北区","331010061001","北長瀬表町一丁目","34.653645","133.892585","0","3"
"33","岡山県","33101","岡山市北区","331010061002","北長瀬表町二丁目","34.652081","133.887898","0","3"
"33","岡山県","33101","岡山市北区","331010061003","北長瀬表町三丁目","34.650847","133.883341","0","3"
"33","岡山県","33101","岡山市北区","331010062000","北長瀬本町","34.655976","133.886126","0","1"
"33","岡山県","33101","岡山市北区","331010063000","吉備津","34.673665","133.845681","0","1"
"33","岡山県","33101","岡山市北区","331010064000","京橋町","34.657798","133.931720","0","1"
"33","岡山県","33101","岡山市北区","331010065000","京橋南町","34.654931","133.931042","0","1"
"33","岡山県","33101","岡山市北区","331010066000","京町","34.653595","133.924542","0","1"
"33","岡山県","33101","岡山市北区","331010067001","京山一丁目","34.672878","133.906124","0","3"
"33","岡山県","33101","岡山市北区","331010067002","京山二丁目","34.675151","133.905869","0","3"
"33","岡山県","33101","岡山市北区","331010068000","久米","34.646818","133.871678","0","1"
"33","岡山県","33101","岡山市北区","331010069000","桑田町","34.659115","133.915540","0","1"
"33","岡山県","33101","岡山市北区","331010070001","厚生町一丁目","34.655715","133.915581","0","3"
"33","岡山県","33101","岡山市北区","331010070002","厚生町二丁目","34.655524","133.913595","0","3"
"33","岡山県","33101","岡山市北区","331010070003","厚生町三丁目","34.655335","133.911350","0","3"
"33","岡山県","33101","岡山市北区","331010071001","岡南町一丁目","34.645489","133.926260","0","3"
"33","岡山県","33101","岡山市北区","331010071002","岡南町二丁目","34.642022","133.926235","0","3"
"33","岡山県","33101","岡山市北区","331010072000","首部","34.685720","133.896597","0","1"
"33","岡山県","33101","岡山市北区","331010073000","高野尻","34.736381","133.932568","0","1"
"33","岡山県","33101","岡山市北区","331010074000","後楽園","34.666624","133.935692","0","1"
"33","岡山県","33101","岡山市北区","331010075000","国体町","34.673076","133.920570","0","1"
"33","岡山県","33101","岡山市北区","331010076000","苔山","34.765692","133.800710","0","1"
"33","岡山県","33101","岡山市北区","331010077000","寿町","34.666960","133.912849","0","1"
"33","岡山県","33101","岡山市北区","331010078000","小山","34.694066","133.814492","0","1"
"33","岡山県","33101","岡山市北区","331010079000","幸町","34.661449","133.920968","0","1"
"33","岡山県","33101","岡山市北区","331010080000","佐山","34.701359","133.880723","0","1"
"33","岡山県","33101","岡山市北区","331010081001","鹿田町一丁目","34.653829","133.918918","0","3"
"33","岡山県","33101","岡山市北区","331010081002","鹿田町二丁目","34.650805","133.919884","0","3"
"33","岡山県","33101","岡山市北区","331010082000","鹿田本町","34.651662","133.916381","0","1"
"33","岡山県","33101","岡山市北区","331010083001","島田本町一丁目","34.661789","133.909854","0","3"
"33","岡山県","33101","岡山市北区","331010083002","島田本町二丁目","34.661367","133.907163","0","3"
"33","岡山県","33101","岡山市北区","331010084000","下足守","34.720538","133.813877","0","1"
"33","岡山県","33101","岡山市北区","331010085001","下石井一丁目","34.662457","133.917324","0","3"
"33","岡山県","33101","岡山市北区","331010085002","下石井二丁目","34.659156","133.918002","0","3"
"33","岡山県","33101","岡山市北区","331010086001","下伊福一丁目","34.666975","133.906427","0","3"
"33","岡山県","33101","岡山市北区","331010086002","下伊福二丁目","34.664285","133.905904","0","3"
"33","岡山県","33101","岡山市北区","331010087000","下伊福上町","34.667416","133.902865","0","1"
"33","岡山県","33101","岡山市北区","331010088000","下伊福西町","34.664719","133.901119","0","1"
"33","岡山県","33101","岡山市北区","331010089000","下伊福本町","34.664730","133.903496","0","1"
"33","岡山県","33101","岡山市北区","331010090000","下内田町","34.647612","133.927975","0","1"
"33","岡山県","33101","岡山市北区","331010091000","下高田","34.768502","133.830820","0","1"
"33","岡山県","33101","岡山市北区","331010092000","下土田","34.703269","133.797640","0","1"
"33","岡山県","33101","岡山市北区","331010093000","下中野","34.638622","133.901419","0","1"
"33","岡山県","33101","岡山市北区","331010094000","下牧","34.740601","133.955055","0","1"
"33","岡山県","33101","岡山市北区","331010095000","宿","34.703977","133.930278","0","1"
"33","岡山県","33101","岡山市北区","331010096000","宿本町","34.699182","133.936929","0","1"
"33","岡山県","33101","岡山市北区","331010097000","庄田","34.777154","133.805257","0","1"
"33","岡山県","33101","岡山市北区","331010098000","昭和町","34.664484","133.912918","0","1"
"33","岡山県","33101","岡山市北区","331010099000","白石","34.652319","133.871843","0","1"
"33","岡山県","33101","岡山市北区","331010100000","白石西新町","34.655264","133.868996","0","1"
"33","岡山県","33101","岡山市北区","331010101000","白石東新町","34.656774","133.874648","0","1"
"33","岡山県","33101","岡山市北区","331010102000","新庄上","34.676138","133.801583","0","1"
"33","岡山県","33101","岡山市北区","331010103000","新庄下","34.671999","133.805445","0","1"
"33","岡山県","33101","岡山市北区","331010104000","新道","34.649640","133.926556","0","1"
"33","岡山県","33101","岡山市北区","331010105001","新屋敷町一丁目","34.655489","133.909352","0","3"
"33","岡山県","33101","岡山市北区","331010105002","新屋敷町二丁目","34.655485","133.907208","0","3"
"33","岡山県","33101","岡山市北区","331010105003","新屋敷町三丁目","34.653277","133.908354","0","3"
"33","岡山県","33101","岡山市北区","331010106000","菅野","34.748885","133.894616","0","1"
"33","岡山県","33101","岡山市北区","331010107000","杉谷","34.752647","133.830392","0","1"
"33","岡山県","33101","岡山市北区","331010108001","清輝橋一丁目","34.652205","133.924403","0","3"
"33","岡山県","33101","岡山市北区","331010108002","清輝橋二丁目","34.650923","133.924782","0","3"
"33","岡山県","33101","岡山市北区","331010108003","清輝橋三丁目","34.648682","133.924334","0","3"
"33","岡山県","33101","岡山市北区","331010108004","清輝橋四丁目","34.649137","133.925627","0","3"
"33","岡山県","33101","岡山市北区","331010109000","清輝本町","34.652736","133.926788","0","1"
"33","岡山県","33101","岡山市北区","331010110000","清心町","34.673072","133.918400","0","1"
"33","岡山県","33101","岡山市北区","331010111000","船頭町","34.649867","133.929435","0","1"
"33","岡山県","33101","岡山市北区","331010112000","惣爪","34.667997","133.832271","0","1"
"33","岡山県","33101","岡山市北区","331010113000","大安寺中町","34.666660","133.887398","0","1"
"33","岡山県","33101","岡山市北区","331010114000","大安寺西町","34.665725","133.883994","0","1"
"33","岡山県","33101","岡山市北区","331010115000","大安寺東町","34.667361","133.890967","0","1"
"33","岡山県","33101","岡山市北区","331010116001","大安寺南町一丁目","34.660663","133.891988","0","3"
"33","岡山県","33101","岡山市北区","331010116002","大安寺南町二丁目","34.660167","133.887165","0","3"
"33","岡山県","33101","岡山市北区","331010117000","大学町","34.652604","133.921375","0","1"
"33","岡山県","33101","岡山市北区","331010118001","大供一丁目","34.655115","133.920689","0","3"
"33","岡山県","33101","岡山市北区","331010118002","大供二丁目","34.654741","133.917073","0","3"
"33","岡山県","33101","岡山市北区","331010118003","大供三丁目","34.656708","133.917716","0","3"
"33","岡山県","33101","岡山市北区","331010119000","大供表町","34.652391","133.914596","0","1"
"33","岡山県","33101","岡山市北区","331010120000","大供本町","34.653044","133.911924","0","1"
"33","岡山県","33101","岡山市北区","331010121000","高塚","34.688692","133.805250","0","1"
"33","岡山県","33101","岡山市北区","331010122000","高野","34.742842","133.925776","0","1"
"33","岡山県","33101","岡山市北区","331010123000","高松","34.690669","133.823513","0","1"
"33","岡山県","33101","岡山市北区","331010124000","高松稲荷","34.708836","133.835977","0","1"
"33","岡山県","33101","岡山市北区","331010125000","高松田中","34.696595","133.795523","0","1"
"33","岡山県","33101","岡山市北区","331010126000","高松原古才","34.684437","133.822314","0","1"
"33","岡山県","33101","岡山市北区","331010127000","高柳西町","34.661006","133.897148","0","1"
"33","岡山県","33101","岡山市北区","331010128000","高柳東町","34.661192","133.903056","0","1"
"33","岡山県","33101","岡山市北区","331010129000","建部町市場","34.847984","133.901206","0","1"
"33","岡山県","33101","岡山市北区","331010130000","建部町大田","34.861672","133.919823","0","1"
"33","岡山県","33101","岡山市北区","331010131000","建部町小倉","34.833708","133.941086","0","1"
"33","岡山県","33101","岡山市北区","331010132000","建部町川口","34.895072","133.901690","0","1"
"33","岡山県","33101","岡山市北区","331010133000","建部町桜","34.846574","133.877577","0","1"
"33","岡山県","33101","岡山市北区","331010134000","建部町三明寺","34.924482","133.899067","0","1"
"33","岡山県","33101","岡山市北区","331010135000","建部町品田","34.884710","133.869531","0","1"
"33","岡山県","33101","岡山市北区","331010136000","建部町下神目","34.887951","133.923426","0","1"
"33","岡山県","33101","岡山市北区","331010137000","建部町建部上","34.861334","133.903181","0","1"
"33","岡山県","33101","岡山市北区","331010138000","建部町田地子","34.862734","133.858606","0","1"
"33","岡山県","33101","岡山市北区","331010139000","建部町鶴田","34.911914","133.872369","0","1"
"33","岡山県","33101","岡山市北区","331010140000","建部町角石畝","34.935974","133.886354","0","1"
"33","岡山県","33101","岡山市北区","331010141000","建部町角石谷","34.928009","133.891466","0","1"
"33","岡山県","33101","岡山市北区","331010142000","建部町富沢","34.857587","133.891043","0","1"
"33","岡山県","33101","岡山市北区","331010143000","建部町中田","34.837212","133.886806","0","1"
"33","岡山県","33101","岡山市北区","331010144000","建部町西原","34.832474","133.895386","0","1"
"33","岡山県","33101","岡山市北区","331010145000","建部町土師方","34.852000","133.943887","0","1"
"33","岡山県","33101","岡山市北区","331010146000","建部町福渡","34.870262","133.911535","0","1"
"33","岡山県","33101","岡山市北区","331010147000","建部町豊楽寺","34.880553","133.912002","0","1"
"33","岡山県","33101","岡山市北区","331010148000","建部町宮地","34.853157","133.906221","0","1"
"33","岡山県","33101","岡山市北区","331010149000","建部町吉田","34.842951","133.916177","0","1"
"33","岡山県","33101","岡山市北区","331010150000","建部町和田南","34.927075","133.867370","0","1"
"33","岡山県","33101","岡山市北区","331010151000","立田","34.686008","133.834941","0","1"
"33","岡山県","33101","岡山市北区","331010152000","辰巳","34.640379","133.888141","0","1"
"33","岡山県","33101","岡山市北区","331010153000","田中","34.638929","133.881368","0","1"
"33","岡山県","33101","岡山市北区","331010154001","谷万成一丁目","34.676297","133.900454","0","3"
"33","岡山県","33101","岡山市北区","331010154002","谷万成二丁目","34.678165","133.897218","0","3"
"33","岡山県","33101","岡山市北区","331010155000","田原","34.738764","133.879019","0","1"
"33","岡山県","33101","岡山市北区","331010156000","玉柏","34.719626","133.964277","0","1"
"33","岡山県","33101","岡山市北区","331010157000","田益","34.713599","133.895761","0","1"
"33","岡山県","33101","岡山市北区","331010158001","田町一丁目","34.661437","133.924545","0","3"
"33","岡山県","33101","岡山市北区","331010158002","田町二丁目","34.659452","133.924601","0","3"
"33","岡山県","33101","岡山市北区","331010159000","中央町","34.657380","133.924610","0","1"
"33","岡山県","33101","岡山市北区","331010160001","津倉町一丁目","34.670131","133.909066","0","3"
"33","岡山県","33101","岡山市北区","331010160002","津倉町二丁目","34.670424","133.907583","0","3"
"33","岡山県","33101","岡山市北区","331010161000","津島","34.694795","133.921114","0","1"
"33","岡山県","33101","岡山市北区","331010162001","津島京町一丁目","34.680654","133.900381","0","3"
"33","岡山県","33101","岡山市北区","331010162002","津島京町二丁目","34.682472","133.900850","0","3"
"33","岡山県","33101","岡山市北区","331010162003","津島京町三丁目","34.685104","133.900391","0","3"
"33","岡山県","33101","岡山市北区","331010163000","津島桑の木町","34.686259","133.912769","0","1"
"33","岡山県","33101","岡山市北区","331010164000","津島笹が瀬","34.687211","133.901872","0","1"
"33","岡山県","33101","岡山市北区","331010165001","津島中一丁目","34.685631","133.917119","0","3"
"33","岡山県","33101","岡山市北区","331010165002","津島中二丁目","34.686466","133.922650","0","3"
"33","岡山県","33101","岡山市北区","331010165003","津島中三丁目","34.689246","133.922055","0","3"
"33","岡山県","33101","岡山市北区","331010166001","津島新野一丁目","34.682978","133.918347","0","3"
"33","岡山県","33101","岡山市北区","331010166002","津島新野二丁目","34.682734","133.915605","0","3"
"33","岡山県","33101","岡山市北区","331010167001","津島西坂一丁目","34.682665","133.904963","0","3"
"33","岡山県","33101","岡山市北区","331010167002","津島西坂二丁目","34.683553","133.906584","0","3"
"33","岡山県","33101","岡山市北区","331010167003","津島西坂三丁目","34.687727","133.905283","0","3"
"33","岡山県","33101","岡山市北区","331010168001","津島東一丁目","34.686916","133.927077","0","3"
"33","岡山県","33101","岡山市北区","331010168002","津島東二丁目","34.689778","133.928679","0","3"
"33","岡山県","33101","岡山市北区","331010168003","津島東三丁目","34.693200","133.927497","0","3"
"33","岡山県","33101","岡山市北区","331010168004","津島東四丁目","34.693334","133.924324","0","3"
"33","岡山県","33101","岡山市北区","331010169001","津島福居一丁目","34.689043","133.914045","0","3"
"33","岡山県","33101","岡山市北区","331010169002","津島福居二丁目","34.691488","133.918842","0","3"
"33","岡山県","33101","岡山市北区","331010170000","津島本町","34.688535","133.908528","0","1"
"33","岡山県","33101","岡山市北区","331010171001","津島南一丁目","34.683199","133.912683","0","3"
"33","岡山県","33101","岡山市北区","331010171002","津島南二丁目","34.683019","133.910107","0","3"
"33","岡山県","33101","岡山市北区","331010172000","津高","34.696553","133.919106","0","1"
"33","岡山県","33101","岡山市北区","331010173001","津高台一丁目","34.698331","133.916833","0","3"
"33","岡山県","33101","岡山市北区","331010173002","津高台二丁目","34.698170","133.914153","0","3"
"33","岡山県","33101","岡山市北区","331010173003","津高台三丁目","34.698148","133.911899","0","3"
"33","岡山県","33101","岡山市北区","331010173004","津高台四丁目","34.700588","133.913769","0","3"
"33","岡山県","33101","岡山市北区","331010174000","津寺","34.676478","133.819940","0","1"
"33","岡山県","33101","岡山市北区","331010175000","天神町","34.667284","133.929301","0","1"
"33","岡山県","33101","岡山市北区","331010176000","問屋町","34.644079","133.889036","0","1"
"33","岡山県","33101","岡山市北区","331010177000","十日市中町","34.637386","133.928975","0","1"
"33","岡山県","33101","岡山市北区","331010178000","十日市西町","34.637040","133.925213","0","1"
"33","岡山県","33101","岡山市北区","331010179000","十日市東町","34.636019","133.931722","0","1"
"33","岡山県","33101","岡山市北区","331010180000","磨屋町","34.664067","133.925256","0","1"
"33","岡山県","33101","岡山市北区","331010181000","富田","34.639452","133.915215","0","1"
"33","岡山県","33101","岡山市北区","331010182000","富原","34.697153","133.890074","0","1"
"33","岡山県","33101","岡山市北区","331010183001","富町一丁目","34.666994","133.909214","0","3"
"33","岡山県","33101","岡山市北区","331010183002","富町二丁目","34.664367","133.909270","0","3"
"33","岡山県","33101","岡山市北区","331010184000","富吉","34.734907","133.862782","0","1"
"33","岡山県","33101","岡山市北区","331010185001","富田町一丁目","34.669931","133.923559","0","3"
"33","岡山県","33101","岡山市北区","331010185002","富田町二丁目","34.669719","133.925384","0","3"
"33","岡山県","33101","岡山市北区","331010186001","中井町一丁目","34.682072","133.929407","0","3"
"33","岡山県","33101","岡山市北区","331010186002","中井町二丁目","34.681558","133.932056","0","3"
"33","岡山県","33101","岡山市北区","331010187001","中山下一丁目","34.664042","133.927414","0","3"
"33","岡山県","33101","岡山市北区","331010187002","中山下二丁目","34.660595","133.927467","0","3"
"33","岡山県","33101","岡山市北区","331010188001","中島田町一丁目","34.660270","133.911354","0","3"
"33","岡山県","33101","岡山市北区","331010188002","中島田町二丁目","34.658101","133.911308","0","3"
"33","岡山県","33101","岡山市北区","331010189000","中仙道","34.644485","133.885032","0","1"
"33","岡山県","33101","岡山市北区","331010190001","中仙道一丁目","34.647877","133.888847","0","3"
"33","岡山県","33101","岡山市北区","331010190002","中仙道二丁目","34.647038","133.884119","0","3"
"33","岡山県","33101","岡山市北区","331010191000","中撫川","34.650022","133.840584","0","1"
"33","岡山県","33101","岡山市北区","331010192000","長野","34.719408","133.843212","0","1"
"33","岡山県","33101","岡山市北区","331010193000","中原","34.703456","133.949691","0","1"
"33","岡山県","33101","岡山市北区","331010194000","中牧","34.763004","133.961129","0","1"
"33","岡山県","33101","岡山市北区","331010195000","撫川","34.642656","133.841456","0","1"
"33","岡山県","33101","岡山市北区","331010196000","七日市西町","34.639871","133.929371","0","1"
"33","岡山県","33101","岡山市北区","331010197000","七日市東町","34.640258","133.931912","0","1"
"33","岡山県","33101","岡山市北区","331010198000","楢津","34.684177","133.885615","0","1"
"33","岡山県","33101","岡山市北区","331010199000","西市","34.636641","133.900339","0","1"
"33","岡山県","33101","岡山市北区","331010200000","西辛川","34.682825","133.854436","0","1"
"33","岡山県","33101","岡山市北区","331010201000","錦町","34.663249","133.920893","0","1"
"33","岡山県","33101","岡山市北区","331010202001","西崎一丁目","34.664722","133.898091","0","3"
"33","岡山県","33101","岡山市北区","331010202002","西崎二丁目","34.664618","133.895098","0","3"
"33","岡山県","33101","岡山市北区","331010203000","西崎本町","34.669461","133.894828","0","1"
"33","岡山県","33101","岡山市北区","331010204000","西島田町","34.660003","133.908529","0","1"
"33","岡山県","33101","岡山市北区","331010205000","西長瀬","34.647693","133.879151","0","1"
"33","岡山県","33101","岡山市北区","331010206000","西之町","34.651460","133.908388","0","1"
"33","岡山県","33101","岡山市北区","331010207000","西野山町","34.667281","133.877049","0","1"
"33","岡山県","33101","岡山市北区","331010208000","西花尻","34.657953","133.856050","0","1"
"33","岡山県","33101","岡山市北区","331010209000","西古松","34.644501","133.907825","0","1"
"33","岡山県","33101","岡山市北区","331010210001","西古松一丁目","34.649116","133.907633","0","3"
"33","岡山県","33101","岡山市北区","331010210002","西古松二丁目","34.646846","133.907735","0","3"
"33","岡山県","33101","岡山市北区","331010211000","西古松西町","34.648874","133.903566","0","1"
"33","岡山県","33101","岡山市北区","331010212000","西山内","34.767075","133.754871","0","1"
"33","岡山県","33101","岡山市北区","331010213000","日応寺","34.767310","133.862040","0","1"
"33","岡山県","33101","岡山市北区","331010214000","庭瀬","34.644863","133.849954","0","1"
"33","岡山県","33101","岡山市北区","331010215000","納所","34.658451","133.837085","0","1"
"33","岡山県","33101","岡山市北区","331010216001","野田一丁目","34.653229","133.905396","0","3"
"33","岡山県","33101","岡山市北区","331010216002","野田二丁目","34.653004","133.903401","0","3"
"33","岡山県","33101","岡山市北区","331010216003","野田三丁目","34.652413","133.899272","0","3"
"33","岡山県","33101","岡山市北区","331010216004","野田四丁目","34.655953","133.897314","0","3"
"33","岡山県","33101","岡山市北区","331010216005","野田五丁目","34.657506","133.903652","0","3"
"33","岡山県","33101","岡山市北区","331010217001","野田屋町一丁目","34.666401","133.924472","0","3"
"33","岡山県","33101","岡山市北区","331010217002","野田屋町二丁目","34.667934","133.924462","0","3"
"33","岡山県","33101","岡山市北区","331010218000","野殿西町","34.660903","133.879228","0","1"
"33","岡山県","33101","岡山市北区","331010219000","野殿東町","34.661515","133.883028","0","1"
"33","岡山県","33101","岡山市北区","331010220000","延友","34.638766","133.863992","0","1"
"33","岡山県","33101","岡山市北区","331010221000","芳賀","34.713463","133.871198","0","1"
"33","岡山県","33101","岡山市北区","331010222000","畑鮎","34.725354","133.936943","0","1"
"33","岡山県","33101","岡山市北区","331010223000","花尻","34.658494","133.867107","0","1"
"33","岡山県","33101","岡山市北区","331010224000","花尻あかね町","34.657773","133.868627","0","1"
"33","岡山県","33101","岡山市北区","331010225000","花尻ききょう町","34.658297","133.871125","0","1"
"33","岡山県","33101","岡山市北区","331010226000","花尻みどり町","34.659265","133.874788","0","1"
"33","岡山県","33101","岡山市北区","331010227000","原","34.710129","133.940245","0","1"
"33","岡山県","33101","岡山市北区","331010228000","蕃山町","34.667447","133.927159","0","1"
"33","岡山県","33101","岡山市北区","331010229000","半田町","34.696598","133.933063","0","1"
"33","岡山県","33101","岡山市北区","331010230001","番町一丁目","34.672303","133.928380","0","3"
"33","岡山県","33101","岡山市北区","331010230002","番町二丁目","34.674117","133.928221","0","3"
"33","岡山県","33101","岡山市北区","331010231001","東島田町一丁目","34.660397","133.913299","0","3"
"33","岡山県","33101","岡山市北区","331010231002","東島田町二丁目","34.658130","133.913936","0","3"
"33","岡山県","33101","岡山市北区","331010232000","東中央町","34.655253","133.926889","0","1"
"33","岡山県","33101","岡山市北区","331010233000","東野山町","34.667830","133.881630","0","1"
"33","岡山県","33101","岡山市北区","331010234000","東花尻","34.654746","133.862966","0","1"
"33","岡山県","33101","岡山市北区","331010235000","東古松","34.642594","133.914112","0","1"
"33","岡山県","33101","岡山市北区","331010236001","東古松一丁目","34.649319","133.916910","0","3"
"33","岡山県","33101","岡山市北区","331010236002","東古松二丁目","34.649304","133.914494","0","3"
"33","岡山県","33101","岡山市北区","331010236003","東古松三丁目","34.646477","133.913650","0","3"
"33","岡山県","33101","岡山市北区","331010236004","東古松四丁目","34.647105","133.917477","0","3"
"33","岡山県","33101","岡山市北区","331010236005","東古松五丁目","34.645784","133.916923","0","3"
"33","岡山県","33101","岡山市北区","331010237000","東古松南町","34.644172","133.914733","0","1"
"33","岡山県","33101","岡山市北区","331010238000","東山内","34.781036","133.788332","0","1"
"33","岡山県","33101","岡山市北区","331010239000","日近","34.748554","133.813461","0","1"
"33","岡山県","33101","岡山市北区","331010240000","日吉町","34.654167","133.879955","0","1"
"33","岡山県","33101","岡山市北区","331010241000","平田","34.633505","133.886607","0","1"
"33","岡山県","33101","岡山市北区","331010242000","平野","34.643495","133.857757","0","1"
"33","岡山県","33101","岡山市北区","331010243000","平山","34.698691","133.833780","0","1"
"33","岡山県","33101","岡山市北区","331010244000","広瀬町","34.676787","133.928623","0","1"
"33","岡山県","33101","岡山市北区","331010245000","福崎","34.695918","133.802281","0","1"
"33","岡山県","33101","岡山市北区","331010246000","福谷","34.712184","133.853747","0","1"
"33","岡山県","33101","岡山市北区","331010247000","二日市町","34.646821","133.929453","0","1"
"33","岡山県","33101","岡山市北区","331010248000","舟橋町","34.652308","133.930348","0","1"
"33","岡山県","33101","岡山市北区","331010249000","兵団","34.676591","133.931213","0","1"
"33","岡山県","33101","岡山市北区","331010250000","平和町","34.664065","133.923486","0","1"
"33","岡山県","33101","岡山市北区","331010251000","法界院","34.693304","133.932198","0","1"
"33","岡山県","33101","岡山市北区","331010252001","奉還町一丁目","34.669585","133.919011","0","3"
"33","岡山県","33101","岡山市北区","331010252002","奉還町二丁目","34.669063","133.915835","0","3"
"33","岡山県","33101","岡山市北区","331010252003","奉還町三丁目","34.668978","133.912802","0","3"
"33","岡山県","33101","岡山市北区","331010252004","奉還町四丁目","34.669286","133.910090","0","3"
"33","岡山県","33101","岡山市北区","331010253000","本町","34.664715","133.920904","0","1"
"33","岡山県","33101","岡山市北区","331010254000","間倉","34.784658","133.771402","0","1"
"33","岡山県","33101","岡山市北区","331010255000","松尾","34.696432","133.867164","0","1"
"33","岡山県","33101","岡山市北区","331010256000","真星","34.793310","133.811976","0","1"
"33","岡山県","33101","岡山市北区","331010257001","丸の内一丁目","34.664039","133.931349","0","3"
"33","岡山県","33101","岡山市北区","331010257002","丸の内二丁目","34.664164","133.934992","0","3"
"33","岡山県","33101","岡山市北区","331010258000","万成西町","34.675936","133.890643","0","1"
"33","岡山県","33101","岡山市北区","331010259000","万成東町","34.675308","133.894605","0","1"
"33","岡山県","33101","岡山市北区","331010260000","三門中町","34.669249","133.903491","0","1"
"33","岡山県","33101","岡山市北区","331010261000","三門西町","34.670051","133.901187","0","1"
"33","岡山県","33101","岡山市北区","331010262000","三門東町","34.669914","133.905679","0","1"
"33","岡山県","33101","岡山市北区","331010263000","御津石上","34.840360","133.965582","0","1"
"33","岡山県","33101","岡山市北区","331010264000","御津伊田","34.800329","133.957717","0","1"
"33","岡山県","33101","岡山市北区","331010265000","御津宇甘","34.804453","133.872007","0","1"
"33","岡山県","33101","岡山市北区","331010266000","御津宇垣","34.782855","133.924364","0","1"
"33","岡山県","33101","岡山市北区","331010267000","御津鹿瀬","34.834001","133.923051","0","1"
"33","岡山県","33101","岡山市北区","331010268000","御津勝尾","34.792278","133.847884","0","1"
"33","岡山県","33101","岡山市北区","331010269000","御津金川","34.796735","133.927660","0","1"
"33","岡山県","33101","岡山市北区","331010270000","御津川高","34.781376","133.934819","0","1"
"33","岡山県","33101","岡山市北区","331010271000","御津北野","34.751649","133.938722","0","1"
"33","岡山県","33101","岡山市北区","331010272000","御津草生","34.815366","133.932415","0","1"
"33","岡山県","33101","岡山市北区","331010273000","御津国ケ原","34.775624","133.944424","0","1"
"33","岡山県","33101","岡山市北区","331010274000","御津河内","34.778763","133.893105","0","1"
"33","岡山県","33101","岡山市北区","331010275000","御津虎倉","34.823727","133.829287","0","1"
"33","岡山県","33101","岡山市北区","331010276000","御津紙工","34.820637","133.861522","0","1"
"33","岡山県","33101","岡山市北区","331010277000","御津下田","34.813929","133.914619","0","1"
"33","岡山県","33101","岡山市北区","331010278000","御津新庄","34.821076","133.964062","0","1"
"33","岡山県","33101","岡山市北区","331010279000","御津高津","34.802210","133.901671","0","1"
"33","岡山県","33101","岡山市北区","331010280000","御津中泉","34.817683","133.892017","0","1"
"33","岡山県","33101","岡山市北区","331010281000","御津中畑","34.845541","133.985200","0","1"
"33","岡山県","33101","岡山市北区","331010282000","御津中牧","34.766897","133.946267","0","1"
"33","岡山県","33101","岡山市北区","331010283000","御津中山","34.752655","133.921613","0","1"
"33","岡山県","33101","岡山市北区","331010284000","御津野々口","34.766866","133.931956","0","1"
"33","岡山県","33101","岡山市北区","331010285000","御津平岡西","34.831348","133.968396","0","1"
"33","岡山県","33101","岡山市北区","331010286000","御津矢知","34.829756","133.980633","0","1"
"33","岡山県","33101","岡山市北区","331010287000","御津矢原","34.801937","133.940828","0","1"
"33","岡山県","33101","岡山市北区","331010288000","御津吉尾","34.762480","133.917639","0","1"
"33","岡山県","33101","岡山市北区","331010289000","御津芳谷","34.769171","133.973076","0","1"
"33","岡山県","33101","岡山市北区","331010290000","三手","34.687628","133.812085","0","1"
"33","岡山県","33101","岡山市北区","331010291000","三和","34.744037","133.838260","0","1"
"33","岡山県","33101","岡山市北区","331010292001","南方一丁目","34.672205","133.923936","0","3"
"33","岡山県","33101","岡山市北区","331010292002","南方二丁目","34.674125","133.924383","0","3"
"33","岡山県","33101","岡山市北区","331010292003","南方三丁目","34.676720","133.925804","0","3"
"33","岡山県","33101","岡山市北区","331010292004","南方四丁目","34.677384","133.924528","0","3"
"33","岡山県","33101","岡山市北区","331010292005","南方五丁目","34.676558","133.922212","0","3"
"33","岡山県","33101","岡山市北区","331010293000","南中央町","34.655359","133.924557","0","1"
"33","岡山県","33101","岡山市北区","331010294001","三野一丁目","34.688463","133.936904","0","3"
"33","岡山県","33101","岡山市北区","331010294002","三野二丁目","34.691742","133.938473","0","3"
"33","岡山県","33101","岡山市北区","331010294003","三野三丁目","34.693199","133.936595","0","3"
"33","岡山県","33101","岡山市北区","331010295000","三野本町","34.696229","133.937580","0","1"
"33","岡山県","33101","岡山市北区","331010296000","牟佐","34.732864","133.974388","0","1"
"33","岡山県","33101","岡山市北区","331010297000","門前","34.698235","133.807344","0","1"
"33","岡山県","33101","岡山市北区","331010298000","矢坂西町","34.672788","133.877046","0","1"
"33","岡山県","33101","岡山市北区","331010299000","矢坂東町","34.674421","133.887630","0","1"
"33","岡山県","33101","岡山市北区","331010300000","矢坂本町","34.673412","133.883096","0","1"
"33","岡山県","33101","岡山市北区","331010301001","柳町一丁目","34.659387","133.921055","0","3"
"33","岡山県","33101","岡山市北区","331010301002","柳町二丁目","34.657359","133.921112","0","3"
"33","岡山県","33101","岡山市北区","331010302000","山科町","34.650453","133.927972","0","1"
"33","岡山県","33101","岡山市北区","331010303001","大和町一丁目","34.679554","133.926472","0","3"
"33","岡山県","33101","岡山市北区","331010303002","大和町二丁目","34.683569","133.927655","0","3"
"33","岡山県","33101","岡山市北区","331010304000","山上","34.784996","133.849939","0","1"
"33","岡山県","33101","岡山市北区","331010305000","弓之町","34.670115","133.928657","0","1"
"33","岡山県","33101","岡山市北区","331010306000","横井上","34.711457","133.912020","0","1"
"33","岡山県","33101","岡山市北区","331010307000","横尾","34.727319","133.828534","0","1"
"33","岡山県","33101","岡山市北区","331010308000","吉","34.765110","133.813736","0","1"
"33","岡山県","33101","岡山市北区","331010309000","吉宗","34.734448","133.908824","0","1"
"33","岡山県","33101","岡山市北区","331010310000","理大町","34.696748","133.928362","0","1"
"33","岡山県","33101","岡山市北区","331010311000","和井元","34.705018","133.824834","0","1"
"33","岡山県","33102","岡山市中区","331020001000","赤坂台","34.649358","133.938305","0","1"
"33","岡山県","33102","岡山市中区","331020002000","赤坂本町","34.649741","133.936615","0","1"
"33","岡山県","33102","岡山市中区","331020003000","赤坂南新町","34.646598","133.939165","0","1"
"33","岡山県","33102","岡山市中区","331020004000","赤田","34.679775","133.963095","0","1"
"33","岡山県","33102","岡山市中区","331020005000","網浜","34.646992","133.936725","0","1"
"33","岡山県","33102","岡山市中区","331020006000","今在家","34.692770","133.950542","0","1"
"33","岡山県","33102","岡山市中区","331020007000","今谷","34.668476","133.979804","0","1"
"33","岡山県","33102","岡山市中区","331020008000","江崎","34.622248","133.959682","0","1"
"33","岡山県","33102","岡山市中区","331020009000","江並","34.609774","133.969482","0","1"
"33","岡山県","33102","岡山市中区","331020010000","沖元","34.630851","133.982028","0","1"
"33","岡山県","33102","岡山市中区","331020011000","奥市","34.658055","133.952663","0","1"
"33","岡山県","33102","岡山市中区","331020012000","乙多見","34.679722","133.978215","0","1"
"33","岡山県","33102","岡山市中区","331020013000","御成町","34.657809","133.944890","0","1"
"33","岡山県","33102","岡山市中区","331020014000","雄町","34.686139","133.974337","0","1"
"33","岡山県","33102","岡山市中区","331020015001","門田文化町一丁目","34.655508","133.948246","0","3"
"33","岡山県","33102","岡山市中区","331020015002","門田文化町二丁目","34.653076","133.947359","0","3"
"33","岡山県","33102","岡山市中区","331020015003","門田文化町三丁目","34.652935","133.951631","0","3"
"33","岡山県","33102","岡山市中区","331020016001","門田本町一丁目","34.651373","133.945655","0","3"
"33","岡山県","33102","岡山市中区","331020016002","門田本町二丁目","34.648374","133.943239","0","3"
"33","岡山県","33102","岡山市中区","331020016003","門田本町三丁目","34.649367","133.945270","0","3"
"33","岡山県","33102","岡山市中区","331020016004","門田本町四丁目","34.649255","133.948965","0","3"
"33","岡山県","33102","岡山市中区","331020017001","門田屋敷一丁目","34.657860","133.940438","0","3"
"33","岡山県","33102","岡山市中区","331020017002","門田屋敷二丁目","34.655360","133.940270","0","3"
"33","岡山県","33102","岡山市中区","331020017003","門田屋敷三丁目","34.653979","133.939931","0","3"
"33","岡山県","33102","岡山市中区","331020017004","門田屋敷四丁目","34.652792","133.939367","0","3"
"33","岡山県","33102","岡山市中区","331020017005","門田屋敷五丁目","34.656814","133.938286","0","3"
"33","岡山県","33102","岡山市中区","331020018000","門田屋敷本町","34.655159","133.937371","0","1"
"33","岡山県","33102","岡山市中区","331020019000","兼基","34.669038","133.972593","0","1"
"33","岡山県","33102","岡山市中区","331020020000","祇園","34.702748","133.956554","0","1"
"33","岡山県","33102","岡山市中区","331020021001","旭東町一丁目","34.651951","133.935010","0","3"
"33","岡山県","33102","岡山市中区","331020021002","旭東町二丁目","34.650960","133.936166","0","3"
"33","岡山県","33102","岡山市中区","331020021003","旭東町三丁目","34.650447","133.934133","0","3"
"33","岡山県","33102","岡山市中区","331020022000","国富","34.666160","133.943881","0","1"
"33","岡山県","33102","岡山市中区","331020023001","国富一丁目","34.664210","133.945340","0","3"
"33","岡山県","33102","岡山市中区","331020023002","国富二丁目","34.663615","133.947930","0","3"
"33","岡山県","33102","岡山市中区","331020023003","国富三丁目","34.663973","133.951096","0","3"
"33","岡山県","33102","岡山市中区","331020023004","国富四丁目","34.667999","133.946370","0","3"
"33","岡山県","33102","岡山市中区","331020024000","倉田","34.636578","133.960536","0","1"
"33","岡山県","33102","岡山市中区","331020025000","倉富","34.641699","133.969279","0","1"
"33","岡山県","33102","岡山市中区","331020026000","倉益","34.642511","133.977934","0","1"
"33","岡山県","33102","岡山市中区","331020027000","桑野","34.621090","133.979073","0","1"
"33","岡山県","33102","岡山市中区","331020028000","神下","34.676531","133.984321","0","1"
"33","岡山県","33102","岡山市中区","331020029000","国府市場","34.691617","133.967114","0","1"
"33","岡山県","33102","岡山市中区","331020030001","小橋町一丁目","34.659554","133.937390","0","3"
"33","岡山県","33102","岡山市中区","331020030002","小橋町二丁目","34.656937","133.936820","0","3"
"33","岡山県","33102","岡山市中区","331020031000","さい","34.680505","133.948429","0","1"
"33","岡山県","33102","岡山市中区","331020032001","さい東町一丁目","34.677530","133.951648","0","3"
"33","岡山県","33102","岡山市中区","331020032002","さい東町二丁目","34.681374","133.951752","0","3"
"33","岡山県","33102","岡山市中区","331020033000","さくら住座","34.651238","133.932312","0","1"
"33","岡山県","33102","岡山市中区","331020034001","桜橋一丁目","34.645697","133.932593","0","3"
"33","岡山県","33102","岡山市中区","331020034002","桜橋二丁目","34.648026","133.933562","0","3"
"33","岡山県","33102","岡山市中区","331020034003","桜橋三丁目","34.646621","133.934856","0","3"
"33","岡山県","33102","岡山市中区","331020034004","桜橋四丁目","34.645374","133.936624","0","3"
"33","岡山県","33102","岡山市中区","331020035000","沢田","34.665598","133.965227","0","1"
"33","岡山県","33102","岡山市中区","331020036000","四御神","34.700722","133.978166","0","1"
"33","岡山県","33102","岡山市中区","331020037000","清水","34.682776","133.962871","0","1"
"33","岡山県","33102","岡山市中区","331020038001","清水一丁目","34.679619","133.957384","0","3"
"33","岡山県","33102","岡山市中区","331020038002","清水二丁目","34.682232","133.956272","0","3"
"33","岡山県","33102","岡山市中区","331020039000","下","34.680393","133.996843","0","1"
"33","岡山県","33102","岡山市中区","331020040000","賞田","34.697740","133.959892","0","1"
"33","岡山県","33102","岡山市中区","331020041001","新京橋一丁目","34.654753","133.935854","0","3"
"33","岡山県","33102","岡山市中区","331020041002","新京橋二丁目","34.654493","133.937207","0","3"
"33","岡山県","33102","岡山市中区","331020041003","新京橋三丁目","34.653299","133.936594","0","3"
"33","岡山県","33102","岡山市中区","331020042000","新築港","34.605122","133.980937","0","1"
"33","岡山県","33102","岡山市中区","331020043001","住吉町一丁目","34.664151","133.941152","0","3"
"33","岡山県","33102","岡山市中区","331020043002","住吉町二丁目","34.665863","133.940176","0","3"
"33","岡山県","33102","岡山市中区","331020044000","関","34.679560","133.970964","0","1"
"33","岡山県","33102","岡山市中区","331020045001","高島一丁目","34.684945","133.949715","0","3"
"33","岡山県","33102","岡山市中区","331020045002","高島二丁目","34.683841","133.954730","0","3"
"33","岡山県","33102","岡山市中区","331020046000","高島新屋敷","34.687166","133.954442","0","1"
"33","岡山県","33102","岡山市中区","331020047000","高屋","34.675720","133.964969","0","1"
"33","岡山県","33102","岡山市中区","331020048000","竹田","34.683243","133.938897","0","1"
"33","岡山県","33102","岡山市中区","331020049000","中納言町","34.658954","133.938962","0","1"
"33","岡山県","33102","岡山市中区","331020050000","土田","34.699466","133.984962","0","1"
"33","岡山県","33102","岡山市中区","331020051001","徳吉町一丁目","34.659749","133.941727","0","3"
"33","岡山県","33102","岡山市中区","331020051002","徳吉町二丁目","34.657739","133.942576","0","3"
"33","岡山県","33102","岡山市中区","331020052000","中井","34.689598","133.959810","0","1"
"33","岡山県","33102","岡山市中区","331020053001","中井一丁目","34.685664","133.960131","0","3"
"33","岡山県","33102","岡山市中区","331020053002","中井二丁目","34.687904","133.959502","0","3"
"33","岡山県","33102","岡山市中区","331020053003","中井三丁目","34.687515","133.963256","0","3"
"33","岡山県","33102","岡山市中区","331020053004","中井四丁目","34.685631","133.963138","0","3"
"33","岡山県","33102","岡山市中区","331020054000","長岡","34.682312","133.985121","0","1"
"33","岡山県","33102","岡山市中区","331020055000","中島","34.687873","133.943016","0","1"
"33","岡山県","33102","岡山市中区","331020056000","長利","34.674021","134.000267","0","1"
"33","岡山県","33102","岡山市中区","331020057000","西川原","34.678026","133.940961","0","1"
"33","岡山県","33102","岡山市中区","331020058001","西川原一丁目","34.677309","133.935836","0","3"
"33","岡山県","33102","岡山市中区","331020059000","西中島町","34.657031","133.933472","0","1"
"33","岡山県","33102","岡山市中区","331020060000","浜","34.673318","133.941717","0","1"
"33","岡山県","33102","岡山市中区","331020061001","浜一丁目","34.673402","133.935523","0","3"
"33","岡山県","33102","岡山市中区","331020061002","浜二丁目","34.669832","133.937014","0","3"
"33","岡山県","33102","岡山市中区","331020061003","浜三丁目","34.669171","133.942084","0","3"
"33","岡山県","33102","岡山市中区","331020062000","原尾島","34.669239","133.955475","0","1"
"33","岡山県","33102","岡山市中区","331020063001","原尾島一丁目","34.673733","133.950800","0","3"
"33","岡山県","33102","岡山市中区","331020063002","原尾島二丁目","34.671817","133.953179","0","3"
"33","岡山県","33102","岡山市中区","331020063003","原尾島三丁目","34.669659","133.948120","0","3"
"33","岡山県","33102","岡山市中区","331020063004","原尾島四丁目","34.665447","133.956146","0","3"
"33","岡山県","33102","岡山市中区","331020064000","東川原","34.677217","133.946052","0","1"
"33","岡山県","33102","岡山市中区","331020065000","東中島町","34.657808","133.935244","0","1"
"33","岡山県","33102","岡山市中区","331020066001","東山一丁目","34.655660","133.945056","0","3"
"33","岡山県","33102","岡山市中区","331020066002","東山二丁目","34.654329","133.943312","0","3"
"33","岡山県","33102","岡山市中区","331020066003","東山三丁目","34.650892","133.941142","0","3"
"33","岡山県","33102","岡山市中区","331020066004","東山四丁目","34.647468","133.940726","0","3"
"33","岡山県","33102","岡山市中区","331020067000","平井","34.628316","133.951456","0","1"
"33","岡山県","33102","岡山市中区","331020068001","平井一丁目","34.643176","133.940199","0","3"
"33","岡山県","33102","岡山市中区","331020068002","平井二丁目","34.644264","133.947285","0","3"
"33","岡山県","33102","岡山市中区","331020068003","平井三丁目","34.637560","133.950120","0","3"
"33","岡山県","33102","岡山市中区","331020068004","平井四丁目","34.638485","133.946718","0","3"
"33","岡山県","33102","岡山市中区","331020068005","平井五丁目","34.639336","133.942501","0","3"
"33","岡山県","33102","岡山市中区","331020068006","平井六丁目","34.637888","133.939195","0","3"
"33","岡山県","33102","岡山市中区","331020068007","平井七丁目","34.632848","133.947659","0","3"
"33","岡山県","33102","岡山市中区","331020069000","福泊","34.656039","133.977273","0","1"
"33","岡山県","33102","岡山市中区","331020070000","藤崎","34.619029","133.971730","0","1"
"33","岡山県","33102","岡山市中区","331020071000","藤原","34.674846","133.959226","0","1"
"33","岡山県","33102","岡山市中区","331020072001","藤原西町一丁目","34.673703","133.956571","0","3"
"33","岡山県","33102","岡山市中区","331020072002","藤原西町二丁目","34.676535","133.956911","0","3"
"33","岡山県","33102","岡山市中区","331020073001","藤原光町一丁目","34.677082","133.953729","0","3"
"33","岡山県","33102","岡山市中区","331020073002","藤原光町二丁目","34.678510","133.954732","0","3"
"33","岡山県","33102","岡山市中区","331020073003","藤原光町三丁目","34.680711","133.954597","0","3"
"33","岡山県","33102","岡山市中区","331020074001","古京町一丁目","34.661872","133.939219","0","3"
"33","岡山県","33102","岡山市中区","331020074002","古京町二丁目","34.660380","133.944343","0","3"
"33","岡山県","33102","岡山市中区","331020075000","円山","34.657062","133.966596","0","1"
"33","岡山県","33102","岡山市中区","331020076000","湊","34.647063","133.957228","0","1"
"33","岡山県","33102","岡山市中区","331020077000","御幸町","34.653771","133.933693","0","1"
"33","岡山県","33102","岡山市中区","331020078000","海吉","34.657170","133.985756","0","1"
"33","岡山県","33102","岡山市中区","331020079000","森下町","34.662816","133.942184","0","1"
"33","岡山県","33102","岡山市中区","331020080000","八幡","34.685377","133.947138","0","1"
"33","岡山県","33102","岡山市中区","331020081000","八幡東町","34.687586","133.949736","0","1"
"33","岡山県","33102","岡山市中区","331020082000","山崎","34.651536","133.972356","0","1"
"33","岡山県","33102","岡山市中区","331020083000","湯迫","34.699621","133.968762","0","1"
"33","岡山県","33102","岡山市中区","331020084000","米田","34.673857","133.990064","0","1"
"33","岡山県","33103","岡山市東区","331030001000","浅川","34.706735","134.071045","0","1"
"33","岡山県","33103","岡山市東区","331030002000","浅越","34.663118","134.027354","0","1"
"33","岡山県","33103","岡山市東区","331030003000","犬島","34.563518","134.102987","0","1"
"33","岡山県","33103","岡山市東区","331030004000","内ケ原","34.694149","134.075729","0","1"
"33","岡山県","33103","岡山市東区","331030005000","浦間","34.715781","134.062996","0","1"
"33","岡山県","33103","岡山市東区","331030006000","大多羅町","34.665218","134.004828","0","1"
"33","岡山県","33103","岡山市東区","331030007000","邑久郷","34.626168","134.074186","0","1"
"33","岡山県","33103","岡山市東区","331030008000","乙子","34.628586","134.039370","0","1"
"33","岡山県","33103","岡山市東区","331030009001","可知一丁目","34.660174","134.001293","0","3"
"33","岡山県","33103","岡山市東区","331030009002","可知二丁目","34.656438","134.001463","0","3"
"33","岡山県","33103","岡山市東区","331030009003","可知三丁目","34.659958","134.003795","0","3"
"33","岡山県","33103","岡山市東区","331030009004","可知四丁目","34.656551","134.004364","0","3"
"33","岡山県","33103","岡山市東区","331030009005","可知五丁目","34.660121","134.007877","0","3"
"33","岡山県","33103","岡山市東区","331030010000","金岡西町","34.640954","134.021903","0","1"
"33","岡山県","33103","岡山市東区","331030011001","金岡東町一丁目","34.646051","134.030336","0","3"
"33","岡山県","33103","岡山市東区","331030011002","金岡東町二丁目","34.639482","134.028798","0","3"
"33","岡山県","33103","岡山市東区","331030011003","金岡東町三丁目","34.630434","134.029972","0","3"
"33","岡山県","33103","岡山市東区","331030012000","金田","34.636575","134.016397","0","1"
"33","岡山県","33103","岡山市東区","331030013000","上阿知","34.625245","134.107712","0","1"
"33","岡山県","33103","岡山市東区","331030014000","神崎町","34.631504","134.052504","0","1"
"33","岡山県","33103","岡山市東区","331030015000","北幸田","34.622732","134.062101","0","1"
"33","岡山県","33103","岡山市東区","331030016000","君津","34.634745","134.010033","0","1"
"33","岡山県","33103","岡山市東区","331030017000","久々井","34.587546","134.082442","0","1"
"33","岡山県","33103","岡山市東区","331030018000","草ケ部","34.715341","134.029388","0","1"
"33","岡山県","33103","岡山市東区","331030019000","九蟠","34.616411","134.030307","0","1"
"33","岡山県","33103","岡山市東区","331030020000","久保","34.665301","134.047767","0","1"
"33","岡山県","33103","岡山市東区","331030021000","鉄","34.698626","134.010315","0","1"
"33","岡山県","33103","岡山市東区","331030022000","幸地崎町","34.618361","134.080569","0","1"
"33","岡山県","33103","岡山市東区","331030023000","光津","34.640048","133.991488","0","1"
"33","岡山県","33103","岡山市東区","331030024000","河本町","34.661687","134.049386","0","1"
"33","岡山県","33103","岡山市東区","331030025000","古都宿","34.698424","133.998047","0","1"
"33","岡山県","33103","岡山市東区","331030026000","古都南方","34.684654","134.023515","0","1"
"33","岡山県","33103","岡山市東区","331030027000","才崎","34.692542","134.066091","0","1"
"33","岡山県","33103","岡山市東区","331030028000","西大寺","34.662230","134.041159","0","1"
"33","岡山県","33103","岡山市東区","331030029000","西大寺射越","34.655851","134.055318","0","1"
"33","岡山県","33103","岡山市東区","331030030000","西大寺一宮","34.605928","134.105566","0","1"
"33","岡山県","33103","岡山市東区","331030031000","西大寺金岡","34.632421","134.025885","0","1"
"33","岡山県","33103","岡山市東区","331030032001","西大寺上一丁目","34.658922","134.031647","0","3"
"33","岡山県","33103","岡山市東区","331030032002","西大寺上二丁目","34.659575","134.035304","0","3"
"33","岡山県","33103","岡山市東区","331030032003","西大寺上三丁目","34.658943","134.038684","0","3"
"33","岡山県","33103","岡山市東区","331030033000","西大寺川口","34.648793","134.048721","0","1"
"33","岡山県","33103","岡山市東区","331030034000","西大寺北","34.662881","134.037095","0","1"
"33","岡山県","33103","岡山市東区","331030035000","西大寺五明","34.640773","134.053883","0","1"
"33","岡山県","33103","岡山市東区","331030036000","西大寺新","34.638564","134.039284","0","1"
"33","岡山県","33103","岡山市東区","331030037000","西大寺新地","34.650500","134.053532","0","1"
"33","岡山県","33103","岡山市東区","331030038001","西大寺中一丁目","34.653491","134.033780","0","3"
"33","岡山県","33103","岡山市東区","331030038002","西大寺中二丁目","34.655689","134.033679","0","3"
"33","岡山県","33103","岡山市東区","331030038003","西大寺中三丁目","34.653957","134.037244","0","3"
"33","岡山県","33103","岡山市東区","331030039000","西大寺中野","34.654510","134.023839","0","1"
"33","岡山県","33103","岡山市東区","331030040000","西大寺中野本町","34.654431","134.029441","0","1"
"33","岡山県","33103","岡山市東区","331030041000","西大寺浜","34.644957","134.040204","0","1"
"33","岡山県","33103","岡山市東区","331030042001","西大寺東一丁目","34.658280","134.041161","0","3"
"33","岡山県","33103","岡山市東区","331030042002","西大寺東二丁目","34.657648","134.044172","0","3"
"33","岡山県","33103","岡山市東区","331030042003","西大寺東三丁目","34.658445","134.048451","0","3"
"33","岡山県","33103","岡山市東区","331030043000","西大寺松崎","34.663914","134.012505","0","1"
"33","岡山県","33103","岡山市東区","331030044001","西大寺南一丁目","34.651295","134.029484","0","3"
"33","岡山県","33103","岡山市東区","331030044002","西大寺南二丁目","34.649787","134.033593","0","3"
"33","岡山県","33103","岡山市東区","331030045000","西大寺門前","34.646287","134.060545","0","1"
"33","岡山県","33103","岡山市東区","331030046000","西隆寺","34.674120","134.053804","0","1"
"33","岡山県","33103","岡山市東区","331030047000","宍甘","34.693744","133.991446","0","1"
"33","岡山県","33103","岡山市東区","331030048000","下阿知","34.627493","134.093278","0","1"
"33","岡山県","33103","岡山市東区","331030049000","宿毛","34.623245","134.084255","0","1"
"33","岡山県","33103","岡山市東区","331030050000","上道北方","34.699443","134.016485","0","1"
"33","岡山県","33103","岡山市東区","331030051001","城東台西一丁目","34.693300","134.019698","0","3"
"33","岡山県","33103","岡山市東区","331030051002","城東台西二丁目","34.694859","134.022819","0","3"
"33","岡山県","33103","岡山市東区","331030051003","城東台西三丁目","34.692377","134.023983","0","3"
"33","岡山県","33103","岡山市東区","331030052001","城東台東一丁目","34.695644","134.026594","0","3"
"33","岡山県","33103","岡山市東区","331030052002","城東台東二丁目","34.696247","134.029367","0","3"
"33","岡山県","33103","岡山市東区","331030053001","城東台南一丁目","34.692556","134.027966","0","3"
"33","岡山県","33103","岡山市東区","331030053002","城東台南二丁目","34.695144","134.031115","0","3"
"33","岡山県","33103","岡山市東区","331030054000","水門町","34.614455","134.062532","0","1"
"33","岡山県","33103","岡山市東区","331030055000","砂場","34.717854","134.041990","0","1"
"33","岡山県","33103","岡山市東区","331030056000","西祖","34.713393","134.076428","0","1"
"33","岡山県","33103","岡山市東区","331030057001","瀬戸町旭ヶ丘一丁目","34.724449","134.053050","0","3"
"33","岡山県","33103","岡山市東区","331030057002","瀬戸町旭ヶ丘二丁目","34.726208","134.051981","0","3"
"33","岡山県","33103","岡山市東区","331030057003","瀬戸町旭ヶ丘三丁目","34.725282","134.050008","0","3"
"33","岡山県","33103","岡山市東区","331030057004","瀬戸町旭ヶ丘四丁目","34.725289","134.047477","0","3"
"33","岡山県","33103","岡山市東区","331030058000","瀬戸町江尻","34.729004","134.052295","0","1"
"33","岡山県","33103","岡山市東区","331030059000","瀬戸町大内","34.734254","134.091883","0","1"
"33","岡山県","33103","岡山市東区","331030060000","瀬戸町沖","34.721528","134.044609","0","1"
"33","岡山県","33103","岡山市東区","331030061000","瀬戸町鍛冶屋","34.768170","134.065250","0","1"
"33","岡山県","33103","岡山市東区","331030062000","瀬戸町肩脊","34.730748","134.069225","0","1"
"33","岡山県","33103","岡山市東区","331030063000","瀬戸町観音寺","34.725025","134.008622","0","1"
"33","岡山県","33103","岡山市東区","331030064000","瀬戸町菊山","34.710930","134.018736","0","1"
"33","岡山県","33103","岡山市東区","331030065000","瀬戸町光明谷","34.740323","134.042520","0","1"
"33","岡山県","33103","岡山市東区","331030066000","瀬戸町坂根","34.742324","134.064031","0","1"
"33","岡山県","33103","岡山市東区","331030067000","瀬戸町笹岡","34.731487","134.025912","0","1"
"33","岡山県","33103","岡山市東区","331030068000","瀬戸町塩納","34.761969","134.059227","0","1"
"33","岡山県","33103","岡山市東区","331030069000","瀬戸町下","34.730360","134.041684","0","1"
"33","岡山県","33103","岡山市東区","331030070000","瀬戸町宿奥","34.714606","134.005207","0","1"
"33","岡山県","33103","岡山市東区","331030071000","瀬戸町瀬戸","34.738589","134.036601","0","1"
"33","岡山県","33103","岡山市東区","331030072000","瀬戸町宗堂","34.752683","134.061475","0","1"
"33","岡山県","33103","岡山市東区","331030073000","瀬戸町大井","34.767833","134.075085","0","1"
"33","岡山県","33103","岡山市東区","331030074000","瀬戸町寺地","34.741587","134.050108","0","1"
"33","岡山県","33103","岡山市東区","331030075000","瀬戸町二日市","34.759757","134.087216","0","1"
"33","岡山県","33103","岡山市東区","331030076000","瀬戸町万富","34.768741","134.085057","0","1"
"33","岡山県","33103","岡山市東区","331030077000","瀬戸町南方","34.746732","134.082846","0","1"
"33","岡山県","33103","岡山市東区","331030078000","瀬戸町森末","34.746881","134.058147","0","1"
"33","岡山県","33103","岡山市東区","331030079000","瀬戸町弓削","34.751785","134.105860","0","1"
"33","岡山県","33103","岡山市東区","331030080000","千手","34.620366","134.113518","0","1"
"33","岡山県","33103","岡山市東区","331030081000","竹原","34.688875","134.051884","0","1"
"33","岡山県","33103","岡山市東区","331030082000","谷尻","34.725853","134.034048","0","1"
"33","岡山県","33103","岡山市東区","331030083000","寺山","34.703454","134.079167","0","1"
"33","岡山県","33103","岡山市東区","331030084000","富崎","34.669352","134.037323","0","1"
"33","岡山県","33103","岡山市東区","331030085000","豊田","34.616966","134.016778","0","1"
"33","岡山県","33103","岡山市東区","331030086000","中尾","34.701951","134.024214","0","1"
"33","岡山県","33103","岡山市東区","331030087000","中川町","34.664941","133.995884","0","1"
"33","岡山県","33103","岡山市東区","331030088000","長沼","34.642084","134.067661","0","1"
"33","岡山県","33103","岡山市東区","331030089000","楢原","34.701682","134.062104","0","1"
"33","岡山県","33103","岡山市東区","331030090000","西片岡","34.596860","134.080136","0","1"
"33","岡山県","33103","岡山市東区","331030091000","西幸西","34.611130","134.045261","0","1"
"33","岡山県","33103","岡山市東区","331030092000","西庄","34.673763","134.023797","0","1"
"33","岡山県","33103","岡山市東区","331030093000","西平島","34.712183","134.045239","0","1"
"33","岡山県","33103","岡山市東区","331030094000","沼","34.702165","134.037684","0","1"
"33","岡山県","33103","岡山市東区","331030095000","東片岡","34.604036","134.094710","0","1"
"33","岡山県","33103","岡山市東区","331030096000","東幸西","34.614832","134.051618","0","1"
"33","岡山県","33103","岡山市東区","331030097000","東幸崎","34.613456","134.082623","0","1"
"33","岡山県","33103","岡山市東区","331030098000","東平島","34.711413","134.051946","0","1"
"33","岡山県","33103","岡山市東区","331030099000","一日市","34.714223","134.083997","0","1"
"33","岡山県","33103","岡山市東区","331030100000","広谷","34.658763","134.020038","0","1"
"33","岡山県","33103","岡山市東区","331030101000","福治","34.677553","134.039810","0","1"
"33","岡山県","33103","岡山市東区","331030102000","藤井","34.697491","134.004260","0","1"
"33","岡山県","33103","岡山市東区","331030103001","富士見町一丁目","34.659136","134.012291","0","3"
"33","岡山県","33103","岡山市東区","331030104000","宝伝","34.589018","134.096814","0","1"
"33","岡山県","33103","岡山市東区","331030105000","正儀","34.594816","134.062748","0","1"
"33","岡山県","33103","岡山市東区","331030106000","政津","34.635708","134.001598","0","1"
"33","岡山県","33103","岡山市東区","331030107000","升田","34.618208","133.999539","0","1"
"33","岡山県","33103","岡山市東区","331030108000","益野町","34.654201","133.997574","0","1"
"33","岡山県","33103","岡山市東区","331030109000","松新町","34.651622","134.006265","0","1"
"33","岡山県","33103","岡山市東区","331030110000","南古都","34.701245","134.051438","0","1"
"33","岡山県","33103","岡山市東区","331030111000","南水門町","34.609176","134.070495","0","1"
"33","岡山県","33103","岡山市東区","331030112000","向州","34.654367","134.041243","0","1"
"33","岡山県","33103","岡山市東区","331030113000","目黒町","34.672080","134.008120","0","1"
"33","岡山県","33103","岡山市東区","331030114000","百枝月","34.679409","134.068487","0","1"
"33","岡山県","33103","岡山市東区","331030115000","矢井","34.706782","134.061528","0","1"
"33","岡山県","33103","岡山市東区","331030116000","矢津","34.706803","133.990663","0","1"
"33","岡山県","33103","岡山市東区","331030117000","吉井","34.718414","134.090262","0","1"
"33","岡山県","33103","岡山市東区","331030118000","吉原","34.672837","134.031678","0","1"
"33","岡山県","33104","岡山市南区","331040001006","青江六丁目","34.628197","133.922068","0","3"
"33","岡山県","33104","岡山市南区","331040002000","飽浦","34.576828","133.980524","0","1"
"33","岡山県","33104","岡山市南区","331040003000","あけぼの町","34.606967","133.940861","0","1"
"33","岡山県","33104","岡山市南区","331040004000","阿津","34.587121","134.013556","0","1"
"33","岡山県","33104","岡山市南区","331040005000","泉田","34.626442","133.909201","0","1"
"33","岡山県","33104","岡山市南区","331040006001","泉田一丁目","34.627491","133.916599","0","3"
"33","岡山県","33104","岡山市南区","331040006002","泉田二丁目","34.626692","133.921204","0","3"
"33","岡山県","33104","岡山市南区","331040006003","泉田三丁目","34.625196","133.920501","0","3"
"33","岡山県","33104","岡山市南区","331040006004","泉田四丁目","34.624804","133.916142","0","3"
"33","岡山県","33104","岡山市南区","331040006005","泉田五丁目","34.624513","133.912118","0","3"
"33","岡山県","33104","岡山市南区","331040007000","植松","34.549099","133.822690","0","1"
"33","岡山県","33104","岡山市南区","331040008000","内尾","34.597761","133.852446","0","1"
"33","岡山県","33104","岡山市南区","331040009000","浦安西町","34.605899","133.911835","0","1"
"33","岡山県","33104","岡山市南区","331040010000","浦安本町","34.607793","133.924551","0","1"
"33","岡山県","33104","岡山市南区","331040011000","浦安南町","34.593539","133.921680","0","1"
"33","岡山県","33104","岡山市南区","331040012000","大福","34.620139","133.882119","0","1"
"33","岡山県","33104","岡山市南区","331040013000","奥迫川","34.525335","133.862924","0","1"
"33","岡山県","33104","岡山市南区","331040014001","海岸通一丁目","34.605471","133.962945","0","3"
"33","岡山県","33104","岡山市南区","331040014002","海岸通二丁目","34.603683","133.956249","0","3"
"33","岡山県","33104","岡山市南区","331040015000","片岡","34.541529","133.864990","0","1"
"33","岡山県","33104","岡山市南区","331040016000","川張","34.548032","133.856702","0","1"
"33","岡山県","33104","岡山市南区","331040017000","北浦","34.588042","133.966430","0","1"
"33","岡山県","33104","岡山市南区","331040018000","北七区","34.560955","133.917136","0","1"
"33","岡山県","33104","岡山市南区","331040019000","郡","34.573338","133.959790","0","1"
"33","岡山県","33104","岡山市南区","331040020000","小串","34.586452","134.031053","0","1"
"33","岡山県","33104","岡山市南区","331040021000","古新田","34.627272","133.876100","0","1"
"33","岡山県","33104","岡山市南区","331040022001","市場一丁目","34.601641","133.946415","0","3"
"33","岡山県","33104","岡山市南区","331040022002","市場二丁目","34.602685","133.943790","0","3"
"33","岡山県","33104","岡山市南区","331040023000","下中野","34.640736","133.910648","0","1"
"33","岡山県","33104","岡山市南区","331040024001","新福一丁目","34.629788","133.932948","0","3"
"33","岡山県","33104","岡山市南区","331040024002","新福二丁目","34.627558","133.935598","0","3"
"33","岡山県","33104","岡山市南区","331040025000","新保","34.633710","133.910972","0","1"
"33","岡山県","33104","岡山市南区","331040026001","洲崎一丁目","34.625599","133.947753","0","3"
"33","岡山県","33104","岡山市南区","331040026002","洲崎二丁目","34.623395","133.945465","0","3"
"33","岡山県","33104","岡山市南区","331040026003","洲崎三丁目","34.621971","133.947336","0","3"
"33","岡山県","33104","岡山市南区","331040027000","妹尾","34.619012","133.862525","0","1"
"33","岡山県","33104","岡山市南区","331040028000","妹尾崎","34.632518","133.853939","0","1"
"33","岡山県","33104","岡山市南区","331040029000","宗津","34.538218","133.870959","0","1"
"33","岡山県","33104","岡山市南区","331040030000","曽根","34.568613","133.847749","0","1"
"33","岡山県","33104","岡山市南区","331040031000","立川町","34.608494","133.947210","0","1"
"33","岡山県","33104","岡山市南区","331040032000","築港栄町","34.598626","133.941882","0","1"
"33","岡山県","33104","岡山市南区","331040033001","築港新町一丁目","34.605815","133.937683","0","3"
"33","岡山県","33104","岡山市南区","331040033002","築港新町二丁目","34.603022","133.936936","0","3"
"33","岡山県","33104","岡山市南区","331040034000","築港ひかり町","34.600953","133.939322","0","1"
"33","岡山県","33104","岡山市南区","331040035001","築港緑町一丁目","34.604222","133.931944","0","3"
"33","岡山県","33104","岡山市南区","331040035002","築港緑町二丁目","34.595994","133.933386","0","3"
"33","岡山県","33104","岡山市南区","331040035003","築港緑町三丁目","34.598317","133.935291","0","3"
"33","岡山県","33104","岡山市南区","331040036000","築港元町","34.602732","133.950985","0","1"
"33","岡山県","33104","岡山市南区","331040037000","千鳥町","34.612556","133.948272","0","1"
"33","岡山県","33104","岡山市南区","331040038000","当新田","34.622975","133.902599","0","1"
"33","岡山県","33104","岡山市南区","331040039000","富浜町","34.625283","133.941128","0","1"
"33","岡山県","33104","岡山市南区","331040040001","豊成一丁目","34.632041","133.928957","0","3"
"33","岡山県","33104","岡山市南区","331040040002","豊成二丁目","34.628734","133.927707","0","3"
"33","岡山県","33104","岡山市南区","331040040003","豊成三丁目","34.625897","133.926388","0","3"
"33","岡山県","33104","岡山市南区","331040041000","豊浜町","34.631816","133.934527","0","1"
"33","岡山県","33104","岡山市南区","331040042000","中畦","34.584029","133.857344","0","1"
"33","岡山県","33104","岡山市南区","331040043001","並木町一丁目","34.609290","133.944881","0","3"
"33","岡山県","33104","岡山市南区","331040043002","並木町二丁目","34.610183","133.941031","0","3"
"33","岡山県","33104","岡山市南区","331040044001","南輝一丁目","34.611291","133.935574","0","3"
"33","岡山県","33104","岡山市南区","331040044002","南輝二丁目","34.608993","133.934618","0","3"
"33","岡山県","33104","岡山市南区","331040044003","南輝三丁目","34.606386","133.933509","0","3"
"33","岡山県","33104","岡山市南区","331040045000","西市","34.632553","133.898975","0","1"
"33","岡山県","33104","岡山市南区","331040046000","西畦","34.561027","133.834394","0","1"
"33","岡山県","33104","岡山市南区","331040047001","西紅陽台一丁目","34.552800","133.884039","0","3"
"33","岡山県","33104","岡山市南区","331040047002","西紅陽台二丁目","34.548820","133.886735","0","3"
"33","岡山県","33104","岡山市南区","331040047003","西紅陽台三丁目","34.544348","133.890644","0","3"
"33","岡山県","33104","岡山市南区","331040048000","西高崎","34.548386","133.877175","0","1"
"33","岡山県","33104","岡山市南区","331040049000","西七区","34.551377","133.899568","0","1"
"33","岡山県","33104","岡山市南区","331040050000","迫川","34.532152","133.877805","0","1"
"33","岡山県","33104","岡山市南区","331040051001","浜野一丁目","34.634104","133.937656","0","3"
"33","岡山県","33104","岡山市南区","331040051002","浜野二丁目","34.630422","133.937560","0","3"
"33","岡山県","33104","岡山市南区","331040051003","浜野三丁目","34.631075","133.942142","0","3"
"33","岡山県","33104","岡山市南区","331040051004","浜野四丁目","34.627985","133.943988","0","3"
"33","岡山県","33104","岡山市南区","331040052000","東畦","34.607271","133.873452","0","1"
"33","岡山県","33104","岡山市南区","331040053000","彦崎","34.542226","133.836231","0","1"
"33","岡山県","33104","岡山市南区","331040054001","平福一丁目","34.619545","133.948331","0","3"
"33","岡山県","33104","岡山市南区","331040054002","平福二丁目","34.617444","133.950087","0","3"
"33","岡山県","33104","岡山市南区","331040055001","福島一丁目","34.621253","133.951621","0","3"
"33","岡山県","33104","岡山市南区","331040055002","福島二丁目","34.617196","133.955119","0","3"
"33","岡山県","33104","岡山市南区","331040055003","福島三丁目","34.614304","133.952961","0","3"
"33","岡山県","33104","岡山市南区","331040055004","福島四丁目","34.612869","133.958813","0","3"
"33","岡山県","33104","岡山市南区","331040056000","福田","34.619178","133.923479","0","1"
"33","岡山県","33104","岡山市南区","331040057001","福富中一丁目","34.624530","133.936607","0","3"
"33","岡山県","33104","岡山市南区","331040057002","福富中二丁目","34.620711","133.935917","0","3"
"33","岡山県","33104","岡山市南区","331040058001","福富西一丁目","34.625040","133.932146","0","3"
"33","岡山県","33104","岡山市南区","331040058002","福富西二丁目","34.621517","133.931781","0","3"
"33","岡山県","33104","岡山市南区","331040058003","福富西三丁目","34.622881","133.927559","0","3"
"33","岡山県","33104","岡山市南区","331040059001","福富東一丁目","34.623491","133.940045","0","3"
"33","岡山県","33104","岡山市南区","331040059002","福富東二丁目","34.619873","133.939939","0","3"
"33","岡山県","33104","岡山市南区","331040060001","福成一丁目","34.615879","133.933540","0","3"
"33","岡山県","33104","岡山市南区","331040060002","福成二丁目","34.616203","133.938301","0","3"
"33","岡山県","33104","岡山市南区","331040060003","福成三丁目","34.613648","133.937060","0","3"
"33","岡山県","33104","岡山市南区","331040061000","福浜町","34.619164","133.944229","0","1"
"33","岡山県","33104","岡山市南区","331040062000","福浜西町","34.619809","133.942245","0","1"
"33","岡山県","33104","岡山市南区","331040063000","福吉町","34.612708","133.950893","0","1"
"33","岡山県","33104","岡山市南区","331040064000","藤田","34.587115","133.897563","0","1"
"33","岡山県","33104","岡山市南区","331040065001","芳泉一丁目","34.619223","133.908614","0","3"
"33","岡山県","33104","岡山市南区","331040065002","芳泉二丁目","34.621641","133.910716","0","3"
"33","岡山県","33104","岡山市南区","331040065003","芳泉三丁目","34.621804","133.916861","0","3"
"33","岡山県","33104","岡山市南区","331040065004","芳泉四丁目","34.622103","133.920672","0","3"
"33","岡山県","33104","岡山市南区","331040066000","松浜町","34.613401","133.941304","0","1"
"33","岡山県","33104","岡山市南区","331040067000","万倍","34.626638","133.901098","0","1"
"33","岡山県","33104","岡山市南区","331040068000","箕島","34.610515","133.848153","0","1"
"33","岡山県","33104","岡山市南区","331040069001","三浜町一丁目","34.616292","133.947665","0","3"
"33","岡山県","33104","岡山市南区","331040069002","三浜町二丁目","34.615720","133.943567","0","3"
"33","岡山県","33104","岡山市南区","331040070000","宮浦","34.585543","133.992904","0","1"
"33","岡山県","33104","岡山市南区","331040071000","山田","34.626239","133.855167","0","1"
"33","岡山県","33104","岡山市南区","331040072000","米倉","34.628725","133.893456","0","1"
"33","岡山県","33104","岡山市南区","331040073000","若葉町","34.610836","133.945838","0","1"
"33","岡山県","33202","倉敷市","332020001000","青江","34.613175","133.757815","0","1"
"33","岡山県","33202","倉敷市","332020002000","浅原","34.632470","133.762560","0","1"
"33","岡山県","33202","倉敷市","332020003001","阿知一丁目","34.601736","133.766382","0","3"
"33","岡山県","33202","倉敷市","332020003002","阿知二丁目","34.599602","133.768942","0","3"
"33","岡山県","33202","倉敷市","332020003003","阿知三丁目","34.598549","133.767048","0","3"
"33","岡山県","33202","倉敷市","332020004001","天城台一丁目","34.570626","133.807342","0","3"
"33","岡山県","33202","倉敷市","332020004002","天城台二丁目","34.568680","133.807520","0","3"
"33","岡山県","33202","倉敷市","332020004003","天城台三丁目","34.570977","133.809095","0","3"
"33","岡山県","33202","倉敷市","332020004004","天城台四丁目","34.573593","133.810042","0","3"
"33","岡山県","33202","倉敷市","332020005000","有城","34.572839","133.798208","0","1"
"33","岡山県","33202","倉敷市","332020006000","生坂","34.632299","133.785178","0","1"
"33","岡山県","33202","倉敷市","332020007000","五日市","34.598902","133.792855","0","1"
"33","岡山県","33202","倉敷市","332020008000","稲荷町","34.595064","133.765941","0","1"
"33","岡山県","33202","倉敷市","332020009000","石見町","34.600459","133.761978","0","1"
"33","岡山県","33202","倉敷市","332020010001","潮通一丁目","34.505699","133.745720","0","3"
"33","岡山県","33202","倉敷市","332020010002","潮通二丁目","34.493823","133.753091","0","3"
"33","岡山県","33202","倉敷市","332020010003","潮通三丁目","34.503355","133.756233","0","3"
"33","岡山県","33202","倉敷市","332020011000","浦田","34.564770","133.759775","0","1"
"33","岡山県","33202","倉敷市","332020012001","老松町一丁目","34.597864","133.757980","0","3"
"33","岡山県","33202","倉敷市","332020012002","老松町二丁目","34.596506","133.759476","0","3"
"33","岡山県","33202","倉敷市","332020012003","老松町三丁目","34.595717","133.761996","0","3"
"33","岡山県","33202","倉敷市","332020012004","老松町四丁目","34.593239","133.761004","0","3"
"33","岡山県","33202","倉敷市","332020012005","老松町五丁目","34.594033","133.755886","0","3"
"33","岡山県","33202","倉敷市","332020013000","大内","34.606742","133.753542","0","1"
"33","岡山県","33202","倉敷市","332020014000","大島","34.605694","133.779442","0","1"
"33","岡山県","33202","倉敷市","332020015000","大畠","34.434317","133.816615","0","1"
"33","岡山県","33202","倉敷市","332020016001","大畠一丁目","34.443340","133.810685","0","3"
"33","岡山県","33202","倉敷市","332020016002","大畠二丁目","34.438548","133.812082","0","3"
"33","岡山県","33202","倉敷市","332020017000","沖","34.589135","133.752992","0","1"
"33","岡山県","33202","倉敷市","332020018000","沖新町","34.583600","133.754731","0","1"
"33","岡山県","33202","倉敷市","332020019000","尾原","34.511290","133.834556","0","1"
"33","岡山県","33202","倉敷市","332020020000","帯高","34.580520","133.812053","0","1"
"33","岡山県","33202","倉敷市","332020021000","加須山","34.585659","133.795805","0","1"
"33","岡山県","33202","倉敷市","332020022000","片島町","34.574379","133.716625","0","1"
"33","岡山県","33202","倉敷市","332020023000","上富井","34.581082","133.746808","0","1"
"33","岡山県","33202","倉敷市","332020024001","亀島一丁目","34.535766","133.728808","0","3"
"33","岡山県","33202","倉敷市","332020024002","亀島二丁目","34.539947","133.727083","0","3"
"33","岡山県","33202","倉敷市","332020025000","亀山","34.583046","133.802860","0","1"
"33","岡山県","33202","倉敷市","332020026000","川入","34.607836","133.759271","0","1"
"33","岡山県","33202","倉敷市","332020027000","川西町","34.598098","133.764207","0","1"
"33","岡山県","33202","倉敷市","332020028001","神田一丁目","34.536436","133.734087","0","3"
"33","岡山県","33202","倉敷市","332020028002","神田二丁目","34.540710","133.736126","0","3"
"33","岡山県","33202","倉敷市","332020028003","神田三丁目","34.542049","133.731560","0","3"
"33","岡山県","33202","倉敷市","332020028004","神田四丁目","34.543496","133.728249","0","3"
"33","岡山県","33202","倉敷市","332020029001","北畝一丁目","34.537376","133.747743","0","3"
"33","岡山県","33202","倉敷市","332020029002","北畝二丁目","34.541692","133.748741","0","3"
"33","岡山県","33202","倉敷市","332020029003","北畝三丁目","34.548057","133.750179","0","3"
"33","岡山県","33202","倉敷市","332020029004","北畝四丁目","34.536659","133.757067","0","3"
"33","岡山県","33202","倉敷市","332020029005","北畝五丁目","34.538637","133.754509","0","3"
"33","岡山県","33202","倉敷市","332020029006","北畝六丁目","34.542425","133.753642","0","3"
"33","岡山県","33202","倉敷市","332020029007","北畝七丁目","34.548285","133.751866","0","3"
"33","岡山県","33202","倉敷市","332020030000","北浜町","34.607595","133.764009","0","1"
"33","岡山県","33202","倉敷市","332020031000","木見","34.526796","133.834021","0","1"
"33","岡山県","33202","倉敷市","332020032000","串田","34.546413","133.810746","0","1"
"33","岡山県","33202","倉敷市","332020033000","倉敷ハイツ","34.582545","133.792021","0","1"
"33","岡山県","33202","倉敷市","332020034000","栗坂","34.630064","133.825874","0","1"
"33","岡山県","33202","倉敷市","332020035000","黒石","34.562689","133.776659","0","1"
"33","岡山県","33202","倉敷市","332020036000","黒崎","34.606565","133.794512","0","1"
"33","岡山県","33202","倉敷市","332020037000","児島赤崎","34.449581","133.798778","0","1"
"33","岡山県","33202","倉敷市","332020038001","児島赤崎一丁目","34.459251","133.800418","0","3"
"33","岡山県","33202","倉敷市","332020038002","児島赤崎二丁目","34.453927","133.797842","0","3"
"33","岡山県","33202","倉敷市","332020038003","児島赤崎三丁目","34.458324","133.795334","0","3"
"33","岡山県","33202","倉敷市","332020038004","児島赤崎四丁目","34.461895","133.793643","0","3"
"33","岡山県","33202","倉敷市","332020039000","児島味野","34.462419","133.810833","0","1"
"33","岡山県","33202","倉敷市","332020040001","児島味野一丁目","34.472182","133.803180","0","3"
"33","岡山県","33202","倉敷市","332020040002","児島味野二丁目","34.468758","133.802281","0","3"
"33","岡山県","33202","倉敷市","332020040003","児島味野三丁目","34.466845","133.800866","0","3"
"33","岡山県","33202","倉敷市","332020040004","児島味野四丁目","34.463894","133.800152","0","3"
"33","岡山県","33202","倉敷市","332020040005","児島味野五丁目","34.466481","133.795478","0","3"
"33","岡山県","33202","倉敷市","332020040006","児島味野六丁目","34.468769","133.797873","0","3"
"33","岡山県","33202","倉敷市","332020041001","児島味野上一丁目","34.476420","133.798188","0","3"
"33","岡山県","33202","倉敷市","332020041002","児島味野上二丁目","34.479437","133.794982","0","3"
"33","岡山県","33202","倉敷市","332020042001","児島味野城一丁目","34.473053","133.800437","0","3"
"33","岡山県","33202","倉敷市","332020042002","児島味野城二丁目","34.471759","133.797120","0","3"
"33","岡山県","33202","倉敷市","332020043000","児島味野城山","34.476781","133.787580","0","1"
"33","岡山県","33202","倉敷市","332020044000","児島味野山田町","34.469556","133.790880","0","1"
"33","岡山県","33202","倉敷市","332020045001","児島阿津一丁目","34.454707","133.806512","0","3"
"33","岡山県","33202","倉敷市","332020045002","児島阿津二丁目","34.449765","133.805651","0","3"
"33","岡山県","33202","倉敷市","332020045003","児島阿津三丁目","34.452217","133.800538","0","3"
"33","岡山県","33202","倉敷市","332020046000","児島宇野津","34.502021","133.777087","0","1"
"33","岡山県","33202","倉敷市","332020047001","児島駅前一丁目","34.464205","133.805322","0","3"
"33","岡山県","33202","倉敷市","332020047002","児島駅前二丁目","34.466818","133.805521","0","3"
"33","岡山県","33202","倉敷市","332020047003","児島駅前三丁目","34.461917","133.808370","0","3"
"33","岡山県","33202","倉敷市","332020047004","児島駅前四丁目","34.460071","133.805406","0","3"
"33","岡山県","33202","倉敷市","332020048001","児島小川一丁目","34.469322","133.809011","0","3"
"33","岡山県","33202","倉敷市","332020048002","児島小川二丁目","34.471551","133.810596","0","3"
"33","岡山県","33202","倉敷市","332020048003","児島小川三丁目","34.472233","133.806127","0","3"
"33","岡山県","33202","倉敷市","332020048004","児島小川四丁目","34.474915","133.807146","0","3"
"33","岡山県","33202","倉敷市","332020048005","児島小川五丁目","34.477241","133.805081","0","3"
"33","岡山県","33202","倉敷市","332020048006","児島小川六丁目","34.479166","133.803183","0","3"
"33","岡山県","33202","倉敷市","332020048007","児島小川七丁目","34.482055","133.802605","0","3"
"33","岡山県","33202","倉敷市","332020048008","児島小川八丁目","34.486644","133.801895","0","3"
"33","岡山県","33202","倉敷市","332020048009","児島小川九丁目","34.490219","133.805779","0","3"
"33","岡山県","33202","倉敷市","332020048010","児島小川十丁目","34.487071","133.809648","0","3"
"33","岡山県","33202","倉敷市","332020049000","児島小川町","34.482571","133.808434","0","1"
"33","岡山県","33202","倉敷市","332020050000","児島上の町","34.497074","133.827184","0","1"
"33","岡山県","33202","倉敷市","332020051001","児島上の町一丁目","34.483449","133.812389","0","3"
"33","岡山県","33202","倉敷市","332020051002","児島上の町二丁目","34.490676","133.812954","0","3"
"33","岡山県","33202","倉敷市","332020051003","児島上の町三丁目","34.492653","133.818236","0","3"
"33","岡山県","33202","倉敷市","332020051004","児島上の町四丁目","34.487823","133.820416","0","3"
"33","岡山県","33202","倉敷市","332020052000","児島通生","34.459392","133.781618","0","1"
"33","岡山県","33202","倉敷市","332020053001","児島唐琴一丁目","34.471897","133.859152","0","3"
"33","岡山県","33202","倉敷市","332020053002","児島唐琴二丁目","34.472426","133.862774","0","3"
"33","岡山県","33202","倉敷市","332020053003","児島唐琴三丁目","34.469493","133.866123","0","3"
"33","岡山県","33202","倉敷市","332020053004","児島唐琴四丁目","34.467876","133.864739","0","3"
"33","岡山県","33202","倉敷市","332020054000","児島唐琴町","34.469444","133.872430","0","1"
"33","岡山県","33202","倉敷市","332020055000","児島塩生","34.479668","133.770540","0","1"
"33","岡山県","33202","倉敷市","332020056000","児島下の町","34.489233","133.833623","0","1"
"33","岡山県","33202","倉敷市","332020057001","児島下の町一丁目","34.471000","133.816778","0","3"
"33","岡山県","33202","倉敷市","332020057002","児島下の町二丁目","34.472671","133.819894","0","3"
"33","岡山県","33202","倉敷市","332020057003","児島下の町三丁目","34.476523","133.816628","0","3"
"33","岡山県","33202","倉敷市","332020057004","児島下の町四丁目","34.481210","133.815284","0","3"
"33","岡山県","33202","倉敷市","332020057005","児島下の町五丁目","34.480017","133.820933","0","3"
"33","岡山県","33202","倉敷市","332020057006","児島下の町六丁目","34.483177","133.824453","0","3"
"33","岡山県","33202","倉敷市","332020057007","児島下の町七丁目","34.479354","133.826468","0","3"
"33","岡山県","33202","倉敷市","332020057008","児島下の町八丁目","34.481155","133.831475","0","3"
"33","岡山県","33202","倉敷市","332020057009","児島下の町九丁目","34.473680","133.831388","0","3"
"33","岡山県","33202","倉敷市","332020057010","児島下の町十丁目","34.473277","133.826715","0","3"
"33","岡山県","33202","倉敷市","332020058000","児島白尾","34.489800","133.855633","0","1"
"33","岡山県","33202","倉敷市","332020059000","児島田の口","34.484679","133.840935","0","1"
"33","岡山県","33202","倉敷市","332020060001","児島田の口一丁目","34.478751","133.834190","0","3"
"33","岡山県","33202","倉敷市","332020060002","児島田の口二丁目","34.477637","133.838960","0","3"
"33","岡山県","33202","倉敷市","332020060003","児島田の口三丁目","34.475467","133.842307","0","3"
"33","岡山県","33202","倉敷市","332020060004","児島田の口四丁目","34.478059","133.846955","0","3"
"33","岡山県","33202","倉敷市","332020060005","児島田の口五丁目","34.473685","133.847629","0","3"
"33","岡山県","33202","倉敷市","332020060006","児島田の口六丁目","34.471115","133.843127","0","3"
"33","岡山県","33202","倉敷市","332020060007","児島田の口七丁目","34.473502","133.838761","0","3"
"33","岡山県","33202","倉敷市","332020061000","児島稗田町","34.503745","133.804893","0","1"
"33","岡山県","33202","倉敷市","332020062000","児島元浜町","34.453701","133.808957","0","1"
"33","岡山県","33202","倉敷市","332020063000","児島柳田町","34.490274","133.789849","0","1"
"33","岡山県","33202","倉敷市","332020064000","児島由加","34.505595","133.856441","0","1"
"33","岡山県","33202","倉敷市","332020065000","寿町","34.603754","133.763745","0","1"
"33","岡山県","33202","倉敷市","332020066000","菰池","34.450037","133.792537","0","1"
"33","岡山県","33202","倉敷市","332020067001","菰池一丁目","34.453722","133.792029","0","3"
"33","岡山県","33202","倉敷市","332020067002","菰池二丁目","34.453319","133.786647","0","3"
"33","岡山県","33202","倉敷市","332020067003","菰池三丁目","34.457140","133.789700","0","3"
"33","岡山県","33202","倉敷市","332020068000","幸町","34.604863","133.774657","0","1"
"33","岡山県","33202","倉敷市","332020069000","酒津","34.615688","133.743919","0","1"
"33","岡山県","33202","倉敷市","332020070000","笹沖","34.576700","133.765934","0","1"
"33","岡山県","33202","倉敷市","332020071000","四十瀬","34.586009","133.749029","0","1"
"33","岡山県","33202","倉敷市","332020072000","下庄","34.638387","133.827515","0","1"
"33","岡山県","33202","倉敷市","332020073000","下津井","34.444792","133.784906","0","1"
"33","岡山県","33202","倉敷市","332020074001","下津井一丁目","34.438043","133.797759","0","3"
"33","岡山県","33202","倉敷市","332020074002","下津井二丁目","34.440283","133.791960","0","3"
"33","岡山県","33202","倉敷市","332020074003","下津井三丁目","34.442573","133.789284","0","3"
"33","岡山県","33202","倉敷市","332020074004","下津井四丁目","34.438435","133.787010","0","3"
"33","岡山県","33202","倉敷市","332020074005","下津井五丁目","34.442583","133.782527","0","3"
"33","岡山県","33202","倉敷市","332020075000","下津井田之浦","34.435197","133.811294","0","1"
"33","岡山県","33202","倉敷市","332020076001","下津井田之浦一丁目","34.436707","133.806614","0","3"
"33","岡山県","33202","倉敷市","332020076002","下津井田之浦二丁目","34.439912","133.805305","0","3"
"33","岡山県","33202","倉敷市","332020077000","下津井吹上","34.444481","133.798924","0","1"
"33","岡山県","33202","倉敷市","332020078001","下津井吹上一丁目","34.439843","133.802411","0","3"
"33","岡山県","33202","倉敷市","332020078002","下津井吹上二丁目","34.439992","133.799616","0","3"
"33","岡山県","33202","倉敷市","332020079000","庄新町","34.660622","133.825050","0","1"
"33","岡山県","33202","倉敷市","332020080000","上東","34.647483","133.823213","0","1"
"33","岡山県","33202","倉敷市","332020081001","新倉敷駅前一丁目","34.562850","133.678190","0","3"
"33","岡山県","33202","倉敷市","332020081002","新倉敷駅前二丁目","34.565165","133.680672","0","3"
"33","岡山県","33202","倉敷市","332020081003","新倉敷駅前三丁目","34.563775","133.682676","0","3"
"33","岡山県","33202","倉敷市","332020081004","新倉敷駅前四丁目","34.560847","133.680514","0","3"
"33","岡山県","33202","倉敷市","332020081005","新倉敷駅前五丁目","34.559999","133.677199","0","3"
"33","岡山県","33202","倉敷市","332020082000","新田","34.580013","133.778885","0","1"
"33","岡山県","33202","倉敷市","332020083000","祐安","34.619174","133.758333","0","1"
"33","岡山県","33202","倉敷市","332020084000","曽原","34.535660","133.798354","0","1"
"33","岡山県","33202","倉敷市","332020085000","高須賀","34.586574","133.822203","0","1"
"33","岡山県","33202","倉敷市","332020086000","田ノ上","34.588549","133.758096","0","1"
"33","岡山県","33202","倉敷市","332020087000","田ノ上新町","34.585458","133.756063","0","1"
"33","岡山県","33202","倉敷市","332020088000","玉島","34.552789","133.684793","0","1"
"33","岡山県","33202","倉敷市","332020089001","玉島一丁目","34.545573","133.675403","0","3"
"33","岡山県","33202","倉敷市","332020089002","玉島二丁目","34.541826","133.676724","0","3"
"33","岡山県","33202","倉敷市","332020089003","玉島三丁目","34.539454","133.672185","0","3"
"33","岡山県","33202","倉敷市","332020090000","玉島阿賀崎","34.544535","133.658244","0","1"
"33","岡山県","33202","倉敷市","332020091001","玉島阿賀崎一丁目","34.550685","133.676420","0","3"
"33","岡山県","33202","倉敷市","332020091002","玉島阿賀崎二丁目","34.549336","133.672727","0","3"
"33","岡山県","33202","倉敷市","332020091003","玉島阿賀崎三丁目","34.549566","133.670417","0","3"
"33","岡山県","33202","倉敷市","332020091004","玉島阿賀崎四丁目","34.549868","133.667756","0","3"
"33","岡山県","33202","倉敷市","332020091005","玉島阿賀崎五丁目","34.552876","133.669255","0","3"
"33","岡山県","33202","倉敷市","332020092000","玉島上成","34.559959","133.692708","0","1"
"33","岡山県","33202","倉敷市","332020093000","玉島柏島","34.531936","133.658119","0","1"
"33","岡山県","33202","倉敷市","332020094001","玉島柏台一丁目","34.533682","133.650199","0","3"
"33","岡山県","33202","倉敷市","332020094002","玉島柏台二丁目","34.532465","133.648969","0","3"
"33","岡山県","33202","倉敷市","332020094003","玉島柏台三丁目","34.531315","133.652038","0","3"
"33","岡山県","33202","倉敷市","332020094004","玉島柏台四丁目","34.530462","133.649421","0","3"
"33","岡山県","33202","倉敷市","332020094005","玉島柏台五丁目","34.528842","133.653268","0","3"
"33","岡山県","33202","倉敷市","332020095000","玉島黒崎","34.514239","133.635141","0","1"
"33","岡山県","33202","倉敷市","332020096000","玉島黒崎新町","34.515027","133.649915","0","1"
"33","岡山県","33202","倉敷市","332020097000","玉島陶","34.593764","133.664488","0","1"
"33","岡山県","33202","倉敷市","332020098001","玉島中央町一丁目","34.544015","133.672216","0","3"
"33","岡山県","33202","倉敷市","332020098002","玉島中央町二丁目","34.546307","133.669872","0","3"
"33","岡山県","33202","倉敷市","332020098003","玉島中央町三丁目","34.544046","133.669372","0","3"
"33","岡山県","33202","倉敷市","332020099000","玉島爪崎","34.561119","133.684421","0","1"
"33","岡山県","33202","倉敷市","332020100000","玉島富","34.576591","133.631395","0","1"
"33","岡山県","33202","倉敷市","332020101000","玉島長尾","34.575487","133.680785","0","1"
"33","岡山県","33202","倉敷市","332020102000","玉島服部","34.606991","133.683251","0","1"
"33","岡山県","33202","倉敷市","332020103000","玉島道口","34.573120","133.648900","0","1"
"33","岡山県","33202","倉敷市","332020104000","玉島道越","34.553444","133.656437","0","1"
"33","岡山県","33202","倉敷市","332020105000","玉島八島","34.564064","133.665141","0","1"
"33","岡山県","33202","倉敷市","332020106000","玉島勇崎","34.526587","133.644459","0","1"
"33","岡山県","33202","倉敷市","332020107000","茶屋町","34.578075","133.831108","0","1"
"33","岡山県","33202","倉敷市","332020108000","茶屋町早沖","34.588636","133.835585","0","1"
"33","岡山県","33202","倉敷市","332020109001","中央一丁目","34.591933","133.771328","0","3"
"33","岡山県","33202","倉敷市","332020109002","中央二丁目","34.593233","133.768936","0","3"
"33","岡山県","33202","倉敷市","332020110000","粒浦","34.569069","133.786115","0","1"
"33","岡山県","33202","倉敷市","332020111000","粒江","34.552110","133.798275","0","1"
"33","岡山県","33202","倉敷市","332020112000","粒江団地","34.563454","133.804359","0","1"
"33","岡山県","33202","倉敷市","332020113001","連島一丁目","34.545281","133.737775","0","3"
"33","岡山県","33202","倉敷市","332020113002","連島二丁目","34.548901","133.739284","0","3"
"33","岡山県","33202","倉敷市","332020113003","連島三丁目","34.551446","133.743357","0","3"
"33","岡山県","33202","倉敷市","332020113004","連島四丁目","34.552367","133.741348","0","3"
"33","岡山県","33202","倉敷市","332020113005","連島五丁目","34.550923","133.738055","0","3"
"33","岡山県","33202","倉敷市","332020114001","連島中央一丁目","34.546524","133.733777","0","3"
"33","岡山県","33202","倉敷市","332020114002","連島中央二丁目","34.549600","133.733806","0","3"
"33","岡山県","33202","倉敷市","332020114003","連島中央三丁目","34.548588","133.730859","0","3"
"33","岡山県","33202","倉敷市","332020114004","連島中央四丁目","34.547700","133.729268","0","3"
"33","岡山県","33202","倉敷市","332020114005","連島中央五丁目","34.546397","133.724828","0","3"
"33","岡山県","33202","倉敷市","332020115000","連島町亀島新田","34.550201","133.726922","0","1"
"33","岡山県","33202","倉敷市","332020116000","連島町連島","34.562098","133.738436","0","1"
"33","岡山県","33202","倉敷市","332020117000","連島町鶴新田","34.538777","133.711384","0","1"
"33","岡山県","33202","倉敷市","332020118000","連島町西之浦","34.555971","133.710605","0","1"
"33","岡山県","33202","倉敷市","332020119000","連島町矢柄","34.560822","133.723064","0","1"
"33","岡山県","33202","倉敷市","332020120001","鶴形一丁目","34.600881","133.771605","0","3"
"33","岡山県","33202","倉敷市","332020120002","鶴形二丁目","34.598862","133.772333","0","3"
"33","岡山県","33202","倉敷市","332020121001","鶴の浦一丁目","34.551029","133.704529","0","3"
"33","岡山県","33202","倉敷市","332020121002","鶴の浦二丁目","34.544238","133.705796","0","3"
"33","岡山県","33202","倉敷市","332020121003","鶴の浦三丁目","34.548192","133.710222","0","3"
"33","岡山県","33202","倉敷市","332020122000","徳芳","34.624237","133.817948","0","1"
"33","岡山県","33202","倉敷市","332020123000","鳥羽","34.619399","133.809599","0","1"
"33","岡山県","33202","倉敷市","332020124000","中帯江","34.601284","133.801744","0","1"
"33","岡山県","33202","倉敷市","332020125000","中島","34.580676","133.734368","0","1"
"33","岡山県","33202","倉敷市","332020126000","中庄","34.618986","133.795780","0","1"
"33","岡山県","33202","倉敷市","332020127000","中庄団地","34.612934","133.790682","0","1"
"33","岡山県","33202","倉敷市","332020128001","中畝一丁目","34.525751","133.744462","0","3"
"33","岡山県","33202","倉敷市","332020128002","中畝二丁目","34.526852","133.746792","0","3"
"33","岡山県","33202","倉敷市","332020128003","中畝三丁目","34.529777","133.745985","0","3"
"33","岡山県","33202","倉敷市","332020128004","中畝四丁目","34.531959","133.746474","0","3"
"33","岡山県","33202","倉敷市","332020128005","中畝五丁目","34.534353","133.747033","0","3"
"33","岡山県","33202","倉敷市","332020128006","中畝六丁目","34.523766","133.751601","0","3"
"33","岡山県","33202","倉敷市","332020128007","中畝七丁目","34.525259","133.752861","0","3"
"33","岡山県","33202","倉敷市","332020128008","中畝八丁目","34.528703","133.753026","0","3"
"33","岡山県","33202","倉敷市","332020128009","中畝九丁目","34.531763","133.753161","0","3"
"33","岡山県","33202","倉敷市","332020128010","中畝十丁目","34.534093","133.753271","0","3"
"33","岡山県","33202","倉敷市","332020129000","西阿知町","34.589951","133.731940","0","1"
"33","岡山県","33202","倉敷市","332020130000","西阿知町新田","34.572284","133.727412","0","1"
"33","岡山県","33202","倉敷市","332020131000","西阿知町西原","34.588483","133.721052","0","1"
"33","岡山県","33202","倉敷市","332020132000","西尾","34.655549","133.826046","0","1"
"33","岡山県","33202","倉敷市","332020133000","西岡","34.618756","133.767899","0","1"
"33","岡山県","33202","倉敷市","332020134000","西坂","34.630666","133.774329","0","1"
"33","岡山県","33202","倉敷市","332020135000","西田","34.593150","133.810926","0","1"
"33","岡山県","33202","倉敷市","332020136000","西富井","34.574114","133.747411","0","1"
"33","岡山県","33202","倉敷市","332020137000","西中新田","34.582184","133.761643","0","1"
"33","岡山県","33202","倉敷市","332020138000","白楽町","34.588619","133.766755","0","1"
"33","岡山県","33202","倉敷市","332020139000","羽島","34.595696","133.784775","0","1"
"33","岡山県","33202","倉敷市","332020140000","八王寺町","34.600914","133.751472","0","1"
"33","岡山県","33202","倉敷市","332020141000","八軒屋","34.574930","133.787965","0","1"
"33","岡山県","33202","倉敷市","332020142000","浜ノ茶屋","34.613257","133.769944","0","1"
"33","岡山県","33202","倉敷市","332020143001","浜ノ茶屋一丁目","34.611080","133.769963","0","3"
"33","岡山県","33202","倉敷市","332020143002","浜ノ茶屋二丁目","34.612088","133.772799","0","3"
"33","岡山県","33202","倉敷市","332020144001","浜町一丁目","34.607919","133.768740","0","3"
"33","岡山県","33202","倉敷市","332020144002","浜町二丁目","34.608341","133.772658","0","3"
"33","岡山県","33202","倉敷市","332020145000","林","34.533262","133.813534","0","1"
"33","岡山県","33202","倉敷市","332020146000","早高","34.589493","133.816333","0","1"
"33","岡山県","33202","倉敷市","332020147001","東塚一丁目","34.523747","133.758904","0","3"
"33","岡山県","33202","倉敷市","332020147002","東塚二丁目","34.526163","133.758998","0","3"
"33","岡山県","33202","倉敷市","332020147003","東塚三丁目","34.528989","133.759095","0","3"
"33","岡山県","33202","倉敷市","332020147004","東塚四丁目","34.532633","133.759209","0","3"
"33","岡山県","33202","倉敷市","332020147005","東塚五丁目","34.529266","133.764905","0","3"
"33","岡山県","33202","倉敷市","332020147006","東塚六丁目","34.526048","133.766119","0","3"
"33","岡山県","33202","倉敷市","332020147007","東塚七丁目","34.523556","133.765650","0","3"
"33","岡山県","33202","倉敷市","332020148000","東粒浦","34.566317","133.798997","0","1"
"33","岡山県","33202","倉敷市","332020149000","東富井","34.574541","133.754410","0","1"
"33","岡山県","33202","倉敷市","332020150000","東町","34.596061","133.777318","0","1"
"33","岡山県","33202","倉敷市","332020151001","日ノ出町一丁目","34.605294","133.768923","0","3"
"33","岡山県","33202","倉敷市","332020151002","日ノ出町二丁目","34.607918","133.766186","0","3"
"33","岡山県","33202","倉敷市","332020152000","日畑","34.658664","133.832148","0","1"
"33","岡山県","33202","倉敷市","332020153000","日吉町","34.601361","133.757129","0","1"
"33","岡山県","33202","倉敷市","332020154000","平田","34.614686","133.779601","0","1"
"33","岡山県","33202","倉敷市","332020155001","広江一丁目","34.520082","133.773935","0","3"
"33","岡山県","33202","倉敷市","332020155002","広江二丁目","34.526284","133.772049","0","3"
"33","岡山県","33202","倉敷市","332020155003","広江三丁目","34.526761","133.776900","0","3"
"33","岡山県","33202","倉敷市","332020155004","広江四丁目","34.528827","133.781762","0","3"
"33","岡山県","33202","倉敷市","332020155005","広江五丁目","34.525859","133.782287","0","3"
"33","岡山県","33202","倉敷市","332020155006","広江六丁目","34.521554","133.780210","0","3"
"33","岡山県","33202","倉敷市","332020155007","広江七丁目","34.523035","133.787652","0","3"
"33","岡山県","33202","倉敷市","332020155008","広江八丁目","34.528898","133.791728","0","3"
"33","岡山県","33202","倉敷市","332020156000","福井","34.568132","133.749847","0","1"
"33","岡山県","33202","倉敷市","332020157000","福江","34.520502","133.803175","0","1"
"33","岡山県","33202","倉敷市","332020158000","福島","34.604056","133.783376","0","1"
"33","岡山県","33202","倉敷市","332020159000","福田町浦田","34.556511","133.765159","0","1"
"33","岡山県","33202","倉敷市","332020160000","福田町古新田","34.539606","133.765395","0","1"
"33","岡山県","33202","倉敷市","332020161000","福田町東塚","34.534220","133.761312","0","1"
"33","岡山県","33202","倉敷市","332020162000","福田町広江","34.518004","133.784976","0","1"
"33","岡山県","33202","倉敷市","332020163000","福田町福田","34.543491","133.778444","0","1"
"33","岡山県","33202","倉敷市","332020164000","福田町南畝","34.513024","133.743507","0","1"
"33","岡山県","33202","倉敷市","332020165000","藤戸町天城","34.568998","133.814446","0","1"
"33","岡山県","33202","倉敷市","332020166000","藤戸町藤戸","34.558824","133.819169","0","1"
"33","岡山県","33202","倉敷市","332020167000","二子","34.640028","133.808608","0","1"
"33","岡山県","33202","倉敷市","332020168000","二日市","34.590167","133.792953","0","1"
"33","岡山県","33202","倉敷市","332020169000","船穂町船穂","34.581759","133.702110","0","1"
"33","岡山県","33202","倉敷市","332020170000","船穂町水江","34.598986","133.720071","0","1"
"33","岡山県","33202","倉敷市","332020171000","船穂町柳井原","34.614221","133.722023","0","1"
"33","岡山県","33202","倉敷市","332020172000","船倉町","34.591498","133.773294","0","1"
"33","岡山県","33202","倉敷市","332020173000","堀南","34.573667","133.758151","0","1"
"33","岡山県","33202","倉敷市","332020174000","本町","34.596249","133.774176","0","1"
"33","岡山県","33202","倉敷市","332020175001","松江一丁目","34.519701","133.758771","0","3"
"33","岡山県","33202","倉敷市","332020175002","松江二丁目","34.515598","133.758636","0","3"
"33","岡山県","33202","倉敷市","332020175003","松江三丁目","34.511477","133.755565","0","3"
"33","岡山県","33202","倉敷市","332020175004","松江四丁目","34.514706","133.766032","0","3"
"33","岡山県","33202","倉敷市","332020176000","松島","34.631290","133.813464","0","1"
"33","岡山県","33202","倉敷市","332020177000","真備町有井","34.634303","133.704639","0","1"
"33","岡山県","33202","倉敷市","332020178000","真備町市場","34.651391","133.680804","0","1"
"33","岡山県","33202","倉敷市","332020179000","真備町岡田","34.649529","133.704540","0","1"
"33","岡山県","33202","倉敷市","332020180000","真備町尾崎","34.629486","133.668408","0","1"
"33","岡山県","33202","倉敷市","332020181000","真備町上二万","34.606274","133.703461","0","1"
"33","岡山県","33202","倉敷市","332020182000","真備町川辺","34.633831","133.718809","0","1"
"33","岡山県","33202","倉敷市","332020183000","真備町下二万","34.619784","133.709540","0","1"
"33","岡山県","33202","倉敷市","332020184000","真備町妹","34.624253","133.644787","0","1"
"33","岡山県","33202","倉敷市","332020185000","真備町辻田","34.650028","133.716729","0","1"
"33","岡山県","33202","倉敷市","332020186000","真備町服部","34.614314","133.670568","0","1"
"33","岡山県","33202","倉敷市","332020187000","真備町箭田","34.626403","133.688409","0","1"
"33","岡山県","33202","倉敷市","332020188000","水江","34.603918","133.737793","0","1"
"33","岡山県","33202","倉敷市","332020189000","水島相生町","34.550587","133.749089","0","1"
"33","岡山県","33202","倉敷市","332020190000","水島青葉町","34.534908","133.738038","0","1"
"33","岡山県","33202","倉敷市","332020191001","水島海岸通一丁目","34.525702","133.733777","0","3"
"33","岡山県","33202","倉敷市","332020191002","水島海岸通二丁目","34.519952","133.733660","0","3"
"33","岡山県","33202","倉敷市","332020191003","水島海岸通三丁目","34.514446","133.733336","0","3"
"33","岡山県","33202","倉敷市","332020191004","水島海岸通四丁目","34.509692","133.733451","0","3"
"33","岡山県","33202","倉敷市","332020191005","水島海岸通五丁目","34.503200","133.728922","0","3"
"33","岡山県","33202","倉敷市","332020192001","水島川崎通一丁目","34.507474","133.714843","0","3"
"33","岡山県","33202","倉敷市","332020193000","水島北春日町","34.544836","133.742969","0","1"
"33","岡山県","33202","倉敷市","332020194000","水島北亀島町","34.532276","133.726799","0","1"
"33","岡山県","33202","倉敷市","332020195000","水島北幸町","34.540579","133.740684","0","1"
"33","岡山県","33202","倉敷市","332020196000","水島北瑞穂町","34.548304","133.742553","0","1"
"33","岡山県","33202","倉敷市","332020197000","水島北緑町","34.548657","133.745144","0","1"
"33","岡山県","33202","倉敷市","332020198000","水島高砂町","34.530396","133.735995","0","1"
"33","岡山県","33202","倉敷市","332020199001","水島中通一丁目","34.525669","133.727396","0","3"
"33","岡山県","33202","倉敷市","332020199002","水島中通二丁目","34.520103","133.727345","0","3"
"33","岡山県","33202","倉敷市","332020199003","水島中通三丁目","34.514387","133.726981","0","3"
"33","岡山県","33202","倉敷市","332020199004","水島中通四丁目","34.509657","133.727029","0","3"
"33","岡山県","33202","倉敷市","332020200000","水島西寿町","34.546896","133.746674","0","1"
"33","岡山県","33202","倉敷市","332020201000","水島西栄町","34.538584","133.742646","0","1"
"33","岡山県","33202","倉敷市","332020202000","水島西千鳥町","34.529612","133.738692","0","1"
"33","岡山県","33202","倉敷市","332020203001","水島西通一丁目","34.525832","133.722021","0","3"
"33","岡山県","33202","倉敷市","332020203002","水島西通二丁目","34.519832","133.722260","0","3"
"33","岡山県","33202","倉敷市","332020204000","水島西常盤町","34.534180","133.740710","0","1"
"33","岡山県","33202","倉敷市","332020205000","水島西弥生町","34.542963","133.744767","0","1"
"33","岡山県","33202","倉敷市","332020206000","水島東川町","34.550289","133.746038","0","1"
"33","岡山県","33202","倉敷市","332020207000","水島東寿町","34.546480","133.748087","0","1"
"33","岡山県","33202","倉敷市","332020208000","水島東栄町","34.537998","133.744234","0","1"
"33","岡山県","33202","倉敷市","332020209000","水島東千鳥町","34.529298","133.740536","0","1"
"33","岡山県","33202","倉敷市","332020210000","水島東常盤町","34.533625","133.742340","0","1"
"33","岡山県","33202","倉敷市","332020211000","水島東弥生町","34.542435","133.746243","0","1"
"33","岡山県","33202","倉敷市","332020212000","水島福崎町","34.525863","133.738773","0","1"
"33","岡山県","33202","倉敷市","332020213000","水島南春日町","34.542701","133.741792","0","1"
"33","岡山県","33202","倉敷市","332020214000","水島南亀島町","34.529624","133.726528","0","1"
"33","岡山県","33202","倉敷市","332020215000","水島南幸町","34.538326","133.739609","0","1"
"33","岡山県","33202","倉敷市","332020216000","水島南瑞穂町","34.544451","133.740236","0","1"
"33","岡山県","33202","倉敷市","332020217000","水島南緑町","34.546852","133.744118","0","1"
"33","岡山県","33202","倉敷市","332020218000","水島明神町","34.531454","133.732632","0","1"
"33","岡山県","33202","倉敷市","332020219000","三田","34.632910","133.796516","0","1"
"33","岡山県","33202","倉敷市","332020220001","南畝一丁目","34.521134","133.740870","0","3"
"33","岡山県","33202","倉敷市","332020220002","南畝二丁目","34.521353","133.743583","0","3"
"33","岡山県","33202","倉敷市","332020220003","南畝三丁目","34.521308","133.746067","0","3"
"33","岡山県","33202","倉敷市","332020220004","南畝四丁目","34.513997","133.746617","0","3"
"33","岡山県","33202","倉敷市","332020220005","南畝五丁目","34.521193","133.748520","0","3"
"33","岡山県","33202","倉敷市","332020220006","南畝六丁目","34.517234","133.751579","0","3"
"33","岡山県","33202","倉敷市","332020220007","南畝七丁目","34.518122","133.753826","0","3"
"33","岡山県","33202","倉敷市","332020221000","南町","34.592909","133.766114","0","1"
"33","岡山県","33202","倉敷市","332020222000","宮前","34.612335","133.763432","0","1"
"33","岡山県","33202","倉敷市","332020223001","美和一丁目","34.601334","133.775948","0","3"
"33","岡山県","33202","倉敷市","332020223002","美和二丁目","34.598754","133.776131","0","3"
"33","岡山県","33202","倉敷市","332020224000","向山","34.590261","133.777944","0","1"
"33","岡山県","33202","倉敷市","332020225000","安江","34.595580","133.750225","0","1"
"33","岡山県","33202","倉敷市","332020226000","矢部","34.663481","133.814013","0","1"
"33","岡山県","33202","倉敷市","332020227000","山地","34.653982","133.810933","0","1"
"33","岡山県","33202","倉敷市","332020228000","吉岡","34.568569","133.767601","0","1"
"33","岡山県","33202","倉敷市","332020229001","呼松一丁目","34.515282","133.771237","0","3"
"33","岡山県","33202","倉敷市","332020229002","呼松二丁目","34.511199","133.771392","0","3"
"33","岡山県","33202","倉敷市","332020229003","呼松三丁目","34.508967","133.769918","0","3"
"33","岡山県","33202","倉敷市","332020230000","呼松町","34.513687","133.775308","0","1"
"33","岡山県","33202","倉敷市","332020231000","玉島乙島","34.528611","133.680583","0","1"
"33","岡山県","33202","倉敷市","332020232001","昭和一丁目","34.604836","133.770980","0","3"
"33","岡山県","33202","倉敷市","332020232002","昭和二丁目","34.603379","133.771400","0","3"
"33","岡山県","33203","津山市","332030067000 ","くめ","35.061760","133.922922","0","1"
"33","岡山県","33203","津山市","332030001000 ","阿波","35.262959","134.119141","0","1"
"33","岡山県","33203","津山市","332030002000 ","綾部","35.117516","134.069218","0","1"
"33","岡山県","33203","津山市","332030174000 ","安井","35.091410","134.110424","0","1"
"33","岡山県","33203","津山市","332030175000 ","安岡町","35.061451","133.986779","0","1"
"33","岡山県","33203","津山市","332030008000 ","井口","35.050210","133.987988","0","1"
"33","岡山県","33203","津山市","332030005000 ","一宮","35.096002","133.984590","0","1"
"33","岡山県","33203","津山市","332030004000 ","一色","35.046334","133.895380","0","1"
"33","岡山県","33203","津山市","332030007000 ","一方","35.049317","133.980029","0","1"
"33","岡山県","33203","津山市","332030009000 ","院庄","35.060132","133.952040","0","1"
"33","岡山県","33203","津山市","332030011000 ","瓜生原","35.031846","134.042859","0","1"
"33","岡山県","33203","津山市","332030018000 ","奥津川","35.156938","134.111780","0","1"
"33","岡山県","33203","津山市","332030021000 ","押入","35.067725","134.041278","0","1"
"33","岡山県","33203","津山市","332030022000 ","押渕","35.014215","134.021640","0","1"
"33","岡山県","33203","津山市","332030182000 ","横山","35.048089","134.010616","0","1"
"33","岡山県","33203","津山市","332030020000 ","桶屋町","35.058024","133.998697","0","1"
"33","岡山県","33203","津山市","332030091000 ","下横野","35.112675","134.023483","0","1"
"33","岡山県","33203","津山市","332030087000 ","下高倉西","35.093588","134.040750","0","1"
"33","岡山県","33203","津山市","332030088000 ","下高倉東","35.095107","134.053581","0","1"
"33","岡山県","33203","津山市","332030086000 ","下紺屋町","35.061400","133.999107","0","1"
"33","岡山県","33203","津山市","332030089000 ","下田邑","35.076917","133.967838","0","1"
"33","岡山県","33203","津山市","332030090000 ","下野田","35.075312","134.100329","0","1"
"33","岡山県","33203","津山市","332030038000 ","加茂町宇野","35.207244","134.018274","0","1"
"33","岡山県","33203","津山市","332030048000 ","加茂町下津川","35.171502","134.102892","0","1"
"33","岡山県","33203","津山市","332030040000 ","加茂町河井","35.206189","134.117805","0","1"
"33","岡山県","33203","津山市","332030044000 ","加茂町桑原","35.175590","134.062239","0","1"
"33","岡山県","33203","津山市","332030056000 ","加茂町原口","35.184137","134.009741","0","1"
"33","岡山県","33203","津山市","332030052000 ","加茂町戸賀","35.195840","134.048504","0","1"
"33","岡山県","33203","津山市","332030041000 ","加茂町公郷","35.171129","134.078429","0","1"
"33","岡山県","33203","津山市","332030058000 ","加茂町行重","35.154500","134.034182","0","1"
"33","岡山県","33203","津山市","332030043000 ","加茂町黒木","35.223490","134.041270","0","1"
"33","岡山県","33203","津山市","332030047000 ","加茂町山下","35.207384","134.103286","0","1"
"33","岡山県","33203","津山市","332030045000 ","加茂町小中原","35.178402","134.050411","0","1"
"33","岡山県","33203","津山市","332030039000 ","加茂町小渕","35.187508","134.072136","0","1"
"33","岡山県","33203","津山市","332030055000 ","加茂町成安","35.155259","134.061280","0","1"
"33","岡山県","33203","津山市","332030037000 ","加茂町青柳","35.210547","134.070755","0","1"
"33","岡山県","33203","津山市","332030042000 ","加茂町倉見","35.266393","134.052789","0","1"
"33","岡山県","33203","津山市","332030050000 ","加茂町知和","35.210150","134.090719","0","1"
"33","岡山県","33203","津山市","332030053000 ","加茂町中原","35.173174","134.049434","0","1"
"33","岡山県","33203","津山市","332030049000 ","加茂町塔中","35.184118","134.056375","0","1"
"33","岡山県","33203","津山市","332030054000 ","加茂町楢井","35.164886","134.022121","0","1"
"33","岡山県","33203","津山市","332030051000 ","加茂町百々","35.177141","134.031366","0","1"
"33","岡山県","33203","津山市","332030057000 ","加茂町物見","35.214802","134.145461","0","1"
"33","岡山県","33203","津山市","332030046000 ","加茂町齋野谷","35.184857","134.047418","0","1"
"33","岡山県","33203","津山市","332030062000 ","河原町","35.058268","134.005137","0","1"
"33","岡山県","33203","津山市","332030061000 ","河辺","35.059091","134.051726","0","1"
"33","岡山県","33203","津山市","332030073000 ","河面","35.071946","134.074705","0","1"
"33","岡山県","33203","津山市","332030059000 ","茅町","35.059729","133.988852","0","1"
"33","岡山県","33203","津山市","332030183000 ","吉見","35.135417","134.064110","0","1"
"33","岡山県","33203","津山市","332030068000 ","久米川南","35.048552","133.928297","0","1"
"33","岡山県","33203","津山市","332030165000 ","宮尾","35.057595","133.931063","0","1"
"33","岡山県","33203","津山市","332030167000 ","宮部下","35.073622","133.882813","0","1"
"33","岡山県","33203","津山市","332030166000 ","宮部上","35.088251","133.853209","0","1"
"33","岡山県","33203","津山市","332030168000 ","宮脇町","35.060520","133.994930","0","1"
"33","岡山県","33203","津山市","332030065000 ","京町","35.058782","134.003732","0","1"
"33","岡山県","33203","津山市","332030144000 ","橋本町","35.059950","134.009069","0","1"
"33","岡山県","33203","津山市","332030107000 ","近長","35.083277","134.081943","0","1"
"33","岡山県","33203","津山市","332030028000 ","金井","35.035619","134.057084","0","1"
"33","岡山県","33203","津山市","332030029000 ","金屋","35.028932","134.027501","0","1"
"33","岡山県","33203","津山市","332030070000 ","桑下","35.025068","133.923174","0","1"
"33","岡山県","33203","津山市","332030069000 ","桑上","35.020847","133.915976","0","1"
"33","岡山県","33203","津山市","332030170000 ","元魚町","35.060565","134.000690","0","1"
"33","岡山県","33203","津山市","332030145000 ","原","35.097632","134.117232","0","1"
"33","岡山県","33203","津山市","332030115000 ","戸川町","35.059207","133.998953","0","1"
"33","岡山県","33203","津山市","332030116000 ","戸島","35.071245","133.950607","0","1"
"33","岡山県","33203","津山市","332030117000 ","戸脇","35.032019","133.931398","0","1"
"33","岡山県","33203","津山市","332030072000 ","荒神山","35.028100","134.014306","0","1"
"33","岡山県","33203","津山市","332030101000 ","高尾","35.035706","133.960202","0","1"
"33","岡山県","33203","津山市","332030103000 ","高野山西","35.079309","134.044076","0","1"
"33","岡山県","33203","津山市","332030102000 ","高野本郷","35.079419","134.061803","0","1"
"33","岡山県","33203","津山市","332030074000 ","国分寺","35.051025","134.041477","0","1"
"33","岡山県","33203","津山市","332030076000 ","細工町","35.061650","133.996822","0","1"
"33","岡山県","33203","津山市","332030077000 ","材木町","35.059179","134.008251","0","1"
"33","岡山県","33203","津山市","332030079000 ","坂上","35.099956","134.102139","0","1"
"33","岡山県","33203","津山市","332030078000 ","堺町","35.058413","134.001421","0","1"
"33","岡山県","33203","津山市","332030082000 ","皿","35.038463","133.973837","0","1"
"33","岡山県","33203","津山市","332030160000 ","三浦","35.145056","134.086337","0","1"
"33","岡山県","33203","津山市","332030083000 ","山下","35.061717","134.004087","0","1"
"33","岡山県","33203","津山市","332030176000 ","山方","35.116430","133.992111","0","1"
"33","岡山県","33203","津山市","332030177000 ","山北","35.070585","134.004009","0","1"
"33","岡山県","33203","津山市","332030006000 ","市場","35.133266","134.116380","0","1"
"33","岡山県","33203","津山市","332030084000 ","志戸部","35.079019","134.019755","0","1"
"33","岡山県","33203","津山市","332030085000 ","紫保井","35.091593","134.014451","0","1"
"33","岡山県","33203","津山市","332030104000 ","種","35.032961","133.996434","0","1"
"33","岡山県","33203","津山市","332030027000 ","勝間田町","35.060822","134.011668","0","1"
"33","岡山県","33203","津山市","332030026000 ","勝部","35.087250","134.025363","0","1"
"33","岡山県","33203","津山市","332030019000 ","小桁","35.037792","134.025846","0","1"
"33","岡山県","33203","津山市","332030024000 ","小原","35.083801","133.992760","0","1"
"33","岡山県","33203","津山市","332030075000 ","小性町","35.058093","134.002780","0","1"
"33","岡山県","33203","津山市","332030023000 ","小田中","35.064474","133.988516","0","1"
"33","岡山県","33203","津山市","332030093001 ","昭和町一丁目","35.055240","133.999564","0","3"
"33","岡山県","33203","津山市","332030093002 ","昭和町二丁目","35.055245","133.994647","0","3"
"33","岡山県","33203","津山市","332030139000 ","沼","35.077169","134.012521","0","1"
"33","岡山県","33203","津山市","332030036000 ","上横野","35.143993","134.001920","0","1"
"33","岡山県","33203","津山市","332030030000 ","上河原","35.085397","134.003667","0","1"
"33","岡山県","33203","津山市","332030032000 ","上高倉","35.116798","134.051212","0","1"
"33","岡山県","33203","津山市","332030031000 ","上紺屋町","35.061258","133.996780","0","1"
"33","岡山県","33203","津山市","332030035000 ","上村","35.100897","134.093103","0","1"
"33","岡山県","33203","津山市","332030033000 ","上田邑","35.095902","133.962797","0","1"
"33","岡山県","33203","津山市","332030010000 ","上之町","35.063943","134.016621","0","1"
"33","岡山県","33203","津山市","332030034000 ","上野田","35.081955","134.096608","0","1"
"33","岡山県","33203","津山市","332030092000 ","城代町","35.065769","133.998230","0","1"
"33","岡山県","33203","津山市","332030095000 ","新茅町","35.057950","133.990947","0","1"
"33","岡山県","33203","津山市","332030094000 ","新魚町","35.058696","134.000444","0","1"
"33","岡山県","33203","津山市","332030097000 ","新職人町","35.058785","133.999498","0","1"
"33","岡山県","33203","津山市","332030125000 ","新田","35.056400","134.065637","0","1"
"33","岡山県","33203","津山市","332030127000 ","新野山形","35.124666","134.096940","0","1"
"33","岡山県","33203","津山市","332030126000 ","新野東","35.107194","134.119964","0","1"
"33","岡山県","33203","津山市","332030096000 ","神戸","35.062965","133.941498","0","1"
"33","岡山県","33203","津山市","332030071000 ","神代","35.039050","133.907106","0","1"
"33","岡山県","33203","津山市","332030151000 ","吹屋町","35.057212","133.999906","0","1"
"33","岡山県","33203","津山市","332030098000 ","杉宮","35.090579","134.090875","0","1"
"33","岡山県","33203","津山市","332030131000 ","西下","35.107105","134.096280","0","1"
"33","岡山県","33203","津山市","332030136000 ","西吉田","35.051298","134.055976","0","1"
"33","岡山県","33203","津山市","332030129000 ","西今町","35.060421","133.992907","0","1"
"33","岡山県","33203","津山市","332030134000 ","西寺町","35.059907","133.991881","0","1"
"33","岡山県","33203","津山市","332030130000 ","西上","35.129981","134.109165","0","1"
"33","岡山県","33203","津山市","332030132000 ","西新町","35.062343","134.015917","0","1"
"33","岡山県","33203","津山市","332030135000 ","西中","35.112606","134.107307","0","1"
"33","岡山県","33203","津山市","332030133000 ","西田辺","35.126151","133.973597","0","1"
"33","岡山県","33203","津山市","332030060000 ","川崎","35.061172","134.030946","0","1"
"33","岡山県","33203","津山市","332030099000 ","船頭町","35.057630","134.003585","0","1"
"33","岡山県","33203","津山市","332030100000 ","総社","35.076039","133.989406","0","1"
"33","岡山県","33203","津山市","332030066000 ","草加部","35.100810","134.067247","0","1"
"33","岡山県","33203","津山市","332030012000 ","大岩","35.143479","134.124112","0","1"
"33","岡山県","33203","津山市","332030017000 ","大吉","35.156973","134.134351","0","1"
"33","岡山県","33203","津山市","332030013000 ","大篠","35.125823","134.034669","0","1"
"33","岡山県","33203","津山市","332030016000 ","大手町","35.059881","134.003629","0","1"
"33","岡山県","33203","津山市","332030015000 ","大谷","35.046604","133.996685","0","1"
"33","岡山県","33203","津山市","332030014000 ","大田","35.091396","134.005790","0","1"
"33","岡山県","33203","津山市","332030025000 ","鍛治町","35.060886","133.998498","0","1"
"33","岡山県","33203","津山市","332030003000 ","池ヶ原","35.042717","134.078532","0","1"
"33","岡山県","33203","津山市","332030122000 ","中原","35.032574","134.066712","0","1"
"33","岡山県","33203","津山市","332030123000 ","中村","35.093011","134.097971","0","1"
"33","岡山県","33203","津山市","332030120000 ","中島","35.053025","133.961575","0","1"
"33","岡山県","33203","津山市","332030121000 ","中之町","35.061504","134.013087","0","1"
"33","岡山県","33203","津山市","332030119000 ","中北下","35.067180","133.899463","0","1"
"33","岡山県","33203","津山市","332030118000 ","中北上","35.074103","133.843551","0","1"
"33","岡山県","33203","津山市","332030112000 ","津山口","35.057198","133.985525","0","1"
"33","岡山県","33203","津山市","332030108000 ","椿高下","35.066431","134.001702","0","1"
"33","岡山県","33203","津山市","332030110000 ","坪井下","35.053025","133.864222","0","1"
"33","岡山県","33203","津山市","332030109000 ","坪井上","35.051281","133.837390","0","1"
"33","岡山県","33203","津山市","332030111000 ","坪井町","35.060584","133.996705","0","1"
"33","岡山県","33203","津山市","332030113000 ","鉄砲町","35.057325","133.993790","0","1"
"33","岡山県","33203","津山市","332030105000 ","田熊","35.068153","134.091546","0","1"
"33","岡山県","33203","津山市","332030106000 ","田町","35.062908","133.997564","0","1"
"33","岡山県","33203","津山市","332030146000 ","東一宮","35.100988","134.002068","0","1"
"33","岡山県","33203","津山市","332030147000 ","東新町","35.063372","134.018721","0","1"
"33","岡山県","33203","津山市","332030148000 ","東田辺","35.121690","133.982525","0","1"
"33","岡山県","33203","津山市","332030114000 ","堂尾","35.026553","134.079239","0","1"
"33","岡山県","33203","津山市","332030124000 ","楢","35.096060","134.081479","0","1"
"33","岡山県","33203","津山市","332030162000 ","南新座","35.058245","133.996787","0","1"
"33","岡山県","33203","津山市","332030163001 ","南町一丁目","35.055900","134.002619","0","3"
"33","岡山県","33203","津山市","332030161000 ","南方中","35.051336","133.884741","0","1"
"33","岡山県","33203","津山市","332030128000 ","二階町","35.060084","134.001464","0","1"
"33","岡山県","33203","津山市","332030137000 ","二宮","35.063948","133.968385","0","1"
"33","岡山県","33203","津山市","332030149000 ","日上","35.050800","134.027753","0","1"
"33","岡山県","33203","津山市","332030138000 ","日本原","35.112878","134.129951","0","1"
"33","岡山県","33203","津山市","332030173000 ","八社","35.004817","133.907647","1","1"
"33","岡山県","33203","津山市","332030172000 ","八出","35.057049","134.016804","0","1"
"33","岡山県","33203","津山市","332030164000 ","美濃町","35.060802","133.999839","0","1"
"33","岡山県","33203","津山市","332030157000 ","伏見町","35.058570","134.006705","0","1"
"33","岡山県","33203","津山市","332030152000 ","福井","35.059608","134.082164","0","1"
"33","岡山県","33203","津山市","332030153000 ","福田","35.021364","133.964037","0","1"
"33","岡山県","33203","津山市","332030154000 ","福田下","35.014505","133.912109","0","1"
"33","岡山県","33203","津山市","332030156000 ","福渡町","35.059854","133.996612","0","1"
"33","岡山県","33203","津山市","332030155000 ","福力","35.046576","134.066226","0","1"
"33","岡山県","33203","津山市","332030150000 ","平福","35.050094","133.969187","0","1"
"33","岡山県","33203","津山市","332030063000 ","北園町","35.076578","134.006452","0","1"
"33","岡山県","33203","津山市","332030064000 ","北町","35.065889","134.005944","0","1"
"33","岡山県","33203","津山市","332030158000 ","堀坂","35.117580","134.082893","0","1"
"33","岡山県","33203","津山市","332030159002 ","本町二丁目","35.060082","133.999642","0","3"
"33","岡山県","33203","津山市","332030159003 ","本町三丁目","35.060168","133.998392","0","3"
"33","岡山県","33203","津山市","332030169000 ","妙原","35.133553","134.082303","0","1"
"33","岡山県","33203","津山市","332030171000 ","籾保","35.096046","134.024629","0","1"
"33","岡山県","33203","津山市","332030140000 ","野介代","35.075027","134.029500","0","1"
"33","岡山県","33203","津山市","332030141000 ","野村","35.088162","134.067375","0","1"
"33","岡山県","33203","津山市","332030178000 ","弥生町","35.074819","134.015296","0","1"
"33","岡山県","33203","津山市","332030181000 ","油木下","35.013308","133.899304","0","1"
"33","岡山県","33203","津山市","332030179000 ","油木上","35.001578","133.884214","0","1"
"33","岡山県","33203","津山市","332030180000 ","油木北","35.016482","133.890505","0","1"
"33","岡山県","33203","津山市","332030080000 ","里公文","35.030257","133.897366","0","1"
"33","岡山県","33203","津山市","332030081000 ","里公文上","35.031542","133.881110","0","1"
"33","岡山県","33203","津山市","332030184000 ","領家","35.062762","133.911635","0","1"
"33","岡山県","33203","津山市","332030142000 ","林田","35.070067","134.017311","0","1"
"33","岡山県","33203","津山市","332030143000 ","林田町","35.060171","134.010362","0","1"
"33","岡山県","33204","玉野市","332040002000 ","宇藤木","34.529826","133.892040","0","1"
"33","岡山県","33204","玉野市","332040003001 ","宇野一丁目","34.490037","133.947345","0","3"
"33","岡山県","33204","玉野市","332040003002 ","宇野二丁目","34.489923","133.942068","0","3"
"33","岡山県","33204","玉野市","332040003003 ","宇野三丁目","34.485456","133.944821","0","3"
"33","岡山県","33204","玉野市","332040003004 ","宇野四丁目","34.483914","133.938335","0","3"
"33","岡山県","33204","玉野市","332040003005 ","宇野五丁目","34.489158","133.936219","0","3"
"33","岡山県","33204","玉野市","332040003006 ","宇野六丁目","34.497429","133.926754","0","3"
"33","岡山県","33204","玉野市","332040003007 ","宇野七丁目","34.498157","133.938039","0","3"
"33","岡山県","33204","玉野市","332040003008 ","宇野八丁目","34.496231","133.944337","0","3"
"33","岡山県","33204","玉野市","332040029000 ","羽根崎町","34.461284","133.924609","0","1"
"33","岡山県","33204","玉野市","332040020000 ","永井","34.478939","133.870502","0","1"
"33","岡山県","33204","玉野市","332040005001 ","奥玉一丁目","34.487918","133.923315","0","3"
"33","岡山県","33204","玉野市","332040005002 ","奥玉二丁目","34.483016","133.920856","0","3"
"33","岡山県","33204","玉野市","332040005003 ","奥玉三丁目","34.489146","133.917233","0","3"
"33","岡山県","33204","玉野市","332040013000 ","下山坂","34.559547","134.015799","0","1"
"33","岡山県","33204","玉野市","332040007000 ","梶岡","34.555995","134.002324","0","1"
"33","岡山県","33204","玉野市","332040042000 ","胸上","34.550141","134.003810","0","1"
"33","岡山県","33204","玉野市","332040016001 ","玉一丁目","34.483318","133.933495","0","3"
"33","岡山県","33204","玉野市","332040016002 ","玉二丁目","34.481262","133.933277","0","3"
"33","岡山県","33204","玉野市","332040016003 ","玉三丁目","34.470661","133.932783","0","3"
"33","岡山県","33204","玉野市","332040016004 ","玉四丁目","34.477653","133.926955","0","3"
"33","岡山県","33204","玉野市","332040016005 ","玉五丁目","34.480736","133.924679","0","3"
"33","岡山県","33204","玉野市","332040016006 ","玉六丁目","34.486962","133.929908","0","3"
"33","岡山県","33204","玉野市","332040017001 ","玉原一丁目","34.494230","133.911123","0","3"
"33","岡山県","33204","玉野市","332040017002 ","玉原二丁目","34.478716","133.913620","0","3"
"33","岡山県","33204","玉野市","332040017003 ","玉原三丁目","34.477753","133.906067","0","3"
"33","岡山県","33204","玉野市","332040010000 ","後閑","34.532341","133.984553","0","1"
"33","岡山県","33204","玉野市","332040006001 ","御崎一丁目","34.463514","133.926460","0","3"
"33","岡山県","33204","玉野市","332040006002 ","御崎二丁目","34.460190","133.928727","0","3"
"33","岡山県","33204","玉野市","332040041001 ","向日比一丁目","34.459489","133.932616","0","3"
"33","岡山県","33204","玉野市","332040041002 ","向日比二丁目","34.454387","133.933321","0","3"
"33","岡山県","33204","玉野市","332040037000 ","広岡","34.501977","133.883385","0","1"
"33","岡山県","33204","玉野市","332040045000 ","山田","34.545787","133.985085","0","1"
"33","岡山県","33204","玉野市","332040012001 ","渋川一丁目","34.458161","133.908058","0","3"
"33","岡山県","33204","玉野市","332040012002 ","渋川二丁目","34.459108","133.902807","0","3"
"33","岡山県","33204","玉野市","332040012003 ","渋川三丁目","34.463222","133.896047","0","3"
"33","岡山県","33204","玉野市","332040012004 ","渋川四丁目","34.462817","133.887299","0","3"
"33","岡山県","33204","玉野市","332040011000 ","小島地","34.517372","133.874248","0","1"
"33","岡山県","33204","玉野市","332040023000 ","沼","34.522877","133.995656","0","1"
"33","岡山県","33204","玉野市","332040008000 ","上山坂","34.568347","133.994748","0","1"
"33","岡山県","33204","玉野市","332040038000 ","深井町","34.456482","133.938876","0","1"
"33","岡山県","33204","玉野市","332040022000 ","西田井地","34.554969","133.982479","0","1"
"33","岡山県","33204","玉野市","332040001000 ","石島","34.501690","134.014646","0","1"
"33","岡山県","33204","玉野市","332040004000 ","大藪","34.533817","133.963046","0","1"
"33","岡山県","33204","玉野市","332040015000 ","滝","34.487879","133.875949","0","1"
"33","岡山県","33204","玉野市","332040018001 ","築港一丁目","34.494803","133.953074","0","3"
"33","岡山県","33204","玉野市","332040018002 ","築港二丁目","34.497736","133.950532","0","3"
"33","岡山県","33204","玉野市","332040018003 ","築港三丁目","34.500345","133.945278","0","3"
"33","岡山県","33204","玉野市","332040018004 ","築港四丁目","34.501852","133.955568","0","3"
"33","岡山県","33204","玉野市","332040018005 ","築港五丁目","34.495800","133.959194","0","3"
"33","岡山県","33204","玉野市","332040021000 ","長尾","34.487631","133.892581","0","1"
"33","岡山県","33204","玉野市","332040019000 ","槌ケ原","34.517222","133.912259","0","1"
"33","岡山県","33204","玉野市","332040014001 ","田井一丁目","34.508884","133.951224","0","3"
"33","岡山県","33204","玉野市","332040014002 ","田井二丁目","34.511558","133.933284","0","3"
"33","岡山県","33204","玉野市","332040014003 ","田井三丁目","34.515534","133.947588","0","3"
"33","岡山県","33204","玉野市","332040014004 ","田井四丁目","34.523674","133.937084","0","3"
"33","岡山県","33204","玉野市","332040014005 ","田井五丁目","34.524369","133.955316","0","3"
"33","岡山県","33204","玉野市","332040014006 ","田井六丁目","34.510206","133.957681","0","3"
"33","岡山県","33204","玉野市","332040031001 ","東紅陽台一丁目","34.540632","133.893912","0","3"
"33","岡山県","33204","玉野市","332040031002 ","東紅陽台二丁目","34.537036","133.897012","0","3"
"33","岡山県","33204","玉野市","332040033000 ","東高崎","34.536857","133.891415","0","1"
"33","岡山県","33204","玉野市","332040034000 ","東七区","34.551019","133.931325","0","1"
"33","岡山県","33204","玉野市","332040032000 ","東田井地","34.557762","133.992180","0","1"
"33","岡山県","33204","玉野市","332040035000 ","東野崎","34.540157","133.994693","0","1"
"33","岡山県","33204","玉野市","332040039000 ","南七区","34.538189","133.914537","0","1"
"33","岡山県","33204","玉野市","332040036001 ","日比一丁目","34.460289","133.920094","0","3"
"33","岡山県","33204","玉野市","332040036002 ","日比二丁目","34.458643","133.916661","0","3"
"33","岡山県","33204","玉野市","332040036003 ","日比三丁目","34.457720","133.922907","0","3"
"33","岡山県","33204","玉野市","332040036004 ","日比四丁目","34.455891","133.922317","0","3"
"33","岡山県","33204","玉野市","332040036005 ","日比五丁目","34.453348","133.924432","0","3"
"33","岡山県","33204","玉野市","332040036006 ","日比六丁目","34.457318","133.913579","0","3"
"33","岡山県","33204","玉野市","332040036007 ","日比七丁目","34.469984","133.900950","0","3"
"33","岡山県","33204","玉野市","332040024000 ","迫間","34.511064","133.897228","1","1"
"33","岡山県","33204","玉野市","332040028000 ","八浜町見石","34.565804","133.948995","0","1"
"33","岡山県","33204","玉野市","332040025000 ","八浜町大崎","34.534829","133.936411","0","1"
"33","岡山県","33204","玉野市","332040026000 ","八浜町波知","34.548877","133.962711","0","1"
"33","岡山県","33204","玉野市","332040027000 ","八浜町八浜","34.545535","133.946112","0","1"
"33","岡山県","33204","玉野市","332040030000 ","番田","34.564625","134.025219","0","1"
"33","岡山県","33204","玉野市","332040009000 ","北方","34.569992","134.014911","0","1"
"33","岡山県","33204","玉野市","332040040000 ","明神町","34.458910","133.925049","0","1"
"33","岡山県","33204","玉野市","332040043000 ","木目","34.511844","133.888572","1","1"
"33","岡山県","33204","玉野市","332040044000 ","用吉","34.512843","133.892037","1","1"
"33","岡山県","33204","玉野市","332040046001 ","和田一丁目","34.473006","133.924272","0","3"
"33","岡山県","33204","玉野市","332040046002 ","和田二丁目","34.466946","133.928723","0","3"
"33","岡山県","33204","玉野市","332040046003 ","和田三丁目","34.465963","133.923524","0","3"
"33","岡山県","33204","玉野市","332040046004 ","和田四丁目","34.467657","133.918132","0","3"
"33","岡山県","33204","玉野市","332040046005 ","和田五丁目","34.469278","133.921113","0","3"
"33","岡山県","33204","玉野市","332040046006 ","和田六丁目","34.472240","133.918513","0","3"
"33","岡山県","33204","玉野市","332040046007 ","和田七丁目","34.469136","133.910872","0","3"
"33","岡山県","33205","笠岡市","332050001000","相生","34.519698","133.498673","0","1"
"33","岡山県","33205","笠岡市","332050002000","旭が丘","34.511860","133.481543","0","1"
"33","岡山県","33205","笠岡市","332050003000","有田","34.521993","133.460789","0","1"
"33","岡山県","33205","笠岡市","332050004000","一番町","34.496375","133.523157","0","1"
"33","岡山県","33205","笠岡市","332050005000","今立","34.529418","133.537290","0","1"
"33","岡山県","33205","笠岡市","332050006000","入江","34.487988","133.526714","0","1"
"33","岡山県","33205","笠岡市","332050007000","絵師","34.506882","133.530273","0","1"
"33","岡山県","33205","笠岡市","332050008000","生江浜","34.505449","133.483054","0","1"
"33","岡山県","33205","笠岡市","332050009000","大井南","34.530373","133.500109","0","1"
"33","岡山県","33205","笠岡市","332050010000","大宜","34.506729","133.473295","0","1"
"33","岡山県","33205","笠岡市","332050011000","大河","34.528834","133.487950","0","1"
"33","岡山県","33205","笠岡市","332050012000","大島中","34.474689","133.559880","0","1"
"33","岡山県","33205","笠岡市","332050013000","尾坂","34.568614","133.556081","0","1"
"33","岡山県","33205","笠岡市","332050014000","押撫","34.528963","133.459075","0","1"
"33","岡山県","33205","笠岡市","332050015000","小平井","34.537295","133.509789","0","1"
"33","岡山県","33205","笠岡市","332050016000","笠岡","34.513780","133.515358","0","1"
"33","岡山県","33205","笠岡市","332050017000","春日台","34.529881","133.513867","0","1"
"33","岡山県","33205","笠岡市","332050018000","金浦","34.513346","133.494480","0","1"
"33","岡山県","33205","笠岡市","332050019000","カブト中央町","34.487151","133.488216","0","1"
"33","岡山県","33205","笠岡市","332050020000","カブト西町","34.476217","133.485714","0","1"
"33","岡山県","33205","笠岡市","332050021000","カブト東町","34.494690","133.496362","0","1"
"33","岡山県","33205","笠岡市","332050022000","カブト南町","34.472821","133.500009","0","1"
"33","岡山県","33205","笠岡市","332050023000","北木島町","34.384521","133.532074","0","1"
"33","岡山県","33205","笠岡市","332050024000","九番町","34.493733","133.518253","0","1"
"33","岡山県","33205","笠岡市","332050025000","鋼管町","34.471908","133.467850","0","1"
"33","岡山県","33205","笠岡市","332050026000","甲弩","34.591347","133.550816","0","1"
"33","岡山県","33205","笠岡市","332050027000","神島","34.460527","133.500598","0","1"
"33","岡山県","33205","笠岡市","332050028000","神島外浦","34.454674","133.507335","0","1"
"33","岡山県","33205","笠岡市","332050029000","五番町","34.498129","133.512896","0","1"
"33","岡山県","33205","笠岡市","332050030000","三番町","34.497981","133.518604","0","1"
"33","岡山県","33205","笠岡市","332050031000","篠坂","34.537482","133.459828","0","1"
"33","岡山県","33205","笠岡市","332050032000","十一番町","34.494030","133.513153","0","1"
"33","岡山県","33205","笠岡市","332050033000","十番町","34.495423","133.516005","0","1"
"33","岡山県","33205","笠岡市","332050034000","白石島","34.403117","133.515124","0","1"
"33","岡山県","33205","笠岡市","332050035000","城見台","34.500221","133.458652","0","1"
"33","岡山県","33205","笠岡市","332050036000","新賀","34.562139","133.517715","0","1"
"33","岡山県","33205","笠岡市","332050037000","新横島","34.491405","133.524203","0","1"
"33","岡山県","33205","笠岡市","332050038000","関戸","34.556729","133.532723","0","1"
"33","岡山県","33205","笠岡市","332050039000","園井","34.527878","133.522801","0","1"
"33","岡山県","33205","笠岡市","332050040000","高島","34.429529","133.508736","0","1"
"33","岡山県","33205","笠岡市","332050041000","拓海町","34.487223","133.506174","0","1"
"33","岡山県","33205","笠岡市","332050042000","中央町","34.506616","133.505847","0","1"
"33","岡山県","33205","笠岡市","332050043000","富岡","34.498294","133.527113","0","1"
"33","岡山県","33205","笠岡市","332050044000","七番町","34.496483","133.518346","0","1"
"33","岡山県","33205","笠岡市","332050045000","西大島","34.479530","133.541799","0","1"
"33","岡山県","33205","笠岡市","332050046000","西大島新田","34.487075","133.528915","0","1"
"33","岡山県","33205","笠岡市","332050047000","西大戸","34.535780","133.486023","0","1"
"33","岡山県","33205","笠岡市","332050048000","西茂平","34.486802","133.451447","0","1"
"33","岡山県","33205","笠岡市","332050049000","二番町","34.497627","133.521166","0","1"
"33","岡山県","33205","笠岡市","332050050000","入田","34.540932","133.474668","0","1"
"33","岡山県","33205","笠岡市","332050051000","走出","34.582193","133.517733","0","1"
"33","岡山県","33205","笠岡市","332050052000","八番町","34.495405","133.520833","0","1"
"33","岡山県","33205","笠岡市","332050053000","東大戸","34.545736","133.495543","0","1"
"33","岡山県","33205","笠岡市","332050054000","飛島","34.342772","133.503527","0","1"
"33","岡山県","33205","笠岡市","332050055000","広浜","34.514997","133.539585","0","1"
"33","岡山県","33205","笠岡市","332050056000","平成町","34.496138","133.478516","0","1"
"33","岡山県","33205","笠岡市","332050057000","馬飼","34.513325","133.529708","0","1"
"33","岡山県","33205","笠岡市","332050058000","真鍋島","34.355796","133.573493","0","1"
"33","岡山県","33205","笠岡市","332050059000","緑町","34.492448","133.519397","0","1"
"33","岡山県","33205","笠岡市","332050060000","港町","34.465012","133.479448","0","1"
"33","岡山県","33205","笠岡市","332050061000","みの越","34.552607","133.506149","0","1"
"33","岡山県","33205","笠岡市","332050062000","美の浜","34.485924","133.519648","0","1"
"33","岡山県","33205","笠岡市","332050063000","六島","34.304053","133.531852","0","1"
"33","岡山県","33205","笠岡市","332050064000","用之江","34.506149","133.460455","0","1"
"33","岡山県","33205","笠岡市","332050065000","茂平","34.490295","133.460957","0","1"
"33","岡山県","33205","笠岡市","332050066000","山口","34.576040","133.534940","0","1"
"33","岡山県","33205","笠岡市","332050067000","横島","34.483633","133.523924","0","1"
"33","岡山県","33205","笠岡市","332050068000","吉田","34.546210","133.529402","0","1"
"33","岡山県","33205","笠岡市","332050069000","吉浜","34.519665","133.479393","0","1"
"33","岡山県","33205","笠岡市","332050070000","四番町","34.498351","133.515748","0","1"
"33","岡山県","33205","笠岡市","332050071000","六番町","34.496261","133.515376","0","1"
"33","岡山県","33207","井原市","332070001000","青野町","34.632427","133.471816","0","1"
"33","岡山県","33207","井原市","332070002000","井原町","34.606008","133.448826","0","1"
"33","岡山県","33207","井原市","332070003000","岩倉町","34.564851","133.476506","0","1"
"33","岡山県","33207","井原市","332070004000","大江町","34.569955","133.442278","0","1"
"33","岡山県","33207","井原市","332070005000","上出部町","34.588966","133.462296","0","1"
"33","岡山県","33207","井原市","332070006000","上出部町四季が丘","34.583932","133.467368","0","1"
"33","岡山県","33207","井原市","332070007000","上稲木町","34.551395","133.459420","0","1"
"33","岡山県","33207","井原市","332070008000","北山町","34.609919","133.463938","0","1"
"33","岡山県","33207","井原市","332070009000","木之子町","34.586209","133.494509","0","1"
"33","岡山県","33207","井原市","332070010000","神代町","34.609522","133.525297","0","1"
"33","岡山県","33207","井原市","332070011000","笹賀町","34.591727","133.439190","0","1"
"33","岡山県","33207","井原市","332070012001","笹賀町一丁目","34.588190","133.440915","0","3"
"33","岡山県","33207","井原市","332070012002","笹賀町二丁目","34.590170","133.444787","0","3"
"33","岡山県","33207","井原市","332070013000","下出部町","34.584866","133.449090","0","1"
"33","岡山県","33207","井原市","332070014001","下出部町一丁目","34.586252","133.440719","0","3"
"33","岡山県","33207","井原市","332070014002","下出部町二丁目","34.582531","133.439625","0","3"
"33","岡山県","33207","井原市","332070015000","下稲木町","34.567116","133.465265","0","1"
"33","岡山県","33207","井原市","332070016000","高屋町","34.605763","133.414521","0","1"
"33","岡山県","33207","井原市","332070017001","高屋町一丁目","34.577310","133.426064","0","3"
"33","岡山県","33207","井原市","332070017002","高屋町二丁目","34.578703","133.429309","0","3"
"33","岡山県","33207","井原市","332070017003","高屋町三丁目","34.580134","133.432741","0","3"
"33","岡山県","33207","井原市","332070017004","高屋町四丁目","34.581575","133.436006","0","3"
"33","岡山県","33207","井原市","332070017005","高屋町五丁目","34.577685","133.433021","0","3"
"33","岡山県","33207","井原市","332070018000","七日市町","34.590129","133.477553","0","1"
"33","岡山県","33207","井原市","332070019000","西江原町","34.616078","133.488168","0","1"
"33","岡山県","33207","井原市","332070020000","西方町","34.569718","133.483053","0","1"
"33","岡山県","33207","井原市","332070021000","野上町","34.639940","133.498414","0","1"
"33","岡山県","33207","井原市","332070022000","稗原町","34.628162","133.455094","0","1"
"33","岡山県","33207","井原市","332070023000","東江原町","34.606924","133.508856","0","1"
"33","岡山県","33207","井原市","332070024000","美星町宇戸","34.686403","133.578611","0","1"
"33","岡山県","33207","井原市","332070025000","美星町烏頭","34.694093","133.580457","0","1"
"33","岡山県","33207","井原市","332070026000","美星町宇戸谷","34.706020","133.571229","0","1"
"33","岡山県","33207","井原市","332070027000","美星町大倉","34.671993","133.552077","0","1"
"33","岡山県","33207","井原市","332070028000","美星町上高末","34.705805","133.598455","0","1"
"33","岡山県","33207","井原市","332070029000","美星町黒木","34.640667","133.524552","0","1"
"33","岡山県","33207","井原市","332070030000","美星町黒忠","34.691182","133.498772","0","1"
"33","岡山県","33207","井原市","332070031000","美星町西水砂","34.659689","133.532886","0","1"
"33","岡山県","33207","井原市","332070032000","美星町東水砂","34.655109","133.549487","0","1"
"33","岡山県","33207","井原市","332070033000","美星町星田","34.660381","133.505231","0","1"
"33","岡山県","33207","井原市","332070034000","美星町三山","34.685735","133.551192","0","1"
"33","岡山県","33207","井原市","332070035000","美星町明治","34.709440","133.537004","0","1"
"33","岡山県","33207","井原市","332070036000","門田町","34.568280","133.495437","0","1"
"33","岡山県","33207","井原市","332070037000","芳井町池谷","34.674521","133.438439","0","1"
"33","岡山県","33207","井原市","332070038000","芳井町井山","34.661978","133.421683","0","1"
"33","岡山県","33207","井原市","332070039000","芳井町宇戸川","34.646433","133.451086","0","1"
"33","岡山県","33207","井原市","332070040000","芳井町梶江","34.621877","133.444528","0","1"
"33","岡山県","33207","井原市","332070041000","芳井町片塚","34.653789","133.436690","0","1"
"33","岡山県","33207","井原市","332070042000","芳井町上鴫","34.698200","133.385988","0","1"
"33","岡山県","33207","井原市","332070043000","芳井町川相","34.655293","133.407267","0","1"
"33","岡山県","33207","井原市","332070044000","芳井町佐屋","34.689883","133.438170","0","1"
"33","岡山県","33207","井原市","332070045000","芳井町下鴫","34.683397","133.400238","0","1"
"33","岡山県","33207","井原市","332070046000","芳井町種","34.676681","133.461592","0","1"
"33","岡山県","33207","井原市","332070047000","芳井町天神山","34.631951","133.406640","0","1"
"33","岡山県","33207","井原市","332070048000","芳井町西三原","34.720825","133.375459","0","1"
"33","岡山県","33207","井原市","332070049000","芳井町花滝","34.672698","133.476331","0","1"
"33","岡山県","33207","井原市","332070050000","芳井町東三原","34.727643","133.391805","0","1"
"33","岡山県","33207","井原市","332070051000","芳井町簗瀬","34.617303","133.430314","0","1"
"33","岡山県","33207","井原市","332070052000","芳井町山村","34.694764","133.418585","0","1"
"33","岡山県","33207","井原市","332070053000","芳井町与井","34.627550","133.439590","0","1"
"33","岡山県","33207","井原市","332070054000","芳井町吉井","34.629551","133.426509","0","1"
"33","岡山県","33208","総社市","332080001000","赤浜","34.683640","133.796478","0","1"
"33","岡山県","33208","総社市","332080002000","井尻野","34.690340","133.733137","0","1"
"33","岡山県","33208","総社市","332080003000","泉","34.690772","133.753717","0","1"
"33","岡山県","33208","総社市","332080004000","井手","34.675653","133.763800","0","1"
"33","岡山県","33208","総社市","332080005000","宇山","34.739433","133.672594","0","1"
"33","岡山県","33208","総社市","332080006001","駅前一丁目","34.674734","133.740005","0","3"
"33","岡山県","33208","総社市","332080006002","駅前二丁目","34.671610","133.739765","0","3"
"33","岡山県","33208","総社市","332080007000","岡谷","34.651914","133.773613","0","1"
"33","岡山県","33208","総社市","332080008000","奥坂","34.731050","133.772354","0","1"
"33","岡山県","33208","総社市","332080009000","刑部","34.691274","133.759476","0","1"
"33","岡山県","33208","総社市","332080010000","影","34.718699","133.612324","0","1"
"33","岡山県","33208","総社市","332080011000","金井戸","34.682444","133.772507","0","1"
"33","岡山県","33208","総社市","332080012000","上林","34.672546","133.779758","0","1"
"33","岡山県","33208","総社市","332080013000","上原","34.673671","133.715109","0","1"
"33","岡山県","33208","総社市","332080014000","北溝手","34.690039","133.773704","0","1"
"33","岡山県","33208","総社市","332080015000","清音柿木","34.656102","133.737184","0","1"
"33","岡山県","33208","総社市","332080016000","清音上中島","34.643686","133.730425","0","1"
"33","岡山県","33208","総社市","332080017000","清音軽部","34.643006","133.740047","0","1"
"33","岡山県","33208","総社市","332080018000","清音黒田","34.630941","133.749202","0","1"
"33","岡山県","33208","総社市","332080019000","清音古地","34.629829","133.734420","0","1"
"33","岡山県","33208","総社市","332080020000","清音三因","34.646992","133.753311","0","1"
"33","岡山県","33208","総社市","332080021000","久代","34.677141","133.688383","0","1"
"33","岡山県","33208","総社市","332080022000","窪木","34.690330","133.784544","0","1"
"33","岡山県","33208","総社市","332080023000","久米","34.704815","133.767553","0","1"
"33","岡山県","33208","総社市","332080024000","黒尾","34.713932","133.755573","0","1"
"33","岡山県","33208","総社市","332080025000","槁","34.772777","133.653818","0","1"
"33","岡山県","33208","総社市","332080026000","小寺","34.693191","133.744676","0","1"
"33","岡山県","33208","総社市","332080027000","宍粟","34.714187","133.714447","0","1"
"33","岡山県","33208","総社市","332080028000","下倉","34.706237","133.652159","0","1"
"33","岡山県","33208","総社市","332080029000","地頭片山","34.652454","133.765308","0","1"
"33","岡山県","33208","総社市","332080030000","下林","34.674391","133.789826","0","1"
"33","岡山県","33208","総社市","332080031000","下原","34.656116","133.722214","0","1"
"33","岡山県","33208","総社市","332080032000","宿","34.653970","133.788905","0","1"
"33","岡山県","33208","総社市","332080033000","新本","34.666295","133.643134","0","1"
"33","岡山県","33208","総社市","332080034000","総社","34.684696","133.765890","0","1"
"33","岡山県","33208","総社市","332080035001","総社一丁目","34.675521","133.748352","0","3"
"33","岡山県","33208","総社市","332080035002","総社二丁目","34.676312","133.752657","0","3"
"33","岡山県","33208","総社市","332080035003","総社三丁目","34.677283","133.756790","0","3"
"33","岡山県","33208","総社市","332080036000","種井","34.748445","133.635976","0","1"
"33","岡山県","33208","総社市","332080037001","中央一丁目","34.671604","133.744573","0","3"
"33","岡山県","33208","総社市","332080037002","中央二丁目","34.674708","133.744380","0","3"
"33","岡山県","33208","総社市","332080037003","中央三丁目","34.671667","133.748958","0","3"
"33","岡山県","33208","総社市","332080037004","中央四丁目","34.671776","133.752737","0","3"
"33","岡山県","33208","総社市","332080037005","中央五丁目","34.668974","133.752473","0","3"
"33","岡山県","33208","総社市","332080037006","中央六丁目","34.668026","133.748589","0","3"
"33","岡山県","33208","総社市","332080038000","富原","34.665445","133.719339","0","1"
"33","岡山県","33208","総社市","332080039000","中尾","34.728765","133.610238","0","1"
"33","岡山県","33208","総社市","332080040000","中原","34.662792","133.731487","0","1"
"33","岡山県","33208","総社市","332080041000","長良","34.690682","133.792809","0","1"
"33","岡山県","33208","総社市","332080042000","西阿曽","34.708942","133.780123","0","1"
"33","岡山県","33208","総社市","332080043000","西郡","34.654740","133.760058","0","1"
"33","岡山県","33208","総社市","332080044000","西坂台","34.642491","133.772068","0","1"
"33","岡山県","33208","総社市","332080045000","延原","34.757251","133.663991","0","1"
"33","岡山県","33208","総社市","332080046000","秦","34.688894","133.710123","0","1"
"33","岡山県","33208","総社市","332080047000","原","34.738544","133.634189","0","1"
"33","岡山県","33208","総社市","332080048000","東阿曽","34.717738","133.793171","0","1"
"33","岡山県","33208","総社市","332080049000","日羽","34.728827","133.697311","0","1"
"33","岡山県","33208","総社市","332080050000","福井","34.692579","133.755932","0","1"
"33","岡山県","33208","総社市","332080051000","福谷","34.703718","133.698481","0","1"
"33","岡山県","33208","総社市","332080052000","槙谷","34.753708","133.718723","0","1"
"33","岡山県","33208","総社市","332080053000","三須","34.668647","133.768048","0","1"
"33","岡山県","33208","総社市","332080054000","溝口","34.676022","133.734112","0","1"
"33","岡山県","33208","総社市","332080055000","美袋","34.727920","133.652037","0","1"
"33","岡山県","33208","総社市","332080056000","南溝手","34.686823","133.778106","0","1"
"33","岡山県","33208","総社市","332080057000","見延","34.721817","133.732533","0","1"
"33","岡山県","33208","総社市","332080058000","門田","34.679682","133.739974","0","1"
"33","岡山県","33208","総社市","332080059000","八代","34.665262","133.702164","0","1"
"33","岡山県","33208","総社市","332080060000","山田","34.684305","133.653616","0","1"
"33","岡山県","33208","総社市","332080061000","真壁","34.671871","133.728359","0","1"
"33","岡山県","33208","総社市","332080062000","三輪","34.661154","133.746302","0","1"
"33","岡山県","33208","総社市","332080063001","駅南一丁目","34.667359","133.739468","0","3"
"33","岡山県","33208","総社市","332080063002","駅南二丁目","34.667476","133.742791","0","3"
"33","岡山県","33209","高梁市","332090001000","間之町","34.792855","133.618450","0","1"
"33","岡山県","33209","高梁市","332090002000","旭町","34.788307","133.615390","0","1"
"33","岡山県","33209","高梁市","332090003000","伊賀町","34.797658","133.623994","0","1"
"33","岡山県","33209","高梁市","332090004000","石火矢町","34.799341","133.618300","0","1"
"33","岡山県","33209","高梁市","332090005000","有漢町有漢","34.899272","133.663601","0","1"
"33","岡山県","33209","高梁市","332090006000","有漢町上有漢","34.929500","133.682750","0","1"
"33","岡山県","33209","高梁市","332090007000","宇治町穴田","34.816956","133.470169","0","1"
"33","岡山県","33209","高梁市","332090008000","宇治町宇治","34.844555","133.490000","0","1"
"33","岡山県","33209","高梁市","332090009000","宇治町遠原","34.851511","133.506375","0","1"
"33","岡山県","33209","高梁市","332090010000","宇治町本郷","34.837846","133.484045","0","1"
"33","岡山県","33209","高梁市","332090011000","内山下","34.809562","133.623100","0","1"
"33","岡山県","33209","高梁市","332090012000","奥万田町","34.796308","133.633716","0","1"
"33","岡山県","33209","高梁市","332090013000","落合町阿部","34.784831","133.583982","0","1"
"33","岡山県","33209","高梁市","332090014000","落合町福地","34.794712","133.548621","0","1"
"33","岡山県","33209","高梁市","332090015000","落合町近似","34.795559","133.603012","0","1"
"33","岡山県","33209","高梁市","332090016000","落合町原田","34.800958","133.578238","0","1"
"33","岡山県","33209","高梁市","332090017000","御前町","34.799154","133.619594","0","1"
"33","岡山県","33209","高梁市","332090018000","柿木町","34.795479","133.617408","0","1"
"33","岡山県","33209","高梁市","332090019000","鍜冶町","34.794782","133.616187","0","1"
"33","岡山県","33209","高梁市","332090020000","片原町","34.799188","133.617485","0","1"
"33","岡山県","33209","高梁市","332090021000","上谷町","34.784355","133.623530","0","1"
"33","岡山県","33209","高梁市","332090022000","川上町大原","34.747722","133.414451","0","1"
"33","岡山県","33209","高梁市","332090023000","川上町上大竹","34.713881","133.433524","0","1"
"33","岡山県","33209","高梁市","332090024000","川上町高山","34.745269","133.429813","0","1"
"33","岡山県","33209","高梁市","332090025000","川上町高山市","34.748772","133.390350","0","1"
"33","岡山県","33209","高梁市","332090026000","川上町地頭","34.733227","133.481223","0","1"
"33","岡山県","33209","高梁市","332090027000","川上町下大竹","34.734591","133.454313","0","1"
"33","岡山県","33209","高梁市","332090028000","川上町臘数","34.758552","133.509026","0","1"
"33","岡山県","33209","高梁市","332090029000","川上町七地","34.759037","133.465406","0","1"
"33","岡山県","33209","高梁市","332090030000","川上町仁賀","34.708401","133.467109","0","1"
"33","岡山県","33209","高梁市","332090031000","川上町三沢","34.719230","133.505463","0","1"
"33","岡山県","33209","高梁市","332090032000","川上町吉木","34.774957","133.502270","0","1"
"33","岡山県","33209","高梁市","332090033000","川上町領家","34.757314","133.493135","0","1"
"33","岡山県","33209","高梁市","332090034000","川端町","34.803075","133.615537","0","1"
"33","岡山県","33209","高梁市","332090035000","川面町","34.859152","133.594702","0","1"
"33","岡山県","33209","高梁市","332090036000","甲賀町","34.794111","133.616846","0","1"
"33","岡山県","33209","高梁市","332090037000","荒神町","34.794751","133.616730","0","1"
"33","岡山県","33209","高梁市","332090038000","小高下町","34.806956","133.639973","0","1"
"33","岡山県","33209","高梁市","332090039000","巨瀬町","34.874612","133.635906","0","1"
"33","岡山県","33209","高梁市","332090040000","栄町","34.790339","133.615440","0","1"
"33","岡山県","33209","高梁市","332090041000","下谷町","34.781923","133.617840","0","1"
"33","岡山県","33209","高梁市","332090042000","下町","34.794825","133.615451","0","1"
"33","岡山県","33209","高梁市","332090043000","新町","34.798385","133.616991","0","1"
"33","岡山県","33209","高梁市","332090044000","大工町","34.795718","133.616996","0","1"
"33","岡山県","33209","高梁市","332090045000","高倉町飯部","34.858546","133.544042","0","1"
"33","岡山県","33209","高梁市","332090046000","高倉町大瀬八長","34.812238","133.606738","0","1"
"33","岡山県","33209","高梁市","332090047000","高倉町田井","34.838160","133.583358","0","1"
"33","岡山県","33209","高梁市","332090048000","玉川町下切","34.752646","133.573613","0","1"
"33","岡山県","33209","高梁市","332090049000","玉川町玉","34.755941","133.600396","0","1"
"33","岡山県","33209","高梁市","332090050000","玉川町増原","34.733823","133.579872","0","1"
"33","岡山県","33209","高梁市","332090051000","段町","34.779639","133.603816","0","1"
"33","岡山県","33209","高梁市","332090052000","中間町","34.795050","133.614553","0","1"
"33","岡山県","33209","高梁市","332090053000","津川町今津","34.823118","133.633204","0","1"
"33","岡山県","33209","高梁市","332090054000","津川町八川","34.847489","133.630658","0","1"
"33","岡山県","33209","高梁市","332090055000","鉄砲町","34.791414","133.613006","0","1"
"33","岡山県","33209","高梁市","332090056000","寺町","34.795736","133.619353","0","1"
"33","岡山県","33209","高梁市","332090057000","中井町津々","34.925704","133.603598","0","1"
"33","岡山県","33209","高梁市","332090058000","中井町西方","34.898499","133.585423","0","1"
"33","岡山県","33209","高梁市","332090059000","中之町","34.797275","133.618007","0","1"
"33","岡山県","33209","高梁市","332090060000","中原町","34.785004","133.612226","0","1"
"33","岡山県","33209","高梁市","332090061000","成羽町相坂","34.795550","133.471682","0","1"
"33","岡山県","33209","高梁市","332090062000","成羽町長地","34.801666","133.468340","0","1"
"33","岡山県","33209","高梁市","332090063000","成羽町上日名","34.745870","133.534644","0","1"
"33","岡山県","33209","高梁市","332090064000","成羽町小泉","34.795284","133.492076","0","1"
"33","岡山県","33209","高梁市","332090065000","成羽町坂本","34.865263","133.438451","0","1"
"33","岡山県","33209","高梁市","332090066000","成羽町佐々木","34.774368","133.512804","0","1"
"33","岡山県","33209","高梁市","332090067000","成羽町下原","34.770635","133.532996","0","1"
"33","岡山県","33209","高梁市","332090068000","成羽町下日名","34.767627","133.552373","0","1"
"33","岡山県","33209","高梁市","332090069000","成羽町中野","34.838603","133.460675","0","1"
"33","岡山県","33209","高梁市","332090070000","成羽町成羽","34.789993","133.527100","0","1"
"33","岡山県","33209","高梁市","332090071000","成羽町羽根","34.806637","133.485467","0","1"
"33","岡山県","33209","高梁市","332090072000","成羽町羽山","34.810561","133.508012","0","1"
"33","岡山県","33209","高梁市","332090073000","成羽町吹屋","34.868155","133.478685","0","1"
"33","岡山県","33209","高梁市","332090074000","成羽町布寄","34.807151","133.449660","0","1"
"33","岡山県","33209","高梁市","332090075000","成羽町星原","34.771825","133.524663","0","1"
"33","岡山県","33209","高梁市","332090076000","浜町","34.789587","133.618640","0","1"
"33","岡山県","33209","高梁市","332090077000","原田北町","34.786050","133.615927","0","1"
"33","岡山県","33209","高梁市","332090078000","原田南町","34.782855","133.613023","0","1"
"33","岡山県","33209","高梁市","332090079000","東町","34.792291","133.615810","0","1"
"33","岡山県","33209","高梁市","332090080000","備中町志藤用瀬","34.781834","133.485247","0","1"
"33","岡山県","33209","高梁市","332090081000","備中町長屋","34.788602","133.458989","0","1"
"33","岡山県","33209","高梁市","332090082000","備中町西山","34.853305","133.356751","0","1"
"33","岡山県","33209","高梁市","332090083000","備中町西油野","34.851737","133.407400","0","1"
"33","岡山県","33209","高梁市","332090084000","備中町東油野","34.832545","133.428248","0","1"
"33","岡山県","33209","高梁市","332090085000","備中町平川","34.796811","133.403962","0","1"
"33","岡山県","33209","高梁市","332090086000","備中町布賀","34.774529","133.430878","0","1"
"33","岡山県","33209","高梁市","332090087000","備中町布瀬","34.773168","133.460146","0","1"
"33","岡山県","33209","高梁市","332090088000","本町","34.798375","133.615706","0","1"
"33","岡山県","33209","高梁市","332090089000","正宗町","34.790473","133.617042","0","1"
"33","岡山県","33209","高梁市","332090090000","松原町大津寄","34.809592","133.560389","0","1"
"33","岡山県","33209","高梁市","332090091000","松原町神原","34.819921","133.584563","0","1"
"33","岡山県","33209","高梁市","332090092000","松原町春木","34.831501","133.562116","0","1"
"33","岡山県","33209","高梁市","332090093000","松原町松岡","34.821454","133.538337","0","1"
"33","岡山県","33209","高梁市","332090094000","松原通","34.792330","133.617086","0","1"
"33","岡山県","33209","高梁市","332090095000","松山","34.781205","133.641663","0","1"
"33","岡山県","33209","高梁市","332090096000","南町","34.789365","133.613711","0","1"
"33","岡山県","33209","高梁市","332090097000","向町","34.795379","133.618256","0","1"
"33","岡山県","33209","高梁市","332090098000","八幡町","34.793682","133.616773","0","1"
"33","岡山県","33209","高梁市","332090099000","弓之町","34.790993","133.613958","0","1"
"33","岡山県","33209","高梁市","332090100000","横町","34.786496","133.610301","0","1"
"33","岡山県","33209","高梁市","332090101000","頼久寺町","34.797379","133.619028","0","1"
"33","岡山県","33209","高梁市","332090102000","和田町","34.792537","133.621285","0","1"
"33","岡山県","33210","新見市","332100001000","足立","35.048881","133.400714","0","1"
"33","岡山県","33210","新見市","332100002000","井倉","34.927948","133.506919","0","1"
"33","岡山県","33210","新見市","332100003000","石蟹","34.954601","133.473724","0","1"
"33","岡山県","33210","新見市","332100004000","大佐大井野","35.156783","133.506483","0","1"
"33","岡山県","33210","新見市","332100005000","大佐小阪部","35.088713","133.548739","0","1"
"33","岡山県","33210","新見市","332100006000","大佐上刑部","35.120144","133.539735","0","1"
"33","岡山県","33210","新見市","332100007000","大佐小南","35.065332","133.571015","0","1"
"33","岡山県","33210","新見市","332100008000","大佐田治部","35.026728","133.547462","0","1"
"33","岡山県","33210","新見市","332100009000","大佐永富","35.081531","133.578337","0","1"
"33","岡山県","33210","新見市","332100010000","大佐布瀬","35.034323","133.572743","0","1"
"33","岡山県","33210","新見市","332100011000","金谷","34.969723","133.457188","0","1"
"33","岡山県","33210","新見市","332100012000","上市","35.022600","133.414959","0","1"
"33","岡山県","33210","新見市","332100013000","上熊谷","35.017321","133.516990","0","1"
"33","岡山県","33210","新見市","332100014000","唐松","34.964647","133.512144","0","1"
"33","岡山県","33210","新見市","332100015000","草間","34.918885","133.544490","0","1"
"33","岡山県","33210","新見市","332100016000","坂本","35.049065","133.440896","0","1"
"33","岡山県","33210","新見市","332100017000","下熊谷","35.016326","133.486555","0","1"
"33","岡山県","33210","新見市","332100018000","正田","34.963614","133.478285","0","1"
"33","岡山県","33210","新見市","332100019000","神郷釜村","35.084397","133.390933","0","1"
"33","岡山県","33210","新見市","332100020000","神郷下神代","34.982079","133.381416","0","1"
"33","岡山県","33210","新見市","332100021000","神郷高瀬","35.085231","133.325714","0","1"
"33","岡山県","33210","新見市","332100022000","神郷油野","35.034868","133.338954","0","1"
"33","岡山県","33210","新見市","332100023000","菅生","35.080187","133.501113","0","1"
"33","岡山県","33210","新見市","332100024000","高尾","35.008351","133.449770","0","1"
"33","岡山県","33210","新見市","332100025000","足見","34.946260","133.519638","0","1"
"33","岡山県","33210","新見市","332100026000","千屋","35.085897","133.430666","0","1"
"33","岡山県","33210","新見市","332100027000","千屋井原","35.156016","133.455943","0","1"
"33","岡山県","33210","新見市","332100028000","千屋実","35.107975","133.454288","0","1"
"33","岡山県","33210","新見市","332100029000","千屋花見","35.161877","133.418088","0","1"
"33","岡山県","33210","新見市","332100030000","土橋","34.967532","133.550842","0","1"
"33","岡山県","33210","新見市","332100031000","哲西町大竹","34.900969","133.305621","0","1"
"33","岡山県","33210","新見市","332100032000","哲西町大野部","34.888802","133.329897","0","1"
"33","岡山県","33210","新見市","332100033000","哲西町上神代","34.975536","133.336070","0","1"
"33","岡山県","33210","新見市","332100034000","哲西町畑木","34.918587","133.313148","0","1"
"33","岡山県","33210","新見市","332100035000","哲西町八鳥","34.908157","133.326942","0","1"
"33","岡山県","33210","新見市","332100036000","哲西町矢田","34.933017","133.338156","0","1"
"33","岡山県","33210","新見市","332100037000","哲多町老栄","34.910959","133.425570","0","1"
"33","岡山県","33210","新見市","332100038000","哲多町大野","34.948921","133.404395","0","1"
"33","岡山県","33210","新見市","332100039000","哲多町荻尾","34.898070","133.484251","0","1"
"33","岡山県","33210","新見市","332100040000","哲多町蚊家","34.894539","133.386599","0","1"
"33","岡山県","33210","新見市","332100041000","哲多町田淵","34.928274","133.382079","0","1"
"33","岡山県","33210","新見市","332100042000","哲多町成松","34.923326","133.439984","0","1"
"33","岡山県","33210","新見市","332100043000","哲多町花木","34.935826","133.471525","0","1"
"33","岡山県","33210","新見市","332100044000","哲多町本郷","34.933426","133.431680","0","1"
"33","岡山県","33210","新見市","332100045000","哲多町宮河内","34.958149","133.437791","0","1"
"33","岡山県","33210","新見市","332100046000","哲多町矢戸","34.890310","133.446228","0","1"
"33","岡山県","33210","新見市","332100047000","豊永赤馬","34.989286","133.578835","0","1"
"33","岡山県","33210","新見市","332100048000","豊永宇山","34.942877","133.575401","0","1"
"33","岡山県","33210","新見市","332100049000","豊永佐伏","34.967147","133.604769","0","1"
"33","岡山県","33210","新見市","332100050000","長屋","34.938197","133.489218","0","1"
"33","岡山県","33210","新見市","332100051000","新見","34.982828","133.484627","0","1"
"33","岡山県","33210","新見市","332100052000","西方","34.987862","133.432500","0","1"
"33","岡山県","33210","新見市","332100053000","法曽","34.894715","133.522036","0","1"
"33","岡山県","33210","新見市","332100054000","馬塚","35.027128","133.446870","0","1"
"33","岡山県","33211","備前市","332110001000","麻宇那","34.752583","134.238499","0","1"
"33","岡山県","33211","備前市","332110002000","伊里中","34.758220","134.216324","0","1"
"33","岡山県","33211","備前市","332110003000","伊部","34.740677","134.160033","0","1"
"33","岡山県","33211","備前市","332110004000","浦伊部","34.730296","134.179780","0","1"
"33","岡山県","33211","備前市","332110005000","大内","34.742222","134.135660","0","1"
"33","岡山県","33211","備前市","332110006000","香登西","34.736462","134.115449","0","1"
"33","岡山県","33211","備前市","332110007000","香登本","34.740372","134.124739","0","1"
"33","岡山県","33211","備前市","332110008000","木谷","34.761373","134.225675","0","1"
"33","岡山県","33211","備前市","332110009000","久々井","34.719880","134.181859","0","1"
"33","岡山県","33211","備前市","332110010000","坂根","34.734041","134.107786","0","1"
"33","岡山県","33211","備前市","332110011000","佐山","34.698112","134.172417","0","1"
"33","岡山県","33211","備前市","332110012000","蕃山","34.759905","134.260629","0","1"
"33","岡山県","33211","備前市","332110013000","閑谷","34.783112","134.216109","0","1"
"33","岡山県","33211","備前市","332110014000","新庄","34.710739","134.117363","0","1"
"33","岡山県","33211","備前市","332110015000","鶴海","34.704794","134.202939","0","1"
"33","岡山県","33211","備前市","332110016000","友延","34.746665","134.218998","0","1"
"33","岡山県","33211","備前市","332110017000","西片上","34.752139","134.180238","0","1"
"33","岡山県","33211","備前市","332110018000","野谷","34.810215","134.259578","0","1"
"33","岡山県","33211","備前市","332110019000","畠田","34.722239","134.116058","0","1"
"33","岡山県","33211","備前市","332110020000","東片上","34.749450","134.199755","0","1"
"33","岡山県","33211","備前市","332110021000","日生町大多府","34.683593","134.294795","0","1"
"33","岡山県","33211","備前市","332110022000","日生町寺山","34.770216","134.321431","0","1"
"33","岡山県","33211","備前市","332110023000","福田","34.723517","134.131912","0","1"
"33","岡山県","33211","備前市","332110024000","穂浪","34.729760","134.240693","0","1"
"33","岡山県","33211","備前市","332110025000","三石","34.797971","134.290285","0","1"
"33","岡山県","33211","備前市","332110026000","八木山","34.782308","134.254929","0","1"
"33","岡山県","33211","備前市","332110027000","吉永町今崎","34.835879","134.247708","0","1"
"33","岡山県","33211","備前市","332110028000","吉永町岩崎","34.831393","134.217546","0","1"
"33","岡山県","33211","備前市","332110029000","吉永町加賀美","34.918831","134.243200","0","1"
"33","岡山県","33211","備前市","332110030000","吉永町金谷","34.811843","134.243521","0","1"
"33","岡山県","33211","備前市","332110031000","吉永町神根本","34.846540","134.235030","0","1"
"33","岡山県","33211","備前市","332110032000","吉永町笹目","34.873993","134.197086","0","1"
"33","岡山県","33211","備前市","332110033000","吉永町高田","34.867487","134.244203","0","1"
"33","岡山県","33211","備前市","332110034000","吉永町多麻","34.916300","134.273736","0","1"
"33","岡山県","33211","備前市","332110035000","吉永町都留岐","34.896438","134.221203","0","1"
"33","岡山県","33211","備前市","332110036000","吉永町福満","34.811711","134.225328","0","1"
"33","岡山県","33211","備前市","332110037000","吉永町三股","34.817266","134.204715","0","1"
"33","岡山県","33211","備前市","332110038000","吉永町南方","34.800059","134.201897","0","1"
"33","岡山県","33211","備前市","332110039000","吉永町吉永中","34.813022","134.206566","0","1"
"33","岡山県","33211","備前市","332110040000","吉永町和意谷","34.862727","134.216237","0","1"
"33","岡山県","33211","備前市","332110041000","日生町日生","34.734865","134.275084","0","1"
"33","岡山県","33211","備前市","332110042000","日生町寒河","34.744779","134.293410","0","1"
"33","岡山県","33212","瀬戸内市","332120001000","牛窓町牛窓","34.628302","134.159125","0","1"
"33","岡山県","33212","瀬戸内市","332120002000","牛窓町鹿忍","34.614290","134.133803","0","1"
"33","岡山県","33212","瀬戸内市","332120003000","牛窓町千手","34.613346","134.116156","0","1"
"33","岡山県","33212","瀬戸内市","332120004000","牛窓町長浜","34.642269","134.135238","0","1"
"33","岡山県","33212","瀬戸内市","332120005000","邑久町大窪","34.657395","134.083624","0","1"
"33","岡山県","33212","瀬戸内市","332120006000","邑久町大富","34.661984","134.072143","0","1"
"33","岡山県","33212","瀬戸内市","332120007000","邑久町尾張","34.661459","134.103182","0","1"
"33","岡山県","33212","瀬戸内市","332120008000","邑久町上笠加","34.687685","134.103003","0","1"
"33","岡山県","33212","瀬戸内市","332120009000","邑久町上山田","34.636969","134.113811","0","1"
"33","岡山県","33212","瀬戸内市","332120010000","邑久町北池","34.681092","134.110318","0","1"
"33","岡山県","33212","瀬戸内市","332120011000","邑久町北島","34.652424","134.070378","0","1"
"33","岡山県","33212","瀬戸内市","332120012000","邑久町下笠加","34.680527","134.096922","0","1"
"33","岡山県","33212","瀬戸内市","332120013000","邑久町下山田","34.649346","134.109057","0","1"
"33","岡山県","33212","瀬戸内市","332120014000","邑久町庄田","34.672343","134.161226","0","1"
"33","岡山県","33212","瀬戸内市","332120015000","邑久町尻海","34.659801","134.160827","0","1"
"33","岡山県","33212","瀬戸内市","332120016000","邑久町宗三","34.666961","134.078814","0","1"
"33","岡山県","33212","瀬戸内市","332120017000","邑久町豊原","34.648710","134.094493","0","1"
"33","岡山県","33212","瀬戸内市","332120018000","邑久町豊安","34.657625","134.094649","0","1"
"33","岡山県","33212","瀬戸内市","332120019000","邑久町東谷","34.641244","134.077845","0","1"
"33","岡山県","33212","瀬戸内市","332120020000","邑久町福谷","34.674995","134.186506","0","1"
"33","岡山県","33212","瀬戸内市","332120021000","邑久町福中","34.672213","134.072646","0","1"
"33","岡山県","33212","瀬戸内市","332120022000","邑久町福元","34.675907","134.084852","0","1"
"33","岡山県","33212","瀬戸内市","332120023000","邑久町福山","34.664894","134.061674","0","1"
"33","岡山県","33212","瀬戸内市","332120024000","邑久町本庄","34.656171","134.120941","0","1"
"33","岡山県","33212","瀬戸内市","332120025000","邑久町豆田","34.686063","134.083391","0","1"
"33","岡山県","33212","瀬戸内市","332120026000","邑久町箕輪","34.686501","134.090847","0","1"
"33","岡山県","33212","瀬戸内市","332120027000","邑久町向山","34.658056","134.065749","0","1"
"33","岡山県","33212","瀬戸内市","332120028000","邑久町百田","34.665632","134.084498","0","1"
"33","岡山県","33212","瀬戸内市","332120029000","邑久町山田庄","34.671354","134.096743","0","1"
"33","岡山県","33212","瀬戸内市","332120030000","邑久町山手","34.670774","134.112357","0","1"
"33","岡山県","33212","瀬戸内市","332120031000","長船町飯井","34.696551","134.147048","0","1"
"33","岡山県","33212","瀬戸内市","332120032000","長船町磯上","34.711375","134.143141","0","1"
"33","岡山県","33212","瀬戸内市","332120033000","長船町牛文","34.692603","134.130747","0","1"
"33","岡山県","33212","瀬戸内市","332120034000","長船町長船","34.720860","134.104339","0","1"
"33","岡山県","33212","瀬戸内市","332120035000","長船町西須恵","34.675359","134.132577","0","1"
"33","岡山県","33212","瀬戸内市","332120036000","長船町土師","34.692972","134.111663","0","1"
"33","岡山県","33212","瀬戸内市","332120037000","長船町服部","34.707395","134.106862","0","1"
"33","岡山県","33212","瀬戸内市","332120038000","長船町東須恵","34.682733","134.151639","0","1"
"33","岡山県","33212","瀬戸内市","332120039000","長船町福岡","34.702590","134.092225","0","1"
"33","岡山県","33212","瀬戸内市","332120040000","長船町福里","34.701937","134.121453","0","1"
"33","岡山県","33212","瀬戸内市","332120041000","長船町八日市","34.712356","134.095784","0","1"
"33","岡山県","33212","瀬戸内市","332120042000","邑久町虫明","34.693723","134.213652","0","1"
"33","岡山県","33213","赤磐市","332130001000","合田","34.853143","133.999190","0","1"
"33","岡山県","33213","赤磐市","332130002000","石","34.874155","134.049357","0","1"
"33","岡山県","33213","赤磐市","332130003000","石上","34.849677","133.972530","0","1"
"33","岡山県","33213","赤磐市","332130004000","五日市","34.773065","134.013265","0","1"
"33","岡山県","33213","赤磐市","332130005000","稲蒔","34.885628","134.082299","0","1"
"33","岡山県","33213","赤磐市","332130006000","今井","34.819433","134.026844","0","1"
"33","岡山県","33213","赤磐市","332130007000","岩田","34.741433","134.011238","0","1"
"33","岡山県","33213","赤磐市","332130008000","円光寺","34.796487","134.101017","0","1"
"33","岡山県","33213","赤磐市","332130009000","大苅田","34.791080","134.024526","0","1"
"33","岡山県","33213","赤磐市","332130010000","大屋","34.834224","134.032957","0","1"
"33","岡山県","33213","赤磐市","332130011000","岡","34.812630","134.065894","0","1"
"33","岡山県","33213","赤磐市","332130012000","小鎌","34.866719","133.970830","0","1"
"33","岡山県","33213","赤磐市","332130013000","奥吉原","34.779491","134.134209","0","1"
"33","岡山県","33213","赤磐市","332130014000","小瀬木","34.786130","134.090290","0","1"
"33","岡山県","33213","赤磐市","332130015000","尾谷","34.771919","134.021223","0","1"
"33","岡山県","33213","赤磐市","332130016000","可真上","34.786945","134.056250","0","1"
"33","岡山県","33213","赤磐市","332130017000","可真下","34.792376","134.069233","0","1"
"33","岡山県","33213","赤磐市","332130018000","上市","34.757875","134.018429","0","1"
"33","岡山県","33213","赤磐市","332130019000","上仁保","34.774764","133.989732","0","1"
"33","岡山県","33213","赤磐市","332130020000","鴨前","34.757154","134.001351","0","1"
"33","岡山県","33213","赤磐市","332130021000","河田原","34.786936","134.104510","0","1"
"33","岡山県","33213","赤磐市","332130022000","河原屋","34.933821","134.063454","0","1"
"33","岡山県","33213","赤磐市","332130023000","北佐古田","34.821082","134.042579","0","1"
"33","岡山県","33213","赤磐市","332130024000","草生","34.933140","134.083785","0","1"
"33","岡山県","33213","赤磐市","332130025000","熊崎","34.757224","134.010644","0","1"
"33","岡山県","33213","赤磐市","332130026000","暮田","34.869996","134.067614","0","1"
"33","岡山県","33213","赤磐市","332130027000","黒沢","34.910619","134.064721","0","1"
"33","岡山県","33213","赤磐市","332130028000","黒本","34.918631","134.072705","0","1"
"33","岡山県","33213","赤磐市","332130029000","光木","34.885005","134.061602","0","1"
"33","岡山県","33213","赤磐市","332130030000","神田","34.783481","134.022448","0","1"
"33","岡山県","33213","赤磐市","332130031000","河本","34.747768","134.015266","0","1"
"33","岡山県","33213","赤磐市","332130032000","小原","34.836791","134.000273","0","1"
"33","岡山県","33213","赤磐市","332130033000","是里","34.933277","134.031585","0","1"
"33","岡山県","33213","赤磐市","332130034000","斎富","34.752749","134.034778","0","1"
"33","岡山県","33213","赤磐市","332130035000","坂辺","34.849586","134.006796","0","1"
"33","岡山県","33213","赤磐市","332130036001","桜が丘西一丁目","34.767476","134.043696","0","3"
"33","岡山県","33213","赤磐市","332130036002","桜が丘西二丁目","34.770951","134.038587","0","3"
"33","岡山県","33213","赤磐市","332130036003","桜が丘西三丁目","34.773570","134.041709","0","3"
"33","岡山県","33213","赤磐市","332130036004","桜が丘西四丁目","34.777884","134.042661","0","3"
"33","岡山県","33213","赤磐市","332130036005","桜が丘西五丁目","34.778876","134.039338","0","3"
"33","岡山県","33213","赤磐市","332130036006","桜が丘西六丁目","34.778651","134.036027","0","3"
"33","岡山県","33213","赤磐市","332130036007","桜が丘西七丁目","34.773035","134.033495","0","3"
"33","岡山県","33213","赤磐市","332130036008","桜が丘西八丁目","34.776153","134.028889","0","3"
"33","岡山県","33213","赤磐市","332130036009","桜が丘西九丁目","34.780371","134.030312","0","3"
"33","岡山県","33213","赤磐市","332130036010","桜が丘西十丁目","34.784301","134.034941","0","3"
"33","岡山県","33213","赤磐市","332130037001","桜が丘東一丁目","34.773768","134.049285","0","3"
"33","岡山県","33213","赤磐市","332130037002","桜が丘東二丁目","34.778478","134.047034","0","3"
"33","岡山県","33213","赤磐市","332130037003","桜が丘東三丁目","34.783430","134.049430","0","3"
"33","岡山県","33213","赤磐市","332130037004","桜が丘東四丁目","34.783458","134.044303","0","3"
"33","岡山県","33213","赤磐市","332130037005","桜が丘東五丁目","34.783371","134.039398","0","3"
"33","岡山県","33213","赤磐市","332130037006","桜が丘東六丁目","34.788107","134.039263","0","3"
"33","岡山県","33213","赤磐市","332130038000","佐古","34.805897","134.072468","0","1"
"33","岡山県","33213","赤磐市","332130039000","沢原","34.800208","134.086837","0","1"
"33","岡山県","33213","赤磐市","332130040001","山陽一丁目","34.745583","134.006931","0","3"
"33","岡山県","33213","赤磐市","332130040002","山陽二丁目","34.745450","134.003270","0","3"
"33","岡山県","33213","赤磐市","332130040003","山陽三丁目","34.747367","134.008218","0","3"
"33","岡山県","33213","赤磐市","332130040004","山陽四丁目","34.750334","134.003741","0","3"
"33","岡山県","33213","赤磐市","332130040005","山陽五丁目","34.751919","134.008068","0","3"
"33","岡山県","33213","赤磐市","332130040006","山陽六丁目","34.752895","134.004667","0","3"
"33","岡山県","33213","赤磐市","332130040007","山陽七丁目","34.749149","134.000463","0","3"
"33","岡山県","33213","赤磐市","332130041000","塩木","34.884030","134.037234","0","1"
"33","岡山県","33213","赤磐市","332130042000","下市","34.752732","134.016463","0","1"
"33","岡山県","33213","赤磐市","332130043000","下仁保","34.770632","133.997632","0","1"
"33","岡山県","33213","赤磐市","332130044000","酌田","34.822325","134.065299","0","1"
"33","岡山県","33213","赤磐市","332130045000","石蓮寺","34.807838","134.057319","0","1"
"33","岡山県","33213","赤磐市","332130046000","正崎","34.764100","134.015265","0","1"
"33","岡山県","33213","赤磐市","332130047000","周匝","34.916903","134.092079","0","1"
"33","岡山県","33213","赤磐市","332130048000","勢力","34.767893","134.104637","0","1"
"33","岡山県","33213","赤磐市","332130049000","千躰","34.780702","134.111422","0","1"
"33","岡山県","33213","赤磐市","332130050000","惣分","34.846863","134.022744","0","1"
"33","岡山県","33213","赤磐市","332130051000","多賀","34.822076","134.003517","0","1"
"33","岡山県","33213","赤磐市","332130052000","高屋","34.761201","134.022121","0","1"
"33","岡山県","33213","赤磐市","332130053000","滝山","34.914209","134.027692","0","1"
"33","岡山県","33213","赤磐市","332130054000","立川","34.745137","134.024630","0","1"
"33","岡山県","33213","赤磐市","332130055000","津崎","34.778517","134.014506","0","1"
"33","岡山県","33213","赤磐市","332130056000","釣井","34.780767","134.101191","0","1"
"33","岡山県","33213","赤磐市","332130057000","斗有","34.786306","133.991861","0","1"
"33","岡山県","33213","赤磐市","332130058000","徳富","34.777338","134.092253","0","1"
"33","岡山県","33213","赤磐市","332130059000","戸津野","34.896921","134.032015","0","1"
"33","岡山県","33213","赤磐市","332130060000","殿谷","34.815169","134.080892","0","1"
"33","岡山県","33213","赤磐市","332130061000","長尾","34.736800","134.021113","0","1"
"33","岡山県","33213","赤磐市","332130062000","中島","34.760592","134.040616","0","1"
"33","岡山県","33213","赤磐市","332130063000","中勢実","34.897477","134.011563","0","1"
"33","岡山県","33213","赤磐市","332130064000","中畑","34.854029","133.991972","0","1"
"33","岡山県","33213","赤磐市","332130065000","中山","34.899672","134.060026","0","1"
"33","岡山県","33213","赤磐市","332130066000","西軽部","34.808405","134.012451","0","1"
"33","岡山県","33213","赤磐市","332130067000","西窪田","34.782777","134.003348","0","1"
"33","岡山県","33213","赤磐市","332130068000","西勢実","34.883201","133.985056","0","1"
"33","岡山県","33213","赤磐市","332130069000","西中","34.761595","133.993437","0","1"
"33","岡山県","33213","赤磐市","332130070000","仁堀中","34.871947","134.010586","0","1"
"33","岡山県","33213","赤磐市","332130071000","仁堀西","34.872916","133.993994","0","1"
"33","岡山県","33213","赤磐市","332130072000","仁堀東","34.879056","134.022290","0","1"
"33","岡山県","33213","赤磐市","332130073000","沼田","34.756505","134.030212","0","1"
"33","岡山県","33213","赤磐市","332130074000","野間","34.795953","134.039576","0","1"
"33","岡山県","33213","赤磐市","332130075000","稗田","34.798657","134.052421","0","1"
"33","岡山県","33213","赤磐市","332130076000","東軽部","34.802986","134.027777","0","1"
"33","岡山県","33213","赤磐市","332130077000","東窪田","34.784430","134.011048","0","1"
"33","岡山県","33213","赤磐市","332130078000","日古木","34.768271","134.035654","0","1"
"33","岡山県","33213","赤磐市","332130079000","平山","34.866687","134.030382","0","1"
"33","岡山県","33213","赤磐市","332130080000","広戸","34.867341","133.983912","0","1"
"33","岡山県","33213","赤磐市","332130081000","福田","34.904502","134.082286","0","1"
"33","岡山県","33213","赤磐市","332130082000","二井","34.768226","134.027764","0","1"
"33","岡山県","33213","赤磐市","332130083000","穂崎","34.730768","134.005389","0","1"
"33","岡山県","33213","赤磐市","332130084000","町苅田","34.794683","134.010446","0","1"
"33","岡山県","33213","赤磐市","332130085000","松木","34.793232","134.091513","0","1"
"33","岡山県","33213","赤磐市","332130086000","馬屋","34.735300","133.993310","0","1"
"33","岡山県","33213","赤磐市","332130087000","南方","34.748901","134.037822","0","1"
"33","岡山県","33213","赤磐市","332130088000","南佐古田","34.811726","134.042183","0","1"
"33","岡山県","33213","赤磐市","332130089000","弥上","34.774076","134.056981","0","1"
"33","岡山県","33213","赤磐市","332130090000","八島田","34.862774","134.051856","0","1"
"33","岡山県","33213","赤磐市","332130091000","山口","34.792340","133.978578","0","1"
"33","岡山県","33213","赤磐市","332130092000","山手","34.851671","134.038901","0","1"
"33","岡山県","33213","赤磐市","332130093000","由津里","34.801247","133.993027","0","1"
"33","岡山県","33213","赤磐市","332130094000","吉原","34.796234","134.111329","0","1"
"33","岡山県","33213","赤磐市","332130095000","和田","34.745307","133.988734","0","1"
"33","岡山県","33214","真庭市","332140001000","赤野","35.026326","133.769477","0","1"
"33","岡山県","33214","真庭市","332140002000","阿口","35.012269","133.615572","0","1"
"33","岡山県","33214","真庭市","332140003000","荒田","35.073491","133.652926","0","1"
"33","岡山県","33214","真庭市","332140004000","粟谷","35.227858","133.637019","0","1"
"33","岡山県","33214","真庭市","332140005000","一色","34.998007","133.699156","0","1"
"33","岡山県","33214","真庭市","332140006000","禾津","35.172002","133.725574","0","1"
"33","岡山県","33214","真庭市","332140007000","岩井畝","35.032892","133.629698","0","1"
"33","岡山県","33214","真庭市","332140008000","岩井谷","35.044586","133.604135","0","1"
"33","岡山県","33214","真庭市","332140009000","上山","34.954244","133.739557","0","1"
"33","岡山県","33214","真庭市","332140010000","後谷","35.063295","133.628394","0","1"
"33","岡山県","33214","真庭市","332140011000","後谷畝","35.059335","133.645107","0","1"
"33","岡山県","33214","真庭市","332140012000","江川","35.067900","133.684467","0","1"
"33","岡山県","33214","真庭市","332140013000","大庭","35.066845","133.765842","0","1"
"33","岡山県","33214","真庭市","332140014000","岡","35.099765","133.702748","0","1"
"33","岡山県","33214","真庭市","332140015000","落合垂水","35.013228","133.748688","0","1"
"33","岡山県","33214","真庭市","332140016000","開田","35.043320","133.753002","0","1"
"33","岡山県","33214","真庭市","332140017000","影","35.046378","133.737626","0","1"
"33","岡山県","33214","真庭市","332140018000","樫西","35.125829","133.778993","0","1"
"33","岡山県","33214","真庭市","332140019000","樫東","35.105496","133.792311","0","1"
"33","岡山県","33214","真庭市","332140020000","鹿田","34.982679","133.733816","0","1"
"33","岡山県","33214","真庭市","332140021000","勝山","35.088091","133.705269","0","1"
"33","岡山県","33214","真庭市","332140022000","鉄山","35.200194","133.626122","0","1"
"33","岡山県","33214","真庭市","332140023000","上","35.032199","133.600490","0","1"
"33","岡山県","33214","真庭市","332140024000","上呰部","34.993757","133.622273","0","1"
"33","岡山県","33214","真庭市","332140025000","上市瀬","35.034569","133.746607","0","1"
"33","岡山県","33214","真庭市","332140026000","上河内","35.071812","133.812363","0","1"
"33","岡山県","33214","真庭市","332140027000","上中津井","34.923373","133.634276","0","1"
"33","岡山県","33214","真庭市","332140028000","上水田","34.966032","133.649743","0","1"
"33","岡山県","33214","真庭市","332140029000","神庭","35.107317","133.690773","0","1"
"33","岡山県","33214","真庭市","332140030000","木山","35.015737","133.716066","0","1"
"33","岡山県","33214","真庭市","332140031000","釘貫小川","35.154900","133.749313","0","1"
"33","岡山県","33214","真庭市","332140032000","草加部","35.071617","133.712640","0","1"
"33","岡山県","33214","真庭市","332140033000","久世","35.091739","133.735383","0","1"
"33","岡山県","33214","真庭市","332140034000","組","35.103327","133.679127","0","1"
"33","岡山県","33214","真庭市","332140035000","栗原","34.974993","133.713252","0","1"
"33","岡山県","33214","真庭市","332140036000","黒杭","35.247480","133.702326","0","1"
"33","岡山県","33214","真庭市","332140037000","黒田","35.161780","133.652060","0","1"
"33","岡山県","33214","真庭市","332140038000","神","35.059292","133.717753","0","1"
"33","岡山県","33214","真庭市","332140039000","神代","35.099767","133.643869","0","1"
"33","岡山県","33214","真庭市","332140040000","五反","35.073456","133.768761","0","1"
"33","岡山県","33214","真庭市","332140041000","古見","35.051526","133.772375","0","1"
"33","岡山県","33214","真庭市","332140042000","五名","34.989949","133.656015","0","1"
"33","岡山県","33214","真庭市","332140043000","古呂々尾中","35.090361","133.607531","0","1"
"33","岡山県","33214","真庭市","332140044000","佐引","35.015382","133.662692","0","1"
"33","岡山県","33214","真庭市","332140045000","三田","35.080498","133.687570","0","1"
"33","岡山県","33214","真庭市","332140046000","柴原","35.103340","133.714356","0","1"
"33","岡山県","33214","真庭市","332140047000","下呰部","34.976307","133.625896","0","1"
"33","岡山県","33214","真庭市","332140048000","下市瀬","35.031178","133.738873","0","1"
"33","岡山県","33214","真庭市","332140049000","下岩","35.074343","133.602724","0","1"
"33","岡山県","33214","真庭市","332140050000","下方","35.008851","133.733668","0","1"
"33","岡山県","33214","真庭市","332140051000","下河内","35.031583","133.784584","0","1"
"33","岡山県","33214","真庭市","332140052000","下中津井","34.946761","133.617793","0","1"
"33","岡山県","33214","真庭市","332140053000","下見","35.003189","133.783604","0","1"
"33","岡山県","33214","真庭市","332140054000","下湯原","35.191136","133.738762","0","1"
"33","岡山県","33214","真庭市","332140055000","菅谷","35.135384","133.687012","0","1"
"33","岡山県","33214","真庭市","332140056000","杉山","35.051180","133.699073","0","1"
"33","岡山県","33214","真庭市","332140057000","清谷","35.093818","133.584361","0","1"
"33","岡山県","33214","真庭市","332140058000","関","35.006100","133.679069","0","1"
"33","岡山県","33214","真庭市","332140059000","惣","35.070182","133.738258","0","1"
"33","岡山県","33214","真庭市","332140060000","台金屋","35.079178","133.764766","0","1"
"33","岡山県","33214","真庭市","332140061000","高田山上","35.098612","133.624794","0","1"
"33","岡山県","33214","真庭市","332140062000","高屋","35.046973","133.744649","0","1"
"33","岡山県","33214","真庭市","332140063000","田口","35.134188","133.636898","0","1"
"33","岡山県","33214","真庭市","332140064000","竹原","35.115557","133.689105","0","1"
"33","岡山県","33214","真庭市","332140065000","多田","35.079128","133.757657","0","1"
"33","岡山県","33214","真庭市","332140066000","種","35.208001","133.668481","0","1"
"33","岡山県","33214","真庭市","332140067000","田羽根","35.216440","133.759010","0","1"
"33","岡山県","33214","真庭市","332140068000","田原","35.034852","133.761702","0","1"
"33","岡山県","33214","真庭市","332140069000","田原山上","34.982008","133.761807","0","1"
"33","岡山県","33214","真庭市","332140070000","旦土","34.983835","133.784674","0","1"
"33","岡山県","33214","真庭市","332140071000","月田","35.044723","133.669066","0","1"
"33","岡山県","33214","真庭市","332140072000","月田本","35.045823","133.629248","0","1"
"33","岡山県","33214","真庭市","332140073000","都喜足","35.145154","133.726125","0","1"
"33","岡山県","33214","真庭市","332140074000","富尾","35.064527","133.748880","0","1"
"33","岡山県","33214","真庭市","332140075000","豊栄","35.193342","133.718713","0","1"
"33","岡山県","33214","真庭市","332140076000","中","35.057714","133.748103","0","1"
"33","岡山県","33214","真庭市","332140077000","中河内","35.042977","133.802972","0","1"
"33","岡山県","33214","真庭市","332140078000","中島","35.070677","133.752645","0","1"
"33","岡山県","33214","真庭市","332140079000","中原","35.067989","133.792700","0","1"
"33","岡山県","33214","真庭市","332140080000","仲間","35.149422","133.705763","0","1"
"33","岡山県","33214","真庭市","332140081000","鍋屋","35.079532","133.753353","0","1"
"33","岡山県","33214","真庭市","332140082000","西河内","35.031433","133.714613","0","1"
"33","岡山県","33214","真庭市","332140083000","西原","35.022660","133.757739","0","1"
"33","岡山県","33214","真庭市","332140084000","野","35.080974","133.612240","0","1"
"33","岡山県","33214","真庭市","332140085000","野川","35.050472","133.757414","0","1"
"33","岡山県","33214","真庭市","332140086000","野原","35.004161","133.770941","0","1"
"33","岡山県","33214","真庭市","332140087000","延風","35.116778","133.634903","0","1"
"33","岡山県","33214","真庭市","332140088000","久見","35.175125","133.732384","0","1"
"33","岡山県","33214","真庭市","332140089000","小童谷","35.228912","133.726522","0","1"
"33","岡山県","33214","真庭市","332140090000","日名","35.053347","133.733306","0","1"
"33","岡山県","33214","真庭市","332140091000","日野上","35.019052","133.695884","0","1"
"33","岡山県","33214","真庭市","332140092000","平松","35.060204","133.763926","0","1"
"33","岡山県","33214","真庭市","332140093000","蒜山上徳山","35.283339","133.595902","0","1"
"33","岡山県","33214","真庭市","332140094000","蒜山上長田","35.302779","133.704779","0","1"
"33","岡山県","33214","真庭市","332140095000","蒜山上福田","35.309885","133.626852","0","1"
"33","岡山県","33214","真庭市","332140096000","蒜山下和","35.246651","133.792059","0","1"
"33","岡山県","33214","真庭市","332140097000","蒜山下徳山","35.309557","133.602334","0","1"
"33","岡山県","33214","真庭市","332140098000","蒜山下長田","35.285953","133.746833","0","1"
"33","岡山県","33214","真庭市","332140099000","蒜山下福田","35.298796","133.677992","0","1"
"33","岡山県","33214","真庭市","332140100000","蒜山下見","35.268605","133.717663","0","1"
"33","岡山県","33214","真庭市","332140101000","蒜山富掛田","35.300053","133.659479","0","1"
"33","岡山県","33214","真庭市","332140102000","蒜山富山根","35.299444","133.666394","0","1"
"33","岡山県","33214","真庭市","332140103000","蒜山中福田","35.302130","133.648838","0","1"
"33","岡山県","33214","真庭市","332140104000","蒜山西茅部","35.263004","133.637518","0","1"
"33","岡山県","33214","真庭市","332140105000","蒜山初和","35.242304","133.747861","0","1"
"33","岡山県","33214","真庭市","332140106000","蒜山東茅部","35.259881","133.674269","0","1"
"33","岡山県","33214","真庭市","332140107000","蒜山別所","35.294707","133.772099","0","1"
"33","岡山県","33214","真庭市","332140108000","蒜山本茅部","35.259197","133.602326","0","1"
"33","岡山県","33214","真庭市","332140109000","蒜山真加子","35.248716","133.756095","0","1"
"33","岡山県","33214","真庭市","332140110000","蒜山湯船","35.312861","133.635239","0","1"
"33","岡山県","33214","真庭市","332140111000","蒜山吉田","35.275912","133.790234","0","1"
"33","岡山県","33214","真庭市","332140112000","福田","35.050719","133.750988","0","1"
"33","岡山県","33214","真庭市","332140113000","福谷","35.082945","133.670313","0","1"
"33","岡山県","33214","真庭市","332140114000","藤森","35.240284","133.664623","0","1"
"33","岡山県","33214","真庭市","332140115000","別所","35.017524","133.642799","0","1"
"33","岡山県","33214","真庭市","332140116000","法界寺","35.011890","133.778663","0","1"
"33","岡山県","33214","真庭市","332140117000","星山","35.133186","133.668317","0","1"
"33","岡山県","33214","真庭市","332140118000","本郷","35.103224","133.666541","0","1"
"33","岡山県","33214","真庭市","332140119000","本庄","35.178359","133.706621","0","1"
"33","岡山県","33214","真庭市","332140120000","舞高","34.995603","133.774987","0","1"
"33","岡山県","33214","真庭市","332140121000","真賀","35.120304","133.706138","0","1"
"33","岡山県","33214","真庭市","332140122000","曲り","35.109451","133.599925","0","1"
"33","岡山県","33214","真庭市","332140123000","正吉","35.107778","133.703461","0","1"
"33","岡山県","33214","真庭市","332140124000","見明戸","35.172628","133.684278","0","1"
"33","岡山県","33214","真庭市","332140125000","見尾","35.132774","133.700567","0","1"
"33","岡山県","33214","真庭市","332140126000","美甘","35.157154","133.616209","0","1"
"33","岡山県","33214","真庭市","332140127000","三阪","35.103471","133.759514","0","1"
"33","岡山県","33214","真庭市","332140128000","三崎","35.068240","133.777980","0","1"
"33","岡山県","33214","真庭市","332140129000","三世七原","35.221607","133.723679","0","1"
"33","岡山県","33214","真庭市","332140130000","宮地","34.967792","133.686673","0","1"
"33","岡山県","33214","真庭市","332140131000","向津矢","35.014474","133.763623","0","1"
"33","岡山県","33214","真庭市","332140132000","目木","35.081670","133.786669","0","1"
"33","岡山県","33214","真庭市","332140133000","社","35.178530","133.755856","0","1"
"33","岡山県","33214","真庭市","332140134000","山久世","35.120155","133.730150","0","1"
"33","岡山県","33214","真庭市","332140135000","山田","34.978860","133.670583","0","1"
"33","岡山県","33214","真庭市","332140136000","湯原温泉","35.202696","133.737090","0","1"
"33","岡山県","33214","真庭市","332140137000","横部","35.093439","133.696498","0","1"
"33","岡山県","33214","真庭市","332140138000","吉","34.965630","133.783807","0","1"
"33","岡山県","33214","真庭市","332140139000","余野上","35.115203","133.833819","0","1"
"33","岡山県","33214","真庭市","332140140000","余野下","35.112715","133.813400","0","1"
"33","岡山県","33214","真庭市","332140141000","若代","35.061135","133.603774","0","1"
"33","岡山県","33214","真庭市","332140142000","若代畝","35.074773","133.620969","0","1"
"33","岡山県","33215","美作市","332150001000","英田青野","34.945971","134.120813","0","1"
"33","岡山県","33215","美作市","332150002000","青木","34.998663","134.116201","0","1"
"33","岡山県","33215","美作市","332150003000","赤田","35.082368","134.287476","0","1"
"33","岡山県","33215","美作市","332150004000","芦河内","35.036640","134.222535","0","1"
"33","岡山県","33215","美作市","332150005000","安蘇","34.967434","134.123698","0","1"
"33","岡山県","33215","美作市","332150006000","粟井中","35.071095","134.237060","0","1"
"33","岡山県","33215","美作市","332150007000","粟野","35.078771","134.270929","0","1"
"33","岡山県","33215","美作市","332150008000","井口","34.938847","134.148531","0","1"
"33","岡山県","33215","美作市","332150009000","位田","34.979417","134.120246","0","1"
"33","岡山県","33215","美作市","332150010000","稲穂","34.988789","134.113320","0","1"
"33","岡山県","33215","美作市","332150011000","猪臥","34.986124","134.177092","0","1"
"33","岡山県","33215","美作市","332150012000","今岡","35.104017","134.335236","0","1"
"33","岡山県","33215","美作市","332150013000","岩辺","35.044692","134.247607","0","1"
"33","岡山県","33215","美作市","332150014000","岩見田","34.974054","134.111218","0","1"
"33","岡山県","33215","美作市","332150015000","上山","34.899635","134.145417","0","1"
"33","岡山県","33215","美作市","332150016000","後山","35.171113","134.395230","0","1"
"33","岡山県","33215","美作市","332150017000","右手","35.179022","134.250215","0","1"
"33","岡山県","33215","美作市","332150018000","江ノ原","35.145104","134.322728","0","1"
"33","岡山県","33215","美作市","332150019000","江見","35.014243","134.225624","0","1"
"33","岡山県","33215","美作市","332150020000","江見吉田","35.026352","134.231475","0","1"
"33","岡山県","33215","美作市","332150021000","大井が丘","35.010224","134.133377","0","1"
"33","岡山県","33215","美作市","332150022000","大内谷","35.030224","134.265388","0","1"
"33","岡山県","33215","美作市","332150023000","太田","35.146052","134.361008","0","1"
"33","岡山県","33215","美作市","332150024000","大原","34.979813","134.196055","0","1"
"33","岡山県","33215","美作市","332150025000","大町","35.071293","134.202322","0","1"
"33","岡山県","33215","美作市","332150026000","奥","34.921713","134.115873","0","1"
"33","岡山県","33215","美作市","332150027000","奥大谷","35.011135","134.099383","0","1"
"33","岡山県","33215","美作市","332150028000","尾谷","34.949429","134.153773","0","1"
"33","岡山県","33215","美作市","332150029000","小野","35.080378","134.249896","0","1"
"33","岡山県","33215","美作市","332150030000","小ノ谷","35.043647","134.263331","0","1"
"33","岡山県","33215","美作市","332150031000","小畑","35.059989","134.194845","0","1"
"33","岡山県","33215","美作市","332150032000","小原田","35.093730","134.313386","0","1"
"33","岡山県","33215","美作市","332150033000","小房","35.095856","134.249077","0","1"
"33","岡山県","33215","美作市","332150034000","海田","34.970765","134.164234","0","1"
"33","岡山県","33215","美作市","332150035000","柿ケ原","34.950398","134.230710","0","1"
"33","岡山県","33215","美作市","332150036000","梶並","35.114625","134.244877","0","1"
"33","岡山県","33215","美作市","332150037000","梶原","35.088928","134.258799","0","1"
"33","岡山県","33215","美作市","332150038000","桂坪","35.089740","134.287698","0","1"
"33","岡山県","33215","美作市","332150039000","金原","34.984195","134.108671","0","1"
"33","岡山県","33215","美作市","332150040000","上福原","35.005318","134.233333","0","1"
"33","岡山県","33215","美作市","332150041000","上相","35.039959","134.147180","0","1"
"33","岡山県","33215","美作市","332150042000","川上","35.116926","134.299322","0","1"
"33","岡山県","33215","美作市","332150043000","川北","35.018857","134.211685","0","1"
"33","岡山県","33215","美作市","332150044000","川戸","35.069635","134.272215","0","1"
"33","岡山県","33215","美作市","332150045000","川東","35.123679","134.341578","0","1"
"33","岡山県","33215","美作市","332150046000","北","34.927395","134.181623","0","1"
"33","岡山県","33215","美作市","332150047000","北坂","34.996271","134.123518","0","1"
"33","岡山県","33215","美作市","332150048000","北原","34.999914","134.178981","0","1"
"33","岡山県","33215","美作市","332150049000","北山","35.030003","134.162197","0","1"
"33","岡山県","33215","美作市","332150050000","久賀","35.098306","134.227662","0","1"
"33","岡山県","33215","美作市","332150051000","朽木","35.005221","134.160846","0","1"
"33","岡山県","33215","美作市","332150052000","国貞","34.956321","134.191332","0","1"
"33","岡山県","33215","美作市","332150053000","楮","35.131651","134.235870","0","1"
"33","岡山県","33215","美作市","332150054000","河内","35.069078","134.184651","0","1"
"33","岡山県","33215","美作市","332150055000","巨勢","34.973311","134.137269","0","1"
"33","岡山県","33215","美作市","332150056000","五名","35.060803","134.267565","0","1"
"33","岡山県","33215","美作市","332150057000","栄町","35.009128","134.151569","0","1"
"33","岡山県","33215","美作市","332150058000","鷺巣","35.063614","134.248138","0","1"
"33","岡山県","33215","美作市","332150059000","笹岡","35.103752","134.313418","0","1"
"33","岡山県","33215","美作市","332150060000","沢田","35.065663","134.284594","0","1"
"33","岡山県","33215","美作市","332150061000","下大谷","35.006982","134.113613","0","1"
"33","岡山県","33215","美作市","332150062000","下香山","35.041912","134.163534","0","1"
"33","岡山県","33215","美作市","332150063000","下庄町","35.087022","134.314153","0","1"
"33","岡山県","33215","美作市","332150064000","下町","35.107620","134.321865","0","1"
"33","岡山県","33215","美作市","332150065000","下山","34.960089","134.114179","0","1"
"33","岡山県","33215","美作市","332150066000","城田","34.966481","134.104643","0","1"
"33","岡山県","33215","美作市","332150067000","白水","34.966282","134.264456","0","1"
"33","岡山県","33215","美作市","332150068000","杉原","35.064078","134.188791","0","1"
"33","岡山県","33215","美作市","332150069000","鈴家","34.971399","134.206839","0","1"
"33","岡山県","33215","美作市","332150070000","角南","34.967013","134.246674","0","1"
"33","岡山県","33215","美作市","332150071000","瀬戸","35.048232","134.236241","0","1"
"33","岡山県","33215","美作市","332150072000","田井","35.086688","134.277000","0","1"
"33","岡山県","33215","美作市","332150073000","大聖寺","35.037714","134.276480","0","1"
"33","岡山県","33215","美作市","332150074000","滝","35.103960","134.275321","0","1"
"33","岡山県","33215","美作市","332150075000","滝宮","34.922659","134.212735","0","1"
"33","岡山県","33215","美作市","332150076000","竹田","34.995506","134.236701","0","1"
"33","岡山県","33215","美作市","332150077000","立石","35.077344","134.300826","0","1"
"33","岡山県","33215","美作市","332150078000","田殿","35.047026","134.203559","0","1"
"33","岡山県","33215","美作市","332150079000","田渕","34.974141","134.222705","0","1"
"33","岡山県","33215","美作市","332150080000","田原","35.018239","134.253816","0","1"
"33","岡山県","33215","美作市","332150081000","土居","34.987154","134.259664","0","1"
"33","岡山県","33215","美作市","332150082000","殿所","34.993645","134.120235","0","1"
"33","岡山県","33215","美作市","332150083000","友野","35.002584","134.182263","0","1"
"33","岡山県","33215","美作市","332150084000","豊国原","35.023192","134.160619","0","1"
"33","岡山県","33215","美作市","332150085000","豊野","35.036242","134.246240","0","1"
"33","岡山県","33215","美作市","332150086000","鳥渕","34.954498","134.125500","0","1"
"33","岡山県","33215","美作市","332150087000","長内","34.996236","134.093169","0","1"
"33","岡山県","33215","美作市","332150088000","中尾","35.027211","134.147105","0","1"
"33","岡山県","33215","美作市","332150089000","中川","34.915722","134.160414","0","1"
"33","岡山県","33215","美作市","332150090000","中河内","34.957569","134.104394","0","1"
"33","岡山県","33215","美作市","332150091000","中谷","35.171328","134.370696","0","1"
"33","岡山県","33215","美作市","332150092000","中町","35.112010","134.334311","0","1"
"33","岡山県","33215","美作市","332150093000","中山","35.007099","134.123431","0","1"
"33","岡山県","33215","美作市","332150094000","鯰","35.033252","134.230920","0","1"
"33","岡山県","33215","美作市","332150095000","楢原上","35.026035","134.188119","0","1"
"33","岡山県","33215","美作市","332150096000","楢原下","35.015064","134.168512","0","1"
"33","岡山県","33215","美作市","332150097000","楢原中","35.031084","134.175428","0","1"
"33","岡山県","33215","美作市","332150098000","南海","35.031705","134.207735","0","1"
"33","岡山県","33215","美作市","332150099000","西町","35.115107","134.350285","0","1"
"33","岡山県","33215","美作市","332150100000","入田","35.006818","134.143463","0","1"
"33","岡山県","33215","美作市","332150101000","野形","35.093573","134.304200","0","1"
"33","岡山県","33215","美作市","332150102000","野原","35.151628","134.352967","0","1"
"33","岡山県","33215","美作市","332150103000","則平","34.995297","134.108433","0","1"
"33","岡山県","33215","美作市","332150104000","長谷内","35.075008","134.218525","0","1"
"33","岡山県","33215","美作市","332150105000","林野","35.003791","134.150045","0","1"
"33","岡山県","33215","美作市","332150106000","原","35.001432","134.219068","0","1"
"33","岡山県","33215","美作市","332150107000","東青野","35.158691","134.365485","0","1"
"33","岡山県","33215","美作市","332150108000","東谷上","35.147734","134.278803","0","1"
"33","岡山県","33215","美作市","332150109000","東谷下","35.121230","134.267887","0","1"
"33","岡山県","33215","美作市","332150110000","東吉田","35.146320","134.343634","0","1"
"33","岡山県","33215","美作市","332150111000","日指","35.027876","134.248930","0","1"
"33","岡山県","33215","美作市","332150112000","平田","35.003085","134.171259","0","1"
"33","岡山県","33215","美作市","332150113000","平福","35.010343","134.189900","0","1"
"33","岡山県","33215","美作市","332150114000","福本","34.930992","134.127834","0","1"
"33","岡山県","33215","美作市","332150115000","藤生","35.025267","134.221257","0","1"
"33","岡山県","33215","美作市","332150116000","古町","35.137068","134.316639","0","1"
"33","岡山県","33215","美作市","332150117000","馬形","35.064624","134.218399","0","1"
"33","岡山県","33215","美作市","332150118000","真加部","35.080736","134.183299","0","1"
"33","岡山県","33215","美作市","332150119000","真神","34.927113","134.155126","0","1"
"33","岡山県","33215","美作市","332150120000","松脇","35.030762","134.236116","0","1"
"33","岡山県","33215","美作市","332150121000","真殿","35.142492","134.250976","0","1"
"33","岡山県","33215","美作市","332150122000","豆田","35.050817","134.274017","0","1"
"33","岡山県","33215","美作市","332150123000","万善","34.946813","134.203774","0","1"
"33","岡山県","33215","美作市","332150124000","海内","34.997723","134.162791","0","1"
"33","岡山県","33215","美作市","332150125000","三倉田","34.992215","134.153726","0","1"
"33","岡山県","33215","美作市","332150126000","南","34.916099","134.188381","0","1"
"33","岡山県","33215","美作市","332150127000","壬生","35.073596","134.285470","0","1"
"33","岡山県","33215","美作市","332150128000","三保原","34.930438","134.140582","0","1"
"33","岡山県","33215","美作市","332150129000","宮原","35.057667","134.302631","0","1"
"33","岡山県","33215","美作市","332150130000","宮本","35.093701","134.336774","0","1"
"33","岡山県","33215","美作市","332150131000","明見","35.015579","134.146174","0","1"
"33","岡山県","33215","美作市","332150132000","宗掛","35.053632","134.222398","0","1"
"33","岡山県","33215","美作市","332150133000","矢田","35.055878","134.185040","0","1"
"33","岡山県","33215","美作市","332150134000","山口","35.003201","134.201969","0","1"
"33","岡山県","33215","美作市","332150135000","山城","35.011944","134.245865","0","1"
"33","岡山県","33215","美作市","332150136000","山手","35.053723","134.259651","0","1"
"33","岡山県","33215","美作市","332150137000","山外野","34.991710","134.210864","0","1"
"33","岡山県","33215","美作市","332150138000","湯郷","34.995125","134.137822","0","1"
"33","岡山県","33215","美作市","332150139000","横尾","34.902139","134.180561","0","1"
"33","岡山県","33215","美作市","332150140000","吉","35.036766","134.172251","0","1"
"33","岡山県","33215","美作市","332150141000","余野","35.093436","134.199924","0","1"
"33","岡山県","33215","美作市","332150142000","蓮花寺","35.001334","134.265732","0","1"
"33","岡山県","33215","美作市","332150143000","和田","35.044255","134.180607","0","1"
"33","岡山県","33216","浅口市","332160001000","鴨方町鴨方","34.538802","133.588634","0","1"
"33","岡山県","33216","浅口市","332160002000","鴨方町小坂西","34.540047","133.556123","0","1"
"33","岡山県","33216","浅口市","332160003000","鴨方町小坂東","34.567363","133.570732","0","1"
"33","岡山県","33216","浅口市","332160004000","鴨方町地頭上","34.559481","133.593193","0","1"
"33","岡山県","33216","浅口市","332160005001","鴨方町鳩ケ丘一丁目","34.518305","133.577722","0","3"
"33","岡山県","33216","浅口市","332160005002","鴨方町鳩ケ丘二丁目","34.515714","133.577718","0","3"
"33","岡山県","33216","浅口市","332160005003","鴨方町鳩ケ丘三丁目","34.514037","133.578235","0","3"
"33","岡山県","33216","浅口市","332160005004","鴨方町鳩ケ丘四丁目","34.515431","133.573923","0","3"
"33","岡山県","33216","浅口市","332160006000","鴨方町深田","34.538412","133.576361","0","1"
"33","岡山県","33216","浅口市","332160007000","鴨方町本庄","34.563035","133.584519","0","1"
"33","岡山県","33216","浅口市","332160008000","鴨方町益坂","34.557692","133.604002","0","1"
"33","岡山県","33216","浅口市","332160009001","鴨方町みどりケ丘一丁目","34.541774","133.572821","0","3"
"33","岡山県","33216","浅口市","332160009002","鴨方町みどりケ丘二丁目","34.540353","133.570634","0","3"
"33","岡山県","33216","浅口市","332160009003","鴨方町みどりケ丘三丁目","34.538182","133.569468","0","3"
"33","岡山県","33216","浅口市","332160009004","鴨方町みどりケ丘四丁目","34.536975","133.566658","0","3"
"33","岡山県","33216","浅口市","332160010000","鴨方町六条院中","34.517797","133.590067","0","1"
"33","岡山県","33216","浅口市","332160011000","鴨方町六条院西","34.506126","133.574431","0","1"
"33","岡山県","33216","浅口市","332160012000","鴨方町六条院東","34.519176","133.604172","0","1"
"33","岡山県","33216","浅口市","332160013000","金光町占見","34.545223","133.612379","0","1"
"33","岡山県","33216","浅口市","332160014000","金光町占見新田","34.548041","133.627572","0","1"
"33","岡山県","33216","浅口市","332160015000","金光町大谷","34.529953","133.629619","0","1"
"33","岡山県","33216","浅口市","332160016000","金光町上竹","34.568295","133.624833","0","1"
"33","岡山県","33216","浅口市","332160017000","金光町佐方","34.522302","133.611982","0","1"
"33","岡山県","33216","浅口市","332160018000","金光町地頭下","34.543340","133.599899","0","1"
"33","岡山県","33216","浅口市","332160019000","金光町下竹","34.552979","133.639155","0","1"
"33","岡山県","33216","浅口市","332160020000","金光町須恵","34.529558","133.618494","0","1"
"33","岡山県","33216","浅口市","332160021000","金光町八重","34.543633","133.642404","0","1"
"33","岡山県","33216","浅口市","332160022000","寄島町","34.484802","133.579302","0","1"
"33","岡山県","33346","和気郡和気町","333460001000","泉","34.815418","134.160776","0","1"
"33","岡山県","33346","和気郡和気町","333460002000","岩戸","34.844016","134.128917","0","1"
"33","岡山県","33346","和気郡和気町","333460003000","宇生","34.849837","134.065114","0","1"
"33","岡山県","33346","和気郡和気町","333460004000","大田原","34.806988","134.153717","0","1"
"33","岡山県","33346","和気郡和気町","333460005000","大中山","34.776808","134.173652","0","1"
"33","岡山県","33346","和気郡和気町","333460006000","奥塩田","34.908426","134.110834","0","1"
"33","岡山県","33346","和気郡和気町","333460007000","加三方","34.833659","134.076090","0","1"
"33","岡山県","33346","和気郡和気町","333460008000","北山方","34.886429","134.120646","0","1"
"33","岡山県","33346","和気郡和気町","333460009000","衣笠","34.794467","134.175048","0","1"
"33","岡山県","33346","和気郡和気町","333460010000","木倉","34.845926","134.146578","0","1"
"33","岡山県","33346","和気郡和気町","333460011000","小坂","34.836325","134.050278","0","1"
"33","岡山県","33346","和気郡和気町","333460012000","佐伯","34.847442","134.091286","0","1"
"33","岡山県","33346","和気郡和気町","333460013000","塩田","34.907819","134.096467","0","1"
"33","岡山県","33346","和気郡和気町","333460014000","清水","34.767558","134.176649","0","1"
"33","岡山県","33346","和気郡和気町","333460015000","尺所","34.802069","134.159392","0","1"
"33","岡山県","33346","和気郡和気町","333460016000","田賀","34.846972","134.053588","0","1"
"33","岡山県","33346","和気郡和気町","333460017000","田土","34.858770","134.133363","0","1"
"33","岡山県","33346","和気郡和気町","333460018000","田原上","34.827030","134.124483","0","1"
"33","岡山県","33346","和気郡和気町","333460019000","田原下","34.815947","134.117504","0","1"
"33","岡山県","33346","和気郡和気町","333460020000","父井原","34.826172","134.094843","0","1"
"33","岡山県","33346","和気郡和気町","333460021000","津瀬","34.866353","134.103321","0","1"
"33","岡山県","33346","和気郡和気町","333460022000","苦木","34.884305","134.099833","0","1"
"33","岡山県","33346","和気郡和気町","333460023000","原","34.798341","134.134556","0","1"
"33","岡山県","33346","和気郡和気町","333460024000","日笠上","34.851146","134.170068","0","1"
"33","岡山県","33346","和気郡和気町","333460025000","日笠下","34.840757","134.181615","0","1"
"33","岡山県","33346","和気郡和気町","333460026000","日室","34.801280","134.168843","0","1"
"33","岡山県","33346","和気郡和気町","333460027000","福富","34.790366","134.151515","0","1"
"33","岡山県","33346","和気郡和気町","333460028000","藤野","34.817612","134.172930","0","1"
"33","岡山県","33346","和気郡和気町","333460029000","保曽","34.878919","134.172356","0","1"
"33","岡山県","33346","和気郡和気町","333460030000","本","34.801425","134.121102","0","1"
"33","岡山県","33346","和気郡和気町","333460031000","益原","34.826344","134.143209","0","1"
"33","岡山県","33346","和気郡和気町","333460032000","丸山","34.879098","134.146033","0","1"
"33","岡山県","33346","和気郡和気町","333460033000","南山方","34.876459","134.122526","0","1"
"33","岡山県","33346","和気郡和気町","333460034000","矢田","34.858768","134.112854","0","1"
"33","岡山県","33346","和気郡和気町","333460035000","矢田部","34.856288","134.077426","0","1"
"33","岡山県","33346","和気郡和気町","333460036000","吉田","34.829054","134.195282","0","1"
"33","岡山県","33346","和気郡和気町","333460037000","米澤","34.861235","134.089845","0","1"
"33","岡山県","33346","和気郡和気町","333460038000","和気","34.802219","134.145303","0","1"
"33","岡山県","33423","都窪郡早島町","334230001000","早島","34.608687","133.818498","0","1"
"33","岡山県","33423","都窪郡早島町","334230002000","前潟","34.598606","133.829178","0","1"
"33","岡山県","33423","都窪郡早島町","334230003000","矢尾","34.620998","133.826487","0","1"
"33","岡山県","33423","都窪郡早島町","334230004000","若宮","34.615241","133.832631","0","1"
"33","岡山県","33445","浅口郡里庄町","334450001000","大字里見","34.523398","133.561420","0","1"
"33","岡山県","33445","浅口郡里庄町","334450002000","大字新庄","34.502629","133.553799","0","1"
"33","岡山県","33445","浅口郡里庄町","334450003000","大字新庄グリーンクレスト","34.510226","133.547803","0","1"
"33","岡山県","33445","浅口郡里庄町","334450004000","大字浜中","34.498934","133.538273","0","1"
"33","岡山県","33461","小田郡矢掛町","334610001000","浅海","34.598761","133.563184","0","1"
"33","岡山県","33461","小田郡矢掛町","334610002000","宇角","34.648999","133.604666","0","1"
"33","岡山県","33461","小田郡矢掛町","334610003000","内田","34.656187","133.572941","0","1"
"33","岡山県","33461","小田郡矢掛町","334610004000","宇内","34.638296","133.545105","0","1"
"33","岡山県","33461","小田郡矢掛町","334610005000","江良","34.604889","133.577624","0","1"
"33","岡山県","33461","小田郡矢掛町","334610006000","小田","34.615849","133.540651","0","1"
"33","岡山県","33461","小田郡矢掛町","334610007000","小林","34.636106","133.574732","0","1"
"33","岡山県","33461","小田郡矢掛町","334610008000","上高末","34.684823","133.604099","0","1"
"33","岡山県","33461","小田郡矢掛町","334610009000","里山田","34.608820","133.592518","0","1"
"33","岡山県","33461","小田郡矢掛町","334610010000","下高末","34.660778","133.600343","0","1"
"33","岡山県","33461","小田郡矢掛町","334610011000","中","34.605846","133.606865","0","1"
"33","岡山県","33461","小田郡矢掛町","334610012000","西川面","34.629847","133.564605","0","1"
"33","岡山県","33461","小田郡矢掛町","334610013000","東川面","34.621956","133.579494","0","1"
"33","岡山県","33461","小田郡矢掛町","334610014000","東三成","34.628436","133.619942","0","1"
"33","岡山県","33461","小田郡矢掛町","334610015000","南山田","34.585941","133.602790","0","1"
"33","岡山県","33461","小田郡矢掛町","334610016000","本堀","34.616608","133.555690","0","1"
"33","岡山県","33461","小田郡矢掛町","334610017000","矢掛","34.631677","133.597787","0","1"
"33","岡山県","33461","小田郡矢掛町","334610018000","横谷","34.599359","133.627062","0","1"
"33","岡山県","33586","真庭郡新庄村","335860001000","中町","35.177164","133.569363","0","2"
"33","岡山県","33586","真庭郡新庄村","335860002000","東町","35.175806","133.569913","0","2"
"33","岡山県","33586","真庭郡新庄村","335860003000","田浪","35.217927","133.531441","0","2"
"33","岡山県","33586","真庭郡新庄村","335860004000","野土路","35.223413","133.579604","0","2"
"33","岡山県","33586","真庭郡新庄村","335860005000","二ツ橋","35.198992","133.533728","0","2"
"33","岡山県","33586","真庭郡新庄村","335860006000","滝ノ尻","35.206154","133.553978","0","2"
"33","岡山県","33586","真庭郡新庄村","335860007000","戸島","35.177319","133.561624","0","2"
"33","岡山県","33586","真庭郡新庄村","335860008000","高下","35.201415","133.574150","0","2"
"33","岡山県","33586","真庭郡新庄村","335860009000","大原","35.196628","133.564804","0","2"
"33","岡山県","33586","真庭郡新庄村","335860010000","中谷","35.197488","133.572200","0","2"
"33","岡山県","33586","真庭郡新庄村","335860011000","浦手","35.192357","133.576558","0","2"
"33","岡山県","33586","真庭郡新庄村","335860012000","梨瀬","35.191353","133.568158","0","2"
"33","岡山県","33586","真庭郡新庄村","335860013000","田中","35.188301","133.565477","0","2"
"33","岡山県","33586","真庭郡新庄村","335860014000","鍛冶屋","35.182117","133.569149","0","2"
"33","岡山県","33586","真庭郡新庄村","335860015000","幸町","35.178566","133.567135","0","2"
"33","岡山県","33586","真庭郡新庄村","335860016000","上町","35.178055","133.568204","0","2"
"33","岡山県","33586","真庭郡新庄村","335860017000","本町","35.177584","133.568643","0","2"
"33","岡山県","33586","真庭郡新庄村","335860018000","西町","35.175799","133.569439","0","2"
"33","岡山県","33586","真庭郡新庄村","335860019000","旭町","35.175220","133.570217","0","2"
"33","岡山県","33586","真庭郡新庄村","335860020000","長床","35.168653","133.579835","0","2"
"33","岡山県","33586","真庭郡新庄村","335860021000","田井","35.184157","133.564778","0","2"
"33","岡山県","33586","真庭郡新庄村","335860022000","茅見","35.165161","133.564460","0","2"
"33","岡山県","33586","真庭郡新庄村","335860023000","大所","35.163314","133.578350","0","2"
"33","岡山県","33606","苫田郡鏡野町","336060001000","井坂","35.185966","133.911773","0","1"
"33","岡山県","33606","苫田郡鏡野町","336060002000","市場","35.111597","133.950409","0","1"
"33","岡山県","33606","苫田郡鏡野町","336060003000","入","35.110478","133.907700","0","1"
"33","岡山県","33606","苫田郡鏡野町","336060004000","岩屋","35.190060","133.981618","0","1"
"33","岡山県","33606","苫田郡鏡野町","336060005000","円宗寺","35.099794","133.942693","0","1"
"33","岡山県","33606","苫田郡鏡野町","336060006000","大","35.155841","133.805781","0","1"
"33","岡山県","33606","苫田郡鏡野町","336060007000","大町","35.180073","133.966973","0","1"
"33","岡山県","33606","苫田郡鏡野町","336060008000","沖","35.090275","133.945636","0","1"
"33","岡山県","33606","苫田郡鏡野町","336060009000","奥津","35.216261","133.942334","0","1"
"33","岡山県","33606","苫田郡鏡野町","336060010000","奥津川西","35.223465","133.909465","0","1"
"33","岡山県","33606","苫田郡鏡野町","336060011000","小座","35.111173","133.925046","0","1"
"33","岡山県","33606","苫田郡鏡野町","336060012000","女原","35.174584","133.910806","0","1"
"33","岡山県","33606","苫田郡鏡野町","336060013000","香々美","35.123306","133.961822","0","1"
"33","岡山県","33606","苫田郡鏡野町","336060014000","上齋原","35.304273","133.966089","0","1"
"33","岡山県","33606","苫田郡鏡野町","336060015000","上森原","35.127358","133.924638","0","1"
"33","岡山県","33606","苫田郡鏡野町","336060016000","楠","35.139602","133.807489","0","1"
"33","岡山県","33606","苫田郡鏡野町","336060017000","久田上原","35.142892","133.899597","0","1"
"33","岡山県","33606","苫田郡鏡野町","336060018000","久田下原","35.131940","133.888049","0","1"
"33","岡山県","33606","苫田郡鏡野町","336060019000","公保田","35.109914","133.959146","0","1"
"33","岡山県","33606","苫田郡鏡野町","336060020000","黒木","35.152183","133.882695","0","1"
"33","岡山県","33606","苫田郡鏡野町","336060021000","河内","35.156322","133.912578","0","1"
"33","岡山県","33606","苫田郡鏡野町","336060022000","河本","35.085055","133.899474","0","1"
"33","岡山県","33606","苫田郡鏡野町","336060023000","越畑","35.231946","133.984958","0","1"
"33","岡山県","33606","苫田郡鏡野町","336060024000","真経","35.163445","133.953986","0","1"
"33","岡山県","33606","苫田郡鏡野町","336060025000","沢田","35.100235","133.951679","0","1"
"33","岡山県","33606","苫田郡鏡野町","336060026000","至孝農","35.188760","133.899689","0","1"
"33","岡山県","33606","苫田郡鏡野町","336060027000","下斎原","35.253343","133.940536","0","1"
"33","岡山県","33606","苫田郡鏡野町","336060028000","下原","35.071891","133.915177","0","1"
"33","岡山県","33606","苫田郡鏡野町","336060029000","下森原","35.115492","133.915557","0","1"
"33","岡山県","33606","苫田郡鏡野町","336060030000","杉","35.165994","133.905939","0","1"
"33","岡山県","33606","苫田郡鏡野町","336060031000","瀬戸","35.098376","133.931069","0","1"
"33","岡山県","33606","苫田郡鏡野町","336060032000","高山","35.090633","133.883819","0","1"
"33","岡山県","33606","苫田郡鏡野町","336060033000","薪森原","35.082383","133.913994","0","1"
"33","岡山県","33606","苫田郡鏡野町","336060034000","竹田","35.093051","133.932698","0","1"
"33","岡山県","33606","苫田郡鏡野町","336060035000","塚谷","35.124128","133.903653","0","1"
"33","岡山県","33606","苫田郡鏡野町","336060036000","貞永寺","35.130534","133.936863","0","1"
"33","岡山県","33606","苫田郡鏡野町","336060037000","寺元","35.084864","133.934233","0","1"
"33","岡山県","33606","苫田郡鏡野町","336060038000","寺和田","35.139150","133.955987","0","1"
"33","岡山県","33606","苫田郡鏡野町","336060039000","土居","35.107502","133.935529","0","1"
"33","岡山県","33606","苫田郡鏡野町","336060040000","富仲間","35.139565","133.828647","0","1"
"33","岡山県","33606","苫田郡鏡野町","336060041000","富西谷","35.178797","133.812189","0","1"
"33","岡山県","33606","苫田郡鏡野町","336060042000","富東谷","35.177734","133.857329","0","1"
"33","岡山県","33606","苫田郡鏡野町","336060043000","中谷","35.126469","133.855556","0","1"
"33","岡山県","33606","苫田郡鏡野町","336060044000","長藤","35.240812","133.937232","0","1"
"33","岡山県","33606","苫田郡鏡野町","336060045000","西屋","35.178750","133.884482","0","1"
"33","岡山県","33606","苫田郡鏡野町","336060046000","布原","35.078487","133.941490","0","1"
"33","岡山県","33606","苫田郡鏡野町","336060047000","箱","35.164423","133.881382","0","1"
"33","岡山県","33606","苫田郡鏡野町","336060048000","羽出","35.239531","133.886869","0","1"
"33","岡山県","33606","苫田郡鏡野町","336060049000","羽出西谷","35.228075","133.843428","0","1"
"33","岡山県","33606","苫田郡鏡野町","336060050000","馬場","35.128695","133.915437","0","1"
"33","岡山県","33606","苫田郡鏡野町","336060051000","土生","35.135484","133.872889","0","1"
"33","岡山県","33606","苫田郡鏡野町","336060052000","原","35.087686","133.906667","0","1"
"33","岡山県","33606","苫田郡鏡野町","336060053000","古川","35.076728","133.935187","0","1"
"33","岡山県","33606","苫田郡鏡野町","336060054000","真加部","35.090107","133.917961","0","1"
"33","岡山県","33606","苫田郡鏡野町","336060055000","宗枝","35.077867","133.927578","0","1"
"33","岡山県","33606","苫田郡鏡野町","336060056000","百谷","35.171036","133.937843","0","1"
"33","岡山県","33606","苫田郡鏡野町","336060057000","山城","35.101403","133.888783","0","1"
"33","岡山県","33606","苫田郡鏡野町","336060058000","養野","35.185353","133.929586","0","1"
"33","岡山県","33606","苫田郡鏡野町","336060059000","吉原","35.067758","133.934951","0","1"
"33","岡山県","33606","苫田郡鏡野町","336060060000","和田","35.118273","133.945211","0","1"
"33","岡山県","33622","勝田郡勝央町","336220001000","石生","35.082692","134.149708","0","1"
"33","岡山県","33622","勝田郡勝央町","336220002000","植月北","35.082165","134.118392","0","1"
"33","岡山県","33622","勝田郡勝央町","336220003000","植月中","35.064265","134.118681","0","1"
"33","岡山県","33622","勝田郡勝央町","336220004000","植月東","35.076713","134.133973","0","1"
"33","岡山県","33622","勝田郡勝央町","336220005000","岡","35.037541","134.127937","0","1"
"33","岡山県","33622","勝田郡勝央町","336220006000","小矢田","35.022215","134.130701","0","1"
"33","岡山県","33622","勝田郡勝央町","336220007000","勝間田","35.041716","134.115806","0","1"
"33","岡山県","33622","勝田郡勝央町","336220008000","上香山","35.051916","134.175708","0","1"
"33","岡山県","33622","勝田郡勝央町","336220009000","河原","35.088083","134.161927","0","1"
"33","岡山県","33622","勝田郡勝央町","336220010000","黒坂","35.040676","134.100523","0","1"
"33","岡山県","33622","勝田郡勝央町","336220011000","黒土","35.029327","134.132232","0","1"
"33","岡山県","33622","勝田郡勝央町","336220012000","下町川","35.094671","134.146385","0","1"
"33","岡山県","33622","勝田郡勝央町","336220013000","曽井","35.052472","134.157716","0","1"
"33","岡山県","33622","勝田郡勝央町","336220014000","田井","35.064422","134.137864","0","1"
"33","岡山県","33622","勝田郡勝央町","336220015000","太平台","35.051847","134.108621","0","1"
"33","岡山県","33622","勝田郡勝央町","336220016000","平","35.045258","134.117297","0","1"
"33","岡山県","33622","勝田郡勝央町","336220017000","為本","35.025386","134.086536","0","1"
"33","岡山県","33622","勝田郡勝央町","336220018000","豊久田","35.070850","134.168167","0","1"
"33","岡山県","33622","勝田郡勝央町","336220019000","畑屋","35.035427","134.111110","0","1"
"33","岡山県","33622","勝田郡勝央町","336220020000","東吉田","35.027563","134.120199","0","1"
"33","岡山県","33622","勝田郡勝央町","336220021000","福吉","35.046020","134.090438","0","1"
"33","岡山県","33622","勝田郡勝央町","336220022000","美野","35.069592","134.151470","0","1"
"33","岡山県","33623","勝田郡奈義町","336230001000","荒内西","35.110161","134.165637","0","1"
"33","岡山県","33623","勝田郡奈義町","336230002000","小坂","35.141683","134.217292","0","1"
"33","岡山県","33623","勝田郡奈義町","336230003000","柿","35.109239","134.185474","0","1"
"33","岡山県","33623","勝田郡奈義町","336230004000","上町川","35.109351","134.139109","0","1"
"33","岡山県","33623","勝田郡奈義町","336230005000","行方","35.129590","134.196418","0","1"
"33","岡山県","33623","勝田郡奈義町","336230006000","高円","35.148696","134.187608","0","1"
"33","岡山県","33623","勝田郡奈義町","336230007000","関本","35.140312","134.203768","0","1"
"33","岡山県","33623","勝田郡奈義町","336230008000","滝本","35.140877","134.156373","0","1"
"33","岡山県","33623","勝田郡奈義町","336230009000","豊沢","35.124623","134.174880","0","1"
"33","岡山県","33623","勝田郡奈義町","336230010000","中島西","35.103380","134.158709","0","1"
"33","岡山県","33623","勝田郡奈義町","336230011000","中島東","35.099833","134.173774","0","1"
"33","岡山県","33623","勝田郡奈義町","336230012000","成松","35.131981","134.178661","0","1"
"33","岡山県","33623","勝田郡奈義町","336230013000","西原","35.115116","134.204111","0","1"
"33","岡山県","33623","勝田郡奈義町","336230014000","久常","35.122741","134.183464","0","1"
"33","岡山県","33623","勝田郡奈義町","336230015000","広岡","35.121848","134.165486","0","1"
"33","岡山県","33623","勝田郡奈義町","336230016000","馬桑","35.168862","134.207789","0","1"
"33","岡山県","33623","勝田郡奈義町","336230017000","皆木","35.115716","134.221267","0","1"
"33","岡山県","33623","勝田郡奈義町","336230018000","宮内","35.134295","134.171642","0","1"
"33","岡山県","33643","英田郡西粟倉村","336430001000","大字筏津","35.151143","134.323650","0","1"
"33","岡山県","33643","英田郡西粟倉村","336430002000","大字大茅","35.223576","134.368281","0","1"
"33","岡山県","33643","英田郡西粟倉村","336430003000","大字影石","35.187044","134.322306","0","1"
"33","岡山県","33643","英田郡西粟倉村","336430004000","大字坂根","35.203929","134.331144","0","1"
"33","岡山県","33643","英田郡西粟倉村","336430005000","大字知社","35.164577","134.306051","0","1"
"33","岡山県","33643","英田郡西粟倉村","336430006000","大字長尾","35.170950","134.327257","0","1"
"33","岡山県","33663","久米郡久米南町","336630001000","上神目","34.909021","133.930669","0","1"
"33","岡山県","33663","久米郡久米南町","336630002000","上二ケ","34.921195","133.953584","0","1"
"33","岡山県","33663","久米郡久米南町","336630003000","上籾","34.939805","133.918414","0","1"
"33","岡山県","33663","久米郡久米南町","336630004000","上弓削","34.941194","133.967119","0","1"
"33","岡山県","33663","久米郡久米南町","336630005000","北庄","34.961547","133.938753","0","1"
"33","岡山県","33663","久米郡久米南町","336630006000","京尾","34.879617","133.953893","0","1"
"33","岡山県","33663","久米郡久米南町","336630007000","神目中","34.893034","133.928450","0","1"
"33","岡山県","33663","久米郡久米南町","336630008000","里方","34.957762","133.955710","0","1"
"33","岡山県","33663","久米郡久米南町","336630009000","塩之内","34.936307","133.983564","0","1"
"33","岡山県","33663","久米郡久米南町","336630010000","下二ケ","34.917720","133.950943","0","1"
"33","岡山県","33663","久米郡久米南町","336630011000","下籾","34.912377","133.907460","0","1"
"33","岡山県","33663","久米郡久米南町","336630012000","下弓削","34.923517","133.975414","0","1"
"33","岡山県","33663","久米郡久米南町","336630013000","泰山寺","34.916639","133.984271","0","1"
"33","岡山県","33663","久米郡久米南町","336630014000","峠","34.882781","133.966751","0","1"
"33","岡山県","33663","久米郡久米南町","336630015000","中籾","34.925390","133.916659","0","1"
"33","岡山県","33663","久米郡久米南町","336630016000","西山寺","34.927803","133.954255","0","1"
"33","岡山県","33663","久米郡久米南町","336630017000","羽出木","34.950032","133.990636","0","1"
"33","岡山県","33663","久米郡久米南町","336630018000","仏教寺","34.917842","133.940361","0","1"
"33","岡山県","33663","久米郡久米南町","336630019000","別所","34.908099","133.920978","0","1"
"33","岡山県","33663","久米郡久米南町","336630020000","全間","34.912477","133.995389","0","1"
"33","岡山県","33663","久米郡久米南町","336630021000","松","34.933262","133.941012","0","1"
"33","岡山県","33663","久米郡久米南町","336630022000","南庄","34.948173","133.954436","0","1"
"33","岡山県","33663","久米郡久米南町","336630023000","南畑","34.890067","133.944008","0","1"
"33","岡山県","33663","久米郡久米南町","336630024000","宮地","34.901233","133.948588","0","1"
"33","岡山県","33663","久米郡久米南町","336630025000","安ケ乢","34.876616","133.939745","0","1"
"33","岡山県","33663","久米郡久米南町","336630026000","山手","34.897747","133.967895","0","1"
"33","岡山県","33663","久米郡久米南町","336630027000","山ノ城","34.957663","133.971122","0","1"
"33","岡山県","33666","久米郡美咲町","336660001000","上口","34.990715","133.867487","0","1"
"33","岡山県","33666","久米郡美咲町","336660002000","打穴上","34.971493","133.918524","0","1"
"33","岡山県","33666","久米郡美咲町","336660003000","打穴北","34.987930","133.911577","0","1"
"33","岡山県","33666","久米郡美咲町","336660004000","打穴里","34.986061","133.932813","0","1"
"33","岡山県","33666","久米郡美咲町","336660005000","打穴下","35.020499","133.941449","0","1"
"33","岡山県","33666","久米郡美咲町","336660006000","打穴中","35.007560","133.949095","0","1"
"33","岡山県","33666","久米郡美咲町","336660007000","打穴西","35.003385","133.928153","0","1"
"33","岡山県","33666","久米郡美咲町","336660008000","上間","34.991106","134.081566","0","1"
"33","岡山県","33666","久米郡美咲町","336660009000","江与味","34.944595","133.787034","0","1"
"33","岡山県","33666","久米郡美咲町","336660010000","王子","34.937115","134.115255","0","1"
"33","岡山県","33666","久米郡美咲町","336660011000","大垪和西","34.958152","133.875085","0","1"
"33","岡山県","33666","久米郡美咲町","336660012000","大垪和東","34.965177","133.896670","0","1"
"33","岡山県","33666","久米郡美咲町","336660013000","小原","34.969797","133.968554","0","1"
"33","岡山県","33666","久米郡美咲町","336660014000","書副","34.986519","134.049559","0","1"
"33","岡山県","33666","久米郡美咲町","336660015000","金堀","34.978591","134.001325","0","1"
"33","岡山県","33666","久米郡美咲町","336660016000","北","35.028546","133.857161","0","1"
"33","岡山県","33666","久米郡美咲町","336660017000","吉ケ原","34.952263","134.086042","0","1"
"33","岡山県","33666","久米郡美咲町","336660018000","栗子","34.965290","134.036581","0","1"
"33","岡山県","33666","久米郡美咲町","336660019000","高下","34.927517","134.105110","0","1"
"33","岡山県","33666","久米郡美咲町","336660020000","小瀬","34.959531","134.048997","0","1"
"33","岡山県","33666","久米郡美咲町","336660021000","小山","34.983384","133.882315","0","1"
"33","岡山県","33666","久米郡美咲町","336660022000","越尾","35.007582","133.979550","0","1"
"33","岡山県","33666","久米郡美咲町","336660023000","西幸","34.972196","133.956057","0","1"
"33","岡山県","33666","久米郡美咲町","336660024000","境","34.954578","133.913203","0","1"
"33","岡山県","33666","久米郡美咲町","336660025000","定宗","34.947796","134.010054","0","1"
"33","岡山県","33666","久米郡美咲町","336660026000","里","34.992927","133.833117","0","1"
"33","岡山県","33666","久米郡美咲町","336660027000","塩気","34.984492","134.096377","0","1"
"33","岡山県","33666","久米郡美咲町","336660028000","重藤","34.980339","134.088286","0","1"
"33","岡山県","33666","久米郡美咲町","336660029000","下谷","34.968209","134.054010","0","1"
"33","岡山県","33666","久米郡美咲町","336660030000","新城","34.977915","133.979021","0","1"
"33","岡山県","33666","久米郡美咲町","336660031000","周佐","34.984230","134.038788","0","1"
"33","岡山県","33666","久米郡美咲町","336660032000","惣田","34.964411","134.077292","0","1"
"33","岡山県","33666","久米郡美咲町","336660033000","大戸上","34.960228","134.014274","0","1"
"33","岡山県","33666","久米郡美咲町","336660034000","大戸下","34.975751","134.024982","0","1"
"33","岡山県","33666","久米郡美咲町","336660035000","高城","34.947547","134.041744","0","1"
"33","岡山県","33666","久米郡美咲町","336660036000","角石祖母","34.951451","133.895841","0","1"
"33","岡山県","33666","久米郡美咲町","336660037000","塚角","34.994666","134.022210","0","1"
"33","岡山県","33666","久米郡美咲町","336660038000","百々","34.997795","134.063378","0","1"
"33","岡山県","33666","久米郡美咲町","336660039000","栃原","34.953701","133.848875","0","1"
"33","岡山県","33666","久米郡美咲町","336660040000","中","35.023953","133.824939","0","1"
"33","岡山県","33666","久米郡美咲町","336660041000","中垪和","34.968778","133.857489","0","1"
"33","岡山県","33666","久米郡美咲町","336660042000","西","34.965636","133.811762","0","1"
"33","岡山県","33666","久米郡美咲町","336660043000","西川","34.970065","133.828499","0","1"
"33","岡山県","33666","久米郡美咲町","336660044000","西川上","34.995879","133.804644","0","1"
"33","岡山県","33666","久米郡美咲町","336660045000","錦織","35.035785","133.945800","0","1"
"33","岡山県","33666","久米郡美咲町","336660046000","西垪和","34.960234","133.831788","0","1"
"33","岡山県","33666","久米郡美咲町","336660047000","八神","35.005903","134.008295","0","1"
"33","岡山県","33666","久米郡美咲町","336660048000","羽仁","35.007941","134.045644","0","1"
"33","岡山県","33666","久米郡美咲町","336660049000","原田","34.990079","133.957618","0","1"
"33","岡山県","33666","久米郡美咲町","336660050000","東垪和","34.971455","133.846920","0","1"
"33","岡山県","33666","久米郡美咲町","336660051000","久木","34.951975","134.052849","0","1"
"33","岡山県","33666","久米郡美咲町","336660052000","藤田上","34.968592","134.077139","0","1"
"33","岡山県","33666","久米郡美咲町","336660053000","藤田下","34.977771","134.077083","0","1"
"33","岡山県","33666","久米郡美咲町","336660054000","藤原","34.943923","134.062902","0","1"
"33","岡山県","33666","久米郡美咲町","336660055000","松尾","34.985613","134.072922","0","1"
"33","岡山県","33666","久米郡美咲町","336660056000","南","35.005104","133.860838","0","1"
"33","岡山県","33666","久米郡美咲町","336660057000","宮山","35.012077","134.076895","0","1"
"33","岡山県","33666","久米郡美咲町","336660058000","安井","35.013369","134.058081","0","1"
"33","岡山県","33666","久米郡美咲町","336660059000","休石","34.961291","134.074096","0","1"
"33","岡山県","33666","久米郡美咲町","336660060000","柵原","34.957943","134.063493","0","1"
"33","岡山県","33666","久米郡美咲町","336660061000","飯岡","34.936656","134.101553","0","1"
"33","岡山県","33666","久米郡美咲町","336660062000","行信","34.984956","134.061602","0","1"
"33","岡山県","33666","久米郡美咲町","336660063000","吉留","34.970544","134.095656","0","1"
"33","岡山県","33666","久米郡美咲町","336660064000","頼元","34.975312","133.943469","0","1"
"33","岡山県","33666","久米郡美咲町","336660065000","両山寺","34.976744","133.892059","0","1"
"33","岡山県","33666","久米郡美咲町","336660066000","連石","34.973670","134.055855","0","1"
"33","岡山県","33666","久米郡美咲町","336660067000","和田北","34.945810","133.866972","0","1"
"33","岡山県","33681","加賀郡吉備中央町","336810001000","粟井谷","34.927780","133.760210","0","1"
"33","岡山県","33681","加賀郡吉備中央町","336810002000","案田","34.907833","133.815329","0","1"
"33","岡山県","33681","加賀郡吉備中央町","336810003000","井原","34.896386","133.756221","0","1"
"33","岡山県","33681","加賀郡吉備中央町","336810004000","上田西","34.882651","133.811590","0","1"
"33","岡山県","33681","加賀郡吉備中央町","336810005000","上田東","34.895387","133.835717","0","1"
"33","岡山県","33681","加賀郡吉備中央町","336810006000","上野","34.844450","133.775017","0","1"
"33","岡山県","33681","加賀郡吉備中央町","336810007000","円城","34.891440","133.807737","0","1"
"33","岡山県","33681","加賀郡吉備中央町","336810008000","大木","34.905536","133.779102","0","1"
"33","岡山県","33681","加賀郡吉備中央町","336810009000","尾原","34.908904","133.737262","0","1"
"33","岡山県","33681","加賀郡吉備中央町","336810010000","上加茂","34.844753","133.805954","0","1"
"33","岡山県","33681","加賀郡吉備中央町","336810011000","上竹","34.837577","133.664187","0","1"
"33","岡山県","33681","加賀郡吉備中央町","336810012000","加茂市場","34.861581","133.760656","0","1"
"33","岡山県","33681","加賀郡吉備中央町","336810013000","神瀬","34.915265","133.841966","0","1"
"33","岡山県","33681","加賀郡吉備中央町","336810014000","北","34.811651","133.706137","0","1"
"33","岡山県","33681","加賀郡吉備中央町","336810015000","黒土","34.853225","133.706163","0","1"
"33","岡山県","33681","加賀郡吉備中央町","336810016000","黒山","34.795110","133.765604","0","1"
"33","岡山県","33681","加賀郡吉備中央町","336810017000","小森","34.929634","133.808791","0","1"
"33","岡山県","33681","加賀郡吉備中央町","336810018000","笹目","34.918714","133.721002","0","1"
"33","岡山県","33681","加賀郡吉備中央町","336810019000","下加茂","34.861590","133.817298","0","1"
"33","岡山県","33681","加賀郡吉備中央町","336810020000","下土井","34.881217","133.764334","0","1"
"33","岡山県","33681","加賀郡吉備中央町","336810021000","杉谷","34.942692","133.755180","0","1"
"33","岡山県","33681","加賀郡吉備中央町","336810022000","岨谷","34.773173","133.701176","0","1"
"33","岡山県","33681","加賀郡吉備中央町","336810023000","高富","34.919066","133.823881","0","1"
"33","岡山県","33681","加賀郡吉備中央町","336810024000","高谷","34.857819","133.775496","0","1"
"33","岡山県","33681","加賀郡吉備中央町","336810025000","竹荘","34.864677","133.678553","0","1"
"33","岡山県","33681","加賀郡吉備中央町","336810026000","竹部","34.824504","133.782444","0","1"
"33","岡山県","33681","加賀郡吉備中央町","336810027000","田土","34.862175","133.729311","0","1"
"33","岡山県","33681","加賀郡吉備中央町","336810028000","富永","34.881838","133.750784","0","1"
"33","岡山県","33681","加賀郡吉備中央町","336810029000","豊岡上","34.911004","133.763241","0","1"
"33","岡山県","33681","加賀郡吉備中央町","336810030000","豊岡下","34.923386","133.781549","0","1"
"33","岡山県","33681","加賀郡吉備中央町","336810031000","豊野","34.882886","133.710810","0","1"
"33","岡山県","33681","加賀郡吉備中央町","336810032000","西","34.800417","133.676780","0","1"
"33","岡山県","33681","加賀郡吉備中央町","336810033000","納地","34.831711","133.696471","0","1"
"33","岡山県","33681","加賀郡吉備中央町","336810034000","平岡","34.849114","133.790746","0","1"
"33","岡山県","33681","加賀郡吉備中央町","336810035000","広面","34.826997","133.806725","0","1"
"33","岡山県","33681","加賀郡吉備中央町","336810036000","福沢","34.934999","133.729273","0","1"
"33","岡山県","33681","加賀郡吉備中央町","336810037000","船津","34.941430","133.832950","0","1"
"33","岡山県","33681","加賀郡吉備中央町","336810038000","細田","34.895787","133.781021","0","1"
"33","岡山県","33681","加賀郡吉備中央町","336810039000","溝部","34.942250","133.737578","0","1"
"33","岡山県","33681","加賀郡吉備中央町","336810040000","三谷","34.908881","133.795695","0","1"
"33","岡山県","33681","加賀郡吉備中央町","336810041000","三納谷","34.883799","133.777922","0","1"
"33","岡山県","33681","加賀郡吉備中央町","336810042000","美原","34.870582","133.775042","0","1"
"33","岡山県","33681","加賀郡吉備中央町","336810043000","宮地","34.782146","133.685626","0","1"
"33","岡山県","33681","加賀郡吉備中央町","336810044000","湯山","34.841361","133.725634","0","1"
"33","岡山県","33681","加賀郡吉備中央町","336810045000","吉川","34.819385","133.746059","0","1"
"33","岡山県","33681","加賀郡吉備中央町","336810046000","和田","34.890438","133.738843","0","1"
