"“s“¹•{Œ§ƒR[ƒh","“s“¹•{Œ§–¼","Žs‹æ’¬‘ºƒR[ƒh","Žs‹æ’¬‘º–¼","‘åŽš’¬’š–ÚƒR[ƒh","‘åŽš’¬’š–Ú–¼","ˆÜ“x","Œo“x","Œ´“TŽ‘—¿ƒR[ƒh","‘åŽšEŽšE’š–Ú‹æ•ªƒR[ƒh"
"21","Šò•ŒŒ§","21201","Šò•ŒŽs","212010001000","—•ì’¬","35.420492","136.764174","0","1"
"21","Šò•ŒŒ§","21201","Šò•ŒŽs","212010002000","ŠÔ”V’¬","35.430986","136.765511","0","1"
"21","Šò•ŒŒ§","21201","Šò•ŒŽs","212010003001","Â–ö’¬ˆê’š–Ú","35.426937","136.750026","0","3"
"21","Šò•ŒŒ§","21201","Šò•ŒŽs","212010003002","Â–ö’¬“ñ’š–Ú","35.426237","136.750145","0","3"
"21","Šò•ŒŒ§","21201","Šò•ŒŽs","212010003003","Â–ö’¬ŽO’š–Ú","35.425379","136.750490","0","3"
"21","Šò•ŒŒ§","21201","Šò•ŒŽs","212010003004","Â–ö’¬Žl’š–Ú","35.425847","136.748966","0","3"
"21","Šò•ŒŒ§","21201","Šò•ŒŽs","212010003005","Â–ö’¬ŒÜ’š–Ú","35.427986","136.748287","0","3"
"21","Šò•ŒŒ§","21201","Šò•ŒŽs","212010003006","Â–ö’¬˜Z’š–Ú","35.427660","136.747011","0","3"
"21","Šò•ŒŒ§","21201","Šò•ŒŽs","212010003007","Â–ö’¬Žµ’š–Ú","35.427130","136.746280","0","3"
"21","Šò•ŒŒ§","21201","Šò•ŒŽs","212010004000","Ô’r“´","35.431763","136.796186","0","1"
"21","Šò•ŒŒ§","21201","Šò•ŒŽs","212010005000","ÔƒP“´","35.435389","136.777551","0","1"
"21","Šò•ŒŒ§","21201","Šò•ŒŽs","212010006001","Œ§’¬ˆê’š–Ú","35.413307","136.760323","0","3"
"21","Šò•ŒŒ§","21201","Šò•ŒŽs","212010006002","Œ§’¬“ñ’š–Ú","35.413231","136.761031","0","3"
"21","Šò•ŒŒ§","21201","Šò•ŒŽs","212010007001","ˆ©•”‘åìˆê’š–Ú","35.384697","136.746398","0","3"
"21","Šò•ŒŒ§","21201","Šò•ŒŽs","212010007002","ˆ©•”‘åì“ñ’š–Ú","35.381385","136.745918","0","3"
"21","Šò•ŒŒ§","21201","Šò•ŒŽs","212010008001","ˆ©•”‘å–ìˆê’š–Ú","35.395584","136.754492","0","3"
"21","Šò•ŒŒ§","21201","Šò•ŒŽs","212010008002","ˆ©•”‘å–ì“ñ’š–Ú","35.395493","136.750048","0","3"
"21","Šò•ŒŒ§","21201","Šò•ŒŽs","212010009001","ˆ©•”VŠˆê’š–Ú","35.386073","136.755718","0","3"
"21","Šò•ŒŒ§","21201","Šò•ŒŽs","212010009002","ˆ©•”VŠ“ñ’š–Ú","35.385435","136.758334","0","3"
"21","Šò•ŒŒ§","21201","Šò•ŒŽs","212010009003","ˆ©•”VŠŽO’š–Ú","35.382037","136.758314","0","3"
"21","Šò•ŒŒ§","21201","Šò•ŒŽs","212010009004","ˆ©•”VŠŽl’š–Ú","35.379356","136.757714","0","3"
"21","Šò•ŒŒ§","21201","Šò•ŒŽs","212010010001","ˆ©•”_´Ž›ˆê’š–Ú","35.378446","136.755748","0","3"
"21","Šò•ŒŒ§","21201","Šò•ŒŽs","212010010002","ˆ©•”_´Ž›“ñ’š–Ú","35.376772","136.755108","0","3"
"21","Šò•ŒŒ§","21201","Šò•ŒŽs","212010011001","ˆ©•”’CVˆê’š–Ú","35.380488","136.761271","0","3"
"21","Šò•ŒŒ§","21201","Šò•ŒŽs","212010011002","ˆ©•”’CV“ñ’š–Ú","35.378178","136.759206","0","3"
"21","Šò•ŒŒ§","21201","Šò•ŒŽs","212010012001","ˆ©•”Ž›‰®•~ˆê’š–Ú","35.378817","136.750524","0","3"
"21","Šò•ŒŒ§","21201","Šò•ŒŽs","212010012002","ˆ©•”Ž›‰®•~“ñ’š–Ú","35.376749","136.750218","0","3"
"21","Šò•ŒŒ§","21201","Šò•ŒŽs","212010012003","ˆ©•”Ž›‰®•~ŽO’š–Ú","35.374010","136.749928","0","3"
"21","Šò•ŒŒ§","21201","Šò•ŒŽs","212010013001","ˆ©•”’†“‡ˆê’š–Ú","35.393317","136.749926","0","3"
"21","Šò•ŒŒ§","21201","Šò•ŒŽs","212010013002","ˆ©•”’†“‡“ñ’š–Ú","35.391274","136.749836","0","3"
"21","Šò•ŒŒ§","21201","Šò•ŒŽs","212010013003","ˆ©•”’†“‡ŽO’š–Ú","35.389508","136.750157","0","3"
"21","Šò•ŒŒ§","21201","Šò•ŒŽs","212010014001","ˆ©•”–ì£ˆê’š–Ú","35.379118","136.745499","0","3"
"21","Šò•ŒŒ§","21201","Šò•ŒŽs","212010014002","ˆ©•”–ì£“ñ’š–Ú","35.376993","136.745360","0","3"
"21","Šò•ŒŒ§","21201","Šò•ŒŽs","212010014003","ˆ©•”–ì£ŽO’š–Ú","35.374073","136.745470","0","3"
"21","Šò•ŒŒ§","21201","Šò•ŒŽs","212010015001","ˆ©•”•H–ìˆê’š–Ú","35.387567","136.750968","0","3"
"21","Šò•ŒŒ§","21201","Šò•ŒŽs","212010015002","ˆ©•”•H–ì“ñ’š–Ú","35.385910","136.751195","0","3"
"21","Šò•ŒŒ§","21201","Šò•ŒŽs","212010015003","ˆ©•”•H–ìŽO’š–Ú","35.383776","136.751048","0","3"
"21","Šò•ŒŒ§","21201","Šò•ŒŽs","212010015004","ˆ©•”•H–ìŽl’š–Ú","35.381224","136.750864","0","3"
"21","Šò•ŒŒ§","21201","Šò•ŒŽs","212010016001","ˆ©•”–{‹½ˆê’š–Ú","35.394174","136.753914","0","3"
"21","Šò•ŒŒ§","21201","Šò•ŒŽs","212010016002","ˆ©•”–{‹½“ñ’š–Ú","35.391505","136.754044","0","3"
"21","Šò•ŒŒ§","21201","Šò•ŒŽs","212010016003","ˆ©•”–{‹½ŽO’š–Ú","35.389264","136.755145","0","3"
"21","Šò•ŒŒ§","21201","Šò•ŒŽs","212010017000","ˆ©’¬","35.373714","136.742373","0","1"
"21","Šò•ŒŒ§","21201","Šò•ŒŽs","212010018000","H‘ò","35.504120","136.708140","0","1"
"21","Šò•ŒŒ§","21201","Šò•ŒŽs","212010019001","H‘òˆê’š–Ú","35.499213","136.702308","0","3"
"21","Šò•ŒŒ§","21201","Šò•ŒŽs","212010019002","H‘ò“ñ’š–Ú","35.503278","136.700842","0","3"
"21","Šò•ŒŒ§","21201","Šò•ŒŽs","212010020000","H’Ã’¬","35.423836","136.762424","0","1"
"21","Šò•ŒŒ§","21201","Šò•ŒŽs","212010021000","ŠHŒ©","35.465410","136.853020","0","1"
"21","Šò•ŒŒ§","21201","Šò•ŒŽs","212010022001","ŠHŒ©ˆê’š–Ú","35.448790","136.841812","0","3"
"21","Šò•ŒŒ§","21201","Šò•ŒŽs","212010022002","ŠHŒ©“ñ’š–Ú","35.452290","136.840454","0","3"
"21","Šò•ŒŒ§","21201","Šò•ŒŽs","212010022003","ŠHŒ©ŽO’š–Ú","35.452311","136.844632","0","3"
"21","Šò•ŒŒ§","21201","Šò•ŒŽs","212010022004","ŠHŒ©Žl’š–Ú","35.451027","136.848192","0","3"
"21","Šò•ŒŒ§","21201","Šò•ŒŽs","212010022005","ŠHŒ©ŒÜ’š–Ú","35.447565","136.846000","0","3"
"21","Šò•ŒŒ§","21201","Šò•ŒŽs","212010022006","ŠHŒ©˜Z’š–Ú","35.444440","136.858474","0","3"
"21","Šò•ŒŒ§","21201","Šò•ŒŽs","212010022007","ŠHŒ©Žµ’š–Ú","35.447073","136.860094","0","3"
"21","Šò•ŒŒ§","21201","Šò•ŒŽs","212010023001","ŠHŒ©‘å‘Þˆê’š–Ú","35.463524","136.846343","0","3"
"21","Šò•ŒŒ§","21201","Šò•ŒŽs","212010023002","ŠHŒ©‘å‘Þ“ñ’š–Ú","35.466667","136.847062","0","3"
"21","Šò•ŒŒ§","21201","Šò•ŒŽs","212010024001","ŠHŒ©‘å‘Dˆê’š–Ú","35.460047","136.845039","0","3"
"21","Šò•ŒŒ§","21201","Šò•ŒŽs","212010024002","ŠHŒ©‘å‘D“ñ’š–Ú","35.459724","136.848983","0","3"
"21","Šò•ŒŒ§","21201","Šò•ŒŽs","212010025000","ŠHŒ©ŠCŒËŽR","35.453159","136.835605","0","1"
"21","Šò•ŒŒ§","21201","Šò•ŒŽs","212010026001","ŠHŒ©‰eŽRˆê’š–Ú","35.435611","136.846380","0","3"
"21","Šò•ŒŒ§","21201","Šò•ŒŽs","212010026002","ŠHŒ©‰eŽR“ñ’š–Ú","35.435701","136.849768","0","3"
"21","Šò•ŒŒ§","21201","Šò•ŒŽs","212010027000","ŠHŒ©´…","35.448253","136.838820","0","1"
"21","Šò•ŒŒ§","21201","Šò•ŒŽs","212010028001","ŠHŒ©µ‰ãˆê’š–Ú","35.441695","136.840419","0","3"
"21","Šò•ŒŒ§","21201","Šò•ŒŽs","212010028002","ŠHŒ©µ‰ã“ñ’š–Ú","35.437704","136.842029","0","3"
"21","Šò•ŒŒ§","21201","Šò•ŒŽs","212010029001","ŠHŒ©‘å”ÊŽáˆê’š–Ú","35.438334","136.844847","0","3"
"21","Šò•ŒŒ§","21201","Šò•ŒŽs","212010029002","ŠHŒ©‘å”ÊŽá“ñ’š–Ú","35.438937","136.848640","0","3"
"21","Šò•ŒŒ§","21201","Šò•ŒŽs","212010030000","ŠHŒ©’†–ì”¨","35.445212","136.842946","0","1"
"21","Šò•ŒŒ§","21201","Šò•ŒŽs","212010031001","ŠHŒ©’·ŽRˆê’š–Ú","35.455208","136.845905","0","3"
"21","Šò•ŒŒ§","21201","Šò•ŒŽs","212010031002","ŠHŒ©’·ŽR“ñ’š–Ú","35.455822","136.848322","0","3"
"21","Šò•ŒŒ§","21201","Šò•ŒŽs","212010031003","ŠHŒ©’·ŽRŽO’š–Ú","35.453807","136.849197","0","3"
"21","Šò•ŒŒ§","21201","Šò•ŒŽs","212010032001","ŠHŒ©–ì”¨ˆê’š–Ú","35.441400","136.842882","0","3"
"21","Šò•ŒŒ§","21201","Šò•ŒŽs","212010032002","ŠHŒ©–ì”¨“ñ’š–Ú","35.441564","136.844973","0","3"
"21","Šò•ŒŒ§","21201","Šò•ŒŽs","212010032003","ŠHŒ©–ì”¨ŽO’š–Ú","35.441083","136.848113","0","3"
"21","Šò•ŒŒ§","21201","Šò•ŒŽs","212010033000","ŠHŒ©“ŒŽR","35.462424","136.855736","0","1"
"21","Šò•ŒŒ§","21201","Šò•ŒŽs","212010034000","ŠHŒ©–x“c","35.444673","136.840340","0","1"
"21","Šò•ŒŒ§","21201","Šò•ŒŽs","212010035001","ŠHŒ©’¬‰®ˆê’š–Ú","35.459289","136.838041","0","3"
"21","Šò•ŒŒ§","21201","Šò•ŒŽs","212010035002","ŠHŒ©’¬‰®“ñ’š–Ú","35.462140","136.839018","0","3"
"21","Šò•ŒŒ§","21201","Šò•ŒŽs","212010036001","ŠHŒ©“ìŽRˆê’š–Ú","35.453855","136.854758","0","3"
"21","Šò•ŒŒ§","21201","Šò•ŒŽs","212010036002","ŠHŒ©“ìŽR“ñ’š–Ú","35.456568","136.854153","0","3"
"21","Šò•ŒŒ§","21201","Šò•ŒŽs","212010036003","ŠHŒ©“ìŽRŽO’š–Ú","35.454797","136.860561","0","3"
"21","Šò•ŒŒ§","21201","Šò•ŒŽs","212010037001","Œ’¬ˆê’š–Ú","35.412990","136.772879","0","3"
"21","Šò•ŒŒ§","21201","Šò•ŒŽs","212010037002","Œ’¬“ñ’š–Ú","35.412901","136.775293","0","3"
"21","Šò•ŒŒ§","21201","Šò•ŒŽs","212010037003","Œ’¬ŽO’š–Ú","35.412834","136.777096","0","3"
"21","Šò•ŒŒ§","21201","Šò•ŒŽs","212010037004","Œ’¬Žl’š–Ú","35.412683","136.781700","0","3"
"21","Šò•ŒŒ§","21201","Šò•ŒŽs","212010037005","Œ’¬ŒÜ’š–Ú","35.412601","136.783961","0","3"
"21","Šò•ŒŒ§","21201","Šò•ŒŽs","212010038000","’©–¶’¬","35.392584","136.763278","0","1"
"21","Šò•ŒŒ§","21201","Šò•ŒŽs","212010039000","’©“ú’¬","35.422662","136.762485","0","1"
"21","Šò•ŒŒ§","21201","Šò•ŒŽs","212010040000","ˆÀH","35.495647","136.721569","0","1"
"21","Šò•ŒŒ§","21201","Šò•ŒŽs","212010041001","ˆÀHˆê’š–Ú","35.488331","136.721505","0","3"
"21","Šò•ŒŒ§","21201","Šò•ŒŽs","212010041002","ˆÀH“ñ’š–Ú","35.492549","136.723982","0","3"
"21","Šò•ŒŒ§","21201","Šò•ŒŽs","212010041003","ˆÀHŽO’š–Ú","35.495197","136.726958","0","3"
"21","Šò•ŒŒ§","21201","Šò•ŒŽs","212010041004","ˆÀHŽl’š–Ú","35.497547","136.730274","0","3"
"21","Šò•ŒŒ§","21201","Šò•ŒŽs","212010041005","ˆÀHŒÜ’š–Ú","35.495091","136.729660","0","3"
"21","Šò•ŒŒ§","21201","Šò•ŒŽs","212010041006","ˆÀH˜Z’š–Ú","35.490127","136.725873","0","3"
"21","Šò•ŒŒ§","21201","Šò•ŒŽs","212010042001","ˆÀ‘î’¬ˆê’š–Ú","35.407759","136.765283","0","3"
"21","Šò•ŒŒ§","21201","Šò•ŒŽs","212010042002","ˆÀ‘î’¬“ñ’š–Ú","35.406306","136.766267","0","3"
"21","Šò•ŒŒ§","21201","Šò•ŒŽs","212010043001","ŒáÈ’¬ˆê’š–Ú","35.423880","136.750911","0","3"
"21","Šò•ŒŒ§","21201","Šò•ŒŽs","212010043002","ŒáÈ’¬“ñ’š–Ú","35.423703","136.750260","0","3"
"21","Šò•ŒŒ§","21201","Šò•ŒŽs","212010043003","ŒáÈ’¬ŽO’š–Ú","35.423546","136.749543","0","3"
"21","Šò•ŒŒ§","21201","Šò•ŒŽs","212010044001","“V’rˆê’š–Ú","35.423847","136.810819","0","3"
"21","Šò•ŒŒ§","21201","Šò•ŒŽs","212010044002","“V’r“ñ’š–Ú","35.425207","136.813470","0","3"
"21","Šò•ŒŒ§","21201","Šò•ŒŽs","212010045000","‰J—x’¬","35.413016","136.746239","0","1"
"21","Šò•ŒŒ§","21201","Šò•ŒŽs","212010046001","“òƒPè’¬ˆê’š–Ú","35.419113","136.778204","0","3"
"21","Šò•ŒŒ§","21201","Šò•ŒŽs","212010046002","“òƒPè’¬“ñ’š–Ú","35.418906","136.783033","0","3"
"21","Šò•ŒŒ§","21201","Šò•ŒŽs","212010047000","rì’¬","35.402188","136.765323","0","1"
"21","Šò•ŒŒ§","21201","Šò•ŒŽs","212010048001","ˆÀ—Ç“c’¬ˆê’š–Ú","35.410990","136.764168","0","3"
"21","Šò•ŒŒ§","21201","Šò•ŒŽs","212010048002","ˆÀ—Ç“c’¬“ñ’š–Ú","35.409965","136.764900","0","3"
"21","Šò•ŒŒ§","21201","Šò•ŒŽs","212010048003","ˆÀ—Ç“c’¬ŽO’š–Ú","35.408707","136.765510","0","3"
"21","Šò•ŒŒ§","21201","Šò•ŒŽs","212010048004","ˆÀ—Ç“c’¬Žl’š–Ú","35.407216","136.766427","0","3"
"21","Šò•ŒŒ§","21201","Šò•ŒŽs","212010048005","ˆÀ—Ç“c’¬ŒÜ’š–Ú","35.405873","136.767120","0","3"
"21","Šò•ŒŒ§","21201","Šò•ŒŽs","212010048006","ˆÀ—Ç“c’¬˜Z’š–Ú","35.404359","136.768377","0","3"
"21","Šò•ŒŒ§","21201","Šò•ŒŽs","212010049000","ˆ¾–ì","35.482656","136.793322","0","1"
"21","Šò•ŒŒ§","21201","Šò•ŒŽs","212010050000","ˆ¾–ì‘ä","35.489530","136.776052","0","1"
"21","Šò•ŒŒ§","21201","Šò•ŒŽs","212010051001","ˆ¾–ì¼ˆê’š–Ú","35.478552","136.778336","0","3"
"21","Šò•ŒŒ§","21201","Šò•ŒŽs","212010051002","ˆ¾–ì¼“ñ’š–Ú","35.478822","136.781361","0","3"
"21","Šò•ŒŒ§","21201","Šò•ŒŽs","212010051003","ˆ¾–ì¼ŽO’š–Ú","35.482419","136.777669","0","3"
"21","Šò•ŒŒ§","21201","Šò•ŒŽs","212010051004","ˆ¾–ì¼Žl’š–Ú","35.486347","136.778414","0","3"
"21","Šò•ŒŒ§","21201","Šò•ŒŽs","212010051005","ˆ¾–ì¼ŒÜ’š–Ú","35.478453","136.773055","0","3"
"21","Šò•ŒŒ§","21201","Šò•ŒŽs","212010051006","ˆ¾–ì¼˜Z’š–Ú","35.483139","136.771816","0","3"
"21","Šò•ŒŒ§","21201","Šò•ŒŽs","212010051007","ˆ¾–ì¼Žµ’š–Ú","35.487327","136.775731","0","3"
"21","Šò•ŒŒ§","21201","Šò•ŒŽs","212010051008","ˆ¾–ì¼”ª’š–Ú","35.492912","136.767828","0","3"
"21","Šò•ŒŒ§","21201","Šò•ŒŽs","212010052001","ˆ¾–ì“Œˆê’š–Ú","35.482417","136.781042","0","3"
"21","Šò•ŒŒ§","21201","Šò•ŒŽs","212010052002","ˆ¾–ì“Œ“ñ’š–Ú","35.485683","136.781252","0","3"
"21","Šò•ŒŒ§","21201","Šò•ŒŽs","212010052003","ˆ¾–ì“ŒŽO’š–Ú","35.488968","136.782021","0","3"
"21","Šò•ŒŒ§","21201","Šò•ŒŽs","212010052004","ˆ¾–ì“ŒŽl’š–Ú","35.489054","136.787642","0","3"
"21","Šò•ŒŒ§","21201","Šò•ŒŽs","212010052005","ˆ¾–ì“ŒŒÜ’š–Ú","35.483820","136.787583","0","3"
"21","Šò•ŒŒ§","21201","Šò•ŒŽs","212010053000","ˆÁ’¬","35.419320","136.774975","0","1"
"21","Šò•ŒŒ§","21201","Šò•ŒŽs","212010054000","¶“c’¬","35.406866","136.768132","0","1"
"21","Šò•ŒŒ§","21201","Šò•ŒŽs","212010055001","’r“c’¬ˆê’š–Ú","35.423077","136.748555","0","3"
"21","Šò•ŒŒ§","21201","Šò•ŒŽs","212010055002","’r“c’¬“ñ’š–Ú","35.422496","136.747414","0","3"
"21","Šò•ŒŒ§","21201","Šò•ŒŽs","212010056001","’rƒmã’¬ˆê’š–Ú","35.430699","136.745910","0","3"
"21","Šò•ŒŒ§","21201","Šò•ŒŽs","212010056002","’rƒmã’¬“ñ’š–Ú","35.430291","136.745015","0","3"
"21","Šò•ŒŒ§","21201","Šò•ŒŽs","212010056003","’rƒmã’¬ŽO’š–Ú","35.429688","136.744220","0","3"
"21","Šò•ŒŒ§","21201","Šò•ŒŽs","212010056004","’rƒmã’¬Žl’š–Ú","35.429567","136.742727","0","3"
"21","Šò•ŒŒ§","21201","Šò•ŒŽs","212010057000","Î’J","35.483704","136.742167","0","1"
"21","Šò•ŒŒ§","21201","Šò•ŒŽs","212010058001","Î’Jˆê’š–Ú","35.478484","136.730261","0","3"
"21","Šò•ŒŒ§","21201","Šò•ŒŽs","212010058002","Î’J“ñ’š–Ú","35.483584","136.730260","0","3"
"21","Šò•ŒŒ§","21201","Šò•ŒŽs","212010058003","Î’JŽO’š–Ú","35.485020","136.726406","0","3"
"21","Šò•ŒŒ§","21201","Šò•ŒŽs","212010058004","Î’JŽl’š–Ú","35.486621","136.729918","0","3"
"21","Šò•ŒŒ§","21201","Šò•ŒŽs","212010058005","Î’JŒÜ’š–Ú","35.484669","136.733099","0","3"
"21","Šò•ŒŒ§","21201","Šò•ŒŽs","212010058006","Î’J˜Z’š–Ú","35.485001","136.736988","0","3"
"21","Šò•ŒŒ§","21201","Šò•ŒŽs","212010059000","ÎØ’¬","35.396320","136.767290","0","1"
"21","Šò•ŒŒ§","21201","Šò•ŒŽs","212010060001","Î’·’¬ˆê’š–Ú","35.410481","136.784385","0","3"
"21","Šò•ŒŒ§","21201","Šò•ŒŽs","212010060002","Î’·’¬“ñ’š–Ú","35.410135","136.784366","0","3"
"21","Šò•ŒŒ§","21201","Šò•ŒŽs","212010060003","Î’·’¬ŽO’š–Ú","35.409704","136.784343","0","3"
"21","Šò•ŒŒ§","21201","Šò•ŒŽs","212010060004","Î’·’¬Žl’š–Ú","35.409309","136.784171","0","3"
"21","Šò•ŒŒ§","21201","Šò•ŒŽs","212010060005","Î’·’¬ŒÜ’š–Ú","35.408840","136.784268","0","3"
"21","Šò•ŒŒ§","21201","Šò•ŒŽs","212010060006","Î’·’¬˜Z’š–Ú","35.408398","136.784102","0","3"
"21","Šò•ŒŒ§","21201","Šò•ŒŽs","212010060007","Î’·’¬Žµ’š–Ú","35.407927","136.784286","0","3"
"21","Šò•ŒŒ§","21201","Šò•ŒŽs","212010060008","Î’·’¬”ª’š–Ú","35.407538","136.784379","0","3"
"21","Šò•ŒŒ§","21201","Šò•ŒŽs","212010060009","Î’·’¬‹ã’š–Ú","35.406982","136.784606","0","3"
"21","Šò•ŒŒ§","21201","Šò•ŒŽs","212010061000","ÎŒ´","35.468906","136.829100","0","1"
"21","Šò•ŒŒ§","21201","Šò•ŒŽs","212010062001","ÎŒ´ˆê’š–Ú","35.493789","136.831457","0","3"
"21","Šò•ŒŒ§","21201","Šò•ŒŽs","212010062002","ÎŒ´“ñ’š–Ú","35.490746","136.831578","0","3"
"21","Šò•ŒŒ§","21201","Šò•ŒŽs","212010062003","ÎŒ´ŽO’š–Ú","35.486616","136.829865","0","3"
"21","Šò•ŒŒ§","21201","Šò•ŒŽs","212010063000","ò’¬","35.427400","136.762782","0","1"
"21","Šò•ŒŒ§","21201","Šò•ŒŽs","212010064001","Žsƒm’Ø’¬ˆê’š–Ú","35.410496","136.777896","0","3"
"21","Šò•ŒŒ§","21201","Šò•ŒŽs","212010064002","Žsƒm’Ø’¬“ñ’š–Ú","35.410702","136.780174","0","3"
"21","Šò•ŒŒ§","21201","Šò•ŒŽs","212010064003","Žsƒm’Ø’¬ŽO’š–Ú","35.410266","136.780092","0","3"
"21","Šò•ŒŒ§","21201","Šò•ŒŽs","212010064004","Žsƒm’Ø’¬Žl’š–Ú","35.409792","136.780249","0","3"
"21","Šò•ŒŒ§","21201","Šò•ŒŽs","212010064005","Žsƒm’Ø’¬ŒÜ’š–Ú","35.409194","136.781033","0","3"
"21","Šò•ŒŒ§","21201","Šò•ŒŽs","212010065001","Žs‹´ˆê’š–Ú","35.404070","136.727648","0","3"
"21","Šò•ŒŒ§","21201","Šò•ŒŽs","212010065002","Žs‹´“ñ’š–Ú","35.400163","136.727582","0","3"
"21","Šò•ŒŒ§","21201","Šò•ŒŽs","212010065003","Žs‹´ŽO’š–Ú","35.400240","136.724737","0","3"
"21","Šò•ŒŒ§","21201","Šò•ŒŽs","212010065004","Žs‹´Žl’š–Ú","35.403881","136.724807","0","3"
"21","Šò•ŒŒ§","21201","Šò•ŒŽs","212010065005","Žs‹´ŒÜ’š–Ú","35.403431","136.720977","0","3"
"21","Šò•ŒŒ§","21201","Šò•ŒŽs","212010065006","Žs‹´˜Z’š–Ú","35.400342","136.722129","0","3"
"21","Šò•ŒŒ§","21201","Šò•ŒŽs","212010066000","ˆê”Ô’¬","35.418021","136.761924","0","1"
"21","Šò•ŒŒ§","21201","Šò•ŒŽs","212010067001","ˆê¼“¹ˆê’š–Ú","35.409940","136.768399","0","3"
"21","Šò•ŒŒ§","21201","Šò•ŒŽs","212010067002","ˆê¼“¹“ñ’š–Ú","35.408344","136.768475","0","3"
"21","Šò•ŒŒ§","21201","Šò•ŒŽs","212010068001","ˆÉ“Þ”g’Êˆê’š–Ú","35.428194","136.767945","0","3"
"21","Šò•ŒŒ§","21201","Šò•ŒŽs","212010068002","ˆÉ“Þ”g’Ê“ñ’š–Ú","35.429244","136.765322","0","3"
"21","Šò•ŒŒ§","21201","Šò•ŒŽs","212010068003","ˆÉ“Þ”g’ÊŽO’š–Ú","35.429552","136.764722","0","3"
"21","Šò•ŒŒ§","21201","Šò•ŒŽs","212010069000","ˆÉ“Þ”gŽR–k“´","35.428238","136.770409","0","1"
"21","Šò•ŒŒ§","21201","Šò•ŒŽs","212010070000","ˆÉ“Þ”gŽR¼“´","35.426784","136.769069","0","1"
"21","Šò•ŒŒ§","21201","Šò•ŒŽs","212010071000","ˆÉ“Þ”gŽR“Œ“´","35.425761","136.771651","0","1"
"21","Šò•ŒŒ§","21201","Šò•ŒŽs","212010072003","ˆî‰×’¬ŽO’š–Ú","35.410171","136.741789","0","3"
"21","Šò•ŒŒ§","21201","Šò•ŒŽs","212010072004","ˆî‰×’¬Žl’š–Ú","35.409834","136.740841","0","3"
"21","Šò•ŒŒ§","21201","Šò•ŒŽs","212010072005","ˆî‰×’¬ŒÜ’š–Ú","35.409417","136.739795","0","3"
"21","Šò•ŒŒ§","21201","Šò•ŒŽs","212010073000","ˆî‰×ŽR","35.430180","136.770423","0","1"
"21","Šò•ŒŒ§","21201","Šò•ŒŽs","212010074000","ˆï–Ø’¬","35.416486","136.764942","0","1"
"21","Šò•ŒŒ§","21201","Šò•ŒŽs","212010075001","ˆÉ’¬ˆê’š–Ú","35.427783","136.762291","0","3"
"21","Šò•ŒŒ§","21201","Šò•ŒŽs","212010075002","ˆÉ’¬“ñ’š–Ú","35.428062","136.760339","0","3"
"21","Šò•ŒŒ§","21201","Šò•ŒŽs","212010076000","¡ì","35.466161","136.726185","0","1"
"21","Šò•ŒŒ§","21201","Šò•ŒŽs","212010077001","¡ì’¬ˆê’š–Ú","35.423669","136.756835","0","3"
"21","Šò•ŒŒ§","21201","Šò•ŒŽs","212010077002","¡ì’¬“ñ’š–Ú","35.422279","136.756857","0","3"
"21","Šò•ŒŒ§","21201","Šò•ŒŽs","212010078000","¡¬’¬","35.424881","136.762052","0","1"
"21","Šò•ŒŒ§","21201","Šò•ŒŽs","212010079000","¡‘ò’¬","35.423346","136.760978","0","1"
"21","Šò•ŒŒ§","21201","Šò•ŒŽs","212010080001","¡’¬ˆê’š–Ú","35.434965","136.770122","0","3"
"21","Šò•ŒŒ§","21201","Šò•ŒŽs","212010080002","¡’¬“ñ’š–Ú","35.433896","136.770009","0","3"
"21","Šò•ŒŒ§","21201","Šò•ŒŽs","212010080003","¡’¬ŽO’š–Ú","35.432987","136.769761","0","3"
"21","Šò•ŒŒ§","21201","Šò•ŒŽs","212010080004","¡’¬Žl’š–Ú","35.432288","136.769703","0","3"
"21","Šò•ŒŒ§","21201","Šò•ŒŽs","212010081001","¡—äˆê’š–Ú","35.401517","136.716866","0","3"
"21","Šò•ŒŒ§","21201","Šò•ŒŽs","212010081002","¡—ä“ñ’š–Ú","35.399141","136.719872","0","3"
"21","Šò•ŒŒ§","21201","Šò•ŒŽs","212010081003","¡—äŽO’š–Ú","35.398354","136.716135","0","3"
"21","Šò•ŒŒ§","21201","Šò•ŒŽs","212010081004","¡—äŽl’š–Ú","35.399472","136.709111","0","3"
"21","Šò•ŒŒ§","21201","Šò•ŒŽs","212010082001","ˆð“‡ˆê’š–Ú","35.393263","136.805485","0","3"
"21","Šò•ŒŒ§","21201","Šò•ŒŽs","212010082002","ˆð“‡“ñ’š–Ú","35.393443","136.808630","0","3"
"21","Šò•ŒŒ§","21201","Šò•ŒŽs","212010082003","ˆð“‡ŽO’š–Ú","35.391502","136.808101","0","3"
"21","Šò•ŒŒ§","21201","Šò•ŒŽs","212010082004","ˆð“‡Žl’š–Ú","35.391225","136.813176","0","3"
"21","Šò•ŒŒ§","21201","Šò•ŒŽs","212010082005","ˆð“‡ŒÜ’š–Ú","35.393533","136.812110","0","3"
"21","Šò•ŒŒ§","21201","Šò•ŒŽs","212010083001","“üM’¬ˆê’š–Ú","35.411663","136.772810","0","3"
"21","Šò•ŒŒ§","21201","Šò•ŒŽs","212010083002","“üM’¬“ñ’š–Ú","35.411330","136.775275","0","3"
"21","Šò•ŒŒ§","21201","Šò•ŒŽs","212010083003","“üM’¬ŽO’š–Ú","35.411339","136.777706","0","3"
"21","Šò•ŒŒ§","21201","Šò•ŒŽs","212010083004","“üM’¬Žl’š–Ú","35.411263","136.780786","0","3"
"21","Šò•ŒŒ§","21201","Šò•ŒŽs","212010083005","“üM’¬ŒÜ’š–Ú","35.411014","136.783852","0","3"
"21","Šò•ŒŒ§","21201","Šò•ŒŽs","212010084000","Šâˆä","35.468298","136.807005","0","1"
"21","Šò•ŒŒ§","21201","Šò•ŒŽs","212010085001","Šâˆäˆê’š–Ú","35.468095","136.812666","0","3"
"21","Šò•ŒŒ§","21201","Šò•ŒŽs","212010085002","Šâˆä“ñ’š–Ú","35.470921","136.812238","0","3"
"21","Šò•ŒŒ§","21201","Šò•ŒŽs","212010085003","ŠâˆäŽO’š–Ú","35.471566","136.817618","0","3"
"21","Šò•ŒŒ§","21201","Šò•ŒŽs","212010085004","ŠâˆäŽl’š–Ú","35.471111","136.822100","0","3"
"21","Šò•ŒŒ§","21201","Šò•ŒŽs","212010085005","ŠâˆäŒÜ’š–Ú","35.473573","136.826934","0","3"
"21","Šò•ŒŒ§","21201","Šò•ŒŽs","212010086001","Šâ‰h’¬ˆê’š–Ú","35.418181","136.778187","0","3"
"21","Šò•ŒŒ§","21201","Šò•ŒŽs","212010086002","Šâ‰h’¬“ñ’š–Ú","35.417998","136.782981","0","3"
"21","Šò•ŒŒ§","21201","Šò•ŒŽs","212010087001","Šâ‘q’¬ˆê’š–Ú","35.431768","136.753201","0","3"
"21","Šò•ŒŒ§","21201","Šò•ŒŽs","212010087002","Šâ‘q’¬“ñ’š–Ú","35.432092","136.754569","0","3"
"21","Šò•ŒŒ§","21201","Šò•ŒŽs","212010087003","Šâ‘q’¬ŽO’š–Ú","35.432474","136.756777","0","3"
"21","Šò•ŒŒ§","21201","Šò•ŒŽs","212010087004","Šâ‘q’¬Žl’š–Ú","35.432728","136.758765","0","3"
"21","Šò•ŒŒ§","21201","Šò•ŒŽs","212010087005","Šâ‘q’¬ŒÜ’š–Ú","35.433325","136.760698","0","3"
"21","Šò•ŒŒ§","21201","Šò•ŒŽs","212010088000","Šâè","35.470738","136.773696","0","1"
"21","Šò•ŒŒ§","21201","Šò•ŒŽs","212010089001","Šâèˆê’š–Ú","35.464397","136.774860","0","3"
"21","Šò•ŒŒ§","21201","Šò•ŒŽs","212010089002","Šâè“ñ’š–Ú","35.464947","136.779165","0","3"
"21","Šò•ŒŒ§","21201","Šò•ŒŽs","212010089003","ŠâèŽO’š–Ú","35.466834","136.783912","0","3"
"21","Šò•ŒŒ§","21201","Šò•ŒŽs","212010090001","Šâ‘ê¼ˆê’š–Ú","35.433237","136.843611","0","3"
"21","Šò•ŒŒ§","21201","Šò•ŒŽs","212010090002","Šâ‘ê¼“ñ’š–Ú","35.427455","136.845374","0","3"
"21","Šò•ŒŒ§","21201","Šò•ŒŽs","212010090003","Šâ‘ê¼ŽO’š–Ú","35.429532","136.848246","0","3"
"21","Šò•ŒŒ§","21201","Šò•ŒŽs","212010091001","Šâ‘ê“Œˆê’š–Ú","35.429153","136.851280","0","3"
"21","Šò•ŒŒ§","21201","Šò•ŒŽs","212010091002","Šâ‘ê“Œ“ñ’š–Ú","35.429621","136.853894","0","3"
"21","Šò•ŒŒ§","21201","Šò•ŒŽs","212010091003","Šâ‘ê“ŒŽO’š–Ú","35.429844","136.857821","0","3"
"21","Šò•ŒŒ§","21201","Šò•ŒŽs","212010092001","Šâ“câˆê’š–Ú","35.435844","136.824002","0","3"
"21","Šò•ŒŒ§","21201","Šò•ŒŽs","212010092002","Šâ“câ“ñ’š–Ú","35.436975","136.827791","0","3"
"21","Šò•ŒŒ§","21201","Šò•ŒŽs","212010092003","Šâ“câŽO’š–Ú","35.432021","136.834027","0","3"
"21","Šò•ŒŒ§","21201","Šò•ŒŽs","212010092004","Šâ“câŽl’š–Ú","35.431906","136.827097","0","3"
"21","Šò•ŒŒ§","21201","Šò•ŒŽs","212010093001","Šâ“c¼ˆê’š–Ú","35.440934","136.831339","0","3"
"21","Šò•ŒŒ§","21201","Šò•ŒŽs","212010093002","Šâ“c¼“ñ’š–Ú","35.444003","136.830636","0","3"
"21","Šò•ŒŒ§","21201","Šò•ŒŽs","212010093003","Šâ“c¼ŽO’š–Ú","35.446579","136.834761","0","3"
"21","Šò•ŒŒ§","21201","Šò•ŒŽs","212010094001","Šâ“c“Œˆê’š–Ú","35.437148","136.833532","0","3"
"21","Šò•ŒŒ§","21201","Šò•ŒŽs","212010094002","Šâ“c“Œ“ñ’š–Ú","35.434508","136.837645","0","3"
"21","Šò•ŒŒ§","21201","Šò•ŒŽs","212010094003","Šâ“c“ŒŽO’š–Ú","35.440452","136.837818","0","3"
"21","Šò•ŒŒ§","21201","Šò•ŒŽs","212010095001","Šâ’nˆê’š–Ú","35.409223","136.806317","0","3"
"21","Šò•ŒŒ§","21201","Šò•ŒŽs","212010095002","Šâ’n“ñ’š–Ú","35.405976","136.805529","0","3"
"21","Šò•ŒŒ§","21201","Šò•ŒŽs","212010095003","Šâ’nŽO’š–Ú","35.405977","136.809413","0","3"
"21","Šò•ŒŒ§","21201","Šò•ŒŽs","212010095004","Šâ’nŽl’š–Ú","35.403725","136.807133","0","3"
"21","Šò•ŒŒ§","21201","Šò•ŒŽs","212010096000","Šâ—˜","35.505689","136.747829","0","1"
"21","Šò•ŒŒ§","21201","Šò•ŒŽs","212010097001","Šâ—˜ˆê’š–Ú","35.501350","136.730840","0","3"
"21","Šò•ŒŒ§","21201","Šò•ŒŽs","212010097002","Šâ—˜“ñ’š–Ú","35.507034","136.733914","0","3"
"21","Šò•ŒŒ§","21201","Šò•ŒŽs","212010097003","Šâ—˜ŽO’š–Ú","35.504936","136.739170","0","3"
"21","Šò•ŒŒ§","21201","Šò•ŒŽs","212010097004","Šâ—˜Žl’š–Ú","35.501606","136.733439","0","3"
"21","Šò•ŒŒ§","21201","Šò•ŒŽs","212010097005","Šâ—˜ŒÜ’š–Ú","35.501539","136.736557","0","3"
"21","Šò•ŒŒ§","21201","Šò•ŒŽs","212010097006","Šâ—˜˜Z’š–Ú","35.503657","136.742078","0","3"
"21","Šò•ŒŒ§","21201","Šò•ŒŽs","212010097007","Šâ—˜Žµ’š–Ú","35.507845","136.740667","0","3"
"21","Šò•ŒŒ§","21201","Šò•ŒŽs","212010098000","‹›‰®’¬","35.432334","136.767943","0","1"
"21","Šò•ŒŒ§","21201","Šò•ŒŽs","212010099000","‰Lì’¬","35.442390","136.770293","0","1"
"21","Šò•ŒŒ§","21201","Šò•ŒŽs","212010100000","‰§’J","35.424616","136.767958","0","1"
"21","Šò•ŒŒ§","21201","Šò•ŒŽs","212010101000","‰§’J’¬","35.424602","136.766146","0","1"
"21","Šò•ŒŒ§","21201","Šò•ŒŽs","212010102001","‰F²ˆê’š–Ú","35.401305","136.733425","0","3"
"21","Šò•ŒŒ§","21201","Šò•ŒŽs","212010102002","‰F²“ñ’š–Ú","35.399000","136.732659","0","3"
"21","Šò•ŒŒ§","21201","Šò•ŒŽs","212010102003","‰F²ŽO’š–Ú","35.396999","136.730903","0","3"
"21","Šò•ŒŒ§","21201","Šò•ŒŽs","212010102004","‰F²Žl’š–Ú","35.400107","136.729801","0","3"
"21","Šò•ŒŒ§","21201","Šò•ŒŽs","212010103000","‰F²“Œ’¬","35.398626","136.735840","0","1"
"21","Šò•ŒŒ§","21201","Šò•ŒŽs","212010104001","‰F²“ìˆê’š–Ú","35.396758","136.735771","0","3"
"21","Šò•ŒŒ§","21201","Šò•ŒŽs","212010104002","‰F²“ì“ñ’š–Ú","35.393604","136.735916","0","3"
"21","Šò•ŒŒ§","21201","Šò•ŒŽs","212010104003","‰F²“ìŽO’š–Ú","35.393466","136.733173","0","3"
"21","Šò•ŒŒ§","21201","Šò•ŒŽs","212010104004","‰F²“ìŽl’š–Ú","35.392669","136.730146","0","3"
"21","Šò•ŒŒ§","21201","Šò•ŒŽs","212010105000","‘Å‰z","35.474238","136.768085","0","1"
"21","Šò•ŒŒ§","21201","Šò•ŒŽs","212010106000","èÕ‰®’¬","35.430813","136.767063","0","1"
"21","Šò•ŒŒ§","21201","Šò•ŒŽs","212010107001","”~ƒPŽ}’¬ˆê’š–Ú","35.423863","136.755984","0","3"
"21","Šò•ŒŒ§","21201","Šò•ŒŽs","212010107002","”~ƒPŽ}’¬“ñ’š–Ú","35.424310","136.754517","0","3"
"21","Šò•ŒŒ§","21201","Šò•ŒŽs","212010107003","”~ƒPŽ}’¬ŽO’š–Ú","35.424509","136.753052","0","3"
"21","Šò•ŒŒ§","21201","Šò•ŒŽs","212010108001","”~‰Í’¬ˆê’š–Ú","35.421652","136.755660","0","3"
"21","Šò•ŒŒ§","21201","Šò•ŒŽs","212010108002","”~‰Í’¬“ñ’š–Ú","35.421755","136.754511","0","3"
"21","Šò•ŒŒ§","21201","Šò•ŒŽs","212010108003","”~‰Í’¬ŽO’š–Ú","35.421838","136.753146","0","3"
"21","Šò•ŒŒ§","21201","Šò•ŒŽs","212010109000","”~‰€’¬","35.416602","136.733213","0","1"
"21","Šò•ŒŒ§","21201","Šò•ŒŽs","212010110000","‰_—³’¬","35.421712","136.776821","0","1"
"21","Šò•ŒŒ§","21201","Šò•ŒŽs","212010111000","‰hî’¬","35.427849","136.764160","0","1"
"21","Šò•ŒŒ§","21201","Šò•ŒŽs","212010112001","‰iŠy’¬ˆê’š–Ú","35.418636","136.778200","0","3"
"21","Šò•ŒŒ§","21201","Šò•ŒŽs","212010112002","‰iŠy’¬“ñ’š–Ú","35.418470","136.783011","0","3"
"21","Šò•ŒŒ§","21201","Šò•ŒŽs","212010113000","]ì’¬","35.422984","136.759680","0","1"
"21","Šò•ŒŒ§","21201","Šò•ŒŽs","212010114000","]Œû","35.420944","136.721977","0","1"
"21","Šò•ŒŒ§","21201","Šò•ŒŽs","212010115001","]Œûˆê’š–Ú","35.422544","136.724992","0","3"
"21","Šò•ŒŒ§","21201","Šò•ŒŽs","212010115002","]Œû“ñ’š–Ú","35.421887","136.721413","0","3"
"21","Šò•ŒŒ§","21201","Šò•ŒŽs","212010116000","]è","35.404448","136.702942","0","1"
"21","Šò•ŒŒ§","21201","Šò•ŒŽs","212010117000","]è–k","35.406501","136.706979","0","1"
"21","Šò•ŒŒ§","21201","Šò•ŒŽs","212010118000","]è“ì","35.402096","136.705775","0","1"
"21","Šò•ŒŒ§","21201","Šò•ŒŽs","212010119001","]“Yˆê’š–Ú","35.396892","136.727525","0","3"
"21","Šò•ŒŒ§","21201","Šò•ŒŽs","212010119002","]“Y“ñ’š–Ú","35.393960","136.727511","0","3"
"21","Šò•ŒŒ§","21201","Šò•ŒŽs","212010119003","]“YŽO’š–Ú","35.389643","136.727418","0","3"
"21","Šò•ŒŒ§","21201","Šò•ŒŽs","212010120001","^’¬ˆê’š–Ú","35.412563","136.772857","0","3"
"21","Šò•ŒŒ§","21201","Šò•ŒŽs","212010120002","^’¬“ñ’š–Ú","35.412475","136.775271","0","3"
"21","Šò•ŒŒ§","21201","Šò•ŒŽs","212010120003","^’¬ŽO’š–Ú","35.412384","136.777249","0","3"
"21","Šò•ŒŒ§","21201","Šò•ŒŽs","212010120004","^’¬Žl’š–Ú","35.412249","136.780975","0","3"
"21","Šò•ŒŒ§","21201","Šò•ŒŽs","212010120005","^’¬ŒÜ’š–Ú","35.412186","136.784185","0","3"
"21","Šò•ŒŒ§","21201","Šò•ŒŽs","212010121000","˜V¼’¬","35.414301","136.766580","0","1"
"21","Šò•ŒŒ§","21201","Šò•ŒŽs","212010122000","‘å’r’¬","35.416079","136.738379","0","1"
"21","Šò•ŒŒ§","21201","Šò•ŒŽs","212010123000","‘å—Ž“´","35.433806","136.789135","0","1"
"21","Šò•ŒŒ§","21201","Šò•ŒŽs","212010124000","‘å‘ ‘ä","35.453552","136.829860","0","1"
"21","Šò•ŒŒ§","21201","Šò•ŒŽs","212010125000","‘å‘q’¬","35.400034","136.764281","0","1"
"21","Šò•ŒŒ§","21201","Šò•ŒŽs","212010126000","‘å›–k","35.406402","136.709910","0","1"
"21","Šò•ŒŒ§","21201","Šò•ŒŽs","212010127000","‘å›“ì","35.402681","136.709385","0","1"
"21","Šò•ŒŒ§","21201","Šò•ŒŽs","212010128000","‘å•x’¬","35.420034","136.755693","0","1"
"21","Šò•ŒŒ§","21201","Šò•ŒŽs","212010129003","‘å“êêŽO’š–Ú","35.426140","136.744872","0","3"
"21","Šò•ŒŒ§","21201","Šò•ŒŽs","212010129004","‘å“êêŽl’š–Ú","35.424664","136.744189","0","3"
"21","Šò•ŒŒ§","21201","Šò•ŒŽs","212010129005","‘å“êêŒÜ’š–Ú","35.424265","136.744284","0","3"
"21","Šò•ŒŒ§","21201","Šò•ŒŽs","212010129006","‘å“êê˜Z’š–Ú","35.423865","136.743985","0","3"
"21","Šò•ŒŒ§","21201","Šò•ŒŽs","212010129007","‘å“êêŽµ’š–Ú","35.423491","136.743201","0","3"
"21","Šò•ŒŒ§","21201","Šò•ŒŽs","212010129008","‘å“êê”ª’š–Ú","35.422640","136.743498","0","3"
"21","Šò•ŒŒ§","21201","Šò•ŒŽs","212010130001","‘å“´ˆê’š–Ú","35.450860","136.870928","0","3"
"21","Šò•ŒŒ§","21201","Šò•ŒŽs","212010130002","‘å“´“ñ’š–Ú","35.453345","136.876292","0","3"
"21","Šò•ŒŒ§","21201","Šò•ŒŽs","212010130003","‘å“´ŽO’š–Ú","35.457815","136.877894","0","3"
"21","Šò•ŒŒ§","21201","Šò•ŒŽs","212010130004","‘å“´Žl’š–Ú","35.449892","136.880516","0","3"
"21","Šò•ŒŒ§","21201","Šò•ŒŽs","212010131001","‘å“´”‘äˆê’š–Ú","35.457984","136.870160","0","3"
"21","Šò•ŒŒ§","21201","Šò•ŒŽs","212010131002","‘å“´”‘ä“ñ’š–Ú","35.459091","136.869774","0","3"
"21","Šò•ŒŒ§","21201","Šò•ŒŽs","212010131003","‘å“´”‘äŽO’š–Ú","35.460454","136.870018","0","3"
"21","Šò•ŒŒ§","21201","Šò•ŒŽs","212010131004","‘å“´”‘äŽl’š–Ú","35.460957","136.868900","0","3"
"21","Šò•ŒŒ§","21201","Šò•ŒŽs","212010131005","‘å“´”‘äŒÜ’š–Ú","35.458894","136.871833","0","3"
"21","Šò•ŒŒ§","21201","Šò•ŒŽs","212010131006","‘å“´”‘ä˜Z’š–Ú","35.460316","136.871983","0","3"
"21","Šò•ŒŒ§","21201","Šò•ŒŽs","212010131007","‘å“´”‘äŽµ’š–Ú","35.459577","136.873578","0","3"
"21","Šò•ŒŒ§","21201","Šò•ŒŽs","212010132001","‘å“´‹Ë‚ª‹uˆê’š–Ú","35.463111","136.866005","0","3"
"21","Šò•ŒŒ§","21201","Šò•ŒŽs","212010132002","‘å“´‹Ë‚ª‹u“ñ’š–Ú","35.462426","136.864162","0","3"
"21","Šò•ŒŒ§","21201","Šò•ŒŽs","212010132003","‘å“´‹Ë‚ª‹uŽO’š–Ú","35.462230","136.865855","0","3"
"21","Šò•ŒŒ§","21201","Šò•ŒŽs","212010132004","‘å“´‹Ë‚ª‹uŽl’š–Ú","35.462123","136.867676","0","3"
"21","Šò•ŒŒ§","21201","Šò•ŒŽs","212010133001","‘å“´÷‘äˆê’š–Ú","35.458211","136.865398","0","3"
"21","Šò•ŒŒ§","21201","Šò•ŒŽs","212010133002","‘å“´÷‘ä“ñ’š–Ú","35.461280","136.862908","0","3"
"21","Šò•ŒŒ§","21201","Šò•ŒŽs","212010133003","‘å“´÷‘äŽO’š–Ú","35.460405","136.863783","0","3"
"21","Šò•ŒŒ§","21201","Šò•ŒŽs","212010133004","‘å“´÷‘äŽl’š–Ú","35.461009","136.864626","0","3"
"21","Šò•ŒŒ§","21201","Šò•ŒŽs","212010133005","‘å“´÷‘äŒÜ’š–Ú","35.459634","136.865944","0","3"
"21","Šò•ŒŒ§","21201","Šò•ŒŽs","212010133006","‘å“´÷‘ä˜Z’š–Ú","35.460749","136.866231","0","3"
"21","Šò•ŒŒ§","21201","Šò•ŒŽs","212010133007","‘å“´÷‘äŽµ’š–Ú","35.459248","136.867691","0","3"
"21","Šò•ŒŒ§","21201","Šò•ŒŽs","212010133008","‘å“´÷‘ä”ª’š–Ú","35.460364","136.867872","0","3"
"21","Šò•ŒŒ§","21201","Šò•ŒŽs","212010134000","‘å“´¼","35.456377","136.866160","0","1"
"21","Šò•ŒŒ§","21201","Šò•ŒŽs","212010135001","‘å“´—ÎŽRˆê’š–Ú","35.452214","136.864988","0","3"
"21","Šò•ŒŒ§","21201","Šò•ŒŽs","212010135002","‘å“´—ÎŽR“ñ’š–Ú","35.452770","136.868223","0","3"
"21","Šò•ŒŒ§","21201","Šò•ŒŽs","212010136001","‘å“´g—t‚ª‹uˆê’š–Ú","35.461710","136.869447","0","3"
"21","Šò•ŒŒ§","21201","Šò•ŒŽs","212010136002","‘å“´g—t‚ª‹u“ñ’š–Ú","35.462687","136.869511","0","3"
"21","Šò•ŒŒ§","21201","Šò•ŒŽs","212010136003","‘å“´g—t‚ª‹uŽO’š–Ú","35.461762","136.871040","0","3"
"21","Šò•ŒŒ§","21201","Šò•ŒŽs","212010136004","‘å“´g—t‚ª‹uŽl’š–Ú","35.462419","136.871518","0","3"
"21","Šò•ŒŒ§","21201","Šò•ŒŽs","212010136005","‘å“´g—t‚ª‹uŒÜ’š–Ú","35.463163","136.870751","0","3"
"21","Šò•ŒŒ§","21201","Šò•ŒŽs","212010136006","‘å“´g—t‚ª‹u˜Z’š–Ú","35.462060","136.873263","0","3"
"21","Šò•ŒŒ§","21201","Šò•ŒŽs","212010137001","‘å‹{’¬ˆê’š–Ú","35.435196","136.773573","0","3"
"21","Šò•ŒŒ§","21201","Šò•ŒŽs","212010137002","‘å‹{’¬“ñ’š–Ú","35.433771","136.772755","0","3"
"21","Šò•ŒŒ§","21201","Šò•ŒŽs","212010138001","‘å–ö’¬ˆê’š–Ú","35.424645","136.747221","0","3"
"21","Šò•ŒŒ§","21201","Šò•ŒŽs","212010138002","‘å–ö’¬“ñ’š–Ú","35.423794","136.746756","0","3"
"21","Šò•ŒŒ§","21201","Šò•ŒŽs","212010139001","‘å˜eˆê’š–Ú","35.366665","136.703265","0","3"
"21","Šò•ŒŒ§","21201","Šò•ŒŽs","212010139002","‘å˜e“ñ’š–Ú","35.362555","136.700895","0","3"
"21","Šò•ŒŒ§","21201","Šò•ŒŽs","212010140001","‰«ƒm‹´’¬ˆê’š–Ú","35.419109","136.750119","0","3"
"21","Šò•ŒŒ§","21201","Šò•ŒŽs","212010140002","‰«ƒm‹´’¬“ñ’š–Ú","35.418637","136.749902","0","3"
"21","Šò•ŒŒ§","21201","Šò•ŒŽs","212010140003","‰«ƒm‹´’¬ŽO’š–Ú","35.418124","136.750338","0","3"
"21","Šò•ŒŒ§","21201","Šò•ŒŽs","212010141000","‰œ","35.518489","136.689236","0","1"
"21","Šò•ŒŒ§","21201","Šò•ŒŽs","212010142001","‰œˆê’š–Ú","35.517395","136.695595","0","3"
"21","Šò•ŒŒ§","21201","Šò•ŒŽs","212010142002","‰œ“ñ’š–Ú","35.524434","136.698879","0","3"
"21","Šò•ŒŒ§","21201","Šò•ŒŽs","212010143001","¬ŒF’¬ˆê’š–Ú","35.424825","136.764052","0","3"
"21","Šò•ŒŒ§","21201","Šò•ŒŽs","212010143002","¬ŒF’¬“ñ’š–Ú","35.424067","136.763803","0","3"
"21","Šò•ŒŒ§","21201","Šò•ŒŽs","212010144000","Œä™’¬","35.428996","136.759096","0","1"
"21","Šò•ŒŒ§","21201","Šò•ŒŽs","212010145001","D“c’Ë’¬ˆê’š–Ú","35.417696","136.778139","0","3"
"21","Šò•ŒŒ§","21201","Šò•ŒŽs","212010145002","D“c’Ë’¬“ñ’š–Ú","35.417501","136.783397","0","3"
"21","Šò•ŒŒ§","21201","Šò•ŒŽs","212010146001","D“c’¬ˆê’š–Ú","35.443218","136.771815","0","3"
"21","Šò•ŒŒ§","21201","Šò•ŒŽs","212010146002","D“c’¬“ñ’š–Ú","35.443499","136.769163","0","3"
"21","Šò•ŒŒ§","21201","Šò•ŒŽs","212010147000","Œä˜Q’¬","35.419383","136.761235","0","1"
"21","Šò•ŒŒ§","21201","Šò•ŒŽs","212010148001","—Y‘÷’¬ˆê’š–Ú","35.440610","136.787545","0","3"
"21","Šò•ŒŒ§","21201","Šò•ŒŽs","212010148002","—Y‘÷’¬“ñ’š–Ú","35.440401","136.789994","0","3"
"21","Šò•ŒŒ§","21201","Šò•ŒŽs","212010148003","—Y‘÷’¬ŽO’š–Ú","35.441762","136.789616","0","3"
"21","Šò•ŒŒ§","21201","Šò•ŒŽs","212010148004","—Y‘÷’¬Žl’š–Ú","35.442457","136.789248","0","3"
"21","Šò•ŒŒ§","21201","Šò•ŒŽs","212010149001","—Y‘—Î’¬ˆê’š–Ú","35.441580","136.795889","0","3"
"21","Šò•ŒŒ§","21201","Šò•ŒŽs","212010149002","—Y‘—Î’¬“ñ’š–Ú","35.443251","136.795392","0","3"
"21","Šò•ŒŒ§","21201","Šò•ŒŽs","212010149003","—Y‘—Î’¬ŽO’š–Ú","35.443858","136.795318","0","3"
"21","Šò•ŒŒ§","21201","Šò•ŒŽs","212010149004","—Y‘—Î’¬Žl’š–Ú","35.441830","136.797399","0","3"
"21","Šò•ŒŒ§","21201","Šò•ŒŽs","212010149005","—Y‘—Î’¬ŒÜ’š–Ú","35.443480","136.797172","0","3"
"21","Šò•ŒŒ§","21201","Šò•ŒŽs","212010149006","—Y‘—Î’¬˜Z’š–Ú","35.444200","136.797057","0","3"
"21","Šò•ŒŒ§","21201","Šò•ŒŽs","212010150001","—Y‘–ö’¬ˆê’š–Ú","35.440885","136.792185","0","3"
"21","Šò•ŒŒ§","21201","Šò•ŒŽs","212010150002","—Y‘–ö’¬“ñ’š–Ú","35.442315","136.791459","0","3"
"21","Šò•ŒŒ§","21201","Šò•ŒŽs","212010150003","—Y‘–ö’¬ŽO’š–Ú","35.442797","136.789759","0","3"
"21","Šò•ŒŒ§","21201","Šò•ŒŽs","212010150004","—Y‘–ö’¬Žl’š–Ú","35.441556","136.794080","0","3"
"21","Šò•ŒŒ§","21201","Šò•ŒŽs","212010150005","—Y‘–ö’¬ŒÜ’š–Ú","35.443049","136.793267","0","3"
"21","Šò•ŒŒ§","21201","Šò•ŒŽs","212010151000","Ü—§","35.456546","136.733767","0","1"
"21","Šò•ŒŒ§","21201","Šò•ŒŽs","212010152000","‹¾“‡","35.416278","136.726359","0","1"
"21","Šò•ŒŒ§","21201","Šò•ŒŽs","212010153001","‹¾“‡¸‰Øˆê’š–Ú","35.412019","136.724122","0","3"
"21","Šò•ŒŒ§","21201","Šò•ŒŽs","212010153002","‹¾“‡¸‰Ø“ñ’š–Ú","35.411212","136.725766","0","3"
"21","Šò•ŒŒ§","21201","Šò•ŒŽs","212010153003","‹¾“‡¸‰ØŽO’š–Ú","35.411600","136.719552","0","3"
"21","Šò•ŒŒ§","21201","Šò•ŒŽs","212010154001","‹¾“‡’†ˆê’š–Ú","35.416115","136.720795","0","3"
"21","Šò•ŒŒ§","21201","Šò•ŒŽs","212010154002","‹¾“‡’†“ñ’š–Ú","35.414672","136.718385","0","3"
"21","Šò•ŒŒ§","21201","Šò•ŒŽs","212010155001","‹¾“‡¼ˆê’š–Ú","35.411916","136.715051","0","3"
"21","Šò•ŒŒ§","21201","Šò•ŒŽs","212010155002","‹¾“‡¼“ñ’š–Ú","35.409448","136.715057","0","3"
"21","Šò•ŒŒ§","21201","Šò•ŒŽs","212010155003","‹¾“‡¼ŽO’š–Ú","35.408815","136.709907","0","3"
"21","Šò•ŒŒ§","21201","Šò•ŒŽs","212010156001","‹¾“‡“ìˆê’š–Ú","35.407435","136.715947","0","3"
"21","Šò•ŒŒ§","21201","Šò•ŒŽs","212010156002","‹¾“‡“ì“ñ’š–Ú","35.403999","136.716478","0","3"
"21","Šò•ŒŒ§","21201","Šò•ŒŽs","212010156003","‹¾“‡“ìŽO’š–Ú","35.406590","136.712843","0","3"
"21","Šò•ŒŒ§","21201","Šò•ŒŽs","212010156004","‹¾“‡“ìŽl’š–Ú","35.403145","136.712771","0","3"
"21","Šò•ŒŒ§","21201","Šò•ŒŽs","212010157000","‹¾Šâ","35.438067","136.778016","0","1"
"21","Šò•ŒŒ§","21201","Šò•ŒŽs","212010158000","Œ®‰®’†’¬","35.417780","136.745804","0","1"
"21","Šò•ŒŒ§","21201","Šò•ŒŽs","212010159001","Œ®‰®¼’¬ˆê’š–Ú","35.417456","136.744333","0","3"
"21","Šò•ŒŒ§","21201","Šò•ŒŽs","212010159002","Œ®‰®¼’¬“ñ’š–Ú","35.417161","136.742979","0","3"
"21","Šò•ŒŒ§","21201","Šò•ŒŽs","212010160001","Œ®‰®“Œ’¬ˆê’š–Ú","35.418824","136.747920","0","3"
"21","Šò•ŒŒ§","21201","Šò•ŒŽs","212010160002","Œ®‰®“Œ’¬“ñ’š–Ú","35.418420","136.747938","0","3"
"21","Šò•ŒŒ§","21201","Šò•ŒŽs","212010160003","Œ®‰®“Œ’¬ŽO’š–Ú","35.417897","136.748037","0","3"
"21","Šò•ŒŒ§","21201","Šò•ŒŽs","212010161001","Šw‰€’¬ˆê’š–Ú","35.439390","136.754888","0","3"
"21","Šò•ŒŒ§","21201","Šò•ŒŽs","212010161002","Šw‰€’¬“ñ’š–Ú","35.439970","136.757452","0","3"
"21","Šò•ŒŒ§","21201","Šò•ŒŽs","212010161003","Šw‰€’¬ŽO’š–Ú","35.440763","136.759677","0","3"
"21","Šò•ŒŒ§","21201","Šò•ŒŽs","212010162000","_Šy’¬","35.396792","136.762751","0","1"
"21","Šò•ŒŒ§","21201","Šò•ŒŽs","212010163001","‰ÔŒŽ’¬ˆê’š–Ú","35.420490","136.777588","0","3"
"21","Šò•ŒŒ§","21201","Šò•ŒŽs","212010163002","‰ÔŒŽ’¬“ñ’š–Ú","35.420295","136.783290","0","3"
"21","Šò•ŒŒ§","21201","Šò•ŒŽs","212010164001","…Žå’¬ˆê’š–Ú","35.394062","136.757612","0","3"
"21","Šò•ŒŒ§","21201","Šò•ŒŽs","212010164002","…Žå’¬“ñ’š–Ú","35.391158","136.757446","0","3"
"21","Šò•ŒŒ§","21201","Šò•ŒŽs","212010165000","Šì’¬","35.431658","136.770925","0","1"
"21","Šò•ŒŒ§","21201","Šò•ŒŽs","212010166001","Ž­“‡’¬ˆê’š–Ú","35.416116","136.744173","0","3"
"21","Šò•ŒŒ§","21201","Šò•ŒŽs","212010166002","Ž­“‡’¬“ñ’š–Ú","35.415436","136.742405","0","3"
"21","Šò•ŒŒ§","21201","Šò•ŒŽs","212010166003","Ž­“‡’¬ŽO’š–Ú","35.415095","136.741287","0","3"
"21","Šò•ŒŒ§","21201","Šò•ŒŽs","212010166004","Ž­“‡’¬Žl’š–Ú","35.414896","136.740152","0","3"
"21","Šò•ŒŒ§","21201","Šò•ŒŽs","212010166005","Ž­“‡’¬ŒÜ’š–Ú","35.414644","136.738935","0","3"
"21","Šò•ŒŒ§","21201","Šò•ŒŽs","212010166006","Ž­“‡’¬˜Z’š–Ú","35.414209","136.736998","0","3"
"21","Šò•ŒŒ§","21201","Šò•ŒŽs","212010166007","Ž­“‡’¬Žµ’š–Ú","35.413898","136.734468","0","3"
"21","Šò•ŒŒ§","21201","Šò•ŒŽs","212010166008","Ž­“‡’¬”ª’š–Ú","35.412848","136.730294","0","3"
"21","Šò•ŒŒ§","21201","Šò•ŒŽs","212010167000","””X’¬","35.420628","136.764652","0","1"
"21","Šò•ŒŒ§","21201","Šò•ŒŽs","212010168001","t“ú’¬ˆê’š–Ú","35.420302","136.753123","0","3"
"21","Šò•ŒŒ§","21201","Šò•ŒŽs","212010168002","t“ú’¬“ñ’š–Ú","35.420398","136.750911","0","3"
"21","Šò•ŒŒ§","21201","Šò•ŒŽs","212010169000","‰à’¬","35.416423","136.761712","0","1"
"21","Šò•ŒŒ§","21201","Šò•ŒŽs","212010170000","–å‰®","35.497068","136.833716","0","1"
"21","Šò•ŒŒ§","21201","Šò•ŒŽs","212010171000","–å‰®–å","35.499301","136.834789","0","1"
"21","Šò•ŒŒ§","21201","Šò•ŒŽs","212010172000","–å‰®¨ˆø","35.498531","136.832310","0","1"
"21","Šò•ŒŒ§","21201","Šò•ŒŽs","212010173000","–å‰®aã","35.499378","136.837389","0","1"
"21","Šò•ŒŒ§","21201","Šò•ŒŽs","212010174001","Žæ’¬ˆê’š–Ú","35.414691","136.736596","0","3"
"21","Šò•ŒŒ§","21201","Šò•ŒŽs","212010174002","Žæ’¬“ñ’š–Ú","35.413673","136.731742","0","3"
"21","Šò•ŒŒ§","21201","Šò•ŒŽs","212010174003","Žæ’¬ŽO’š–Ú","35.413516","136.730190","0","3"
"21","Šò•ŒŒ§","21201","Šò•ŒŽs","212010175000","‹à‰ª’¬","35.416033","136.755580","0","1"
"21","Šò•ŒŒ§","21201","Šò•ŒŽs","212010176001","‹à‰€’¬ˆê’š–Ú","35.417290","136.761032","0","3"
"21","Šò•ŒŒ§","21201","Šò•ŒŽs","212010176002","‹à‰€’¬“ñ’š–Ú","35.417209","136.762396","0","3"
"21","Šò•ŒŒ§","21201","Šò•ŒŽs","212010176003","‹à‰€’¬ŽO’š–Ú","35.417221","136.763913","0","3"
"21","Šò•ŒŒ§","21201","Šò•ŒŽs","212010176004","‹à‰€’¬Žl’š–Ú","35.417152","136.766140","0","3"
"21","Šò•ŒŒ§","21201","Šò•ŒŽs","212010176005","‹à‰€’¬ŒÜ’š–Ú","35.416948","136.768075","0","3"
"21","Šò•ŒŒ§","21201","Šò•ŒŽs","212010176006","‹à‰€’¬˜Z’š–Ú","35.416831","136.769566","0","3"
"21","Šò•ŒŒ§","21201","Šò•ŒŽs","212010176007","‹à‰€’¬Žµ’š–Ú","35.416906","136.771328","0","3"
"21","Šò•ŒŒ§","21201","Šò•ŒŽs","212010176008","‹à‰€’¬”ª’š–Ú","35.416944","136.773742","0","3"
"21","Šò•ŒŒ§","21201","Šò•ŒŽs","212010176009","‹à‰€’¬‹ã’š–Ú","35.416785","136.775840","0","3"
"21","Šò•ŒŒ§","21201","Šò•ŒŽs","212010176010","‹à‰€’¬\’š–Ú","35.416564","136.778640","0","3"
"21","Šò•ŒŒ§","21201","Šò•ŒŽs","212010177001","‹à‰®’¬ˆê’š–Ú","35.423035","136.763592","0","3"
"21","Šò•ŒŒ§","21201","Šò•ŒŽs","212010177002","‹à‰®’¬“ñ’š–Ú","35.422071","136.763476","0","3"
"21","Šò•ŒŒ§","21201","Šò•ŒŽs","212010178000","‹à‰®‰¡’¬","35.423246","136.764540","0","1"
"21","Šò•ŒŒ§","21201","Šò•ŒŽs","212010179000","‰Á–ì","35.459003","136.824239","0","1"
"21","Šò•ŒŒ§","21201","Šò•ŒŽs","212010180001","‰Á–ìˆê’š–Ú","35.467329","136.817388","0","3"
"21","Šò•ŒŒ§","21201","Šò•ŒŽs","212010180002","‰Á–ì“ñ’š–Ú","35.464800","136.821585","0","3"
"21","Šò•ŒŒ§","21201","Šò•ŒŽs","212010180003","‰Á–ìŽO’š–Ú","35.461940","136.823681","0","3"
"21","Šò•ŒŒ§","21201","Šò•ŒŽs","212010180004","‰Á–ìŽl’š–Ú","35.459824","136.828995","0","3"
"21","Šò•ŒŒ§","21201","Šò•ŒŽs","212010180005","‰Á–ìŒÜ’š–Ú","35.462621","136.827525","0","3"
"21","Šò•ŒŒ§","21201","Šò•ŒŽs","212010180006","‰Á–ì˜Z’š–Ú","35.466879","136.825551","0","3"
"21","Šò•ŒŒ§","21201","Šò•ŒŽs","212010180007","‰Á–ìŽµ’š–Ú","35.469790","136.826682","0","3"
"21","Šò•ŒŒ§","21201","Šò•ŒŽs","212010181001","‰Á”[Â“¡’¬ˆê’š–Ú","35.403916","136.752355","0","3"
"21","Šò•ŒŒ§","21201","Šò•ŒŽs","212010181002","‰Á”[Â“¡’¬“ñ’š–Ú","35.402468","136.751930","0","3"
"21","Šò•ŒŒ§","21201","Šò•ŒŽs","212010181003","‰Á”[Â“¡’¬ŽO’š–Ú","35.401141","136.751540","0","3"
"21","Šò•ŒŒ§","21201","Šò•ŒŽs","212010182001","‰Á”[’©“ú’¬ˆê’š–Ú","35.404014","136.758617","0","3"
"21","Šò•ŒŒ§","21201","Šò•ŒŽs","212010182002","‰Á”[’©“ú’¬“ñ’š–Ú","35.402754","136.757987","0","3"
"21","Šò•ŒŒ§","21201","Šò•ŒŽs","212010182003","‰Á”[’©“ú’¬ŽO’š–Ú","35.401400","136.757512","0","3"
"21","Šò•ŒŒ§","21201","Šò•ŒŽs","212010183000","‰Á”[ˆ¤“†’¬","35.409265","136.750538","0","1"
"21","Šò•ŒŒ§","21201","Šò•ŒŽs","212010184000","‰Á”[ˆÀ—Ç’¬","35.403898","136.767565","0","1"
"21","Šò•ŒŒ§","21201","Šò•ŒŽs","212010185000","‰Á”[”~“c’¬","35.397932","136.747742","0","1"
"21","Šò•ŒŒ§","21201","Šò•ŒŽs","212010186000","‰Á”[‘åÎ’¬","35.406386","136.761304","0","1"
"21","Šò•ŒŒ§","21201","Šò•ŒŽs","212010187000","‰Á”[‘åŽè’¬","35.403953","136.761957","0","1"
"21","Šò•ŒŒ§","21201","Šò•ŒŽs","212010188001","‰Á”[‰œ•½’¬ˆê’š–Ú","35.400475","136.754548","0","3"
"21","Šò•ŒŒ§","21201","Šò•ŒŽs","212010188002","‰Á”[‰œ•½’¬“ñ’š–Ú","35.398679","136.753343","0","3"
"21","Šò•ŒŒ§","21201","Šò•ŒŽs","212010189001","‰Á”[ã–{’¬ˆê’š–Ú","35.404222","136.760652","0","3"
"21","Šò•ŒŒ§","21201","Šò•ŒŽs","212010189002","‰Á”[ã–{’¬“ñ’š–Ú","35.404468","136.759754","0","3"
"21","Šò•ŒŒ§","21201","Šò•ŒŽs","212010189003","‰Á”[ã–{’¬ŽO’š–Ú","35.405069","136.757865","0","3"
"21","Šò•ŒŒ§","21201","Šò•ŒŽs","212010189004","‰Á”[ã–{’¬Žl’š–Ú","35.405538","136.756447","0","3"
"21","Šò•ŒŒ§","21201","Šò•ŒŽs","212010190000","‰Á”[–kL]’¬","35.408131","136.762448","0","1"
"21","Šò•ŒŒ§","21201","Šò•ŒŽs","212010191000","‰Á”[´“c’¬","35.407191","136.760831","0","1"
"21","Šò•ŒŒ§","21201","Šò•ŒŽs","212010192000","‰Á”[´–ì’¬","35.408312","136.757016","0","1"
"21","Šò•ŒŒ§","21201","Šò•ŒŽs","212010193000","‰Á”[ŒBˆä’¬","35.403379","136.760659","0","1"
"21","Šò•ŒŒ§","21201","Šò•ŒŽs","212010194001","‰Á”[•–Ø’¬ˆê’š–Ú","35.407865","136.749439","0","3"
"21","Šò•ŒŒ§","21201","Šò•ŒŽs","212010194002","‰Á”[•–Ø’¬“ñ’š–Ú","35.408034","136.748068","0","3"
"21","Šò•ŒŒ§","21201","Šò•ŒŽs","212010195001","‰Á”[Žõ’¬ˆê’š–Ú","35.405694","136.749782","0","3"
"21","Šò•ŒŒ§","21201","Šò•ŒŽs","212010195002","‰Á”[Žõ’¬“ñ’š–Ú","35.404383","136.749436","0","3"
"21","Šò•ŒŒ§","21201","Šò•ŒŽs","212010195003","‰Á”[Žõ’¬ŽO’š–Ú","35.403445","136.749303","0","3"
"21","Šò•ŒŒ§","21201","Šò•ŒŽs","212010195004","‰Á”[Žõ’¬Žl’š–Ú","35.402424","136.749087","0","3"
"21","Šò•ŒŒ§","21201","Šò•ŒŽs","212010195005","‰Á”[Žõ’¬ŒÜ’š–Ú","35.401466","136.748885","0","3"
"21","Šò•ŒŒ§","21201","Šò•ŒŽs","212010196000","‰Á”[âˆä’¬","35.409739","136.748448","0","1"
"21","Šò•ŒŒ§","21201","Šò•ŒŽs","212010197001","‰Á”[‰h’¬’Êˆê’š–Ú","35.408662","136.756483","0","3"
"21","Šò•ŒŒ§","21201","Šò•ŒŽs","212010197002","‰Á”[‰h’¬’Ê“ñ’š–Ú","35.407502","136.756004","0","3"
"21","Šò•ŒŒ§","21201","Šò•ŒŽs","212010197003","‰Á”[‰h’¬’ÊŽO’š–Ú","35.406363","136.755356","0","3"
"21","Šò•ŒŒ§","21201","Šò•ŒŽs","212010197004","‰Á”[‰h’¬’ÊŽl’š–Ú","35.405106","136.754521","0","3"
"21","Šò•ŒŒ§","21201","Šò•ŒŽs","212010197005","‰Á”[‰h’¬’ÊŒÜ’š–Ú","35.403714","136.754359","0","3"
"21","Šò•ŒŒ§","21201","Šò•ŒŽs","212010197006","‰Á”[‰h’¬’Ê˜Z’š–Ú","35.402262","136.753816","0","3"
"21","Šò•ŒŒ§","21201","Šò•ŒŽs","212010197007","‰Á”[‰h’¬’ÊŽµ’š–Ú","35.400714","136.753157","0","3"
"21","Šò•ŒŒ§","21201","Šò•ŒŽs","212010198001","‰Á”[÷“c’¬ˆê’š–Ú","35.405945","136.747843","0","3"
"21","Šò•ŒŒ§","21201","Šò•ŒŽs","212010198002","‰Á”[÷“c’¬“ñ’š–Ú","35.404165","136.747671","0","3"
"21","Šò•ŒŒ§","21201","Šò•ŒŽs","212010198003","‰Á”[÷“c’¬ŽO’š–Ú","35.402237","136.747733","0","3"
"21","Šò•ŒŒ§","21201","Šò•ŒŽs","212010199001","‰Á”[÷“¹ˆê’š–Ú","35.406659","136.759767","0","3"
"21","Šò•ŒŒ§","21201","Šò•ŒŽs","212010199002","‰Á”[÷“¹“ñ’š–Ú","35.405352","136.759258","0","3"
"21","Šò•ŒŒ§","21201","Šò•ŒŽs","212010200001","‰Á”[´…’¬ˆê’š–Ú","35.407095","136.756790","0","3"
"21","Šò•ŒŒ§","21201","Šò•ŒŽs","212010200002","‰Á”[´…’¬“ñ’š–Ú","35.407856","136.757671","0","3"
"21","Šò•ŒŒ§","21201","Šò•ŒŽs","212010200003","‰Á”[´…’¬ŽO’š–Ú","35.408681","136.757870","0","3"
"21","Šò•ŒŒ§","21201","Šò•ŒŽs","212010200004","‰Á”[´…’¬Žl’š–Ú","35.407990","136.758633","0","3"
"21","Šò•ŒŒ§","21201","Šò•ŒŽs","212010200005","‰Á”[´…’¬ŒÜ’š–Ú","35.408156","136.759571","0","3"
"21","Šò•ŒŒ§","21201","Šò•ŒŽs","212010201001","‰Á”[é“ì’Êˆê’š–Ú","35.398234","136.760194","0","3"
"21","Šò•ŒŒ§","21201","Šò•ŒŽs","212010201002","‰Á”[é“ì’Ê“ñ’š–Ú","35.398850","136.756607","0","3"
"21","Šò•ŒŒ§","21201","Šò•ŒŽs","212010201003","‰Á”[é“ì’ÊŽO’š–Ú","35.399667","136.752921","0","3"
"21","Šò•ŒŒ§","21201","Šò•ŒŽs","212010202001","‰Á”[V–{’¬ˆê’š–Ú","35.406105","136.753773","0","3"
"21","Šò•ŒŒ§","21201","Šò•ŒŽs","212010202002","‰Á”[V–{’¬“ñ’š–Ú","35.406620","136.752112","0","3"
"21","Šò•ŒŒ§","21201","Šò•ŒŽs","212010202003","‰Á”[V–{’¬ŽO’š–Ú","35.406693","136.750547","0","3"
"21","Šò•ŒŒ§","21201","Šò•ŒŽs","212010202004","‰Á”[V–{’¬Žl’š–Ú","35.406981","136.748595","0","3"
"21","Šò•ŒŒ§","21201","Šò•ŒŽs","212010203000","‰Á”[V’¬","35.405232","136.763757","0","1"
"21","Šò•ŒŒ§","21201","Šò•ŒŽs","212010204001","‰Á”[_–¾’¬ˆê’š–Ú","35.407475","136.750623","0","3"
"21","Šò•ŒŒ§","21201","Šò•ŒŽs","212010204002","‰Á”[_–¾’¬“ñ’š–Ú","35.405631","136.750396","0","3"
"21","Šò•ŒŒ§","21201","Šò•ŒŽs","212010204003","‰Á”[_–¾’¬ŽO’š–Ú","35.404372","136.750124","0","3"
"21","Šò•ŒŒ§","21201","Šò•ŒŽs","212010204004","‰Á”[_–¾’¬Žl’š–Ú","35.403310","136.749971","0","3"
"21","Šò•ŒŒ§","21201","Šò•ŒŽs","212010204005","‰Á”[_–¾’¬ŒÜ’š–Ú","35.402298","136.749729","0","3"
"21","Šò•ŒŒ§","21201","Šò•ŒŽs","212010204006","‰Á”[_–¾’¬˜Z’š–Ú","35.401491","136.749536","0","3"
"21","Šò•ŒŒ§","21201","Šò•ŒŽs","212010205000","‰Á”[V–ö’¬","35.405095","136.765694","0","1"
"21","Šò•ŒŒ§","21201","Šò•ŒŽs","212010206001","‰Á”[‘å•’¬ˆê’š–Ú","35.405098","136.753050","0","3"
"21","Šò•ŒŒ§","21201","Šò•ŒŽs","212010206002","‰Á”[‘å•’¬“ñ’š–Ú","35.403884","136.753278","0","3"
"21","Šò•ŒŒ§","21201","Šò•ŒŽs","212010206003","‰Á”[‘å•’¬ŽO’š–Ú","35.402476","136.752805","0","3"
"21","Šò•ŒŒ§","21201","Šò•ŒŽs","212010206004","‰Á”[‘å•’¬Žl’š–Ú","35.401540","136.752520","0","3"
"21","Šò•ŒŒ§","21201","Šò•ŒŽs","212010206005","‰Á”[‘å•’¬ŒÜ’š–Ú","35.400534","136.752213","0","3"
"21","Šò•ŒŒ§","21201","Šò•ŒŽs","212010206006","‰Á”[‘å•’¬˜Z’š–Ú","35.399192","136.751917","0","3"
"21","Šò•ŒŒ§","21201","Šò•ŒŽs","212010207000","‰Á”[‘é ’¬","35.397031","136.757065","0","1"
"21","Šò•ŒŒ§","21201","Šò•ŒŽs","212010208001","‰Á”[‚–ö’¬ˆê’š–Ú","35.404231","136.751074","0","3"
"21","Šò•ŒŒ§","21201","Šò•ŒŽs","212010208002","‰Á”[‚–ö’¬“ñ’š–Ú","35.403091","136.750745","0","3"
"21","Šò•ŒŒ§","21201","Šò•ŒŽs","212010208003","‰Á”[‚–ö’¬ŽO’š–Ú","35.402199","136.750414","0","3"
"21","Šò•ŒŒ§","21201","Šò•ŒŽs","212010208004","‰Á”[‚–ö’¬Žl’š–Ú","35.401276","136.750144","0","3"
"21","Šò•ŒŒ§","21201","Šò•ŒŽs","212010209000","‰Á”[—§‰Ô’¬","35.397877","136.748868","0","1"
"21","Šò•ŒŒ§","21201","Šò•ŒŽs","212010210001","‰Á”[“S–C’¬ˆê’š–Ú","35.404257","136.757281","0","3"
"21","Šò•ŒŒ§","21201","Šò•ŒŽs","212010210002","‰Á”[“S–C’¬“ñ’š–Ú","35.403079","136.756681","0","3"
"21","Šò•ŒŒ§","21201","Šò•ŒŽs","212010210003","‰Á”[“S–C’¬ŽO’š–Ú","35.401703","136.756120","0","3"
"21","Šò•ŒŒ§","21201","Šò•ŒŽs","212010210004","‰Á”[“S–C’¬Žl’š–Ú","35.400185","136.755522","0","3"
"21","Šò•ŒŒ§","21201","Šò•ŒŽs","212010210005","‰Á”[“S–C’¬ŒÜ’š–Ú","35.397717","136.754266","0","3"
"21","Šò•ŒŒ§","21201","Šò•ŒŽs","212010211001","‰Á”[“V_’¬ˆê’š–Ú","35.405465","136.761309","0","3"
"21","Šò•ŒŒ§","21201","Šò•ŒŽs","212010211002","‰Á”[“V_’¬“ñ’š–Ú","35.406097","136.760512","0","3"
"21","Šò•ŒŒ§","21201","Šò•ŒŽs","212010211003","‰Á”[“V_’¬ŽO’š–Ú","35.406451","136.758976","0","3"
"21","Šò•ŒŒ§","21201","Šò•ŒŽs","212010211004","‰Á”[“V_’¬Žl’š–Ú","35.406878","136.757865","0","3"
"21","Šò•ŒŒ§","21201","Šò•ŒŽs","212010211005","‰Á”[“V_’¬ŒÜ’š–Ú","35.407424","136.754930","0","3"
"21","Šò•ŒŒ§","21201","Šò•ŒŽs","212010212000","‰Á”[“Œ—z’¬","35.406023","136.764246","0","1"
"21","Šò•ŒŒ§","21201","Šò•ŒŽs","212010213000","‰Á”[“¿ì’¬","35.406867","136.761549","0","1"
"21","Šò•ŒŒ§","21201","Šò•ŒŽs","212010214001","‰Á”[‰iˆä’¬ˆê’š–Ú","35.404651","136.756048","0","3"
"21","Šò•ŒŒ§","21201","Šò•ŒŽs","212010214002","‰Á”[‰iˆä’¬“ñ’š–Ú","35.403422","136.755421","0","3"
"21","Šò•ŒŒ§","21201","Šò•ŒŽs","212010214003","‰Á”[‰iˆä’¬ŽO’š–Ú","35.402008","136.754913","0","3"
"21","Šò•ŒŒ§","21201","Šò•ŒŽs","212010215000","‰Á”[’†L]’¬","35.407021","136.762591","0","1"
"21","Šò•ŒŒ§","21201","Šò•ŒŽs","212010216001","‰Á”[’·“–xˆê’š–Ú","35.403569","136.759537","0","3"
"21","Šò•ŒŒ§","21201","Šò•ŒŽs","212010216002","‰Á”[’·“–x“ñ’š–Ú","35.402258","136.759016","0","3"
"21","Šò•ŒŒ§","21201","Šò•ŒŽs","212010216003","‰Á”[’·“–xŽO’š–Ú","35.400928","136.758654","0","3"
"21","Šò•ŒŒ§","21201","Šò•ŒŽs","212010216004","‰Á”[’·“–xŽl’š–Ú","35.399598","136.757959","0","3"
"21","Šò•ŒŒ§","21201","Šò•ŒŽs","212010217001","‰Á”[“ì—z’¬ˆê’š–Ú","35.397445","136.753174","0","3"
"21","Šò•ŒŒ§","21201","Šò•ŒŽs","212010217002","‰Á”[“ì—z’¬“ñ’š–Ú","35.397744","136.751813","0","3"
"21","Šò•ŒŒ§","21201","Šò•ŒŽs","212010217003","‰Á”[“ì—z’¬ŽO’š–Ú","35.398055","136.750234","0","3"
"21","Šò•ŒŒ§","21201","Šò•ŒŽs","212010218001","‰Á”[¼L]’¬ˆê’š–Ú","35.408702","136.761329","0","3"
"21","Šò•ŒŒ§","21201","Šò•ŒŽs","212010218002","‰Á”[¼L]’¬“ñ’š–Ú","35.408125","136.761075","0","3"
"21","Šò•ŒŒ§","21201","Šò•ŒŽs","212010219001","‰Á”[¼ŠÛ’¬ˆê’š–Ú","35.401838","136.760963","0","3"
"21","Šò•ŒŒ§","21201","Šò•ŒŽs","212010219002","‰Á”[¼ŠÛ’¬“ñ’š–Ú","35.399718","136.759014","0","3"
"21","Šò•ŒŒ§","21201","Šò•ŒŽs","212010220000","‰Á”[¼ŽR’¬","35.398088","136.748234","0","1"
"21","Šò•ŒŒ§","21201","Šò•ŒŽs","212010221000","‰Á”[“ñ”VŠÛ","35.400780","136.762033","0","1"
"21","Šò•ŒŒ§","21201","Šò•ŒŽs","212010222000","‰Á”[”ª”¦’¬","35.402877","136.767954","0","1"
"21","Šò•ŒŒ§","21201","Šò•ŒŽs","212010223000","‰Á”[‰Ôƒm–Ø’¬","35.397060","136.755380","0","1"
"21","Šò•ŒŒ§","21201","Šò•ŒŽs","212010224000","‰Á”[“ŒL]’¬","35.407126","136.763646","0","1"
"21","Šò•ŒŒ§","21201","Šò•ŒŽs","212010225001","‰Á”[“ŒŠÛ’¬ˆê’š–Ú","35.404346","136.763202","0","3"
"21","Šò•ŒŒ§","21201","Šò•ŒŽs","212010225002","‰Á”[“ŒŠÛ’¬“ñ’š–Ú","35.402824","136.764252","0","3"
"21","Šò•ŒŒ§","21201","Šò•ŒŽs","212010226000","‰Á”[•H–ì’¬","35.408117","136.755175","0","1"
"21","Šò•ŒŒ§","21201","Šò•ŒŽs","212010227001","‰Á”[•xŽm’¬ˆê’š–Ú","35.408717","136.755346","0","3"
"21","Šò•ŒŒ§","21201","Šò•ŒŽs","212010227002","‰Á”[•xŽm’¬“ñ’š–Ú","35.409211","136.755113","0","3"
"21","Šò•ŒŒ§","21201","Šò•ŒŽs","212010227003","‰Á”[•xŽm’¬ŽO’š–Ú","35.409636","136.753146","0","3"
"21","Šò•ŒŒ§","21201","Šò•ŒŽs","212010228000","‰Á”[•šŒ©’¬","35.408170","136.754236","0","1"
"21","Šò•ŒŒ§","21201","Šò•ŒŽs","212010229000","‰Á”[M“c’¬","35.396774","136.759549","0","1"
"21","Šò•ŒŒ§","21201","Šò•ŒŽs","212010230001","‰Á”[–x“c’¬ˆê’š–Ú","35.399397","136.750655","0","3"
"21","Šò•ŒŒ§","21201","Šò•ŒŽs","212010230002","‰Á”[–x“c’¬“ñ’š–Ú","35.399633","136.748768","0","3"
"21","Šò•ŒŒ§","21201","Šò•ŒŽs","212010231001","‰Á”[–{Î’¬ˆê’š–Ú","35.405783","136.749143","0","3"
"21","Šò•ŒŒ§","21201","Šò•ŒŽs","212010231002","‰Á”[–{Î’¬“ñ’š–Ú","35.404562","136.748886","0","3"
"21","Šò•ŒŒ§","21201","Šò•ŒŽs","212010231003","‰Á”[–{Î’¬ŽO’š–Ú","35.403536","136.748665","0","3"
"21","Šò•ŒŒ§","21201","Šò•ŒŽs","212010231004","‰Á”[–{Î’¬Žl’š–Ú","35.402519","136.748392","0","3"
"21","Šò•ŒŒ§","21201","Šò•ŒŽs","212010231005","‰Á”[–{Î’¬ŒÜ’š–Ú","35.401631","136.748254","0","3"
"21","Šò•ŒŒ§","21201","Šò•ŒŽs","212010232001","‰Á”[–{’¬ˆê’š–Ú","35.404650","136.761140","0","3"
"21","Šò•ŒŒ§","21201","Šò•ŒŽs","212010232002","‰Á”[–{’¬“ñ’š–Ú","35.405107","136.759990","0","3"
"21","Šò•ŒŒ§","21201","Šò•ŒŽs","212010232003","‰Á”[–{’¬ŽO’š–Ú","35.405619","136.758418","0","3"
"21","Šò•ŒŒ§","21201","Šò•ŒŽs","212010232004","‰Á”[–{’¬Žl’š–Ú","35.405980","136.757333","0","3"
"21","Šò•ŒŒ§","21201","Šò•ŒŽs","212010232005","‰Á”[–{’¬ŒÜ’š–Ú","35.406271","136.756195","0","3"
"21","Šò•ŒŒ§","21201","Šò•ŒŽs","212010232006","‰Á”[–{’¬˜Z’š–Ú","35.406864","136.754323","0","3"
"21","Šò•ŒŒ§","21201","Šò•ŒŽs","212010232007","‰Á”[–{’¬Žµ’š–Ú","35.407274","136.752940","0","3"
"21","Šò•ŒŒ§","21201","Šò•ŒŽs","212010232008","‰Á”[–{’¬”ª’š–Ú","35.407979","136.751050","0","3"
"21","Šò•ŒŒ§","21201","Šò•ŒŽs","212010232009","‰Á”[–{’¬‹ã’š–Ú","35.408857","136.748634","0","3"
"21","Šò•ŒŒ§","21201","Šò•ŒŽs","212010233000","‰Á”[‘O“c’¬","35.405498","136.750872","0","1"
"21","Šò•ŒŒ§","21201","Šò•ŒŽs","212010234000","‰Á”[ŠÛ”V“à","35.399563","136.761175","0","1"
"21","Šò•ŒŒ§","21201","Šò•ŒŽs","212010235001","‰Á”[ŽOŠ}’¬ˆê’š–Ú","35.405902","136.748520","0","3"
"21","Šò•ŒŒ§","21201","Šò•ŒŽs","212010235002","‰Á”[ŽOŠ}’¬“ñ’š–Ú","35.404133","136.748302","0","3"
"21","Šò•ŒŒ§","21201","Šò•ŒŽs","212010236000","‰Á”[ŒäŽÔ’¬","35.396957","136.758047","0","1"
"21","Šò•ŒŒ§","21201","Šò•ŒŽs","212010237001","‰Á”[…–ì’¬ˆê’š–Ú","35.409259","136.753010","0","3"
"21","Šò•ŒŒ§","21201","Šò•ŒŽs","212010237002","‰Á”[…–ì’¬“ñ’š–Ú","35.408816","136.752885","0","3"
"21","Šò•ŒŒ§","21201","Šò•ŒŽs","212010237003","‰Á”[…–ì’¬ŽO’š–Ú","35.408676","136.751908","0","3"
"21","Šò•ŒŒ§","21201","Šò•ŒŽs","212010237004","‰Á”[…–ì’¬Žl’š–Ú","35.408059","136.753163","0","3"
"21","Šò•ŒŒ§","21201","Šò•ŒŽs","212010237005","‰Á”[…–ì’¬ŒÜ’š–Ú","35.407852","136.753680","0","3"
"21","Šò•ŒŒ§","21201","Šò•ŒŽs","212010238000","‰Á”[“ìL]’¬","35.405841","136.762442","0","1"
"21","Šò•ŒŒ§","21201","Šò•ŒŽs","212010239001","‰Á”[‘º¼’¬ˆê’š–Ú","35.405239","136.751889","0","3"
"21","Šò•ŒŒ§","21201","Šò•ŒŽs","212010239002","‰Á”[‘º¼’¬“ñ’š–Ú","35.403571","136.751722","0","3"
"21","Šò•ŒŒ§","21201","Šò•ŒŽs","212010239003","‰Á”[‘º¼’¬ŽO’š–Ú","35.402187","136.751130","0","3"
"21","Šò•ŒŒ§","21201","Šò•ŒŽs","212010239004","‰Á”[‘º¼’¬Žl’š–Ú","35.401213","136.750829","0","3"
"21","Šò•ŒŒ§","21201","Šò•ŒŽs","212010240000","‰Á”[–ö’¬","35.404377","136.765189","0","1"
"21","Šò•ŒŒ§","21201","Šò•ŒŽs","212010241001","‰Á”[–îê’¬ˆê’š–Ú","35.399974","136.756594","0","3"
"21","Šò•ŒŒ§","21201","Šò•ŒŽs","212010241002","‰Á”[–îê’¬“ñ’š–Ú","35.398150","136.756103","0","3"
"21","Šò•ŒŒ§","21201","Šò•ŒŽs","212010242001","‰Á”[—³‹»’¬ˆê’š–Ú","35.400235","136.750708","0","3"
"21","Šò•ŒŒ§","21201","Šò•ŒŽs","212010242002","‰Á”[—³‹»’¬“ñ’š–Ú","35.400559","136.749555","0","3"
"21","Šò•ŒŒ§","21201","Šò•ŒŽs","212010242003","‰Á”[—³‹»’¬ŽO’š–Ú","35.400853","136.748157","0","3"
"21","Šò•ŒŒ§","21201","Šò•ŒŽs","212010243000","•“é’¬","35.416460","136.758848","0","1"
"21","Šò•ŒŒ§","21201","Šò•ŒŽs","212010244000","Š˜Î“´","35.433505","136.793087","0","1"
"21","Šò•ŒŒ§","21201","Šò•ŒŽs","212010245000","ãŠHŒ©","35.460686","136.841803","0","1"
"21","Šò•ŒŒ§","21201","Šò•ŒŽs","212010246000","ã‘å‹v˜a’¬","35.433519","136.768888","0","1"
"21","Šò•ŒŒ§","21201","Šò•ŒŽs","212010247001","ã‘¾“c’¬ˆê’š–Ú","35.424836","136.762983","0","3"
"21","Šò•ŒŒ§","21201","Šò•ŒŽs","212010247002","ã‘¾“c’¬“ñ’š–Ú","35.424252","136.762955","0","3"
"21","Šò•ŒŒ§","21201","Šò•ŒŽs","212010248000","ã‰Á”[ŽR","35.422347","136.770281","0","1"
"21","Šò•ŒŒ§","21201","Šò•ŒŽs","212010249000","ãìŽè","35.403405","136.775329","0","1"
"21","Šò•ŒŒ§","21201","Šò•ŒŽs","212010250000","ãé“cŽ›’†","35.471363","136.744595","0","1"
"21","Šò•ŒŒ§","21201","Šò•ŒŽs","212010251000","ãé“cŽ›¼","35.471669","136.740995","0","1"
"21","Šò•ŒŒ§","21201","Šò•ŒŽs","212010252000","ãé“cŽ›“Œ","35.469390","136.749124","0","1"
"21","Šò•ŒŒ§","21201","Šò•ŒŽs","212010253000","ãé“cŽ›“ì","35.466840","136.742313","0","1"
"21","Šò•ŒŒ§","21201","Šò•ŒŽs","212010254000","ã¼‹½","35.475225","136.685726","0","1"
"21","Šò•ŒŒ§","21201","Šò•ŒŽs","212010255001","ã¼‹½ˆê’š–Ú","35.475575","136.697750","0","3"
"21","Šò•ŒŒ§","21201","Šò•ŒŽs","212010255002","ã¼‹½“ñ’š–Ú","35.475765","136.694408","0","3"
"21","Šò•ŒŒ§","21201","Šò•ŒŽs","212010255003","ã¼‹½ŽO’š–Ú","35.473742","136.690212","0","3"
"21","Šò•ŒŒ§","21201","Šò•ŒŽs","212010255004","ã¼‹½Žl’š–Ú","35.476507","136.691578","0","3"
"21","Šò•ŒŒ§","21201","Šò•ŒŽs","212010255005","ã¼‹½ŒÜ’š–Ú","35.476501","136.688175","0","3"
"21","Šò•ŒŒ§","21201","Šò•ŒŽs","212010255006","ã¼‹½˜Z’š–Ú","35.480049","136.695970","0","3"
"21","Šò•ŒŒ§","21201","Šò•ŒŽs","212010255007","ã¼‹½Žµ’š–Ú","35.480600","136.691897","0","3"
"21","Šò•ŒŒ§","21201","Šò•ŒŽs","212010255008","ã¼‹½”ª’š–Ú","35.480626","136.687182","0","3"
"21","Šò•ŒŒ§","21201","Šò•ŒŽs","212010255009","ã¼‹½‹ã’š–Ú","35.480826","136.699353","0","3"
"21","Šò•ŒŒ§","21201","Šò•ŒŽs","212010256000","ãÞ–Ø’¬","35.437042","136.773210","0","1"
"21","Šò•ŒŒ§","21201","Šò•ŒŽs","212010257000","ãK–Ñ”ª”¦","35.443482","136.706277","0","1"
"21","Šò•ŒŒ§","21201","Šò•ŒŽs","212010258000","ãK–Ñ“ú‹g","35.443792","136.710600","0","1"
"21","Šò•ŒŒ§","21201","Šò•ŒŽs","212010259000","ãV’¬","35.432675","136.768704","0","1"
"21","Šò•ŒŒ§","21201","Šò•ŒŽs","212010260000","ã’|’¬","35.427085","136.763804","0","1"
"21","Šò•ŒŒ§","21201","Šò•ŒŽs","212010261000","ã’|‰®’¬","35.431243","136.766212","0","1"
"21","Šò•ŒŒ§","21201","Šò•ŒŽs","212010262000","ã’ƒ‰®’¬","35.434971","136.770836","0","1"
"21","Šò•ŒŒ§","21201","Šò•ŒŽs","212010263000","ã“y‹","35.461472","136.764288","0","1"
"21","Šò•ŒŒ§","21201","Šò•ŒŽs","212010264001","ã“y‹ˆê’š–Ú","35.454976","136.765473","0","3"
"21","Šò•ŒŒ§","21201","Šò•ŒŽs","212010264002","ã“y‹“ñ’š–Ú","35.455178","136.760574","0","3"
"21","Šò•ŒŒ§","21201","Šò•ŒŽs","212010264003","ã“y‹ŽO’š–Ú","35.457564","136.761948","0","3"
"21","Šò•ŒŒ§","21201","Šò•ŒŽs","212010264004","ã“y‹Žl’š–Ú","35.458736","136.765379","0","3"
"21","Šò•ŒŒ§","21201","Šò•ŒŽs","212010265001","_Žº’¬ˆê’š–Ú","35.417958","136.758974","0","3"
"21","Šò•ŒŒ§","21201","Šò•ŒŽs","212010265002","_Žº’¬“ñ’š–Ú","35.417939","136.757784","0","3"
"21","Šò•ŒŒ§","21201","Šò•ŒŽs","212010265003","_Žº’¬ŽO’š–Ú","35.417906","136.756018","0","3"
"21","Šò•ŒŒ§","21201","Šò•ŒŽs","212010265004","_Žº’¬Žl’š–Ú","35.418035","136.754653","0","3"
"21","Šò•ŒŒ§","21201","Šò•ŒŽs","212010265005","_Žº’¬ŒÜ’š–Ú","35.418180","136.753510","0","3"
"21","Šò•ŒŒ§","21201","Šò•ŒŽs","212010266001","Šžê–k’¬ˆê’š–Ú","35.438135","136.731010","0","3"
"21","Šò•ŒŒ§","21201","Šò•ŒŽs","212010266002","Šžê–k’¬“ñ’š–Ú","35.438957","136.730751","0","3"
"21","Šò•ŒŒ§","21201","Šò•ŒŽs","212010266003","Šžê–k’¬ŽO’š–Ú","35.439693","136.730612","0","3"
"21","Šò•ŒŒ§","21201","Šò•ŒŽs","212010267001","Šžê’¬ˆê’š–Ú","35.435554","136.731699","0","3"
"21","Šò•ŒŒ§","21201","Šò•ŒŽs","212010267002","Šžê’¬“ñ’š–Ú","35.435650","136.732989","0","3"
"21","Šò•ŒŒ§","21201","Šò•ŒŽs","212010267003","Šžê’¬ŽO’š–Ú","35.436804","136.732067","0","3"
"21","Šò•ŒŒ§","21201","Šò•ŒŽs","212010267004","Šžê’¬Žl’š–Ú","35.437222","136.730589","0","3"
"21","Šò•ŒŒ§","21201","Šò•ŒŽs","212010268001","Šžê“Œ’¬ˆê’š–Ú","35.435844","136.735011","0","3"
"21","Šò•ŒŒ§","21201","Šò•ŒŽs","212010268002","Šžê“Œ’¬“ñ’š–Ú","35.436382","136.734812","0","3"
"21","Šò•ŒŒ§","21201","Šò•ŒŽs","212010268003","Šžê“Œ’¬ŽO’š–Ú","35.436817","136.734597","0","3"
"21","Šò•ŒŒ§","21201","Šò•ŒŽs","212010268004","Šžê“Œ’¬Žl’š–Ú","35.437231","136.734416","0","3"
"21","Šò•ŒŒ§","21201","Šò•ŒŽs","212010268005","Šžê“Œ’¬ŒÜ’š–Ú","35.437609","136.733993","0","3"
"21","Šò•ŒŒ§","21201","Šò•ŒŽs","212010268006","Šžê“Œ’¬˜Z’š–Ú","35.438100","136.733902","0","3"
"21","Šò•ŒŒ§","21201","Šò•ŒŽs","212010268007","Šžê“Œ’¬Žµ’š–Ú","35.438494","136.733569","0","3"
"21","Šò•ŒŒ§","21201","Šò•ŒŽs","212010268008","Šžê“Œ’¬”ª’š–Ú","35.438978","136.733598","0","3"
"21","Šò•ŒŒ§","21201","Šò•ŒŽs","212010268009","Šžê“Œ’¬‹ã’š–Ú","35.439390","136.733375","0","3"
"21","Šò•ŒŒ§","21201","Šò•ŒŽs","212010268010","Šžê“Œ’¬\’š–Ú","35.439991","136.733175","0","3"
"21","Šò•ŒŒ§","21201","Šò•ŒŽs","212010269001","Šžê“ìˆê’š–Ú","35.432880","136.733282","0","3"
"21","Šò•ŒŒ§","21201","Šò•ŒŽs","212010269002","Šžê“ì“ñ’š–Ú","35.434052","136.729808","0","3"
"21","Šò•ŒŒ§","21201","Šò•ŒŽs","212010269003","Šžê“ìŽO’š–Ú","35.434470","136.732715","0","3"
"21","Šò•ŒŒ§","21201","Šò•ŒŽs","212010270000","‰Ø—z","35.408939","136.769661","0","1"
"21","Šò•ŒŒ§","21201","Šò•ŒŽs","212010271000","ì’[’¬","35.422237","136.762179","0","1"
"21","Šò•ŒŒ§","21201","Šò•ŒŽs","212010272001","ì•”ˆê’š–Ú","35.440583","136.707607","0","3"
"21","Šò•ŒŒ§","21201","Šò•ŒŽs","212010272002","ì•”“ñ’š–Ú","35.438047","136.707739","0","3"
"21","Šò•ŒŒ§","21201","Šò•ŒŽs","212010272003","ì•”ŽO’š–Ú","35.434954","136.708716","0","3"
"21","Šò•ŒŒ§","21201","Šò•ŒŽs","212010272004","ì•”Žl’š–Ú","35.434962","136.711596","0","3"
"21","Šò•ŒŒ§","21201","Šò•ŒŽs","212010272005","ì•”ŒÜ’š–Ú","35.437809","136.711386","0","3"
"21","Šò•ŒŒ§","21201","Šò•ŒŽs","212010272006","ì•”˜Z’š–Ú","35.440164","136.710750","0","3"
"21","Šò•ŒŒ§","21201","Šò•ŒŽs","212010273001","_“c’¬ˆê’š–Ú","35.421938","136.760927","0","3"
"21","Šò•ŒŒ§","21201","Šò•ŒŽs","212010273002","_“c’¬“ñ’š–Ú","35.420662","136.760827","0","3"
"21","Šò•ŒŒ§","21201","Šò•ŒŽs","212010273003","_“c’¬ŽO’š–Ú","35.419465","136.760337","0","3"
"21","Šò•ŒŒ§","21201","Šò•ŒŽs","212010273004","_“c’¬Žl’š–Ú","35.418564","136.760259","0","3"
"21","Šò•ŒŒ§","21201","Šò•ŒŽs","212010273005","_“c’¬ŒÜ’š–Ú","35.417666","136.760069","0","3"
"21","Šò•ŒŒ§","21201","Šò•ŒŽs","212010273006","_“c’¬˜Z’š–Ú","35.416145","136.759977","0","3"
"21","Šò•ŒŒ§","21201","Šò•ŒŽs","212010273007","_“c’¬Žµ’š–Ú","35.414228","136.759733","0","3"
"21","Šò•ŒŒ§","21201","Šò•ŒŽs","212010273008","_“c’¬”ª’š–Ú","35.412812","136.759637","0","3"
"21","Šò•ŒŒ§","21201","Šò•ŒŽs","212010273009","_“c’¬‹ã’š–Ú","35.411224","136.759416","0","3"
"21","Šò•ŒŒ§","21201","Šò•ŒŽs","212010274001","‹_‰€ˆê’š–Ú","35.456393","136.837535","0","3"
"21","Šò•ŒŒ§","21201","Šò•ŒŽs","212010274002","‹_‰€“ñ’š–Ú","35.456028","136.841297","0","3"
"21","Šò•ŒŒ§","21201","Šò•ŒŽs","212010274003","‹_‰€ŽO’š–Ú","35.455204","136.843028","0","3"
"21","Šò•ŒŒ§","21201","Šò•ŒŽs","212010275000","‹eˆä’¬","35.414020","136.730641","0","1"
"21","Šò•ŒŒ§","21201","Šò•ŒŽs","212010276001","‹e…’¬ˆê’š–Ú","35.445157","136.772104","0","3"
"21","Šò•ŒŒ§","21201","Šò•ŒŽs","212010276002","‹e…’¬“ñ’š–Ú","35.445589","136.768197","0","3"
"21","Šò•ŒŒ§","21201","Šò•ŒŽs","212010277001","‹e’n’¬ˆê’š–Ú","35.408383","136.746278","0","3"
"21","Šò•ŒŒ§","21201","Šò•ŒŽs","212010277002","‹e’n’¬“ñ’š–Ú","35.407443","136.746288","0","3"
"21","Šò•ŒŒ§","21201","Šò•ŒŽs","212010277003","‹e’n’¬ŽO’š–Ú","35.406754","136.746287","0","3"
"21","Šò•ŒŒ§","21201","Šò•ŒŽs","212010277004","‹e’n’¬Žl’š–Ú","35.406277","136.746292","0","3"
"21","Šò•ŒŒ§","21201","Šò•ŒŽs","212010277005","‹e’n’¬ŒÜ’š–Ú","35.405606","136.746296","0","3"
"21","Šò•ŒŒ§","21201","Šò•ŒŽs","212010278001","”@ŒŽ’¬ˆê’š–Ú","35.414329","136.744744","0","3"
"21","Šò•ŒŒ§","21201","Šò•ŒŽs","212010278002","”@ŒŽ’¬“ñ’š–Ú","35.413827","136.743211","0","3"
"21","Šò•ŒŒ§","21201","Šò•ŒŽs","212010278003","”@ŒŽ’¬ŽO’š–Ú","35.413403","136.741993","0","3"
"21","Šò•ŒŒ§","21201","Šò•ŒŽs","212010278004","”@ŒŽ’¬Žl’š–Ú","35.413041","136.740758","0","3"
"21","Šò•ŒŒ§","21201","Šò•ŒŽs","212010278005","”@ŒŽ’¬ŒÜ’š–Ú","35.412732","136.739433","0","3"
"21","Šò•ŒŒ§","21201","Šò•ŒŽs","212010278006","”@ŒŽ’¬˜Z’š–Ú","35.412147","136.736494","0","3"
"21","Šò•ŒŒ§","21201","Šò•ŒŽs","212010279000","–Ø“c","35.442213","136.724516","0","1"
"21","Šò•ŒŒ§","21201","Šò•ŒŽs","212010280001","–Ø“cˆê’š–Ú","35.445808","136.715606","0","3"
"21","Šò•ŒŒ§","21201","Šò•ŒŽs","212010280002","–Ø“c“ñ’š–Ú","35.446966","136.719047","0","3"
"21","Šò•ŒŒ§","21201","Šò•ŒŽs","212010280003","–Ø“cŽO’š–Ú","35.446854","136.721551","0","3"
"21","Šò•ŒŒ§","21201","Šò•ŒŽs","212010280004","–Ø“cŽl’š–Ú","35.447360","136.725055","0","3"
"21","Šò•ŒŒ§","21201","Šò•ŒŽs","212010280005","–Ø“cŒÜ’š–Ú","35.452751","136.721576","0","3"
"21","Šò•ŒŒ§","21201","Šò•ŒŽs","212010281000","é“cŽ›","35.467700","136.747191","0","1"
"21","Šò•ŒŒ§","21201","Šò•ŒŽs","212010282001","–kˆêFˆê’š–Ú","35.420037","136.788637","0","3"
"21","Šò•ŒŒ§","21201","Šò•ŒŽs","212010282002","–kˆêF“ñ’š–Ú","35.414914","136.786996","0","3"
"21","Šò•ŒŒ§","21201","Šò•ŒŽs","212010282003","–kˆêFŽO’š–Ú","35.411649","136.786781","0","3"
"21","Šò•ŒŒ§","21201","Šò•ŒŽs","212010282004","–kˆêFŽl’š–Ú","35.408512","136.788866","0","3"
"21","Šò•ŒŒ§","21201","Šò•ŒŽs","212010282005","–kˆêFŒÜ’š–Ú","35.411786","136.790520","0","3"
"21","Šò•ŒŒ§","21201","Šò•ŒŽs","212010282006","–kˆêF˜Z’š–Ú","35.415204","136.790729","0","3"
"21","Šò•ŒŒ§","21201","Šò•ŒŽs","212010282007","–kˆêFŽµ’š–Ú","35.419403","136.793395","0","3"
"21","Šò•ŒŒ§","21201","Šò•ŒŽs","212010282008","–kˆêF”ª’š–Ú","35.416949","136.795075","0","3"
"21","Šò•ŒŒ§","21201","Šò•ŒŽs","212010282009","–kˆêF‹ã’š–Ú","35.415051","136.795046","0","3"
"21","Šò•ŒŒ§","21201","Šò•ŒŽs","212010282010","–kˆêF\’š–Ú","35.411109","136.794861","0","3"
"21","Šò•ŒŒ§","21201","Šò•ŒŽs","212010283001","–kêGˆê’š–Ú","35.387955","136.730124","0","3"
"21","Šò•ŒŒ§","21201","Šò•ŒŽs","212010283002","–kêG“ñ’š–Ú","35.386657","136.728068","0","3"
"21","Šò•ŒŒ§","21201","Šò•ŒŽs","212010283003","–kêGŽO’š–Ú","35.384398","136.725440","0","3"
"21","Šò•ŒŒ§","21201","Šò•ŒŽs","212010283004","–kêGŽl’š–Ú","35.381782","136.721263","0","3"
"21","Šò•ŒŒ§","21201","Šò•ŒŽs","212010283005","–kêGŒÜ’š–Ú","35.379476","136.717184","0","3"
"21","Šò•ŒŒ§","21201","Šò•ŒŽs","212010284000","–kŠ`ƒP£","35.449552","136.730930","0","1"
"21","Šò•ŒŒ§","21201","Šò•ŒŽs","212010285000","–kŠ˜ƒP“´","35.430405","136.782443","0","1"
"21","Šò•ŒŒ§","21201","Šò•ŒŽs","212010286000","–k“‚ŒË“´","35.429100","136.779435","0","1"
"21","Šò•ŒŒ§","21201","Šò•ŒŽs","212010287001","–k“‡ˆê’š–Ú","35.427672","136.730098","0","3"
"21","Šò•ŒŒ§","21201","Šò•ŒŽs","212010287002","–k“‡“ñ’š–Ú","35.428231","136.727921","0","3"
"21","Šò•ŒŒ§","21201","Šò•ŒŽs","212010287003","–k“‡ŽO’š–Ú","35.428328","136.725892","0","3"
"21","Šò•ŒŒ§","21201","Šò•ŒŽs","212010287004","–k“‡Žl’š–Ú","35.431826","136.726759","0","3"
"21","Šò•ŒŒ§","21201","Šò•ŒŽs","212010287005","–k“‡ŒÜ’š–Ú","35.430442","136.727974","0","3"
"21","Šò•ŒŒ§","21201","Šò•ŒŽs","212010287006","–k“‡˜Z’š–Ú","35.429933","136.731383","0","3"
"21","Šò•ŒŒ§","21201","Šò•ŒŽs","212010287007","–k“‡Žµ’š–Ú","35.429495","136.734495","0","3"
"21","Šò•ŒŒ§","21201","Šò•ŒŽs","212010287008","–k“‡”ª’š–Ú","35.431262","136.732493","0","3"
"21","Šò•ŒŒ§","21201","Šò•ŒŽs","212010287009","–k“‡‹ã’š–Ú","35.432192","136.729194","0","3"
"21","Šò•ŒŒ§","21201","Šò•ŒŽs","212010288000","–k–ìˆ¢Œ´","35.515853","136.822136","0","1"
"21","Šò•ŒŒ§","21201","Šò•ŒŽs","212010289000","–k–ì–k","35.513887","136.831144","0","1"
"21","Šò•ŒŒ§","21201","Šò•ŒŽs","212010290000","–k–ì¼","35.505848","136.828616","0","1"
"21","Šò•ŒŒ§","21201","Šò•ŒŽs","212010291000","–k–ì¼ŽR","35.508701","136.825480","0","1"
"21","Šò•ŒŒ§","21201","Šò•ŒŽs","212010292000","–k–ì“Œ","35.506577","136.834987","0","1"
"21","Šò•ŒŒ§","21201","Šò•ŒŽs","212010293000","–k–ì’¬","35.427084","136.753182","0","1"
"21","Šò•ŒŒ§","21201","Šò•ŒŽs","212010294000","–k–ì“ì","35.501487","136.832170","0","1"
"21","Šò•ŒŒ§","21201","Šò•ŒŽs","212010295000","–k”ªƒcŽ›’¬","35.422493","136.760046","0","1"
"21","Šò•ŒŒ§","21201","Šò•ŒŽs","212010296001","–kŽRˆê’š–Ú","35.458252","136.854686","0","3"
"21","Šò•ŒŒ§","21201","Šò•ŒŽs","212010296002","–kŽR“ñ’š–Ú","35.459958","136.856307","0","3"
"21","Šò•ŒŒ§","21201","Šò•ŒŽs","212010296003","–kŽRŽO’š–Ú","35.458477","136.862181","0","3"
"21","Šò•ŒŒ§","21201","Šò•ŒŽs","212010297000","–Ø‘¢’¬","35.429448","136.762693","0","1"
"21","Šò•ŒŒ§","21201","Šò•ŒŽs","212010298001","‹F”N’¬ˆê’š–Ú","35.406190","136.768945","0","3"
"21","Šò•ŒŒ§","21201","Šò•ŒŽs","212010298002","‹F”N’¬“ñ’š–Ú","35.404829","136.769368","0","3"
"21","Šò•ŒŒ§","21201","Šò•ŒŽs","212010298003","‹F”N’¬ŽO’š–Ú","35.404060","136.769609","0","3"
"21","Šò•ŒŒ§","21201","Šò•ŒŽs","212010298004","‹F”N’¬Žl’š–Ú","35.405151","136.770809","0","3"
"21","Šò•ŒŒ§","21201","Šò•ŒŽs","212010298005","‹F”N’¬ŒÜ’š–Ú","35.406822","136.769513","0","3"
"21","Šò•ŒŒ§","21201","Šò•ŒŽs","212010298006","‹F”N’¬˜Z’š–Ú","35.406744","136.771571","0","3"
"21","Šò•ŒŒ§","21201","Šò•ŒŽs","212010298007","‹F”N’¬Žµ’š–Ú","35.406287","136.773437","0","3"
"21","Šò•ŒŒ§","21201","Šò•ŒŽs","212010298008","‹F”N’¬”ª’š–Ú","35.405454","136.772170","0","3"
"21","Šò•ŒŒ§","21201","Šò•ŒŽs","212010298009","‹F”N’¬‹ã’š–Ú","35.405666","136.773572","0","3"
"21","Šò•ŒŒ§","21201","Šò•ŒŽs","212010298010","‹F”N’¬\’š–Ú","35.404529","136.772626","0","3"
"21","Šò•ŒŒ§","21201","Šò•ŒŽs","212010298011","‹F”N’¬\ˆê’š–Ú","35.403596","136.772761","0","3"
"21","Šò•ŒŒ§","21201","Šò•ŒŽs","212010299001","–Øƒm‰º’¬ˆê’š–Ú","35.410669","136.782579","0","3"
"21","Šò•ŒŒ§","21201","Šò•ŒŽs","212010299002","–Øƒm‰º’¬“ñ’š–Ú","35.410193","136.782553","0","3"
"21","Šò•ŒŒ§","21201","Šò•ŒŽs","212010299003","–Øƒm‰º’¬ŽO’š–Ú","35.409767","136.782529","0","3"
"21","Šò•ŒŒ§","21201","Šò•ŒŽs","212010299004","–Øƒm‰º’¬Žl’š–Ú","35.409323","136.782498","0","3"
"21","Šò•ŒŒ§","21201","Šò•ŒŽs","212010299005","–Øƒm‰º’¬ŒÜ’š–Ú","35.408852","136.782047","0","3"
"21","Šò•ŒŒ§","21201","Šò•ŒŽs","212010299006","–Øƒm‰º’¬˜Z’š–Ú","35.408559","136.782563","0","3"
"21","Šò•ŒŒ§","21201","Šò•ŒŽs","212010299007","–Øƒm‰º’¬Žµ’š–Ú","35.408128","136.782739","0","3"
"21","Šò•ŒŒ§","21201","Šò•ŒŽs","212010299008","–Øƒm‰º’¬”ª’š–Ú","35.407697","136.782868","0","3"
"21","Šò•ŒŒ§","21201","Šò•ŒŽs","212010300001","–Øƒm–{’¬ˆê’š–Ú","35.414439","136.748586","0","3"
"21","Šò•ŒŒ§","21201","Šò•ŒŽs","212010300002","–Øƒm–{’¬“ñ’š–Ú","35.413610","136.748475","0","3"
"21","Šò•ŒŒ§","21201","Šò•ŒŽs","212010300003","–Øƒm–{’¬ŽO’š–Ú","35.413160","136.748293","0","3"
"21","Šò•ŒŒ§","21201","Šò•ŒŽs","212010301001","‹ž’¬ˆê’š–Ú","35.426543","136.756125","0","3"
"21","Šò•ŒŒ§","21201","Šò•ŒŽs","212010301002","‹ž’¬“ñ’š–Ú","35.425699","136.756242","0","3"
"21","Šò•ŒŒ§","21201","Šò•ŒŽs","212010301003","‹ž’¬ŽO’š–Ú","35.424889","136.756155","0","3"
"21","Šò•ŒŒ§","21201","Šò•ŒŽs","212010302001","‹Ê©’¬ˆê’š–Ú","35.414443","136.754738","0","3"
"21","Šò•ŒŒ§","21201","Šò•ŒŽs","212010302002","‹Ê©’¬“ñ’š–Ú","35.414005","136.754823","0","3"
"21","Šò•ŒŒ§","21201","Šò•ŒŽs","212010302003","‹Ê©’¬ŽO’š–Ú","35.413385","136.754825","0","3"
"21","Šò•ŒŒ§","21201","Šò•ŒŽs","212010303001","´Z’¬ˆê’š–Ú","35.413223","136.761928","0","3"
"21","Šò•ŒŒ§","21201","Šò•ŒŽs","212010303002","´Z’¬“ñ’š–Ú","35.411079","136.762041","0","3"
"21","Šò•ŒŒ§","21201","Šò•ŒŽs","212010303003","´Z’¬ŽO’š–Ú","35.409798","136.762514","0","3"
"21","Šò•ŒŒ§","21201","Šò•ŒŽs","212010304001","Ø’Êˆê’š–Ú","35.404868","136.793704","0","3"
"21","Šò•ŒŒ§","21201","Šò•ŒŽs","212010304002","Ø’Ê“ñ’š–Ú","35.401966","136.794075","0","3"
"21","Šò•ŒŒ§","21201","Šò•ŒŽs","212010304003","Ø’ÊŽO’š–Ú","35.399411","136.794449","0","3"
"21","Šò•ŒŒ§","21201","Šò•ŒŽs","212010304004","Ø’ÊŽl’š–Ú","35.397160","136.793928","0","3"
"21","Šò•ŒŒ§","21201","Šò•ŒŽs","212010304005","Ø’ÊŒÜ’š–Ú","35.395781","136.796493","0","3"
"21","Šò•ŒŒ§","21201","Šò•ŒŽs","212010304006","Ø’Ê˜Z’š–Ú","35.398254","136.798775","0","3"
"21","Šò•ŒŒ§","21201","Šò•ŒŽs","212010304007","Ø’ÊŽµ’š–Ú","35.400852","136.798550","0","3"
"21","Šò•ŒŒ§","21201","Šò•ŒŽs","212010304008","Ø’Ê”ª’š–Ú","35.403795","136.797985","0","3"
"21","Šò•ŒŒ§","21201","Šò•ŒŽs","212010305001","‹à‰Ø’¬ˆê’š–Ú","35.446000","136.771989","0","3"
"21","Šò•ŒŒ§","21201","Šò•ŒŽs","212010305002","‹à‰Ø’¬“ñ’š–Ú","35.446401","136.769094","0","3"
"21","Šò•ŒŒ§","21201","Šò•ŒŽs","212010306001","‹à•ó’¬ˆê’š–Ú","35.415034","136.758806","0","3"
"21","Šò•ŒŒ§","21201","Šò•ŒŽs","212010306002","‹à•ó’¬“ñ’š–Ú","35.414862","136.757704","0","3"
"21","Šò•ŒŒ§","21201","Šò•ŒŽs","212010306003","‹à•ó’¬ŽO’š–Ú","35.414944","136.755730","0","3"
"21","Šò•ŒŒ§","21201","Šò•ŒŽs","212010306004","‹à•ó’¬Žl’š–Ú","35.415616","136.754496","0","3"
"21","Šò•ŒŒ§","21201","Šò•ŒŽs","212010307001","‹à—³’¬ˆê’š–Ú","35.415423","136.763736","0","3"
"21","Šò•ŒŒ§","21201","Šò•ŒŽs","212010307002","‹à—³’¬“ñ’š–Ú","35.415379","136.764995","0","3"
"21","Šò•ŒŒ§","21201","Šò•ŒŽs","212010307003","‹à—³’¬ŽO’š–Ú","35.415434","136.766387","0","3"
"21","Šò•ŒŒ§","21201","Šò•ŒŽs","212010307004","‹à—³’¬Žl’š–Ú","35.415481","136.767794","0","3"
"21","Šò•ŒŒ§","21201","Šò•ŒŽs","212010307005","‹à—³’¬ŒÜ’š–Ú","35.415604","136.769306","0","3"
"21","Šò•ŒŒ§","21201","Šò•ŒŽs","212010307006","‹à—³’¬˜Z’š–Ú","35.415972","136.771023","0","3"
"21","Šò•ŒŒ§","21201","Šò•ŒŽs","212010308001","“í’¬ˆê’š–Ú","35.446740","136.773351","0","3"
"21","Šò•ŒŒ§","21201","Šò•ŒŽs","212010308002","“í’¬“ñ’š–Ú","35.447257","136.770380","0","3"
"21","Šò•ŒŒ§","21201","Šò•ŒŽs","212010309000","‹v•ÛŒ©’¬","35.409596","136.744743","0","1"
"21","Šò•ŒŒ§","21201","Šò•ŒŽs","212010310000","ŒF–ì’¬","35.416665","136.735448","0","1"
"21","Šò•ŒŒ§","21201","Šò•ŒŽs","212010311001","‰_ˆä’¬ˆê’š–Ú","35.414319","136.772949","0","3"
"21","Šò•ŒŒ§","21201","Šò•ŒŽs","212010311002","‰_ˆä’¬“ñ’š–Ú","35.414212","136.775362","0","3"
"21","Šò•ŒŒ§","21201","Šò•ŒŽs","212010311003","‰_ˆä’¬ŽO’š–Ú","35.414103","136.778200","0","3"
"21","Šò•ŒŒ§","21201","Šò•ŒŽs","212010311004","‰_ˆä’¬Žl’š–Ú","35.414003","136.781287","0","3"
"21","Šò•ŒŒ§","21201","Šò•ŒŽs","212010312001","‘ ‘Oˆê’š–Ú","35.402535","136.804610","0","3"
"21","Šò•ŒŒ§","21201","Šò•ŒŽs","212010312002","‘ ‘O“ñ’š–Ú","35.400367","136.802262","0","3"
"21","Šò•ŒŒ§","21201","Šò•ŒŽs","212010312003","‘ ‘OŽO’š–Ú","35.396935","136.801912","0","3"
"21","Šò•ŒŒ§","21201","Šò•ŒŽs","212010312004","‘ ‘OŽl’š–Ú","35.394382","136.798808","0","3"
"21","Šò•ŒŒ§","21201","Šò•ŒŽs","212010312005","‘ ‘OŒÜ’š–Ú","35.394347","136.802635","0","3"
"21","Šò•ŒŒ§","21201","Šò•ŒŽs","212010312006","‘ ‘O˜Z’š–Ú","35.396659","136.805931","0","3"
"21","Šò•ŒŒ§","21201","Šò•ŒŽs","212010312007","‘ ‘OŽµ’š–Ú","35.400137","136.805882","0","3"
"21","Šò•ŒŒ§","21201","Šò•ŒŽs","212010313001","ŒI–î“c’¬ˆê’š–Ú","35.412879","136.764918","0","3"
"21","Šò•ŒŒ§","21201","Šò•ŒŽs","212010313002","ŒI–î“c’¬“ñ’š–Ú","35.412438","136.764903","0","3"
"21","Šò•ŒŒ§","21201","Šò•ŒŽs","212010314000","•Šâ’¬","35.445946","136.782068","0","1"
"21","Šò•ŒŒ§","21201","Šò•ŒŽs","212010315000","•–ì","35.457027","136.718082","0","1"
"21","Šò•ŒŒ§","21201","Šò•ŒŽs","212010316001","•–ì“ìˆê’š–Ú","35.455071","136.727791","0","3"
"21","Šò•ŒŒ§","21201","Šò•ŒŽs","212010316002","•–ì“ì“ñ’š–Ú","35.455692","136.725615","0","3"
"21","Šò•ŒŒ§","21201","Šò•ŒŽs","212010316003","•–ì“ìŽO’š–Ú","35.456240","136.723118","0","3"
"21","Šò•ŒŒ§","21201","Šò•ŒŽs","212010316004","•–ì“ìŽl’š–Ú","35.456985","136.720064","0","3"
"21","Šò•ŒŒ§","21201","Šò•ŒŽs","212010317000","Œ[‰^’¬","35.430714","136.762683","0","1"
"21","Šò•ŒŒ§","21201","Šò•ŒŽs","212010318000","’Î’J","35.434083","136.776865","0","1"
"21","Šò•ŒŒ§","21201","Šò•ŒŽs","212010319001","Œõ‰h’¬ˆê’š–Ú","35.448289","136.773186","0","3"
"21","Šò•ŒŒ§","21201","Šò•ŒŽs","212010319002","Œõ‰h’¬“ñ’š–Ú","35.448553","136.770797","0","3"
"21","Šò•ŒŒ§","21201","Šò•ŒŽs","212010320000","‚Šâ’¬","35.421816","136.761618","0","1"
"21","Šò•ŒŒ§","21201","Šò•ŒŽs","212010321000","ŒõŽ÷’¬","35.393355","136.761084","0","1"
"21","Šò•ŒŒ§","21201","Šò•ŒŽs","212010322000","‰Í“n","35.410861","136.703576","0","1"
"21","Šò•ŒŒ§","21201","Šò•ŒŽs","212010323001","‰Í“nˆê’š–Ú","35.412213","136.703073","0","3"
"21","Šò•ŒŒ§","21201","Šò•ŒŽs","212010323002","‰Í“n“ñ’š–Ú","35.405070","136.700054","0","3"
"21","Šò•ŒŒ§","21201","Šò•ŒŽs","212010323003","‰Í“nŽO’š–Ú","35.411080","136.699093","0","3"
"21","Šò•ŒŒ§","21201","Šò•ŒŽs","212010323004","‰Í“nŽl’š–Ú","35.413798","136.698908","0","3"
"21","Šò•ŒŒ§","21201","Šò•ŒŽs","212010323005","‰Í“nŒÜ’š–Ú","35.416297","136.699045","0","3"
"21","Šò•ŒŒ§","21201","Šò•ŒŽs","212010323006","‰Í“n˜Z’š–Ú","35.419526","136.697748","0","3"
"21","Šò•ŒŒ§","21201","Šò•ŒŽs","212010324001","Kƒm’¬ˆê’š–Ú","35.411008","136.763233","0","3"
"21","Šò•ŒŒ§","21201","Šò•ŒŽs","212010324002","Kƒm’¬“ñ’š–Ú","35.409766","136.763675","0","3"
"21","Šò•ŒŒ§","21201","Šò•ŒŽs","212010325001","Œõ–¾’¬ˆê’š–Ú","35.415129","136.749589","0","3"
"21","Šò•ŒŒ§","21201","Šò•ŒŽs","212010325002","Œõ–¾’¬“ñ’š–Ú","35.415235","136.747989","0","3"
"21","Šò•ŒŒ§","21201","Šò•ŒŽs","212010325003","Œõ–¾’¬ŽO’š–Ú","35.414953","136.746231","0","3"
"21","Šò•ŒŒ§","21201","Šò•ŒŽs","212010326000","Œü—z’¬","35.398757","136.767551","0","1"
"21","Šò•ŒŒ§","21201","Šò•ŒŽs","212010327001","—–ˆê’š–Ú","35.411457","136.746591","0","3"
"21","Šò•ŒŒ§","21201","Šò•ŒŽs","212010327002","—–“ñ’š–Ú","35.411019","136.744169","0","3"
"21","Šò•ŒŒ§","21201","Šò•ŒŽs","212010327003","—–ŽO’š–Ú","35.410156","136.742504","0","3"
"21","Šò•ŒŒ§","21201","Šò•ŒŽs","212010328001","‹à’¬ˆê’š–Ú","35.421395","136.757604","0","3"
"21","Šò•ŒŒ§","21201","Šò•ŒŽs","212010328002","‹à’¬“ñ’š–Ú","35.419949","136.757326","0","3"
"21","Šò•ŒŒ§","21201","Šò•ŒŽs","212010328003","‹à’¬ŽO’š–Ú","35.418857","136.757135","0","3"
"21","Šò•ŒŒ§","21201","Šò•ŒŽs","212010328004","‹à’¬Žl’š–Ú","35.417871","136.757008","0","3"
"21","Šò•ŒŒ§","21201","Šò•ŒŽs","212010328005","‹à’¬ŒÜ’š–Ú","35.416183","136.757250","0","3"
"21","Šò•ŒŒ§","21201","Šò•ŒŽs","212010328006","‹à’¬˜Z’š–Ú","35.414344","136.756780","0","3"
"21","Šò•ŒŒ§","21201","Šò•ŒŽs","212010328007","‹à’¬Žµ’š–Ú","35.413126","136.756867","0","3"
"21","Šò•ŒŒ§","21201","Šò•ŒŽs","212010328008","‹à’¬”ª’š–Ú","35.411739","136.756754","0","3"
"21","Šò•ŒŒ§","21201","Šò•ŒŽs","212010329001","‹ãd’¬ˆê’š–Ú","35.413899","136.772926","0","3"
"21","Šò•ŒŒ§","21201","Šò•ŒŽs","212010329002","‹ãd’¬“ñ’š–Ú","35.413762","136.775338","0","3"
"21","Šò•ŒŒ§","21201","Šò•ŒŽs","212010329003","‹ãd’¬ŽO’š–Ú","35.413117","136.778629","0","3"
"21","Šò•ŒŒ§","21201","Šò•ŒŽs","212010329004","‹ãd’¬Žl’š–Ú","35.413061","136.780132","0","3"
"21","Šò•ŒŒ§","21201","Šò•ŒŽs","212010330001","¬¼‹½ˆê’š–Ú","35.453051","136.700549","0","3"
"21","Šò•ŒŒ§","21201","Šò•ŒŽs","212010330002","¬¼‹½“ñ’š–Ú","35.456716","136.700567","0","3"
"21","Šò•ŒŒ§","21201","Šò•ŒŽs","212010330003","¬¼‹½ŽO’š–Ú","35.461490","136.701027","0","3"
"21","Šò•ŒŒ§","21201","Šò•ŒŽs","212010331000","¬’Å’J","35.433327","136.773664","0","1"
"21","Šò•ŒŒ§","21201","Šò•ŒŽs","212010332000","ŒÜ”½“c’¬","35.415922","136.745937","0","1"
"21","Šò•ŒŒ§","21201","Šò•ŒŽs","212010333001","ŒÜ’Øˆê’š–Ú","35.408783","136.771599","0","3"
"21","Šò•ŒŒ§","21201","Šò•ŒŽs","212010333002","ŒÜ’Ø“ñ’š–Ú","35.408657","136.773800","0","3"
"21","Šò•ŒŒ§","21201","Šò•ŒŽs","212010334001","‹Õ’Ëˆê’š–Ú","35.419298","136.811246","0","3"
"21","Šò•ŒŒ§","21201","Šò•ŒŽs","212010334002","‹Õ’Ë“ñ’š–Ú","35.415580","136.810232","0","3"
"21","Šò•ŒŒ§","21201","Šò•ŒŽs","212010334003","‹Õ’ËŽO’š–Ú","35.416991","136.814032","0","3"
"21","Šò•ŒŒ§","21201","Šò•ŒŽs","212010334004","‹Õ’ËŽl’š–Ú","35.421318","136.813011","0","3"
"21","Šò•ŒŒ§","21201","Šò•ŒŽs","212010335001","Žõ’¬ˆê’š–Ú","35.415252","136.744625","0","3"
"21","Šò•ŒŒ§","21201","Šò•ŒŽs","212010335002","Žõ’¬“ñ’š–Ú","35.414590","136.742812","0","3"
"21","Šò•ŒŒ§","21201","Šò•ŒŽs","212010335003","Žõ’¬ŽO’š–Ú","35.414216","136.741652","0","3"
"21","Šò•ŒŒ§","21201","Šò•ŒŽs","212010335004","Žõ’¬Žl’š–Ú","35.413980","136.740521","0","3"
"21","Šò•ŒŒ§","21201","Šò•ŒŽs","212010335005","Žõ’¬ŒÜ’š–Ú","35.413758","136.739338","0","3"
"21","Šò•ŒŒ§","21201","Šò•ŒŽs","212010335006","Žõ’¬˜Z’š–Ú","35.413168","136.736614","0","3"
"21","Šò•ŒŒ§","21201","Šò•ŒŽs","212010335007","Žõ’¬Žµ’š–Ú","35.412442","136.732992","0","3"
"21","Šò•ŒŒ§","21201","Šò•ŒŽs","212010336001","¬–ìˆê’š–Ú","35.459761","136.712153","0","3"
"21","Šò•ŒŒ§","21201","Šò•ŒŽs","212010336002","¬–ì“ñ’š–Ú","35.462719","136.712633","0","3"
"21","Šò•ŒŒ§","21201","Šò•ŒŽs","212010336003","¬–ìŽO’š–Ú","35.462777","136.709233","0","3"
"21","Šò•ŒŒ§","21201","Šò•ŒŽs","212010336004","¬–ìŽl’š–Ú","35.461465","136.705054","0","3"
"21","Šò•ŒŒ§","21201","Šò•ŒŽs","212010336005","¬–ìŒÜ’š–Ú","35.463437","136.704769","0","3"
"21","Šò•ŒŒ§","21201","Šò•ŒŽs","212010336006","¬–ì˜Z’š–Ú","35.465625","136.709569","0","3"
"21","Šò•ŒŒ§","21201","Šò•ŒŽs","212010337001","Ÿ‰Ô’¬ˆê’š–Ú","35.413063","136.744968","0","3"
"21","Šò•ŒŒ§","21201","Šò•ŒŽs","212010337002","Ÿ‰Ô’¬“ñ’š–Ú","35.412762","136.743908","0","3"
"21","Šò•ŒŒ§","21201","Šò•ŒŽs","212010337003","Ÿ‰Ô’¬ŽO’š–Ú","35.412287","136.742534","0","3"
"21","Šò•ŒŒ§","21201","Šò•ŒŽs","212010337004","Ÿ‰Ô’¬Žl’š–Ú","35.411868","136.741280","0","3"
"21","Šò•ŒŒ§","21201","Šò•ŒŽs","212010337005","Ÿ‰Ô’¬ŒÜ’š–Ú","35.411471","136.740006","0","3"
"21","Šò•ŒŒ§","21201","Šò•ŒŽs","212010337006","Ÿ‰Ô’¬˜Z’š–Ú","35.410910","136.737501","0","3"
"21","Šò•ŒŒ§","21201","Šò•ŒŽs","212010338000","–Ø”Ò’¬","35.434956","136.771667","0","1"
"21","Šò•ŒŒ§","21201","Šò•ŒŽs","212010339000","•ÄœH’J“´","35.436075","136.779604","0","1"
"21","Šò•ŒŒ§","21201","Šò•ŒŽs","212010340000","•Ä‰®’¬","35.429719","136.766305","0","1"
"21","Šò•ŒŒ§","21201","Šò•ŒŽs","212010341000","Œä–]","35.476075","136.710451","0","1"
"21","Šò•ŒŒ§","21201","Šò•ŒŽs","212010342001","Œä–]ˆê’š–Ú","35.472133","136.711311","0","3"
"21","Šò•ŒŒ§","21201","Šò•ŒŽs","212010342002","Œä–]“ñ’š–Ú","35.471250","136.707604","0","3"
"21","Šò•ŒŒ§","21201","Šò•ŒŽs","212010342003","Œä–]ŽO’š–Ú","35.474698","136.707865","0","3"
"21","Šò•ŒŒ§","21201","Šò•ŒŽs","212010342004","Œä–]Žl’š–Ú","35.472076","136.703510","0","3"
"21","Šò•ŒŒ§","21201","Šò•ŒŽs","212010342005","Œä–]ŒÜ’š–Ú","35.474660","136.702824","0","3"
"21","Šò•ŒŒ§","21201","Šò•ŒŽs","212010342006","Œä–]˜Z’š–Ú","35.477600","136.700307","0","3"
"21","Šò•ŒŒ§","21201","Šò•ŒŽs","212010343000","ƒRƒ‚ƒ“ƒqƒ‹ƒY–kŽR","35.461176","136.859121","0","1"
"21","Šò•ŒŒ§","21201","Šò•ŒŽs","212010344000","¬–ö’¬","35.419625","136.759497","0","1"
"21","Šò•ŒŒ§","21201","Šò•ŒŽs","212010345000","Œ Œ»’¬","35.415283","136.730498","0","1"
"21","Šò•ŒŒ§","21201","Šò•ŒŽs","212010346001","‹ß“‡ˆê’š–Ú","35.431968","136.741650","0","3"
"21","Šò•ŒŒ§","21201","Šò•ŒŽs","212010346002","‹ß“‡“ñ’š–Ú","35.430402","136.739672","0","3"
"21","Šò•ŒŒ§","21201","Šò•ŒŽs","212010346003","‹ß“‡ŽO’š–Ú","35.429355","136.738224","0","3"
"21","Šò•ŒŒ§","21201","Šò•ŒŽs","212010346004","‹ß“‡Žl’š–Ú","35.431020","136.738323","0","3"
"21","Šò•ŒŒ§","21201","Šò•ŒŽs","212010346005","‹ß“‡ŒÜ’š–Ú","35.431951","136.736232","0","3"
"21","Šò•ŒŒ§","21201","Šò•ŒŽs","212010347001","¼Œã’¬ˆê’š–Ú","35.444746","136.781244","0","3"
"21","Šò•ŒŒ§","21201","Šò•ŒŽs","212010347002","¼Œã’¬“ñ’š–Ú","35.444623","136.783424","0","3"
"21","Šò•ŒŒ§","21201","Šò•ŒŽs","212010348001","‹«ìˆê’š–Ú","35.373941","136.753068","0","3"
"21","Šò•ŒŒ§","21201","Šò•ŒŽs","212010348002","‹«ì“ñ’š–Ú","35.371897","136.746636","0","3"
"21","Šò•ŒŒ§","21201","Šò•ŒŽs","212010348003","‹«ìŽO’š–Ú","35.372215","136.752925","0","3"
"21","Šò•ŒŒ§","21201","Šò•ŒŽs","212010348004","‹«ìŽl’š–Ú","35.370203","136.746529","0","3"
"21","Šò•ŒŒ§","21201","Šò•ŒŽs","212010348005","‹«ìŒÜ’š–Ú","35.370311","136.741441","0","3"
"21","Šò•ŒŒ§","21201","Šò•ŒŽs","212010349001","âˆä’¬ˆê’š–Ú","35.412023","136.748384","0","3"
"21","Šò•ŒŒ§","21201","Šò•ŒŽs","212010349002","âˆä’¬“ñ’š–Ú","35.411501","136.748381","0","3"
"21","Šò•ŒŒ§","21201","Šò•ŒŽs","212010350001","‰hV’¬ˆê’š–Ú","35.437211","136.757159","0","3"
"21","Šò•ŒŒ§","21201","Šò•ŒŽs","212010350002","‰hV’¬“ñ’š–Ú","35.437913","136.758259","0","3"
"21","Šò•ŒŒ§","21201","Šò•ŒŽs","212010350003","‰hV’¬ŽO’š–Ú","35.438588","136.758953","0","3"
"21","Šò•ŒŒ§","21201","Šò•ŒŽs","212010351000","‰hŽ}’¬","35.420180","136.754824","0","1"
"21","Šò•ŒŒ§","21201","Šò•ŒŽs","212010352000","ëŽR","35.446447","136.754390","0","1"
"21","Šò•ŒŒ§","21201","Šò•ŒŽs","212010353000","ëŽR–k’¬","35.450806","136.754050","0","1"
"21","Šò•ŒŒ§","21201","Šò•ŒŽs","212010354000","ëŽRV’¬","35.452998","136.751521","0","1"
"21","Šò•ŒŒ§","21201","Šò•ŒŽs","212010355001","ëŽR“Œˆê’š–Ú","35.449078","136.763648","0","3"
"21","Šò•ŒŒ§","21201","Šò•ŒŽs","212010355002","ëŽR“Œ“ñ’š–Ú","35.449464","136.760169","0","3"
"21","Šò•ŒŒ§","21201","Šò•ŒŽs","212010356000","²‹vŠÔ’¬","35.426952","136.757888","0","1"
"21","Šò•ŒŒ§","21201","Šò•ŒŽs","212010357001","÷–Ø’¬ˆê’š–Ú","35.421452","136.742837","0","3"
"21","Šò•ŒŒ§","21201","Šò•ŒŽs","212010357002","÷–Ø’¬“ñ’š–Ú","35.419367","136.743666","0","3"
"21","Šò•ŒŒ§","21201","Šò•ŒŽs","212010358001","÷’Êˆê’š–Ú","35.419792","136.751455","0","3"
"21","Šò•ŒŒ§","21201","Šò•ŒŽs","212010358002","÷’Ê“ñ’š–Ú","35.419582","136.749709","0","3"
"21","Šò•ŒŒ§","21201","Šò•ŒŽs","212010358003","÷’ÊŽO’š–Ú","35.419230","136.747847","0","3"
"21","Šò•ŒŒ§","21201","Šò•ŒŽs","212010358004","÷’ÊŽl’š–Ú","35.418791","136.745552","0","3"
"21","Šò•ŒŒ§","21201","Šò•ŒŽs","212010358005","÷’ÊŒÜ’š–Ú","35.418368","136.743177","0","3"
"21","Šò•ŒŒ§","21201","Šò•ŒŽs","212010358006","÷’Ê˜Z’š–Ú","35.418003","136.741047","0","3"
"21","Šò•ŒŒ§","21201","Šò•ŒŽs","212010359000","ù“y‹’¬","35.425687","136.764595","0","1"
"21","Šò•ŒŒ§","21201","Šò•ŒŽs","212010360001","‘•c’¬ˆê’š–Ú","35.415551","136.744347","0","3"
"21","Šò•ŒŒ§","21201","Šò•ŒŽs","212010360002","‘•c’¬“ñ’š–Ú","35.414942","136.742627","0","3"
"21","Šò•ŒŒ§","21201","Šò•ŒŽs","212010360003","‘•c’¬ŽO’š–Ú","35.414555","136.741380","0","3"
"21","Šò•ŒŒ§","21201","Šò•ŒŽs","212010360004","‘•c’¬Žl’š–Ú","35.414395","136.740407","0","3"
"21","Šò•ŒŒ§","21201","Šò•ŒŽs","212010360005","‘•c’¬ŒÜ’š–Ú","35.414128","136.739082","0","3"
"21","Šò•ŒŒ§","21201","Šò•ŒŽs","212010360006","‘•c’¬˜Z’š–Ú","35.413577","136.736539","0","3"
"21","Šò•ŒŒ§","21201","Šò•ŒŽs","212010360007","‘•c’¬Žµ’š–Ú","35.412629","136.731918","0","3"
"21","Šò•ŒŒ§","21201","Šò•ŒŽs","212010361000","²–ì","35.512367","136.721013","0","1"
"21","Šò•ŒŒ§","21201","Šò•ŒŽs","212010362001","²–ìˆê’š–Ú","35.511398","136.731226","0","3"
"21","Šò•ŒŒ§","21201","Šò•ŒŽs","212010363000","ŽO”Ô’¬","35.418131","136.760816","0","1"
"21","Šò•ŒŒ§","21201","Šò•ŒŽs","212010364001","‰–’¬ˆê’š–Ú","35.419999","136.777942","0","3"
"21","Šò•ŒŒ§","21201","Šò•ŒŽs","212010364002","‰–’¬“ñ’š–Ú","35.419877","136.783085","0","3"
"21","Šò•ŒŒ§","21201","Šò•ŒŽs","212010365001","•~“‡’¬ˆê’š–Ú","35.412269","136.745237","0","3"
"21","Šò•ŒŒ§","21201","Šò•ŒŽs","212010365002","•~“‡’¬“ñ’š–Ú","35.411950","136.744179","0","3"
"21","Šò•ŒŒ§","21201","Šò•ŒŽs","212010365003","•~“‡’¬ŽO’š–Ú","35.411530","136.742921","0","3"
"21","Šò•ŒŒ§","21201","Šò•ŒŽs","212010365004","•~“‡’¬Žl’š–Ú","35.411055","136.741566","0","3"
"21","Šò•ŒŒ§","21201","Šò•ŒŽs","212010365005","•~“‡’¬ŒÜ’š–Ú","35.410630","136.740433","0","3"
"21","Šò•ŒŒ§","21201","Šò•ŒŽs","212010365006","•~“‡’¬˜Z’š–Ú","35.409958","136.738650","0","3"
"21","Šò•ŒŒ§","21201","Šò•ŒŽs","212010365007","•~“‡’¬Žµ’š–Ú","35.409064","136.735855","0","3"
"21","Šò•ŒŒ§","21201","Šò•ŒŽs","212010365008","•~“‡’¬”ª’š–Ú","35.408133","136.733604","0","3"
"21","Šò•ŒŒ§","21201","Šò•ŒŽs","212010365009","•~“‡’¬‹ã’š–Ú","35.407666","136.731092","0","3"
"21","Šò•ŒŒ§","21201","Šò•ŒŽs","212010365010","•~“‡’¬\’š–Ú","35.407305","136.729370","0","3"
"21","Šò•ŒŒ§","21201","Šò•ŒŽs","212010366000","Ã‚ª‹u’¬","35.434942","136.844422","0","1"
"21","Šò•ŒŒ§","21201","Šò•ŒŽs","212010367001","K–Ñˆê’š–Ú","35.440330","136.714057","0","3"
"21","Šò•ŒŒ§","21201","Šò•ŒŽs","212010367002","K–Ñ“ñ’š–Ú","35.440596","136.716218","0","3"
"21","Šò•ŒŒ§","21201","Šò•ŒŽs","212010367003","K–ÑŽO’š–Ú","35.431360","136.713186","0","3"
"21","Šò•ŒŒ§","21201","Šò•ŒŽs","212010368000","a’J’¬","35.403246","136.766370","0","1"
"21","Šò•ŒŒ§","21201","Šò•ŒŽs","212010369001","“‡‰h’¬ˆê’š–Ú","35.433292","136.747049","0","3"
"21","Šò•ŒŒ§","21201","Šò•ŒŽs","212010369002","“‡‰h’¬“ñ’š–Ú","35.431777","136.744171","0","3"
"21","Šò•ŒŒ§","21201","Šò•ŒŽs","212010369003","“‡‰h’¬ŽO’š–Ú","35.430224","136.740915","0","3"
"21","Šò•ŒŒ§","21201","Šò•ŒŽs","212010370000","“‡V’¬","35.427963","136.742231","0","1"
"21","Šò•ŒŒ§","21201","Šò•ŒŽs","212010371001","“‡V’¬ˆê’š–Ú","35.429221","136.740630","0","3"
"21","Šò•ŒŒ§","21201","Šò•ŒŽs","212010372001","“‡“cˆê’š–Ú","35.422386","136.738109","0","3"
"21","Šò•ŒŒ§","21201","Šò•ŒŽs","212010372002","“‡“c“ñ’š–Ú","35.423611","136.737563","0","3"
"21","Šò•ŒŒ§","21201","Šò•ŒŽs","212010373000","“‡“c’†’¬","35.416494","136.740797","0","1"
"21","Šò•ŒŒ§","21201","Šò•ŒŽs","212010374000","“‡“c¼’¬","35.416419","136.739628","0","1"
"21","Šò•ŒŒ§","21201","Šò•ŒŽs","212010375000","“‡“c“Œ’¬","35.416702","136.741901","0","1"
"21","Šò•ŒŒ§","21201","Šò•ŒŽs","212010376000","“‡Œ´’¬","35.395218","136.767013","0","1"
"21","Šò•ŒŒ§","21201","Šò•ŒŽs","212010377000","‰º‰LŽ”","35.464539","136.715101","0","1"
"21","Šò•ŒŒ§","21201","Šò•ŒŽs","212010378001","‰º‰LŽ”ˆê’š–Ú","35.456989","136.715212","0","3"
"21","Šò•ŒŒ§","21201","Šò•ŒŽs","212010378002","‰º‰LŽ”“ñ’š–Ú","35.461384","136.715327","0","3"
"21","Šò•ŒŒ§","21201","Šò•ŒŽs","212010379000","‰º‘åŒK’¬","35.434329","136.764683","0","1"
"21","Šò•ŒŒ§","21201","Šò•ŒŽs","212010380000","‰º‘¾“c’¬","35.423365","136.762438","0","1"
"21","Šò•ŒŒ§","21201","Šò•ŒŽs","212010381000","‰ºìŽè","35.395525","136.769850","0","1"
"21","Šò•ŒŒ§","21201","Šò•ŒŽs","212010382001","‰º¼‹½ˆê’š–Ú","35.454221","136.708648","0","3"
"21","Šò•ŒŒ§","21201","Šò•ŒŽs","212010382002","‰º¼‹½“ñ’š–Ú","35.453187","136.704929","0","3"
"21","Šò•ŒŒ§","21201","Šò•ŒŽs","212010382003","‰º¼‹½ŽO’š–Ú","35.457596","136.704570","0","3"
"21","Šò•ŒŒ§","21201","Šò•ŒŽs","212010382004","‰º¼‹½Žl’š–Ú","35.456837","136.709961","0","3"
"21","Šò•ŒŒ§","21201","Šò•ŒŽs","212010382005","‰º¼‹½ŒÜ’š–Ú","35.459606","136.706830","0","3"
"21","Šò•ŒŒ§","21201","Šò•ŒŽs","212010383000","‰ºK–Ñ","35.435329","136.715306","0","1"
"21","Šò•ŒŒ§","21201","Šò•ŒŽs","212010384000","‰ºV’¬","35.433161","136.763456","0","1"
"21","Šò•ŒŒ§","21201","Šò•ŒŽs","212010385000","‰º’|’¬","35.425886","136.763450","0","1"
"21","Šò•ŒŒ§","21201","Šò•ŒŽs","212010386000","‰º’ƒ‰®’¬","35.433817","136.770747","0","1"
"21","Šò•ŒŒ§","21201","Šò•ŒŽs","212010387000","‰º“y‹","35.456648","136.749067","0","1"
"21","Šò•ŒŒ§","21201","Šò•ŒŽs","212010388001","‰º“y‹ˆê’š–Ú","35.450288","136.757052","0","3"
"21","Šò•ŒŒ§","21201","Šò•ŒŽs","212010388002","‰º“y‹“ñ’š–Ú","35.453097","136.755316","0","3"
"21","Šò•ŒŒ§","21201","Šò•ŒŽs","212010388003","‰º“y‹ŽO’š–Ú","35.454991","136.753696","0","3"
"21","Šò•ŒŒ§","21201","Šò•ŒŽs","212010389001","‰º“Þ—Çˆê’š–Ú","35.393602","136.708804","0","3"
"21","Šò•ŒŒ§","21201","Šò•ŒŽs","212010389002","‰º“Þ—Ç“ñ’š–Ú","35.390534","136.709901","0","3"
"21","Šò•ŒŒ§","21201","Šò•ŒŽs","212010389003","‰º“Þ—ÇŽO’š–Ú","35.386553","136.711814","0","3"
"21","Šò•ŒŒ§","21201","Šò•ŒŽs","212010389004","‰º“Þ—ÇŽl’š–Ú","35.384003","136.709332","0","3"
"21","Šò•ŒŒ§","21201","Šò•ŒŽs","212010390001","¼ƒ’¬ˆê’š–Ú","35.408240","136.764152","0","3"
"21","Šò•ŒŒ§","21201","Šò•ŒŽs","212010390002","¼ƒ’¬“ñ’š–Ú","35.407394","136.764570","0","3"
"21","Šò•ŒŒ§","21201","Šò•ŒŽs","212010390003","¼ƒ’¬ŽO’š–Ú","35.406468","136.765084","0","3"
"21","Šò•ŒŒ§","21201","Šò•ŒŽs","212010390004","¼ƒ’¬Žl’š–Ú","35.405659","136.765746","0","3"
"21","Šò•ŒŒ§","21201","Šò•ŒŽs","212010391001","é“Œ’Êˆê’š–Ú","35.401860","136.766324","0","3"
"21","Šò•ŒŒ§","21201","Šò•ŒŽs","212010391002","é“Œ’Ê“ñ’š–Ú","35.399453","136.765863","0","3"
"21","Šò•ŒŒ§","21201","Šò•ŒŽs","212010391003","é“Œ’ÊŽO’š–Ú","35.397214","136.765429","0","3"
"21","Šò•ŒŒ§","21201","Šò•ŒŽs","212010391004","é“Œ’ÊŽl’š–Ú","35.395480","136.765088","0","3"
"21","Šò•ŒŒ§","21201","Šò•ŒŽs","212010391005","é“Œ’ÊŒÜ’š–Ú","35.393836","136.764788","0","3"
"21","Šò•ŒŒ§","21201","Šò•ŒŽs","212010391006","é“Œ’Ê˜Z’š–Ú","35.392011","136.764446","0","3"
"21","Šò•ŒŒ§","21201","Šò•ŒŽs","212010392000","³–@Ž›’¬","35.395219","136.763262","0","1"
"21","Šò•ŒŒ§","21201","Šò•ŒŽs","212010393000","é–]’¬","35.420348","136.786413","0","1"
"21","Šò•ŒŒ§","21201","Šò•ŒŽs","212010394001","º˜a’¬ˆê’š–Ú","35.416213","136.752083","0","3"
"21","Šò•ŒŒ§","21201","Šò•ŒŽs","212010394002","º˜a’¬“ñ’š–Ú","35.415099","136.750801","0","3"
"21","Šò•ŒŒ§","21201","Šò•ŒŽs","212010394003","º˜a’¬ŽO’š–Ú","35.414153","136.749994","0","3"
"21","Šò•ŒŒ§","21201","Šò•ŒŽs","212010395001","”’‹e’¬ˆê’š–Ú","35.432710","136.741750","0","3"
"21","Šò•ŒŒ§","21201","Šò•ŒŽs","212010395002","”’‹e’¬“ñ’š–Ú","35.433484","136.738621","0","3"
"21","Šò•ŒŒ§","21201","Šò•ŒŽs","212010395003","”’‹e’¬ŽO’š–Ú","35.433922","136.735375","0","3"
"21","Šò•ŒŒ§","21201","Šò•ŒŽs","212010395004","”’‹e’¬Žl’š–Ú","35.434420","136.735439","0","3"
"21","Šò•ŒŒ§","21201","Šò•ŒŽs","212010395005","”’‹e’¬ŒÜ’š–Ú","35.434586","136.736182","0","3"
"21","Šò•ŒŒ§","21201","Šò•ŒŽs","212010395006","”’‹e’¬˜Z’š–Ú","35.434924","136.736823","0","3"
"21","Šò•ŒŒ§","21201","Šò•ŒŽs","212010396000","”’–Ø’¬","35.428144","136.765463","0","1"
"21","Šò•ŒŒ§","21201","Šò•ŒŽs","212010397000","‹â’¬","35.419956","136.756734","0","1"
"21","Šò•ŒŒ§","21201","Šò•ŒŽs","212010398001","é‘O’¬ˆê’š–Ú","35.443971","136.781250","0","3"
"21","Šò•ŒŒ§","21201","Šò•ŒŽs","212010398002","é‘O’¬“ñ’š–Ú","35.443875","136.783345","0","3"
"21","Šò•ŒŒ§","21201","Šò•ŒŽs","212010399000","r‰q’¬","35.432295","136.765001","0","1"
"21","Šò•ŒŒ§","21201","Šò•ŒŽs","212010400000","VŠJ“´","35.431385","136.789017","0","1"
"21","Šò•ŒŒ§","21201","Šò•ŒŽs","212010401000","V‹»’¬","35.415817","136.735720","0","1"
"21","Šò•ŒŒ§","21201","Šò•ŒŽs","212010402000","V‰h’¬","35.411281","136.752354","0","1"
"21","Šò•ŒŒ§","21201","Šò•ŒŽs","212010403000","V÷’¬","35.429856","136.767238","0","1"
"21","Šò•ŒŒ§","21201","Šò•ŒŽs","212010404001","_–¾’¬ˆê’š–Ú","35.416776","136.755098","0","3"
"21","Šò•ŒŒ§","21201","Šò•ŒŽs","212010404002","_–¾’¬“ñ’š–Ú","35.416648","136.753881","0","3"
"21","Šò•ŒŒ§","21201","Šò•ŒŽs","212010405001","‰_’¬ˆê’š–Ú","35.415319","136.772863","0","3"
"21","Šò•ŒŒ§","21201","Šò•ŒŽs","212010405002","‰_’¬“ñ’š–Ú","35.415271","136.775420","0","3"
"21","Šò•ŒŒ§","21201","Šò•ŒŽs","212010405003","‰_’¬ŽO’š–Ú","35.415170","136.778418","0","3"
"21","Šò•ŒŒ§","21201","Šò•ŒŽs","212010405004","‰_’¬Žl’š–Ú","35.415078","136.781499","0","3"
"21","Šò•ŒŒ§","21201","Šò•ŒŽs","212010405005","‰_’¬ŒÜ’š–Ú","35.414970","136.784084","0","3"
"21","Šò•ŒŒ§","21201","Šò•ŒŽs","212010406000","––L’¬","35.430306","136.768101","0","1"
"21","Šò•ŒŒ§","21201","Šò•ŒŽs","212010407001","{‰êˆê’š–Ú","35.386009","136.723977","0","3"
"21","Šò•ŒŒ§","21201","Šò•ŒŽs","212010407002","{‰ê“ñ’š–Ú","35.385606","136.721312","0","3"
"21","Šò•ŒŒ§","21201","Šò•ŒŽs","212010407003","{‰êŽO’š–Ú","35.385852","136.718788","0","3"
"21","Šò•ŒŒ§","21201","Šò•ŒŽs","212010407004","{‰êŽl’š–Ú","35.386302","136.715735","0","3"
"21","Šò•ŒŒ§","21201","Šò•ŒŽs","212010408001","›Œ´’¬ˆê’š–Ú","35.422470","136.756102","0","3"
"21","Šò•ŒŒ§","21201","Šò•ŒŽs","212010408002","›Œ´’¬“ñ’š–Ú","35.422428","136.754971","0","3"
"21","Šò•ŒŒ§","21201","Šò•ŒŽs","212010408003","›Œ´’¬ŽO’š–Ú","35.422357","136.753320","0","3"
"21","Šò•ŒŒ§","21201","Šò•ŒŽs","212010409000","™ƒP“´","35.433395","136.785597","0","1"
"21","Šò•ŒŒ§","21201","Šò•ŒŽs","212010410000","™ŽR’¬","35.422855","136.758850","0","1"
"21","Šò•ŒŒ§","21201","Šò•ŒŽs","212010411001","›¶ˆê’š–Ú","35.422150","136.733630","0","3"
"21","Šò•ŒŒ§","21201","Šò•ŒŽs","212010411002","›¶“ñ’š–Ú","35.423253","136.730820","0","3"
"21","Šò•ŒŒ§","21201","Šò•ŒŽs","212010411003","›¶ŽO’š–Ú","35.420889","136.730203","0","3"
"21","Šò•ŒŒ§","21201","Šò•ŒŽs","212010411004","›¶Žl’š–Ú","35.421275","136.727273","0","3"
"21","Šò•ŒŒ§","21201","Šò•ŒŽs","212010411005","›¶ŒÜ’š–Ú","35.423877","136.727480","0","3"
"21","Šò•ŒŒ§","21201","Šò•ŒŽs","212010411006","›¶˜Z’š–Ú","35.425526","136.728436","0","3"
"21","Šò•ŒŒ§","21201","Šò•ŒŽs","212010411007","›¶Žµ’š–Ú","35.425013","136.731081","0","3"
"21","Šò•ŒŒ§","21201","Šò•ŒŽs","212010411008","›¶”ª’š–Ú","35.424290","136.733928","0","3"
"21","Šò•ŒŒ§","21201","Šò•ŒŽs","212010412001","Zƒm]’¬ˆê’š–Ú","35.411007","136.760823","0","3"
"21","Šò•ŒŒ§","21201","Šò•ŒŽs","212010412002","Zƒm]’¬“ñ’š–Ú","35.409848","136.761612","0","3"
"21","Šò•ŒŒ§","21201","Šò•ŒŽs","212010413000","Z‹g’¬","35.421015","136.759882","0","1"
"21","Šò•ŒŒ§","21201","Šò•ŒŽs","212010414000","x‰ÍŽR","35.426873","136.766380","0","1"
"21","Šò•ŒŒ§","21201","Šò•ŒŽs","212010415001","z–KŽRˆê’š–Ú","35.443162","136.851281","0","3"
"21","Šò•ŒŒ§","21201","Šò•ŒŽs","212010415002","z–KŽR“ñ’š–Ú","35.439707","136.853154","0","3"
"21","Šò•ŒŒ§","21201","Šò•ŒŽs","212010415003","z–KŽRŽO’š–Ú","35.437724","136.852640","0","3"
"21","Šò•ŒŒ§","21201","Šò•ŒŽs","212010415004","z–KŽRŽl’š–Ú","35.436219","136.857445","0","3"
"21","Šò•ŒŒ§","21201","Šò•ŒŽs","212010415005","z–KŽRŒÜ’š–Ú","35.438855","136.863283","0","3"
"21","Šò•ŒŒ§","21201","Šò•ŒŽs","212010416000","´","35.407258","136.744182","0","1"
"21","Šò•ŒŒ§","21201","Šò•ŒŽs","212010417001","´–{’¬ˆê’š–Ú","35.407874","136.742050","0","3"
"21","Šò•ŒŒ§","21201","Šò•ŒŽs","212010417002","´–{’¬“ñ’š–Ú","35.407955","136.740492","0","3"
"21","Šò•ŒŒ§","21201","Šò•ŒŽs","212010417003","´–{’¬ŽO’š–Ú","35.408271","136.738906","0","3"
"21","Šò•ŒŒ§","21201","Šò•ŒŽs","212010417004","´–{’¬Žl’š–Ú","35.407183","136.738808","0","3"
"21","Šò•ŒŒ§","21201","Šò•ŒŽs","212010417005","´–{’¬ŒÜ’š–Ú","35.406469","136.739796","0","3"
"21","Šò•ŒŒ§","21201","Šò•ŒŽs","212010417006","´–{’¬˜Z’š–Ú","35.405221","136.740301","0","3"
"21","Šò•ŒŒ§","21201","Šò•ŒŽs","212010417007","´–{’¬Žµ’š–Ú","35.405455","136.738493","0","3"
"21","Šò•ŒŒ§","21201","Šò•ŒŽs","212010417008","´–{’¬”ª’š–Ú","35.405254","136.736754","0","3"
"21","Šò•ŒŒ§","21201","Šò•ŒŽs","212010417009","´–{’¬‹ã’š–Ú","35.406798","136.736502","0","3"
"21","Šò•ŒŒ§","21201","Šò•ŒŽs","212010417010","´–{’¬\’š–Ú","35.408845","136.737911","0","3"
"21","Šò•ŒŒ§","21201","Šò•ŒŽs","212010418001","çÎ’¬ˆê’š–Ú","35.425571","136.754297","0","3"
"21","Šò•ŒŒ§","21201","Šò•ŒŽs","212010418002","çÎ’¬“ñ’š–Ú","35.425119","136.752700","0","3"
"21","Šò•ŒŒ§","21201","Šò•ŒŽs","212010419001","çŽè“°–k’¬ˆê’š–Ú","35.417037","136.751617","0","3"
"21","Šò•ŒŒ§","21201","Šò•ŒŽs","212010419002","çŽè“°–k’¬“ñ’š–Ú","35.416955","136.749771","0","3"
"21","Šò•ŒŒ§","21201","Šò•ŒŽs","212010420001","çŽè“°’†’¬ˆê’š–Ú","35.416585","136.751278","0","3"
"21","Šò•ŒŒ§","21201","Šò•ŒŽs","212010420002","çŽè“°’†’¬“ñ’š–Ú","35.416573","136.749792","0","3"
"21","Šò•ŒŒ§","21201","Šò•ŒŽs","212010421001","çŽè“°“ì’¬ˆê’š–Ú","35.416153","136.751170","0","3"
"21","Šò•ŒŒ§","21201","Šò•ŒŽs","212010421002","çŽè“°“ì’¬“ñ’š–Ú","35.416231","136.749880","0","3"
"21","Šò•ŒŒ§","21201","Šò•ŒŽs","212010421003","çŽè“°“ì’¬ŽO’š–Ú","35.415926","136.749672","0","3"
"21","Šò•ŒŒ§","21201","Šò•ŒŽs","212010421004","çŽè“°“ì’¬Žl’š–Ú","35.415546","136.749756","0","3"
"21","Šò•ŒŒ§","21201","Šò•ŒŽs","212010422000","çô•~‰º","35.434185","136.774047","0","1"
"21","Šò•ŒŒ§","21201","Šò•ŒŽs","212010423000","çô•~‰º‘å“¹¼","35.434293","136.773550","0","1"
"21","Šò•ŒŒ§","21201","Šò•ŒŽs","212010424000","‘“c","35.440031","136.762439","0","1"
"21","Šò•ŒŒ§","21201","Šò•ŒŽs","212010425001","‘“c‘å’Êˆê’š–Ú","35.432456","136.749630","0","3"
"21","Šò•ŒŒ§","21201","Šò•ŒŽs","212010425002","‘“c‘å’Ê“ñ’š–Ú","35.435833","136.748453","0","3"
"21","Šò•ŒŒ§","21201","Šò•ŒŽs","212010426001","‘“c‰h’¬ˆê’š–Ú","35.434617","136.751061","0","3"
"21","Šò•ŒŒ§","21201","Šò•ŒŽs","212010426002","‘“c‰h’¬“ñ’š–Ú","35.435331","136.753852","0","3"
"21","Šò•ŒŒ§","21201","Šò•ŒŽs","212010426003","‘“c‰h’¬ŽO’š–Ú","35.435867","136.755814","0","3"
"21","Šò•ŒŒ§","21201","Šò•ŒŽs","212010426004","‘“c‰h’¬Žl’š–Ú","35.436330","136.757657","0","3"
"21","Šò•ŒŒ§","21201","Šò•ŒŽs","212010426005","‘“c‰h’¬ŒÜ’š–Ú","35.436782","136.759379","0","3"
"21","Šò•ŒŒ§","21201","Šò•ŒŽs","212010427001","‘“c’¬ˆê’š–Ú","35.431757","136.752745","0","3"
"21","Šò•ŒŒ§","21201","Šò•ŒŽs","212010427002","‘“c’¬“ñ’š–Ú","35.434444","136.752421","0","3"
"21","Šò•ŒŒ§","21201","Šò•ŒŽs","212010427003","‘“c’¬ŽO’š–Ú","35.436046","136.752479","0","3"
"21","Šò•ŒŒ§","21201","Šò•ŒŽs","212010427004","‘“c’¬Žl’š–Ú","35.437302","136.752178","0","3"
"21","Šò•ŒŒ§","21201","Šò•ŒŽs","212010428001","‘“c“Œ’¬ˆê’š–Ú","35.437568","136.766029","0","3"
"21","Šò•ŒŒ§","21201","Šò•ŒŽs","212010428002","‘“c“Œ’¬“ñ’š–Ú","35.437155","136.764496","0","3"
"21","Šò•ŒŒ§","21201","Šò•ŒŽs","212010428003","‘“c“Œ’¬ŽO’š–Ú","35.437622","136.763030","0","3"
"21","Šò•ŒŒ§","21201","Šò•ŒŽs","212010428004","‘“c“Œ’¬Žl’š–Ú","35.435802","136.763204","0","3"
"21","Šò•ŒŒ§","21201","Šò•ŒŽs","212010428005","‘“c“Œ’¬ŒÜ’š–Ú","35.434626","136.761897","0","3"
"21","Šò•ŒŒ§","21201","Šò•ŒŽs","212010428006","‘“c“Œ’¬˜Z’š–Ú","35.436754","136.761263","0","3"
"21","Šò•ŒŒ§","21201","Šò•ŒŽs","212010428007","‘“c“Œ’¬Žµ’š–Ú","35.438918","136.763775","0","3"
"21","Šò•ŒŒ§","21201","Šò•ŒŽs","212010428008","‘“c“Œ’¬”ª’š–Ú","35.438711","136.762606","0","3"
"21","Šò•ŒŒ§","21201","Šò•ŒŽs","212010428009","‘“c“Œ’¬‹ã’š–Ú","35.437767","136.761443","0","3"
"21","Šò•ŒŒ§","21201","Šò•ŒŽs","212010428010","‘“c“Œ’¬\’š–Ú","35.439134","136.761167","0","3"
"21","Šò•ŒŒ§","21201","Šò•ŒŽs","212010429001","‘“c–{’¬ˆê’š–Ú","35.436239","136.753957","0","3"
"21","Šò•ŒŒ§","21201","Šò•ŒŽs","212010429002","‘“c–{’¬“ñ’š–Ú","35.437129","136.754207","0","3"
"21","Šò•ŒŒ§","21201","Šò•ŒŽs","212010429003","‘“c–{’¬ŽO’š–Ú","35.438069","136.753681","0","3"
"21","Šò•ŒŒ§","21201","Šò•ŒŽs","212010429004","‘“c–{’¬Žl’š–Ú","35.438084","136.755322","0","3"
"21","Šò•ŒŒ§","21201","Šò•ŒŽs","212010430000","‘]‰ä‰®","35.426894","136.707280","0","1"
"21","Šò•ŒŒ§","21201","Šò•ŒŽs","212010431001","‘]‰ä‰®ˆê’š–Ú","35.431306","136.707290","0","3"
"21","Šò•ŒŒ§","21201","Šò•ŒŽs","212010431002","‘]‰ä‰®“ñ’š–Ú","35.431998","136.701647","0","3"
"21","Šò•ŒŒ§","21201","Šò•ŒŽs","212010431003","‘]‰ä‰®ŽO’š–Ú","35.428872","136.701288","0","3"
"21","Šò•ŒŒ§","21201","Šò•ŒŽs","212010431004","‘]‰ä‰®Žl’š–Ú","35.425489","136.701384","0","3"
"21","Šò•ŒŒ§","21201","Šò•ŒŽs","212010431005","‘]‰ä‰®ŒÜ’š–Ú","35.428232","136.704449","0","3"
"21","Šò•ŒŒ§","21201","Šò•ŒŽs","212010431006","‘]‰ä‰®˜Z’š–Ú","35.424983","136.708080","0","3"
"21","Šò•ŒŒ§","21201","Šò•ŒŽs","212010431007","‘]‰ä‰®Žµ’š–Ú","35.426499","136.710828","0","3"
"21","Šò•ŒŒ§","21201","Šò•ŒŽs","212010431008","‘]‰ä‰®”ª’š–Ú","35.430854","136.711667","0","3"
"21","Šò•ŒŒ§","21201","Šò•ŒŽs","212010432001","‘åŠw–kˆê’š–Ú","35.471902","136.734317","0","3"
"21","Šò•ŒŒ§","21201","Šò•ŒŽs","212010432002","‘åŠw–k“ñ’š–Ú","35.473512","136.728884","0","3"
"21","Šò•ŒŒ§","21201","Šò•ŒŽs","212010432003","‘åŠw–kŽO’š–Ú","35.474488","136.725834","0","3"
"21","Šò•ŒŒ§","21201","Šò•ŒŽs","212010433001","‘åŠw¼ˆê’š–Ú","35.466317","136.732989","0","3"
"21","Šò•ŒŒ§","21201","Šò•ŒŽs","212010433002","‘åŠw¼“ñ’š–Ú","35.467504","136.729249","0","3"
"21","Šò•ŒŒ§","21201","Šò•ŒŽs","212010434000","‘åH’¬","35.433142","136.765697","0","1"
"21","Šò•ŒŒ§","21201","Šò•ŒŽs","212010435001","‘å•’¬ˆê’š–Ú","35.412134","136.772834","0","3"
"21","Šò•ŒŒ§","21201","Šò•ŒŽs","212010435002","‘å•’¬“ñ’š–Ú","35.412049","136.775249","0","3"
"21","Šò•ŒŒ§","21201","Šò•ŒŽs","212010435003","‘å•’¬ŽO’š–Ú","35.411951","136.777979","0","3"
"21","Šò•ŒŒ§","21201","Šò•ŒŽs","212010435004","‘å•’¬Žl’š–Ú","35.411849","136.780912","0","3"
"21","Šò•ŒŒ§","21201","Šò•ŒŽs","212010435005","‘å•’¬ŒÜ’š–Ú","35.411747","136.783887","0","3"
"21","Šò•ŒŒ§","21201","Šò•ŒŽs","212010436000","‘å³’¬","35.420375","136.753935","0","1"
"21","Šò•ŒŒ§","21201","Šò•ŒŽs","212010437001","‘å•Ÿ’¬ˆê’š–Ú","35.433775","136.740232","0","3"
"21","Šò•ŒŒ§","21201","Šò•ŒŽs","212010437002","‘å•Ÿ’¬“ñ’š–Ú","35.434370","136.740278","0","3"
"21","Šò•ŒŒ§","21201","Šò•ŒŽs","212010437003","‘å•Ÿ’¬ŽO’š–Ú","35.434853","136.740354","0","3"
"21","Šò•ŒŒ§","21201","Šò•ŒŽs","212010437004","‘å•Ÿ’¬Žl’š–Ú","35.435211","136.740591","0","3"
"21","Šò•ŒŒ§","21201","Šò•ŒŽs","212010437005","‘å•Ÿ’¬ŒÜ’š–Ú","35.435550","136.738026","0","3"
"21","Šò•ŒŒ§","21201","Šò•ŒŽs","212010437006","‘å•Ÿ’¬˜Z’š–Ú","35.436555","136.739577","0","3"
"21","Šò•ŒŒ§","21201","Šò•ŒŽs","212010437007","‘å•Ÿ’¬Žµ’š–Ú","35.436940","136.739841","0","3"
"21","Šò•ŒŒ§","21201","Šò•ŒŽs","212010437008","‘å•Ÿ’¬”ª’š–Ú","35.437443","136.739607","0","3"
"21","Šò•ŒŒ§","21201","Šò•ŒŽs","212010437009","‘å•Ÿ’¬‹ã’š–Ú","35.438013","136.739360","0","3"
"21","Šò•ŒŒ§","21201","Šò•ŒŽs","212010437010","‘å•Ÿ’¬\’š–Ú","35.439213","136.736023","0","3"
"21","Šò•ŒŒ§","21201","Šò•ŒŽs","212010438000","‘å•§’¬","35.432586","136.771120","0","1"
"21","Šò•ŒŒ§","21201","Šò•ŒŽs","212010439001","‘¾•½’¬ˆê’š–Ú","35.449233","136.773324","0","3"
"21","Šò•ŒŒ§","21201","Šò•ŒŽs","212010439002","‘¾•½’¬“ñ’š–Ú","35.449526","136.770902","0","3"
"21","Šò•ŒŒ§","21201","Šò•ŒŽs","212010440001","‘å•ó’¬ˆê’š–Ú","35.415092","136.752288","0","3"
"21","Šò•ŒŒ§","21201","Šò•ŒŽs","212010440002","‘å•ó’¬“ñ’š–Ú","35.414258","136.752520","0","3"
"21","Šò•ŒŒ§","21201","Šò•ŒŽs","212010440003","‘å•ó’¬ŽO’š–Ú","35.414593","136.751781","0","3"
"21","Šò•ŒŒ§","21201","Šò•ŒŽs","212010441000","‘å–å’¬","35.424603","136.765008","0","1"
"21","Šò•ŒŒ§","21201","Šò•ŒŽs","212010442001","‚”ö’¬ˆê’š–Ú","35.416592","136.766416","0","3"
"21","Šò•ŒŒ§","21201","Šò•ŒŽs","212010442002","‚”ö’¬“ñ’š–Ú","35.415983","136.766307","0","3"
"21","Šò•ŒŒ§","21201","Šò•ŒŽs","212010443000","‚‰ÍŒ´","35.379151","136.704861","0","1"
"21","Šò•ŒŒ§","21201","Šò•ŒŽs","212010444001","‚»’¬ˆê’š–Ú","35.410015","136.759536","0","3"
"21","Šò•ŒŒ§","21201","Šò•ŒŽs","212010444002","‚»’¬“ñ’š–Ú","35.409465","136.761023","0","3"
"21","Šò•ŒŒ§","21201","Šò•ŒŽs","212010444003","‚»’¬ŽO’š–Ú","35.409135","136.763252","0","3"
"21","Šò•ŒŒ§","21201","Šò•ŒŽs","212010444004","‚»’¬Žl’š–Ú","35.408954","136.764560","0","3"
"21","Šò•ŒŒ§","21201","Šò•ŒŽs","212010444005","‚»’¬ŒÜ’š–Ú","35.408921","136.766089","0","3"
"21","Šò•ŒŒ§","21201","Šò•ŒŽs","212010445001","‚“cˆê’š–Ú","35.402298","136.811319","0","3"
"21","Šò•ŒŒ§","21201","Šò•ŒŽs","212010445002","‚“c“ñ’š–Ú","35.399771","136.810505","0","3"
"21","Šò•ŒŒ§","21201","Šò•ŒŽs","212010445003","‚“cŽO’š–Ú","35.396342","136.809637","0","3"
"21","Šò•ŒŒ§","21201","Šò•ŒŽs","212010445004","‚“cŽl’š–Ú","35.396216","136.812008","0","3"
"21","Šò•ŒŒ§","21201","Šò•ŒŽs","212010445005","‚“cŒÜ’š–Ú","35.396188","136.814947","0","3"
"21","Šò•ŒŒ§","21201","Šò•ŒŽs","212010445006","‚“c˜Z’š–Ú","35.399454","136.813431","0","3"
"21","Šò•ŒŒ§","21201","Šò•ŒŽs","212010446000","‘é‘ƒ—¡…’JŒû","35.428848","136.788424","0","1"
"21","Šò•ŒŒ§","21201","Šò•ŒŽs","212010447001","‚–ì’¬ˆê’š–Ú","35.421432","136.756679","0","3"
"21","Šò•ŒŒ§","21201","Šò•ŒŽs","212010447002","‚–ì’¬“ñ’š–Ú","35.420038","136.756275","0","3"
"21","Šò•ŒŒ§","21201","Šò•ŒŽs","212010447003","‚–ì’¬ŽO’š–Ú","35.418686","136.756038","0","3"
"21","Šò•ŒŒ§","21201","Šò•ŒŽs","212010447004","‚–ì’¬Žl’š–Ú","35.416680","136.756084","0","3"
"21","Šò•ŒŒ§","21201","Šò•ŒŽs","212010447005","‚–ì’¬ŒÜ’š–Ú","35.415741","136.756028","0","3"
"21","Šò•ŒŒ§","21201","Šò•ŒŽs","212010447006","‚–ì’¬˜Z’š–Ú","35.414295","136.756041","0","3"
"21","Šò•ŒŒ§","21201","Šò•ŒŽs","212010447007","‚–ì’¬Žµ’š–Ú","35.413422","136.756061","0","3"
"21","Šò•ŒŒ§","21201","Šò•ŒŽs","212010448000","‘½‰ê’¬","35.421455","136.764224","0","1"
"21","Šò•ŒŒ§","21201","Šò•ŒŽs","212010449000","“c_","35.410873","136.772432","0","1"
"21","Šò•ŒŒ§","21201","Šò•ŒŽs","212010450000","‘éŒ©’¬","35.423686","136.759424","0","1"
"21","Šò•ŒŒ§","21201","Šò•ŒŽs","212010451003","“c_’¬ŽO’š–Ú","35.410303","136.776718","0","3"
"21","Šò•ŒŒ§","21201","Šò•ŒŽs","212010452001","‚X’¬ˆê’š–Ú","35.416270","136.765495","0","3"
"21","Šò•ŒŒ§","21201","Šò•ŒŽs","212010452002","‚X’¬“ñ’š–Ú","35.413990","136.765634","0","3"
"21","Šò•ŒŒ§","21201","Šò•ŒŽs","212010452003","‚X’¬ŽO’š–Ú","35.413575","136.766186","0","3"
"21","Šò•ŒŒ§","21201","Šò•ŒŽs","212010452004","‚X’¬Žl’š–Ú","35.412661","136.765558","0","3"
"21","Šò•ŒŒ§","21201","Šò•ŒŽs","212010452005","‚X’¬ŒÜ’š–Ú","35.411028","136.766070","0","3"
"21","Šò•ŒŒ§","21201","Šò•ŒŽs","212010452006","‚X’¬˜Z’š–Ú","35.410321","136.765932","0","3"
"21","Šò•ŒŒ§","21201","Šò•ŒŽs","212010452007","‚X’¬Žµ’š–Ú","35.409557","136.766052","0","3"
"21","Šò•ŒŒ§","21201","Šò•ŒŽs","212010453000","“c¶‰z’¬","35.411068","136.765017","0","1"
"21","Šò•ŒŒ§","21201","Šò•ŒŽs","212010454000","’B–Ú‰AŽR","35.429872","136.792740","0","1"
"21","Šò•ŒŒ§","21201","Šò•ŒŽs","212010455000","’B–Ú“´","35.431180","136.793227","0","1"
"21","Šò•ŒŒ§","21201","Šò•ŒŽs","212010456001","—³“c’¬ˆê’š–Ú","35.416305","136.767352","0","3"
"21","Šò•ŒŒ§","21201","Šò•ŒŽs","212010456002","—³“c’¬“ñ’š–Ú","35.414751","136.767082","0","3"
"21","Šò•ŒŒ§","21201","Šò•ŒŽs","212010456003","—³“c’¬ŽO’š–Ú","35.413816","136.767040","0","3"
"21","Šò•ŒŒ§","21201","Šò•ŒŽs","212010456004","—³“c’¬Žl’š–Ú","35.412769","136.767417","0","3"
"21","Šò•ŒŒ§","21201","Šò•ŒŽs","212010456005","—³“c’¬ŒÜ’š–Ú","35.410898","136.767221","0","3"
"21","Šò•ŒŒ§","21201","Šò•ŒŽs","212010456006","—³“c’¬˜Z’š–Ú","35.409671","136.767301","0","3"
"21","Šò•ŒŒ§","21201","Šò•ŒŽs","212010456007","—³“c’¬Žµ’š–Ú","35.408037","136.767360","0","3"
"21","Šò•ŒŒ§","21201","Šò•ŒŽs","212010456008","—³“c’¬”ª’š–Ú","35.407151","136.767372","0","3"
"21","Šò•ŒŒ§","21201","Šò•ŒŽs","212010456009","—³“c’¬‹ã’š–Ú","35.404952","136.766838","0","3"
"21","Šò•ŒŒ§","21201","Šò•ŒŽs","212010457000","—§“´","35.430357","136.776928","0","1"
"21","Šò•ŒŒ§","21201","Šò•ŒŽs","212010458000","“c’[’¬","35.416286","136.769163","0","1"
"21","Šò•ŒŒ§","21201","Šò•ŒŽs","212010459000","‹Êˆä’¬","35.437375","136.771443","0","1"
"21","Šò•ŒŒ§","21201","Šò•ŒŽs","212010460001","‹Ê‹{’¬ˆê’š–Ú","35.414080","136.758129","0","3"
"21","Šò•ŒŒ§","21201","Šò•ŒŽs","212010460002","‹Ê‹{’¬“ñ’š–Ú","35.412991","136.757995","0","3"
"21","Šò•ŒŒ§","21201","Šò•ŒŽs","212010461000","‹ÊX’¬","35.414149","136.758883","0","1"
"21","Šò•ŒŒ§","21201","Šò•ŒŽs","212010462000","‘¾˜YŠÛ","35.487744","136.806992","0","1"
"21","Šò•ŒŒ§","21201","Šò•ŒŽs","212010463000","‘¾˜YŠÛ–k‰Y","35.495564","136.823181","0","1"
"21","Šò•ŒŒ§","21201","Šò•ŒŽs","212010464000","‘¾˜YŠÛ–k‹½","35.494273","136.810664","0","1"
"21","Šò•ŒŒ§","21201","Šò•ŒŽs","212010465000","‘¾˜YŠÛV‰®•~","35.492250","136.822959","0","1"
"21","Šò•ŒŒ§","21201","Šò•ŒŽs","212010466000","‘¾˜YŠÛz–K","35.495157","136.815627","0","1"
"21","Šò•ŒŒ§","21201","Šò•ŒŽs","212010467000","‘¾˜YŠÛ’m”V“¹","35.495649","136.805565","0","1"
"21","Šò•ŒŒ§","21201","Šò•ŒŽs","212010468000","‘¾˜YŠÛ’†“‡","35.491225","136.817491","0","1"
"21","Šò•ŒŒ§","21201","Šò•ŒŽs","212010469000","‘¾˜YŠÛ–ì“c","35.491298","136.807580","0","1"
"21","Šò•ŒŒ§","21201","Šò•ŒŽs","212010470000","‘¾˜YŠÛŒü—Ç","35.499566","136.807646","0","1"
"21","Šò•ŒŒ§","21201","Šò•ŒŽs","212010471000","’U“‡","35.434893","136.717781","0","1"
"21","Šò•ŒŒ§","21201","Šò•ŒŽs","212010472001","’U“‡ˆê’š–Ú","35.431449","136.724942","0","3"
"21","Šò•ŒŒ§","21201","Šò•ŒŽs","212010472002","’U“‡“ñ’š–Ú","35.431997","136.722538","0","3"
"21","Šò•ŒŒ§","21201","Šò•ŒŽs","212010472003","’U“‡ŽO’š–Ú","35.431820","136.719539","0","3"
"21","Šò•ŒŒ§","21201","Šò•ŒŽs","212010472004","’U“‡Žl’š–Ú","35.434699","136.719433","0","3"
"21","Šò•ŒŒ§","21201","Šò•ŒŽs","212010472005","’U“‡ŒÜ’š–Ú","35.434365","136.722553","0","3"
"21","Šò•ŒŒ§","21201","Šò•ŒŽs","212010472006","’U“‡˜Z’š–Ú","35.433622","136.725781","0","3"
"21","Šò•ŒŒ§","21201","Šò•ŒŽs","212010473001","’U“‡’†ˆê’š–Ú","35.435367","136.726440","0","3"
"21","Šò•ŒŒ§","21201","Šò•ŒŽs","212010473002","’U“‡’†“ñ’š–Ú","35.435981","136.722283","0","3"
"21","Šò•ŒŒ§","21201","Šò•ŒŽs","212010474001","’U“‡’†’¬ˆê’š–Ú","35.437048","136.724674","0","3"
"21","Šò•ŒŒ§","21201","Šò•ŒŽs","212010474002","’U“‡’†’¬“ñ’š–Ú","35.437249","136.722837","0","3"
"21","Šò•ŒŒ§","21201","Šò•ŒŽs","212010475001","’U“‡¼’¬ˆê’š–Ú","35.437113","136.721161","0","3"
"21","Šò•ŒŒ§","21201","Šò•ŒŽs","212010476001","’U“‡‹{’¬ˆê’š–Ú","35.436382","136.729013","0","3"
"21","Šò•ŒŒ§","21201","Šò•ŒŽs","212010476002","’U“‡‹{’¬“ñ’š–Ú","35.436508","136.727744","0","3"
"21","Šò•ŒŒ§","21201","Šò•ŒŽs","212010476003","’U“‡‹{’¬ŽO’š–Ú","35.436629","136.726366","0","3"
"21","Šò•ŒŒ§","21201","Šò•ŒŽs","212010477000","’ƒ‰®V“c","35.361159","136.690718","0","1"
"21","Šò•ŒŒ§","21201","Šò•ŒŽs","212010478001","’ƒ‰®V“cˆê’š–Ú","35.366271","136.698511","0","3"
"21","Šò•ŒŒ§","21201","Šò•ŒŽs","212010478002","’ƒ‰®V“c“ñ’š–Ú","35.365552","136.695546","0","3"
"21","Šò•ŒŒ§","21201","Šò•ŒŽs","212010478003","’ƒ‰®V“cŽO’š–Ú","35.365838","136.700664","0","3"
"21","Šò•ŒŒ§","21201","Šò•ŒŽs","212010478004","’ƒ‰®V“cŽl’š–Ú","35.363155","136.697925","0","3"
"21","Šò•ŒŒ§","21201","Šò•ŒŽs","212010478005","’ƒ‰®V“cŒÜ’š–Ú","35.361152","136.695754","0","3"
"21","Šò•ŒŒ§","21201","Šò•ŒŽs","212010478006","’ƒ‰®V“c˜Z’š–Ú","35.358009","136.696129","0","3"
"21","Šò•ŒŒ§","21201","Šò•ŒŽs","212010479000","’‰ßŽO’š–Ú“ì’¬","35.428736","136.755689","0","1"
"21","Šò•ŒŒ§","21201","Šò•ŒŽs","212010480001","’‰ß’¬ˆê’š–Ú","35.430220","136.758897","0","3"
"21","Šò•ŒŒ§","21201","Šò•ŒŽs","212010480002","’‰ß’¬“ñ’š–Ú","35.429842","136.756907","0","3"
"21","Šò•ŒŒ§","21201","Šò•ŒŽs","212010480003","’‰ß’¬ŽO’š–Ú","35.429466","136.755432","0","3"
"21","Šò•ŒŒ§","21201","Šò•ŒŽs","212010480004","’‰ß’¬Žl’š–Ú","35.429029","136.752322","0","3"
"21","Šò•ŒŒ§","21201","Šò•ŒŽs","212010480005","’‰ß’¬ŒÜ’š–Ú","35.428498","136.749418","0","3"
"21","Šò•ŒŒ§","21201","Šò•ŒŽs","212010481000","’·ŽÒ’¬","35.421404","136.745087","0","1"
"21","Šò•ŒŒ§","21201","Šò•ŒŽs","212010482001","ç‘ã“c’¬ˆê’š–Ú","35.444606","136.772047","0","3"
"21","Šò•ŒŒ§","21201","Šò•ŒŽs","212010482002","ç‘ã“c’¬“ñ’š–Ú","35.445200","136.768913","0","3"
"21","Šò•ŒŒ§","21201","Šò•ŒŽs","212010483000","Ži’¬","35.426836","136.760535","0","1"
"21","Šò•ŒŒ§","21201","Šò•ŒŽs","212010484001","ŒŽ‹u’¬ˆê’š–Ú","35.416277","136.773051","0","3"
"21","Šò•ŒŒ§","21201","Šò•ŒŽs","212010484002","ŒŽ‹u’¬“ñ’š–Ú","35.416209","136.775470","0","3"
"21","Šò•ŒŒ§","21201","Šò•ŒŽs","212010484003","ŒŽ‹u’¬ŽO’š–Ú","35.415986","136.778553","0","3"
"21","Šò•ŒŒ§","21201","Šò•ŒŽs","212010484004","ŒŽ‹u’¬Žl’š–Ú","35.415966","136.781644","0","3"
"21","Šò•ŒŒ§","21201","Šò•ŒŽs","212010484005","ŒŽ‹u’¬ŒÜ’š–Ú","35.415883","136.784129","0","3"
"21","Šò•ŒŒ§","21201","Šò•ŒŽs","212010485001","ŒŽƒm‰ï’¬ˆê’š–Ú","35.419526","136.778204","0","3"
"21","Šò•ŒŒ§","21201","Šò•ŒŽs","212010485002","ŒŽƒm‰ï’¬“ñ’š–Ú","35.419354","136.783055","0","3"
"21","Šò•ŒŒ§","21201","Šò•ŒŽs","212010486001","’Ã“‡’¬ˆê’š–Ú","35.433605","136.750980","0","3"
"21","Šò•ŒŒ§","21201","Šò•ŒŽs","212010486002","’Ã“‡’¬“ñ’š–Ú","35.434008","136.750976","0","3"
"21","Šò•ŒŒ§","21201","Šò•ŒŽs","212010486003","’Ã“‡’¬ŽO’š–Ú","35.434331","136.754021","0","3"
"21","Šò•ŒŒ§","21201","Šò•ŒŽs","212010486004","’Ã“‡’¬Žl’š–Ú","35.434853","136.756152","0","3"
"21","Šò•ŒŒ§","21201","Šò•ŒŽs","212010486005","’Ã“‡’¬ŒÜ’š–Ú","35.434963","136.757915","0","3"
"21","Šò•ŒŒ§","21201","Šò•ŒŽs","212010486006","’Ã“‡’¬˜Z’š–Ú","35.435585","136.759644","0","3"
"21","Šò•ŒŒ§","21201","Šò•ŒŽs","212010487000","’Ö“´","35.487895","136.761254","0","1"
"21","Šò•ŒŒ§","21201","Šò•ŒŽs","212010488000","’Ü","35.382970","136.714109","0","1"
"21","Šò•ŒŒ§","21201","Šò•ŒŽs","212010489001","’ß“c’¬ˆê’š–Ú","35.416290","136.767926","0","3"
"21","Šò•ŒŒ§","21201","Šò•ŒŽs","212010489002","’ß“c’¬“ñ’š–Ú","35.414796","136.768119","0","3"
"21","Šò•ŒŒ§","21201","Šò•ŒŽs","212010489003","’ß“c’¬ŽO’š–Ú","35.412659","136.769755","0","3"
"21","Šò•ŒŒ§","21201","Šò•ŒŽs","212010489004","’ß“c’¬Žl’š–Ú","35.410946","136.768130","0","3"
"21","Šò•ŒŒ§","21201","Šò•ŒŽs","212010490001","’ß•‘’¬ˆê’š–Ú","35.414848","136.769615","0","3"
"21","Šò•ŒŒ§","21201","Šò•ŒŽs","212010490002","’ß•‘’¬“ñ’š–Ú","35.414859","136.770871","0","3"
"21","Šò•ŒŒ§","21201","Šò•ŒŽs","212010491000","’ßŒ©’¬","35.420964","136.777164","0","1"
"21","Šò•ŒŒ§","21201","Šò•ŒŽs","212010492000","’çŠO","35.436256","136.772119","0","1"
"21","Šò•ŒŒ§","21201","Šò•ŒŽs","212010493000","Žè—Í’¬","35.392332","136.801774","0","1"
"21","Šò•ŒŒ§","21201","Šò•ŒŽs","212010494001","“O–¾’Êˆê’š–Ú","35.417367","136.758898","0","3"
"21","Šò•ŒŒ§","21201","Šò•ŒŽs","212010494002","“O–¾’Ê“ñ’š–Ú","35.417383","136.757694","0","3"
"21","Šò•ŒŒ§","21201","Šò•ŒŽs","212010494003","“O–¾’ÊŽO’š–Ú","35.417381","136.755713","0","3"
"21","Šò•ŒŒ§","21201","Šò•ŒŽs","212010494004","“O–¾’ÊŽl’š–Ú","35.417420","136.754106","0","3"
"21","Šò•ŒŒ§","21201","Šò•ŒŽs","212010494005","“O–¾’ÊŒÜ’š–Ú","35.417659","136.751485","0","3"
"21","Šò•ŒŒ§","21201","Šò•ŒŽs","212010494006","“O–¾’Ê˜Z’š–Ú","35.417587","136.749750","0","3"
"21","Šò•ŒŒ§","21201","Šò•ŒŽs","212010494007","“O–¾’ÊŽµ’š–Ú","35.417248","136.747948","0","3"
"21","Šò•ŒŒ§","21201","Šò•ŒŽs","212010494008","“O–¾’Ê”ª’š–Ú","35.416774","136.746161","0","3"
"21","Šò•ŒŒ§","21201","Šò•ŒŽs","212010495000","o‰®•~","35.523366","136.824331","0","1"
"21","Šò•ŒŒ§","21201","Šò•ŒŽs","212010496001","Ž›“‡’¬ˆê’š–Ú","35.415657","136.752557","0","3"
"21","Šò•ŒŒ§","21201","Šò•ŒŽs","212010496002","Ž›“‡’¬“ñ’š–Ú","35.414192","136.750836","0","3"
"21","Šò•ŒŒ§","21201","Šò•ŒŽs","212010496003","Ž›“‡’¬ŽO’š–Ú","35.413337","136.749735","0","3"
"21","Šò•ŒŒ§","21201","Šò•ŒŽs","212010497000","Ž›“c","35.419229","136.708457","0","1"
"21","Šò•ŒŒ§","21201","Šò•ŒŽs","212010498001","Ž›“cˆê’š–Ú","35.422092","136.706306","0","3"
"21","Šò•ŒŒ§","21201","Šò•ŒŽs","212010498002","Ž›“c“ñ’š–Ú","35.419059","136.705683","0","3"
"21","Šò•ŒŒ§","21201","Šò•ŒŽs","212010498003","Ž›“cŽO’š–Ú","35.416148","136.705174","0","3"
"21","Šò•ŒŒ§","21201","Šò•ŒŽs","212010498004","Ž›“cŽl’š–Ú","35.422066","136.702570","0","3"
"21","Šò•ŒŒ§","21201","Šò•ŒŽs","212010498005","Ž›“cŒÜ’š–Ú","35.419080","136.702644","0","3"
"21","Šò•ŒŒ§","21201","Šò•ŒŽs","212010498006","Ž›“c˜Z’š–Ú","35.416085","136.702900","0","3"
"21","Šò•ŒŒ§","21201","Šò•ŒŽs","212010498007","Ž›“cŽµ’š–Ú","35.420536","136.700102","0","3"
"21","Šò•ŒŒ§","21201","Šò•ŒŽs","212010499000","Ž›’¬","35.419082","136.766550","0","1"
"21","Šò•ŒŒ§","21201","Šò•ŒŽs","212010500000","“V_’¬","35.427761","136.754164","0","1"
"21","Šò•ŒŒ§","21201","Šò•ŒŽs","212010501000","“V‰¤’¬","35.414347","136.764999","0","1"
"21","Šò•ŒŒ§","21201","Šò•ŒŽs","212010502001","“Œ‰h’¬ˆê’š–Ú","35.414810","136.772851","0","3"
"21","Šò•ŒŒ§","21201","Šò•ŒŽs","212010502002","“Œ‰h’¬“ñ’š–Ú","35.414740","136.775391","0","3"
"21","Šò•ŒŒ§","21201","Šò•ŒŽs","212010502003","“Œ‰h’¬ŽO’š–Ú","35.414640","136.778329","0","3"
"21","Šò•ŒŒ§","21201","Šò•ŒŽs","212010502004","“Œ‰h’¬Žl’š–Ú","35.414515","136.781392","0","3"
"21","Šò•ŒŒ§","21201","Šò•ŒŽs","212010502005","“Œ‰h’¬ŒÜ’š–Ú","35.413934","136.784033","0","3"
"21","Šò•ŒŒ§","21201","Šò•ŒŽs","212010503000","“¡‰E‰q–å–k“´","35.428862","136.772292","0","1"
"21","Šò•ŒŒ§","21201","Šò•ŒŽs","212010504000","“¡‰E‰q–å“Œ“´","35.428254","136.775667","0","1"
"21","Šò•ŒŒ§","21201","Šò•ŒŽs","212010505000","“¡‰E‰q–å“ì“´","35.427596","136.774085","0","1"
"21","Šò•ŒŒ§","21201","Šò•ŒŽs","212010506000","“Œ‹»’¬","35.416500","136.782707","0","1"
"21","Šò•ŒŒ§","21201","Šò•ŒŽs","212010507000","“¹ŽO’¬","35.445824","136.763848","0","1"
"21","Šò•ŒŒ§","21201","Šò•ŒŽs","212010508000","í”Õ’¬","35.426776","136.764691","0","1"
"21","Šò•ŒŒ§","21201","Šò•ŒŽs","212010509001","“a’¬ˆê’š–Ú","35.418538","136.763381","0","3"
"21","Šò•ŒŒ§","21201","Šò•ŒŽs","212010509002","“a’¬“ñ’š–Ú","35.418263","136.765196","0","3"
"21","Šò•ŒŒ§","21201","Šò•ŒŽs","212010509003","“a’¬ŽO’š–Ú","35.417885","136.766865","0","3"
"21","Šò•ŒŒ§","21201","Šò•ŒŽs","212010509004","“a’¬Žl’š–Ú","35.417703","136.768349","0","3"
"21","Šò•ŒŒ§","21201","Šò•ŒŽs","212010509005","“a’¬ŒÜ’š–Ú","35.417525","136.769649","0","3"
"21","Šò•ŒŒ§","21201","Šò•ŒŽs","212010509006","“a’¬˜Z’š–Ú","35.417242","136.771277","0","3"
"21","Šò•ŒŒ§","21201","Šò•ŒŽs","212010510000","•x‘ò’¬","35.415468","136.736262","0","1"
"21","Šò•ŒŒ§","21201","Šò•ŒŽs","212010511000","ŠOŽR","35.532365","136.689789","0","1"
"21","Šò•ŒŒ§","21201","Šò•ŒŽs","212010512000","–L‰ª’¬","35.416249","136.735521","0","1"
"21","Šò•ŒŒ§","21201","Šò•ŒŽs","212010513000","’†","35.469219","136.708319","0","1"
"21","Šò•ŒŒ§","21201","Šò•ŒŽs","212010514001","’†ˆê’š–Ú","35.466035","136.705152","0","3"
"21","Šò•ŒŒ§","21201","Šò•ŒŽs","212010514002","’†“ñ’š–Ú","35.469177","136.704361","0","3"
"21","Šò•ŒŒ§","21201","Šò•ŒŽs","212010515001","’†êGˆê’š–Ú","35.387252","136.733841","0","3"
"21","Šò•ŒŒ§","21201","Šò•ŒŽs","212010515002","’†êG“ñ’š–Ú","35.384924","136.733385","0","3"
"21","Šò•ŒŒ§","21201","Šò•ŒŽs","212010515003","’†êGŽO’š–Ú","35.382841","136.733252","0","3"
"21","Šò•ŒŒ§","21201","Šò•ŒŽs","212010515004","’†êGŽl’š–Ú","35.380072","136.734860","0","3"
"21","Šò•ŒŒ§","21201","Šò•ŒŽs","212010515005","’†êGŒÜ’š–Ú","35.380224","136.731909","0","3"
"21","Šò•ŒŒ§","21201","Šò•ŒŽs","212010515006","’†êG˜Z’š–Ú","35.380302","136.729618","0","3"
"21","Šò•ŒŒ§","21201","Šò•ŒŽs","212010515007","’†êGŽµ’š–Ú","35.377810","136.732336","0","3"
"21","Šò•ŒŒ§","21201","Šò•ŒŽs","212010516000","’†‘åŒK’¬","35.434791","136.766652","0","1"
"21","Šò•ŒŒ§","21201","Šò•ŒŽs","212010517001","’†ìŒ´ˆê’š–Ú","35.442654","136.799146","0","3"
"21","Šò•ŒŒ§","21201","Šò•ŒŽs","212010517002","’†ìŒ´“ñ’š–Ú","35.445207","136.799080","0","3"
"21","Šò•ŒŒ§","21201","Šò•ŒŽs","212010517003","’†ìŒ´ŽO’š–Ú","35.445356","136.801469","0","3"
"21","Šò•ŒŒ§","21201","Šò•ŒŽs","212010517004","’†ìŒ´Žl’š–Ú","35.443222","136.802289","0","3"
"21","Šò•ŒŒ§","21201","Šò•ŒŽs","212010517005","’†ìŒ´ŒÜ’š–Ú","35.444714","136.805387","0","3"
"21","Šò•ŒŒ§","21201","Šò•ŒŽs","212010518000","’†¼‹½","35.468100","136.692267","0","1"
"21","Šò•ŒŒ§","21201","Šò•ŒŽs","212010519001","’†¼‹½ˆê’š–Ú","35.464827","136.699643","0","3"
"21","Šò•ŒŒ§","21201","Šò•ŒŽs","212010519002","’†¼‹½“ñ’š–Ú","35.465233","136.695324","0","3"
"21","Šò•ŒŒ§","21201","Šò•ŒŽs","212010519003","’†¼‹½ŽO’š–Ú","35.468976","136.700603","0","3"
"21","Šò•ŒŒ§","21201","Šò•ŒŽs","212010519004","’†¼‹½Žl’š–Ú","35.469293","136.697404","0","3"
"21","Šò•ŒŒ§","21201","Šò•ŒŽs","212010519005","’†¼‹½ŒÜ’š–Ú","35.468674","136.694954","0","3"
"21","Šò•ŒŒ§","21201","Šò•ŒŽs","212010519006","’†¼‹½˜Z’š–Ú","35.471664","136.692362","0","3"
"21","Šò•ŒŒ§","21201","Šò•ŒŽs","212010519007","’†¼‹½Žµ’š–Ú","35.472564","136.697693","0","3"
"21","Šò•ŒŒ§","21201","Šò•ŒŽs","212010520000","’†V’¬","35.432709","136.767334","0","1"
"21","Šò•ŒŒ§","21201","Šò•ŒŽs","212010521000","’†F’¬","35.401306","136.764498","0","1"
"21","Šò•ŒŒ§","21201","Šò•ŒŽs","212010522001","’·Z’¬ˆê’š–Ú","35.411921","136.762879","0","3"
"21","Šò•ŒŒ§","21201","Šò•ŒŽs","212010522002","’·Z’¬“ñ’š–Ú","35.411963","136.760957","0","3"
"21","Šò•ŒŒ§","21201","Šò•ŒŽs","212010522003","’·Z’¬ŽO’š–Ú","35.412368","136.758439","0","3"
"21","Šò•ŒŒ§","21201","Šò•ŒŽs","212010522004","’·Z’¬Žl’š–Ú","35.412341","136.757498","0","3"
"21","Šò•ŒŒ§","21201","Šò•ŒŽs","212010522005","’·Z’¬ŒÜ’š–Ú","35.412596","136.755843","0","3"
"21","Šò•ŒŒ§","21201","Šò•ŒŽs","212010522006","’·Z’¬˜Z’š–Ú","35.412639","136.754396","0","3"
"21","Šò•ŒŒ§","21201","Šò•ŒŽs","212010522007","’·Z’¬Žµ’š–Ú","35.412651","136.752407","0","3"
"21","Šò•ŒŒ§","21201","Šò•ŒŽs","212010522008","’·Z’¬”ª’š–Ú","35.412645","136.750341","0","3"
"21","Šò•ŒŒ§","21201","Šò•ŒŽs","212010522009","’·Z’¬‹ã’š–Ú","35.412586","136.748379","0","3"
"21","Šò•ŒŒ§","21201","Šò•ŒŽs","212010522010","’·Z’¬\’š–Ú","35.412653","136.746539","0","3"
"21","Šò•ŒŒ§","21201","Šò•ŒŽs","212010523000","’†’|‰®’¬","35.430156","136.765538","0","1"
"21","Šò•ŒŒ§","21201","Šò•ŒŽs","212010524000","‰i“c’¬","35.427001","136.751822","0","1"
"21","Šò•ŒŒ§","21201","Šò•ŒŽs","212010525001","’·Šø’¬ˆê’š–Ú","35.414309","136.760674","0","3"
"21","Šò•ŒŒ§","21201","Šò•ŒŽs","212010525002","’·Šø’¬“ñ’š–Ú","35.414231","136.761849","0","3"
"21","Šò•ŒŒ§","21201","Šò•ŒŽs","212010526000","’†“¹–k","35.417616","136.774592","0","1"
"21","Šò•ŒŒ§","21201","Šò•ŒŽs","212010527000","’·XŠâŒË","35.424615","136.788241","0","1"
"21","Šò•ŒŒ§","21201","Šò•ŒŽs","212010528000","’·X×”¨","35.400469","136.782840","0","1"
"21","Šò•ŒŒ§","21201","Šò•ŒŽs","212010529001","’·X–{’¬ˆê’š–Ú","35.421060","136.798814","0","3"
"21","Šò•ŒŒ§","21201","Šò•ŒŽs","212010529002","’·X–{’¬“ñ’š–Ú","35.415643","136.798026","0","3"
"21","Šò•ŒŒ§","21201","Šò•ŒŽs","212010530000","’†‰®¼","35.489975","136.836413","0","1"
"21","Šò•ŒŒ§","21201","Šò•ŒŽs","212010531000","’†‰®“Œ","35.488683","136.840608","0","1"
"21","Šò•ŒŒ§","21201","Šò•ŒŽs","212010532000","’·—Ç","35.452218","136.793337","0","1"
"21","Šò•ŒŒ§","21201","Šò•ŒŽs","212010533001","’·—Çˆê’š–Ú","35.450706","136.781203","0","3"
"21","Šò•ŒŒ§","21201","Šò•ŒŽs","212010533002","’·—Ç“ñ’š–Ú","35.451356","136.782830","0","3"
"21","Šò•ŒŒ§","21201","Šò•ŒŽs","212010533003","’·—ÇŽO’š–Ú","35.453346","136.781941","0","3"
"21","Šò•ŒŒ§","21201","Šò•ŒŽs","212010533004","’·—ÇŽl’š–Ú","35.453232","136.780084","0","3"
"21","Šò•ŒŒ§","21201","Šò•ŒŽs","212010533005","’·—ÇŒÜ’š–Ú","35.451930","136.780036","0","3"
"21","Šò•ŒŒ§","21201","Šò•ŒŽs","212010534001","’·—Çˆ¨’¬ˆê’š–Ú","35.446992","136.775901","0","3"
"21","Šò•ŒŒ§","21201","Šò•ŒŽs","212010534002","’·—Çˆ¨’¬“ñ’š–Ú","35.447054","136.775370","0","3"
"21","Šò•ŒŒ§","21201","Šò•ŒŽs","212010535001","’·—Ç—L–¾’¬ˆê’š–Ú","35.443614","136.776101","0","3"
"21","Šò•ŒŒ§","21201","Šò•ŒŽs","212010535002","’·—Ç—L–¾’¬“ñ’š–Ú","35.443441","136.777450","0","3"
"21","Šò•ŒŒ§","21201","Šò•ŒŽs","212010535003","’·—Ç—L–¾’¬ŽO’š–Ú","35.443327","136.778815","0","3"
"21","Šò•ŒŒ§","21201","Šò•ŒŽs","212010536000","’·—Çˆä“c","35.449409","136.784142","0","1"
"21","Šò•ŒŒ§","21201","Šò•ŒŽs","212010537000","’·—ÇˆêŠy","35.453290","136.783332","0","1"
"21","Šò•ŒŒ§","21201","Šò•ŒŽs","212010538001","’·—Ç‘å˜Hˆê’š–Ú","35.445214","136.775710","0","3"
"21","Šò•ŒŒ§","21201","Šò•ŒŽs","212010538002","’·—Ç‘å˜H“ñ’š–Ú","35.444150","136.775555","0","3"
"21","Šò•ŒŒ§","21201","Šò•ŒŽs","212010539001","’·—Ç‘å‘O’¬ˆê’š–Ú","35.442322","136.778676","0","3"
"21","Šò•ŒŒ§","21201","Šò•ŒŽs","212010539002","’·—Ç‘å‘O’¬“ñ’š–Ú","35.442330","136.777755","0","3"
"21","Šò•ŒŒ§","21201","Šò•ŒŽs","212010540001","’·—Ç‹uˆê’š–Ú","35.441872","136.772904","0","3"
"21","Šò•ŒŒ§","21201","Šò•ŒŽs","212010540002","’·—Ç‹u“ñ’š–Ú","35.441717","136.771446","0","3"
"21","Šò•ŒŒ§","21201","Šò•ŒŽs","212010541000","’·—Ç‰œ‹½","35.459813","136.777557","0","1"
"21","Šò•ŒŒ§","21201","Šò•ŒŽs","212010542000","’·—Ç—Y‘","35.447566","136.796846","0","1"
"21","Šò•ŒŒ§","21201","Šò•ŒŽs","212010543001","’·—ÇŠC—p’¬ˆê’š–Ú","35.448362","136.776636","0","3"
"21","Šò•ŒŒ§","21201","Šò•ŒŽs","212010543002","’·—ÇŠC—p’¬“ñ’š–Ú","35.448221","136.778993","0","3"
"21","Šò•ŒŒ§","21201","Šò•ŒŽs","212010544000","’·—Ç‹à•É’¬","35.442514","136.776893","0","1"
"21","Šò•ŒŒ§","21201","Šò•ŒŽs","212010545001","’·—ÇZ‘O’¬ˆê’š–Ú","35.446392","136.776601","0","3"
"21","Šò•ŒŒ§","21201","Šò•ŒŽs","212010545002","’·—ÇZ‘O’¬“ñ’š–Ú","35.446273","136.777787","0","3"
"21","Šò•ŒŒ§","21201","Šò•ŒŽs","212010545003","’·—ÇZ‘O’¬ŽO’š–Ú","35.445585","136.779311","0","3"
"21","Šò•ŒŒ§","21201","Šò•ŒŽs","212010545004","’·—ÇZ‘O’¬Žl’š–Ú","35.445498","136.781367","0","3"
"21","Šò•ŒŒ§","21201","Šò•ŒŽs","212010545005","’·—ÇZ‘O’¬ŒÜ’š–Ú","35.445163","136.783945","0","3"
"21","Šò•ŒŒ§","21201","Šò•ŒŽs","212010546000","’·—ÇZ•¶’¬","35.446698","136.778576","0","1"
"21","Šò•ŒŒ§","21201","Šò•ŒŽs","212010547001","’·—ÇK˜a’¬ˆê’š–Ú","35.451092","136.777748","0","3"
"21","Šò•ŒŒ§","21201","Šò•ŒŽs","212010547002","’·—ÇK˜a’¬“ñ’š–Ú","35.450930","136.779479","0","3"
"21","Šò•ŒŒ§","21201","Šò•ŒŽs","212010547003","’·—ÇK˜a’¬ŽO’š–Ú","35.450443","136.782629","0","3"
"21","Šò•ŒŒ§","21201","Šò•ŒŽs","212010548000","’·—ÇŽq³‰ê","35.454664","136.777957","0","1"
"21","Šò•ŒŒ§","21201","Šò•ŒŽs","212010549001","’·—Ç¬¼’¬ˆê’š–Ú","35.450602","136.777625","0","3"
"21","Šò•ŒŒ§","21201","Šò•ŒŽs","212010549002","’·—Ç¬¼’¬“ñ’š–Ú","35.450427","136.779227","0","3"
"21","Šò•ŒŒ§","21201","Šò•ŒŽs","212010549003","’·—Ç¬¼’¬ŽO’š–Ú","35.450039","136.781598","0","3"
"21","Šò•ŒŒ§","21201","Šò•ŒŽs","212010550001","’·—Ç÷ˆä’¬ˆê’š–Ú","35.443794","136.777600","0","3"
"21","Šò•ŒŒ§","21201","Šò•ŒŽs","212010550002","’·—Ç÷ˆä’¬“ñ’š–Ú","35.443723","136.778847","0","3"
"21","Šò•ŒŒ§","21201","Šò•ŒŽs","212010550003","’·—Ç÷ˆä’¬ŽO’š–Ú","35.443519","136.781215","0","3"
"21","Šò•ŒŒ§","21201","Šò•ŒŽs","212010550004","’·—Ç÷ˆä’¬Žl’š–Ú","35.443469","136.783110","0","3"
"21","Šò•ŒŒ§","21201","Šò•ŒŽs","212010551000","’·—ÇŽu’iŒ©","35.449172","136.804212","0","1"
"21","Šò•ŒŒ§","21201","Šò•ŒŽs","212010552001","’·—Ç”’–­’¬ˆê’š–Ú","35.444171","136.777646","0","3"
"21","Šò•ŒŒ§","21201","Šò•ŒŽs","212010552002","’·—Ç”’–­’¬“ñ’š–Ú","35.444101","136.779011","0","3"
"21","Šò•ŒŒ§","21201","Šò•ŒŽs","212010553001","’·—Çé¼’¬ˆê’š–Ú","35.447838","136.776955","0","3"
"21","Šò•ŒŒ§","21201","Šò•ŒŽs","212010553002","’·—Çé¼’¬“ñ’š–Ú","35.447759","136.778781","0","3"
"21","Šò•ŒŒ§","21201","Šò•ŒŽs","212010554001","’·—Ç^¶’¬ˆê’š–Ú","35.448998","136.776730","0","3"
"21","Šò•ŒŒ§","21201","Šò•ŒŽs","212010554002","’·—Ç^¶’¬“ñ’š–Ú","35.448741","136.779068","0","3"
"21","Šò•ŒŒ§","21201","Šò•ŒŽs","212010554003","’·—Ç^¶’¬ŽO’š–Ú","35.448251","136.781412","0","3"
"21","Šò•ŒŒ§","21201","Šò•ŒŽs","212010555001","’·—Ç™”T’¬ˆê’š–Ú","35.445415","136.776535","0","3"
"21","Šò•ŒŒ§","21201","Šò•ŒŽs","212010555002","’·—Ç™”T’¬“ñ’š–Ú","35.445379","136.777721","0","3"
"21","Šò•ŒŒ§","21201","Šò•ŒŽs","212010555003","’·—Ç™”T’¬ŽO’š–Ú","35.445286","136.778996","0","3"
"21","Šò•ŒŒ§","21201","Šò•ŒŽs","212010555004","’·—Ç™”T’¬Žl’š–Ú","35.445155","136.781293","0","3"
"21","Šò•ŒŒ§","21201","Šò•ŒŽs","212010555005","’·—Ç™”T’¬ŒÜ’š–Ú","35.445051","136.783015","0","3"
"21","Šò•ŒŒ§","21201","Šò•ŒŽs","212010556001","’·—Çå“c’¬ˆê’š–Ú","35.452123","136.777765","0","3"
"21","Šò•ŒŒ§","21201","Šò•ŒŽs","212010556002","’·—Çå“c’¬“ñ’š–Ú","35.451997","136.779244","0","3"
"21","Šò•ŒŒ§","21201","Šò•ŒŽs","212010557000","’·—Ç‚—ä’¬","35.444543","136.776272","0","1"
"21","Šò•ŒŒ§","21201","Šò•ŒŽs","212010558001","’·—Ç“Œ‹½’¬ˆê’š–Ú","35.444542","136.777740","0","3"
"21","Šò•ŒŒ§","21201","Šò•ŒŽs","212010558002","’·—Ç“Œ‹½’¬“ñ’š–Ú","35.444498","136.778898","0","3"
"21","Šò•ŒŒ§","21201","Šò•ŒŽs","212010558003","’·—Ç“Œ‹½’¬ŽO’š–Ú","35.444361","136.781167","0","3"
"21","Šò•ŒŒ§","21201","Šò•ŒŽs","212010558004","’·—Ç“Œ‹½’¬Žl’š–Ú","35.444225","136.783367","0","3"
"21","Šò•ŒŒ§","21201","Šò•ŒŽs","212010559000","’·—Ç—F£","35.457359","136.777584","0","1"
"21","Šò•ŒŒ§","21201","Šò•ŒŽs","212010560001","’·—Ç“ì—z’¬ˆê’š–Ú","35.443263","136.775865","0","3"
"21","Šò•ŒŒ§","21201","Šò•ŒŽs","212010560002","’·—Ç“ì—z’¬“ñ’š–Ú","35.443047","136.777402","0","3"
"21","Šò•ŒŒ§","21201","Šò•ŒŽs","212010560003","’·—Ç“ì—z’¬ŽO’š–Ú","35.442920","136.778788","0","3"
"21","Šò•ŒŒ§","21201","Šò•ŒŽs","212010561000","’·—Ç¼–ì‘O","35.453226","136.777833","0","1"
"21","Šò•ŒŒ§","21201","Šò•ŒŽs","212010562000","’·—Ç¼ŽR‘O","35.455707","136.780366","0","1"
"21","Šò•ŒŒ§","21201","Šò•ŒŽs","212010563000","’·—Çt“c","35.452277","136.784203","0","1"
"21","Šò•ŒŒ§","21201","Šò•ŒŽs","212010564001","’·—Ç“Œˆê’š–Ú","35.446978","136.786366","0","3"
"21","Šò•ŒŒ§","21201","Šò•ŒŽs","212010564002","’·—Ç“Œ“ñ’š–Ú","35.449737","136.786582","0","3"
"21","Šò•ŒŒ§","21201","Šò•ŒŽs","212010564003","’·—Ç“ŒŽO’š–Ú","35.449475","136.789329","0","3"
"21","Šò•ŒŒ§","21201","Šò•ŒŽs","212010565001","’·—Ç“Œ’¬ˆê’š–Ú","35.447220","136.776984","0","3"
"21","Šò•ŒŒ§","21201","Šò•ŒŽs","212010565002","’·—Ç“Œ’¬“ñ’š–Ú","35.447205","136.778837","0","3"
"21","Šò•ŒŒ§","21201","Šò•ŒŽs","212010566000","’·—Ç•Ÿò","35.456163","136.782848","0","1"
"21","Šò•ŒŒ§","21201","Šò•ŒŽs","212010567001","’·—Ç•Ÿ]’¬ˆê’š–Ú","35.449547","136.776859","0","3"
"21","Šò•ŒŒ§","21201","Šò•ŒŽs","212010567002","’·—Ç•Ÿ]’¬“ñ’š–Ú","35.449253","136.779339","0","3"
"21","Šò•ŒŒ§","21201","Šò•ŒŽs","212010567003","’·—Ç•Ÿ]’¬ŽO’š–Ú","35.449103","136.780489","0","3"
"21","Šò•ŒŒ§","21201","Šò•ŒŽs","212010568000","’·—Ç•ŸŒõ","35.450603","136.775182","0","1"
"21","Šò•ŒŒ§","21201","Šò•ŒŽs","212010569000","’·—ÇŒÃ’Ã","35.453285","136.816623","0","1"
"21","Šò•ŒŒ§","21201","Šò•ŒŽs","212010570000","’·—Ç–@‹vŽ›’¬","35.442665","136.775747","0","1"
"21","Šò•ŒŒ§","21201","Šò•ŒŽs","212010571001","’·—Ç‹{Œû’¬ˆê’š–Ú","35.444939","136.779811","0","3"
"21","Šò•ŒŒ§","21201","Šò•ŒŽs","212010571002","’·—Ç‹{Œû’¬“ñ’š–Ú","35.443859","136.779773","0","3"
"21","Šò•ŒŒ§","21201","Šò•ŒŽs","212010571003","’·—Ç‹{Œû’¬ŽO’š–Ú","35.442689","136.779677","0","3"
"21","Šò•ŒŒ§","21201","Šò•ŒŽs","212010572001","’·—Ç‹{˜H’¬ˆê’š–Ú","35.450069","136.777002","0","3"
"21","Šò•ŒŒ§","21201","Šò•ŒŽs","212010572002","’·—Ç‹{˜H’¬“ñ’š–Ú","35.449826","136.779244","0","3"
"21","Šò•ŒŒ§","21201","Šò•ŒŽs","212010572003","’·—Ç‹{˜H’¬ŽO’š–Ú","35.449627","136.781247","0","3"
"21","Šò•ŒŒ§","21201","Šò•ŒŽs","212010573001","’·—ÇX’¬ˆê’š–Ú","35.451651","136.777743","0","3"
"21","Šò•ŒŒ§","21201","Šò•ŒŽs","212010573002","’·—ÇX’¬“ñ’š–Ú","35.451343","136.779513","0","3"
"21","Šò•ŒŒ§","21201","Šò•ŒŽs","212010574000","’·—Ç—LŠy’¬","35.444432","136.776808","0","1"
"21","Šò•ŒŒ§","21201","Šò•ŒŽs","212010575001","’·—Ç—³“Œ’¬ˆê’š–Ú","35.453900","136.784415","0","3"
"21","Šò•ŒŒ§","21201","Šò•ŒŽs","212010575002","’·—Ç—³“Œ’¬“ñ’š–Ú","35.453104","136.784069","0","3"
"21","Šò•ŒŒ§","21201","Šò•ŒŽs","212010575003","’·—Ç—³“Œ’¬ŽO’š–Ú","35.453389","136.785429","0","3"
"21","Šò•ŒŒ§","21201","Šò•ŒŽs","212010575004","’·—Ç—³“Œ’¬Žl’š–Ú","35.452060","136.785645","0","3"
"21","Šò•ŒŒ§","21201","Šò•ŒŽs","212010575005","’·—Ç—³“Œ’¬ŒÜ’š–Ú","35.453205","136.787117","0","3"
"21","Šò•ŒŒ§","21201","Šò•ŒŽs","212010576001","’·—ÇŽá—t’¬ˆê’š–Ú","35.444901","136.777804","0","3"
"21","Šò•ŒŒ§","21201","Šò•ŒŽs","212010576002","’·—ÇŽá—t’¬“ñ’š–Ú","35.444902","136.778951","0","3"
"21","Šò•ŒŒ§","21201","Šò•ŒŽs","212010577001","˜Q‰Ô’¬ˆê’š–Ú","35.422639","136.751084","0","3"
"21","Šò•ŒŒ§","21201","Šò•ŒŽs","212010577002","˜Q‰Ô’¬“ñ’š–Ú","35.422834","136.749954","0","3"
"21","Šò•ŒŒ§","21201","Šò•ŒŽs","212010578000","ŽŸ–Ø","35.380181","136.711352","0","1"
"21","Šò•ŒŒ§","21201","Šò•ŒŽs","212010579000","“ë’¬","35.401447","136.767565","0","1"
"21","Šò•ŒŒ§","21201","Šò•ŒŽs","212010580000","¼H‘ò","35.502391","136.695870","0","1"
"21","Šò•ŒŒ§","21201","Šò•ŒŽs","212010581001","¼H‘òˆê’š–Ú","35.493745","136.696471","0","3"
"21","Šò•ŒŒ§","21201","Šò•ŒŽs","212010581002","¼H‘ò“ñ’š–Ú","35.500060","136.695045","0","3"
"21","Šò•ŒŒ§","21201","Šò•ŒŽs","212010582000","¼–¾Œ©’¬","35.397673","136.763396","0","1"
"21","Šò•ŒŒ§","21201","Šò•ŒŽs","212010583001","¼êGˆê’š–Ú","35.384895","136.728414","0","3"
"21","Šò•ŒŒ§","21201","Šò•ŒŽs","212010583002","¼êG“ñ’š–Ú","35.382332","136.726467","0","3"
"21","Šò•ŒŒ§","21201","Šò•ŒŽs","212010583003","¼êGŽO’š–Ú","35.379353","136.727508","0","3"
"21","Šò•ŒŒ§","21201","Šò•ŒŽs","212010583004","¼êGŽl’š–Ú","35.379261","136.725211","0","3"
"21","Šò•ŒŒ§","21201","Šò•ŒŽs","212010583005","¼êGŒÜ’š–Ú","35.379477","136.723111","0","3"
"21","Šò•ŒŒ§","21201","Šò•ŒŽs","212010583006","¼êG˜Z’š–Ú","35.379723","136.720925","0","3"
"21","Šò•ŒŒ§","21201","Šò•ŒŽs","212010584000","¼‰ü“c","35.448552","136.706482","0","1"
"21","Šò•ŒŒ§","21201","Šò•ŒŽs","212010585000","¼‰ü“cã‚Ì’¬","35.450323","136.700787","0","1"
"21","Šò•ŒŒ§","21201","Šò•ŒŽs","212010586000","¼‰ü“cæ“¹","35.442628","136.703321","0","1"
"21","Šò•ŒŒ§","21201","Šò•ŒŽs","212010587000","¼‰ü“c‰Ä”~","35.448250","136.701090","0","1"
"21","Šò•ŒŒ§","21201","Šò•ŒŽs","212010588000","¼‰ü“c“Œ‰ü“c“ü‰ï’n","35.446393","136.704546","0","1"
"21","Šò•ŒŒ§","21201","Šò•ŒŽs","212010589000","¼‰ü“cŽµÎ","35.451874","136.702489","0","1"
"21","Šò•ŒŒ§","21201","Šò•ŒŽs","212010590000","¼‰ü“c¼‚Ì–Ø","35.444370","136.701527","0","1"
"21","Šò•ŒŒ§","21201","Šò•ŒŽs","212010591000","¼‰ü“c‹{¼","35.446406","136.703121","0","1"
"21","Šò•ŒŒ§","21201","Šò•ŒŽs","212010592000","¼‰ü“c‘º‘O","35.446575","136.700348","0","1"
"21","Šò•ŒŒ§","21201","Šò•ŒŽs","212010593001","¼ìŽèˆê’š–Ú","35.391006","136.762619","0","3"
"21","Šò•ŒŒ§","21201","Šò•ŒŽs","212010593002","¼ìŽè“ñ’š–Ú","35.391286","136.759929","0","3"
"21","Šò•ŒŒ§","21201","Šò•ŒŽs","212010593003","¼ìŽèŽO’š–Ú","35.388905","136.762485","0","3"
"21","Šò•ŒŒ§","21201","Šò•ŒŽs","212010593004","¼ìŽèŽl’š–Ú","35.388968","136.759688","0","3"
"21","Šò•ŒŒ§","21201","Šò•ŒŽs","212010593005","¼ìŽèŒÜ’š–Ú","35.387178","136.761382","0","3"
"21","Šò•ŒŒ§","21201","Šò•ŒŽs","212010593006","¼ìŽè˜Z’š–Ú","35.385615","136.761594","0","3"
"21","Šò•ŒŒ§","21201","Šò•ŒŽs","212010593007","¼ìŽèŽµ’š–Ú","35.383656","136.761837","0","3"
"21","Šò•ŒŒ§","21201","Šò•ŒŽs","212010593008","¼ìŽè”ª’š–Ú","35.381950","136.763251","0","3"
"21","Šò•ŒŒ§","21201","Šò•ŒŽs","212010593009","¼ìŽè‹ã’š–Ú","35.381572","136.765027","0","3"
"21","Šò•ŒŒ§","21201","Šò•ŒŽs","212010593010","¼ìŽè\’š–Ú","35.379928","136.763503","0","3"
"21","Šò•ŒŒ§","21201","Šò•ŒŽs","212010594001","‹Ñ’¬ˆê’š–Ú","35.413889","136.744721","0","3"
"21","Šò•ŒŒ§","21201","Šò•ŒŽs","212010594002","‹Ñ’¬“ñ’š–Ú","35.413471","136.743395","0","3"
"21","Šò•ŒŒ§","21201","Šò•ŒŽs","212010594003","‹Ñ’¬ŽO’š–Ú","35.412986","136.742032","0","3"
"21","Šò•ŒŒ§","21201","Šò•ŒŽs","212010594004","‹Ñ’¬Žl’š–Ú","35.412625","136.740902","0","3"
"21","Šò•ŒŒ§","21201","Šò•ŒŽs","212010594005","‹Ñ’¬ŒÜ’š–Ú","35.412315","136.739583","0","3"
"21","Šò•ŒŒ§","21201","Šò•ŒŽs","212010594006","‹Ñ’¬˜Z’š–Ú","35.411565","136.735939","0","3"
"21","Šò•ŒŒ§","21201","Šò•ŒŽs","212010595001","¼‰Í“nˆê’š–Ú","35.408483","136.694727","0","3"
"21","Šò•ŒŒ§","21201","Šò•ŒŽs","212010595002","¼‰Í“n“ñ’š–Ú","35.410996","136.694720","0","3"
"21","Šò•ŒŒ§","21201","Šò•ŒŽs","212010595003","¼‰Í“nŽO’š–Ú","35.413788","136.694754","0","3"
"21","Šò•ŒŒ§","21201","Šò•ŒŽs","212010595004","¼‰Í“nŽl’š–Ú","35.416783","136.694759","0","3"
"21","Šò•ŒŒ§","21201","Šò•ŒŽs","212010595005","¼‰Í“nŒÜ’š–Ú","35.420018","136.694741","0","3"
"21","Šò•ŒŒ§","21201","Šò•ŒŽs","212010596000","¼‹î’Ü’¬","35.416255","136.763150","0","1"
"21","Šò•ŒŒ§","21201","Šò•ŒŽs","212010597000","¼Þ–Ø’¬","35.435490","136.767952","0","1"
"21","Šò•ŒŒ§","21201","Šò•ŒŽs","212010598000","¼“‡’¬","35.426955","136.732661","0","1"
"21","Šò•ŒŒ§","21201","Šò•ŒŽs","212010599000","¼‰€’¬","35.420746","136.762233","0","1"
"21","Šò•ŒŒ§","21201","Šò•ŒŽs","212010600001","¼‹Ê‹{’¬ˆê’š–Ú","35.414022","136.757547","0","3"
"21","Šò•ŒŒ§","21201","Šò•ŒŽs","212010600002","¼‹Ê‹{’¬“ñ’š–Ú","35.412982","136.757479","0","3"
"21","Šò•ŒŒ§","21201","Šò•ŒŽs","212010601001","¼’†“‡ˆê’š–Ú","35.425346","136.725838","0","3"
"21","Šò•ŒŒ§","21201","Šò•ŒŽs","212010601002","¼’†“‡“ñ’š–Ú","35.424032","136.722161","0","3"
"21","Šò•ŒŒ§","21201","Šò•ŒŽs","212010601003","¼’†“‡ŽO’š–Ú","35.426151","136.722585","0","3"
"21","Šò•ŒŒ§","21201","Šò•ŒŽs","212010601004","¼’†“‡Žl’š–Ú","35.427883","136.723088","0","3"
"21","Šò•ŒŒ§","21201","Šò•ŒŽs","212010601005","¼’†“‡ŒÜ’š–Ú","35.428396","136.719211","0","3"
"21","Šò•ŒŒ§","21201","Šò•ŒŽs","212010601006","¼’†“‡˜Z’š–Ú","35.430136","136.719462","0","3"
"21","Šò•ŒŒ§","21201","Šò•ŒŽs","212010601007","¼’†“‡Žµ’š–Ú","35.429758","136.723296","0","3"
"21","Šò•ŒŒ§","21201","Šò•ŒŽs","212010602000","¼‘‘","35.411843","136.728151","0","1"
"21","Šò•ŒŒ§","21201","Šò•ŒŽs","212010603001","¼‘‘ˆê’š–Ú","35.408953","136.727744","0","3"
"21","Šò•ŒŒ§","21201","Šò•ŒŽs","212010603002","¼‘‘“ñ’š–Ú","35.407406","136.724978","0","3"
"21","Šò•ŒŒ§","21201","Šò•ŒŽs","212010603003","¼‘‘ŽO’š–Ú","35.407263","136.721783","0","3"
"21","Šò•ŒŒ§","21201","Šò•ŒŽs","212010603004","¼‘‘Žl’š–Ú","35.406758","136.719035","0","3"
"21","Šò•ŒŒ§","21201","Šò•ŒŽs","212010604001","¼–ì’¬ˆê’š–Ú","35.428168","136.758771","0","3"
"21","Šò•ŒŒ§","21201","Šò•ŒŽs","212010604002","¼–ì’¬“ñ’š–Ú","35.428492","136.758293","0","3"
"21","Šò•ŒŒ§","21201","Šò•ŒŽs","212010604003","¼–ì’¬ŽO’š–Ú","35.428019","136.756052","0","3"
"21","Šò•ŒŒ§","21201","Šò•ŒŽs","212010604004","¼–ì’¬Žl’š–Ú","35.426839","136.755206","0","3"
"21","Šò•ŒŒ§","21201","Šò•ŒŽs","212010604005","¼–ì’¬ŒÜ’š–Ú","35.425803","136.752818","0","3"
"21","Šò•ŒŒ§","21201","Šò•ŒŽs","212010604006","¼–ì’¬˜Z’š–Ú","35.424427","136.750165","0","3"
"21","Šò•ŒŒ§","21201","Šò•ŒŽs","212010604007","¼–ì’¬Žµ’š–Ú","35.423576","136.748115","0","3"
"21","Šò•ŒŒ§","21201","Šò•ŒŽs","212010604008","¼–ì’¬”ª’š–Ú","35.422953","136.746773","0","3"
"21","Šò•ŒŒ§","21201","Šò•ŒŽs","212010604009","¼–ì’¬‹ã’š–Ú","35.422514","136.745363","0","3"
"21","Šò•ŒŒ§","21201","Šò•ŒŽs","212010605000","¼–ì’¬˜Z’š–Ú–k’¬","35.424718","136.749487","0","1"
"21","Šò•ŒŒ§","21201","Šò•ŒŽs","212010606000","¼–ì’¬Žµ’š–Ú–k’¬","35.424038","136.748067","0","1"
"21","Šò•ŒŒ§","21201","Šò•ŒŽs","212010607001","“úŒõ’¬ˆê’š–Ú","35.433265","136.742337","0","3"
"21","Šò•ŒŒ§","21201","Šò•ŒŽs","212010607002","“úŒõ’¬“ñ’š–Ú","35.433785","136.742656","0","3"
"21","Šò•ŒŒ§","21201","Šò•ŒŽs","212010607003","“úŒõ’¬ŽO’š–Ú","35.434166","136.743283","0","3"
"21","Šò•ŒŒ§","21201","Šò•ŒŽs","212010607004","“úŒõ’¬Žl’š–Ú","35.434552","136.743541","0","3"
"21","Šò•ŒŒ§","21201","Šò•ŒŽs","212010607005","“úŒõ’¬ŒÜ’š–Ú","35.435034","136.743623","0","3"
"21","Šò•ŒŒ§","21201","Šò•ŒŽs","212010607006","“úŒõ’¬˜Z’š–Ú","35.435352","136.744501","0","3"
"21","Šò•ŒŒ§","21201","Šò•ŒŽs","212010607007","“úŒõ’¬Žµ’š–Ú","35.435751","136.744678","0","3"
"21","Šò•ŒŒ§","21201","Šò•ŒŽs","212010607008","“úŒõ’¬”ª’š–Ú","35.436427","136.744003","0","3"
"21","Šò•ŒŒ§","21201","Šò•ŒŽs","212010607009","“úŒõ’¬‹ã’š–Ú","35.436905","136.744923","0","3"
"21","Šò•ŒŒ§","21201","Šò•ŒŽs","212010608000","“ñ”Ô’¬","35.418071","136.761450","0","1"
"21","Šò•ŒŒ§","21201","Šò•ŒŽs","212010609000","•z‰®’¬","35.432292","136.766642","0","1"
"21","Šò•ŒŒ§","21201","Šò•ŒŽs","212010610001","–ìˆêFˆê’š–Ú","35.419948","136.802461","0","3"
"21","Šò•ŒŒ§","21201","Šò•ŒŽs","212010610002","–ìˆêF“ñ’š–Ú","35.417031","136.801279","0","3"
"21","Šò•ŒŒ§","21201","Šò•ŒŽs","212010610003","–ìˆêFŽO’š–Ú","35.414567","136.801273","0","3"
"21","Šò•ŒŒ§","21201","Šò•ŒŽs","212010610004","–ìˆêFŽl’š–Ú","35.411275","136.800770","0","3"
"21","Šò•ŒŒ§","21201","Šò•ŒŽs","212010610005","–ìˆêFŒÜ’š–Ú","35.412099","136.806158","0","3"
"21","Šò•ŒŒ§","21201","Šò•ŒŽs","212010610006","–ìˆêF˜Z’š–Ú","35.414766","136.805885","0","3"
"21","Šò•ŒŒ§","21201","Šò•ŒŽs","212010610007","–ìˆêFŽµ’š–Ú","35.417112","136.805772","0","3"
"21","Šò•ŒŒ§","21201","Šò•ŒŽs","212010610008","–ìˆêF”ª’š–Ú","35.420433","136.806902","0","3"
"21","Šò•ŒŒ§","21201","Šò•ŒŽs","212010611000","‘¥•","35.446261","136.741672","0","1"
"21","Šò•ŒŒ§","21201","Šò•ŒŽs","212010612001","‘¥•’†ˆê’š–Ú","35.438995","136.745014","0","3"
"21","Šò•ŒŒ§","21201","Šò•ŒŽs","212010612002","‘¥•’†“ñ’š–Ú","35.440031","136.740431","0","3"
"21","Šò•ŒŒ§","21201","Šò•ŒŽs","212010612003","‘¥•’†ŽO’š–Ú","35.443920","136.741148","0","3"
"21","Šò•ŒŒ§","21201","Šò•ŒŽs","212010612004","‘¥•’†Žl’š–Ú","35.442210","136.743731","0","3"
"21","Šò•ŒŒ§","21201","Šò•ŒŽs","212010613001","‘¥•¼ˆê’š–Ú","35.441314","136.734677","0","3"
"21","Šò•ŒŒ§","21201","Šò•ŒŽs","212010613002","‘¥•¼“ñ’š–Ú","35.443955","136.735771","0","3"
"21","Šò•ŒŒ§","21201","Šò•ŒŽs","212010614001","‘¥•“Œˆê’š–Ú","35.441127","136.751720","0","3"
"21","Šò•ŒŒ§","21201","Šò•ŒŽs","212010614002","‘¥•“Œ“ñ’š–Ú","35.440168","136.748334","0","3"
"21","Šò•ŒŒ§","21201","Šò•ŒŽs","212010614003","‘¥•“ŒŽO’š–Ú","35.442811","136.747553","0","3"
"21","Šò•ŒŒ§","21201","Šò•ŒŽs","212010614004","‘¥•“ŒŽl’š–Ú","35.443834","136.749506","0","3"
"21","Šò•ŒŒ§","21201","Šò•ŒŽs","212010615000","‘¥¼","35.490732","136.709120","0","1"
"21","Šò•ŒŒ§","21201","Šò•ŒŽs","212010616001","‘¥¼ˆê’š–Ú","35.483335","136.703072","0","3"
"21","Šò•ŒŒ§","21201","Šò•ŒŽs","212010616002","‘¥¼“ñ’š–Ú","35.486432","136.700724","0","3"
"21","Šò•ŒŒ§","21201","Šò•ŒŽs","212010616003","‘¥¼ŽO’š–Ú","35.491334","136.702415","0","3"
"21","Šò•ŒŒ§","21201","Šò•ŒŽs","212010616004","‘¥¼Žl’š–Ú","35.495559","136.707365","0","3"
"21","Šò•ŒŒ§","21201","Šò•ŒŽs","212010616005","‘¥¼ŒÜ’š–Ú","35.495769","136.699752","0","3"
"21","Šò•ŒŒ§","21201","Šò•ŒŽs","212010617000","”~—Ñ","35.418342","136.769639","0","1"
"21","Šò•ŒŒ§","21201","Šò•ŒŽs","212010618000","”~—Ñ¼’¬","35.418393","136.768200","0","1"
"21","Šò•ŒŒ§","21201","Šò•ŒŽs","212010619000","”~—Ñ“ì’¬","35.417896","136.770577","0","1"
"21","Šò•ŒŒ§","21201","Šò•ŒŽs","212010620001","”’ŽR’¬ˆê’š–Ú","35.411799","136.764737","0","3"
"21","Šò•ŒŒ§","21201","Šò•ŒŽs","212010620002","”’ŽR’¬“ñ’š–Ú","35.412160","136.766451","0","3"
"21","Šò•ŒŒ§","21201","Šò•ŒŽs","212010620003","”’ŽR’¬ŽO’š–Ú","35.411982","136.767669","0","3"
"21","Šò•ŒŒ§","21201","Šò•ŒŽs","212010621001","‰Hˆß’¬ˆê’š–Ú","35.413454","136.744839","0","3"
"21","Šò•ŒŒ§","21201","Šò•ŒŽs","212010621002","‰Hˆß’¬“ñ’š–Ú","35.413099","136.743587","0","3"
"21","Šò•ŒŒ§","21201","Šò•ŒŽs","212010621003","‰Hˆß’¬ŽO’š–Ú","35.412616","136.742216","0","3"
"21","Šò•ŒŒ§","21201","Šò•ŒŽs","212010621004","‰Hˆß’¬Žl’š–Ú","35.412260","136.741199","0","3"
"21","Šò•ŒŒ§","21201","Šò•ŒŽs","212010621005","‰Hˆß’¬ŒÜ’š–Ú","35.411896","136.739789","0","3"
"21","Šò•ŒŒ§","21201","Šò•ŒŽs","212010621006","‰Hˆß’¬˜Z’š–Ú","35.411547","136.738116","0","3"
"21","Šò•ŒŒ§","21201","Šò•ŒŽs","212010622000","’[‹l’¬","35.424614","136.760684","0","1"
"21","Šò•ŒŒ§","21201","Šò•ŒŽs","212010623001","‹´–{’¬ˆê’š–Ú","35.410112","136.756781","0","3"
"21","Šò•ŒŒ§","21201","Šò•ŒŽs","212010623002","‹´–{’¬“ñ’š–Ú","35.410593","136.753242","0","3"
"21","Šò•ŒŒ§","21201","Šò•ŒŽs","212010623003","‹´–{’¬ŽO’š–Ú","35.410621","136.749497","0","3"
"21","Šò•ŒŒ§","21201","Šò•ŒŽs","212010624000","”ª”¦’¬","35.415803","136.758828","0","1"
"21","Šò•ŒŒ§","21201","Šò•ŒŽs","212010625000","–I‰®’¬","35.433265","136.766825","0","1"
"21","Šò•ŒŒ§","21201","Šò•ŒŽs","212010626000","‰‰¹’¬","35.423638","136.764686","0","1"
"21","Šò•ŒŒ§","21201","Šò•ŒŽs","212010627001","‰“ú’¬ˆê’š–Ú","35.447428","136.773218","0","3"
"21","Šò•ŒŒ§","21201","Šò•ŒŽs","212010627002","‰“ú’¬“ñ’š–Ú","35.447678","136.770694","0","3"
"21","Šò•ŒŒ§","21201","Šò•ŒŽs","212010628001","‰Ô‘ò’¬ˆê’š–Ú","35.415755","136.773044","0","3"
"21","Šò•ŒŒ§","21201","Šò•ŒŽs","212010628002","‰Ô‘ò’¬“ñ’š–Ú","35.415731","136.775445","0","3"
"21","Šò•ŒŒ§","21201","Šò•ŒŽs","212010628003","‰Ô‘ò’¬ŽO’š–Ú","35.415560","136.778482","0","3"
"21","Šò•ŒŒ§","21201","Šò•ŒŽs","212010628004","‰Ô‘ò’¬Žl’š–Ú","35.415535","136.781573","0","3"
"21","Šò•ŒŒ§","21201","Šò•ŒŽs","212010628005","‰Ô‘ò’¬ŒÜ’š–Ú","35.415428","136.784107","0","3"
"21","Šò•ŒŒ§","21201","Šò•ŒŽs","212010629000","‰Ô‰€’¬","35.412093","136.752352","0","1"
"21","Šò•ŒŒ§","21201","Šò•ŒŽs","212010630000","•@‚“´","35.437318","136.788981","0","1"
"21","Šò•ŒŒ§","21201","Šò•ŒŽs","212010631001","‰Ôƒm–Ø’¬ˆê’š–Ú","35.447900","136.773161","0","3"
"21","Šò•ŒŒ§","21201","Šò•ŒŽs","212010631002","‰Ôƒm–Ø’¬“ñ’š–Ú","35.448093","136.770755","0","3"
"21","Šò•ŒŒ§","21201","Šò•ŒŽs","212010632000","t‹ßŒÃŽsê–k","35.494433","136.836227","0","1"
"21","Šò•ŒŒ§","21201","Šò•ŒŽs","212010633000","t‹ßŒÃŽsê“ì","35.490883","136.837887","0","1"
"21","Šò•ŒŒ§","21201","Šò•ŒŽs","212010634001","–œ‘ã’¬ˆê’š–Ú","35.445612","136.772021","0","3"
"21","Šò•ŒŒ§","21201","Šò•ŒŽs","212010634002","–œ‘ã’¬“ñ’š–Ú","35.445972","136.769023","0","3"
"21","Šò•ŒŒ§","21201","Šò•ŒŽs","212010635000","“Œ–¾Œ©’¬","35.397205","136.767377","0","1"
"21","Šò•ŒŒ§","21201","Šò•ŒŽs","212010636000","“Œ”Â’J","35.454036","136.717200","0","1"
"21","Šò•ŒŒ§","21201","Šò•ŒŽs","212010637001","“ŒêGˆê’š–Ú","35.386549","136.741091","0","3"
"21","Šò•ŒŒ§","21201","Šò•ŒŽs","212010637002","“ŒêG“ñ’š–Ú","35.384265","136.740948","0","3"
"21","Šò•ŒŒ§","21201","Šò•ŒŽs","212010637003","“ŒêGŽO’š–Ú","35.382161","136.740547","0","3"
"21","Šò•ŒŒ§","21201","Šò•ŒŽs","212010637004","“ŒêGŽl’š–Ú","35.380619","136.740180","0","3"
"21","Šò•ŒŒ§","21201","Šò•ŒŽs","212010637005","“ŒêGŒÜ’š–Ú","35.377151","136.741944","0","3"
"21","Šò•ŒŒ§","21201","Šò•ŒŽs","212010637006","“ŒêG˜Z’š–Ú","35.378689","136.738359","0","3"
"21","Šò•ŒŒ§","21201","Šò•ŒŽs","212010637007","“ŒêGŽµ’š–Ú","35.377107","136.738149","0","3"
"21","Šò•ŒŒ§","21201","Šò•ŒŽs","212010638000","“Œ‰ü“c","35.450257","136.713273","0","1"
"21","Šò•ŒŒ§","21201","Šò•ŒŽs","212010639001","“ŒìŽèˆê’š–Ú","35.390203","136.765896","0","3"
"21","Šò•ŒŒ§","21201","Šò•ŒŽs","212010639002","“ŒìŽè“ñ’š–Ú","35.388825","136.765754","0","3"
"21","Šò•ŒŒ§","21201","Šò•ŒŽs","212010639003","“ŒìŽèŽO’š–Ú","35.386564","136.766623","0","3"
"21","Šò•ŒŒ§","21201","Šò•ŒŽs","212010639004","“ŒìŽèŽl’š–Ú","35.386687","136.764759","0","3"
"21","Šò•ŒŒ§","21201","Šò•ŒŽs","212010639005","“ŒìŽèŒÜ’š–Ú","35.384562","136.764237","0","3"
"21","Šò•ŒŒ§","21201","Šò•ŒŽs","212010640001","“Œ‹à•ó’¬ˆê’š–Ú","35.414964","136.761157","0","3"
"21","Šò•ŒŒ§","21201","Šò•ŒŽs","212010640002","“Œ‹à•ó’¬“ñ’š–Ú","35.414859","136.762951","0","3"
"21","Šò•ŒŒ§","21201","Šò•ŒŽs","212010640003","“Œ‹à•ó’¬ŽO’š–Ú","35.414934","136.764709","0","3"
"21","Šò•ŒŒ§","21201","Šò•ŒŽs","212010640004","“Œ‹à•ó’¬Žl’š–Ú","35.414929","136.766235","0","3"
"21","Šò•ŒŒ§","21201","Šò•ŒŽs","212010641000","“Œ‚Šâ’¬","35.421469","136.762357","0","1"
"21","Šò•ŒŒ§","21201","Šò•ŒŽs","212010642000","“Œ‹î’Ü’¬","35.416228","136.763770","0","1"
"21","Šò•ŒŒ§","21201","Šò•ŒŽs","212010643000","“ŒÞ–Ø’¬","35.434784","136.769342","0","1"
"21","Šò•ŒŒ§","21201","Šò•ŒŽs","212010644000","“Œ“‡","35.423240","136.741026","0","1"
"21","Šò•ŒŒ§","21201","Šò•ŒŽs","212010645001","“Œ“‡ˆê’š–Ú","35.425263","136.739931","0","3"
"21","Šò•ŒŒ§","21201","Šò•ŒŽs","212010645002","“Œ“‡“ñ’š–Ú","35.425635","136.737888","0","3"
"21","Šò•ŒŒ§","21201","Šò•ŒŽs","212010645003","“Œ“‡ŽO’š–Ú","35.426382","136.735662","0","3"
"21","Šò•ŒŒ§","21201","Šò•ŒŽs","212010645004","“Œ“‡Žl’š–Ú","35.428388","136.737504","0","3"
"21","Šò•ŒŒ§","21201","Šò•ŒŽs","212010645005","“Œ“‡ŒÜ’š–Ú","35.427586","136.740007","0","3"
"21","Šò•ŒŒ§","21201","Šò•ŒŽs","212010646001","“Œ’†“‡ˆê’š–Ú","35.388732","136.804474","0","3"
"21","Šò•ŒŒ§","21201","Šò•ŒŽs","212010646002","“Œ’†“‡“ñ’š–Ú","35.388971","136.807153","0","3"
"21","Šò•ŒŒ§","21201","Šò•ŒŽs","212010646003","“Œ’†“‡ŽO’š–Ú","35.388877","136.810912","0","3"
"21","Šò•ŒŒ§","21201","Šò•ŒŽs","212010647001","Œõ’¬ˆê’š–Ú","35.433570","136.745814","0","3"
"21","Šò•ŒŒ§","21201","Šò•ŒŽs","212010647002","Œõ’¬“ñ’š–Ú","35.434054","136.745510","0","3"
"21","Šò•ŒŒ§","21201","Šò•ŒŽs","212010647003","Œõ’¬ŽO’š–Ú","35.435408","136.747487","0","3"
"21","Šò•ŒŒ§","21201","Šò•ŒŽs","212010648000","“ú’u]","35.373510","136.700256","0","1"
"21","Šò•ŒŒ§","21201","Šò•ŒŽs","212010649001","“ú’u]ˆê’š–Ú","35.373906","136.709419","0","3"
"21","Šò•ŒŒ§","21201","Šò•ŒŽs","212010649002","“ú’u]“ñ’š–Ú","35.370972","136.708393","0","3"
"21","Šò•ŒŒ§","21201","Šò•ŒŽs","212010649003","“ú’u]ŽO’š–Ú","35.373081","136.706717","0","3"
"21","Šò•ŒŒ§","21201","Šò•ŒŽs","212010649004","“ú’u]Žl’š–Ú","35.369551","136.705424","0","3"
"21","Šò•ŒŒ§","21201","Šò•ŒŽs","212010649005","“ú’u]ŒÜ’š–Ú","35.371182","136.703934","0","3"
"21","Šò•ŒŒ§","21201","Šò•ŒŽs","212010649006","“ú’u]˜Z’š–Ú","35.370287","136.701294","0","3"
"21","Šò•ŒŒ§","21201","Šò•ŒŽs","212010649007","“ú’u]Žµ’š–Ú","35.370559","136.698749","0","3"
"21","Šò•ŒŒ§","21201","Šò•ŒŽs","212010649008","“ú’u]”ª’š–Ú","35.368621","136.695890","0","3"
"21","Šò•ŒŒ§","21201","Šò•ŒŽs","212010650000","•Fâ","35.495409","136.741675","0","1"
"21","Šò•ŒŒ§","21201","Šò•ŒŽs","212010651000","•Fâìã","35.495098","136.751677","0","1"
"21","Šò•ŒŒ§","21201","Šò•ŒŽs","212010652000","•Fâì–k","35.499020","136.738759","0","1"
"21","Šò•ŒŒ§","21201","Šò•ŒŽs","212010653000","•Fâì“ì","35.496173","136.734778","0","1"
"21","Šò•ŒŒ§","21201","Šò•ŒŽs","212010654000","‹v‰®’¬","35.433060","136.768014","0","1"
"21","Šò•ŒŒ§","21201","Šò•ŒŽs","212010655000","ŽµŒ¬’¬","35.426134","136.762546","0","1"
"21","Šò•ŒŒ§","21201","Šò•ŒŽs","212010656000","ˆê“úŽsê","35.427050","136.715000","0","1"
"21","Šò•ŒŒ§","21201","Šò•ŒŽs","212010657001","ˆê“úŽsêˆê’š–Ú","35.423370","136.715945","0","3"
"21","Šò•ŒŒ§","21201","Šò•ŒŽs","212010657002","ˆê“úŽsê“ñ’š–Ú","35.421020","136.715596","0","3"
"21","Šò•ŒŒ§","21201","Šò•ŒŽs","212010657003","ˆê“úŽsêŽO’š–Ú","35.419546","136.713450","0","3"
"21","Šò•ŒŒ§","21201","Šò•ŒŽs","212010657004","ˆê“úŽsêŽl’š–Ú","35.417236","136.711901","0","3"
"21","Šò•ŒŒ§","21201","Šò•ŒŽs","212010658000","ˆê“úŽsê–k’¬","35.425375","136.718915","0","1"
"21","Šò•ŒŒ§","21201","Šò•ŒŽs","212010659000","—‘q","35.526042","136.709572","0","1"
"21","Šò•ŒŒ§","21201","Šò•ŒŽs","212010660001","—‘qˆê’š–Ú","35.520576","136.707006","0","3"
"21","Šò•ŒŒ§","21201","Šò•ŒŽs","212010660002","—‘q“ñ’š–Ú","35.518819","136.698382","0","3"
"21","Šò•ŒŒ§","21201","Šò•ŒŽs","212010660003","—‘qŽO’š–Ú","35.528261","136.703796","0","3"
"21","Šò•ŒŒ§","21201","Šò•ŒŽs","212010661001","“ú–ì–kˆê’š–Ú","35.439592","136.803113","0","3"
"21","Šò•ŒŒ§","21201","Šò•ŒŽs","212010661002","“ú–ì–k“ñ’š–Ú","35.440311","136.805910","0","3"
"21","Šò•ŒŒ§","21201","Šò•ŒŽs","212010661003","“ú–ì–kŽO’š–Ú","35.441342","136.808386","0","3"
"21","Šò•ŒŒ§","21201","Šò•ŒŽs","212010661004","“ú–ì–kŽl’š–Ú","35.441816","136.811898","0","3"
"21","Šò•ŒŒ§","21201","Šò•ŒŽs","212010661005","“ú–ì–kŒÜ’š–Ú","35.440340","136.814782","0","3"
"21","Šò•ŒŒ§","21201","Šò•ŒŽs","212010661006","“ú–ì–k˜Z’š–Ú","35.441792","136.818917","0","3"
"21","Šò•ŒŒ§","21201","Šò•ŒŽs","212010661007","“ú–ì–kŽµ’š–Ú","35.442126","136.823916","0","3"
"21","Šò•ŒŒ§","21201","Šò•ŒŽs","212010662001","“úƒmo’¬ˆê’š–Ú","35.418577","136.759298","0","3"
"21","Šò•ŒŒ§","21201","Šò•ŒŽs","212010662002","“úƒmo’¬“ñ’š–Ú","35.418607","136.758051","0","3"
"21","Šò•ŒŒ§","21201","Šò•ŒŽs","212010662003","“úƒmo’¬ŽO’š–Ú","35.418821","136.756524","0","3"
"21","Šò•ŒŒ§","21201","Šò•ŒŽs","212010662004","“úƒmo’¬Žl’š–Ú","35.419096","136.755114","0","3"
"21","Šò•ŒŒ§","21201","Šò•ŒŽs","212010662005","“úƒmo’¬ŒÜ’š–Ú","35.419236","136.753847","0","3"
"21","Šò•ŒŒ§","21201","Šò•ŒŽs","212010663001","“ú–ì¼ˆê’š–Ú","35.436755","136.794693","0","3"
"21","Šò•ŒŒ§","21201","Šò•ŒŽs","212010663002","“ú–ì¼“ñ’š–Ú","35.437111","136.799194","0","3"
"21","Šò•ŒŒ§","21201","Šò•ŒŽs","212010663003","“ú–ì¼ŽO’š–Ú","35.438805","136.801417","0","3"
"21","Šò•ŒŒ§","21201","Šò•ŒŽs","212010663004","“ú–ì¼Žl’š–Ú","35.434398","136.803147","0","3"
"21","Šò•ŒŒ§","21201","Šò•ŒŽs","212010664001","“ú–ì“Œˆê’š–Ú","35.434352","136.806935","0","3"
"21","Šò•ŒŒ§","21201","Šò•ŒŽs","212010664002","“ú–ì“Œ“ñ’š–Ú","35.434192","136.810904","0","3"
"21","Šò•ŒŒ§","21201","Šò•ŒŽs","212010664003","“ú–ì“ŒŽO’š–Ú","35.433940","136.814262","0","3"
"21","Šò•ŒŒ§","21201","Šò•ŒŽs","212010664004","“ú–ì“ŒŽl’š–Ú","35.433627","136.816978","0","3"
"21","Šò•ŒŒ§","21201","Šò•ŒŽs","212010664005","“ú–ì“ŒŒÜ’š–Ú","35.435081","136.819609","0","3"
"21","Šò•ŒŒ§","21201","Šò•ŒŽs","212010664006","“ú–ì“Œ˜Z’š–Ú","35.432414","136.820505","0","3"
"21","Šò•ŒŒ§","21201","Šò•ŒŽs","212010664007","“ú–ì“ŒŽµ’š–Ú","35.430434","136.822690","0","3"
"21","Šò•ŒŒ§","21201","Šò•ŒŽs","212010664008","“ú–ì“Œ”ª’š–Ú","35.429260","136.819154","0","3"
"21","Šò•ŒŒ§","21201","Šò•ŒŽs","212010665001","“ú–ì“ìˆê’š–Ú","35.429162","136.800552","0","3"
"21","Šò•ŒŒ§","21201","Šò•ŒŽs","212010665002","“ú–ì“ì“ñ’š–Ú","35.431258","136.799807","0","3"
"21","Šò•ŒŒ§","21201","Šò•ŒŽs","212010665003","“ú–ì“ìŽO’š–Ú","35.430807","136.804976","0","3"
"21","Šò•ŒŒ§","21201","Šò•ŒŽs","212010665004","“ú–ì“ìŽl’š–Ú","35.430943","136.808820","0","3"
"21","Šò•ŒŒ§","21201","Šò•ŒŽs","212010665005","“ú–ì“ìŒÜ’š–Ú","35.430246","136.813590","0","3"
"21","Šò•ŒŒ§","21201","Šò•ŒŽs","212010665006","“ú–ì“ì˜Z’š–Ú","35.428479","136.814866","0","3"
"21","Šò•ŒŒ§","21201","Šò•ŒŽs","212010665007","“ú–ì“ìŽµ’š–Ú","35.428836","136.810338","0","3"
"21","Šò•ŒŒ§","21201","Šò•ŒŽs","212010665008","“ú–ì“ì”ª’š–Ú","35.426492","136.810257","0","3"
"21","Šò•ŒŒ§","21201","Šò•ŒŽs","212010665009","“ú–ì“ì‹ã’š–Ú","35.425430","136.800994","0","3"
"21","Šò•ŒŒ§","21201","Šò•ŒŽs","212010666001","“úƒm–{’¬ˆê’š–Ú","35.413504","136.751928","0","3"
"21","Šò•ŒŒ§","21201","Šò•ŒŽs","212010666002","“úƒm–{’¬“ñ’š–Ú","35.413171","136.751747","0","3"
"21","Šò•ŒŒ§","21201","Šò•ŒŽs","212010666003","“úƒm–{’¬ŽO’š–Ú","35.412949","136.751763","0","3"
"21","Šò•ŒŒ§","21201","Šò•ŒŽs","212010666004","“úƒm–{’¬Žl’š–Ú","35.413260","136.752456","0","3"
"21","Šò•ŒŒ§","21201","Šò•ŒŽs","212010667000","‰_ƒP‹u","35.415225","136.732488","0","1"
"21","Šò•ŒŒ§","21201","Šò•ŒŽs","212010668001","‰_’¬ˆê’š–Ú","35.418575","136.755071","0","3"
"21","Šò•ŒŒ§","21201","Šò•ŒŽs","212010668002","‰_’¬“ñ’š–Ú","35.418733","136.753696","0","3"
"21","Šò•ŒŒ§","21201","Šò•ŒŽs","212010669000","ˆ®Œ©ƒP’r’¬","35.421455","136.775108","0","1"
"21","Šò•ŒŒ§","21201","Šò•ŒŽs","212010670000","•½‰Í’¬","35.427990","136.752475","0","1"
"21","Šò•ŒŒ§","21201","Šò•ŒŽs","212010671001","[âˆê’š–Ú","35.474631","136.723076","0","3"
"21","Šò•ŒŒ§","21201","Šò•ŒŽs","212010671002","[â“ñ’š–Ú","35.475008","136.718893","0","3"
"21","Šò•ŒŒ§","21201","Šò•ŒŽs","212010672001","ã’¬ˆê’š–Ú","35.414780","136.744637","0","3"
"21","Šò•ŒŒ§","21201","Šò•ŒŽs","212010672002","ã’¬“ñ’š–Ú","35.414217","136.743013","0","3"
"21","Šò•ŒŒ§","21201","Šò•ŒŽs","212010672003","ã’¬ŽO’š–Ú","35.413801","136.741841","0","3"
"21","Šò•ŒŒ§","21201","Šò•ŒŽs","212010672004","ã’¬Žl’š–Ú","35.413475","136.740630","0","3"
"21","Šò•ŒŒ§","21201","Šò•ŒŽs","212010672005","ã’¬ŒÜ’š–Ú","35.413245","136.739276","0","3"
"21","Šò•ŒŒ§","21201","Šò•ŒŽs","212010672006","ã’¬˜Z’š–Ú","35.412516","136.735882","0","3"
"21","Šò•ŒŒ§","21201","Šò•ŒŽs","212010673001","•ŸZ’¬ˆê’š–Ú","35.412231","136.750677","0","3"
"21","Šò•ŒŒ§","21201","Šò•ŒŽs","212010673002","•ŸZ’¬“ñ’š–Ú","35.411596","136.750602","0","3"
"21","Šò•ŒŒ§","21201","Šò•ŒŽs","212010674001","•Ÿ“c’¬ˆê’š–Ú","35.448839","136.773270","0","3"
"21","Šò•ŒŒ§","21201","Šò•ŒŽs","212010674002","•Ÿ“c’¬“ñ’š–Ú","35.449079","136.770846","0","3"
"21","Šò•ŒŒ§","21201","Šò•ŒŽs","212010675000","•Ÿ•x","35.481973","136.809275","0","1"
"21","Šò•ŒŒ§","21201","Šò•ŒŽs","212010676000","•Ÿ•xŠ}ŠC“¹","35.485568","136.826288","0","1"
"21","Šò•ŒŒ§","21201","Šò•ŒŽs","212010677000","•Ÿ•x’¬“c","35.480843","136.817564","0","1"
"21","Šò•ŒŒ§","21201","Šò•ŒŽs","212010678000","•Ÿ•xoŒû","35.481041","136.827346","0","1"
"21","Šò•ŒŒ§","21201","Šò•ŒŽs","212010679000","•Ÿ•x“V_‘O","35.485761","136.823299","0","1"
"21","Šò•ŒŒ§","21201","Šò•ŒŽs","212010680000","•Ÿ•x‰i“c","35.476655","136.821811","0","1"
"21","Šò•ŒŒ§","21201","Šò•ŒŽs","212010681000","•Ÿ•xŒ}“c","35.477440","136.826770","0","1"
"21","Šò•ŒŒ§","21201","Šò•ŒŽs","212010682001","•ŸŒõ¼ˆê’š–Ú","35.451485","136.768288","0","3"
"21","Šò•ŒŒ§","21201","Šò•ŒŽs","212010682002","•ŸŒõ¼“ñ’š–Ú","35.453996","136.768708","0","3"
"21","Šò•ŒŒ§","21201","Šò•ŒŽs","212010682003","•ŸŒõ¼ŽO’š–Ú","35.456239","136.769231","0","3"
"21","Šò•ŒŒ§","21201","Šò•ŒŽs","212010683001","•ŸŒõ“Œˆê’š–Ú","35.451065","136.772423","0","3"
"21","Šò•ŒŒ§","21201","Šò•ŒŽs","212010683002","•ŸŒõ“Œ“ñ’š–Ú","35.453667","136.772884","0","3"
"21","Šò•ŒŒ§","21201","Šò•ŒŽs","212010683003","•ŸŒõ“ŒŽO’š–Ú","35.455852","136.773212","0","3"
"21","Šò•ŒŒ§","21201","Šò•ŒŽs","212010684000","•ŸŒõ“ì’¬","35.448602","136.767293","0","1"
"21","Šò•ŒŒ§","21201","Šò•ŒŽs","212010685000","•s“®’¬","35.428743","136.757440","0","1"
"21","Šò•ŒŒ§","21201","Šò•ŒŽs","212010686000","ŒÃŽsê","35.465545","136.720915","0","1"
"21","Šò•ŒŒ§","21201","Šò•ŒŽs","212010687000","ŒÃŽsê˜Vƒmã","35.463919","136.732748","0","1"
"21","Šò•ŒŒ§","21201","Šò•ŒŽs","212010688000","ŒÃŽsê_“c","35.462393","136.731394","0","1"
"21","Šò•ŒŒ§","21201","Šò•ŒŽs","212010689000","ŒÃŽsê‚“c","35.461573","136.734225","0","1"
"21","Šò•ŒŒ§","21201","Šò•ŒŽs","212010690000","ŒÃŽsê‚‹{","35.457974","136.739838","0","1"
"21","Šò•ŒŒ§","21201","Šò•ŒŽs","212010691000","ŒÃŽsê’†Œ´","35.460034","136.736164","0","1"
"21","Šò•ŒŒ§","21201","Šò•ŒŽs","212010692000","ŒÃŽsê“Œ’¬“c","35.459508","136.740327","0","1"
"21","Šò•ŒŒ§","21201","Šò•ŒŽs","212010693000","•½ˆÀ’¬","35.405827","136.768100","0","1"
"21","Šò•ŒŒ§","21201","Šò•ŒŽs","212010694001","•½˜a’Êˆê’š–Ú","35.446369","136.772947","0","3"
"21","Šò•ŒŒ§","21201","Šò•ŒŽs","212010694002","•½˜a’Ê“ñ’š–Ú","35.446618","136.770714","0","3"
"21","Šò•ŒŒ§","21201","Šò•ŒŽs","212010694003","•½˜a’ÊŽO’š–Ú","35.446864","136.768280","0","3"
"21","Šò•ŒŒ§","21201","Šò•ŒŽs","212010695001","•Ù“V’¬ˆê’š–Ú","35.420224","136.749133","0","3"
"21","Šò•ŒŒ§","21201","Šò•ŒŽs","212010695002","•Ù“V’¬“ñ’š–Ú","35.420164","136.747873","0","3"
"21","Šò•ŒŒ§","21201","Šò•ŒŽs","212010695003","•Ù“V’¬ŽO’š–Ú","35.419591","136.747634","0","3"
"21","Šò•ŒŒ§","21201","Šò•ŒŽs","212010696000","•ó—ˆ’¬","35.421122","136.784104","0","1"
"21","Šò•ŒŒ§","21201","Šò•ŒŽs","212010697001","×”¨ˆê’š–Ú","35.407462","136.786602","0","3"
"21","Šò•ŒŒ§","21201","Šò•ŒŽs","212010697002","×”¨“ñ’š–Ú","35.405699","136.789988","0","3"
"21","Šò•ŒŒ§","21201","Šò•ŒŽs","212010697003","×”¨ŽO’š–Ú","35.402813","136.790092","0","3"
"21","Šò•ŒŒ§","21201","Šò•ŒŽs","212010697004","×”¨Žl’š–Ú","35.399975","136.790536","0","3"
"21","Šò•ŒŒ§","21201","Šò•ŒŽs","212010697005","×”¨ŒÜ’š–Ú","35.400528","136.786440","0","3"
"21","Šò•ŒŒ§","21201","Šò•ŒŽs","212010697006","×”¨˜Z’š–Ú","35.403268","136.786398","0","3"
"21","Šò•ŒŒ§","21201","Šò•ŒŽs","212010698000","×”¨‰Ø“ì","35.403599","136.783835","0","1"
"21","Šò•ŒŒ§","21201","Šò•ŒŽs","212010699000","×”¨’Ë‰Y","35.402129","136.782801","0","1"
"21","Šò•ŒŒ§","21201","Šò•ŒŽs","212010700000","×”¨–ìŠñ","35.405861","136.784311","0","1"
"21","Šò•ŒŒ§","21201","Šò•ŒŽs","212010701000","“´","35.473740","136.716090","0","1"
"21","Šò•ŒŒ§","21201","Šò•ŒŽs","212010702000","–x]’¬","35.428738","136.762031","0","1"
"21","Šò•ŒŒ§","21201","Šò•ŒŽs","212010703000","–x“c’¬","35.443970","136.784612","0","1"
"21","Šò•ŒŒ§","21201","Šò•ŒŽs","212010704001","–{‹½’¬ˆê’š–Ú","35.421587","136.751166","0","3"
"21","Šò•ŒŒ§","21201","Šò•ŒŽs","212010704002","–{‹½’¬“ñ’š–Ú","35.421475","136.749800","0","3"
"21","Šò•ŒŒ§","21201","Šò•ŒŽs","212010704003","–{‹½’¬ŽO’š–Ú","35.421783","136.748880","0","3"
"21","Šò•ŒŒ§","21201","Šò•ŒŽs","212010704004","–{‹½’¬Žl’š–Ú","35.421359","136.747754","0","3"
"21","Šò•ŒŒ§","21201","Šò•ŒŽs","212010704005","–{‹½’¬ŒÜ’š–Ú","35.421039","136.746826","0","3"
"21","Šò•ŒŒ§","21201","Šò•ŒŽs","212010704006","–{‹½’¬˜Z’š–Ú","35.420487","136.745145","0","3"
"21","Šò•ŒŒ§","21201","Šò•ŒŽs","212010704007","–{‹½’¬Žµ’š–Ú","35.419829","136.741848","0","3"
"21","Šò•ŒŒ§","21201","Šò•ŒŽs","212010705000","–{‘‘","35.417903","136.736194","0","1"
"21","Šò•ŒŒ§","21201","Šò•ŒŽs","212010706000","–{‘‘’¬","35.411143","136.734936","0","1"
"21","Šò•ŒŒ§","21201","Šò•ŒŽs","212010707001","–{‘‘’†ƒm’¬ˆê’š–Ú","35.407083","136.734722","0","3"
"21","Šò•ŒŒ§","21201","Šò•ŒŽs","212010707002","–{‘‘’†ƒm’¬“ñ’š–Ú","35.405702","136.734779","0","3"
"21","Šò•ŒŒ§","21201","Šò•ŒŽs","212010707003","–{‘‘’†ƒm’¬ŽO’š–Ú","35.404526","136.735026","0","3"
"21","Šò•ŒŒ§","21201","Šò•ŒŽs","212010707004","–{‘‘’†ƒm’¬Žl’š–Ú","35.402891","136.735250","0","3"
"21","Šò•ŒŒ§","21201","Šò•ŒŽs","212010707005","–{‘‘’†ƒm’¬ŒÜ’š–Ú","35.405954","136.733308","0","3"
"21","Šò•ŒŒ§","21201","Šò•ŒŽs","212010707006","–{‘‘’†ƒm’¬˜Z’š–Ú","35.403885","136.733749","0","3"
"21","Šò•ŒŒ§","21201","Šò•ŒŽs","212010707007","–{‘‘’†ƒm’¬Žµ’š–Ú","35.402751","136.733989","0","3"
"21","Šò•ŒŒ§","21201","Šò•ŒŽs","212010707008","–{‘‘’†ƒm’¬”ª’š–Ú","35.406022","136.731943","0","3"
"21","Šò•ŒŒ§","21201","Šò•ŒŽs","212010707009","–{‘‘’†ƒm’¬‹ã’š–Ú","35.404371","136.732229","0","3"
"21","Šò•ŒŒ§","21201","Šò•ŒŽs","212010707010","–{‘‘’†ƒm’¬\’š–Ú","35.402952","136.732470","0","3"
"21","Šò•ŒŒ§","21201","Šò•ŒŽs","212010708001","–{‘‘¼ˆê’š–Ú","35.410471","136.734272","0","3"
"21","Šò•ŒŒ§","21201","Šò•ŒŽs","212010708002","–{‘‘¼“ñ’š–Ú","35.410564","136.732176","0","3"
"21","Šò•ŒŒ§","21201","Šò•ŒŽs","212010708003","–{‘‘¼ŽO’š–Ú","35.410480","136.730660","0","3"
"21","Šò•ŒŒ§","21201","Šò•ŒŽs","212010708004","–{‘‘¼Žl’š–Ú","35.409896","136.729242","0","3"
"21","Šò•ŒŒ§","21201","Šò•ŒŽs","212010709001","–{’¬ˆê’š–Ú","35.431691","136.768981","0","3"
"21","Šò•ŒŒ§","21201","Šò•ŒŽs","212010709002","–{’¬“ñ’š–Ú","35.431817","136.767264","0","3"
"21","Šò•ŒŒ§","21201","Šò•ŒŽs","212010709003","–{’¬ŽO’š–Ú","35.431855","136.765948","0","3"
"21","Šò•ŒŒ§","21201","Šò•ŒŽs","212010709004","–{’¬Žl’š–Ú","35.431754","136.764603","0","3"
"21","Šò•ŒŒ§","21201","Šò•ŒŽs","212010709005","–{’¬ŒÜ’š–Ú","35.431816","136.762500","0","3"
"21","Šò•ŒŒ§","21201","Šò•ŒŽs","212010709006","–{’¬˜Z’š–Ú","35.431426","136.761545","0","3"
"21","Šò•ŒŒ§","21201","Šò•ŒŽs","212010709007","–{’¬Žµ’š–Ú","35.431167","136.760799","0","3"
"21","Šò•ŒŒ§","21201","Šò•ŒŽs","212010710001","‘OˆêFˆê’š–Ú","35.406536","136.797188","0","3"
"21","Šò•ŒŒ§","21201","Šò•ŒŽs","212010710002","‘OˆêF“ñ’š–Ú","35.408996","136.800373","0","3"
"21","Šò•ŒŒ§","21201","Šò•ŒŽs","212010710003","‘OˆêFŽO’š–Ú","35.405645","136.800902","0","3"
"21","Šò•ŒŒ§","21201","Šò•ŒŽs","212010711000","‘OˆêF¼’¬","35.407044","136.792817","0","1"
"21","Šò•ŒŒ§","21201","Šò•ŒŽs","212010712000","³–Ø","35.454333","136.743020","0","1"
"21","Šò•ŒŒ§","21201","Šò•ŒŽs","212010713000","³–Ø–k’¬","35.453012","136.748305","0","1"
"21","Šò•ŒŒ§","21201","Šò•ŒŽs","212010714001","³–Ø’†ˆê’š–Ú","35.447907","136.744640","0","3"
"21","Šò•ŒŒ§","21201","Šò•ŒŽs","212010714002","³–Ø’†“ñ’š–Ú","35.449063","136.742289","0","3"
"21","Šò•ŒŒ§","21201","Šò•ŒŽs","212010714003","³–Ø’†ŽO’š–Ú","35.450788","136.744169","0","3"
"21","Šò•ŒŒ§","21201","Šò•ŒŽs","212010714004","³–Ø’†Žl’š–Ú","35.452182","136.744604","0","3"
"21","Šò•ŒŒ§","21201","Šò•ŒŽs","212010715000","³–Ø¼’¬","35.452592","136.741394","0","1"
"21","Šò•ŒŒ§","21201","Šò•ŒŽs","212010716001","³–Ø“ìˆê’š–Ú","35.449640","136.739006","0","3"
"21","Šò•ŒŒ§","21201","Šò•ŒŽs","212010716002","³–Ø“ì“ñ’š–Ú","35.451009","136.740744","0","3"
"21","Šò•ŒŒ§","21201","Šò•ŒŽs","212010717001","^»’¬ˆê’š–Ú","35.428513","136.750628","0","3"
"21","Šò•ŒŒ§","21201","Šò•ŒŽs","212010717002","^»’¬“ñ’š–Ú","35.426745","136.751033","0","3"
"21","Šò•ŒŒ§","21201","Šò•ŒŽs","212010717003","^»’¬ŽO’š–Ú","35.425605","136.751283","0","3"
"21","Šò•ŒŒ§","21201","Šò•ŒŽs","212010717004","^»’¬Žl’š–Ú","35.424468","136.751618","0","3"
"21","Šò•ŒŒ§","21201","Šò•ŒŽs","212010717005","^»’¬ŒÜ’š–Ú","35.423250","136.751870","0","3"
"21","Šò•ŒŒ§","21201","Šò•ŒŽs","212010717006","^»’¬˜Z’š–Ú","35.421878","136.752143","0","3"
"21","Šò•ŒŒ§","21201","Šò•ŒŽs","212010717007","^»’¬Žµ’š–Ú","35.420598","136.752477","0","3"
"21","Šò•ŒŒ§","21201","Šò•ŒŽs","212010717008","^»’¬”ª’š–Ú","35.418995","136.752688","0","3"
"21","Šò•ŒŒ§","21201","Šò•ŒŽs","212010717009","^»’¬‹ã’š–Ú","35.418232","136.752839","0","3"
"21","Šò•ŒŒ§","21201","Šò•ŒŽs","212010717010","^»’¬\’š–Ú","35.416526","136.753056","0","3"
"21","Šò•ŒŒ§","21201","Šò•ŒŽs","212010717011","^»’¬\ˆê’š–Ú","35.415224","136.753274","0","3"
"21","Šò•ŒŒ§","21201","Šò•ŒŽs","212010717012","^»’¬\“ñ’š–Ú","35.413580","136.753593","0","3"
"21","Šò•ŒŒ§","21201","Šò•ŒŽs","212010718000","Œðl","35.468847","136.741211","0","1"
"21","Šò•ŒŒ§","21201","Šò•ŒŽs","212010719000","‰v‰®’¬","35.432971","136.771033","0","1"
"21","Šò•ŒŒ§","21201","Šò•ŒŽs","212010720000","–”ŠÛ","35.440372","136.701557","0","1"
"21","Šò•ŒŒ§","21201","Šò•ŒŽs","212010721000","–”ŠÛ’¬”¨","35.438841","136.705148","0","1"
"21","Šò•ŒŒ§","21201","Šò•ŒŽs","212010722000","–”ŠÛ’Ã“‡","35.434836","136.700227","0","1"
"21","Šò•ŒŒ§","21201","Šò•ŒŽs","212010723000","–”ŠÛ‹{“Œ","35.434911","136.703263","0","1"
"21","Šò•ŒŒ§","21201","Šò•ŒŽs","212010724000","–”ŠÛ‘º’†","35.436831","136.702660","0","1"
"21","Šò•ŒŒ§","21201","Šò•ŒŽs","212010725000","–”ŠÛ–ö’¬","35.434870","136.705826","0","1"
"21","Šò•ŒŒ§","21201","Šò•ŒŽs","212010726000","¼ƒPŽ}’¬","35.431720","136.772410","0","1"
"21","Šò•ŒŒ§","21201","Šò•ŒŽs","212010727001","¼•—’¬ˆê’š–Ú","35.444181","136.771958","0","3"
"21","Šò•ŒŒ§","21201","Šò•ŒŽs","212010727002","¼•—’¬“ñ’š–Ú","35.444569","136.768799","0","3"
"21","Šò•ŒŒ§","21201","Šò•ŒŽs","212010728000","¼‰º’¬","35.432034","136.773003","0","1"
"21","Šò•ŒŒ§","21201","Šò•ŒŽs","212010729000","¼Œ´’¬","35.408823","136.742248","0","1"
"21","Šò•ŒŒ§","21201","Šò•ŒŽs","212010730000","¼‰®’¬","35.428738","136.764572","0","1"
"21","Šò•ŒŒ§","21201","Šò•ŒŽs","212010731000","¼ŽR’¬","35.430048","136.772887","0","1"
"21","Šò•ŒŒ§","21201","Šò•ŒŽs","212010732000","–œ”N’¬","35.424879","136.748337","0","1"
"21","Šò•ŒŒ§","21201","Šò•ŒŽs","212010733000","–œ—Í’¬","35.427828","136.766455","0","1"
"21","Šò•ŒŒ§","21201","Šò•ŒŽs","212010734001","”ü]Ž›’¬ˆê’š–Ú","35.425544","136.760827","0","3"
"21","Šò•ŒŒ§","21201","Šò•ŒŽs","212010734002","”ü]Ž›’¬“ñ’š–Ú","35.425310","136.758610","0","3"
"21","Šò•ŒŒ§","21201","Šò•ŒŽs","212010735001","ŽOŠ}’¬ˆê’š–Ú","35.413417","136.772901","0","3"
"21","Šò•ŒŒ§","21201","Šò•ŒŽs","212010735002","ŽOŠ}’¬“ñ’š–Ú","35.413328","136.775315","0","3"
"21","Šò•ŒŒ§","21201","Šò•ŒŽs","212010735003","ŽOŠ}’¬ŽO’š–Ú","35.413265","136.777119","0","3"
"21","Šò•ŒŒ§","21201","Šò•ŒŽs","212010735004","ŽOŠ}’¬Žl’š–Ú","35.413094","136.781719","0","3"
"21","Šò•ŒŒ§","21201","Šò•ŒŽs","212010735005","ŽOŠ}’¬ŒÜ’š–Ú","35.413002","136.783985","0","3"
"21","Šò•ŒŒ§","21201","Šò•ŒŽs","212010736001","”ü“‡’¬ˆê’š–Ú","35.435053","136.750678","0","3"
"21","Šò•ŒŒ§","21201","Šò•ŒŽs","212010736002","”ü“‡’¬“ñ’š–Ú","35.435569","136.750741","0","3"
"21","Šò•ŒŒ§","21201","Šò•ŒŽs","212010736003","”ü“‡’¬ŽO’š–Ú","35.436068","136.750605","0","3"
"21","Šò•ŒŒ§","21201","Šò•ŒŽs","212010736004","”ü“‡’¬Žl’š–Ú","35.436560","136.750558","0","3"
"21","Šò•ŒŒ§","21201","Šò•ŒŽs","212010736005","”ü“‡’¬ŒÜ’š–Ú","35.437046","136.750604","0","3"
"21","Šò•ŒŒ§","21201","Šò•ŒŽs","212010736006","”ü“‡’¬˜Z’š–Ú","35.437145","136.749834","0","3"
"21","Šò•ŒŒ§","21201","Šò•ŒŽs","212010737001","…ŠC“¹ˆê’š–Ú","35.413631","136.814583","0","3"
"21","Šò•ŒŒ§","21201","Šò•ŒŽs","212010737002","…ŠC“¹“ñ’š–Ú","35.412598","136.810256","0","3"
"21","Šò•ŒŒ§","21201","Šò•ŒŽs","212010737003","…ŠC“¹ŽO’š–Ú","35.409372","136.810212","0","3"
"21","Šò•ŒŒ§","21201","Šò•ŒŽs","212010737004","…ŠC“¹Žl’š–Ú","35.409761","136.814064","0","3"
"21","Šò•ŒŒ§","21201","Šò•ŒŽs","212010737005","…ŠC“¹ŒÜ’š–Ú","35.405952","136.812984","0","3"
"21","Šò•ŒŒ§","21201","Šò•ŒŽs","212010738000","…•—˜C’J","35.436876","136.783245","0","1"
"21","Šò•ŒŒ§","21201","Šò•ŒŽs","212010739000","•ä’¬","35.414968","136.735617","0","1"
"21","Šò•ŒŒ§","21201","Šò•ŒŽs","212010740000","aŒû","35.467710","136.832562","0","1"
"21","Šò•ŒŒ§","21201","Šò•ŒŽs","212010741000","aŒûã","35.480288","136.835177","0","1"
"21","Šò•ŒŒ§","21201","Šò•ŒŽs","212010742000","aŒû‰º","35.476155","136.831678","0","1"
"21","Šò•ŒŒ§","21201","Šò•ŒŽs","212010743000","aŒû“¶Žq","35.470625","136.831922","0","1"
"21","Šò•ŒŒ§","21201","Šò•ŒŽs","212010744000","aŒû’†","35.478368","136.834790","0","1"
"21","Šò•ŒŒ§","21201","Šò•ŒŽs","212010745000","aŒû’†–ì","35.473565","136.832072","0","1"
"21","Šò•ŒŒ§","21201","Šò•ŒŽs","212010746000","aŒû“Œ","35.473199","136.836338","0","1"
"21","Šò•ŒŒ§","21201","Šò•ŒŽs","212010747001","”ü‰€’¬ˆê’š–Ú","35.421174","136.763232","0","3"
"21","Šò•ŒŒ§","21201","Šò•ŒŽs","212010747002","”ü‰€’¬“ñ’š–Ú","35.420278","136.763216","0","3"
"21","Šò•ŒŒ§","21201","Šò•ŒŽs","212010747003","”ü‰€’¬ŽO’š–Ú","35.419149","136.762853","0","3"
"21","Šò•ŒŒ§","21201","Šò•ŒŽs","212010747004","”ü‰€’¬Žl’š–Ú","35.418080","136.762605","0","3"
"21","Šò•ŒŒ§","21201","Šò•ŒŽs","212010748001","aŠø’¬ˆê’š–Ú","35.416257","136.764369","0","3"
"21","Šò•ŒŒ§","21201","Šò•ŒŽs","212010748002","aŠø’¬“ñ’š–Ú","35.413700","136.763657","0","3"
"21","Šò•ŒŒ§","21201","Šò•ŒŽs","212010748003","aŠø’¬ŽO’š–Ú","35.414001","136.764629","0","3"
"21","Šò•ŒŒ§","21201","Šò•ŒŽs","212010748004","aŠø’¬Žl’š–Ú","35.412786","136.764127","0","3"
"21","Šò•ŒŒ§","21201","Šò•ŒŽs","212010749000","ŽO“c“´","35.471909","136.787770","0","1"
"21","Šò•ŒŒ§","21201","Šò•ŒŽs","212010750001","ŽO“c“´“Œˆê’š–Ú","35.480442","136.798543","0","3"
"21","Šò•ŒŒ§","21201","Šò•ŒŽs","212010750002","ŽO“c“´“Œ“ñ’š–Ú","35.476665","136.794921","0","3"
"21","Šò•ŒŒ§","21201","Šò•ŒŽs","212010750003","ŽO“c“´“ŒŽO’š–Ú","35.473909","136.800723","0","3"
"21","Šò•ŒŒ§","21201","Šò•ŒŽs","212010750004","ŽO“c“´“ŒŽl’š–Ú","35.470420","136.798327","0","3"
"21","Šò•ŒŒ§","21201","Šò•ŒŽs","212010750005","ŽO“c“´“ŒŒÜ’š–Ú","35.474942","136.792292","0","3"
"21","Šò•ŒŒ§","21201","Šò•ŒŽs","212010751000","ŒäŽèô","35.436996","136.774783","0","1"
"21","Šò•ŒŒ§","21201","Šò•ŒŽs","212010752000","ŽO‹´’¬","35.422053","136.746588","0","1"
"21","Šò•ŒŒ§","21201","Šò•ŒŽs","212010753000","ŽOƒc–”’¬","35.409450","136.742528","0","1"
"21","Šò•ŒŒ§","21201","Šò•ŒŽs","212010754003","ŽOÎ’¬ŽO’š–Ú","35.410542","136.741724","0","3"
"21","Šò•ŒŒ§","21201","Šò•ŒŽs","212010754004","ŽOÎ’¬Žl’š–Ú","35.410198","136.740734","0","3"
"21","Šò•ŒŒ§","21201","Šò•ŒŽs","212010754005","ŽOÎ’¬ŒÜ’š–Ú","35.409581","136.739130","0","3"
"21","Šò•ŒŒ§","21201","Šò•ŒŽs","212010755000","”ü“a’¬","35.418902","136.761462","0","1"
"21","Šò•ŒŒ§","21201","Šò•ŒŽs","212010756000","—Î’¬","35.428418","136.761896","0","1"
"21","Šò•ŒŒ§","21201","Šò•ŒŽs","212010757000","–©’¬","35.438174","136.773521","0","1"
"21","Šò•ŒŒ§","21201","Šò•ŒŽs","212010758001","“ìêGˆê’š–Ú","35.373602","136.740244","0","3"
"21","Šò•ŒŒ§","21201","Šò•ŒŽs","212010758002","“ìêG“ñ’š–Ú","35.374698","136.738184","0","3"
"21","Šò•ŒŒ§","21201","Šò•ŒŽs","212010758003","“ìêGŽO’š–Ú","35.374838","136.735559","0","3"
"21","Šò•ŒŒ§","21201","Šò•ŒŽs","212010758004","“ìêGŽl’š–Ú","35.374651","136.733128","0","3"
"21","Šò•ŒŒ§","21201","Šò•ŒŽs","212010758005","“ìêGŒÜ’š–Ú","35.374453","136.731346","0","3"
"21","Šò•ŒŒ§","21201","Šò•ŒŽs","212010758006","“ìêG˜Z’š–Ú","35.374342","136.729566","0","3"
"21","Šò•ŒŒ§","21201","Šò•ŒŽs","212010758007","“ìêGŽµ’š–Ú","35.375571","136.727672","0","3"
"21","Šò•ŒŒ§","21201","Šò•ŒŽs","212010759000","“ìŠ`ƒP£","35.446043","136.730210","0","1"
"21","Šò•ŒŒ§","21201","Šò•ŒŽs","212010760000","“ìŠ˜ƒP“´","35.428456","136.784513","0","1"
"21","Šò•ŒŒ§","21201","Šò•ŒŽs","212010761000","“ì“‚ŒË“´","35.426699","136.779443","0","1"
"21","Šò•ŒŒ§","21201","Šò•ŒŽs","212010762001","“ìäˆê’š–Ú","35.446486","136.762171","0","3"
"21","Šò•ŒŒ§","21201","Šò•ŒŽs","212010762002","“ìä“ñ’š–Ú","35.446982","136.760601","0","3"
"21","Šò•ŒŒ§","21201","Šò•ŒŽs","212010763001","“ì“a’¬ˆê’š–Ú","35.417834","136.763743","0","3"
"21","Šò•ŒŒ§","21201","Šò•ŒŽs","212010763002","“ì“a’¬“ñ’š–Ú","35.417814","136.765196","0","3"
"21","Šò•ŒŒ§","21201","Šò•ŒŽs","212010763003","“ì“a’¬ŽO’š–Ú","35.417607","136.766247","0","3"
"21","Šò•ŒŒ§","21201","Šò•ŒŽs","212010764000","“ì–{‘‘ˆêð’Ê","35.408949","136.746609","0","1"
"21","Šò•ŒŒ§","21201","Šò•ŒŽs","212010765000","“ì–{‘‘“ñð’Ê","35.409539","136.746625","0","1"
"21","Šò•ŒŒ§","21201","Šò•ŒŽs","212010766000","“ì–{‘‘ŽOð’Ê","35.409869","136.746712","0","1"
"21","Šò•ŒŒ§","21201","Šò•ŒŽs","212010767000","“ì–{‘‘Žlð’Ê","35.410242","136.746723","0","1"
"21","Šò•ŒŒ§","21201","Šò•ŒŽs","212010768000","‹{‰Y’¬","35.437150","136.728419","0","1"
"21","Šò•ŒŒ§","21201","Šò•ŒŽs","212010769000","‹{–k’¬","35.398012","136.767463","0","1"
"21","Šò•ŒŒ§","21201","Šò•ŒŽs","212010770001","“s’Êˆê’š–Ú","35.421487","136.745970","0","3"
"21","Šò•ŒŒ§","21201","Šò•ŒŽs","212010770002","“s’Ê“ñ’š–Ú","35.419815","136.746337","0","3"
"21","Šò•ŒŒ§","21201","Šò•ŒŽs","212010770003","“s’ÊŽO’š–Ú","35.418158","136.746869","0","3"
"21","Šò•ŒŒ§","21201","Šò•ŒŽs","212010770004","“s’ÊŽl’š–Ú","35.416092","136.747106","0","3"
"21","Šò•ŒŒ§","21201","Šò•ŒŽs","212010770005","“s’ÊŒÜ’š–Ú","35.413972","136.746506","0","3"
"21","Šò•ŒŒ§","21201","Šò•ŒŽs","212010771001","–¾_’¬ˆê’š–Ú","35.437755","136.728548","0","3"
"21","Šò•ŒŒ§","21201","Šò•ŒŽs","212010771002","–¾_’¬“ñ’š–Ú","35.438637","136.728503","0","3"
"21","Šò•ŒŒ§","21201","Šò•ŒŽs","212010771003","–¾_’¬ŽO’š–Ú","35.439406","136.728314","0","3"
"21","Šò•ŒŒ§","21201","Šò•ŒŽs","212010772000","–¾_“´","35.431493","136.785383","0","1"
"21","Šò•ŒŒ§","21201","Šò•ŒŽs","212010773000","ŽO—Ö","35.503629","136.855960","0","1"
"21","Šò•ŒŒ§","21201","Šò•ŒŽs","212010774000","ŽO—Ö‚Õ‚è‚ñ‚Æ‚Ò‚ ","35.499675","136.826985","0","1"
"21","Šò•ŒŒ§","21201","Šò•ŒŽs","212010775000","ŽO—Ö‹{¼","35.502995","136.840716","0","1"
"21","Šò•ŒŒ§","21201","Šò•ŒŽs","212010776000","ŽO—Ö‹{‘O","35.501786","136.842880","0","1"
"21","Šò•ŒŒ§","21201","Šò•ŒŽs","212010777001","Œü‰Á–ìˆê’š–Ú","35.457658","136.831596","0","3"
"21","Šò•ŒŒ§","21201","Šò•ŒŽs","212010777002","Œü‰Á–ì“ñ’š–Ú","35.462646","136.832590","0","3"
"21","Šò•ŒŒ§","21201","Šò•ŒŽs","212010777003","Œü‰Á–ìŽO’š–Ú","35.465832","136.829030","0","3"
"21","Šò•ŒŒ§","21201","Šò•ŒŽs","212010778000","‘º—¢’¬","35.393615","136.766976","0","1"
"21","Šò•ŒŒ§","21201","Šò•ŒŽs","212010779000","‘º‰J’¬","35.419661","136.745337","0","1"
"21","Šò•ŒŒ§","21201","Šò•ŒŽs","212010780000","‘ºŽR","35.483694","136.711633","0","1"
"21","Šò•ŒŒ§","21201","Šò•ŒŽs","212010781001","‘ºŽRˆê’š–Ú","35.484258","136.720520","0","3"
"21","Šò•ŒŒ§","21201","Šò•ŒŽs","212010781002","‘ºŽR“ñ’š–Ú","35.483860","136.716838","0","3"
"21","Šò•ŒŒ§","21201","Šò•ŒŽs","212010781004","‘ºŽRŽl’š–Ú","35.486432","136.723226","0","3"
"21","Šò•ŒŒ§","21201","Šò•ŒŽs","212010782001","Žº’Ã’¬ˆê’š–Ú","35.413702","136.751385","0","3"
"21","Šò•ŒŒ§","21201","Šò•ŒŽs","212010782002","Žº’Ã’¬“ñ’š–Ú","35.413055","136.750142","0","3"
"21","Šò•ŒŒ§","21201","Šò•ŒŽs","212010783000","Žº’¬","35.425329","136.762920","0","1"
"21","Šò•ŒŒ§","21201","Šò•ŒŽs","212010784000","–¾“¿’¬","35.423251","136.757735","0","1"
"21","Šò•ŒŒ§","21201","Šò•ŒŽs","212010785000","–Î’n","35.495137","136.840047","0","1"
"21","Šò•ŒŒ§","21201","Šò•ŒŽs","212010786000","Œ³Z’¬","35.413210","136.762665","0","1"
"21","Šò•ŒŒ§","21201","Šò•ŒŽs","212010787000","Œ³•l’¬","35.436774","136.768490","0","1"
"21","Šò•ŒŒ§","21201","Šò•ŒŽs","212010788001","Œ³’¬ˆê’š–Ú","35.416670","136.762343","0","3"
"21","Šò•ŒŒ§","21201","Šò•ŒŽs","212010788002","Œ³’¬“ñ’š–Ú","35.415974","136.762395","0","3"
"21","Šò•ŒŒ§","21201","Šò•ŒŽs","212010788003","Œ³’¬ŽO’š–Ú","35.415292","136.762479","0","3"
"21","Šò•ŒŒ§","21201","Šò•ŒŽs","212010788004","Œ³’¬Žl’š–Ú","35.414045","136.762923","0","3"
"21","Šò•ŒŒ§","21201","Šò•ŒŽs","212010788005","Œ³’¬ŒÜ’š–Ú","35.412715","136.763575","0","3"
"21","Šò•ŒŒ§","21201","Šò•ŒŽs","212010789001","Œ³‹{’¬ˆê’š–Ú","35.416882","136.748156","0","3"
"21","Šò•ŒŒ§","21201","Šò•ŒŽs","212010789002","Œ³‹{’¬“ñ’š–Ú","35.416461","136.748167","0","3"
"21","Šò•ŒŒ§","21201","Šò•ŒŽs","212010789003","Œ³‹{’¬ŽO’š–Ú","35.415969","136.748129","0","3"
"21","Šò•ŒŒ§","21201","Šò•ŒŽs","212010789004","Œ³‹{’¬Žl’š–Ú","35.415579","136.748146","0","3"
"21","Šò•ŒŒ§","21201","Šò•ŒŽs","212010790001","ŽçŒû’¬ˆê’š–Ú","35.437595","136.726376","0","3"
"21","Šò•ŒŒ§","21201","Šò•ŒŽs","212010790002","ŽçŒû’¬“ñ’š–Ú","35.438291","136.726360","0","3"
"21","Šò•ŒŒ§","21201","Šò•ŒŽs","212010790003","ŽçŒû’¬ŽO’š–Ú","35.439141","136.726160","0","3"
"21","Šò•ŒŒ§","21201","Šò•ŒŽs","212010790004","ŽçŒû’¬Žl’š–Ú","35.438108","136.721780","0","3"
"21","Šò•ŒŒ§","21201","Šò•ŒŽs","212010790005","ŽçŒû’¬ŒÜ’š–Ú","35.438427","136.724113","0","3"
"21","Šò•ŒŒ§","21201","Šò•ŒŽs","212010790006","ŽçŒû’¬˜Z’š–Ú","35.438965","136.723601","0","3"
"21","Šò•ŒŒ§","21201","Šò•ŒŽs","212010791000","X¼","35.486950","136.834310","0","1"
"21","Šò•ŒŒ§","21201","Šò•ŒŽs","212010792000","X“Œ","35.487107","136.837014","0","1"
"21","Šò•ŒŒ§","21201","Šò•ŒŽs","212010793000","–ö¶’¬","35.428850","136.760150","0","1"
"21","Šò•ŒŒ§","21201","Šò•ŒŽs","212010794000","–òŽt’¬","35.395356","136.760979","0","1"
"21","Šò•ŒŒ§","21201","Šò•ŒŽs","212010795000","–î‘q’¬","35.399206","136.764118","0","1"
"21","Šò•ŒŒ§","21201","Šò•ŒŽs","212010796000","”ªâ’¬","35.391842","136.766149","0","1"
"21","Šò•ŒŒ§","21201","Šò•ŒŽs","212010797000","”ª“‡’¬","35.398455","136.763799","0","1"
"21","Šò•ŒŒ§","21201","Šò•ŒŽs","212010798001","–î“‡’¬ˆê’š–Ú","35.430493","136.764326","0","3"
"21","Šò•ŒŒ§","21201","Šò•ŒŽs","212010798002","–î“‡’¬“ñ’š–Ú","35.428775","136.763529","0","3"
"21","Šò•ŒŒ§","21201","Šò•ŒŽs","212010799001","”ª‘ãˆê’š–Ú","35.458828","136.773175","0","3"
"21","Šò•ŒŒ§","21201","Šò•ŒŽs","212010799002","”ª‘ã“ñ’š–Ú","35.460262","136.770484","0","3"
"21","Šò•ŒŒ§","21201","Šò•ŒŽs","212010799003","”ª‘ãŽO’š–Ú","35.461362","136.774218","0","3"
"21","Šò•ŒŒ§","21201","Šò•ŒŽs","212010800001","”ªƒc”~’¬ˆê’š–Ú","35.423111","136.755848","0","3"
"21","Šò•ŒŒ§","21201","Šò•ŒŽs","212010800002","”ªƒc”~’¬“ñ’š–Ú","35.423164","136.754202","0","3"
"21","Šò•ŒŒ§","21201","Šò•ŒŽs","212010800003","”ªƒc”~’¬ŽO’š–Ú","35.423311","136.752991","0","3"
"21","Šò•ŒŒ§","21201","Šò•ŒŽs","212010801001","”ªƒcŽ›’¬ˆê’š–Ú","35.422015","136.759235","0","3"
"21","Šò•ŒŒ§","21201","Šò•ŒŽs","212010801002","”ªƒcŽ›’¬“ñ’š–Ú","35.421505","136.758875","0","3"
"21","Šò•ŒŒ§","21201","Šò•ŒŽs","212010802001","–ö’Ã’¬”~¼ˆê’š–Ú","35.364056","136.740517","0","3"
"21","Šò•ŒŒ§","21201","Šò•ŒŽs","212010802002","–ö’Ã’¬”~¼“ñ’š–Ú","35.364078","136.743082","0","3"
"21","Šò•ŒŒ§","21201","Šò•ŒŽs","212010802003","–ö’Ã’¬”~¼ŽO’š–Ú","35.361170","136.742254","0","3"
"21","Šò•ŒŒ§","21201","Šò•ŒŽs","212010802004","–ö’Ã’¬”~¼Žl’š–Ú","35.361693","136.739938","0","3"
"21","Šò•ŒŒ§","21201","Šò•ŒŽs","212010803001","–ö’Ã’¬ã²”gˆê’š–Ú","35.375785","136.722561","0","3"
"21","Šò•ŒŒ§","21201","Šò•ŒŽs","212010803002","–ö’Ã’¬ã²”g“ñ’š–Ú","35.372516","136.722350","0","3"
"21","Šò•ŒŒ§","21201","Šò•ŒŽs","212010803003","–ö’Ã’¬ã²”gŽO’š–Ú","35.370279","136.722206","0","3"
"21","Šò•ŒŒ§","21201","Šò•ŒŽs","212010803004","–ö’Ã’¬ã²”gŽl’š–Ú","35.368161","136.722065","0","3"
"21","Šò•ŒŒ§","21201","Šò•ŒŽs","212010803005","–ö’Ã’¬ã²”gŒÜ’š–Ú","35.366054","136.721768","0","3"
"21","Šò•ŒŒ§","21201","Šò•ŒŽs","212010804001","–ö’Ã’¬ã²”g¼ˆê’š–Ú","35.376961","136.713738","0","3"
"21","Šò•ŒŒ§","21201","Šò•ŒŽs","212010804002","–ö’Ã’¬ã²”g¼“ñ’š–Ú","35.377531","136.718326","0","3"
"21","Šò•ŒŒ§","21201","Šò•ŒŽs","212010804003","–ö’Ã’¬ã²”g¼ŽO’š–Ú","35.375285","136.717074","0","3"
"21","Šò•ŒŒ§","21201","Šò•ŒŽs","212010804004","–ö’Ã’¬ã²”g¼Žl’š–Ú","35.372756","136.716916","0","3"
"21","Šò•ŒŒ§","21201","Šò•ŒŽs","212010804005","–ö’Ã’¬ã²”g¼ŒÜ’š–Ú","35.373783","136.712681","0","3"
"21","Šò•ŒŒ§","21201","Šò•ŒŽs","212010804006","–ö’Ã’¬ã²”g¼˜Z’š–Ú","35.370813","136.711617","0","3"
"21","Šò•ŒŒ§","21201","Šò•ŒŽs","212010804007","–ö’Ã’¬ã²”g¼Žµ’š–Ú","35.370433","136.716762","0","3"
"21","Šò•ŒŒ§","21201","Šò•ŒŽs","212010804008","–ö’Ã’¬ã²”g¼”ª’š–Ú","35.368323","136.716637","0","3"
"21","Šò•ŒŒ§","21201","Šò•ŒŽs","212010804009","–ö’Ã’¬ã²”g¼‹ã’š–Ú","35.366274","136.716494","0","3"
"21","Šò•ŒŒ§","21201","Šò•ŒŽs","212010805001","–ö’Ã’¬ã²”g“Œˆê’š–Ú","35.374755","136.725761","0","3"
"21","Šò•ŒŒ§","21201","Šò•ŒŽs","212010805002","–ö’Ã’¬ã²”g“Œ“ñ’š–Ú","35.372862","136.726548","0","3"
"21","Šò•ŒŒ§","21201","Šò•ŒŽs","212010805003","–ö’Ã’¬ã²”g“ŒŽO’š–Ú","35.370032","136.726803","0","3"
"21","Šò•ŒŒ§","21201","Šò•ŒŽs","212010806001","–ö’Ã’¬–k’Ëˆê’š–Ú","35.365933","136.734644","0","3"
"21","Šò•ŒŒ§","21201","Šò•ŒŽs","212010806002","–ö’Ã’¬–k’Ë“ñ’š–Ú","35.367622","136.735117","0","3"
"21","Šò•ŒŒ§","21201","Šò•ŒŽs","212010806003","–ö’Ã’¬–k’ËŽO’š–Ú","35.370131","136.734883","0","3"
"21","Šò•ŒŒ§","21201","Šò•ŒŽs","212010806004","–ö’Ã’¬–k’ËŽl’š–Ú","35.369393","136.732471","0","3"
"21","Šò•ŒŒ§","21201","Šò•ŒŽs","212010806005","–ö’Ã’¬–k’ËŒÜ’š–Ú","35.366885","136.732607","0","3"
"21","Šò•ŒŒ§","21201","Šò•ŒŽs","212010807000","–ö’Ã’¬‰h’¬","35.366276","136.756343","0","1"
"21","Šò•ŒŒ§","21201","Šò•ŒŽs","212010808001","–ö’Ã’¬‰º²”gˆê’š–Ú","35.364120","136.722044","0","3"
"21","Šò•ŒŒ§","21201","Šò•ŒŽs","212010808002","–ö’Ã’¬‰º²”g“ñ’š–Ú","35.361486","136.723556","0","3"
"21","Šò•ŒŒ§","21201","Šò•ŒŽs","212010808003","–ö’Ã’¬‰º²”gŽO’š–Ú","35.361364","136.720526","0","3"
"21","Šò•ŒŒ§","21201","Šò•ŒŽs","212010808004","–ö’Ã’¬‰º²”gŽl’š–Ú","35.358861","136.720649","0","3"
"21","Šò•ŒŒ§","21201","Šò•ŒŽs","212010808005","–ö’Ã’¬‰º²”gŒÜ’š–Ú","35.358833","136.724319","0","3"
"21","Šò•ŒŒ§","21201","Šò•ŒŽs","212010808006","–ö’Ã’¬‰º²”g˜Z’š–Ú","35.355463","136.723273","0","3"
"21","Šò•ŒŒ§","21201","Šò•ŒŽs","212010808007","–ö’Ã’¬‰º²”gŽµ’š–Ú","35.356357","136.720561","0","3"
"21","Šò•ŒŒ§","21201","Šò•ŒŽs","212010808008","–ö’Ã’¬‰º²”g”ª’š–Ú","35.356612","136.717347","0","3"
"21","Šò•ŒŒ§","21201","Šò•ŒŽs","212010809001","–ö’Ã’¬‰º²”g¼ˆê’š–Ú","35.364003","136.717362","0","3"
"21","Šò•ŒŒ§","21201","Šò•ŒŽs","212010809002","–ö’Ã’¬‰º²”g¼“ñ’š–Ú","35.361513","136.717327","0","3"
"21","Šò•ŒŒ§","21201","Šò•ŒŽs","212010809003","–ö’Ã’¬‰º²”g¼ŽO’š–Ú","35.358981","136.717018","0","3"
"21","Šò•ŒŒ§","21201","Šò•ŒŽs","212010810001","–ö’Ã’¬‚ŒKˆê’š–Ú","35.355719","136.713917","0","3"
"21","Šò•ŒŒ§","21201","Šò•ŒŽs","212010810002","–ö’Ã’¬‚ŒK“ñ’š–Ú","35.355470","136.711466","0","3"
"21","Šò•ŒŒ§","21201","Šò•ŒŽs","212010810003","–ö’Ã’¬‚ŒKŽO’š–Ú","35.355898","136.709409","0","3"
"21","Šò•ŒŒ§","21201","Šò•ŒŽs","212010810004","–ö’Ã’¬‚ŒKŽl’š–Ú","35.356463","136.707061","0","3"
"21","Šò•ŒŒ§","21201","Šò•ŒŽs","212010810005","–ö’Ã’¬‚ŒKŒÜ’š–Ú","35.357248","136.703073","0","3"
"21","Šò•ŒŒ§","21201","Šò•ŒŽs","212010811001","–ö’Ã’¬‚ŒK’çŠOˆê’š–Ú","35.355996","136.696895","0","3"
"21","Šò•ŒŒ§","21201","Šò•ŒŽs","212010811002","–ö’Ã’¬‚ŒK’çŠO“ñ’š–Ú","35.355589","136.702856","0","3"
"21","Šò•ŒŒ§","21201","Šò•ŒŽs","212010811003","–ö’Ã’¬‚ŒK’çŠOŽO’š–Ú","35.353661","136.707562","0","3"
"21","Šò•ŒŒ§","21201","Šò•ŒŽs","212010812001","–ö’Ã’¬‚ŒK¼ˆê’š–Ú","35.362521","136.707676","0","3"
"21","Šò•ŒŒ§","21201","Šò•ŒŽs","212010812002","–ö’Ã’¬‚ŒK¼“ñ’š–Ú","35.359940","136.707478","0","3"
"21","Šò•ŒŒ§","21201","Šò•ŒŽs","212010812003","–ö’Ã’¬‚ŒK¼ŽO’š–Ú","35.359879","136.704333","0","3"
"21","Šò•ŒŒ§","21201","Šò•ŒŽs","212010812004","–ö’Ã’¬‚ŒK¼Žl’š–Ú","35.362896","136.704220","0","3"
"21","Šò•ŒŒ§","21201","Šò•ŒŽs","212010812005","–ö’Ã’¬‚ŒK¼ŒÜ’š–Ú","35.365660","136.707064","0","3"
"21","Šò•ŒŒ§","21201","Šò•ŒŽs","212010813001","–ö’Ã’¬‚ŒK“Œˆê’š–Ú","35.364130","136.714425","0","3"
"21","Šò•ŒŒ§","21201","Šò•ŒŽs","212010813002","–ö’Ã’¬‚ŒK“Œ“ñ’š–Ú","35.360536","136.714014","0","3"
"21","Šò•ŒŒ§","21201","Šò•ŒŽs","212010813003","–ö’Ã’¬‚ŒK“ŒŽO’š–Ú","35.359935","136.711251","0","3"
"21","Šò•ŒŒ§","21201","Šò•ŒŽs","212010814001","–ö’Ã’¬˜@’rˆê’š–Ú","35.364755","136.745789","0","3"
"21","Šò•ŒŒ§","21201","Šò•ŒŽs","212010814002","–ö’Ã’¬˜@’r“ñ’š–Ú","35.367184","136.747058","0","3"
"21","Šò•ŒŒ§","21201","Šò•ŒŽs","212010814003","–ö’Ã’¬˜@’rŽO’š–Ú","35.368811","136.747175","0","3"
"21","Šò•ŒŒ§","21201","Šò•ŒŽs","212010814004","–ö’Ã’¬˜@’rŽl’š–Ú","35.368812","136.749209","0","3"
"21","Šò•ŒŒ§","21201","Šò•ŒŽs","212010814005","–ö’Ã’¬˜@’rŒÜ’š–Ú","35.367096","136.749080","0","3"
"21","Šò•ŒŒ§","21201","Šò•ŒŽs","212010814006","–ö’Ã’¬˜@’r˜Z’š–Ú","35.365083","136.748459","0","3"
"21","Šò•ŒŒ§","21201","Šò•ŒŽs","212010815001","–ö’Ã’¬“Œ’Ëˆê’š–Ú","35.365165","136.751408","0","3"
"21","Šò•ŒŒ§","21201","Šò•ŒŽs","212010815002","–ö’Ã’¬“Œ’Ë“ñ’š–Ú","35.366760","136.751632","0","3"
"21","Šò•ŒŒ§","21201","Šò•ŒŽs","212010815003","–ö’Ã’¬“Œ’ËŽO’š–Ú","35.368774","136.751454","0","3"
"21","Šò•ŒŒ§","21201","Šò•ŒŽs","212010815004","–ö’Ã’¬“Œ’ËŽl’š–Ú","35.368517","136.753467","0","3"
"21","Šò•ŒŒ§","21201","Šò•ŒŽs","212010815005","–ö’Ã’¬“Œ’ËŒÜ’š–Ú","35.366392","136.754520","0","3"
"21","Šò•ŒŒ§","21201","Šò•ŒŽs","212010816001","–ö’Ã’¬–{‹½ˆê’š–Ú","35.365707","136.740715","0","3"
"21","Šò•ŒŒ§","21201","Šò•ŒŽs","212010816002","–ö’Ã’¬–{‹½“ñ’š–Ú","35.367376","136.740713","0","3"
"21","Šò•ŒŒ§","21201","Šò•ŒŽs","212010816003","–ö’Ã’¬–{‹½ŽO’š–Ú","35.368443","136.741690","0","3"
"21","Šò•ŒŒ§","21201","Šò•ŒŽs","212010816004","–ö’Ã’¬–{‹½Žl’š–Ú","35.367846","136.744594","0","3"
"21","Šò•ŒŒ§","21201","Šò•ŒŽs","212010816005","–ö’Ã’¬–{‹½ŒÜ’š–Ú","35.366051","136.744008","0","3"
"21","Šò•ŒŒ§","21201","Šò•ŒŽs","212010817001","–ö’Ã’¬“ì’Ëˆê’š–Ú","35.363636","136.737709","0","3"
"21","Šò•ŒŒ§","21201","Šò•ŒŽs","212010817002","–ö’Ã’¬“ì’Ë“ñ’š–Ú","35.364768","136.733672","0","3"
"21","Šò•ŒŒ§","21201","Šò•ŒŽs","212010817003","–ö’Ã’¬“ì’ËŽO’š–Ú","35.363008","136.733908","0","3"
"21","Šò•ŒŒ§","21201","Šò•ŒŽs","212010817004","–ö’Ã’¬“ì’ËŽl’š–Ú","35.361760","136.733387","0","3"
"21","Šò•ŒŒ§","21201","Šò•ŒŽs","212010817005","–ö’Ã’¬“ì’ËŒÜ’š–Ú","35.361745","136.737135","0","3"
"21","Šò•ŒŒ§","21201","Šò•ŒŽs","212010818001","–ö’Ã’¬‹{“Œˆê’š–Ú","35.365485","136.737430","0","3"
"21","Šò•ŒŒ§","21201","Šò•ŒŽs","212010818002","–ö’Ã’¬‹{“Œ“ñ’š–Ú","35.367475","136.737871","0","3"
"21","Šò•ŒŒ§","21201","Šò•ŒŽs","212010818003","–ö’Ã’¬‹{“ŒŽO’š–Ú","35.369940","136.737870","0","3"
"21","Šò•ŒŒ§","21201","Šò•ŒŽs","212010819001","–ö’Ã’¬—¬’ÊƒZƒ“ƒ^[ˆê’š–Ú","35.367697","136.710890","0","3"
"21","Šò•ŒŒ§","21201","Šò•ŒŽs","212010819002","–ö’Ã’¬—¬’ÊƒZƒ“ƒ^[“ñ’š–Ú","35.364297","136.710522","0","3"
"21","Šò•ŒŒ§","21201","Šò•ŒŽs","212010819003","–ö’Ã’¬—¬’ÊƒZƒ“ƒ^[ŽO’š–Ú","35.362350","136.711436","0","3"
"21","Šò•ŒŒ§","21201","Šò•ŒŽs","212010820001","–öƒP£’Êˆê’š–Ú","35.419128","136.759622","0","3"
"21","Šò•ŒŒ§","21201","Šò•ŒŽs","212010820002","–öƒP£’Ê“ñ’š–Ú","35.419272","136.758624","0","3"
"21","Šò•ŒŒ§","21201","Šò•ŒŽs","212010820003","–öƒP£’ÊŽO’š–Ú","35.419316","136.757871","0","3"
"21","Šò•ŒŒ§","21201","Šò•ŒŽs","212010820004","–öƒP£’ÊŽl’š–Ú","35.419415","136.756579","0","3"
"21","Šò•ŒŒ§","21201","Šò•ŒŽs","212010820005","–öƒP£’ÊŒÜ’š–Ú","35.419653","136.755375","0","3"
"21","Šò•ŒŒ§","21201","Šò•ŒŽs","212010820006","–öƒP£’Ê˜Z’š–Ú","35.419795","136.754092","0","3"
"21","Šò•ŒŒ§","21201","Šò•ŒŽs","212010820007","–öƒP£’ÊŽµ’š–Ú","35.419693","136.753232","0","3"
"21","Šò•ŒŒ§","21201","Šò•ŒŽs","212010821000","–öì’¬","35.418838","136.751833","0","1"
"21","Šò•ŒŒ§","21201","Šò•ŒŽs","212010822000","–öŒË","35.465133","136.737862","0","1"
"21","Šò•ŒŒ§","21201","Šò•ŒŽs","212010823000","–ö’¬","35.428547","136.760831","0","1"
"21","Šò•ŒŒ§","21201","Šò•ŒŽs","212010824001","–öX’¬ˆê’š–Ú","35.403171","136.736750","0","3"
"21","Šò•ŒŒ§","21201","Šò•ŒŽs","212010824002","–öX’¬“ñ’š–Ú","35.401619","136.736773","0","3"
"21","Šò•ŒŒ§","21201","Šò•ŒŽs","212010825000","–ö‘ò’¬","35.422416","136.764757","0","1"
"21","Šò•ŒŒ§","21201","Šò•ŒŽs","212010826000","–í”ª’¬","35.421028","136.758686","0","1"
"21","Šò•ŒŒ§","21201","Šò•ŒŽs","212010827000","–÷“c","35.382925","136.715000","0","1"
"21","Šò•ŒŒ§","21201","Šò•ŒŽs","212010828001","–÷“c’†ˆê’š–Ú","35.395580","136.718897","0","3"
"21","Šò•ŒŒ§","21201","Šò•ŒŽs","212010828002","–÷“c’†“ñ’š–Ú","35.395378","136.715927","0","3"
"21","Šò•ŒŒ§","21201","Šò•ŒŽs","212010829001","–÷“c¼ˆê’š–Ú","35.397016","136.711971","0","3"
"21","Šò•ŒŒ§","21201","Šò•ŒŽs","212010829002","–÷“c¼“ñ’š–Ú","35.396462","136.706114","0","3"
"21","Šò•ŒŒ§","21201","Šò•ŒŽs","212010830001","–÷“c“Œˆê’š–Ú","35.396700","136.724645","0","3"
"21","Šò•ŒŒ§","21201","Šò•ŒŽs","212010830002","–÷“c“Œ“ñ’š–Ú","35.396402","136.721574","0","3"
"21","Šò•ŒŒ§","21201","Šò•ŒŽs","212010831001","–÷“c“ìˆê’š–Ú","35.394373","136.723208","0","3"
"21","Šò•ŒŒ§","21201","Šò•ŒŽs","212010831002","–÷“c“ì“ñ’š–Ú","35.391964","136.723151","0","3"
"21","Šò•ŒŒ§","21201","Šò•ŒŽs","212010831003","–÷“c“ìŽO’š–Ú","35.389600","136.723086","0","3"
"21","Šò•ŒŒ§","21201","Šò•ŒŽs","212010831004","–÷“c“ìŽl’š–Ú","35.391525","136.718834","0","3"
"21","Šò•ŒŒ§","21201","Šò•ŒŽs","212010831005","–÷“c“ìŒÜ’š–Ú","35.391319","136.715857","0","3"
"21","Šò•ŒŒ§","21201","Šò•ŒŽs","212010832000","ŽRŒ§Šâ","35.506906","136.817681","0","1"
"21","Šò•ŒŒ§","21201","Šò•ŒŽs","212010833000","ŽRŒ§Šâ’†","35.501290","136.821057","0","1"
"21","Šò•ŒŒ§","21201","Šò•ŒŽs","212010834000","ŽRŒ§Šâ¼","35.504183","136.820378","0","1"
"21","Šò•ŒŒ§","21201","Šò•ŒŽs","212010835000","ŽRŒ§Šâ“Œ","35.504080","136.826375","0","1"
"21","Šò•ŒŒ§","21201","Šò•ŒŽs","212010836000","ŽRŒ§Šâ“ì","35.500378","136.824289","0","1"
"21","Šò•ŒŒ§","21201","Šò•ŒŽs","212010837000","ŽRŒ§Šâ–¾Œõ","35.497638","136.817412","0","1"
"21","Šò•ŒŒ§","21201","Šò•ŒŽs","212010838000","ŽRŒ§–k–ì","35.520477","136.818048","0","1"
"21","Šò•ŒŒ§","21201","Šò•ŒŽs","212010839000","ŽRŒû’¬","35.433657","136.771516","0","1"
"21","Šò•ŒŒ§","21201","Šò•ŒŽs","212010840000","ŽRæ’¬","35.443068","136.783675","0","1"
"21","Šò•ŒŒ§","21201","Šò•ŒŽs","212010841000","‘å˜a’¬","35.430627","136.766316","0","1"
"21","Šò•ŒŒ§","21201","Šò•ŒŽs","212010842001","ŽR’¬ˆê’š–Ú","35.431112","136.751469","0","3"
"21","Šò•ŒŒ§","21201","Šò•ŒŽs","212010842002","ŽR’¬“ñ’š–Ú","35.432627","136.751112","0","3"
"21","Šò•ŒŒ§","21201","Šò•ŒŽs","212010842003","ŽR’¬ŽO’š–Ú","35.433116","136.750992","0","3"
"21","Šò•ŒŒ§","21201","Šò•ŒŽs","212010842004","ŽR’¬Žl’š–Ú","35.431018","136.748118","0","3"
"21","Šò•ŒŒ§","21201","Šò•ŒŽs","212010842005","ŽR’¬ŒÜ’š–Ú","35.432240","136.747753","0","3"
"21","Šò•ŒŒ§","21201","Šò•ŒŽs","212010842006","ŽR’¬˜Z’š–Ú","35.432695","136.747410","0","3"
"21","Šò•ŒŒ§","21201","Šò•ŒŽs","212010843000","–í¶’¬","35.419831","136.758371","0","1"
"21","Šò•ŒŒ§","21201","Šò•ŒŽs","212010844000","—[—z‹u","35.430466","136.774291","0","1"
"21","Šò•ŒŒ§","21201","Šò•ŒŽs","212010845001","áŒ©’¬ˆê’š–Ú","35.417304","136.778081","0","3"
"21","Šò•ŒŒ§","21201","Šò•ŒŽs","212010845002","áŒ©’¬“ñ’š–Ú","35.417090","136.782822","0","3"
"21","Šò•ŒŒ§","21201","Šò•ŒŽs","212010846001","—{˜V’¬ˆê’š–Ú","35.443749","136.771534","0","3"
"21","Šò•ŒŒ§","21201","Šò•ŒŽs","212010846002","—{˜V’¬“ñ’š–Ú","35.444106","136.768536","0","3"
"21","Šò•ŒŒ§","21201","Šò•ŒŽs","212010847001","äÑ’¬ˆê’š–Ú","35.412693","136.745095","0","3"
"21","Šò•ŒŒ§","21201","Šò•ŒŽs","212010847002","äÑ’¬“ñ’š–Ú","35.412357","136.743855","0","3"
"21","Šò•ŒŒ§","21201","Šò•ŒŽs","212010847003","äÑ’¬ŽO’š–Ú","35.411923","136.742722","0","3"
"21","Šò•ŒŒ§","21201","Šò•ŒŽs","212010847004","äÑ’¬Žl’š–Ú","35.411490","136.741475","0","3"
"21","Šò•ŒŒ§","21201","Šò•ŒŽs","212010847005","äÑ’¬ŒÜ’š–Ú","35.411048","136.740309","0","3"
"21","Šò•ŒŒ§","21201","Šò•ŒŽs","212010847006","äÑ’¬˜Z’š–Ú","35.410502","136.738525","0","3"
"21","Šò•ŒŒ§","21201","Šò•ŒŽs","212010847007","äÑ’¬Žµ’š–Ú","35.410259","136.737334","0","3"
"21","Šò•ŒŒ§","21201","Šò•ŒŽs","212010848001","‹g’Ã’¬ˆê’š–Ú","35.416385","136.760939","0","3"
"21","Šò•ŒŒ§","21201","Šò•ŒŽs","212010848002","‹g’Ã’¬“ñ’š–Ú","35.415770","136.761079","0","3"
"21","Šò•ŒŒ§","21201","Šò•ŒŽs","212010849001","‹g–ì’¬ˆê’š–Ú","35.410150","136.763883","0","3"
"21","Šò•ŒŒ§","21201","Šò•ŒŽs","212010849002","‹g–ì’¬“ñ’š–Ú","35.410183","136.762841","0","3"
"21","Šò•ŒŒ§","21201","Šò•ŒŽs","212010849003","‹g–ì’¬ŽO’š–Ú","35.410510","136.760560","0","3"
"21","Šò•ŒŒ§","21201","Šò•ŒŽs","212010849004","‹g–ì’¬Žl’š–Ú","35.410426","136.759598","0","3"
"21","Šò•ŒŒ§","21201","Šò•ŒŽs","212010849005","‹g–ì’¬ŒÜ’š–Ú","35.410754","136.757667","0","3"
"21","Šò•ŒŒ§","21201","Šò•ŒŽs","212010849006","‹g–ì’¬˜Z’š–Ú","35.411202","136.754727","0","3"
"21","Šò•ŒŒ§","21201","Šò•ŒŽs","212010850000","Žl‰®’¬","35.430191","136.760721","0","1"
"21","Šò•ŒŒ§","21201","Šò•ŒŽs","212010851000","¢•Û","35.485150","136.838447","0","1"
"21","Šò•ŒŒ§","21201","Šò•ŒŽs","212010852000","¢•Û–k","35.484170","136.834552","0","1"
"21","Šò•ŒŒ§","21201","Šò•ŒŽs","212010853000","¢•Û¼","35.482488","136.833699","0","1"
"21","Šò•ŒŒ§","21201","Šò•ŒŽs","212010854000","¢•Û“Œ","35.485018","136.836719","0","1"
"21","Šò•ŒŒ§","21201","Šò•ŒŽs","212010855000","¢•Û“ì","35.481776","136.837640","0","1"
"21","Šò•ŒŒ§","21201","Šò•ŒŽs","212010856000","—²é’¬","35.420682","136.783809","0","1"
"21","Šò•ŒŒ§","21201","Šò•ŒŽs","212010857000","—Ì‰º","35.399342","136.778787","0","1"
"21","Šò•ŒŒ§","21201","Šò•ŒŽs","212010858001","—Ì‰ºˆê’š–Ú","35.402544","136.778852","0","3"
"21","Šò•ŒŒ§","21201","Šò•ŒŽs","212010858002","—Ì‰º“ñ’š–Ú","35.402905","136.778234","0","3"
"21","Šò•ŒŒ§","21201","Šò•ŒŽs","212010858003","—Ì‰ºŽO’š–Ú","35.405033","136.778164","0","3"
"21","Šò•ŒŒ§","21201","Šò•ŒŽs","212010858004","—Ì‰ºŽl’š–Ú","35.407892","136.779534","0","3"
"21","Šò•ŒŒ§","21201","Šò•ŒŽs","212010858005","—Ì‰ºŒÜ’š–Ú","35.407048","136.781528","0","3"
"21","Šò•ŒŒ§","21201","Šò•ŒŽs","212010858006","—Ì‰º˜Z’š–Ú","35.404521","136.781073","0","3"
"21","Šò•ŒŒ§","21201","Šò•ŒŽs","212010858007","—Ì‰ºŽµ’š–Ú","35.406461","136.783481","0","3"
"21","Šò•ŒŒ§","21201","Šò•ŒŽs","212010859000","˜Zð","35.406064","136.741311","0","1"
"21","Šò•ŒŒ§","21201","Šò•ŒŽs","212010860001","˜Zð]“Œˆê’š–Ú","35.392562","136.744816","0","3"
"21","Šò•ŒŒ§","21201","Šò•ŒŽs","212010860002","˜Zð]“Œ“ñ’š–Ú","35.390078","136.744710","0","3"
"21","Šò•ŒŒ§","21201","Šò•ŒŽs","212010860003","˜Zð]“ŒŽO’š–Ú","35.388012","136.744021","0","3"
"21","Šò•ŒŒ§","21201","Šò•ŒŽs","212010861001","˜Zð‘åaˆê’š–Ú","35.392184","136.739772","0","3"
"21","Šò•ŒŒ§","21201","Šò•ŒŽs","212010861002","˜Zð‘åa“ñ’š–Ú","35.389935","136.739013","0","3"
"21","Šò•ŒŒ§","21201","Šò•ŒŽs","212010861003","˜Zð‘åaŽO’š–Ú","35.390014","136.735946","0","3"
"21","Šò•ŒŒ§","21201","Šò•ŒŽs","212010861004","˜Zð‘åaŽl’š–Ú","35.390701","136.733143","0","3"
"21","Šò•ŒŒ§","21201","Šò•ŒŽs","212010862001","˜Zð•Ð“cˆê’š–Ú","35.396510","136.746411","0","3"
"21","Šò•ŒŒ§","21201","Šò•ŒŽs","212010862002","˜Zð•Ð“c“ñ’š–Ú","35.395140","136.743686","0","3"
"21","Šò•ŒŒ§","21201","Šò•ŒŽs","212010863001","˜Zð–kˆê’š–Ú","35.405946","136.742539","0","3"
"21","Šò•ŒŒ§","21201","Šò•ŒŽs","212010863002","˜Zð–k“ñ’š–Ú","35.402553","136.742461","0","3"
"21","Šò•ŒŒ§","21201","Šò•ŒŽs","212010863003","˜Zð–kŽO’š–Ú","35.403235","136.739562","0","3"
"21","Šò•ŒŒ§","21201","Šò•ŒŽs","212010863004","˜Zð–kŽl’š–Ú","35.400342","136.739302","0","3"
"21","Šò•ŒŒ§","21201","Šò•ŒŽs","212010864001","˜Zð“Œˆê’š–Ú","35.404028","136.745163","0","3"
"21","Šò•ŒŒ§","21201","Šò•ŒŽs","212010864002","˜Zð“Œ“ñ’š–Ú","35.401901","136.745655","0","3"
"21","Šò•ŒŒ§","21201","Šò•ŒŽs","212010865000","˜Zð•ŸŽõ’¬","35.399029","136.746029","0","1"
"21","Šò•ŒŒ§","21201","Šò•ŒŽs","212010866001","˜Zð“ìˆê’š–Ú","35.397899","136.743313","0","3"
"21","Šò•ŒŒ§","21201","Šò•ŒŽs","212010866002","˜Zð“ì“ñ’š–Ú","35.398310","136.739665","0","3"
"21","Šò•ŒŒ§","21201","Šò•ŒŽs","212010866003","˜Zð“ìŽO’š–Ú","35.394097","136.738876","0","3"
"21","Šò•ŒŒ§","21201","Šò•ŒŽs","212010867000","Žá™’¬","35.399791","136.767709","0","1"
"21","Šò•ŒŒ§","21201","Šò•ŒŽs","212010868001","Žá’|’¬ˆê’š–Ú","35.442579","136.772527","0","3"
"21","Šò•ŒŒ§","21201","Šò•ŒŽs","212010868002","Žá’|’¬“ñ’š–Ú","35.442856","136.770316","0","3"
"21","Šò•ŒŒ§","21201","Šò•ŒŽs","212010869000","Žá•Ÿ’¬","35.460848","136.768095","0","1"
"21","Šò•ŒŒ§","21201","Šò•ŒŽs","212010870000","Žá¼’¬","35.430056","136.761675","0","1"
"21","Šò•ŒŒ§","21201","Šò•ŒŽs","212010871001","Žá‹{’¬ˆê’š–Ú","35.419322","136.763737","0","3"
"21","Šò•ŒŒ§","21201","Šò•ŒŽs","212010871002","Žá‹{’¬“ñ’š–Ú","35.419779","136.762124","0","3"
"21","Šò•ŒŒ§","21201","Šò•ŒŽs","212010871003","Žá‹{’¬ŽO’š–Ú","35.420224","136.761319","0","3"
"21","Šò•ŒŒ§","21201","Šò•ŒŽs","212010871004","Žá‹{’¬Žl’š–Ú","35.420179","136.759642","0","3"
"21","Šò•ŒŒ§","21201","Šò•ŒŽs","212010871005","Žá‹{’¬ŒÜ’š–Ú","35.420368","136.758333","0","3"
"21","Šò•ŒŒ§","21201","Šò•ŒŽs","212010871006","Žá‹{’¬˜Z’š–Ú","35.420570","136.756491","0","3"
"21","Šò•ŒŒ§","21201","Šò•ŒŽs","212010871007","Žá‹{’¬Žµ’š–Ú","35.420764","136.755416","0","3"
"21","Šò•ŒŒ§","21201","Šò•ŒŽs","212010871008","Žá‹{’¬”ª’š–Ú","35.420924","136.754251","0","3"
"21","Šò•ŒŒ§","21201","Šò•ŒŽs","212010871009","Žá‹{’¬‹ã’š–Ú","35.421074","136.753266","0","3"
"21","Šò•ŒŒ§","21201","Šò•ŒŽs","212010872001","–â‰®’¬ˆê’š–Ú","35.412214","136.755150","0","3"
"21","Šò•ŒŒ§","21201","Šò•ŒŽs","212010872002","–â‰®’¬“ñ’š–Ú","35.411970","136.755387","0","3"
"21","Šò•ŒŒ§","21201","Šò•ŒŽs","212010872003","–â‰®’¬ŽO’š–Ú","35.411809","136.755189","0","3"
"21","Šò•ŒŒ§","21201","Šò•ŒŽs","212010872004","–â‰®’¬Žl’š–Ú","35.411387","136.755786","0","3"
"21","Šò•ŒŒ§","21201","Šò•ŒŽs","212010873000","¼–â‰®’¬","35.411792","136.753254","0","1"
"21","Šò•ŒŒ§","21201","Šò•ŒŽs","212010874000","‰Hª’¬","35.413153","136.758815","0","1"
"21","Šò•ŒŒ§","21201","Šò•ŒŽs","212010875001","Z“c’¬ˆê’š–Ú","35.411783","136.758041","0","3"
"21","Šò•ŒŒ§","21201","Šò•ŒŽs","212010875002","Z“c’¬“ñ’š–Ú","35.411343","136.757974","0","3"
"21","Šò•ŒŒ§","21201","Šò•ŒŽs","212010876000","êG","35.372560","136.735018","0","1"
"21","Šò•ŒŒ§","21201","Šò•ŒŽs","212010877001","–ö’Ã’¬ŠÛ–ìˆê’š–Ú","35.367678","136.729178","0","3"
"21","Šò•ŒŒ§","21201","Šò•ŒŽs","212010877002","–ö’Ã’¬ŠÛ–ì“ñ’š–Ú","35.365240","136.730961","0","3"
"21","Šò•ŒŒ§","21201","Šò•ŒŽs","212010877003","–ö’Ã’¬ŠÛ–ìŽO’š–Ú","35.364028","136.727911","0","3"
"21","Šò•ŒŒ§","21201","Šò•ŒŽs","212010877004","–ö’Ã’¬ŠÛ–ìŽl’š–Ú","35.360686","136.729109","0","3"
"21","Šò•ŒŒ§","21201","Šò•ŒŽs","212010877005","–ö’Ã’¬ŠÛ–ìŒÜ’š–Ú","35.358324","136.729467","0","3"
"21","Šò•ŒŒ§","21201","Šò•ŒŽs","212010878000","–ö’Ã’¬","35.365410","136.725408","0","1"
"21","Šò•ŒŒ§","21201","Šò•ŒŽs","212010879000","–ö’Ã’¬²”g","35.362266","136.725320","0","1"
"21","Šò•ŒŒ§","21201","Šò•ŒŽs","212010880000","–ö’Ã’¬‚ŒK","35.352918","136.710071","0","1"
"21","Šò•ŒŒ§","21202","‘åŠ_Žs","212020001000","Â–Ø’¬","35.395512","136.597244","0","1"
"21","Šò•ŒŒ§","21202","‘åŠ_Žs","212020002000","Â–ì’¬","35.386970","136.553138","0","1"
"21","Šò•ŒŒ§","21202","‘åŠ_Žs","212020003000","Â•æ’¬","35.402326","136.557126","0","1"
"21","Šò•ŒŒ§","21202","‘åŠ_Žs","212020004001","Â•æ’¬ˆê’š–Ú","35.386547","136.563592","0","3"
"21","Šò•ŒŒ§","21202","‘åŠ_Žs","212020004002","Â•æ’¬“ñ’š–Ú","35.386777","136.559455","0","3"
"21","Šò•ŒŒ§","21202","‘åŠ_Žs","212020004003","Â•æ’¬ŽO’š–Ú","35.391623","136.563254","0","3"
"21","Šò•ŒŒ§","21202","‘åŠ_Žs","212020004004","Â•æ’¬Žl’š–Ú","35.391647","136.557879","0","3"
"21","Šò•ŒŒ§","21202","‘åŠ_Žs","212020004005","Â•æ’¬ŒÜ’š–Ú","35.397233","136.557024","0","3"
"21","Šò•ŒŒ§","21202","‘åŠ_Žs","212020005000","Â–ö’¬","35.344773","136.596968","0","1"
"21","Šò•ŒŒ§","21202","‘åŠ_Žs","212020006001","Â–ö’¬ˆê’š–Ú","35.347213","136.600732","0","3"
"21","Šò•ŒŒ§","21202","‘åŠ_Žs","212020006002","Â–ö’¬“ñ’š–Ú","35.345918","136.601149","0","3"
"21","Šò•ŒŒ§","21202","‘åŠ_Žs","212020006003","Â–ö’¬ŽO’š–Ú","35.343955","136.601365","0","3"
"21","Šò•ŒŒ§","21202","‘åŠ_Žs","212020006004","Â–ö’¬Žl’š–Ú","35.346427","136.604756","0","3"
"21","Šò•ŒŒ§","21202","‘åŠ_Žs","212020007001","ÔâV“cˆê’š–Ú","35.384304","136.586253","0","3"
"21","Šò•ŒŒ§","21202","‘åŠ_Žs","212020007002","ÔâV“c“ñ’š–Ú","35.384778","136.589851","0","3"
"21","Šò•ŒŒ§","21202","‘åŠ_Žs","212020007003","ÔâV“cŽO’š–Ú","35.381698","136.591722","0","3"
"21","Šò•ŒŒ§","21202","‘åŠ_Žs","212020008001","ÔâV’¬ˆê’š–Ú","35.392708","136.588499","0","3"
"21","Šò•ŒŒ§","21202","‘åŠ_Žs","212020008002","ÔâV’¬“ñ’š–Ú","35.392851","136.590627","0","3"
"21","Šò•ŒŒ§","21202","‘åŠ_Žs","212020008003","ÔâV’¬ŽO’š–Ú","35.391718","136.590526","0","3"
"21","Šò•ŒŒ§","21202","‘åŠ_Žs","212020008004","ÔâV’¬Žl’š–Ú","35.390599","136.589605","0","3"
"21","Šò•ŒŒ§","21202","‘åŠ_Žs","212020009001","Ôâ‘å–åˆê’š–Ú","35.384156","136.583828","0","3"
"21","Šò•ŒŒ§","21202","‘åŠ_Žs","212020009002","Ôâ‘å–å“ñ’š–Ú","35.382141","136.583884","0","3"
"21","Šò•ŒŒ§","21202","‘åŠ_Žs","212020009003","Ôâ‘å–åŽO’š–Ú","35.380830","136.583742","0","3"
"21","Šò•ŒŒ§","21202","‘åŠ_Žs","212020010000","Ôâ’¬","35.393792","136.580546","0","1"
"21","Šò•ŒŒ§","21202","‘åŠ_Žs","212020011000","Ôâ“Œ’¬","35.390103","136.586847","0","1"
"21","Šò•ŒŒ§","21202","‘åŠ_Žs","212020012001","Ô‰Ô’¬ˆê’š–Ú","35.387731","136.623278","0","3"
"21","Šò•ŒŒ§","21202","‘åŠ_Žs","212020012002","Ô‰Ô’¬“ñ’š–Ú","35.391175","136.622746","0","3"
"21","Šò•ŒŒ§","21202","‘åŠ_Žs","212020013001","ó‘ˆê’š–Ú","35.311809","136.620095","0","3"
"21","Šò•ŒŒ§","21202","‘åŠ_Žs","212020013002","ó‘“ñ’š–Ú","35.313323","136.615596","0","3"
"21","Šò•ŒŒ§","21202","‘åŠ_Žs","212020013003","ó‘ŽO’š–Ú","35.310305","136.614313","0","3"
"21","Šò•ŒŒ§","21202","‘åŠ_Žs","212020013004","ó‘Žl’š–Ú","35.306633","136.615453","0","3"
"21","Šò•ŒŒ§","21202","‘åŠ_Žs","212020014001","ó’†ˆê’š–Ú","35.312071","136.608934","0","3"
"21","Šò•ŒŒ§","21202","‘åŠ_Žs","212020014002","ó’†“ñ’š–Ú","35.313354","136.605538","0","3"
"21","Šò•ŒŒ§","21202","‘åŠ_Žs","212020014003","ó’†ŽO’š–Ú","35.310347","136.610908","0","3"
"21","Šò•ŒŒ§","21202","‘åŠ_Žs","212020015001","ó¼ˆê’š–Ú","35.304094","136.602700","0","3"
"21","Šò•ŒŒ§","21202","‘åŠ_Žs","212020015002","ó¼“ñ’š–Ú","35.308878","136.604089","0","3"
"21","Šò•ŒŒ§","21202","‘åŠ_Žs","212020015003","ó¼ŽO’š–Ú","35.306120","136.608184","0","3"
"21","Šò•ŒŒ§","21202","‘åŠ_Žs","212020015004","ó¼Žl’š–Ú","35.304808","136.611996","0","3"
"21","Šò•ŒŒ§","21202","‘åŠ_Žs","212020016001","ˆ®’¬ˆê’š–Ú","35.359342","136.624723","0","3"
"21","Šò•ŒŒ§","21202","‘åŠ_Žs","212020016002","ˆ®’¬“ñ’š–Ú","35.359486","136.625850","0","3"
"21","Šò•ŒŒ§","21202","‘åŠ_Žs","212020016003","ˆ®’¬ŽO’š–Ú","35.359476","136.627189","0","3"
"21","Šò•ŒŒ§","21202","‘åŠ_Žs","212020016004","ˆ®’¬Žl’š–Ú","35.359540","136.628569","0","3"
"21","Šò•ŒŒ§","21202","‘åŠ_Žs","212020016005","ˆ®’¬ŒÜ’š–Ú","35.359572","136.629712","0","3"
"21","Šò•ŒŒ§","21202","‘åŠ_Žs","212020016006","ˆ®’¬˜Z’š–Ú","35.359622","136.630964","0","3"
"21","Šò•ŒŒ§","21202","‘åŠ_Žs","212020016007","ˆ®’¬Žµ’š–Ú","35.359673","136.632349","0","3"
"21","Šò•ŒŒ§","21202","‘åŠ_Žs","212020016008","ˆ®’¬”ª’š–Ú","35.359768","136.633769","0","3"
"21","Šò•ŒŒ§","21202","‘åŠ_Žs","212020017000","“Œ’¬","35.371802","136.655520","0","1"
"21","Šò•ŒŒ§","21202","‘åŠ_Žs","212020018001","“Œ’¬ˆê’š–Ú","35.371153","136.651659","0","3"
"21","Šò•ŒŒ§","21202","‘åŠ_Žs","212020018002","“Œ’¬“ñ’š–Ú","35.367797","136.653383","0","3"
"21","Šò•ŒŒ§","21202","‘åŠ_Žs","212020018003","“Œ’¬ŽO’š–Ú","35.367969","136.647902","0","3"
"21","Šò•ŒŒ§","21202","‘åŠ_Žs","212020018004","“Œ’¬Žl’š–Ú","35.370590","136.648591","0","3"
"21","Šò•ŒŒ§","21202","‘åŠ_Žs","212020019001","ˆ»–ìˆê’š–Ú","35.346210","136.590512","0","3"
"21","Šò•ŒŒ§","21202","‘åŠ_Žs","212020019002","ˆ»–ì“ñ’š–Ú","35.350844","136.587822","0","3"
"21","Šò•ŒŒ§","21202","‘åŠ_Žs","212020019003","ˆ»–ìŽO’š–Ú","35.350988","136.580831","0","3"
"21","Šò•ŒŒ§","21202","‘åŠ_Žs","212020019004","ˆ»–ìŽl’š–Ú","35.346296","136.582477","0","3"
"21","Šò•ŒŒ§","21202","‘åŠ_Žs","212020019005","ˆ»–ìŒÜ’š–Ú","35.341138","136.585886","0","3"
"21","Šò•ŒŒ§","21202","‘åŠ_Žs","212020019006","ˆ»–ì˜Z’š–Ú","35.340761","136.591588","0","3"
"21","Šò•ŒŒ§","21202","‘åŠ_Žs","212020020000","ˆ»–ì’¬","35.344922","136.577156","0","1"
"21","Šò•ŒŒ§","21202","‘åŠ_Žs","212020021001","r”ö‹Ê’rˆê’š–Ú","35.377576","136.574854","0","3"
"21","Šò•ŒŒ§","21202","‘åŠ_Žs","212020021002","r”ö‹Ê’r“ñ’š–Ú","35.375393","136.575433","0","3"
"21","Šò•ŒŒ§","21202","‘åŠ_Žs","212020022000","r”ö’¬","35.373830","136.577659","0","1"
"21","Šò•ŒŒ§","21202","‘åŠ_Žs","212020023000","rì’¬","35.359798","136.574032","0","1"
"21","Šò•ŒŒ§","21202","‘åŠ_Žs","212020024000","’rK’¬","35.385970","136.597047","0","1"
"21","Šò•ŒŒ§","21202","‘åŠ_Žs","212020025001","ˆî—t–kˆê’š–Ú","35.376455","136.554674","0","3"
"21","Šò•ŒŒ§","21202","‘åŠ_Žs","212020025002","ˆî—t–k“ñ’š–Ú","35.376770","136.552017","0","3"
"21","Šò•ŒŒ§","21202","‘åŠ_Žs","212020025003","ˆî—t–kŽO’š–Ú","35.377489","136.551735","0","3"
"21","Šò•ŒŒ§","21202","‘åŠ_Žs","212020026001","ˆî—t¼ˆê’š–Ú","35.374835","136.551124","0","3"
"21","Šò•ŒŒ§","21202","‘åŠ_Žs","212020026002","ˆî—t¼“ñ’š–Ú","35.375793","136.551271","0","3"
"21","Šò•ŒŒ§","21202","‘åŠ_Žs","212020027001","ˆî—t“Œˆê’š–Ú","35.373759","136.554692","0","3"
"21","Šò•ŒŒ§","21202","‘åŠ_Žs","212020027002","ˆî—t“Œ“ñ’š–Ú","35.374728","136.554303","0","3"
"21","Šò•ŒŒ§","21202","‘åŠ_Žs","212020027003","ˆî—t“ŒŽO’š–Ú","35.375663","136.554509","0","3"
"21","Šò•ŒŒ§","21202","‘åŠ_Žs","212020028000","Œ¢ƒ–Ÿº’¬","35.351738","136.636613","0","1"
"21","Šò•ŒŒ§","21202","‘åŠ_Žs","212020029001","¡‰ª’¬ˆê’š–Ú","35.357990","136.619829","0","3"
"21","Šò•ŒŒ§","21202","‘åŠ_Žs","212020029002","¡‰ª’¬“ñ’š–Ú","35.358037","136.619339","0","3"
"21","Šò•ŒŒ§","21202","‘åŠ_Žs","212020030001","¡hˆê’š–Ú","35.369238","136.635367","0","3"
"21","Šò•ŒŒ§","21202","‘åŠ_Žs","212020030002","¡h“ñ’š–Ú","35.367922","136.635051","0","3"
"21","Šò•ŒŒ§","21202","‘åŠ_Žs","212020030003","¡hŽO’š–Ú","35.365583","136.635685","0","3"
"21","Šò•ŒŒ§","21202","‘åŠ_Žs","212020030004","¡hŽl’š–Ú","35.363846","136.635843","0","3"
"21","Šò•ŒŒ§","21202","‘åŠ_Žs","212020030005","¡hŒÜ’š–Ú","35.365665","136.637815","0","3"
"21","Šò•ŒŒ§","21202","‘åŠ_Žs","212020030006","¡h˜Z’š–Ú","35.367391","136.637158","0","3"
"21","Šò•ŒŒ§","21202","‘åŠ_Žs","212020031000","¡•Ÿ’¬","35.310087","136.630038","0","1"
"21","Šò•ŒŒ§","21202","‘åŠ_Žs","212020032001","¡’¬ˆê’š–Ú","35.353568","136.610892","0","3"
"21","Šò•ŒŒ§","21202","‘åŠ_Žs","212020032002","¡’¬“ñ’š–Ú","35.351611","136.611686","0","3"
"21","Šò•ŒŒ§","21202","‘åŠ_Žs","212020033001","“ü•ûˆê’š–Ú","35.332586","136.600165","0","3"
"21","Šò•ŒŒ§","21202","‘åŠ_Žs","212020033002","“ü•û“ñ’š–Ú","35.328473","136.599351","0","3"
"21","Šò•ŒŒ§","21202","‘åŠ_Žs","212020033003","“ü•ûŽO’š–Ú","35.324614","136.597995","0","3"
"21","Šò•ŒŒ§","21202","‘åŠ_Žs","212020034000","‹›‰®’¬","35.360263","136.619702","0","1"
"21","Šò•ŒŒ§","21202","‘åŠ_Žs","212020035001","“àŒ´ˆê’š–Ú","35.318821","136.615129","0","3"
"21","Šò•ŒŒ§","21202","‘åŠ_Žs","212020035002","“àŒ´“ñ’š–Ú","35.316978","136.620748","0","3"
"21","Šò•ŒŒ§","21202","‘åŠ_Žs","212020035003","“àŒ´ŽO’š–Ú","35.315249","136.613431","0","3"
"21","Šò•ŒŒ§","21202","‘åŠ_Žs","212020036000","”n‚Ì£’¬","35.331070","136.636679","0","1"
"21","Šò•ŒŒ§","21202","‘åŠ_Žs","212020037000","]è’¬","35.355893","136.633253","0","1"
"21","Šò•ŒŒ§","21202","‘åŠ_Žs","212020038001","Ž}‹½ˆê’š–Ú","35.393254","136.592937","0","3"
"21","Šò•ŒŒ§","21202","‘åŠ_Žs","212020038002","Ž}‹½“ñ’š–Ú","35.391846","136.592264","0","3"
"21","Šò•ŒŒ§","21202","‘åŠ_Žs","212020038003","Ž}‹½ŽO’š–Ú","35.391778","136.593505","0","3"
"21","Šò•ŒŒ§","21202","‘åŠ_Žs","212020038004","Ž}‹½Žl’š–Ú","35.391643","136.594856","0","3"
"21","Šò•ŒŒ§","21202","‘åŠ_Žs","212020038005","Ž}‹½ŒÜ’š–Ú","35.391688","136.596305","0","3"
"21","Šò•ŒŒ§","21202","‘åŠ_Žs","212020039001","Œb”äŽõ’¬ˆê’š–Ú","35.358346","136.624615","0","3"
"21","Šò•ŒŒ§","21202","‘åŠ_Žs","212020039002","Œb”äŽõ’¬“ñ’š–Ú","35.358338","136.625702","0","3"
"21","Šò•ŒŒ§","21202","‘åŠ_Žs","212020039003","Œb”äŽõ’¬ŽO’š–Ú","35.358312","136.627119","0","3"
"21","Šò•ŒŒ§","21202","‘åŠ_Žs","212020040004","Œb”äŽõ’¬–kŽl’š–Ú","35.358481","136.628587","0","3"
"21","Šò•ŒŒ§","21202","‘åŠ_Žs","212020040005","Œb”äŽõ’¬–kŒÜ’š–Ú","35.358475","136.629736","0","3"
"21","Šò•ŒŒ§","21202","‘åŠ_Žs","212020040006","Œb”äŽõ’¬–k˜Z’š–Ú","35.358549","136.631026","0","3"
"21","Šò•ŒŒ§","21202","‘åŠ_Žs","212020040007","Œb”äŽõ’¬–kŽµ’š–Ú","35.358562","136.632552","0","3"
"21","Šò•ŒŒ§","21202","‘åŠ_Žs","212020040008","Œb”äŽõ’¬–k”ª’š–Ú","35.358657","136.633730","0","3"
"21","Šò•ŒŒ§","21202","‘åŠ_Žs","212020041004","Œb”äŽõ’¬“ìŽl’š–Ú","35.358010","136.628473","0","3"
"21","Šò•ŒŒ§","21202","‘åŠ_Žs","212020041005","Œb”äŽõ’¬“ìŒÜ’š–Ú","35.358073","136.629747","0","3"
"21","Šò•ŒŒ§","21202","‘åŠ_Žs","212020041006","Œb”äŽõ’¬“ì˜Z’š–Ú","35.358089","136.631055","0","3"
"21","Šò•ŒŒ§","21202","‘åŠ_Žs","212020041007","Œb”äŽõ’¬“ìŽµ’š–Ú","35.358164","136.632480","0","3"
"21","Šò•ŒŒ§","21202","‘åŠ_Žs","212020041008","Œb”äŽõ’¬“ì”ª’š–Ú","35.358213","136.633890","0","3"
"21","Šò•ŒŒ§","21202","‘åŠ_Žs","212020042001","‘åˆäˆê’š–Ú","35.349327","136.630181","0","3"
"21","Šò•ŒŒ§","21202","‘åŠ_Žs","212020042002","‘åˆä“ñ’š–Ú","35.348301","136.630232","0","3"
"21","Šò•ŒŒ§","21202","‘åŠ_Žs","212020042003","‘åˆäŽO’š–Ú","35.346711","136.630559","0","3"
"21","Šò•ŒŒ§","21202","‘åŠ_Žs","212020042004","‘åˆäŽl’š–Ú","35.342473","136.629225","0","3"
"21","Šò•ŒŒ§","21202","‘åŠ_Žs","212020043000","‘å’r’¬","35.356221","136.625678","0","1"
"21","Šò•ŒŒ§","21202","‘åŠ_Žs","212020044001","‘å“‡’¬ˆê’š–Ú","35.387440","136.632423","0","3"
"21","Šò•ŒŒ§","21202","‘åŠ_Žs","212020044002","‘å“‡’¬“ñ’š–Ú","35.384149","136.633465","0","3"
"21","Šò•ŒŒ§","21202","‘åŠ_Žs","212020044003","‘å“‡’¬ŽO’š–Ú","35.380021","136.634368","0","3"
"21","Šò•ŒŒ§","21202","‘åŠ_Žs","212020045001","‘åŠO‰Hˆê’š–Ú","35.322012","136.601398","0","3"
"21","Šò•ŒŒ§","21202","‘åŠ_Žs","212020045002","‘åŠO‰H“ñ’š–Ú","35.319875","136.602241","0","3"
"21","Šò•ŒŒ§","21202","‘åŠ_Žs","212020045003","‘åŠO‰HŽO’š–Ú","35.320181","136.606185","0","3"
"21","Šò•ŒŒ§","21202","‘åŠ_Žs","212020045004","‘åŠO‰HŽl’š–Ú","35.316369","136.602809","0","3"
"21","Šò•ŒŒ§","21202","‘åŠ_Žs","212020046001","‘å‘ºˆê’š–Ú","35.352058","136.655225","0","3"
"21","Šò•ŒŒ§","21202","‘åŠ_Žs","212020046002","‘å‘º“ñ’š–Ú","35.353531","136.651037","0","3"
"21","Šò•ŒŒ§","21202","‘åŠ_Žs","212020047001","•às’¬ˆê’š–Ú","35.364719","136.621190","0","3"
"21","Šò•ŒŒ§","21202","‘åŠ_Žs","212020047002","•às’¬“ñ’š–Ú","35.364775","136.622331","0","3"
"21","Šò•ŒŒ§","21202","‘åŠ_Žs","212020048000","ŠL‘]ª’¬","35.375939","136.630095","0","1"
"21","Šò•ŒŒ§","21202","‘åŠ_Žs","212020049001","ŠJ”­’¬ˆê’š–Ú","35.385951","136.637732","0","3"
"21","Šò•ŒŒ§","21202","‘åŠ_Žs","212020049002","ŠJ”­’¬“ñ’š–Ú","35.383087","136.637213","0","3"
"21","Šò•ŒŒ§","21202","‘åŠ_Žs","212020049003","ŠJ”­’¬ŽO’š–Ú","35.382834","136.639913","0","3"
"21","Šò•ŒŒ§","21202","‘åŠ_Žs","212020049004","ŠJ”­’¬Žl’š–Ú","35.378524","136.638510","0","3"
"21","Šò•ŒŒ§","21202","‘åŠ_Žs","212020049005","ŠJ”­’¬ŒÜ’š–Ú","35.380203","136.642357","0","3"
"21","Šò•ŒŒ§","21202","‘åŠ_Žs","212020050001","‰Á‰ê–ìˆê’š–Ú","35.372609","136.636348","0","3"
"21","Šò•ŒŒ§","21202","‘åŠ_Žs","212020050002","‰Á‰ê–ì“ñ’š–Ú","35.377068","136.635434","0","3"
"21","Šò•ŒŒ§","21202","‘åŠ_Žs","212020050003","‰Á‰ê–ìŽO’š–Ú","35.369848","136.637777","0","3"
"21","Šò•ŒŒ§","21202","‘åŠ_Žs","212020050004","‰Á‰ê–ìŽl’š–Ú","35.366616","136.640284","0","3"
"21","Šò•ŒŒ§","21202","‘åŠ_Žs","212020050005","‰Á‰ê–ìŒÜ’š–Ú","35.364014","136.639611","0","3"
"21","Šò•ŒŒ§","21202","‘åŠ_Žs","212020051001","Šy“c’¬ˆê’š–Ú","35.380347","136.623464","0","3"
"21","Šò•ŒŒ§","21202","‘åŠ_Žs","212020051002","Šy“c’¬“ñ’š–Ú","35.380269","136.625820","0","3"
"21","Šò•ŒŒ§","21202","‘åŠ_Žs","212020051003","Šy“c’¬ŽO’š–Ú","35.380311","136.627912","0","3"
"21","Šò•ŒŒ§","21202","‘åŠ_Žs","212020051004","Šy“c’¬Žl’š–Ú","35.378874","136.630774","0","3"
"21","Šò•ŒŒ§","21202","‘åŠ_Žs","212020051005","Šy“c’¬ŒÜ’š–Ú","35.381287","136.630599","0","3"
"21","Šò•ŒŒ§","21202","‘åŠ_Žs","212020051006","Šy“c’¬˜Z’š–Ú","35.383893","136.628956","0","3"
"21","Šò•ŒŒ§","21202","‘åŠ_Žs","212020051007","Šy“c’¬Žµ’š–Ú","35.384377","136.625340","0","3"
"21","Šò•ŒŒ§","21202","‘åŠ_Žs","212020051008","Šy“c’¬”ª’š–Ú","35.384351","136.623174","0","3"
"21","Šò•ŒŒ§","21202","‘åŠ_Žs","212020052000","Š}–Ø’¬","35.377502","136.598146","0","1"
"21","Šò•ŒŒ§","21202","‘åŠ_Žs","212020053000","Š}–D’¬","35.375808","136.604886","0","1"
"21","Šò•ŒŒ§","21202","‘åŠ_Žs","212020054001","Ž­“‡’¬ˆê’š–Ú","35.360094","136.628346","0","3"
"21","Šò•ŒŒ§","21202","‘åŠ_Žs","212020054002","Ž­“‡’¬“ñ’š–Ú","35.360146","136.629697","0","3"
"21","Šò•ŒŒ§","21202","‘åŠ_Žs","212020054003","Ž­“‡’¬ŽO’š–Ú","35.360158","136.630935","0","3"
"21","Šò•ŒŒ§","21202","‘åŠ_Žs","212020054004","Ž­“‡’¬Žl’š–Ú","35.360262","136.632420","0","3"
"21","Šò•ŒŒ§","21202","‘åŠ_Žs","212020054005","Ž­“‡’¬ŒÜ’š–Ú","35.360272","136.633728","0","3"
"21","Šò•ŒŒ§","21202","‘åŠ_Žs","212020055001","‰ÍŠÔ’¬ˆê’š–Ú","35.381116","136.605454","0","3"
"21","Šò•ŒŒ§","21202","‘åŠ_Žs","212020055002","‰ÍŠÔ’¬“ñ’š–Ú","35.381110","136.603848","0","3"
"21","Šò•ŒŒ§","21202","‘åŠ_Žs","212020055003","‰ÍŠÔ’¬ŽO’š–Ú","35.384568","136.603871","0","3"
"21","Šò•ŒŒ§","21202","‘åŠ_Žs","212020055004","‰ÍŠÔ’¬Žl’š–Ú","35.380680","136.601839","0","3"
"21","Šò•ŒŒ§","21202","‘åŠ_Žs","212020055005","‰ÍŠÔ’¬ŒÜ’š–Ú","35.382404","136.600609","0","3"
"21","Šò•ŒŒ§","21202","‘åŠ_Žs","212020056001","Š˜“Jˆê’š–Ú","35.324295","136.610195","0","3"
"21","Šò•ŒŒ§","21202","‘åŠ_Žs","212020056002","Š˜“J“ñ’š–Ú","35.322438","136.614473","0","3"
"21","Šò•ŒŒ§","21202","‘åŠ_Žs","212020056003","Š˜“JŽO’š–Ú","35.320891","136.610237","0","3"
"21","Šò•ŒŒ§","21202","‘åŠ_Žs","212020056004","Š˜“JŽl’š–Ú","35.318144","136.608908","0","3"
"21","Šò•ŒŒ§","21202","‘åŠ_Žs","212020056005","Š˜“JŒÜ’š–Ú","35.324895","136.606571","0","3"
"21","Šò•ŒŒ§","21202","‘åŠ_Žs","212020057000","ãÎ’Ã’¬ˆê”V£","35.305252","136.493683","0","1"
"21","Šò•ŒŒ§","21202","‘åŠ_Žs","212020058000","ãÎ’Ã’¬‘Åã","35.239415","136.468986","0","1"
"21","Šò•ŒŒ§","21202","‘åŠ_Žs","212020059000","ãÎ’Ã’¬ãŒ´","35.278336","136.499258","0","1"
"21","Šò•ŒŒ§","21202","‘åŠ_Žs","212020060000","ãÎ’Ã’¬‰œ","35.297366","136.443949","0","1"
"21","Šò•ŒŒ§","21202","‘åŠ_Žs","212020061000","ãÎ’Ã’¬‰³â","35.336946","136.524670","0","1"
"21","Šò•ŒŒ§","21202","‘åŠ_Žs","212020062000","ãÎ’Ã’¬ã","35.246264","136.441328","0","1"
"21","Šò•ŒŒ§","21202","‘åŠ_Žs","212020063000","ãÎ’Ã’¬ã’bŽ¡‰®","35.303741","136.462999","0","1"
"21","Šò•ŒŒ§","21202","‘åŠ_Žs","212020064000","ãÎ’Ã’¬ã‘½—Ç","35.268443","136.463689","0","1"
"21","Šò•ŒŒ§","21202","‘åŠ_Žs","212020065000","ãÎ’Ã’¬‰º‘½—Ç","35.296960","136.479091","0","1"
"21","Šò•ŒŒ§","21202","‘åŠ_Žs","212020066000","ãÎ’Ã’¬‰ºŽR","35.248245","136.493961","0","1"
"21","Šò•ŒŒ§","21202","‘åŠ_Žs","212020067000","ãÎ’Ã’¬’J”¨","35.303769","136.455874","0","1"
"21","Šò•ŒŒ§","21202","‘åŠ_Žs","212020068000","ãÎ’Ã’¬“°”Vã","35.252595","136.448292","0","1"
"21","Šò•ŒŒ§","21202","‘åŠ_Žs","212020069000","ãÎ’Ã’¬ŽžŽR","35.259291","136.411368","0","1"
"21","Šò•ŒŒ§","21202","‘åŠ_Žs","212020070000","ãÎ’Ã’¬¼ŽR","35.263754","136.443374","0","1"
"21","Šò•ŒŒ§","21202","‘åŠ_Žs","212020071000","ãÎ’Ã’¬”I‹Xã","35.285656","136.448114","0","1"
"21","Šò•ŒŒ§","21202","‘åŠ_Žs","212020072000","ãÎ’Ã’¬×–ì","35.230709","136.440831","0","1"
"21","Šò•ŒŒ§","21202","‘åŠ_Žs","212020073000","ãÎ’Ã’¬‘OƒP£","35.266306","136.484913","0","1"
"21","Šò•ŒŒ§","21202","‘åŠ_Žs","212020074000","ãÎ’Ã’¬–q“c","35.332916","136.487191","0","1"
"21","Šò•ŒŒ§","21202","‘åŠ_Žs","212020075000","ãÎ’Ã’¬ŽOƒc—¢","35.276962","136.445792","0","1"
"21","Šò•ŒŒ§","21202","‘åŠ_Žs","212020076000","ãÎ’Ã’¬‹{","35.284141","136.461787","0","1"
"21","Šò•ŒŒ§","21202","‘åŠ_Žs","212020077001","ãŠ}ˆê’š–Ú","35.323616","136.588492","0","3"
"21","Šò•ŒŒ§","21202","‘åŠ_Žs","212020077002","ãŠ}“ñ’š–Ú","35.323436","136.591370","0","3"
"21","Šò•ŒŒ§","21202","‘åŠ_Žs","212020077003","ãŠ}ŽO’š–Ú","35.322866","136.592931","0","3"
"21","Šò•ŒŒ§","21202","‘åŠ_Žs","212020078001","ã‰®ˆê’š–Ú","35.311502","136.596398","0","3"
"21","Šò•ŒŒ§","21202","‘åŠ_Žs","212020078002","ã‰®“ñ’š–Ú","35.312358","136.600493","0","3"
"21","Šò•ŒŒ§","21202","‘åŠ_Žs","212020079001","ìŒûˆê’š–Ú","35.309450","136.623936","0","3"
"21","Šò•ŒŒ§","21202","‘åŠ_Žs","212020079002","ìŒû“ñ’š–Ú","35.313815","136.624567","0","3"
"21","Šò•ŒŒ§","21202","‘åŠ_Žs","212020079003","ìŒûŽO’š–Ú","35.318030","136.625522","0","3"
"21","Šò•ŒŒ§","21202","‘åŠ_Žs","212020079004","ìŒûŽl’š–Ú","35.323537","136.625828","0","3"
"21","Šò•ŒŒ§","21202","‘åŠ_Žs","212020080001","_“c’¬ˆê’š–Ú","35.360396","136.610643","0","3"
"21","Šò•ŒŒ§","21202","‘åŠ_Žs","212020080002","_“c’¬“ñ’š–Ú","35.360843","136.605788","0","3"
"21","Šò•ŒŒ§","21202","‘åŠ_Žs","212020081001","–k•û’¬ˆê’š–Ú","35.395831","136.613803","0","3"
"21","Šò•ŒŒ§","21202","‘åŠ_Žs","212020081002","–k•û’¬“ñ’š–Ú","35.394783","136.609907","0","3"
"21","Šò•ŒŒ§","21202","‘åŠ_Žs","212020081003","–k•û’¬ŽO’š–Ú","35.399088","136.611996","0","3"
"21","Šò•ŒŒ§","21202","‘åŠ_Žs","212020081004","–k•û’¬Žl’š–Ú","35.396417","136.616491","0","3"
"21","Šò•ŒŒ§","21202","‘åŠ_Žs","212020081005","–k•û’¬ŒÜ’š–Ú","35.395445","136.619924","0","3"
"21","Šò•ŒŒ§","21202","‘åŠ_Žs","212020082001","–kØÎ’¬ˆê’š–Ú","35.359029","136.609419","0","3"
"21","Šò•ŒŒ§","21202","‘åŠ_Žs","212020082002","–kØÎ’¬“ñ’š–Ú","35.359056","136.607586","0","3"
"21","Šò•ŒŒ§","21202","‘åŠ_Žs","212020082003","–kØÎ’¬ŽO’š–Ú","35.359240","136.605896","0","3"
"21","Šò•ŒŒ§","21202","‘åŠ_Žs","212020083000","–ØŒË’¬","35.363725","136.599280","0","1"
"21","Šò•ŒŒ§","21202","‘åŠ_Žs","212020084002","–ØŒË’¬“ñ’š–Ú","35.365998","136.606140","0","3"
"21","Šò•ŒŒ§","21202","‘åŠ_Žs","212020085000","Šò•Œ’¬","35.364539","136.620311","0","1"
"21","Šò•ŒŒ§","21202","‘åŠ_Žs","212020086000","‹v“¿’¬","35.361828","136.589758","0","1"
"21","Šò•ŒŒ§","21202","‘åŠ_Žs","212020087001","ØÎ’¬ˆê’š–Ú","35.356944","136.608236","0","3"
"21","Šò•ŒŒ§","21202","‘åŠ_Žs","212020087002","ØÎ’¬“ñ’š–Ú","35.357143","136.607004","0","3"
"21","Šò•ŒŒ§","21202","‘åŠ_Žs","212020088000","‹Ëƒ–è’¬","35.364594","136.614943","0","1"
"21","Šò•ŒŒ§","21202","‘åŠ_Žs","212020089000","–Ø˜C’¬","35.369763","136.576101","0","1"
"21","Šò•ŒŒ§","21202","‘åŠ_Žs","212020090001","‹v£ì’¬ˆê’š–Ú","35.356007","136.606970","0","3"
"21","Šò•ŒŒ§","21202","‘åŠ_Žs","212020090002","‹v£ì’¬“ñ’š–Ú","35.356358","136.604121","0","3"
"21","Šò•ŒŒ§","21202","‘åŠ_Žs","212020090003","‹v£ì’¬ŽO’š–Ú","35.356816","136.602308","0","3"
"21","Šò•ŒŒ§","21202","‘åŠ_Žs","212020090004","‹v£ì’¬Žl’š–Ú","35.357374","136.600326","0","3"
"21","Šò•ŒŒ§","21202","‘åŠ_Žs","212020090005","‹v£ì’¬ŒÜ’š–Ú","35.357344","136.598377","0","3"
"21","Šò•ŒŒ§","21202","‘åŠ_Žs","212020090006","‹v£ì’¬˜Z’š–Ú","35.357880","136.601448","0","3"
"21","Šò•ŒŒ§","21202","‘åŠ_Žs","212020090007","‹v£ì’¬Žµ’š–Ú","35.360158","136.601186","0","3"
"21","Šò•ŒŒ§","21202","‘åŠ_Žs","212020091000","ŒF–ì’¬","35.375368","136.584844","0","1"
"21","Šò•ŒŒ§","21202","‘åŠ_Žs","212020092001","ŒF–ì’¬ˆê’š–Ú","35.373997","136.585657","0","3"
"21","Šò•ŒŒ§","21202","‘åŠ_Žs","212020092002","ŒF–ì’¬“ñ’š–Ú","35.374060","136.586943","0","3"
"21","Šò•ŒŒ§","21202","‘åŠ_Žs","212020092003","ŒF–ì’¬ŽO’š–Ú","35.375818","136.585608","0","3"
"21","Šò•ŒŒ§","21202","‘åŠ_Žs","212020092004","ŒF–ì’¬Žl’š–Ú","35.376594","136.586895","0","3"
"21","Šò•ŒŒ§","21202","‘åŠ_Žs","212020092005","ŒF–ì’¬ŒÜ’š–Ú","35.378663","136.586272","0","3"
"21","Šò•ŒŒ§","21202","‘åŠ_Žs","212020093000","ŒI‰®’¬","35.364057","136.618561","0","1"
"21","Šò•ŒŒ§","21202","‘åŠ_Žs","212020094001","Šs’¬ˆê’š–Ú","35.362280","136.616297","0","3"
"21","Šò•ŒŒ§","21202","‘åŠ_Žs","212020094002","Šs’¬“ñ’š–Ú","35.361060","136.616149","0","3"
"21","Šò•ŒŒ§","21202","‘åŠ_Žs","212020094003","Šs’¬ŽO’š–Ú","35.359295","136.617285","0","3"
"21","Šò•ŒŒ§","21202","‘åŠ_Žs","212020094004","Šs’¬Žl’š–Ú","35.358450","136.614857","0","3"
"21","Šò•ŒŒ§","21202","‘åŠ_Žs","212020095001","Šs’¬“Œˆê’š–Ú","35.362395","136.618205","0","3"
"21","Šò•ŒŒ§","21202","‘åŠ_Žs","212020095002","Šs’¬“Œ“ñ’š–Ú","35.360768","136.618148","0","3"
"21","Šò•ŒŒ§","21202","‘åŠ_Žs","212020096000","¬ò’¬","35.351940","136.646224","0","1"
"21","Šò•ŒŒ§","21202","‘åŠ_Žs","212020097001","‹»•Ÿ’n’¬ˆê’š–Ú","35.391937","136.603396","0","3"
"21","Šò•ŒŒ§","21202","‘åŠ_Žs","212020097002","‹»•Ÿ’n’¬“ñ’š–Ú","35.389595","136.603155","0","3"
"21","Šò•ŒŒ§","21202","‘åŠ_Žs","212020097003","‹»•Ÿ’n’¬ŽO’š–Ú","35.387111","136.603513","0","3"
"21","Šò•ŒŒ§","21202","‘åŠ_Žs","212020097004","‹»•Ÿ’n’¬Žl’š–Ú","35.389379","136.600303","0","3"
"21","Šò•ŒŒ§","21202","‘åŠ_Žs","212020098001","ŒÃ’mŠÛˆê’š–Ú","35.377799","136.572900","0","3"
"21","Šò•ŒŒ§","21202","‘åŠ_Žs","212020098002","ŒÃ’mŠÛ“ñ’š–Ú","35.376970","136.573008","0","3"
"21","Šò•ŒŒ§","21202","‘åŠ_Žs","212020098003","ŒÃ’mŠÛŽO’š–Ú","35.375904","136.573159","0","3"
"21","Šò•ŒŒ§","21202","‘åŠ_Žs","212020098004","ŒÃ’mŠÛŽl’š–Ú","35.374832","136.573507","0","3"
"21","Šò•ŒŒ§","21202","‘åŠ_Žs","212020099001","Œä“a’¬ˆê’š–Ú","35.359869","136.615509","0","3"
"21","Šò•ŒŒ§","21202","‘åŠ_Žs","212020099002","Œä“a’¬“ñ’š–Ú","35.359299","136.615162","0","3"
"21","Šò•ŒŒ§","21202","‘åŠ_Žs","212020100000","Žõ’¬","35.355908","136.635517","0","1"
"21","Šò•ŒŒ§","21202","‘åŠ_Žs","212020101001","¬–ìˆê’š–Ú","35.370387","136.645893","0","3"
"21","Šò•ŒŒ§","21202","‘åŠ_Žs","212020101002","¬–ì“ñ’š–Ú","35.367999","136.645192","0","3"
"21","Šò•ŒŒ§","21202","‘åŠ_Žs","212020101003","¬–ìŽO’š–Ú","35.369059","136.642939","0","3"
"21","Šò•ŒŒ§","21202","‘åŠ_Žs","212020101004","¬–ìŽl’š–Ú","35.368985","136.641291","0","3"
"21","Šò•ŒŒ§","21202","‘åŠ_Žs","212020102000","•Ä–ì’¬","35.332873","136.628909","0","1"
"21","Šò•ŒŒ§","21202","‘åŠ_Žs","212020103001","•Ä–ì’¬ˆê’š–Ú","35.336865","136.626725","0","3"
"21","Šò•ŒŒ§","21202","‘åŠ_Žs","212020103002","•Ä–ì’¬“ñ’š–Ú","35.334177","136.625842","0","3"
"21","Šò•ŒŒ§","21202","‘åŠ_Žs","212020103003","•Ä–ì’¬ŽO’š–Ú","35.331368","136.625074","0","3"
"21","Šò•ŒŒ§","21202","‘åŠ_Žs","212020104000","â‰º’¬","35.386475","136.626618","0","1"
"21","Šò•ŒŒ§","21202","‘åŠ_Žs","212020105001","‘•c’¬ˆê’š–Ú","35.361119","136.628301","0","3"
"21","Šò•ŒŒ§","21202","‘åŠ_Žs","212020105002","‘•c’¬“ñ’š–Ú","35.361112","136.629655","0","3"
"21","Šò•ŒŒ§","21202","‘åŠ_Žs","212020105003","‘•c’¬ŽO’š–Ú","35.360859","136.630984","0","3"
"21","Šò•ŒŒ§","21202","‘åŠ_Žs","212020105004","‘•c’¬Žl’š–Ú","35.360913","136.632360","0","3"
"21","Šò•ŒŒ§","21202","‘åŠ_Žs","212020105005","‘•c’¬ŒÜ’š–Ú","35.361041","136.633623","0","3"
"21","Šò•ŒŒ§","21202","‘åŠ_Žs","212020106001","ŽO–{–Øˆê’š–Ú","35.356613","136.655052","0","3"
"21","Šò•ŒŒ§","21202","‘åŠ_Žs","212020106002","ŽO–{–Ø“ñ’š–Ú","35.359594","136.654921","0","3"
"21","Šò•ŒŒ§","21202","‘åŠ_Žs","212020106003","ŽO–{–ØŽO’š–Ú","35.357918","136.651230","0","3"
"21","Šò•ŒŒ§","21202","‘åŠ_Žs","212020106004","ŽO–{–ØŽl’š–Ú","35.357861","136.649544","0","3"
"21","Šò•ŒŒ§","21202","‘åŠ_Žs","212020107000","Ã—¢’¬","35.356826","136.591279","0","1"
"21","Šò•ŒŒ§","21202","‘åŠ_Žs","212020108001","Ž›“à’¬ˆê’š–Ú","35.355339","136.618200","0","3"
"21","Šò•ŒŒ§","21202","‘åŠ_Žs","212020108002","Ž›“à’¬“ñ’š–Ú","35.355367","136.617023","0","3"
"21","Šò•ŒŒ§","21202","‘åŠ_Žs","212020108003","Ž›“à’¬ŽO’š–Ú","35.355580","136.615713","0","3"
"21","Šò•ŒŒ§","21202","‘åŠ_Žs","212020108004","Ž›“à’¬Žl’š–Ú","35.355752","136.614410","0","3"
"21","Šò•ŒŒ§","21202","‘åŠ_Žs","212020108005","Ž›“à’¬ŒÜ’š–Ú","35.355676","136.613384","0","3"
"21","Šò•ŒŒ§","21202","‘åŠ_Žs","212020109001","“‡—¢ˆê’š–Ú","35.321613","136.618313","0","3"
"21","Šò•ŒŒ§","21202","‘åŠ_Žs","212020109002","“‡—¢“ñ’š–Ú","35.324697","136.618613","0","3"
"21","Šò•ŒŒ§","21202","‘åŠ_Žs","212020109003","“‡—¢ŽO’š–Ú","35.322584","136.622786","0","3"
"21","Šò•ŒŒ§","21202","‘åŠ_Žs","212020110000","“‡’¬","35.354349","136.563232","0","1"
"21","Šò•ŒŒ§","21202","‘åŠ_Žs","212020111000","´…’¬","35.361335","136.620722","0","1"
"21","Šò•ŒŒ§","21202","‘åŠ_Žs","212020112000","\˜Z’¬","35.347431","136.568533","0","1"
"21","Šò•ŒŒ§","21202","‘åŠ_Žs","212020113000","h’n’¬","35.375062","136.608330","0","1"
"21","Šò•ŒŒ§","21202","‘åŠ_Žs","212020114001","ã–Êˆê’š–Ú","35.361646","136.646314","0","3"
"21","Šò•ŒŒ§","21202","‘åŠ_Žs","212020114002","ã–Ê“ñ’š–Ú","35.362066","136.643838","0","3"
"21","Šò•ŒŒ§","21202","‘åŠ_Žs","212020114003","ã–ÊŽO’š–Ú","35.357972","136.647181","0","3"
"21","Šò•ŒŒ§","21202","‘åŠ_Žs","212020114004","ã–ÊŽl’š–Ú","35.358417","136.644736","0","3"
"21","Šò•ŒŒ§","21202","‘åŠ_Žs","212020115001","º˜aˆê’š–Ú","35.304957","136.619905","0","3"
"21","Šò•ŒŒ§","21202","‘åŠ_Žs","212020116000","VŠJ’¬","35.377505","136.652614","0","1"
"21","Šò•ŒŒ§","21202","‘åŠ_Žs","212020117000","V’n’¬","35.360488","136.622927","0","1"
"21","Šò•ŒŒ§","21202","‘åŠ_Žs","212020118001","V“c’¬ˆê’š–Ú","35.344325","136.627179","0","3"
"21","Šò•ŒŒ§","21202","‘åŠ_Žs","212020118002","V“c’¬“ñ’š–Ú","35.344298","136.624023","0","3"
"21","Šò•ŒŒ§","21202","‘åŠ_Žs","212020118003","V“c’¬ŽO’š–Ú","35.344853","136.621508","0","3"
"21","Šò•ŒŒ§","21202","‘åŠ_Žs","212020118004","V“c’¬Žl’š–Ú","35.345095","136.619474","0","3"
"21","Šò•ŒŒ§","21202","‘åŠ_Žs","212020118005","V“c’¬ŒÜ’š–Ú","35.345411","136.617583","0","3"
"21","Šò•ŒŒ§","21202","‘åŠ_Žs","212020119001","V’·‘ò’¬ˆê’š–Ú","35.359363","136.636018","0","3"
"21","Šò•ŒŒ§","21202","‘åŠ_Žs","212020119002","V’·‘ò’¬“ñ’š–Ú","35.358783","136.636202","0","3"
"21","Šò•ŒŒ§","21202","‘åŠ_Žs","212020119003","V’·‘ò’¬ŽO’š–Ú","35.358311","136.636189","0","3"
"21","Šò•ŒŒ§","21202","‘åŠ_Žs","212020119004","V’·‘ò’¬Žl’š–Ú","35.357816","136.636241","0","3"
"21","Šò•ŒŒ§","21202","‘åŠ_Žs","212020119005","V’·‘ò’¬ŒÜ’š–Ú","35.357117","136.636291","0","3"
"21","Šò•ŒŒ§","21202","‘åŠ_Žs","212020120001","V’·¼ˆê’š–Ú","35.370135","136.569181","0","3"
"21","Šò•ŒŒ§","21202","‘åŠ_Žs","212020120002","V’·¼“ñ’š–Ú","35.368843","136.569860","0","3"
"21","Šò•ŒŒ§","21202","‘åŠ_Žs","212020120003","V’·¼ŽO’š–Ú","35.366828","136.570920","0","3"
"21","Šò•ŒŒ§","21202","‘åŠ_Žs","212020121000","V”nê’¬","35.356895","136.609317","0","1"
"21","Šò•ŒŒ§","21202","‘åŠ_Žs","212020122001","V’¬ˆê’š–Ú","35.359230","136.621308","0","3"
"21","Šò•ŒŒ§","21202","‘åŠ_Žs","212020122002","V’¬“ñ’š–Ú","35.358380","136.620365","0","3"
"21","Šò•ŒŒ§","21202","‘åŠ_Žs","212020123001","_–¾ˆê’š–Ú","35.389312","136.590176","0","3"
"21","Šò•ŒŒ§","21202","‘åŠ_Žs","212020123002","_–¾“ñ’š–Ú","35.386764","136.591038","0","3"
"21","Šò•ŒŒ§","21202","‘åŠ_Žs","212020123003","_–¾ŽO’š–Ú","35.389860","136.592717","0","3"
"21","Šò•ŒŒ§","21202","‘åŠ_Žs","212020123004","_–¾Žl’š–Ú","35.387969","136.592817","0","3"
"21","Šò•ŒŒ§","21202","‘åŠ_Žs","212020123005","_–¾ŒÜ’š–Ú","35.385858","136.592779","0","3"
"21","Šò•ŒŒ§","21202","‘åŠ_Žs","212020123006","_–¾˜Z’š–Ú","35.383479","136.593071","0","3"
"21","Šò•ŒŒ§","21202","‘åŠ_Žs","212020124001","›–ìˆê’š–Ú","35.392828","136.599510","0","3"
"21","Šò•ŒŒ§","21202","‘åŠ_Žs","212020124002","›–ì“ñ’š–Ú","35.392896","136.598041","0","3"
"21","Šò•ŒŒ§","21202","‘åŠ_Žs","212020124003","›–ìŽO’š–Ú","35.391702","136.598018","0","3"
"21","Šò•ŒŒ§","21202","‘åŠ_Žs","212020124004","›–ìŽl’š–Ú","35.390573","136.597507","0","3"
"21","Šò•ŒŒ§","21202","‘åŠ_Žs","212020125000","’¼]’¬","35.348089","136.651667","0","1"
"21","Šò•ŒŒ§","21202","‘åŠ_Žs","212020126000","–n–“’¬ãh","35.356896","136.681004","0","1"
"21","Šò•ŒŒ§","21202","‘åŠ_Žs","212020127000","–n–“’¬‚³‚¢ì","35.368759","136.679418","0","1"
"21","Šò•ŒŒ§","21202","‘åŠ_Žs","212020128000","–n–“’¬‰ºh","35.349177","136.680716","0","1"
"21","Šò•ŒŒ§","21202","‘åŠ_Žs","212020129000","–n–“’¬–n–“","35.364117","136.683443","0","1"
"21","Šò•ŒŒ§","21202","‘åŠ_Žs","212020130000","–n–“’¬æ“ü•û","35.366185","136.675338","0","1"
"21","Šò•ŒŒ§","21202","‘åŠ_Žs","212020131000","–n–“’¬“ñƒc–Ø","35.361437","136.677183","0","1"
"21","Šò•ŒŒ§","21202","‘åŠ_Žs","212020132001","Z‹g’¬ˆê’š–Ú","35.360575","136.628385","0","3"
"21","Šò•ŒŒ§","21202","‘åŠ_Žs","212020132002","Z‹g’¬“ñ’š–Ú","35.360567","136.629669","0","3"
"21","Šò•ŒŒ§","21202","‘åŠ_Žs","212020132003","Z‹g’¬ŽO’š–Ú","35.360586","136.630913","0","3"
"21","Šò•ŒŒ§","21202","‘åŠ_Žs","212020132004","Z‹g’¬Žl’š–Ú","35.360609","136.632269","0","3"
"21","Šò•ŒŒ§","21202","‘åŠ_Žs","212020132005","Z‹g’¬ŒÜ’š–Ú","35.360685","136.633567","0","3"
"21","Šò•ŒŒ§","21202","‘åŠ_Žs","212020133000","‘“¹“‡’¬","35.399260","136.590105","0","1"
"21","Šò•ŒŒ§","21202","‘åŠ_Žs","212020134001","ŠO–ìˆê’š–Ú","35.336612","136.606878","0","3"
"21","Šò•ŒŒ§","21202","‘åŠ_Žs","212020134002","ŠO–ì“ñ’š–Ú","35.337385","136.613263","0","3"
"21","Šò•ŒŒ§","21202","‘åŠ_Žs","212020134003","ŠO–ìŽO’š–Ú","35.334934","136.612000","0","3"
"21","Šò•ŒŒ§","21202","‘åŠ_Žs","212020134004","ŠO–ìŽl’š–Ú","35.332938","136.611189","0","3"
"21","Šò•ŒŒ§","21202","‘åŠ_Žs","212020135000","ŠO–ì’¬","35.338348","136.614351","0","1"
"21","Šò•ŒŒ§","21202","‘åŠ_Žs","212020136000","‘]ª’¬","35.399791","136.621316","0","1"
"21","Šò•ŒŒ§","21202","‘åŠ_Žs","212020137001","‘]ª’¬ˆê’š–Ú","35.402568","136.618079","0","3"
"21","Šò•ŒŒ§","21202","‘åŠ_Žs","212020137002","‘]ª’¬“ñ’š–Ú","35.403092","136.612521","0","3"
"21","Šò•ŒŒ§","21202","‘åŠ_Žs","212020137003","‘]ª’¬ŽO’š–Ú","35.399355","136.618513","0","3"
"21","Šò•ŒŒ§","21202","‘åŠ_Žs","212020137004","‘]ª’¬Žl’š–Ú","35.402541","136.622718","0","3"
"21","Šò•ŒŒ§","21202","‘åŠ_Žs","212020138001","ŠOŸºˆê’š–Ú","35.325355","136.613115","0","3"
"21","Šò•ŒŒ§","21202","‘åŠ_Žs","212020138002","ŠOŸº“ñ’š–Ú","35.328364","136.615114","0","3"
"21","Šò•ŒŒ§","21202","‘åŠ_Žs","212020138003","ŠOŸºŽO’š–Ú","35.334314","136.615530","0","3"
"21","Šò•ŒŒ§","21202","‘åŠ_Žs","212020138004","ŠOŸºŽl’š–Ú","35.327564","136.622179","0","3"
"21","Šò•ŒŒ§","21202","‘åŠ_Žs","212020139000","‘ãŠ¯’¬","35.361362","136.622830","0","1"
"21","Šò•ŒŒ§","21202","‘åŠ_Žs","212020140001","‚»’¬ˆê’š–Ú","35.363667","136.615824","0","3"
"21","Šò•ŒŒ§","21202","‘åŠ_Žs","212020140002","‚»’¬“ñ’š–Ú","35.363000","136.615872","0","3"
"21","Šò•ŒŒ§","21202","‘åŠ_Žs","212020141000","‘é ’¬","35.359691","136.611390","0","1"
"21","Šò•ŒŒ§","21202","‘åŠ_Žs","212020142001","‚‹´’¬ˆê’š–Ú","35.362623","136.623583","0","3"
"21","Šò•ŒŒ§","21202","‘åŠ_Žs","212020142002","‚‹´’¬“ñ’š–Ú","35.362637","136.623206","0","3"
"21","Šò•ŒŒ§","21202","‘åŠ_Žs","212020142003","‚‹´’¬ŽO’š–Ú","35.362612","136.622850","0","3"
"21","Šò•ŒŒ§","21202","‘åŠ_Žs","212020142004","‚‹´’¬Žl’š–Ú","35.362639","136.622490","0","3"
"21","Šò•ŒŒ§","21202","‘åŠ_Žs","212020142005","‚‹´’¬ŒÜ’š–Ú","35.362504","136.622097","0","3"
"21","Šò•ŒŒ§","21202","‘åŠ_Žs","212020143001","‚Ÿºˆê’š–Ú","35.307929","136.598115","0","3"
"21","Šò•ŒŒ§","21202","‘åŠ_Žs","212020143002","‚Ÿº“ñ’š–Ú","35.304767","136.597307","0","3"
"21","Šò•ŒŒ§","21202","‘åŠ_Žs","212020143003","‚ŸºŽO’š–Ú","35.309693","136.600986","0","3"
"21","Šò•ŒŒ§","21202","‘åŠ_Žs","212020143004","‚ŸºŽl’š–Ú","35.303687","136.599000","0","3"
"21","Šò•ŒŒ§","21202","‘åŠ_Žs","212020144000","‚Ÿº’¬","35.307854","136.597071","0","1"
"21","Šò•ŒŒ§","21202","‘åŠ_Žs","212020145001","‚‰®’¬ˆê’š–Ú","35.366089","136.617085","0","3"
"21","Šò•ŒŒ§","21202","‘åŠ_Žs","212020145002","‚‰®’¬“ñ’š–Ú","35.366697","136.619118","0","3"
"21","Šò•ŒŒ§","21202","‘åŠ_Žs","212020145003","‚‰®’¬ŽO’š–Ú","35.365280","136.618986","0","3"
"21","Šò•ŒŒ§","21202","‘åŠ_Žs","212020145004","‚‰®’¬Žl’š–Ú","35.364631","136.618984","0","3"
"21","Šò•ŒŒ§","21202","‘åŠ_Žs","212020146001","‘½Œ|“‡ˆê’š–Ú","35.333993","136.598636","0","3"
"21","Šò•ŒŒ§","21202","‘åŠ_Žs","212020146002","‘½Œ|“‡“ñ’š–Ú","35.330160","136.593607","0","3"
"21","Šò•ŒŒ§","21202","‘åŠ_Žs","212020146003","‘½Œ|“‡ŽO’š–Ú","35.327154","136.593422","0","3"
"21","Šò•ŒŒ§","21202","‘åŠ_Žs","212020146004","‘½Œ|“‡Žl’š–Ú","35.324778","136.594718","0","3"
"21","Šò•ŒŒ§","21202","‘åŠ_Žs","212020147000","“cŒû’¬","35.346759","136.624950","0","1"
"21","Šò•ŒŒ§","21202","‘åŠ_Žs","212020148000","’|“‡’¬","35.358357","136.617775","0","1"
"21","Šò•ŒŒ§","21202","‘åŠ_Žs","212020149001","‹k’¬ˆê’š–Ú","35.363130","136.626846","0","3"
"21","Šò•ŒŒ§","21202","‘åŠ_Žs","212020149002","‹k’¬“ñ’š–Ú","35.362285","136.626867","0","3"
"21","Šò•ŒŒ§","21202","‘åŠ_Žs","212020149003","‹k’¬ŽO’š–Ú","35.361541","136.626728","0","3"
"21","Šò•ŒŒ§","21202","‘åŠ_Žs","212020149004","‹k’¬Žl’š–Ú","35.360468","136.626537","0","3"
"21","Šò•ŒŒ§","21202","‘åŠ_Žs","212020150001","“c’¬ˆê’š–Ú","35.357435","136.618811","0","3"
"21","Šò•ŒŒ§","21202","‘åŠ_Žs","212020150002","“c’¬“ñ’š–Ú","35.357156","136.618099","0","3"
"21","Šò•ŒŒ§","21202","‘åŠ_Žs","212020150003","“c’¬ŽO’š–Ú","35.356914","136.618100","0","3"
"21","Šò•ŒŒ§","21202","‘åŠ_Žs","212020150004","“c’¬Žl’š–Ú","35.356459","136.618915","0","3"
"21","Šò•ŒŒ§","21202","‘åŠ_Žs","212020151000","•U’¬","35.357859","136.614638","0","1"
"21","Šò•ŒŒ§","21202","‘åŠ_Žs","212020152001","ç’¹’¬ˆê’š–Ú","35.363064","136.627609","0","3"
"21","Šò•ŒŒ§","21202","‘åŠ_Žs","212020152002","ç’¹’¬“ñ’š–Ú","35.362252","136.627585","0","3"
"21","Šò•ŒŒ§","21202","‘åŠ_Žs","212020152003","ç’¹’¬ŽO’š–Ú","35.361474","136.627418","0","3"
"21","Šò•ŒŒ§","21202","‘åŠ_Žs","212020152004","ç’¹’¬Žl’š–Ú","35.360592","136.627382","0","3"
"21","Šò•ŒŒ§","21202","‘åŠ_Žs","212020153001","’zŽÌ’¬ˆê’š–Ú","35.340633","136.625835","0","3"
"21","Šò•ŒŒ§","21202","‘åŠ_Žs","212020153002","’zŽÌ’¬“ñ’š–Ú","35.340326","136.622660","0","3"
"21","Šò•ŒŒ§","21202","‘åŠ_Žs","212020153003","’zŽÌ’¬ŽO’š–Ú","35.340990","136.620093","0","3"
"21","Šò•ŒŒ§","21202","‘åŠ_Žs","212020153004","’zŽÌ’¬Žl’š–Ú","35.333478","136.622350","0","3"
"21","Šò•ŒŒ§","21202","‘åŠ_Žs","212020153005","’zŽÌ’¬ŒÜ’š–Ú","35.334918","136.619183","0","3"
"21","Šò•ŒŒ§","21202","‘åŠ_Žs","212020154001","’Ã‘º’¬ˆê’š–Ú","35.384219","136.642583","0","3"
"21","Šò•ŒŒ§","21202","‘åŠ_Žs","212020154002","’Ã‘º’¬“ñ’š–Ú","35.382001","136.645417","0","3"
"21","Šò•ŒŒ§","21202","‘åŠ_Žs","212020154003","’Ã‘º’¬ŽO’š–Ú","35.380801","136.648195","0","3"
"21","Šò•ŒŒ§","21202","‘åŠ_Žs","212020154004","’Ã‘º’¬Žl’š–Ú","35.380272","136.651712","0","3"
"21","Šò•ŒŒ§","21202","‘åŠ_Žs","212020154005","’Ã‘º’¬ŒÜ’š–Ú","35.378099","136.646720","0","3"
"21","Šò•ŒŒ§","21202","‘åŠ_Žs","212020155000","’ßŒ©’¬","35.360946","136.638651","0","1"
"21","Šò•ŒŒ§","21202","‘åŠ_Žs","212020156000","“`”n’¬","35.363548","136.622374","0","1"
"21","Šò•ŒŒ§","21202","‘åŠ_Žs","212020157000","–â‰®’¬","35.331013","136.618906","0","1"
"21","Šò•ŒŒ§","21202","‘åŠ_Žs","212020158001","ŠO‰Ôˆê’š–Ú","35.335759","136.602778","0","3"
"21","Šò•ŒŒ§","21202","‘åŠ_Žs","212020158002","ŠO‰Ô“ñ’š–Ú","35.332371","136.602474","0","3"
"21","Šò•ŒŒ§","21202","‘åŠ_Žs","212020158003","ŠO‰ÔŽO’š–Ú","35.333347","136.606787","0","3"
"21","Šò•ŒŒ§","21202","‘åŠ_Žs","212020158004","ŠO‰ÔŽl’š–Ú","35.330574","136.605876","0","3"
"21","Šò•ŒŒ§","21202","‘åŠ_Žs","212020158005","ŠO‰ÔŒÜ’š–Ú","35.328208","136.605945","0","3"
"21","Šò•ŒŒ§","21202","‘åŠ_Žs","212020158006","ŠO‰Ô˜Z’š–Ú","35.329096","136.609334","0","3"
"21","Šò•ŒŒ§","21202","‘åŠ_Žs","212020159001","—F]ˆê’š–Ú","35.327172","136.602771","0","3"
"21","Šò•ŒŒ§","21202","‘åŠ_Žs","212020159002","—F]“ñ’š–Ú","35.324975","136.602573","0","3"
"21","Šò•ŒŒ§","21202","‘åŠ_Žs","212020160000","’·ˆä’¬","35.356652","136.633397","0","1"
"21","Šò•ŒŒ§","21202","‘åŠ_Žs","212020161001","’†ì’¬ˆê’š–Ú","35.379861","136.615568","0","3"
"21","Šò•ŒŒ§","21202","‘åŠ_Žs","212020161002","’†ì’¬“ñ’š–Ú","35.383359","136.614722","0","3"
"21","Šò•ŒŒ§","21202","‘åŠ_Žs","212020161003","’†ì’¬ŽO’š–Ú","35.379677","136.620195","0","3"
"21","Šò•ŒŒ§","21202","‘åŠ_Žs","212020161004","’†ì’¬Žl’š–Ú","35.382930","136.619787","0","3"
"21","Šò•ŒŒ§","21202","‘åŠ_Žs","212020162001","’·‘ò’¬ˆê’š–Ú","35.357521","136.639578","0","3"
"21","Šò•ŒŒ§","21202","‘åŠ_Žs","212020162002","’·‘ò’¬“ñ’š–Ú","35.355760","136.637992","0","3"
"21","Šò•ŒŒ§","21202","‘åŠ_Žs","212020162003","’·‘ò’¬ŽO’š–Ú","35.356414","136.640792","0","3"
"21","Šò•ŒŒ§","21202","‘åŠ_Žs","212020162004","’·‘ò’¬Žl’š–Ú","35.356482","136.642809","0","3"
"21","Šò•ŒŒ§","21202","‘åŠ_Žs","212020162005","’·‘ò’¬ŒÜ’š–Ú","35.353832","136.642673","0","3"
"21","Šò•ŒŒ§","21202","‘åŠ_Žs","212020162006","’·‘ò’¬˜Z’š–Ú","35.353654","136.638753","0","3"
"21","Šò•ŒŒ§","21202","‘åŠ_Žs","212020162007","’·‘ò’¬Žµ’š–Ú","35.353635","136.640934","0","3"
"21","Šò•ŒŒ§","21202","‘åŠ_Žs","212020162008","’·‘ò’¬”ª’š–Ú","35.351672","136.639416","0","3"
"21","Šò•ŒŒ§","21202","‘åŠ_Žs","212020162009","’·‘ò’¬‹ã’š–Ú","35.351746","136.641538","0","3"
"21","Šò•ŒŒ§","21202","‘åŠ_Žs","212020162010","’·‘ò’¬\’š–Ú","35.349432","136.641040","0","3"
"21","Šò•ŒŒ§","21202","‘åŠ_Žs","212020163000","’†‘]ª’¬","35.356750","136.579918","0","1"
"21","Šò•ŒŒ§","21202","‘åŠ_Žs","212020164001","’†ƒm]ˆê’š–Ú","35.365692","136.644804","0","3"
"21","Šò•ŒŒ§","21202","‘åŠ_Žs","212020164002","’†ƒm]“ñ’š–Ú","35.365991","136.643266","0","3"
"21","Šò•ŒŒ§","21202","‘åŠ_Žs","212020164003","’†ƒm]ŽO’š–Ú","35.364295","136.643434","0","3"
"21","Šò•ŒŒ§","21202","‘åŠ_Žs","212020165001","’†–ì’¬ˆê’š–Ú","35.377484","136.609585","0","3"
"21","Šò•ŒŒ§","21202","‘åŠ_Žs","212020165002","’†–ì’¬“ñ’š–Ú","35.380339","136.607080","0","3"
"21","Šò•ŒŒ§","21202","‘åŠ_Žs","212020165003","’†–ì’¬ŽO’š–Ú","35.384022","136.606956","0","3"
"21","Šò•ŒŒ§","21202","‘åŠ_Žs","212020165004","’†–ì’¬Žl’š–Ú","35.384094","136.609297","0","3"
"21","Šò•ŒŒ§","21202","‘åŠ_Žs","212020165005","’†–ì’¬ŒÜ’š–Ú","35.380532","136.610401","0","3"
"21","Šò•ŒŒ§","21202","‘åŠ_Žs","212020166000","’†’¬","35.361810","136.619934","0","1"
"21","Šò•ŒŒ§","21202","‘åŠ_Žs","212020167000","’·¼’¬","35.367962","136.565247","0","1"
"21","Šò•ŒŒ§","21202","‘åŠ_Žs","212020168000","“ï”g–ì’¬","35.317908","136.635349","0","1"
"21","Šò•ŒŒ§","21202","‘åŠ_Žs","212020169001","¼‘åŠO‰Hˆê’š–Ú","35.320307","136.595505","0","3"
"21","Šò•ŒŒ§","21202","‘åŠ_Žs","212020169002","¼‘åŠO‰H“ñ’š–Ú","35.319374","136.598124","0","3"
"21","Šò•ŒŒ§","21202","‘åŠ_Žs","212020169003","¼‘åŠO‰HŽO’š–Ú","35.315235","136.596184","0","3"
"21","Šò•ŒŒ§","21202","‘åŠ_Žs","212020169004","¼‘åŠO‰HŽl’š–Ú","35.315356","136.600616","0","3"
"21","Šò•ŒŒ§","21202","‘åŠ_Žs","212020170000","‹Ñ’¬","35.366413","136.621091","0","1"
"21","Šò•ŒŒ§","21202","‘åŠ_Žs","212020171001","¼è’¬ˆê’š–Ú","35.362568","136.608201","0","3"
"21","Šò•ŒŒ§","21202","‘åŠ_Žs","212020171002","¼è’¬“ñ’š–Ú","35.361354","136.608522","0","3"
"21","Šò•ŒŒ§","21202","‘åŠ_Žs","212020171003","¼è’¬ŽO’š–Ú","35.364050","136.605335","0","3"
"21","Šò•ŒŒ§","21202","‘åŠ_Žs","212020171004","¼è’¬Žl’š–Ú","35.362352","136.605791","0","3"
"21","Šò•ŒŒ§","21202","‘åŠ_Žs","212020172001","¼ŠO‘¤’¬ˆê’š–Ú","35.362715","136.611927","0","3"
"21","Šò•ŒŒ§","21202","‘åŠ_Žs","212020172002","¼ŠO‘¤’¬“ñ’š–Ú","35.358993","136.611367","0","3"
"21","Šò•ŒŒ§","21202","‘åŠ_Žs","212020173000","¼’·’¬","35.359353","136.610546","0","1"
"21","Šò•ŒŒ§","21202","‘åŠ_Žs","212020174001","¼”Vì’¬ˆê’š–Ú","35.388162","136.610547","0","3"
"21","Šò•ŒŒ§","21202","‘åŠ_Žs","212020174002","¼”Vì’¬“ñ’š–Ú","35.388671","136.606820","0","3"
"21","Šò•ŒŒ§","21202","‘åŠ_Žs","212020175001","‰ÑXˆê’š–Ú","35.351898","136.626931","0","3"
"21","Šò•ŒŒ§","21202","‘åŠ_Žs","212020176002","‰ÑX’¬“ñ’š–Ú","35.348618","136.624775","0","3"
"21","Šò•ŒŒ§","21202","‘åŠ_Žs","212020176003","‰ÑX’¬ŽO’š–Ú","35.351781","136.624739","0","3"
"21","Šò•ŒŒ§","21202","‘åŠ_Žs","212020176004","‰ÑX’¬Žl’š–Ú","35.352692","136.621820","0","3"
"21","Šò•ŒŒ§","21202","‘åŠ_Žs","212020176005","‰ÑX’¬ŒÜ’š–Ú","35.350201","136.621153","0","3"
"21","Šò•ŒŒ§","21202","‘åŠ_Žs","212020176006","‰ÑX’¬˜Z’š–Ú","35.347733","136.620385","0","3"
"21","Šò•ŒŒ§","21202","‘åŠ_Žs","212020177001","–ìŒûˆê’š–Ú","35.334452","136.591842","0","3"
"21","Šò•ŒŒ§","21202","‘åŠ_Žs","212020177002","–ìŒû“ñ’š–Ú","35.337181","136.590948","0","3"
"21","Šò•ŒŒ§","21202","‘åŠ_Žs","212020177003","–ìŒûŽO’š–Ú","35.335370","136.585065","0","3"
"21","Šò•ŒŒ§","21202","‘åŠ_Žs","212020178000","–ìŒû’¬","35.334081","136.596598","0","1"
"21","Šò•ŒŒ§","21202","‘åŠ_Žs","212020179001","‰Hˆß’¬ˆê’š–Ú","35.357675","136.624549","0","3"
"21","Šò•ŒŒ§","21202","‘åŠ_Žs","212020179002","‰Hˆß’¬“ñ’š–Ú","35.357694","136.625619","0","3"
"21","Šò•ŒŒ§","21202","‘åŠ_Žs","212020179003","‰Hˆß’¬ŽO’š–Ú","35.357677","136.627081","0","3"
"21","Šò•ŒŒ§","21202","‘åŠ_Žs","212020179004","‰Hˆß’¬Žl’š–Ú","35.357594","136.628604","0","3"
"21","Šò•ŒŒ§","21202","‘åŠ_Žs","212020179005","‰Hˆß’¬ŒÜ’š–Ú","35.357593","136.629762","0","3"
"21","Šò•ŒŒ§","21202","‘åŠ_Žs","212020179006","‰Hˆß’¬˜Z’š–Ú","35.357622","136.631084","0","3"
"21","Šò•ŒŒ§","21202","‘åŠ_Žs","212020179007","‰Hˆß’¬Žµ’š–Ú","35.357655","136.632525","0","3"
"21","Šò•ŒŒ§","21202","‘åŠ_Žs","212020179008","‰Hˆß’¬”ª’š–Ú","35.357745","136.633803","0","3"
"21","Šò•ŒŒ§","21202","‘åŠ_Žs","212020180001","”g{ˆê’š–Ú","35.364999","136.654400","0","3"
"21","Šò•ŒŒ§","21202","‘åŠ_Žs","212020180002","”g{“ñ’š–Ú","35.365242","136.649535","0","3"
"21","Šò•ŒŒ§","21202","‘åŠ_Žs","212020180003","”g{ŽO’š–Ú","35.365106","136.646448","0","3"
"21","Šò•ŒŒ§","21202","‘åŠ_Žs","212020181000","”µ•”‰®’¬","35.363062","136.610053","0","1"
"21","Šò•ŒŒ§","21202","‘åŠ_Žs","212020182001","‰Ô‰€’¬ˆê’š–Ú","35.358828","136.624674","0","3"
"21","Šò•ŒŒ§","21202","‘åŠ_Žs","212020182002","‰Ô‰€’¬“ñ’š–Ú","35.358904","136.625663","0","3"
"21","Šò•ŒŒ§","21202","‘åŠ_Žs","212020182003","‰Ô‰€’¬ŽO’š–Ú","35.358929","136.626978","0","3"
"21","Šò•ŒŒ§","21202","‘åŠ_Žs","212020182004","‰Ô‰€’¬Žl’š–Ú","35.358974","136.628576","0","3"
"21","Šò•ŒŒ§","21202","‘åŠ_Žs","212020182005","‰Ô‰€’¬ŒÜ’š–Ú","35.358999","136.629723","0","3"
"21","Šò•ŒŒ§","21202","‘åŠ_Žs","212020182006","‰Ô‰€’¬˜Z’š–Ú","35.359049","136.630996","0","3"
"21","Šò•ŒŒ§","21202","‘åŠ_Žs","212020182007","‰Ô‰€’¬Žµ’š–Ú","35.359122","136.632393","0","3"
"21","Šò•ŒŒ§","21202","‘åŠ_Žs","212020182008","‰Ô‰€’¬”ª’š–Ú","35.359192","136.633685","0","3"
"21","Šò•ŒŒ§","21202","‘åŠ_Žs","212020183000","”nê’¬","35.357178","136.610668","0","1"
"21","Šò•ŒŒ§","21202","‘åŠ_Žs","212020184001","—Ñ’¬ˆê’š–Ú","35.368161","136.624140","0","3"
"21","Šò•ŒŒ§","21202","‘åŠ_Žs","212020184002","—Ñ’¬“ñ’š–Ú","35.368318","136.621129","0","3"
"21","Šò•ŒŒ§","21202","‘åŠ_Žs","212020184003","—Ñ’¬ŽO’š–Ú","35.370105","136.623741","0","3"
"21","Šò•ŒŒ§","21202","‘åŠ_Žs","212020184004","—Ñ’¬Žl’š–Ú","35.369328","136.620241","0","3"
"21","Šò•ŒŒ§","21202","‘åŠ_Žs","212020184005","—Ñ’¬ŒÜ’š–Ú","35.369536","136.619165","0","3"
"21","Šò•ŒŒ§","21202","‘åŠ_Žs","212020184006","—Ñ’¬˜Z’š–Ú","35.371139","136.616446","0","3"
"21","Šò•ŒŒ§","21202","‘åŠ_Žs","212020184007","—Ñ’¬Žµ’š–Ú","35.374181","136.624748","0","3"
"21","Šò•ŒŒ§","21202","‘åŠ_Žs","212020184008","—Ñ’¬”ª’š–Ú","35.373233","136.620215","0","3"
"21","Šò•ŒŒ§","21202","‘åŠ_Žs","212020184009","—Ñ’¬‹ã’š–Ú","35.376797","136.621105","0","3"
"21","Šò•ŒŒ§","21202","‘åŠ_Žs","212020184010","—Ñ’¬\’š–Ú","35.376803","136.618379","0","3"
"21","Šò•ŒŒ§","21202","‘åŠ_Žs","212020185001","”Ô‘g’¬ˆê’š–Ú","35.363107","136.610826","0","3"
"21","Šò•ŒŒ§","21202","‘åŠ_Žs","212020185002","”Ô‘g’¬“ñ’š–Ú","35.361566","136.610644","0","3"
"21","Šò•ŒŒ§","21202","‘åŠ_Žs","212020186001","“ŒŠO‘¤’¬ˆê’š–Ú","35.363491","136.618477","0","3"
"21","Šò•ŒŒ§","21202","‘åŠ_Žs","212020186002","“ŒŠO‘¤’¬“ñ’š–Ú","35.363992","136.614598","0","3"
"21","Šò•ŒŒ§","21202","‘åŠ_Žs","212020187000","“Œ’·’¬","35.361640","136.621536","0","1"
"21","Šò•ŒŒ§","21202","‘åŠ_Žs","212020188001","“Œ‘Oˆê’š–Ú","35.351853","136.629101","0","3"
"21","Šò•ŒŒ§","21202","‘åŠ_Žs","212020188002","“Œ‘O“ñ’š–Ú","35.351718","136.632513","0","3"
"21","Šò•ŒŒ§","21202","‘åŠ_Žs","212020188003","“Œ‘OŽO’š–Ú","35.348721","136.635377","0","3"
"21","Šò•ŒŒ§","21202","‘åŠ_Žs","212020188004","“Œ‘OŽl’š–Ú","35.346093","136.635651","0","3"
"21","Šò•ŒŒ§","21202","‘åŠ_Žs","212020188005","“Œ‘OŒÜ’š–Ú","35.344508","136.635267","0","3"
"21","Šò•ŒŒ§","21202","‘åŠ_Žs","212020189000","“Œ‘O’¬","35.346520","136.639121","0","1"
"21","Šò•ŒŒ§","21202","‘åŠ_Žs","212020190000","•O’¬","35.365526","136.586525","0","1"
"21","Šò•ŒŒ§","21202","‘åŠ_Žs","212020191001","“ú‚Ìo’¬ˆê’š–Ú","35.359213","136.604289","0","3"
"21","Šò•ŒŒ§","21202","‘åŠ_Žs","212020191002","“ú‚Ìo’¬“ñ’š–Ú","35.357362","136.605066","0","3"
"21","Šò•ŒŒ§","21202","‘åŠ_Žs","212020192000","•½’¬","35.343082","136.647473","0","1"
"21","Šò•ŒŒ§","21202","‘åŠ_Žs","212020193000","’‹”Ñ’¬","35.388822","136.569952","0","1"
"21","Šò•ŒŒ§","21202","‘åŠ_Žs","212020194000","[’r’¬","35.327417","136.631458","0","1"
"21","Šò•ŒŒ§","21202","‘åŠ_Žs","212020195000","•Ÿ“c’¬","35.376315","136.591577","0","1"
"21","Šò•ŒŒ§","21202","‘åŠ_Žs","212020196001","“¡]’¬ˆê’š–Ú","35.365831","136.626490","0","3"
"21","Šò•ŒŒ§","21202","‘åŠ_Žs","212020196002","“¡]’¬“ñ’š–Ú","35.365615","136.624122","0","3"
"21","Šò•ŒŒ§","21202","‘åŠ_Žs","212020196003","“¡]’¬ŽO’š–Ú","35.363502","136.625755","0","3"
"21","Šò•ŒŒ§","21202","‘åŠ_Žs","212020196004","“¡]’¬Žl’š–Ú","35.360338","136.625971","0","3"
"21","Šò•ŒŒ§","21202","‘åŠ_Žs","212020196005","“¡]’¬ŒÜ’š–Ú","35.361656","136.625851","0","3"
"21","Šò•ŒŒ§","21202","‘åŠ_Žs","212020196006","“¡]’¬˜Z’š–Ú","35.362515","136.624524","0","3"
"21","Šò•ŒŒ§","21202","‘åŠ_Žs","212020196007","“¡]’¬Žµ’š–Ú","35.360302","136.624824","0","3"
"21","Šò•ŒŒ§","21202","‘åŠ_Žs","212020197001","“ñ—t’¬ˆê’š–Ú","35.357120","136.624355","0","3"
"21","Šò•ŒŒ§","21202","‘åŠ_Žs","212020197002","“ñ—t’¬“ñ’š–Ú","35.357105","136.625543","0","3"
"21","Šò•ŒŒ§","21202","‘åŠ_Žs","212020197003","“ñ—t’¬ŽO’š–Ú","35.357120","136.627049","0","3"
"21","Šò•ŒŒ§","21202","‘åŠ_Žs","212020197004","“ñ—t’¬Žl’š–Ú","35.357072","136.628617","0","3"
"21","Šò•ŒŒ§","21202","‘åŠ_Žs","212020197005","“ñ—t’¬ŒÜ’š–Ú","35.357098","136.629832","0","3"
"21","Šò•ŒŒ§","21202","‘åŠ_Žs","212020197006","“ñ—t’¬˜Z’š–Ú","35.357026","136.631126","0","3"
"21","Šò•ŒŒ§","21202","‘åŠ_Žs","212020197007","“ñ—t’¬Žµ’š–Ú","35.357155","136.632569","0","3"
"21","Šò•ŒŒ§","21202","‘åŠ_Žs","212020197008","“ñ—t’¬”ª’š–Ú","35.357212","136.633846","0","3"
"21","Šò•ŒŒ§","21202","‘åŠ_Žs","212020198001","‘D’¬ˆê’š–Ú","35.356187","136.612905","0","3"
"21","Šò•ŒŒ§","21202","‘åŠ_Žs","212020198002","‘D’¬“ñ’š–Ú","35.356610","136.612072","0","3"
"21","Šò•ŒŒ§","21202","‘åŠ_Žs","212020198003","‘D’¬ŽO’š–Ú","35.354484","136.612214","0","3"
"21","Šò•ŒŒ§","21202","‘åŠ_Žs","212020198004","‘D’¬Žl’š–Ú","35.355623","136.611455","0","3"
"21","Šò•ŒŒ§","21202","‘åŠ_Žs","212020198005","‘D’¬ŒÜ’š–Ú","35.355339","136.609404","0","3"
"21","Šò•ŒŒ§","21202","‘åŠ_Žs","212020198006","‘D’¬˜Z’š–Ú","35.355385","136.607818","0","3"
"21","Šò•ŒŒ§","21202","‘åŠ_Žs","212020198007","‘D’¬Žµ’š–Ú","35.355711","136.606334","0","3"
"21","Šò•ŒŒ§","21202","‘åŠ_Žs","212020199000","ŒÃ‹{’¬","35.338267","136.632945","0","1"
"21","Šò•ŒŒ§","21202","‘åŠ_Žs","212020200000","•ó˜a’¬","35.369463","136.598368","0","1"
"21","Šò•ŒŒ§","21202","‘åŠ_Žs","212020201001","–{’¬ˆê’š–Ú","35.362087","136.619165","0","3"
"21","Šò•ŒŒ§","21202","‘åŠ_Žs","212020201002","–{’¬“ñ’š–Ú","35.359823","136.619191","0","3"
"21","Šò•ŒŒ§","21202","‘åŠ_Žs","212020202000","–qV“c’¬","35.320973","136.630597","0","1"
"21","Šò•ŒŒ§","21202","‘åŠ_Žs","212020203001","–q–ì’¬ˆê’š–Ú","35.382267","136.579699","0","3"
"21","Šò•ŒŒ§","21202","‘åŠ_Žs","212020203002","–q–ì’¬“ñ’š–Ú","35.382998","136.578020","0","3"
"21","Šò•ŒŒ§","21202","‘åŠ_Žs","212020203003","–q–ì’¬ŽO’š–Ú","35.384258","136.576398","0","3"
"21","Šò•ŒŒ§","21202","‘åŠ_Žs","212020203004","–q–ì’¬Žl’š–Ú","35.381534","136.576372","0","3"
"21","Šò•ŒŒ§","21202","‘åŠ_Žs","212020204001","ŠÛ‚Ì“àˆê’š–Ú","35.362844","136.613784","0","3"
"21","Šò•ŒŒ§","21202","‘åŠ_Žs","212020204002","ŠÛ‚Ì“à“ñ’š–Ú","35.360439","136.613327","0","3"
"21","Šò•ŒŒ§","21202","‘åŠ_Žs","212020205001","–œÎˆê’š–Ú","35.362313","136.654700","0","3"
"21","Šò•ŒŒ§","21202","‘åŠ_Žs","212020205002","–œÎ“ñ’š–Ú","35.361992","136.650797","0","3"
"21","Šò•ŒŒ§","21202","‘åŠ_Žs","212020205003","–œÎŽO’š–Ú","35.361781","136.648780","0","3"
"21","Šò•ŒŒ§","21202","‘åŠ_Žs","212020206000","ŽO’Ë’¬","35.367384","136.630468","0","1"
"21","Šò•ŒŒ§","21202","‘åŠ_Žs","212020207001","ŽO’Ã‰®’¬ˆê’š–Ú","35.390171","136.613256","0","3"
"21","Šò•ŒŒ§","21202","‘åŠ_Žs","212020207002","ŽO’Ã‰®’¬“ñ’š–Ú","35.390486","136.617896","0","3"
"21","Šò•ŒŒ§","21202","‘åŠ_Žs","212020207003","ŽO’Ã‰®’¬ŽO’š–Ú","35.391454","136.614870","0","3"
"21","Šò•ŒŒ§","21202","‘åŠ_Žs","212020207004","ŽO’Ã‰®’¬Žl’š–Ú","35.392239","136.612667","0","3"
"21","Šò•ŒŒ§","21202","‘åŠ_Žs","212020207005","ŽO’Ã‰®’¬ŒÜ’š–Ú","35.392313","136.619196","0","3"
"21","Šò•ŒŒ§","21202","‘åŠ_Žs","212020208000","—Î‰€","35.361330","136.632298","0","1"
"21","Šò•ŒŒ§","21202","‘åŠ_Žs","212020209001","Œ©Žæ’¬ˆê’š–Ú","35.371774","136.613281","0","3"
"21","Šò•ŒŒ§","21202","‘åŠ_Žs","212020209002","Œ©Žæ’¬“ñ’š–Ú","35.368949","136.613117","0","3"
"21","Šò•ŒŒ§","21202","‘åŠ_Žs","212020209003","Œ©Žæ’¬ŽO’š–Ú","35.366659","136.613001","0","3"
"21","Šò•ŒŒ§","21202","‘åŠ_Žs","212020209004","Œ©Žæ’¬Žl’š–Ú","35.366622","136.614863","0","3"
"21","Šò•ŒŒ§","21202","‘åŠ_Žs","212020210000","“ìŽs‹´’¬","35.402714","136.583802","0","1"
"21","Šò•ŒŒ§","21202","‘åŠ_Žs","212020211000","“ìˆêF’¬","35.371168","136.603169","0","1"
"21","Šò•ŒŒ§","21202","‘åŠ_Žs","212020212001","“ìØÎ’¬ˆê’š–Ú","35.354524","136.610896","0","3"
"21","Šò•ŒŒ§","21202","‘åŠ_Žs","212020212002","“ìØÎ’¬“ñ’š–Ú","35.354883","136.608015","0","3"
"21","Šò•ŒŒ§","21202","‘åŠ_Žs","212020213001","“ì‚‹´’¬ˆê’š–Ú","35.359951","136.622750","0","3"
"21","Šò•ŒŒ§","21202","‘åŠ_Žs","212020213002","“ì‚‹´’¬“ñ’š–Ú","35.359028","136.622954","0","3"
"21","Šò•ŒŒ§","21202","‘åŠ_Žs","212020213003","“ì‚‹´’¬ŽO’š–Ú","35.358002","136.622828","0","3"
"21","Šò•ŒŒ§","21202","‘åŠ_Žs","212020214001","“ì–j’¬ˆê’š–Ú","35.355922","136.623574","0","3"
"21","Šò•ŒŒ§","21202","‘åŠ_Žs","212020214002","“ì–j’¬“ñ’š–Ú","35.355884","136.622251","0","3"
"21","Šò•ŒŒ§","21202","‘åŠ_Žs","212020214003","“ì–j’¬ŽO’š–Ú","35.355926","136.620206","0","3"
"21","Šò•ŒŒ§","21202","‘åŠ_Žs","212020214004","“ì–j’¬Žl’š–Ú","35.354879","136.620914","0","3"
"21","Šò•ŒŒ§","21202","‘åŠ_Žs","212020214005","“ì–j’¬ŒÜ’š–Ú","35.355194","136.626933","0","3"
"21","Šò•ŒŒ§","21202","‘åŠ_Žs","212020215004","“ìŽáXŽl’š–Ú","35.349620","136.599099","0","3"
"21","Šò•ŒŒ§","21202","‘åŠ_Žs","212020215005","“ìŽáXŒÜ’š–Ú","35.349454","136.602539","0","3"
"21","Šò•ŒŒ§","21202","‘åŠ_Žs","212020215006","“ìŽáX˜Z’š–Ú","35.349419","136.604059","0","3"
"21","Šò•ŒŒ§","21202","‘åŠ_Žs","212020216000","“ìŽáX’¬","35.352418","136.602593","0","1"
"21","Šò•ŒŒ§","21202","‘åŠ_Žs","212020217001","“ìŽáX’¬ˆê’š–Ú","35.353793","136.598250","0","3"
"21","Šò•ŒŒ§","21202","‘åŠ_Žs","212020217002","“ìŽáX’¬“ñ’š–Ú","35.354802","136.600407","0","3"
"21","Šò•ŒŒ§","21202","‘åŠ_Žs","212020217003","“ìŽáX’¬ŽO’š–Ú","35.354647","136.601696","0","3"
"21","Šò•ŒŒ§","21202","‘åŠ_Žs","212020218001","‹{’¬ˆê’š–Ú","35.365573","136.614930","0","3"
"21","Šò•ŒŒ§","21202","‘åŠ_Žs","212020218002","‹{’¬“ñ’š–Ú","35.365467","136.612152","0","3"
"21","Šò•ŒŒ§","21202","‘åŠ_Žs","212020219000","”ü˜a’¬","35.350964","136.617235","0","1"
"21","Šò•ŒŒ§","21202","‘åŠ_Žs","212020220001","Žº–{’¬ˆê’š–Ú","35.366687","136.610808","0","3"
"21","Šò•ŒŒ§","21202","‘åŠ_Žs","212020220002","Žº–{’¬“ñ’š–Ú","35.365877","136.610605","0","3"
"21","Šò•ŒŒ§","21202","‘åŠ_Žs","212020220003","Žº–{’¬ŽO’š–Ú","35.364428","136.609773","0","3"
"21","Šò•ŒŒ§","21202","‘åŠ_Žs","212020220004","Žº–{’¬Žl’š–Ú","35.366438","136.608231","0","3"
"21","Šò•ŒŒ§","21202","‘åŠ_Žs","212020220005","Žº–{’¬ŒÜ’š–Ú","35.364524","136.607936","0","3"
"21","Šò•ŒŒ§","21202","‘åŠ_Žs","212020221001","Žº’¬ˆê’š–Ú","35.364131","136.612042","0","3"
"21","Šò•ŒŒ§","21202","‘åŠ_Žs","212020221002","Žº’¬“ñ’š–Ú","35.364142","136.611119","0","3"
"21","Šò•ŒŒ§","21202","‘åŠ_Žs","212020222001","Žº‘º’¬ˆê’š–Ú","35.374355","136.610886","0","3"
"21","Šò•ŒŒ§","21202","‘åŠ_Žs","212020222002","Žº‘º’¬“ñ’š–Ú","35.372128","136.610932","0","3"
"21","Šò•ŒŒ§","21202","‘åŠ_Žs","212020222003","Žº‘º’¬ŽO’š–Ú","35.369878","136.610241","0","3"
"21","Šò•ŒŒ§","21202","‘åŠ_Žs","212020222004","Žº‘º’¬Žl’š–Ú","35.368615","136.608446","0","3"
"21","Šò•ŒŒ§","21202","‘åŠ_Žs","212020223001","–{¡ˆê’š–Ú","35.351993","136.607580","0","3"
"21","Šò•ŒŒ§","21202","‘åŠ_Žs","212020223002","–{¡“ñ’š–Ú","35.352222","136.608777","0","3"
"21","Šò•ŒŒ§","21202","‘åŠ_Žs","212020223003","–{¡ŽO’š–Ú","35.348990","136.607823","0","3"
"21","Šò•ŒŒ§","21202","‘åŠ_Žs","212020223004","–{¡Žl’š–Ú","35.345225","136.608743","0","3"
"21","Šò•ŒŒ§","21202","‘åŠ_Žs","212020223005","–{¡ŒÜ’š–Ú","35.345042","136.612648","0","3"
"21","Šò•ŒŒ§","21202","‘åŠ_Žs","212020223006","–{¡˜Z’š–Ú","35.341814","136.611041","0","3"
"21","Šò•ŒŒ§","21202","‘åŠ_Žs","212020224000","–{¡’¬","35.345387","136.616025","0","1"
"21","Šò•ŒŒ§","21202","‘åŠ_Žs","212020225000","”ª“‡’¬","35.375403","136.614898","0","1"
"21","Šò•ŒŒ§","21202","‘åŠ_Žs","212020226001","ˆÀˆä’¬ˆê’š–Ú","35.355305","136.628081","0","3"
"21","Šò•ŒŒ§","21202","‘åŠ_Žs","212020226002","ˆÀˆä’¬“ñ’š–Ú","35.355184","136.629275","0","3"
"21","Šò•ŒŒ§","21202","‘åŠ_Žs","212020226003","ˆÀˆä’¬ŽO’š–Ú","35.355011","136.630349","0","3"
"21","Šò•ŒŒ§","21202","‘åŠ_Žs","212020226004","ˆÀˆä’¬Žl’š–Ú","35.354856","136.631215","0","3"
"21","Šò•ŒŒ§","21202","‘åŠ_Žs","212020226005","ˆÀˆä’¬ŒÜ’š–Ú","35.355001","136.632090","0","3"
"21","Šò•ŒŒ§","21202","‘åŠ_Žs","212020226006","ˆÀˆä’¬˜Z’š–Ú","35.353784","136.633272","0","3"
"21","Šò•ŒŒ§","21202","‘åŠ_Žs","212020226007","ˆÀˆä’¬Žµ’š–Ú","35.353625","136.634212","0","3"
"21","Šò•ŒŒ§","21202","‘åŠ_Žs","212020227001","–î“¹’¬ˆê’š–Ú","35.371932","136.561379","0","3"
"21","Šò•ŒŒ§","21202","‘åŠ_Žs","212020227002","–î“¹’¬“ñ’š–Ú","35.374463","136.560693","0","3"
"21","Šò•ŒŒ§","21202","‘åŠ_Žs","212020227003","–î“¹’¬ŽO’š–Ú","35.376335","136.560598","0","3"
"21","Šò•ŒŒ§","21202","‘åŠ_Žs","212020228001","‰¡‘]ªˆê’š–Ú","35.301064","136.605734","0","3"
"21","Šò•ŒŒ§","21202","‘åŠ_Žs","212020228002","‰¡‘]ª“ñ’š–Ú","35.299760","136.608846","0","3"
"21","Šò•ŒŒ§","21202","‘åŠ_Žs","212020228003","‰¡‘]ªŽO’š–Ú","35.299494","136.612651","0","3"
"21","Šò•ŒŒ§","21202","‘åŠ_Žs","212020228004","‰¡‘]ªŽl’š–Ú","35.299498","136.616200","0","3"
"21","Šò•ŒŒ§","21202","‘åŠ_Žs","212020228005","‰¡‘]ªŒÜ’š–Ú","35.305640","136.618400","0","3"
"21","Šò•ŒŒ§","21202","‘åŠ_Žs","212020229000","‰¡‘]ª’¬","35.295211","136.613271","0","1"
"21","Šò•ŒŒ§","21202","‘åŠ_Žs","212020230001","‰|ŒË’¬ˆê’š–Ú","35.378040","136.561695","0","3"
"21","Šò•ŒŒ§","21202","‘åŠ_Žs","212020230002","‰|ŒË’¬“ñ’š–Ú","35.381011","136.560840","0","3"
"21","Šò•ŒŒ§","21202","‘åŠ_Žs","212020230003","‰|ŒË’¬ŽO’š–Ú","35.381038","136.564197","0","3"
"21","Šò•ŒŒ§","21202","‘åŠ_Žs","212020231001","¢ˆÀ’¬ˆê’š–Ú","35.353382","136.613545","0","3"
"21","Šò•ŒŒ§","21202","‘åŠ_Žs","212020231002","¢ˆÀ’¬“ñ’š–Ú","35.350485","136.613565","0","3"
"21","Šò•ŒŒ§","21202","‘åŠ_Žs","212020231003","¢ˆÀ’¬ŽO’š–Ú","35.346987","136.615059","0","3"
"21","Šò•ŒŒ§","21202","‘åŠ_Žs","212020231004","¢ˆÀ’¬Žl’š–Ú","35.347357","136.616968","0","3"
"21","Šò•ŒŒ§","21202","‘åŠ_Žs","212020232001","—Ì‰Æ’¬ˆê’š–Ú","35.387220","136.615127","0","3"
"21","Šò•ŒŒ§","21202","‘åŠ_Žs","212020232002","—Ì‰Æ’¬“ñ’š–Ú","35.387405","136.618137","0","3"
"21","Šò•ŒŒ§","21202","‘åŠ_Žs","212020232003","—Ì‰Æ’¬ŽO’š–Ú","35.387300","136.620655","0","3"
"21","Šò•ŒŒ§","21202","‘åŠ_Žs","212020233001","ŽáX’¬ˆê’š–Ú","35.355573","136.604714","0","3"
"21","Šò•ŒŒ§","21202","‘åŠ_Žs","212020233002","ŽáX’¬“ñ’š–Ú","35.356118","136.602362","0","3"
"21","Šò•ŒŒ§","21202","‘åŠ_Žs","212020233003","ŽáX’¬ŽO’š–Ú","35.356687","136.600066","0","3"
"21","Šò•ŒŒ§","21202","‘åŠ_Žs","212020233004","ŽáX’¬Žl’š–Ú","35.356288","136.597698","0","3"
"21","Šò•ŒŒ§","21202","‘åŠ_Žs","212020234000","˜a‡V’¬","35.374838","136.655266","0","1"
"21","Šò•ŒŒ§","21202","‘åŠ_Žs","212020235001","˜a‡V’¬ˆê’š–Ú","35.374511","136.652182","0","3"
"21","Šò•ŒŒ§","21202","‘åŠ_Žs","212020235002","˜a‡V’¬“ñ’š–Ú","35.374045","136.648912","0","3"
"21","Šò•ŒŒ§","21202","‘åŠ_Žs","212020236001","˜a‡–{’¬ˆê’š–Ú","35.375030","136.642218","0","3"
"21","Šò•ŒŒ§","21202","‘åŠ_Žs","212020236002","˜a‡–{’¬“ñ’š–Ú","35.373156","136.645247","0","3"
"21","Šò•ŒŒ§","21202","‘åŠ_Žs","212020237001","Š„“cˆê’š–Ú","35.339402","136.601575","0","3"
"21","Šò•ŒŒ§","21202","‘åŠ_Žs","212020237002","Š„“c“ñ’š–Ú","35.339835","136.605640","0","3"
"21","Šò•ŒŒ§","21202","‘åŠ_Žs","212020237003","Š„“cŽO’š–Ú","35.340547","136.608713","0","3"
"21","Šò•ŒŒ§","21202","‘åŠ_Žs","212020238000","Š„“c’¬","35.343168","136.607013","0","1"
"21","Šò•ŒŒ§","21203","‚ŽRŽs","212030001000","‘Š¶’¬","36.142345","137.256988","0","1"
"21","Šò•ŒŒ§","21203","‚ŽRŽs","212030002000","Ô•Û–Ø’¬","36.160232","137.221315","0","1"
"21","Šò•ŒŒ§","21203","‚ŽRŽs","212030003001","Œ’¬ˆê’š–Ú","36.147066","137.266200","0","3"
"21","Šò•ŒŒ§","21203","‚ŽRŽs","212030003002","Œ’¬“ñ’š–Ú","36.147461","137.267459","0","3"
"21","Šò•ŒŒ§","21203","‚ŽRŽs","212030003003","Œ’¬ŽO’š–Ú","36.148357","137.267558","0","3"
"21","Šò•ŒŒ§","21203","‚ŽRŽs","212030003004","Œ’¬Žl’š–Ú","36.148878","137.268941","0","3"
"21","Šò•ŒŒ§","21203","‚ŽRŽs","212030004000","ˆ®ƒP‹u’¬","36.177969","137.242523","0","1"
"21","Šò•ŒŒ§","21203","‚ŽRŽs","212030005000","’©“ú’¬Â‰®","36.113641","137.437922","0","1"
"21","Šò•ŒŒ§","21203","‚ŽRŽs","212030006000","’©“ú’¬ãƒPŒ©","36.082663","137.355635","0","1"
"21","Šò•ŒŒ§","21203","‚ŽRŽs","212030007000","’©“ú’¬óˆä","36.078699","137.390594","0","1"
"21","Šò•ŒŒ§","21203","‚ŽRŽs","212030008000","’©“ú’¬ˆê”Vh","36.029083","137.393184","0","1"
"21","Šò•ŒŒ§","21203","‚ŽRŽs","212030009000","’©“ú’¬‘åœA","36.068605","137.362486","0","1"
"21","Šò•ŒŒ§","21203","‚ŽRŽs","212030010000","’©“ú’¬¬£ƒP“´","36.055953","137.405649","0","1"
"21","Šò•ŒŒ§","21203","‚ŽRŽs","212030011000","’©“ú’¬b","36.073442","137.328214","0","1"
"21","Šò•ŒŒ§","21203","‚ŽRŽs","212030012000","’©“ú’¬‹o¶’J","36.038346","137.406820","0","1"
"21","Šò•ŒŒ§","21203","‚ŽRŽs","212030013000","’©“ú’¬ŒÓ““‡","35.964313","137.447018","0","1"
"21","Šò•ŒŒ§","21203","‚ŽRŽs","212030014000","’©“ú’¬•ì","36.054672","137.369779","0","1"
"21","Šò•ŒŒ§","21203","‚ŽRŽs","212030015000","’©“ú’¬ŒK”V“‡","36.005229","137.401299","0","1"
"21","Šò•ŒŒ§","21203","‚ŽRŽs","212030016000","’©“ú’¬¬£","36.102215","137.338598","0","1"
"21","Šò•ŒŒ§","21203","‚ŽRŽs","212030017000","’©“ú’¬¬’J","36.084075","137.318773","0","1"
"21","Šò•ŒŒ§","21203","‚ŽRŽs","212030018000","’©“ú’¬—§Šâ","36.104059","137.358825","0","1"
"21","Šò•ŒŒ§","21203","‚ŽRŽs","212030019000","’©“ú’¬Ž›àV","36.085448","137.361747","0","1"
"21","Šò•ŒŒ§","21203","‚ŽRŽs","212030020000","’©“ú’¬Ž›•","36.076342","137.421602","0","1"
"21","Šò•ŒŒ§","21203","‚ŽRŽs","212030021000","’©“ú’¬¼“´","36.000207","137.362353","0","1"
"21","Šò•ŒŒ§","21203","‚ŽRŽs","212030022000","’©“ú’¬–œÎ","36.074845","137.348548","0","1"
"21","Šò•ŒŒ§","21203","‚ŽRŽs","212030023000","’©“ú’¬Œ©À","36.097885","137.323367","0","1"
"21","Šò•ŒŒ§","21203","‚ŽRŽs","212030024000","’©“ú’¬‹{”V‘O","36.012536","137.403523","0","1"
"21","Šò•ŒŒ§","21203","‚ŽRŽs","212030025000","’©“ú’¬","36.143769","137.256237","0","1"
"21","Šò•ŒŒ§","21203","‚ŽRŽs","212030026000","ˆ¤“†’¬","36.144704","137.265283","0","1"
"21","Šò•ŒŒ§","21203","‚ŽRŽs","212030027000","Î‰Y’¬","36.110871","137.253371","0","1"
"21","Šò•ŒŒ§","21203","‚ŽRŽs","212030028001","Î‰Y’¬ˆê’š–Ú","36.105686","137.262879","0","3"
"21","Šò•ŒŒ§","21203","‚ŽRŽs","212030028002","Î‰Y’¬“ñ’š–Ú","36.112916","137.266277","0","3"
"21","Šò•ŒŒ§","21203","‚ŽRŽs","212030028003","Î‰Y’¬ŽO’š–Ú","36.110819","137.263163","0","3"
"21","Šò•ŒŒ§","21203","‚ŽRŽs","212030028004","Î‰Y’¬Žl’š–Ú","36.114805","137.267595","0","3"
"21","Šò•ŒŒ§","21203","‚ŽRŽs","212030028005","Î‰Y’¬ŒÜ’š–Ú","36.117540","137.264060","0","3"
"21","Šò•ŒŒ§","21203","‚ŽRŽs","212030028006","Î‰Y’¬˜Z’š–Ú","36.114776","137.260635","0","3"
"21","Šò•ŒŒ§","21203","‚ŽRŽs","212030028007","Î‰Y’¬Žµ’š–Ú","36.122718","137.260840","0","3"
"21","Šò•ŒŒ§","21203","‚ŽRŽs","212030028008","Î‰Y’¬”ª’š–Ú","36.114998","137.253165","0","3"
"21","Šò•ŒŒ§","21203","‚ŽRŽs","212030028009","Î‰Y’¬‹ã’š–Ú","36.122548","137.258626","0","3"
"21","Šò•ŒŒ§","21203","‚ŽRŽs","212030029000","ˆê”V‹{’¬","36.052398","137.201261","0","1"
"21","Šò•ŒŒ§","21203","‚ŽRŽs","212030030000","Šâˆä’¬","36.133350","137.385353","0","1"
"21","Šò•ŒŒ§","21203","‚ŽRŽs","212030031000","—LŠy’¬","36.141576","137.257314","0","1"
"21","Šò•ŒŒ§","21203","‚ŽRŽs","212030032000","Ž½Š_“à’¬","36.146083","137.295146","0","1"
"21","Šò•ŒŒ§","21203","‚ŽRŽs","212030033000","ã–ì’¬","36.168155","137.271346","0","1"
"21","Šò•ŒŒ§","21203","‚ŽRŽs","212030034000","‰zŒã’¬","36.108101","137.234535","0","1"
"21","Šò•ŒŒ§","21203","‚ŽRŽs","212030035000","]–¼Žq’¬","36.125367","137.280878","0","1"
"21","Šò•ŒŒ§","21203","‚ŽRŽs","212030036001","‘åV’¬ˆê’š–Ú","36.146955","137.258137","0","3"
"21","Šò•ŒŒ§","21203","‚ŽRŽs","212030036002","‘åV’¬“ñ’š–Ú","36.148347","137.258047","0","3"
"21","Šò•ŒŒ§","21203","‚ŽRŽs","212030036003","‘åV’¬ŽO’š–Ú","36.150027","137.258410","0","3"
"21","Šò•ŒŒ§","21203","‚ŽRŽs","212030036004","‘åV’¬Žl’š–Ú","36.151858","137.257275","0","3"
"21","Šò•ŒŒ§","21203","‚ŽRŽs","212030036005","‘åV’¬ŒÜ’š–Ú","36.155992","137.256322","0","3"
"21","Šò•ŒŒ§","21203","‚ŽRŽs","212030037000","‘å•½’¬","36.101256","137.229852","0","1"
"21","Šò•ŒŒ§","21203","‚ŽRŽs","212030038000","‘å“‡’¬","36.114419","137.329525","0","1"
"21","Šò•ŒŒ§","21203","‚ŽRŽs","212030039000","‘å“´’¬","36.156821","137.304120","0","1"
"21","Šò•ŒŒ§","21203","‚ŽRŽs","212030040001","‰ª–{’¬ˆê’š–Ú","36.140362","137.246436","0","3"
"21","Šò•ŒŒ§","21203","‚ŽRŽs","212030040002","‰ª–{’¬“ñ’š–Ú","36.144594","137.246103","0","3"
"21","Šò•ŒŒ§","21203","‚ŽRŽs","212030040003","‰ª–{’¬ŽO’š–Ú","36.148463","137.246281","0","3"
"21","Šò•ŒŒ§","21203","‚ŽRŽs","212030040004","‰ª–{’¬Žl’š–Ú","36.153002","137.248708","0","3"
"21","Šò•ŒŒ§","21203","‚ŽRŽs","212030041000","‰œ”ò‘Ë‰·ò‹½Ô‰±","36.245224","137.464346","0","1"
"21","Šò•ŒŒ§","21203","‚ŽRŽs","212030042000","‰œ”ò‘Ë‰·ò‹½¡Œ©","36.256884","137.505375","0","1"
"21","Šò•ŒŒ§","21203","‚ŽRŽs","212030043000","‰œ”ò‘Ë‰·ò‹½”“–","36.232910","137.506040","0","1"
"21","Šò•ŒŒ§","21203","‚ŽRŽs","212030044000","‰œ”ò‘Ë‰·ò‹½_â","36.304190","137.602285","0","1"
"21","Šò•ŒŒ§","21203","‚ŽRŽs","212030045000","‰œ”ò‘Ë‰·ò‹½ù“ˆ","36.286572","137.500553","0","1"
"21","Šò•ŒŒ§","21203","‚ŽRŽs","212030046000","‰œ”ò‘Ë‰·ò‹½“c ‰Æ","36.279266","137.529586","0","1"
"21","Šò•ŒŒ§","21203","‚ŽRŽs","212030047000","‰œ”ò‘Ë‰·ò‹½äø”V–“","36.235791","137.484638","0","1"
"21","Šò•ŒŒ§","21203","‚ŽRŽs","212030048000","‰œ”ò‘Ë‰·ò‹½“È”ö","36.257920","137.520460","0","1"
"21","Šò•ŒŒ§","21203","‚ŽRŽs","212030049000","‰œ”ò‘Ë‰·ò‹½’†”ö","36.248069","137.588846","0","1"
"21","Šò•ŒŒ§","21203","‚ŽRŽs","212030050000","‰œ”ò‘Ë‰·ò‹½ˆêdƒ–ª","36.219577","137.556097","0","1"
"21","Šò•ŒŒ§","21203","‚ŽRŽs","212030051000","‰œ”ò‘Ë‰·ò‹½•½“’","36.173905","137.562260","0","1"
"21","Šò•ŒŒ§","21203","‚ŽRŽs","212030052000","‰œ”ò‘Ë‰·ò‹½•Ÿ’n","36.216723","137.521035","0","1"
"21","Šò•ŒŒ§","21203","‚ŽRŽs","212030053000","‰œ”ò‘Ë‰·ò‹½‘ºã","36.244983","137.517350","0","1"
"21","Šò•ŒŒ§","21203","‚ŽRŽs","212030054000","t“ú’¬","36.137690","137.266817","0","1"
"21","Šò•ŒŒ§","21203","‚ŽRŽs","212030055000","•Ð–ì’¬","36.116479","137.277740","0","1"
"21","Šò•ŒŒ§","21203","‚ŽRŽs","212030056001","•Ð–ì’¬ˆê’š–Ú","36.119889","137.267576","0","3"
"21","Šò•ŒŒ§","21203","‚ŽRŽs","212030056002","•Ð–ì’¬“ñ’š–Ú","36.121880","137.265755","0","3"
"21","Šò•ŒŒ§","21203","‚ŽRŽs","212030056003","•Ð–ì’¬ŽO’š–Ú","36.125384","137.265549","0","3"
"21","Šò•ŒŒ§","21203","‚ŽRŽs","212030056004","•Ð–ì’¬Žl’š–Ú","36.125331","137.260848","0","3"
"21","Šò•ŒŒ§","21203","‚ŽRŽs","212030056005","•Ð–ì’¬ŒÜ’š–Ú","36.130441","137.264364","0","3"
"21","Šò•ŒŒ§","21203","‚ŽRŽs","212030056006","•Ð–ì’¬˜Z’š–Ú","36.128235","137.259696","0","3"
"21","Šò•ŒŒ§","21203","‚ŽRŽs","212030057000","•ÐŒ´’¬","36.141575","137.258886","0","1"
"21","Šò•ŒŒ§","21203","‚ŽRŽs","212030058000","ãˆê”V’¬","36.141835","137.261385","0","1"
"21","Šò•ŒŒ§","21203","‚ŽRŽs","212030059000","ã‰ª–{’¬","36.131360","137.230684","0","1"
"21","Šò•ŒŒ§","21203","‚ŽRŽs","212030060001","ã‰ª–{’¬ˆê’š–Ú","36.134498","137.235675","0","3"
"21","Šò•ŒŒ§","21203","‚ŽRŽs","212030060002","ã‰ª–{’¬“ñ’š–Ú","36.133864","137.228467","0","3"
"21","Šò•ŒŒ§","21203","‚ŽRŽs","212030060003","ã‰ª–{’¬ŽO’š–Ú","36.140182","137.243560","0","3"
"21","Šò•ŒŒ§","21203","‚ŽRŽs","212030060004","ã‰ª–{’¬Žl’š–Ú","36.139589","137.240623","0","3"
"21","Šò•ŒŒ§","21203","‚ŽRŽs","212030060005","ã‰ª–{’¬ŒÜ’š–Ú","36.138978","137.236884","0","3"
"21","Šò•ŒŒ§","21203","‚ŽRŽs","212030060006","ã‰ª–{’¬˜Z’š–Ú","36.138856","137.232250","0","3"
"21","Šò•ŒŒ§","21203","‚ŽRŽs","212030060007","ã‰ª–{’¬Žµ’š–Ú","36.144092","137.241414","0","3"
"21","Šò•ŒŒ§","21203","‚ŽRŽs","212030060008","ã‰ª–{’¬”ª’š–Ú","36.143273","137.236032","0","3"
"21","Šò•ŒŒ§","21203","‚ŽRŽs","212030061000","ãìŒ´’¬","36.135509","137.257198","0","1"
"21","Šò•ŒŒ§","21203","‚ŽRŽs","212030062000","ãØ’¬","36.170718","137.227648","0","1"
"21","Šò•ŒŒ§","21203","‚ŽRŽs","212030063000","ãŽO”V’¬","36.141690","137.259514","0","1"
"21","Šò•ŒŒ§","21203","‚ŽRŽs","212030064000","ã•ó’¬V“c","36.272786","137.382952","0","1"
"21","Šò•ŒŒ§","21203","‚ŽRŽs","212030065000","ã•ó’¬rŒ´","36.267369","137.273955","0","1"
"21","Šò•ŒŒ§","21203","‚ŽRŽs","212030066000","ã•ó’¬ŠâˆäŒË","36.281904","137.390705","0","1"
"21","Šò•ŒŒ§","21203","‚ŽRŽs","212030067000","ã•ó’¬’—¶–Î","36.241638","137.444278","0","1"
"21","Šò•ŒŒ§","21203","‚ŽRŽs","212030068000","ã•ó’¬‹à–ØŒË","36.345715","137.498564","0","1"
"21","Šò•ŒŒ§","21203","‚ŽRŽs","212030069000","ã•ó’¬Š‹ŽR","36.260936","137.438033","0","1"
"21","Šò•ŒŒ§","21203","‚ŽRŽs","212030070000","ã•ó’¬‘ ’Œ","36.267293","137.321754","0","1"
"21","Šò•ŒŒ§","21203","‚ŽRŽs","212030071000","ã•ó’¬Ý‰Æ","36.269763","137.368850","0","1"
"21","Šò•ŒŒ§","21203","‚ŽRŽs","212030072000","ã•ó’¬‰º²’J","36.303608","137.477941","0","1"
"21","Šò•ŒŒ§","21203","‚ŽRŽs","212030073000","ã•ó’¬‘o˜Z","36.312256","137.390427","0","1"
"21","Šò•ŒŒ§","21203","‚ŽRŽs","212030074000","ã•ó’¬’·‘q","36.272266","137.416818","0","1"
"21","Šò•ŒŒ§","21203","‚ŽRŽs","212030075000","ã•ó’¬’†ŽR","36.300839","137.388182","0","1"
"21","Šò•ŒŒ§","21203","‚ŽRŽs","212030076000","ã•ó’¬‘l–Ý","36.244603","137.395932","0","1"
"21","Šò•ŒŒ§","21203","‚ŽRŽs","212030077000","ã•ó’¬–{‹½","36.276699","137.358010","0","1"
"21","Šò•ŒŒ§","21203","‚ŽRŽs","212030078000","ã•ó’¬Œ©À","36.292420","137.384910","0","1"
"21","Šò•ŒŒ§","21203","‚ŽRŽs","212030079000","ã•ó’¬‹{Œ´","36.281683","137.375798","0","1"
"21","Šò•ŒŒ§","21203","‚ŽRŽs","212030080000","ã•ó’¬‹g–ì","36.288642","137.343664","0","1"
"21","Šò•ŒŒ§","21203","‚ŽRŽs","212030081000","ã“ñ”V’¬","36.141740","137.260313","0","1"
"21","Šò•ŒŒ§","21203","‚ŽRŽs","212030082000","ìŒ´’¬","36.138412","137.258837","0","1"
"21","Šò•ŒŒ§","21203","‚ŽRŽs","212030083001","_“c’¬ˆê’š–Ú","36.146116","137.255862","0","3"
"21","Šò•ŒŒ§","21203","‚ŽRŽs","212030083002","_“c’¬“ñ’š–Ú","36.149069","137.254631","0","3"
"21","Šò•ŒŒ§","21203","‚ŽRŽs","212030084000","´Œ©’¬’r–{","36.163108","137.057923","0","1"
"21","Šò•ŒŒ§","21203","‚ŽRŽs","212030085000","´Œ©’¬]•","36.187188","137.053660","0","1"
"21","Šò•ŒŒ§","21203","‚ŽRŽs","212030086000","´Œ©’¬‘å’J","36.149962","137.028505","0","1"
"21","Šò•ŒŒ§","21203","‚ŽRŽs","212030087000","´Œ©’¬‘åŒ´","35.958317","137.078808","0","1"
"21","Šò•ŒŒ§","21203","‚ŽRŽs","212030088000","´Œ©’¬ã¬’¹","36.093372","137.066981","0","1"
"21","Šò•ŒŒ§","21203","‚ŽRŽs","212030089000","´Œ©’¬â‰º","36.088564","137.126570","0","1"
"21","Šò•ŒŒ§","21203","‚ŽRŽs","212030090000","´Œ©’¬‘ƒ–ì–“","36.056402","137.099237","0","1"
"21","Šò•ŒŒ§","21203","‚ŽRŽs","212030091000","´Œ©’¬‰Ä‰X","36.146142","137.103638","0","1"
"21","Šò•ŒŒ§","21203","‚ŽRŽs","212030092000","´Œ©’¬“è’J","35.995050","137.063356","0","1"
"21","Šò•ŒŒ§","21203","‚ŽRŽs","212030093000","´Œ©’¬“ñ–{–Ø","36.157284","137.085753","0","1"
"21","Šò•ŒŒ§","21203","‚ŽRŽs","212030094000","´Œ©’¬•ŸŠñ","36.098713","137.163838","0","1"
"21","Šò•ŒŒ§","21203","‚ŽRŽs","212030095000","´Œ©’¬“¡£","36.099906","137.192260","0","1"
"21","Šò•ŒŒ§","21203","‚ŽRŽs","212030096000","´Œ©’¬–qƒP“´","36.147516","137.143162","0","1"
"21","Šò•ŒŒ§","21203","‚ŽRŽs","212030097000","´Œ©’¬ŽO“ú’¬","36.127362","137.192219","0","1"
"21","Šò•ŒŒ§","21203","‚ŽRŽs","212030098000","´Œ©’¬ŽOƒc’J","36.069644","137.163805","0","1"
"21","Šò•ŒŒ§","21203","‚ŽRŽs","212030099000","´Œ©’¬X–Î","36.168892","136.983633","0","1"
"21","Šò•ŒŒ§","21203","‚ŽRŽs","212030100001","‹Ë¶’¬ˆê’š–Ú","36.154408","137.254874","0","3"
"21","Šò•ŒŒ§","21203","‚ŽRŽs","212030100002","‹Ë¶’¬“ñ’š–Ú","36.154087","137.253111","0","3"
"21","Šò•ŒŒ§","21203","‚ŽRŽs","212030100003","‹Ë¶’¬ŽO’š–Ú","36.154090","137.251398","0","3"
"21","Šò•ŒŒ§","21203","‚ŽRŽs","212030100004","‹Ë¶’¬Žl’š–Ú","36.154917","137.249282","0","3"
"21","Šò•ŒŒ§","21203","‚ŽRŽs","212030100005","‹Ë¶’¬ŒÜ’š–Ú","36.158764","137.253928","0","3"
"21","Šò•ŒŒ§","21203","‚ŽRŽs","212030100006","‹Ë¶’¬˜Z’š–Ú","36.158445","137.252169","0","3"
"21","Šò•ŒŒ§","21203","‚ŽRŽs","212030100007","‹Ë¶’¬Žµ’š–Ú","36.158356","137.250779","0","3"
"21","Šò•ŒŒ§","21203","‚ŽRŽs","212030100008","‹Ë¶’¬”ª’š–Ú","36.158255","137.248660","0","3"
"21","Šò•ŒŒ§","21203","‚ŽRŽs","212030101000","‹vX–ì’¬ˆ¢‘½””","36.003369","137.325134","0","1"
"21","Šò•ŒŒ§","21203","‚ŽRŽs","212030102000","‹vX–ì’¬—L“¹","36.040686","137.337406","0","1"
"21","Šò•ŒŒ§","21203","‚ŽRŽs","212030103000","‹vX–ì’¬‘å¼","36.092978","137.288704","0","1"
"21","Šò•ŒŒ§","21203","‚ŽRŽs","212030104000","‹vX–ì’¬‹vX–ì","36.059069","137.269655","0","1"
"21","Šò•ŒŒ§","21203","‚ŽRŽs","212030105000","‹vX–ì’¬‹v{•ê","36.057276","137.294946","0","1"
"21","Šò•ŒŒ§","21203","‚ŽRŽs","212030106000","‹vX–ì’¬¬–V","36.026398","137.307092","0","1"
"21","Šò•ŒŒ§","21203","‚ŽRŽs","212030107000","‹vX–ì’¬¬‰®–¼","36.096656","137.307970","0","1"
"21","Šò•ŒŒ§","21203","‚ŽRŽs","212030108000","‹vX–ì’¬’Ò","36.102942","137.313846","0","1"
"21","Šò•ŒŒ§","21203","‚ŽRŽs","212030109000","‹vX–ì’¬–Ø‘¯“´","36.019582","137.282391","0","1"
"21","Šò•ŒŒ§","21203","‚ŽRŽs","212030110000","‹vX–ì’¬’·—„","36.011428","137.285094","0","1"
"21","Šò•ŒŒ§","21203","‚ŽRŽs","212030111000","‹vX–ì’¬","36.006868","137.261074","0","1"
"21","Šò•ŒŒ§","21203","‚ŽRŽs","212030112000","‹vX–ì’¬ˆø‰º","36.030970","137.281343","0","1"
"21","Šò•ŒŒ§","21203","‚ŽRŽs","212030113000","‹vX–ì’¬–³”‰Í","36.044241","137.251223","0","1"
"21","Šò•ŒŒ§","21203","‚ŽRŽs","212030114000","‹vX–ì’¬–ö“‡","36.070056","137.303722","0","1"
"21","Šò•ŒŒ§","21203","‚ŽRŽs","212030115000","‹vX–ì’¬ŽR—œ","36.080358","137.273362","0","1"
"21","Šò•ŒŒ§","21203","‚ŽRŽs","212030116000","‘•{’¬¡","36.215874","137.248319","0","1"
"21","Šò•ŒŒ§","21203","‚ŽRŽs","212030117000","‘•{’¬‰F’Ã]","36.197944","137.171693","0","1"
"21","Šò•ŒŒ§","21203","‚ŽRŽs","212030118000","‘•{’¬‰Z‘ƒ","36.180462","137.186649","0","1"
"21","Šò•ŒŒ§","21203","‚ŽRŽs","212030119000","‘•{’¬Ž½Š_“à","36.223020","137.233069","0","1"
"21","Šò•ŒŒ§","21203","‚ŽRŽs","212030120000","‘•{’¬‹à‰±","36.198880","137.230864","0","1"
"21","Šò•ŒŒ§","21203","‚ŽRŽs","212030121000","‘•{’¬ãL£","36.203610","137.252048","0","1"
"21","Šò•ŒŒ§","21203","‚ŽRŽs","212030122000","‘•{’¬–Ø‘]Š_“à","36.221203","137.216677","0","1"
"21","Šò•ŒŒ§","21203","‚ŽRŽs","212030123000","‘•{’¬‹Ë’J","36.239570","137.223263","0","1"
"21","Šò•ŒŒ§","21203","‚ŽRŽs","212030124000","‘•{’¬ŽOì","36.189083","137.264385","0","1"
"21","Šò•ŒŒ§","21203","‚ŽRŽs","212030125000","‘•{’¬’ß‘ƒ","36.225208","137.208204","0","1"
"21","Šò•ŒŒ§","21203","‚ŽRŽs","212030126000","‘•{’¬–¼’£","36.205395","137.211172","0","1"
"21","Šò•ŒŒ§","21203","‚ŽRŽs","212030127000","‘•{’¬¼–å‘O","36.229472","137.245496","0","1"
"21","Šò•ŒŒ§","21203","‚ŽRŽs","212030128000","‘•{’¬f’Ë","36.189546","137.233995","0","1"
"21","Šò•ŒŒ§","21203","‚ŽRŽs","212030129000","‘•{’¬”¼“c","36.222774","137.224759","0","1"
"21","Šò•ŒŒ§","21203","‚ŽRŽs","212030130000","‘•{’¬“Œ–å‘O","36.226415","137.255698","0","1"
"21","Šò•ŒŒ§","21203","‚ŽRŽs","212030131000","‘•{’¬L£’¬","36.211772","137.213982","0","1"
"21","Šò•ŒŒ§","21203","‚ŽRŽs","212030132000","‘•{’¬ŽO“ú’¬","36.214070","137.221566","0","1"
"21","Šò•ŒŒ§","21203","‚ŽRŽs","212030133000","‘•{’¬–ª—Ö","36.213946","137.234079","0","1"
"21","Šò•ŒŒ§","21203","‚ŽRŽs","212030134000","‘•{’¬‹{’n","36.230591","137.273375","0","1"
"21","Šò•ŒŒ§","21203","‚ŽRŽs","212030135000","‘•{’¬‘ºŽR","36.194248","137.251935","0","1"
"21","Šò•ŒŒ§","21203","‚ŽRŽs","212030136000","‘•{’¬ŽR–{","36.234736","137.207001","0","1"
"21","Šò•ŒŒ§","21203","‚ŽRŽs","212030137000","‘•{’¬”ª“ú’¬","36.236053","137.239787","0","1"
"21","Šò•ŒŒ§","21203","‚ŽRŽs","212030138000","¶‹ž’¬","36.147858","137.262794","0","1"
"21","Šò•ŒŒ§","21203","‚ŽRŽs","212030139000","÷’¬","36.147535","137.260790","0","1"
"21","Šò•ŒŒ§","21203","‚ŽRŽs","212030140000","ŽO•ŸŽ›’¬","36.156240","137.268633","0","1"
"21","Šò•ŒŒ§","21203","‚ŽRŽs","212030141000","‰–‰®’¬","36.135599","137.314304","0","1"
"21","Šò•ŒŒ§","21203","‚ŽRŽs","212030142000","“‡ìŒ´’¬","36.140696","137.264410","0","1"
"21","Šò•ŒŒ§","21203","‚ŽRŽs","212030143000","‰ºˆê”V’¬","36.144894","137.260031","0","1"
"21","Šò•ŒŒ§","21203","‚ŽRŽs","212030144000","‰º‰ª–{’¬","36.151665","137.240900","0","1"
"21","Šò•ŒŒ§","21203","‚ŽRŽs","212030145000","‰ºØ’¬","36.180573","137.245524","0","1"
"21","Šò•ŒŒ§","21203","‚ŽRŽs","212030146000","‰ºŽO”V’¬","36.144630","137.258257","0","1"
"21","Šò•ŒŒ§","21203","‚ŽRŽs","212030147000","‰º“ñ”V’¬","36.144788","137.259128","0","1"
"21","Šò•ŒŒ§","21203","‚ŽRŽs","212030148000","‰º”VØ’¬","36.149905","137.204482","0","1"
"21","Šò•ŒŒ§","21203","‚ŽRŽs","212030149000","‰º—Ñ’¬","36.152546","137.220681","0","1"
"21","Šò•ŒŒ§","21203","‚ŽRŽs","212030150000","‘‘ì’¬Ô’J","36.086262","136.970583","0","1"
"21","Šò•ŒŒ§","21203","‚ŽRŽs","212030151000","‘‘ì’¬VŸº","36.032101","136.963235","0","1"
"21","Šò•ŒŒ§","21203","‚ŽRŽs","212030152000","‘‘ì’¬ˆêF","35.966901","136.983421","0","1"
"21","Šò•ŒŒ§","21203","‚ŽRŽs","212030153000","‘‘ì’¬Šâ£","36.067009","136.941281","0","1"
"21","Šò•ŒŒ§","21203","‚ŽRŽs","212030154000","‘‘ì’¬‹ŠÛ","36.053410","136.944195","0","1"
"21","Šò•ŒŒ§","21203","‚ŽRŽs","212030155000","‘‘ì’¬”öã‹½","36.055944","136.841603","0","1"
"21","Šò•ŒŒ§","21203","‚ŽRŽs","212030156000","‘‘ì’¬ŠCã","36.091757","136.934564","0","1"
"21","Šò•ŒŒ§","21203","‚ŽRŽs","212030157000","‘‘ì’¬•’J","36.006739","137.023746","0","1"
"21","Šò•ŒŒ§","21203","‚ŽRŽs","212030158000","‘‘ì’¬‰ŽŠÛ","36.022497","136.967864","0","1"
"21","Šò•ŒŒ§","21203","‚ŽRŽs","212030159000","‘‘ì’¬ŽO’J","36.046803","136.997799","0","1"
"21","Šò•ŒŒ§","21203","‚ŽRŽs","212030160000","‘‘ì’¬‘y‘¥","36.015678","136.978240","0","1"
"21","Šò•ŒŒ§","21203","‚ŽRŽs","212030161000","‘‘ì’¬Ž›‰ÍŒË","35.981887","137.011151","0","1"
"21","Šò•ŒŒ§","21203","‚ŽRŽs","212030162000","‘‘ì’¬’†–ì","36.085267","136.942933","0","1"
"21","Šò•ŒŒ§","21203","‚ŽRŽs","212030163000","‘‘ì’¬’†”¨","36.042773","136.960763","0","1"
"21","Šò•ŒŒ§","21203","‚ŽRŽs","212030164000","‘‘ì’¬–ìX–“","36.013292","136.929576","0","1"
"21","Šò•ŒŒ§","21203","‚ŽRŽs","212030165000","‘‘ì’¬–qŒË","36.048057","136.949917","0","1"
"21","Šò•ŒŒ§","21203","‚ŽRŽs","212030166000","‘‘ì’¬’¬‰®","36.004539","136.952703","0","1"
"21","Šò•ŒŒ§","21203","‚ŽRŽs","212030167000","‘‘ì’¬ŽO”ö‰Í","36.023798","137.015545","0","1"
"21","Šò•ŒŒ§","21203","‚ŽRŽs","212030168000","‘‘ì’¬˜Z‰X","36.087395","137.017288","0","1"
"21","Šò•ŒŒ§","21203","‚ŽRŽs","212030169001","º˜a’¬ˆê’š–Ú","36.140685","137.250137","0","3"
"21","Šò•ŒŒ§","21203","‚ŽRŽs","212030169002","º˜a’¬“ñ’š–Ú","36.144701","137.249367","0","3"
"21","Šò•ŒŒ§","21203","‚ŽRŽs","212030169003","º˜a’¬ŽO’š–Ú","36.148453","137.249089","0","3"
"21","Šò•ŒŒ§","21203","‚ŽRŽs","212030170000","éŽR","36.136095","137.262430","0","1"
"21","Šò•ŒŒ§","21203","‚ŽRŽs","212030171000","V‹{’¬","36.126344","137.213505","0","1"
"21","Šò•ŒŒ§","21203","‚ŽRŽs","212030172001","_–¾’¬ˆê’š–Ú","36.135403","137.258450","0","3"
"21","Šò•ŒŒ§","21203","‚ŽRŽs","212030172002","_–¾’¬“ñ’š–Ú","36.137506","137.259355","0","3"
"21","Šò•ŒŒ§","21203","‚ŽRŽs","212030172003","_–¾’¬ŽO’š–Ú","36.137642","137.260806","0","3"
"21","Šò•ŒŒ§","21203","‚ŽRŽs","212030172004","_–¾’¬Žl’š–Ú","36.139304","137.260703","0","3"
"21","Šò•ŒŒ§","21203","‚ŽRŽs","212030173000","––L’¬","36.143763","137.255418","0","1"
"21","Šò•ŒŒ§","21203","‚ŽRŽs","212030174000","@—QŽ›’¬","36.141114","137.267072","0","1"
"21","Šò•ŒŒ§","21203","‚ŽRŽs","212030175001","‘˜a’¬ˆê’š–Ú","36.143696","137.254628","0","3"
"21","Šò•ŒŒ§","21203","‚ŽRŽs","212030175002","‘˜a’¬“ñ’š–Ú","36.146020","137.254659","0","3"
"21","Šò•ŒŒ§","21203","‚ŽRŽs","212030175003","‘˜a’¬ŽO’š–Ú","36.149501","137.253645","0","3"
"21","Šò•ŒŒ§","21203","‚ŽRŽs","212030176000","‘å–å’¬","36.144062","137.262503","0","1"
"21","Šò•ŒŒ§","21203","‚ŽRŽs","212030177000","‚ª’¬ˆ¢‘½–ì‹½","36.061716","137.535247","0","1"
"21","Šò•ŒŒ§","21203","‚ŽRŽs","212030178000","‚ª’¬’rƒP“´","36.070653","137.488260","0","1"
"21","Šò•ŒŒ§","21203","‚ŽRŽs","212030179000","‚ª’¬’–”V•@","36.020625","137.430983","0","1"
"21","Šò•ŒŒ§","21203","‚ŽRŽs","212030180000","‚ª’¬‘åŒÃˆä","36.033333","137.469950","0","1"
"21","Šò•ŒŒ§","21203","‚ŽRŽs","212030181000","‚ª’¬ãƒP“´","36.035607","137.493494","0","1"
"21","Šò•ŒŒ§","21203","‚ŽRŽs","212030182000","‚ª’¬‹o¶","36.057975","137.508951","0","1"
"21","Šò•ŒŒ§","21203","‚ŽRŽs","212030183000","‚ª’¬¬“ú˜a“c","35.986341","137.540062","0","1"
"21","Šò•ŒŒ§","21203","‚ŽRŽs","212030184000","‚ª’¬‰º”VŒü","36.024043","137.456794","0","1"
"21","Šò•ŒŒ§","21203","‚ŽRŽs","212030185000","‚ª’¬—¯”VŒ´","35.974680","137.523674","0","1"
"21","Šò•ŒŒ§","21203","‚ŽRŽs","212030186000","‚ª’¬’†”Vh","36.030602","137.443914","0","1"
"21","Šò•ŒŒ§","21203","‚ŽRŽs","212030187000","‚ª’¬’†“´","36.074628","137.453641","0","1"
"21","Šò•ŒŒ§","21203","‚ŽRŽs","212030188000","‚ª’¬–ì”ž","36.060282","137.578927","0","1"
"21","Šò•ŒŒ§","21203","‚ŽRŽs","212030189000","‚ª’¬“ú‰e","36.003792","137.475436","0","1"
"21","Šò•ŒŒ§","21203","‚ŽRŽs","212030190000","‚ª’¬“ú˜a“c","35.974234","137.487624","0","1"
"21","Šò•ŒŒ§","21203","‚ŽRŽs","212030191000","‘ê’¬","36.146164","137.367091","0","1"
"21","Šò•ŒŒ§","21203","‚ŽRŽs","212030192000"," ƒP‹u’¬","36.140668","137.221734","0","1"
"21","Šò•ŒŒ§","21203","‚ŽRŽs","212030193000","ç“‡’¬","36.122284","137.250979","0","1"
"21","Šò•ŒŒ§","21203","‚ŽRŽs","212030194000","“S–C’¬","36.145212","137.261436","0","1"
"21","Šò•ŒŒ§","21203","‚ŽRŽs","212030195000","“V«Ž›’¬","36.143579","137.266001","0","1"
"21","Šò•ŒŒ§","21203","‚ŽRŽs","212030196001","“V–ž’¬ˆê’š–Ú","36.132763","137.254800","0","3"
"21","Šò•ŒŒ§","21203","‚ŽRŽs","212030196002","“V–ž’¬“ñ’š–Ú","36.135278","137.254695","0","3"
"21","Šò•ŒŒ§","21203","‚ŽRŽs","212030196003","“V–ž’¬ŽO’š–Ú","36.137337","137.254366","0","3"
"21","Šò•ŒŒ§","21203","‚ŽRŽs","212030196004","“V–ž’¬Žl’š–Ú","36.139460","137.253929","0","3"
"21","Šò•ŒŒ§","21203","‚ŽRŽs","212030196005","“V–ž’¬ŒÜ’š–Ú","36.140924","137.253852","0","3"
"21","Šò•ŒŒ§","21203","‚ŽRŽs","212030196006","“V–ž’¬˜Z’š–Ú","36.142015","137.253650","0","3"
"21","Šò•ŒŒ§","21203","‚ŽRŽs","212030197000","–â‰®’¬","36.159080","137.245120","0","1"
"21","Šò•ŒŒ§","21203","‚ŽRŽs","212030198000","’†Ø’¬","36.175546","137.220419","0","1"
"21","Šò•ŒŒ§","21203","‚ŽRŽs","212030199000","’·â’¬","36.146658","137.271435","0","1"
"21","Šò•ŒŒ§","21203","‚ŽRŽs","212030200000","’†ŽR’¬","36.153485","137.234950","0","1"
"21","Šò•ŒŒ§","21203","‚ŽRŽs","212030201001","–¼“c’¬ˆê’š–Ú","36.132943","137.255973","0","3"
"21","Šò•ŒŒ§","21203","‚ŽRŽs","212030201002","–¼“c’¬“ñ’š–Ú","36.135160","137.255975","0","3"
"21","Šò•ŒŒ§","21203","‚ŽRŽs","212030201003","–¼“c’¬ŽO’š–Ú","36.137319","137.255804","0","3"
"21","Šò•ŒŒ§","21203","‚ŽRŽs","212030201004","–¼“c’¬Žl’š–Ú","36.139331","137.254742","0","3"
"21","Šò•ŒŒ§","21203","‚ŽRŽs","212030201005","–¼“c’¬ŒÜ’š–Ú","36.140735","137.255737","0","3"
"21","Šò•ŒŒ§","21203","‚ŽRŽs","212030201006","–¼“c’¬˜Z’š–Ú","36.142056","137.254672","0","3"
"21","Šò•ŒŒ§","21203","‚ŽRŽs","212030202001","Žµ“ú’¬ˆê’š–Ú","36.146857","137.256581","0","3"
"21","Šò•ŒŒ§","21203","‚ŽRŽs","212030202002","Žµ“ú’¬“ñ’š–Ú","36.148697","137.256091","0","3"
"21","Šò•ŒŒ§","21203","‚ŽRŽs","212030202003","Žµ“ú’¬ŽO’š–Ú","36.150880","137.255357","0","3"
"21","Šò•ŒŒ§","21203","‚ŽRŽs","212030203001","¼”VˆêF’¬ˆê’š–Ú","36.134377","137.250509","0","3"
"21","Šò•ŒŒ§","21203","‚ŽRŽs","212030203002","¼”VˆêF’¬“ñ’š–Ú","36.136878","137.249548","0","3"
"21","Šò•ŒŒ§","21203","‚ŽRŽs","212030203003","¼”VˆêF’¬ŽO’š–Ú","36.129692","137.243904","0","3"
"21","Šò•ŒŒ§","21203","‚ŽRŽs","212030204000","¼“´’¬","36.143903","137.269302","0","1"
"21","Šò•ŒŒ§","21203","‚ŽRŽs","212030205000","¼’¬","36.137510","137.257602","0","1"
"21","Šò•ŒŒ§","21203","‚ŽRŽs","212030206000","’O¶ì’¬ˆ°’J","36.179508","137.403263","0","1"
"21","Šò•ŒŒ§","21203","‚ŽRŽs","212030207000","’O¶ì’¬’r”V–“","36.156067","137.503005","0","1"
"21","Šò•ŒŒ§","21203","‚ŽRŽs","212030208000","’O¶ì’¬”Â“a","36.186455","137.407506","0","1"
"21","Šò•ŒŒ§","21203","‚ŽRŽs","212030209000","’O¶ì’¬Šâˆä’J","36.136323","137.517736","0","1"
"21","Šò•ŒŒ§","21203","‚ŽRŽs","212030210000","’O¶ì’¬‰Z“c","36.184909","137.374313","0","1"
"21","Šò•ŒŒ§","21203","‚ŽRŽs","212030211000","’O¶ì’¬‘åŠž","36.190602","137.338881","0","1"
"21","Šò•ŒŒ§","21203","‚ŽRŽs","212030212000","’O¶ì’¬‘å’J","36.164196","137.369354","0","1"
"21","Šò•ŒŒ§","21203","‚ŽRŽs","212030213000","’O¶ì’¬‘åÀ","36.203470","137.327077","0","1"
"21","Šò•ŒŒ§","21203","‚ŽRŽs","212030214000","’O¶ì’¬Ü•~’n","36.224862","137.370367","0","1"
"21","Šò•ŒŒ§","21203","‚ŽRŽs","212030215000","’O¶ì’¬”Œ´","36.208910","137.288929","0","1"
"21","Šò•ŒŒ§","21203","‚ŽRŽs","212030216000","’O¶ì’¬–k•û","36.175104","137.319752","0","1"
"21","Šò•ŒŒ§","21203","‚ŽRŽs","212030217000","’O¶ì’¬‹ËŽR","36.185946","137.311106","0","1"
"21","Šò•ŒŒ§","21203","‚ŽRŽs","212030218000","’O¶ì’¬‹vŽè","36.175573","137.502201","0","1"
"21","Šò•ŒŒ§","21203","‚ŽRŽs","212030219000","’O¶ì’¬¬–ì","36.166115","137.396784","0","1"
"21","Šò•ŒŒ§","21203","‚ŽRŽs","212030220000","’O¶ì’¬ª•û","36.186039","137.391821","0","1"
"21","Šò•ŒŒ§","21203","‚ŽRŽs","212030221000","’O¶ì’¬ŽO”V£","36.206936","137.302844","0","1"
"21","Šò•ŒŒ§","21203","‚ŽRŽs","212030222000","’O¶ì’¬‰–‰®","36.171649","137.440507","0","1"
"21","Šò•ŒŒ§","21203","‚ŽRŽs","212030223000","’O¶ì’¬‰º•Û","36.186595","137.288271","0","1"
"21","Šò•ŒŒ§","21203","‚ŽRŽs","212030224000","’O¶ì’¬”’ˆä","36.176598","137.393471","0","1"
"21","Šò•ŒŒ§","21203","‚ŽRŽs","212030225000","’O¶ì’¬‘]Žè","36.181819","137.446916","0","1"
"21","Šò•ŒŒ§","21203","‚ŽRŽs","212030226000","’O¶ì’¬‘Ê‹g","36.159213","137.430210","0","1"
"21","Šò•ŒŒ§","21203","‚ŽRŽs","212030227000","’O¶ì’¬V’£","36.171844","137.279602","0","1"
"21","Šò•ŒŒ§","21203","‚ŽRŽs","212030228000","’O¶ì’¬Šø–g","36.194246","137.468402","0","1"
"21","Šò•ŒŒ§","21203","‚ŽRŽs","212030229000","’O¶ì’¬“ú‰e","36.168920","137.413702","0","1"
"21","Šò•ŒŒ§","21203","‚ŽRŽs","212030230000","’O¶ì’¬“ú–Ê","36.187158","137.428221","0","1"
"21","Šò•ŒŒ§","21203","‚ŽRŽs","212030231000","’O¶ì’¬–V•û","36.168462","137.326686","0","1"
"21","Šò•ŒŒ§","21203","‚ŽRŽs","212030232000","’O¶ì’¬–@—Í","36.182745","137.355349","0","1"
"21","Šò•ŒŒ§","21203","‚ŽRŽs","212030233000","’O¶ì’¬×‰z","36.178115","137.295421","0","1"
"21","Šò•ŒŒ§","21203","‚ŽRŽs","212030234000","’O¶ì’¬’¬•û","36.164199","137.305550","0","1"
"21","Šò•ŒŒ§","21203","‚ŽRŽs","212030235000","’O¶ì’¬X•”","36.229587","137.315233","0","1"
"21","Šò•ŒŒ§","21203","‚ŽRŽs","212030236000","’O¶ì’¬ŽRŒû","36.158882","137.344272","0","1"
"21","Šò•ŒŒ§","21203","‚ŽRŽs","212030237001","”ªŒ¬’¬ˆê’š–Ú","36.138571","137.257584","0","3"
"21","Šò•ŒŒ§","21203","‚ŽRŽs","212030237002","”ªŒ¬’¬“ñ’š–Ú","36.138545","137.256504","0","3"
"21","Šò•ŒŒ§","21203","‚ŽRŽs","212030237003","”ªŒ¬’¬ŽO’š–Ú","36.138659","137.255566","0","3"
"21","Šò•ŒŒ§","21203","‚ŽRŽs","212030238000","”ª”¦’¬","36.148310","137.259596","0","1"
"21","Šò•ŒŒ§","21203","‚ŽRŽs","212030239001","‰“c’¬ˆê’š–Ú","36.143683","137.253502","0","3"
"21","Šò•ŒŒ§","21203","‚ŽRŽs","212030239002","‰“c’¬“ñ’š–Ú","36.145894","137.253309","0","3"
"21","Šò•ŒŒ§","21203","‚ŽRŽs","212030239003","‰“c’¬ŽO’š–Ú","36.149364","137.252600","0","3"
"21","Šò•ŒŒ§","21203","‚ŽRŽs","212030240001","‰Ô‰ª’¬ˆê’š–Ú","36.143632","137.251988","0","3"
"21","Šò•ŒŒ§","21203","‚ŽRŽs","212030240002","‰Ô‰ª’¬“ñ’š–Ú","36.145690","137.251819","0","3"
"21","Šò•ŒŒ§","21203","‚ŽRŽs","212030240003","‰Ô‰ª’¬ŽO’š–Ú","36.149451","137.251141","0","3"
"21","Šò•ŒŒ§","21203","‚ŽRŽs","212030241000","‰Ôì’¬","36.142002","137.255808","0","1"
"21","Šò•ŒŒ§","21203","‚ŽRŽs","212030242001","‰Ô—¢’¬ˆê’š–Ú","36.131716","137.251776","0","3"
"21","Šò•ŒŒ§","21203","‚ŽRŽs","212030242002","‰Ô—¢’¬“ñ’š–Ú","36.135282","137.253007","0","3"
"21","Šò•ŒŒ§","21203","‚ŽRŽs","212030242003","‰Ô—¢’¬ŽO’š–Ú","36.137597","137.252656","0","3"
"21","Šò•ŒŒ§","21203","‚ŽRŽs","212030242004","‰Ô—¢’¬Žl’š–Ú","36.139500","137.252505","0","3"
"21","Šò•ŒŒ§","21203","‚ŽRŽs","212030242005","‰Ô—¢’¬ŒÜ’š–Ú","36.140814","137.252719","0","3"
"21","Šò•ŒŒ§","21203","‚ŽRŽs","212030242006","‰Ô—¢’¬˜Z’š–Ú","36.142155","137.252298","0","3"
"21","Šò•ŒŒ§","21203","‚ŽRŽs","212030243001","”nê’¬ˆê’š–Ú","36.140654","137.261852","0","3"
"21","Šò•ŒŒ§","21203","‚ŽRŽs","212030243002","”nê’¬“ñ’š–Ú","36.142947","137.262278","0","3"
"21","Šò•ŒŒ§","21203","‚ŽRŽs","212030244000","“ŒŽR’¬","36.145886","137.266760","0","1"
"21","Šò•ŒŒ§","21203","‚ŽRŽs","212030245001","“ú‚Ìo’¬ˆê’š–Ú","36.146442","137.272522","0","3"
"21","Šò•ŒŒ§","21203","‚ŽRŽs","212030245002","“ú‚Ìo’¬“ñ’š–Ú","36.147091","137.273648","0","3"
"21","Šò•ŒŒ§","21203","‚ŽRŽs","212030245003","“ú‚Ìo’¬ŽO’š–Ú","36.146362","137.274649","0","3"
"21","Šò•ŒŒ§","21203","‚ŽRŽs","212030246000","‰®’¬","36.142601","137.263793","0","1"
"21","Šò•ŒŒ§","21203","‚ŽRŽs","212030247000","“~“ª’¬","36.164014","137.241803","0","1"
"21","Šò•ŒŒ§","21203","‚ŽRŽs","212030248000","–{•ê’¬","36.162903","137.248418","0","1"
"21","Šò•ŒŒ§","21203","‚ŽRŽs","212030249000","–x’[’¬","36.140446","137.262660","0","1"
"21","Šò•ŒŒ§","21203","‚ŽRŽs","212030250001","–{’¬ˆê’š–Ú","36.140377","137.258026","0","3"
"21","Šò•ŒŒ§","21203","‚ŽRŽs","212030250002","–{’¬“ñ’š–Ú","36.141964","137.258044","0","3"
"21","Šò•ŒŒ§","21203","‚ŽRŽs","212030250003","–{’¬ŽO’š–Ú","36.143860","137.257340","0","3"
"21","Šò•ŒŒ§","21203","‚ŽRŽs","212030250004","–{’¬Žl’š–Ú","36.145524","137.256924","0","3"
"21","Šò•ŒŒ§","21203","‚ŽRŽs","212030251000","‘OŒ´’¬","36.155390","137.193863","0","1"
"21","Šò•ŒŒ§","21203","‚ŽRŽs","212030252000","¼‘q’¬","36.111752","137.216522","0","1"
"21","Šò•ŒŒ§","21203","‚ŽRŽs","212030253000","¼”V–Ø’¬","36.151716","137.281217","0","1"
"21","Šò•ŒŒ§","21203","‚ŽRŽs","212030254000","¼–{’¬","36.166787","137.254120","0","1"
"21","Šò•ŒŒ§","21203","‚ŽRŽs","212030255001","—ÎƒP‹u’¬ˆê’š–Ú","36.141275","137.231289","0","3"
"21","Šò•ŒŒ§","21203","‚ŽRŽs","212030255002","—ÎƒP‹u’¬“ñ’š–Ú","36.139930","137.233719","0","3"
"21","Šò•ŒŒ§","21203","‚ŽRŽs","212030256001","X‰º’¬ˆê’š–Ú","36.131067","137.259468","0","3"
"21","Šò•ŒŒ§","21203","‚ŽRŽs","212030256002","X‰º’¬“ñ’š–Ú","36.133166","137.258203","0","3"
"21","Šò•ŒŒ§","21203","‚ŽRŽs","212030257000","ŽRŒû’¬","36.126714","137.298838","0","1"
"21","Šò•ŒŒ§","21203","‚ŽRŽs","212030258000","ŽR“c’¬","36.141775","137.227919","0","1"
"21","Šò•ŒŒ§","21203","‚ŽRŽs","212030259000","”ª“ú’¬","36.149954","137.176119","0","1"
"21","Šò•ŒŒ§","21203","‚ŽRŽs","212030260001","Žá’B’¬ˆê’š–Ú","36.145466","137.263987","0","3"
"21","Šò•ŒŒ§","21203","‚ŽRŽs","212030260002","Žá’B’¬“ñ’š–Ú","36.145862","137.262935","0","3"
"21","Šò•ŒŒ§","21204","‘½Ž¡Œ©Žs","212040003010 ","ˆ®ƒP‹u\’š–Ú","35.366452","137.111789","0","3"
"21","Šò•ŒŒ§","21204","‘½Ž¡Œ©Žs","212040003001 ","ˆ®ƒP‹uˆê’š–Ú","35.364632","137.097186","0","3"
"21","Šò•ŒŒ§","21204","‘½Ž¡Œ©Žs","212040003002 ","ˆ®ƒP‹u“ñ’š–Ú","35.368514","137.094821","0","3"
"21","Šò•ŒŒ§","21204","‘½Ž¡Œ©Žs","212040003003 ","ˆ®ƒP‹uŽO’š–Ú","35.368796","137.096406","0","3"
"21","Šò•ŒŒ§","21204","‘½Ž¡Œ©Žs","212040003004 ","ˆ®ƒP‹uŽl’š–Ú","35.371230","137.096018","0","3"
"21","Šò•ŒŒ§","21204","‘½Ž¡Œ©Žs","212040003005 ","ˆ®ƒP‹uŒÜ’š–Ú","35.370863","137.098504","0","3"
"21","Šò•ŒŒ§","21204","‘½Ž¡Œ©Žs","212040003006 ","ˆ®ƒP‹u˜Z’š–Ú","35.368746","137.098907","0","3"
"21","Šò•ŒŒ§","21204","‘½Ž¡Œ©Žs","212040003007 ","ˆ®ƒP‹uŽµ’š–Ú","35.365434","137.100679","0","3"
"21","Šò•ŒŒ§","21204","‘½Ž¡Œ©Žs","212040003008 ","ˆ®ƒP‹u”ª’š–Ú","35.365562","137.105377","0","3"
"21","Šò•ŒŒ§","21204","‘½Ž¡Œ©Žs","212040003009 ","ˆ®ƒP‹u‹ã’š–Ú","35.370829","137.103196","0","3"
"21","Šò•ŒŒ§","21204","‘½Ž¡Œ©Žs","212040049001 ","‰h’¬ˆê’š–Ú","35.332199","137.121986","0","3"
"21","Šò•ŒŒ§","21204","‘½Ž¡Œ©Žs","212040049002 ","‰h’¬“ñ’š–Ú","35.332884","137.122810","0","3"
"21","Šò•ŒŒ§","21204","‘½Ž¡Œ©Žs","212040049003 ","‰h’¬ŽO’š–Ú","35.333104","137.123694","0","3"
"21","Šò•ŒŒ§","21204","‘½Ž¡Œ©Žs","212040016000 ","‰œì’¬","35.330046","137.131049","0","1"
"21","Šò•ŒŒ§","21204","‘½Ž¡Œ©Žs","212040018001 ","‰¹‰H’¬ˆê’š–Ú","35.336762","137.118909","0","3"
"21","Šò•ŒŒ§","21204","‘½Ž¡Œ©Žs","212040018002 ","‰¹‰H’¬“ñ’š–Ú","35.335172","137.118645","0","3"
"21","Šò•ŒŒ§","21204","‘½Ž¡Œ©Žs","212040018003 ","‰¹‰H’¬ŽO’š–Ú","35.333751","137.116297","0","3"
"21","Šò•ŒŒ§","21204","‘½Ž¡Œ©Žs","212040018004 ","‰¹‰H’¬Žl’š–Ú","35.336247","137.115533","0","3"
"21","Šò•ŒŒ§","21204","‘½Ž¡Œ©Žs","212040018005 ","‰¹‰H’¬ŒÜ’š–Ú","35.338112","137.115925","0","3"
"21","Šò•ŒŒ§","21204","‘½Ž¡Œ©Žs","212040055001 ","‰º‘ò’¬ˆê’š–Ú","35.328588","137.148512","0","3"
"21","Šò•ŒŒ§","21204","‘½Ž¡Œ©Žs","212040055002 ","‰º‘ò’¬“ñ’š–Ú","35.324733","137.148336","0","3"
"21","Šò•ŒŒ§","21204","‘½Ž¡Œ©Žs","212040055003 ","‰º‘ò’¬ŽO’š–Ú","35.326195","137.154083","0","3"
"21","Šò•ŒŒ§","21204","‘½Ž¡Œ©Žs","212040055004 ","‰º‘ò’¬Žl’š–Ú","35.322702","137.150761","0","3"
"21","Šò•ŒŒ§","21204","‘½Ž¡Œ©Žs","212040033000 ","Š}Œ´’¬","35.293425","137.160497","0","1"
"21","Šò•ŒŒ§","21204","‘½Ž¡Œ©Žs","212040041010 ","Šì‘½’¬\’š–Ú","35.335014","137.099513","0","3"
"21","Šò•ŒŒ§","21204","‘½Ž¡Œ©Žs","212040041001 ","Šì‘½’¬ˆê’š–Ú","35.335284","137.107401","0","3"
"21","Šò•ŒŒ§","21204","‘½Ž¡Œ©Žs","212040041002 ","Šì‘½’¬“ñ’š–Ú","35.335017","137.105094","0","3"
"21","Šò•ŒŒ§","21204","‘½Ž¡Œ©Žs","212040041003 ","Šì‘½’¬ŽO’š–Ú","35.337039","137.105409","0","3"
"21","Šò•ŒŒ§","21204","‘½Ž¡Œ©Žs","212040041004 ","Šì‘½’¬Žl’š–Ú","35.337312","137.107155","0","3"
"21","Šò•ŒŒ§","21204","‘½Ž¡Œ©Žs","212040041005 ","Šì‘½’¬ŒÜ’š–Ú","35.339681","137.106330","0","3"
"21","Šò•ŒŒ§","21204","‘½Ž¡Œ©Žs","212040041006 ","Šì‘½’¬˜Z’š–Ú","35.340332","137.102823","0","3"
"21","Šò•ŒŒ§","21204","‘½Ž¡Œ©Žs","212040041007 ","Šì‘½’¬Žµ’š–Ú","35.340144","137.100086","0","3"
"21","Šò•ŒŒ§","21204","‘½Ž¡Œ©Žs","212040041008 ","Šì‘½’¬”ª’š–Ú","35.338077","137.101600","0","3"
"21","Šò•ŒŒ§","21204","‘½Ž¡Œ©Žs","212040041009 ","Šì‘½’¬‹ã’š–Ú","35.336876","137.100436","0","3"
"21","Šò•ŒŒ§","21204","‘½Ž¡Œ©Žs","212040042001 ","Šó–]ƒP‹uˆê’š–Ú","35.373050","137.120110","0","3"
"21","Šò•ŒŒ§","21204","‘½Ž¡Œ©Žs","212040042002 ","Šó–]ƒP‹u“ñ’š–Ú","35.371668","137.122421","0","3"
"21","Šò•ŒŒ§","21204","‘½Ž¡Œ©Žs","212040042003 ","Šó–]ƒP‹uŽO’š–Ú","35.371038","137.118539","0","3"
"21","Šò•ŒŒ§","21204","‘½Ž¡Œ©Žs","212040042004 ","Šó–]ƒP‹uŽl’š–Ú","35.368198","137.117968","0","3"
"21","Šò•ŒŒ§","21204","‘½Ž¡Œ©Žs","212040116001 ","‹{‘O’¬ˆê’š–Ú","35.336238","137.128279","0","3"
"21","Šò•ŒŒ§","21204","‘½Ž¡Œ©Žs","212040116002 ","‹{‘O’¬“ñ’š–Ú","35.337745","137.127541","0","3"
"21","Šò•ŒŒ§","21204","‘½Ž¡Œ©Žs","212040043001 ","‹ž’¬ˆê’š–Ú","35.326948","137.126971","0","3"
"21","Šò•ŒŒ§","21204","‘½Ž¡Œ©Žs","212040043002 ","‹ž’¬“ñ’š–Ú","35.325757","137.127666","0","3"
"21","Šò•ŒŒ§","21204","‘½Ž¡Œ©Žs","212040043003 ","‹ž’¬ŽO’š–Ú","35.324976","137.129461","0","3"
"21","Šò•ŒŒ§","21204","‘½Ž¡Œ©Žs","212040043004 ","‹ž’¬Žl’š–Ú","35.322031","137.129491","0","3"
"21","Šò•ŒŒ§","21204","‘½Ž¡Œ©Žs","212040043005 ","‹ž’¬ŒÜ’š–Ú","35.321630","137.126658","0","3"
"21","Šò•ŒŒ§","21204","‘½Ž¡Œ©Žs","212040043006 ","‹ž’¬˜Z’š–Ú","35.325281","137.125410","0","3"
"21","Šò•ŒŒ§","21204","‘½Ž¡Œ©Žs","212040093001 ","‹Ñ’¬ˆê’š–Ú","35.329474","137.124804","0","3"
"21","Šò•ŒŒ§","21204","‘½Ž¡Œ©Žs","212040093002 ","‹Ñ’¬“ñ’š–Ú","35.329627","137.126644","0","3"
"21","Šò•ŒŒ§","21204","‘½Ž¡Œ©Žs","212040093003 ","‹Ñ’¬ŽO’š–Ú","35.329337","137.128848","0","3"
"21","Šò•ŒŒ§","21204","‘½Ž¡Œ©Žs","212040093004 ","‹Ñ’¬Žl’š–Ú","35.329753","137.129221","0","3"
"21","Šò•ŒŒ§","21204","‘½Ž¡Œ©Žs","212040034001 ","‹à‰ª’¬ˆê’š–Ú","35.344309","137.118440","0","3"
"21","Šò•ŒŒ§","21204","‘½Ž¡Œ©Žs","212040034002 ","‹à‰ª’¬“ñ’š–Ú","35.344265","137.116601","0","3"
"21","Šò•ŒŒ§","21204","‘½Ž¡Œ©Žs","212040034003 ","‹à‰ª’¬ŽO’š–Ú","35.346425","137.117676","0","3"
"21","Šò•ŒŒ§","21204","‘½Ž¡Œ©Žs","212040034004 ","‹à‰ª’¬Žl’š–Ú","35.347091","137.114751","0","3"
"21","Šò•ŒŒ§","21204","‘½Ž¡Œ©Žs","212040034005 ","‹à‰ª’¬ŒÜ’š–Ú","35.349200","137.117456","0","3"
"21","Šò•ŒŒ§","21204","‘½Ž¡Œ©Žs","212040035000 ","‹àŽR’¬","35.332466","137.128993","0","1"
"21","Šò•ŒŒ§","21204","‘½Ž¡Œ©Žs","212040085001 ","ŒŽŒ©’¬ˆê’š–Ú","35.329252","137.101352","0","3"
"21","Šò•ŒŒ§","21204","‘½Ž¡Œ©Žs","212040085002 ","ŒŽŒ©’¬“ñ’š–Ú","35.324117","137.104886","0","3"
"21","Šò•ŒŒ§","21204","‘½Ž¡Œ©Žs","212040085003 ","ŒŽŒ©’¬ŽO’š–Ú","35.320328","137.102360","0","3"
"21","Šò•ŒŒ§","21204","‘½Ž¡Œ©Žs","212040121001 ","Œ³’¬ˆê’š–Ú","35.327964","137.128085","0","3"
"21","Šò•ŒŒ§","21204","‘½Ž¡Œ©Žs","212040121002 ","Œ³’¬“ñ’š–Ú","35.327444","137.132495","0","3"
"21","Šò•ŒŒ§","21204","‘½Ž¡Œ©Žs","212040121003 ","Œ³’¬ŽO’š–Ú","35.329002","137.130854","0","3"
"21","Šò•ŒŒ§","21204","‘½Ž¡Œ©Žs","212040121004 ","Œ³’¬Žl’š–Ú","35.326098","137.130932","0","3"
"21","Šò•ŒŒ§","21204","‘½Ž¡Œ©Žs","212040045001 ","ŒÕŒkŽR’¬ˆê’š–Ú","35.347095","137.129282","0","3"
"21","Šò•ŒŒ§","21204","‘½Ž¡Œ©Žs","212040045002 ","ŒÕŒkŽR’¬“ñ’š–Ú","35.348158","137.125053","1","3"
"21","Šò•ŒŒ§","21204","‘½Ž¡Œ©Žs","212040045003 ","ŒÕŒkŽR’¬ŽO’š–Ú","35.351703","137.124333","0","3"
"21","Šò•ŒŒ§","21204","‘½Ž¡Œ©Žs","212040045004 ","ŒÕŒkŽR’¬Žl’š–Ú","35.352061","137.129771","0","3"
"21","Šò•ŒŒ§","21204","‘½Ž¡Œ©Žs","212040045005 ","ŒÕŒkŽR’¬ŒÜ’š–Ú","35.349991","137.129651","0","3"
"21","Šò•ŒŒ§","21204","‘½Ž¡Œ©Žs","212040045006 ","ŒÕŒkŽR’¬˜Z’š–Ú","35.351992","137.134324","0","3"
"21","Šò•ŒŒ§","21204","‘½Ž¡Œ©Žs","212040045007 ","ŒÕŒkŽR’¬Žµ’š–Ú","35.354581","137.130848","0","3"
"21","Šò•ŒŒ§","21204","‘½Ž¡Œ©Žs","212040046001 ","ŒÕŒk’¬ˆê’š–Ú","35.336351","137.126389","0","3"
"21","Šò•ŒŒ§","21204","‘½Ž¡Œ©Žs","212040046002 ","ŒÕŒk’¬“ñ’š–Ú","35.337452","137.126156","0","3"
"21","Šò•ŒŒ§","21204","‘½Ž¡Œ©Žs","212040118001 ","ŒäK’¬ˆê’š–Ú","35.330637","137.126354","0","3"
"21","Šò•ŒŒ§","21204","‘½Ž¡Œ©Žs","212040118002 ","ŒäK’¬“ñ’š–Ú","35.330757","137.127782","0","3"
"21","Šò•ŒŒ§","21204","‘½Ž¡Œ©Žs","212040118003 ","ŒäK’¬ŽO’š–Ú","35.331280","137.129499","0","3"
"21","Šò•ŒŒ§","21204","‘½Ž¡Œ©Žs","212040100001 ","ŒõƒP‹uˆê’š–Ú","35.344464","137.111308","0","3"
"21","Šò•ŒŒ§","21204","‘½Ž¡Œ©Žs","212040100002 ","ŒõƒP‹u“ñ’š–Ú","35.346097","137.108683","0","3"
"21","Šò•ŒŒ§","21204","‘½Ž¡Œ©Žs","212040100003 ","ŒõƒP‹uŽO’š–Ú","35.347658","137.105661","0","3"
"21","Šò•ŒŒ§","21204","‘½Ž¡Œ©Žs","212040100004 ","ŒõƒP‹uŽl’š–Ú","35.348158","137.108186","0","3"
"21","Šò•ŒŒ§","21204","‘½Ž¡Œ©Žs","212040100005 ","ŒõƒP‹uŒÜ’š–Ú","35.347975","137.111834","0","3"
"21","Šò•ŒŒ§","21204","‘½Ž¡Œ©Žs","212040047001 ","K’¬ˆê’š–Ú","35.355846","137.096084","0","3"
"21","Šò•ŒŒ§","21204","‘½Ž¡Œ©Žs","212040047002 ","K’¬“ñ’š–Ú","35.352675","137.097606","0","3"
"21","Šò•ŒŒ§","21204","‘½Ž¡Œ©Žs","212040047003 ","K’¬ŽO’š–Ú","35.355448","137.093106","0","3"
"21","Šò•ŒŒ§","21204","‘½Ž¡Œ©Žs","212040047004 ","K’¬Žl’š–Ú","35.353317","137.094071","0","3"
"21","Šò•ŒŒ§","21204","‘½Ž¡Œ©Žs","212040047005 ","K’¬ŒÜ’š–Ú","35.351115","137.094905","0","3"
"21","Šò•ŒŒ§","21204","‘½Ž¡Œ©Žs","212040047006 ","K’¬˜Z’š–Ú","35.349994","137.090221","0","3"
"21","Šò•ŒŒ§","21204","‘½Ž¡Œ©Žs","212040047007 ","K’¬Žµ’š–Ú","35.352450","137.089995","0","3"
"21","Šò•ŒŒ§","21204","‘½Ž¡Œ©Žs","212040047008 ","K’¬”ª’š–Ú","35.354510","137.089387","0","3"
"21","Šò•ŒŒ§","21204","‘½Ž¡Œ©Žs","212040105001 ","L¬˜Hˆê’š–Ú","35.331943","137.125573","0","3"
"21","Šò•ŒŒ§","21204","‘½Ž¡Œ©Žs","212040105002 ","L¬˜H“ñ’š–Ú","35.331584","137.127310","0","3"
"21","Šò•ŒŒ§","21204","‘½Ž¡Œ©Žs","212040105003 ","L¬˜HŽO’š–Ú","35.331938","137.129012","0","3"
"21","Šò•ŒŒ§","21204","‘½Ž¡Œ©Žs","212040105004 ","L¬˜HŽl’š–Ú","35.331995","137.130040","0","3"
"21","Šò•ŒŒ§","21204","‘½Ž¡Œ©Žs","212040081001 ","‚ª’¬ˆê’š–Ú","35.358002","137.094668","0","3"
"21","Šò•ŒŒ§","21204","‘½Ž¡Œ©Žs","212040081002 ","‚ª’¬“ñ’š–Ú","35.361662","137.090865","0","3"
"21","Šò•ŒŒ§","21204","‘½Ž¡Œ©Žs","212040081003 ","‚ª’¬ŽO’š–Ú","35.364178","137.091983","0","3"
"21","Šò•ŒŒ§","21204","‘½Ž¡Œ©Žs","212040081004 ","‚ª’¬Žl’š–Ú","35.361798","137.094943","0","3"
"21","Šò•ŒŒ§","21204","‘½Ž¡Œ©Žs","212040074010 ","‚“c’¬\’š–Ú","35.359297","137.137584","0","3"
"21","Šò•ŒŒ§","21204","‘½Ž¡Œ©Žs","212040074011 ","‚“c’¬\ˆê’š–Ú","35.357360","137.139969","0","3"
"21","Šò•ŒŒ§","21204","‘½Ž¡Œ©Žs","212040074001 ","‚“c’¬ˆê’š–Ú","35.356240","137.133485","0","3"
"21","Šò•ŒŒ§","21204","‘½Ž¡Œ©Žs","212040074002 ","‚“c’¬“ñ’š–Ú","35.355664","137.135678","0","3"
"21","Šò•ŒŒ§","21204","‘½Ž¡Œ©Žs","212040074003 ","‚“c’¬ŽO’š–Ú","35.358334","137.134473","0","3"
"21","Šò•ŒŒ§","21204","‘½Ž¡Œ©Žs","212040074004 ","‚“c’¬Žl’š–Ú","35.357710","137.131592","0","3"
"21","Šò•ŒŒ§","21204","‘½Ž¡Œ©Žs","212040074005 ","‚“c’¬ŒÜ’š–Ú","35.360003","137.131553","0","3"
"21","Šò•ŒŒ§","21204","‘½Ž¡Œ©Žs","212040074006 ","‚“c’¬˜Z’š–Ú","35.359939","137.134911","0","3"
"21","Šò•ŒŒ§","21204","‘½Ž¡Œ©Žs","212040074007 ","‚“c’¬Žµ’š–Ú","35.360590","137.132833","0","3"
"21","Šò•ŒŒ§","21204","‘½Ž¡Œ©Žs","212040074008 ","‚“c’¬”ª’š–Ú","35.362045","137.135610","0","3"
"21","Šò•ŒŒ§","21204","‘½Ž¡Œ©Žs","212040074009 ","‚“c’¬‹ã’š–Ú","35.362496","137.138813","0","3"
"21","Šò•ŒŒ§","21204","‘½Ž¡Œ©Žs","212040075000 ","‚“c’¬ŠâƒP“»","35.357386","137.143999","0","1"
"21","Šò•ŒŒ§","21204","‘½Ž¡Œ©Žs","212040076000 ","‚“c’¬Šâ‘]ª","35.369176","137.146538","0","1"
"21","Šò•ŒŒ§","21204","‘½Ž¡Œ©Žs","212040077000 ","‚“c’¬M”ZŠ`","35.355364","137.149331","0","1"
"21","Šò•ŒŒ§","21204","‘½Ž¡Œ©Žs","212040079000 ","‚“c’¬’·ŸÕ","35.359170","137.150772","0","1"
"21","Šò•ŒŒ§","21204","‘½Ž¡Œ©Žs","212040080000 ","‚“c’¬“ŒŽR","35.364416","137.143587","0","1"
"21","Šò•ŒŒ§","21204","‘½Ž¡Œ©Žs","212040078000 ","‚“c’¬”’•²","35.365966","137.145201","0","1"
"21","Šò•ŒŒ§","21204","‘½Ž¡Œ©Žs","212040096010 ","ª–{’¬\’š–Ú","35.357821","137.080098","0","3"
"21","Šò•ŒŒ§","21204","‘½Ž¡Œ©Žs","212040096011 ","ª–{’¬\ˆê’š–Ú","35.356993","137.076706","0","3"
"21","Šò•ŒŒ§","21204","‘½Ž¡Œ©Žs","212040096012 ","ª–{’¬\“ñ’š–Ú","35.359578","137.075325","0","3"
"21","Šò•ŒŒ§","21204","‘½Ž¡Œ©Žs","212040096001 ","ª–{’¬ˆê’š–Ú","35.356853","137.092114","0","3"
"21","Šò•ŒŒ§","21204","‘½Ž¡Œ©Žs","212040096002 ","ª–{’¬“ñ’š–Ú","35.358393","137.091077","0","3"
"21","Šò•ŒŒ§","21204","‘½Ž¡Œ©Žs","212040096003 ","ª–{’¬ŽO’š–Ú","35.360741","137.089196","0","3"
"21","Šò•ŒŒ§","21204","‘½Ž¡Œ©Žs","212040096004 ","ª–{’¬Žl’š–Ú","35.358733","137.087287","0","3"
"21","Šò•ŒŒ§","21204","‘½Ž¡Œ©Žs","212040096005 ","ª–{’¬ŒÜ’š–Ú","35.356841","137.087701","0","3"
"21","Šò•ŒŒ§","21204","‘½Ž¡Œ©Žs","212040096006 ","ª–{’¬˜Z’š–Ú","35.358738","137.084035","0","3"
"21","Šò•ŒŒ§","21204","‘½Ž¡Œ©Žs","212040096007 ","ª–{’¬Žµ’š–Ú","35.360024","137.085796","0","3"
"21","Šò•ŒŒ§","21204","‘½Ž¡Œ©Žs","212040096008 ","ª–{’¬”ª’š–Ú","35.360960","137.082360","0","3"
"21","Šò•ŒŒ§","21204","‘½Ž¡Œ©Žs","212040096009 ","ª–{’¬‹ã’š–Ú","35.360060","137.078897","0","3"
"21","Šò•ŒŒ§","21204","‘½Ž¡Œ©Žs","212040048010 ","âã’¬\’š–Ú","35.331224","137.140873","0","3"
"21","Šò•ŒŒ§","21204","‘½Ž¡Œ©Žs","212040048001 ","âã’¬ˆê’š–Ú","35.332723","137.136396","0","3"
"21","Šò•ŒŒ§","21204","‘½Ž¡Œ©Žs","212040048002 ","âã’¬“ñ’š–Ú","35.333750","137.136212","0","3"
"21","Šò•ŒŒ§","21204","‘½Ž¡Œ©Žs","212040048003 ","âã’¬ŽO’š–Ú","35.334932","137.137667","0","3"
"21","Šò•ŒŒ§","21204","‘½Ž¡Œ©Žs","212040048004 ","âã’¬Žl’š–Ú","35.333986","137.138123","0","3"
"21","Šò•ŒŒ§","21204","‘½Ž¡Œ©Žs","212040048005 ","âã’¬ŒÜ’š–Ú","35.333398","137.139159","0","3"
"21","Šò•ŒŒ§","21204","‘½Ž¡Œ©Žs","212040048006 ","âã’¬˜Z’š–Ú","35.334903","137.140320","0","3"
"21","Šò•ŒŒ§","21204","‘½Ž¡Œ©Žs","212040048007 ","âã’¬Žµ’š–Ú","35.333751","137.141877","0","3"
"21","Šò•ŒŒ§","21204","‘½Ž¡Œ©Žs","212040048008 ","âã’¬”ª’š–Ú","35.332967","137.140628","0","3"
"21","Šò•ŒŒ§","21204","‘½Ž¡Œ©Žs","212040048009 ","âã’¬‹ã’š–Ú","35.331399","137.138959","0","3"
"21","Šò•ŒŒ§","21204","‘½Ž¡Œ©Žs","212040054000 ","ŽO‚Ì‘q’¬¼“´","35.311055","137.077001","0","1"
"21","Šò•ŒŒ§","21204","‘½Ž¡Œ©Žs","212040050000 ","ŽO‚Ì‘q’¬‘å”üŽR","35.310453","137.097957","0","1"
"21","Šò•ŒŒ§","21204","‘½Ž¡Œ©Žs","212040052000 ","ŽO‚Ì‘q’¬’†“´","35.308669","137.084298","0","1"
"21","Šò•ŒŒ§","21204","‘½Ž¡Œ©Žs","212040051000 ","ŽO‚Ì‘q’¬’–ê","35.311812","137.089326","0","1"
"21","Šò•ŒŒ§","21204","‘½Ž¡Œ©Žs","212040053000 ","ŽO‚Ì‘q’¬“êŽè","35.309441","137.081493","0","1"
"21","Šò•ŒŒ§","21204","‘½Ž¡Œ©Žs","212040113001 ","ŽOŠ}’¬ˆê’š–Ú","35.328350","137.123993","0","3"
"21","Šò•ŒŒ§","21204","‘½Ž¡Œ©Žs","212040113002 ","ŽOŠ}’¬“ñ’š–Ú","35.328548","137.125346","0","3"
"21","Šò•ŒŒ§","21204","‘½Ž¡Œ©Žs","212040113003 ","ŽOŠ}’¬ŽO’š–Ú","35.328813","137.126711","0","3"
"21","Šò•ŒŒ§","21204","‘½Ž¡Œ©Žs","212040113004 ","ŽOŠ}’¬Žl’š–Ú","35.328753","137.128098","0","3"
"21","Šò•ŒŒ§","21204","‘½Ž¡Œ©Žs","212040122000 ","ŽR‰º’¬","35.332055","137.133559","0","1"
"21","Šò•ŒŒ§","21204","‘½Ž¡Œ©Žs","212040123001 ","ŽR’¬ˆê’š–Ú","35.344519","137.140983","0","3"
"21","Šò•ŒŒ§","21204","‘½Ž¡Œ©Žs","212040123002 ","ŽR’¬“ñ’š–Ú","35.347430","137.134269","0","3"
"21","Šò•ŒŒ§","21204","‘½Ž¡Œ©Žs","212040123003 ","ŽR’¬ŽO’š–Ú","35.348134","137.143184","0","3"
"21","Šò•ŒŒ§","21204","‘½Ž¡Œ©Žs","212040006010 ","Žs”V‘q’¬\’š–Ú","35.302001","137.117933","0","3"
"21","Šò•ŒŒ§","21204","‘½Ž¡Œ©Žs","212040006011 ","Žs”V‘q’¬\ˆê’š–Ú","35.304201","137.115038","0","3"
"21","Šò•ŒŒ§","21204","‘½Ž¡Œ©Žs","212040006012 ","Žs”V‘q’¬\“ñ’š–Ú","35.305472","137.112015","0","3"
"21","Šò•ŒŒ§","21204","‘½Ž¡Œ©Žs","212040006013 ","Žs”V‘q’¬\ŽO’š–Ú","35.305948","137.106570","0","3"
"21","Šò•ŒŒ§","21204","‘½Ž¡Œ©Žs","212040006001 ","Žs”V‘q’¬ˆê’š–Ú","35.300263","137.135433","0","3"
"21","Šò•ŒŒ§","21204","‘½Ž¡Œ©Žs","212040006002 ","Žs”V‘q’¬“ñ’š–Ú","35.304122","137.131648","0","3"
"21","Šò•ŒŒ§","21204","‘½Ž¡Œ©Žs","212040006003 ","Žs”V‘q’¬ŽO’š–Ú","35.296016","137.131110","0","3"
"21","Šò•ŒŒ§","21204","‘½Ž¡Œ©Žs","212040006004 ","Žs”V‘q’¬Žl’š–Ú","35.298563","137.127980","0","3"
"21","Šò•ŒŒ§","21204","‘½Ž¡Œ©Žs","212040006005 ","Žs”V‘q’¬ŒÜ’š–Ú","35.297069","137.125924","0","3"
"21","Šò•ŒŒ§","21204","‘½Ž¡Œ©Žs","212040006006 ","Žs”V‘q’¬˜Z’š–Ú","35.300152","137.125478","0","3"
"21","Šò•ŒŒ§","21204","‘½Ž¡Œ©Žs","212040006007 ","Žs”V‘q’¬Žµ’š–Ú","35.298658","137.122455","0","3"
"21","Šò•ŒŒ§","21204","‘½Ž¡Œ©Žs","212040006008 ","Žs”V‘q’¬”ª’š–Ú","35.304987","137.125707","0","3"
"21","Šò•ŒŒ§","21204","‘½Ž¡Œ©Žs","212040006009 ","Žs”V‘q’¬‹ã’š–Ú","35.303399","137.122239","0","3"
"21","Šò•ŒŒ§","21204","‘½Ž¡Œ©Žs","212040124001 ","Žá¼’¬ˆê’š–Ú","35.340388","137.115461","0","3"
"21","Šò•ŒŒ§","21204","‘½Ž¡Œ©Žs","212040124002 ","Žá¼’¬“ñ’š–Ú","35.341723","137.114811","0","3"
"21","Šò•ŒŒ§","21204","‘½Ž¡Œ©Žs","212040124003 ","Žá¼’¬ŽO’š–Ú","35.342805","137.114413","0","3"
"21","Šò•ŒŒ§","21204","‘½Ž¡Œ©Žs","212040124004 ","Žá¼’¬Žl’š–Ú","35.344157","137.114184","0","3"
"21","Šò•ŒŒ§","21204","‘½Ž¡Œ©Žs","212040126000","Z‹g’¬","35.346405","137.122221","1","2"
"21","Šò•ŒŒ§","21204","‘½Ž¡Œ©Žs","212040063001 ","Z‹g’¬ˆê’š–Ú","35.343088","137.124341","0","3"
"21","Šò•ŒŒ§","21204","‘½Ž¡Œ©Žs","212040063002 ","Z‹g’¬“ñ’š–Ú","35.346515","137.123311","1","3"
"21","Šò•ŒŒ§","21204","‘½Ž¡Œ©Žs","212040063003 ","Z‹g’¬ŽO’š–Ú","35.344210","137.122404","0","3"
"21","Šò•ŒŒ§","21204","‘½Ž¡Œ©Žs","212040063004 ","Z‹g’¬Žl’š–Ú","35.342933","137.121894","0","3"
"21","Šò•ŒŒ§","21204","‘½Ž¡Œ©Žs","212040063005 ","Z‹g’¬ŒÜ’š–Ú","35.343509","137.120231","0","3"
"21","Šò•ŒŒ§","21204","‘½Ž¡Œ©Žs","212040063006 ","Z‹g’¬˜Z’š–Ú","35.344742","137.120228","0","3"
"21","Šò•ŒŒ§","21204","‘½Ž¡Œ©Žs","212040063007 ","Z‹g’¬Žµ’š–Ú","35.346624","137.122678","1","3"
"21","Šò•ŒŒ§","21204","‘½Ž¡Œ©Žs","212040056001 ","\‹ã“c’¬ˆê’š–Ú","35.341295","137.124125","0","3"
"21","Šò•ŒŒ§","21204","‘½Ž¡Œ©Žs","212040056002 ","\‹ã“c’¬“ñ’š–Ú","35.341154","137.121450","0","3"
"21","Šò•ŒŒ§","21204","‘½Ž¡Œ©Žs","212040044001 ","¬ò’¬ˆê’š–Ú","35.349116","137.101621","0","3"
"21","Šò•ŒŒ§","21204","‘½Ž¡Œ©Žs","212040044002 ","¬ò’¬“ñ’š–Ú","35.349511","137.098823","0","3"
"21","Šò•ŒŒ§","21204","‘½Ž¡Œ©Žs","212040044003 ","¬ò’¬ŽO’š–Ú","35.348908","137.095881","0","3"
"21","Šò•ŒŒ§","21204","‘½Ž¡Œ©Žs","212040044004 ","¬ò’¬Žl’š–Ú","35.348346","137.092700","0","3"
"21","Šò•ŒŒ§","21204","‘½Ž¡Œ©Žs","212040044005 ","¬ò’¬ŒÜ’š–Ú","35.347388","137.090000","0","3"
"21","Šò•ŒŒ§","21204","‘½Ž¡Œ©Žs","212040044006 ","¬ò’¬˜Z’š–Ú","35.345113","137.091204","0","3"
"21","Šò•ŒŒ§","21204","‘½Ž¡Œ©Žs","212040044007 ","¬ò’¬Žµ’š–Ú","35.345683","137.094974","0","3"
"21","Šò•ŒŒ§","21204","‘½Ž¡Œ©Žs","212040044008 ","¬ò’¬”ª’š–Ú","35.347461","137.098726","0","3"
"21","Šò•ŒŒ§","21204","‘½Ž¡Œ©Žs","212040017001 ","¬“c’¬ˆê’š–Ú","35.338960","137.128795","0","3"
"21","Šò•ŒŒ§","21204","‘½Ž¡Œ©Žs","212040017002 ","¬“c’¬“ñ’š–Ú","35.338776","137.130340","0","3"
"21","Šò•ŒŒ§","21204","‘½Ž¡Œ©Žs","212040017003 ","¬“c’¬ŽO’š–Ú","35.339980","137.129934","0","3"
"21","Šò•ŒŒ§","21204","‘½Ž¡Œ©Žs","212040017004 ","¬“c’¬Žl’š–Ú","35.340876","137.130245","0","3"
"21","Šò•ŒŒ§","21204","‘½Ž¡Œ©Žs","212040017005 ","¬“c’¬ŒÜ’š–Ú","35.340736","137.132072","0","3"
"21","Šò•ŒŒ§","21204","‘½Ž¡Œ©Žs","212040017006 ","¬“c’¬˜Z’š–Ú","35.339295","137.131765","0","3"
"21","Šò•ŒŒ§","21204","‘½Ž¡Œ©Žs","212040019001 ","¬–¼“c’¬ˆê’š–Ú","35.359894","137.129414","0","3"
"21","Šò•ŒŒ§","21204","‘½Ž¡Œ©Žs","212040019002 ","¬–¼“c’¬“ñ’š–Ú","35.361944","137.130922","0","3"
"21","Šò•ŒŒ§","21204","‘½Ž¡Œ©Žs","212040019003 ","¬–¼“c’¬ŽO’š–Ú","35.363775","137.132817","0","3"
"21","Šò•ŒŒ§","21204","‘½Ž¡Œ©Žs","212040019004 ","¬–¼“c’¬Žl’š–Ú","35.366362","137.132270","0","3"
"21","Šò•ŒŒ§","21204","‘½Ž¡Œ©Žs","212040019005 ","¬–¼“c’¬ŒÜ’š–Ú","35.364192","137.130706","0","3"
"21","Šò•ŒŒ§","21204","‘½Ž¡Œ©Žs","212040019006 ","¬–¼“c’¬˜Z’š–Ú","35.365453","137.135670","0","3"
"21","Šò•ŒŒ§","21204","‘½Ž¡Œ©Žs","212040019007 ","¬–¼“c’¬Žµ’š–Ú","35.365209","137.125442","0","3"
"21","Šò•ŒŒ§","21204","‘½Ž¡Œ©Žs","212040031000 ","¬–¼“c’¬ˆ«“´","35.369481","137.138441","0","1"
"21","Šò•ŒŒ§","21204","‘½Ž¡Œ©Žs","212040023000 ","¬–¼“c’¬‰ÂŽ™‹½","35.367152","137.138814","0","1"
"21","Šò•ŒŒ§","21204","‘½Ž¡Œ©Žs","212040021000 ","¬–¼“c’¬ŠG}ƒP•õ","35.375848","137.143552","0","1"
"21","Šò•ŒŒ§","21204","‘½Ž¡Œ©Žs","212040020000 ","¬–¼“c’¬ŠâƒPª","35.370205","137.129796","0","1"
"21","Šò•ŒŒ§","21204","‘½Ž¡Œ©Žs","212040025000 ","¬–¼“c’¬¬‘ê","35.377497","137.121662","0","1"
"21","Šò•ŒŒ§","21204","‘½Ž¡Œ©Žs","212040026000 ","¬–¼“c’¬¼ƒP“´","35.367696","137.121031","0","1"
"21","Šò•ŒŒ§","21204","‘½Ž¡Œ©Žs","212040027000 ","¬–¼“c’¬¼ŽR","35.361825","137.128733","0","1"
"21","Šò•ŒŒ§","21204","‘½Ž¡Œ©Žs","212040024000 ","¬–¼“c’¬‘ƒm“ª","35.367277","137.128906","0","1"
"21","Šò•ŒŒ§","21204","‘½Ž¡Œ©Žs","212040022000 ","¬–¼“c’¬‘åÎŒ´","35.377964","137.131179","0","1"
"21","Šò•ŒŒ§","21204","‘½Ž¡Œ©Žs","212040030000 ","¬–¼“c’¬“Œ’J","35.367932","137.141342","0","1"
"21","Šò•ŒŒ§","21204","‘½Ž¡Œ©Žs","212040029000 ","¬–¼“c’¬•ÊŽR","35.373145","137.133295","0","1"
"21","Šò•ŒŒ§","21204","‘½Ž¡Œ©Žs","212040028000 ","¬–¼“c’¬–ì“c“à","35.372676","137.138455","0","1"
"21","Šò•ŒŒ§","21204","‘½Ž¡Œ©Žs","212040058000 ","¬˜H’¬","35.333303","137.130725","0","1"
"21","Šò•ŒŒ§","21204","‘½Ž¡Œ©Žs","212040057000 ","º‰h’¬","35.354205","137.081009","0","1"
"21","Šò•ŒŒ§","21204","‘½Ž¡Œ©Žs","212040059000 ","º˜a’¬","35.330795","137.124437","0","1"
"21","Šò•ŒŒ§","21204","‘½Ž¡Œ©Žs","212040112001 ","¼â’¬ˆê’š–Ú","35.364926","137.089984","0","3"
"21","Šò•ŒŒ§","21204","‘½Ž¡Œ©Žs","212040112002 ","¼â’¬“ñ’š–Ú","35.367149","137.086537","0","3"
"21","Šò•ŒŒ§","21204","‘½Ž¡Œ©Žs","212040112003 ","¼â’¬ŽO’š–Ú","35.368453","137.083203","0","3"
"21","Šò•ŒŒ§","21204","‘½Ž¡Œ©Žs","212040112004 ","¼â’¬Žl’š–Ú","35.369013","137.088646","0","3"
"21","Šò•ŒŒ§","21204","‘½Ž¡Œ©Žs","212040112005 ","¼â’¬ŒÜ’š–Ú","35.369211","137.092254","0","3"
"21","Šò•ŒŒ§","21204","‘½Ž¡Œ©Žs","212040038001 ","ãŽR’¬ˆê’š–Ú","35.339410","137.135909","0","3"
"21","Šò•ŒŒ§","21204","‘½Ž¡Œ©Žs","212040038002 ","ãŽR’¬“ñ’š–Ú","35.341748","137.135567","0","3"
"21","Šò•ŒŒ§","21204","‘½Ž¡Œ©Žs","212040037001 ","ã’¬ˆê’š–Ú","35.335407","137.134608","0","3"
"21","Šò•ŒŒ§","21204","‘½Ž¡Œ©Žs","212040037002 ","ã’¬“ñ’š–Ú","35.335952","137.135393","0","3"
"21","Šò•ŒŒ§","21204","‘½Ž¡Œ©Žs","212040037003 ","ã’¬ŽO’š–Ú","35.337337","137.135734","0","3"
"21","Šò•ŒŒ§","21204","‘½Ž¡Œ©Žs","212040037004 ","ã’¬Žl’š–Ú","35.337487","137.137222","0","3"
"21","Šò•ŒŒ§","21204","‘½Ž¡Œ©Žs","212040007001 ","ã–ì’¬ˆê’š–Ú","35.337799","137.124787","0","3"
"21","Šò•ŒŒ§","21204","‘½Ž¡Œ©Žs","212040007002 ","ã–ì’¬“ñ’š–Ú","35.339407","137.124807","0","3"
"21","Šò•ŒŒ§","21204","‘½Ž¡Œ©Žs","212040007003 ","ã–ì’¬ŽO’š–Ú","35.339725","137.126405","0","3"
"21","Šò•ŒŒ§","21204","‘½Ž¡Œ©Žs","212040007004 ","ã–ì’¬Žl’š–Ú","35.340778","137.125488","0","3"
"21","Šò•ŒŒ§","21204","‘½Ž¡Œ©Žs","212040007005 ","ã–ì’¬ŒÜ’š–Ú","35.343614","137.126875","0","3"
"21","Šò•ŒŒ§","21204","‘½Ž¡Œ©Žs","212040089000 ","í”Õ’¬","35.333413","137.133466","0","1"
"21","Šò•ŒŒ§","21204","‘½Ž¡Œ©Žs","212040061001 ","V’¬ˆê’š–Ú","35.334186","137.128986","0","3"
"21","Šò•ŒŒ§","21204","‘½Ž¡Œ©Žs","212040061002 ","V’¬“ñ’š–Ú","35.332848","137.129638","0","3"
"21","Šò•ŒŒ§","21204","‘½Ž¡Œ©Žs","212040060001 ","V•x’¬ˆê’š–Ú","35.336672","137.133881","0","3"
"21","Šò•ŒŒ§","21204","‘½Ž¡Œ©Žs","212040060002 ","V•x’¬“ñ’š–Ú","35.337010","137.134814","0","3"
"21","Šò•ŒŒ§","21204","‘½Ž¡Œ©Žs","212040032000 ","_Šy’¬","35.331332","137.132411","0","1"
"21","Šò•ŒŒ§","21204","‘½Ž¡Œ©Žs","212040065000 ","z–K’¬_“c","35.303947","137.097393","0","1"
"21","Šò•ŒŒ§","21204","‘½Ž¡Œ©Žs","212040064000 ","z–K’¬ì¼","35.296427","137.094402","0","1"
"21","Šò•ŒŒ§","21204","‘½Ž¡Œ©Žs","212040067000 ","z–K’¬“VƒP•õ","35.305108","137.091094","0","1"
"21","Šò•ŒŒ§","21204","‘½Ž¡Œ©Žs","212040068000 ","z–K’¬“ú‰e","35.296925","137.089174","0","1"
"21","Šò•ŒŒ§","21204","‘½Ž¡Œ©Žs","212040066000 ","z–K’¬–kƒm“´","35.304892","137.085553","0","1"
"21","Šò•ŒŒ§","21204","‘½Ž¡Œ©Žs","212040069000 ","z–K’¬–ö","35.298032","137.084285","0","1"
"21","Šò•ŒŒ§","21204","‘½Ž¡Œ©Žs","212040109001 ","¯ƒP‘äˆê’š–Ú","35.325368","137.138001","0","3"
"21","Šò•ŒŒ§","21204","‘½Ž¡Œ©Žs","212040109002 ","¯ƒP‘ä“ñ’š–Ú","35.328131","137.140836","0","3"
"21","Šò•ŒŒ§","21204","‘½Ž¡Œ©Žs","212040109003 ","¯ƒP‘äŽO’š–Ú","35.324269","137.144685","0","3"
"21","Šò•ŒŒ§","21204","‘½Ž¡Œ©Žs","212040109004 ","¯ƒP‘äŽl’š–Ú","35.322337","137.141711","0","3"
"21","Šò•ŒŒ§","21204","‘½Ž¡Œ©Žs","212040004001 ","¶“c’¬ˆê’š–Ú","35.336916","137.139411","0","3"
"21","Šò•ŒŒ§","21204","‘½Ž¡Œ©Žs","212040004002 ","¶“c’¬“ñ’š–Ú","35.340583","137.140201","0","3"
"21","Šò•ŒŒ§","21204","‘½Ž¡Œ©Žs","212040004003 ","¶“c’¬ŽO’š–Ú","35.336320","137.144541","0","3"
"21","Šò•ŒŒ§","21204","‘½Ž¡Œ©Žs","212040004004 ","¶“c’¬Žl’š–Ú","35.335902","137.141580","0","3"
"21","Šò•ŒŒ§","21204","‘½Ž¡Œ©Žs","212040004005 ","¶“c’¬ŒÜ’š–Ú","35.332677","137.147521","0","3"
"21","Šò•ŒŒ§","21204","‘½Ž¡Œ©Žs","212040004006 ","¶“c’¬˜Z’š–Ú","35.334455","137.147669","0","3"
"21","Šò•ŒŒ§","21204","‘½Ž¡Œ©Žs","212040070000 ","¸‰Ø’¬","35.339358","137.122796","0","1"
"21","Šò•ŒŒ§","21204","‘½Ž¡Œ©Žs","212040094001 ","¼â’¬ˆê’š–Ú","35.357631","137.111830","0","3"
"21","Šò•ŒŒ§","21204","‘½Ž¡Œ©Žs","212040094002 ","¼â’¬“ñ’š–Ú","35.355040","137.111045","0","3"
"21","Šò•ŒŒ§","21204","‘½Ž¡Œ©Žs","212040094003 ","¼â’¬ŽO’š–Ú","35.352523","137.112205","0","3"
"21","Šò•ŒŒ§","21204","‘½Ž¡Œ©Žs","212040094004 ","¼â’¬Žl’š–Ú","35.352013","137.109033","0","3"
"21","Šò•ŒŒ§","21204","‘½Ž¡Œ©Žs","212040094005 ","¼â’¬ŒÜ’š–Ú","35.353662","137.107149","0","3"
"21","Šò•ŒŒ§","21204","‘½Ž¡Œ©Žs","212040095001 ","¼ŽR’¬ˆê’š–Ú","35.350863","137.074148","0","3"
"21","Šò•ŒŒ§","21204","‘½Ž¡Œ©Žs","212040095002 ","¼ŽR’¬“ñ’š–Ú","35.355556","137.072309","0","3"
"21","Šò•ŒŒ§","21204","‘½Ž¡Œ©Žs","212040095003 ","¼ŽR’¬ŽO’š–Ú","35.358559","137.070765","0","3"
"21","Šò•ŒŒ§","21204","‘½Ž¡Œ©Žs","212040095004 ","¼ŽR’¬Žl’š–Ú","35.362793","137.069515","0","3"
"21","Šò•ŒŒ§","21204","‘½Ž¡Œ©Žs","212040001000 ","Â–Ø’¬","35.333100","137.127225","0","1"
"21","Šò•ŒŒ§","21204","‘½Ž¡Œ©Žs","212040002001 ","Ôâ’¬ˆê’š–Ú","35.343023","137.104315","0","3"
"21","Šò•ŒŒ§","21204","‘½Ž¡Œ©Žs","212040002002 ","Ôâ’¬“ñ’š–Ú","35.342707","137.102009","0","3"
"21","Šò•ŒŒ§","21204","‘½Ž¡Œ©Žs","212040002003 ","Ôâ’¬ŽO’š–Ú","35.342001","137.099634","0","3"
"21","Šò•ŒŒ§","21204","‘½Ž¡Œ©Žs","212040002004 ","Ôâ’¬Žl’š–Ú","35.341349","137.096892","0","3"
"21","Šò•ŒŒ§","21204","‘½Ž¡Œ©Žs","212040002005 ","Ôâ’¬ŒÜ’š–Ú","35.340594","137.094375","0","3"
"21","Šò•ŒŒ§","21204","‘½Ž¡Œ©Žs","212040002006 ","Ôâ’¬˜Z’š–Ú","35.340164","137.091112","0","3"
"21","Šò•ŒŒ§","21204","‘½Ž¡Œ©Žs","212040002007 ","Ôâ’¬Žµ’š–Ú","35.337726","137.089064","0","3"
"21","Šò•ŒŒ§","21204","‘½Ž¡Œ©Žs","212040002008 ","Ôâ’¬”ª’š–Ú","35.336647","137.092724","0","3"
"21","Šò•ŒŒ§","21204","‘½Ž¡Œ©Žs","212040002009 ","Ôâ’¬‹ã’š–Ú","35.337998","137.096460","0","3"
"21","Šò•ŒŒ§","21204","‘½Ž¡Œ©Žs","212040111001 ","‘O”¨’¬ˆê’š–Ú","35.331187","137.120700","0","3"
"21","Šò•ŒŒ§","21204","‘½Ž¡Œ©Žs","212040111002 ","‘O”¨’¬“ñ’š–Ú","35.330751","137.118757","0","3"
"21","Šò•ŒŒ§","21204","‘½Ž¡Œ©Žs","212040111003 ","‘O”¨’¬ŽO’š–Ú","35.330352","137.116319","0","3"
"21","Šò•ŒŒ§","21204","‘½Ž¡Œ©Žs","212040111004 ","‘O”¨’¬Žl’š–Ú","35.330905","137.113903","0","3"
"21","Šò•ŒŒ§","21204","‘½Ž¡Œ©Žs","212040111005 ","‘O”¨’¬ŒÜ’š–Ú","35.328018","137.110442","0","3"
"21","Šò•ŒŒ§","21204","‘½Ž¡Œ©Žs","212040073001 ","‘¾•½’¬ˆê’š–Ú","35.333260","137.113812","0","3"
"21","Šò•ŒŒ§","21204","‘½Ž¡Œ©Žs","212040073002 ","‘¾•½’¬“ñ’š–Ú","35.333510","137.111224","0","3"
"21","Šò•ŒŒ§","21204","‘½Ž¡Œ©Žs","212040073003 ","‘¾•½’¬ŽO’š–Ú","35.335402","137.110501","0","3"
"21","Šò•ŒŒ§","21204","‘½Ž¡Œ©Žs","212040073004 ","‘¾•½’¬Žl’š–Ú","35.335624","137.113347","0","3"
"21","Šò•ŒŒ§","21204","‘½Ž¡Œ©Žs","212040073005 ","‘¾•½’¬ŒÜ’š–Ú","35.337153","137.112757","0","3"
"21","Šò•ŒŒ§","21204","‘½Ž¡Œ©Žs","212040073006 ","‘¾•½’¬˜Z’š–Ú","35.337368","137.109751","0","3"
"21","Šò•ŒŒ§","21204","‘½Ž¡Œ©Žs","212040013010 ","‘åŒ´’¬\’š–Ú","35.350960","137.081071","0","3"
"21","Šò•ŒŒ§","21204","‘½Ž¡Œ©Žs","212040013011 ","‘åŒ´’¬\ˆê’š–Ú","35.353546","137.085194","0","3"
"21","Šò•ŒŒ§","21204","‘½Ž¡Œ©Žs","212040013001 ","‘åŒ´’¬ˆê’š–Ú","35.343948","137.089175","0","3"
"21","Šò•ŒŒ§","21204","‘½Ž¡Œ©Žs","212040013002 ","‘åŒ´’¬“ñ’š–Ú","35.343316","137.085270","0","3"
"21","Šò•ŒŒ§","21204","‘½Ž¡Œ©Žs","212040013003 ","‘åŒ´’¬ŽO’š–Ú","35.341982","137.081524","0","3"
"21","Šò•ŒŒ§","21204","‘½Ž¡Œ©Žs","212040013004 ","‘åŒ´’¬Žl’š–Ú","35.341823","137.078756","0","3"
"21","Šò•ŒŒ§","21204","‘½Ž¡Œ©Žs","212040013005 ","‘åŒ´’¬ŒÜ’š–Ú","35.344338","137.081708","0","3"
"21","Šò•ŒŒ§","21204","‘½Ž¡Œ©Žs","212040013006 ","‘åŒ´’¬˜Z’š–Ú","35.346152","137.084239","0","3"
"21","Šò•ŒŒ§","21204","‘½Ž¡Œ©Žs","212040013007 ","‘åŒ´’¬Žµ’š–Ú","35.346689","137.087331","0","3"
"21","Šò•ŒŒ§","21204","‘½Ž¡Œ©Žs","212040013008 ","‘åŒ´’¬”ª’š–Ú","35.351184","137.085873","0","3"
"21","Šò•ŒŒ§","21204","‘½Ž¡Œ©Žs","212040013009 ","‘åŒ´’¬‹ã’š–Ú","35.347433","137.081352","0","3"
"21","Šò•ŒŒ§","21204","‘½Ž¡Œ©Žs","212040014000 ","‘åj’¬","35.371436","137.073744","0","1"
"21","Šò•ŒŒ§","21204","‘½Ž¡Œ©Žs","212040071001 ","‘å³’¬ˆê’š–Ú","35.337447","137.128866","0","3"
"21","Šò•ŒŒ§","21204","‘½Ž¡Œ©Žs","212040071002 ","‘å³’¬“ñ’š–Ú","35.336911","137.129903","0","3"
"21","Šò•ŒŒ§","21204","‘½Ž¡Œ©Žs","212040071003 ","‘å³’¬ŽO’š–Ú","35.337036","137.131565","0","3"
"21","Šò•ŒŒ§","21204","‘½Ž¡Œ©Žs","212040008001 ","‘å‘ò’¬ˆê’š–Ú","35.345447","137.075653","0","3"
"21","Šò•ŒŒ§","21204","‘½Ž¡Œ©Žs","212040008002 ","‘å‘ò’¬“ñ’š–Ú","35.339998","137.069953","0","3"
"21","Šò•ŒŒ§","21204","‘½Ž¡Œ©Žs","212040072000 ","‘å“ú’¬","35.336377","137.124584","0","1"
"21","Šò•ŒŒ§","21204","‘½Ž¡Œ©Žs","212040009001 ","‘å”¨’¬ˆê’š–Ú","35.323529","137.131966","0","3"
"21","Šò•ŒŒ§","21204","‘½Ž¡Œ©Žs","212040009002 ","‘å”¨’¬“ñ’š–Ú","35.318957","137.128777","0","3"
"21","Šò•ŒŒ§","21204","‘½Ž¡Œ©Žs","212040009003 ","‘å”¨’¬ŽO’š–Ú","35.318244","137.132207","0","3"
"21","Šò•ŒŒ§","21204","‘½Ž¡Œ©Žs","212040009004 ","‘å”¨’¬Žl’š–Ú","35.322098","137.134115","0","3"
"21","Šò•ŒŒ§","21204","‘½Ž¡Œ©Žs","212040009005 ","‘å”¨’¬ŒÜ’š–Ú","35.320542","137.136413","0","3"
"21","Šò•ŒŒ§","21204","‘½Ž¡Œ©Žs","212040009006 ","‘å”¨’¬˜Z’š–Ú","35.316736","137.135982","0","3"
"21","Šò•ŒŒ§","21204","‘½Ž¡Œ©Žs","212040009007 ","‘å”¨’¬Žµ’š–Ú","35.319487","137.140724","0","3"
"21","Šò•ŒŒ§","21204","‘½Ž¡Œ©Žs","212040012000 ","‘å”¨’¬¼’‡ª","35.311827","137.126039","0","1"
"21","Šò•ŒŒ§","21204","‘½Ž¡Œ©Žs","212040010000 ","‘å”¨’¬Ô¼","35.311025","137.133036","0","1"
"21","Šò•ŒŒ§","21204","‘½Ž¡Œ©Žs","212040011000 ","‘å”¨’¬‘å“´","35.314257","137.124638","0","1"
"21","Šò•ŒŒ§","21204","‘½Ž¡Œ©Žs","212040015000 ","‘å–÷’¬","35.377475","137.060419","0","1"
"21","Šò•ŒŒ§","21204","‘½Ž¡Œ©Žs","212040083010 ","‘ê˜C’¬\’š–Ú","35.313557","137.143723","0","3"
"21","Šò•ŒŒ§","21204","‘½Ž¡Œ©Žs","212040083011 ","‘ê˜C’¬\ˆê’š–Ú","35.313184","137.144739","0","3"
"21","Šò•ŒŒ§","21204","‘½Ž¡Œ©Žs","212040083012 ","‘ê˜C’¬\“ñ’š–Ú","35.316379","137.160870","0","3"
"21","Šò•ŒŒ§","21204","‘½Ž¡Œ©Žs","212040083013 ","‘ê˜C’¬\ŽO’š–Ú","35.312694","137.149817","0","3"
"21","Šò•ŒŒ§","21204","‘½Ž¡Œ©Žs","212040083014 ","‘ê˜C’¬\Žl’š–Ú","35.311308","137.153977","0","3"
"21","Šò•ŒŒ§","21204","‘½Ž¡Œ©Žs","212040083015 ","‘ê˜C’¬\ŒÜ’š–Ú","35.309116","137.145573","0","3"
"21","Šò•ŒŒ§","21204","‘½Ž¡Œ©Žs","212040083016 ","‘ê˜C’¬\˜Z’š–Ú","35.306827","137.140082","0","3"
"21","Šò•ŒŒ§","21204","‘½Ž¡Œ©Žs","212040083017 ","‘ê˜C’¬\Žµ’š–Ú","35.317291","137.155733","0","3"
"21","Šò•ŒŒ§","21204","‘½Ž¡Œ©Žs","212040083001 ","‘ê˜C’¬ˆê’š–Ú","35.313516","137.136610","0","3"
"21","Šò•ŒŒ§","21204","‘½Ž¡Œ©Žs","212040083002 ","‘ê˜C’¬“ñ’š–Ú","35.317642","137.140940","0","3"
"21","Šò•ŒŒ§","21204","‘½Ž¡Œ©Žs","212040083003 ","‘ê˜C’¬ŽO’š–Ú","35.318468","137.144040","0","3"
"21","Šò•ŒŒ§","21204","‘½Ž¡Œ©Žs","212040083004 ","‘ê˜C’¬Žl’š–Ú","35.316129","137.140964","0","3"
"21","Šò•ŒŒ§","21204","‘½Ž¡Œ©Žs","212040083005 ","‘ê˜C’¬ŒÜ’š–Ú","35.313964","137.140263","0","3"
"21","Šò•ŒŒ§","21204","‘½Ž¡Œ©Žs","212040083006 ","‘ê˜C’¬˜Z’š–Ú","35.312630","137.140741","0","3"
"21","Šò•ŒŒ§","21204","‘½Ž¡Œ©Žs","212040083007 ","‘ê˜C’¬Žµ’š–Ú","35.314443","137.142628","0","3"
"21","Šò•ŒŒ§","21204","‘½Ž¡Œ©Žs","212040083008 ","‘ê˜C’¬”ª’š–Ú","35.317408","137.146297","0","3"
"21","Šò•ŒŒ§","21204","‘½Ž¡Œ©Žs","212040083009 ","‘ê˜C’¬‹ã’š–Ú","35.317826","137.150867","0","3"
"21","Šò•ŒŒ§","21204","‘½Ž¡Œ©Žs","212040005010 ","’r“c’¬\’š–Ú","35.333001","137.099399","0","3"
"21","Šò•ŒŒ§","21204","‘½Ž¡Œ©Žs","212040005001 ","’r“c’¬ˆê’š–Ú","35.332205","137.110331","0","3"
"21","Šò•ŒŒ§","21204","‘½Ž¡Œ©Žs","212040005002 ","’r“c’¬“ñ’š–Ú","35.330670","137.109613","0","3"
"21","Šò•ŒŒ§","21204","‘½Ž¡Œ©Žs","212040005003 ","’r“c’¬ŽO’š–Ú","35.328533","137.107352","0","3"
"21","Šò•ŒŒ§","21204","‘½Ž¡Œ©Žs","212040005004 ","’r“c’¬Žl’š–Ú","35.330878","137.107162","0","3"
"21","Šò•ŒŒ§","21204","‘½Ž¡Œ©Žs","212040005005 ","’r“c’¬ŒÜ’š–Ú","35.333581","137.107613","0","3"
"21","Šò•ŒŒ§","21204","‘½Ž¡Œ©Žs","212040005006 ","’r“c’¬˜Z’š–Ú","35.333559","137.103840","0","3"
"21","Šò•ŒŒ§","21204","‘½Ž¡Œ©Žs","212040005007 ","’r“c’¬Žµ’š–Ú","35.331347","137.104959","0","3"
"21","Šò•ŒŒ§","21204","‘½Ž¡Œ©Žs","212040005008 ","’r“c’¬”ª’š–Ú","35.328358","137.104624","0","3"
"21","Šò•ŒŒ§","21204","‘½Ž¡Œ©Žs","212040005009 ","’r“c’¬‹ã’š–Ú","35.331212","137.102633","0","3"
"21","Šò•ŒŒ§","21204","‘½Ž¡Œ©Žs","212040092000 ","’†’¬","35.335118","137.133083","0","1"
"21","Šò•ŒŒ§","21204","‘½Ž¡Œ©Žs","212040091000 ","’·£’¬","35.355832","137.121355","0","1"
"21","Šò•ŒŒ§","21204","‘½Ž¡Œ©Žs","212040084001 ","“c‘ã’¬ˆê’š–Ú","35.332893","137.120219","0","3"
"21","Šò•ŒŒ§","21204","‘½Ž¡Œ©Žs","212040084002 ","“c‘ã’¬“ñ’š–Ú","35.332623","137.118185","0","3"
"21","Šò•ŒŒ§","21204","‘½Ž¡Œ©Žs","212040084003 ","“c‘ã’¬ŽO’š–Ú","35.332061","137.116501","0","3"
"21","Šò•ŒŒ§","21204","‘½Ž¡Œ©Žs","212040087001 ","“Œ‰h’¬ˆê’š–Ú","35.353670","137.137981","0","3"
"21","Šò•ŒŒ§","21204","‘½Ž¡Œ©Žs","212040087002 ","“Œ‰h’¬“ñ’š–Ú","35.352720","137.141630","0","3"
"21","Šò•ŒŒ§","21204","‘½Ž¡Œ©Žs","212040087003 ","“Œ‰h’¬ŽO’š–Ú","35.352518","137.144364","0","3"
"21","Šò•ŒŒ§","21204","‘½Ž¡Œ©Žs","212040087004 ","“Œ‰h’¬Žl’š–Ú","35.352677","137.148550","0","3"
"21","Šò•ŒŒ§","21204","‘½Ž¡Œ©Žs","212040087005 ","“Œ‰h’¬ŒÜ’š–Ú","35.352841","137.153224","0","3"
"21","Šò•ŒŒ§","21204","‘½Ž¡Œ©Žs","212040099001 ","“ŒŽRˆê’š–Ú","35.363229","137.143215","0","3"
"21","Šò•ŒŒ§","21204","‘½Ž¡Œ©Žs","212040099002 ","“ŒŽR“ñ’š–Ú","35.360739","137.143831","0","3"
"21","Šò•ŒŒ§","21204","‘½Ž¡Œ©Žs","212040099003 ","“ŒŽRŽO’š–Ú","35.360605","137.140434","0","3"
"21","Šò•ŒŒ§","21204","‘½Ž¡Œ©Žs","212040098001 ","“Œ’¬ˆê’š–Ú","35.340866","137.147232","0","3"
"21","Šò•ŒŒ§","21204","‘½Ž¡Œ©Žs","212040098002 ","“Œ’¬“ñ’š–Ú","35.337243","137.149893","0","3"
"21","Šò•ŒŒ§","21204","‘½Ž¡Œ©Žs","212040098003 ","“Œ’¬ŽO’š–Ú","35.333971","137.153739","0","3"
"21","Šò•ŒŒ§","21204","‘½Ž¡Œ©Žs","212040098004 ","“Œ’¬Žl’š–Ú","35.329684","137.154986","0","3"
"21","Šò•ŒŒ§","21204","‘½Ž¡Œ©Žs","212040088000 ","“©Œ³’¬","35.330767","137.136656","0","1"
"21","Šò•ŒŒ§","21204","‘½Ž¡Œ©Žs","212040086000 ","“ùŒ´’¬","35.318374","137.078163","0","1"
"21","Šò•ŒŒ§","21204","‘½Ž¡Œ©Žs","212040101001 ","“úƒmo’¬ˆê’š–Ú","35.333439","137.131878","0","3"
"21","Šò•ŒŒ§","21204","‘½Ž¡Œ©Žs","212040101002 ","“úƒmo’¬“ñ’š–Ú","35.332488","137.131872","0","3"
"21","Šò•ŒŒ§","21204","‘½Ž¡Œ©Žs","212040097001 ","”’ŽR’¬ˆê’š–Ú","35.336560","137.122146","0","3"
"21","Šò•ŒŒ§","21204","‘½Ž¡Œ©Žs","212040097002 ","”’ŽR’¬“ñ’š–Ú","35.338022","137.121977","0","3"
"21","Šò•ŒŒ§","21204","‘½Ž¡Œ©Žs","212040097003 ","”’ŽR’¬ŽO’š–Ú","35.338838","137.118539","0","3"
"21","Šò•ŒŒ§","21204","‘½Ž¡Œ©Žs","212040097004 ","”’ŽR’¬Žl’š–Ú","35.340654","137.118372","0","3"
"21","Šò•ŒŒ§","21204","‘½Ž¡Œ©Žs","212040097005 ","”’ŽR’¬ŒÜ’š–Ú","35.342011","137.118024","0","3"
"21","Šò•ŒŒ§","21204","‘½Ž¡Œ©Žs","212040114001 ","”üâ’¬ˆê’š–Ú","35.332887","137.143107","0","3"
"21","Šò•ŒŒ§","21204","‘½Ž¡Œ©Žs","212040114002 ","”üâ’¬“ñ’š–Ú","35.331508","137.142084","0","3"
"21","Šò•ŒŒ§","21204","‘½Ž¡Œ©Žs","212040114003 ","”üâ’¬ŽO’š–Ú","35.329809","137.141392","0","3"
"21","Šò•ŒŒ§","21204","‘½Ž¡Œ©Žs","212040114004 ","”üâ’¬Žl’š–Ú","35.328599","137.144235","0","3"
"21","Šò•ŒŒ§","21204","‘½Ž¡Œ©Žs","212040114005 ","”üâ’¬ŒÜ’š–Ú","35.331277","137.143428","0","3"
"21","Šò•ŒŒ§","21204","‘½Ž¡Œ©Žs","212040114006 ","”üâ’¬˜Z’š–Ú","35.332232","137.143954","0","3"
"21","Šò•ŒŒ§","21204","‘½Ž¡Œ©Žs","212040114007 ","”üâ’¬Žµ’š–Ú","35.331487","137.145051","0","3"
"21","Šò•ŒŒ§","21204","‘½Ž¡Œ©Žs","212040114008 ","”üâ’¬”ª’š–Ú","35.330769","137.146399","0","3"
"21","Šò•ŒŒ§","21204","‘½Ž¡Œ©Žs","212040117000 ","”üŽR’¬","35.337038","137.079778","0","1"
"21","Šò•ŒŒ§","21204","‘½Ž¡Œ©Žs","212040102001 ","•P’¬ˆê’š–Ú","35.382300","137.073153","0","3"
"21","Šò•ŒŒ§","21204","‘½Ž¡Œ©Žs","212040102002 ","•P’¬“ñ’š–Ú","35.385850","137.072662","0","3"
"21","Šò•ŒŒ§","21204","‘½Ž¡Œ©Žs","212040102003 ","•P’¬ŽO’š–Ú","35.387830","137.069304","0","3"
"21","Šò•ŒŒ§","21204","‘½Ž¡Œ©Žs","212040102004 ","•P’¬Žl’š–Ú","35.390497","137.066492","0","3"
"21","Šò•ŒŒ§","21204","‘½Ž¡Œ©Žs","212040102005 ","•P’¬ŒÜ’š–Ú","35.393961","137.069023","0","3"
"21","Šò•ŒŒ§","21204","‘½Ž¡Œ©Žs","212040102006 ","•P’¬˜Z’š–Ú","35.396614","137.064792","0","3"
"21","Šò•ŒŒ§","21204","‘½Ž¡Œ©Žs","212040102007 ","•P’¬Žµ’š–Ú","35.400599","137.062499","0","3"
"21","Šò•ŒŒ§","21204","‘½Ž¡Œ©Žs","212040106001 ","•xŽmŒ©’¬ˆê’š–Ú","35.322652","137.094105","0","3"
"21","Šò•ŒŒ§","21204","‘½Ž¡Œ©Žs","212040106002 ","•xŽmŒ©’¬“ñ’š–Ú","35.327881","137.094608","0","3"
"21","Šò•ŒŒ§","21204","‘½Ž¡Œ©Žs","212040106003 ","•xŽmŒ©’¬ŽO’š–Ú","35.331542","137.089502","0","3"
"21","Šò•ŒŒ§","21204","‘½Ž¡Œ©Žs","212040106004 ","•xŽmŒ©’¬Žl’š–Ú","35.324361","137.087008","0","3"
"21","Šò•ŒŒ§","21204","‘½Ž¡Œ©Žs","212040106005 ","•xŽmŒ©’¬ŒÜ’š–Ú","35.329591","137.077789","0","3"
"21","Šò•ŒŒ§","21204","‘½Ž¡Œ©Žs","212040103001 ","•½ˆä’¬ˆê’š–Ú","35.345615","137.103371","0","3"
"21","Šò•ŒŒ§","21204","‘½Ž¡Œ©Žs","212040103002 ","•½ˆä’¬“ñ’š–Ú","35.345535","137.100976","0","3"
"21","Šò•ŒŒ§","21204","‘½Ž¡Œ©Žs","212040103003 ","•½ˆä’¬ŽO’š–Ú","35.344448","137.098844","0","3"
"21","Šò•ŒŒ§","21204","‘½Ž¡Œ©Žs","212040103004 ","•½ˆä’¬Žl’š–Ú","35.343621","137.096292","0","3"
"21","Šò•ŒŒ§","21204","‘½Ž¡Œ©Žs","212040103005 ","•½ˆä’¬ŒÜ’š–Ú","35.343112","137.093651","0","3"
"21","Šò•ŒŒ§","21204","‘½Ž¡Œ©Žs","212040103006 ","•½ˆä’¬˜Z’š–Ú","35.341347","137.089563","0","3"
"21","Šò•ŒŒ§","21204","‘½Ž¡Œ©Žs","212040104001 ","•½–ì’¬ˆê’š–Ú","35.329960","137.132519","0","3"
"21","Šò•ŒŒ§","21204","‘½Ž¡Œ©Žs","212040104002 ","•½–ì’¬“ñ’š–Ú","35.329916","137.134094","0","3"
"21","Šò•ŒŒ§","21204","‘½Ž¡Œ©Žs","212040104003 ","•½–ì’¬ŽO’š–Ú","35.329205","137.135735","0","3"
"21","Šò•ŒŒ§","21204","‘½Ž¡Œ©Žs","212040104004 ","•½–ì’¬Žl’š–Ú","35.326400","137.134492","0","3"
"21","Šò•ŒŒ§","21204","‘½Ž¡Œ©Žs","212040107001 ","•½˜a’¬ˆê’š–Ú","35.329145","137.122298","0","3"
"21","Šò•ŒŒ§","21204","‘½Ž¡Œ©Žs","212040107002 ","•½˜a’¬“ñ’š–Ú","35.325319","137.121022","0","3"
"21","Šò•ŒŒ§","21204","‘½Ž¡Œ©Žs","212040107003 ","•½˜a’¬ŽO’š–Ú","35.327230","137.120602","0","3"
"21","Šò•ŒŒ§","21204","‘½Ž¡Œ©Žs","212040107004 ","•½˜a’¬Žl’š–Ú","35.328749","137.119959","0","3"
"21","Šò•ŒŒ§","21204","‘½Ž¡Œ©Žs","212040107005 ","•½˜a’¬ŒÜ’š–Ú","35.328116","137.117464","0","3"
"21","Šò•ŒŒ§","21204","‘½Ž¡Œ©Žs","212040107006 ","•½˜a’¬˜Z’š–Ú","35.325788","137.117709","0","3"
"21","Šò•ŒŒ§","21204","‘½Ž¡Œ©Žs","212040107007 ","•½˜a’¬Žµ’š–Ú","35.327543","137.115618","0","3"
"21","Šò•ŒŒ§","21204","‘½Ž¡Œ©Žs","212040107008 ","•½˜a’¬”ª’š–Ú","35.327055","137.113489","0","3"
"21","Šò•ŒŒ§","21204","‘½Ž¡Œ©Žs","212040108001 ","•Ù“V’¬ˆê’š–Ú","35.340240","137.127634","0","3"
"21","Šò•ŒŒ§","21204","‘½Ž¡Œ©Žs","212040108002 ","•Ù“V’¬“ñ’š–Ú","35.340657","137.128675","0","3"
"21","Šò•ŒŒ§","21204","‘½Ž¡Œ©Žs","212040108003 ","•Ù“V’¬ŽO’š–Ú","35.343424","137.129091","0","3"
"21","Šò•ŒŒ§","21204","‘½Ž¡Œ©Žs","212040108004 ","•Ù“V’¬Žl’š–Ú","35.343034","137.131625","0","3"
"21","Šò•ŒŒ§","21204","‘½Ž¡Œ©Žs","212040082010 ","•ó’¬\’š–Ú","35.343706","137.106840","0","3"
"21","Šò•ŒŒ§","21204","‘½Ž¡Œ©Žs","212040082011 ","•ó’¬\ˆê’š–Ú","35.344785","137.106570","0","3"
"21","Šò•ŒŒ§","21204","‘½Ž¡Œ©Žs","212040082012 ","•ó’¬\“ñ’š–Ú","35.345918","137.106003","0","3"
"21","Šò•ŒŒ§","21204","‘½Ž¡Œ©Žs","212040082001 ","•ó’¬ˆê’š–Ú","35.338382","137.113085","0","3"
"21","Šò•ŒŒ§","21204","‘½Ž¡Œ©Žs","212040082002 ","•ó’¬“ñ’š–Ú","35.339540","137.110277","0","3"
"21","Šò•ŒŒ§","21204","‘½Ž¡Œ©Žs","212040082003 ","•ó’¬ŽO’š–Ú","35.339483","137.108172","0","3"
"21","Šò•ŒŒ§","21204","‘½Ž¡Œ©Žs","212040082004 ","•ó’¬Žl’š–Ú","35.341421","137.107691","0","3"
"21","Šò•ŒŒ§","21204","‘½Ž¡Œ©Žs","212040082005 ","•ó’¬ŒÜ’š–Ú","35.341385","137.110274","0","3"
"21","Šò•ŒŒ§","21204","‘½Ž¡Œ©Žs","212040082006 ","•ó’¬˜Z’š–Ú","35.340444","137.112378","0","3"
"21","Šò•ŒŒ§","21204","‘½Ž¡Œ©Žs","212040082007 ","•ó’¬Žµ’š–Ú","35.342763","137.111121","0","3"
"21","Šò•ŒŒ§","21204","‘½Ž¡Œ©Žs","212040082008 ","•ó’¬”ª’š–Ú","35.343941","137.109136","0","3"
"21","Šò•ŒŒ§","21204","‘½Ž¡Œ©Žs","212040082009 ","•ó’¬‹ã’š–Ú","35.342554","137.107213","0","3"
"21","Šò•ŒŒ§","21204","‘½Ž¡Œ©Žs","212040090001 ","–L‰ª’¬ˆê’š–Ú","35.333525","137.124830","0","3"
"21","Šò•ŒŒ§","21204","‘½Ž¡Œ©Žs","212040090002 ","–L‰ª’¬“ñ’š–Ú","35.334081","137.126026","0","3"
"21","Šò•ŒŒ§","21204","‘½Ž¡Œ©Žs","212040090003 ","–L‰ª’¬ŽO’š–Ú","35.334537","137.127319","0","3"
"21","Šò•ŒŒ§","21204","‘½Ž¡Œ©Žs","212040039001 ","–k‹u’¬ˆê’š–Ú","35.362096","137.088360","0","3"
"21","Šò•ŒŒ§","21204","‘½Ž¡Œ©Žs","212040039002 ","–k‹u’¬“ñ’š–Ú","35.364190","137.087950","0","3"
"21","Šò•ŒŒ§","21204","‘½Ž¡Œ©Žs","212040039003 ","–k‹u’¬ŽO’š–Ú","35.363242","137.085836","0","3"
"21","Šò•ŒŒ§","21204","‘½Ž¡Œ©Žs","212040039004 ","–k‹u’¬Žl’š–Ú","35.364572","137.082076","0","3"
"21","Šò•ŒŒ§","21204","‘½Ž¡Œ©Žs","212040039005 ","–k‹u’¬ŒÜ’š–Ú","35.362793","137.079281","0","3"
"21","Šò•ŒŒ§","21204","‘½Ž¡Œ©Žs","212040039006 ","–k‹u’¬˜Z’š–Ú","35.366198","137.079304","0","3"
"21","Šò•ŒŒ§","21204","‘½Ž¡Œ©Žs","212040039007 ","–k‹u’¬Žµ’š–Ú","35.365874","137.075123","0","3"
"21","Šò•ŒŒ§","21204","‘½Ž¡Œ©Žs","212040039008 ","–k‹u’¬”ª’š–Ú","35.363012","137.075155","0","3"
"21","Šò•ŒŒ§","21204","‘½Ž¡Œ©Žs","212040040000 ","–k¬–Ø’¬","35.351668","137.057923","0","1"
"21","Šò•ŒŒ§","21204","‘½Ž¡Œ©Žs","212040110001 ","–{’¬ˆê’š–Ú","35.334023","137.120988","0","3"
"21","Šò•ŒŒ§","21204","‘½Ž¡Œ©Žs","212040110002 ","–{’¬“ñ’š–Ú","35.334935","137.122472","0","3"
"21","Šò•ŒŒ§","21204","‘½Ž¡Œ©Žs","212040110003 ","–{’¬ŽO’š–Ú","35.335096","137.124843","0","3"
"21","Šò•ŒŒ§","21204","‘½Ž¡Œ©Žs","212040110004 ","–{’¬Žl’š–Ú","35.335427","137.128337","0","3"
"21","Šò•ŒŒ§","21204","‘½Ž¡Œ©Žs","212040110005 ","–{’¬ŒÜ’š–Ú","35.334868","137.130104","0","3"
"21","Šò•ŒŒ§","21204","‘½Ž¡Œ©Žs","212040110006 ","–{’¬˜Z’š–Ú","35.334436","137.133134","0","3"
"21","Šò•ŒŒ§","21204","‘½Ž¡Œ©Žs","212040110007 ","–{’¬Žµ’š–Ú","35.335655","137.136761","0","3"
"21","Šò•ŒŒ§","21204","‘½Ž¡Œ©Žs","212040110008 ","–{’¬”ª’š–Ú","35.333550","137.134794","0","3"
"21","Šò•ŒŒ§","21204","‘½Ž¡Œ©Žs","212040062000 ","––L’¬","35.332697","137.128205","0","1"
"21","Šò•ŒŒ§","21204","‘½Ž¡Œ©Žs","212040119001 ","–¾Ž¡’¬ˆê’š–Ú","35.335835","137.131328","0","3"
"21","Šò•ŒŒ§","21204","‘½Ž¡Œ©Žs","212040119002 ","–¾Ž¡’¬“ñ’š–Ú","35.336302","137.132952","0","3"
"21","Šò•ŒŒ§","21204","‘½Ž¡Œ©Žs","212040120001 ","–¾˜a’¬ˆê’š–Ú","35.350711","137.102666","0","3"
"21","Šò•ŒŒ§","21204","‘½Ž¡Œ©Žs","212040120002 ","–¾˜a’¬“ñ’š–Ú","35.355065","137.100544","0","3"
"21","Šò•ŒŒ§","21204","‘½Ž¡Œ©Žs","212040120003 ","–¾˜a’¬ŽO’š–Ú","35.359021","137.099561","0","3"
"21","Šò•ŒŒ§","21204","‘½Ž¡Œ©Žs","212040120004 ","–¾˜a’¬Žl’š–Ú","35.361120","137.104790","0","3"
"21","Šò•ŒŒ§","21204","‘½Ž¡Œ©Žs","212040120005 ","–¾˜a’¬ŒÜ’š–Ú","35.355075","137.104770","0","3"
"21","Šò•ŒŒ§","21204","‘½Ž¡Œ©Žs","212040120006 ","–¾˜a’¬˜Z’š–Ú","35.359231","137.108944","0","3"
"21","Šò•ŒŒ§","21204","‘½Ž¡Œ©Žs","212040036000 ","—q’¬","35.331050","137.130989","0","1"
"21","Šò•ŒŒ§","21204","‘½Ž¡Œ©Žs","212040115000 ","—ÎƒP‹u","35.343869","137.135411","0","1"
"21","Šò•ŒŒ§","21204","‘½Ž¡Œ©Žs","212040125001 ","˜e”V“‡’¬ˆê’š–Ú","35.322719","137.122945","0","3"
"21","Šò•ŒŒ§","21204","‘½Ž¡Œ©Žs","212040125002 ","˜e”V“‡’¬“ñ’š–Ú","35.322874","137.119789","0","3"
"21","Šò•ŒŒ§","21204","‘½Ž¡Œ©Žs","212040125003 ","˜e”V“‡’¬ŽO’š–Ú","35.317482","137.121569","0","3"
"21","Šò•ŒŒ§","21204","‘½Ž¡Œ©Žs","212040125004 ","˜e”V“‡’¬Žl’š–Ú","35.318945","137.118204","0","3"
"21","Šò•ŒŒ§","21204","‘½Ž¡Œ©Žs","212040125005 ","˜e”V“‡’¬ŒÜ’š–Ú","35.322859","137.115436","0","3"
"21","Šò•ŒŒ§","21204","‘½Ž¡Œ©Žs","212040125006 ","˜e”V“‡’¬˜Z’š–Ú","35.320844","137.110539","0","3"
"21","Šò•ŒŒ§","21204","‘½Ž¡Œ©Žs","212040125007 ","˜e”V“‡’¬Žµ’š–Ú","35.314336","137.112817","0","3"
"21","Šò•ŒŒ§","21204","‘½Ž¡Œ©Žs","212040125008 ","˜e”V“‡’¬”ª’š–Ú","35.314535","137.105077","0","3"
"21","Šò•ŒŒ§","21205","ŠÖŽs","212050001000","‘Š¶’¬","35.482293","136.920663","0","1"
"21","Šò•ŒŒ§","21205","ŠÖŽs","212050002000","ÔŸº","35.479012","136.914313","0","1"
"21","Šò•ŒŒ§","21205","ŠÖŽs","212050003000","ã—˜’¬","35.481117","136.920654","0","1"
"21","Šò•ŒŒ§","21205","ŠÖŽs","212050004000","ˆÀ÷‘ä","35.491788","136.913732","0","1"
"21","Šò•ŒŒ§","21205","ŠÖŽs","212050005000","’©‘q’¬","35.481058","136.919996","0","1"
"21","Šò•ŒŒ§","21205","ŠÖŽs","212050006000","ˆÀ÷ŽR","35.489217","136.917958","0","1"
"21","Šò•ŒŒ§","21205","ŠÖŽs","212050007001","ˆ®ƒP‹uˆê’š–Ú","35.484390","136.928637","0","3"
"21","Šò•ŒŒ§","21205","ŠÖŽs","212050007002","ˆ®ƒP‹u“ñ’š–Ú","35.482847","136.928046","0","3"
"21","Šò•ŒŒ§","21205","ŠÖŽs","212050007003","ˆ®ƒP‹uŽO’š–Ú","35.481499","136.929086","0","3"
"21","Šò•ŒŒ§","21205","ŠÖŽs","212050008000","ŒáÈ’¬","35.484239","136.921513","0","1"
"21","Šò•ŒŒ§","21205","ŠÖŽs","212050009000","’rK","35.509606","136.885438","0","1"
"21","Šò•ŒŒ§","21205","ŠÖŽs","212050010000","’r“c’¬","35.496157","136.899188","0","1"
"21","Šò•ŒŒ§","21205","ŠÖŽs","212050011000","‹•~’¬","35.481554","136.908211","0","1"
"21","Šò•ŒŒ§","21205","ŠÖŽs","212050012000","ˆÉ¨’¬","35.486169","136.921778","0","1"
"21","Šò•ŒŒ§","21205","ŠÖŽs","212050013000","”ÂŽæ","35.724923","136.768530","0","1"
"21","Šò•ŒŒ§","21205","ŠÖŽs","212050014000","Žs•½‰ê","35.490181","136.948278","0","1"
"21","Šò•ŒŒ§","21205","ŠÖŽs","212050015000","ˆê–{–Ø’¬","35.481540","136.913338","0","1"
"21","Šò•ŒŒ§","21205","ŠÖŽs","212050016000","ˆîŒû","35.464082","136.915813","0","1"
"21","Šò•ŒŒ§","21205","ŠÖŽs","212050017000","ˆî‰Í’¬","35.471366","136.930077","0","1"
"21","Šò•ŒŒ§","21205","ŠÖŽs","212050018000","’’•¨Žt‰®","35.478752","136.940558","0","1"
"21","Šò•ŒŒ§","21205","ŠÖŽs","212050019001","’’•¨Žt‰®ˆê’š–Ú","35.476705","136.934506","0","3"
"21","Šò•ŒŒ§","21205","ŠÖŽs","212050019002","’’•¨Žt‰®“ñ’š–Ú","35.476405","136.935973","0","3"
"21","Šò•ŒŒ§","21205","ŠÖŽs","212050019003","’’•¨Žt‰®ŽO’š–Ú","35.474348","136.933308","0","3"
"21","Šò•ŒŒ§","21205","ŠÖŽs","212050019004","’’•¨Žt‰®Žl’š–Ú","35.474960","136.936504","0","3"
"21","Šò•ŒŒ§","21205","ŠÖŽs","212050019005","’’•¨Žt‰®ŒÜ’š–Ú","35.473270","136.935753","0","3"
"21","Šò•ŒŒ§","21205","ŠÖŽs","212050019006","’’•¨Žt‰®˜Z’š–Ú","35.472082","136.932881","0","3"
"21","Šò•ŒŒ§","21205","ŠÖŽs","212050019007","’’•¨Žt‰®Žµ’š–Ú","35.471711","136.934327","0","3"
"21","Šò•ŒŒ§","21205","ŠÖŽs","212050020000","‚¢‚ë‚Í’¬","35.481293","136.918074","0","1"
"21","Šò•ŒŒ§","21205","ŠÖŽs","212050021000","A–ì","35.499281","136.850567","0","1"
"21","Šò•ŒŒ§","21205","ŠÖŽs","212050022000","”~ƒPŽ}’¬","35.479517","136.918345","0","1"
"21","Šò•ŒŒ§","21205","ŠÖŽs","212050023001","‰~•Û’Êˆê’š–Ú","35.488914","136.927310","0","3"
"21","Šò•ŒŒ§","21205","ŠÖŽs","212050023002","‰~•Û’Ê“ñ’š–Ú","35.488649","136.928964","0","3"
"21","Šò•ŒŒ§","21205","ŠÖŽs","212050023003","‰~•Û’ÊŽO’š–Ú","35.488502","136.930416","0","3"
"21","Šò•ŒŒ§","21205","ŠÖŽs","212050024000","‘å™","35.452312","136.951951","0","1"
"21","Šò•ŒŒ§","21205","ŠÖŽs","212050025000","‘å’Ø","35.495513","136.912827","0","1"
"21","Šò•ŒŒ§","21205","ŠÖŽs","212050026000","¬£","35.495141","136.883543","0","1"
"21","Šò•ŒŒ§","21205","ŠÖŽs","212050027000","¬£’·’r’¬","35.494385","136.894378","0","1"
"21","Šò•ŒŒ§","21205","ŠÖŽs","212050028001","¬£“ìˆê’š–Ú","35.491831","136.892377","0","3"
"21","Šò•ŒŒ§","21205","ŠÖŽs","212050028002","¬£“ì“ñ’š–Ú","35.492098","136.888533","0","3"
"21","Šò•ŒŒ§","21205","ŠÖŽs","212050029000","¬–ì","35.535402","136.943549","0","1"
"21","Šò•ŒŒ§","21205","ŠÖŽs","212050030000","”ö‘¾’¬","35.509108","136.927166","0","1"
"21","Šò•ŒŒ§","21205","ŠÖŽs","212050031000","¬‰®–¼","35.482415","136.870084","0","1"
"21","Šò•ŒŒ§","21205","ŠÖŽs","212050032000","‘Ýã’¬","35.495766","136.910060","0","1"
"21","Šò•ŒŒ§","21205","ŠÖŽs","212050033000","’b–è’¬","35.484935","136.914417","0","1"
"21","Šò•ŒŒ§","21205","ŠÖŽs","212050034001","t“ú’¬ˆê’š–Ú","35.483114","136.919506","0","3"
"21","Šò•ŒŒ§","21205","ŠÖŽs","212050034002","t“ú’¬“ñ’š–Ú","35.483467","136.918194","0","3"
"21","Šò•ŒŒ§","21205","ŠÖŽs","212050034003","t“ú’¬ŽO’š–Ú","35.483546","136.916786","0","3"
"21","Šò•ŒŒ§","21205","ŠÖŽs","212050035000","•Ð‘q’¬","35.482470","136.910837","0","1"
"21","Šò•ŒŒ§","21205","ŠÖŽs","212050036000","‹à‰®’¬","35.484883","136.915577","0","1"
"21","Šò•ŒŒ§","21205","ŠÖŽs","212050037000","Œ“‰i’¬","35.485099","136.919282","0","1"
"21","Šò•ŒŒ§","21205","ŠÖŽs","212050038000","ã‘å–ì","35.512842","136.982860","0","1"
"21","Šò•ŒŒ§","21205","ŠÖŽs","212050039000","ã”’‹à","35.481719","136.858206","0","1"
"21","Šò•ŒŒ§","21205","ŠÖŽs","212050040000","_–ì","35.532889","136.978741","0","1"
"21","Šò•ŒŒ§","21205","ŠÖŽs","212050041000","ã”V•Û","35.644102","137.063817","0","1"
"21","Šò•ŒŒ§","21205","ŠÖŽs","212050042000","‰Í‡’¬","35.486207","136.912314","0","1"
"21","Šò•ŒŒ§","21205","ŠÖŽs","212050043000","ìŠÔ’¬","35.489038","136.910120","0","1"
"21","Šò•ŒŒ§","21205","ŠÖŽs","212050044000","ŠÏ‰¹‘O","35.481957","136.922267","0","1"
"21","Šò•ŒŒ§","21205","ŠÖŽs","212050045000","ŠÏ‰¹ŽR","35.487291","136.924014","0","1"
"21","Šò•ŒŒ§","21205","ŠÖŽs","212050046001","–k“V_ˆê’š–Ú","35.479158","136.932503","0","3"
"21","Šò•ŒŒ§","21205","ŠÖŽs","212050046002","–k“V_“ñ’š–Ú","35.478963","136.934267","0","3"
"21","Šò•ŒŒ§","21205","ŠÖŽs","212050046003","–k“V_ŽO’š–Ú","35.478826","136.936387","0","3"
"21","Šò•ŒŒ§","21205","ŠÖŽs","212050047001","–k•Ÿ–ì’¬ˆê’š–Ú","35.489041","136.902533","0","3"
"21","Šò•ŒŒ§","21205","ŠÖŽs","212050047002","–k•Ÿ–ì’¬“ñ’š–Ú","35.489768","136.900430","0","3"
"21","Šò•ŒŒ§","21205","ŠÖŽs","212050048000","‹g“c’¬","35.486070","136.923996","0","1"
"21","Šò•ŒŒ§","21205","ŠÖŽs","212050049000","‹M‘D’¬","35.485667","136.912033","0","1"
"21","Šò•ŒŒ§","21205","ŠÖŽs","212050050000","Šó–]ƒP‹u’¬","35.470977","136.883735","0","1"
"21","Šò•ŒŒ§","21205","ŠÖŽs","212050051001","‹ËƒP‹uˆê’š–Ú","35.459532","136.900810","0","3"
"21","Šò•ŒŒ§","21205","ŠÖŽs","212050051002","‹ËƒP‹u“ñ’š–Ú","35.458471","136.898031","0","3"
"21","Šò•ŒŒ§","21205","ŠÖŽs","212050051003","‹ËƒP‹uŽO’š–Ú","35.453612","136.899964","0","3"
"21","Šò•ŒŒ§","21205","ŠÖŽs","212050052001","‹Ë’J‘äˆê’š–Ú","35.459465","136.893859","0","3"
"21","Šò•ŒŒ§","21205","ŠÖŽs","212050052002","‹Ë’J‘ä“ñ’š–Ú","35.457283","136.892541","0","3"
"21","Šò•ŒŒ§","21205","ŠÖŽs","212050052003","‹Ë’J‘äŽO’š–Ú","35.456702","136.890722","0","3"
"21","Šò•ŒŒ§","21205","ŠÖŽs","212050053000","‘q’m","35.463462","136.898404","0","1"
"21","Šò•ŒŒ§","21205","ŠÖŽs","212050054000","‘q’m“ì","35.448260","136.902841","0","1"
"21","Šò•ŒŒ§","21205","ŠÖŽs","212050055000","•‰®","35.501308","136.928936","0","1"
"21","Šò•ŒŒ§","21205","ŠÖŽs","212050056000","Œü—z‘ä","35.461584","136.939244","0","1"
"21","Šò•ŒŒ§","21205","ŠÖŽs","212050057001","Žõ’¬ˆê’š–Ú","35.478145","136.923444","0","3"
"21","Šò•ŒŒ§","21205","ŠÖŽs","212050057002","Žõ’¬“ñ’š–Ú","35.476733","136.924394","0","3"
"21","Šò•ŒŒ§","21205","ŠÖŽs","212050058000","¬”—ŠÔ","35.460461","136.931313","0","1"
"21","Šò•ŒŒ§","21205","ŠÖŽs","212050059000","¬–ö’¬","35.485074","136.918547","0","1"
"21","Šò•ŒŒ§","21205","ŠÖŽs","212050060000","¼å–[","35.492056","136.904549","0","1"
"21","Šò•ŒŒ§","21205","ŠÖŽs","212050061001","‰h’¬ˆê’š–Ú","35.487120","136.911319","0","3"
"21","Šò•ŒŒ§","21205","ŠÖŽs","212050061002","‰h’¬“ñ’š–Ú","35.486874","136.909761","0","3"
"21","Šò•ŒŒ§","21205","ŠÖŽs","212050061003","‰h’¬ŽO’š–Ú","35.485750","136.906433","0","3"
"21","Šò•ŒŒ§","21205","ŠÖŽs","212050061004","‰h’¬Žl’š–Ú","35.485752","136.901200","0","3"
"21","Šò•ŒŒ§","21205","ŠÖŽs","212050061005","‰h’¬ŒÜ’š–Ú","35.485317","136.896820","0","3"
"21","Šò•ŒŒ§","21205","ŠÖŽs","212050062000","â‰º’¬","35.487877","136.913915","0","1"
"21","Šò•ŒŒ§","21205","ŠÖŽs","212050063001","÷ƒP‹uˆê’š–Ú","35.474854","136.927459","0","3"
"21","Šò•ŒŒ§","21205","ŠÖŽs","212050063002","÷ƒP‹u“ñ’š–Ú","35.475010","136.929549","0","3"
"21","Šò•ŒŒ§","21205","ŠÖŽs","212050063003","÷ƒP‹uŽO’š–Ú","35.473044","136.929891","0","3"
"21","Šò•ŒŒ§","21205","ŠÖŽs","212050064000","÷–Ø’¬","35.481178","136.916557","0","1"
"21","Šò•ŒŒ§","21205","ŠÖŽs","212050065001","÷‘äˆê’š–Ú","35.468096","136.926572","0","3"
"21","Šò•ŒŒ§","21205","ŠÖŽs","212050065002","÷‘ä“ñ’š–Ú","35.466134","136.925720","0","3"
"21","Šò•ŒŒ§","21205","ŠÖŽs","212050065003","÷‘äŽO’š–Ú","35.465167","136.928998","0","3"
"21","Šò•ŒŒ§","21205","ŠÖŽs","212050065004","÷‘äŽl’š–Ú","35.465924","136.931187","0","3"
"21","Šò•ŒŒ§","21205","ŠÖŽs","212050066001","÷–{’¬ˆê’š–Ú","35.488544","136.911838","0","3"
"21","Šò•ŒŒ§","21205","ŠÖŽs","212050066002","÷–{’¬“ñ’š–Ú","35.490748","136.911039","0","3"
"21","Šò•ŒŒ§","21205","ŠÖŽs","212050067001","ŽR‰¤’Êˆê’š–Ú","35.487474","136.897933","0","3"
"21","Šò•ŒŒ§","21205","ŠÖŽs","212050067002","ŽR‰¤’Ê“ñ’š–Ú","35.489931","136.898855","0","3"
"21","Šò•ŒŒ§","21205","ŠÖŽs","212050068000","ŽR‰¤’Ê¼","35.487332","136.895829","0","1"
"21","Šò•ŒŒ§","21205","ŠÖŽs","212050069000","Žl‹Gƒm‘ä","35.460750","136.893185","0","1"
"21","Šò•ŒŒ§","21205","ŠÖŽs","212050070000","\Œ¬’¬","35.485197","136.913783","0","1"
"21","Šò•ŒŒ§","21205","ŠÖŽs","212050071000","Žu’Ã–ì","35.516381","136.952302","0","1"
"21","Šò•ŒŒ§","21205","ŠÖŽs","212050072000","Ž›“à’¬","35.480935","136.915027","0","1"
"21","Šò•ŒŒ§","21205","ŠÖŽs","212050073000","´…’¬","35.477956","136.917840","0","1"
"21","Šò•ŒŒ§","21205","ŠÖŽs","212050074000","‰º—L’m","35.510746","136.920413","0","1"
"21","Šò•ŒŒ§","21205","ŠÖŽs","212050075000","‰º”’‹à","35.473426","136.852028","0","1"
"21","Šò•ŒŒ§","21205","ŠÖŽs","212050076000","‰º”V•Û","35.559300","136.982536","0","1"
"21","Šò•ŒŒ§","21205","ŠÖŽs","212050077000","\ŽO’Ë–k","35.489210","136.896785","0","1"
"21","Šò•ŒŒ§","21205","ŠÖŽs","212050078000","\ŽO’Ë’¬","35.486658","136.894823","0","1"
"21","Šò•ŒŒ§","21205","ŠÖŽs","212050079000","\ŽO’Ë“ì","35.485500","136.894594","0","1"
"21","Šò•ŒŒ§","21205","ŠÖŽs","212050080000","\˜ZŠ","35.479624","136.907882","0","1"
"21","Šò•ŒŒ§","21205","ŠÖŽs","212050081000","”’ì’¬","35.485334","136.916737","0","1"
"21","Šò•ŒŒ§","21205","ŠÖŽs","212050082000","V“c","35.485839","136.891892","0","1"
"21","Šò•ŒŒ§","21205","ŠÖŽs","212050083000","V”—ŠÔ","35.444012","136.946250","0","1"
"21","Šò•ŒŒ§","21205","ŠÖŽs","212050084000","V–x’¬","35.478786","136.922964","0","1"
"21","Šò•ŒŒ§","21205","ŠÖŽs","212050085000","V’¬","35.484435","136.919848","0","1"
"21","Šò•ŒŒ§","21205","ŠÖŽs","212050086001","_–¾’¬ˆê’š–Ú","35.475817","136.922057","0","3"
"21","Šò•ŒŒ§","21205","ŠÖŽs","212050086002","_–¾’¬“ñ’š–Ú","35.475051","136.923253","0","3"
"21","Šò•ŒŒ§","21205","ŠÖŽs","212050086003","_–¾’¬ŽO’š–Ú","35.474760","136.924440","0","3"
"21","Šò•ŒŒ§","21205","ŠÖŽs","212050086004","_–¾’¬Žl’š–Ú","35.474933","136.920151","0","3"
"21","Šò•ŒŒ§","21205","ŠÖŽs","212050087000","––L’¬","35.484977","136.921126","0","1"
"21","Šò•ŒŒ§","21205","ŠÖŽs","212050088000","Z‹g’¬","35.483660","136.921123","0","1"
"21","Šò•ŒŒ§","21205","ŠÖŽs","212050089000","´‘ Ž›","35.484344","136.907784","0","1"
"21","Šò•ŒŒ§","21205","ŠÖŽs","212050090001","ŠÖŒû’¬ˆê’š–Ú","35.480370","136.928430","0","3"
"21","Šò•ŒŒ§","21205","ŠÖŽs","212050090002","ŠÖŒû’¬“ñ’š–Ú","35.480301","136.930702","0","3"
"21","Šò•ŒŒ§","21205","ŠÖŽs","212050090004","ŠÖŒû’¬Žl’š–Ú","35.480235","136.932215","0","3"
"21","Šò•ŒŒ§","21205","ŠÖŽs","212050091001","ŠÖƒmãˆê’š–Ú","35.523400","136.911848","0","3"
"21","Šò•ŒŒ§","21205","ŠÖŽs","212050091002","ŠÖƒmã“ñ’š–Ú","35.522329","136.913030","0","3"
"21","Šò•ŒŒ§","21205","ŠÖŽs","212050091003","ŠÖƒmãŽO’š–Ú","35.524254","136.914950","0","3"
"21","Šò•ŒŒ§","21205","ŠÖŽs","212050092001","ç”N’¬ˆê’š–Ú","35.485079","136.917743","0","3"
"21","Šò•ŒŒ§","21205","ŠÖŽs","212050092002","ç”N’¬“ñ’š–Ú","35.483990","136.917684","0","3"
"21","Šò•ŒŒ§","21205","ŠÖŽs","212050092003","ç”N’¬ŽO’š–Ú","35.482794","136.917601","0","3"
"21","Šò•ŒŒ§","21205","ŠÖŽs","212050093000","ç•D","35.494162","136.862222","0","1"
"21","Šò•ŒŒ§","21205","ŠÖŽs","212050094001","ç•D–kˆê’š–Ú","35.493652","136.856753","0","3"
"21","Šò•ŒŒ§","21205","ŠÖŽs","212050094002","ç•D–k“ñ’š–Ú","35.495311","136.857421","0","3"
"21","Šò•ŒŒ§","21205","ŠÖŽs","212050095000","‘¤“‡","35.472422","136.839934","0","1"
"21","Šò•ŒŒ§","21205","ŠÖŽs","212050096000","‘å•½‘ä","35.496837","136.859722","0","1"
"21","Šò•ŒŒ§","21205","ŠÖŽs","212050097001","‘å•½’¬ˆê’š–Ú","35.484231","136.925144","0","3"
"21","Šò•ŒŒ§","21205","ŠÖŽs","212050097002","‘å•½’¬“ñ’š–Ú","35.482811","136.924342","0","3"
"21","Šò•ŒŒ§","21205","ŠÖŽs","212050097003","‘å•½’¬ŽO’š–Ú","35.481712","136.924058","0","3"
"21","Šò•ŒŒ§","21205","ŠÖŽs","212050098001","‘å–å’¬ˆê’š–Ú","35.481163","136.921491","0","3"
"21","Šò•ŒŒ§","21205","ŠÖŽs","212050098002","‘å–å’¬“ñ’š–Ú","35.481036","136.922492","0","3"
"21","Šò•ŒŒ§","21205","ŠÖŽs","212050098003","‘å–å’¬ŽO’š–Ú","35.480310","136.924016","0","3"
"21","Šò•ŒŒ§","21205","ŠÖŽs","212050099000","•óŽR’¬","35.479984","136.911370","0","1"
"21","Šò•ŒŒ§","21205","ŠÖŽs","212050100000","’GØ–k","35.494500","136.908301","0","1"
"21","Šò•ŒŒ§","21205","ŠÖŽs","212050101000","’GØ“ì","35.491738","136.908857","0","1"
"21","Šò•ŒŒ§","21205","ŠÖŽs","212050102000","’i‰º","35.484141","136.895952","0","1"
"21","Šò•ŒŒ§","21205","ŠÖŽs","212050103000","—ÍŽR","35.483534","136.904819","0","1"
"21","Šò•ŒŒ§","21205","ŠÖŽs","212050104000","ŒŽŒ©’¬","35.481428","136.919173","0","1"
"21","Šò•ŒŒ§","21205","ŠÖŽs","212050105000","’ÒˆäŒË’¬","35.487880","136.909403","0","1"
"21","Šò•ŒŒ§","21205","ŠÖŽs","212050106001","’Ã•Ûì‘äˆê’š–Ú","35.474264","136.867304","0","3"
"21","Šò•ŒŒ§","21205","ŠÖŽs","212050106002","’Ã•Ûì‘ä“ñ’š–Ú","35.472101","136.866565","0","3"
"21","Šò•ŒŒ§","21205","ŠÖŽs","212050107000","o—ˆ’¬","35.485827","136.922789","0","1"
"21","Šò•ŒŒ§","21205","ŠÖŽs","212050108001","Ž›“cˆê’š–Ú","35.509006","136.916017","0","3"
"21","Šò•ŒŒ§","21205","ŠÖŽs","212050108002","Ž›“c“ñ’š–Ú","35.508176","136.916584","0","3"
"21","Šò•ŒŒ§","21205","ŠÖŽs","212050109001","“V“¿’¬ˆê’š–Ú","35.477312","136.932495","0","3"
"21","Šò•ŒŒ§","21205","ŠÖŽs","212050109002","“V“¿’¬“ñ’š–Ú","35.476202","136.932420","0","3"
"21","Šò•ŒŒ§","21205","ŠÖŽs","212050110000","“g‘å’n","35.451006","136.901568","0","1"
"21","Šò•ŒŒ§","21205","ŠÖŽs","212050111001","“ŒV’¬ˆê’š–Ú","35.481245","136.930926","0","3"
"21","Šò•ŒŒ§","21205","ŠÖŽs","212050111002","“ŒV’¬“ñ’š–Ú","35.481291","136.933254","0","3"
"21","Šò•ŒŒ§","21205","ŠÖŽs","212050111003","“ŒV’¬ŽO’š–Ú","35.480272","136.934324","0","3"
"21","Šò•ŒŒ§","21205","ŠÖŽs","212050111004","“ŒV’¬Žl’š–Ú","35.481783","136.936707","0","3"
"21","Šò•ŒŒ§","21205","ŠÖŽs","212050111005","“ŒV’¬ŒÜ’š–Ú","35.480304","136.937919","0","3"
"21","Šò•ŒŒ§","21205","ŠÖŽs","212050111006","“ŒV’¬˜Z’š–Ú","35.482464","136.940613","0","3"
"21","Šò•ŒŒ§","21205","ŠÖŽs","212050111007","“ŒV’¬Žµ’š–Ú","35.480273","136.941562","0","3"
"21","Šò•ŒŒ§","21205","ŠÖŽs","212050112000","“ƒƒm“´","35.502509","136.942332","0","1"
"21","Šò•ŒŒ§","21205","ŠÖŽs","212050113000","í”Õ’¬","35.484492","136.916835","0","1"
"21","Šò•ŒŒ§","21205","ŠÖŽs","212050114000","“fŒŽ’¬","35.485940","136.914033","0","1"
"21","Šò•ŒŒ§","21205","ŠÖŽs","212050115000","ŒË“c","35.482458","136.846732","0","1"
"21","Šò•ŒŒ§","21205","ŠÖŽs","212050116000","•x”V•Û","35.608713","136.996182","0","1"
"21","Šò•ŒŒ§","21205","ŠÖŽs","212050117000","•x–{’¬","35.484519","136.918572","0","1"
"21","Šò•ŒŒ§","21205","ŠÖŽs","212050118001","–L‰ª’¬ˆê’š–Ú","35.478826","136.930608","0","3"
"21","Šò•ŒŒ§","21205","ŠÖŽs","212050118002","–L‰ª’¬“ñ’š–Ú","35.476806","136.930430","0","3"
"21","Šò•ŒŒ§","21205","ŠÖŽs","212050118003","–L‰ª’¬ŽO’š–Ú","35.475073","136.931599","0","3"
"21","Šò•ŒŒ§","21205","ŠÖŽs","212050118004","–L‰ª’¬Žl’š–Ú","35.472835","136.931479","0","3"
"21","Šò•ŒŒ§","21205","ŠÖŽs","212050119000","–Lì’¬","35.480191","136.920407","0","1"
"21","Šò•ŒŒ§","21205","ŠÖŽs","212050120000","’·Z’¬","35.482532","136.923084","0","1"
"21","Šò•ŒŒ§","21205","ŠÖŽs","212050121000","’†”V•Û","35.578285","137.045413","0","1"
"21","Šò•ŒŒ§","21205","ŠÖŽs","212050122000","’†•Ÿ–ì’¬","35.487811","136.904320","0","1"
"21","Šò•ŒŒ§","21205","ŠÖŽs","212050123000","’‡’¬","35.486149","136.928798","0","1"
"21","Šò•ŒŒ§","21205","ŠÖŽs","212050124000","¼ˆ®ƒP‹u","35.482356","136.925456","0","1"
"21","Šò•ŒŒ§","21205","ŠÖŽs","212050125000","¼‹•~","35.481763","136.907037","0","1"
"21","Šò•ŒŒ§","21205","ŠÖŽs","212050126000","“øƒP‹u–k","35.471182","136.865611","0","1"
"21","Šò•ŒŒ§","21205","ŠÖŽs","212050127000","“øƒP‹u“ì","35.467300","136.866588","0","1"
"21","Šò•ŒŒ§","21205","ŠÖŽs","212050128000","¼Œ‡ƒm‰º","35.477955","136.919380","0","1"
"21","Šò•ŒŒ§","21205","ŠÖŽs","212050129000","¼‘Ýã","35.494278","136.909868","0","1"
"21","Šò•ŒŒ§","21205","ŠÖŽs","212050130000","¼_–ì","35.532352","136.960760","0","1"
"21","Šò•ŒŒ§","21205","ŠÖŽs","212050131000","¼–ØŒË’¬","35.488315","136.912797","0","1"
"21","Šò•ŒŒ§","21205","ŠÖŽs","212050132000","¼‹«¼’¬","35.496963","136.909864","0","1"
"21","Šò•ŒŒ§","21205","ŠÖŽs","212050133000","¼“cŒ´","35.456396","136.942831","0","1"
"21","Šò•ŒŒ§","21205","ŠÖŽs","212050134000","¼“ú‹g’¬","35.489170","136.914749","0","1"
"21","Šò•ŒŒ§","21205","ŠÖŽs","212050135001","¼•Ÿ–ì’¬ˆê’š–Ú","35.487440","136.902162","0","3"
"21","Šò•ŒŒ§","21205","ŠÖŽs","212050135002","¼•Ÿ–ì’¬“ñ’š–Ú","35.487483","136.900232","0","3"
"21","Šò•ŒŒ§","21205","ŠÖŽs","212050136000","¼–{‹½","35.495257","136.919577","0","1"
"21","Šò•ŒŒ§","21205","ŠÖŽs","212050137001","¼–{‹½’Êˆê’š–Ú","35.493229","136.912517","0","3"
"21","Šò•ŒŒ§","21205","ŠÖŽs","212050137002","¼–{‹½’Ê“ñ’š–Ú","35.493292","136.914157","0","3"
"21","Šò•ŒŒ§","21205","ŠÖŽs","212050137003","¼–{‹½’ÊŽO’š–Ú","35.493077","136.916386","0","3"
"21","Šò•ŒŒ§","21205","ŠÖŽs","212050137004","¼–{‹½’ÊŽl’š–Ú","35.492878","136.918344","0","3"
"21","Šò•ŒŒ§","21205","ŠÖŽs","212050137005","¼–{‹½’ÊŒÜ’š–Ú","35.491581","136.920001","0","3"
"21","Šò•ŒŒ§","21205","ŠÖŽs","212050137006","¼–{‹½’Ê˜Z’š–Ú","35.490504","136.922281","0","3"
"21","Šò•ŒŒ§","21205","ŠÖŽs","212050137007","¼–{‹½’ÊŽµ’š–Ú","35.489516","136.924436","0","3"
"21","Šò•ŒŒ§","21205","ŠÖŽs","212050138000","¼’¬","35.485526","136.925304","0","1"
"21","Šò•ŒŒ§","21205","ŠÖŽs","212050139000","¼–å‘O’¬","35.483679","136.922494","0","1"
"21","Šò•ŒŒ§","21205","ŠÖŽs","212050140000","‚Ì‚¼‚ÝƒP‹u","35.515089","136.925538","0","1"
"21","Šò•ŒŒ§","21205","ŠÖŽs","212050141000","”~—³Ž›ŽR","35.479381","136.921299","0","1"
"21","Šò•ŒŒ§","21205","ŠÖŽs","212050142000","”—ŠÔ","35.441407","136.927335","0","1"
"21","Šò•ŒŒ§","21205","ŠÖŽs","212050143001","”—ŠÔ‘äˆê’š–Ú","35.452167","136.924228","0","3"
"21","Šò•ŒŒ§","21205","ŠÖŽs","212050143002","”—ŠÔ‘ä“ñ’š–Ú","35.450397","136.927010","0","3"
"21","Šò•ŒŒ§","21205","ŠÖŽs","212050144000","’·’JŽ›’¬","35.484511","136.923444","0","1"
"21","Šò•ŒŒ§","21205","ŠÖŽs","212050145000","‰Ô‰€’¬","35.484559","136.926035","0","1"
"21","Šò•ŒŒ§","21205","ŠÖŽs","212050146001","‹Ðˆê’š–Ú","35.484565","136.891584","0","3"
"21","Šò•ŒŒ§","21205","ŠÖŽs","212050146002","‹Ð“ñ’š–Ú","35.484462","136.887315","0","3"
"21","Šò•ŒŒ§","21205","ŠÖŽs","212050146003","‹ÐŽO’š–Ú","35.483889","136.881131","0","3"
"21","Šò•ŒŒ§","21205","ŠÖŽs","212050147000","”nêo","35.481978","136.903660","0","1"
"21","Šò•ŒŒ§","21205","ŠÖŽs","212050148001","t—¢’¬ˆê’š–Ú","35.479623","136.925746","0","3"
"21","Šò•ŒŒ§","21205","ŠÖŽs","212050148002","t—¢’¬“ñ’š–Ú","35.478378","136.925799","0","3"
"21","Šò•ŒŒ§","21205","ŠÖŽs","212050148003","t—¢’¬ŽO’š–Ú","35.476758","136.926160","0","3"
"21","Šò•ŒŒ§","21205","ŠÖŽs","212050149000","“Œ‘Ýã","35.494242","136.911349","0","1"
"21","Šò•ŒŒ§","21205","ŠÖŽs","212050150000","“Œ÷’¬","35.491044","136.912196","0","1"
"21","Šò•ŒŒ§","21205","ŠÖŽs","212050151000","“ŒŽu–€","35.514386","136.898458","0","1"
"21","Šò•ŒŒ§","21205","ŠÖŽs","212050152000","“Œå–[","35.491327","136.907522","0","1"
"21","Šò•ŒŒ§","21205","ŠÖŽs","212050153000","“Œ“cŒ´","35.461507","136.957682","0","1"
"21","Šò•ŒŒ§","21205","ŠÖŽs","212050154000","“Œo’¬","35.484824","136.937112","0","1"
"21","Šò•ŒŒ§","21205","ŠÖŽs","212050155000","“Œ–ì’¬","35.490001","136.940370","0","1"
"21","Šò•ŒŒ§","21205","ŠÖŽs","212050156000","“Œ“ú‹g’¬","35.488060","136.915593","0","1"
"21","Šò•ŒŒ§","21205","ŠÖŽs","212050157000","“Œ•Ÿ–ì’¬","35.487938","136.905889","0","1"
"21","Šò•ŒŒ§","21205","ŠÖŽs","212050158000","“Œ–{‹½","35.492837","136.927203","0","1"
"21","Šò•ŒŒ§","21205","ŠÖŽs","212050159001","“Œ–{‹½’Êˆê’š–Ú","35.488620","136.931926","0","3"
"21","Šò•ŒŒ§","21205","ŠÖŽs","212050159002","“Œ–{‹½’Ê“ñ’š–Ú","35.488933","136.933500","0","3"
"21","Šò•ŒŒ§","21205","ŠÖŽs","212050159003","“Œ–{‹½’ÊŽO’š–Ú","35.489188","136.934918","0","3"
"21","Šò•ŒŒ§","21205","ŠÖŽs","212050159004","“Œ–{‹½’ÊŽl’š–Ú","35.489456","136.936258","0","3"
"21","Šò•ŒŒ§","21205","ŠÖŽs","212050159005","“Œ–{‹½’ÊŒÜ’š–Ú","35.489710","136.937606","0","3"
"21","Šò•ŒŒ§","21205","ŠÖŽs","212050159006","“Œ–{‹½’Ê˜Z’š–Ú","35.489770","136.939028","0","3"
"21","Šò•ŒŒ§","21205","ŠÖŽs","212050160001","“Œ’¬ˆê’š–Ú","35.487242","136.933679","0","3"
"21","Šò•ŒŒ§","21205","ŠÖŽs","212050160002","“Œ’¬“ñ’š–Ú","35.487710","136.935245","0","3"
"21","Šò•ŒŒ§","21205","ŠÖŽs","212050160003","“Œ’¬ŽO’š–Ú","35.488211","136.936946","0","3"
"21","Šò•ŒŒ§","21205","ŠÖŽs","212050160004","“Œ’¬Žl’š–Ú","35.488554","136.938470","0","3"
"21","Šò•ŒŒ§","21205","ŠÖŽs","212050160005","“Œ’¬ŒÜ’š–Ú","35.488567","136.940286","0","3"
"21","Šò•ŒŒ§","21205","ŠÖŽs","212050161000","“Œ–å‘O’¬","35.483386","136.923370","0","1"
"21","Šò•ŒŒ§","21205","ŠÖŽs","212050162000","“ŒŽR","35.488385","136.943219","0","1"
"21","Šò•ŒŒ§","21205","ŠÖŽs","212050163001","“ŒŽRˆê’š–Ú","35.489795","136.943937","0","3"
"21","Šò•ŒŒ§","21205","ŠÖŽs","212050163002","“ŒŽR“ñ’š–Ú","35.490380","136.941694","0","3"
"21","Šò•ŒŒ§","21205","ŠÖŽs","212050163003","“ŒŽRŽO’š–Ú","35.492193","136.940956","0","3"
"21","Šò•ŒŒ§","21205","ŠÖŽs","212050163004","“ŒŽRŽl’š–Ú","35.491101","136.945902","0","3"
"21","Šò•ŒŒ§","21205","ŠÖŽs","212050164000","”ì“c£","35.476677","136.948315","0","1"
"21","Šò•ŒŒ§","21205","ŠÖŽs","212050165000","ˆêƒcŽR’¬","35.479331","136.916334","0","1"
"21","Šò•ŒŒ§","21205","ŠÖŽs","212050166001","“úƒmo’¬ˆê’š–Ú","35.483551","136.915154","0","3"
"21","Šò•ŒŒ§","21205","ŠÖŽs","212050166002","“úƒmo’¬“ñ’š–Ú","35.484298","136.912821","0","3"
"21","Šò•ŒŒ§","21205","ŠÖŽs","212050167001","•½‰ê’¬ˆê’š–Ú","35.484292","136.932147","0","3"
"21","Šò•ŒŒ§","21205","ŠÖŽs","212050167002","•½‰ê’¬“ñ’š–Ú","35.485839","136.933855","0","3"
"21","Šò•ŒŒ§","21205","ŠÖŽs","212050167003","•½‰ê’¬ŽO’š–Ú","35.486374","136.935885","0","3"
"21","Šò•ŒŒ§","21205","ŠÖŽs","212050167004","•½‰ê’¬Žl’š–Ú","35.486357","136.937608","0","3"
"21","Šò•ŒŒ§","21205","ŠÖŽs","212050167005","•½‰ê’¬ŒÜ’š–Ú","35.486975","136.939169","0","3"
"21","Šò•ŒŒ§","21205","ŠÖŽs","212050167006","•½‰ê’¬˜Z’š–Ú","35.486756","136.940539","0","3"
"21","Šò•ŒŒ§","21205","ŠÖŽs","212050167007","•½‰ê’¬Žµ’š–Ú","35.486484","136.943156","0","3"
"21","Šò•ŒŒ§","21205","ŠÖŽs","212050167008","•½‰ê’¬”ª’š–Ú","35.486870","136.947216","0","3"
"21","Šò•ŒŒ§","21205","ŠÖŽs","212050168000","LŒ©","35.511173","136.867803","0","1"
"21","Šò•ŒŒ§","21205","ŠÖŽs","212050169000","LŒ©–k’¬","35.516436","136.867424","0","1"
"21","Šò•ŒŒ§","21205","ŠÖŽs","212050170000","LŒ©“Œ’¬","35.513431","136.872150","0","1"
"21","Šò•ŒŒ§","21205","ŠÖŽs","212050171000","ŒÃ‰®•~’¬","35.481889","136.914398","0","1"
"21","Šò•ŒŒ§","21205","ŠÖŽs","212050172001","•½¬’Êˆê’š–Ú","35.471917","136.936422","0","3"
"21","Šò•ŒŒ§","21205","ŠÖŽs","212050172002","•½¬’Ê“ñ’š–Ú","35.472104","136.937318","0","3"
"21","Šò•ŒŒ§","21205","ŠÖŽs","212050173001","•½˜a’Êˆê’š–Ú","35.482402","136.919576","0","3"
"21","Šò•ŒŒ§","21205","ŠÖŽs","212050173002","•½˜a’Ê“ñ’š–Ú","35.482480","136.918323","0","3"
"21","Šò•ŒŒ§","21205","ŠÖŽs","212050173003","•½˜a’ÊŽO’š–Ú","35.482619","136.916247","0","3"
"21","Šò•ŒŒ§","21205","ŠÖŽs","212050173004","•½˜a’ÊŽl’š–Ú","35.482036","136.915211","0","3"
"21","Šò•ŒŒ§","21205","ŠÖŽs","212050173005","•½˜a’ÊŒÜ’š–Ú","35.483015","136.913633","0","3"
"21","Šò•ŒŒ§","21205","ŠÖŽs","212050173006","•½˜a’Ê˜Z’š–Ú","35.483193","136.912464","0","3"
"21","Šò•ŒŒ§","21205","ŠÖŽs","212050173007","•½˜a’ÊŽµ’š–Ú","35.484460","136.911062","0","3"
"21","Šò•ŒŒ§","21205","ŠÖŽs","212050173008","•½˜a’Ê”ª’š–Ú","35.485114","136.910038","0","3"
"21","Šò•ŒŒ§","21205","ŠÖŽs","212050174000","•Û–¾","35.472124","136.844122","0","1"
"21","Šò•ŒŒ§","21205","ŠÖŽs","212050175000","–kå–[","35.493875","136.906914","0","1"
"21","Šò•ŒŒ§","21205","ŠÖŽs","212050176000","¯ƒP‹u","35.489959","136.879016","0","1"
"21","Šò•ŒŒ§","21205","ŠÖŽs","212050177000","“´ŒËˆ¢•”","35.635252","136.810857","0","1"
"21","Šò•ŒŒ§","21205","ŠÖŽs","212050178000","“´ŒËŽsê","35.602968","136.815133","0","1"
"21","Šò•ŒŒ§","21205","ŠÖŽs","212050179000","“´ŒË‘å–ì","35.607774","136.843520","0","1"
"21","Šò•ŒŒ§","21205","ŠÖŽs","212050180000","“´ŒË”ö‘q","35.627383","136.819430","0","1"
"21","Šò•ŒŒ§","21205","ŠÖŽs","212050181000","“´ŒË¬£Œ©","35.657284","136.811328","0","1"
"21","Šò•ŒŒ§","21205","ŠÖŽs","212050182000","“´ŒË•Ð","35.616895","136.808480","0","1"
"21","Šò•ŒŒ§","21205","ŠÖŽs","212050183000","“´ŒËŒIŒ´","35.619832","136.836727","0","1"
"21","Šò•ŒŒ§","21205","ŠÖŽs","212050184000","“´ŒË•’J","35.606585","136.830717","0","1"
"21","Šò•ŒŒ§","21205","ŠÖŽs","212050185000","“´ŒË‚‰ê","35.650819","136.859708","0","1"
"21","Šò•ŒŒ§","21205","ŠÖŽs","212050186000","“´ŒË‚Œ©","35.646996","136.814808","0","1"
"21","Šò•ŒŒ§","21205","ŠÖŽs","212050187000","“´ŒË¬â","35.598190","136.839908","0","1"
"21","Šò•ŒŒ§","21205","ŠÖŽs","212050188000","“´ŒË›’J","35.586189","136.802499","0","1"
"21","Šò•ŒŒ§","21205","ŠÖŽs","212050189000","“´ŒË’ÊŒ³Ž›","35.610430","136.816413","0","1"
"21","Šò•ŒŒ§","21205","ŠÖŽs","212050190000","“´ŒË”ò£","35.618503","136.816551","0","1"
"21","Šò•ŒŒ§","21205","ŠÖŽs","212050191000","–{‹½’¬","35.487477","136.926498","0","1"
"21","Šò•ŒŒ§","21205","ŠÖŽs","212050192001","–{’¬ˆê’š–Ú","35.485512","136.920123","0","3"
"21","Šò•ŒŒ§","21205","ŠÖŽs","212050192002","–{’¬“ñ’š–Ú","35.485839","136.918646","0","3"
"21","Šò•ŒŒ§","21205","ŠÖŽs","212050192003","–{’¬ŽO’š–Ú","35.485885","136.917328","0","3"
"21","Šò•ŒŒ§","21205","ŠÖŽs","212050192004","–{’¬Žl’š–Ú","35.486188","136.916254","0","3"
"21","Šò•ŒŒ§","21205","ŠÖŽs","212050192005","–{’¬ŒÜ’š–Ú","35.486145","136.915333","0","3"
"21","Šò•ŒŒ§","21205","ŠÖŽs","212050192006","–{’¬˜Z’š–Ú","35.486725","136.914839","0","3"
"21","Šò•ŒŒ§","21205","ŠÖŽs","212050192007","–{’¬Žµ’š–Ú","35.486750","136.913923","0","3"
"21","Šò•ŒŒ§","21205","ŠÖŽs","212050192008","–{’¬”ª’š–Ú","35.486885","136.912761","0","3"
"21","Šò•ŒŒ§","21205","ŠÖŽs","212050193000","‘O’¬","35.483761","136.919483","0","1"
"21","Šò•ŒŒ§","21205","ŠÖŽs","212050194000","‘OŽR’¬","35.472327","136.911809","0","1"
"21","Šò•ŒŒ§","21205","ŠÖŽs","212050195000","‘·˜Z’¬","35.486968","136.915845","0","1"
"21","Šò•ŒŒ§","21205","ŠÖŽs","212050196000","…ƒm—Ö’¬","35.500716","136.909144","0","1"
"21","Šò•ŒŒ§","21205","ŠÖŽs","212050197000","”ü‰€’¬","35.482781","136.922035","0","1"
"21","Šò•ŒŒ§","21205","ŠÖŽs","212050198001","—ÎƒP‹uˆê’š–Ú","35.490073","136.903191","0","3"
"21","Šò•ŒŒ§","21205","ŠÖŽs","212050198002","—ÎƒP‹u“ñ’š–Ú","35.492148","136.901256","0","3"
"21","Šò•ŒŒ§","21205","ŠÖŽs","212050199001","—Î’¬ˆê’š–Ú","35.488570","136.908761","0","3"
"21","Šò•ŒŒ§","21205","ŠÖŽs","212050199002","—Î’¬“ñ’š–Ú","35.488329","136.907237","0","3"
"21","Šò•ŒŒ§","21205","ŠÖŽs","212050200000","“ì‘Ýã","35.491879","136.910130","0","1"
"21","Šò•ŒŒ§","21205","ŠÖŽs","212050201000","“ìt“ú’¬","35.481986","136.916584","0","1"
"21","Šò•ŒŒ§","21205","ŠÖŽs","212050202000","“ìå–[","35.490829","136.906276","0","1"
"21","Šò•ŒŒ§","21205","ŠÖŽs","212050203000","“ìo","35.482514","136.931032","0","1"
"21","Šò•ŒŒ§","21205","ŠÖŽs","212050204001","“ì“V_ˆê’š–Ú","35.478302","136.933780","0","3"
"21","Šò•ŒŒ§","21205","ŠÖŽs","212050204002","“ì“V_“ñ’š–Ú","35.477845","136.935260","0","3"
"21","Šò•ŒŒ§","21205","ŠÖŽs","212050204003","“ì“V_ŽO’š–Ú","35.477855","136.933577","0","3"
"21","Šò•ŒŒ§","21205","ŠÖŽs","212050205001","“ì’¬ˆê’š–Ú","35.478214","136.920515","0","3"
"21","Šò•ŒŒ§","21205","ŠÖŽs","212050206001","‹{‰Í’¬ˆê’š–Ú","35.468406","136.933434","0","3"
"21","Šò•ŒŒ§","21205","ŠÖŽs","212050206002","‹{‰Í’¬“ñ’š–Ú","35.468100","136.935698","0","3"
"21","Šò•ŒŒ§","21205","ŠÖŽs","212050207000","‹{’n’¬","35.480911","136.925813","0","1"
"21","Šò•ŒŒ§","21205","ŠÖŽs","212050208000","”ü˜a’¬","35.484798","136.922300","0","1"
"21","Šò•ŒŒ§","21205","ŠÖŽs","212050209000","Œü¼å–[","35.493545","136.904868","0","1"
"21","Šò•ŒŒ§","21205","ŠÖŽs","212050210000","•Œ|ì’¬Õ•”","35.515762","136.849545","0","1"
"21","Šò•ŒŒ§","21205","ŠÖŽs","212050211000","•Œ|ì’¬‰F‘½‰@","35.536365","136.822139","0","1"
"21","Šò•ŒŒ§","21205","ŠÖŽs","212050212000","•Œ|ì’¬¬’m–ì","35.544517","136.842943","0","1"
"21","Šò•ŒŒ§","21205","ŠÖŽs","212050213000","•Œ|ì’¬‚–ì","35.524239","136.855004","0","1"
"21","Šò•ŒŒ§","21205","ŠÖŽs","212050214000","•Œ|ì’¬’JŒû","35.565383","136.830241","0","1"
"21","Šò•ŒŒ§","21205","ŠÖŽs","212050215000","•Œ|ì’¬”ª”¦","35.536496","136.850785","0","1"
"21","Šò•ŒŒ§","21205","ŠÖŽs","212050216000","•Œ|ì’¬•½","35.527619","136.835055","0","1"
"21","Šò•ŒŒ§","21205","ŠÖŽs","212050217001","ŒüŽR’¬ˆê’š–Ú","35.454573","136.902295","0","3"
"21","Šò•ŒŒ§","21205","ŠÖŽs","212050217002","ŒüŽR’¬“ñ’š–Ú","35.455514","136.903184","0","3"
"21","Šò•ŒŒ§","21205","ŠÖŽs","212050217003","ŒüŽR’¬ŽO’š–Ú","35.452652","136.903271","0","3"
"21","Šò•ŒŒ§","21205","ŠÖŽs","212050217004","ŒüŽR’¬Žl’š–Ú","35.453384","136.905272","0","3"
"21","Šò•ŒŒ§","21205","ŠÖŽs","212050218001","–¾¶’¬ˆê’š–Ú","35.474457","136.925356","0","3"
"21","Šò•ŒŒ§","21205","ŠÖŽs","212050218002","–¾¶’¬“ñ’š–Ú","35.473973","136.926711","0","3"
"21","Šò•ŒŒ§","21205","ŠÖŽs","212050218003","–¾¶’¬ŽO’š–Ú","35.472730","136.927491","0","3"
"21","Šò•ŒŒ§","21205","ŠÖŽs","212050218004","–¾¶’¬Žl’š–Ú","35.471122","136.927773","0","3"
"21","Šò•ŒŒ§","21205","ŠÖŽs","212050218005","–¾¶’¬ŒÜ’š–Ú","35.472512","136.924340","0","3"
"21","Šò•ŒŒ§","21205","ŠÖŽs","212050219000","Œ³d’¬","35.490112","136.913116","0","1"
"21","Šò•ŒŒ§","21205","ŠÖŽs","212050220000","X¼’¬","35.486037","136.910448","0","1"
"21","Šò•ŒŒ§","21205","ŠÖŽs","212050221000","–ö’¬","35.483450","136.910053","0","1"
"21","Šò•ŒŒ§","21205","ŠÖŽs","212050222000","ŽR“c","35.467386","136.877327","0","1"
"21","Šò•ŒŒ§","21205","ŠÖŽs","212050223001","ŽRƒmŽèˆê’š–Ú","35.486476","136.920183","0","3"
"21","Šò•ŒŒ§","21205","ŠÖŽs","212050223002","ŽRƒmŽè“ñ’š–Ú","35.486491","136.918745","0","3"
"21","Šò•ŒŒ§","21205","ŠÖŽs","212050223003","ŽRƒmŽèŽO’š–Ú","35.486542","136.917505","0","3"
"21","Šò•ŒŒ§","21205","ŠÖŽs","212050224001","–í¶’¬ˆê’š–Ú","35.479484","136.928229","0","3"
"21","Šò•ŒŒ§","21205","ŠÖŽs","212050224002","–í¶’¬“ñ’š–Ú","35.478326","136.928286","0","3"
"21","Šò•ŒŒ§","21205","ŠÖŽs","212050224003","–í¶’¬ŽO’š–Ú","35.477249","136.928270","0","3"
"21","Šò•ŒŒ§","21205","ŠÖŽs","212050224004","–í¶’¬Žl’š–Ú","35.476310","136.928257","0","3"
"21","Šò•ŒŒ§","21205","ŠÖŽs","212050225000","—Y”òƒP‹u","35.484455","136.901482","0","1"
"21","Šò•ŒŒ§","21205","ŠÖŽs","212050226000","‹g–ì’¬","35.486509","136.931467","0","1"
"21","Šò•ŒŒ§","21205","ŠÖŽs","212050227000","‹g–{’¬","35.485525","136.926658","0","1"
"21","Šò•ŒŒ§","21205","ŠÖŽs","212050228001","Žá‘’Êˆê’š–Ú","35.495544","136.913797","0","3"
"21","Šò•ŒŒ§","21205","ŠÖŽs","212050228002","Žá‘’Ê“ñ’š–Ú","35.495735","136.915632","0","3"
"21","Šò•ŒŒ§","21205","ŠÖŽs","212050228003","Žá‘’ÊŽO’š–Ú","35.495519","136.917986","0","3"
"21","Šò•ŒŒ§","21205","ŠÖŽs","212050228005","Žá‘’ÊŒÜ’š–Ú","35.494185","136.921070","0","3"
"21","Šò•ŒŒ§","21205","ŠÖŽs","212050229000","Žá‹{’¬","35.487719","136.912032","0","1"
"21","Šò•ŒŒ§","21205","ŠÖŽs","212050230001","Š}‰®ˆê’š–Ú","35.477584","136.937214","1","3"
"21","Šò•ŒŒ§","21205","ŠÖŽs","212050230002","Š}‰®“ñ’š–Ú","35.477583","136.938872","3","3"
"21","Šò•ŒŒ§","21206","’†’ÃìŽs","212060001000","ˆ¢–Ø","35.401929","137.516414","0","1"
"21","Šò•ŒŒ§","21206","’†’ÃìŽs","212060002000","”ÑÀ","35.422660","137.472622","0","1"
"21","Šò•ŒŒ§","21206","’†’ÃìŽs","212060003000","ã–ì","35.600572","137.482670","0","1"
"21","Šò•ŒŒ§","21206","’†’ÃìŽs","212060004000","‚¦‚Ñ‚·’¬","35.495787","137.505988","0","1"
"21","Šò•ŒŒ§","21206","’†’ÃìŽs","212060005001","‘¾“c’¬ˆê’š–Ú","35.500783","137.506323","0","3"
"21","Šò•ŒŒ§","21206","’†’ÃìŽs","212060005002","‘¾“c’¬“ñ’š–Ú","35.499761","137.503849","0","3"
"21","Šò•ŒŒ§","21206","’†’ÃìŽs","212060005003","‘¾“c’¬ŽO’š–Ú","35.497792","137.502796","0","3"
"21","Šò•ŒŒ§","21206","’†’ÃìŽs","212060006000","¬ì’¬","35.500961","137.501102","0","1"
"21","Šò•ŒŒ§","21206","’†’ÃìŽs","212060007000","—Ž‡","35.497236","137.550542","0","1"
"21","Šò•ŒŒ§","21206","’†’ÃìŽs","212060008000","‰ÁŽq•ê","35.733716","137.401406","0","1"
"21","Šò•ŒŒ§","21206","’†’ÃìŽs","212060009000","‚©‚â‚Ì–Ø’¬","35.486456","137.500888","0","1"
"21","Šò•ŒŒ§","21206","’†’ÃìŽs","212060010000","ìã","35.636974","137.508192","0","1"
"21","Šò•ŒŒ§","21206","’†’ÃìŽs","212060011000","–k–ì’¬","35.504147","137.501243","0","1"
"21","Šò•ŒŒ§","21206","’†’ÃìŽs","212060012000","‹îê","35.494965","137.478459","0","1"
"21","Šò•ŒŒ§","21206","’†’ÃìŽs","212060013000","‹îê’¬","35.491468","137.496712","0","1"
"21","Šò•ŒŒ§","21206","’†’ÃìŽs","212060014000","‰h’¬","35.502482","137.504549","0","1"
"21","Šò•ŒŒ§","21206","’†’ÃìŽs","212060015000","â‰º","35.574018","137.512804","0","1"
"21","Šò•ŒŒ§","21206","’†’ÃìŽs","212060016000","‰º–ì","35.586539","137.467015","0","1"
"21","Šò•ŒŒ§","21206","’†’ÃìŽs","212060017000","º˜a’¬","35.492111","137.504849","0","1"
"21","Šò•ŒŒ§","21206","’†’ÃìŽs","212060018000","V’¬","35.497194","137.505093","0","1"
"21","Šò•ŒŒ§","21206","’†’ÃìŽs","212060019000","£ŒË","35.527499","137.520558","0","1"
"21","Šò•ŒŒ§","21206","’†’ÃìŽs","212060020000","ç’U—Ñ","35.476103","137.467980","0","1"
"21","Šò•ŒŒ§","21206","’†’ÃìŽs","212060021000","‚ŽR","35.534692","137.431558","0","1"
"21","Šò•ŒŒ§","21206","’†’ÃìŽs","212060022000","“c£","35.629438","137.473364","0","1"
"21","Šò•ŒŒ§","21206","’†’ÃìŽs","212060023000","•t’m’¬","35.664541","137.439574","0","1"
"21","Šò•ŒŒ§","21206","’†’ÃìŽs","212060024000","’Ã“‡’¬","35.493449","137.494278","0","1"
"21","Šò•ŒŒ§","21206","’†’ÃìŽs","212060025000","Žè‰ê–ì","35.463705","137.501971","0","1"
"21","Šò•ŒŒ§","21206","’†’ÃìŽs","212060026000","•c–Ø","35.531772","137.472815","0","1"
"21","Šò•ŒŒ§","21206","’†’ÃìŽs","212060027000","’†ˆêF’¬","35.491373","137.510108","0","1"
"21","Šò•ŒŒ§","21206","’†’ÃìŽs","212060028000","’†ì’¬","35.505808","137.504065","0","1"
"21","Šò•ŒŒ§","21206","’†’ÃìŽs","212060029000","’†’Ãì","35.455883","137.544713","0","1"
"21","Šò•ŒŒ§","21206","’†’ÃìŽs","212060030000","‰ÖŽqì","35.465086","137.456551","0","1"
"21","Šò•ŒŒ§","21206","’†’ÃìŽs","212060031000","¼‹{’¬","35.493472","137.503109","0","1"
"21","Šò•ŒŒ§","21206","’†’ÃìŽs","212060032000","”ª”¦’¬","35.490441","137.502528","0","1"
"21","Šò•ŒŒ§","21206","’†’ÃìŽs","212060033000","‰ÔŒË’¬","35.494246","137.507100","0","1"
"21","Šò•ŒŒ§","21206","’†’ÃìŽs","212060034000","“Œ’¬","35.498421","137.509427","0","1"
"21","Šò•ŒŒ§","21206","’†’ÃìŽs","212060035000","“Œ‹{’¬","35.496164","137.509702","0","1"
"21","Šò•ŒŒ§","21206","’†’ÃìŽs","212060036000","“ú‚Ìo’¬","35.492951","137.511342","0","1"
"21","Šò•ŒŒ§","21206","’†’ÃìŽs","212060037000","•gì","35.523642","137.383010","0","1"
"21","Šò•ŒŒ§","21206","’†’ÃìŽs","212060038000","•Ÿ‰ª","35.578346","137.427377","0","1"
"21","Šò•ŒŒ§","21206","’†’ÃìŽs","212060039001","–{’¬ˆê’š–Ú","35.496632","137.501905","0","3"
"21","Šò•ŒŒ§","21206","’†’ÃìŽs","212060039002","–{’¬“ñ’š–Ú","35.494919","137.502542","0","3"
"21","Šò•ŒŒ§","21206","’†’ÃìŽs","212060039003","–{’¬ŽO’š–Ú","35.495221","137.499876","0","3"
"21","Šò•ŒŒ§","21206","’†’ÃìŽs","212060039004","–{’¬Žl’š–Ú","35.492306","137.500370","0","3"
"21","Šò•ŒŒ§","21206","’†’ÃìŽs","212060040000","”nâÄ","35.528394","137.565270","0","1"
"21","Šò•ŒŒ§","21206","’†’ÃìŽs","212060041000","_â","35.489982","137.596985","0","1"
"21","Šò•ŒŒ§","21206","’†’ÃìŽs","212060042000","‹{‘O’¬","35.505091","137.506531","0","1"
"21","Šò•ŒŒ§","21206","’†’ÃìŽs","212060043000","“ŽR’¬","35.498738","137.499577","0","1"
"21","Šò•ŒŒ§","21206","’†’ÃìŽs","212060044000","–ö’¬","35.493845","137.497382","0","1"
"21","Šò•ŒŒ§","21206","’†’ÃìŽs","212060045000","ŽRŒû","35.560180","137.552868","0","1"
"21","Šò•ŒŒ§","21206","’†’ÃìŽs","212060046000","—„ì’¬","35.498236","137.507512","0","1"
"21","Šò•ŒŒ§","21207","”ü”ZŽs","212070001000","—•ì","35.532180","136.891210","0","1"
"21","Šò•ŒŒ§","21207","”ü”ZŽs","212070002000","ˆÀ–Ñ","35.569034","136.914407","0","1"
"21","Šò•ŒŒ§","21207","”ü”ZŽs","212070003000","‰³Žë","35.606790","136.860845","0","1"
"21","Šò•ŒŒ§","21207","”ü”ZŽs","212070004000","‘å–î“c","35.538514","136.871609","0","1"
"21","Šò•ŒŒ§","21207","”ü”ZŽs","212070005000","•–‘ä","35.529407","136.873716","0","1"
"21","Šò•ŒŒ§","21207","”ü”ZŽs","212070006000","Š}_","35.523619","136.884370","0","1"
"21","Šò•ŒŒ§","21207","”ü”ZŽs","212070007000","•Ð’m","35.589012","136.909570","0","1"
"21","Šò•ŒŒ§","21207","”ü”ZŽs","212070008000","ã‰Í˜a","35.601128","136.957925","0","1"
"21","Šò•ŒŒ§","21207","”ü”ZŽs","212070009000","ã–ì","35.587287","136.863449","0","1"
"21","Šò•ŒŒ§","21207","”ü”ZŽs","212070010000","_“´","35.574358","136.888180","0","1"
"21","Šò•ŒŒ§","21207","”ü”ZŽs","212070011000","¬‘q","35.583151","136.858050","0","1"
"21","Šò•ŒŒ§","21207","”ü”ZŽs","212070012000","‹ÉŠyŽ›","35.533180","136.883221","0","1"
"21","Šò•ŒŒ§","21207","”ü”ZŽs","212070013001","‚³‚­‚çƒ–‹uˆê’š–Ú","35.520544","136.898206","0","3"
"21","Šò•ŒŒ§","21207","”ü”ZŽs","212070013002","‚³‚­‚çƒ–‹u“ñ’š–Ú","35.518947","136.898139","0","3"
"21","Šò•ŒŒ§","21207","”ü”ZŽs","212070013003","‚³‚­‚çƒ–‹uŽO’š–Ú","35.519767","136.895856","0","3"
"21","Šò•ŒŒ§","21207","”ü”ZŽs","212070014000","Žu–€","35.515111","136.894729","0","1"
"21","Šò•ŒŒ§","21207","”ü”ZŽs","212070015000","‰º‰Í˜a","35.588358","136.947254","0","1"
"21","Šò•ŒŒ§","21207","”ü”ZŽs","212070016001","¼‰h’¬ˆê’š–Ú","35.533468","136.910719","0","3"
"21","Šò•ŒŒ§","21207","”ü”ZŽs","212070016002","¼‰h’¬“ñ’š–Ú","35.531076","136.909901","0","3"
"21","Šò•ŒŒ§","21207","”ü”ZŽs","212070016003","¼‰h’¬ŽO’š–Ú","35.533241","136.911519","0","3"
"21","Šò•ŒŒ§","21207","”ü”ZŽs","212070016004","¼‰h’¬Žl’š–Ú","35.530087","136.910130","0","3"
"21","Šò•ŒŒ§","21207","”ü”ZŽs","212070016005","¼‰h’¬ŒÜ’š–Ú","35.530050","136.911771","0","3"
"21","Šò•ŒŒ§","21207","”ü”ZŽs","212070017000","{Œ´","35.583569","136.941251","0","1"
"21","Šò•ŒŒ§","21207","”ü”ZŽs","212070018000","‘]‘ã","35.563164","136.916970","0","1"
"21","Šò•ŒŒ§","21207","”ü”ZŽs","212070019000","—§‰Ô","35.578405","136.935635","0","1"
"21","Šò•ŒŒ§","21207","”ü”ZŽs","212070020001","’†‰›ˆê’š–Ú","35.545761","136.902964","0","3"
"21","Šò•ŒŒ§","21207","”ü”ZŽs","212070020002","’†‰›“ñ’š–Ú","35.543318","136.904516","0","3"
"21","Šò•ŒŒ§","21207","”ü”ZŽs","212070020003","’†‰›ŽO’š–Ú","35.541096","136.903551","0","3"
"21","Šò•ŒŒ§","21207","”ü”ZŽs","212070020004","’†‰›Žl’š–Ú","35.539158","136.903329","0","3"
"21","Šò•ŒŒ§","21207","”ü”ZŽs","212070020005","’†‰›ŒÜ’š–Ú","35.537508","136.902568","0","3"
"21","Šò•ŒŒ§","21207","”ü”ZŽs","212070020006","’†‰›˜Z’š–Ú","35.536140","136.903430","0","3"
"21","Šò•ŒŒ§","21207","”ü”ZŽs","212070020007","’†‰›Žµ’š–Ú","35.533897","136.904253","0","3"
"21","Šò•ŒŒ§","21207","”ü”ZŽs","212070020008","’†‰›”ª’š–Ú","35.532478","136.903949","0","3"
"21","Šò•ŒŒ§","21207","”ü”ZŽs","212070020009","’†‰›‹ã’š–Ú","35.531235","136.905878","0","3"
"21","Šò•ŒŒ§","21207","”ü”ZŽs","212070020010","’†‰›\’š–Ú","35.532838","136.901453","0","3"
"21","Šò•ŒŒ§","21207","”ü”ZŽs","212070021000","•x–ì","35.539484","136.937233","0","1"
"21","Šò•ŒŒ§","21207","”ü”ZŽs","212070022000","’·£","35.569592","136.905137","0","1"
"21","Šò•ŒŒ§","21207","”ü”ZŽs","212070023000","•Û–Ø˜e","35.575999","136.939945","0","1"
"21","Šò•ŒŒ§","21207","”ü”ZŽs","212070024000","‘O–ì","35.553761","136.905998","0","1"
"21","Šò•ŒŒ§","21207","”ü”ZŽs","212070025001","¼‘q‘äˆê’š–Ú","35.533710","136.912116","0","3"
"21","Šò•ŒŒ§","21207","”ü”ZŽs","212070025002","¼‘q‘ä“ñ’š–Ú","35.530264","136.912729","0","3"
"21","Šò•ŒŒ§","21207","”ü”ZŽs","212070026000","ŒäŽèô","35.580643","136.867067","0","1"
"21","Šò•ŒŒ§","21207","”ü”ZŽs","212070027001","‚à‚Ý‚¶‚ª‹uˆê’š–Ú","35.530572","136.878713","0","3"
"21","Šò•ŒŒ§","21207","”ü”ZŽs","212070027002","‚à‚Ý‚¶‚ª‹u“ñ’š–Ú","35.530279","136.880436","0","3"
"21","Šò•ŒŒ§","21207","”ü”ZŽs","212070027003","‚à‚Ý‚¶‚ª‹uŽO’š–Ú","35.530698","136.881843","0","3"
"21","Šò•ŒŒ§","21207","”ü”ZŽs","212070028000","‰¡‰z","35.540021","136.895796","0","1"
"21","Šò•ŒŒ§","21207","”ü”ZŽs","212070029000","˜n¶","35.588775","136.890222","0","1"
"21","Šò•ŒŒ§","21207","”ü”ZŽs","212070030000","¶‹ù","35.521596","136.898363","0","1"
"21","Šò•ŒŒ§","21207","”ü”ZŽs","212070031000","¼X","35.528054","136.912250","0","1"
"21","Šò•ŒŒ§","21208","˜QŽs","212080001000","–¾¢’¬ŒŽ‹g","35.383997","137.230108","0","1"
"21","Šò•ŒŒ§","21208","˜QŽs","212080002000","–¾¢’¬ŒËŽë","35.380020","137.244467","0","1"
"21","Šò•ŒŒ§","21208","˜QŽs","212080003000","–¾¢’¬ŽR–ì“à","35.376550","137.233858","0","1"
"21","Šò•ŒŒ§","21208","˜QŽs","212080004001","ˆêF’¬ˆê’š–Ú","35.361586","137.248496","0","3"
"21","Šò•ŒŒ§","21208","˜QŽs","212080004002","ˆêF’¬“ñ’š–Ú","35.359874","137.249024","0","3"
"21","Šò•ŒŒ§","21208","˜QŽs","212080004003","ˆêF’¬ŽO’š–Ú","35.358935","137.249746","0","3"
"21","Šò•ŒŒ§","21208","˜QŽs","212080004004","ˆêF’¬Žl’š–Ú","35.357828","137.251579","0","3"
"21","Šò•ŒŒ§","21208","˜QŽs","212080004005","ˆêF’¬ŒÜ’š–Ú","35.356569","137.251582","0","3"
"21","Šò•ŒŒ§","21208","˜QŽs","212080004006","ˆêF’¬˜Z’š–Ú","35.357747","137.247016","0","3"
"21","Šò•ŒŒ§","21208","˜QŽs","212080005000","ˆî’Ã’¬¬—¢","35.340841","137.280886","0","1"
"21","Šò•ŒŒ§","21208","˜QŽs","212080006000","ˆî’Ã’¬”‹Œ´","35.357195","137.299110","0","1"
"21","Šò•ŒŒ§","21208","˜QŽs","212080007001","ã•½’¬ˆê’š–Ú","35.361702","137.255245","0","3"
"21","Šò•ŒŒ§","21208","˜QŽs","212080007002","ã•½’¬“ñ’š–Ú","35.359747","137.258206","0","3"
"21","Šò•ŒŒ§","21208","˜QŽs","212080007003","ã•½’¬ŽO’š–Ú","35.359341","137.256347","0","3"
"21","Šò•ŒŒ§","21208","˜QŽs","212080007004","ã•½’¬Žl’š–Ú","35.358344","137.254513","0","3"
"21","Šò•ŒŒ§","21208","˜QŽs","212080007005","ã•½’¬ŒÜ’š–Ú","35.357734","137.256870","0","3"
"21","Šò•ŒŒ§","21208","˜QŽs","212080008001","ã–ì’¬ˆê’š–Ú","35.364938","137.248985","0","3"
"21","Šò•ŒŒ§","21208","˜QŽs","212080008002","ã–ì’¬“ñ’š–Ú","35.363969","137.249000","0","3"
"21","Šò•ŒŒ§","21208","˜QŽs","212080008003","ã–ì’¬ŽO’š–Ú","35.362613","137.248835","0","3"
"21","Šò•ŒŒ§","21208","˜QŽs","212080009000","‘åŸÕ’¬","35.440545","137.298846","0","1"
"21","Šò•ŒŒ§","21208","˜QŽs","212080010000","¬“c’¬","35.355484","137.229964","0","1"
"21","Šò•ŒŒ§","21208","˜QŽs","212080011001","Šw‰€‘äˆê’š–Ú","35.355576","137.259943","0","3"
"21","Šò•ŒŒ§","21208","˜QŽs","212080011002","Šw‰€‘ä“ñ’š–Ú","35.354064","137.260019","0","3"
"21","Šò•ŒŒ§","21208","˜QŽs","212080011003","Šw‰€‘äŽO’š–Ú","35.355716","137.263684","0","3"
"21","Šò•ŒŒ§","21208","˜QŽs","212080011004","Šw‰€‘äŽl’š–Ú","35.357289","137.264101","0","3"
"21","Šò•ŒŒ§","21208","˜QŽs","212080011005","Šw‰€‘äŒÜ’š–Ú","35.357189","137.260426","0","3"
"21","Šò•ŒŒ§","21208","˜QŽs","212080012000","Š˜ŒË’¬","35.406697","137.308575","0","1"
"21","Šò•ŒŒ§","21208","˜QŽs","212080013001","–k¬“c’¬ˆê’š–Ú","35.362557","137.243756","0","3"
"21","Šò•ŒŒ§","21208","˜QŽs","212080013002","–k¬“c’¬“ñ’š–Ú","35.359212","137.244881","0","3"
"21","Šò•ŒŒ§","21208","˜QŽs","212080013003","–k¬“c’¬ŽO’š–Ú","35.360714","137.241955","0","3"
"21","Šò•ŒŒ§","21208","˜QŽs","212080013004","–k¬“c’¬Žl’š–Ú","35.361003","137.238594","0","3"
"21","Šò•ŒŒ§","21208","˜QŽs","212080014001","‰º‰«’¬ˆê’š–Ú","35.364324","137.241476","0","3"
"21","Šò•ŒŒ§","21208","˜QŽs","212080014002","‰º‰«’¬“ñ’š–Ú","35.364034","137.238780","0","3"
"21","Šò•ŒŒ§","21208","˜QŽs","212080015000","“©’¬‘åì","35.304308","137.290645","0","1"
"21","Šò•ŒŒ§","21208","˜QŽs","212080016000","“©’¬‰Ž’Ü","35.312643","137.328508","0","1"
"21","Šò•ŒŒ§","21208","˜QŽs","212080017000","“©’¬…ã","35.312982","137.307333","0","1"
"21","Šò•ŒŒ§","21208","˜QŽs","212080018001","{–ìŽu’¬ˆê’š–Ú","35.365970","137.244005","0","3"
"21","Šò•ŒŒ§","21208","˜QŽs","212080018002","{–ìŽu’¬“ñ’š–Ú","35.365626","137.241896","0","3"
"21","Šò•ŒŒ§","21208","˜QŽs","212080019001","‚ŒŽ’¬ˆê’š–Ú","35.365368","137.245334","0","3"
"21","Šò•ŒŒ§","21208","˜QŽs","212080019002","‚ŒŽ’¬“ñ’š–Ú","35.363957","137.245336","0","3"
"21","Šò•ŒŒ§","21208","˜QŽs","212080020001","’Mã’¬ˆê’š–Ú","35.361452","137.252101","0","3"
"21","Šò•ŒŒ§","21208","˜QŽs","212080020002","’Mã’¬“ñ’š–Ú","35.359636","137.253136","0","3"
"21","Šò•ŒŒ§","21208","˜QŽs","212080021000","Ž›‰ÍŒË’¬","35.368165","137.252136","0","1"
"21","Šò•ŒŒ§","21208","˜QŽs","212080022000","“yŠò’¬","35.379778","137.279981","0","1"
"21","Šò•ŒŒ§","21208","˜QŽs","212080023001","¼¬“c’¬ˆê’š–Ú","35.358285","137.237886","0","3"
"21","Šò•ŒŒ§","21208","˜QŽs","212080023002","¼¬“c’¬“ñ’š–Ú","35.356227","137.238359","0","3"
"21","Šò•ŒŒ§","21208","˜QŽs","212080023003","¼¬“c’¬ŽO’š–Ú","35.359874","137.233646","0","3"
"21","Šò•ŒŒ§","21208","˜QŽs","212080023004","¼¬“c’¬Žl’š–Ú","35.358541","137.233136","0","3"
"21","Šò•ŒŒ§","21208","˜QŽs","212080023005","¼¬“c’¬ŒÜ’š–Ú","35.361399","137.228836","0","3"
"21","Šò•ŒŒ§","21208","˜QŽs","212080023006","¼¬“c’¬˜Z’š–Ú","35.360032","137.227740","0","3"
"21","Šò•ŒŒ§","21208","˜QŽs","212080024000","“ú‹g’¬","35.431639","137.238410","0","1"
"21","Šò•ŒŒ§","21208","˜QŽs","212080025001","•ä•Àˆê’š–Ú","35.356036","137.247535","0","3"
"21","Šò•ŒŒ§","21208","˜QŽs","212080025002","•ä•À“ñ’š–Ú","35.354793","137.247335","0","3"
"21","Šò•ŒŒ§","21208","˜QŽs","212080025003","•ä•ÀŽO’š–Ú","35.353487","137.246998","0","3"
"21","Šò•ŒŒ§","21208","˜QŽs","212080026001","‰vŒ©’¬ˆê’š–Ú","35.362278","137.257945","0","3"
"21","Šò•ŒŒ§","21208","˜QŽs","212080026002","‰vŒ©’¬“ñ’š–Ú","35.362856","137.261225","0","3"
"21","Šò•ŒŒ§","21208","˜QŽs","212080026003","‰vŒ©’¬ŽO’š–Ú","35.360767","137.259813","0","3"
"21","Šò•ŒŒ§","21208","˜QŽs","212080027001","¼ƒP£’¬ˆê’š–Ú","35.368564","137.245121","0","3"
"21","Šò•ŒŒ§","21208","˜QŽs","212080027002","¼ƒP£’¬“ñ’š–Ú","35.367404","137.242232","0","3"
"21","Šò•ŒŒ§","21208","˜QŽs","212080027003","¼ƒP£’¬ŽO’š–Ú","35.365776","137.238159","0","3"
"21","Šò•ŒŒ§","21208","˜QŽs","212080027004","¼ƒP£’¬Žl’š–Ú","35.364627","137.236270","0","3"
"21","Šò•ŒŒ§","21208","˜QŽs","212080028001","“ì¬“c’¬ˆê’š–Ú","35.356605","137.244238","0","3"
"21","Šò•ŒŒ§","21208","˜QŽs","212080028002","“ì¬“c’¬“ñ’š–Ú","35.353648","137.243663","0","3"
"21","Šò•ŒŒ§","21208","˜QŽs","212080028003","“ì¬“c’¬ŽO’š–Ú","35.357801","137.241447","0","3"
"21","Šò•ŒŒ§","21208","˜QŽs","212080028004","“ì¬“c’¬Žl’š–Ú","35.354124","137.241636","0","3"
"21","Šò•ŒŒ§","21208","˜QŽs","212080029001","‹{‘O’¬ˆê’š–Ú","35.367443","137.246499","0","3"
"21","Šò•ŒŒ§","21208","˜QŽs","212080029002","‹{‘O’¬“ñ’š–Ú","35.365457","137.247688","0","3"
"21","Šò•ŒŒ§","21208","˜QŽs","212080030001","–¾‰ê‘äˆê’š–Ú","35.340794","137.243689","0","3"
"21","Šò•ŒŒ§","21208","˜QŽs","212080030002","–¾‰ê‘ä“ñ’š–Ú","35.343399","137.243472","0","3"
"21","Šò•ŒŒ§","21208","˜QŽs","212080030003","–¾‰ê‘äŽO’š–Ú","35.344145","137.244704","0","3"
"21","Šò•ŒŒ§","21208","˜QŽs","212080030004","–¾‰ê‘äŽl’š–Ú","35.344256","137.246603","0","3"
"21","Šò•ŒŒ§","21208","˜QŽs","212080030005","–¾‰ê‘äŒÜ’š–Ú","35.345707","137.246217","0","3"
"21","Šò•ŒŒ§","21208","˜QŽs","212080031001","–òŽt’¬ˆê’š–Ú","35.362348","137.235267","0","3"
"21","Šò•ŒŒ§","21208","˜QŽs","212080031002","–òŽt’¬“ñ’š–Ú","35.363309","137.233098","0","3"
"21","Šò•ŒŒ§","21208","˜QŽs","212080031003","–òŽt’¬ŽO’š–Ú","35.363093","137.230649","0","3"
"21","Šò•ŒŒ§","21208","˜QŽs","212080031004","–òŽt’¬Žl’š–Ú","35.363221","137.227562","0","3"
"21","Šò•ŒŒ§","21208","˜QŽs","212080031005","–òŽt’¬ŒÜ’š–Ú","35.364622","137.225270","0","3"
"21","Šò•ŒŒ§","21208","˜QŽs","212080032000","ŽR“c’¬","35.341857","137.251691","0","1"
"21","Šò•ŒŒ§","21208","˜QŽs","212080033001","˜a‡’¬ˆê’š–Ú","35.363606","137.223622","0","3"
"21","Šò•ŒŒ§","21208","˜QŽs","212080033002","˜a‡’¬“ñ’š–Ú","35.363893","137.221643","0","3"
"21","Šò•ŒŒ§","21209","‰H“‡Žs","212090049000 ","‰º’†’¬‰Á‰ê–ìˆä","35.292614","136.718184","0","1"
"21","Šò•ŒŒ§","21209","‰H“‡Žs","212090047000 ","‰º’†’¬Žs”VŽ}","35.287475","136.683240","0","1"
"21","Šò•ŒŒ§","21209","‰H“‡Žs","212090048001 ","‰º’†’¬Žs”VŽ}ˆê’š–Ú","35.287215","136.699580","0","3"
"21","Šò•ŒŒ§","21209","‰H“‡Žs","212090048002 ","‰º’†’¬Žs”VŽ}“ñ’š–Ú","35.289028","136.695523","0","3"
"21","Šò•ŒŒ§","21209","‰H“‡Žs","212090048003 ","‰º’†’¬Žs”VŽ}ŽO’š–Ú","35.286345","136.694373","0","3"
"21","Šò•ŒŒ§","21209","‰H“‡Žs","212090048004 ","‰º’†’¬Žs”VŽ}Žl’š–Ú","35.290256","136.692291","0","3"
"21","Šò•ŒŒ§","21209","‰H“‡Žs","212090048005 ","‰º’†’¬Žs”VŽ}ŒÜ’š–Ú","35.286728","136.689373","0","3"
"21","Šò•ŒŒ§","21209","‰H“‡Žs","212090048006 ","‰º’†’¬Žs”VŽ}˜Z’š–Ú","35.286704","136.686224","0","3"
"21","Šò•ŒŒ§","21209","‰H“‡Žs","212090050000 ","‰º’†’¬é‰®•~","35.288236","136.706963","0","1"
"21","Šò•ŒŒ§","21209","‰H“‡Žs","212090046000 ","‰º’†’¬Î“c","35.278876","136.698375","0","1"
"21","Šò•ŒŒ§","21209","‰H“‡Žs","212090037000 ","ŒKŒ´’¬Œß“ì","35.258340","136.681079","0","1"
"21","Šò•ŒŒ§","21209","‰H“‡Žs","212090040000 ","ŒKŒ´’¬¬åM","35.250410","136.674310","0","1"
"21","Šò•ŒŒ§","21209","‰H“‡Žs","212090041001 ","ŒKŒ´’¬¼¬–÷ˆê’š–Ú","35.262081","136.662654","0","3"
"21","Šò•ŒŒ§","21209","‰H“‡Žs","212090041002 ","ŒKŒ´’¬¼¬–÷“ñ’š–Ú","35.257433","136.660496","0","3"
"21","Šò•ŒŒ§","21209","‰H“‡Žs","212090041003 ","ŒKŒ´’¬¼¬–÷ŽO’š–Ú","35.253632","136.661080","0","3"
"21","Šò•ŒŒ§","21209","‰H“‡Žs","212090044000 ","ŒKŒ´’¬‘O–ì","35.256726","136.687033","0","1"
"21","Šò•ŒŒ§","21209","‰H“‡Žs","212090038000 ","ŒKŒ´’¬‘å{","35.263672","136.671233","0","1"
"21","Šò•ŒŒ§","21209","‰H“‡Žs","212090039001 ","ŒKŒ´’¬‘å{ˆê’š–Ú","35.268309","136.676937","0","3"
"21","Šò•ŒŒ§","21209","‰H“‡Žs","212090039002 ","ŒKŒ´’¬‘å{“ñ’š–Ú","35.264664","136.676138","0","3"
"21","Šò•ŒŒ§","21209","‰H“‡Žs","212090039003 ","ŒKŒ´’¬‘å{ŽO’š–Ú","35.262631","136.675114","0","3"
"21","Šò•ŒŒ§","21209","‰H“‡Žs","212090039004 ","ŒKŒ´’¬‘å{Žl’š–Ú","35.260566","136.674285","0","3"
"21","Šò•ŒŒ§","21209","‰H“‡Žs","212090039005 ","ŒKŒ´’¬‘å{ŒÜ’š–Ú","35.258367","136.673669","0","3"
"21","Šò•ŒŒ§","21209","‰H“‡Žs","212090042000 ","ŒKŒ´’¬“Œ•û","35.278907","136.680868","0","1"
"21","Šò•ŒŒ§","21209","‰H“‡Žs","212090045000 ","ŒKŒ´’¬”ª_","35.271024","136.692144","0","1"
"21","Šò•ŒŒ§","21209","‰H“‡Žs","212090043001 ","ŒKŒ´’¬•½‘¾ˆê’š–Ú","35.267149","136.679574","0","3"
"21","Šò•ŒŒ§","21209","‰H“‡Žs","212090011000 ","]‹g—Ç’¬","35.311270","136.700899","0","1"
"21","Šò•ŒŒ§","21209","‰H“‡Žs","212090013001 ","]‹g—Ç’¬]¼ˆê’š–Ú","35.315397","136.692763","0","3"
"21","Šò•ŒŒ§","21209","‰H“‡Žs","212090013003 ","]‹g—Ç’¬]¼ŽO’š–Ú","35.312973","136.692607","0","3"
"21","Šò•ŒŒ§","21209","‰H“‡Žs","212090012001 ","]‹g—Ç’¬]’†ˆê’š–Ú","35.312344","136.692703","0","3"
"21","Šò•ŒŒ§","21209","‰H“‡Žs","212090012006 ","]‹g—Ç’¬]’†˜Z’š–Ú","35.309674","136.691403","0","3"
"21","Šò•ŒŒ§","21209","‰H“‡Žs","212090012007 ","]‹g—Ç’¬]’†Žµ’š–Ú","35.308780","136.688650","0","3"
"21","Šò•ŒŒ§","21209","‰H“‡Žs","212090070000 ","M‹´’¬","35.317979","136.697473","0","1"
"21","Šò•ŒŒ§","21209","‰H“‡Žs","212090071001 ","M‹´’¬ˆê’š–Ú","35.313613","136.685531","0","3"
"21","Šò•ŒŒ§","21209","‰H“‡Žs","212090071002 ","M‹´’¬“ñ’š–Ú","35.312694","136.686419","0","3"
"21","Šò•ŒŒ§","21209","‰H“‡Žs","212090071003 ","M‹´’¬ŽO’š–Ú","35.312235","136.688652","0","3"
"21","Šò•ŒŒ§","21209","‰H“‡Žs","212090071004 ","M‹´’¬Žl’š–Ú","35.310233","136.687446","0","3"
"21","Šò•ŒŒ§","21209","‰H“‡Žs","212090071005 ","M‹´’¬ŒÜ’š–Ú","35.310379","136.690544","0","3"
"21","Šò•ŒŒ§","21209","‰H“‡Žs","212090071006 ","M‹´’¬˜Z’š–Ú","35.311577","136.691771","0","3"
"21","Šò•ŒŒ§","21209","‰H“‡Žs","212090071007 ","M‹´’¬Žµ’š–Ú","35.313062","136.690538","0","3"
"21","Šò•ŒŒ§","21209","‰H“‡Žs","212090071008 ","M‹´’¬”ª’š–Ú","35.314580","136.688298","0","3"
"21","Šò•ŒŒ§","21209","‰H“‡Žs","212090074001 ","M‹´’¬‹{–kˆê’š–Ú","35.316264","136.687601","0","3"
"21","Šò•ŒŒ§","21209","‰H“‡Žs","212090074002 ","M‹´’¬‹{–k“ñ’š–Ú","35.317978","136.689782","0","3"
"21","Šò•ŒŒ§","21209","‰H“‡Žs","212090074003 ","M‹´’¬‹{–kŽO’š–Ú","35.317526","136.692575","0","3"
"21","Šò•ŒŒ§","21209","‰H“‡Žs","212090074004 ","M‹´’¬‹{–kŽl’š–Ú","35.317229","136.691166","0","3"
"21","Šò•ŒŒ§","21209","‰H“‡Žs","212090074005 ","M‹´’¬‹{–kŒÜ’š–Ú","35.315984","136.691279","0","3"
"21","Šò•ŒŒ§","21209","‰H“‡Žs","212090074006 ","M‹´’¬‹{–k˜Z’š–Ú","35.316079","136.688856","0","3"
"21","Šò•ŒŒ§","21209","‰H“‡Žs","212090074007 ","M‹´’¬‹{–kŽµ’š–Ú","35.315287","136.689737","0","3"
"21","Šò•ŒŒ§","21209","‰H“‡Žs","212090074008 ","M‹´’¬‹{–k”ª’š–Ú","35.314451","136.691416","0","3"
"21","Šò•ŒŒ§","21209","‰H“‡Žs","212090072001 ","M‹´’¬o{‰êˆê’š–Ú","35.312865","136.682609","0","3"
"21","Šò•ŒŒ§","21209","‰H“‡Žs","212090072002 ","M‹´’¬o{‰ê“ñ’š–Ú","35.310524","136.683149","0","3"
"21","Šò•ŒŒ§","21209","‰H“‡Žs","212090072003 ","M‹´’¬o{‰êŽO’š–Ú","35.311760","136.680558","0","3"
"21","Šò•ŒŒ§","21209","‰H“‡Žs","212090072004 ","M‹´’¬o{‰êŽl’š–Ú","35.310367","136.679401","0","3"
"21","Šò•ŒŒ§","21209","‰H“‡Žs","212090073001 ","M‹´’¬–{’¬ˆê’š–Ú","35.314474","136.685078","0","3"
"21","Šò•ŒŒ§","21209","‰H“‡Žs","212090073002 ","M‹´’¬–{’¬“ñ’š–Ú","35.312661","136.684094","0","3"
"21","Šò•ŒŒ§","21209","‰H“‡Žs","212090073004 ","M‹´’¬–{’¬Žl’š–Ú","35.311084","136.685345","0","3"
"21","Šò•ŒŒ§","21209","‰H“‡Žs","212090073005 ","M‹´’¬–{’¬ŒÜ’š–Ú","35.309814","136.685197","0","3"
"21","Šò•ŒŒ§","21209","‰H“‡Žs","212090014001 ","¬ŒF’¬ˆê’š–Ú","35.353518","136.701316","0","3"
"21","Šò•ŒŒ§","21209","‰H“‡Žs","212090014002 ","¬ŒF’¬“ñ’š–Ú","35.350263","136.699950","0","3"
"21","Šò•ŒŒ§","21209","‰H“‡Žs","212090014003 ","¬ŒF’¬ŽO’š–Ú","35.345568","136.703631","0","3"
"21","Šò•ŒŒ§","21209","‰H“‡Žs","212090014004 ","¬ŒF’¬Žl’š–Ú","35.339954","136.705419","0","3"
"21","Šò•ŒŒ§","21209","‰H“‡Žs","212090014005 ","¬ŒF’¬ŒÜ’š–Ú","35.335485","136.703132","0","3"
"21","Šò•ŒŒ§","21209","‰H“‡Žs","212090026000 ","¬ŒF’¬ŠOˆ¾–ì","35.343896","136.692263","0","1"
"21","Šò•ŒŒ§","21209","‰H“‡Žs","212090027001 ","¬ŒF’¬ŠOˆ¾–ìˆê’š–Ú","35.342277","136.691460","0","3"
"21","Šò•ŒŒ§","21209","‰H“‡Žs","212090027002 ","¬ŒF’¬ŠOˆ¾–ì“ñ’š–Ú","35.341852","136.694646","0","3"
"21","Šò•ŒŒ§","21209","‰H“‡Žs","212090027003 ","¬ŒF’¬ŠOˆ¾–ìŽO’š–Ú","35.342093","136.695869","0","3"
"21","Šò•ŒŒ§","21209","‰H“‡Žs","212090027004 ","¬ŒF’¬ŠOˆ¾–ìŽl’š–Ú","35.342038","136.697060","0","3"
"21","Šò•ŒŒ§","21209","‰H“‡Žs","212090018000 ","¬ŒF’¬]“ª","35.338406","136.706878","0","1"
"21","Šò•ŒŒ§","21209","‰H“‡Žs","212090029000 ","¬ŒF’¬¼¬ŒF","35.350345","136.691923","0","1"
"21","Šò•ŒŒ§","21209","‰H“‡Žs","212090019000 ","¬ŒF’¬ìŒû","35.335450","136.701429","0","1"
"21","Šò•ŒŒ§","21209","‰H“‡Žs","212090020001 ","¬ŒF’¬ìŒûˆê’š–Ú","35.336884","136.699455","0","3"
"21","Šò•ŒŒ§","21209","‰H“‡Žs","212090021000 ","¬ŒF’¬ìŒû‘O","35.334955","136.700617","0","1"
"21","Šò•ŒŒ§","21209","‰H“‡Žs","212090015000 ","¬ŒF’¬‘Š“c","35.350763","136.712134","0","1"
"21","Šò•ŒŒ§","21209","‰H“‡Žs","212090016000 ","¬ŒF’¬‘«‹ßV“c","35.330834","136.716183","0","1"
"21","Šò•ŒŒ§","21209","‰H“‡Žs","212090101000 ","¬ŒF’¬“V‰¤","35.337549","136.697403","0","1"
"21","Šò•ŒŒ§","21209","‰H“‡Žs","212090028001 ","¬ŒF’¬“V‰¤ˆê’š–Ú","35.337461","136.692539","0","3"
"21","Šò•ŒŒ§","21209","‰H“‡Žs","212090028002 ","¬ŒF’¬“V‰¤“ñ’š–Ú","35.337432","136.693975","0","3"
"21","Šò•ŒŒ§","21209","‰H“‡Žs","212090028003 ","¬ŒF’¬“V‰¤ŽO’š–Ú","35.337706","136.695194","0","3"
"21","Šò•ŒŒ§","21209","‰H“‡Žs","212090028004 ","¬ŒF’¬“V‰¤Žl’š–Ú","35.337898","136.696427","0","3"
"21","Šò•ŒŒ§","21209","‰H“‡Žs","212090022000 ","¬ŒF’¬“‡","35.333704","136.704101","0","1"
"21","Šò•ŒŒ§","21209","‰H“‡Žs","212090023001 ","¬ŒF’¬“‡ˆê’š–Ú","35.332741","136.707772","0","3"
"21","Šò•ŒŒ§","21209","‰H“‡Žs","212090023002 ","¬ŒF’¬“‡“ñ’š–Ú","35.333676","136.705911","0","3"
"21","Šò•ŒŒ§","21209","‰H“‡Žs","212090023003 ","¬ŒF’¬“‡ŽO’š–Ú","35.335282","136.707896","0","3"
"21","Šò•ŒŒ§","21209","‰H“‡Žs","212090023004 ","¬ŒF’¬“‡Žl’š–Ú","35.336388","136.709530","0","3"
"21","Šò•ŒŒ§","21209","‰H“‡Žs","212090023005 ","¬ŒF’¬“‡ŒÜ’š–Ú","35.334586","136.709626","0","3"
"21","Šò•ŒŒ§","21209","‰H“‡Žs","212090024000 ","¬ŒF’¬“‡V“¹","35.331750","136.703379","0","1"
"21","Šò•ŒŒ§","21209","‰H“‡Žs","212090025000 ","¬ŒF’¬“‡‘O","35.332325","136.702609","0","1"
"21","Šò•ŒŒ§","21209","‰H“‡Žs","212090030000 ","¬ŒF’¬“Œ¬ŒF","35.352544","136.705117","0","1"
"21","Šò•ŒŒ§","21209","‰H“‡Žs","212090102000 ","¬ŒF’¬“àˆ¾–ì","35.338996","136.698890","0","1"
"21","Šò•ŒŒ§","21209","‰H“‡Žs","212090017001 ","¬ŒF’¬“àˆ¾–ìˆê’š–Ú","35.340033","136.691370","0","3"
"21","Šò•ŒŒ§","21209","‰H“‡Žs","212090017002 ","¬ŒF’¬“àˆ¾–ì“ñ’š–Ú","35.339909","136.694346","0","3"
"21","Šò•ŒŒ§","21209","‰H“‡Žs","212090017003 ","¬ŒF’¬“àˆ¾–ìŽO’š–Ú","35.339800","136.695503","0","3"
"21","Šò•ŒŒ§","21209","‰H“‡Žs","212090017004 ","¬ŒF’¬“àˆ¾–ìŽl’š–Ú","35.339677","136.696667","0","3"
"21","Šò•ŒŒ§","21209","‰H“‡Žs","212090031000 ","ã’†’¬ˆêF","35.299808","136.712707","0","1"
"21","Šò•ŒŒ§","21209","‰H“‡Žs","212090033000 ","ã’†’¬‰«","35.295158","136.696928","0","1"
"21","Šò•ŒŒ§","21209","‰H“‡Žs","212090032000 ","ã’†’¬Œß–k","35.292165","136.687985","0","1"
"21","Šò•ŒŒ§","21209","‰H“‡Žs","212090034000 ","ã’†’¬ç‘©","35.301910","136.688662","0","1"
"21","Šò•ŒŒ§","21209","‰H“‡Žs","212090035000 ","ã’†’¬’†","35.300450","136.701487","0","1"
"21","Šò•ŒŒ§","21209","‰H“‡Žs","212090036000 ","ã’†’¬’·ŠÔ","35.304908","136.700822","0","1"
"21","Šò•ŒŒ§","21209","‰H“‡Žs","212090051001 ","V¶’¬ˆê’š–Ú","35.330008","136.705921","0","3"
"21","Šò•ŒŒ§","21209","‰H“‡Žs","212090051002 ","V¶’¬“ñ’š–Ú","35.329468","136.707746","0","3"
"21","Šò•ŒŒ§","21209","‰H“‡Žs","212090051003 ","V¶’¬ŽO’š–Ú","35.328958","136.710961","0","3"
"21","Šò•ŒŒ§","21209","‰H“‡Žs","212090095000 ","³–Ø’¬‹È—˜","35.326836","136.717767","0","1"
"21","Šò•ŒŒ§","21209","‰H“‡Žs","212090096001 ","³–Ø’¬Œõ–@Ž›ˆê’š–Ú","35.335491","136.745612","0","3"
"21","Šò•ŒŒ§","21209","‰H“‡Žs","212090096002 ","³–Ø’¬Œõ–@Ž›“ñ’š–Ú","35.333773","136.744268","0","3"
"21","Šò•ŒŒ§","21209","‰H“‡Žs","212090088001 ","³–Ø’¬âŠÛˆê’š–Ú","35.335112","136.732109","0","3"
"21","Šò•ŒŒ§","21209","‰H“‡Žs","212090088002 ","³–Ø’¬âŠÛ“ñ’š–Ú","35.332957","136.732343","0","3"
"21","Šò•ŒŒ§","21209","‰H“‡Žs","212090088003 ","³–Ø’¬âŠÛŽO’š–Ú","35.331456","136.732060","0","3"
"21","Šò•ŒŒ§","21209","‰H“‡Žs","212090088004 ","³–Ø’¬âŠÛŽl’š–Ú","35.329612","136.731438","0","3"
"21","Šò•ŒŒ§","21209","‰H“‡Žs","212090088005 ","³–Ø’¬âŠÛŒÜ’š–Ú","35.330800","136.734146","0","3"
"21","Šò•ŒŒ§","21209","‰H“‡Žs","212090088006 ","³–Ø’¬âŠÛ˜Z’š–Ú","35.329455","136.732577","0","3"
"21","Šò•ŒŒ§","21209","‰H“‡Žs","212090097000 ","³–Ø’¬ŽOƒc–ö","35.307122","136.727641","0","1"
"21","Šò•ŒŒ§","21209","‰H“‡Žs","212090087001 ","³–Ø’¬ã‘å‰Yˆê’š–Ú","35.341987","136.739284","0","3"
"21","Šò•ŒŒ§","21209","‰H“‡Žs","212090087002 ","³–Ø’¬ã‘å‰Y“ñ’š–Ú","35.340605","136.740403","0","3"
"21","Šò•ŒŒ§","21209","‰H“‡Žs","212090087003 ","³–Ø’¬ã‘å‰YŽO’š–Ú","35.339696","136.738568","0","3"
"21","Šò•ŒŒ§","21209","‰H“‡Žs","212090087004 ","³–Ø’¬ã‘å‰YŽl’š–Ú","35.338459","136.743577","0","3"
"21","Šò•ŒŒ§","21209","‰H“‡Žs","212090087005 ","³–Ø’¬ã‘å‰YŒÜ’š–Ú","35.337345","136.743090","0","3"
"21","Šò•ŒŒ§","21209","‰H“‡Žs","212090087006 ","³–Ø’¬ã‘å‰Y˜Z’š–Ú","35.335772","136.742176","0","3"
"21","Šò•ŒŒ§","21209","‰H“‡Žs","212090087007 ","³–Ø’¬ã‘å‰YŽµ’š–Ú","35.334006","136.740728","0","3"
"21","Šò•ŒŒ§","21209","‰H“‡Žs","212090084000 ","³–Ø’¬Vˆä","35.317248","136.724772","0","1"
"21","Šò•ŒŒ§","21209","‰H“‡Žs","212090099010 ","³–Ø’¬X\’š–Ú","35.337473","136.734708","0","3"
"21","Šò•ŒŒ§","21209","‰H“‡Žs","212090099011 ","³–Ø’¬X\ˆê’š–Ú","35.336434","136.737725","0","3"
"21","Šò•ŒŒ§","21209","‰H“‡Žs","212090099012 ","³–Ø’¬X\“ñ’š–Ú","35.335527","136.737179","0","3"
"21","Šò•ŒŒ§","21209","‰H“‡Žs","212090099013 ","³–Ø’¬X\ŽO’š–Ú","35.336181","136.734273","0","3"
"21","Šò•ŒŒ§","21209","‰H“‡Žs","212090099014 ","³–Ø’¬X\Žl’š–Ú","35.335268","136.733911","0","3"
"21","Šò•ŒŒ§","21209","‰H“‡Žs","212090099015 ","³–Ø’¬X\ŒÜ’š–Ú","35.334085","136.736330","0","3"
"21","Šò•ŒŒ§","21209","‰H“‡Žs","212090099016 ","³–Ø’¬X\˜Z’š–Ú","35.333862","136.733866","0","3"
"21","Šò•ŒŒ§","21209","‰H“‡Žs","212090099001 ","³–Ø’¬Xˆê’š–Ú","35.341361","136.735812","0","3"
"21","Šò•ŒŒ§","21209","‰H“‡Žs","212090099002 ","³–Ø’¬X“ñ’š–Ú","35.340722","136.734856","0","3"
"21","Šò•ŒŒ§","21209","‰H“‡Žs","212090099003 ","³–Ø’¬XŽO’š–Ú","35.339773","136.734895","0","3"
"21","Šò•ŒŒ§","21209","‰H“‡Žs","212090099004 ","³–Ø’¬XŽl’š–Ú","35.339885","136.736560","0","3"
"21","Šò•ŒŒ§","21209","‰H“‡Žs","212090099005 ","³–Ø’¬XŒÜ’š–Ú","35.338750","136.738067","0","3"
"21","Šò•ŒŒ§","21209","‰H“‡Žs","212090099006 ","³–Ø’¬X˜Z’š–Ú","35.338202","136.739980","0","3"
"21","Šò•ŒŒ§","21209","‰H“‡Žs","212090099007 ","³–Ø’¬XŽµ’š–Ú","35.337557","136.738085","0","3"
"21","Šò•ŒŒ§","21209","‰H“‡Žs","212090099008 ","³–Ø’¬X”ª’š–Ú","35.338566","136.735445","0","3"
"21","Šò•ŒŒ§","21209","‰H“‡Žs","212090099009 ","³–Ø’¬X‹ã’š–Ú","35.338663","136.732658","0","3"
"21","Šò•ŒŒ§","21209","‰H“‡Žs","212090100001 ","³–Ø’¬XV“cˆê’š–Ú","35.336216","136.740037","0","3"
"21","Šò•ŒŒ§","21209","‰H“‡Žs","212090100002 ","³–Ø’¬XV“c“ñ’š–Ú","35.335357","136.739514","0","3"
"21","Šò•ŒŒ§","21209","‰H“‡Žs","212090100003 ","³–Ø’¬XV“cŽO’š–Ú","35.334377","136.740132","0","3"
"21","Šò•ŒŒ§","21209","‰H“‡Žs","212090100004 ","³–Ø’¬XV“cŽl’š–Ú","35.333580","136.741218","0","3"
"21","Šò•ŒŒ§","21209","‰H“‡Žs","212090100005 ","³–Ø’¬XV“cŒÜ’š–Ú","35.332216","136.741068","0","3"
"21","Šò•ŒŒ§","21209","‰H“‡Žs","212090089000 ","³–Ø’¬{‰ê","35.334745","136.723428","0","1"
"21","Šò•ŒŒ§","21209","‰H“‡Žs","212090092000 ","³–Ø’¬{‰ê¬¼","35.339639","136.729559","0","1"
"21","Šò•ŒŒ§","21209","‰H“‡Žs","212090090000 ","³–Ø’¬{‰êÔ¼","35.342661","136.733932","0","1"
"21","Šò•ŒŒ§","21209","‰H“‡Žs","212090091000 ","³–Ø’¬{‰ê’r’[","35.344428","136.740172","0","1"
"21","Šò•ŒŒ§","21209","‰H“‡Žs","212090093000 ","³–Ø’¬{‰ê–{‘º","35.336077","136.729187","0","1"
"21","Šò•ŒŒ§","21209","‰H“‡Žs","212090085000 ","³–Ø’¬‘å‰Y","35.322937","136.731319","0","1"
"21","Šò•ŒŒ§","21209","‰H“‡Žs","212090086010 ","³–Ø’¬‘å‰YV“c\’š–Ú","35.328900","136.737523","0","3"
"21","Šò•ŒŒ§","21209","‰H“‡Žs","212090086001 ","³–Ø’¬‘å‰YV“cˆê’š–Ú","35.333913","136.738691","0","3"
"21","Šò•ŒŒ§","21209","‰H“‡Žs","212090086002 ","³–Ø’¬‘å‰YV“c“ñ’š–Ú","35.333383","136.737929","0","3"
"21","Šò•ŒŒ§","21209","‰H“‡Žs","212090086003 ","³–Ø’¬‘å‰YV“cŽO’š–Ú","35.332469","136.739782","0","3"
"21","Šò•ŒŒ§","21209","‰H“‡Žs","212090086004 ","³–Ø’¬‘å‰YV“cŽl’š–Ú","35.332443","136.736568","0","3"
"21","Šò•ŒŒ§","21209","‰H“‡Žs","212090086005 ","³–Ø’¬‘å‰YV“cŒÜ’š–Ú","35.331921","136.737952","0","3"
"21","Šò•ŒŒ§","21209","‰H“‡Žs","212090086006 ","³–Ø’¬‘å‰YV“c˜Z’š–Ú","35.331135","136.739404","0","3"
"21","Šò•ŒŒ§","21209","‰H“‡Žs","212090086007 ","³–Ø’¬‘å‰YV“cŽµ’š–Ú","35.330033","136.738157","0","3"
"21","Šò•ŒŒ§","21209","‰H“‡Žs","212090086008 ","³–Ø’¬‘å‰YV“c”ª’š–Ú","35.331315","136.735901","0","3"
"21","Šò•ŒŒ§","21209","‰H“‡Žs","212090086009 ","³–Ø’¬‘å‰YV“c‹ã’š–Ú","35.329676","136.735665","0","3"
"21","Šò•ŒŒ§","21209","‰H“‡Žs","212090098001 ","³–Ø’¬“ì‹yˆê’š–Ú","35.344748","136.745615","0","3"
"21","Šò•ŒŒ§","21209","‰H“‡Žs","212090098002 ","³–Ø’¬“ì‹y“ñ’š–Ú","35.342834","136.744467","0","3"
"21","Šò•ŒŒ§","21209","‰H“‡Žs","212090098003 ","³–Ø’¬“ì‹yŽO’š–Ú","35.343507","136.742743","0","3"
"21","Šò•ŒŒ§","21209","‰H“‡Žs","212090098004 ","³–Ø’¬“ì‹yŽl’š–Ú","35.341600","136.742111","0","3"
"21","Šò•ŒŒ§","21209","‰H“‡Žs","212090098005 ","³–Ø’¬“ì‹yŒÜ’š–Ú","35.344761","136.749192","0","3"
"21","Šò•ŒŒ§","21209","‰H“‡Žs","212090098006 ","³–Ø’¬“ì‹y˜Z’š–Ú","35.342069","136.747895","0","3"
"21","Šò•ŒŒ§","21209","‰H“‡Žs","212090098007 ","³–Ø’¬“ì‹yŽµ’š–Ú","35.341182","136.744929","0","3"
"21","Šò•ŒŒ§","21209","‰H“‡Žs","212090098008 ","³–Ø’¬“ì‹y”ª’š–Ú","35.339390","136.746878","0","3"
"21","Šò•ŒŒ§","21209","‰H“‡Žs","212090098009 ","³–Ø’¬“ì‹y‹ã’š–Ú","35.339539","136.743563","0","3"
"21","Šò•ŒŒ§","21209","‰H“‡Žs","212090094000 ","³–Ø’¬•s”jˆêF","35.331752","136.724064","0","1"
"21","Šò•ŒŒ§","21209","‰H“‡Žs","212090001001 ","‘«‹ß’¬ˆê’š–Ú","35.352431","136.727176","0","3"
"21","Šò•ŒŒ§","21209","‰H“‡Žs","212090001002 ","‘«‹ß’¬“ñ’š–Ú","35.348572","136.720570","0","3"
"21","Šò•ŒŒ§","21209","‰H“‡Žs","212090001003 ","‘«‹ß’¬ŽO’š–Ú","35.344458","136.716860","0","3"
"21","Šò•ŒŒ§","21209","‰H“‡Žs","212090001004 ","‘«‹ß’¬Žl’š–Ú","35.338985","136.715349","0","3"
"21","Šò•ŒŒ§","21209","‰H“‡Žs","212090001005 ","‘«‹ß’¬ŒÜ’š–Ú","35.333359","136.713201","0","3"
"21","Šò•ŒŒ§","21209","‰H“‡Žs","212090001006 ","‘«‹ß’¬˜Z’š–Ú","35.348724","136.727010","0","3"
"21","Šò•ŒŒ§","21209","‰H“‡Žs","212090001007 ","‘«‹ß’¬Žµ’š–Ú","35.339061","136.721694","0","3"
"21","Šò•ŒŒ§","21209","‰H“‡Žs","212090007000 ","‘«‹ß’¬âˆä","35.351556","136.715044","0","1"
"21","Šò•ŒŒ§","21209","‰H“‡Žs","212090002000 ","‘«‹ß’¬Žsê","35.344185","136.730186","0","1"
"21","Šò•ŒŒ§","21209","‰H“‡Žs","212090005000 ","‘«‹ß’¬¬rˆä","35.335569","136.719283","0","1"
"21","Šò•ŒŒ§","21209","‰H“‡Žs","212090006001 ","‘«‹ß’¬¬rˆäˆê’š–Ú","35.337721","136.723563","0","3"
"21","Šò•ŒŒ§","21209","‰H“‡Žs","212090006002 ","‘«‹ß’¬¬rˆä“ñ’š–Ú","35.335912","136.721515","0","3"
"21","Šò•ŒŒ§","21209","‰H“‡Žs","212090006003 ","‘«‹ß’¬¬rˆäŽO’š–Ú","35.333235","136.718729","0","3"
"21","Šò•ŒŒ§","21209","‰H“‡Žs","212090008000 ","‘«‹ß’¬’¼“¹","35.353108","136.718394","0","1"
"21","Šò•ŒŒ§","21209","‰H“‡Žs","212090009000 ","‘«‹ß’¬“ìh","35.342677","136.724959","0","1"
"21","Šò•ŒŒ§","21209","‰H“‡Žs","212090010000 ","‘«‹ß’¬“ì”Vì","35.330250","136.710403","0","1"
"21","Šò•ŒŒ§","21209","‰H“‡Žs","212090003000 ","‘«‹ß’¬–kh","35.351376","136.731374","0","1"
"21","Šò•ŒŒ§","21209","‰H“‡Žs","212090004001 ","‘«‹ß’¬–khˆê’š–Ú","35.355134","136.731735","0","3"
"21","Šò•ŒŒ§","21209","‰H“‡Žs","212090004002 ","‘«‹ß’¬–kh“ñ’š–Ú","35.353442","136.733065","0","3"
"21","Šò•ŒŒ§","21209","‰H“‡Žs","212090004003 ","‘«‹ß’¬–khŽO’š–Ú","35.351158","136.733406","0","3"
"21","Šò•ŒŒ§","21209","‰H“‡Žs","212090052000 ","’|•@’¬","35.324505","136.702122","0","1"
"21","Šò•ŒŒ§","21209","‰H“‡Žs","212090060010 ","’|•@’¬ŠÛ‚Ì“à\’š–Ú","35.328366","136.694545","0","3"
"21","Šò•ŒŒ§","21209","‰H“‡Žs","212090060011 ","’|•@’¬ŠÛ‚Ì“à\ˆê’š–Ú","35.329847","136.695061","0","3"
"21","Šò•ŒŒ§","21209","‰H“‡Žs","212090060001 ","’|•@’¬ŠÛ‚Ì“àˆê’š–Ú","35.324057","136.696056","0","3"
"21","Šò•ŒŒ§","21209","‰H“‡Žs","212090060002 ","’|•@’¬ŠÛ‚Ì“à“ñ’š–Ú","35.324839","136.698325","0","3"
"21","Šò•ŒŒ§","21209","‰H“‡Žs","212090060003 ","’|•@’¬ŠÛ‚Ì“àŽO’š–Ú","35.326260","136.697863","0","3"
"21","Šò•ŒŒ§","21209","‰H“‡Žs","212090060004 ","’|•@’¬ŠÛ‚Ì“àŽl’š–Ú","35.327193","136.699435","0","3"
"21","Šò•ŒŒ§","21209","‰H“‡Žs","212090060005 ","’|•@’¬ŠÛ‚Ì“àŒÜ’š–Ú","35.328634","136.700924","0","3"
"21","Šò•ŒŒ§","21209","‰H“‡Žs","212090060006 ","’|•@’¬ŠÛ‚Ì“à˜Z’š–Ú","35.328681","136.697296","0","3"
"21","Šò•ŒŒ§","21209","‰H“‡Žs","212090060007 ","’|•@’¬ŠÛ‚Ì“àŽµ’š–Ú","35.324306","136.693807","0","3"
"21","Šò•ŒŒ§","21209","‰H“‡Žs","212090060008 ","’|•@’¬ŠÛ‚Ì“à”ª’š–Ú","35.325650","136.694215","0","3"
"21","Šò•ŒŒ§","21209","‰H“‡Žs","212090060009 ","’|•@’¬ŠÛ‚Ì“à‹ã’š–Ú","35.327132","136.694337","0","3"
"21","Šò•ŒŒ§","21209","‰H“‡Žs","212090057000 ","’|•@’¬‹Ñ’¬","35.321161","136.695356","0","1"
"21","Šò•ŒŒ§","21209","‰H“‡Žs","212090056000 ","’|•@’¬‹î’Ë","35.303249","136.719612","0","1"
"21","Šò•ŒŒ§","21209","‰H“‡Žs","212090055000 ","’|•@’¬ŒÏŒŠ","35.319575","136.709460","0","1"
"21","Šò•ŒŒ§","21209","‰H“‡Žs","212090054000 ","’|•@’¬_Šy","35.330537","136.703939","0","1"
"21","Šò•ŒŒ§","21209","‰H“‡Žs","212090058000 ","’|•@’¬¼–ì’¬","35.321969","136.693954","0","1"
"21","Šò•ŒŒ§","21209","‰H“‡Žs","212090053000 ","’|•@’¬”Ñ•¿","35.315842","136.716897","0","1"
"21","Šò•ŒŒ§","21209","‰H“‡Žs","212090059000 ","’|•@’¬–IK","35.308147","136.712700","0","1"
"21","Šò•ŒŒ§","21209","‰H“‡Žs","212090068000 ","•ŸŽõ’¬ŠÔ“‡","35.334896","136.690448","0","1"
"21","Šò•ŒŒ§","21209","‰H“‡Žs","212090069001 ","•ŸŽõ’¬ŠÔ“‡ˆê’š–Ú","35.331935","136.692366","0","3"
"21","Šò•ŒŒ§","21209","‰H“‡Žs","212090069002 ","•ŸŽõ’¬ŠÔ“‡“ñ’š–Ú","35.333795","136.693223","0","3"
"21","Šò•ŒŒ§","21209","‰H“‡Žs","212090069003 ","•ŸŽõ’¬ŠÔ“‡ŽO’š–Ú","35.336243","136.696259","0","3"
"21","Šò•ŒŒ§","21209","‰H“‡Žs","212090069004 ","•ŸŽõ’¬ŠÔ“‡Žl’š–Ú","35.331716","136.695178","0","3"
"21","Šò•ŒŒ§","21209","‰H“‡Žs","212090069005 ","•ŸŽõ’¬ŠÔ“‡ŒÜ’š–Ú","35.333945","136.696033","0","3"
"21","Šò•ŒŒ§","21209","‰H“‡Žs","212090069006 ","•ŸŽõ’¬ŠÔ“‡˜Z’š–Ú","35.335216","136.698712","0","3"
"21","Šò•ŒŒ§","21209","‰H“‡Žs","212090069007 ","•ŸŽõ’¬ŠÔ“‡Žµ’š–Ú","35.331464","136.697148","0","3"
"21","Šò•ŒŒ§","21209","‰H“‡Žs","212090069008 ","•ŸŽõ’¬ŠÔ“‡”ª’š–Ú","35.333630","136.697678","0","3"
"21","Šò•ŒŒ§","21209","‰H“‡Žs","212090069009 ","•ŸŽõ’¬ŠÔ“‡‹ã’š–Ú","35.331771","136.699091","0","3"
"21","Šò•ŒŒ§","21209","‰H“‡Žs","212090063000 ","•ŸŽõ’¬ç‘ã“c","35.318899","136.683830","0","1"
"21","Šò•ŒŒ§","21209","‰H“‡Žs","212090064001 ","•ŸŽõ’¬ç‘ã“cˆê’š–Ú","35.318049","136.685042","0","3"
"21","Šò•ŒŒ§","21209","‰H“‡Žs","212090061000 ","•ŸŽõ’¬ó•½","35.322188","136.690954","0","1"
"21","Šò•ŒŒ§","21209","‰H“‡Žs","212090062001 ","•ŸŽõ’¬ó•½ˆê’š–Ú","35.317521","136.687520","0","3"
"21","Šò•ŒŒ§","21209","‰H“‡Žs","212090062002 ","•ŸŽõ’¬ó•½“ñ’š–Ú","35.318430","136.686803","0","3"
"21","Šò•ŒŒ§","21209","‰H“‡Žs","212090062003 ","•ŸŽõ’¬ó•½ŽO’š–Ú","35.320279","136.692835","0","3"
"21","Šò•ŒŒ§","21209","‰H“‡Žs","212090062004 ","•ŸŽõ’¬ó•½Žl’š–Ú","35.320521","136.689856","0","3"
"21","Šò•ŒŒ§","21209","‰H“‡Žs","212090062005 ","•ŸŽõ’¬ó•½ŒÜ’š–Ú","35.321828","136.692495","0","3"
"21","Šò•ŒŒ§","21209","‰H“‡Žs","212090065000 ","•ŸŽõ’¬•½•û","35.316774","136.672338","1","1"
"21","Šò•ŒŒ§","21209","‰H“‡Žs","212090066010 ","•ŸŽõ’¬•½•û\’š–Ú","35.317308","136.679322","0","3"
"21","Šò•ŒŒ§","21209","‰H“‡Žs","212090066011 ","•ŸŽõ’¬•½•û\ˆê’š–Ú","35.314879","136.678696","0","3"
"21","Šò•ŒŒ§","21209","‰H“‡Žs","212090066012 ","•ŸŽõ’¬•½•û\“ñ’š–Ú","35.313197","136.680310","0","3"
"21","Šò•ŒŒ§","21209","‰H“‡Žs","212090066013 ","•ŸŽõ’¬•½•û\ŽO’š–Ú","35.312332","136.678294","0","3"
"21","Šò•ŒŒ§","21209","‰H“‡Žs","212090066014","•ŸŽõ’¬•½•û\Žl’š–Ú","35.316432","136.672972","1","3"
"21","Šò•ŒŒ§","21209","‰H“‡Žs","212090066001 ","•ŸŽõ’¬•½•ûˆê’š–Ú","35.314971","136.684903","0","3"
"21","Šò•ŒŒ§","21209","‰H“‡Žs","212090066002 ","•ŸŽõ’¬•½•û“ñ’š–Ú","35.315568","136.683745","0","3"
"21","Šò•ŒŒ§","21209","‰H“‡Žs","212090066003 ","•ŸŽõ’¬•½•ûŽO’š–Ú","35.314541","136.682799","0","3"
"21","Šò•ŒŒ§","21209","‰H“‡Žs","212090066004 ","•ŸŽõ’¬•½•ûŽl’š–Ú","35.316359","136.683099","0","3"
"21","Šò•ŒŒ§","21209","‰H“‡Žs","212090066005 ","•ŸŽõ’¬•½•ûŒÜ’š–Ú","35.315045","136.681399","0","3"
"21","Šò•ŒŒ§","21209","‰H“‡Žs","212090066006 ","•ŸŽõ’¬•½•û˜Z’š–Ú","35.317218","136.682220","0","3"
"21","Šò•ŒŒ§","21209","‰H“‡Žs","212090066007 ","•ŸŽõ’¬•½•ûŽµ’š–Ú","35.315861","136.680773","0","3"
"21","Šò•ŒŒ§","21209","‰H“‡Žs","212090066008 ","•ŸŽõ’¬•½•û”ª’š–Ú","35.318144","136.681146","0","3"
"21","Šò•ŒŒ§","21209","‰H“‡Žs","212090066009 ","•ŸŽõ’¬•½•û‹ã’š–Ú","35.319182","136.680003","0","3"
"21","Šò•ŒŒ§","21209","‰H“‡Žs","212090067000 ","•ŸŽõ’¬–{‹½","35.326675","136.687240","0","1"
"21","Šò•ŒŒ§","21209","‰H“‡Žs","212090075000 ","–x’Ã’¬","35.297384","136.678151","0","1"
"21","Šò•ŒŒ§","21209","‰H“‡Žs","212090083001 ","–x’Ã’¬‰¡Žèˆê’š–Ú","35.311396","136.675049","0","3"
"21","Šò•ŒŒ§","21209","‰H“‡Žs","212090083002 ","–x’Ã’¬‰¡Žè“ñ’š–Ú","35.311548","136.672628","0","3"
"21","Šò•ŒŒ§","21209","‰H“‡Žs","212090083003 ","–x’Ã’¬‰¡ŽèŽO’š–Ú","35.311635","136.668002","0","3"
"21","Šò•ŒŒ§","21209","‰H“‡Žs","212090078000 ","–x’Ã’¬{‰ê¼","35.308445","136.667842","0","1"
"21","Šò•ŒŒ§","21209","‰H“‡Žs","212090077000 ","–x’Ã’¬{‰ê’†","35.308546","136.675430","0","1"
"21","Šò•ŒŒ§","21209","‰H“‡Žs","212090079001 ","–x’Ã’¬{‰ê“ìˆê’š–Ú","35.305373","136.673492","0","3"
"21","Šò•ŒŒ§","21209","‰H“‡Žs","212090079002 ","–x’Ã’¬{‰ê“ì“ñ’š–Ú","35.304901","136.668740","0","3"
"21","Šò•ŒŒ§","21209","‰H“‡Žs","212090076001 ","–x’Ã’¬{‰ê–kˆê’š–Ú","35.307952","136.680597","0","3"
"21","Šò•ŒŒ§","21209","‰H“‡Žs","212090076002 ","–x’Ã’¬{‰ê–k“ñ’š–Ú","35.308291","136.678356","0","3"
"21","Šò•ŒŒ§","21209","‰H“‡Žs","212090082000 ","–x’Ã’¬‘O’J","35.304694","136.676008","0","1"
"21","Šò•ŒŒ§","21209","‰H“‡Žs","212090080000 ","–x’Ã’¬’†‰®•~","35.308723","136.672337","0","1"
"21","Šò•ŒŒ§","21209","‰H“‡Žs","212090081000 ","–x’Ã’¬“ŒŽR","35.305756","136.678924","0","1"
"21","Šò•ŒŒ§","21210","Œb“ßŽs","212100001000","–¾’q’¬","35.298233","137.395775","0","1"
"21","Šò•ŒŒ§","21210","Œb“ßŽs","212100002000","–¾’q’¬ˆ¢È","35.276662","137.343942","0","1"
"21","Šò•ŒŒ§","21210","Œb“ßŽs","212100003000","–¾’q’¬‘åò","35.315553","137.370852","0","1"
"21","Šò•ŒŒ§","21210","Œb“ßŽs","212100004000","–¾’q’¬‘å“c","35.295620","137.361482","0","1"
"21","Šò•ŒŒ§","21210","Œb“ßŽs","212100005000","–¾’q’¬‹g—ÇŒ©","35.306072","137.343298","0","1"
"21","Šò•ŒŒ§","21210","Œb“ßŽs","212100006000","–¾’q’¬™–ì","35.320406","137.413602","0","1"
"21","Šò•ŒŒ§","21210","Œb“ßŽs","212100007000","–¾’q’¬–ìŽu","35.324441","137.385270","0","1"
"21","Šò•ŒŒ§","21210","Œb“ßŽs","212100008000","–¾’q’¬“Œ•û","35.305539","137.433447","0","1"
"21","Šò•ŒŒ§","21210","Œb“ßŽs","212100009000","–¾’q’¬‰¡’Ê","35.273996","137.373826","0","1"
"21","Šò•ŒŒ§","21210","Œb“ßŽs","212100010000","”Ñ’n’¬","35.477270","137.282924","0","1"
"21","Šò•ŒŒ§","21210","Œb“ßŽs","212100011000","Šâ‘º’¬","35.360178","137.439259","0","1"
"21","Šò•ŒŒ§","21210","Œb“ßŽs","212100012000","Šâ‘º’¬”Ñ‰HŠÔ","35.391759","137.422479","0","1"
"21","Šò•ŒŒ§","21210","Œb“ßŽs","212100013000","Šâ‘º’¬•x“c","35.370624","137.456940","0","1"
"21","Šò•ŒŒ§","21210","Œb“ßŽs","212100014000","‘åˆä’¬","35.465488","137.412522","0","1"
"21","Šò•ŒŒ§","21210","Œb“ßŽs","212100015000","’·“‡’¬‹v{Œ©","35.461638","137.364627","0","1"
"21","Šò•ŒŒ§","21210","Œb“ßŽs","212100016000","’·“‡’¬³‰Æ","35.432949","137.415627","0","1"
"21","Šò•ŒŒ§","21210","Œb“ßŽs","212100017001","’·“‡’¬³‰Æˆê’š–Ú","35.449613","137.413612","0","3"
"21","Šò•ŒŒ§","21210","Œb“ßŽs","212100017002","’·“‡’¬³‰Æ“ñ’š–Ú","35.448295","137.414940","0","3"
"21","Šò•ŒŒ§","21210","Œb“ßŽs","212100017003","’·“‡’¬³‰ÆŽO’š–Ú","35.446332","137.416388","0","3"
"21","Šò•ŒŒ§","21210","Œb“ßŽs","212100018000","’·“‡’¬‰i“c","35.432338","137.400234","0","1"
"21","Šò•ŒŒ§","21210","Œb“ßŽs","212100019000","’·“‡’¬’†–ì","35.448337","137.387154","0","1"
"21","Šò•ŒŒ§","21210","Œb“ßŽs","212100020001","’·“‡’¬’†–ìˆê’š–Ú","35.450199","137.409065","0","3"
"21","Šò•ŒŒ§","21210","Œb“ßŽs","212100020002","’·“‡’¬’†–ì“ñ’š–Ú","35.448422","137.410250","0","3"
"21","Šò•ŒŒ§","21210","Œb“ßŽs","212100020003","’·“‡’¬’†–ìŽO’š–Ú","35.446857","137.410503","0","3"
"21","Šò•ŒŒ§","21210","Œb“ßŽs","212100021000","’·“‡’¬“çŽR","35.419874","137.411275","0","1"
"21","Šò•ŒŒ§","21210","Œb“ßŽs","212100022000","Š}’u’¬‰Í‡","35.485141","137.325874","0","1"
"21","Šò•ŒŒ§","21210","Œb“ßŽs","212100023000","Š}’u’¬–Ñ˜CŒE","35.492410","137.375550","0","1"
"21","Šò•ŒŒ§","21210","Œb“ßŽs","212100024000","Š}’u’¬•PŒI","35.491962","137.350587","0","1"
"21","Šò•ŒŒ§","21210","Œb“ßŽs","212100025000","ã–îì’¬","35.338911","137.534019","0","1"
"21","Šò•ŒŒ§","21210","Œb“ßŽs","212100026000","ã–îì’¬Ž½Œ´","35.297059","137.470696","0","1"
"21","Šò•ŒŒ§","21210","Œb“ßŽs","212100027000","ã–îì’¬¬“cŽq","35.272271","137.507365","0","1"
"21","Šò•ŒŒ§","21210","Œb“ßŽs","212100028000","ã–îì’¬‰º","35.270958","137.478992","0","1"
"21","Šò•ŒŒ§","21210","Œb“ßŽs","212100029000","‹øŒ´","35.261422","137.422895","0","1"
"21","Šò•ŒŒ§","21210","Œb“ßŽs","212100030000","••À’¬V’|Ü","35.425414","137.344585","0","1"
"21","Šò•ŒŒ§","21210","Œb“ßŽs","212100031000","••À’¬’|Ü","35.433353","137.361421","0","1"
"21","Šò•ŒŒ§","21210","Œb“ßŽs","212100032000","••À’¬“¡","35.457887","137.319757","0","1"
"21","Šò•ŒŒ§","21210","Œb“ßŽs","212100033000","’†–ì•û’¬","35.520461","137.313362","0","1"
"21","Šò•ŒŒ§","21210","Œb“ßŽs","212100034000","“Œ–ì","35.438343","137.462145","0","1"
"21","Šò•ŒŒ§","21210","Œb“ßŽs","212100035000","ŽO‹½’¬²X—Ç–Ø","35.402753","137.356910","0","1"
"21","Šò•ŒŒ§","21210","Œb“ßŽs","212100036000","ŽO‹½’¬–ìˆä","35.414870","137.385604","0","1"
"21","Šò•ŒŒ§","21210","Œb“ßŽs","212100037000","ŽO‹½’¬–¸ŽÀ","35.381200","137.352993","0","1"
"21","Šò•ŒŒ§","21210","Œb“ßŽs","212100038000","ŽR‰ª’¬Š˜‰®","35.337370","137.374719","0","1"
"21","Šò•ŒŒ§","21210","Œb“ßŽs","212100039000","ŽR‰ª’¬ãŽèŒü","35.356125","137.383864","0","1"
"21","Šò•ŒŒ§","21210","Œb“ßŽs","212100040000","ŽR‰ª’¬‹v•ÛŒ´","35.378518","137.385697","0","1"
"21","Šò•ŒŒ§","21210","Œb“ßŽs","212100041000","ŽR‰ª’¬‰ºŽèŒü","35.353425","137.356003","0","1"
"21","Šò•ŒŒ§","21210","Œb“ßŽs","212100042000","ŽR‰ª’¬“c‘ò","35.339989","137.403617","0","1"
"21","Šò•ŒŒ§","21210","Œb“ßŽs","212100043000","ŽR‰ª’¬“c‘ã","35.347293","137.324772","0","1"
"21","Šò•ŒŒ§","21210","Œb“ßŽs","212100044000","ŽR‰ª’¬”nêŽR“c","35.347340","137.415602","0","1"
"21","Šò•ŒŒ§","21210","Œb“ßŽs","212100045000","ŽR‰ª’¬Œ´","35.328123","137.355080","0","1"
"21","Šò•ŒŒ§","21211","”ü”Z‰Á–ÎŽs","212110001000","ˆÉ[’¬","35.513452","137.010952","0","1"
"21","Šò•ŒŒ§","21211","”ü”Z‰Á–ÎŽs","212110002000","‘¾“c’¬","35.445106","137.016171","0","1"
"21","Šò•ŒŒ§","21211","”ü”Z‰Á–ÎŽs","212110003001","‘¾“c–{’¬ˆê’š–Ú","35.438086","137.018941","0","3"
"21","Šò•ŒŒ§","21211","”ü”Z‰Á–ÎŽs","212110003002","‘¾“c–{’¬“ñ’š–Ú","35.437987","137.015828","0","3"
"21","Šò•ŒŒ§","21211","”ü”Z‰Á–ÎŽs","212110003003","‘¾“c–{’¬ŽO’š–Ú","35.437853","137.013445","0","3"
"21","Šò•ŒŒ§","21211","”ü”Z‰Á–ÎŽs","212110003004","‘¾“c–{’¬Žl’š–Ú","35.437630","137.011225","0","3"
"21","Šò•ŒŒ§","21211","”ü”Z‰Á–ÎŽs","212110003005","‘¾“c–{’¬ŒÜ’š–Ú","35.436894","137.009158","0","3"
"21","Šò•ŒŒ§","21211","”ü”Z‰Á–ÎŽs","212110004001","‘åŽè’¬ˆê’š–Ú","35.446569","137.019030","0","3"
"21","Šò•ŒŒ§","21211","”ü”Z‰Á–ÎŽs","212110004002","‘åŽè’¬“ñ’š–Ú","35.448115","137.019542","0","3"
"21","Šò•ŒŒ§","21211","”ü”Z‰Á–ÎŽs","212110005001","‰Á–Îì’¬ˆê’š–Ú","35.442270","137.009164","0","3"
"21","Šò•ŒŒ§","21211","”ü”Z‰Á–ÎŽs","212110005002","‰Á–Îì’¬“ñ’š–Ú","35.440113","137.008720","0","3"
"21","Šò•ŒŒ§","21211","”ü”Z‰Á–ÎŽs","212110005003","‰Á–Îì’¬ŽO’š–Ú","35.440306","137.005801","0","3"
"21","Šò•ŒŒ§","21211","”ü”Z‰Á–ÎŽs","212110006000","‰Á–Î–ì’¬Žs‹´","35.470223","136.964526","0","1"
"21","Šò•ŒŒ§","21211","”ü”Z‰Á–ÎŽs","212110007000","‰Á–Î–ì’¬ˆî•Ó","35.452811","136.966350","0","1"
"21","Šò•ŒŒ§","21211","”ü”Z‰Á–ÎŽs","212110008000","‰Á–Î–ì’¬¡ò","35.464948","136.977793","0","1"
"21","Šò•ŒŒ§","21211","”ü”Z‰Á–ÎŽs","212110009000","‰Á–Î–ì’¬‰Á–Î–ì","35.454089","136.983446","0","1"
"21","Šò•ŒŒ§","21211","”ü”Z‰Á–ÎŽs","212110010000","‰Á–Î–ì’¬‘é”V‘ƒ","35.465191","136.969620","0","1"
"21","Šò•ŒŒ§","21211","”ü”Z‰Á–ÎŽs","212110011001","ì‡’¬ˆê’š–Ú","35.443453","137.044373","0","3"
"21","Šò•ŒŒ§","21211","”ü”Z‰Á–ÎŽs","212110011002","ì‡’¬“ñ’š–Ú","35.448026","137.046201","0","3"
"21","Šò•ŒŒ§","21211","”ü”Z‰Á–ÎŽs","212110011003","ì‡’¬ŽO’š–Ú","35.446194","137.048895","0","3"
"21","Šò•ŒŒ§","21211","”ü”Z‰Á–ÎŽs","212110011004","ì‡’¬Žl’š–Ú","35.449316","137.050473","0","3"
"21","Šò•ŒŒ§","21211","”ü”Z‰Á–ÎŽs","212110012001","‘“J’¬ˆê’š–Ú","35.444949","137.010309","0","3"
"21","Šò•ŒŒ§","21211","”ü”Z‰Á–ÎŽs","212110012002","‘“J’¬“ñ’š–Ú","35.444373","137.006782","0","3"
"21","Šò•ŒŒ§","21211","”ü”Z‰Á–ÎŽs","212110012003","‘“J’¬ŽO’š–Ú","35.443076","137.004143","0","3"
"21","Šò•ŒŒ§","21211","”ü”Z‰Á–ÎŽs","212110012004","‘“J’¬Žl’š–Ú","35.440370","137.003119","0","3"
"21","Šò•ŒŒ§","21211","”ü”Z‰Á–ÎŽs","212110013000","ŒÃˆä’¬‰ºŒÃˆä","35.440930","137.023764","0","1"
"21","Šò•ŒŒ§","21211","”ü”Z‰Á–ÎŽs","212110014001","“‡’¬ˆê’š–Ú","35.441489","137.027905","0","3"
"21","Šò•ŒŒ§","21211","”ü”Z‰Á–ÎŽs","212110014002","“‡’¬“ñ’š–Ú","35.438322","137.027162","0","3"
"21","Šò•ŒŒ§","21211","”ü”Z‰Á–ÎŽs","212110015001","´…’¬ˆê’š–Ú","35.445259","137.031902","0","3"
"21","Šò•ŒŒ§","21211","”ü”Z‰Á–ÎŽs","212110015002","´…’¬“ñ’š–Ú","35.442665","137.031283","0","3"
"21","Šò•ŒŒ§","21211","”ü”Z‰Á–ÎŽs","212110016000","‰º•Ä“c’¬¡","35.458207","137.064021","0","1"
"21","Šò•ŒŒ§","21211","”ü”Z‰Á–ÎŽs","212110017000","‰º•Ä“c’¬¬ŽR","35.452459","137.056008","0","1"
"21","Šò•ŒŒ§","21211","”ü”Z‰Á–ÎŽs","212110018000","‰º•Ä“c’¬ˆ×‰ª","35.473022","137.071341","0","1"
"21","Šò•ŒŒ§","21211","”ü”Z‰Á–ÎŽs","212110019000","‰º•Ä“c’¬¼˜e","35.466424","137.059153","0","1"
"21","Šò•ŒŒ§","21211","”ü”Z‰Á–ÎŽs","212110020000","‰º•Ä“c’¬M—F","35.465800","137.079070","0","1"
"21","Šò•ŒŒ§","21211","”ü”Z‰Á–ÎŽs","212110021000","‰º•Ä“c’¬‘¥Œõ","35.463687","137.068284","0","1"
"21","Šò•ŒŒ§","21211","”ü”Z‰Á–ÎŽs","212110022000","‰º•Ä“c’¬“Œ“Èˆä","35.475752","137.066655","0","1"
"21","Šò•ŒŒ§","21211","”ü”Z‰Á–ÎŽs","212110023000","‰º•Ä“c’¬ŽR–{","35.473176","137.078551","0","1"
"21","Šò•ŒŒ§","21211","”ü”Z‰Á–ÎŽs","212110024001","V’r’¬ˆê’š–Ú","35.452096","137.023515","0","3"
"21","Šò•ŒŒ§","21211","”ü”Z‰Á–ÎŽs","212110024002","V’r’¬“ñ’š–Ú","35.453396","137.027205","0","3"
"21","Šò•ŒŒ§","21211","”ü”Z‰Á–ÎŽs","212110024003","V’r’¬ŽO’š–Ú","35.453923","137.030119","0","3"
"21","Šò•ŒŒ§","21211","”ü”Z‰Á–ÎŽs","212110025001","“c“‡’¬ˆê’š–Ú","35.446620","137.022658","0","3"
"21","Šò•ŒŒ§","21211","”ü”Z‰Á–ÎŽs","212110025002","“c“‡’¬“ñ’š–Ú","35.449184","137.023078","0","3"
"21","Šò•ŒŒ§","21211","”ü”Z‰Á–ÎŽs","212110025003","“c“‡’¬ŽO’š–Ú","35.449756","137.026749","0","3"
"21","Šò•ŒŒ§","21211","”ü”Z‰Á–ÎŽs","212110025004","“c“‡’¬Žl’š–Ú","35.447729","137.027564","0","3"
"21","Šò•ŒŒ§","21211","”ü”Z‰Á–ÎŽs","212110026001","’†•”‘äˆê’š–Ú","35.456233","137.019389","0","3"
"21","Šò•ŒŒ§","21211","”ü”Z‰Á–ÎŽs","212110026002","’†•”‘ä“ñ’š–Ú","35.459613","137.019753","0","3"
"21","Šò•ŒŒ§","21211","”ü”Z‰Á–ÎŽs","212110026003","’†•”‘äŽO’š–Ú","35.461048","137.019926","0","3"
"21","Šò•ŒŒ§","21211","”ü”Z‰Á–ÎŽs","212110026004","’†•”‘äŽl’š–Ú","35.460636","137.022404","0","3"
"21","Šò•ŒŒ§","21211","”ü”Z‰Á–ÎŽs","212110026005","’†•”‘äŒÜ’š–Ú","35.462453","137.019283","0","3"
"21","Šò•ŒŒ§","21211","”ü”Z‰Á–ÎŽs","212110026006","’†•”‘ä˜Z’š–Ú","35.463759","137.016603","0","3"
"21","Šò•ŒŒ§","21211","”ü”Z‰Á–ÎŽs","212110026007","’†•”‘äŽµ’š–Ú","35.464540","137.019665","0","3"
"21","Šò•ŒŒ§","21211","”ü”Z‰Á–ÎŽs","212110026008","’†•”‘ä”ª’š–Ú","35.463345","137.022403","0","3"
"21","Šò•ŒŒ§","21211","”ü”Z‰Á–ÎŽs","212110026009","’†•”‘ä‹ã’š–Ú","35.466486","137.019016","0","3"
"21","Šò•ŒŒ§","21211","”ü”Z‰Á–ÎŽs","212110027001","’†•x’¬ˆê’š–Ú","35.443442","137.025280","0","3"
"21","Šò•ŒŒ§","21211","”ü”Z‰Á–ÎŽs","212110027002","’†•x’¬“ñ’š–Ú","35.445851","137.028130","0","3"
"21","Šò•ŒŒ§","21211","”ü”Z‰Á–ÎŽs","212110027003","’†•x’¬ŽO’š–Ú","35.442839","137.028030","0","3"
"21","Šò•ŒŒ§","21211","”ü”Z‰Á–ÎŽs","212110028001","¼’¬ˆê’š–Ú","35.446515","137.004517","0","3"
"21","Šò•ŒŒ§","21211","”ü”Z‰Á–ÎŽs","212110028002","¼’¬“ñ’š–Ú","35.445274","137.001568","0","3"
"21","Šò•ŒŒ§","21211","”ü”Z‰Á–ÎŽs","212110028003","¼’¬ŽO’š–Ú","35.443457","137.000234","0","3"
"21","Šò•ŒŒ§","21211","”ü”Z‰Á–ÎŽs","212110028004","¼’¬Žl’š–Ú","35.443204","136.995248","0","3"
"21","Šò•ŒŒ§","21211","”ü”Z‰Á–ÎŽs","212110028005","¼’¬ŒÜ’š–Ú","35.447420","136.997146","0","3"
"21","Šò•ŒŒ§","21211","”ü”Z‰Á–ÎŽs","212110028006","¼’¬˜Z’š–Ú","35.449911","136.995167","0","3"
"21","Šò•ŒŒ§","21211","”ü”Z‰Á–ÎŽs","212110028007","¼’¬Žµ’š–Ú","35.452406","136.997592","0","3"
"21","Šò•ŒŒ§","21211","”ü”Z‰Á–ÎŽs","212110028008","¼’¬”ª’š–Ú","35.448597","137.002153","0","3"
"21","Šò•ŒŒ§","21211","”ü”Z‰Á–ÎŽs","212110029001","–ìù’¬ˆê’š–Ú","35.443974","137.034596","0","3"
"21","Šò•ŒŒ§","21211","”ü”Z‰Á–ÎŽs","212110029002","–ìù’¬“ñ’š–Ú","35.443671","137.037906","0","3"
"21","Šò•ŒŒ§","21211","”ü”Z‰Á–ÎŽs","212110030001","–I‰®‘äˆê’š–Ú","35.468393","137.016535","0","3"
"21","Šò•ŒŒ§","21211","”ü”Z‰Á–ÎŽs","212110030002","–I‰®‘ä“ñ’š–Ú","35.469342","137.012532","0","3"
"21","Šò•ŒŒ§","21211","”ü”Z‰Á–ÎŽs","212110031000","–I‰®’¬ã–I‰®","35.475221","137.018704","0","1"
"21","Šò•ŒŒ§","21211","”ü”Z‰Á–ÎŽs","212110032000","–I‰®’¬‰º–I‰®","35.475900","136.992214","0","1"
"21","Šò•ŒŒ§","21211","”ü”Z‰Á–ÎŽs","212110033000","–I‰®’¬–î“c","35.459254","137.014904","0","1"
"21","Šò•ŒŒ§","21211","”ü”Z‰Á–ÎŽs","212110034001","[“c’¬ˆê’š–Ú","35.435305","137.007425","0","3"
"21","Šò•ŒŒ§","21211","”ü”Z‰Á–ÎŽs","212110034002","[“c’¬“ñ’š–Ú","35.432865","137.005247","0","3"
"21","Šò•ŒŒ§","21211","”ü”Z‰Á–ÎŽs","212110034003","[“c’¬ŽO’š–Ú","35.435729","137.004371","0","3"
"21","Šò•ŒŒ§","21211","”ü”Z‰Á–ÎŽs","212110035001","–{‹½’¬ˆê’š–Ú","35.447980","137.038717","0","3"
"21","Šò•ŒŒ§","21211","”ü”Z‰Á–ÎŽs","212110035002","–{‹½’¬“ñ’š–Ú","35.449057","137.035853","0","3"
"21","Šò•ŒŒ§","21211","”ü”Z‰Á–ÎŽs","212110035003","–{‹½’¬ŽO’š–Ú","35.449735","137.032043","0","3"
"21","Šò•ŒŒ§","21211","”ü”Z‰Á–ÎŽs","212110035004","–{‹½’¬Žl’š–Ú","35.455677","137.031966","0","3"
"21","Šò•ŒŒ§","21211","”ü”Z‰Á–ÎŽs","212110035005","–{‹½’¬ŒÜ’š–Ú","35.455802","137.035013","0","3"
"21","Šò•ŒŒ§","21211","”ü”Z‰Á–ÎŽs","212110035006","–{‹½’¬˜Z’š–Ú","35.456455","137.038303","0","3"
"21","Šò•ŒŒ§","21211","”ü”Z‰Á–ÎŽs","212110035007","–{‹½’¬Žµ’š–Ú","35.458168","137.041919","0","3"
"21","Šò•ŒŒ§","21211","”ü”Z‰Á–ÎŽs","212110035008","–{‹½’¬”ª’š–Ú","35.453570","137.045841","0","3"
"21","Šò•ŒŒ§","21211","”ü”Z‰Á–ÎŽs","212110035009","–{‹½’¬‹ã’š–Ú","35.450942","137.042866","0","3"
"21","Šò•ŒŒ§","21211","”ü”Z‰Á–ÎŽs","212110036001","‘O•½’¬ˆê’š–Ú","35.450989","137.008411","0","3"
"21","Šò•ŒŒ§","21211","”ü”Z‰Á–ÎŽs","212110036002","‘O•½’¬“ñ’š–Ú","35.450585","137.004320","0","3"
"21","Šò•ŒŒ§","21211","”ü”Z‰Á–ÎŽs","212110036003","‘O•½’¬ŽO’š–Ú","35.453186","137.003889","0","3"
"21","Šò•ŒŒ§","21211","”ü”Z‰Á–ÎŽs","212110037000","–q–ì","35.447827","137.066102","0","1"
"21","Šò•ŒŒ§","21211","”ü”Z‰Á–ÎŽs","212110038001","Œä–å’¬ˆê’š–Ú","35.439181","137.030736","0","3"
"21","Šò•ŒŒ§","21211","”ü”Z‰Á–ÎŽs","212110038002","Œä–å’¬“ñ’š–Ú","35.439793","137.036783","0","3"
"21","Šò•ŒŒ§","21211","”ü”Z‰Á–ÎŽs","212110039000","ŽO˜a’¬ì‰Y","35.528043","137.051121","0","1"
"21","Šò•ŒŒ§","21211","”ü”Z‰Á–ÎŽs","212110040000","ŽO˜a’¬“ù‰®","35.534098","137.026606","0","1"
"21","Šò•ŒŒ§","21211","”ü”Z‰Á–ÎŽs","212110041001","XŽR’¬ˆê’š–Ú","35.455007","137.048854","0","3"
"21","Šò•ŒŒ§","21211","”ü”Z‰Á–ÎŽs","212110041002","XŽR’¬“ñ’š–Ú","35.458147","137.045971","0","3"
"21","Šò•ŒŒ§","21211","”ü”Z‰Á–ÎŽs","212110041003","XŽR’¬ŽO’š–Ú","35.460631","137.050522","0","3"
"21","Šò•ŒŒ§","21211","”ü”Z‰Á–ÎŽs","212110041004","XŽR’¬Žl’š–Ú","35.456183","137.051904","0","3"
"21","Šò•ŒŒ§","21211","”ü”Z‰Á–ÎŽs","212110041005","XŽR’¬ŒÜ’š–Ú","35.462273","137.045763","0","3"
"21","Šò•ŒŒ§","21211","”ü”Z‰Á–ÎŽs","212110041006","XŽR’¬˜Z’š–Ú","35.464112","137.048863","0","3"
"21","Šò•ŒŒ§","21211","”ü”Z‰Á–ÎŽs","212110042001","ŽRŽè’¬ˆê’š–Ú","35.451419","137.019033","0","3"
"21","Šò•ŒŒ§","21211","”ü”Z‰Á–ÎŽs","212110042002","ŽRŽè’¬“ñ’š–Ú","35.451484","137.015193","0","3"
"21","Šò•ŒŒ§","21211","”ü”Z‰Á–ÎŽs","212110042003","ŽRŽè’¬ŽO’š–Ú","35.451638","137.011903","0","3"
"21","Šò•ŒŒ§","21211","”ü”Z‰Á–ÎŽs","212110043000","ŽR”Vã’¬","35.483766","137.036726","0","1"
"21","Šò•ŒŒ§","21211","”ü”Z‰Á–ÎŽs","212110044000","–I‰®’¬’†–I‰®","35.474686","137.004290","0","1"
"21","Šò•ŒŒ§","21211","”ü”Z‰Á–ÎŽs","212110045000","‰Á–Î–ì’¬–Ø–ì","35.459291","136.990300","0","1"
"21","Šò•ŒŒ§","21211","”ü”Z‰Á–ÎŽs","212110046000","–I‰®’¬ˆÉ£","35.465631","136.990026","0","1"
"21","Šò•ŒŒ§","21211","”ü”Z‰Á–ÎŽs","212110047001","‚ ‚¶‚³‚¢ƒ–‹uˆê’š–Ú","35.459458","137.005206","0","3"
"21","Šò•ŒŒ§","21211","”ü”Z‰Á–ÎŽs","212110047002","‚ ‚¶‚³‚¢ƒ–‹u“ñ’š–Ú","35.461623","137.006589","0","3"
"21","Šò•ŒŒ§","21211","”ü”Z‰Á–ÎŽs","212110047003","‚ ‚¶‚³‚¢ƒ–‹uŽO’š–Ú","35.458631","137.006860","0","3"
"21","Šò•ŒŒ§","21211","”ü”Z‰Á–ÎŽs","212110048000","ŽRè’¬","35.462007","137.003132","0","1"
"21","Šò•ŒŒ§","21211","”ü”Z‰Á–ÎŽs","212110049001","Œ’N‚Ì‚Ü‚¿ˆê’š–Ú","35.457308","137.016060","1","3"
"21","Šò•ŒŒ§","21212","“yŠòŽs","212120001001","ò’rƒmã’¬ˆê’š–Ú","35.356349","137.175795","0","3"
"21","Šò•ŒŒ§","21212","“yŠòŽs","212120001002","ò’rƒmã’¬“ñ’š–Ú","35.357083","137.175259","0","3"
"21","Šò•ŒŒ§","21212","“yŠòŽs","212120002001","òŠâ”¨’¬ˆê’š–Ú","35.361762","137.182176","0","3"
"21","Šò•ŒŒ§","21212","“yŠòŽs","212120002002","òŠâ”¨’¬“ñ’š–Ú","35.361350","137.183951","0","3"
"21","Šò•ŒŒ§","21212","“yŠòŽs","212120002003","òŠâ”¨’¬ŽO’š–Ú","35.362146","137.183392","0","3"
"21","Šò•ŒŒ§","21212","“yŠòŽs","212120002004","òŠâ”¨’¬Žl’š–Ú","35.362871","137.182718","0","3"
"21","Šò•ŒŒ§","21212","“yŠòŽs","212120003001","ò”~ƒm–Ø’¬ˆê’š–Ú","35.364826","137.183605","0","3"
"21","Šò•ŒŒ§","21212","“yŠòŽs","212120003002","ò”~ƒm–Ø’¬“ñ’š–Ú","35.365492","137.184959","0","3"
"21","Šò•ŒŒ§","21212","“yŠòŽs","212120004001","ò‘å“‡’¬ˆê’š–Ú","35.364942","137.190150","0","3"
"21","Šò•ŒŒ§","21212","“yŠòŽs","212120004002","ò‘å“‡’¬“ñ’š–Ú","35.365353","137.191600","0","3"
"21","Šò•ŒŒ§","21212","“yŠòŽs","212120004003","ò‘å“‡’¬ŽO’š–Ú","35.366001","137.190093","0","3"
"21","Šò•ŒŒ§","21212","“yŠòŽs","212120004004","ò‘å“‡’¬Žl’š–Ú","35.366203","137.191176","0","3"
"21","Šò•ŒŒ§","21212","“yŠòŽs","212120004005","ò‘å“‡’¬ŒÜ’š–Ú","35.367034","137.190581","0","3"
"21","Šò•ŒŒ§","21212","“yŠòŽs","212120005001","ò‘å’Ø’¬ˆê’š–Ú","35.363299","137.181969","0","3"
"21","Šò•ŒŒ§","21212","“yŠòŽs","212120005002","ò‘å’Ø’¬“ñ’š–Ú","35.363394","137.180987","0","3"
"21","Šò•ŒŒ§","21212","“yŠòŽs","212120005003","ò‘å’Ø’¬ŽO’š–Ú","35.364534","137.182218","0","3"
"21","Šò•ŒŒ§","21212","“yŠòŽs","212120006001","ò‘åÀ’¬ˆê’š–Ú","35.357356","137.177416","0","3"
"21","Šò•ŒŒ§","21212","“yŠòŽs","212120006002","ò‘åÀ’¬“ñ’š–Ú","35.357981","137.177492","0","3"
"21","Šò•ŒŒ§","21212","“yŠòŽs","212120006003","ò‘åÀ’¬ŽO’š–Ú","35.358205","137.176796","0","3"
"21","Šò•ŒŒ§","21212","“yŠòŽs","212120006004","ò‘åÀ’¬Žl’š–Ú","35.358455","137.176339","0","3"
"21","Šò•ŒŒ§","21212","“yŠòŽs","212120007001","ò‚ª‹u’¬ˆê’š–Ú","35.370902","137.173427","0","3"
"21","Šò•ŒŒ§","21212","“yŠòŽs","212120007002","ò‚ª‹u’¬“ñ’š–Ú","35.373954","137.174009","0","3"
"21","Šò•ŒŒ§","21212","“yŠòŽs","212120007003","ò‚ª‹u’¬ŽO’š–Ú","35.376254","137.172955","0","3"
"21","Šò•ŒŒ§","21212","“yŠòŽs","212120007004","ò‚ª‹u’¬Žl’š–Ú","35.374520","137.171629","0","3"
"21","Šò•ŒŒ§","21212","“yŠòŽs","212120007005","ò‚ª‹u’¬ŒÜ’š–Ú","35.373952","137.169660","0","3"
"21","Šò•ŒŒ§","21212","“yŠòŽs","212120007006","ò‚ª‹u’¬˜Z’š–Ú","35.371383","137.169697","0","3"
"21","Šò•ŒŒ§","21212","“yŠòŽs","212120008001","ò–kŽR’¬ˆê’š–Ú","35.394333","137.184351","0","3"
"21","Šò•ŒŒ§","21212","“yŠòŽs","212120008002","ò–kŽR’¬“ñ’š–Ú","35.392320","137.187288","0","3"
"21","Šò•ŒŒ§","21212","“yŠòŽs","212120008003","ò–kŽR’¬ŽO’š–Ú","35.393643","137.186033","0","3"
"21","Šò•ŒŒ§","21212","“yŠòŽs","212120008004","ò–kŽR’¬Žl’š–Ú","35.393393","137.184854","0","3"
"21","Šò•ŒŒ§","21212","“yŠòŽs","212120008005","ò–kŽR’¬ŒÜ’š–Ú","35.393135","137.183328","0","3"
"21","Šò•ŒŒ§","21212","“yŠòŽs","212120008006","ò–kŽR’¬˜Z’š–Ú","35.391766","137.186299","0","3"
"21","Šò•ŒŒ§","21212","“yŠòŽs","212120008007","ò–kŽR’¬Žµ’š–Ú","35.391728","137.184961","0","3"
"21","Šò•ŒŒ§","21212","“yŠòŽs","212120008008","ò–kŽR’¬”ª’š–Ú","35.391735","137.183818","0","3"
"21","Šò•ŒŒ§","21212","“yŠòŽs","212120008009","ò–kŽR’¬‹ã’š–Ú","35.391885","137.182557","0","3"
"21","Šò•ŒŒ§","21212","“yŠòŽs","212120008010","ò–kŽR’¬\’š–Ú","35.389763","137.186009","0","3"
"21","Šò•ŒŒ§","21212","“yŠòŽs","212120009001","ò‹½’¬ˆê’š–Ú","35.360064","137.181223","0","3"
"21","Šò•ŒŒ§","21212","“yŠòŽs","212120009002","ò‹½’¬“ñ’š–Ú","35.360077","137.180033","0","3"
"21","Šò•ŒŒ§","21212","“yŠòŽs","212120009003","ò‹½’¬ŽO’š–Ú","35.361186","137.179653","0","3"
"21","Šò•ŒŒ§","21212","“yŠòŽs","212120009004","ò‹½’¬Žl’š–Ú","35.361511","137.181086","0","3"
"21","Šò•ŒŒ§","21212","“yŠòŽs","212120010001","ò“‡“c’¬ˆê’š–Ú","35.363460","137.186911","0","3"
"21","Šò•ŒŒ§","21212","“yŠòŽs","212120010002","ò“‡“c’¬“ñ’š–Ú","35.364128","137.187691","0","3"
"21","Šò•ŒŒ§","21212","“yŠòŽs","212120010003","ò“‡“c’¬ŽO’š–Ú","35.365280","137.187038","0","3"
"21","Šò•ŒŒ§","21212","“yŠòŽs","212120011001","ò_‰h’¬ˆê’š–Ú","35.363012","137.185202","0","3"
"21","Šò•ŒŒ§","21212","“yŠòŽs","212120011002","ò_‰h’¬“ñ’š–Ú","35.363544","137.184303","0","3"
"21","Šò•ŒŒ§","21212","“yŠòŽs","212120011003","ò_‰h’¬ŽO’š–Ú","35.364433","137.185338","0","3"
"21","Šò•ŒŒ§","21212","“yŠòŽs","212120011004","ò_‰h’¬Žl’š–Ú","35.362894","137.185972","0","3"
"21","Šò•ŒŒ§","21212","“yŠòŽs","212120012000","ò’¬‘å•x","35.380174","137.183526","0","1"
"21","Šò•ŒŒ§","21212","“yŠòŽs","212120013000","ò’¬‰Í‡","35.380860","137.211540","0","1"
"21","Šò•ŒŒ§","21212","“yŠòŽs","212120014000","ò’¬‹vK","35.374733","137.157396","0","1"
"21","Šò•ŒŒ§","21212","“yŠòŽs","212120015000","ò’¬’è—ÑŽ›","35.384541","137.195849","0","1"
"21","Šò•ŒŒ§","21212","“yŠòŽs","212120016001","òŽ›‰º’¬ˆê’š–Ú","35.361589","137.178140","0","3"
"21","Šò•ŒŒ§","21212","“yŠòŽs","212120016002","òŽ›‰º’¬“ñ’š–Ú","35.362056","137.179645","0","3"
"21","Šò•ŒŒ§","21212","“yŠòŽs","212120016003","òŽ›‰º’¬ŽO’š–Ú","35.362998","137.179814","0","3"
"21","Šò•ŒŒ§","21212","“yŠòŽs","212120017001","òŽ›“c’¬ˆê’š–Ú","35.365887","137.193322","0","3"
"21","Šò•ŒŒ§","21212","“yŠòŽs","212120017002","òŽ›“c’¬“ñ’š–Ú","35.366943","137.192731","0","3"
"21","Šò•ŒŒ§","21212","“yŠòŽs","212120017003","òŽ›“c’¬ŽO’š–Ú","35.366839","137.194603","0","3"
"21","Šò•ŒŒ§","21212","“yŠòŽs","212120018001","ò’†—q’¬ˆê’š–Ú","35.368274","137.189224","0","3"
"21","Šò•ŒŒ§","21212","“yŠòŽs","212120018002","ò’†—q’¬“ñ’š–Ú","35.370017","137.188667","0","3"
"21","Šò•ŒŒ§","21212","“yŠòŽs","212120018003","ò’†—q’¬ŽO’š–Ú","35.371390","137.188727","0","3"
"21","Šò•ŒŒ§","21212","“yŠòŽs","212120018004","ò’†—q’¬Žl’š–Ú","35.372481","137.188833","0","3"
"21","Šò•ŒŒ§","21212","“yŠòŽs","212120019001","ò’‡X’¬ˆê’š–Ú","35.366246","137.187341","0","3"
"21","Šò•ŒŒ§","21212","“yŠòŽs","212120019002","ò’‡X’¬“ñ’š–Ú","35.366669","137.186568","0","3"
"21","Šò•ŒŒ§","21212","“yŠòŽs","212120020001","ò¼—q’¬ˆê’š–Ú","35.368139","137.185436","0","3"
"21","Šò•ŒŒ§","21212","“yŠòŽs","212120020002","ò¼—q’¬“ñ’š–Ú","35.369613","137.184230","0","3"
"21","Šò•ŒŒ§","21212","“yŠòŽs","212120020003","ò¼—q’¬ŽO’š–Ú","35.369933","137.185457","0","3"
"21","Šò•ŒŒ§","21212","“yŠòŽs","212120020004","ò¼—q’¬Žl’š–Ú","35.368662","137.186784","0","3"
"21","Šò•ŒŒ§","21212","“yŠòŽs","212120020005","ò¼—q’¬ŒÜ’š–Ú","35.371220","137.186771","0","3"
"21","Šò•ŒŒ§","21212","“yŠòŽs","212120021001","ò¼Œ´’¬ˆê’š–Ú","35.360335","137.177078","0","3"
"21","Šò•ŒŒ§","21212","“yŠòŽs","212120021002","ò¼Œ´’¬“ñ’š–Ú","35.360894","137.176670","0","3"
"21","Šò•ŒŒ§","21212","“yŠòŽs","212120022001","ò¼ŽR’¬ˆê’š–Ú","35.358523","137.175673","0","3"
"21","Šò•ŒŒ§","21212","“yŠòŽs","212120022002","ò¼ŽR’¬“ñ’š–Ú","35.359125","137.175499","0","3"
"21","Šò•ŒŒ§","21212","“yŠòŽs","212120022003","ò¼ŽR’¬ŽO’š–Ú","35.359435","137.175151","0","3"
"21","Šò•ŒŒ§","21212","“yŠòŽs","212120023001","ò“Œ—q’¬ˆê’š–Ú","35.368285","137.191732","0","3"
"21","Šò•ŒŒ§","21212","“yŠòŽs","212120023002","ò“Œ—q’¬“ñ’š–Ú","35.369410","137.192478","0","3"
"21","Šò•ŒŒ§","21212","“yŠòŽs","212120023003","ò“Œ—q’¬ŽO’š–Ú","35.369213","137.191190","0","3"
"21","Šò•ŒŒ§","21212","“yŠòŽs","212120023004","ò“Œ—q’¬Žl’š–Ú","35.370649","137.190699","0","3"
"21","Šò•ŒŒ§","21212","“yŠòŽs","212120023005","ò“Œ—q’¬ŒÜ’š–Ú","35.371832","137.190682","0","3"
"21","Šò•ŒŒ§","21212","“yŠòŽs","212120024001","ò“ú”Vo’¬ˆê’š–Ú","35.354899","137.174608","0","3"
"21","Šò•ŒŒ§","21212","“yŠòŽs","212120024002","ò“ú”Vo’¬“ñ’š–Ú","35.355371","137.175471","0","3"
"21","Šò•ŒŒ§","21212","“yŠòŽs","212120025001","ò–¾Ž¡’¬ˆê’š–Ú","35.358441","137.179140","0","3"
"21","Šò•ŒŒ§","21212","“yŠòŽs","212120025002","ò–¾Ž¡’¬“ñ’š–Ú","35.359523","137.179217","0","3"
"21","Šò•ŒŒ§","21212","“yŠòŽs","212120025003","ò–¾Ž¡’¬ŽO’š–Ú","35.358969","137.178471","0","3"
"21","Šò•ŒŒ§","21212","“yŠòŽs","212120025004","ò–¾Ž¡’¬Žl’š–Ú","35.359542","137.177783","0","3"
"21","Šò•ŒŒ§","21212","“yŠòŽs","212120025005","ò–¾Ž¡’¬ŒÜ’š–Ú","35.360572","137.178394","0","3"
"21","Šò•ŒŒ§","21212","“yŠòŽs","212120026001","òX‰º’¬ˆê’š–Ú","35.364551","137.188913","0","3"
"21","Šò•ŒŒ§","21212","“yŠòŽs","212120026002","òX‰º’¬“ñ’š–Ú","35.365834","137.188770","0","3"
"21","Šò•ŒŒ§","21212","“yŠòŽs","212120027004","‰ºÎˆ¢¯’¬Žl’š–Ú","35.320331","137.187207","0","3"
"21","Šò•ŒŒ§","21212","“yŠòŽs","212120028000","‰ºÎ’¬","35.321951","137.186303","0","1"
"21","Šò•ŒŒ§","21212","“yŠòŽs","212120029001","‰ºÎ“©Žj‘äˆê’š–Ú","35.328275","137.209130","0","3"
"21","Šò•ŒŒ§","21212","“yŠòŽs","212120029002","‰ºÎ“©Žj‘ä“ñ’š–Ú","35.327575","137.209666","0","3"
"21","Šò•ŒŒ§","21212","“yŠòŽs","212120029003","‰ºÎ“©Žj‘äŽO’š–Ú","35.326116","137.209344","0","3"
"21","Šò•ŒŒ§","21212","“yŠòŽs","212120029004","‰ºÎ“©Žj‘äŽl’š–Ú","35.325037","137.209372","0","3"
"21","Šò•ŒŒ§","21212","“yŠòŽs","212120029005","‰ºÎ“©Žj‘äŒÜ’š–Ú","35.327581","137.206703","0","3"
"21","Šò•ŒŒ§","21212","“yŠòŽs","212120029006","‰ºÎ“©Žj‘ä˜Z’š–Ú","35.325664","137.206976","0","3"
"21","Šò•ŒŒ§","21212","“yŠòŽs","212120030000","‘]–Ø’¬","35.307479","137.258097","0","1"
"21","Šò•ŒŒ§","21212","“yŠòŽs","212120031000","‘Ê’m’¬","35.324432","137.233812","0","1"
"21","Šò•ŒŒ§","21212","“yŠòŽs","212120032000","È–Ø’¬","35.298229","137.201798","0","1"
"21","Šò•ŒŒ§","21212","“yŠòŽs","212120033001","È–Ø•½¬’¬ˆê’š–Ú","35.319025","137.189671","0","3"
"21","Šò•ŒŒ§","21212","“yŠòŽs","212120033002","È–Ø•½¬’¬“ñ’š–Ú","35.318621","137.188729","0","3"
"21","Šò•ŒŒ§","21212","“yŠòŽs","212120033003","È–Ø•½¬’¬ŽO’š–Ú","35.316044","137.190441","0","3"
"21","Šò•ŒŒ§","21212","“yŠòŽs","212120033004","È–Ø•½¬’¬Žl’š–Ú","35.316517","137.188903","0","3"
"21","Šò•ŒŒ§","21212","“yŠòŽs","212120033005","È–Ø•½¬’¬ŒÜ’š–Ú","35.314977","137.190351","0","3"
"21","Šò•ŒŒ§","21212","“yŠòŽs","212120033006","È–Ø•½¬’¬˜Z’š–Ú","35.313890","137.189611","0","3"
"21","Šò•ŒŒ§","21212","“yŠòŽs","212120034000","’ß—¢’¬Š`–ì","35.276140","137.215108","0","1"
"21","Šò•ŒŒ§","21212","“yŠòŽs","212120035000","’ß—¢’¬×–ì","35.282156","137.245097","0","1"
"21","Šò•ŒŒ§","21212","“yŠòŽs","212120036001","“yŠòƒ–‹uˆê’š–Ú","35.341779","137.165355","0","3"
"21","Šò•ŒŒ§","21212","“yŠòŽs","212120036002","“yŠòƒ–‹u“ñ’š–Ú","35.342282","137.169439","0","3"
"21","Šò•ŒŒ§","21212","“yŠòŽs","212120036003","“yŠòƒ–‹uŽO’š–Ú","35.341444","137.173348","0","3"
"21","Šò•ŒŒ§","21212","“yŠòŽs","212120036004","“yŠòƒ–‹uŽl’š–Ú","35.334445","137.169788","0","3"
"21","Šò•ŒŒ§","21212","“yŠòŽs","212120037001","“yŠòŒû–k’¬ˆê’š–Ú","35.350687","137.176051","0","3"
"21","Šò•ŒŒ§","21212","“yŠòŽs","212120037002","“yŠòŒû–k’¬“ñ’š–Ú","35.349374","137.176152","0","3"
"21","Šò•ŒŒ§","21212","“yŠòŽs","212120037003","“yŠòŒû–k’¬ŽO’š–Ú","35.349362","137.174937","0","3"
"21","Šò•ŒŒ§","21212","“yŠòŽs","212120038001","“yŠòŒû’†’¬ˆê’š–Ú","35.347734","137.175467","0","3"
"21","Šò•ŒŒ§","21212","“yŠòŽs","212120038002","“yŠòŒû’†’¬“ñ’š–Ú","35.346097","137.176443","0","3"
"21","Šò•ŒŒ§","21212","“yŠòŽs","212120038003","“yŠòŒû’†’¬ŽO’š–Ú","35.346198","137.174801","0","3"
"21","Šò•ŒŒ§","21212","“yŠòŽs","212120038004","“yŠòŒû’†’¬Žl’š–Ú","35.344640","137.175653","0","3"
"21","Šò•ŒŒ§","21212","“yŠòŽs","212120038005","“yŠòŒû’†’¬ŒÜ’š–Ú","35.343250","137.177872","0","3"
"21","Šò•ŒŒ§","21212","“yŠòŽs","212120038006","“yŠòŒû’†’¬˜Z’š–Ú","35.343619","137.175757","0","3"
"21","Šò•ŒŒ§","21212","“yŠòŽs","212120039001","“yŠòŒû“ì’¬ˆê’š–Ú","35.341005","137.178581","0","3"
"21","Šò•ŒŒ§","21212","“yŠòŽs","212120039002","“yŠòŒû“ì’¬“ñ’š–Ú","35.339662","137.180173","0","3"
"21","Šò•ŒŒ§","21212","“yŠòŽs","212120039003","“yŠòŒû“ì’¬ŽO’š–Ú","35.338560","137.180896","0","3"
"21","Šò•ŒŒ§","21212","“yŠòŽs","212120039004","“yŠòŒû“ì’¬Žl’š–Ú","35.337651","137.182012","0","3"
"21","Šò•ŒŒ§","21212","“yŠòŽs","212120039005","“yŠòŒû“ì’¬ŒÜ’š–Ú","35.336804","137.182921","0","3"
"21","Šò•ŒŒ§","21212","“yŠòŽs","212120040000","“yŠò’Ã’¬‚ŽR","35.353013","137.192495","0","1"
"21","Šò•ŒŒ§","21212","“yŠòŽs","212120041000","“yŠò’Ã’¬“yŠòŒû","35.341139","137.192739","0","1"
"21","Šò•ŒŒ§","21212","“yŠòŽs","212120042001","”ì“có–ì’©“ú’¬ˆê’š–Ú","35.359949","137.197131","0","3"
"21","Šò•ŒŒ§","21212","“yŠòŽs","212120042002","”ì“có–ì’©“ú’¬“ñ’š–Ú","35.360521","137.196553","0","3"
"21","Šò•ŒŒ§","21212","“yŠòŽs","212120042003","”ì“có–ì’©“ú’¬ŽO’š–Ú","35.361284","137.195805","0","3"
"21","Šò•ŒŒ§","21212","“yŠòŽs","212120043001","”ì“có–ì”~ƒm–Ø’¬ˆê’š–Ú","35.359112","137.199803","0","3"
"21","Šò•ŒŒ§","21212","“yŠòŽs","212120043002","”ì“có–ì”~ƒm–Ø’¬“ñ’š–Ú","35.358954","137.197752","0","3"
"21","Šò•ŒŒ§","21212","“yŠòŽs","212120044001","”ì“có–ìŠ}_’¬ˆê’š–Ú","35.360998","137.199197","0","3"
"21","Šò•ŒŒ§","21212","“yŠòŽs","212120044002","”ì“có–ìŠ}_’¬“ñ’š–Ú","35.362203","137.198740","0","3"
"21","Šò•ŒŒ§","21212","“yŠòŽs","212120044003","”ì“có–ìŠ}_’¬ŽO’š–Ú","35.363648","137.197931","0","3"
"21","Šò•ŒŒ§","21212","“yŠòŽs","212120045001","”ì“có–ì‘o—t’¬ˆê’š–Ú","35.361869","137.193776","0","3"
"21","Šò•ŒŒ§","21212","“yŠòŽs","212120045002","”ì“có–ì‘o—t’¬“ñ’š–Ú","35.363318","137.194880","0","3"
"21","Šò•ŒŒ§","21212","“yŠòŽs","212120046001","”ì“có–ìŒ³’¬ˆê’š–Ú","35.360456","137.201139","0","3"
"21","Šò•ŒŒ§","21212","“yŠòŽs","212120046002","”ì“có–ìŒ³’¬“ñ’š–Ú","35.362373","137.201192","0","3"
"21","Šò•ŒŒ§","21212","“yŠòŽs","212120047001","”ì“có–ì–î—Ž’¬ˆê’š–Ú","35.359215","137.194311","0","3"
"21","Šò•ŒŒ§","21212","“yŠòŽs","212120047002","”ì“có–ì–î—Ž’¬“ñ’š–Ú","35.360322","137.193635","0","3"
"21","Šò•ŒŒ§","21212","“yŠòŽs","212120048000","”ì“c’¬ó–ì","35.352297","137.202032","0","1"
"21","Šò•ŒŒ§","21212","“yŠòŽs","212120049000","”ì“c’¬”ì“c","35.345927","137.218530","0","1"
"21","Šò•ŒŒ§","21212","“yŠòŽs","212120050001","ŒäK’¬ˆê’š–Ú","35.349608","137.173621","0","3"
"21","Šò•ŒŒ§","21212","“yŠòŽs","212120050002","ŒäK’¬“ñ’š–Ú","35.347023","137.172951","0","3"
"21","Šò•ŒŒ§","21212","“yŠòŽs","212120050003","ŒäK’¬ŽO’š–Ú","35.348545","137.171604","0","3"
"21","Šò•ŒŒ§","21213","Še–±Œ´Žs","212130001000","‰LÀ","35.422189","136.943092","0","1"
"21","Šò•ŒŒ§","21213","Še–±Œ´Žs","212130002001","‰LÀ’©“ú’¬ˆê’š–Ú","35.391102","136.893193","0","3"
"21","Šò•ŒŒ§","21213","Še–±Œ´Žs","212130002002","‰LÀ’©“ú’¬“ñ’š–Ú","35.391392","136.900250","0","3"
"21","Šò•ŒŒ§","21213","Še–±Œ´Žs","212130002003","‰LÀ’©“ú’¬ŽO’š–Ú","35.387532","136.900571","0","3"
"21","Šò•ŒŒ§","21213","Še–±Œ´Žs","212130002004","‰LÀ’©“ú’¬Žl’š–Ú","35.392816","136.906734","0","3"
"21","Šò•ŒŒ§","21213","Še–±Œ´Žs","212130002005","‰LÀ’©“ú’¬ŒÜ’š–Ú","35.389691","136.907182","0","3"
"21","Šò•ŒŒ§","21213","Še–±Œ´Žs","212130003001","‰LÀ‘åˆÉ–Ø’¬ˆê’š–Ú","35.391086","136.912488","0","3"
"21","Šò•ŒŒ§","21213","Še–±Œ´Žs","212130003002","‰LÀ‘åˆÉ–Ø’¬“ñ’š–Ú","35.387165","136.907830","0","3"
"21","Šò•ŒŒ§","21213","Še–±Œ´Žs","212130003003","‰LÀ‘åˆÉ–Ø’¬ŽO’š–Ú","35.384079","136.901326","0","3"
"21","Šò•ŒŒ§","21213","Še–±Œ´Žs","212130003004","‰LÀ‘åˆÉ–Ø’¬Žl’š–Ú","35.382162","136.905046","0","3"
"21","Šò•ŒŒ§","21213","Še–±Œ´Žs","212130003005","‰LÀ‘åˆÉ–Ø’¬ŒÜ’š–Ú","35.384733","136.910845","0","3"
"21","Šò•ŒŒ§","21213","Še–±Œ´Žs","212130003006","‰LÀ‘åˆÉ–Ø’¬˜Z’š–Ú","35.382697","136.912929","0","3"
"21","Šò•ŒŒ§","21213","Še–±Œ´Žs","212130004001","‰LÀŠe–±Œ´’¬ˆê’š–Ú","35.402673","136.898510","0","3"
"21","Šò•ŒŒ§","21213","Še–±Œ´Žs","212130004002","‰LÀŠe–±Œ´’¬“ñ’š–Ú","35.399986","136.898447","0","3"
"21","Šò•ŒŒ§","21213","Še–±Œ´Žs","212130004003","‰LÀŠe–±Œ´’¬ŽO’š–Ú","35.401144","136.902828","0","3"
"21","Šò•ŒŒ§","21213","Še–±Œ´Žs","212130004004","‰LÀŠe–±Œ´’¬Žl’š–Ú","35.402238","136.907147","0","3"
"21","Šò•ŒŒ§","21213","Še–±Œ´Žs","212130004005","‰LÀŠe–±Œ´’¬ŒÜ’š–Ú","35.402525","136.912026","0","3"
"21","Šò•ŒŒ§","21213","Še–±Œ´Žs","212130004006","‰LÀŠe–±Œ´’¬˜Z’š–Ú","35.398656","136.909785","0","3"
"21","Šò•ŒŒ§","21213","Še–±Œ´Žs","212130004007","‰LÀŠe–±Œ´’¬Žµ’š–Ú","35.395742","136.900763","0","3"
"21","Šò•ŒŒ§","21213","Še–±Œ´Žs","212130004008","‰LÀŠe–±Œ´’¬”ª’š–Ú","35.396297","136.905627","0","3"
"21","Šò•ŒŒ§","21213","Še–±Œ´Žs","212130004009","‰LÀŠe–±Œ´’¬‹ã’š–Ú","35.395886","136.911805","0","3"
"21","Šò•ŒŒ§","21213","Še–±Œ´Žs","212130005001","‰LÀìè’¬ˆê’š–Ú","35.404863","136.879504","0","3"
"21","Šò•ŒŒ§","21213","Še–±Œ´Žs","212130005002","‰LÀìè’¬“ñ’š–Ú","35.402324","136.879171","0","3"
"21","Šò•ŒŒ§","21213","Še–±Œ´Žs","212130005003","‰LÀìè’¬ŽO’š–Ú","35.401283","136.879967","0","3"
"21","Šò•ŒŒ§","21213","Še–±Œ´Žs","212130006001","‰LÀ¬ˆÉ–Ø’¬ˆê’š–Ú","35.391922","136.930126","0","3"
"21","Šò•ŒŒ§","21213","Še–±Œ´Žs","212130006002","‰LÀ¬ˆÉ–Ø’¬“ñ’š–Ú","35.389980","136.933077","0","3"
"21","Šò•ŒŒ§","21213","Še–±Œ´Žs","212130006003","‰LÀ¬ˆÉ–Ø’¬ŽO’š–Ú","35.390453","136.924095","0","3"
"21","Šò•ŒŒ§","21213","Še–±Œ´Žs","212130006004","‰LÀ¬ˆÉ–Ø’¬Žl’š–Ú","35.387073","136.929177","0","3"
"21","Šò•ŒŒ§","21213","Še–±Œ´Žs","212130007001","‰LÀ‘äˆê’š–Ú","35.407678","136.946837","0","3"
"21","Šò•ŒŒ§","21213","Še–±Œ´Žs","212130007002","‰LÀ‘ä“ñ’š–Ú","35.406865","136.944740","0","3"
"21","Šò•ŒŒ§","21213","Še–±Œ´Žs","212130007003","‰LÀ‘äŽO’š–Ú","35.405966","136.945694","0","3"
"21","Šò•ŒŒ§","21213","Še–±Œ´Žs","212130007004","‰LÀ‘äŽl’š–Ú","35.404514","136.945455","0","3"
"21","Šò•ŒŒ§","21213","Še–±Œ´Žs","212130007005","‰LÀ‘äŒÜ’š–Ú","35.405249","136.947031","0","3"
"21","Šò•ŒŒ§","21213","Še–±Œ´Žs","212130007006","‰LÀ‘ä˜Z’š–Ú","35.406696","136.947909","0","3"
"21","Šò•ŒŒ§","21213","Še–±Œ´Žs","212130007007","‰LÀ‘äŽµ’š–Ú","35.404132","136.948088","0","3"
"21","Šò•ŒŒ§","21213","Še–±Œ´Žs","212130007008","‰LÀ‘ä”ª’š–Ú","35.406350","136.943200","0","3"
"21","Šò•ŒŒ§","21213","Še–±Œ´Žs","212130008001","‰LÀ‘åˆÀŽ›’¬ˆê’š–Ú","35.419571","136.933264","0","3"
"21","Šò•ŒŒ§","21213","Še–±Œ´Žs","212130008002","‰LÀ‘åˆÀŽ›’¬“ñ’š–Ú","35.413805","136.939138","0","3"
"21","Šò•ŒŒ§","21213","Še–±Œ´Žs","212130009001","‰LÀ¼’¬ˆê’š–Ú","35.404904","136.933618","0","3"
"21","Šò•ŒŒ§","21213","Še–±Œ´Žs","212130009002","‰LÀ¼’¬“ñ’š–Ú","35.408097","136.938137","0","3"
"21","Šò•ŒŒ§","21213","Še–±Œ´Žs","212130009003","‰LÀ¼’¬ŽO’š–Ú","35.401228","136.933228","0","3"
"21","Šò•ŒŒ§","21213","Še–±Œ´Žs","212130009004","‰LÀ¼’¬Žl’š–Ú","35.398800","136.932978","0","3"
"21","Šò•ŒŒ§","21213","Še–±Œ´Žs","212130010001","‰LÀ‰Hê’¬ˆê’š–Ú","35.405900","136.918641","0","3"
"21","Šò•ŒŒ§","21213","Še–±Œ´Žs","212130010002","‰LÀ‰Hê’¬“ñ’š–Ú","35.406017","136.923888","0","3"
"21","Šò•ŒŒ§","21213","Še–±Œ´Žs","212130010003","‰LÀ‰Hê’¬ŽO’š–Ú","35.402807","136.918282","0","3"
"21","Šò•ŒŒ§","21213","Še–±Œ´Žs","212130010004","‰LÀ‰Hê’¬Žl’š–Ú","35.402467","136.923690","0","3"
"21","Šò•ŒŒ§","21213","Še–±Œ´Žs","212130010005","‰LÀ‰Hê’¬ŒÜ’š–Ú","35.402666","136.927422","0","3"
"21","Šò•ŒŒ§","21213","Še–±Œ´Žs","212130010006","‰LÀ‰Hê’¬˜Z’š–Ú","35.400793","136.918900","0","3"
"21","Šò•ŒŒ§","21213","Še–±Œ´Žs","212130010007","‰LÀ‰Hê’¬Žµ’š–Ú","35.396616","136.916201","0","3"
"21","Šò•ŒŒ§","21213","Še–±Œ´Žs","212130010008","‰LÀ‰Hê’¬”ª’š–Ú","35.395452","136.920793","0","3"
"21","Šò•ŒŒ§","21213","Še–±Œ´Žs","212130011001","‰LÀ“Œ’¬ˆê’š–Ú","35.404948","136.939490","0","3"
"21","Šò•ŒŒ§","21213","Še–±Œ´Žs","212130011002","‰LÀ“Œ’¬“ñ’š–Ú","35.404697","136.941950","0","3"
"21","Šò•ŒŒ§","21213","Še–±Œ´Žs","212130011003","‰LÀ“Œ’¬ŽO’š–Ú","35.402541","136.944209","0","3"
"21","Šò•ŒŒ§","21213","Še–±Œ´Žs","212130011004","‰LÀ“Œ’¬Žl’š–Ú","35.400875","136.938351","0","3"
"21","Šò•ŒŒ§","21213","Še–±Œ´Žs","212130011005","‰LÀ“Œ’¬ŒÜ’š–Ú","35.401350","136.941138","0","3"
"21","Šò•ŒŒ§","21213","Še–±Œ´Žs","212130011006","‰LÀ“Œ’¬˜Z’š–Ú","35.401057","136.943672","0","3"
"21","Šò•ŒŒ§","21213","Še–±Œ´Žs","212130011007","‰LÀ“Œ’¬Žµ’š–Ú","35.401389","136.947620","0","3"
"21","Šò•ŒŒ§","21213","Še–±Œ´Žs","212130011008","‰LÀ“Œ’¬”ª’š–Ú","35.402924","136.946139","0","3"
"21","Šò•ŒŒ§","21213","Še–±Œ´Žs","212130012001","‰LÀŒÃŽsê’¬ˆê’š–Ú","35.395509","136.930729","0","3"
"21","Šò•ŒŒ§","21213","Še–±Œ´Žs","212130012002","‰LÀŒÃŽsê’¬“ñ’š–Ú","35.395433","136.934863","0","3"
"21","Šò•ŒŒ§","21213","Še–±Œ´Žs","212130012003","‰LÀŒÃŽsê’¬ŽO’š–Ú","35.392007","136.933407","0","3"
"21","Šò•ŒŒ§","21213","Še–±Œ´Žs","212130012004","‰LÀŒÃŽsê’¬Žl’š–Ú","35.393283","136.936442","0","3"
"21","Šò•ŒŒ§","21213","Še–±Œ´Žs","212130013001","‰LÀ•óÏŽ›’¬ˆê’š–Ú","35.401203","136.956231","0","3"
"21","Šò•ŒŒ§","21213","Še–±Œ´Žs","212130013002","‰LÀ•óÏŽ›’¬“ñ’š–Ú","35.402173","136.960425","0","3"
"21","Šò•ŒŒ§","21213","Še–±Œ´Žs","212130013003","‰LÀ•óÏŽ›’¬ŽO’š–Ú","35.406563","136.961826","0","3"
"21","Šò•ŒŒ§","21213","Še–±Œ´Žs","212130013004","‰LÀ•óÏŽ›’¬Žl’š–Ú","35.404137","136.959326","0","3"
"21","Šò•ŒŒ§","21213","Še–±Œ´Žs","212130013005","‰LÀ•óÏŽ›’¬ŒÜ’š–Ú","35.406637","136.959696","0","3"
"21","Šò•ŒŒ§","21213","Še–±Œ´Žs","212130013006","‰LÀ•óÏŽ›’¬˜Z’š–Ú","35.409158","136.959802","0","3"
"21","Šò•ŒŒ§","21213","Še–±Œ´Žs","212130014001","‰LÀ^–¼‰z’¬ˆê’š–Ú","35.399653","136.926122","0","3"
"21","Šò•ŒŒ§","21213","Še–±Œ´Žs","212130014002","‰LÀ^–¼‰z’¬“ñ’š–Ú","35.396935","136.925622","0","3"
"21","Šò•ŒŒ§","21213","Še–±Œ´Žs","212130014003","‰LÀ^–¼‰z’¬ŽO’š–Ú","35.394040","136.924800","0","3"
"21","Šò•ŒŒ§","21213","Še–±Œ´Žs","212130015001","‰LÀŠÛŽq’¬ˆê’š–Ú","35.391533","136.917699","0","3"
"21","Šò•ŒŒ§","21213","Še–±Œ´Žs","212130015002","‰LÀŠÛŽq’¬“ñ’š–Ú","35.388246","136.919598","0","3"
"21","Šò•ŒŒ§","21213","Še–±Œ´Žs","212130015003","‰LÀŠÛŽq’¬ŽO’š–Ú","35.388297","136.916431","0","3"
"21","Šò•ŒŒ§","21213","Še–±Œ´Žs","212130016001","‰LÀŽOƒc’r’¬ˆê’š–Ú","35.404677","136.883092","0","3"
"21","Šò•ŒŒ§","21213","Še–±Œ´Žs","212130016002","‰LÀŽOƒc’r’¬“ñ’š–Ú","35.401935","136.885300","0","3"
"21","Šò•ŒŒ§","21213","Še–±Œ´Žs","212130016003","‰LÀŽOƒc’r’¬ŽO’š–Ú","35.401644","136.892102","0","3"
"21","Šò•ŒŒ§","21213","Še–±Œ´Žs","212130016004","‰LÀŽOƒc’r’¬Žl’š–Ú","35.398290","136.889301","0","3"
"21","Šò•ŒŒ§","21213","Še–±Œ´Žs","212130016005","‰LÀŽOƒc’r’¬ŒÜ’š–Ú","35.399034","136.895410","0","3"
"21","Šò•ŒŒ§","21213","Še–±Œ´Žs","212130016006","‰LÀŽOƒc’r’¬˜Z’š–Ú","35.394728","136.893745","0","3"
"21","Šò•ŒŒ§","21213","Še–±Œ´Žs","212130017001","‰LÀ“ì’¬ˆê’š–Ú","35.397772","136.938260","0","3"
"21","Šò•ŒŒ§","21213","Še–±Œ´Žs","212130017002","‰LÀ“ì’¬“ñ’š–Ú","35.397426","136.940676","0","3"
"21","Šò•ŒŒ§","21213","Še–±Œ´Žs","212130017003","‰LÀ“ì’¬ŽO’š–Ú","35.395357","136.939543","0","3"
"21","Šò•ŒŒ§","21213","Še–±Œ´Žs","212130017004","‰LÀ“ì’¬Žl’š–Ú","35.392337","136.939773","0","3"
"21","Šò•ŒŒ§","21213","Še–±Œ´Žs","212130017005","‰LÀ“ì’¬ŒÜ’š–Ú","35.396411","136.943041","0","3"
"21","Šò•ŒŒ§","21213","Še–±Œ´Žs","212130017006","‰LÀ“ì’¬˜Z’š–Ú","35.393833","136.943333","0","3"
"21","Šò•ŒŒ§","21213","Še–±Œ´Žs","212130017007","‰LÀ“ì’¬Žµ’š–Ú","35.395416","136.945462","0","3"
"21","Šò•ŒŒ§","21213","Še–±Œ´Žs","212130018001","‰LÀŽRè’¬ˆê’š–Ú","35.399372","136.941019","0","3"
"21","Šò•ŒŒ§","21213","Še–±Œ´Žs","212130018002","‰LÀŽRè’¬“ñ’š–Ú","35.398976","136.942899","0","3"
"21","Šò•ŒŒ§","21213","Še–±Œ´Žs","212130018003","‰LÀŽRè’¬ŽO’š–Ú","35.398806","136.944928","0","3"
"21","Šò•ŒŒ§","21213","Še–±Œ´Žs","212130018004","‰LÀŽRè’¬Žl’š–Ú","35.398279","136.947241","0","3"
"21","Šò•ŒŒ§","21213","Še–±Œ´Žs","212130018005","‰LÀŽRè’¬ŒÜ’š–Ú","35.398531","136.948816","0","3"
"21","Šò•ŒŒ§","21213","Še–±Œ´Žs","212130018006","‰LÀŽRè’¬˜Z’š–Ú","35.400475","136.948797","0","3"
"21","Šò•ŒŒ§","21213","Še–±Œ´Žs","212130018007","‰LÀŽRè’¬Žµ’š–Ú","35.399338","136.950995","0","3"
"21","Šò•ŒŒ§","21213","Še–±Œ´Žs","212130018008","‰LÀŽRè’¬”ª’š–Ú","35.396390","136.951068","0","3"
"21","Šò•ŒŒ§","21213","Še–±Œ´Žs","212130018009","‰LÀŽRè’¬‹ã’š–Ú","35.396438","136.947820","0","3"
"21","Šò•ŒŒ§","21213","Še–±Œ´Žs","212130019000","‘å²–ì’¬","35.376416","136.841871","0","1"
"21","Šò•ŒŒ§","21213","Še–±Œ´Žs","212130020001","‘å²–ì’¬ˆê’š–Ú","35.383104","136.837448","0","3"
"21","Šò•ŒŒ§","21213","Še–±Œ´Žs","212130020002","‘å²–ì’¬“ñ’š–Ú","35.384216","136.841238","0","3"
"21","Šò•ŒŒ§","21213","Še–±Œ´Žs","212130020003","‘å²–ì’¬ŽO’š–Ú","35.380614","136.841740","0","3"
"21","Šò•ŒŒ§","21213","Še–±Œ´Žs","212130021001","‘å–ì’¬ˆê’š–Ú","35.389773","136.816904","0","3"
"21","Šò•ŒŒ§","21213","Še–±Œ´Žs","212130021002","‘å–ì’¬“ñ’š–Ú","35.389480","136.818906","0","3"
"21","Šò•ŒŒ§","21213","Še–±Œ´Žs","212130021003","‘å–ì’¬ŽO’š–Ú","35.388881","136.821715","0","3"
"21","Šò•ŒŒ§","21213","Še–±Œ´Žs","212130021004","‘å–ì’¬Žl’š–Ú","35.388187","136.824556","0","3"
"21","Šò•ŒŒ§","21213","Še–±Œ´Žs","212130021005","‘å–ì’¬ŒÜ’š–Ú","35.387683","136.826883","0","3"
"21","Šò•ŒŒ§","21213","Še–±Œ´Žs","212130021006","‘å–ì’¬˜Z’š–Ú","35.386303","136.818168","0","3"
"21","Šò•ŒŒ§","21213","Še–±Œ´Žs","212130021007","‘å–ì’¬Žµ’š–Ú","35.385926","136.820841","0","3"
"21","Šò•ŒŒ§","21213","Še–±Œ´Žs","212130022001","”öè–k’¬ˆê’š–Ú","35.426218","136.830627","0","3"
"21","Šò•ŒŒ§","21213","Še–±Œ´Žs","212130022002","”öè–k’¬“ñ’š–Ú","35.426214","136.832723","0","3"
"21","Šò•ŒŒ§","21213","Še–±Œ´Žs","212130022003","”öè–k’¬ŽO’š–Ú","35.426226","136.834745","0","3"
"21","Šò•ŒŒ§","21213","Še–±Œ´Žs","212130022004","”öè–k’¬Žl’š–Ú","35.426511","136.837730","0","3"
"21","Šò•ŒŒ§","21213","Še–±Œ´Žs","212130022005","”öè–k’¬ŒÜ’š–Ú","35.425847","136.837613","0","3"
"21","Šò•ŒŒ§","21213","Še–±Œ´Žs","212130022006","”öè–k’¬˜Z’š–Ú","35.424763","136.835200","0","3"
"21","Šò•ŒŒ§","21213","Še–±Œ´Žs","212130022007","”öè–k’¬Žµ’š–Ú","35.424917","136.838066","0","3"
"21","Šò•ŒŒ§","21213","Še–±Œ´Žs","212130023001","”öè¼’¬ˆê’š–Ú","35.425327","136.826230","0","3"
"21","Šò•ŒŒ§","21213","Še–±Œ´Žs","212130023002","”öè¼’¬“ñ’š–Ú","35.423088","136.823429","0","3"
"21","Šò•ŒŒ§","21213","Še–±Œ´Žs","212130023003","”öè¼’¬ŽO’š–Ú","35.423742","136.826487","0","3"
"21","Šò•ŒŒ§","21213","Še–±Œ´Žs","212130023004","”öè¼’¬Žl’š–Ú","35.421488","136.826499","0","3"
"21","Šò•ŒŒ§","21213","Še–±Œ´Žs","212130023005","”öè¼’¬ŒÜ’š–Ú","35.424033","136.828130","0","3"
"21","Šò•ŒŒ§","21213","Še–±Œ´Žs","212130024001","”öè“ì’¬ˆê’š–Ú","35.422102","136.828286","0","3"
"21","Šò•ŒŒ§","21213","Še–±Œ´Žs","212130024002","”öè“ì’¬“ñ’š–Ú","35.421965","136.831445","0","3"
"21","Šò•ŒŒ§","21213","Še–±Œ´Žs","212130024003","”öè“ì’¬ŽO’š–Ú","35.423796","136.830370","0","3"
"21","Šò•ŒŒ§","21213","Še–±Œ´Žs","212130024004","”öè“ì’¬Žl’š–Ú","35.423797","136.832980","0","3"
"21","Šò•ŒŒ§","21213","Še–±Œ´Žs","212130024005","”öè“ì’¬ŒÜ’š–Ú","35.423508","136.834503","0","3"
"21","Šò•ŒŒ§","21213","Še–±Œ´Žs","212130024006","”öè“ì’¬˜Z’š–Ú","35.423155","136.836785","0","3"
"21","Šò•ŒŒ§","21213","Še–±Œ´Žs","212130025000","Še–±","35.425504","136.926423","0","1"
"21","Šò•ŒŒ§","21213","Še–±Œ´Žs","212130026001","Še–±‚¨‚ª‚¹’¬ˆê’š–Ú","35.424285","136.902842","0","3"
"21","Šò•ŒŒ§","21213","Še–±Œ´Žs","212130026002","Še–±‚¨‚ª‚¹’¬“ñ’š–Ú","35.420070","136.900528","0","3"
"21","Šò•ŒŒ§","21213","Še–±Œ´Žs","212130026003","Še–±‚¨‚ª‚¹’¬ŽO’š–Ú","35.419406","136.905544","0","3"
"21","Šò•ŒŒ§","21213","Še–±Œ´Žs","212130026004","Še–±‚¨‚ª‚¹’¬Žl’š–Ú","35.416385","136.901645","0","3"
"21","Šò•ŒŒ§","21213","Še–±Œ´Žs","212130026005","Še–±‚¨‚ª‚¹’¬ŒÜ’š–Ú","35.416187","136.907295","0","3"
"21","Šò•ŒŒ§","21213","Še–±Œ´Žs","212130026006","Še–±‚¨‚ª‚¹’¬˜Z’š–Ú","35.412424","136.905016","0","3"
"21","Šò•ŒŒ§","21213","Še–±Œ´Žs","212130026007","Še–±‚¨‚ª‚¹’¬Žµ’š–Ú","35.411371","136.908678","0","3"
"21","Šò•ŒŒ§","21213","Še–±Œ´Žs","212130026008","Še–±‚¨‚ª‚¹’¬”ª’š–Ú","35.411435","136.914796","0","3"
"21","Šò•ŒŒ§","21213","Še–±Œ´Žs","212130026009","Še–±‚¨‚ª‚¹’¬‹ã’š–Ú","35.407384","136.912772","0","3"
"21","Šò•ŒŒ§","21213","Še–±Œ´Žs","212130027001","Še–±¼’¬ˆê’š–Ú","35.414665","136.885588","0","3"
"21","Šò•ŒŒ§","21213","Še–±Œ´Žs","212130027002","Še–±¼’¬“ñ’š–Ú","35.416366","136.892274","0","3"
"21","Šò•ŒŒ§","21213","Še–±Œ´Žs","212130027003","Še–±¼’¬ŽO’š–Ú","35.417432","136.897192","0","3"
"21","Šò•ŒŒ§","21213","Še–±Œ´Žs","212130027004","Še–±¼’¬Žl’š–Ú","35.410523","136.885056","0","3"
"21","Šò•ŒŒ§","21213","Še–±Œ´Žs","212130027005","Še–±¼’¬ŒÜ’š–Ú","35.411405","136.892469","0","3"
"21","Šò•ŒŒ§","21213","Še–±Œ´Žs","212130027006","Še–±¼’¬˜Z’š–Ú","35.411625","136.897286","0","3"
"21","Šò•ŒŒ§","21213","Še–±Œ´Žs","212130028001","Še–±“Œ’¬ˆê’š–Ú","35.424951","136.912725","0","3"
"21","Šò•ŒŒ§","21213","Še–±Œ´Žs","212130028002","Še–±“Œ’¬“ñ’š–Ú","35.423002","136.907711","0","3"
"21","Šò•ŒŒ§","21213","Še–±Œ´Žs","212130028003","Še–±“Œ’¬ŽO’š–Ú","35.420220","136.911357","0","3"
"21","Šò•ŒŒ§","21213","Še–±Œ´Žs","212130028004","Še–±“Œ’¬Žl’š–Ú","35.418279","136.909600","0","3"
"21","Šò•ŒŒ§","21213","Še–±Œ´Žs","212130028005","Še–±“Œ’¬ŒÜ’š–Ú","35.423187","136.918952","0","3"
"21","Šò•ŒŒ§","21213","Še–±Œ´Žs","212130028006","Še–±“Œ’¬˜Z’š–Ú","35.419810","136.914565","0","3"
"21","Šò•ŒŒ§","21213","Še–±Œ´Žs","212130028007","Še–±“Œ’¬Žµ’š–Ú","35.415592","136.916058","0","3"
"21","Šò•ŒŒ§","21213","Še–±Œ´Žs","212130029001","Še–±‘DŽR’¬ˆê’š–Ú","35.419008","136.885819","0","3"
"21","Šò•ŒŒ§","21213","Še–±Œ´Žs","212130029002","Še–±‘DŽR’¬“ñ’š–Ú","35.418022","136.888793","0","3"
"21","Šò•ŒŒ§","21213","Še–±Œ´Žs","212130029003","Še–±‘DŽR’¬ŽO’š–Ú","35.418969","136.892732","0","3"
"21","Šò•ŒŒ§","21213","Še–±Œ´Žs","212130030001","Še–±ŽR‚Ì‘O’¬ˆê’š–Ú","35.406222","136.888858","0","3"
"21","Šò•ŒŒ§","21213","Še–±Œ´Žs","212130030002","Še–±ŽR‚Ì‘O’¬“ñ’š–Ú","35.406504","136.895418","0","3"
"21","Šò•ŒŒ§","21213","Še–±Œ´Žs","212130030003","Še–±ŽR‚Ì‘O’¬ŽO’š–Ú","35.406692","136.900958","0","3"
"21","Šò•ŒŒ§","21213","Še–±Œ´Žs","212130030004","Še–±ŽR‚Ì‘O’¬Žl’š–Ú","35.407130","136.906337","0","3"
"21","Šò•ŒŒ§","21213","Še–±Œ´Žs","212130031000","_’u’¬","35.377735","136.827175","0","1"
"21","Šò•ŒŒ§","21213","Še–±Œ´Žs","212130032001","_’u’¬ˆê’š–Ú","35.380936","136.819997","0","3"
"21","Šò•ŒŒ§","21213","Še–±Œ´Žs","212130032002","_’u’¬“ñ’š–Ú","35.380704","136.822362","0","3"
"21","Šò•ŒŒ§","21213","Še–±Œ´Žs","212130032003","_’u’¬ŽO’š–Ú","35.380667","136.825688","0","3"
"21","Šò•ŒŒ§","21213","Še–±Œ´Žs","212130032004","_’u’¬Žl’š–Ú","35.380459","136.829144","0","3"
"21","Šò•ŒŒ§","21213","Še–±Œ´Žs","212130033000","ã’†‰®’¬","35.375183","136.849664","0","1"
"21","Šò•ŒŒ§","21213","Še–±Œ´Žs","212130034001","ã’†‰®’¬ˆê’š–Ú","35.378974","136.845546","0","3"
"21","Šò•ŒŒ§","21213","Še–±Œ´Žs","212130034002","ã’†‰®’¬“ñ’š–Ú","35.378512","136.849611","0","3"
"21","Šò•ŒŒ§","21213","Še–±Œ´Žs","212130034003","ã’†‰®’¬ŽO’š–Ú","35.378703","136.852705","0","3"
"21","Šò•ŒŒ§","21213","Še–±Œ´Žs","212130034004","ã’†‰®’¬Žl’š–Ú","35.380296","136.855762","0","3"
"21","Šò•ŒŒ§","21213","Še–±Œ´Žs","212130034005","ã’†‰®’¬ŒÜ’š–Ú","35.377919","136.855731","0","3"
"21","Šò•ŒŒ§","21213","Še–±Œ´Žs","212130035000","ìè’¬","35.401871","136.873856","0","1"
"21","Šò•ŒŒ§","21213","Še–±Œ´Žs","212130036000","ì“‡Š}“c’¬","35.371498","136.821441","0","1"
"21","Šò•ŒŒ§","21213","Še–±Œ´Žs","212130037001","ì“‡Š}“c’¬ˆê’š–Ú","35.372387","136.820220","0","3"
"21","Šò•ŒŒ§","21213","Še–±Œ´Žs","212130037002","ì“‡Š}“c’¬“ñ’š–Ú","35.372394","136.817170","0","3"
"21","Šò•ŒŒ§","21213","Še–±Œ´Žs","212130037003","ì“‡Š}“c’¬ŽO’š–Ú","35.371818","136.813989","0","3"
"21","Šò•ŒŒ§","21213","Še–±Œ´Žs","212130037004","ì“‡Š}“c’¬Žl’š–Ú","35.370358","136.816593","0","3"
"21","Šò•ŒŒ§","21213","Še–±Œ´Žs","212130037005","ì“‡Š}“c’¬ŒÜ’š–Ú","35.370116","136.814724","0","3"
"21","Šò•ŒŒ§","21213","Še–±Œ´Žs","212130037006","ì“‡Š}“c’¬˜Z’š–Ú","35.369855","136.812295","0","3"
"21","Šò•ŒŒ§","21213","Še–±Œ´Žs","212130038000","ì“‡–kŽR’¬","35.366357","136.804461","0","1"
"21","Šò•ŒŒ§","21213","Še–±Œ´Žs","212130039000","ì“‡¬–Ô’¬","35.367087","136.851590","0","1"
"21","Šò•ŒŒ§","21213","Še–±Œ´Žs","212130040000","ì“‡‰Í“c’¬","35.363248","136.831441","0","1"
"21","Šò•ŒŒ§","21213","Še–±Œ´Žs","212130041001","ì“‡‰Í“c’¬ˆê’š–Ú","35.362456","136.834997","0","3"
"21","Šò•ŒŒ§","21213","Še–±Œ´Žs","212130041002","ì“‡‰Í“c’¬“ñ’š–Ú","35.363294","136.835768","0","3"
"21","Šò•ŒŒ§","21213","Še–±Œ´Žs","212130041003","ì“‡‰Í“c’¬ŽO’š–Ú","35.362267","136.835912","0","3"
"21","Šò•ŒŒ§","21213","Še–±Œ´Žs","212130042000","ì“‡’|‘’¬","35.363382","136.840343","0","1"
"21","Šò•ŒŒ§","21213","Še–±Œ´Žs","212130043000","ì“‡¼‘q’¬","35.368039","136.834299","0","1"
"21","Šò•ŒŒ§","21213","Še–±Œ´Žs","212130044000","ì“‡¼Œ´’¬","35.362719","136.824952","0","1"
"21","Šò•ŒŒ§","21213","Še–±Œ´Žs","212130045001","ì“‡—Î’¬ˆê’š–Ú","35.364759","136.820361","0","3"
"21","Šò•ŒŒ§","21213","Še–±Œ´Žs","212130045002","ì“‡—Î’¬“ñ’š–Ú","35.364186","136.815998","0","3"
"21","Šò•ŒŒ§","21213","Še–±Œ´Žs","212130045003","ì“‡—Î’¬ŽO’š–Ú","35.363656","136.822395","0","3"
"21","Šò•ŒŒ§","21213","Še–±Œ´Žs","212130045004","ì“‡—Î’¬Žl’š–Ú","35.363225","136.818890","0","3"
"21","Šò•ŒŒ§","21213","Še–±Œ´Žs","212130045005","ì“‡—Î’¬ŒÜ’š–Ú","35.362624","136.816812","0","3"
"21","Šò•ŒŒ§","21213","Še–±Œ´Žs","212130046000","ì“‡“n’¬","35.363391","136.797891","0","1"
"21","Šò•ŒŒ§","21213","Še–±Œ´Žs","212130047000","‹à‘®’c’n","35.393484","136.829143","0","1"
"21","Šò•ŒŒ§","21213","Še–±Œ´Žs","212130048001","¬²–ì’¬ˆê’š–Ú","35.390511","136.829333","0","3"
"21","Šò•ŒŒ§","21213","Še–±Œ´Žs","212130048002","¬²–ì’¬“ñ’š–Ú","35.389108","136.828701","0","3"
"21","Šò•ŒŒ§","21213","Še–±Œ´Žs","212130048003","¬²–ì’¬ŽO’š–Ú","35.389018","136.832260","0","3"
"21","Šò•ŒŒ§","21213","Še–±Œ´Žs","212130048004","¬²–ì’¬Žl’š–Ú","35.388076","136.834465","0","3"
"21","Šò•ŒŒ§","21213","Še–±Œ´Žs","212130048005","¬²–ì’¬ŒÜ’š–Ú","35.386893","136.837357","0","3"
"21","Šò•ŒŒ§","21213","Še–±Œ´Žs","212130048006","¬²–ì’¬˜Z’š–Ú","35.385469","136.834184","0","3"
"21","Šò•ŒŒ§","21213","Še–±Œ´Žs","212130048007","¬²–ì’¬Žµ’š–Ú","35.386641","136.830777","0","3"
"21","Šò•ŒŒ§","21213","Še–±Œ´Žs","212130049001","÷–Ø’¬ˆê’š–Ú","35.397011","136.953741","0","3"
"21","Šò•ŒŒ§","21213","Še–±Œ´Žs","212130049002","÷–Ø’¬“ñ’š–Ú","35.398579","136.955096","0","3"
"21","Šò•ŒŒ§","21213","Še–±Œ´Žs","212130049003","÷–Ø’¬ŽO’š–Ú","35.397736","136.956840","0","3"
"21","Šò•ŒŒ§","21213","Še–±Œ´Žs","212130049004","÷–Ø’¬Žl’š–Ú","35.399550","136.956561","0","3"
"21","Šò•ŒŒ§","21213","Še–±Œ´Žs","212130049005","÷–Ø’¬ŒÜ’š–Ú","35.399724","136.958710","0","3"
"21","Šò•ŒŒ§","21213","Še–±Œ´Žs","212130050000","‰ºØ’¬","35.376756","136.867841","0","1"
"21","Šò•ŒŒ§","21213","Še–±Œ´Žs","212130051001","‰ºØ’¬ˆê’š–Ú","35.385094","136.868142","0","3"
"21","Šò•ŒŒ§","21213","Še–±Œ´Žs","212130051002","‰ºØ’¬“ñ’š–Ú","35.385568","136.864930","0","3"
"21","Šò•ŒŒ§","21213","Še–±Œ´Žs","212130051003","‰ºØ’¬ŽO’š–Ú","35.387233","136.863586","0","3"
"21","Šò•ŒŒ§","21213","Še–±Œ´Žs","212130051004","‰ºØ’¬Žl’š–Ú","35.388109","136.862097","0","3"
"21","Šò•ŒŒ§","21213","Še–±Œ´Žs","212130051005","‰ºØ’¬ŒÜ’š–Ú","35.386922","136.861195","0","3"
"21","Šò•ŒŒ§","21213","Še–±Œ´Žs","212130051006","‰ºØ’¬˜Z’š–Ú","35.385732","136.861811","0","3"
"21","Šò•ŒŒ§","21213","Še–±Œ´Žs","212130051007","‰ºØ’¬Žµ’š–Ú","35.384255","136.863603","0","3"
"21","Šò•ŒŒ§","21213","Še–±Œ´Žs","212130051008","‰ºØ’¬”ª’š–Ú","35.383798","136.865508","0","3"
"21","Šò•ŒŒ§","21213","Še–±Œ´Žs","212130051009","‰ºØ’¬‹ã’š–Ú","35.382047","136.865422","0","3"
"21","Šò•ŒŒ§","21213","Še–±Œ´Žs","212130052000","‰º’†‰®’¬","35.375145","136.832086","0","1"
"21","Šò•ŒŒ§","21213","Še–±Œ´Žs","212130053001","‰º’†‰®’¬ˆê’š–Ú","35.382697","136.834294","0","3"
"21","Šò•ŒŒ§","21213","Še–±Œ´Žs","212130053002","‰º’†‰®’¬“ñ’š–Ú","35.380129","136.833271","0","3"
"21","Šò•ŒŒ§","21213","Še–±Œ´Žs","212130053003","‰º’†‰®’¬ŽO’š–Ú","35.380064","136.838033","0","3"
"21","Šò•ŒŒ§","21213","Še–±Œ´Žs","212130054001","ãŒË’¬ˆê’š–Ú","35.384711","136.847835","0","3"
"21","Šò•ŒŒ§","21213","Še–±Œ´Žs","212130054002","ãŒË’¬“ñ’š–Ú","35.383891","136.845392","0","3"
"21","Šò•ŒŒ§","21213","Še–±Œ´Žs","212130054003","ãŒË’¬ŽO’š–Ú","35.381123","136.845647","0","3"
"21","Šò•ŒŒ§","21213","Še–±Œ´Žs","212130054004","ãŒË’¬Žl’š–Ú","35.382741","136.848430","0","3"
"21","Šò•ŒŒ§","21213","Še–±Œ´Žs","212130054005","ãŒË’¬ŒÜ’š–Ú","35.381056","136.850298","0","3"
"21","Šò•ŒŒ§","21213","Še–±Œ´Žs","212130054006","ãŒË’¬˜Z’š–Ú","35.383101","136.850903","0","3"
"21","Šò•ŒŒ§","21213","Še–±Œ´Žs","212130054007","ãŒË’¬Žµ’š–Ú","35.385105","136.851136","0","3"
"21","Šò•ŒŒ§","21213","Še–±Œ´Žs","212130055001","V‰LÀ‘äˆê’š–Ú","35.405838","136.950552","0","3"
"21","Šò•ŒŒ§","21213","Še–±Œ´Žs","212130055002","V‰LÀ‘ä“ñ’š–Ú","35.406987","136.953648","0","3"
"21","Šò•ŒŒ§","21213","Še–±Œ´Žs","212130055003","V‰LÀ‘äŽO’š–Ú","35.407209","136.956161","0","3"
"21","Šò•ŒŒ§","21213","Še–±Œ´Žs","212130055004","V‰LÀ‘äŽl’š–Ú","35.403211","136.950216","0","3"
"21","Šò•ŒŒ§","21213","Še–±Œ´Žs","212130055005","V‰LÀ‘äŒÜ’š–Ú","35.404910","136.952093","0","3"
"21","Šò•ŒŒ§","21213","Še–±Œ´Žs","212130055006","V‰LÀ‘ä˜Z’š–Ú","35.405384","136.954739","0","3"
"21","Šò•ŒŒ§","21213","Še–±Œ´Žs","212130055007","V‰LÀ‘äŽµ’š–Ú","35.402219","136.951407","0","3"
"21","Šò•ŒŒ§","21213","Še–±Œ´Žs","212130055008","V‰LÀ‘ä”ª’š–Ú","35.403629","136.953107","0","3"
"21","Šò•ŒŒ§","21213","Še–±Œ´Žs","212130056000","{‰q","35.438008","136.908339","0","1"
"21","Šò•ŒŒ§","21213","Še–±Œ´Žs","212130057000","{‰qˆî“c","35.435870","136.901213","0","1"
"21","Šò•ŒŒ§","21213","Še–±Œ´Žs","212130058001","{‰q’¬ˆê’š–Ú","35.440703","136.877312","0","3"
"21","Šò•ŒŒ§","21213","Še–±Œ´Žs","212130058002","{‰q’¬“ñ’š–Ú","35.430477","136.886843","0","3"
"21","Šò•ŒŒ§","21213","Še–±Œ´Žs","212130058003","{‰q’¬ŽO’š–Ú","35.436389","136.890481","0","3"
"21","Šò•ŒŒ§","21213","Še–±Œ´Žs","212130058004","{‰q’¬Žl’š–Ú","35.429470","136.890082","0","3"
"21","Šò•ŒŒ§","21213","Še–±Œ´Žs","212130058005","{‰q’¬ŒÜ’š–Ú","35.431476","136.895271","0","3"
"21","Šò•ŒŒ§","21213","Še–±Œ´Žs","212130058006","{‰q’¬˜Z’š–Ú","35.423351","136.897764","0","3"
"21","Šò•ŒŒ§","21213","Še–±Œ´Žs","212130058007","{‰q’¬Žµ’š–Ú","35.428926","136.901469","0","3"
"21","Šò•ŒŒ§","21213","Še–±Œ´Žs","212130058008","{‰q’¬”ª’š–Ú","35.426628","136.908172","0","3"
"21","Šò•ŒŒ§","21213","Še–±Œ´Žs","212130059001","‘hŒ´Ô‰Hª’¬ˆê’š–Ú","35.422479","136.854814","0","3"
"21","Šò•ŒŒ§","21213","Še–±Œ´Žs","212130059002","‘hŒ´Ô‰Hª’¬“ñ’š–Ú","35.422626","136.856736","0","3"
"21","Šò•ŒŒ§","21213","Še–±Œ´Žs","212130059003","‘hŒ´Ô‰Hª’¬ŽO’š–Ú","35.419814","136.854544","0","3"
"21","Šò•ŒŒ§","21213","Še–±Œ´Žs","212130059004","‘hŒ´Ô‰Hª’¬Žl’š–Ú","35.419700","136.856461","0","3"
"21","Šò•ŒŒ§","21213","Še–±Œ´Žs","212130059005","‘hŒ´Ô‰Hª’¬ŒÜ’š–Ú","35.419412","136.858875","0","3"
"21","Šò•ŒŒ§","21213","Še–±Œ´Žs","212130060001","‘hŒ´ˆ®’¬ˆê’š–Ú","35.403489","136.865496","0","3"
"21","Šò•ŒŒ§","21213","Še–±Œ´Žs","212130060002","‘hŒ´ˆ®’¬“ñ’š–Ú","35.404612","136.865209","0","3"
"21","Šò•ŒŒ§","21213","Še–±Œ´Žs","212130060003","‘hŒ´ˆ®’¬ŽO’š–Ú","35.405917","136.865146","0","3"
"21","Šò•ŒŒ§","21213","Še–±Œ´Žs","212130060004","‘hŒ´ˆ®’¬Žl’š–Ú","35.407162","136.865127","0","3"
"21","Šò•ŒŒ§","21213","Še–±Œ´Žs","212130061001","‘hŒ´”ò’¹’¬ˆê’š–Ú","35.425466","136.868873","0","3"
"21","Šò•ŒŒ§","21213","Še–±Œ´Žs","212130061002","‘hŒ´”ò’¹’¬“ñ’š–Ú","35.427134","136.870344","0","3"
"21","Šò•ŒŒ§","21213","Še–±Œ´Žs","212130061003","‘hŒ´”ò’¹’¬ŽO’š–Ú","35.425586","136.871803","0","3"
"21","Šò•ŒŒ§","21213","Še–±Œ´Žs","212130062001","‘hŒ´ˆÉ’¬ˆê’š–Ú","35.422553","136.859262","0","3"
"21","Šò•ŒŒ§","21213","Še–±Œ´Žs","212130062002","‘hŒ´ˆÉ’¬“ñ’š–Ú","35.422220","136.861410","0","3"
"21","Šò•ŒŒ§","21213","Še–±Œ´Žs","212130062003","‘hŒ´ˆÉ’¬ŽO’š–Ú","35.421971","136.863546","0","3"
"21","Šò•ŒŒ§","21213","Še–±Œ´Žs","212130063001","‘hŒ´‘å“‡’¬ˆê’š–Ú","35.416229","136.845332","0","3"
"21","Šò•ŒŒ§","21213","Še–±Œ´Žs","212130063002","‘hŒ´‘å“‡’¬“ñ’š–Ú","35.416362","136.848378","0","3"
"21","Šò•ŒŒ§","21213","Še–±Œ´Žs","212130063003","‘hŒ´‘å“‡’¬ŽO’š–Ú","35.416541","136.851296","0","3"
"21","Šò•ŒŒ§","21213","Še–±Œ´Žs","212130063004","‘hŒ´‘å“‡’¬Žl’š–Ú","35.418321","136.845909","0","3"
"21","Šò•ŒŒ§","21213","Še–±Œ´Žs","212130063005","‘hŒ´‘å“‡’¬ŒÜ’š–Ú","35.419097","136.848228","0","3"
"21","Šò•ŒŒ§","21213","Še–±Œ´Žs","212130063006","‘hŒ´‘å“‡’¬˜Z’š–Ú","35.419594","136.850514","0","3"
"21","Šò•ŒŒ§","21213","Še–±Œ´Žs","212130063007","‘hŒ´‘å“‡’¬Žµ’š–Ú","35.420129","136.852660","0","3"
"21","Šò•ŒŒ§","21213","Še–±Œ´Žs","212130064001","‘hŒ´Š`‘ò’¬ˆê’š–Ú","35.404461","136.862965","0","3"
"21","Šò•ŒŒ§","21213","Še–±Œ´Žs","212130064002","‘hŒ´Š`‘ò’¬“ñ’š–Ú","35.405948","136.862899","0","3"
"21","Šò•ŒŒ§","21213","Še–±Œ´Žs","212130064003","‘hŒ´Š`‘ò’¬ŽO’š–Ú","35.407149","136.862953","0","3"
"21","Šò•ŒŒ§","21213","Še–±Œ´Žs","212130065001","‘hŒ´‹e‰€’¬ˆê’š–Ú","35.403603","136.867269","0","3"
"21","Šò•ŒŒ§","21213","Še–±Œ´Žs","212130065002","‘hŒ´‹e‰€’¬“ñ’š–Ú","35.404814","136.867099","0","3"
"21","Šò•ŒŒ§","21213","Še–±Œ´Žs","212130065003","‘hŒ´‹e‰€’¬ŽO’š–Ú","35.406073","136.867048","0","3"
"21","Šò•ŒŒ§","21213","Še–±Œ´Žs","212130065004","‘hŒ´‹e‰€’¬Žl’š–Ú","35.407270","136.866732","0","3"
"21","Šò•ŒŒ§","21213","Še–±Œ´Žs","212130066001","‘hŒ´–kŽR’¬ˆê’š–Ú","35.430652","136.863166","0","3"
"21","Šò•ŒŒ§","21213","Še–±Œ´Žs","212130066002","‘hŒ´–kŽR’¬“ñ’š–Ú","35.431463","136.870111","0","3"
"21","Šò•ŒŒ§","21213","Še–±Œ´Žs","212130066003","‘hŒ´–kŽR’¬ŽO’š–Ú","35.428683","136.874924","0","3"
"21","Šò•ŒŒ§","21213","Še–±Œ´Žs","212130066004","‘hŒ´–kŽR’¬Žl’š–Ú","35.434790","136.877000","0","3"
"21","Šò•ŒŒ§","21213","Še–±Œ´Žs","212130067001","‘hŒ´‹gV’¬ˆê’š–Ú","35.408237","136.856439","0","3"
"21","Šò•ŒŒ§","21213","Še–±Œ´Žs","212130067002","‘hŒ´‹gV’¬“ñ’š–Ú","35.408975","136.857951","0","3"
"21","Šò•ŒŒ§","21213","Še–±Œ´Žs","212130067003","‘hŒ´‹gV’¬ŽO’š–Ú","35.408358","136.859380","0","3"
"21","Šò•ŒŒ§","21213","Še–±Œ´Žs","212130068001","‘hŒ´Šó–]’¬ˆê’š–Ú","35.402962","136.854965","0","3"
"21","Šò•ŒŒ§","21213","Še–±Œ´Žs","212130068002","‘hŒ´Šó–]’¬“ñ’š–Ú","35.405041","136.855923","0","3"
"21","Šò•ŒŒ§","21213","Še–±Œ´Žs","212130068003","‘hŒ´Šó–]’¬ŽO’š–Ú","35.406037","136.856370","0","3"
"21","Šò•ŒŒ§","21213","Še–±Œ´Žs","212130068004","‘hŒ´Šó–]’¬Žl’š–Ú","35.407123","136.856141","0","3"
"21","Šò•ŒŒ§","21213","Še–±Œ´Žs","212130069001","‘hŒ´´Z’¬ˆê’š–Ú","35.425777","136.874968","0","3"
"21","Šò•ŒŒ§","21213","Še–±Œ´Žs","212130069002","‘hŒ´´Z’¬“ñ’š–Ú","35.426547","136.876790","0","3"
"21","Šò•ŒŒ§","21213","Še–±Œ´Žs","212130069003","‘hŒ´´Z’¬ŽO’š–Ú","35.426829","136.878806","0","3"
"21","Šò•ŒŒ§","21213","Še–±Œ´Žs","212130069004","‘hŒ´´Z’¬Žl’š–Ú","35.427481","136.879831","0","3"
"21","Šò•ŒŒ§","21213","Še–±Œ´Žs","212130069005","‘hŒ´´Z’¬ŒÜ’š–Ú","35.425522","136.877616","0","3"
"21","Šò•ŒŒ§","21213","Še–±Œ´Žs","212130069006","‘hŒ´´Z’¬˜Z’š–Ú","35.424682","136.876619","0","3"
"21","Šò•ŒŒ§","21213","Še–±Œ´Žs","212130070001","‘hŒ´ŒF“c’¬ˆê’š–Ú","35.415408","136.868329","0","3"
"21","Šò•ŒŒ§","21213","Še–±Œ´Žs","212130070002","‘hŒ´ŒF“c’¬“ñ’š–Ú","35.414525","136.869947","0","3"
"21","Šò•ŒŒ§","21213","Še–±Œ´Žs","212130070003","‘hŒ´ŒF“c’¬ŽO’š–Ú","35.417438","136.869437","0","3"
"21","Šò•ŒŒ§","21213","Še–±Œ´Žs","212130071001","‘hŒ´‹»ˆŸ’¬ˆê’š–Ú","35.404205","136.871912","0","3"
"21","Šò•ŒŒ§","21213","Še–±Œ´Žs","212130071002","‘hŒ´‹»ˆŸ’¬“ñ’š–Ú","35.406024","136.871721","0","3"
"21","Šò•ŒŒ§","21213","Še–±Œ´Žs","212130071003","‘hŒ´‹»ˆŸ’¬ŽO’š–Ú","35.407315","136.872402","0","3"
"21","Šò•ŒŒ§","21213","Še–±Œ´Žs","212130071004","‘hŒ´‹»ˆŸ’¬Žl’š–Ú","35.405668","136.874968","0","3"
"21","Šò•ŒŒ§","21213","Še–±Œ´Žs","212130071005","‘hŒ´‹»ˆŸ’¬ŒÜ’š–Ú","35.406193","136.879070","0","3"
"21","Šò•ŒŒ§","21213","Še–±Œ´Žs","212130072001","‘hŒ´âˆä’¬ˆê’š–Ú","35.415669","136.880604","0","3"
"21","Šò•ŒŒ§","21213","Še–±Œ´Žs","212130072002","‘hŒ´âˆä’¬“ñ’š–Ú","35.413512","136.879145","0","3"
"21","Šò•ŒŒ§","21213","Še–±Œ´Žs","212130072003","‘hŒ´âˆä’¬ŽO’š–Ú","35.413171","136.881424","0","3"
"21","Šò•ŒŒ§","21213","Še–±Œ´Žs","212130073001","‘hŒ´‰h’¬ˆê’š–Ú","35.403757","136.868758","0","3"
"21","Šò•ŒŒ§","21213","Še–±Œ´Žs","212130073002","‘hŒ´‰h’¬“ñ’š–Ú","35.404939","136.868629","0","3"
"21","Šò•ŒŒ§","21213","Še–±Œ´Žs","212130073003","‘hŒ´‰h’¬ŽO’š–Ú","35.406181","136.868358","0","3"
"21","Šò•ŒŒ§","21213","Še–±Œ´Žs","212130073004","‘hŒ´‰h’¬Žl’š–Ú","35.407254","136.868360","0","3"
"21","Šò•ŒŒ§","21213","Še–±Œ´Žs","212130074000","‘hŒ´‘•c’¬","35.403437","136.863501","0","1"
"21","Šò•ŒŒ§","21213","Še–±Œ´Žs","212130075001","‘hŒ´\Žq’¬ˆê’š–Ú","35.410946","136.854187","0","3"
"21","Šò•ŒŒ§","21213","Še–±Œ´Žs","212130075002","‘hŒ´\Žq’¬“ñ’š–Ú","35.410955","136.856875","0","3"
"21","Šò•ŒŒ§","21213","Še–±Œ´Žs","212130075003","‘hŒ´\Žq’¬ŽO’š–Ú","35.408388","136.854892","0","3"
"21","Šò•ŒŒ§","21213","Še–±Œ´Žs","212130076001","‘hŒ´‘òã’¬ˆê’š–Ú","35.403359","136.860206","0","3"
"21","Šò•ŒŒ§","21213","Še–±Œ´Žs","212130076002","‘hŒ´‘òã’¬“ñ’š–Ú","35.404568","136.860661","0","3"
"21","Šò•ŒŒ§","21213","Še–±Œ´Žs","212130076003","‘hŒ´‘òã’¬ŽO’š–Ú","35.405969","136.860666","0","3"
"21","Šò•ŒŒ§","21213","Še–±Œ´Žs","212130076004","‘hŒ´‘òã’¬Žl’š–Ú","35.407086","136.860677","0","3"
"21","Šò•ŒŒ§","21213","Še–±Œ´Žs","212130077001","‘hŒ´“‡è’¬ˆê’š–Ú","35.416275","136.860137","0","3"
"21","Šò•ŒŒ§","21213","Še–±Œ´Žs","212130077002","‘hŒ´“‡è’¬“ñ’š–Ú","35.417298","136.861965","0","3"
"21","Šò•ŒŒ§","21213","Še–±Œ´Žs","212130077003","‘hŒ´“‡è’¬ŽO’š–Ú","35.419259","136.861245","0","3"
"21","Šò•ŒŒ§","21213","Še–±Œ´Žs","212130077004","‘hŒ´“‡è’¬Žl’š–Ú","35.418763","136.863199","0","3"
"21","Šò•ŒŒ§","21213","Še–±Œ´Žs","212130078001","‘hŒ´º‰h’¬ˆê’š–Ú","35.418741","136.869949","0","3"
"21","Šò•ŒŒ§","21213","Še–±Œ´Žs","212130078002","‘hŒ´º‰h’¬“ñ’š–Ú","35.418609","136.872297","0","3"
"21","Šò•ŒŒ§","21213","Še–±Œ´Žs","212130078003","‘hŒ´º‰h’¬ŽO’š–Ú","35.418633","136.874714","0","3"
"21","Šò•ŒŒ§","21213","Še–±Œ´Žs","212130078004","‘hŒ´º‰h’¬Žl’š–Ú","35.418576","136.877079","0","3"
"21","Šò•ŒŒ§","21213","Še–±Œ´Žs","212130078005","‘hŒ´º‰h’¬ŒÜ’š–Ú","35.418528","136.879496","0","3"
"21","Šò•ŒŒ§","21213","Še–±Œ´Žs","212130079001","‘hŒ´V‰h’¬ˆê’š–Ú","35.410106","136.864494","0","3"
"21","Šò•ŒŒ§","21213","Še–±Œ´Žs","212130079002","‘hŒ´V‰h’¬“ñ’š–Ú","35.409973","136.866655","0","3"
"21","Šò•ŒŒ§","21213","Še–±Œ´Žs","212130079003","‘hŒ´V‰h’¬ŽO’š–Ú","35.408726","136.869125","0","3"
"21","Šò•ŒŒ§","21213","Še–±Œ´Žs","212130080001","‘hŒ´V¶’¬ˆê’š–Ú","35.421147","136.882649","0","3"
"21","Šò•ŒŒ§","21213","Še–±Œ´Žs","212130080002","‘hŒ´V¶’¬“ñ’š–Ú","35.418426","136.882558","0","3"
"21","Šò•ŒŒ§","21213","Še–±Œ´Žs","212130080003","‘hŒ´V¶’¬ŽO’š–Ú","35.416612","136.882678","0","3"
"21","Šò•ŒŒ§","21213","Še–±Œ´Žs","212130081001","‘hŒ´‰_’¬ˆê’š–Ú","35.403847","136.870365","0","3"
"21","Šò•ŒŒ§","21213","Še–±Œ´Žs","212130081002","‘hŒ´‰_’¬“ñ’š–Ú","35.405090","136.870158","0","3"
"21","Šò•ŒŒ§","21213","Še–±Œ´Žs","212130081003","‘hŒ´‰_’¬ŽO’š–Ú","35.406286","136.870078","0","3"
"21","Šò•ŒŒ§","21213","Še–±Œ´Žs","212130081004","‘hŒ´‰_’¬Žl’š–Ú","35.407332","136.870014","0","3"
"21","Šò•ŒŒ§","21213","Še–±Œ´Žs","212130082001","‘hŒ´Â‰_’¬ˆê’š–Ú","35.411880","136.859261","0","3"
"21","Šò•ŒŒ§","21213","Še–±Œ´Žs","212130082002","‘hŒ´Â‰_’¬“ñ’š–Ú","35.411863","136.861135","0","3"
"21","Šò•ŒŒ§","21213","Še–±Œ´Žs","212130082003","‘hŒ´Â‰_’¬ŽO’š–Ú","35.411796","136.862888","0","3"
"21","Šò•ŒŒ§","21213","Še–±Œ´Žs","212130082004","‘hŒ´Â‰_’¬Žl’š–Ú","35.409720","136.860979","0","3"
"21","Šò•ŒŒ§","21213","Še–±Œ´Žs","212130082005","‘hŒ´Â‰_’¬ŒÜ’š–Ú","35.408594","136.861619","0","3"
"21","Šò•ŒŒ§","21213","Še–±Œ´Žs","212130083001","‘hŒ´’†‰›’¬ˆê’š–Ú","35.411410","136.880581","0","3"
"21","Šò•ŒŒ§","21213","Še–±Œ´Žs","212130083002","‘hŒ´’†‰›’¬“ñ’š–Ú","35.410194","136.880195","0","3"
"21","Šò•ŒŒ§","21213","Še–±Œ´Žs","212130083003","‘hŒ´’†‰›’¬ŽO’š–Ú","35.408219","136.880319","0","3"
"21","Šò•ŒŒ§","21213","Še–±Œ´Žs","212130083004","‘hŒ´’†‰›’¬Žl’š–Ú","35.406932","136.880333","0","3"
"21","Šò•ŒŒ§","21213","Še–±Œ´Žs","212130084001","‘hŒ´ŒŽ‹u’¬ˆê’š–Ú","35.402416","136.867598","0","3"
"21","Šò•ŒŒ§","21213","Še–±Œ´Žs","212130084002","‘hŒ´ŒŽ‹u’¬“ñ’š–Ú","35.402251","136.865729","0","3"
"21","Šò•ŒŒ§","21213","Še–±Œ´Žs","212130084003","‘hŒ´ŒŽ‹u’¬ŽO’š–Ú","35.402356","136.863491","0","3"
"21","Šò•ŒŒ§","21213","Še–±Œ´Žs","212130084004","‘hŒ´ŒŽ‹u’¬Žl’š–Ú","35.402159","136.861264","0","3"
"21","Šò•ŒŒ§","21213","Še–±Œ´Žs","212130085001","‘hŒ´Ž›“‡’¬ˆê’š–Ú","35.415279","136.861863","0","3"
"21","Šò•ŒŒ§","21213","Še–±Œ´Žs","212130085002","‘hŒ´Ž›“‡’¬“ñ’š–Ú","35.415285","136.863481","0","3"
"21","Šò•ŒŒ§","21213","Še–±Œ´Žs","212130086001","‘hŒ´“Œ‰h’¬ˆê’š–Ú","35.410538","136.873625","0","3"
"21","Šò•ŒŒ§","21213","Še–±Œ´Žs","212130086002","‘hŒ´“Œ‰h’¬“ñ’š–Ú","35.408790","136.874506","0","3"
"21","Šò•ŒŒ§","21213","Še–±Œ´Žs","212130087001","‘hŒ´“Œ–å’¬ˆê’š–Ú","35.421657","136.876997","0","3"
"21","Šò•ŒŒ§","21213","Še–±Œ´Žs","212130087002","‘hŒ´“Œ–å’¬“ñ’š–Ú","35.422057","136.879632","0","3"
"21","Šò•ŒŒ§","21213","Še–±Œ´Žs","212130087003","‘hŒ´“Œ–å’¬ŽO’š–Ú","35.422969","136.882466","0","3"
"21","Šò•ŒŒ§","21213","Še–±Œ´Žs","212130088001","‘hŒ´ŠOŽR’¬ˆê’š–Ú","35.422212","136.869527","0","3"
"21","Šò•ŒŒ§","21213","Še–±Œ´Žs","212130088002","‘hŒ´ŠOŽR’¬“ñ’š–Ú","35.422073","136.872366","0","3"
"21","Šò•ŒŒ§","21213","Še–±Œ´Žs","212130088003","‘hŒ´ŠOŽR’¬ŽO’š–Ú","35.421618","136.874749","0","3"
"21","Šò•ŒŒ§","21213","Še–±Œ´Žs","212130089001","‘hŒ´–ìŒû’¬ˆê’š–Ú","35.414252","136.865006","0","3"
"21","Šò•ŒŒ§","21213","Še–±Œ´Žs","212130089002","‘hŒ´–ìŒû’¬“ñ’š–Ú","35.414512","136.866684","0","3"
"21","Šò•ŒŒ§","21213","Še–±Œ´Žs","212130089003","‘hŒ´–ìŒû’¬ŽO’š–Ú","35.412993","136.868976","0","3"
"21","Šò•ŒŒ§","21213","Še–±Œ´Žs","212130089004","‘hŒ´–ìŒû’¬Žl’š–Ú","35.410851","136.869035","0","3"
"21","Šò•ŒŒ§","21213","Še–±Œ´Žs","212130089005","‘hŒ´–ìŒû’¬ŒÜ’š–Ú","35.410456","136.871147","0","3"
"21","Šò•ŒŒ§","21213","Še–±Œ´Žs","212130089006","‘hŒ´–ìŒû’¬˜Z’š–Ú","35.416782","136.867820","0","3"
"21","Šò•ŒŒ§","21213","Še–±Œ´Žs","212130090001","‘hŒ´‰Ô‰€’¬ˆê’š–Ú","35.411262","136.845667","0","3"
"21","Šò•ŒŒ§","21213","Še–±Œ´Žs","212130090002","‘hŒ´‰Ô‰€’¬“ñ’š–Ú","35.410342","136.848635","0","3"
"21","Šò•ŒŒ§","21213","Še–±Œ´Žs","212130090003","‘hŒ´‰Ô‰€’¬ŽO’š–Ú","35.410456","136.850607","0","3"
"21","Šò•ŒŒ§","21213","Še–±Œ´Žs","212130090004","‘hŒ´‰Ô‰€’¬Žl’š–Ú","35.410157","136.852659","0","3"
"21","Šò•ŒŒ§","21213","Še–±Œ´Žs","212130091001","‘hŒ´“Œ“‡’¬ˆê’š–Ú","35.414593","136.871672","0","3"
"21","Šò•ŒŒ§","21213","Še–±Œ´Žs","212130091002","‘hŒ´“Œ“‡’¬“ñ’š–Ú","35.413636","136.873888","0","3"
"21","Šò•ŒŒ§","21213","Še–±Œ´Žs","212130091003","‘hŒ´“Œ“‡’¬ŽO’š–Ú","35.413784","136.876763","0","3"
"21","Šò•ŒŒ§","21213","Še–±Œ´Žs","212130091004","‘hŒ´“Œ“‡’¬Žl’š–Ú","35.409211","136.877497","0","3"
"21","Šò•ŒŒ§","21213","Še–±Œ´Žs","212130092001","‘hŒ´ŒÃŽsê’¬ˆê’š–Ú","35.416663","136.865152","0","3"
"21","Šò•ŒŒ§","21213","Še–±Œ´Žs","212130092002","‘hŒ´ŒÃŽsê’¬“ñ’š–Ú","35.418787","136.865176","0","3"
"21","Šò•ŒŒ§","21213","Še–±Œ´Žs","212130092003","‘hŒ´ŒÃŽsê’¬ŽO’š–Ú","35.418616","136.866621","0","3"
"21","Šò•ŒŒ§","21213","Še–±Œ´Žs","212130092004","‘hŒ´ŒÃŽsê’¬Žl’š–Ú","35.418530","136.867899","0","3"
"21","Šò•ŒŒ§","21213","Še–±Œ´Žs","212130092005","‘hŒ´ŒÃŽsê’¬ŒÜ’š–Ú","35.422129","136.866507","0","3"
"21","Šò•ŒŒ§","21213","Še–±Œ´Žs","212130093001","‘hŒ´–k—z’¬ˆê’š–Ú","35.425469","136.859839","0","3"
"21","Šò•ŒŒ§","21213","Še–±Œ´Žs","212130093002","‘hŒ´–k—z’¬“ñ’š–Ú","35.425448","136.861756","0","3"
"21","Šò•ŒŒ§","21213","Še–±Œ´Žs","212130093003","‘hŒ´–k—z’¬ŽO’š–Ú","35.425670","136.863647","0","3"
"21","Šò•ŒŒ§","21213","Še–±Œ´Žs","212130093004","‘hŒ´–k—z’¬Žl’š–Ú","35.425756","136.865469","0","3"
"21","Šò•ŒŒ§","21213","Še–±Œ´Žs","212130093005","‘hŒ´–k—z’¬ŒÜ’š–Ú","35.425260","136.866973","0","3"
"21","Šò•ŒŒ§","21213","Še–±Œ´Žs","212130094000","‘hŒ´ŽOŠ`–ì’¬","35.399038","136.880110","0","1"
"21","Šò•ŒŒ§","21213","Še–±Œ´Žs","212130095001","‘hŒ´ŽOŠ`–ì’¬ˆê’š–Ú","35.399825","136.872653","0","3"
"21","Šò•ŒŒ§","21213","Še–±Œ´Žs","212130095002","‘hŒ´ŽOŠ`–ì’¬“ñ’š–Ú","35.400029","136.869846","0","3"
"21","Šò•ŒŒ§","21213","Še–±Œ´Žs","212130095003","‘hŒ´ŽOŠ`–ì’¬ŽO’š–Ú","35.401753","136.869690","0","3"
"21","Šò•ŒŒ§","21213","Še–±Œ´Žs","212130096001","‘hŒ´•ä’¬ˆê’š–Ú","35.413583","136.844536","0","3"
"21","Šò•ŒŒ§","21213","Še–±Œ´Žs","212130096002","‘hŒ´•ä’¬“ñ’š–Ú","35.413750","136.846238","0","3"
"21","Šò•ŒŒ§","21213","Še–±Œ´Žs","212130096003","‘hŒ´•ä’¬ŽO’š–Ú","35.413925","136.848151","0","3"
"21","Šò•ŒŒ§","21213","Še–±Œ´Žs","212130096004","‘hŒ´•ä’¬Žl’š–Ú","35.414076","136.850122","0","3"
"21","Šò•ŒŒ§","21213","Še–±Œ´Žs","212130096005","‘hŒ´•ä’¬ŒÜ’š–Ú","35.414259","136.852095","0","3"
"21","Šò•ŒŒ§","21213","Še–±Œ´Žs","212130097001","‘hŒ´—Î’¬ˆê’š–Ú","35.401263","136.867705","0","3"
"21","Šò•ŒŒ§","21213","Še–±Œ´Žs","212130097002","‘hŒ´—Î’¬“ñ’š–Ú","35.401342","136.865804","0","3"
"21","Šò•ŒŒ§","21213","Še–±Œ´Žs","212130097003","‘hŒ´—Î’¬ŽO’š–Ú","35.401546","136.863503","0","3"
"21","Šò•ŒŒ§","21213","Še–±Œ´Žs","212130097004","‘hŒ´—Î’¬Žl’š–Ú","35.401695","136.859861","0","3"
"21","Šò•ŒŒ§","21213","Še–±Œ´Žs","212130098001","‘hŒ´‹{‘ã’¬ˆê’š–Ú","35.424228","136.846645","0","3"
"21","Šò•ŒŒ§","21213","Še–±Œ´Žs","212130098002","‘hŒ´‹{‘ã’¬“ñ’š–Ú","35.422585","136.846596","0","3"
"21","Šò•ŒŒ§","21213","Še–±Œ´Žs","212130098003","‘hŒ´‹{‘ã’¬ŽO’š–Ú","35.419246","136.845293","0","3"
"21","Šò•ŒŒ§","21213","Še–±Œ´Žs","212130099001","‘hŒ´‹{’Ë’¬ˆê’š–Ú","35.422661","136.850247","0","3"
"21","Šò•ŒŒ§","21213","Še–±Œ´Žs","212130099002","‘hŒ´‹{’Ë’¬“ñ’š–Ú","35.423533","136.853422","0","3"
"21","Šò•ŒŒ§","21213","Še–±Œ´Žs","212130099003","‘hŒ´‹{’Ë’¬ŽO’š–Ú","35.424529","136.857203","0","3"
"21","Šò•ŒŒ§","21213","Še–±Œ´Žs","212130100001","‘hŒ´‘º‰J’¬ˆê’š–Ú","35.403195","136.857396","0","3"
"21","Šò•ŒŒ§","21213","Še–±Œ´Žs","212130100002","‘hŒ´‘º‰J’¬“ñ’š–Ú","35.404544","136.858104","0","3"
"21","Šò•ŒŒ§","21213","Še–±Œ´Žs","212130100003","‘hŒ´‘º‰J’¬ŽO’š–Ú","35.406070","136.858610","0","3"
"21","Šò•ŒŒ§","21213","Še–±Œ´Žs","212130100004","‘hŒ´‘º‰J’¬Žl’š–Ú","35.407214","136.858523","0","3"
"21","Šò•ŒŒ§","21213","Še–±Œ´Žs","212130101001","‘hŒ´Ž“c’¬ˆê’š–Ú","35.431711","136.876237","0","3"
"21","Šò•ŒŒ§","21213","Še–±Œ´Žs","212130101002","‘hŒ´Ž“c’¬“ñ’š–Ú","35.431638","136.879361","0","3"
"21","Šò•ŒŒ§","21213","Še–±Œ´Žs","212130101003","‘hŒ´Ž“c’¬ŽO’š–Ú","35.429962","136.881572","0","3"
"21","Šò•ŒŒ§","21213","Še–±Œ´Žs","212130101004","‘hŒ´Ž“c’¬Žl’š–Ú","35.428615","136.882752","0","3"
"21","Šò•ŒŒ§","21213","Še–±Œ´Žs","212130101005","‘hŒ´Ž“c’¬ŒÜ’š–Ú","35.427217","136.881450","0","3"
"21","Šò•ŒŒ§","21213","Še–±Œ´Žs","212130102001","‘hŒ´‹g–ì’¬ˆê’š–Ú","35.415093","136.853957","0","3"
"21","Šò•ŒŒ§","21213","Še–±Œ´Žs","212130102002","‘hŒ´‹g–ì’¬“ñ’š–Ú","35.415272","136.855903","0","3"
"21","Šò•ŒŒ§","21213","Še–±Œ´Žs","212130102003","‘hŒ´‹g–ì’¬ŽO’š–Ú","35.415421","136.858333","0","3"
"21","Šò•ŒŒ§","21213","Še–±Œ´Žs","212130102004","‘hŒ´‹g–ì’¬Žl’š–Ú","35.417892","136.857249","0","3"
"21","Šò•ŒŒ§","21213","Še–±Œ´Žs","212130102005","‘hŒ´‹g–ì’¬ŒÜ’š–Ú","35.417861","136.854091","0","3"
"21","Šò•ŒŒ§","21213","Še–±Œ´Žs","212130103001","‘hŒ´˜ZŒ¬’¬ˆê’š–Ú","35.400222","136.867704","0","3"
"21","Šò•ŒŒ§","21213","Še–±Œ´Žs","212130103002","‘hŒ´˜ZŒ¬’¬“ñ’š–Ú","35.400481","136.865777","0","3"
"21","Šò•ŒŒ§","21213","Še–±Œ´Žs","212130103003","‘hŒ´˜ZŒ¬’¬ŽO’š–Ú","35.400503","136.863465","0","3"
"21","Šò•ŒŒ§","21213","Še–±Œ´Žs","212130103004","‘hŒ´˜ZŒ¬’¬Žl’š–Ú","35.400091","136.859753","0","3"
"21","Šò•ŒŒ§","21213","Še–±Œ´Žs","212130104001","‘hŒ´˜a‡’¬ˆê’š–Ú","35.416255","136.873432","0","3"
"21","Šò•ŒŒ§","21213","Še–±Œ´Žs","212130104002","‘hŒ´˜a‡’¬“ñ’š–Ú","35.416596","136.877715","0","3"
"21","Šò•ŒŒ§","21213","Še–±Œ´Žs","212130105001","‚Â‚Â‚¶‚ª‹uˆê’š–Ú","35.411640","136.929088","0","3"
"21","Šò•ŒŒ§","21213","Še–±Œ´Žs","212130105002","‚Â‚Â‚¶‚ª‹u“ñ’š–Ú","35.411444","136.931437","0","3"
"21","Šò•ŒŒ§","21213","Še–±Œ´Žs","212130105003","‚Â‚Â‚¶‚ª‹uŽO’š–Ú","35.411370","136.934075","0","3"
"21","Šò•ŒŒ§","21213","Še–±Œ´Žs","212130105004","‚Â‚Â‚¶‚ª‹uŽl’š–Ú","35.409575","136.930509","0","3"
"21","Šò•ŒŒ§","21213","Še–±Œ´Žs","212130105005","‚Â‚Â‚¶‚ª‹uŒÜ’š–Ú","35.409288","136.934246","0","3"
"21","Šò•ŒŒ§","21213","Še–±Œ´Žs","212130105006","‚Â‚Â‚¶‚ª‹u˜Z’š–Ú","35.407916","136.930296","0","3"
"21","Šò•ŒŒ§","21213","Še–±Œ´Žs","212130105007","‚Â‚Â‚¶‚ª‹uŽµ’š–Ú","35.407487","136.932553","0","3"
"21","Šò•ŒŒ§","21213","Še–±Œ´Žs","212130105008","‚Â‚Â‚¶‚ª‹u”ª’š–Ú","35.407524","136.935465","0","3"
"21","Šò•ŒŒ§","21213","Še–±Œ´Žs","212130106000","“ß‰ÁŒáÈ’¬","35.400232","136.838303","0","1"
"21","Šò•ŒŒ§","21213","Še–±Œ´Žs","212130107000","“ß‰Ár“c’¬","35.400995","136.819985","0","1"
"21","Šò•ŒŒ§","21213","Še–±Œ´Žs","212130108001","“ß‰Áˆ°Œ´’¬ˆê’š–Ú","35.417952","136.817470","0","3"
"21","Šò•ŒŒ§","21213","Še–±Œ´Žs","212130108002","“ß‰Áˆ°Œ´’¬“ñ’š–Ú","35.415830","136.816398","0","3"
"21","Šò•ŒŒ§","21213","Še–±Œ´Žs","212130109001","“ß‰ÁÎŽR’¬ˆê’š–Ú","35.407782","136.827246","0","3"
"21","Šò•ŒŒ§","21213","Še–±Œ´Žs","212130109002","“ß‰ÁÎŽR’¬“ñ’š–Ú","35.406308","136.827703","0","3"
"21","Šò•ŒŒ§","21213","Še–±Œ´Žs","212130110001","“ß‰ÁŠâ’n’¬ˆê’š–Ú","35.411671","136.816826","0","3"
"21","Šò•ŒŒ§","21213","Še–±Œ´Žs","212130110002","“ß‰ÁŠâ’n’¬“ñ’š–Ú","35.408725","136.817321","0","3"
"21","Šò•ŒŒ§","21213","Še–±Œ´Žs","212130110003","“ß‰ÁŠâ’n’¬ŽO’š–Ú","35.405470","136.816567","0","3"
"21","Šò•ŒŒ§","21213","Še–±Œ´Žs","212130111000","“ß‰Á‰™“c’¬","35.404452","136.844022","0","1"
"21","Šò•ŒŒ§","21213","Še–±Œ´Žs","212130112000","“ß‰Áî•½","35.421401","136.834792","0","1"
"21","Šò•ŒŒ§","21213","Še–±Œ´Žs","212130113000","“ß‰Á‘å’J’¬","35.401825","136.822896","0","1"
"21","Šò•ŒŒ§","21213","Še–±Œ´Žs","212130114000","“ß‰Á‘å“´","35.427862","136.832271","0","1"
"21","Šò•ŒŒ§","21213","Še–±Œ´Žs","212130115001","“ß‰ÁD“c’¬ˆê’š–Ú","35.399684","136.850221","0","3"
"21","Šò•ŒŒ§","21213","Še–±Œ´Žs","212130115002","“ß‰ÁD“c’¬“ñ’š–Ú","35.399692","136.851834","0","3"
"21","Šò•ŒŒ§","21213","Še–±Œ´Žs","212130116000","“ß‰ÁŒä‰®•~’¬","35.413909","136.836759","0","1"
"21","Šò•ŒŒ§","21213","Še–±Œ´Žs","212130117000","“ß‰ÁŒ“‹´’¬","35.404118","136.817803","0","1"
"21","Šò•ŒŒ§","21213","Še–±Œ´Žs","212130118001","“ß‰ÁŠžê’¬ˆê’š–Ú","35.393445","136.823823","0","3"
"21","Šò•ŒŒ§","21213","Še–±Œ´Žs","212130118002","“ß‰ÁŠžê’¬“ñ’š–Ú","35.392573","136.824105","0","3"
"21","Šò•ŒŒ§","21213","Še–±Œ´Žs","212130118003","“ß‰ÁŠžê’¬ŽO’š–Ú","35.391668","136.824396","0","3"
"21","Šò•ŒŒ§","21213","Še–±Œ´Žs","212130118004","“ß‰ÁŠžê’¬Žl’š–Ú","35.390702","136.824702","0","3"
"21","Šò•ŒŒ§","21213","Še–±Œ´Žs","212130118005","“ß‰ÁŠžê’¬ŒÜ’š–Ú","35.389956","136.824517","0","3"
"21","Šò•ŒŒ§","21213","Še–±Œ´Žs","212130119000","“ß‰Á•¿ŽR’¬","35.419911","136.823626","0","1"
"21","Šò•ŒŒ§","21213","Še–±Œ´Žs","212130120000","“ß‰ÁŠ¯—L’n–³”Ô’n","35.392002","136.867496","0","1"
"21","Šò•ŒŒ§","21213","Še–±Œ´Žs","212130121000","“ß‰Á–k‰h’¬","35.399027","136.839306","0","1"
"21","Šò•ŒŒ§","21213","Še–±Œ´Žs","212130122001","“ß‰Á–k“´’¬ˆê’š–Ú","35.427706","136.842325","0","3"
"21","Šò•ŒŒ§","21213","Še–±Œ´Žs","212130122002","“ß‰Á–k“´’¬“ñ’š–Ú","35.420861","136.841613","0","3"
"21","Šò•ŒŒ§","21213","Še–±Œ´Žs","212130123001","“ß‰Á‹Ë–ì’¬ˆê’š–Ú","35.425927","136.816867","0","3"
"21","Šò•ŒŒ§","21213","Še–±Œ´Žs","212130123002","“ß‰Á‹Ë–ì’¬“ñ’š–Ú","35.423560","136.816099","0","3"
"21","Šò•ŒŒ§","21213","Še–±Œ´Žs","212130123003","“ß‰Á‹Ë–ì’¬ŽO’š–Ú","35.421613","136.815994","0","3"
"21","Šò•ŒŒ§","21213","Še–±Œ´Žs","212130123004","“ß‰Á‹Ë–ì’¬Žl’š–Ú","35.420051","136.817288","0","3"
"21","Šò•ŒŒ§","21213","Še–±Œ´Žs","212130123005","“ß‰Á‹Ë–ì’¬ŒÜ’š–Ú","35.424961","136.820217","0","3"
"21","Šò•ŒŒ§","21213","Še–±Œ´Žs","212130123006","“ß‰Á‹Ë–ì’¬˜Z’š–Ú","35.421500","136.818635","0","3"
"21","Šò•ŒŒ§","21213","Še–±Œ´Žs","212130123007","“ß‰Á‹Ë–ì’¬Žµ’š–Ú","35.418142","136.819055","0","3"
"21","Šò•ŒŒ§","21213","Še–±Œ´Žs","212130123008","“ß‰Á‹Ë–ì’¬”ª’š–Ú","35.421529","136.821349","0","3"
"21","Šò•ŒŒ§","21213","Še–±Œ´Žs","212130123009","“ß‰Á‹Ë–ì’¬‹ã’š–Ú","35.418871","136.821265","0","3"
"21","Šò•ŒŒ§","21213","Še–±Œ´Žs","212130124000","“ß‰Á‹Ë–ìŠO“ñƒPŠ‘åŽš“ü‰ï’n","35.398185","136.859121","0","1"
"21","Šò•ŒŒ§","21213","Še–±Œ´Žs","212130125000","“ß‰Á“í’¬","35.396417","136.843301","0","1"
"21","Šò•ŒŒ§","21213","Še–±Œ´Žs","212130126000","“ß‰ÁŒÜ”½“c’¬","35.401347","136.816487","0","1"
"21","Šò•ŒŒ§","21213","Še–±Œ´Žs","212130127001","“ß‰Á‹Õ‚ª‹u’¬ˆê’š–Ú","35.416350","136.818975","0","3"
"21","Šò•ŒŒ§","21213","Še–±Œ´Žs","212130127002","“ß‰Á‹Õ‚ª‹u’¬“ñ’š–Ú","35.416440","136.820744","0","3"
"21","Šò•ŒŒ§","21213","Še–±Œ´Žs","212130127003","“ß‰Á‹Õ‚ª‹u’¬ŽO’š–Ú","35.416551","136.822342","0","3"
"21","Šò•ŒŒ§","21213","Še–±Œ´Žs","212130128000","“ß‰ÁK’¬","35.403968","136.832441","0","1"
"21","Šò•ŒŒ§","21213","Še–±Œ´Žs","212130129000","“ß‰Á‰h’¬","35.397844","136.839046","0","1"
"21","Šò•ŒŒ§","21213","Še–±Œ´Žs","212130130001","“ß‰Á÷’¬ˆê’š–Ú","35.398802","136.847805","0","3"
"21","Šò•ŒŒ§","21213","Še–±Œ´Žs","212130130002","“ß‰Á÷’¬“ñ’š–Ú","35.400695","136.847810","0","3"
"21","Šò•ŒŒ§","21213","Še–±Œ´Žs","212130130003","“ß‰Á÷’¬ŽO’š–Ú","35.403645","136.846111","0","3"
"21","Šò•ŒŒ§","21213","Še–±Œ´Žs","212130131000","“ß‰Áº“ì’¬","35.404199","136.853259","0","1"
"21","Šò•ŒŒ§","21213","Še–±Œ´Žs","212130132000","“ß‰ÁV‰Á”[’¬","35.397306","136.826220","0","1"
"21","Šò•ŒŒ§","21213","Še–±Œ´Žs","212130133000","“ß‰ÁV‰Á”[ŠO˜ZƒPŠ‘åŽš“ü‰ï’n","35.397088","136.851671","0","1"
"21","Šò•ŒŒ§","21213","Še–±Œ´Žs","212130134000","“ß‰Á_“c’¬","35.403741","136.820995","0","1"
"21","Šò•ŒŒ§","21213","Še–±Œ´Žs","212130135001","“ß‰ÁV“c’¬ˆê’š–Ú","35.404345","136.824929","0","3"
"21","Šò•ŒŒ§","21213","Še–±Œ´Žs","212130135002","“ß‰ÁV“c’¬“ñ’š–Ú","35.403648","136.828817","0","3"
"21","Šò•ŒŒ§","21213","Še–±Œ´Žs","212130136000","“ß‰ÁV“ß‰Á’¬","35.400068","136.833919","0","1"
"21","Šò•ŒŒ§","21213","Še–±Œ´Žs","212130137001","“ß‰ÁZ‹g’¬ˆê’š–Ú","35.397660","136.848765","0","3"
"21","Šò•ŒŒ§","21213","Še–±Œ´Žs","212130137002","“ß‰ÁZ‹g’¬“ñ’š–Ú","35.397781","136.850431","0","3"
"21","Šò•ŒŒ§","21213","Še–±Œ´Žs","212130137003","“ß‰ÁZ‹g’¬ŽO’š–Ú","35.397896","136.852005","0","3"
"21","Šò•ŒŒ§","21213","Še–±Œ´Žs","212130137004","“ß‰ÁZ‹g’¬Žl’š–Ú","35.398031","136.853627","0","3"
"21","Šò•ŒŒ§","21213","Še–±Œ´Žs","212130137005","“ß‰ÁZ‹g’¬ŒÜ’š–Ú","35.398146","136.855216","0","3"
"21","Šò•ŒŒ§","21213","Še–±Œ´Žs","212130138000","“ß‰Á‘å“Œ’¬","35.396271","136.846086","0","1"
"21","Šò•ŒŒ§","21213","Še–±Œ´Žs","212130139001","“ß‰Á‘¾•½’¬ˆê’š–Ú","35.401717","136.831453","0","3"
"21","Šò•ŒŒ§","21213","Še–±Œ´Žs","212130139002","“ß‰Á‘¾•½’¬“ñ’š–Ú","35.402013","136.833489","0","3"
"21","Šò•ŒŒ§","21213","Še–±Œ´Žs","212130140001","“ß‰Á‘å–å’¬ˆê’š–Ú","35.399029","136.816176","0","3"
"21","Šò•ŒŒ§","21213","Še–±Œ´Žs","212130140002","“ß‰Á‘å–å’¬“ñ’š–Ú","35.399029","136.819921","0","3"
"21","Šò•ŒŒ§","21213","Še–±Œ´Žs","212130141000","“ß‰ÁŽè—Í’¬","35.408764","136.824905","0","1"
"21","Šò•ŒŒ§","21213","Še–±Œ´Žs","212130142000","“ß‰Á“ŒˆŸ’¬","35.402390","136.837667","0","1"
"21","Šò•ŒŒ§","21213","Še–±Œ´Žs","212130143001","“ß‰Á“ŒV’¬ˆê’š–Ú","35.401394","136.852261","0","3"
"21","Šò•ŒŒ§","21213","Še–±Œ´Žs","212130143002","“ß‰Á“ŒV’¬“ñ’š–Ú","35.401734","136.855708","0","3"
"21","Šò•ŒŒ§","21213","Še–±Œ´Žs","212130144001","“ß‰Á“yŽR’¬ˆê’š–Ú","35.416011","136.817671","0","3"
"21","Šò•ŒŒ§","21213","Še–±Œ´Žs","212130144002","“ß‰Á“yŽR’¬“ñ’š–Ú","35.413266","136.818115","0","3"
"21","Šò•ŒŒ§","21213","Še–±Œ´Žs","212130145001","“ß‰Á’·’Ë’¬ˆê’š–Ú","35.407056","136.820215","0","3"
"21","Šò•ŒŒ§","21213","Še–±Œ´Žs","212130145002","“ß‰Á’·’Ë’¬“ñ’š–Ú","35.406496","136.822523","0","3"
"21","Šò•ŒŒ§","21213","Še–±Œ´Žs","212130145003","“ß‰Á’·’Ë’¬ŽO’š–Ú","35.406761","136.824866","0","3"
"21","Šò•ŒŒ§","21213","Še–±Œ´Žs","212130146001","“ß‰Á¼Žsê’¬ˆê’š–Ú","35.414335","136.821319","0","3"
"21","Šò•ŒŒ§","21213","Še–±Œ´Žs","212130146002","“ß‰Á¼Žsê’¬“ñ’š–Ú","35.413281","136.824207","0","3"
"21","Šò•ŒŒ§","21213","Še–±Œ´Žs","212130146003","“ß‰Á¼Žsê’¬ŽO’š–Ú","35.413520","136.826067","0","3"
"21","Šò•ŒŒ§","21213","Še–±Œ´Žs","212130146004","“ß‰Á¼Žsê’¬Žl’š–Ú","35.418341","136.826341","0","3"
"21","Šò•ŒŒ§","21213","Še–±Œ´Žs","212130146005","“ß‰Á¼Žsê’¬ŒÜ’š–Ú","35.413618","136.828732","0","3"
"21","Šò•ŒŒ§","21213","Še–±Œ´Žs","212130146006","“ß‰Á¼Žsê’¬˜Z’š–Ú","35.410149","136.828441","0","3"
"21","Šò•ŒŒ§","21213","Še–±Œ´Žs","212130146007","“ß‰Á¼Žsê’¬Žµ’š–Ú","35.417739","136.832848","0","3"
"21","Šò•ŒŒ§","21213","Še–±Œ´Žs","212130147001","“ß‰Á¼‰Y’¬ˆê’š–Ú","35.395448","136.816102","0","3"
"21","Šò•ŒŒ§","21213","Še–±Œ´Žs","212130147002","“ß‰Á¼‰Y’¬“ñ’š–Ú","35.396599","136.817663","0","3"
"21","Šò•ŒŒ§","21213","Še–±Œ´Žs","212130147003","“ß‰Á¼‰Y’¬ŽO’š–Ú","35.396649","136.818992","0","3"
"21","Šò•ŒŒ§","21213","Še–±Œ´Žs","212130148000","“ß‰Á¼“ß‰Á’¬","35.397196","136.834703","0","1"
"21","Šò•ŒŒ§","21213","Še–±Œ´Žs","212130149000","“ß‰Á¼–ì’¬","35.398849","136.832660","0","1"
"21","Šò•ŒŒ§","21213","Še–±Œ´Žs","212130150001","“ß‰Á“úV’¬ˆê’š–Ú","35.394211","136.815080","0","3"
"21","Šò•ŒŒ§","21213","Še–±Œ´Žs","212130150002","“ß‰Á“úV’¬“ñ’š–Ú","35.394508","136.817402","0","3"
"21","Šò•ŒŒ§","21213","Še–±Œ´Žs","212130150003","“ß‰Á“úV’¬ŽO’š–Ú","35.395463","136.822277","0","3"
"21","Šò•ŒŒ§","21213","Še–±Œ´Žs","212130150004","“ß‰Á“úV’¬Žl’š–Ú","35.393086","136.815464","0","3"
"21","Šò•ŒŒ§","21213","Še–±Œ´Žs","212130150005","“ß‰Á“úV’¬ŒÜ’š–Ú","35.393494","136.817840","0","3"
"21","Šò•ŒŒ§","21213","Še–±Œ´Žs","212130150006","“ß‰Á“úV’¬˜Z’š–Ú","35.394034","136.820252","0","3"
"21","Šò•ŒŒ§","21213","Še–±Œ´Žs","212130150007","“ß‰Á“úV’¬Žµ’š–Ú","35.394612","136.823078","0","3"
"21","Šò•ŒŒ§","21213","Še–±Œ´Žs","212130150008","“ß‰Á“úV’¬”ª’š–Ú","35.394994","136.826465","0","3"
"21","Šò•ŒŒ§","21213","Še–±Œ´Žs","212130151001","“ß‰Á–ì”¨’¬ˆê’š–Ú","35.407737","136.830941","0","3"
"21","Šò•ŒŒ§","21213","Še–±Œ´Žs","212130151002","“ß‰Á–ì”¨’¬“ñ’š–Ú","35.405974","136.831117","0","3"
"21","Šò•ŒŒ§","21213","Še–±Œ´Žs","212130152001","“ß‰ÁM’·’¬ˆê’š–Ú","35.399756","136.853451","0","3"
"21","Šò•ŒŒ§","21213","Še–±Œ´Žs","212130152002","“ß‰ÁM’·’¬“ñ’š–Ú","35.399782","136.855014","0","3"
"21","Šò•ŒŒ§","21213","Še–±Œ´Žs","212130152003","“ß‰ÁM’·’¬ŽO’š–Ú","35.399885","136.856549","0","3"
"21","Šò•ŒŒ§","21213","Še–±Œ´Žs","212130153000","“ß‰Á‹Ð‰º’¬","35.409418","136.845839","0","1"
"21","Šò•ŒŒ§","21213","Še–±Œ´Žs","212130154001","“ß‰Á•lŒ©’¬ˆê’š–Ú","35.401394","136.824654","0","3"
"21","Šò•ŒŒ§","21213","Še–±Œ´Žs","212130154002","“ß‰Á•lŒ©’¬“ñ’š–Ú","35.401743","136.827083","0","3"
"21","Šò•ŒŒ§","21213","Še–±Œ´Žs","212130155000","“ß‰Á“Œ“ß‰Á’¬","35.397265","136.837162","0","1"
"21","Šò•ŒŒ§","21213","Še–±Œ´Žs","212130156001","“ß‰Á“Œ–ì’¬ˆê’š–Ú","35.413811","136.839602","0","3"
"21","Šò•ŒŒ§","21213","Še–±Œ´Žs","212130156002","“ß‰Á“Œ–ì’¬“ñ’š–Ú","35.414401","136.842288","0","3"
"21","Šò•ŒŒ§","21213","Še–±Œ´Žs","212130157000","“ß‰Á“ú”Vo’¬","35.398827","136.836933","0","1"
"21","Šò•ŒŒ§","21213","Še–±Œ´Žs","212130158000","“ß‰Á‰_’¬","35.402308","136.844459","0","1"
"21","Šò•ŒŒ§","21213","Še–±Œ´Žs","212130159001","“ß‰Á“ú‹g’¬ˆê’š–Ú","35.398653","136.828516","0","3"
"21","Šò•ŒŒ§","21213","Še–±Œ´Žs","212130159002","“ß‰Á“ú‹g’¬“ñ’š–Ú","35.398730","136.829932","0","3"
"21","Šò•ŒŒ§","21213","Še–±Œ´Žs","212130160001","“ß‰Á•s“®‹uˆê’š–Ú","35.406649","136.845540","0","3"
"21","Šò•ŒŒ§","21213","Še–±Œ´Žs","212130160002","“ß‰Á•s“®‹u“ñ’š–Ú","35.406620","136.848848","0","3"
"21","Šò•ŒŒ§","21213","Še–±Œ´Žs","212130161000","“ß‰Á–{’¬","35.399212","136.835904","0","1"
"21","Šò•ŒŒ§","21213","Še–±Œ´Žs","212130162001","“ß‰Á‘O–ì’¬ˆê’š–Ú","35.410502","136.833085","0","3"
"21","Šò•ŒŒ§","21213","Še–±Œ´Žs","212130162002","“ß‰Á‘O–ì’¬“ñ’š–Ú","35.410218","136.836938","0","3"
"21","Šò•ŒŒ§","21213","Še–±Œ´Žs","212130162003","“ß‰Á‘O–ì’¬ŽO’š–Ú","35.407678","136.833903","0","3"
"21","Šò•ŒŒ§","21213","Še–±Œ´Žs","212130162004","“ß‰Á‘O–ì’¬Žl’š–Ú","35.407365","136.836423","0","3"
"21","Šò•ŒŒ§","21213","Še–±Œ´Žs","212130163001","“ß‰Á‘O“´V’¬ˆê’š–Ú","35.404841","136.835320","0","3"
"21","Šò•ŒŒ§","21213","Še–±Œ´Žs","212130163002","“ß‰Á‘O“´V’¬“ñ’š–Ú","35.403809","136.839984","0","3"
"21","Šò•ŒŒ§","21213","Še–±Œ´Žs","212130163003","“ß‰Á‘O“´V’¬ŽO’š–Ú","35.405508","136.840240","0","3"
"21","Šò•ŒŒ§","21213","Še–±Œ´Žs","212130163004","“ß‰Á‘O“´V’¬Žl’š–Ú","35.408127","136.841101","0","3"
"21","Šò•ŒŒ§","21213","Še–±Œ´Žs","212130163005","“ß‰Á‘O“´V’¬ŒÜ’š–Ú","35.410583","136.841140","0","3"
"21","Šò•ŒŒ§","21213","Še–±Œ´Žs","212130164001","“ß‰Á—Î’¬ˆê’š–Ú","35.392205","136.817784","0","3"
"21","Šò•ŒŒ§","21213","Še–±Œ´Žs","212130164002","“ß‰Á—Î’¬“ñ’š–Ú","35.391503","136.818534","0","3"
"21","Šò•ŒŒ§","21213","Še–±Œ´Žs","212130164003","“ß‰Á—Î’¬ŽO’š–Ú","35.392858","136.820980","0","3"
"21","Šò•ŒŒ§","21213","Še–±Œ´Žs","212130164004","“ß‰Á—Î’¬Žl’š–Ú","35.391644","136.821382","0","3"
"21","Šò•ŒŒ§","21213","Še–±Œ´Žs","212130164005","“ß‰Á—Î’¬ŒÜ’š–Ú","35.390721","136.822437","0","3"
"21","Šò•ŒŒ§","21213","Še–±Œ´Žs","212130165000","“ß‰Á“ì‰h’¬","35.396594","136.838877","0","1"
"21","Šò•ŒŒ§","21213","Še–±Œ´Žs","212130166000","“ß‰Á‹{‰Y’¬","35.401047","136.829153","0","1"
"21","Šò•ŒŒ§","21213","Še–±Œ´Žs","212130167000","“ß‰ÁŒ³’¬","35.398951","136.838103","0","1"
"21","Šò•ŒŒ§","21213","Še–±Œ´Žs","212130168001","“ß‰Á–å‘O’¬ˆê’š–Ú","35.398315","136.840533","0","3"
"21","Šò•ŒŒ§","21213","Še–±Œ´Žs","212130168002","“ß‰Á–å‘O’¬“ñ’š–Ú","35.398014","136.843603","0","3"
"21","Šò•ŒŒ§","21213","Še–±Œ´Žs","212130168003","“ß‰Á–å‘O’¬ŽO’š–Ú","35.399363","136.843506","0","3"
"21","Šò•ŒŒ§","21213","Še–±Œ´Žs","212130168004","“ß‰Á–å‘O’¬Žl’š–Ú","35.400842","136.843345","0","3"
"21","Šò•ŒŒ§","21213","Še–±Œ´Žs","212130169001","“ß‰ÁŽRŒã’¬ˆê’š–Ú","35.410129","136.819861","0","3"
"21","Šò•ŒŒ§","21213","Še–±Œ´Žs","212130169002","“ß‰ÁŽRŒã’¬“ñ’š–Ú","35.411813","136.821813","0","3"
"21","Šò•ŒŒ§","21213","Še–±Œ´Žs","212130169003","“ß‰ÁŽRŒã’¬ŽO’š–Ú","35.409940","136.824570","0","3"
"21","Šò•ŒŒ§","21213","Še–±Œ´Žs","212130170000","“ß‰ÁŽRè’¬","35.418327","136.840335","0","1"
"21","Šò•ŒŒ§","21213","Še–±Œ´Žs","212130171001","“ß‰ÁŽR‰º’¬ˆê’š–Ú","35.413622","136.831658","0","3"
"21","Šò•ŒŒ§","21213","Še–±Œ´Žs","212130171002","“ß‰ÁŽR‰º’¬“ñ’š–Ú","35.413703","136.833994","0","3"
"21","Šò•ŒŒ§","21213","Še–±Œ´Žs","212130172000","“ß‰Á—Y”òƒP‹u’¬","35.403548","136.850505","0","1"
"21","Šò•ŒŒ§","21213","Še–±Œ´Žs","212130173000","“ß‰ÁŠy“V’n’¬","35.398719","136.835164","0","1"
"21","Šò•ŒŒ§","21213","Še–±Œ´Žs","212130174001","¬´’¬ˆê’š–Ú","35.385234","136.823676","0","3"
"21","Šò•ŒŒ§","21213","Še–±Œ´Žs","212130174002","¬´’¬“ñ’š–Ú","35.385340","136.826547","0","3"
"21","Šò•ŒŒ§","21213","Še–±Œ´Žs","212130174003","¬´’¬ŽO’š–Ú","35.385160","136.829441","0","3"
"21","Šò•ŒŒ§","21213","Še–±Œ´Žs","212130174004","¬´’¬Žl’š–Ú","35.384372","136.830906","0","3"
"21","Šò•ŒŒ§","21213","Še–±Œ´Žs","212130174005","¬´’¬ŒÜ’š–Ú","35.383375","136.823131","0","3"
"21","Šò•ŒŒ§","21213","Še–±Œ´Žs","212130174006","¬´’¬˜Z’š–Ú","35.382933","136.826243","0","3"
"21","Šò•ŒŒ§","21213","Še–±Œ´Žs","212130174007","¬´’¬Žµ’š–Ú","35.382553","136.829652","0","3"
"21","Šò•ŒŒ§","21213","Še–±Œ´Žs","212130175001","“ü‰ï’¬ˆê’š–Ú","35.407834","136.851686","0","3"
"21","Šò•ŒŒ§","21213","Še–±Œ´Žs","212130175002","“ü‰ï’¬“ñ’š–Ú","35.406646","136.851844","0","3"
"21","Šò•ŒŒ§","21213","Še–±Œ´Žs","212130175003","“ü‰ï’¬ŽO’š–Ú","35.405492","136.852097","0","3"
"21","Šò•ŒŒ§","21213","Še–±Œ´Žs","212130175004","“ü‰ï’¬Žl’š–Ú","35.406333","136.853778","0","3"
"21","Šò•ŒŒ§","21213","Še–±Œ´Žs","212130176001","‘O“n–k’¬ˆê’š–Ú","35.388400","136.873588","0","3"
"21","Šò•ŒŒ§","21213","Še–±Œ´Žs","212130176002","‘O“n–k’¬“ñ’š–Ú","35.387927","136.875988","0","3"
"21","Šò•ŒŒ§","21213","Še–±Œ´Žs","212130176003","‘O“n–k’¬ŽO’š–Ú","35.388154","136.878346","0","3"
"21","Šò•ŒŒ§","21213","Še–±Œ´Žs","212130176004","‘O“n–k’¬Žl’š–Ú","35.387832","136.880610","0","3"
"21","Šò•ŒŒ§","21213","Še–±Œ´Žs","212130177000","‘O“n¼’¬","35.379708","136.873256","0","1"
"21","Šò•ŒŒ§","21213","Še–±Œ´Žs","212130178001","‘O“n¼’¬ˆê’š–Ú","35.384705","136.870397","0","3"
"21","Šò•ŒŒ§","21213","Še–±Œ´Žs","212130178002","‘O“n¼’¬“ñ’š–Ú","35.384487","136.871777","0","3"
"21","Šò•ŒŒ§","21213","Še–±Œ´Žs","212130178003","‘O“n¼’¬ŽO’š–Ú","35.384438","136.873260","0","3"
"21","Šò•ŒŒ§","21213","Še–±Œ´Žs","212130178004","‘O“n¼’¬Žl’š–Ú","35.384353","136.874812","0","3"
"21","Šò•ŒŒ§","21213","Še–±Œ´Žs","212130178005","‘O“n¼’¬ŒÜ’š–Ú","35.384205","136.876126","0","3"
"21","Šò•ŒŒ§","21213","Še–±Œ´Žs","212130178006","‘O“n¼’¬˜Z’š–Ú","35.386191","136.878067","0","3"
"21","Šò•ŒŒ§","21213","Še–±Œ´Žs","212130178007","‘O“n¼’¬Žµ’š–Ú","35.386045","136.875151","0","3"
"21","Šò•ŒŒ§","21213","Še–±Œ´Žs","212130178008","‘O“n¼’¬”ª’š–Ú","35.385878","136.871574","0","3"
"21","Šò•ŒŒ§","21213","Še–±Œ´Žs","212130178009","‘O“n¼’¬‹ã’š–Ú","35.386213","136.867757","0","3"
"21","Šò•ŒŒ§","21213","Še–±Œ´Žs","212130178010","‘O“n¼’¬\’š–Ú","35.388268","136.865108","0","3"
"21","Šò•ŒŒ§","21213","Še–±Œ´Žs","212130178011","‘O“n¼’¬\ˆê’š–Ú","35.388114","136.867883","0","3"
"21","Šò•ŒŒ§","21213","Še–±Œ´Žs","212130178012","‘O“n¼’¬\“ñ’š–Ú","35.387800","136.871534","0","3"
"21","Šò•ŒŒ§","21213","Še–±Œ´Žs","212130179000","‘O“n“Œ’¬","35.381101","136.880306","0","1"
"21","Šò•ŒŒ§","21213","Še–±Œ´Žs","212130180001","‘O“n“Œ’¬ˆê’š–Ú","35.387864","136.883589","0","3"
"21","Šò•ŒŒ§","21213","Še–±Œ´Žs","212130180002","‘O“n“Œ’¬“ñ’š–Ú","35.387743","136.887003","0","3"
"21","Šò•ŒŒ§","21213","Še–±Œ´Žs","212130180003","‘O“n“Œ’¬ŽO’š–Ú","35.384701","136.884872","0","3"
"21","Šò•ŒŒ§","21213","Še–±Œ´Žs","212130180004","‘O“n“Œ’¬Žl’š–Ú","35.380967","136.884310","0","3"
"21","Šò•ŒŒ§","21213","Še–±Œ´Žs","212130180005","‘O“n“Œ’¬ŒÜ’š–Ú","35.388031","136.890986","0","3"
"21","Šò•ŒŒ§","21213","Še–±Œ´Žs","212130180006","‘O“n“Œ’¬˜Z’š–Ú","35.387087","136.895275","0","3"
"21","Šò•ŒŒ§","21213","Še–±Œ´Žs","212130180007","‘O“n“Œ’¬Žµ’š–Ú","35.381902","136.888047","0","3"
"21","Šò•ŒŒ§","21213","Še–±Œ´Žs","212130180008","‘O“n“Œ’¬”ª’š–Ú","35.381968","136.892099","0","3"
"21","Šò•ŒŒ§","21213","Še–±Œ´Žs","212130180009","‘O“n“Œ’¬‹ã’š–Ú","35.381445","136.897493","0","3"
"21","Šò•ŒŒ§","21213","Še–±Œ´Žs","212130181000","¼‚ª‹u","35.411223","136.922680","0","1"
"21","Šò•ŒŒ§","21213","Še–±Œ´Žs","212130182001","¼‚ª‹uˆê’š–Ú","35.408301","136.917957","0","3"
"21","Šò•ŒŒ§","21213","Še–±Œ´Žs","212130182002","¼‚ª‹u“ñ’š–Ú","35.409033","136.921760","0","3"
"21","Šò•ŒŒ§","21213","Še–±Œ´Žs","212130182003","¼‚ª‹uŽO’š–Ú","35.410050","136.924751","0","3"
"21","Šò•ŒŒ§","21213","Še–±Œ´Žs","212130182004","¼‚ª‹uŽl’š–Ú","35.409001","136.926144","0","3"
"21","Šò•ŒŒ§","21213","Še–±Œ´Žs","212130182005","¼‚ª‹uŒÜ’š–Ú","35.408975","136.928212","0","3"
"21","Šò•ŒŒ§","21213","Še–±Œ´Žs","212130182006","¼‚ª‹u˜Z’š–Ú","35.407339","136.925953","0","3"
"21","Šò•ŒŒ§","21213","Še–±Œ´Žs","212130182007","¼‚ª‹uŽµ’š–Ú","35.407142","136.927965","0","3"
"21","Šò•ŒŒ§","21213","Še–±Œ´Žs","212130183000","¼–{’¬","35.375450","136.860732","0","1"
"21","Šò•ŒŒ§","21213","Še–±Œ´Žs","212130184001","¼–{’¬ˆê’š–Ú","35.378423","136.859223","0","3"
"21","Šò•ŒŒ§","21213","Še–±Œ´Žs","212130184002","¼–{’¬“ñ’š–Ú","35.379624","136.862589","0","3"
"21","Šò•ŒŒ§","21213","Še–±Œ´Žs","212130185001","ŽOˆä–k’¬ˆê’š–Ú","35.396091","136.835546","0","3"
"21","Šò•ŒŒ§","21213","Še–±Œ´Žs","212130185002","ŽOˆä–k’¬“ñ’š–Ú","35.394804","136.838258","0","3"
"21","Šò•ŒŒ§","21213","Še–±Œ´Žs","212130185003","ŽOˆä–k’¬ŽO’š–Ú","35.394790","136.840403","0","3"
"21","Šò•ŒŒ§","21213","Še–±Œ´Žs","212130186001","ŽOˆä’¬ˆê’š–Ú","35.394882","136.834701","0","3"
"21","Šò•ŒŒ§","21213","Še–±Œ´Žs","212130186002","ŽOˆä’¬“ñ’š–Ú","35.392711","136.835641","0","3"
"21","Šò•ŒŒ§","21213","Še–±Œ´Žs","212130186003","ŽOˆä’¬ŽO’š–Ú","35.390361","136.836111","0","3"
"21","Šò•ŒŒ§","21213","Še–±Œ´Žs","212130186004","ŽOˆä’¬Žl’š–Ú","35.391604","136.840107","0","3"
"21","Šò•ŒŒ§","21213","Še–±Œ´Žs","212130186005","ŽOˆä’¬ŒÜ’š–Ú","35.389129","136.840253","0","3"
"21","Šò•ŒŒ§","21213","Še–±Œ´Žs","212130186006","ŽOˆä’¬˜Z’š–Ú","35.386769","136.841483","0","3"
"21","Šò•ŒŒ§","21213","Še–±Œ´Žs","212130187001","ŽOˆä“Œ’¬ˆê’š–Ú","35.394134","136.843367","0","3"
"21","Šò•ŒŒ§","21213","Še–±Œ´Žs","212130187002","ŽOˆä“Œ’¬“ñ’š–Ú","35.394875","136.846803","0","3"
"21","Šò•ŒŒ§","21213","Še–±Œ´Žs","212130187003","ŽOˆä“Œ’¬ŽO’š–Ú","35.391381","136.845495","0","3"
"21","Šò•ŒŒ§","21213","Še–±Œ´Žs","212130187004","ŽOˆä“Œ’¬Žl’š–Ú","35.389411","136.844947","0","3"
"21","Šò•ŒŒ§","21213","Še–±Œ´Žs","212130188001","ŽOˆäŽR’¬ˆê’š–Ú","35.388091","136.845559","0","3"
"21","Šò•ŒŒ§","21213","Še–±Œ´Žs","212130188002","ŽOˆäŽR’¬“ñ’š–Ú","35.386639","136.845817","0","3"
"21","Šò•ŒŒ§","21213","Še–±Œ´Žs","212130189000","”ª–ØŽR","35.413923","136.931102","0","1"
"21","Šò•ŒŒ§","21213","Še–±Œ´Žs","212130190000","ŽR˜e’¬","35.383754","136.854206","0","1"
"21","Šò•ŒŒ§","21213","Še–±Œ´Žs","212130191001","ŽR˜e’¬ˆê’š–Ú","35.384606","136.861026","0","3"
"21","Šò•ŒŒ§","21213","Še–±Œ´Žs","212130191002","ŽR˜e’¬“ñ’š–Ú","35.383164","136.862175","0","3"
"21","Šò•ŒŒ§","21213","Še–±Œ´Žs","212130191003","ŽR˜e’¬ŽO’š–Ú","35.383307","136.859825","0","3"
"21","Šò•ŒŒ§","21213","Še–±Œ´Žs","212130191004","ŽR˜e’¬Žl’š–Ú","35.381962","136.861268","0","3"
"21","Šò•ŒŒ§","21213","Še–±Œ´Žs","212130191005","ŽR˜e’¬ŒÜ’š–Ú","35.381118","136.858635","0","3"
"21","Šò•ŒŒ§","21213","Še–±Œ´Žs","212130191006","ŽR˜e’¬˜Z’š–Ú","35.381803","136.854752","0","3"
"21","Šò•ŒŒ§","21213","Še–±Œ´Žs","212130191007","ŽR˜e’¬Žµ’š–Ú","35.383583","136.856451","0","3"
"21","Šò•ŒŒ§","21213","Še–±Œ´Žs","212130192001","—Î‰‘–kˆê’š–Ú","35.416745","136.946533","0","3"
"21","Šò•ŒŒ§","21213","Še–±Œ´Žs","212130192002","—Î‰‘–k“ñ’š–Ú","35.415667","136.948516","0","3"
"21","Šò•ŒŒ§","21213","Še–±Œ´Žs","212130192003","—Î‰‘–kŽO’š–Ú","35.417248","136.949867","0","3"
"21","Šò•ŒŒ§","21213","Še–±Œ´Žs","212130193001","—Î‰‘’†ˆê’š–Ú","35.412246","136.945754","0","3"
"21","Šò•ŒŒ§","21213","Še–±Œ´Žs","212130193002","—Î‰‘’†“ñ’š–Ú","35.413059","136.947990","0","3"
"21","Šò•ŒŒ§","21213","Še–±Œ´Žs","212130193003","—Î‰‘’†ŽO’š–Ú","35.410340","136.946208","0","3"
"21","Šò•ŒŒ§","21213","Še–±Œ´Žs","212130194001","—Î‰‘¼ˆê’š–Ú","35.414577","136.943210","0","3"
"21","Šò•ŒŒ§","21213","Še–±Œ´Žs","212130194002","—Î‰‘¼“ñ’š–Ú","35.414206","136.945133","0","3"
"21","Šò•ŒŒ§","21213","Še–±Œ´Žs","212130194003","—Î‰‘¼ŽO’š–Ú","35.411933","136.942529","0","3"
"21","Šò•ŒŒ§","21213","Še–±Œ´Žs","212130194004","—Î‰‘¼Žl’š–Ú","35.411629","136.944066","0","3"
"21","Šò•ŒŒ§","21213","Še–±Œ´Žs","212130195001","—Î‰‘“Œˆê’š–Ú","35.414754","136.951017","0","3"
"21","Šò•ŒŒ§","21213","Še–±Œ´Žs","212130195002","—Î‰‘“Œ“ñ’š–Ú","35.412694","136.951248","0","3"
"21","Šò•ŒŒ§","21213","Še–±Œ´Žs","212130195003","—Î‰‘“ŒŽO’š–Ú","35.412675","136.949420","0","3"
"21","Šò•ŒŒ§","21213","Še–±Œ´Žs","212130195004","—Î‰‘“ŒŽl’š–Ú","35.410753","136.949321","0","3"
"21","Šò•ŒŒ§","21213","Še–±Œ´Žs","212130196001","—Î‰‘“ìˆê’š–Ú","35.409495","136.944128","0","3"
"21","Šò•ŒŒ§","21213","Še–±Œ´Žs","212130196002","—Î‰‘“ì“ñ’š–Ú","35.408323","136.941173","0","3"
"21","Šò•ŒŒ§","21213","Še–±Œ´Žs","212130196003","—Î‰‘“ìŽO’š–Ú","35.408180","136.943086","0","3"
"21","Šò•ŒŒ§","21213","Še–±Œ´Žs","212130196004","—Î‰‘“ìŽl’š–Ú","35.409588","136.940056","0","3"
"21","Šò•ŒŒ§","21213","Še–±Œ´Žs","212130197001","“ŒŽRˆê’š–Ú","35.432365","136.880897","0","3"
"21","Šò•ŒŒ§","21213","Še–±Œ´Žs","212130197002","“ŒŽR“ñ’š–Ú","35.431316","136.882728","0","3"
"21","Šò•ŒŒ§","21213","Še–±Œ´Žs","212130197003","“ŒŽRŽO’š–Ú","35.433549","136.881375","0","3"
"21","Šò•ŒŒ§","21213","Še–±Œ´Žs","212130197004","“ŒŽRŽl’š–Ú","35.432243","136.883880","0","3"
"21","Šò•ŒŒ§","21213","Še–±Œ´Žs","212130197005","“ŒŽRŒÜ’š–Ú","35.434042","136.882920","0","3"
"21","Šò•ŒŒ§","21213","Še–±Œ´Žs","212130198001","ƒeƒNƒmƒvƒ‰ƒUˆê’š–Ú","35.426487","136.890370","0","3"
"21","Šò•ŒŒ§","21213","Še–±Œ´Žs","212130198002","ƒeƒNƒmƒvƒ‰ƒU“ñ’š–Ú","35.422061","136.889215","0","3"
"21","Šò•ŒŒ§","21213","Še–±Œ´Žs","212130198003","ƒeƒNƒmƒvƒ‰ƒUŽO’š–Ú","35.423618","136.894337","0","3"
"21","Šò•ŒŒ§","21213","Še–±Œ´Žs","212130198004","ƒeƒNƒmƒvƒ‰ƒUŽl’š–Ú","35.429502","136.885325","0","3"
"21","Šò•ŒŒ§","21213","Še–±Œ´Žs","212130199001","Še–±ŽRˆê’š–Ú","35.408667","136.888093","1","3"
"21","Šò•ŒŒ§","21214","‰ÂŽ™Žs","212140059000","‚ ‚¯‚¿","35.432437","137.094497","1","2"
"21","Šò•ŒŒ§","21214","‰ÂŽ™Žs","212140051001 ","‚Ý‚¸‚«ƒP‹uˆê’š–Ú","35.398112","137.055513","0","3"
"21","Šò•ŒŒ§","21214","‰ÂŽ™Žs","212140051002 ","‚Ý‚¸‚«ƒP‹u“ñ’š–Ú","35.396178","137.052976","0","3"
"21","Šò•ŒŒ§","21214","‰ÂŽ™Žs","212140051003 ","‚Ý‚¸‚«ƒP‹uŽO’š–Ú","35.396644","137.056772","0","3"
"21","Šò•ŒŒ§","21214","‰ÂŽ™Žs","212140051004 ","‚Ý‚¸‚«ƒP‹uŽl’š–Ú","35.395191","137.054188","0","3"
"21","Šò•ŒŒ§","21214","‰ÂŽ™Žs","212140001001 ","ˆ¤ŠòƒP‹uˆê’š–Ú","35.394266","137.014561","0","3"
"21","Šò•ŒŒ§","21214","‰ÂŽ™Žs","212140001002 ","ˆ¤ŠòƒP‹u“ñ’š–Ú","35.397571","137.015598","0","3"
"21","Šò•ŒŒ§","21214","‰ÂŽ™Žs","212140001003 ","ˆ¤ŠòƒP‹uŽO’š–Ú","35.396186","137.019430","0","3"
"21","Šò•ŒŒ§","21214","‰ÂŽ™Žs","212140001004 ","ˆ¤ŠòƒP‹uŽl’š–Ú","35.395656","137.016670","0","3"
"21","Šò•ŒŒ§","21214","‰ÂŽ™Žs","212140001005 ","ˆ¤ŠòƒP‹uŒÜ’š–Ú","35.393836","137.017718","0","3"
"21","Šò•ŒŒ§","21214","‰ÂŽ™Žs","212140038000 ","‰Hè","35.415258","137.081951","0","1"
"21","Šò•ŒŒ§","21214","‰ÂŽ™Žs","212140040001 ","‰H¶ƒP‹uˆê’š–Ú","35.417194","137.088179","0","3"
"21","Šò•ŒŒ§","21214","‰ÂŽ™Žs","212140040002 ","‰H¶ƒP‹u“ñ’š–Ú","35.418253","137.090504","0","3"
"21","Šò•ŒŒ§","21214","‰ÂŽ™Žs","212140040003 ","‰H¶ƒP‹uŽO’š–Ú","35.418363","137.087539","0","3"
"21","Šò•ŒŒ§","21214","‰ÂŽ™Žs","212140040004 ","‰H¶ƒP‹uŽl’š–Ú","35.419633","137.085722","0","3"
"21","Šò•ŒŒ§","21214","‰ÂŽ™Žs","212140040005 ","‰H¶ƒP‹uŒÜ’š–Ú","35.418895","137.083813","0","3"
"21","Šò•ŒŒ§","21214","‰ÂŽ™Žs","212140021000 ","‰–","35.411835","137.025429","0","1"
"21","Šò•ŒŒ§","21214","‰ÂŽ™Žs","212140026000 ","‰–‰Í","35.384486","137.039475","0","1"
"21","Šò•ŒŒ§","21214","‰ÂŽ™Žs","212140023000 ","‰ºŒb“y","35.424705","137.049131","0","1"
"21","Šò•ŒŒ§","21214","‰ÂŽ™Žs","212140058001 ","‰ºŒb“yˆê’š–Ú","35.423379","137.056411","1","3"
"21","Šò•ŒŒ§","21214","‰ÂŽ™Žs","212140058002 ","‰ºŒb“y“ñ’š–Ú","35.420901","137.056370","1","3"
"21","Šò•ŒŒ§","21214","‰ÂŽ™Žs","212140024000 ","‰ºØ","35.401694","137.057969","0","1"
"21","Šò•ŒŒ§","21214","‰ÂŽ™Žs","212140025000 ","‰ºØ’J”—ŠÔ“ü‰ï","35.399502","137.046815","0","1"
"21","Šò•ŒŒ§","21214","‰ÂŽ™Žs","212140008000 ","Š`‰º","35.397478","137.101934","0","1"
"21","Šò•ŒŒ§","21214","‰ÂŽ™Žs","212140009000 ","Š`“c","35.429701","137.097867","0","1"
"21","Šò•ŒŒ§","21214","‰ÂŽ™Žs","212140015000 ","‹vX—˜","35.403872","137.110827","0","1"
"21","Šò•ŒŒ§","21214","‰ÂŽ™Žs","212140016000 ","‹vX—˜Š`‰º“ü‰ï","35.393631","137.131297","0","1"
"21","Šò•ŒŒ§","21214","‰ÂŽ™Žs","212140011001 ","ŒjƒP‹uˆê’š–Ú","35.389197","137.087376","0","3"
"21","Šò•ŒŒ§","21214","‰ÂŽ™Žs","212140011002 ","ŒjƒP‹u“ñ’š–Ú","35.391270","137.089637","0","3"
"21","Šò•ŒŒ§","21214","‰ÂŽ™Žs","212140011003 ","ŒjƒP‹uŽO’š–Ú","35.392798","137.085808","0","3"
"21","Šò•ŒŒ§","21214","‰ÂŽ™Žs","212140012000 ","Œ“ŽR","35.457564","137.093310","0","1"
"21","Šò•ŒŒ§","21214","‰ÂŽ™Žs","212140017001 ","Œõ—z‘äˆê’š–Ú","35.388763","137.015022","0","3"
"21","Šò•ŒŒ§","21214","‰ÂŽ™Žs","212140017002 ","Œõ—z‘ä“ñ’š–Ú","35.386069","137.013973","0","3"
"21","Šò•ŒŒ§","21214","‰ÂŽ™Žs","212140017003 ","Œõ—z‘äŽO’š–Ú","35.387576","137.011481","0","3"
"21","Šò•ŒŒ§","21214","‰ÂŽ™Žs","212140017004 ","Œõ—z‘äŽl’š–Ú","35.385133","137.012175","0","3"
"21","Šò•ŒŒ§","21214","‰ÂŽ™Žs","212140017005 ","Œõ—z‘äŒÜ’š–Ú","35.384118","137.013795","0","3"
"21","Šò•ŒŒ§","21214","‰ÂŽ™Žs","212140017006 ","Œõ—z‘ä˜Z’š–Ú","35.383539","137.011067","0","3"
"21","Šò•ŒŒ§","21214","‰ÂŽ™Žs","212140017007 ","Œõ—z‘äŽµ’š–Ú","35.385646","137.010243","0","3"
"21","Šò•ŒŒ§","21214","‰ÂŽ™Žs","212140044000 ","LŒ©","35.419313","137.064373","0","1"
"21","Šò•ŒŒ§","21214","‰ÂŽ™Žs","212140045001 ","LŒ©ˆê’š–Ú","35.425673","137.061514","0","3"
"21","Šò•ŒŒ§","21214","‰ÂŽ™Žs","212140045002 ","LŒ©“ñ’š–Ú","35.425659","137.059028","0","3"
"21","Šò•ŒŒ§","21214","‰ÂŽ™Žs","212140045003 ","LŒ©ŽO’š–Ú","35.424034","137.061523","0","3"
"21","Šò•ŒŒ§","21214","‰ÂŽ™Žs","212140045004 ","LŒ©Žl’š–Ú","35.424107","137.058499","0","3"
"21","Šò•ŒŒ§","21214","‰ÂŽ™Žs","212140045005 ","LŒ©ŒÜ’š–Ú","35.424562","137.064251","0","3"
"21","Šò•ŒŒ§","21214","‰ÂŽ™Žs","212140045006 ","LŒ©˜Z’š–Ú","35.421841","137.064282","0","3"
"21","Šò•ŒŒ§","21214","‰ÂŽ™Žs","212140045007 ","LŒ©Žµ’š–Ú","35.421411","137.066817","0","3"
"21","Šò•ŒŒ§","21214","‰ÂŽ™Žs","212140046010 ","L’­ƒP‹u\’š–Ú","35.419767","137.082770","0","3"
"21","Šò•ŒŒ§","21214","‰ÂŽ™Žs","212140046001 ","L’­ƒP‹uˆê’š–Ú","35.421903","137.072610","0","3"
"21","Šò•ŒŒ§","21214","‰ÂŽ™Žs","212140046002 ","L’­ƒP‹u“ñ’š–Ú","35.423130","137.072002","0","3"
"21","Šò•ŒŒ§","21214","‰ÂŽ™Žs","212140046003 ","L’­ƒP‹uŽO’š–Ú","35.422757","137.073931","0","3"
"21","Šò•ŒŒ§","21214","‰ÂŽ™Žs","212140046004 ","L’­ƒP‹uŽl’š–Ú","35.421128","137.073700","0","3"
"21","Šò•ŒŒ§","21214","‰ÂŽ™Žs","212140046005 ","L’­ƒP‹uŒÜ’š–Ú","35.422191","137.075776","0","3"
"21","Šò•ŒŒ§","21214","‰ÂŽ™Žs","212140046006 ","L’­ƒP‹u˜Z’š–Ú","35.420264","137.079205","0","3"
"21","Šò•ŒŒ§","21214","‰ÂŽ™Žs","212140046007 ","L’­ƒP‹uŽµ’š–Ú","35.421591","137.078033","0","3"
"21","Šò•ŒŒ§","21214","‰ÂŽ™Žs","212140046008 ","L’­ƒP‹u”ª’š–Ú","35.421596","137.081773","0","3"
"21","Šò•ŒŒ§","21214","‰ÂŽ™Žs","212140046009 ","L’­ƒP‹u‹ã’š–Ú","35.420862","137.082207","0","3"
"21","Šò•ŒŒ§","21214","‰ÂŽ™Žs","212140004000 ","¡","35.381444","137.049924","0","1"
"21","Šò•ŒŒ§","21214","‰ÂŽ™Žs","212140005000 ","¡“n","35.430717","137.036481","0","1"
"21","Šò•ŒŒ§","21214","‰ÂŽ™Žs","212140018000 ","âŒË","35.414591","137.036193","0","1"
"21","Šò•ŒŒ§","21214","‰ÂŽ™Žs","212140019001 ","÷ƒP‹uˆê’š–Ú","35.372438","137.114235","0","3"
"21","Šò•ŒŒ§","21214","‰ÂŽ™Žs","212140019002 ","÷ƒP‹u“ñ’š–Ú","35.373850","137.114522","0","3"
"21","Šò•ŒŒ§","21214","‰ÂŽ™Žs","212140019003 ","÷ƒP‹uŽO’š–Ú","35.374611","137.117492","0","3"
"21","Šò•ŒŒ§","21214","‰ÂŽ™Žs","212140019004 ","÷ƒP‹uŽl’š–Ú","35.376802","137.117062","0","3"
"21","Šò•ŒŒ§","21214","‰ÂŽ™Žs","212140019005 ","÷ƒP‹uŒÜ’š–Ú","35.380766","137.114435","0","3"
"21","Šò•ŒŒ§","21214","‰ÂŽ™Žs","212140019006 ","÷ƒP‹u˜Z’š–Ú","35.378441","137.112777","0","3"
"21","Šò•ŒŒ§","21214","‰ÂŽ™Žs","212140019007 ","÷ƒP‹uŽµ’š–Ú","35.378789","137.109579","0","3"
"21","Šò•ŒŒ§","21214","‰ÂŽ™Žs","212140020001 ","ŽHƒP‹uˆê’š–Ú","35.381630","137.103105","0","3"
"21","Šò•ŒŒ§","21214","‰ÂŽ™Žs","212140020002 ","ŽHƒP‹u“ñ’š–Ú","35.381301","137.108380","0","3"
"21","Šò•ŒŒ§","21214","‰ÂŽ™Žs","212140020003 ","ŽHƒP‹uŽO’š–Ú","35.382700","137.109112","0","3"
"21","Šò•ŒŒ§","21214","‰ÂŽ™Žs","212140020004 ","ŽHƒP‹uŽl’š–Ú","35.384964","137.110334","0","3"
"21","Šò•ŒŒ§","21214","‰ÂŽ™Žs","212140020005 ","ŽHƒP‹uŒÜ’š–Ú","35.387225","137.106086","0","3"
"21","Šò•ŒŒ§","21214","‰ÂŽ™Žs","212140020006 ","ŽHƒP‹u˜Z’š–Ú","35.385456","137.106087","0","3"
"21","Šò•ŒŒ§","21214","‰ÂŽ™Žs","212140020007 ","ŽHƒP‹uŽµ’š–Ú","35.382795","137.105792","0","3"
"21","Šò•ŒŒ§","21214","‰ÂŽ™Žs","212140020008 ","ŽHƒP‹u”ª’š–Ú","35.384004","137.102410","0","3"
"21","Šò•ŒŒ§","21214","‰ÂŽ™Žs","212140020009 ","ŽHƒP‹u‹ã’š–Ú","35.387551","137.102475","0","3"
"21","Šò•ŒŒ§","21214","‰ÂŽ™Žs","212140054000 ","ŽºŒ´","35.387004","137.027281","0","1"
"21","Šò•ŒŒ§","21214","‰ÂŽ™Žs","212140057001 ","Žá—t‘äˆê’š–Ú","35.402136","137.014524","0","3"
"21","Šò•ŒŒ§","21214","‰ÂŽ™Žs","212140057002 ","Žá—t‘ä“ñ’š–Ú","35.401494","137.016194","0","3"
"21","Šò•ŒŒ§","21214","‰ÂŽ™Žs","212140057003 ","Žá—t‘äŽO’š–Ú","35.399551","137.018447","0","3"
"21","Šò•ŒŒ§","21214","‰ÂŽ™Žs","212140057004 ","Žá—t‘äŽl’š–Ú","35.401027","137.018151","0","3"
"21","Šò•ŒŒ§","21214","‰ÂŽ™Žs","212140057005 ","Žá—t‘äŒÜ’š–Ú","35.403969","137.017819","0","3"
"21","Šò•ŒŒ§","21214","‰ÂŽ™Žs","212140057006 ","Žá—t‘ä˜Z’š–Ú","35.404960","137.018469","0","3"
"21","Šò•ŒŒ§","21214","‰ÂŽ™Žs","212140057007 ","Žá—t‘äŽµ’š–Ú","35.406786","137.017892","0","3"
"21","Šò•ŒŒ§","21214","‰ÂŽ™Žs","212140057008 ","Žá—t‘ä”ª’š–Ú","35.406046","137.020294","0","3"
"21","Šò•ŒŒ§","21214","‰ÂŽ™Žs","212140057009 ","Žá—t‘ä‹ã’š–Ú","35.403281","137.020353","0","3"
"21","Šò•ŒŒ§","21214","‰ÂŽ™Žs","212140049001 ","¼•šˆê’š–Ú","35.386309","137.077072","0","3"
"21","Šò•ŒŒ§","21214","‰ÂŽ™Žs","212140049002 ","¼•š“ñ’š–Ú","35.387506","137.075227","0","3"
"21","Šò•ŒŒ§","21214","‰ÂŽ™Žs","212140049003 ","¼•šŽO’š–Ú","35.389525","137.074256","0","3"
"21","Šò•ŒŒ§","21214","‰ÂŽ™Žs","212140049004 ","¼•šŽl’š–Ú","35.388385","137.076253","0","3"
"21","Šò•ŒŒ§","21214","‰ÂŽ™Žs","212140049005 ","¼•šŒÜ’š–Ú","35.388920","137.077791","0","3"
"21","Šò•ŒŒ§","21214","‰ÂŽ™Žs","212140027000 ","›Š ","35.401543","137.003667","0","1"
"21","Šò•ŒŒ§","21214","‰ÂŽ™Žs","212140028000 ","£“c","35.426661","137.086540","0","1"
"21","Šò•ŒŒ§","21214","‰ÂŽ™Žs","212140048001 ","¯Œ©‘äˆê’š–Ú","35.385947","137.083444","0","3"
"21","Šò•ŒŒ§","21214","‰ÂŽ™Žs","212140048002 ","¯Œ©‘ä“ñ’š–Ú","35.384538","137.085051","0","3"
"21","Šò•ŒŒ§","21214","‰ÂŽ™Žs","212140022001 ","´…ƒP‹uˆê’š–Ú","35.399448","137.042070","0","3"
"21","Šò•ŒŒ§","21214","‰ÂŽ™Žs","212140022002 ","´…ƒP‹u“ñ’š–Ú","35.397321","137.043118","0","3"
"21","Šò•ŒŒ§","21214","‰ÂŽ™Žs","212140022003 ","´…ƒP‹uŽO’š–Ú","35.394903","137.043833","0","3"
"21","Šò•ŒŒ§","21214","‰ÂŽ™Žs","212140022004 ","´…ƒP‹uŽl’š–Ú","35.393322","137.044823","0","3"
"21","Šò•ŒŒ§","21214","‰ÂŽ™Žs","212140022005 ","´…ƒP‹uŒÜ’š–Ú","35.391901","137.046002","0","3"
"21","Šò•ŒŒ§","21214","‰ÂŽ™Žs","212140022006 ","´…ƒP‹u˜Z’š–Ú","35.389628","137.047086","0","3"
"21","Šò•ŒŒ§","21214","‰ÂŽ™Žs","212140036000 ","¼›çŽq","35.407281","136.997587","0","1"
"21","Šò•ŒŒ§","21214","‰ÂŽ™Žs","212140002000 ","Îˆä","35.426588","137.070359","0","1"
"21","Šò•ŒŒ§","21214","‰ÂŽ™Žs","212140003000 ","ÎX","35.430940","137.083094","0","1"
"21","Šò•ŒŒ§","21214","‰ÂŽ™Žs","212140013000 ","ì‡","35.439649","137.061264","0","1"
"21","Šò•ŒŒ§","21214","‰ÂŽ™Žs","212140014001 ","ì‡–kˆê’š–Ú","35.443406","137.055421","0","3"
"21","Šò•ŒŒ§","21214","‰ÂŽ™Žs","212140014002 ","ì‡–k“ñ’š–Ú","35.442375","137.051935","0","3"
"21","Šò•ŒŒ§","21214","‰ÂŽ™Žs","212140014003 ","ì‡–kŽO’š–Ú","35.440913","137.050124","0","3"
"21","Šò•ŒŒ§","21214","‰ÂŽ™Žs","212140029001 ","‘T‘äŽ›ˆê’š–Ú","35.424131","137.047702","0","3"
"21","Šò•ŒŒ§","21214","‰ÂŽ™Žs","212140029002 ","‘T‘äŽ›“ñ’š–Ú","35.422593","137.048908","0","3"
"21","Šò•ŒŒ§","21214","‰ÂŽ™Žs","212140029003 ","‘T‘äŽ›ŽO’š–Ú","35.422941","137.047672","0","3"
"21","Šò•ŒŒ§","21214","‰ÂŽ™Žs","212140029004 ","‘T‘äŽ›Žl’š–Ú","35.422250","137.046907","0","3"
"21","Šò•ŒŒ§","21214","‰ÂŽ™Žs","212140029005 ","‘T‘äŽ›ŒÜ’š–Ú","35.424501","137.045977","0","3"
"21","Šò•ŒŒ§","21214","‰ÂŽ™Žs","212140029006 ","‘T‘äŽ›˜Z’š–Ú","35.423132","137.044778","0","3"
"21","Šò•ŒŒ§","21214","‰ÂŽ™Žs","212140006000 ","‘åX","35.395207","137.078131","0","1"
"21","Šò•ŒŒ§","21214","‰ÂŽ™Žs","212140007001 ","‘åX‘äˆê’š–Ú","35.411042","137.062510","0","3"
"21","Šò•ŒŒ§","21214","‰ÂŽ™Žs","212140007002 ","‘åX‘ä“ñ’š–Ú","35.409432","137.061858","0","3"
"21","Šò•ŒŒ§","21214","‰ÂŽ™Žs","212140056000 ","’J”—ŠÔ","35.407571","137.042180","0","1"
"21","Šò•ŒŒ§","21214","‰ÂŽ™Žs","212140032000 ","’†Œb“y","35.431842","137.065006","0","1"
"21","Šò•ŒŒ§","21214","‰ÂŽ™Žs","212140033001 ","’·âˆê’š–Ú","35.399182","137.007621","0","3"
"21","Šò•ŒŒ§","21214","‰ÂŽ™Žs","212140033002 ","’·â“ñ’š–Ú","35.395956","137.007636","0","3"
"21","Šò•ŒŒ§","21214","‰ÂŽ™Žs","212140033003 ","’·âŽO’š–Ú","35.396173","137.005537","0","3"
"21","Šò•ŒŒ§","21214","‰ÂŽ™Žs","212140033004 ","’·âŽl’š–Ú","35.393406","137.005030","0","3"
"21","Šò•ŒŒ§","21214","‰ÂŽ™Žs","212140033005 ","’·âŒÜ’š–Ú","35.392084","137.006241","0","3"
"21","Šò•ŒŒ§","21214","‰ÂŽ™Žs","212140033006 ","’·â˜Z’š–Ú","35.388945","137.005191","0","3"
"21","Šò•ŒŒ§","21214","‰ÂŽ™Žs","212140033007 ","’·âŽµ’š–Ú","35.390539","137.003276","0","3"
"21","Šò•ŒŒ§","21214","‰ÂŽ™Žs","212140033008 ","’·â”ª’š–Ú","35.387484","137.003375","0","3"
"21","Šò•ŒŒ§","21214","‰ÂŽ™Žs","212140034000 ","’·“´","35.386196","137.018992","0","1"
"21","Šò•ŒŒ§","21214","‰ÂŽ™Žs","212140031000 ","“y“c","35.425242","137.018430","0","1"
"21","Šò•ŒŒ§","21214","‰ÂŽ™Žs","212140041000 ","“Œ›çŽq","35.393983","137.011062","0","1"
"21","Šò•ŒŒ§","21214","‰ÂŽ™Žs","212140030001 ","“¿–ì“ìˆê’š–Ú","35.419534","137.041127","0","3"
"21","Šò•ŒŒ§","21214","‰ÂŽ™Žs","212140030002 ","“¿–ì“ì“ñ’š–Ú","35.421580","137.037511","0","3"
"21","Šò•ŒŒ§","21214","‰ÂŽ™Žs","212140037000 ","“ñ–ì","35.409602","137.085824","0","1"
"21","Šò•ŒŒ§","21214","‰ÂŽ™Žs","212140035001 ","“øƒP‹uˆê’š–Ú","35.412842","137.018364","0","3"
"21","Šò•ŒŒ§","21214","‰ÂŽ™Žs","212140035002 ","“øƒP‹u“ñ’š–Ú","35.414184","137.016326","0","3"
"21","Šò•ŒŒ§","21214","‰ÂŽ™Žs","212140035003 ","“øƒP‹uŽO’š–Ú","35.411694","137.016568","0","3"
"21","Šò•ŒŒ§","21214","‰ÂŽ™Žs","212140035004 ","“øƒP‹uŽl’š–Ú","35.412546","137.013895","0","3"
"21","Šò•ŒŒ§","21214","‰ÂŽ™Žs","212140035005 ","“øƒP‹uŒÜ’š–Ú","35.409904","137.014180","0","3"
"21","Šò•ŒŒ§","21214","‰ÂŽ™Žs","212140035006 ","“øƒP‹u˜Z’š–Ú","35.408812","137.012572","0","3"
"21","Šò•ŒŒ§","21214","‰ÂŽ™Žs","212140039001 ","”µ‘äˆê’š–Ú","35.406810","137.001330","0","3"
"21","Šò•ŒŒ§","21214","‰ÂŽ™Žs","212140039002 ","”µ‘ä“ñ’š–Ú","35.406022","136.998648","0","3"
"21","Šò•ŒŒ§","21214","‰ÂŽ™Žs","212140039003 ","”µ‘äŽO’š–Ú","35.404873","136.999426","0","3"
"21","Šò•ŒŒ§","21214","‰ÂŽ™Žs","212140039004 ","”µ‘äŽl’š–Ú","35.404141","136.996523","0","3"
"21","Šò•ŒŒ§","21214","‰ÂŽ™Žs","212140039005 ","”µ‘äŒÜ’š–Ú","35.402491","136.998533","0","3"
"21","Šò•ŒŒ§","21214","‰ÂŽ™Žs","212140039006 ","”µ‘ä˜Z’š–Ú","35.401451","136.996094","0","3"
"21","Šò•ŒŒ§","21214","‰ÂŽ™Žs","212140039007 ","”µ‘äŽµ’š–Ú","35.399505","136.997761","0","3"
"21","Šò•ŒŒ§","21214","‰ÂŽ™Žs","212140039008 ","”µ‘ä”ª’š–Ú","35.397073","136.997011","0","3"
"21","Šò•ŒŒ§","21214","‰ÂŽ™Žs","212140050001 ","”ü—¢ƒP‹uˆê’š–Ú","35.405406","137.037346","0","3"
"21","Šò•ŒŒ§","21214","‰ÂŽ™Žs","212140050002 ","”ü—¢ƒP‹u“ñ’š–Ú","35.406232","137.037792","0","3"
"21","Šò•ŒŒ§","21214","‰ÂŽ™Žs","212140042001 ","•PƒP‹uˆê’š–Ú","35.405768","137.049613","0","3"
"21","Šò•ŒŒ§","21214","‰ÂŽ™Žs","212140042002 ","•PƒP‹u“ñ’š–Ú","35.403350","137.046468","0","3"
"21","Šò•ŒŒ§","21214","‰ÂŽ™Žs","212140042003 ","•PƒP‹uŽO’š–Ú","35.400281","137.051202","0","3"
"21","Šò•ŒŒ§","21214","‰ÂŽ™Žs","212140042004 ","•PƒP‹uŽl’š–Ú","35.392419","137.049871","0","3"
"21","Šò•ŒŒ§","21214","‰ÂŽ™Žs","212140043000 ","•½ŠLŒË","35.433394","137.089035","0","1"
"21","Šò•ŒŒ§","21214","‰ÂŽ™Žs","212140055000 ","–îŒË","35.402057","137.030117","0","1"
"21","Šò•ŒŒ§","21214","‰ÂŽ™Žs","212140052001 ","—Îˆê’š–Ú","35.398333","137.002920","0","3"
"21","Šò•ŒŒ§","21214","‰ÂŽ™Žs","212140052002 ","—Î“ñ’š–Ú","35.395996","137.002917","0","3"
"21","Šò•ŒŒ§","21214","‰ÂŽ™Žs","212140052003 ","—ÎŽO’š–Ú","35.396354","137.001491","0","3"
"21","Šò•ŒŒ§","21214","‰ÂŽ™Žs","212140052004 ","—ÎŽl’š–Ú","35.393517","137.001503","0","3"
"21","Šò•ŒŒ§","21214","‰ÂŽ™Žs","212140052005 ","—ÎŒÜ’š–Ú","35.394327","137.000309","0","3"
"21","Šò•ŒŒ§","21214","‰ÂŽ™Žs","212140052006 ","—Î˜Z’š–Ú","35.393420","136.998732","0","3"
"21","Šò•ŒŒ§","21214","‰ÂŽ™Žs","212140052007 ","—ÎŽµ’š–Ú","35.395808","137.000051","0","3"
"21","Šò•ŒŒ§","21214","‰ÂŽ™Žs","212140053001 ","—ÎƒP‹uˆê’š–Ú","35.412652","137.072956","0","3"
"21","Šò•ŒŒ§","21214","‰ÂŽ™Žs","212140053002 ","—ÎƒP‹u“ñ’š–Ú","35.410594","137.074445","0","3"
"21","Šò•ŒŒ§","21214","‰ÂŽ™Žs","212140053003 ","—ÎƒP‹uŽO’š–Ú","35.407807","137.078346","0","3"
"21","Šò•ŒŒ§","21214","‰ÂŽ™Žs","212140053004 ","—ÎƒP‹uŽl’š–Ú","35.409452","137.078953","0","3"
"21","Šò•ŒŒ§","21214","‰ÂŽ™Žs","212140053005 ","—ÎƒP‹uŒÜ’š–Ú","35.411569","137.076489","0","3"
"21","Šò•ŒŒ§","21214","‰ÂŽ™Žs","212140010001 ","›çŽqV’¬ˆê’š–Ú","35.405924","137.013237","0","3"
"21","Šò•ŒŒ§","21214","‰ÂŽ™Žs","212140010002 ","›çŽqV’¬“ñ’š–Ú","35.403432","137.011361","0","3"
"21","Šò•ŒŒ§","21214","‰ÂŽ™Žs","212140010003 ","›çŽqV’¬ŽO’š–Ú","35.402421","137.009006","0","3"
"21","Šò•ŒŒ§","21214","‰ÂŽ™Žs","212140047000 ","Ÿº”Vã","35.435305","137.096302","0","1"
"21","Šò•ŒŒ§","21215","ŽRŒ§Žs","212150001000","‘ŠŒË","35.612147","136.782580","0","1"
"21","Šò•ŒŒ§","21215","ŽRŒ§Žs","212150002000","Â”g","35.572680","136.765804","0","1"
"21","Šò•ŒŒ§","21215","ŽRŒ§Žs","212150003000","Ô”ö","35.523756","136.773447","0","1"
"21","Šò•ŒŒ§","21215","ŽRŒ§Žs","212150004000","ˆÉ²”ü","35.532438","136.781913","0","1"
"21","Šò•ŒŒ§","21215","ŽRŒ§Žs","212150005000","Šâ²","35.545597","136.794728","0","1"
"21","Šò•ŒŒ§","21215","ŽRŒ§Žs","212150006000","”~Œ´","35.516627","136.755161","0","1"
"21","Šò•ŒŒ§","21215","ŽRŒ§Žs","212150007000","‰~Œ´","35.658809","136.744665","0","1"
"21","Šò•ŒŒ§","21215","ŽRŒ§Žs","212150008000","‘åŒK","35.545287","136.759962","0","1"
"21","Šò•ŒŒ§","21215","ŽRŒ§Žs","212150009000","‘åX","35.523411","136.734078","0","1"
"21","Šò•ŒŒ§","21215","ŽRŒ§Žs","212150010000","Š`–ì","35.632443","136.788077","0","1"
"21","Šò•ŒŒ§","21215","ŽRŒ§Žs","212150011000","Š|","35.551999","136.723741","0","1"
"21","Šò•ŒŒ§","21215","ŽRŒ§Žs","212150012000","•ÐŒ´","35.626613","136.737879","0","1"
"21","Šò•ŒŒ§","21215","ŽRŒ§Žs","212150013000","_è","35.669321","136.710746","0","1"
"21","Šò•ŒŒ§","21215","ŽRŒ§Žs","212150014000","Š‹Œ´","35.602413","136.696362","0","1"
"21","Šò•ŒŒ§","21215","ŽRŒ§Žs","212150015000","¬‘q","35.522010","136.723770","0","1"
"21","Šò•ŒŒ§","21215","ŽRŒ§Žs","212150016000","²‰ê","35.494032","136.777321","0","1"
"21","Šò•ŒŒ§","21215","ŽRŒ§Žs","212150017000","ù‰ê","35.591886","136.754896","0","1"
"21","Šò•ŒŒ§","21215","ŽRŒ§Žs","212150018000","²–ì","35.576400","136.781882","0","1"
"21","Šò•ŒŒ§","21215","ŽRŒ§Žs","212150019000","’Å‘q","35.531314","136.800501","0","1"
"21","Šò•ŒŒ§","21215","ŽRŒ§Žs","212150020000","ãŠè","35.545958","136.730274","0","1"
"21","Šò•ŒŒ§","21215","ŽRŒ§Žs","212150021000","‘å–å","35.537161","136.733303","0","1"
"21","Šò•ŒŒ§","21215","ŽRŒ§Žs","212150022000","‚–Ø","35.503628","136.775262","0","1"
"21","Šò•ŒŒ§","21215","ŽRŒ§Žs","212150023000","‚•x","35.496399","136.793672","0","1"
"21","Šò•ŒŒ§","21215","ŽRŒ§Žs","212150024000","“cŒI","35.598870","136.749547","0","1"
"21","Šò•ŒŒ§","21215","ŽRŒ§Žs","212150025000","’J‡","35.585583","136.747042","0","1"
"21","Šò•ŒŒ§","21215","ŽRŒ§Žs","212150026000","’Ö","35.618230","136.757526","0","1"
"21","Šò•ŒŒ§","21215","ŽRŒ§Žs","212150027000","oŒË","35.594211","136.780163","0","1"
"21","Šò•ŒŒ§","21215","ŽRŒ§Žs","212150028000","“¿‰i","35.589481","136.767184","0","1"
"21","Šò•ŒŒ§","21215","ŽRŒ§Žs","212150029000","•x‰i","35.564177","136.785673","0","1"
"21","Šò•ŒŒ§","21215","ŽRŒ§Žs","212150030000","’·‘ê","35.566094","136.698627","0","1"
"21","Šò•ŒŒ§","21215","ŽRŒ§Žs","212150031000","’†“´","35.560297","136.808753","0","1"
"21","Šò•ŒŒ§","21215","ŽRŒ§Žs","212150032000","¼[£","35.511919","136.777660","0","1"
"21","Šò•ŒŒ§","21215","ŽRŒ§Žs","212150033000","“Œ[£","35.515181","136.800466","0","1"
"21","Šò•ŒŒ§","21215","ŽRŒ§Žs","212150034000","“ú‰i","35.608362","136.768785","0","1"
"21","Šò•ŒŒ§","21215","ŽRŒ§Žs","212150035000","•½ˆä","35.561461","136.722521","0","1"
"21","Šò•ŒŒ§","21215","ŽRŒ§Žs","212150036000","“¡‘q","35.530242","136.737626","0","1"
"21","Šò•ŒŒ§","21215","ŽRŒ§Žs","212150037000","‘D‰z","35.582275","136.785163","0","1"
"21","Šò•ŒŒ§","21215","ŽRŒ§Žs","212150038000","“´“c","35.532425","136.717630","0","1"
"21","Šò•ŒŒ§","21215","ŽRŒ§Žs","212150039000","¼”ö","35.542636","136.711243","0","1"
"21","Šò•ŒŒ§","21216","•äŽs","212160001000","‹‘q","35.419565","136.642732","0","1"
"21","Šò•ŒŒ§","21216","•äŽs","212160002000","ˆî—¢","35.386375","136.686712","0","1"
"21","Šò•ŒŒ§","21216","•äŽs","212160003000","‹–q","35.381062","136.670618","0","1"
"21","Šò•ŒŒ§","21216","•äŽs","212160004000","‘åŒŽ","35.399194","136.644220","0","1"
"21","Šò•ŒŒ§","21216","•äŽs","212160005000","“‚ŒI","35.414016","136.639983","0","1"
"21","Šò•ŒŒ§","21216","•äŽs","212160006001","Òìˆê’š–Ú","35.369886","136.673325","0","3"
"21","Šò•ŒŒ§","21216","•äŽs","212160006002","Òì“ñ’š–Ú","35.368050","136.672891","0","3"
"21","Šò•ŒŒ§","21216","•äŽs","212160006003","ÒìŽO’š–Ú","35.369787","136.675356","0","3"
"21","Šò•ŒŒ§","21216","•äŽs","212160006004","ÒìŽl’š–Ú","35.367851","136.675252","0","3"
"21","Šò•ŒŒ§","21216","•äŽs","212160006005","ÒìŒÜ’š–Ú","35.369701","136.677140","0","3"
"21","Šò•ŒŒ§","21216","•äŽs","212160006006","Òì˜Z’š–Ú","35.367524","136.676919","0","3"
"21","Šò•ŒŒ§","21216","•äŽs","212160007000","d—¢","35.417532","136.663217","0","1"
"21","Šò•ŒŒ§","21216","•äŽs","212160008000","\‹ãð","35.393699","136.664542","0","1"
"21","Šò•ŒŒ§","21216","•äŽs","212160009000","\Žµð","35.405941","136.661357","0","1"
"21","Šò•ŒŒ§","21216","•äŽs","212160010000","\”ªð","35.400051","136.662469","0","1"
"21","Šò•ŒŒ§","21216","•äŽs","212160011000","‘c•ƒ]","35.374306","136.685813","0","1"
"21","Šò•ŒŒ§","21216","•äŽs","212160012000","‘ü‰z","35.399688","136.682674","0","1"
"21","Šò•ŒŒ§","21216","•äŽs","212160013000","“c”Vã","35.409376","136.648160","0","1"
"21","Šò•ŒŒ§","21216","•äŽs","212160014000","’†‹{","35.388273","136.650612","0","1"
"21","Šò•ŒŒ§","21216","•äŽs","212160015000","Žµè","35.423939","136.636971","0","1"
"21","Šò•ŒŒ§","21216","•äŽs","212160016000","¶’Ã","35.405911","136.687904","0","1"
"21","Šò•ŒŒ§","21216","•äŽs","212160017001","¶’ÃŠO‹{“Œ’¬ˆê’š–Ú","35.406768","136.691336","0","3"
"21","Šò•ŒŒ§","21216","•äŽs","212160017002","¶’ÃŠO‹{“Œ’¬“ñ’š–Ú","35.405860","136.691061","0","3"
"21","Šò•ŒŒ§","21216","•äŽs","212160018001","¶’ÃŠO‹{‘O’¬ˆê’š–Ú","35.403193","136.690627","0","3"
"21","Šò•ŒŒ§","21216","•äŽs","212160018002","¶’ÃŠO‹{‘O’¬“ñ’š–Ú","35.403473","136.692333","0","3"
"21","Šò•ŒŒ§","21216","•äŽs","212160019001","¶’Ã‘ê’Ø’¬ˆê’š–Ú","35.410490","136.683018","0","3"
"21","Šò•ŒŒ§","21216","•äŽs","212160019002","¶’Ã‘ê’Ø’¬“ñ’š–Ú","35.408196","136.683751","0","3"
"21","Šò•ŒŒ§","21216","•äŽs","212160020001","¶’Ã“V‰¤“Œ’¬ˆê’š–Ú","35.406198","136.697120","0","3"
"21","Šò•ŒŒ§","21216","•äŽs","212160020002","¶’Ã“V‰¤“Œ’¬“ñ’š–Ú","35.403712","136.697408","0","3"
"21","Šò•ŒŒ§","21216","•äŽs","212160021001","¶’Ã“V‰¤’¬ˆê’š–Ú","35.404559","136.694583","0","3"
"21","Šò•ŒŒ§","21216","•äŽs","212160021002","¶’Ã“V‰¤’¬“ñ’š–Ú","35.401842","136.695196","0","3"
"21","Šò•ŒŒ§","21216","•äŽs","212160022001","¶’Ã“à‹{’¬ˆê’š–Ú","35.408932","136.685528","0","3"
"21","Šò•ŒŒ§","21216","•äŽs","212160022002","¶’Ã“à‹{’¬“ñ’š–Ú","35.406999","136.688469","0","3"
"21","Šò•ŒŒ§","21216","•äŽs","212160023000","–ì“cV“c","35.386007","136.679908","0","1"
"21","Šò•ŒŒ§","21216","•äŽs","212160024000","–ì”’V“c","35.378954","136.679498","0","1"
"21","Šò•ŒŒ§","21216","•äŽs","212160025000","”nê","35.416531","136.680413","0","1"
"21","Šò•ŒŒ§","21216","•äŽs","212160026000","”nê–k’¬","35.415970","136.677836","0","1"
"21","Šò•ŒŒ§","21216","•äŽs","212160027001","”nê¬é’¬ˆê’š–Ú","35.409037","136.689919","0","3"
"21","Šò•ŒŒ§","21216","•äŽs","212160027002","”nê¬é’¬“ñ’š–Ú","35.409062","136.692043","0","3"
"21","Šò•ŒŒ§","21216","•äŽs","212160028001","”nêãŒõ’¬ˆê’š–Ú","35.413323","136.684779","0","3"
"21","Šò•ŒŒ§","21216","•äŽs","212160028002","”nêãŒõ’¬“ñ’š–Ú","35.410555","136.685431","0","3"
"21","Šò•ŒŒ§","21216","•äŽs","212160028003","”nêãŒõ’¬ŽO’š–Ú","35.409934","136.687671","0","3"
"21","Šò•ŒŒ§","21216","•äŽs","212160029001","”nêt‰J’¬ˆê’š–Ú","35.412439","136.688079","0","3"
"21","Šò•ŒŒ§","21216","•äŽs","212160029002","”nêt‰J’¬“ñ’š–Ú","35.411043","136.691199","0","3"
"21","Šò•ŒŒ§","21216","•äŽs","212160030001","”nê‘O”¨’¬ˆê’š–Ú","35.414928","136.679610","0","3"
"21","Šò•ŒŒ§","21216","•äŽs","212160030002","”nê‘O”¨’¬“ñ’š–Ú","35.412924","136.679443","0","3"
"21","Šò•ŒŒ§","21216","•äŽs","212160030003","”nê‘O”¨’¬ŽO’š–Ú","35.413330","136.682037","0","3"
"21","Šò•ŒŒ§","21216","•äŽs","212160031000","“ŒŒ‹","35.370569","136.666235","0","1"
"21","Šò•ŒŒ§","21216","•äŽs","212160032000","ŒÃ‹´","35.392265","136.654090","0","1"
"21","Šò•ŒŒ§","21216","•äŽs","212160033000","•Ê•{","35.394517","136.684624","0","1"
"21","Šò•ŒŒ§","21216","•äŽs","212160034000","•ó]","35.373417","136.666380","0","1"
"21","Šò•ŒŒ§","21216","•äŽs","212160035000","•äÏ","35.382130","136.697341","0","1"
"21","Šò•ŒŒ§","21216","•äŽs","212160036000","–{“c","35.409664","136.674391","0","1"
"21","Šò•ŒŒ§","21216","•äŽs","212160037000","”ü]Ž›","35.412043","136.661499","0","1"
"21","Šò•ŒŒ§","21216","•äŽs","212160038000","‹{“c","35.405010","136.645136","0","1"
"21","Šò•ŒŒ§","21216","•äŽs","212160039000","X","35.419326","136.651206","0","1"
"21","Šò•ŒŒ§","21216","•äŽs","212160040000","‰¡‰®","35.382405","136.661551","0","1"
"21","Šò•ŒŒ§","21216","•äŽs","212160041000","˜C‹v","35.393352","136.644720","0","1"
"21","Šò•ŒŒ§","21217","”ò‘ËŽs","212170001000","_‰ª’¬“Œ‰_","36.313326","137.312101","0","1"
"21","Šò•ŒŒ§","21217","”ò‘ËŽs","212170002000","_‰ª’¬ˆ¢‘]•Û","36.302279","137.328636","0","1"
"21","Šò•ŒŒ§","21217","”ò‘ËŽs","212170003000","_‰ª’¬–ƒ¶–ì","36.325187","137.348899","0","1"
"21","Šò•ŒŒ§","21217","”ò‘ËŽs","212170004000","_‰ª’¬’©‰Y","36.325272","137.295439","0","1"
"21","Šò•ŒŒ§","21217","”ò‘ËŽs","212170005000","_‰ª’¬Õ’Ãì","36.409658","137.326599","0","1"
"21","Šò•ŒŒ§","21217","”ò‘ËŽs","212170006000","_‰ª’¬Î_","36.307967","137.350940","0","1"
"21","Šò•ŒŒ§","21217","”ò‘ËŽs","212170007000","_‰ª’¬ˆÉ¼","36.375598","137.338941","0","1"
"21","Šò•ŒŒ§","21217","”ò‘ËŽs","212170008000","_‰ª’¬Šâˆä’J","36.377855","137.399638","0","1"
"21","Šò•ŒŒ§","21217","”ò‘ËŽs","212170009000","_‰ª’¬‘Å•Û","36.397658","137.467172","0","1"
"21","Šò•ŒŒ§","21217","”ò‘ËŽs","212170010000","_‰ª’¬]”n’¬","36.330068","137.304568","0","1"
"21","Šò•ŒŒ§","21217","”ò‘ËŽs","212170011000","_‰ª’¬‘åŠ}","36.281060","137.227322","0","1"
"21","Šò•ŒŒ§","21217","”ò‘ËŽs","212170012000","_‰ª’¬‘å‘½˜a","36.436241","137.376592","0","1"
"21","Šò•ŒŒ§","21217","”ò‘ËŽs","212170013000","_‰ª’¬”Œ´","36.269494","137.233809","0","1"
"21","Šò•ŒŒ§","21217","”ò‘ËŽs","212170014000","_‰ª’¬Š˜è","36.317994","137.298023","0","1"
"21","Šò•ŒŒ§","21217","”ò‘ËŽs","212170015000","_‰ª’¬¬Šž","36.296645","137.305420","0","1"
"21","Šò•ŒŒ§","21217","”ò‘ËŽs","212170016000","_‰ª’¬â•x’¬","36.327107","137.302245","0","1"
"21","Šò•ŒŒ§","21217","”ò‘ËŽs","212170017000","_‰ª’¬÷ƒP‹u","36.327722","137.304283","0","1"
"21","Šò•ŒŒ§","21217","”ò‘ËŽs","212170018000","_‰ª’¬²ŒÃ","36.414117","137.356864","0","1"
"21","Šò•ŒŒ§","21217","”ò‘ËŽs","212170019000","_‰ª’¬Ž­ŠÔ","36.359518","137.305303","0","1"
"21","Šò•ŒŒ§","21217","”ò‘ËŽs","212170020000","_‰ª’¬‰º”V–{","36.399971","137.375494","0","1"
"21","Šò•ŒŒ§","21217","”ò‘ËŽs","212170021000","_‰ª’¬éƒP‹u","36.329973","137.302948","0","1"
"21","Šò•ŒŒ§","21217","”ò‘ËŽs","212170022000","_‰ª’¬™ŽR","36.450337","137.300355","0","1"
"21","Šò•ŒŒ§","21217","”ò‘ËŽs","212170023000","_‰ª’¬”‰Í","36.302226","137.344899","0","1"
"21","Šò•ŒŒ§","21217","”ò‘ËŽs","212170024000","_‰ª’¬‘ƒŽR","36.276164","137.260255","0","1"
"21","Šò•ŒŒ§","21217","”ò‘ËŽs","212170025000","_‰ª’¬£ŒË","36.411431","137.391584","0","1"
"21","Šò•ŒŒ§","21217","”ò‘ËŽs","212170026000","_‰ª’¬ŠÙ–ì’¬","36.319001","137.304980","0","1"
"21","Šò•ŒŒ§","21217","”ò‘ËŽs","212170027000","_‰ª’¬’J","36.454786","137.242935","0","1"
"21","Šò•ŒŒ§","21217","”ò‘ËŽs","212170028000","_‰ª’¬Ž›—Ñ","36.323841","137.272384","0","1"
"21","Šò•ŒŒ§","21217","”ò‘ËŽs","212170029000","_‰ª’¬“y","36.416355","137.300955","0","1"
"21","Šò•ŒŒ§","21217","”ò‘ËŽs","212170030000","_‰ª’¬“a","36.324116","137.308098","0","1"
"21","Šò•ŒŒ§","21217","”ò‘ËŽs","212170031000","_‰ª’¬’†ŽR","36.449319","137.250850","0","1"
"21","Šò•ŒŒ§","21217","”ò‘ËŽs","212170032000","_‰ª’¬—œƒPª","36.329881","137.279371","0","1"
"21","Šò•ŒŒ§","21217","”ò‘ËŽs","212170033000","_‰ª’¬¼","36.305823","137.235009","0","1"
"21","Šò•ŒŒ§","21217","”ò‘ËŽs","212170034000","_‰ª’¬¼Ž½ŽR","36.402615","137.281063","0","1"
"21","Šò•ŒŒ§","21217","”ò‘ËŽs","212170035000","_‰ª’¬¼–ÎZ","36.425110","137.265076","0","1"
"21","Šò•ŒŒ§","21217","”ò‘ËŽs","212170036000","_‰ª’¬–ìŽñ","36.297999","137.322411","0","1"
"21","Šò•ŒŒ§","21217","”ò‘ËŽs","212170037000","_‰ª’¬“ŒŽ½ŽR","36.388509","137.285320","0","1"
"21","Šò•ŒŒ§","21217","”ò‘ËŽs","212170038000","_‰ª’¬“Œ’¬","36.337599","137.304513","0","1"
"21","Šò•ŒŒ§","21217","”ò‘ËŽs","212170039000","_‰ª’¬“Œ–ÎZ","36.436744","137.289814","0","1"
"21","Šò•ŒŒ§","21217","”ò‘ËŽs","212170040000","_‰ª’¬•š•û","36.316271","137.249188","0","1"
"21","Šò•ŒŒ§","21217","”ò‘ËŽs","212170041000","_‰ª’¬“ñƒc‰®","36.357066","137.259125","0","1"
"21","Šò•ŒŒ§","21217","”ò‘ËŽs","212170042000","_‰ª’¬‘D’Ã","36.337545","137.289757","0","1"
"21","Šò•ŒŒ§","21217","”ò‘ËŽs","212170043000","_‰ª’¬–x”V“à","36.320691","137.260793","0","1"
"21","Šò•ŒŒ§","21217","”ò‘ËŽs","212170044000","_‰ª’¬–q","36.398402","137.304850","0","1"
"21","Šò•ŒŒ§","21217","”ò‘ËŽs","212170045000","_‰ª’¬ŠÛŽR","36.298013","137.313553","0","1"
"21","Šò•ŒŒ§","21217","”ò‘ËŽs","212170046000","_‰ª’¬—ÎƒP‹u","36.322823","137.302885","0","1"
"21","Šò•ŒŒ§","21217","”ò‘ËŽs","212170047000","_‰ª’¬X–Î","36.369007","137.372190","0","1"
"21","Šò•ŒŒ§","21217","”ò‘ËŽs","212170048000","_‰ª’¬ŽR“c","36.291047","137.255286","0","1"
"21","Šò•ŒŒ§","21217","”ò‘ËŽs","212170049000","_‰ª’¬—[—zƒP‹u","36.332095","137.307748","0","1"
"21","Šò•ŒŒ§","21217","”ò‘ËŽs","212170050000","_‰ª’¬‰¡ŽR","36.455699","137.279969","0","1"
"21","Šò•ŒŒ§","21217","”ò‘ËŽs","212170051000","_‰ª’¬‹gƒPŒ´","36.362527","137.293307","0","1"
"21","Šò•ŒŒ§","21217","”ò‘ËŽs","212170052000","_‰ª’¬‹g“c","36.300734","137.282773","0","1"
"21","Šò•ŒŒ§","21217","”ò‘ËŽs","212170053000","_‰ª’¬˜a²•{","36.410197","137.409845","0","1"
"21","Šò•ŒŒ§","21217","”ò‘ËŽs","212170054000","_‰ª’¬˜a²•Û","36.339898","137.328979","0","1"
"21","Šò•ŒŒ§","21217","”ò‘ËŽs","212170055000","_‰ª’¬Š„Î","36.358543","137.280503","0","1"
"21","Šò•ŒŒ§","21217","”ò‘ËŽs","212170056000","‰Í‡’¬“V¶","36.264082","136.994813","0","1"
"21","Šò•ŒŒ§","21217","”ò‘ËŽs","212170057000","‰Í‡’¬ˆî‰z","36.247514","137.075086","0","1"
"21","Šò•ŒŒ§","21217","”ò‘ËŽs","212170058000","‰Í‡’¬—L‰Æ","36.297499","137.085350","0","1"
"21","Šò•ŒŒ§","21217","”ò‘ËŽs","212170059000","‰Í‡’¬‘å’J","36.286850","137.097213","0","1"
"21","Šò•ŒŒ§","21217","”ò‘ËŽs","212170060000","‰Í‡’¬Œ³“c","36.275581","137.042733","0","1"
"21","Šò•ŒŒ§","21217","”ò‘ËŽs","212170061000","‰Í‡’¬¬–³Šå","36.288988","137.118548","0","1"
"21","Šò•ŒŒ§","21217","”ò‘ËŽs","212170062000","‰Í‡’¬ãƒP“‡","36.302999","137.031535","0","1"
"21","Šò•ŒŒ§","21217","”ò‘ËŽs","212170063000","‰Í‡’¬V–¼","36.276782","137.073258","0","1"
"21","Šò•ŒŒ§","21217","”ò‘ËŽs","212170064000","‰Í‡’¬ŒŽƒP£","36.251154","137.005339","0","1"
"21","Šò•ŒŒ§","21217","”ò‘ËŽs","212170065000","‰Í‡’¬Špì","36.320161","137.108484","0","1"
"21","Šò•ŒŒ§","21217","”ò‘ËŽs","212170066000","‰Í‡’¬’†àVã","36.306534","137.080647","0","1"
"21","Šò•ŒŒ§","21217","”ò‘ËŽs","212170067000","‰Í‡’¬‰Hª","36.308999","137.052405","0","1"
"21","Šò•ŒŒ§","21217","”ò‘ËŽs","212170068000","‰Í‡’¬“ñƒc‰®","36.350603","137.065813","0","1"
"21","Šò•ŒŒ§","21217","”ò‘ËŽs","212170069000","‰Í‡’¬MŒ´","36.208103","137.056555","0","1"
"21","Šò•ŒŒ§","21217","”ò‘ËŽs","212170070000","‰Í‡’¬•Û","36.223804","136.997595","0","1"
"21","Šò•ŒŒ§","21217","”ò‘ËŽs","212170071000","‰Í‡’¬•Û–Ø—Ñ","36.308910","137.066693","0","1"
"21","Šò•ŒŒ§","21217","”ò‘ËŽs","212170072000","ŒÃì’¬’©ŠJ’¬","36.233366","137.180384","0","1"
"21","Šò•ŒŒ§","21217","”ò‘ËŽs","212170073000","ŒÃì’¬ˆë”V’¬","36.235555","137.185858","0","1"
"21","Šò•ŒŒ§","21217","”ò‘ËŽs","212170074000","ŒÃì’¬Œl”¨","36.205078","137.132140","0","1"
"21","Šò•ŒŒ§","21217","”ò‘ËŽs","212170075000","ŒÃì’¬‘å–ì’¬","36.216000","137.203486","0","1"
"21","Šò•ŒŒ§","21217","”ò‘ËŽs","212170076000","ŒÃì’¬•ÐŒ´’¬","36.233447","137.193122","0","1"
"21","Šò•ŒŒ§","21217","”ò‘ËŽs","212170077000","ŒÃì’¬‹àX’¬","36.236162","137.189109","0","1"
"21","Šò•ŒŒ§","21217","”ò‘ËŽs","212170078000","ŒÃì’¬ã‹C‘½","36.243489","137.203833","0","1"
"21","Šò•ŒŒ§","21217","”ò‘ËŽs","212170079000","ŒÃì’¬ã–ì","36.241495","137.167669","0","1"
"21","Šò•ŒŒ§","21217","”ò‘ËŽs","212170080000","ŒÃì’¬ã’¬","36.222205","137.196485","0","1"
"21","Šò•ŒŒ§","21217","”ò‘ËŽs","212170081000","ŒÃì’¬‹M‘D’¬","36.230185","137.191556","0","1"
"21","Šò•ŒŒ§","21217","”ò‘ËŽs","212170082000","ŒÃì’¬•“à","36.232574","137.106074","0","1"
"21","Šò•ŒŒ§","21217","”ò‘ËŽs","212170083000","ŒÃì’¬ŒU¾ŠÛ","36.262238","137.148934","0","1"
"21","Šò•ŒŒ§","21217","”ò‘ËŽs","212170084000","ŒÃì’¬K‰h’¬","36.229168","137.187467","0","1"
"21","Šò•ŒŒ§","21217","”ò‘ËŽs","212170085000","ŒÃì’¬¥d","36.226707","137.197479","0","1"
"21","Šò•ŒŒ§","21217","”ò‘ËŽs","212170086001","ŒÃì’¬¥dˆê’š–Ú","36.228129","137.192935","0","3"
"21","Šò•ŒŒ§","21217","”ò‘ËŽs","212170086002","ŒÃì’¬¥d“ñ’š–Ú","36.227745","137.189453","0","3"
"21","Šò•ŒŒ§","21217","”ò‘ËŽs","212170087001","ŒÃì’¬‰hˆê’š–Ú","36.239580","137.179767","0","3"
"21","Šò•ŒŒ§","21217","”ò‘ËŽs","212170087002","ŒÃì’¬‰h“ñ’š–Ú","36.240170","137.181147","0","3"
"21","Šò•ŒŒ§","21217","”ò‘ËŽs","212170088000","ŒÃì’¬ùƒ–“´","36.231768","137.135768","0","1"
"21","Šò•ŒŒ§","21217","”ò‘ËŽs","212170089000","ŒÃì’¬ŽO”V’¬","36.234690","137.184021","0","1"
"21","Šò•ŒŒ§","21217","”ò‘ËŽs","212170090000","ŒÃì’¬‰º‹C‘½","36.246833","137.188506","0","1"
"21","Šò•ŒŒ§","21217","”ò‘ËŽs","212170091000","ŒÃì’¬‰º–ì","36.251646","137.147694","0","1"
"21","Šò•ŒŒ§","21217","”ò‘ËŽs","212170092000","ŒÃì’¬V‰h’¬","36.240860","137.182109","0","1"
"21","Šò•ŒŒ§","21217","”ò‘ËŽs","212170093000","ŒÃì’¬––^","36.278457","137.148341","0","1"
"21","Šò•ŒŒ§","21217","”ò‘ËŽs","212170094000","ŒÃì’¬––L’¬","36.237764","137.183868","0","1"
"21","Šò•ŒŒ§","21217","”ò‘ËŽs","212170095000","ŒÃì’¬™è","36.261166","137.162992","0","1"
"21","Šò•ŒŒ§","21217","”ò‘ËŽs","212170096000","ŒÃì’¬”‰Í","36.295415","137.195984","0","1"
"21","Šò•ŒŒ§","21217","”ò‘ËŽs","212170097000","ŒÃì’¬‘¾]","36.264736","137.196427","0","1"
"21","Šò•ŒŒ§","21217","”ò‘ËŽs","212170098000","ŒÃì’¬‚–ì","36.224063","137.175807","0","1"
"21","Šò•ŒŒ§","21217","”ò‘ËŽs","212170099000","ŒÃì’¬’J","36.270078","137.125281","0","1"
"21","Šò•ŒŒ§","21217","”ò‘ËŽs","212170100000","ŒÃì’¬Ž›’n","36.237794","137.145527","0","1"
"21","Šò•ŒŒ§","21217","”ò‘ËŽs","212170101000","ŒÃì’¬ŒËŽs","36.282118","137.164579","0","1"
"21","Šò•ŒŒ§","21217","”ò‘ËŽs","212170102000","ŒÃì’¬“a’¬","36.235116","137.188231","0","1"
"21","Šò•ŒŒ§","21217","”ò‘ËŽs","212170103000","ŒÃì’¬’†–ì","36.238994","137.154129","0","1"
"21","Šò•ŒŒ§","21217","”ò‘ËŽs","212170104000","ŒÃì’¬“ì¬’¬","36.227510","137.184559","0","1"
"21","Šò•ŒŒ§","21217","”ò‘ËŽs","212170105000","ŒÃì’¬“ó”V’¬","36.235660","137.184358","0","1"
"21","Šò•ŒŒ§","21217","”ò‘ËŽs","212170106000","ŒÃì’¬À’¬","36.248214","137.176178","0","1"
"21","Šò•ŒŒ§","21217","”ò‘ËŽs","212170107000","ŒÃì’¬–ìŒû","36.277625","137.138474","0","1"
"21","Šò•ŒŒ§","21217","”ò‘ËŽs","212170108000","ŒÃì’¬M•ï","36.256587","137.117937","0","1"
"21","Šò•ŒŒ§","21217","”ò‘ËŽs","212170109000","ŒÃì’¬“Œ’¬","36.231501","137.194268","0","1"
"21","Šò•ŒŒ§","21217","”ò‘ËŽs","212170110000","ŒÃì’¬•½Šâ","36.228926","137.163454","0","1"
"21","Šò•ŒŒ§","21217","”ò‘ËŽs","212170111000","ŒÃì’¬–{’¬","36.238202","137.186124","0","1"
"21","Šò•ŒŒ§","21217","”ò‘ËŽs","212170112000","ŒÃì’¬‘“‡’¬","36.231617","137.190085","0","1"
"21","Šò•ŒŒ§","21217","”ò‘ËŽs","212170113000","ŒÃì’¬‹{é’¬","36.239482","137.176468","0","1"
"21","Šò•ŒŒ§","21217","”ò‘ËŽs","212170114000","ŒÃì’¬Œü’¬","36.224160","137.186552","0","1"
"21","Šò•ŒŒ§","21217","”ò‘ËŽs","212170115001","ŒÃì’¬Œü’¬ˆê’š–Ú","36.232402","137.188280","0","3"
"21","Šò•ŒŒ§","21217","”ò‘ËŽs","212170115002","ŒÃì’¬Œü’¬“ñ’š–Ú","36.230403","137.185527","0","3"
"21","Šò•ŒŒ§","21217","”ò‘ËŽs","212170115003","ŒÃì’¬Œü’¬ŽO’š–Ú","36.231754","137.183790","0","3"
"21","Šò•ŒŒ§","21217","”ò‘ËŽs","212170116001","ŒÃì’¬Žá‹{ˆê’š–Ú","36.234398","137.194550","0","3"
"21","Šò•ŒŒ§","21217","”ò‘ËŽs","212170116002","ŒÃì’¬Žá‹{“ñ’š–Ú","36.238277","137.188729","0","3"
"21","Šò•ŒŒ§","21217","”ò‘ËŽs","212170116003","ŒÃì’¬Žá‹{ŽO’š–Ú","36.241789","137.183420","0","3"
"21","Šò•ŒŒ§","21217","”ò‘ËŽs","212170117000","‹{ì’¬¬“¤‘ò","36.435260","137.191944","0","1"
"21","Šò•ŒŒ§","21217","”ò‘ËŽs","212170118000","‹{ì’¬ˆ¼”ò","36.424855","137.213366","0","1"
"21","Šò•ŒŒ§","21217","”ò‘ËŽs","212170119000","‹{ì’¬‘Å•Û","36.373132","137.155534","0","1"
"21","Šò•ŒŒ§","21217","”ò‘ËŽs","212170120000","‹{ì’¬‘å–³Šå","36.301713","137.124166","0","1"
"21","Šò•ŒŒ§","21217","”ò‘ËŽs","212170121000","‹{ì’¬—Ž‡","36.309280","137.119450","0","1"
"21","Šò•ŒŒ§","21217","”ò‘ËŽs","212170122000","‹{ì’¬‰Á‰ê‘ò","36.436184","137.232913","0","1"
"21","Šò•ŒŒ§","21217","”ò‘ËŽs","212170123000","‹{ì’¬ŠÝ‰œ","36.313688","137.139487","0","1"
"21","Šò•ŒŒ§","21217","”ò‘ËŽs","212170124000","‹{ì’¬ŒK–ì","36.411019","137.171946","0","1"
"21","Šò•ŒŒ§","21217","”ò‘ËŽs","212170125000","‹{ì’¬¬’J","36.301402","137.154794","0","1"
"21","Šò•ŒŒ§","21217","”ò‘ËŽs","212170126000","‹{ì’¬ŽOìŒ´","36.357528","137.181646","0","1"
"21","Šò•ŒŒ§","21217","”ò‘ËŽs","212170127000","‹{ì’¬‰–‰®","36.378037","137.200233","0","1"
"21","Šò•ŒŒ§","21217","”ò‘ËŽs","212170128000","‹{ì’¬›À","36.337064","137.226960","0","1"
"21","Šò•ŒŒ§","21217","”ò‘ËŽs","212170129000","‹{ì’¬™Œ´","36.418274","137.186404","0","1"
"21","Šò•ŒŒ§","21217","”ò‘ËŽs","212170130000","‹{ì’¬‘ƒ”V“à","36.344387","137.181764","0","1"
"21","Šò•ŒŒ§","21217","”ò‘ËŽs","212170131000","‹{ì’¬‘ƒ”[’J","36.417580","137.202599","0","1"
"21","Šò•ŒŒ§","21217","”ò‘ËŽs","212170132000","‹{ì’¬‚–q","36.342920","137.160873","0","1"
"21","Šò•ŒŒ§","21217","”ò‘ËŽs","212170133000","‹{ì’¬Ží‘ ","36.354172","137.194607","0","1"
"21","Šò•ŒŒ§","21217","”ò‘ËŽs","212170134000","‹{ì’¬ŒË’J","36.397330","137.160201","0","1"
"21","Šò•ŒŒ§","21217","”ò‘ËŽs","212170135000","‹{ì’¬’†‘òã","36.395997","137.180635","0","1"
"21","Šò•ŒŒ§","21217","”ò‘ËŽs","212170136000","‹{ì’¬¼”E","36.341356","137.141824","0","1"
"21","Šò•ŒŒ§","21217","”ò‘ËŽs","212170137000","‹{ì’¬”I‹XƒP‘òã","36.405409","137.192609","0","1"
"21","Šò•ŒŒ§","21217","”ò‘ËŽs","212170138000","‹{ì’¬–ìŽñ","36.323417","137.138749","0","1"
"21","Šò•ŒŒ§","21217","”ò‘ËŽs","212170139000","‹{ì’¬—Ñ","36.321955","137.149480","0","1"
"21","Šò•ŒŒ§","21217","”ò‘ËŽs","212170140000","‹{ì’¬“´","36.398547","137.221603","0","1"
"21","Šò•ŒŒ§","21217","”ò‘ËŽs","212170141000","‹{ì’¬–qŒË","36.325942","137.160417","0","1"
"21","Šò•ŒŒ§","21217","”ò‘ËŽs","212170142000","‹{ì’¬ŠÛŽR","36.324672","137.182678","0","1"
"21","Šò•ŒŒ§","21217","”ò‘ËŽs","212170143000","‹{ì’¬–œ”g","36.405702","137.128635","0","1"
"21","Šò•ŒŒ§","21217","”ò‘ËŽs","212170144000","‹{ì’¬XˆÀ","36.338494","137.115758","0","1"
"21","Šò•ŒŒ§","21217","”ò‘ËŽs","212170145000","‹{ì’¬ŽR”VŽR","36.386559","137.195694","0","1"
"21","Šò•ŒŒ§","21218","–{‘ƒŽs","212180001000","ó–Ø","35.441528","136.638497","0","1"
"21","Šò•ŒŒ§","21218","–{‘ƒŽs","212180002000","—L—¢","35.465634","136.661181","0","1"
"21","Šò•ŒŒ§","21218","–{‘ƒŽs","212180003000","Î_","35.489272","136.660859","0","1"
"21","Šò•ŒŒ§","21218","–{‘ƒŽs","212180004000","ÎŒ´","35.453056","136.687954","0","1"
"21","Šò•ŒŒ§","21218","–{‘ƒŽs","212180005000","ŠC˜V","35.447846","136.640026","0","1"
"21","Šò•ŒŒ§","21218","–{‘ƒŽs","212180006000","”‰®","35.466716","136.652894","0","1"
"21","Šò•ŒŒ§","21218","–{‘ƒŽs","212180007000","ã‚‰®","35.474205","136.657494","0","1"
"21","Šò•ŒŒ§","21218","–{‘ƒŽs","212180008000","ã•Û","35.466936","136.682060","0","1"
"21","Šò•ŒŒ§","21218","–{‘ƒŽs","212180009000","ã^ŒK","35.441836","136.671705","0","1"
"21","Šò•ŒŒ§","21218","–{‘ƒŽs","212180010000","ŒyŠC","35.430063","136.658754","0","1"
"21","Šò•ŒŒ§","21218","–{‘ƒŽs","212180011000","–k–ì","35.459783","136.695408","0","1"
"21","Šò•ŒŒ§","21218","–{‘ƒŽs","212180012000","‹àŒ´","35.579594","136.650358","0","1"
"21","Šò•ŒŒ§","21218","–{‘ƒŽs","212180013000","ŒS•{","35.461868","136.688088","0","1"
"21","Šò•ŒŒ§","21218","–{‘ƒŽs","212180014000","_ŠC","35.538361","136.653132","0","1"
"21","Šò•ŒŒ§","21218","–{‘ƒŽs","212180015000","¬Š`","35.424619","136.677226","0","1"
"21","Šò•ŒŒ§","21218","–{‘ƒŽs","212180016000","‘—Ì","35.436637","136.639694","0","1"
"21","Šò•ŒŒ§","21218","–{‘ƒŽs","212180017000","–Ø’mŒ´","35.525674","136.671471","0","1"
"21","Šò•ŒŒ§","21218","–{‘ƒŽs","212180018000","²Œ´","35.561853","136.642797","0","1"
"21","Šò•ŒŒ§","21218","–{‘ƒŽs","212180019000","ŽµŒÜŽO","35.451425","136.654911","0","1"
"21","Šò•ŒŒ§","21218","–{‘ƒŽs","212180020000","‰º•Ÿ“‡","35.424349","136.648990","0","1"
"21","Šò•ŒŒ§","21218","–{‘ƒŽs","212180021000","‰º^ŒK","35.438098","136.659721","0","1"
"21","Šò•ŒŒ§","21218","–{‘ƒŽs","212180022000","\Žlð","35.423991","136.662610","0","1"
"21","Šò•ŒŒ§","21218","–{‘ƒŽs","212180023000","Œ´","35.460143","136.660221","0","1"
"21","Šò•ŒŒ§","21218","–{‘ƒŽs","212180024000","‘]ˆä’†“‡","35.486775","136.667781","0","1"
"21","Šò•ŒŒ§","21218","–{‘ƒŽs","212180025000","@Œc","35.429892","136.672712","0","1"
"21","Šò•ŒŒ§","21218","–{‘ƒŽs","212180026000","ŠOŽR","35.560827","136.670239","0","1"
"21","Šò•ŒŒ§","21218","–{‘ƒŽs","212180027000","’·‰®","35.475226","136.669007","0","1"
"21","Šò•ŒŒ§","21218","–{‘ƒŽs","212180028000","‰·ˆä","35.432838","136.636212","0","1"
"21","Šò•ŒŒ§","21218","–{‘ƒŽs","212180029000","ª”ö”ÂŠ","35.620737","136.628911","0","1"
"21","Šò•ŒŒ§","21218","–{‘ƒŽs","212180030000","ª”öŽsê","35.639325","136.610975","0","1"
"21","Šò•ŒŒ§","21218","–{‘ƒŽs","212180031000","ª”ö‰F’ÃŽu","35.578691","136.623372","0","1"
"21","Šò•ŒŒ§","21218","–{‘ƒŽs","212180032000","ª”ö‘åˆä","35.656898","136.556477","0","1"
"21","Šò•ŒŒ§","21218","–{‘ƒŽs","212180033000","ª”ö‘å‰ÍŒ´","35.759241","136.554524","0","1"
"21","Šò•ŒŒ§","21218","–{‘ƒŽs","212180034000","ª”ö‰œ’J","35.619108","136.653476","0","1"
"21","Šò•ŒŒ§","21218","–{‘ƒŽs","212180035000","ª”ö¬Ž­","35.653561","136.638601","0","1"
"21","Šò•ŒŒ§","21218","–{‘ƒŽs","212180036000","ª”ö‰z‘²","35.666874","136.604874","0","1"
"21","Šò•ŒŒ§","21218","–{‘ƒŽs","212180037000","ª”ö‰z”g","35.756820","136.620292","0","1"
"21","Šò•ŒŒ§","21218","–{‘ƒŽs","212180038000","ª”ö–å˜e","35.668939","136.597577","0","1"
"21","Šò•ŒŒ§","21218","–{‘ƒŽs","212180039000","ª”öã‘å{","35.744822","136.659611","0","1"
"21","Šò•ŒŒ§","21218","–{‘ƒŽs","212180040000","ª”öŒû’J","35.630113","136.638690","0","1"
"21","Šò•ŒŒ§","21218","–{‘ƒŽs","212180041000","ª”ö•’Ã","35.707152","136.603305","0","1"
"21","Šò•ŒŒ§","21218","–{‘ƒŽs","212180042000","ª”ö_Š","35.636711","136.597260","0","1"
"21","Šò•ŒŒ§","21218","–{‘ƒŽs","212180043000","ª”ö‰º‘å{","35.701823","136.665392","0","1"
"21","Šò•ŒŒ§","21218","–{‘ƒŽs","212180044000","ª”ö‚”ö","35.592494","136.609081","0","1"
"21","Šò•ŒŒ§","21218","–{‘ƒŽs","212180045000","ª”ö’MŒ©","35.638367","136.618502","0","1"
"21","Šò•ŒŒ§","21218","–{‘ƒŽs","212180046000","ª”ö“V_“°","35.673025","136.581480","0","1"
"21","Šò•ŒŒ§","21218","–{‘ƒŽs","212180047000","ª”ö’†","35.647119","136.599978","0","1"
"21","Šò•ŒŒ§","21218","–{‘ƒŽs","212180048000","ª”ö’·“‡","35.688380","136.588189","0","1"
"21","Šò•ŒŒ§","21218","–{‘ƒŽs","212180049000","ª”ö’·—ä","35.668355","136.588346","0","1"
"21","Šò•ŒŒ§","21218","–{‘ƒŽs","212180050000","ª”ö¼”Â‰®","35.658050","136.612064","0","1"
"21","Šò•ŒŒ§","21218","–{‘ƒŽs","212180051000","ª”ö”\‹½","35.707598","136.552115","0","1"
"21","Šò•ŒŒ§","21218","–{‘ƒŽs","212180052000","ª”ö“Œ”Â‰®","35.647734","136.623397","0","1"
"21","Šò•ŒŒ§","21218","–{‘ƒŽs","212180053000","ª”ö•½–ì","35.600482","136.634742","0","1"
"21","Šò•ŒŒ§","21218","–{‘ƒŽs","212180054000","ª”ö¼“c","35.663223","136.667450","0","1"
"21","Šò•ŒŒ§","21218","–{‘ƒŽs","212180055000","ª”ö…’¹","35.606328","136.588950","0","1"
"21","Šò•ŒŒ§","21218","–{‘ƒŽs","212180056000","‘–ì","35.452634","136.663974","0","1"
"21","Šò•ŒŒ§","21218","–{‘ƒŽs","212180057000","t‹ß","35.452214","136.695716","0","1"
"21","Šò•ŒŒ§","21218","–{‘ƒŽs","212180058000","“ú“–","35.592553","136.644223","0","1"
"21","Šò•ŒŒ§","21218","–{‘ƒŽs","212180059000","•§¶Ž›","35.445788","136.686546","0","1"
"21","Šò•ŒŒ§","21218","–{‘ƒŽs","212180060000","–@—ÑŽ›","35.505413","136.684681","0","1"
"21","Šò•ŒŒ§","21218","–{‘ƒŽs","212180061000","­“c","35.436504","136.646887","0","1"
"21","Šò•ŒŒ§","21218","–{‘ƒŽs","212180062000","ŽO‹´","35.454029","136.676811","0","1"
"21","Šò•ŒŒ§","21218","–{‘ƒŽs","212180063001","ŽO‹´ˆê’š–Ú","35.451565","136.674762","0","3"
"21","Šò•ŒŒ§","21218","–{‘ƒŽs","212180063002","ŽO‹´“ñ’š–Ú","35.451501","136.676015","0","3"
"21","Šò•ŒŒ§","21218","–{‘ƒŽs","212180063003","ŽO‹´ŽO’š–Ú","35.448035","136.677155","0","3"
"21","Šò•ŒŒ§","21218","–{‘ƒŽs","212180063004","ŽO‹´Žl’š–Ú","35.445720","136.677689","0","3"
"21","Šò•ŒŒ§","21218","–{‘ƒŽs","212180063005","ŽO‹´ŒÜ’š–Ú","35.447859","136.676169","0","3"
"21","Šò•ŒŒ§","21218","–{‘ƒŽs","212180064000","ŽO‹´’ß•‘","35.448354","136.674655","0","1"
"21","Šò•ŒŒ§","21218","–{‘ƒŽs","212180065000","Œ©‰„","35.462992","136.668509","0","1"
"21","Šò•ŒŒ§","21218","–{‘ƒŽs","212180066000","•¶Žê","35.493334","136.683018","0","1"
"21","Šò•ŒŒ§","21218","–{‘ƒŽs","212180067000","‰®ˆä","35.455178","136.648230","0","1"
"21","Šò•ŒŒ§","21218","–{‘ƒŽs","212180068000","ŽRŒû","35.510588","136.665940","0","1"
"21","Šò•ŒŒ§","21219","ŒSãŽs","212190001000","”’’¹’¬ˆ¢‘½Šò","35.922028","136.939302","0","1"
"21","Šò•ŒŒ§","21219","ŒSãŽs","212190002000","”’’¹’¬Î“O”’","36.007596","136.781594","0","1"
"21","Šò•ŒŒ§","21219","ŒSãŽs","212190003000","”’’¹’¬‘å“‡","35.861150","136.860441","0","1"
"21","Šò•ŒŒ§","21219","ŒSãŽs","212190004000","”’’¹’¬‰¶’n","35.884387","136.884584","0","1"
"21","Šò•ŒŒ§","21219","ŒSãŽs","212190005000","”’’¹’¬‰z²","35.858401","136.847033","0","1"
"21","Šò•ŒŒ§","21219","ŒSãŽs","212190006000","”’’¹’¬”’’¹","35.897286","136.864361","0","1"
"21","Šò•ŒŒ§","21219","ŒSãŽs","212190007000","”’’¹’¬ˆ×^","35.878107","136.868364","0","1"
"21","Šò•ŒŒ§","21219","ŒSãŽs","212190008000","”’’¹’¬’·‘ê","35.917111","136.822815","0","1"
"21","Šò•ŒŒ§","21219","ŒSãŽs","212190009000","”’’¹’¬’†’Ã‰®","35.853777","136.880866","0","1"
"21","Šò•ŒŒ§","21219","ŒSãŽs","212190010000","”’’¹’¬’†¼","35.895797","136.888596","0","1"
"21","Šò•ŒŒ§","21219","ŒSãŽs","212190011000","”’’¹’¬“ß—¯","35.872621","136.887291","0","1"
"21","Šò•ŒŒ§","21219","ŒSãŽs","212190012000","”’’¹’¬–ì“Y","35.894667","136.903660","0","1"
"21","Šò•ŒŒ§","21219","ŒSãŽs","212190013000","”’’¹’¬Š±“c–ì","35.935717","136.808289","0","1"
"21","Šò•ŒŒ§","21219","ŒSãŽs","212190014000","”’’¹’¬“ñ“ú’¬","35.905274","136.834568","0","1"
"21","Šò•ŒŒ§","21219","ŒSãŽs","212190015000","”’’¹’¬•àŠò“‡","35.933730","136.836845","0","1"
"21","Šò•ŒŒ§","21219","ŒSãŽs","212190016000","”’’¹’¬‘O’J","35.968512","136.824955","0","1"
"21","Šò•ŒŒ§","21219","ŒSãŽs","212190017000","”’’¹’¬Œü¬‘Ê—Ç","35.875321","136.834644","0","1"
"21","Šò•ŒŒ§","21219","ŒSãŽs","212190018000","”’’¹’¬˜Zƒm—¢","35.900279","136.944564","0","1"
"21","Šò•ŒŒ§","21219","ŒSãŽs","212190019000","‚˜h’¬ˆ¼—§","35.947413","136.854537","0","1"
"21","Šò•ŒŒ§","21219","ŒSãŽs","212190020000","‚˜h’¬‘å˜h","35.965896","136.878375","0","1"
"21","Šò•ŒŒ§","21219","ŒSãŽs","212190021000","‚˜h’¬¼“´","35.990241","136.883663","0","1"
"21","Šò•ŒŒ§","21219","ŒSãŽs","212190022000","‚˜h’¬‚Ð‚é‚ª‚Ì","36.008367","136.902068","0","1"
"21","Šò•ŒŒ§","21219","ŒSãŽs","212190023000","‚˜h’¬˜hŒ©","35.968805","136.930759","0","1"
"21","Šò•ŒŒ§","21219","ŒSãŽs","212190024000","”ª”¦’¬‘Š¶","35.739988","136.896922","0","1"
"21","Šò•ŒŒ§","21219","ŒSãŽs","212190025000","”ª”¦’¬ˆÀ‹v“c","35.730490","136.971959","0","1"
"21","Šò•ŒŒ§","21219","ŒSãŽs","212190026000","”ª”¦’¬ˆ®","35.758483","137.015691","0","1"
"21","Šò•ŒŒ§","21219","ŒSãŽs","212190027000","”ª”¦’¬—Lâ","35.759143","136.927527","0","1"
"21","Šò•ŒŒ§","21219","ŒSãŽs","212190028000","”ª”¦’¬—L•ä","35.830914","137.026045","0","1"
"21","Šò•ŒŒ§","21219","ŒSãŽs","212190029000","”ª”¦’¬Žs“‡","35.787934","137.025626","0","1"
"21","Šò•ŒŒ§","21219","ŒSãŽs","212190030000","”ª”¦’¬ˆî¬","35.734066","136.955998","0","1"
"21","Šò•ŒŒ§","21219","ŒSãŽs","212190031000","”ª”¦’¬“üŠÔ","35.755931","137.043363","0","1"
"21","Šò•ŒŒ§","21219","ŒSãŽs","212190032000","”ª”¦’¬‘åŽè’¬","35.751567","136.956721","0","1"
"21","Šò•ŒŒ§","21219","ŒSãŽs","212190033000","”ª”¦’¬”öè’¬","35.751194","136.951400","0","1"
"21","Šò•ŒŒ§","21219","ŒSãŽs","212190034000","”ª”¦’¬¬“ß”ä","35.671120","137.030110","0","1"
"21","Šò•ŒŒ§","21219","ŒSãŽs","212190035000","”ª”¦’¬¬–ì","35.761089","136.972811","0","1"
"21","Šò•ŒŒ§","21219","ŒSãŽs","212190036002","”ª”¦’¬¬–ì“ñ’š–Ú","35.754345","136.967549","0","3"
"21","Šò•ŒŒ§","21219","ŒSãŽs","212190036003","”ª”¦’¬¬–ìŽO’š–Ú","35.755608","136.966755","0","3"
"21","Šò•ŒŒ§","21219","ŒSãŽs","212190036004","”ª”¦’¬¬–ìŽl’š–Ú","35.755307","136.969563","0","3"
"21","Šò•ŒŒ§","21219","ŒSãŽs","212190036005","”ª”¦’¬¬–ìŒÜ’š–Ú","35.757201","136.969190","0","3"
"21","Šò•ŒŒ§","21219","ŒSãŽs","212190036006","”ª”¦’¬¬–ì˜Z’š–Ú","35.755860","136.971767","0","3"
"21","Šò•ŒŒ§","21219","ŒSãŽs","212190036007","”ª”¦’¬¬–ìŽµ’š–Ú","35.759004","136.974340","0","3"
"21","Šò•ŒŒ§","21219","ŒSãŽs","212190036008","”ª”¦’¬¬–ì”ª’š–Ú","35.757305","136.973757","0","3"
"21","Šò•ŒŒ§","21219","ŒSãŽs","212190037000","”ª”¦’¬‰ÍŽ­","35.820134","136.991079","0","1"
"21","Šò•ŒŒ§","21219","ŒSãŽs","212190038000","”ª”¦’¬’b–è‰®’¬","35.751933","136.956033","0","1"
"21","Šò•ŒŒ§","21219","ŒSãŽs","212190039000","”ª”¦’¬ŒÜ’¬","35.759174","136.945826","0","1"
"21","Šò•ŒŒ§","21219","ŒSãŽs","212190040001","”ª”¦’¬ŒÜ’¬ˆê’š–Ú","35.754280","136.945504","0","3"
"21","Šò•ŒŒ§","21219","ŒSãŽs","212190040002","”ª”¦’¬ŒÜ’¬“ñ’š–Ú","35.753844","136.943970","0","3"
"21","Šò•ŒŒ§","21219","ŒSãŽs","212190040003","”ª”¦’¬ŒÜ’¬ŽO’š–Ú","35.759118","136.942516","0","3"
"21","Šò•ŒŒ§","21219","ŒSãŽs","212190040004","”ª”¦’¬ŒÜ’¬Žl’š–Ú","35.758067","136.940723","0","3"
"21","Šò•ŒŒ§","21219","ŒSãŽs","212190041000","”ª”¦’¬æ’¬","35.750019","136.957437","0","1"
"21","Šò•ŒŒ§","21219","ŒSãŽs","212190042000","”ª”¦’¬÷’¬","35.751583","136.961252","0","1"
"21","Šò•ŒŒ§","21219","ŒSãŽs","212190043000","”ª”¦’¬“‡","35.770460","136.921646","0","1"
"21","Šò•ŒŒ§","21219","ŒSãŽs","212190044000","”ª”¦’¬“‡’J","35.745390","136.961700","0","1"
"21","Šò•ŒŒ§","21219","ŒSãŽs","212190045000","”ª”¦’¬é“ì’¬","35.743320","136.949152","0","1"
"21","Šò•ŒŒ§","21219","ŒSãŽs","212190046000","”ª”¦’¬El’¬","35.753412","136.955916","0","1"
"21","Šò•ŒŒ§","21219","ŒSãŽs","212190047000","”ª”¦’¬‰”[","35.792638","136.998857","0","1"
"21","Šò•ŒŒ§","21219","ŒSãŽs","212190048000","”ª”¦’¬V’¬","35.748711","136.956263","0","1"
"21","Šò•ŒŒ§","21219","ŒSãŽs","212190049000","”ª”¦’¬F‰Í","35.706403","137.025939","0","1"
"21","Šò•ŒŒ§","21219","ŒSãŽs","212190050000","”ª”¦’¬£Žæ","35.775619","136.934227","0","1"
"21","Šò•ŒŒ§","21219","ŒSãŽs","212190051000","”ª”¦’¬‘å³’¬","35.747578","136.951013","0","1"
"21","Šò•ŒŒ§","21219","ŒSãŽs","212190052000","”ª”¦’¬“a’¬","35.752316","136.957137","0","1"
"21","Šò•ŒŒ§","21219","ŒSãŽs","212190053000","”ª”¦’¬’†’Ø","35.760672","136.955457","0","1"
"21","Šò•ŒŒ§","21219","ŒSãŽs","212190054001","”ª”¦’¬’†’Øˆê’š–Ú","35.756868","136.954549","0","3"
"21","Šò•ŒŒ§","21219","ŒSãŽs","212190054002","”ª”¦’¬’†’Ø“ñ’š–Ú","35.758814","136.952358","0","3"
"21","Šò•ŒŒ§","21219","ŒSãŽs","212190054003","”ª”¦’¬’†’ØŽO’š–Ú","35.760263","136.951153","0","3"
"21","Šò•ŒŒ§","21219","ŒSãŽs","212190055000","”ª”¦’¬“ß”ä","35.699002","136.878896","0","1"
"21","Šò•ŒŒ§","21219","ŒSãŽs","212190056000","”ª”¦’¬¼‰³Œ´","35.696655","136.933830","0","1"
"21","Šò•ŒŒ§","21219","ŒSãŽs","212190057000","”ª”¦’¬–ìX‘q","35.685176","137.005969","0","1"
"21","Šò•ŒŒ§","21219","ŒSãŽs","212190058000","”ª”¦’¬‹´–{’¬","35.748916","136.958025","0","1"
"21","Šò•ŒŒ§","21219","ŒSãŽs","212190059000","”ª”¦’¬‰‰¹","35.784000","136.960035","0","1"
"21","Šò•ŒŒ§","21219","ŒSãŽs","212190060000","”ª”¦’¬–{’¬","35.750308","136.956568","0","1"
"21","Šò•ŒŒ§","21219","ŒSãŽs","212190061000","”ª”¦’¬”üŽR","35.733830","137.003232","0","1"
"21","Šò•ŒŒ§","21219","ŒSãŽs","212190062000","”ª”¦’¬ŒüŽR","35.754564","136.955040","0","1"
"21","Šò•ŒŒ§","21219","ŒSãŽs","212190063000","”ª”¦’¬–ö’¬","35.752442","136.959208","0","1"
"21","Šò•ŒŒ§","21219","ŒSãŽs","212190064000","”ª”¦’¬‹g–ì","35.709875","136.960750","0","1"
"21","Šò•ŒŒ§","21219","ŒSãŽs","212190065000","”ü•À’¬”~Œ´","35.705354","136.980879","0","1"
"21","Šò•ŒŒ§","21219","ŒSãŽs","212190066000","”ü•À’¬‘åŒ´","35.625877","136.967317","0","1"
"21","Šò•ŒŒ§","21219","ŒSãŽs","212190067000","”ü•À’¬ã“c","35.628454","136.926862","0","1"
"21","Šò•ŒŒ§","21219","ŒSãŽs","212190068000","”ü•À’¬‚»","35.665538","136.910824","0","1"
"21","Šò•ŒŒ§","21219","ŒSãŽs","212190069000","”ü•À’¬”’ŽR","35.658297","136.972137","0","1"
"21","Šò•ŒŒ§","21219","ŒSãŽs","212190070000","”ü•À’¬ŽOŒË","35.682029","136.979744","0","1"
"21","Šò•ŒŒ§","21219","ŒSãŽs","212190071000","”ü•À’¬ŽR“c","35.677410","136.950012","0","1"
"21","Šò•ŒŒ§","21219","ŒSãŽs","212190072000","–¾•ó‘å’J","35.853885","137.014708","0","1"
"21","Šò•ŒŒ§","21219","ŒSãŽs","212190073000","–¾•ó¬ì","35.882743","137.109534","0","1"
"21","Šò•ŒŒ§","21219","ŒSãŽs","212190074000","–¾•ó‰œZ","35.914902","137.048076","0","1"
"21","Šò•ŒŒ§","21219","ŒSãŽs","212190075000","–¾•óŠ¦…","35.876763","136.982292","0","1"
"21","Šò•ŒŒ§","21219","ŒSãŽs","212190076000","–¾•ó‹C—Ç","35.890085","137.014408","0","1"
"21","Šò•ŒŒ§","21219","ŒSãŽs","212190077000","–¾•ó”¨²","35.853298","137.062140","0","1"
"21","Šò•ŒŒ§","21219","ŒSãŽs","212190078000","–¾•ó“ñŠÔŽè","35.859280","137.042102","0","1"
"21","Šò•ŒŒ§","21219","ŒSãŽs","212190079000","‘å˜a’¬“àƒ–’J","35.796316","136.828830","0","1"
"21","Šò•ŒŒ§","21219","ŒSãŽs","212190080000","‘å˜a’¬‘åŠÔŒ©","35.848981","136.907185","0","1"
"21","Šò•ŒŒ§","21219","ŒSãŽs","212190081000","‘å˜a’¬—Ž•”","35.812240","136.873410","0","1"
"21","Šò•ŒŒ§","21219","ŒSãŽs","212190082000","‘å˜a’¬‰Í•Ó","35.795958","136.913879","0","1"
"21","Šò•ŒŒ§","21219","ŒSãŽs","212190083000","‘å˜a’¬_˜H","35.793919","136.932901","0","1"
"21","Šò•ŒŒ§","21219","ŒSãŽs","212190084000","‘å˜a’¬ŒI‘ƒ","35.850231","136.942404","0","1"
"21","Šò•ŒŒ§","21219","ŒSãŽs","212190085000","‘å˜a’¬¬ŠÔŒ©","35.841331","136.924582","0","1"
"21","Šò•ŒŒ§","21219","ŒSãŽs","212190086000","‘å˜a’¬“‡","35.779288","136.899412","0","1"
"21","Šò•ŒŒ§","21219","ŒSãŽs","212190087000","‘å˜a’¬Œ•","35.831351","136.891765","0","1"
"21","Šò•ŒŒ§","21219","ŒSãŽs","212190088000","‘å˜a’¬“¿‰i","35.809374","136.902343","0","1"
"21","Šò•ŒŒ§","21219","ŒSãŽs","212190089000","‘å˜a’¬–¼ŽM•”","35.813196","136.890032","0","1"
"21","Šò•ŒŒ§","21219","ŒSãŽs","212190090000","‘å˜a’¬ŒÃ“¹","35.835856","136.963999","0","1"
"21","Šò•ŒŒ§","21219","ŒSãŽs","212190091000","‘å˜a’¬–q","35.815941","136.925143","0","1"
"21","Šò•ŒŒ§","21219","ŒSãŽs","212190092000","‘å˜a’¬–œê","35.835494","136.875503","0","1"
"21","Šò•ŒŒ§","21219","ŒSãŽs","212190093000","˜a—Ç’¬ˆÀ‹½–ì","35.752555","137.102157","0","1"
"21","Šò•ŒŒ§","21219","ŒSãŽs","212190094000","˜a—Ç’¬Ž­‘q","35.811112","137.070347","0","1"
"21","Šò•ŒŒ§","21219","ŒSãŽs","212190095000","˜a—Ç’¬‘ò","35.740225","137.078304","0","1"
"21","Šò•ŒŒ§","21219","ŒSãŽs","212190096000","˜a—Ç’¬‰º“´","35.760788","137.088573","0","1"
"21","Šò•ŒŒ§","21219","ŒSãŽs","212190097000","˜a—Ç’¬“y‹ž","35.800821","137.114347","0","1"
"21","Šò•ŒŒ§","21219","ŒSãŽs","212190098000","˜a—Ç’¬–ìK","35.749720","137.065108","0","1"
"21","Šò•ŒŒ§","21219","ŒSãŽs","212190099000","˜a—Ç’¬•û{","35.745883","137.114723","0","1"
"21","Šò•ŒŒ§","21219","ŒSãŽs","212190100000","˜a—Ç’¬–@ŽtŠÛ","35.736826","137.090622","0","1"
"21","Šò•ŒŒ§","21219","ŒSãŽs","212190101000","˜a—Ç’¬ŽOŒÉ","35.722856","137.049595","0","1"
"21","Šò•ŒŒ§","21219","ŒSãŽs","212190102000","˜a—Ç’¬‹{’n","35.738897","137.073809","0","1"
"21","Šò•ŒŒ§","21219","ŒSãŽs","212190103000","˜a—Ç’¬‹{‘ã","35.766459","137.070616","0","1"
"21","Šò•ŒŒ§","21219","ŒSãŽs","212190104000","˜a—Ç’¬‰¡–ì","35.736295","137.065679","0","1"
"21","Šò•ŒŒ§","21220","‰º˜CŽs","212200001000","¬ì","35.786543","137.263576","0","1"
"21","Šò•ŒŒ§","21220","‰º˜CŽs","212200002000","¬â’¬ÔÀ“c","35.919554","137.285252","0","1"
"21","Šò•ŒŒ§","21220","‰º˜CŽs","212200003000","¬â’¬Šâè","35.992196","137.250142","0","1"
"21","Šò•ŒŒ§","21220","‰º˜CŽs","212200004000","¬â’¬‘åŠ_“à","35.960050","137.266279","0","1"
"21","Šò•ŒŒ§","21220","‰º˜CŽs","212200005000","¬â’¬‘å“‡","35.955351","137.243979","0","1"
"21","Šò•ŒŒ§","21220","‰º˜CŽs","212200006000","¬â’¬‘å“´","35.866152","137.308291","0","1"
"21","Šò•ŒŒ§","21220","‰º˜CŽs","212200007000","¬â’¬¬â’¬","35.952042","137.264392","0","1"
"21","Šò•ŒŒ§","21220","‰º˜CŽs","212200008000","¬â’¬—Ž‡","35.933313","137.381942","0","1"
"21","Šò•ŒŒ§","21220","‰º˜CŽs","212200009000","¬â’¬–åâ","35.977412","137.295518","0","1"
"21","Šò•ŒŒ§","21220","‰º˜CŽs","212200010000","¬â’¬â‰º","35.930796","137.262513","0","1"
"21","Šò•ŒŒ§","21220","‰º˜CŽs","212200011000","¬â’¬’·£","35.940199","137.277647","0","1"
"21","Šò•ŒŒ§","21220","‰º˜CŽs","212200012000","¬â’¬–³”Œ´","35.979383","137.243390","0","1"
"21","Šò•ŒŒ§","21220","‰º˜CŽs","212200013000","¬â’¬“’‰®","35.915093","137.306153","0","1"
"21","Šò•ŒŒ§","21220","‰º˜CŽs","212200014000","–åŒ´","35.766736","137.205168","0","1"
"21","Šò•ŒŒ§","21220","‰º˜CŽs","212200015000","–å˜a²","35.708563","137.288203","0","1"
"21","Šò•ŒŒ§","21220","‰º˜CŽs","212200016000","‹àŽR’¬Šâ£","35.735942","137.153952","0","1"
"21","Šò•ŒŒ§","21220","‰º˜CŽs","212200017000","‹àŽR’¬‰K–ìŒ´","35.778045","137.150412","0","1"
"21","Šò•ŒŒ§","21220","‰º˜CŽs","212200018000","‹àŽR’¬‘å‘D“n","35.662537","137.169304","0","1"
"21","Šò•ŒŒ§","21220","‰º˜CŽs","212200019000","‹àŽR’¬‰³Œ´","35.749319","137.142314","0","1"
"21","Šò•ŒŒ§","21220","‰º˜CŽs","212200020000","‹àŽR’¬‹àŽR","35.668673","137.135917","0","1"
"21","Šò•ŒŒ§","21220","‰º˜CŽs","212200021000","‹àŽR’¬‰ºŒ´’¬","35.666205","137.160612","0","1"
"21","Šò•ŒŒ§","21220","‰º˜CŽs","212200022000","‹àŽR’¬›“c‹Ë“´","35.647793","137.127918","0","1"
"21","Šò•ŒŒ§","21220","‰º˜CŽs","212200023000","‹àŽR’¬›“cù“´","35.650622","137.099137","0","1"
"21","Šò•ŒŒ§","21220","‰º˜CŽs","212200024000","‹àŽR’¬‘cŽt–ì","35.721149","137.125936","0","1"
"21","Šò•ŒŒ§","21220","‰º˜CŽs","212200025000","‹àŽR’¬“c“‡","35.657395","137.183919","0","1"
"21","Šò•ŒŒ§","21220","‰º˜CŽs","212200026000","‹àŽR’¬ŒË•”","35.700228","137.095220","0","1"
"21","Šò•ŒŒ§","21220","‰º˜CŽs","212200027000","‹àŽR’¬’†Ø","35.707872","137.168010","0","1"
"21","Šò•ŒŒ§","21220","‰º˜CŽs","212200028000","‹àŽR’¬’†’ÃŒ´","35.672233","137.177962","0","1"
"21","Šò•ŒŒ§","21220","‰º˜CŽs","212200029000","‹àŽR’¬“ŒŒB•”","35.693721","137.148360","0","1"
"21","Šò•ŒŒ§","21220","‰º˜CŽs","212200030000","‹àŽR’¬•Ÿ—ˆ","35.688435","137.190047","0","1"
"21","Šò•ŒŒ§","21220","‰º˜CŽs","212200031000","‹àŽR’¬‹|Š|","35.817619","137.152559","0","1"
"21","Šò•ŒŒ§","21220","‰º˜CŽs","212200032000","‹àŽR’¬“n","35.673629","137.154697","0","1"
"21","Šò•ŒŒ§","21220","‰º˜CŽs","212200033000","‹v–ìì","35.732958","137.245472","0","1"
"21","Šò•ŒŒ§","21220","‰º˜CŽs","212200034000","K“c","35.801702","137.224846","0","1"
"21","Šò•ŒŒ§","21220","‰º˜CŽs","212200035000","ŽOŒ´","35.780814","137.243649","0","1"
"21","Šò•ŒŒ§","21220","‰º˜CŽs","212200036000","­ƒP–ì","35.792286","137.235571","0","1"
"21","Šò•ŒŒ§","21220","‰º˜CŽs","212200037000","£ŒË","35.733139","137.191967","0","1"
"21","Šò•ŒŒ§","21220","‰º˜CŽs","212200038000","“cŒû","35.730039","137.289668","0","1"
"21","Šò•ŒŒ§","21220","‰º˜CŽs","212200039000","‰ÄÄ","35.747328","137.274258","0","1"
"21","Šò•ŒŒ§","21220","‰º˜CŽs","212200040000","–ìK","35.761621","137.305759","0","1"
"21","Šò•ŒŒ§","21220","‰º˜CŽs","212200041000","æ­","35.798949","137.303110","0","1"
"21","Šò•ŒŒ§","21220","‰º˜CŽs","212200042000","”‹Œ´’¬Õ’Ã","35.850650","137.210585","0","1"
"21","Šò•ŒŒ§","21220","‰º˜CŽs","212200043000","”‹Œ´’¬ã‘º","35.873143","137.240508","0","1"
"21","Šò•ŒŒ§","21220","‰º˜CŽs","212200044000","”‹Œ´’¬‘åƒ–“´","35.913420","137.234644","0","1"
"21","Šò•ŒŒ§","21220","‰º˜CŽs","212200045000","”‹Œ´’¬‰œ“c“´","35.909271","137.225710","0","1"
"21","Šò•ŒŒ§","21220","‰º˜CŽs","212200046000","”‹Œ´’¬”öè","35.944382","137.181047","0","1"
"21","Šò•ŒŒ§","21220","‰º˜CŽs","212200047000","”‹Œ´’¬÷“´","35.884028","137.239015","0","1"
"21","Šò•ŒŒ§","21220","‰º˜CŽs","212200048000","”‹Œ´’¬Žl”ü","35.944225","137.211956","0","1"
"21","Šò•ŒŒ§","21220","‰º˜CŽs","212200049000","”‹Œ´’¬ã˜C","35.906641","137.212457","0","1"
"21","Šò•ŒŒ§","21220","‰º˜CŽs","212200050000","”‹Œ´’¬’†˜C","35.852582","137.236469","0","1"
"21","Šò•ŒŒ§","21220","‰º˜CŽs","212200051000","”‹Œ´’¬¼ã“c","35.827203","137.222491","0","1"
"21","Šò•ŒŒ§","21220","‰º˜CŽs","212200052000","”‹Œ´’¬–ìã","35.908174","137.191141","0","1"
"21","Šò•ŒŒ§","21220","‰º˜CŽs","212200053000","”‹Œ´’¬”‹Œ´","35.876125","137.209409","0","1"
"21","Šò•ŒŒ§","21220","‰º˜CŽs","212200054000","”‹Œ´’¬‰Ô’r","35.864519","137.239171","0","1"
"21","Šò•ŒŒ§","21220","‰º˜CŽs","212200055000","”‹Œ´’¬‰Hª","35.889049","137.197187","0","1"
"21","Šò•ŒŒ§","21220","‰º˜CŽs","212200056000","”‹Œ´’¬ŒÃŠÖ","35.869919","137.200451","0","1"
"21","Šò•ŒŒ§","21220","‰º˜CŽs","212200057000","”‹Œ´’¬‹{“c","35.915895","137.250384","0","1"
"21","Šò•ŒŒ§","21220","‰º˜CŽs","212200058000","”‹Œ´’¬ŽR”VŒû","36.000332","137.191341","0","1"
"21","Šò•ŒŒ§","21220","‰º˜CŽs","212200059000","‰Î‘Å","35.698598","137.233029","0","1"
"21","Šò•ŒŒ§","21220","‰º˜CŽs","212200060000","“Œã“c","35.835693","137.246283","0","1"
"21","Šò•ŒŒ§","21220","‰º˜CŽs","212200061000","ŽÖ”V”ö","35.732612","137.313215","0","1"
"21","Šò•ŒŒ§","21220","‰º˜CŽs","212200062000","•ÛˆäŒË","35.747775","137.195754","0","1"
"21","Šò•ŒŒ§","21220","‰º˜CŽs","212200063000","”n£ˆä’J","35.857612","137.181381","0","1"
"21","Šò•ŒŒ§","21220","‰º˜CŽs","212200064000","”n£ìã","35.967494","137.137466","0","1"
"21","Šò•ŒŒ§","21220","‰º˜CŽs","212200065000","”n£•Î","35.928329","137.137786","0","1"
"21","Šò•ŒŒ§","21220","‰º˜CŽs","212200066000","”n£‰ºŽR","35.788396","137.189525","0","1"
"21","Šò•ŒŒ§","21220","‰º˜CŽs","212200067000","”n£”‰Í","35.905315","137.147531","0","1"
"21","Šò•ŒŒ§","21220","‰º˜CŽs","212200068000","”n£‘y“‡","35.839812","137.186602","0","1"
"21","Šò•ŒŒ§","21220","‰º˜CŽs","212200069000","”n£’†Ø","35.897311","137.160239","0","1"
"21","Šò•ŒŒ§","21220","‰º˜CŽs","212200070000","”n£–¼ŠÛ","35.875038","137.174320","0","1"
"21","Šò•ŒŒ§","21220","‰º˜CŽs","212200071000","”n£¼‘º","35.816927","137.195618","0","1"
"21","Šò•ŒŒ§","21220","‰º˜CŽs","212200072000","”n£–x”V“à","35.889725","137.170671","0","1"
"21","Šò•ŒŒ§","21220","‰º˜CŽs","212200073000","ŽOƒcŸº","35.724174","137.185862","0","1"
"21","Šò•ŒŒ§","21220","‰º˜CŽs","212200074000","Œä‰X–ì","35.777694","137.329843","0","1"
"21","Šò•ŒŒ§","21220","‰º˜CŽs","212200075000","‹{’n","35.769239","137.279817","0","1"
"21","Šò•ŒŒ§","21220","‰º˜CŽs","212200076000","X","35.819237","137.261836","0","1"
"21","Šò•ŒŒ§","21220","‰º˜CŽs","212200077000","ÄÎ","35.720342","137.199426","0","1"
"21","Šò•ŒŒ§","21220","‰º˜CŽs","212200078000","“’”V“‡","35.818184","137.248458","0","1"
"21","Šò•ŒŒ§","21220","‰º˜CŽs","212200079000","˜a²","35.711362","137.214099","0","1"
"21","Šò•ŒŒ§","21221","ŠC’ÃŽs","212210001000","ŠC’Ã’¬H]","35.228767","136.669667","0","1"
"21","Šò•ŒŒ§","21221","ŠC’ÃŽs","212210002000","ŠC’Ã’¬–û“‡","35.144058","136.668488","0","1"
"21","Šò•ŒŒ§","21221","ŠC’ÃŽs","212210003000","ŠC’Ã’¬Î‹T","35.188296","136.660960","0","1"
"21","Šò•ŒŒ§","21221","ŠC’ÃŽs","212210004000","ŠC’Ã’¬ˆîŽR","35.203448","136.630709","0","1"
"21","Šò•ŒŒ§","21221","ŠC’ÃŽs","212210005000","ŠC’Ã’¬]“Œ","35.190498","136.650197","0","1"
"21","Šò•ŒŒ§","21221","ŠC’ÃŽs","212210006000","ŠC’Ã’¬‘å˜a“c","35.220578","136.671938","0","1"
"21","Šò•ŒŒ§","21221","ŠC’ÃŽs","212210007000","ŠC’Ã’¬‹à‰ô","35.157888","136.665654","0","1"
"21","Šò•ŒŒ§","21221","ŠC’ÃŽs","212210008000","ŠC’Ã’¬Ž­–ì","35.226065","136.654271","0","1"
"21","Šò•ŒŒ§","21221","ŠC’ÃŽs","212210009000","ŠC’Ã’¬_‹Ë","35.240020","136.663559","0","1"
"21","Šò•ŒŒ§","21221","ŠC’ÃŽs","212210010000","ŠC’Ã’¬Šž–ì","35.211169","136.638788","0","1"
"21","Šò•ŒŒ§","21221","ŠC’ÃŽs","212210011000","ŠC’Ã’¬‘ê","35.218793","136.658950","0","1"
"21","Šò•ŒŒ§","21221","ŠC’ÃŽs","212210012000","ŠC’Ã’¬ŒÜ’¬","35.204707","136.641811","0","1"
"21","Šò•ŒŒ§","21221","ŠC’ÃŽs","212210013000","ŠC’Ã’¬‹îƒP]","35.213237","136.671748","0","1"
"21","Šò•ŒŒ§","21221","ŠC’ÃŽs","212210014000","ŠC’Ã’¬Žµ‰E‰q–åV“c","35.165208","136.651624","0","1"
"21","Šò•ŒŒ§","21221","ŠC’ÃŽs","212210015000","ŠC’Ã’¬£ŒÃ","35.245980","136.664337","0","1"
"21","Šò•ŒŒ§","21221","ŠC’ÃŽs","212210016000","ŠC’Ã’¬ŠO•l","35.187323","136.668168","0","1"
"21","Šò•ŒŒ§","21221","ŠC’ÃŽs","212210017000","ŠC’Ã’¬‚{","35.217082","136.622618","0","1"
"21","Šò•ŒŒ§","21221","ŠC’ÃŽs","212210018000","ŠC’Ã’¬‚{’¬","35.220589","136.629993","0","1"
"21","Šò•ŒŒ§","21221","ŠC’ÃŽs","212210019000","ŠC’Ã’¬—§–ì","35.205894","136.662544","0","1"
"21","Šò•ŒŒ§","21221","ŠC’ÃŽs","212210020000","ŠC’Ã’¬“c’†","35.231083","136.661949","0","1"
"21","Šò•ŒŒ§","21221","ŠC’ÃŽs","212210021000","ŠC’Ã’¬“à‹L","35.213317","136.647819","0","1"
"21","Šò•ŒŒ§","21221","ŠC’ÃŽs","212210022000","ŠC’Ã’¬’·‹v•Û","35.197507","136.663778","0","1"
"21","Šò•ŒŒ§","21221","ŠC’ÃŽs","212210023000","ŠC’Ã’¬’·£","35.207140","136.672398","0","1"
"21","Šò•ŒŒ§","21221","ŠC’ÃŽs","212210024000","ŠC’Ã’¬¬ŒË","35.237502","136.668600","0","1"
"21","Šò•ŒŒ§","21221","ŠC’ÃŽs","212210025000","ŠC’Ã’¬¼¬“‡","35.211286","136.624499","0","1"
"21","Šò•ŒŒ§","21221","ŠC’ÃŽs","212210026000","ŠC’Ã’¬ÀV“c","35.185195","136.643233","0","1"
"21","Šò•ŒŒ§","21221","ŠC’ÃŽs","212210027000","ŠC’Ã’¬“Œ¬“‡","35.212246","136.631510","0","1"
"21","Šò•ŒŒ§","21221","ŠC’ÃŽs","212210028000","ŠC’Ã’¬•½Œ´","35.232312","136.640873","0","1"
"21","Šò•ŒŒ§","21221","ŠC’ÃŽs","212210029000","ŠC’Ã’¬“úŒ´","35.199128","136.671220","0","1"
"21","Šò•ŒŒ§","21221","ŠC’ÃŽs","212210030000","ŠC’Ã’¬[•l","35.194317","136.653101","0","1"
"21","Šò•ŒŒ§","21221","ŠC’ÃŽs","212210031000","ŠC’Ã’¬•ŸˆêF","35.233984","136.663859","0","1"
"21","Šò•ŒŒ§","21221","ŠC’ÃŽs","212210032000","ŠC’Ã’¬•Ÿ]","35.173885","136.662114","0","1"
"21","Šò•ŒŒ§","21221","ŠC’ÃŽs","212210033000","ŠC’Ã’¬•Ÿ‰ª","35.229679","136.616815","0","1"
"21","Šò•ŒŒ§","21221","ŠC’ÃŽs","212210034000","ŠC’Ã’¬ŽD–ì","35.204035","136.652824","0","1"
"21","Šò•ŒŒ§","21221","ŠC’ÃŽs","212210035000","ŠC’Ã’¬ŒÃ’†“‡","35.175421","136.667970","0","1"
"21","Šò•ŒŒ§","21221","ŠC’ÃŽs","212210036000","ŠC’Ã’¬”¿ˆøV“c","35.173796","136.645535","0","1"
"21","Šò•ŒŒ§","21221","ŠC’ÃŽs","212210037000","ŠC’Ã’¬–{ˆ¢–íV“c","35.194191","136.638310","0","1"
"21","Šò•ŒŒ§","21221","ŠC’ÃŽs","212210038000","ŠC’Ã’¬¼–Ø","35.245878","136.658121","0","1"
"21","Šò•ŒŒ§","21221","ŠC’ÃŽs","212210039000","ŠC’Ã’¬”n–Ú","35.221904","136.643631","0","1"
"21","Šò•ŒŒ§","21221","ŠC’ÃŽs","212210040000","ŠC’Ã’¬–œŽõV“c","35.169445","136.657319","0","1"
"21","Šò•ŒŒ§","21221","ŠC’ÃŽs","212210041000","ŠC’Ã’¬‹{’n","35.195093","136.629591","0","1"
"21","Šò•ŒŒ§","21221","ŠC’ÃŽs","212210042000","ŠC’Ã’¬X‰º","35.183559","136.665552","0","1"
"21","Šò•ŒŒ§","21221","ŠC’ÃŽs","212210043000","ŠC’Ã’¬ˆÀ“c","35.183458","136.632889","0","1"
"21","Šò•ŒŒ§","21221","ŠC’ÃŽs","212210044000","ŠC’Ã’¬ˆÀ“cV“c","35.190518","136.632651","0","1"
"21","Šò•ŒŒ§","21221","ŠC’ÃŽs","212210045000","“ì”Z’¬ã–ì‰ÍŒË","35.199369","136.603937","0","1"
"21","Šò•ŒŒ§","21221","ŠC’ÃŽs","212210046000","“ì”Z’¬‘¾“c","35.179568","136.615286","0","1"
"21","Šò•ŒŒ§","21221","ŠC’ÃŽs","212210047000","“ì”Z’¬‰œð","35.204993","136.584241","0","1"
"21","Šò•ŒŒ§","21221","ŠC’ÃŽs","212210048000","“ì”Z’¬‹î–ì","35.222585","136.605876","0","1"
"21","Šò•ŒŒ§","21221","ŠC’ÃŽs","212210049000","“ì”Z’¬‹î–ì‰œð“ü‰ï’n","35.222226","136.598451","0","1"
"21","Šò•ŒŒ§","21221","ŠC’ÃŽs","212210050000","“ì”Z’¬‹î–ìV“c","35.235550","136.597945","0","1"
"21","Šò•ŒŒ§","21221","ŠC’ÃŽs","212210051000","“ì”Z’¬‹«","35.152826","136.640043","0","1"
"21","Šò•ŒŒ§","21221","ŠC’ÃŽs","212210052000","“ì”Z’¬Žu’Ã","35.238832","136.570506","0","1"
"21","Šò•ŒŒ§","21221","ŠC’ÃŽs","212210053000","“ì”Z’¬Žu’ÃV“c","35.249509","136.568145","0","1"
"21","Šò•ŒŒ§","21221","ŠC’ÃŽs","212210054000","“ì”Z’¬“c’ß","35.164884","136.639807","0","1"
"21","Šò•ŒŒ§","21221","ŠC’ÃŽs","212210055000","“ì”Z’¬’Ã‰®","35.248093","136.551504","0","1"
"21","Šò•ŒŒ§","21221","ŠC’ÃŽs","212210056000","“ì”Z’¬“¿“c","35.238680","136.581317","0","1"
"21","Šò•ŒŒ§","21221","ŠC’ÃŽs","212210057000","“ì”Z’¬ŒË“c","35.239661","136.587566","0","1"
"21","Šò•ŒŒ§","21221","ŠC’ÃŽs","212210058000","“ì”Z’¬’ë“c","35.220503","136.571655","0","1"
"21","Šò•ŒŒ§","21221","ŠC’ÃŽs","212210059000","“ì”Z’¬‰H‘ò","35.213297","136.606538","0","1"
"21","Šò•ŒŒ§","21221","ŠC’ÃŽs","212210060000","“ì”Z’¬‘£","35.236152","136.592093","0","1"
"21","Šò•ŒŒ§","21221","ŠC’ÃŽs","212210061000","“ì”Z’¬¼ŽR","35.158520","136.623868","0","1"
"21","Šò•ŒŒ§","21221","ŠC’ÃŽs","212210062000","“ì”Z’¬ˆÀ]","35.187930","136.619559","0","1"
"21","Šò•ŒŒ§","21221","ŠC’ÃŽs","212210063000","“ì”Z’¬ŽRè","35.195771","136.615714","0","1"
"21","Šò•ŒŒ§","21221","ŠC’ÃŽs","212210064000","“ì”Z’¬‹g“c","35.170022","136.619078","0","1"
"21","Šò•ŒŒ§","21221","ŠC’ÃŽs","212210065000","•½“c’¬¡”ö","35.253961","136.632192","0","1"
"21","Šò•ŒŒ§","21221","ŠC’ÃŽs","212210066000","•½“c’¬‰ª","35.273022","136.656784","0","1"
"21","Šò•ŒŒ§","21221","ŠC’ÃŽs","212210067000","•½“c’¬Ÿ‰ê","35.285762","136.666288","0","1"
"21","Šò•ŒŒ§","21221","ŠC’ÃŽs","212210068000","•½“c’¬ŽO‹½","35.259848","136.642155","0","1"
"21","Šò•ŒŒ§","21221","ŠC’ÃŽs","212210069000","•½“c’¬ŽÖ’r","35.255209","136.648478","0","1"
"21","Šò•ŒŒ§","21221","ŠC’ÃŽs","212210070000","•½“c’¬ŽÒŒ‹","35.264111","136.657227","0","1"
"21","Šò•ŒŒ§","21221","ŠC’ÃŽs","212210071000","•½“c’¬{‰ê","35.283627","136.655629","0","1"
"21","Šò•ŒŒ§","21221","ŠC’ÃŽs","212210072000","•½“c’¬‚“c","35.243778","136.641967","0","1"
"21","Šò•ŒŒ§","21221","ŠC’ÃŽs","212210073000","•½“c’¬“y‘q","35.240946","136.627247","0","1"
"21","Šò•ŒŒ§","21221","ŠC’ÃŽs","212210074000","•½“c’¬¼“‡","35.242012","136.652713","0","1"
"21","Šò•ŒŒ§","21221","ŠC’ÃŽs","212210075000","•½“c’¬–ìŽ›","35.276379","136.668180","0","1"
"21","Šò•ŒŒ§","21221","ŠC’ÃŽs","212210076000","•½“c’¬”¦’·","35.268350","136.663174","0","1"
"21","Šò•ŒŒ§","21221","ŠC’ÃŽs","212210077000","•½“c’¬•§Žtì","35.257485","136.636515","0","1"
"21","Šò•ŒŒ§","21221","ŠC’ÃŽs","212210078000","•½“c’¬˜e–ì","35.232123","136.624861","0","1"
"21","Šò•ŒŒ§","21302","‰H“‡ŒSŠò“ì’¬","213020001001","ÎŒ´£ˆê’š–Ú","35.378917","136.765645","0","3"
"21","Šò•ŒŒ§","21302","‰H“‡ŒSŠò“ì’¬","213020001002","ÎŒ´£“ñ’š–Ú","35.377394","136.765730","0","3"
"21","Šò•ŒŒ§","21302","‰H“‡ŒSŠò“ì’¬","213020002001","ãˆóHˆê’š–Ú","35.398165","136.789000","0","3"
"21","Šò•ŒŒ§","21302","‰H“‡ŒSŠò“ì’¬","213020002002","ãˆóH“ñ’š–Ú","35.398634","136.786194","0","3"
"21","Šò•ŒŒ§","21302","‰H“‡ŒSŠò“ì’¬","213020002003","ãˆóHŽO’š–Ú","35.397033","136.786795","0","3"
"21","Šò•ŒŒ§","21302","‰H“‡ŒSŠò“ì’¬","213020002004","ãˆóHŽl’š–Ú","35.395409","136.787406","0","3"
"21","Šò•ŒŒ§","21302","‰H“‡ŒSŠò“ì’¬","213020002005","ãˆóHŒÜ’š–Ú","35.393703","136.787589","0","3"
"21","Šò•ŒŒ§","21302","‰H“‡ŒSŠò“ì’¬","213020002006","ãˆóH˜Z’š–Ú","35.391940","136.788835","0","3"
"21","Šò•ŒŒ§","21302","‰H“‡ŒSŠò“ì’¬","213020002007","ãˆóHŽµ’š–Ú","35.392185","136.786347","0","3"
"21","Šò•ŒŒ§","21302","‰H“‡ŒSŠò“ì’¬","213020002008","ãˆóH”ª’š–Ú","35.389572","136.788869","0","3"
"21","Šò•ŒŒ§","21302","‰H“‡ŒSŠò“ì’¬","213020002009","ãˆóH‹ã’š–Ú","35.389589","136.786303","0","3"
"21","Šò•ŒŒ§","21302","‰H“‡ŒSŠò“ì’¬","213020003001","‰ºˆóHˆê’š–Ú","35.393548","136.770955","0","3"
"21","Šò•ŒŒ§","21302","‰H“‡ŒSŠò“ì’¬","213020003002","‰ºˆóH“ñ’š–Ú","35.390905","136.770495","0","3"
"21","Šò•ŒŒ§","21302","‰H“‡ŒSŠò“ì’¬","213020003003","‰ºˆóHŽO’š–Ú","35.389052","136.770501","0","3"
"21","Šò•ŒŒ§","21302","‰H“‡ŒSŠò“ì’¬","213020003004","‰ºˆóHŽl’š–Ú","35.391720","136.768741","0","3"
"21","Šò•ŒŒ§","21302","‰H“‡ŒSŠò“ì’¬","213020003005","‰ºˆóHŒÜ’š–Ú","35.389089","136.768273","0","3"
"21","Šò•ŒŒ§","21302","‰H“‡ŒSŠò“ì’¬","213020004000","“¿“c","35.379311","136.763758","0","1"
"21","Šò•ŒŒ§","21302","‰H“‡ŒSŠò“ì’¬","213020005001","“¿“cˆê’š–Ú","35.387703","136.775718","0","3"
"21","Šò•ŒŒ§","21302","‰H“‡ŒSŠò“ì’¬","213020005002","“¿“c“ñ’š–Ú","35.386447","136.774076","0","3"
"21","Šò•ŒŒ§","21302","‰H“‡ŒSŠò“ì’¬","213020005003","“¿“cŽO’š–Ú","35.383103","136.776631","0","3"
"21","Šò•ŒŒ§","21302","‰H“‡ŒSŠò“ì’¬","213020005004","“¿“cŽl’š–Ú","35.383394","136.772161","0","3"
"21","Šò•ŒŒ§","21302","‰H“‡ŒSŠò“ì’¬","213020005005","“¿“cŒÜ’š–Ú","35.380678","136.776053","0","3"
"21","Šò•ŒŒ§","21302","‰H“‡ŒSŠò“ì’¬","213020005006","“¿“c˜Z’š–Ú","35.381097","136.771015","0","3"
"21","Šò•ŒŒ§","21302","‰H“‡ŒSŠò“ì’¬","213020005007","“¿“cŽµ’š–Ú","35.378794","136.771681","0","3"
"21","Šò•ŒŒ§","21302","‰H“‡ŒSŠò“ì’¬","213020005008","“¿“c”ª’š–Ú","35.376275","136.770784","0","3"
"21","Šò•ŒŒ§","21302","‰H“‡ŒSŠò“ì’¬","213020005009","“¿“c‹ã’š–Ú","35.377792","136.766959","0","3"
"21","Šò•ŒŒ§","21302","‰H“‡ŒSŠò“ì’¬","213020006001","“¿“c¼ˆê’š–Ú","35.386862","136.769726","0","3"
"21","Šò•ŒŒ§","21302","‰H“‡ŒSŠò“ì’¬","213020006002","“¿“c¼“ñ’š–Ú","35.384324","136.770036","0","3"
"21","Šò•ŒŒ§","21302","‰H“‡ŒSŠò“ì’¬","213020006003","“¿“c¼ŽO’š–Ú","35.384381","136.766996","0","3"
"21","Šò•ŒŒ§","21302","‰H“‡ŒSŠò“ì’¬","213020006004","“¿“c¼Žl’š–Ú","35.381159","136.767343","0","3"
"21","Šò•ŒŒ§","21302","‰H“‡ŒSŠò“ì’¬","213020007001","–ì’†ˆê’š–Ú","35.387122","136.801278","0","3"
"21","Šò•ŒŒ§","21302","‰H“‡ŒSŠò“ì’¬","213020007002","–ì’†“ñ’š–Ú","35.386760","136.797777","0","3"
"21","Šò•ŒŒ§","21302","‰H“‡ŒSŠò“ì’¬","213020007003","–ì’†ŽO’š–Ú","35.385080","136.801328","0","3"
"21","Šò•ŒŒ§","21302","‰H“‡ŒSŠò“ì’¬","213020007004","–ì’†Žl’š–Ú","35.384480","136.797808","0","3"
"21","Šò•ŒŒ§","21302","‰H“‡ŒSŠò“ì’¬","213020007005","–ì’†ŒÜ’š–Ú","35.382870","136.802083","0","3"
"21","Šò•ŒŒ§","21302","‰H“‡ŒSŠò“ì’¬","213020007006","–ì’†˜Z’š–Ú","35.382509","136.798128","0","3"
"21","Šò•ŒŒ§","21302","‰H“‡ŒSŠò“ì’¬","213020007007","–ì’†Žµ’š–Ú","35.380900","136.801865","0","3"
"21","Šò•ŒŒ§","21302","‰H“‡ŒSŠò“ì’¬","213020007008","–ì’†”ª’š–Ú","35.380632","136.798785","0","3"
"21","Šò•ŒŒ§","21302","‰H“‡ŒSŠò“ì’¬","213020008001","•š‰®ˆê’š–Ú","35.386950","136.791077","0","3"
"21","Šò•ŒŒ§","21302","‰H“‡ŒSŠò“ì’¬","213020008002","•š‰®“ñ’š–Ú","35.386942","136.787181","0","3"
"21","Šò•ŒŒ§","21302","‰H“‡ŒSŠò“ì’¬","213020008003","•š‰®ŽO’š–Ú","35.383478","136.794667","0","3"
"21","Šò•ŒŒ§","21302","‰H“‡ŒSŠò“ì’¬","213020008004","•š‰®Žl’š–Ú","35.383504","136.791242","0","3"
"21","Šò•ŒŒ§","21302","‰H“‡ŒSŠò“ì’¬","213020008005","•š‰®ŒÜ’š–Ú","35.383539","136.788448","0","3"
"21","Šò•ŒŒ§","21302","‰H“‡ŒSŠò“ì’¬","213020008006","•š‰®˜Z’š–Ú","35.383668","136.785895","0","3"
"21","Šò•ŒŒ§","21302","‰H“‡ŒSŠò“ì’¬","213020008007","•š‰®Žµ’š–Ú","35.379070","136.793796","0","3"
"21","Šò•ŒŒ§","21302","‰H“‡ŒSŠò“ì’¬","213020008008","•š‰®”ª’š–Ú","35.379490","136.790855","0","3"
"21","Šò•ŒŒ§","21302","‰H“‡ŒSŠò“ì’¬","213020008009","•š‰®‹ã’š–Ú","35.379582","136.788689","0","3"
"21","Šò•ŒŒ§","21302","‰H“‡ŒSŠò“ì’¬","213020009001","•½“‡ˆê’š–Ú","35.382852","136.817921","0","3"
"21","Šò•ŒŒ§","21302","‰H“‡ŒSŠò“ì’¬","213020009002","•½“‡“ñ’š–Ú","35.385923","136.814837","0","3"
"21","Šò•ŒŒ§","21302","‰H“‡ŒSŠò“ì’¬","213020009003","•½“‡ŽO’š–Ú","35.382658","136.814160","0","3"
"21","Šò•ŒŒ§","21302","‰H“‡ŒSŠò“ì’¬","213020009004","•½“‡Žl’š–Ú","35.385202","136.811411","0","3"
"21","Šò•ŒŒ§","21302","‰H“‡ŒSŠò“ì’¬","213020009005","•½“‡ŒÜ’š–Ú","35.386904","136.808135","0","3"
"21","Šò•ŒŒ§","21302","‰H“‡ŒSŠò“ì’¬","213020009006","•½“‡˜Z’š–Ú","35.385338","136.808626","0","3"
"21","Šò•ŒŒ§","21302","‰H“‡ŒSŠò“ì’¬","213020009007","•½“‡Žµ’š–Ú","35.383416","136.808838","0","3"
"21","Šò•ŒŒ§","21302","‰H“‡ŒSŠò“ì’¬","213020009008","•½“‡”ª’š–Ú","35.385503","136.805261","0","3"
"21","Šò•ŒŒ§","21302","‰H“‡ŒSŠò“ì’¬","213020009009","•½“‡‹ã’š–Ú","35.383196","136.805914","0","3"
"21","Šò•ŒŒ§","21302","‰H“‡ŒSŠò“ì’¬","213020010001","•½¬ˆê’š–Ú","35.386965","136.783376","0","3"
"21","Šò•ŒŒ§","21302","‰H“‡ŒSŠò“ì’¬","213020010002","•½¬“ñ’š–Ú","35.386948","136.781034","0","3"
"21","Šò•ŒŒ§","21302","‰H“‡ŒSŠò“ì’¬","213020010003","•½¬ŽO’š–Ú","35.386864","136.778919","0","3"
"21","Šò•ŒŒ§","21302","‰H“‡ŒSŠò“ì’¬","213020010004","•½¬Žl’š–Ú","35.384345","136.783322","0","3"
"21","Šò•ŒŒ§","21302","‰H“‡ŒSŠò“ì’¬","213020010005","•½¬ŒÜ’š–Ú","35.384317","136.780442","0","3"
"21","Šò•ŒŒ§","21302","‰H“‡ŒSŠò“ì’¬","213020010006","•½¬˜Z’š–Ú","35.381416","136.783713","0","3"
"21","Šò•ŒŒ§","21302","‰H“‡ŒSŠò“ì’¬","213020010007","•½¬Žµ’š–Ú","35.382119","136.780941","0","3"
"21","Šò•ŒŒ§","21302","‰H“‡ŒSŠò“ì’¬","213020011001","ŽO‘îˆê’š–Ú","35.396113","136.791365","0","3"
"21","Šò•ŒŒ§","21302","‰H“‡ŒSŠò“ì’¬","213020011002","ŽO‘î“ñ’š–Ú","35.393952","136.792534","0","3"
"21","Šò•ŒŒ§","21302","‰H“‡ŒSŠò“ì’¬","213020011003","ŽO‘îŽO’š–Ú","35.392673","136.796484","0","3"
"21","Šò•ŒŒ§","21302","‰H“‡ŒSŠò“ì’¬","213020011004","ŽO‘îŽl’š–Ú","35.390915","136.798533","0","3"
"21","Šò•ŒŒ§","21302","‰H“‡ŒSŠò“ì’¬","213020011005","ŽO‘îŒÜ’š–Ú","35.391714","136.792643","0","3"
"21","Šò•ŒŒ§","21302","‰H“‡ŒSŠò“ì’¬","213020011006","ŽO‘î˜Z’š–Ú","35.389451","136.796819","0","3"
"21","Šò•ŒŒ§","21302","‰H“‡ŒSŠò“ì’¬","213020011007","ŽO‘îŽµ’š–Ú","35.389283","136.792625","0","3"
"21","Šò•ŒŒ§","21302","‰H“‡ŒSŠò“ì’¬","213020011008","ŽO‘î”ª’š–Ú","35.389188","136.800459","0","3"
"21","Šò•ŒŒ§","21302","‰H“‡ŒSŠò“ì’¬","213020011009","ŽO‘î‹ã’š–Ú","35.387200","136.794511","0","3"
"21","Šò•ŒŒ§","21302","‰H“‡ŒSŠò“ì’¬","213020012001","‚Ý‚â‚Ü‚¿ˆê’š–Ú","35.394974","136.772852","0","3"
"21","Šò•ŒŒ§","21302","‰H“‡ŒSŠò“ì’¬","213020012002","‚Ý‚â‚Ü‚¿“ñ’š–Ú","35.393178","136.773392","0","3"
"21","Šò•ŒŒ§","21302","‰H“‡ŒSŠò“ì’¬","213020012003","‚Ý‚â‚Ü‚¿ŽO’š–Ú","35.391800","136.773700","0","3"
"21","Šò•ŒŒ§","21302","‰H“‡ŒSŠò“ì’¬","213020012004","‚Ý‚â‚Ü‚¿Žl’š–Ú","35.389886","136.774146","0","3"
"21","Šò•ŒŒ§","21302","‰H“‡ŒSŠò“ì’¬","213020013001","–òŽtŽ›ˆê’š–Ú","35.379163","136.777113","0","3"
"21","Šò•ŒŒ§","21302","‰H“‡ŒSŠò“ì’¬","213020013002","–òŽtŽ›“ñ’š–Ú","35.378938","136.775115","0","3"
"21","Šò•ŒŒ§","21302","‰H“‡ŒSŠò“ì’¬","213020013003","–òŽtŽ›ŽO’š–Ú","35.377115","136.775763","0","3"
"21","Šò•ŒŒ§","21302","‰H“‡ŒSŠò“ì’¬","213020013004","–òŽtŽ›Žl’š–Ú","35.375475","136.771732","0","3"
"21","Šò•ŒŒ§","21302","‰H“‡ŒSŠò“ì’¬","213020013005","–òŽtŽ›ŒÜ’š–Ú","35.375346","136.774140","0","3"
"21","Šò•ŒŒ§","21302","‰H“‡ŒSŠò“ì’¬","213020013006","–òŽtŽ›˜Z’š–Ú","35.374515","136.776294","0","3"
"21","Šò•ŒŒ§","21302","‰H“‡ŒSŠò“ì’¬","213020013007","–òŽtŽ›Žµ’š–Ú","35.374245","136.774363","0","3"
"21","Šò•ŒŒ§","21302","‰H“‡ŒSŠò“ì’¬","213020013008","–òŽtŽ›”ª’š–Ú","35.374037","136.771869","0","3"
"21","Šò•ŒŒ§","21302","‰H“‡ŒSŠò“ì’¬","213020013009","–òŽtŽ›‹ã’š–Ú","35.371198","136.775993","0","3"
"21","Šò•ŒŒ§","21302","‰H“‡ŒSŠò“ì’¬","213020014001","”ªŒ•ˆê’š–Ú","35.392391","136.783526","0","3"
"21","Šò•ŒŒ§","21302","‰H“‡ŒSŠò“ì’¬","213020014002","”ªŒ•“ñ’š–Ú","35.393366","136.780530","0","3"
"21","Šò•ŒŒ§","21302","‰H“‡ŒSŠò“ì’¬","213020014003","”ªŒ•ŽO’š–Ú","35.393583","136.778240","0","3"
"21","Šò•ŒŒ§","21302","‰H“‡ŒSŠò“ì’¬","213020014004","”ªŒ•Žl’š–Ú","35.394218","136.776140","0","3"
"21","Šò•ŒŒ§","21302","‰H“‡ŒSŠò“ì’¬","213020014005","”ªŒ•ŒÜ’š–Ú","35.391655","136.780417","0","3"
"21","Šò•ŒŒ§","21302","‰H“‡ŒSŠò“ì’¬","213020014006","”ªŒ•˜Z’š–Ú","35.391911","136.777259","0","3"
"21","Šò•ŒŒ§","21302","‰H“‡ŒSŠò“ì’¬","213020014007","”ªŒ•Žµ’š–Ú","35.389506","136.783472","0","3"
"21","Šò•ŒŒ§","21302","‰H“‡ŒSŠò“ì’¬","213020014008","”ªŒ•”ª’š–Ú","35.389603","136.780151","0","3"
"21","Šò•ŒŒ§","21302","‰H“‡ŒSŠò“ì’¬","213020014009","”ªŒ•‹ã’š–Ú","35.389702","136.777466","0","3"
"21","Šò•ŒŒ§","21302","‰H“‡ŒSŠò“ì’¬","213020015001","”ªŒ•–kˆê’š–Ú","35.398181","136.783815","0","3"
"21","Šò•ŒŒ§","21302","‰H“‡ŒSŠò“ì’¬","213020015002","”ªŒ•–k“ñ’š–Ú","35.397760","136.781881","0","3"
"21","Šò•ŒŒ§","21302","‰H“‡ŒSŠò“ì’¬","213020015003","”ªŒ•–kŽO’š–Ú","35.397063","136.779915","0","3"
"21","Šò•ŒŒ§","21302","‰H“‡ŒSŠò“ì’¬","213020015004","”ªŒ•–kŽl’š–Ú","35.394968","136.784162","0","3"
"21","Šò•ŒŒ§","21302","‰H“‡ŒSŠò“ì’¬","213020015005","”ªŒ•–kŒÜ’š–Ú","35.395097","136.782399","0","3"
"21","Šò•ŒŒ§","21302","‰H“‡ŒSŠò“ì’¬","213020015006","”ªŒ•–k˜Z’š–Ú","35.395083","136.780633","0","3"
"21","Šò•ŒŒ§","21302","‰H“‡ŒSŠò“ì’¬","213020015007","”ªŒ•–kŽµ’š–Ú","35.395527","136.777732","0","3"
"21","Šò•ŒŒ§","21302","‰H“‡ŒSŠò“ì’¬","213020016001","Žá‹{’nˆê’š–Ú","35.380426","136.796531","0","3"
"21","Šò•ŒŒ§","21302","‰H“‡ŒSŠò“ì’¬","213020016002","Žá‹{’n“ñ’š–Ú","35.378873","136.797933","0","3"
"21","Šò•ŒŒ§","21302","‰H“‡ŒSŠò“ì’¬","213020016003","Žá‹{’nŽO’š–Ú","35.376914","136.798061","0","3"
"21","Šò•ŒŒ§","21303","‰H“‡ŒSŠ}¼’¬","213030001000","‘Š¶’¬","35.366834","136.764894","0","1"
"21","Šò•ŒŒ§","21303","‰H“‡ŒSŠ}¼’¬","213030002000","’©“ú’¬","35.364506","136.759197","0","1"
"21","Šò•ŒŒ§","21303","‰H“‡ŒSŠ}¼’¬","213030003000","ò’¬","35.364601","136.757699","0","1"
"21","Šò•ŒŒ§","21303","‰H“‡ŒSŠ}¼’¬","213030004000","]ì","35.375396","136.802107","0","1"
"21","Šò•ŒŒ§","21303","‰H“‡ŒSŠ}¼’¬","213030005000","‰~éŽ›","35.375255","136.785144","0","1"
"21","Šò•ŒŒ§","21303","‰H“‡ŒSŠ}¼’¬","213030006000","‘å’r’¬","35.368123","136.756398","0","1"
"21","Šò•ŒŒ§","21303","‰H“‡ŒSŠ}¼’¬","213030007000","t“ú’¬","35.374855","136.762213","0","1"
"21","Šò•ŒŒ§","21303","‰H“‡ŒSŠ}¼’¬","213030008000","–åŠÔ","35.353927","136.738740","0","1"
"21","Šò•ŒŒ§","21303","‰H“‡ŒSŠ}¼’¬","213030009000","ãV’¬","35.372369","136.761229","0","1"
"21","Šò•ŒŒ§","21303","‰H“‡ŒSŠ}¼’¬","213030010000","ã–{’¬","35.367356","136.762015","0","1"
"21","Šò•ŒŒ§","21303","‰H“‡ŒSŠ}¼’¬","213030011000","ã–öì’¬","35.366813","136.759331","0","1"
"21","Šò•ŒŒ§","21303","‰H“‡ŒSŠ}¼’¬","213030012000","”@ŒŽ’¬","35.372808","136.759468","0","1"
"21","Šò•ŒŒ§","21303","‰H“‡ŒSŠ}¼’¬","213030013000","–k‹y","35.352092","136.747455","0","1"
"21","Šò•ŒŒ§","21303","‰H“‡ŒSŠ}¼’¬","213030014000","´Z’¬","35.369663","136.757296","0","1"
"21","Šò•ŒŒ§","21303","‰H“‡ŒSŠ}¼’¬","213030015000","Œ§’¬","35.368252","136.764131","0","1"
"21","Šò•ŒŒ§","21303","‰H“‡ŒSŠ}¼’¬","213030016000","•Ä–ì","35.378516","136.811242","0","1"
"21","Šò•ŒŒ§","21303","‰H“‡ŒSŠ}¼’¬","213030017000","÷’¬","35.372169","136.754661","0","1"
"21","Šò•ŒŒ§","21303","‰H“‡ŒSŠ}¼’¬","213030018000","‰ºV’¬","35.369975","136.760000","0","1"
"21","Šò•ŒŒ§","21303","‰H“‡ŒSŠ}¼’¬","213030019000","‰º–{’¬","35.365545","136.761610","0","1"
"21","Šò•ŒŒ§","21303","‰H“‡ŒSŠ}¼’¬","213030020000","‰º–öì’¬","35.365915","136.758484","0","1"
"21","Šò•ŒŒ§","21303","‰H“‡ŒSŠ}¼’¬","213030021000","¼‰h’¬","35.377017","136.763718","0","1"
"21","Šò•ŒŒ§","21303","‰H“‡ŒSŠ}¼’¬","213030022000","V’¬","35.368529","136.760836","0","1"
"21","Šò•ŒŒ§","21303","‰H“‡ŒSŠ}¼’¬","213030023000","Ži’¬","35.366419","136.763094","0","1"
"21","Šò•ŒŒ§","21303","‰H“‡ŒSŠ}¼’¬","213030024000","ŒŽ”ü’¬","35.377609","136.760963","0","1"
"21","Šò•ŒŒ§","21303","‰H“‡ŒSŠ}¼’¬","213030025000","“c‘ã","35.362054","136.753286","0","1"
"21","Šò•ŒŒ§","21303","‰H“‡ŒSŠ}¼’¬","213030026000","“V‰¤’¬","35.368902","136.758540","0","1"
"21","Šò•ŒŒ§","21303","‰H“‡ŒSŠ}¼’¬","213030027000","“Œ—z’¬","35.374880","136.763457","0","1"
"21","Šò•ŒŒ§","21303","‰H“‡ŒSŠ}¼’¬","213030028000","í”Õ’¬","35.374675","136.760749","0","1"
"21","Šò•ŒŒ§","21303","‰H“‡ŒSŠ}¼’¬","213030029000","’·’r","35.356463","136.751935","0","1"
"21","Šò•ŒŒ§","21303","‰H“‡ŒSŠ}¼’¬","213030030000","’†ì’¬","35.373829","136.757246","0","1"
"21","Šò•ŒŒ§","21303","‰H“‡ŒSŠ}¼’¬","213030031000","’†V’¬","35.371058","136.760442","0","1"
"21","Šò•ŒŒ§","21303","‰H“‡ŒSŠ}¼’¬","213030032000","’†–ì","35.373051","136.793790","0","1"
"21","Šò•ŒŒ§","21303","‰H“‡ŒSŠ}¼’¬","213030033000","“Þ—Ç’¬","35.372675","136.763522","0","1"
"21","Šò•ŒŒ§","21303","‰H“‡ŒSŠ}¼’¬","213030034000","¼‹à’r’¬","35.374407","136.765837","0","1"
"21","Šò•ŒŒ§","21303","‰H“‡ŒSŠ}¼’¬","213030035000","¼’¬","35.365230","136.760226","0","1"
"21","Šò•ŒŒ§","21303","‰H“‡ŒSŠ}¼’¬","213030036000","¼‹{’¬","35.367872","136.759932","0","1"
"21","Šò•ŒŒ§","21303","‰H“‡ŒSŠ}¼’¬","213030037000","‰Hˆß’¬","35.375510","136.756403","0","1"
"21","Šò•ŒŒ§","21303","‰H“‡ŒSŠ}¼’¬","213030038000","”ª”¦’¬","35.369608","136.763166","0","1"
"21","Šò•ŒŒ§","21303","‰H“‡ŒSŠ}¼’¬","213030039000","“Œ‹à’r’¬","35.374755","136.768546","0","1"
"21","Šò•ŒŒ§","21303","‰H“‡ŒSŠ}¼’¬","213030040000","“Œ‹{’¬","35.366343","136.760852","0","1"
"21","Šò•ŒŒ§","21303","‰H“‡ŒSŠ}¼’¬","213030041000","•Z’¬","35.369506","136.754344","0","1"
"21","Šò•ŒŒ§","21303","‰H“‡ŒSŠ}¼’¬","213030042000","“ñŒ©’¬","35.371136","136.762864","0","1"
"21","Šò•ŒŒ§","21303","‰H“‡ŒSŠ}¼’¬","213030043001","”üŠ}’Êˆê’š–Ú","35.374219","136.758865","0","3"
"21","Šò•ŒŒ§","21303","‰H“‡ŒSŠ}¼’¬","213030043002","”üŠ}’Ê“ñ’š–Ú","35.371466","136.757118","0","3"
"21","Šò•ŒŒ§","21303","‰H“‡ŒSŠ}¼’¬","213030043003","”üŠ}’ÊŽO’š–Ú","35.368942","136.755569","0","3"
"21","Šò•ŒŒ§","21303","‰H“‡ŒSŠ}¼’¬","213030044000","—Î’¬","35.376638","136.760002","0","1"
"21","Šò•ŒŒ§","21303","‰H“‡ŒSŠ}¼’¬","213030045000","`’¬","35.364623","136.762808","0","1"
"21","Šò•ŒŒ§","21303","‰H“‡ŒSŠ}¼’¬","213030046000","‹{ì’¬","35.369861","136.762012","0","1"
"21","Šò•ŒŒ§","21303","‰H“‡ŒSŠ}¼’¬","213030047000","–³“®Ž›","35.371101","136.798701","0","1"
"21","Šò•ŒŒ§","21303","‰H“‡ŒSŠ}¼’¬","213030048000","–å‘O’¬","35.367457","136.757866","0","1"
"21","Šò•ŒŒ§","21303","‰H“‡ŒSŠ}¼’¬","213030049000","–öŒ´’¬","35.363716","136.760532","0","1"
"21","Šò•ŒŒ§","21303","‰H“‡ŒSŠ}¼’¬","213030050000","–í¶’¬","35.371324","136.758365","0","1"
"21","Šò•ŒŒ§","21303","‰H“‡ŒSŠ}¼’¬","213030051000","—FŠy’¬","35.371444","136.755615","0","1"
"21","Šò•ŒŒ§","21303","‰H“‡ŒSŠ}¼’¬","213030052000","Žá—t’¬","35.370555","136.766965","0","1"
"21","Šò•ŒŒ§","21341","—{˜VŒS—{˜V’¬","213410001000","—L”ö","35.256983","136.584193","0","1"
"21","Šò•ŒŒ§","21341","—{˜VŒS—{˜V’¬","213410002000","”ÑÏ","35.319364","136.579044","0","1"
"21","Šò•ŒŒ§","21341","—{˜VŒS—{˜V’¬","213410003000","”Ñ“c","35.325347","136.572599","0","1"
"21","Šò•ŒŒ§","21341","—{˜VŒS—{˜V’¬","213410004000","Î”¨","35.302169","136.548836","0","1"
"21","Šò•ŒŒ§","21341","—{˜VŒS—{˜V’¬","213410005000","ò’¬","35.317018","136.551351","0","1"
"21","Šò•ŒŒ§","21341","—{˜VŒS—{˜V’¬","213410006000","ŒÜ“úŽs","35.315354","136.542048","0","1"
"21","Šò•ŒŒ§","21341","—{˜VŒS—{˜V’¬","213410007000","ˆêF","35.262182","136.553150","0","1"
"21","Šò•ŒŒ§","21341","—{˜VŒS—{˜V’¬","213410008000","F–Ú","35.333312","136.558436","0","1"
"21","Šò•ŒŒ§","21341","—{˜VŒS—{˜V’¬","213410009000","Šâ“¹","35.294396","136.586086","0","1"
"21","Šò•ŒŒ§","21341","—{˜VŒS—{˜V’¬","213410010000","‰F“c","35.326058","136.559819","0","1"
"21","Šò•ŒŒ§","21341","—{˜VŒS—{˜V’¬","213410011000","ã•û","35.312519","136.535660","0","1"
"21","Šò•ŒŒ§","21341","—{˜VŒS—{˜V’¬","213410012000","]ŒŽ","35.314661","136.590769","0","1"
"21","Šò•ŒŒ§","21341","—{˜VŒS—{˜V’¬","213410013000","‘åÕ","35.286684","136.573487","0","1"
"21","Šò•ŒŒ§","21341","—{˜VŒS—{˜V’¬","213410014000","‘å’Ø","35.334503","136.567722","0","1"
"21","Šò•ŒŒ§","21341","—{˜VŒS—{˜V’¬","213410015000","‘å–ì","35.281306","136.606321","0","1"
"21","Šò•ŒŒ§","21341","—{˜VŒS—{˜V’¬","213410016000","‘åê","35.267082","136.589815","0","1"
"21","Šò•ŒŒ§","21341","—{˜VŒS—{˜V’¬","213410017000","‘åŠª","35.243314","136.609492","0","1"
"21","Šò•ŒŒ§","21341","—{˜VŒS—{˜V’¬","213410018000","¬‘q","35.270987","136.546373","0","1"
"21","Šò•ŒŒ§","21341","—{˜VŒS—{˜V’¬","213410019000","‰Ÿ‰z","35.303424","136.557170","0","1"
"21","Šò•ŒŒ§","21341","—{˜VŒS—{˜V’¬","213410020000","””ö","35.294860","136.540248","0","1"
"21","Šò•ŒŒ§","21341","—{˜VŒS—{˜V’¬","213410021000","‹à‰®","35.319010","136.565649","0","1"
"21","Šò•ŒŒ§","21341","—{˜VŒS—{˜V’¬","213410022000","Š˜’i","35.243057","136.596423","0","1"
"21","Šò•ŒŒ§","21341","—{˜VŒS—{˜V’¬","213410023000","ã”V‹½","35.292818","136.592627","0","1"
"21","Šò•ŒŒ§","21341","—{˜VŒS—{˜V’¬","213410024000","‰G]","35.305063","136.587181","0","1"
"21","Šò•ŒŒ§","21341","—{˜VŒS—{˜V’¬","213410025000","‹žƒP˜e","35.278114","136.547660","0","1"
"21","Šò•ŒŒ§","21341","—{˜VŒS—{˜V’¬","213410026000","ŒûƒP“‡","35.293402","136.574578","0","1"
"21","Šò•ŒŒ§","21341","—{˜VŒS—{˜V’¬","213410027000","ŒIŠ}","35.296978","136.595201","0","1"
"21","Šò•ŒŒ§","21341","—{˜VŒS—{˜V’¬","213410028000","÷ˆä","35.315389","136.528915","0","1"
"21","Šò•ŒŒ§","21341","—{˜VŒS—{˜V’¬","213410029000","‘ò“c","35.318491","136.517002","0","1"
"21","Šò•ŒŒ§","21341","—{˜VŒS—{˜V’¬","213410030000","‰ºŠ}","35.279825","136.583791","0","1"
"21","Šò•ŒŒ§","21341","—{˜VŒS—{˜V’¬","213410031000","ŽÖŽ","35.330744","136.577243","0","1"
"21","Šò•ŒŒ§","21341","—{˜VŒS—{˜V’¬","213410032000","¨ŽŠ","35.298911","136.533188","0","1"
"21","Šò•ŒŒ§","21341","—{˜VŒS—{˜V’¬","213410033000","‘c•ƒ]","35.324390","136.583331","0","1"
"21","Šò•ŒŒ§","21341","—{˜VŒS—{˜V’¬","213410034000","“c","35.265831","136.580690","0","1"
"21","Šò•ŒŒ§","21341","—{˜VŒS—{˜V’¬","213410035000","‚“c","35.305543","136.569867","0","1"
"21","Šò•ŒŒ§","21341","—{˜VŒS—{˜V’¬","213410036000","‚“c”nê’¬","35.313005","136.555244","0","1"
"21","Šò•ŒŒ§","21341","—{˜VŒS—{˜V’¬","213410037000","‚—Ñ","35.282237","136.547825","0","1"
"21","Šò•ŒŒ§","21341","—{˜VŒS—{˜V’¬","213410038000","‘êŒ©’¬","35.313639","136.545998","0","1"
"21","Šò•ŒŒ§","21341","—{˜VŒS—{˜V’¬","213410039000","–L","35.328973","136.555993","0","1"
"21","Šò•ŒŒ§","21341","—{˜VŒS—{˜V’¬","213410040000","’¼]","35.314722","136.570244","0","1"
"21","Šò•ŒŒ§","21341","—{˜VŒS—{˜V’¬","213410041000","’†","35.328893","136.550898","0","1"
"21","Šò•ŒŒ§","21341","—{˜VŒS—{˜V’¬","213410042000","¼Šâ“¹","35.296243","136.581680","0","1"
"21","Šò•ŒŒ§","21341","—{˜VŒS—{˜V’¬","213410043000","¼¬‘q","35.276027","136.555577","0","1"
"21","Šò•ŒŒ§","21341","—{˜VŒS—{˜V’¬","213410044000","ªŒÃ’n","35.268218","136.603101","0","1"
"21","Šò•ŒŒ§","21341","—{˜VŒS—{˜V’¬","213410045000","‹´’Ü","35.327114","136.536925","0","1"
"21","Šò•ŒŒ§","21341","—{˜VŒS—{˜V’¬","213410046000","”Ñƒm–Ø","35.292069","136.563837","0","1"
"21","Šò•ŒŒ§","21341","—{˜VŒS—{˜V’¬","213410047000","‘D•","35.287843","136.600970","0","1"
"21","Šò•ŒŒ§","21341","—{˜VŒS—{˜V’¬","213410048000","‘DŒ©","35.266738","136.561952","0","1"
"21","Šò•ŒŒ§","21341","—{˜VŒS—{˜V’¬","213410049000","ŽO_’¬","35.314809","136.550057","0","1"
"21","Šò•ŒŒ§","21341","—{˜VŒS—{˜V’¬","213410050000","•ä","35.258521","136.599696","0","1"
"21","Šò•ŒŒ§","21341","—{˜VŒS—{˜V’¬","213410051000","–¾“¿","35.293104","136.554521","0","1"
"21","Šò•ŒŒ§","21341","—{˜VŒS—{˜V’¬","213410052000","ŽºŒ´","35.339253","136.566898","0","1"
"21","Šò•ŒŒ§","21341","—{˜VŒS—{˜V’¬","213410053000","ˆÀ‹v","35.319629","136.553168","0","1"
"21","Šò•ŒŒ§","21341","—{˜VŒS—{˜V’¬","213410054000","—{˜V","35.290390","136.531650","0","1"
"21","Šò•ŒŒ§","21341","—{˜VŒS—{˜V’¬","213410055000","—{˜VŒö‰€","35.279988","136.534560","0","1"
"21","Šò•ŒŒ§","21341","—{˜VŒS—{˜V’¬","213410056000","‰¡‰®","35.260367","136.574874","0","1"
"21","Šò•ŒŒ§","21341","—{˜VŒS—{˜V’¬","213410057000","—³òŽ›","35.305876","136.531669","0","1"
"21","Šò•ŒŒ§","21341","—{˜VŒS—{˜V’¬","213410058000","Žá‹{","35.267070","136.552017","0","1"
"21","Šò•ŒŒ§","21341","—{˜VŒS—{˜V’¬","213410059000","˜h‘ƒ","35.286163","136.560108","0","1"
"21","Šò•ŒŒ§","21361","•s”jŒS‚ˆä’¬","213610001000","ˆ»ŒË","35.371169","136.549494","0","1"
"21","Šò•ŒŒ§","21361","•s”jŒS‚ˆä’¬","213610002000","Vˆä","35.386707","136.516162","0","1"
"21","Šò•ŒŒ§","21361","•s”jŒS‚ˆä’¬","213610003000","Žs”V”ö","35.390101","136.531922","0","1"
"21","Šò•ŒŒ§","21361","•s”jŒS‚ˆä’¬","213610004000","ˆÉ","35.375218","136.492017","0","1"
"21","Šò•ŒŒ§","21361","•s”jŒS‚ˆä’¬","213610005000","ŠâŽè","35.395245","136.482750","0","1"
"21","Šò•ŒŒ§","21361","•s”jŒS‚ˆä’¬","213610006000","”~’J","35.406369","136.536896","0","1"
"21","Šò•ŒŒ§","21361","•s”jŒS‚ˆä’¬","213610007000","‘åÎ","35.403410","136.503351","0","1"
"21","Šò•ŒŒ§","21361","•s”jŒS‚ˆä’¬","213610008000","‘å‘ê","35.415673","136.514499","0","1"
"21","Šò•ŒŒ§","21361","•s”jŒS‚ˆä’¬","213610009000","•\²","35.356360","136.548686","0","1"
"21","Šò•ŒŒ§","21361","•s”jŒS‚ˆä’¬","213610010000","“í“c","35.374030","136.529323","0","1"
"21","Šò•ŒŒ§","21361","•s”jŒS‚ˆä’¬","213610011000","ŒIŒ´","35.339932","136.540761","0","1"
"21","Šò•ŒŒ§","21361","•s”jŒS‚ˆä’¬","213610012000","•~Œ´","35.402023","136.521692","0","1"
"21","Šò•ŒŒ§","21361","•s”jŒS‚ˆä’¬","213610013001","’n‘ ˆê’š–Ú","35.376889","136.536005","0","3"
"21","Šò•ŒŒ§","21361","•s”jŒS‚ˆä’¬","213610013002","’n‘ “ñ’š–Ú","35.377194","136.537097","0","3"
"21","Šò•ŒŒ§","21361","•s”jŒS‚ˆä’¬","213610014001","´…ˆê’š–Ú","35.374794","136.526774","0","3"
"21","Šò•ŒŒ§","21361","•s”jŒS‚ˆä’¬","213610014002","´…“ñ’š–Ú","35.376744","136.527034","0","3"
"21","Šò•ŒŒ§","21361","•s”jŒS‚ˆä’¬","213610014003","´…ŽO’š–Ú","35.376185","136.528968","0","3"
"21","Šò•ŒŒ§","21361","•s”jŒS‚ˆä’¬","213610015001","“Œ_“cˆê’š–Ú","35.369175","136.533222","0","3"
"21","Šò•ŒŒ§","21361","•s”jŒS‚ˆä’¬","213610015002","“Œ_“c“ñ’š–Ú","35.368025","136.533783","0","3"
"21","Šò•ŒŒ§","21361","•s”jŒS‚ˆä’¬","213610015003","“Œ_“cŽO’š–Ú","35.366466","136.533455","0","3"
"21","Šò•ŒŒ§","21361","•s”jŒS‚ˆä’¬","213610016000","•½”ö","35.390864","136.540611","0","1"
"21","Šò•ŒŒ§","21361","•s”jŒS‚ˆä’¬","213610017000","•{’†","35.382003","136.526718","0","1"
"21","Šò•ŒŒ§","21361","•s”jŒS‚ˆä’¬","213610018001","“ìVˆäˆê’š–Ú","35.385772","136.520037","0","3"
"21","Šò•ŒŒ§","21361","•s”jŒS‚ˆä’¬","213610018002","“ìVˆä“ñ’š–Ú","35.386650","136.518730","0","3"
"21","Šò•ŒŒ§","21361","•s”jŒS‚ˆä’¬","213610019000","‹{‘ã","35.355302","136.522526","0","1"
"21","Šò•ŒŒ§","21362","•s”jŒSŠÖƒPŒ´’¬","213620001000","‘åŽš¡{","35.329498","136.434151","0","1"
"21","Šò•ŒŒ§","21362","•s”jŒSŠÖƒPŒ´’¬","213620002000","‘åŽš‘å‚","35.372532","136.478583","0","1"
"21","Šò•ŒŒ§","21362","•s”jŒSŠÖƒPŒ´’¬","213620003000","‘åŽšŠÖƒPŒ´","35.368524","136.464997","0","1"
"21","Šò•ŒŒ§","21362","•s”jŒSŠÖƒPŒ´’¬","213620004000","‘åŽš‹Ê","35.375819","136.440087","0","1"
"21","Šò•ŒŒ§","21362","•s”jŒSŠÖƒPŒ´’¬","213620005000","‘åŽš“¡‰º","35.357571","136.455747","0","1"
"21","Šò•ŒŒ§","21362","•s”jŒSŠÖƒPŒ´’¬","213620006000","‘åŽš–ìã","35.366051","136.494566","0","1"
"21","Šò•ŒŒ§","21362","•s”jŒSŠÖƒPŒ´’¬","213620007000","‘åŽš¼”ö","35.353835","136.464878","0","1"
"21","Šò•ŒŒ§","21362","•s”jŒSŠÖƒPŒ´’¬","213620008000","‘åŽšŽR’†","35.356194","136.442785","0","1"
"21","Šò•ŒŒ§","21381","ˆÀ”ªŒS_ŒË’¬","213810001000","‘åŽš˜aò","35.401219","136.597560","0","1"
"21","Šò•ŒŒ§","21381","ˆÀ”ªŒS_ŒË’¬","213810002000","‘åŽš—Ž‡","35.406631","136.633307","0","1"
"21","Šò•ŒŒ§","21381","ˆÀ”ªŒS_ŒË’¬","213810003000","‘åŽš‰Á”[","35.400626","136.605573","0","1"
"21","Šò•ŒŒ§","21381","ˆÀ”ªŒS_ŒË’¬","213810004000","‘åŽšì¼","35.413519","136.605457","0","1"
"21","Šò•ŒŒ§","21381","ˆÀ”ªŒS_ŒË’¬","213810005000","‘åŽš–kˆêF","35.431948","136.591261","0","1"
"21","Šò•ŒŒ§","21381","ˆÀ”ªŒS_ŒË’¬","213810006000","‘åŽš_ŒË","35.419571","136.611026","0","1"
"21","Šò•ŒŒ§","21381","ˆÀ”ªŒS_ŒË’¬","213810007000","‘åŽšÄ“c","35.396401","136.638796","0","1"
"21","Šò•ŒŒ§","21381","ˆÀ”ªŒS_ŒË’¬","213810008000","‘åŽšX‰®•~","35.415410","136.588685","0","1"
"21","Šò•ŒŒ§","21381","ˆÀ”ªŒS_ŒË’¬","213810009000","‘åŽš‰º‹{","35.412016","136.614356","0","1"
"21","Šò•ŒŒ§","21381","ˆÀ”ªŒS_ŒË’¬","213810010000","‘åŽšä˜Z“¹","35.428152","136.611172","0","1"
"21","Šò•ŒŒ§","21381","ˆÀ”ªŒS_ŒË’¬","213810011000","‘åŽšV‰®•~","35.414584","136.623636","0","1"
"21","Šò•ŒŒ§","21381","ˆÀ”ªŒS_ŒË’¬","213810012000","‘åŽš––Žç","35.421784","136.593349","0","1"
"21","Šò•ŒŒ§","21381","ˆÀ”ªŒS_ŒË’¬","213810013000","‘åŽš£ŒÃ","35.405535","136.620404","0","1"
"21","Šò•ŒŒ§","21381","ˆÀ”ªŒS_ŒË’¬","213810014000","‘åŽš“c","35.433884","136.600367","0","1"
"21","Šò•ŒŒ§","21381","ˆÀ”ªŒS_ŒË’¬","213810015000","‘åŽš•tŠñ","35.401579","136.632276","0","1"
"21","Šò•ŒŒ§","21381","ˆÀ”ªŒS_ŒË’¬","213810016000","‘åŽš’†‘ò","35.395538","136.603838","0","1"
"21","Šò•ŒŒ§","21381","ˆÀ”ªŒS_ŒË’¬","213810017000","‘åŽš¼À‘q","35.422633","136.625310","0","1"
"21","Šò•ŒŒ§","21381","ˆÀ”ªŒS_ŒË’¬","213810018000","‘åŽš¼•Û","35.413392","136.595521","0","1"
"21","Šò•ŒŒ§","21381","ˆÀ”ªŒS_ŒË’¬","213810019000","‘åŽš”ªð","35.407002","136.601874","0","1"
"21","Šò•ŒŒ§","21381","ˆÀ”ªŒS_ŒË’¬","213810020000","‘åŽš‘O“c","35.406947","136.608912","0","1"
"21","Šò•ŒŒ§","21381","ˆÀ”ªŒS_ŒË’¬","213810021000","‘åŽš“ì•û","35.405443","136.593213","0","1"
"21","Šò•ŒŒ§","21381","ˆÀ”ªŒS_ŒË’¬","213810022000","‘åŽšˆÀŽŸ","35.432087","136.606663","0","1"
"21","Šò•ŒŒ§","21381","ˆÀ”ªŒS_ŒË’¬","213810023000","‘åŽš–ö£","35.394561","136.629011","0","1"
"21","Šò•ŒŒ§","21381","ˆÀ”ªŒS_ŒË’¬","213810024000","‘åŽš‰¡ˆä","35.442579","136.598417","0","1"
"21","Šò•ŒŒ§","21382","ˆÀ”ªŒS—Ö”V“à’¬","213820001000","‘ååM","35.293989","136.660600","0","1"
"21","Šò•ŒŒ§","21382","ˆÀ”ªŒS—Ö”V“à’¬","213820002000","‘å‹gV“c","35.269627","136.615877","0","1"
"21","Šò•ŒŒ§","21382","ˆÀ”ªŒS—Ö”V“à’¬","213820003000","—¢","35.301137","136.636511","0","1"
"21","Šò•ŒŒ§","21382","ˆÀ”ªŒS—Ö”V“à’¬","213820004000","‰–‹ò","35.282799","136.617498","0","1"
"21","Šò•ŒŒ§","21382","ˆÀ”ªŒS—Ö”V“à’¬","213820005000","‰º‘åžÒ","35.273789","136.650513","0","1"
"21","Šò•ŒŒ§","21382","ˆÀ”ªŒS—Ö”V“à’¬","213820006000","‰º‘åžÒV“c","35.274220","136.638448","0","1"
"21","Šò•ŒŒ§","21382","ˆÀ”ªŒS—Ö”V“à’¬","213820007000","’†‹½","35.298877","136.643324","0","1"
"21","Šò•ŒŒ§","21382","ˆÀ”ªŒS—Ö”V“à’¬","213820008000","’†‹½V“c","35.289589","136.636319","0","1"
"21","Šò•ŒŒ§","21382","ˆÀ”ªŒS—Ö”V“à’¬","213820009000","“ì”g","35.307334","136.634698","0","1"
"21","Šò•ŒŒ§","21382","ˆÀ”ªŒS—Ö”V“à’¬","213820010000","ž¾–“","35.303799","136.656653","0","1"
"21","Šò•ŒŒ§","21382","ˆÀ”ªŒS—Ö”V“à’¬","213820011000","ž¾–“V“c","35.299119","136.650242","0","1"
"21","Šò•ŒŒ§","21382","ˆÀ”ªŒS—Ö”V“à’¬","213820012000","•Ÿ‘©","35.296420","136.623502","0","1"
"21","Šò•ŒŒ§","21382","ˆÀ”ªŒS—Ö”V“à’¬","213820013000","•Ÿ‘©V“c","35.287346","136.624363","0","1"
"21","Šò•ŒŒ§","21382","ˆÀ”ªŒS—Ö”V“à’¬","213820014000","–{ŒË","35.307550","136.645490","0","1"
"21","Šò•ŒŒ§","21382","ˆÀ”ªŒS—Ö”V“à’¬","213820015000","¼“à","35.261805","136.621001","0","1"
"21","Šò•ŒŒ§","21382","ˆÀ”ªŒS—Ö”V“à’¬","213820016000","ŠC¼V“c","35.271504","136.625647","0","1"
"21","Šò•ŒŒ§","21382","ˆÀ”ªŒS—Ö”V“à’¬","213820017000","‘”’rV“c","35.280372","136.623085","0","1"
"21","Šò•ŒŒ§","21382","ˆÀ”ªŒS—Ö”V“à’¬","213820018000","Žl‹½","35.287288","136.645303","0","1"
"21","Šò•ŒŒ§","21383","ˆÀ”ªŒSˆÀ”ª’¬","213830001000","‘å–ì","35.325597","136.658055","0","1"
"21","Šò•ŒŒ§","21383","ˆÀ”ªŒSˆÀ”ª’¬","213830002000","‘åX","35.326750","136.675140","0","1"
"21","Šò•ŒŒ§","21383","ˆÀ”ªŒSˆÀ”ª’¬","213830003000","–k¡ƒPŸº","35.344089","136.668812","0","1"
"21","Šò•ŒŒ§","21383","ˆÀ”ªŒSˆÀ”ª’¬","213830004000","•XŽæ","35.331871","136.665715","0","1"
"21","Šò•ŒŒ§","21383","ˆÀ”ªŒSˆÀ”ª’¬","213830005001","éˆê’š–Ú","35.332625","136.658984","0","3"
"21","Šò•ŒŒ§","21383","ˆÀ”ªŒSˆÀ”ª’¬","213830005002","é“ñ’š–Ú","35.331843","136.658324","0","3"
"21","Šò•ŒŒ§","21383","ˆÀ”ªŒSˆÀ”ª’¬","213830005003","éŽO’š–Ú","35.330271","136.658399","0","3"
"21","Šò•ŒŒ§","21383","ˆÀ”ªŒSˆÀ”ª’¬","213830005004","éŽl’š–Ú","35.333081","136.657895","0","3"
"21","Šò•ŒŒ§","21383","ˆÀ”ªŒSˆÀ”ª’¬","213830006000","‘PŒõ","35.325150","136.666418","0","1"
"21","Šò•ŒŒ§","21383","ˆÀ”ªŒSˆÀ”ª’¬","213830007000","ŠO‘PŒõ","35.324547","136.652145","0","1"
"21","Šò•ŒŒ§","21383","ˆÀ”ªŒSˆÀ”ª’¬","213830008000","‘å–¾_","35.336656","136.660453","0","1"
"21","Šò•ŒŒ§","21383","ˆÀ”ªŒSˆÀ”ª’¬","213830009000","’†","35.314396","136.655054","0","1"
"21","Šò•ŒŒ§","21383","ˆÀ”ªŒSˆÀ”ª’¬","213830010000","’†{","35.333244","136.654260","0","1"
"21","Šò•ŒŒ§","21383","ˆÀ”ªŒSˆÀ”ª’¬","213830011000","¼Œ‹","35.362782","136.660773","0","1"
"21","Šò•ŒŒ§","21383","ˆÀ”ªŒSˆÀ”ª’¬","213830012000","“ŒŒ‹","35.360834","136.668692","0","1"
"21","Šò•ŒŒ§","21383","ˆÀ”ªŒSˆÀ”ª’¬","213830013000","•ó]","35.368982","136.668096","0","1"
"21","Šò•ŒŒ§","21383","ˆÀ”ªŒSˆÀ”ª’¬","213830014000","–q","35.324661","136.644456","0","1"
"21","Šò•ŒŒ§","21383","ˆÀ”ªŒSˆÀ”ª’¬","213830015000","“ì¡ƒPŸº","35.339497","136.669113","0","1"
"21","Šò•ŒŒ§","21383","ˆÀ”ªŒSˆÀ”ª’¬","213830016000","“ìžŠ","35.318925","136.661969","0","1"
"21","Šò•ŒŒ§","21383","ˆÀ”ªŒSˆÀ”ª’¬","213830017000","X•”","35.335931","136.681203","0","1"
"21","Šò•ŒŒ§","21401","—K”ãŒS—K”ãì’¬","214010001000","Žsê","35.477785","136.527038","0","1"
"21","Šò•ŒŒ§","21401","—K”ãŒS—K”ãì’¬","214010002000","ã–ì","35.499180","136.522399","0","1"
"21","Šò•ŒŒ§","21401","—K”ãŒS—K”ãì’¬","214010003000","‰ª","35.475984","136.555296","0","1"
"21","Šò•ŒŒ§","21401","—K”ãŒS—K”ãì’¬","214010004000","¬’Ã","35.594472","136.529337","0","1"
"21","Šò•ŒŒ§","21401","—K”ãŒS—K”ãì’¬","214010005000","‰³Œ´","35.542827","136.528337","0","1"
"21","Šò•ŒŒ§","21401","—K”ãŒS—K”ãì’¬","214010006000","¬–ì","35.491676","136.590446","0","1"
"21","Šò•ŒŒ§","21401","—K”ãŒS—K”ãì’¬","214010007000","ŠJ“c","35.675746","136.457171","0","1"
"21","Šò•ŒŒ§","21401","—K”ãŒS—K”ãì’¬","214010008000","Š~Œ´","35.581378","136.487800","0","1"
"21","Šò•ŒŒ§","21401","—K”ãŒS—K”ãì’¬","214010009000","t“úì‡","35.436424","136.448393","0","1"
"21","Šò•ŒŒ§","21401","—K”ãŒS—K”ãì’¬","214010010000","t“ú˜Z","35.467658","136.469748","0","1"
"21","Šò•ŒŒ§","21401","—K”ãŒS—K”ãì’¬","214010011000","t“ú¬‹{_","35.465124","136.463246","0","1"
"21","Šò•ŒŒ§","21401","—K”ãŒS—K”ãì’¬","214010012000","t“ú’†ŽR","35.458478","136.436236","0","1"
"21","Šò•ŒŒ§","21401","—K”ãŒS—K”ãì’¬","214010013000","t“ú”ü‘©","35.496916","136.429507","0","1"
"21","Šò•ŒŒ§","21401","—K”ãŒS—K”ãì’¬","214010014000","t“ú˜Z‡","35.477187","136.499051","0","1"
"21","Šò•ŒŒ§","21401","—K”ãŒS—K”ãì’¬","214010015000","Œj","35.501278","136.566203","0","1"
"21","Šò•ŒŒ§","21401","—K”ãŒS—K”ãì’¬","214010016000","–å“ü","35.680426","136.354488","0","1"
"21","Šò•ŒŒ§","21401","—K”ãŒS—K”ãì’¬","214010017000","ã‰ª“‡","35.481168","136.566860","0","1"
"21","Šò•ŒŒ§","21401","—K”ãŒS—K”ãì’¬","214010018000","ãƒ~–ì","35.477162","136.581281","0","1"
"21","Šò•ŒŒ§","21401","—K”ãŒS—K”ãì’¬","214010019000","ã“Œ–ì","35.481705","136.561556","0","1"
"21","Šò•ŒŒ§","21401","—K”ãŒS—K”ãì’¬","214010020000","ã“ì•û","35.502325","136.584098","0","1"
"21","Šò•ŒŒ§","21401","—K”ãŒS—K”ãì’¬","214010021000","–k•û","35.515105","136.547396","0","1"
"21","Šò•ŒŒ§","21401","—K”ãŒS—K”ãì’¬","214010022000","´…","35.468893","136.599059","0","1"
"21","Šò•ŒŒ§","21401","—K”ãŒS—K”ãì’¬","214010023000","•“c","35.472749","136.549673","0","1"
"21","Šò•ŒŒ§","21401","—K”ãŒS—K”ãì’¬","214010024000","‹ÉŠyŽ›","35.491518","136.569507","0","1"
"21","Šò•ŒŒ§","21401","—K”ãŒS—K”ãì’¬","214010025000","¬“‡","35.482394","136.551511","0","1"
"21","Šò•ŒŒ§","21401","—K”ãŒS—K”ãì’¬","214010026000","¬’J","35.495343","136.584188","0","1"
"21","Šò•ŒŒ§","21401","—K”ãŒS—K”ãì’¬","214010027000","â“àìã","35.609995","136.348134","0","1"
"21","Šò•ŒŒ§","21401","—K”ãŒS—K”ãì’¬","214010028000","â“àâ–{","35.565660","136.406230","0","1"
"21","Šò•ŒŒ§","21401","—K”ãŒS—K”ãì’¬","214010029000","â“àL£","35.594956","136.382297","0","1"
"21","Šò•ŒŒ§","21401","—K”ãŒS—K”ãì’¬","214010030000","Žu’ÃŽR","35.483867","136.589630","0","1"
"21","Šò•ŒŒ§","21401","—K”ãŒS—K”ãì’¬","214010031000","“‡","35.466280","136.591686","0","1"
"21","Šò•ŒŒ§","21401","—K”ãŒS—K”ãì’¬","214010032000","‰º‰ª“‡","35.479365","136.571647","0","1"
"21","Šò•ŒŒ§","21401","—K”ãŒS—K”ãì’¬","214010033000","”’Š~","35.479948","136.534639","0","1"
"21","Šò•ŒŒ§","21401","—K”ãŒS—K”ãì’¬","214010034000","V‹{","35.477436","136.548918","0","1"
"21","Šò•ŒŒ§","21401","—K”ãŒS—K”ãì’¬","214010035000","ŠâŽ›","35.457568","136.514836","0","1"
"21","Šò•ŒŒ§","21401","—K”ãŒS—K”ãì’¬","214010036000","‘åŒõŽ›","35.497340","136.576922","0","1"
"21","Šò•ŒŒ§","21401","—K”ãŒS—K”ãì’¬","214010037000","’J‹‚—L’¹","35.524331","136.560927","0","1"
"21","Šò•ŒŒ§","21401","—K”ãŒS—K”ãì’¬","214010038000","’J‹‚‘å“´","35.506306","136.615467","0","1"
"21","Šò•ŒŒ§","21401","—K”ãŒS—K”ãì’¬","214010039000","’J‹‚_Œ´","35.559541","136.555312","0","1"
"21","Šò•ŒŒ§","21401","—K”ãŒS—K”ãì’¬","214010040000","’J‹‚–Ø‘]‰®","35.541997","136.567523","0","1"
"21","Šò•ŒŒ§","21401","—K”ãŒS—K”ãì’¬","214010041000","’J‹‚Šò—ç","35.557926","136.598509","0","1"
"21","Šò•ŒŒ§","21401","—K”ãŒS—K”ãì’¬","214010042000","’J‹‚‚‰È","35.565987","136.615849","0","1"
"21","Šò•ŒŒ§","21401","—K”ãŒS—K”ãì’¬","214010043000","’J‹‚“¿Ï","35.526877","136.620282","0","1"
"21","Šò•ŒŒ§","21401","—K”ãŒS—K”ãì’¬","214010044000","’J‹‚’·£","35.521257","136.632766","0","1"
"21","Šò•ŒŒ§","21401","—K”ãŒS—K”ãì’¬","214010045000","’J‹‚–¼—ç","35.523766","136.591730","0","1"
"21","Šò•ŒŒ§","21401","—K”ãŒS—K”ãì’¬","214010046000","’J‹‚[â","35.505137","136.601895","0","1"
"21","Šò•ŒŒ§","21401","—K”ãŒS—K”ãì’¬","214010047000","’Ë","35.754431","136.375909","0","1"
"21","Šò•ŒŒ§","21401","—K”ãŒS—K”ãì’¬","214010048000","’ßŒ©","35.640071","136.461371","0","1"
"21","Šò•ŒŒ§","21401","—K”ãŒS—K”ãì’¬","214010049000","“¿ŽR","35.714786","136.492891","0","1"
"21","Šò•ŒŒ§","21401","—K”ãŒS—K”ãì’¬","214010050000","ŠO’Ã‹‚","35.524741","136.491802","0","1"
"21","Šò•ŒŒ§","21401","—K”ãŒS—K”ãì’¬","214010051000","’·—Ç","35.475487","136.590413","0","1"
"21","Šò•ŒŒ§","21401","—K”ãŒS—K”ãì’¬","214010052000","¼’Ã‹‚","35.549523","136.492158","0","1"
"21","Šò•ŒŒ§","21401","—K”ãŒS—K”ãì’¬","214010053000","¼‰¡ŽR","35.590407","136.449156","0","1"
"21","Šò•ŒŒ§","21401","—K”ãŒS—K”ãì’¬","214010054000","ãø‰i","35.469889","136.577682","0","1"
"21","Šò•ŒŒ§","21401","—K”ãŒS—K”ãì’¬","214010055000","”¥Œ´","35.746076","136.461368","0","1"
"21","Šò•ŒŒ§","21401","—K”ãŒS—K”ãì’¬","214010056000","“Œ™Œ´","35.643837","136.520602","0","1"
"21","Šò•ŒŒ§","21401","—K”ãŒS—K”ãì’¬","214010057000","“Œ’Ã‹‚","35.551185","136.518336","0","1"
"21","Šò•ŒŒ§","21401","—K”ãŒS—K”ãì’¬","214010058000","“Œ‰¡ŽR","35.598361","136.480062","0","1"
"21","Šò•ŒŒ§","21401","—K”ãŒS—K”ãì’¬","214010059000","“úâ","35.542737","136.448495","0","1"
"21","Šò•ŒŒ§","21401","—K”ãŒS—K”ãì’¬","214010060000","•Ÿ“‡","35.463479","136.600970","0","1"
"21","Šò•ŒŒ§","21401","—K”ãŒS—K”ãì’¬","214010061000","–[“‡","35.490950","136.552099","0","1"
"21","Šò•ŒŒ§","21401","—K”ãŒS—K”ãì’¬","214010062000","ŽO‘q","35.519110","136.512480","0","1"
"21","Šò•ŒŒ§","21401","—K”ãŒS—K”ãì’¬","214010063000","ŽO—Ö","35.487736","136.576514","0","1"
"21","Šò•ŒŒ§","21401","—K”ãŒS—K”ãì’¬","214010064000","ŽRŽè","35.713394","136.421106","0","1"
"21","Šò•ŒŒ§","21401","—K”ãŒS—K”ãì’¬","214010065000","Žá¼","35.511369","136.565400","0","1"
"21","Šò•ŒŒ§","21401","—K”ãŒS—K”ãì’¬","214010066000","˜a“c","35.475776","136.564331","0","1"
"21","Šò•ŒŒ§","21403","—K”ãŒS‘å–ì’¬","214030001000","‘åŽš‘Š‰H","35.458007","136.639668","0","1"
"21","Šò•ŒŒ§","21403","—K”ãŒS‘å–ì’¬","214030002000","‘åŽš–ƒ¶","35.464107","136.623515","0","1"
"21","Šò•ŒŒ§","21403","—K”ãŒS‘å–ì’¬","214030003000","‘åŽšˆî•x","35.495652","136.653512","0","1"
"21","Šò•ŒŒ§","21403","—K”ãŒS‘å–ì’¬","214030004000","‘åŽšˆî”¨","35.476529","136.640476","0","1"
"21","Šò•ŒŒ§","21403","—K”ãŒS‘å–ì’¬","214030005000","‘åŽš‹“´","35.485901","136.603012","0","1"
"21","Šò•ŒŒ§","21403","—K”ãŒS‘å–ì’¬","214030006000","‘åŽš‘åˆß”ã","35.457948","136.619350","0","1"
"21","Šò•ŒŒ§","21403","—K”ãŒS‘å–ì’¬","214030007000","‘åŽš‘å–ì","35.477996","136.637021","0","1"
"21","Šò•ŒŒ§","21403","—K”ãŒS‘å–ì’¬","214030008000","‘åŽš‰Á”[","35.440568","136.615280","0","1"
"21","Šò•ŒŒ§","21403","—K”ãŒS‘å–ì’¬","214030009000","‘åŽšãˆé","35.440186","136.628290","0","1"
"21","Šò•ŒŒ§","21403","—K”ãŒS‘å–ì’¬","214030010000","‘åŽšãH","35.475642","136.647450","0","1"
"21","Šò•ŒŒ§","21403","—K”ãŒS‘å–ì’¬","214030011000","‘åŽšŒS‰Æ","35.445707","136.632073","0","1"
"21","Šò•ŒŒ§","21403","—K”ãŒS‘å–ì’¬","214030012000","‘åŽšŒö‹½","35.453133","136.605048","0","1"
"21","Šò•ŒŒ§","21403","—K”ãŒS‘å–ì’¬","214030013000","‘åŽš•–ì","35.467455","136.633972","0","1"
"21","Šò•ŒŒ§","21403","—K”ãŒS‘å–ì’¬","214030014000","‘åŽš¬ˆß”ã","35.458871","136.624898","0","1"
"21","Šò•ŒŒ§","21403","—K”ãŒS‘å–ì’¬","214030015000","‘åŽšŒÜ”V—¢","35.446956","136.621650","0","1"
"21","Šò•ŒŒ§","21403","—K”ãŒS‘å–ì’¬","214030016000","‘åŽš÷‘å–å","35.477913","136.633340","0","1"
"21","Šò•ŒŒ§","21403","—K”ãŒS‘å–ì’¬","214030017000","‘åŽšŽ›“à","35.493411","136.635732","0","1"
"21","Šò•ŒŒ§","21403","—K”ãŒS‘å–ì’¬","214030018000","‘åŽš‰ºˆé","35.432137","136.627984","0","1"
"21","Šò•ŒŒ§","21403","—K”ãŒS‘å–ì’¬","214030019000","‘åŽš‰º•û","35.451465","136.635348","0","1"
"21","Šò•ŒŒ§","21403","—K”ãŒS‘å–ì’¬","214030020000","‘åŽš‰ºÀ‘q","35.415557","136.631481","0","1"
"21","Šò•ŒŒ§","21403","—K”ãŒS‘å–ì’¬","214030021000","‘åŽš£ŒÃ","35.471199","136.612869","0","1"
"21","Šò•ŒŒ§","21403","—K”ãŒS‘å–ì’¬","214030022000","‘åŽš’†”VŒ³","35.465178","136.612979","0","1"
"21","Šò•ŒŒ§","21403","—K”ãŒS‘å–ì’¬","214030023000","‘åŽš¼•û","35.476478","136.624200","0","1"
"21","Šò•ŒŒ§","21403","—K”ãŒS‘å–ì’¬","214030024000","‘åŽš–ì","35.488274","136.623503","0","1"
"21","Šò•ŒŒ§","21403","—K”ãŒS‘å–ì’¬","214030025000","‘åŽšŒÃì","35.491978","136.642474","0","1"
"21","Šò•ŒŒ§","21403","—K”ãŒS‘å–ì’¬","214030026000","‘åŽš–{¯","35.430660","136.618330","0","1"
"21","Šò•ŒŒ§","21403","—K”ãŒS‘å–ì’¬","214030027000","‘åŽš¼ŽR","35.477774","136.603171","0","1"
"21","Šò•ŒŒ§","21403","—K”ãŒS‘å–ì’¬","214030028000","‘åŽš“ì•û","35.452105","136.622899","0","1"
"21","Šò•ŒŒ§","21403","—K”ãŒS‘å–ì’¬","214030029000","‘åŽš—Ì‰Æ","35.455860","136.615650","0","1"
"21","Šò•ŒŒ§","21403","—K”ãŒS‘å–ì’¬","214030030000","‘åŽš˜Z—¢","35.459127","136.631490","0","1"
"21","Šò•ŒŒ§","21404","—K”ãŒS’r“c’¬","214040001000","Â–ö","35.438732","136.569528","0","1"
"21","Šò•ŒŒ§","21404","—K”ãŒS’r“c’¬","214040002000","’r–ì","35.437845","136.577256","0","1"
"21","Šò•ŒŒ§","21404","—K”ãŒS’r“c’¬","214040003000","Žs‹´","35.409456","136.575734","0","1"
"21","Šò•ŒŒ§","21404","—K”ãŒS’r“c’¬","214040004000","ã“c","35.453722","136.583070","0","1"
"21","Šò•ŒŒ§","21404","—K”ãŒS’r“c’¬","214040005000","””ƒPŒ´","35.462988","136.566054","0","1"
"21","Šò•ŒŒ§","21404","—K”ãŒS’r“c’¬","214040006000","•ÐŽR","35.423674","136.546202","0","1"
"21","Šò•ŒŒ§","21404","—K”ãŒS’r“c’¬","214040007000","Šè¬Ž›","35.448155","136.546195","0","1"
"21","Šò•ŒŒ§","21404","—K”ãŒS’r“c’¬","214040008000","‘[","35.444231","136.561289","0","1"
"21","Šò•ŒŒ§","21404","—K”ãŒS’r“c’¬","214040009000","ŒBˆä","35.468642","136.559246","0","1"
"21","Šò•ŒŒ§","21404","—K”ãŒS’r“c’¬","214040010000","¬‹","35.452674","136.559602","0","1"
"21","Šò•ŒŒ§","21404","—K”ãŒS’r“c’¬","214040011000","¬Ž›","35.439061","136.541425","0","1"
"21","Šò•ŒŒ§","21404","—K”ãŒS’r“c’¬","214040012000","‰º“Œ–ì","35.442852","136.582876","0","1"
"21","Šò•ŒŒ§","21404","—K”ãŒS’r“c’¬","214040013000","”’’¹","35.448343","136.593556","0","1"
"21","Šò•ŒŒ§","21404","—K”ãŒS’r“c’¬","214040014000","™–ì","35.455649","136.591656","0","1"
"21","Šò•ŒŒ§","21404","—K”ãŒS’r“c’¬","214040015000","»”¨","35.452181","136.589007","0","1"
"21","Šò•ŒŒ§","21404","—K”ãŒS’r“c’¬","214040016000","“c’†","35.458946","136.563235","0","1"
"21","Šò•ŒŒ§","21404","—K”ãŒS’r“c’¬","214040017000","“c”¨","35.432864","136.565848","0","1"
"21","Šò•ŒŒ§","21404","—K”ãŒS’r“c’¬","214040018000","’i","35.461607","136.539796","0","1"
"21","Šò•ŒŒ§","21404","—K”ãŒS’r“c’¬","214040019000","”‹Œ´","35.451771","136.575112","0","1"
"21","Šò•ŒŒ§","21404","—K”ãŒS’r“c’¬","214040020000","”ÊŽá”¨","35.449246","136.528229","0","1"
"21","Šò•ŒŒ§","21404","—K”ãŒS’r“c’¬","214040021000","“¡‘ã","35.430077","136.549065","0","1"
"21","Šò•ŒŒ§","21404","—K”ãŒS’r“c’¬","214040022000","MŽq","35.464627","136.534597","0","1"
"21","Šò•ŒŒ§","21404","—K”ãŒS’r“c’¬","214040023000","–{‹½","35.450397","136.565023","0","1"
"21","Šò•ŒŒ§","21404","—K”ãŒS’r“c’¬","214040024000","‹{’n","35.457261","136.555131","0","1"
"21","Šò•ŒŒ§","21404","—K”ãŒS’r“c’¬","214040025000","ŽR“´","35.437682","136.559367","0","1"
"21","Šò•ŒŒ§","21404","—K”ãŒS’r“c’¬","214040026000","”ª”¦","35.426258","136.577926","0","1"
"21","Šò•ŒŒ§","21404","—K”ãŒS’r“c’¬","214040027000","˜Z”Vˆä","35.437465","136.584213","0","1"
"21","Šò•ŒŒ§","21421","–{‘ƒŒS–k•û’¬","214210002001","ˆê–{¼ˆê’š–Ú","35.435107","136.693150","0","3"
"21","Šò•ŒŒ§","21421","–{‘ƒŒS–k•û’¬","214210002002","ˆê–{¼“ñ’š–Ú","35.434674","136.694310","0","3"
"21","Šò•ŒŒ§","21421","–{‘ƒŒS–k•û’¬","214210006001","‰h’¬ˆê’š–Ú","35.439585","136.686619","0","3"
"21","Šò•ŒŒ§","21421","–{‘ƒŒS–k•û’¬","214210006002","‰h’¬“ñ’š–Ú","35.440669","136.686432","0","3"
"21","Šò•ŒŒ§","21421","–{‘ƒŒS–k•û’¬","214210006003","‰h’¬ŽO’š–Ú","35.441600","136.686602","0","3"
"21","Šò•ŒŒ§","21421","–{‘ƒŒS–k•û’¬","214210003000","‰Á–Î","35.439539","136.681007","0","1"
"21","Šò•ŒŒ§","21421","–{‘ƒŒS–k•û’¬","214210004001","‰Á–Îˆê’š–Ú","35.440836","136.683290","0","3"
"21","Šò•ŒŒ§","21421","–{‘ƒŒS–k•û’¬","214210011001","‹È˜Hˆê’š–Ú","35.433517","136.694659","0","3"
"21","Šò•ŒŒ§","21421","–{‘ƒŒS–k•û’¬","214210011002","‹È˜H“ñ’š–Ú","35.432225","136.694678","0","3"
"21","Šò•ŒŒ§","21421","–{‘ƒŒS–k•û’¬","214210011003","‹È˜HŽO’š–Ú","35.430247","136.693527","0","3"
"21","Šò•ŒŒ§","21421","–{‘ƒŒS–k•û’¬","214210011004","‹È˜HŽl’š–Ú","35.429694","136.695009","0","3"
"21","Šò•ŒŒ§","21421","–{‘ƒŒS–k•û’¬","214210012001","‹È˜H“Œˆê’š–Ú","35.433209","136.697406","0","3"
"21","Šò•ŒŒ§","21421","–{‘ƒŒS–k•û’¬","214210012002","‹È˜H“Œ“ñ’š–Ú","35.431398","136.697410","0","3"
"21","Šò•ŒŒ§","21421","–{‘ƒŒS–k•û’¬","214210012003","‹È˜H“ŒŽO’š–Ú","35.429838","136.697490","0","3"
"21","Šò•ŒŒ§","21421","–{‘ƒŒS–k•û’¬","214210012004","‹È˜H“ŒŽl’š–Ú","35.428204","136.697488","0","3"
"21","Šò•ŒŒ§","21421","–{‘ƒŒS–k•û’¬","214210013000","‚‰®","35.419825","136.685480","0","1"
"21","Šò•ŒŒ§","21421","–{‘ƒŒS–k•û’¬","214210015001","‚‰®ˆÉ¨“cˆê’š–Ú","35.413961","136.691249","0","3"
"21","Šò•ŒŒ§","21421","–{‘ƒŒS–k•û’¬","214210015002","‚‰®ˆÉ¨“c“ñ’š–Ú","35.412569","136.690521","0","3"
"21","Šò•ŒŒ§","21421","–{‘ƒŒS–k•û’¬","214210016001","‚‰®ð—¢ˆê’š–Ú","35.418589","136.688332","0","3"
"21","Šò•ŒŒ§","21421","–{‘ƒŒS–k•û’¬","214210016002","‚‰®ð—¢“ñ’š–Ú","35.416624","136.688118","0","3"
"21","Šò•ŒŒ§","21421","–{‘ƒŒS–k•û’¬","214210016003","‚‰®ð—¢ŽO’š–Ú","35.414155","136.688135","0","3"
"21","Šò•ŒŒ§","21421","–{‘ƒŒS–k•û’¬","214210034001","‚‰®´—¬ˆê’š–Ú","35.422094","136.686105","1","3"
"21","Šò•ŒŒ§","21421","–{‘ƒŒS–k•û’¬","214210034002","‚‰®´—¬“ñ’š–Ú","35.423303","136.685692","1","3"
"21","Šò•ŒŒ§","21421","–{‘ƒŒS–k•û’¬","214210034003","‚‰®´—¬ŽO’š–Ú","35.421597","136.684020","1","3"
"21","Šò•ŒŒ§","21421","–{‘ƒŒS–k•û’¬","214210034004","‚‰®´—¬Žl’š–Ú","35.420162","136.684394","1","3"
"21","Šò•ŒŒ§","21421","–{‘ƒŒS–k•û’¬","214210034005","‚‰®´—¬ŒÜ’š–Ú","35.420026","136.682285","1","3"
"21","Šò•ŒŒ§","21421","–{‘ƒŒS–k•û’¬","214210034006","‚‰®´—¬˜Z’š–Ú","35.417864","136.681322","1","3"
"21","Šò•ŒŒ§","21421","–{‘ƒŒS–k•û’¬","214210014001","‚‰®Î––ˆê’š–Ú","35.424097","136.694315","0","3"
"21","Šò•ŒŒ§","21421","–{‘ƒŒS–k•û’¬","214210014002","‚‰®Î––“ñ’š–Ú","35.422092","136.694066","0","3"
"21","Šò•ŒŒ§","21421","–{‘ƒŒS–k•û’¬","214210014003","‚‰®Î––ŽO’š–Ú","35.422142","136.697628","0","3"
"21","Šò•ŒŒ§","21421","–{‘ƒŒS–k•û’¬","214210018001","‚‰®‘¾Žqˆê’š–Ú","35.418099","136.685286","0","3"
"21","Šò•ŒŒ§","21421","–{‘ƒŒS–k•û’¬","214210018002","‚‰®‘¾Žq“ñ’š–Ú","35.415826","136.685850","0","3"
"21","Šò•ŒŒ§","21421","–{‘ƒŒS–k•û’¬","214210018003","‚‰®‘¾ŽqŽO’š–Ú","35.415813","136.684679","0","3"
"21","Šò•ŒŒ§","21421","–{‘ƒŒS–k•û’¬","214210019001","‚‰®’ºŽgˆê’š–Ú","35.424051","136.688727","0","3"
"21","Šò•ŒŒ§","21421","–{‘ƒŒS–k•û’¬","214210019002","‚‰®’ºŽg“ñ’š–Ú","35.424099","136.690870","0","3"
"21","Šò•ŒŒ§","21421","–{‘ƒŒS–k•û’¬","214210017001","‚‰®”’–Øˆê’š–Ú","35.418702","136.691189","0","3"
"21","Šò•ŒŒ§","21421","–{‘ƒŒS–k•û’¬","214210017002","‚‰®”’–Ø“ñ’š–Ú","35.417207","136.691206","0","3"
"21","Šò•ŒŒ§","21421","–{‘ƒŒS–k•û’¬","214210017003","‚‰®”’–ØŽO’š–Ú","35.415532","136.691228","0","3"
"21","Šò•ŒŒ§","21421","–{‘ƒŒS–k•û’¬","214210020001","‚‰®•ª–Øˆê’š–Ú","35.421694","136.688686","0","3"
"21","Šò•ŒŒ§","21421","–{‘ƒŒS–k•û’¬","214210020002","‚‰®•ª–Ø“ñ’š–Ú","35.421023","136.690521","0","3"
"21","Šò•ŒŒ§","21421","–{‘ƒŒS–k•û’¬","214210020003","‚‰®•ª–ØŽO’š–Ú","35.420399","136.692370","0","3"
"21","Šò•ŒŒ§","21421","–{‘ƒŒS–k•û’¬","214210008001","ŽÅŒ´¼’¬ˆê’š–Ú","35.442859","136.692695","0","3"
"21","Šò•ŒŒ§","21421","–{‘ƒŒS–k•û’¬","214210008002","ŽÅŒ´¼’¬“ñ’š–Ú","35.444395","136.692895","0","3"
"21","Šò•ŒŒ§","21421","–{‘ƒŒS–k•û’¬","214210008003","ŽÅŒ´¼’¬ŽO’š–Ú","35.445866","136.692957","0","3"
"21","Šò•ŒŒ§","21421","–{‘ƒŒS–k•û’¬","214210008004","ŽÅŒ´¼’¬Žl’š–Ú","35.447825","136.692935","0","3"
"21","Šò•ŒŒ§","21421","–{‘ƒŒS–k•û’¬","214210007001","ŽÅŒ´’†’¬ˆê’š–Ú","35.442521","136.694428","0","3"
"21","Šò•ŒŒ§","21421","–{‘ƒŒS–k•û’¬","214210007002","ŽÅŒ´’†’¬“ñ’š–Ú","35.442478","136.695654","0","3"
"21","Šò•ŒŒ§","21421","–{‘ƒŒS–k•û’¬","214210007003","ŽÅŒ´’†’¬ŽO’š–Ú","35.444362","136.694882","0","3"
"21","Šò•ŒŒ§","21421","–{‘ƒŒS–k•û’¬","214210007004","ŽÅŒ´’†’¬Žl’š–Ú","35.445858","136.694868","0","3"
"21","Šò•ŒŒ§","21421","–{‘ƒŒS–k•û’¬","214210007005","ŽÅŒ´’†’¬ŒÜ’š–Ú","35.446994","136.694875","0","3"
"21","Šò•ŒŒ§","21421","–{‘ƒŒS–k•û’¬","214210007006","ŽÅŒ´’†’¬˜Z’š–Ú","35.448406","136.694896","0","3"
"21","Šò•ŒŒ§","21421","–{‘ƒŒS–k•û’¬","214210009001","ŽÅŒ´“Œ’¬ˆê’š–Ú","35.442759","136.697329","0","3"
"21","Šò•ŒŒ§","21421","–{‘ƒŒS–k•û’¬","214210009002","ŽÅŒ´“Œ’¬“ñ’š–Ú","35.443807","136.697323","0","3"
"21","Šò•ŒŒ§","21421","–{‘ƒŒS–k•û’¬","214210009003","ŽÅŒ´“Œ’¬ŽO’š–Ú","35.444816","136.697311","0","3"
"21","Šò•ŒŒ§","21421","–{‘ƒŒS–k•û’¬","214210009004","ŽÅŒ´“Œ’¬Žl’š–Ú","35.445878","136.697298","0","3"
"21","Šò•ŒŒ§","21421","–{‘ƒŒS–k•û’¬","214210009005","ŽÅŒ´“Œ’¬ŒÜ’š–Ú","35.447138","136.697261","0","3"
"21","Šò•ŒŒ§","21421","–{‘ƒŒS–k•û’¬","214210031001","Žá‹{ˆê’š–Ú","35.441600","136.689914","0","3"
"21","Šò•ŒŒ§","21421","–{‘ƒŒS–k•û’¬","214210031002","Žá‹{“ñ’š–Ú","35.441461","136.692207","0","3"
"21","Šò•ŒŒ§","21421","–{‘ƒŒS–k•û’¬","214210028001","t—ˆ’¬ˆê’š–Ú","35.432728","136.686998","0","3"
"21","Šò•ŒŒ§","21421","–{‘ƒŒS–k•û’¬","214210028002","t—ˆ’¬“ñ’š–Ú","35.432736","136.689110","0","3"
"21","Šò•ŒŒ§","21421","–{‘ƒŒS–k•û’¬","214210028003","t—ˆ’¬ŽO’š–Ú","35.430357","136.687940","0","3"
"21","Šò•ŒŒ§","21421","–{‘ƒŒS–k•û’¬","214210005001","¬–öˆê’š–Ú","35.433221","136.691109","0","3"
"21","Šò•ŒŒ§","21421","–{‘ƒŒS–k•û’¬","214210005002","¬–ö“ñ’š–Ú","35.432283","136.691900","0","3"
"21","Šò•ŒŒ§","21421","–{‘ƒŒS–k•û’¬","214210010001","´…ˆê’š–Ú","35.435239","136.689482","0","3"
"21","Šò•ŒŒ§","21421","–{‘ƒŒS–k•û’¬","214210022000","’Œ–{","35.425861","136.685306","0","1"
"21","Šò•ŒŒ§","21421","–{‘ƒŒS–k•û’¬","214210023001","’Œ–{ˆê’š–Ú","35.428861","136.688001","0","3"
"21","Šò•ŒŒ§","21421","–{‘ƒŒS–k•û’¬","214210023002","’Œ–{“ñ’š–Ú","35.429360","136.689964","0","3"
"21","Šò•ŒŒ§","21421","–{‘ƒŒS–k•û’¬","214210023003","’Œ–{ŽO’š–Ú","35.428352","136.693122","0","3"
"21","Šò•ŒŒ§","21421","–{‘ƒŒS–k•û’¬","214210024001","’Œ–{’r”V“ªˆê’š–Ú","35.426452","136.697524","0","3"
"21","Šò•ŒŒ§","21421","–{‘ƒŒS–k•û’¬","214210024002","’Œ–{’r”V“ª“ñ’š–Ú","35.424948","136.697592","0","3"
"21","Šò•ŒŒ§","21421","–{‘ƒŒS–k•û’¬","214210024003","’Œ–{’r”V“ªŽO’š–Ú","35.423479","136.697322","0","3"
"21","Šò•ŒŒ§","21421","–{‘ƒŒS–k•û’¬","214210026001","’Œ–{“ìˆê’š–Ú","35.425759","136.686513","1","3"
"21","Šò•ŒŒ§","21421","–{‘ƒŒS–k•û’¬","214210026002","’Œ–{“ì“ñ’š–Ú","35.426414","136.690942","0","3"
"21","Šò•ŒŒ§","21421","–{‘ƒŒS–k•û’¬","214210026003","’Œ–{“ìŽO’š–Ú","35.426422","136.693189","0","3"
"21","Šò•ŒŒ§","21421","–{‘ƒŒS–k•û’¬","214210025001","’Œ–{”’’Øˆê’š–Ú","35.428371","136.695286","0","3"
"21","Šò•ŒŒ§","21421","–{‘ƒŒS–k•û’¬","214210025002","’Œ–{”’’Ø“ñ’š–Ú","35.426330","136.695133","0","3"
"21","Šò•ŒŒ§","21421","–{‘ƒŒS–k•û’¬","214210001001","’©“ú’¬ˆê’š–Ú","35.440742","136.694116","0","3"
"21","Šò•ŒŒ§","21421","–{‘ƒŒS–k•û’¬","214210001002","’©“ú’¬“ñ’š–Ú","35.440986","136.695551","0","3"
"21","Šò•ŒŒ§","21421","–{‘ƒŒS–k•û’¬","214210001003","’©“ú’¬ŽO’š–Ú","35.441194","136.696682","0","3"
"21","Šò•ŒŒ§","21421","–{‘ƒŒS–k•û’¬","214210001004","’©“ú’¬Žl’š–Ú","35.441212","136.697876","0","3"
"21","Šò•ŒŒ§","21421","–{‘ƒŒS–k•û’¬","214210001005","’©“ú’¬ŒÜ’š–Ú","35.439802","136.696713","0","3"
"21","Šò•ŒŒ§","21421","–{‘ƒŒS–k•û’¬","214210032001","’·’Jìˆê’š–Ú","35.435376","136.684450","0","3"
"21","Šò•ŒŒ§","21421","–{‘ƒŒS–k•û’¬","214210027001","’·’Jì¼ˆê’š–Ú","35.435024","136.681462","0","3"
"21","Šò•ŒŒ§","21421","–{‘ƒŒS–k•û’¬","214210027002","’·’Jì¼“ñ’š–Ú","35.433057","136.682559","0","3"
"21","Šò•ŒŒ§","21421","–{‘ƒŒS–k•û’¬","214210027003","’·’Jì¼ŽO’š–Ú","35.431220","136.684656","0","3"
"21","Šò•ŒŒ§","21421","–{‘ƒŒS–k•û’¬","214210021001","“V‹ç“°ˆê’š–Ú","35.430286","136.692953","0","3"
"21","Šò•ŒŒ§","21421","–{‘ƒŒS–k•û’¬","214210021002","“V‹ç“°“ñ’š–Ú","35.429828","136.691712","0","3"
"21","Šò•ŒŒ§","21421","–{‘ƒŒS–k•û’¬","214210029001","“Œ‰Á–Îˆê’š–Ú","35.439751","136.689269","0","3"
"21","Šò•ŒŒ§","21421","–{‘ƒŒS–k•û’¬","214210029002","“Œ‰Á–Î“ñ’š–Ú","35.439751","136.692343","0","3"
"21","Šò•ŒŒ§","21421","–{‘ƒŒS–k•û’¬","214210029003","“Œ‰Á–ÎŽO’š–Ú","35.440697","136.690101","0","3"
"21","Šò•ŒŒ§","21421","–{‘ƒŒS–k•û’¬","214210030001","•½¬ˆê’š–Ú","35.433688","136.680367","0","3"
"21","Šò•ŒŒ§","21421","–{‘ƒŒS–k•û’¬","214210030002","•½¬“ñ’š–Ú","35.432417","136.681349","0","3"
"21","Šò•ŒŒ§","21421","–{‘ƒŒS–k•û’¬","214210030003","•½¬ŽO’š–Ú","35.431022","136.682382","0","3"
"21","Šò•ŒŒ§","21421","–{‘ƒŒS–k•û’¬","214210030004","•½¬Žl’š–Ú","35.429882","136.683862","0","3"
"21","Šò•ŒŒ§","21421","–{‘ƒŒS–k•û’¬","214210030005","•½¬ŒÜ’š–Ú","35.429553","136.682316","0","3"
"21","Šò•ŒŒ§","21421","–{‘ƒŒS–k•û’¬","214210030006","•½¬˜Z’š–Ú","35.428481","136.681748","0","3"
"21","Šò•ŒŒ§","21421","–{‘ƒŒS–k•û’¬","214210030007","•½¬Žµ’š–Ú","35.430807","136.680679","0","3"
"21","Šò•ŒŒ§","21421","–{‘ƒŒS–k•û’¬","214210030008","•½¬”ª’š–Ú","35.432716","136.679133","0","3"
"21","Šò•ŒŒ§","21421","–{‘ƒŒS–k•û’¬","214210033000","–k•û","35.437267","136.689849","0","1"
"21","Šò•ŒŒ§","21501","‰Á–ÎŒSâj’¬","215010001000","‘åj","35.446007","136.988176","0","1"
"21","Šò•ŒŒ§","21501","‰Á–ÎŒSâj’¬","215010002000","ŸŽR","35.426201","136.961131","0","1"
"21","Šò•ŒŒ§","21501","‰Á–ÎŒSâj’¬","215010003001","‰Á–ÎŽRˆê’š–Ú","35.439047","136.986325","0","3"
"21","Šò•ŒŒ§","21501","‰Á–ÎŒSâj’¬","215010003002","‰Á–ÎŽR“ñ’š–Ú","35.440418","136.988105","0","3"
"21","Šò•ŒŒ§","21501","‰Á–ÎŒSâj’¬","215010004000","•Šâ","35.441364","136.977306","0","1"
"21","Šò•ŒŒ§","21501","‰Á–ÎŒSâj’¬","215010005000","Žð‘q","35.432700","136.992292","0","1"
"21","Šò•ŒŒ§","21501","‰Á–ÎŒSâj’¬","215010006001","Žð‘q[“cˆê’š–Ú","35.432689","137.002414","0","3"
"21","Šò•ŒŒ§","21501","‰Á–ÎŒSâj’¬","215010006002","Žð‘q[“c“ñ’š–Ú","35.434670","137.001927","0","3"
"21","Šò•ŒŒ§","21501","‰Á–ÎŒSâj’¬","215010006003","Žð‘q[“cŽO’š–Ú","35.436762","137.001927","0","3"
"21","Šò•ŒŒ§","21501","‰Á–ÎŒSâj’¬","215010007000","Žæ‘g","35.426843","136.980162","0","1"
"21","Šò•ŒŒ§","21501","‰Á–ÎŒSâj’¬","215010008000","[Šž","35.438670","136.962896","0","1"
"21","Šò•ŒŒ§","21502","‰Á–ÎŒS•x‰Á’¬","215020001000","‘å•½‰ê","35.496609","136.958108","0","1"
"21","Šò•ŒŒ§","21502","‰Á–ÎŒS•x‰Á’¬","215020002000","‘åŽR","35.494997","136.970683","0","1"
"21","Šò•ŒŒ§","21502","‰Á–ÎŒS•x‰Á’¬","215020003000","‰ÁŽ¡“c","35.497032","136.989735","0","1"
"21","Šò•ŒŒ§","21502","‰Á–ÎŒS•x‰Á’¬","215020004000","‚”¨","35.474979","136.959752","0","1"
"21","Šò•ŒŒ§","21502","‰Á–ÎŒS•x‰Á’¬","215020005000","‘ê“c","35.488462","136.974057","0","1"
"21","Šò•ŒŒ§","21502","‰Á–ÎŒS•x‰Á’¬","215020006000","‰H¶","35.478558","136.976619","0","1"
"21","Šò•ŒŒ§","21502","‰Á–ÎŒS•x‰Á’¬","215020007000","—[“c","35.483307","136.992818","0","1"
"21","Šò•ŒŒ§","21503","‰Á–ÎŒSì•Ó’¬","215030001000","Î_","35.498907","137.068680","0","1"
"21","Šò•ŒŒ§","21503","‰Á–ÎŒSì•Ó’¬","215030002000","Ž­‰–","35.499247","137.047942","0","1"
"21","Šò•ŒŒ§","21503","‰Á–ÎŒSì•Ó’¬","215030003000","ãì•Ó","35.528720","137.077412","0","1"
"21","Šò•ŒŒ§","21503","‰Á–ÎŒSì•Ó’¬","215030004000","Œ Œ»ŽR","35.500365","137.101341","0","1"
"21","Šò•ŒŒ§","21503","‰Á–ÎŒSì•Ó’¬","215030005000","‰º–ƒ¶","35.534579","137.095769","0","1"
"21","Šò•ŒŒ§","21503","‰Á–ÎŒSì•Ó’¬","215030006000","‰º”Ñ“c","35.476147","137.083241","0","1"
"21","Šò•ŒŒ§","21503","‰Á–ÎŒSì•Ó’¬","215030007000","‰ºì•Ó","35.474883","137.056307","0","1"
"21","Šò•ŒŒ§","21503","‰Á–ÎŒSì•Ó’¬","215030008000","‰º‹g“c","35.512628","137.106413","0","1"
"21","Šò•ŒŒ§","21503","‰Á–ÎŒSì•Ó’¬","215030009000","’†ì•Ó","35.492355","137.063370","0","1"
"21","Šò•ŒŒ§","21503","‰Á–ÎŒSì•Ó’¬","215030010000","’†–ì","35.490447","137.078392","0","1"
"21","Šò•ŒŒ§","21503","‰Á–ÎŒSì•Ó’¬","215030011000","¼“Èˆä","35.483493","137.064660","0","1"
"21","Šò•ŒŒ§","21503","‰Á–ÎŒSì•Ó’¬","215030012000","”ä‹vŒ©","35.495968","137.078369","0","1"
"21","Šò•ŒŒ§","21503","‰Á–ÎŒSì•Ó’¬","215030013000","•Ÿ“‡","35.479450","137.075900","0","1"
"21","Šò•ŒŒ§","21504","‰Á–ÎŒSŽµ@’¬","215040001000","_Ÿº","35.589429","137.082972","0","1"
"21","Šò•ŒŒ§","21504","‰Á–ÎŒSŽµ@’¬","215040002000","ã–ƒ¶","35.567428","137.128411","0","1"
"21","Šò•ŒŒ§","21504","‰Á–ÎŒSŽµ@’¬","215040003000","ì•À","35.533004","137.128207","0","1"
"21","Šò•ŒŒ§","21504","‰Á–ÎŒSŽµ@’¬","215040004000","’†–ƒ¶","35.534130","137.110758","0","1"
"21","Šò•ŒŒ§","21505","‰Á–ÎŒS”ª•S’Ã’¬","215050001000","ˆÉŠò’ÃŽu","35.463249","137.126773","0","1"
"21","Šò•ŒŒ§","21505","‰Á–ÎŒS”ª•S’Ã’¬","215050002000","ã”Ñ“c","35.481848","137.091486","0","1"
"21","Šò•ŒŒ§","21505","‰Á–ÎŒS”ª•S’Ã’¬","215050003000","ã–q–ì","35.454625","137.080697","0","1"
"21","Šò•ŒŒ§","21505","‰Á–ÎŒS”ª•S’Ã’¬","215050004000","ã‹g“c","35.531957","137.151455","0","1"
"21","Šò•ŒŒ§","21505","‰Á–ÎŒS”ª•S’Ã’¬","215050005000","‹v“cŒ©","35.519462","137.184854","0","1"
"21","Šò•ŒŒ§","21505","‰Á–ÎŒS”ª•S’Ã’¬","215050006000","’ªŒ©","35.489361","137.251054","0","1"
"21","Šò•ŒŒ§","21505","‰Á–ÎŒS”ª•S’Ã’¬","215050007000","‹ÑD","35.464914","137.152219","0","1"
"21","Šò•ŒŒ§","21505","‰Á–ÎŒS”ª•S’Ã’¬","215050008000","–ìã","35.486841","137.117898","0","1"
"21","Šò•ŒŒ§","21505","‰Á–ÎŒS”ª•S’Ã’¬","215050009000","•Ÿ’n","35.523232","137.242226","0","1"
"21","Šò•ŒŒ§","21505","‰Á–ÎŒS”ª•S’Ã’¬","215050010000","“ìŒË","35.486783","137.217219","0","1"
"21","Šò•ŒŒ§","21505","‰Á–ÎŒS”ª•S’Ã’¬","215050011000","”ª•S’Ã","35.494083","137.148248","0","1"
"21","Šò•ŒŒ§","21505","‰Á–ÎŒS”ª•S’Ã’¬","215050012000","˜a’m","35.477980","137.100269","0","1"
"21","Šò•ŒŒ§","21506","‰Á–ÎŒS”’ì’¬","215060001000","Ô‰Í","35.554193","137.257586","0","1"
"21","Šò•ŒŒ§","21506","‰Á–ÎŒS”’ì’¬","215060002000","˜aò","35.596879","137.191381","0","1"
"21","Šò•ŒŒ§","21506","‰Á–ÎŒS”’ì’¬","215060003000","‰Í“Œ","35.612992","137.184717","0","1"
"21","Šò•ŒŒ§","21506","‰Á–ÎŒS”’ì’¬","215060004000","ã²Œ©","35.676946","137.287078","0","1"
"21","Šò•ŒŒ§","21506","‰Á–ÎŒS”’ì’¬","215060005000","‰ÍŠò","35.578254","137.194400","0","1"
"21","Šò•ŒŒ§","21506","‰Á–ÎŒS”’ì’¬","215060006000","Øˆä","35.550886","137.313523","0","1"
"21","Šò•ŒŒ§","21506","‰Á–ÎŒS”’ì’¬","215060007000","•ì","35.592262","137.322904","0","1"
"21","Šò•ŒŒ§","21506","‰Á–ÎŒS”’ì’¬","215060008000","âƒm“Œ","35.603797","137.161728","0","1"
"21","Šò•ŒŒ§","21506","‰Á–ÎŒS”’ì’¬","215060009000","‰º²Œ©","35.657054","137.237075","0","1"
"21","Šò•ŒŒ§","21506","‰Á–ÎŒS”’ì’¬","215060010000","”’ŽR","35.638226","137.198191","0","1"
"21","Šò•ŒŒ§","21506","‰Á–ÎŒS”’ì’¬","215060011000","’†ì","35.612142","137.248212","0","1"
"21","Šò•ŒŒ§","21506","‰Á–ÎŒS”’ì’¬","215060012000","L–ì","35.608442","137.209407","0","1"
"21","Šò•ŒŒ§","21506","‰Á–ÎŒS”’ì’¬","215060013000","ŽOì","35.567754","137.220877","0","1"
"21","Šò•ŒŒ§","21506","‰Á–ÎŒS”’ì’¬","215060014000","…ŒË–ì","35.605126","137.227978","0","1"
"21","Šò•ŒŒ§","21507","‰Á–ÎŒS“Œ”’ì‘º","215070001000","‰zŒ´","35.652923","137.385277","0","1"
"21","Šò•ŒŒ§","21507","‰Á–ÎŒS“Œ”’ì‘º","215070002000","_“y","35.646412","137.328488","0","1"
"21","Šò•ŒŒ§","21507","‰Á–ÎŒS“Œ”’ì‘º","215070003000","ŒÜ‰Á","35.622994","137.289940","0","1"
"21","Šò•ŒŒ§","21521","‰ÂŽ™ŒSŒä“’¬","215210001000","ˆäK","35.431366","137.153978","0","1"
"21","Šò•ŒŒ§","21521","‰ÂŽ™ŒSŒä“’¬","215210002000","—wâ","35.431248","137.176593","0","1"
"21","Šò•ŒŒ§","21521","‰ÂŽ™ŒSŒä“’¬","215210003000","‘å‹vŒã","35.463136","137.193055","0","1"
"21","Šò•ŒŒ§","21521","‰ÂŽ™ŒSŒä“’¬","215210004000","¬Œ´","35.439885","137.174289","0","1"
"21","Šò•ŒŒ§","21521","‰ÂŽ™ŒSŒä“’¬","215210005000","ãŒb“y","35.438972","137.076830","0","1"
"21","Šò•ŒŒ§","21521","‰ÂŽ™ŒSŒä“’¬","215210006000","ã”V‹½","35.446320","137.168934","0","1"
"21","Šò•ŒŒ§","21521","‰ÂŽ™ŒSŒä“’¬","215210007000","ŠçŒË","35.442345","137.110831","0","1"
"21","Šò•ŒŒ§","21521","‰ÂŽ™ŒSŒä“’¬","215210008000","¬˜a‘ò","35.462052","137.175646","0","1"
"21","Šò•ŒŒ§","21521","‰ÂŽ™ŒSŒä“’¬","215210009000","¼“´","35.431076","137.165824","0","1"
"21","Šò•ŒŒ§","21521","‰ÂŽ™ŒSŒä“’¬","215210010000","ŽŸŒŽ","35.407945","137.187698","0","1"
"21","Šò•ŒŒ§","21521","‰ÂŽ™ŒSŒä“’¬","215210011000","h","35.412248","137.163658","0","1"
"21","Šò•ŒŒ§","21521","‰ÂŽ™ŒSŒä“’¬","215210012000","’Ã‹´","35.427066","137.193626","0","1"
"21","Šò•ŒŒ§","21521","‰ÂŽ™ŒSŒä“’¬","215210013000","’†","35.433642","137.120198","0","1"
"21","Šò•ŒŒ§","21521","‰ÂŽ™ŒSŒä“’¬","215210014000","’†Ø","35.416892","137.157624","0","1"
"21","Šò•ŒŒ§","21521","‰ÂŽ™ŒSŒä“’¬","215210015000","”äˆß","35.447875","137.104933","0","1"
"21","Šò•ŒŒ§","21521","‰ÂŽ™ŒSŒä“’¬","215210016000","•šŒ©","35.441895","137.090308","0","1"
"21","Šò•ŒŒ§","21521","‰ÂŽ™ŒSŒä“’¬","215210017000","ŒÃ‰®•~","35.424040","137.111902","0","1"
"21","Šò•ŒŒ§","21521","‰ÂŽ™ŒSŒä“’¬","215210018000","‘O‘ò","35.443830","137.194353","0","1"
"21","Šò•ŒŒ§","21521","‰ÂŽ™ŒSŒä“’¬","215210019000","”ü²–ì","35.410140","137.172473","0","1"
"21","Šò•ŒŒ§","21521","‰ÂŽ™ŒSŒä“’¬","215210020000","Œä“","35.430141","137.137804","0","1"
"21","Šò•ŒŒ§","21604","‘å–ìŒS”’ì‘º","216040001000","‘åŽšˆ°‘q","36.341283","136.919633","0","1"
"21","Šò•ŒŒ§","21604","‘å–ìŒS”’ì‘º","216040002000","‘åŽš”Ñ“‡","36.277647","136.877383","0","1"
"21","Šò•ŒŒ§","21604","‘å–ìŒS”’ì‘º","216040003000","‘åŽš—L‰ÆƒPŒ´","36.320229","136.928069","0","1"
"21","Šò•ŒŒ§","21604","‘å–ìŒS”’ì‘º","216040004000","‘åŽš‹Žñ","36.299602","136.953701","0","1"
"21","Šò•ŒŒ§","21604","‘å–ìŒS”’ì‘º","216040005000","‘åŽš“àƒPŒË","36.298586","136.915419","0","1"
"21","Šò•ŒŒ§","21604","‘å–ìŒS”’ì‘º","216040006000","‘åŽš‘åŒE","36.247012","136.872176","0","1"
"21","Šò•ŒŒ§","21604","‘å–ìŒS”’ì‘º","216040007000","‘åŽš‘å–q","36.238385","136.885761","0","1"
"21","Šò•ŒŒ§","21604","‘å–ìŒS”’ì‘º","216040008000","‘åŽš”ö_","36.110899","136.916952","0","1"
"21","Šò•ŒŒ§","21604","‘å–ìŒS”’ì‘º","216040009000","‘åŽš‰¬’¬","36.252389","136.926082","0","1"
"21","Šò•ŒŒ§","21604","‘å–ìŒS”’ì‘º","216040010000","‘åŽš‰Á{—Ç","36.308370","136.847189","0","1"
"21","Šò•ŒŒ§","21604","‘å–ìŒS”’ì‘º","216040011000","‘åŽš–Ø’J","36.202480","136.923301","0","1"
"21","Šò•ŒŒ§","21604","‘å–ìŒS”’ì‘º","216040012000","‘åŽš¬”’ì","36.349496","136.866603","0","1"
"21","Šò•ŒŒ§","21604","‘å–ìŒS”’ì‘º","216040013000","‘åŽš“‡","36.282415","136.910441","0","1"
"21","Šò•ŒŒ§","21604","‘å–ìŒS”’ì‘º","216040014000","‘åŽš’ÖŒ´","36.310685","136.880035","0","1"
"21","Šò•ŒŒ§","21604","‘å–ìŒS”’ì‘º","216040015000","‘åŽš’·£","36.148580","136.924035","0","1"
"21","Šò•ŒŒ§","21604","‘å–ìŒS”’ì‘º","216040016000","‘åŽš–ì’J","36.212636","136.844316","0","1"
"21","Šò•ŒŒ§","21604","‘å–ìŒS”’ì‘º","216040017000","‘åŽš”µ’J","36.264596","136.895018","0","1"
"21","Šò•ŒŒ§","21604","‘å–ìŒS”’ì‘º","216040018000","‘åŽš•½£","36.146490","136.834165","0","1"
"21","Šò•ŒŒ§","21604","‘å–ìŒS”’ì‘º","216040019000","‘åŽš•Ÿ“‡","36.119378","136.889590","0","1"
"21","Šò•ŒŒ§","21604","‘å–ìŒS”’ì‘º","216040020000","‘åŽš•Û–Ø˜e","36.202267","136.879482","0","1"
"21","Šò•ŒŒ§","21604","‘å–ìŒS”’ì‘º","216040021000","‘åŽš”nŽë","36.256811","136.862837","0","1"
"21","Šò•ŒŒ§","21604","‘å–ìŒS”’ì‘º","216040022000","‘åŽš–q","36.141558","136.897464","0","1"
"21","Šò•ŒŒ§","21604","‘å–ìŒS”’ì‘º","216040023000","‘åŽšŒä•êˆß","36.157818","136.900305","0","1"
