"都道府県コード","都道府県名","市区町村コード","市区町村名","大字町丁目コード","大字町丁目名","緯度","経度","原典資料コード","大字・字・丁目区分コード"
"30","和歌山県","30201","和歌山市","302010001000","葵町","34.213480","135.163085","0","1"
"30","和歌山県","30201","和歌山市","302010002000","秋月","34.230374","135.203712","0","1"
"30","和歌山県","30201","和歌山市","302010003000","秋葉町","34.200466","135.171405","0","1"
"30","和歌山県","30201","和歌山市","302010004000","朝日","34.192106","135.218759","0","1"
"30","和歌山県","30201","和歌山市","302010005000","芦辺丁","34.223697","135.175487","0","1"
"30","和歌山県","30201","和歌山市","302010006000","小豆島","34.252869","135.229079","0","1"
"30","和歌山県","30201","和歌山市","302010007000","網屋町","34.228907","135.161261","0","1"
"30","和歌山県","30201","和歌山市","302010008000","有家","34.222050","135.199850","0","1"
"30","和歌山県","30201","和歌山市","302010009000","有田屋町","34.227224","135.166584","0","1"
"30","和歌山県","30201","和歌山市","302010010000","有田屋町南ノ丁","34.227037","135.165525","0","1"
"30","和歌山県","30201","和歌山市","302010011000","有本","34.249854","135.194426","0","1"
"30","和歌山県","30201","和歌山市","302010012000","新内","34.233578","135.184124","0","1"
"30","和歌山県","30201","和歌山市","302010013000","粟","34.249870","135.175833","0","1"
"30","和歌山県","30201","和歌山市","302010014000","石橋丁","34.238341","135.167063","0","1"
"30","和歌山県","30201","和歌山市","302010015000","磯の浦","34.268912","135.091693","0","1"
"30","和歌山県","30201","和歌山市","302010016000","伊太祈曽","34.197800","135.251469","0","1"
"30","和歌山県","30201","和歌山市","302010017000","板屋町","34.233801","135.170327","0","1"
"30","和歌山県","30201","和歌山市","302010018000","市小路","34.255674","135.166173","0","1"
"30","和歌山県","30201","和歌山市","302010019000","一番丁","34.227823","135.172113","0","1"
"30","和歌山県","30201","和歌山市","302010020000","五筋目","34.240321","135.170600","0","1"
"30","和歌山県","30201","和歌山市","302010021000","井戸","34.199533","135.228621","0","1"
"30","和歌山県","30201","和歌山市","302010022000","井ノ口","34.240497","135.249115","0","1"
"30","和歌山県","30201","和歌山市","302010023001","今福一丁目","34.214738","135.165668","0","3"
"30","和歌山県","30201","和歌山市","302010023002","今福二丁目","34.210330","135.165987","0","3"
"30","和歌山県","30201","和歌山市","302010023003","今福三丁目","34.210381","135.163764","0","3"
"30","和歌山県","30201","和歌山市","302010023004","今福四丁目","34.212497","135.161124","0","3"
"30","和歌山県","30201","和歌山市","302010023005","今福五丁目","34.210618","135.161220","0","3"
"30","和歌山県","30201","和歌山市","302010024000","岩橋","34.235171","135.231368","0","1"
"30","和歌山県","30201","和歌山市","302010025000","井辺","34.219964","135.214878","0","1"
"30","和歌山県","30201","和歌山市","302010026000","上野","34.270896","135.254502","0","1"
"30","和歌山県","30201","和歌山市","302010027001","上野町一丁目","34.226751","135.168086","0","3"
"30","和歌山県","30201","和歌山市","302010027002","上野町二丁目","34.226892","135.167786","0","3"
"30","和歌山県","30201","和歌山市","302010027003","上野町三丁目","34.225939","135.165065","0","3"
"30","和歌山県","30201","和歌山市","302010028000","植松丁","34.227602","135.161089","0","1"
"30","和歌山県","30201","和歌山市","302010029000","宇治鉄砲場","34.243068","135.173010","0","1"
"30","和歌山県","30201","和歌山市","302010030000","宇治袋町","34.236718","135.173273","0","1"
"30","和歌山県","30201","和歌山市","302010031000","宇治家裏","34.241983","135.178954","0","1"
"30","和歌山県","30201","和歌山市","302010032000","宇治藪下","34.243544","135.177659","0","1"
"30","和歌山県","30201","和歌山市","302010033001","宇須一丁目","34.211009","135.174126","0","3"
"30","和歌山県","30201","和歌山市","302010033002","宇須二丁目","34.212179","135.176076","0","3"
"30","和歌山県","30201","和歌山市","302010033003","宇須三丁目","34.210385","135.177163","0","3"
"30","和歌山県","30201","和歌山市","302010033004","宇須四丁目","34.207495","135.177735","0","3"
"30","和歌山県","30201","和歌山市","302010034000","宇田森","34.261085","135.246799","0","1"
"30","和歌山県","30201","和歌山市","302010035000","打越町","34.204308","135.176760","0","1"
"30","和歌山県","30201","和歌山市","302010036000","内原","34.176912","135.197710","0","1"
"30","和歌山県","30201","和歌山市","302010037000","梅原","34.269961","135.139844","0","1"
"30","和歌山県","30201","和歌山市","302010038000","上町","34.229689","135.160452","0","1"
"30","和歌山県","30201","和歌山市","302010039001","餌差町一丁目","34.228763","135.184610","0","3"
"30","和歌山県","30201","和歌山市","302010039002","餌差町二丁目","34.229872","135.184247","0","3"
"30","和歌山県","30201","和歌山市","302010040000","江南","34.188172","135.230387","0","1"
"30","和歌山県","30201","和歌山市","302010041000","榎原","34.255613","135.130490","0","1"
"30","和歌山県","30201","和歌山市","302010042000","大垣内","34.247262","135.274789","0","1"
"30","和歌山県","30201","和歌山市","302010043000","大川","34.302073","135.088492","0","1"
"30","和歌山県","30201","和歌山市","302010044000","大河内","34.193652","135.269958","0","1"
"30","和歌山県","30201","和歌山市","302010045000","太田","34.230096","135.199521","0","1"
"30","和歌山県","30201","和歌山市","302010046001","太田一丁目","34.230684","135.193219","0","3"
"30","和歌山県","30201","和歌山市","302010046002","太田二丁目","34.230710","135.195421","0","3"
"30","和歌山県","30201","和歌山市","302010046003","太田三丁目","34.230924","135.197456","0","3"
"30","和歌山県","30201","和歌山市","302010046004","太田四丁目","34.228754","135.196081","0","3"
"30","和歌山県","30201","和歌山市","302010047000","大谷","34.268080","135.175374","0","1"
"30","和歌山県","30201","和歌山市","302010048000","岡円福院西ノ丁","34.233862","135.181927","0","1"
"30","和歌山県","30201","和歌山市","302010049000","岡円福院東ノ丁","34.234162","135.183933","0","1"
"30","和歌山県","30201","和歌山市","302010050000","岡織屋小路","34.233506","135.183311","0","1"
"30","和歌山県","30201","和歌山市","302010051000","岡北ノ丁","34.233404","135.182848","0","1"
"30","和歌山県","30201","和歌山市","302010052000","岡南ノ丁","34.232002","135.182433","0","1"
"30","和歌山県","30201","和歌山市","302010053000","岡山丁","34.225606","135.176444","0","1"
"30","和歌山県","30201","和歌山市","302010054000","奥須佐","34.193962","135.246650","0","1"
"30","和歌山県","30201","和歌山市","302010055000","小倉","34.251608","135.291682","0","1"
"30","和歌山県","30201","和歌山市","302010056000","尾崎丁","34.222519","135.165793","0","1"
"30","和歌山県","30201","和歌山市","302010057000","落合","34.299831","135.247095","0","1"
"30","和歌山県","30201","和歌山市","302010058000","男野芝丁","34.229496","135.164419","0","1"
"30","和歌山県","30201","和歌山市","302010059001","小野町一丁目","34.231907","135.167070","0","3"
"30","和歌山県","30201","和歌山市","302010059002","小野町二丁目","34.232024","135.165386","0","3"
"30","和歌山県","30201","和歌山市","302010059003","小野町三丁目","34.232018","135.163631","0","3"
"30","和歌山県","30201","和歌山市","302010060001","雄松町一丁目","34.222808","135.181920","0","3"
"30","和歌山県","30201","和歌山市","302010060002","雄松町二丁目","34.222169","135.181786","0","3"
"30","和歌山県","30201","和歌山市","302010060003","雄松町三丁目","34.221030","135.182217","0","3"
"30","和歌山県","30201","和歌山市","302010060004","雄松町四丁目","34.220174","135.181596","0","3"
"30","和歌山県","30201","和歌山市","302010060005","雄松町五丁目","34.219104","135.180812","0","3"
"30","和歌山県","30201","和歌山市","302010060006","雄松町六丁目","34.217824","135.182010","0","3"
"30","和歌山県","30201","和歌山市","302010061000","嘉家作丁","34.242247","135.177283","0","1"
"30","和歌山県","30201","和歌山市","302010062000","駕町","34.225892","135.163493","0","1"
"30","和歌山県","30201","和歌山市","302010063000","加太","34.275072","135.081156","0","1"
"30","和歌山県","30201","和歌山市","302010064001","片岡町一丁目","34.225172","135.174482","0","3"
"30","和歌山県","30201","和歌山市","302010064002","片岡町二丁目","34.223383","135.174697","0","3"
"30","和歌山県","30201","和歌山市","302010065000","徒町","34.225975","135.166332","0","1"
"30","和歌山県","30201","和歌山市","302010066000","金谷","34.230791","135.273200","0","1"
"30","和歌山県","30201","和歌山市","302010067000","加納","34.245537","135.204490","0","1"
"30","和歌山県","30201","和歌山市","302010068000","加納町","34.225515","135.159664","0","1"
"30","和歌山県","30201","和歌山市","302010069000","上黒谷","34.282319","135.264085","0","1"
"30","和歌山県","30201","和歌山市","302010070000","上三毛","34.244117","135.304608","0","1"
"30","和歌山県","30201","和歌山市","302010071000","川辺","34.256882","135.266203","0","1"
"30","和歌山県","30201","和歌山市","302010072000","梶取","34.251438","135.156502","0","1"
"30","和歌山県","30201","和歌山市","302010073000","北","34.256869","135.241034","0","1"
"30","和歌山県","30201","和歌山市","302010074000","北相生丁","34.224060","135.165068","0","1"
"30","和歌山県","30201","和歌山市","302010075000","北牛町","34.227032","135.161473","0","1"
"30","和歌山県","30201","和歌山市","302010076000","北桶屋町","34.236563","135.175229","0","1"
"30","和歌山県","30201","和歌山市","302010077000","北休賀町","34.231476","135.179211","0","1"
"30","和歌山県","30201","和歌山市","302010078000","北釘貫丁","34.240249","135.173024","0","1"
"30","和歌山県","30201","和歌山市","302010079000","北細工町","34.228061","135.179495","0","1"
"30","和歌山県","30201","和歌山市","302010080000","北坂ノ上丁","34.228722","135.165819","0","1"
"30","和歌山県","30201","和歌山市","302010081000","北島","34.240796","135.161068","0","1"
"30","和歌山県","30201","和歌山市","302010082001","北新一丁目","34.240960","135.177483","0","3"
"30","和歌山県","30201","和歌山市","302010082002","北新二丁目","34.239688","135.177550","0","3"
"30","和歌山県","30201","和歌山市","302010082003","北新三丁目","34.238759","135.177516","0","3"
"30","和歌山県","30201","和歌山市","302010082004","北新四丁目","34.237734","135.177535","0","3"
"30","和歌山県","30201","和歌山市","302010082005","北新五丁目","34.235784","135.177586","0","3"
"30","和歌山県","30201","和歌山市","302010083000","北新戎ノ丁","34.238751","135.178245","0","1"
"30","和歌山県","30201","和歌山市","302010084000","北新桶屋町","34.236454","135.178271","0","1"
"30","和歌山県","30201","和歌山市","302010085000","北新金屋丁","34.236747","135.179533","0","1"
"30","和歌山県","30201","和歌山市","302010086000","北甚五兵衛丁","34.227051","135.163261","0","1"
"30","和歌山県","30201","和歌山市","302010087000","北新七軒丁","34.240906","135.178177","0","1"
"30","和歌山県","30201","和歌山市","302010088000","北新中ノ丁","34.237673","135.178246","0","1"
"30","和歌山県","30201","和歌山市","302010089000","北新博労町","34.239993","135.178396","0","1"
"30","和歌山県","30201","和歌山市","302010090000","北新元金屋丁","34.238625","135.180208","0","1"
"30","和歌山県","30201","和歌山市","302010091000","北大工町","34.235091","135.173623","0","1"
"30","和歌山県","30201","和歌山市","302010092000","北田辺丁","34.224467","135.163458","0","1"
"30","和歌山県","30201","和歌山市","302010093000","北中間町","34.225473","135.163520","0","1"
"30","和歌山県","30201","和歌山市","302010094000","北出島","34.221889","135.194438","0","1"
"30","和歌山県","30201","和歌山市","302010095001","北出島一丁目","34.222860","135.191023","0","3"
"30","和歌山県","30201","和歌山市","302010096000","北土佐丁","34.225202","135.161266","0","1"
"30","和歌山県","30201","和歌山市","302010097001","北中島一丁目","34.212120","135.186941","0","3"
"30","和歌山県","30201","和歌山市","302010098000","北野","34.274694","135.248552","0","1"
"30","和歌山県","30201","和歌山市","302010099001","北ノ新地一丁目","34.231180","135.183823","0","3"
"30","和歌山県","30201","和歌山市","302010099002","北ノ新地二丁目","34.232354","135.183371","0","3"
"30","和歌山県","30201","和歌山市","302010100000","北ノ新地裏田町","34.232356","135.184133","0","1"
"30","和歌山県","30201","和歌山市","302010101000","北ノ新地榎丁","34.231976","135.184252","0","1"
"30","和歌山県","30201","和歌山市","302010102000","北ノ新地上六軒丁","34.230966","135.183192","0","1"
"30","和歌山県","30201","和歌山市","302010103000","北ノ新地下六軒丁","34.232099","135.182980","0","1"
"30","和歌山県","30201","和歌山市","302010104000","北ノ新地田町","34.232757","135.184000","0","1"
"30","和歌山県","30201","和歌山市","302010105000","北ノ新地中六軒丁","34.231599","135.183054","0","1"
"30","和歌山県","30201","和歌山市","302010106000","北ノ新地東ノ丁","34.231339","135.184493","0","1"
"30","和歌山県","30201","和歌山市","302010107000","北ノ新地分銅丁","34.233201","135.183638","0","1"
"30","和歌山県","30201","和歌山市","302010108000","北別所","34.282744","135.253920","0","1"
"30","和歌山県","30201","和歌山市","302010109000","北町","34.236064","135.173282","0","1"
"30","和歌山県","30201","和歌山市","302010110000","北汀丁","34.229475","135.168128","0","1"
"30","和歌山県","30201","和歌山市","302010111000","狐島","34.245474","135.150771","0","1"
"30","和歌山県","30201","和歌山市","302010112000","木ノ本","34.266823","135.129006","0","1"
"30","和歌山県","30201","和歌山市","302010113002","木広町二丁目","34.226660","135.186457","0","3"
"30","和歌山県","30201","和歌山市","302010113003","木広町三丁目","34.226884","135.187882","0","3"
"30","和歌山県","30201","和歌山市","302010113004","木広町四丁目","34.227046","135.189192","0","3"
"30","和歌山県","30201","和歌山市","302010113005","木広町五丁目","34.227367","135.191115","0","3"
"30","和歌山県","30201","和歌山市","302010114000","紀三井寺","34.182944","135.188492","0","1"
"30","和歌山県","30201","和歌山市","302010115000","久右衛門丁","34.225592","135.165724","0","1"
"30","和歌山県","30201","和歌山市","302010116000","九番丁","34.231272","135.172133","0","1"
"30","和歌山県","30201","和歌山市","302010117000","吉礼","34.209217","135.237013","0","1"
"30","和歌山県","30201","和歌山市","302010118000","金龍寺丁","34.220441","135.164869","0","1"
"30","和歌山県","30201","和歌山市","302010119000","杭ノ瀬","34.208424","135.192075","0","1"
"30","和歌山県","30201","和歌山市","302010120000","九家ノ丁","34.235892","135.169855","0","1"
"30","和歌山県","30201","和歌山市","302010121000","楠右衛門小路","34.230348","135.184760","0","1"
"30","和歌山県","30201","和歌山市","302010122000","楠見中","34.255094","135.176331","0","1"
"30","和歌山県","30201","和歌山市","302010123000","楠本","34.257073","135.257206","0","1"
"30","和歌山県","30201","和歌山市","302010124000","口須佐","34.201892","135.246022","0","1"
"30","和歌山県","30201","和歌山市","302010125001","久保丁一丁目","34.231333","135.167074","0","3"
"30","和歌山県","30201","和歌山市","302010125002","久保丁二丁目","34.231343","135.165505","0","3"
"30","和歌山県","30201","和歌山市","302010125003","久保丁三丁目","34.231341","135.164029","0","3"
"30","和歌山県","30201","和歌山市","302010125004","久保丁四丁目","34.230693","135.161803","0","3"
"30","和歌山県","30201","和歌山市","302010126000","蔵小路","34.229421","135.184934","0","1"
"30","和歌山県","30201","和歌山市","302010127000","栗栖","34.238922","135.223621","0","1"
"30","和歌山県","30201","和歌山市","302010128000","黒岩","34.182071","135.273490","0","1"
"30","和歌山県","30201","和歌山市","302010129000","黒田","34.236413","135.195280","0","1"
"30","和歌山県","30201","和歌山市","302010130001","黒田一丁目","34.233031","135.192816","0","3"
"30","和歌山県","30201","和歌山市","302010130002","黒田二丁目","34.233253","135.195328","0","3"
"30","和歌山県","30201","和歌山市","302010131000","黒谷","34.181865","135.256092","0","1"
"30","和歌山県","30201","和歌山市","302010132000","桑山","34.195902","135.221867","0","1"
"30","和歌山県","30201","和歌山市","302010133000","毛革屋丁","34.230520","135.182483","0","1"
"30","和歌山県","30201","和歌山市","302010134000","下町","34.230266","135.162980","0","1"
"30","和歌山県","30201","和歌山市","302010135000","毛見","34.165258","135.187063","0","1"
"30","和歌山県","30201","和歌山市","302010136001","源蔵馬場一丁目","34.241065","135.172694","0","3"
"30","和歌山県","30201","和歌山市","302010136002","源蔵馬場二丁目","34.242166","135.172908","0","3"
"30","和歌山県","30201","和歌山市","302010137000","神前","34.212236","135.208171","0","1"
"30","和歌山県","30201","和歌山市","302010138000","神波","34.266047","135.255820","0","1"
"30","和歌山県","30201","和歌山市","302010139000","小雑賀","34.201312","135.183974","0","1"
"30","和歌山県","30201","和歌山市","302010140001","小雑賀一丁目","34.211542","135.179032","0","3"
"30","和歌山県","30201","和歌山市","302010140002","小雑賀二丁目","34.210590","135.181635","0","3"
"30","和歌山県","30201","和歌山市","302010140003","小雑賀三丁目","34.211098","135.184420","0","3"
"30","和歌山県","30201","和歌山市","302010141000","小瀬田","34.180211","135.230940","0","1"
"30","和歌山県","30201","和歌山市","302010142000","五番丁","34.229173","135.176937","0","1"
"30","和歌山県","30201","和歌山市","302010143000","木挽丁","34.232968","135.180739","0","1"
"30","和歌山県","30201","和歌山市","302010144000","小人町","34.230679","135.167094","0","1"
"30","和歌山県","30201","和歌山市","302010145000","小人町南ノ丁","34.229646","135.166067","0","1"
"30","和歌山県","30201","和歌山市","302010146000","木枕","34.211404","135.261441","0","1"
"30","和歌山県","30201","和歌山市","302010147005","小松原五丁目","34.218095","135.167886","0","3"
"30","和歌山県","30201","和歌山市","302010147006","小松原六丁目","34.216473","135.168007","0","3"
"30","和歌山県","30201","和歌山市","302010148001","小松原通一丁目","34.225812","135.168052","0","3"
"30","和歌山県","30201","和歌山市","302010148002","小松原通二丁目","34.223602","135.169140","0","3"
"30","和歌山県","30201","和歌山市","302010148003","小松原通三丁目","34.221955","135.168822","0","3"
"30","和歌山県","30201","和歌山市","302010148004","小松原通四丁目","34.220017","135.168800","0","3"
"30","和歌山県","30201","和歌山市","302010148005","小松原通五丁目","34.219234","135.167006","0","3"
"30","和歌山県","30201","和歌山市","302010149000","米屋町","34.233320","135.175484","0","1"
"30","和歌山県","30201","和歌山市","302010150000","古屋","34.248496","135.117359","0","1"
"30","和歌山県","30201","和歌山市","302010151000","雑賀崎","34.193820","135.144244","0","1"
"30","和歌山県","30201","和歌山市","302010152000","雑賀町","34.233188","135.177292","0","1"
"30","和歌山県","30201","和歌山市","302010153000","雑賀道","34.224720","135.180914","0","1"
"30","和歌山県","30201","和歌山市","302010154000","雑賀屋町","34.227765","135.167664","0","1"
"30","和歌山県","30201","和歌山市","302010155000","雑賀屋町東ノ丁","34.226918","135.168969","0","1"
"30","和歌山県","30201","和歌山市","302010156000","材木丁","34.228361","135.160741","0","1"
"30","和歌山県","30201","和歌山市","302010157000","境原","34.186569","135.244641","0","1"
"30","和歌山県","30201","和歌山市","302010158000","栄谷","34.266061","135.156418","0","1"
"30","和歌山県","30201","和歌山市","302010159000","坂田","34.203099","135.202286","0","1"
"30","和歌山県","30201","和歌山市","302010160000","鷺ノ森","34.236129","135.171108","0","1"
"30","和歌山県","30201","和歌山市","302010161000","鷺ノ森片町","34.236430","135.171494","0","1"
"30","和歌山県","30201","和歌山市","302010162000","鷺ノ森新道","34.237048","135.170715","0","1"
"30","和歌山県","30201","和歌山市","302010163000","鷺ノ森堂前丁","34.235837","135.172083","0","1"
"30","和歌山県","30201","和歌山市","302010164000","鷺ノ森中ノ丁","34.236711","135.170985","0","1"
"30","和歌山県","30201","和歌山市","302010165000","鷺ノ森西ノ丁","34.236292","135.170400","0","1"
"30","和歌山県","30201","和歌山市","302010166000","鷺ノ森東ノ丁","34.236734","135.172379","0","1"
"30","和歌山県","30201","和歌山市","302010167000","鷺ノ森南ノ丁","34.235199","135.170928","0","1"
"30","和歌山県","30201","和歌山市","302010168000","鷺ノ森明神丁","34.237000","135.171739","0","1"
"30","和歌山県","30201","和歌山市","302010169000","作事丁","34.222655","135.165083","0","1"
"30","和歌山県","30201","和歌山市","302010170000","里","34.265798","135.267460","0","1"
"30","和歌山県","30201","和歌山市","302010171000","山東中","34.198949","135.274519","0","1"
"30","和歌山県","30201","和歌山市","302010172000","三番丁","34.227975","135.177149","0","1"
"30","和歌山県","30201","和歌山市","302010173000","塩ノ谷","34.216961","135.252620","0","1"
"30","和歌山県","30201","和歌山市","302010174001","汐見町一丁目","34.222715","135.185564","0","3"
"30","和歌山県","30201","和歌山市","302010174002","汐見町二丁目","34.221423","135.185497","0","3"
"30","和歌山県","30201","和歌山市","302010174003","汐見町三丁目","34.220723","135.185269","0","3"
"30","和歌山県","30201","和歌山市","302010175001","塩屋一丁目","34.203870","135.179073","0","3"
"30","和歌山県","30201","和歌山市","302010175002","塩屋二丁目","34.201537","135.175574","0","3"
"30","和歌山県","30201","和歌山市","302010175003","塩屋三丁目","34.198321","135.175160","0","3"
"30","和歌山県","30201","和歌山市","302010175004","塩屋四丁目","34.200149","135.177184","0","3"
"30","和歌山県","30201","和歌山市","302010175005","塩屋五丁目","34.199686","135.180020","0","3"
"30","和歌山県","30201","和歌山市","302010175006","塩屋六丁目","34.195875","135.177368","0","3"
"30","和歌山県","30201","和歌山市","302010176000","七番丁","34.230447","135.171994","0","1"
"30","和歌山県","30201","和歌山市","302010177000","芝ノ丁","34.221715","135.168051","0","1"
"30","和歌山県","30201","和歌山市","302010178000","島","34.258011","135.251811","0","1"
"30","和歌山県","30201","和歌山市","302010179001","島崎町一丁目","34.223103","135.179415","0","3"
"30","和歌山県","30201","和歌山市","302010179002","島崎町二丁目","34.222379","135.179402","0","3"
"30","和歌山県","30201","和歌山市","302010179003","島崎町三丁目","34.221637","135.179341","0","3"
"30","和歌山県","30201","和歌山市","302010179004","島崎町四丁目","34.220952","135.179237","0","3"
"30","和歌山県","30201","和歌山市","302010179005","島崎町五丁目","34.219491","135.179318","0","3"
"30","和歌山県","30201","和歌山市","302010179006","島崎町六丁目","34.218023","135.179020","0","3"
"30","和歌山県","30201","和歌山市","302010179007","島崎町七丁目","34.216236","135.179244","0","3"
"30","和歌山県","30201","和歌山市","302010180000","島橋北ノ丁","34.246054","135.145355","0","1"
"30","和歌山県","30201","和歌山市","302010181000","島橋西ノ丁","34.244211","135.145902","0","1"
"30","和歌山県","30201","和歌山市","302010182000","島橋東ノ丁","34.244558","135.148644","0","1"
"30","和歌山県","30201","和歌山市","302010183000","島橋南ノ丁","34.242985","135.148314","0","1"
"30","和歌山県","30201","和歌山市","302010184000","下三毛","34.239916","135.297428","0","1"
"30","和歌山県","30201","和歌山市","302010185000","下和佐","34.228646","135.237324","0","1"
"30","和歌山県","30201","和歌山市","302010186000","十一番丁","34.232024","135.175145","0","1"
"30","和歌山県","30201","和歌山市","302010187000","十三番丁","34.231863","135.169261","0","1"
"30","和歌山県","30201","和歌山市","302010188000","十二番丁","34.232035","135.172088","0","1"
"30","和歌山県","30201","和歌山市","302010189000","十番丁","34.231014","135.175203","0","1"
"30","和歌山県","30201","和歌山市","302010190000","次郎丸","34.255551","135.150144","0","1"
"30","和歌山県","30201","和歌山市","302010191000","新魚町","34.241949","135.173626","0","1"
"30","和歌山県","30201","和歌山市","302010192000","新雑賀町","34.234243","135.178727","0","1"
"30","和歌山県","30201","和歌山市","302010193000","新在家","34.242092","135.198681","0","1"
"30","和歌山県","30201","和歌山市","302010194000","新堺丁","34.234672","135.179665","0","1"
"30","和歌山県","30201","和歌山市","302010195000","新庄","34.239657","135.289555","0","1"
"30","和歌山県","30201","和歌山市","302010196000","新生町","34.222422","135.188270","0","1"
"30","和歌山県","30201","和歌山市","302010197000","新大工町","34.233323","135.181156","0","1"
"30","和歌山県","30201","和歌山市","302010198001","新通一丁目","34.227894","135.183514","0","3"
"30","和歌山県","30201","和歌山市","302010198002","新通二丁目","34.228801","135.182462","0","3"
"30","和歌山県","30201","和歌山市","302010198003","新通三丁目","34.229936","135.181391","0","3"
"30","和歌山県","30201","和歌山市","302010198004","新通四丁目","34.230924","135.180554","0","3"
"30","和歌山県","30201","和歌山市","302010198005","新通五丁目","34.231709","135.180087","0","3"
"30","和歌山県","30201","和歌山市","302010198006","新通六丁目","34.232647","135.179534","0","3"
"30","和歌山県","30201","和歌山市","302010198007","新通七丁目","34.233530","135.179170","0","3"
"30","和歌山県","30201","和歌山市","302010199000","新中島","34.216184","135.196826","0","1"
"30","和歌山県","30201","和歌山市","302010200001","新中通一丁目","34.229091","135.182980","0","3"
"30","和歌山県","30201","和歌山市","302010200002","新中通二丁目","34.230206","135.181966","0","3"
"30","和歌山県","30201","和歌山市","302010200003","新中通三丁目","34.231149","135.181281","0","3"
"30","和歌山県","30201","和歌山市","302010200004","新中通四丁目","34.232075","135.180698","0","3"
"30","和歌山県","30201","和歌山市","302010200005","新中通五丁目","34.232834","135.180280","0","3"
"30","和歌山県","30201","和歌山市","302010200006","新中通六丁目","34.233589","135.179888","0","3"
"30","和歌山県","30201","和歌山市","302010201001","新堀東一丁目","34.213256","135.172729","0","3"
"30","和歌山県","30201","和歌山市","302010201002","新堀東二丁目","34.214234","135.175771","0","3"
"30","和歌山県","30201","和歌山市","302010202000","新八百屋丁","34.234563","135.180193","0","1"
"30","和歌山県","30201","和歌山市","302010203000","新和歌浦","34.187622","135.159287","0","1"
"30","和歌山県","30201","和歌山市","302010204001","杉ノ馬場一丁目","34.235662","135.168508","0","3"
"30","和歌山県","30201","和歌山市","302010204002","杉ノ馬場二丁目","34.236998","135.168393","0","3"
"30","和歌山県","30201","和歌山市","302010204003","杉ノ馬場三丁目","34.237889","135.168838","0","3"
"30","和歌山県","30201","和歌山市","302010204004","杉ノ馬場四丁目","34.238471","135.168061","0","3"
"30","和歌山県","30201","和歌山市","302010204005","杉ノ馬場五丁目","34.240556","135.167102","0","3"
"30","和歌山県","30201","和歌山市","302010205000","数寄屋丁","34.232217","135.181184","0","1"
"30","和歌山県","30201","和歌山市","302010206000","鈴丸丁","34.235796","135.179822","0","1"
"30","和歌山県","30201","和歌山市","302010207000","頭陀寺","34.189604","135.248965","0","1"
"30","和歌山県","30201","和歌山市","302010208001","砂山南一丁目","34.217973","135.165201","0","3"
"30","和歌山県","30201","和歌山市","302010208002","砂山南二丁目","34.218248","135.161755","0","3"
"30","和歌山県","30201","和歌山市","302010208003","砂山南三丁目","34.216015","135.162622","0","3"
"30","和歌山県","30201","和歌山市","302010208004","砂山南四丁目","34.214939","135.160202","0","3"
"30","和歌山県","30201","和歌山市","302010209000","住吉町","34.236972","135.176242","0","1"
"30","和歌山県","30201","和歌山市","302010210000","駿河町","34.232979","135.173327","0","1"
"30","和歌山県","30201","和歌山市","302010211001","関戸一丁目","34.200037","135.167810","0","3"
"30","和歌山県","30201","和歌山市","302010211002","関戸二丁目","34.196588","135.166953","0","3"
"30","和歌山県","30201","和歌山市","302010211003","関戸三丁目","34.196143","135.164090","0","3"
"30","和歌山県","30201","和歌山市","302010211004","関戸四丁目","34.195644","135.160784","0","3"
"30","和歌山県","30201","和歌山市","302010211005","関戸五丁目","34.192542","135.160760","0","3"
"30","和歌山県","30201","和歌山市","302010212000","専光寺門前丁","34.235059","135.171993","0","1"
"30","和歌山県","30201","和歌山市","302010213000","船場町","34.227767","135.181924","0","1"
"30","和歌山県","30201","和歌山市","302010214000","善明寺","34.268084","135.182678","0","1"
"30","和歌山県","30201","和歌山市","302010215000","相坂","34.195908","135.233913","0","1"
"30","和歌山県","30201","和歌山市","302010216000","園部","34.270943","135.192945","0","1"
"30","和歌山県","30201","和歌山市","302010217001","鷹匠町一丁目","34.222817","135.176741","0","3"
"30","和歌山県","30201","和歌山市","302010217002","鷹匠町二丁目","34.221978","135.176896","0","3"
"30","和歌山県","30201","和歌山市","302010217003","鷹匠町三丁目","34.221401","135.177076","0","3"
"30","和歌山県","30201","和歌山市","302010217004","鷹匠町四丁目","34.220494","135.177048","0","3"
"30","和歌山県","30201","和歌山市","302010217005","鷹匠町五丁目","34.219429","135.176596","0","3"
"30","和歌山県","30201","和歌山市","302010217006","鷹匠町六丁目","34.217827","135.177316","0","3"
"30","和歌山県","30201","和歌山市","302010217007","鷹匠町七丁目","34.215899","135.177085","0","3"
"30","和歌山県","30201","和歌山市","302010218000","滝畑","34.301672","135.263364","0","1"
"30","和歌山県","30201","和歌山市","302010219000","匠町","34.234437","135.175290","0","1"
"30","和歌山県","30201","和歌山市","302010220000","田尻","34.203708","135.196931","0","1"
"30","和歌山県","30201","和歌山市","302010221000","畳屋町","34.240518","135.173646","0","1"
"30","和歌山県","30201","和歌山市","302010222002","田中町二丁目","34.228001","135.186067","0","3"
"30","和歌山県","30201","和歌山市","302010222003","田中町三丁目","34.228134","135.187649","0","3"
"30","和歌山県","30201","和歌山市","302010222004","田中町四丁目","34.228372","135.189002","0","3"
"30","和歌山県","30201","和歌山市","302010222005","田中町五丁目","34.228632","135.190985","0","3"
"30","和歌山県","30201","和歌山市","302010223000","谷","34.278122","135.269585","0","1"
"30","和歌山県","30201","和歌山市","302010224000","谷町","34.224045","135.177446","0","1"
"30","和歌山県","30201","和歌山市","302010225000","田野","34.185832","135.151086","0","1"
"30","和歌山県","30201","和歌山市","302010226000","田屋","34.255172","135.224196","0","1"
"30","和歌山県","30201","和歌山市","302010227001","築港一丁目","34.224596","135.156992","0","3"
"30","和歌山県","30201","和歌山市","302010227002","築港二丁目","34.223307","135.155437","0","3"
"30","和歌山県","30201","和歌山市","302010227003","築港三丁目","34.222454","135.154119","0","3"
"30","和歌山県","30201","和歌山市","302010227004","築港四丁目","34.221186","135.153174","0","3"
"30","和歌山県","30201","和歌山市","302010227005","築港五丁目","34.220877","135.151538","0","3"
"30","和歌山県","30201","和歌山市","302010227006","築港六丁目","34.220511","135.148563","0","3"
"30","和歌山県","30201","和歌山市","302010228000","茶屋ノ丁","34.222488","135.167637","0","1"
"30","和歌山県","30201","和歌山市","302010229000","茶屋町","34.228128","135.183885","0","1"
"30","和歌山県","30201","和歌山市","302010230001","つつじが丘一丁目","34.268940","135.097993","0","3"
"30","和歌山県","30201","和歌山市","302010230002","つつじが丘二丁目","34.269972","135.101071","0","3"
"30","和歌山県","30201","和歌山市","302010230003","つつじが丘三丁目","34.272220","135.102778","0","3"
"30","和歌山県","30201","和歌山市","302010230004","つつじが丘四丁目","34.268560","135.102124","0","3"
"30","和歌山県","30201","和歌山市","302010230005","つつじが丘五丁目","34.266653","135.101667","0","3"
"30","和歌山県","30201","和歌山市","302010230006","つつじが丘六丁目","34.266140","135.104181","0","3"
"30","和歌山県","30201","和歌山市","302010230007","つつじが丘七丁目","34.265403","135.098581","0","3"
"30","和歌山県","30201","和歌山市","302010231000","津秦","34.219777","135.204901","0","1"
"30","和歌山県","30201","和歌山市","302010232000","出口甲賀丁","34.222498","135.163258","0","1"
"30","和歌山県","30201","和歌山市","302010233000","出口新端ノ丁","34.220469","135.162865","0","1"
"30","和歌山県","30201","和歌山市","302010234000","出口中ノ丁","34.221733","135.163259","0","1"
"30","和歌山県","30201","和歌山市","302010235000","出口端ノ丁","34.220972","135.163339","0","1"
"30","和歌山県","30201","和歌山市","302010236000","出島","34.247177","135.221700","0","1"
"30","和歌山県","30201","和歌山市","302010237001","手平一丁目","34.218555","135.187293","0","3"
"30","和歌山県","30201","和歌山市","302010237002","手平二丁目","34.220881","135.190511","0","3"
"30","和歌山県","30201","和歌山市","302010237003","手平三丁目","34.215625","135.188320","0","3"
"30","和歌山県","30201","和歌山市","302010237004","手平四丁目","34.217585","135.185386","0","3"
"30","和歌山県","30201","和歌山市","302010237005","手平五丁目","34.214904","135.185194","0","3"
"30","和歌山県","30201","和歌山市","302010237006","手平六丁目","34.215878","135.181550","0","3"
"30","和歌山県","30201","和歌山市","302010238000","出水","34.237037","135.203897","0","1"
"30","和歌山県","30201","和歌山市","302010239000","寺内","34.217460","135.225920","0","1"
"30","和歌山県","30201","和歌山市","302010240000","伝法橋南ノ丁","34.234305","135.164286","0","1"
"30","和歌山県","30201","和歌山市","302010241000","道場町","34.230373","135.164896","0","1"
"30","和歌山県","30201","和歌山市","302010242000","土入","34.252148","135.142326","0","1"
"30","和歌山県","30201","和歌山市","302010243000","徳田木丁","34.239568","135.165571","0","1"
"30","和歌山県","30201","和歌山市","302010244001","土佐町一丁目","34.223967","135.161164","0","3"
"30","和歌山県","30201","和歌山市","302010244002","土佐町二丁目","34.222053","135.161252","0","3"
"30","和歌山県","30201","和歌山市","302010244003","土佐町三丁目","34.220195","135.161151","0","3"
"30","和歌山県","30201","和歌山市","302010245002","友田町二丁目","34.232538","135.185412","0","3"
"30","和歌山県","30201","和歌山市","302010245003","友田町三丁目","34.232843","135.186814","0","3"
"30","和歌山県","30201","和歌山市","302010245004","友田町四丁目","34.232985","135.188364","0","3"
"30","和歌山県","30201","和歌山市","302010245005","友田町五丁目","34.233254","135.190416","0","3"
"30","和歌山県","30201","和歌山市","302010246000","中","34.271103","135.148486","0","1"
"30","和歌山県","30201","和歌山市","302010247000","中島","34.208449","135.186951","0","1"
"30","和歌山県","30201","和歌山市","302010248000","中筋日延","34.269138","135.271647","0","1"
"30","和歌山県","30201","和歌山市","302010249000","中野","34.256210","135.140477","0","1"
"30","和歌山県","30201","和歌山市","302010250000","中之島","34.241873","135.187805","0","1"
"30","和歌山県","30201","和歌山市","302010251000","中ノ店北ノ丁","34.235309","135.176020","0","1"
"30","和歌山県","30201","和歌山市","302010252000","中ノ店中ノ丁","34.234442","135.176115","0","1"
"30","和歌山県","30201","和歌山市","302010253000","中ノ店南ノ丁","34.233508","135.176028","0","1"
"30","和歌山県","30201","和歌山市","302010254000","永山","34.209335","135.271124","0","1"
"30","和歌山県","30201","和歌山市","302010255000","七曲り","34.227916","135.162855","0","1"
"30","和歌山県","30201","和歌山市","302010256000","鍋屋町","34.241530","135.175007","0","1"
"30","和歌山県","30201","和歌山市","302010257000","鳴神","34.230709","135.213087","0","1"
"30","和歌山県","30201","和歌山市","302010258000","永穂","34.253300","135.246504","0","1"
"30","和歌山県","30201","和歌山市","302010259000","新高町","34.202912","135.167775","0","1"
"30","和歌山県","30201","和歌山市","302010260000","仁井辺","34.182941","135.228447","0","1"
"30","和歌山県","30201","和歌山市","302010261000","西","34.209579","135.215740","0","1"
"30","和歌山県","30201","和歌山市","302010262000","西鍛冶屋町","34.234302","135.170948","0","1"
"30","和歌山県","30201","和歌山市","302010263000","西河岸町","34.226963","135.159335","0","1"
"30","和歌山県","30201","和歌山市","302010264001","西釘貫丁一丁目","34.236737","135.172729","0","3"
"30","和歌山県","30201","和歌山市","302010264002","西釘貫丁二丁目","34.238328","135.172589","0","3"
"30","和歌山県","30201","和歌山市","302010264003","西釘貫丁三丁目","34.240141","135.172543","0","3"
"30","和歌山県","30201","和歌山市","302010265000","西蔵前丁","34.236894","135.164552","0","1"
"30","和歌山県","30201","和歌山市","302010266001","西小二里一丁目","34.205216","135.163151","0","3"
"30","和歌山県","30201","和歌山市","302010266002","西小二里二丁目","34.204949","135.160708","0","3"
"30","和歌山県","30201","和歌山市","302010266003","西小二里三丁目","34.208119","135.161295","0","3"
"30","和歌山県","30201","和歌山市","302010267001","西紺屋町一丁目","34.227103","135.180329","0","3"
"30","和歌山県","30201","和歌山市","302010267002","西紺屋町二丁目","34.228091","135.180326","0","3"
"30","和歌山県","30201","和歌山市","302010268000","西坂ノ上丁","34.227794","135.164675","0","1"
"30","和歌山県","30201","和歌山市","302010269000","西田井","34.256515","135.235960","0","1"
"30","和歌山県","30201","和歌山市","302010270000","西大工町","34.235222","135.172826","0","1"
"30","和歌山県","30201","和歌山市","302010271001","西高松一丁目","34.209485","135.169811","0","3"
"30","和歌山県","30201","和歌山市","302010271002","西高松二丁目","34.204707","135.169375","0","3"
"30","和歌山県","30201","和歌山市","302010272001","西仲間町一丁目","34.237376","135.178855","0","3"
"30","和歌山県","30201","和歌山市","302010272002","西仲間町二丁目","34.238764","135.178843","0","3"
"30","和歌山県","30201","和歌山市","302010273001","西長町一丁目","34.226779","135.162211","0","3"
"30","和歌山県","30201","和歌山市","302010273002","西長町二丁目","34.225676","135.162020","0","3"
"30","和歌山県","30201","和歌山市","302010273003","西長町三丁目","34.224459","135.162208","0","3"
"30","和歌山県","30201","和歌山市","302010273004","西長町四丁目","34.223575","135.162344","0","3"
"30","和歌山県","30201","和歌山市","302010274001","西布経丁一丁目","34.236725","135.169509","0","3"
"30","和歌山県","30201","和歌山市","302010274002","西布経丁二丁目","34.237560","135.169123","0","3"
"30","和歌山県","30201","和歌山市","302010274003","西布経丁三丁目","34.238589","135.169463","0","3"
"30","和歌山県","30201","和歌山市","302010274004","西布経丁四丁目","34.239295","135.169510","0","3"
"30","和歌山県","30201","和歌山市","302010274005","西布経丁五丁目","34.240074","135.169047","0","3"
"30","和歌山県","30201","和歌山市","302010274006","西布経丁六丁目","34.241920","135.168700","0","3"
"30","和歌山県","30201","和歌山市","302010275000","西庄","34.262383","135.113088","0","1"
"30","和歌山県","30201","和歌山市","302010276000","西ノ店","34.233840","135.172106","0","1"
"30","和歌山県","30201","和歌山市","302010277000","西旅籠町","34.237832","135.175458","0","1"
"30","和歌山県","30201","和歌山市","302010278000","西浜","34.200634","135.152203","0","1"
"30","和歌山県","30201","和歌山市","302010279001","西浜一丁目","34.200411","135.166122","0","3"
"30","和歌山県","30201","和歌山市","302010279002","西浜二丁目","34.199683","135.164179","0","3"
"30","和歌山県","30201","和歌山市","302010279003","西浜三丁目","34.199333","135.161074","0","3"
"30","和歌山県","30201","和歌山市","302010280000","西汀丁","34.229630","135.167144","0","1"
"30","和歌山県","30201","和歌山市","302010281000","二番丁","34.228085","135.175874","0","1"
"30","和歌山県","30201","和歌山市","302010282000","新留丁","34.226035","135.185264","0","1"
"30","和歌山県","30201","和歌山市","302010283000","布引","34.176292","135.183397","0","1"
"30","和歌山県","30201","和歌山市","302010284000","禰宜","34.230201","135.251065","0","1"
"30","和歌山県","30201","和歌山市","302010285000","直川","34.278890","135.218012","0","1"
"30","和歌山県","30201","和歌山市","302010286000","納定","34.239247","135.192032","0","1"
"30","和歌山県","30201","和歌山市","302010287000","野崎","34.244346","135.156518","0","1"
"30","和歌山県","30201","和歌山市","302010288000","延時","34.252224","135.150010","0","1"
"30","和歌山県","30201","和歌山市","302010289000","橋丁","34.233969","135.168733","0","1"
"30","和歌山県","30201","和歌山市","302010290000","橋向丁","34.227617","135.184715","0","1"
"30","和歌山県","30201","和歌山市","302010291000","畑屋敷榎丁","34.234799","135.183718","0","1"
"30","和歌山県","30201","和歌山市","302010292000","畑屋敷円福院西ノ丁","34.234132","135.182010","0","1"
"30","和歌山県","30201","和歌山市","302010293000","畑屋敷円福院東ノ丁","34.234179","135.183094","0","1"
"30","和歌山県","30201","和歌山市","302010294000","畑屋敷雁木丁","34.234371","135.181105","0","1"
"30","和歌山県","30201","和歌山市","302010295000","畑屋敷葛屋丁","34.234692","135.182860","0","1"
"30","和歌山県","30201","和歌山市","302010296000","畑屋敷新道丁","34.236283","135.181224","0","1"
"30","和歌山県","30201","和歌山市","302010297000","畑屋敷千体仏丁","34.236175","135.183176","0","1"
"30","和歌山県","30201","和歌山市","302010298000","畑屋敷中ノ丁","34.235375","135.182145","0","1"
"30","和歌山県","30201","和歌山市","302010299000","畑屋敷西ノ丁","34.235323","135.180924","0","1"
"30","和歌山県","30201","和歌山市","302010300000","畑屋敷端ノ丁","34.236372","135.184140","0","1"
"30","和歌山県","30201","和歌山市","302010301000","畑屋敷東ノ丁","34.235454","135.183935","0","1"
"30","和歌山県","30201","和歌山市","302010302000","畑屋敷兵庫ノ丁","34.236034","135.182736","0","1"
"30","和歌山県","30201","和歌山市","302010303000","畑屋敷袋町","34.234650","135.182315","0","1"
"30","和歌山県","30201","和歌山市","302010304000","八番丁","34.231128","135.169092","0","1"
"30","和歌山県","30201","和歌山市","302010305000","馬場","34.193901","135.225950","0","1"
"30","和歌山県","30201","和歌山市","302010306000","吐前","34.245098","135.271116","0","1"
"30","和歌山県","30201","和歌山市","302010307000","東鍛冶屋町","34.234579","135.172487","0","1"
"30","和歌山県","30201","和歌山市","302010308001","東釘貫丁一丁目","34.236697","135.173826","0","3"
"30","和歌山県","30201","和歌山市","302010308002","東釘貫丁二丁目","34.238445","135.173518","0","3"
"30","和歌山県","30201","和歌山市","302010308003","東釘貫丁三丁目","34.239463","135.173514","0","3"
"30","和歌山県","30201","和歌山市","302010309000","東蔵前丁","34.236007","135.166325","0","1"
"30","和歌山県","30201","和歌山市","302010310000","東小二里町","34.206862","135.164872","0","1"
"30","和歌山県","30201","和歌山市","302010311000","東紺屋町","34.228067","135.180888","0","1"
"30","和歌山県","30201","和歌山市","302010312000","東坂ノ上丁","34.228014","135.166191","0","1"
"30","和歌山県","30201","和歌山市","302010313001","東高松一丁目","34.209675","135.173885","0","3"
"30","和歌山県","30201","和歌山市","302010313002","東高松二丁目","34.207807","135.173670","0","3"
"30","和歌山県","30201","和歌山市","302010313003","東高松三丁目","34.205108","135.172203","0","3"
"30","和歌山県","30201","和歌山市","302010313004","東高松四丁目","34.204873","135.174399","0","3"
"30","和歌山県","30201","和歌山市","302010314000","東田中","34.235894","135.284283","0","1"
"30","和歌山県","30201","和歌山市","302010315001","東仲間町一丁目","34.237727","135.179400","0","3"
"30","和歌山県","30201","和歌山市","302010315002","東仲間町二丁目","34.238865","135.179359","0","3"
"30","和歌山県","30201","和歌山市","302010316001","東長町一丁目","34.228636","135.163500","0","3"
"30","和歌山県","30201","和歌山市","302010316002","東長町二丁目","34.228058","135.163402","0","3"
"30","和歌山県","30201","和歌山市","302010316003","東長町三丁目","34.226704","135.164707","0","3"
"30","和歌山県","30201","和歌山市","302010316004","東長町四丁目","34.226176","135.164604","0","3"
"30","和歌山県","30201","和歌山市","302010316005","東長町五丁目","34.225112","135.165413","0","3"
"30","和歌山県","30201","和歌山市","302010316006","東長町六丁目","34.224002","135.165836","0","3"
"30","和歌山県","30201","和歌山市","302010316007","東長町七丁目","34.222782","135.166648","0","3"
"30","和歌山県","30201","和歌山市","302010316008","東長町八丁目","34.221729","135.166250","0","3"
"30","和歌山県","30201","和歌山市","302010316009","東長町九丁目","34.220914","135.166674","0","3"
"30","和歌山県","30201","和歌山市","302010316010","東長町十丁目","34.219930","135.166125","0","3"
"30","和歌山県","30201","和歌山市","302010316011","東長町十一丁目","34.219399","135.166285","0","3"
"30","和歌山県","30201","和歌山市","302010317000","東長町中ノ丁","34.220111","135.167034","0","1"
"30","和歌山県","30201","和歌山市","302010318001","東布経丁一丁目","34.237634","135.171866","0","3"
"30","和歌山県","30201","和歌山市","302010318002","東布経丁二丁目","34.238395","135.171843","0","3"
"30","和歌山県","30201","和歌山市","302010318003","東布経丁三丁目","34.239196","135.171814","0","3"
"30","和歌山県","30201","和歌山市","302010318004","東布経丁四丁目","34.239912","135.171821","0","3"
"30","和歌山県","30201","和歌山市","302010318005","東布経丁五丁目","34.240822","135.171671","0","3"
"30","和歌山県","30201","和歌山市","302010318006","東布経丁六丁目","34.242148","135.171619","0","3"
"30","和歌山県","30201","和歌山市","302010319000","東旅籠町","34.237868","135.176035","0","1"
"30","和歌山県","30201","和歌山市","302010320000","一筋目","34.237622","135.171044","0","1"
"30","和歌山県","30201","和歌山市","302010321000","日野","34.276670","135.104304","0","1"
"30","和歌山県","30201","和歌山市","302010322000","屏風丁","34.236182","135.167269","0","1"
"30","和歌山県","30201","和歌山市","302010323000","平井","34.269275","135.167944","0","1"
"30","和歌山県","30201","和歌山市","302010324000","平尾","34.215179","135.244658","0","1"
"30","和歌山県","30201","和歌山市","302010325000","平岡","34.265011","135.273634","0","1"
"30","和歌山県","30201","和歌山市","302010326001","広瀬通丁一丁目","34.226411","135.180173","0","3"
"30","和歌山県","30201","和歌山市","302010326002","広瀬通丁二丁目","34.226363","135.181647","0","3"
"30","和歌山県","30201","和歌山市","302010326003","広瀬通丁三丁目","34.226698","135.182835","0","3"
"30","和歌山県","30201","和歌山市","302010327001","広瀬中ノ丁一丁目","34.225340","135.179488","0","3"
"30","和歌山県","30201","和歌山市","302010327002","広瀬中ノ丁二丁目","34.225579","135.183107","0","3"
"30","和歌山県","30201","和歌山市","302010328000","弘西","34.277501","135.240395","0","1"
"30","和歌山県","30201","和歌山市","302010329000","広原","34.188177","135.203656","0","1"
"30","和歌山県","30201","和歌山市","302010330000","広道","34.224653","135.166712","0","1"
"30","和歌山県","30201","和歌山市","302010331001","吹上一丁目","34.222980","135.172409","0","3"
"30","和歌山県","30201","和歌山市","302010331002","吹上二丁目","34.221503","135.170130","0","3"
"30","和歌山県","30201","和歌山市","302010331003","吹上三丁目","34.218585","135.171368","0","3"
"30","和歌山県","30201","和歌山市","302010331004","吹上四丁目","34.216812","135.171844","0","3"
"30","和歌山県","30201","和歌山市","302010331005","吹上五丁目","34.219064","135.174483","0","3"
"30","和歌山県","30201","和歌山市","302010332001","吹屋町一丁目","34.224478","135.186253","0","3"
"30","和歌山県","30201","和歌山市","302010332002","吹屋町二丁目","34.224918","135.187122","0","3"
"30","和歌山県","30201","和歌山市","302010332003","吹屋町三丁目","34.225104","135.188255","0","3"
"30","和歌山県","30201","和歌山市","302010332004","吹屋町四丁目","34.225295","135.189450","0","3"
"30","和歌山県","30201","和歌山市","302010332005","吹屋町五丁目","34.225536","135.191356","0","3"
"30","和歌山県","30201","和歌山市","302010333000","福島","34.247906","135.164902","0","1"
"30","和歌山県","30201","和歌山市","302010334000","福町","34.232983","135.171858","0","1"
"30","和歌山県","30201","和歌山市","302010335000","藤田","34.267156","135.264323","0","1"
"30","和歌山県","30201","和歌山市","302010336000","二筋目","34.238035","135.170529","0","1"
"30","和歌山県","30201","和歌山市","302010337000","府中","34.281362","135.231984","0","1"
"30","和歌山県","30201","和歌山市","302010338000","舟大工町","34.234525","135.169031","0","1"
"30","和歌山県","30201","和歌山市","302010339001","舟津町一丁目","34.223855","135.159175","0","3"
"30","和歌山県","30201","和歌山市","302010339002","舟津町二丁目","34.222176","135.159481","0","3"
"30","和歌山県","30201","和歌山市","302010339003","舟津町三丁目","34.220190","135.159465","0","3"
"30","和歌山県","30201","和歌山市","302010339004","舟津町四丁目","34.218354","135.159070","0","3"
"30","和歌山県","30201","和歌山市","302010340000","船所","34.252533","135.185383","0","1"
"30","和歌山県","30201","和歌山市","302010341000","冬野","34.183551","135.210556","0","1"
"30","和歌山県","30201","和歌山市","302010342000","弁財天丁","34.224584","135.177007","0","1"
"30","和歌山県","30201","和歌山市","302010343000","坊主丁","34.232360","135.182056","0","1"
"30","和歌山県","30201","和歌山市","302010344000","卜半町","34.233004","135.170377","0","1"
"30","和歌山県","30201","和歌山市","302010345000","布施屋","34.243489","135.259809","0","1"
"30","和歌山県","30201","和歌山市","302010346001","堀止西一丁目","34.214398","135.168166","0","3"
"30","和歌山県","30201","和歌山市","302010346002","堀止西二丁目","34.211851","135.168570","0","3"
"30","和歌山県","30201","和歌山市","302010347001","堀止東一丁目","34.215224","135.171891","0","3"
"30","和歌山県","30201","和歌山市","302010347002","堀止東二丁目","34.216191","135.174877","0","3"
"30","和歌山県","30201","和歌山市","302010348000","堀止南ノ丁","34.212829","135.171255","0","1"
"30","和歌山県","30201","和歌山市","302010349001","本町一丁目","34.233183","135.174602","0","3"
"30","和歌山県","30201","和歌山市","302010349002","本町二丁目","34.234431","135.174368","0","3"
"30","和歌山県","30201","和歌山市","302010349003","本町三丁目","34.235519","135.174360","0","3"
"30","和歌山県","30201","和歌山市","302010349004","本町四丁目","34.236964","135.174453","0","3"
"30","和歌山県","30201","和歌山市","302010349005","本町五丁目","34.238081","135.174644","0","3"
"30","和歌山県","30201","和歌山市","302010349006","本町六丁目","34.239742","135.174433","0","3"
"30","和歌山県","30201","和歌山市","302010349007","本町七丁目","34.240807","135.174417","0","3"
"30","和歌山県","30201","和歌山市","302010349008","本町八丁目","34.241814","135.174324","0","3"
"30","和歌山県","30201","和歌山市","302010349009","本町九丁目","34.242253","135.175896","0","3"
"30","和歌山県","30201","和歌山市","302010350001","真砂丁一丁目","34.224238","135.169504","0","3"
"30","和歌山県","30201","和歌山市","302010351000","松江","34.241171","135.130627","0","1"
"30","和歌山県","30201","和歌山市","302010352001","松江北一丁目","34.248468","135.140210","0","3"
"30","和歌山県","30201","和歌山市","302010352002","松江北二丁目","34.249744","135.136391","0","3"
"30","和歌山県","30201","和歌山市","302010352003","松江北三丁目","34.252807","135.136730","0","3"
"30","和歌山県","30201","和歌山市","302010352004","松江北四丁目","34.252584","135.133204","0","3"
"30","和歌山県","30201","和歌山市","302010352005","松江北五丁目","34.250671","135.132184","0","3"
"30","和歌山県","30201","和歌山市","302010352006","松江北六丁目","34.251403","135.126195","0","3"
"30","和歌山県","30201","和歌山市","302010352007","松江北七丁目","34.252228","135.128270","0","3"
"30","和歌山県","30201","和歌山市","302010353001","松江中一丁目","34.246349","135.130722","0","3"
"30","和歌山県","30201","和歌山市","302010353002","松江中二丁目","34.246540","135.134313","0","3"
"30","和歌山県","30201","和歌山市","302010353003","松江中三丁目","34.248344","135.131753","0","3"
"30","和歌山県","30201","和歌山市","302010354001","松江西一丁目","34.248385","135.126582","0","3"
"30","和歌山県","30201","和歌山市","302010354002","松江西二丁目","34.250547","135.125953","0","3"
"30","和歌山県","30201","和歌山市","302010354003","松江西三丁目","34.249792","135.124635","0","3"
"30","和歌山県","30201","和歌山市","302010355001","松江東一丁目","34.242537","135.137614","0","3"
"30","和歌山県","30201","和歌山市","302010355002","松江東二丁目","34.244856","135.136278","0","3"
"30","和歌山県","30201","和歌山市","302010355003","松江東三丁目","34.247045","135.136953","0","3"
"30","和歌山県","30201","和歌山市","302010355004","松江東四丁目","34.245736","135.140807","0","3"
"30","和歌山県","30201","和歌山市","302010356001","松ケ丘一丁目","34.205516","135.166684","0","3"
"30","和歌山県","30201","和歌山市","302010356002","松ケ丘二丁目","34.203769","135.165190","0","3"
"30","和歌山県","30201","和歌山市","302010356003","松ケ丘三丁目","34.203144","135.162663","0","3"
"30","和歌山県","30201","和歌山市","302010357000","松島","34.247203","135.210767","0","1"
"30","和歌山県","30201","和歌山市","302010358000","松原","34.189809","135.235886","0","1"
"30","和歌山県","30201","和歌山市","302010359000","三葛","34.193144","135.187864","0","1"
"30","和歌山県","30201","和歌山市","302010360000","三木町台所町","34.230225","135.177708","0","1"
"30","和歌山県","30201","和歌山市","302010361000","三木町中ノ丁","34.230890","135.178168","0","1"
"30","和歌山県","30201","和歌山市","302010362000","三木町堀詰","34.231879","135.177798","0","1"
"30","和歌山県","30201","和歌山市","302010363000","三木町南ノ丁","34.230311","135.178800","0","1"
"30","和歌山県","30201","和歌山市","302010364001","三沢町一丁目","34.222697","135.183935","0","3"
"30","和歌山県","30201","和歌山市","302010364002","三沢町二丁目","34.221819","135.183779","0","3"
"30","和歌山県","30201","和歌山市","302010364003","三沢町三丁目","34.220124","135.184374","0","3"
"30","和歌山県","30201","和歌山市","302010364004","三沢町四丁目","34.218742","135.183689","0","3"
"30","和歌山県","30201","和歌山市","302010365000","三筋目","34.238818","135.170725","0","1"
"30","和歌山県","30201","和歌山市","302010366002","美園町二丁目","34.230205","135.186110","0","3"
"30","和歌山県","30201","和歌山市","302010366003","美園町三丁目","34.230318","135.187451","0","3"
"30","和歌山県","30201","和歌山市","302010366004","美園町四丁目","34.230593","135.188685","0","3"
"30","和歌山県","30201","和歌山市","302010366005","美園町五丁目","34.230990","135.190817","0","3"
"30","和歌山県","30201","和歌山市","302010367000","満屋","34.250665","135.278714","0","1"
"30","和歌山県","30201","和歌山市","302010368000","湊","34.220955","135.144285","0","1"
"30","和歌山県","30201","和歌山市","302010369001","湊一丁目","34.235277","135.149912","0","3"
"30","和歌山県","30201","和歌山市","302010369002","湊二丁目","34.234112","135.146143","0","3"
"30","和歌山県","30201","和歌山市","302010369003","湊三丁目","34.232076","135.146342","0","3"
"30","和歌山県","30201","和歌山市","302010369004","湊四丁目","34.231940","135.142931","0","3"
"30","和歌山県","30201","和歌山市","302010369005","湊五丁目","34.228926","135.145286","0","3"
"30","和歌山県","30201","和歌山市","302010370000","湊桶屋町","34.220002","135.167792","0","1"
"30","和歌山県","30201","和歌山市","302010371001","湊北町一丁目","34.232526","135.166961","0","3"
"30","和歌山県","30201","和歌山市","302010371002","湊北町二丁目","34.232605","135.165371","0","3"
"30","和歌山県","30201","和歌山市","302010371003","湊北町三丁目","34.232547","135.163932","0","3"
"30","和歌山県","30201","和歌山市","302010372001","湊御殿一丁目","34.221484","135.157605","0","3"
"30","和歌山県","30201","和歌山市","302010372002","湊御殿二丁目","34.219269","135.156458","0","3"
"30","和歌山県","30201","和歌山市","302010372003","湊御殿三丁目","34.217764","135.157176","0","3"
"30","和歌山県","30201","和歌山市","302010373001","湊紺屋町一丁目","34.234301","135.167132","0","3"
"30","和歌山県","30201","和歌山市","302010373002","湊紺屋町二丁目","34.233750","135.165464","0","3"
"30","和歌山県","30201","和歌山市","302010373003","湊紺屋町三丁目","34.233651","135.164571","0","3"
"30","和歌山県","30201","和歌山市","302010374001","湊通丁北一丁目","34.224519","135.168786","0","3"
"30","和歌山県","30201","和歌山市","302010374002","湊通丁北二丁目","34.223987","135.167157","0","3"
"30","和歌山県","30201","和歌山市","302010374003","湊通丁北三丁目","34.223510","135.165474","0","3"
"30","和歌山県","30201","和歌山市","302010374004","湊通丁北四丁目","34.223429","135.163832","0","3"
"30","和歌山県","30201","和歌山市","302010375001","湊通丁南一丁目","34.223688","135.168160","0","3"
"30","和歌山県","30201","和歌山市","302010375002","湊通丁南二丁目","34.223343","135.166906","0","3"
"30","和歌山県","30201","和歌山市","302010375003","湊通丁南三丁目","34.223149","135.165534","0","3"
"30","和歌山県","30201","和歌山市","302010375004","湊通丁南四丁目","34.223016","135.163092","0","3"
"30","和歌山県","30201","和歌山市","302010376001","湊本町一丁目","34.233186","135.166972","0","3"
"30","和歌山県","30201","和歌山市","302010376002","湊本町二丁目","34.233176","135.165400","0","3"
"30","和歌山県","30201","和歌山市","302010376003","湊本町三丁目","34.233097","135.163635","0","3"
"30","和歌山県","30201","和歌山市","302010377000","南相生丁","34.222919","135.164679","0","1"
"30","和歌山県","30201","和歌山市","302010378000","南牛町","34.226313","135.161454","0","1"
"30","和歌山県","30201","和歌山市","302010379000","南桶屋町","34.235335","135.175287","0","1"
"30","和歌山県","30201","和歌山市","302010380001","南片原一丁目","34.223685","135.179486","0","3"
"30","和歌山県","30201","和歌山市","302010380002","南片原二丁目","34.223963","135.183186","0","3"
"30","和歌山県","30201","和歌山市","302010381000","南休賀町","34.230731","135.179729","0","1"
"30","和歌山県","30201","和歌山市","302010382000","南雑賀町","34.232421","135.178703","0","1"
"30","和歌山県","30201","和歌山市","302010383000","南細工町","34.226908","135.179504","0","1"
"30","和歌山県","30201","和歌山市","302010384001","南材木丁一丁目","34.227521","135.183118","0","3"
"30","和歌山県","30201","和歌山市","302010384002","南材木丁二丁目","34.228512","135.181947","0","3"
"30","和歌山県","30201","和歌山市","302010384003","南材木丁三丁目","34.229556","135.180811","0","3"
"30","和歌山県","30201","和歌山市","302010385000","南甚五兵衛丁","34.226411","135.163410","0","1"
"30","和歌山県","30201","和歌山市","302010386000","南大工町","34.234426","135.173553","0","1"
"30","和歌山県","30201","和歌山市","302010387000","南田辺丁","34.223904","135.163578","0","1"
"30","和歌山県","30201","和歌山市","302010388000","南中間町","34.225028","135.163610","0","1"
"30","和歌山県","30201","和歌山市","302010389000","南出島","34.217564","135.192704","0","1"
"30","和歌山県","30201","和歌山市","302010390000","南畑","34.189581","135.259236","0","1"
"30","和歌山県","30201","和歌山市","302010391000","南汀丁","34.228822","135.168107","0","1"
"30","和歌山県","30201","和歌山市","302010392000","深山","34.290473","135.083583","0","1"
"30","和歌山県","30201","和歌山市","302010393000","明王寺","34.220942","135.251401","0","1"
"30","和歌山県","30201","和歌山市","302010394000","向","34.256716","135.145012","0","1"
"30","和歌山県","30201","和歌山市","302010395000","六筋目","34.241132","135.170735","0","1"
"30","和歌山県","30201","和歌山市","302010396000","六十谷","34.270354","135.205061","0","1"
"30","和歌山県","30201","和歌山市","302010397001","元寺町一丁目","34.234683","135.177346","0","3"
"30","和歌山県","30201","和歌山市","302010397002","元寺町二丁目","34.235543","135.176912","0","3"
"30","和歌山県","30201","和歌山市","302010397003","元寺町三丁目","34.237166","135.176908","0","3"
"30","和歌山県","30201","和歌山市","302010397004","元寺町四丁目","34.238152","135.176873","0","3"
"30","和歌山県","30201","和歌山市","302010397005","元寺町五丁目","34.240298","135.176555","0","3"
"30","和歌山県","30201","和歌山市","302010398000","元寺町北ノ丁","34.241084","135.175339","0","1"
"30","和歌山県","30201","和歌山市","302010399000","元寺町西ノ丁","34.239652","135.175210","0","1"
"30","和歌山県","30201","和歌山市","302010400000","元寺町東ノ丁","34.239667","135.175744","0","1"
"30","和歌山県","30201","和歌山市","302010401000","元寺町南ノ丁","34.238501","135.175663","0","1"
"30","和歌山県","30201","和歌山市","302010402000","元博労町","34.234945","135.169071","0","1"
"30","和歌山県","30201","和歌山市","302010403001","元町奉行丁一丁目","34.224242","135.179432","0","3"
"30","和歌山県","30201","和歌山市","302010403002","元町奉行丁二丁目","34.224303","135.183951","0","3"
"30","和歌山県","30201","和歌山市","302010404000","本脇","34.262943","135.101783","0","1"
"30","和歌山県","30201","和歌山市","302010405000","本渡","34.178794","135.220773","0","1"
"30","和歌山県","30201","和歌山市","302010406000","森小手穂","34.213152","135.230512","0","1"
"30","和歌山県","30201","和歌山市","302010407001","屋形町一丁目","34.230993","135.177165","0","3"
"30","和歌山県","30201","和歌山市","302010407002","屋形町二丁目","34.229286","135.178659","0","3"
"30","和歌山県","30201","和歌山市","302010407003","屋形町三丁目","34.227465","135.178768","0","3"
"30","和歌山県","30201","和歌山市","302010407004","屋形町四丁目","34.225290","135.178052","0","3"
"30","和歌山県","30201","和歌山市","302010407005","屋形町五丁目","34.223852","135.178328","0","3"
"30","和歌山県","30201","和歌山市","302010408000","薬勝寺","34.184445","135.235396","0","1"
"30","和歌山県","30201","和歌山市","302010409000","矢田","34.220101","135.266853","0","1"
"30","和歌山県","30201","和歌山市","302010410000","柳丁","34.229982","135.183360","0","1"
"30","和歌山県","30201","和歌山市","302010411000","藪ノ丁","34.225039","135.173710","0","1"
"30","和歌山県","30201","和歌山市","302010412000","山蔭丁","34.225101","135.176327","0","1"
"30","和歌山県","30201","和歌山市","302010413000","山口西","34.268763","135.260780","0","1"
"30","和歌山県","30201","和歌山市","302010414000","山吹丁","34.237269","135.173273","0","1"
"30","和歌山県","30201","和歌山市","302010415000","湯屋谷","34.282959","135.273061","0","1"
"30","和歌山県","30201","和歌山市","302010416000","吉里","34.194690","135.240319","0","1"
"30","和歌山県","30201","和歌山市","302010417000","吉田","34.235635","135.188469","0","1"
"30","和歌山県","30201","和歌山市","302010418000","吉原","34.190805","135.199447","0","1"
"30","和歌山県","30201","和歌山市","302010419000","四筋目","34.239343","135.170732","0","1"
"30","和歌山県","30201","和歌山市","302010420000","寄合町","34.233013","135.168719","0","1"
"30","和歌山県","30201","和歌山市","302010421000","万町","34.233841","135.172954","0","1"
"30","和歌山県","30201","和歌山市","302010422000","四番丁","34.228062","135.177861","0","1"
"30","和歌山県","30201","和歌山市","302010423000","六番丁","34.229978","135.175214","0","1"
"30","和歌山県","30201","和歌山市","302010424001","和歌浦中一丁目","34.192229","135.168555","0","3"
"30","和歌山県","30201","和歌山市","302010424002","和歌浦中二丁目","34.191417","135.169692","0","3"
"30","和歌山県","30201","和歌山市","302010424003","和歌浦中三丁目","34.189561","135.171079","0","3"
"30","和歌山県","30201","和歌山市","302010425001","和歌浦西一丁目","34.196443","135.169036","0","3"
"30","和歌山県","30201","和歌山市","302010425002","和歌浦西二丁目","34.192122","135.164877","0","3"
"30","和歌山県","30201","和歌山市","302010426001","和歌浦東一丁目","34.196021","135.172892","0","3"
"30","和歌山県","30201","和歌山市","302010426002","和歌浦東二丁目","34.192025","135.174028","0","3"
"30","和歌山県","30201","和歌山市","302010426003","和歌浦東三丁目","34.190229","135.177568","0","3"
"30","和歌山県","30201","和歌山市","302010426004","和歌浦東四丁目","34.188598","135.174439","0","3"
"30","和歌山県","30201","和歌山市","302010427001","和歌浦南一丁目","34.187900","135.164637","0","3"
"30","和歌山県","30201","和歌山市","302010427002","和歌浦南二丁目","34.187768","135.168012","0","3"
"30","和歌山県","30201","和歌山市","302010427003","和歌浦南三丁目","34.178786","135.174813","0","3"
"30","和歌山県","30201","和歌山市","302010428000","和歌川町","34.194300","135.179257","0","1"
"30","和歌山県","30201","和歌山市","302010429000","和歌町","34.229342","135.179586","0","1"
"30","和歌山県","30201","和歌山市","302010430000","和佐関戸","34.239185","135.257548","0","1"
"30","和歌山県","30201","和歌山市","302010431000","和佐中","34.238177","135.239640","0","1"
"30","和歌山県","30201","和歌山市","302010432000","和田","34.202704","135.209885","0","1"
"30","和歌山県","30202","海南市","302020057000 ","ひや水","34.137722","135.276345","0","1"
"30","和歌山県","30202","海南市","302020014000 ","扱沢","34.127473","135.248009","0","1"
"30","和歌山県","30202","海南市","302020003000 ","井田","34.160163","135.224453","0","1"
"30","和歌山県","30202","海南市","302020007000 ","岡田","34.170153","135.218206","0","1"
"30","和歌山県","30202","海南市","302020008000 ","沖野々","34.165203","135.272966","0","1"
"30","和歌山県","30202","海南市","302020039000 ","下津町引尾","34.127840","135.226150","0","1"
"30","和歌山県","30202","海南市","302020034000 ","下津町塩津","34.135911","135.174740","0","1"
"30","和歌山県","30202","海南市","302020035000 ","下津町下","34.130493","135.166448","0","1"
"30","和歌山県","30202","海南市","302020036000 ","下津町下津","34.111375","135.128912","0","1"
"30","和歌山県","30202","海南市","302020024000 ","下津町笠畑","34.111434","135.224395","0","1"
"30","和歌山県","30202","海南市","302020040000 ","下津町丸田","34.131113","135.155354","0","1"
"30","和歌山県","30202","海南市","302020028000 ","下津町橘本","34.128098","135.197677","0","1"
"30","和歌山県","30202","海南市","302020022000 ","下津町興","34.117049","135.226703","0","1"
"30","和歌山県","30202","海南市","302020029000 ","下津町沓掛","34.105179","135.184098","0","1"
"30","和歌山県","30202","海南市","302020030000 ","下津町黒田","34.121434","135.165753","0","1"
"30","和歌山県","30202","海南市","302020018000 ","下津町市坪","34.109929","135.195235","0","1"
"30","和歌山県","30202","海南市","302020023000 ","下津町小原","34.101609","135.156534","0","1"
"30","和歌山県","30202","海南市","302020032000 ","下津町小松原","34.126881","135.187783","0","1"
"30","和歌山県","30202","海南市","302020033000 ","下津町小南","34.121376","135.174107","0","1"
"30","和歌山県","30202","海南市","302020031000 ","下津町小畑","34.104044","135.171601","0","1"
"30","和歌山県","30202","海南市","302020026000 ","下津町上","34.110953","135.161632","0","1"
"30","和歌山県","30202","海南市","302020017000 ","下津町青枝","34.116816","135.189442","0","1"
"30","和歌山県","30202","海南市","302020037000 ","下津町曽根田","34.129858","135.209434","0","1"
"30","和歌山県","30202","海南市","302020020000 ","下津町大窪","34.109778","135.209780","0","1"
"30","和歌山県","30202","海南市","302020021000 ","下津町大崎","34.132435","135.139733","0","1"
"30","和歌山県","30202","海南市","302020038000 ","下津町中","34.122198","135.181357","0","1"
"30","和歌山県","30202","海南市","302020042000 ","下津町丁","34.118013","135.162221","0","1"
"30","和歌山県","30202","海南市","302020019000 ","下津町梅田","34.132322","135.180658","0","1"
"30","和歌山県","30202","海南市","302020041000 ","下津町百垣内","34.120260","135.214746","0","1"
"30","和歌山県","30202","海南市","302020025000 ","下津町方","34.122101","135.142241","0","1"
"30","和歌山県","30202","海南市","302020027000 ","下津町鰈川","34.099067","135.144343","0","1"
"30","和歌山県","30202","海南市","302020043000 ","下津野","34.174472","135.294297","0","1"
"30","和歌山県","30202","海南市","302020004000 ","海老谷","34.126278","135.270618","0","1"
"30","和歌山県","30202","海南市","302020002000 ","且来","34.168944","135.236322","0","1"
"30","和歌山県","30202","海南市","302020013000 ","九品寺","34.152806","135.283793","0","1"
"30","和歌山県","30202","海南市","302020055000 ","原野","34.181905","135.299555","0","1"
"30","和歌山県","30202","海南市","302020062000 ","溝ノ口","34.159918","135.290084","0","1"
"30","和歌山県","30202","海南市","302020044000 ","高津","34.197255","135.292350","0","1"
"30","和歌山県","30202","海南市","302020015000 ","黒江","34.167174","135.206536","0","1"
"30","和歌山県","30202","海南市","302020068000 ","阪井","34.157893","135.262501","0","1"
"30","和歌山県","30202","海南市","302020066001 ","山崎町一丁目","34.158472","135.215520","0","3"
"30","和歌山県","30202","海南市","302020066002 ","山崎町二丁目","34.159025","135.214596","0","3"
"30","和歌山県","30202","海南市","302020066003 ","山崎町三丁目","34.159332","135.215521","0","3"
"30","和歌山県","30202","海南市","302020067000 ","山田","34.141446","135.234350","0","1"
"30","和歌山県","30202","海南市","302020046000 ","次ケ谷","34.147545","135.274081","0","1"
"30","和歌山県","30202","海南市","302020049000 ","七山","34.191305","135.309383","0","1"
"30","和歌山県","30202","海南市","302020069000 ","重根","34.147214","135.252519","0","1"
"30","和歌山県","30202","海南市","302020070001 ","重根西一丁目","34.154847","135.242746","0","3"
"30","和歌山県","30202","海南市","302020070002 ","重根西二丁目","34.155093","135.245752","0","3"
"30","和歌山県","30202","海南市","302020071001 ","重根東一丁目","34.155737","135.248084","0","3"
"30","和歌山県","30202","海南市","302020071002 ","重根東二丁目","34.155619","135.251106","0","3"
"30","和歌山県","30202","海南市","302020009000 ","小野田","34.169401","135.257990","0","1"
"30","和歌山県","30202","海南市","302020010000 ","上谷","34.131790","135.284249","0","1"
"30","和歌山県","30202","海南市","302020001000 ","赤沼","34.124785","135.282056","0","1"
"30","和歌山県","30202","海南市","302020059000 ","船尾","34.156907","135.197502","0","1"
"30","和歌山県","30202","海南市","302020005000 ","多田","34.178741","135.239033","0","1"
"30","和歌山県","30202","海南市","302020006000 ","大野中","34.149730","135.224133","0","1"
"30","和歌山県","30202","海南市","302020045000 ","築地","34.152469","135.208269","0","1"
"30","和歌山県","30202","海南市","302020047000 ","鳥居","34.144398","135.220318","0","1"
"30","和歌山県","30202","海南市","302020056000 ","東畑","34.132744","135.263735","0","1"
"30","和歌山県","30202","海南市","302020058000 ","藤白","34.145507","135.205792","1","1"
"30","和歌山県","30202","海南市","302020063000 ","南赤坂","34.159031","135.239133","0","1"
"30","和歌山県","30202","海南市","302020072000 ","日方","34.158518","135.218806","0","1"
"30","和歌山県","30202","海南市","302020054001 ","馬場町一丁目","34.158655","135.213334","0","3"
"30","和歌山県","30202","海南市","302020054002 ","馬場町二丁目","34.158028","135.214232","0","3"
"30","和歌山県","30202","海南市","302020054003 ","馬場町三丁目","34.159107","135.213669","0","3"
"30","和歌山県","30202","海南市","302020053000 ","幡川","34.144414","135.235951","0","1"
"30","和歌山県","30202","海南市","302020060000 ","別院","34.171274","135.276798","0","1"
"30","和歌山県","30202","海南市","302020061000 ","別所","34.135453","135.248350","0","1"
"30","和歌山県","30202","海南市","302020011000 ","北赤坂","34.163739","135.239067","0","1"
"30","和歌山県","30202","海南市","302020064000 ","椋木","34.141205","135.291359","0","1"
"30","和歌山県","30202","海南市","302020048000 ","名高","34.152844","135.215186","0","1"
"30","和歌山県","30202","海南市","302020065000 ","孟子","34.186695","135.287861","0","1"
"30","和歌山県","30202","海南市","302020012000 ","木津","34.151603","135.277655","0","1"
"30","和歌山県","30202","海南市","302020050000 ","野上新","34.150137","135.297028","0","1"
"30","和歌山県","30202","海南市","302020051000 ","野上中","34.166097","135.286364","0","1"
"30","和歌山県","30202","海南市","302020052000 ","野尻","34.175331","135.285595","0","1"
"30","和歌山県","30202","海南市","302020016000 ","冷水","34.142948","135.197026","1","1"
"30","和歌山県","30203","橋本市","302030002001 ","あやの台一丁目","34.338656","135.650612","0","3"
"30","和歌山県","30203","橋本市","302030002002 ","あやの台二丁目","34.338988","135.656221","0","3"
"30","和歌山県","30203","橋本市","302030002003 ","あやの台三丁目","34.343215","135.650635","1","3"
"30","和歌山県","30203","橋本市","302030039001 ","さつき台一丁目","34.333993","135.598829","0","3"
"30","和歌山県","30203","橋本市","302030039002 ","さつき台二丁目","34.335025","135.594541","0","3"
"30","和歌山県","30203","橋本市","302030042000 ","しらさぎ台","34.338524","135.612179","0","1"
"30","和歌山県","30203","橋本市","302030077000 ","みゆき台","34.340531","135.586776","0","1"
"30","和歌山県","30203","橋本市","302030082000 ","横座","34.297023","135.625064","0","1"
"30","和歌山県","30203","橋本市","302030008000 ","柿の木坂","34.339818","135.594598","0","1"
"30","和歌山県","30203","橋本市","302030011000 ","学文路","34.290339","135.582412","0","1"
"30","和歌山県","30203","橋本市","302030012000 ","岸上","34.310249","135.586099","0","1"
"30","和歌山県","30203","橋本市","302030015001 ","紀ノ光台一丁目","34.339931","135.641700","0","3"
"30","和歌山県","30203","橋本市","302030015002 ","紀ノ光台二丁目","34.345403","135.641132","0","3"
"30","和歌山県","30203","橋本市","302030015003 ","紀ノ光台三丁目","34.353051","135.641263","0","3"
"30","和歌山県","30203","橋本市","302030016000 ","紀見","34.341365","135.616541","0","1"
"30","和歌山県","30203","橋本市","302030017001 ","紀見ケ丘一丁目","34.365556","135.607967","0","3"
"30","和歌山県","30203","橋本市","302030017002 ","紀見ケ丘二丁目","34.366787","135.611025","0","3"
"30","和歌山県","30203","橋本市","302030017003 ","紀見ケ丘三丁目","34.362145","135.610170","0","3"
"30","和歌山県","30203","橋本市","302030083000 ","吉原","34.339185","135.563899","0","1"
"30","和歌山県","30203","橋本市","302030038000 ","境原","34.368063","135.631554","0","1"
"30","和歌山県","30203","橋本市","302030067000 ","橋谷","34.351961","135.605238","0","1"
"30","和歌山県","30203","橋本市","302030068000 ","橋本","34.321645","135.615791","0","1"
"30","和歌山県","30203","橋本市","302030069001 ","橋本一丁目","34.315676","135.612299","0","3"
"30","和歌山県","30203","橋本市","302030069002 ","橋本二丁目","34.316473","135.614395","0","3"
"30","和歌山県","30203","橋本市","302030046000 ","隅田町芋生","34.327415","135.654075","0","1"
"30","和歌山県","30203","橋本市","302030050000 ","隅田町下兵庫","34.332022","135.629684","0","1"
"30","和歌山県","30203","橋本市","302030048000 ","隅田町河瀬","34.332065","135.625218","0","1"
"30","和歌山県","30203","橋本市","302030056000 ","隅田町山内","34.363233","135.647436","0","1"
"30","和歌山県","30203","橋本市","302030047000 ","隅田町上兵庫","34.329227","135.633836","0","1"
"30","和歌山県","30203","橋本市","302030055000 ","隅田町真土","34.335220","135.657763","0","1"
"30","和歌山県","30203","橋本市","302030051000 ","隅田町垂井","34.339896","135.648574","1","1"
"30","和歌山県","30203","橋本市","302030049000 ","隅田町霜草","34.346043","135.635322","0","1"
"30","和歌山県","30203","橋本市","302030052000 ","隅田町中下","34.324668","135.645326","0","1"
"30","和歌山県","30203","橋本市","302030053000 ","隅田町中島","34.335628","135.639664","0","1"
"30","和歌山県","30203","橋本市","302030054000 ","隅田町平野","34.358164","135.658997","0","1"
"30","和歌山県","30203","橋本市","302030018000 ","慶賀野","34.356200","135.610966","0","1"
"30","和歌山県","30203","橋本市","302030009000 ","賢堂","34.307734","135.614313","0","1"
"30","和歌山県","30203","橋本市","302030071000 ","原田","34.331188","135.619742","0","1"
"30","和歌山県","30203","橋本市","302030034000 ","古佐田","34.322388","135.612183","0","1"
"30","和歌山県","30203","橋本市","302030035001 ","古佐田一丁目","34.317723","135.613019","0","3"
"30","和歌山県","30203","橋本市","302030035002 ","古佐田二丁目","34.318070","135.617256","0","3"
"30","和歌山県","30203","橋本市","302030035003 ","古佐田三丁目","34.319552","135.615066","0","3"
"30","和歌山県","30203","橋本市","302030035004 ","古佐田四丁目","34.320005","135.611864","0","3"
"30","和歌山県","30203","橋本市","302030037000 ","胡麻生","34.336300","135.609411","0","1"
"30","和歌山県","30203","橋本市","302030078000 ","御幸辻","34.338860","135.603302","0","1"
"30","和歌山県","30203","橋本市","302030033001 ","光陽台一丁目","34.367038","135.605670","0","3"
"30","和歌山県","30203","橋本市","302030033002 ","光陽台二丁目","34.369314","135.605335","0","3"
"30","和歌山県","30203","橋本市","302030079000 ","向副","34.311302","135.618851","0","1"
"30","和歌山県","30203","橋本市","302030020000 ","高野口町応其","34.322972","135.567349","0","1"
"30","和歌山県","30203","橋本市","302030026000 ","高野口町下中","34.325050","135.546400","0","1"
"30","和歌山県","30203","橋本市","302030024000 ","高野口町九重","34.344484","135.547955","0","1"
"30","和歌山県","30203","橋本市","302030032000 ","高野口町向島","34.298841","135.553310","0","1"
"30","和歌山県","30203","橋本市","302030025000 ","高野口町嵯峨谷","34.336968","135.538583","0","1"
"30","和歌山県","30203","橋本市","302030022000 ","高野口町小田","34.298158","135.562016","0","1"
"30","和歌山県","30203","橋本市","302030023000 ","高野口町上中","34.333589","135.546489","0","1"
"30","和歌山県","30203","橋本市","302030021000 ","高野口町大野","34.313126","135.548272","0","1"
"30","和歌山県","30203","橋本市","302030027000 ","高野口町竹尾","34.339764","135.531347","0","1"
"30","和歌山県","30203","橋本市","302030028000 ","高野口町田原","34.331446","135.560941","0","1"
"30","和歌山県","30203","橋本市","302030031000 ","高野口町伏原","34.304675","135.572442","0","1"
"30","和歌山県","30203","橋本市","302030030000 ","高野口町名古曽","34.311025","135.564429","0","1"
"30","和歌山県","30203","橋本市","302030029000 ","高野口町名倉","34.311202","135.557822","0","1"
"30","和歌山県","30203","橋本市","302030059000 ","妻","34.325778","135.622383","0","1"
"30","和歌山県","30203","橋本市","302030060001 ","妻一丁目","34.319005","135.620268","0","3"
"30","和歌山県","30203","橋本市","302030060002 ","妻二丁目","34.319300","135.622559","0","3"
"30","和歌山県","30203","橋本市","302030060003 ","妻三丁目","34.320958","135.622481","0","3"
"30","和歌山県","30203","橋本市","302030073000 ","細川","34.358699","135.620717","0","1"
"30","和歌山県","30203","橋本市","302030074001 ","三石台一丁目","34.353209","135.602322","0","3"
"30","和歌山県","30203","橋本市","302030074002 ","三石台二丁目","34.350312","135.600395","0","3"
"30","和歌山県","30203","橋本市","302030074003 ","三石台三丁目","34.358877","135.602046","0","3"
"30","和歌山県","30203","橋本市","302030074004 ","三石台四丁目","34.356633","135.599291","0","3"
"30","和歌山県","30203","橋本市","302030081000 ","山田","34.350732","135.574770","0","1"
"30","和歌山県","30203","橋本市","302030003000 ","市脇","34.324428","135.598851","0","1"
"30","和歌山県","30203","橋本市","302030004001 ","市脇一丁目","34.315316","135.601147","0","3"
"30","和歌山県","30203","橋本市","302030004002 ","市脇二丁目","34.315608","135.597853","0","3"
"30","和歌山県","30203","橋本市","302030004003 ","市脇三丁目","34.312682","135.598182","0","3"
"30","和歌山県","30203","橋本市","302030004004 ","市脇四丁目","34.312137","135.600601","0","3"
"30","和歌山県","30203","橋本市","302030004005 ","市脇五丁目","34.312467","135.603763","0","3"
"30","和歌山県","30203","橋本市","302030061000 ","出塔","34.329455","135.583182","0","1"
"30","和歌山県","30203","橋本市","302030006000 ","小原田","34.328915","135.605668","0","1"
"30","和歌山県","30203","橋本市","302030007001 ","小峰台一丁目","34.350151","135.624717","0","3"
"30","和歌山県","30203","橋本市","302030007002 ","小峰台二丁目","34.353974","135.633514","0","3"
"30","和歌山県","30203","橋本市","302030041000 ","菖蒲谷","34.345732","135.587869","0","1"
"30","和歌山県","30203","橋本市","302030005000 ","上田","34.300997","135.635001","0","1"
"30","和歌山県","30203","橋本市","302030043001 ","城山台一丁目","34.345452","135.613479","0","3"
"30","和歌山県","30203","橋本市","302030043002 ","城山台二丁目","34.348456","135.610393","0","3"
"30","和歌山県","30203","橋本市","302030043003 ","城山台三丁目","34.351104","135.613791","0","3"
"30","和歌山県","30203","橋本市","302030043004 ","城山台四丁目","34.354124","135.617714","0","3"
"30","和歌山県","30203","橋本市","302030036000 ","神野々","34.312937","135.581680","0","1"
"30","和歌山県","30203","橋本市","302030045000 ","須河","34.297199","135.653493","0","1"
"30","和歌山県","30203","橋本市","302030044000 ","杉尾","34.371891","135.641550","0","1"
"30","和歌山県","30203","橋本市","302030040000 ","清水","34.303012","135.605975","0","1"
"30","和歌山県","30203","橋本市","302030065000 ","西畑","34.292009","135.619678","0","1"
"30","和歌山県","30203","橋本市","302030001000 ","赤塚","34.311242","135.650479","0","1"
"30","和歌山県","30203","橋本市","302030057000 ","只野","34.300383","135.664198","0","1"
"30","和歌山県","30203","橋本市","302030058000 ","谷奥深","34.281670","135.667655","0","1"
"30","和歌山県","30203","橋本市","302030064000 ","中道","34.308378","135.642913","0","1"
"30","和歌山県","30203","橋本市","302030070000 ","柱本","34.372631","135.614075","0","1"
"30","和歌山県","30203","橋本市","302030062000 ","東家","34.323004","135.603591","0","1"
"30","和歌山県","30203","橋本市","302030063001 ","東家一丁目","34.315712","135.604599","0","3"
"30","和歌山県","30203","橋本市","302030063002 ","東家二丁目","34.316158","135.607091","0","3"
"30","和歌山県","30203","橋本市","302030063003 ","東家三丁目","34.319296","135.609968","0","3"
"30","和歌山県","30203","橋本市","302030063004 ","東家四丁目","34.316069","135.609934","0","3"
"30","和歌山県","30203","橋本市","302030063005 ","東家五丁目","34.313706","135.608858","0","3"
"30","和歌山県","30203","橋本市","302030063006 ","東家六丁目","34.312906","135.605653","0","3"
"30","和歌山県","30203","橋本市","302030076000 ","南宿","34.255760","135.643405","0","1"
"30","和歌山県","30203","橋本市","302030075000 ","南馬場","34.296509","135.594369","0","1"
"30","和歌山県","30203","橋本市","302030010000 ","柏原","34.320947","135.585871","0","1"
"30","和歌山県","30203","橋本市","302030072000 ","彦谷","34.280413","135.647216","0","1"
"30","和歌山県","30203","橋本市","302030014000 ","北宿","34.257143","135.662545","0","1"
"30","和歌山県","30203","橋本市","302030013000 ","北馬場","34.328534","135.613592","0","1"
"30","和歌山県","30203","橋本市","302030066000 ","野","34.322823","135.592654","0","1"
"30","和歌山県","30203","橋本市","302030080000 ","矢倉脇","34.369108","135.588740","0","1"
"30","和歌山県","30203","橋本市","302030019000 ","恋野","34.318019","135.660884","0","1"
"30","和歌山県","30204","有田市","302040001000","糸我町中番","34.064964","135.180677","0","1"
"30","和歌山県","30204","有田市","302040002000","糸我町西","34.068443","135.168740","0","1"
"30","和歌山県","30204","有田市","302040003000","古江見","34.078064","135.125651","0","1"
"30","和歌山県","30204","有田市","302040004000","下中島","34.086650","135.155765","0","1"
"30","和歌山県","30204","有田市","302040005000","新堂","34.087478","135.134200","0","1"
"30","和歌山県","30204","有田市","302040006000","千田","34.065398","135.147608","0","1"
"30","和歌山県","30204","有田市","302040007000","辻堂","34.076281","135.147724","0","1"
"30","和歌山県","30204","有田市","302040008000","野","34.073012","135.136126","0","1"
"30","和歌山県","30204","有田市","302040009000","初島町里","34.098294","135.127496","0","1"
"30","和歌山県","30204","有田市","302040010000","初島町浜","34.102943","135.117542","0","1"
"30","和歌山県","30204","有田市","302040011000","星尾","34.072956","135.159187","0","1"
"30","和歌山県","30204","有田市","302040012000","港町","34.088668","135.105504","0","1"
"30","和歌山県","30204","有田市","302040013000","箕島","34.086637","135.119976","0","1"
"30","和歌山県","30204","有田市","302040014000","宮崎町","34.075218","135.105893","0","1"
"30","和歌山県","30204","有田市","302040015000","宮原町新町","34.076208","135.175658","0","1"
"30","和歌山県","30204","有田市","302040016000","宮原町須谷","34.075384","135.187700","0","1"
"30","和歌山県","30204","有田市","302040017000","宮原町滝","34.086139","135.164406","0","1"
"30","和歌山県","30204","有田市","302040018000","宮原町滝川原","34.079454","135.165422","0","1"
"30","和歌山県","30204","有田市","302040019000","宮原町道","34.086027","135.176154","0","1"
"30","和歌山県","30204","有田市","302040020000","宮原町畑","34.093970","135.176752","0","1"
"30","和歌山県","30204","有田市","302040021000","宮原町東","34.082877","135.183855","0","1"
"30","和歌山県","30204","有田市","302040022000","山田原","34.087564","135.145376","0","1"
"30","和歌山県","30204","有田市","302040023000","山地","34.072268","135.129030","0","1"
"30","和歌山県","30205","御坊市","302050001000","荊木","33.917789","135.149678","0","1"
"30","和歌山県","30205","御坊市","302050002000","熊野","33.886249","135.186059","0","1"
"30","和歌山県","30205","御坊市","302050003000","岩内","33.887686","135.169987","0","1"
"30","和歌山県","30205","御坊市","302050004000","御坊","33.888478","135.157686","0","1"
"30","和歌山県","30205","御坊市","302050005000","塩屋町北塩屋","33.875364","135.176381","0","1"
"30","和歌山県","30205","御坊市","302050006000","塩屋町南塩屋","33.863850","135.172307","0","1"
"30","和歌山県","30205","御坊市","302050007000","島","33.892816","135.163872","0","1"
"30","和歌山県","30205","御坊市","302050008000","薗","33.889980","135.153212","0","1"
"30","和歌山県","30205","御坊市","302050009000","名田町上野","33.840487","135.189846","0","1"
"30","和歌山県","30205","御坊市","302050010000","名田町楠井","33.827839","135.197774","0","1"
"30","和歌山県","30205","御坊市","302050011000","名田町野島","33.845385","135.176125","0","1"
"30","和歌山県","30205","御坊市","302050012000","名屋","33.879905","135.156325","0","1"
"30","和歌山県","30205","御坊市","302050013001","名屋町一丁目","33.882515","135.158740","0","3"
"30","和歌山県","30205","御坊市","302050013002","名屋町二丁目","33.881354","135.157677","0","3"
"30","和歌山県","30205","御坊市","302050013003","名屋町三丁目","33.883066","135.154034","0","3"
"30","和歌山県","30205","御坊市","302050014000","野口","33.898882","135.183696","0","1"
"30","和歌山県","30205","御坊市","302050015000","藤田町藤井","33.907828","135.178254","0","1"
"30","和歌山県","30205","御坊市","302050016000","藤田町吉田","33.918263","135.169992","0","1"
"30","和歌山県","30205","御坊市","302050017000","明神川","33.870641","135.203797","0","1"
"30","和歌山県","30205","御坊市","302050018000","湯川町小松原","33.905442","135.156966","0","1"
"30","和歌山県","30205","御坊市","302050019000","湯川町財部","33.900035","135.156676","0","1"
"30","和歌山県","30205","御坊市","302050020000","湯川町富安","33.930528","135.163970","0","1"
"30","和歌山県","30205","御坊市","302050021000","湯川町丸山","33.909981","135.150658","0","1"
"30","和歌山県","30206","田辺市","302060141000 ","あけぼの","33.731852","135.389123","1","1"
"30","和歌山県","30206","田辺市","302060150000 ","たきない町","33.699686","135.399890","0","1"
"30","和歌山県","30206","田辺市","302060145000 ","むつみ","33.742606","135.379214","0","1"
"30","和歌山県","30206","田辺市","302060002000 ","鮎川","33.730634","135.516613","0","1"
"30","和歌山県","30206","田辺市","302060003000 ","磯間","33.720815","135.381720","0","1"
"30","和歌山県","30206","田辺市","302060146000 ","稲成町","33.763445","135.380709","0","1"
"30","和歌山県","30206","田辺市","302060025000 ","栄町","33.734001","135.377290","0","1"
"30","和歌山県","30206","田辺市","302060032000 ","下屋敷町","33.729847","135.380623","0","1"
"30","和歌山県","30206","田辺市","302060031000 ","下三栖","33.735954","135.419850","0","1"
"30","和歌山県","30206","田辺市","302060028000 ","下川下","33.746956","135.571869","0","1"
"30","和歌山県","30206","田辺市","302060027000 ","下川上","33.754491","135.642910","0","1"
"30","和歌山県","30206","田辺市","302060030000 ","下万呂","33.742415","135.393611","0","1"
"30","和歌山県","30206","田辺市","302060029000 ","下露","33.675417","135.565749","0","1"
"30","和歌山県","30206","田辺市","302060010000 ","学園","33.725820","135.391112","0","1"
"30","和歌山県","30206","田辺市","302060018000 ","九川","33.660687","135.597731","0","1"
"30","和歌山県","30206","田辺市","302060019000 ","串","33.665939","135.587499","0","1"
"30","和歌山県","30206","田辺市","302060005000 ","熊野","33.713021","135.618983","0","1"
"30","和歌山県","30206","田辺市","302060122000 ","元町","33.748028","135.363309","0","1"
"30","和歌山県","30206","田辺市","302060072000 ","原","33.668199","135.615975","0","1"
"30","和歌山県","30206","田辺市","302060080000 ","古屋","33.672225","135.564737","0","1"
"30","和歌山県","30206","田辺市","302060079000 ","古尾","33.736467","135.372493","0","1"
"30","和歌山県","30206","田辺市","302060022000 ","五味","33.673560","135.634486","0","1"
"30","和歌山県","30206","田辺市","302060118000 ","向山","33.703967","135.572936","0","1"
"30","和歌山県","30206","田辺市","302060008000 ","江川","33.731154","135.369927","0","1"
"30","和歌山県","30206","田辺市","302060143001 ","高雄一丁目","33.736125","135.377794","0","3"
"30","和歌山県","30206","田辺市","302060143002 ","高雄二丁目","33.736657","135.382772","0","3"
"30","和歌山県","30206","田辺市","302060143003 ","高雄三丁目","33.738779","135.385221","0","3"
"30","和歌山県","30206","田辺市","302060020000 ","合川","33.689079","135.574112","0","1"
"30","和歌山県","30206","田辺市","302060004000 ","今福町","33.732674","135.378656","0","1"
"30","和歌山県","30206","田辺市","302060024000 ","紺屋町","33.734799","135.374564","0","1"
"30","和歌山県","30206","田辺市","302060026000 ","佐田","33.666663","135.563327","0","1"
"30","和歌山県","30206","田辺市","302060001000 ","秋津川","33.809853","135.428270","0","1"
"30","和歌山県","30206","田辺市","302060147000 ","秋津町","33.751341","135.393956","0","1"
"30","和歌山県","30206","田辺市","302060021000 ","小谷","33.695289","135.538537","0","1"
"30","和歌山県","30206","田辺市","302060007001 ","上の山一丁目","33.740452","135.365611","0","3"
"30","和歌山県","30206","田辺市","302060007002 ","上の山二丁目","33.734286","135.365308","0","3"
"30","和歌山県","30206","田辺市","302060016001 ","上屋敷一丁目","33.731927","135.374666","0","3"
"30","和歌山県","30206","田辺市","302060016002 ","上屋敷二丁目","33.729495","135.375744","0","3"
"30","和歌山県","30206","田辺市","302060016003 ","上屋敷三丁目","33.728963","135.373701","0","3"
"30","和歌山県","30206","田辺市","302060015000 ","上三栖","33.755153","135.442889","0","1"
"30","和歌山県","30206","田辺市","302060012000 ","上秋津","33.769410","135.410914","0","1"
"30","和歌山県","30206","田辺市","302060013000 ","上芳養","33.811392","135.383455","0","1"
"30","和歌山県","30206","田辺市","302060014000 ","上万呂","33.739614","135.416535","0","1"
"30","和歌山県","30206","田辺市","302060006000 ","上野","33.762338","135.461861","0","1"
"30","和歌山県","30206","田辺市","302060033000 ","城山台","33.726950","135.427118","0","1"
"30","和歌山県","30206","田辺市","302060035000 ","新屋敷町","33.727531","135.379573","0","1"
"30","和歌山県","30206","田辺市","302060149000 ","新庄町","33.709777","135.401535","0","1"
"30","和歌山県","30206","田辺市","302060034000 ","新万","33.733945","135.397525","0","1"
"30","和歌山県","30206","田辺市","302060076000 ","深谷","33.712354","135.543401","0","1"
"30","和歌山県","30206","田辺市","302060115001 ","神子浜一丁目","33.726001","135.387351","0","3"
"30","和歌山県","30206","田辺市","302060115002 ","神子浜二丁目","33.722330","135.386198","0","3"
"30","和歌山県","30206","田辺市","302060148000 ","神島台","33.705961","135.403703","0","1"
"30","和歌山県","30206","田辺市","302060069000 ","西大谷","33.717458","135.578258","0","1"
"30","和歌山県","30206","田辺市","302060009000 ","扇ヶ浜","33.723955","135.379107","0","1"
"30","和歌山県","30206","田辺市","302060038000 ","谷野口","33.670368","135.579622","0","1"
"30","和歌山県","30206","田辺市","302060037000 ","竹ノ平","33.693873","135.559434","0","1"
"30","和歌山県","30206","田辺市","302060043000 ","中ノ俣","33.662512","135.567906","0","1"
"30","和歌山県","30206","田辺市","302060068000 ","中屋敷町","33.730643","135.378046","0","1"
"30","和歌山県","30206","田辺市","302060067000 ","中三栖","33.744279","135.435283","0","1"
"30","和歌山県","30206","田辺市","302060059000 ","中辺路町温川","33.835074","135.520020","0","1"
"30","和歌山県","30206","田辺市","302060056000 ","中辺路町近露","33.827765","135.603430","0","1"
"30","和歌山県","30206","田辺市","302060050000 ","中辺路町熊野川","33.807825","135.490300","0","1"
"30","和歌山県","30206","田辺市","302060051000 ","中辺路町栗栖川","33.788191","135.513800","0","1"
"30","和歌山県","30206","田辺市","302060055000 ","中辺路町高原","33.788453","135.534774","0","1"
"30","和歌山県","30206","田辺市","302060052000 ","中辺路町小皆","33.794447","135.499160","0","1"
"30","和歌山県","30206","田辺市","302060053000 ","中辺路町小松原","33.852210","135.542086","0","1"
"30","和歌山県","30206","田辺市","302060064000 ","中辺路町真砂","33.762169","135.496933","0","1"
"30","和歌山県","30206","田辺市","302060065000 ","中辺路町水上","33.841612","135.477975","0","1"
"30","和歌山県","30206","田辺市","302060058000 ","中辺路町西谷","33.773020","135.477908","0","1"
"30","和歌山県","30206","田辺市","302060045000 ","中辺路町石船","33.769464","135.527773","0","1"
"30","和歌山県","30206","田辺市","302060049000 ","中辺路町川合","33.805987","135.521648","0","1"
"30","和歌山県","30206","田辺市","302060048000 ","中辺路町大川","33.819148","135.544047","0","1"
"30","和歌山県","30206","田辺市","302060047000 ","中辺路町大内川","33.785465","135.565005","0","1"
"30","和歌山県","30206","田辺市","302060057000 ","中辺路町道湯川","33.839107","135.676583","0","1"
"30","和歌山県","30206","田辺市","302060046000 ","中辺路町内井川","33.841802","135.505099","0","1"
"30","和歌山県","30206","田辺市","302060062000 ","中辺路町福定","33.833518","135.568478","0","1"
"30","和歌山県","30206","田辺市","302060061000 ","中辺路町兵生","33.863762","135.587914","0","1"
"30","和歌山県","30206","田辺市","302060063000 ","中辺路町北郡","33.758115","135.508145","0","1"
"30","和歌山県","30206","田辺市","302060060000 ","中辺路町野中","33.835511","135.637282","0","1"
"30","和歌山県","30206","田辺市","302060054000 ","中辺路町澤","33.820865","135.492225","0","1"
"30","和歌山県","30206","田辺市","302060044000 ","中芳養","33.786037","135.356819","0","1"
"30","和歌山県","30206","田辺市","302060066000 ","中万呂","33.741315","135.407297","0","1"
"30","和歌山県","30206","田辺市","302060140000 ","朝日ヶ丘","33.734506","135.389618","1","1"
"30","和歌山県","30206","田辺市","302060041000 ","長瀬","33.656356","135.608321","0","1"
"30","和歌山県","30206","田辺市","302060042000 ","長野","33.769733","135.444923","0","1"
"30","和歌山県","30206","田辺市","302060039000 ","天神崎","33.731008","135.359465","0","1"
"30","和歌山県","30206","田辺市","302060074001 ","東山一丁目","33.728411","135.391127","0","3"
"30","和歌山県","30206","田辺市","302060074002 ","東山二丁目","33.724212","135.394316","0","3"
"30","和歌山県","30206","田辺市","302060073000 ","東伏菟野","33.660157","135.619403","0","1"
"30","和歌山県","30206","田辺市","302060040000 ","東陽","33.727478","135.383983","0","1"
"30","和歌山県","30206","田辺市","302060116000 ","南新町","33.732013","135.379987","0","1"
"30","和歌山県","30206","田辺市","302060117000 ","南新万","33.730733","135.396798","0","1"
"30","和歌山県","30206","田辺市","302060078000 ","伏菟野","33.800633","135.459873","0","1"
"30","和歌山県","30206","田辺市","302060077000 ","福路町","33.733239","135.377828","0","1"
"30","和歌山県","30206","田辺市","302060123001 ","文里一丁目","33.719216","135.391559","0","3"
"30","和歌山県","30206","田辺市","302060123002 ","文里二丁目","33.719369","135.387138","0","3"
"30","和歌山県","30206","田辺市","302060075000 ","平瀬","33.773767","135.591845","0","1"
"30","和歌山県","30206","田辺市","302060011000 ","片町","33.732824","135.372423","0","1"
"30","和歌山県","30206","田辺市","302060142000 ","宝来町","33.735139","135.388180","1","1"
"30","和歌山県","30206","田辺市","302060071001 ","芳養松原一丁目","33.744083","135.354695","0","3"
"30","和歌山県","30206","田辺市","302060071002 ","芳養松原二丁目","33.746626","135.357460","0","3"
"30","和歌山県","30206","田辺市","302060070000 ","芳養町","33.755709","135.351218","3","1"
"30","和歌山県","30206","田辺市","302060017000 ","北新町","33.733996","135.379693","0","1"
"30","和歌山県","30206","田辺市","302060081000 ","本宮町一本松","33.851903","135.752241","0","1"
"30","和歌山県","30206","田辺市","302060094000 ","本宮町下湯川","33.824537","135.753452","0","1"
"30","和歌山県","30206","田辺市","302060108000 ","本宮町皆瀬川","33.796395","135.797721","0","1"
"30","和歌山県","30206","田辺市","302060109000 ","本宮町皆地","33.814167","135.725642","0","1"
"30","和歌山県","30206","田辺市","302060090000 ","本宮町久保野","33.838043","135.733722","0","1"
"30","和歌山県","30206","田辺市","302060106000 ","本宮町曲川","33.820863","135.736577","0","1"
"30","和歌山県","30206","田辺市","302060095000 ","本宮町高山","33.839355","135.788053","0","1"
"30","和歌山県","30206","田辺市","302060107000 ","本宮町三越","33.871976","135.698687","0","1"
"30","和歌山県","30206","田辺市","302060111000 ","本宮町耳打","33.819008","135.777258","0","1"
"30","和歌山県","30206","田辺市","302060091000 ","本宮町小々森","33.809471","135.738946","0","1"
"30","和歌山県","30206","田辺市","302060092000 ","本宮町小津荷","33.835984","135.798902","0","1"
"30","和歌山県","30206","田辺市","302060087000 ","本宮町上切原","33.874921","135.787365","0","1"
"30","和歌山県","30206","田辺市","302060086000 ","本宮町上大野","33.802865","135.760019","0","1"
"30","和歌山県","30206","田辺市","302060082000 ","本宮町請川","33.812319","135.800216","0","1"
"30","和歌山県","30206","田辺市","302060093000 ","本宮町静川","33.765416","135.723845","0","1"
"30","和歌山県","30206","田辺市","302060089000 ","本宮町切畑","33.885165","135.746970","0","1"
"30","和歌山県","30206","田辺市","302060088000 ","本宮町川湯","33.811613","135.775784","0","1"
"30","和歌山県","30206","田辺市","302060083000 ","本宮町大居","33.856420","135.774002","0","1"
"30","和歌山県","30206","田辺市","302060084000 ","本宮町大瀬","33.814677","135.672033","0","1"
"30","和歌山県","30206","田辺市","302060085000 ","本宮町大津荷","33.821553","135.804341","0","1"
"30","和歌山県","30206","田辺市","302060097000 ","本宮町津荷谷","33.814201","135.819183","0","1"
"30","和歌山県","30206","田辺市","302060096000 ","本宮町田代","33.805788","135.769032","0","1"
"30","和歌山県","30206","田辺市","302060113000 ","本宮町渡瀬","33.819362","135.764343","0","1"
"30","和歌山県","30206","田辺市","302060098000 ","本宮町土河屋","33.882333","135.767715","0","1"
"30","和歌山県","30206","田辺市","302060100000 ","本宮町東和田","33.805162","135.747201","0","1"
"30","和歌山県","30206","田辺市","302060112000 ","本宮町湯峯","33.834039","135.754361","0","1"
"30","和歌山県","30206","田辺市","302060103000 ","本宮町武住","33.819809","135.706530","0","1"
"30","和歌山県","30206","田辺市","302060102000 ","本宮町伏拝","33.866236","135.754684","0","1"
"30","和歌山県","30206","田辺市","302060104000 ","本宮町平治川","33.838025","135.710821","0","1"
"30","和歌山県","30206","田辺市","302060105000 ","本宮町本宮","33.836955","135.770550","0","1"
"30","和歌山県","30206","田辺市","302060110000 ","本宮町蓑尾谷","33.779479","135.786802","0","1"
"30","和歌山県","30206","田辺市","302060099000 ","本宮町野竹","33.792369","135.694406","0","1"
"30","和歌山県","30206","田辺市","302060101000 ","本宮町檜葉","33.814710","135.750240","0","1"
"30","和歌山県","30206","田辺市","302060114000 ","本町","33.733604","135.375202","0","1"
"30","和歌山県","30206","田辺市","302060036000 ","末広町","33.725195","135.380691","0","1"
"30","和歌山県","30206","田辺市","302060144000 ","湊","33.732031","135.384037","0","1"
"30","和歌山県","30206","田辺市","302060119001 ","明洋一丁目","33.738381","135.360493","0","3"
"30","和歌山県","30206","田辺市","302060119002 ","明洋二丁目","33.741671","135.359949","0","3"
"30","和歌山県","30206","田辺市","302060119003 ","明洋三丁目","33.744686","135.361431","0","3"
"30","和歌山県","30206","田辺市","302060121000 ","面川","33.690232","135.596727","0","1"
"30","和歌山県","30206","田辺市","302060023000 ","木守","33.708570","135.660490","0","1"
"30","和歌山県","30206","田辺市","302060120000 ","目良","33.734177","135.354984","0","1"
"30","和歌山県","30206","田辺市","302060135000 ","龍神村安井","33.888439","135.480322","0","1"
"30","和歌山県","30206","田辺市","302060134000 ","龍神村宮代","33.926168","135.488598","0","1"
"30","和歌山県","30206","田辺市","302060125000 ","龍神村甲斐ノ川","33.912891","135.440881","0","1"
"30","和歌山県","30206","田辺市","302060133000 ","龍神村三ツ又","33.916029","135.566495","0","1"
"30","和歌山県","30206","田辺市","302060124000 ","龍神村小家","33.925433","135.412372","0","1"
"30","和歌山県","30206","田辺市","302060126000 ","龍神村小又川","33.969780","135.607133","0","1"
"30","和歌山県","30206","田辺市","302060128000 ","龍神村西","33.898339","135.484793","0","1"
"30","和歌山県","30206","田辺市","302060129000 ","龍神村丹生ノ川","33.919067","135.596597","0","1"
"30","和歌山県","30206","田辺市","302060127000 ","龍神村殿原","33.893853","135.536003","0","1"
"30","和歌山県","30206","田辺市","302060130000 ","龍神村東","33.886593","135.505714","0","1"
"30","和歌山県","30206","田辺市","302060137000 ","龍神村湯ノ又","33.951007","135.551356","0","1"
"30","和歌山県","30206","田辺市","302060132000 ","龍神村福井","33.891631","135.442187","0","1"
"30","和歌山県","30206","田辺市","302060136000 ","龍神村柳瀬","33.873055","135.456024","0","1"
"30","和歌山県","30206","田辺市","302060138000 ","龍神村龍神","34.010523","135.566830","0","1"
"30","和歌山県","30206","田辺市","302060131000 ","龍神村廣井原","33.936551","135.534718","0","1"
"30","和歌山県","30206","田辺市","302060139000 ","和田","33.782380","135.632779","0","1"
"30","和歌山県","30207","新宮市","302070002000 ","あけぼの","33.724514","136.006452","0","1"
"30","和歌山県","30207","新宮市","302070003001 ","阿須賀一丁目","33.729275","135.997968","0","3"
"30","和歌山県","30207","新宮市","302070003002 ","阿須賀二丁目","33.727356","135.997074","0","3"
"30","和歌山県","30207","新宮市","302070005001 ","伊佐田町一丁目","33.728543","135.993796","0","3"
"30","和歌山県","30207","新宮市","302070005002 ","伊佐田町二丁目","33.727409","135.993757","0","3"
"30","和歌山県","30207","新宮市","302070006000 ","井の沢","33.723330","135.990443","0","1"
"30","和歌山県","30207","新宮市","302070066001 ","横町一丁目","33.728886","135.987473","0","3"
"30","和歌山県","30207","新宮市","302070066002 ","横町二丁目","33.728648","135.988455","0","3"
"30","和歌山県","30207","新宮市","302070011001 ","王子町一丁目","33.717486","136.000942","0","3"
"30","和歌山県","30207","新宮市","302070011002 ","王子町二丁目","33.718883","136.002603","0","3"
"30","和歌山県","30207","新宮市","302070011003 ","王子町三丁目","33.718698","136.005549","0","3"
"30","和歌山県","30207","新宮市","302070043001 ","下田一丁目","33.719854","135.994855","0","3"
"30","和歌山県","30207","新宮市","302070043002 ","下田二丁目","33.716729","135.991648","0","3"
"30","和歌山県","30207","新宮市","302070043003 ","下田三丁目","33.716122","135.993732","0","3"
"30","和歌山県","30207","新宮市","302070044001 ","下本町一丁目","33.730428","135.987999","0","3"
"30","和歌山県","30207","新宮市","302070044002 ","下本町二丁目","33.731402","135.989727","0","3"
"30","和歌山県","30207","新宮市","302070059000 ","丸山","33.722801","135.996600","0","1"
"30","和歌山県","30207","新宮市","302070054001 ","橋本一丁目","33.716055","135.986497","0","3"
"30","和歌山県","30207","新宮市","302070054002 ","橋本二丁目","33.715796","135.989302","0","3"
"30","和歌山県","30207","新宮市","302070021000 ","熊野川町鎌塚","33.736400","135.822243","0","1"
"30","和歌山県","30207","新宮市","302070036000 ","熊野川町宮井","33.832125","135.849620","0","1"
"30","和歌山県","30207","新宮市","302070029000 ","熊野川町玉置口","33.900675","135.870987","0","1"
"30","和歌山県","30207","新宮市","302070023000 ","熊野川町九重","33.873165","135.846675","0","1"
"30","和歌山県","30207","新宮市","302070025000 ","熊野川町四瀧","33.858873","135.839140","0","1"
"30","和歌山県","30207","新宮市","302070024000 ","熊野川町篠尾","33.884060","135.821663","0","1"
"30","和歌山県","30207","新宮市","302070022000 ","熊野川町上長井","33.765683","135.848378","0","1"
"30","和歌山県","30207","新宮市","302070019000 ","熊野川町畝畑","33.735375","135.769802","0","1"
"30","和歌山県","30207","新宮市","302070030000 ","熊野川町西","33.761780","135.818398","0","1"
"30","和歌山県","30207","新宮市","302070031000 ","熊野川町西敷屋","33.853159","135.806733","0","1"
"30","和歌山県","30207","新宮市","302070018000 ","熊野川町赤木","33.773704","135.853564","0","1"
"30","和歌山県","30207","新宮市","302070017000 ","熊野川町相須","33.844725","135.835775","0","1"
"30","和歌山県","30207","新宮市","302070020000 ","熊野川町大山","33.742782","135.848522","0","1"
"30","和歌山県","30207","新宮市","302070027000 ","熊野川町瀧本","33.712914","135.820867","0","1"
"30","和歌山県","30207","新宮市","302070028000 ","熊野川町田長","33.772225","135.877456","0","1"
"30","和歌山県","30207","新宮市","302070026000 ","熊野川町嶋津","33.877992","135.890328","0","1"
"30","和歌山県","30207","新宮市","302070033000 ","熊野川町東","33.740576","135.864099","0","1"
"30","和歌山県","30207","新宮市","302070034000 ","熊野川町東敷屋","33.829254","135.822587","0","1"
"30","和歌山県","30207","新宮市","302070035000 ","熊野川町日足","33.808156","135.851610","0","1"
"30","和歌山県","30207","新宮市","302070032000 ","熊野川町能城山本","33.791797","135.874700","0","1"
"30","和歌山県","30207","新宮市","302070037000 ","熊野川町椋井","33.788602","135.841899","0","1"
"30","和歌山県","30207","新宮市","302070038001 ","熊野地一丁目","33.724335","136.000487","0","3"
"30","和歌山県","30207","新宮市","302070038002 ","熊野地二丁目","33.721860","136.002659","0","3"
"30","和歌山県","30207","新宮市","302070064001 ","元鍛治町一丁目","33.730671","135.984550","0","3"
"30","和歌山県","30207","新宮市","302070064002 ","元鍛治町二丁目","33.730352","135.985912","0","3"
"30","和歌山県","30207","新宮市","302070039000 ","五新","33.718435","135.983899","0","1"
"30","和歌山県","30207","新宮市","302070048000 ","高田","33.730055","135.894667","0","1"
"30","和歌山県","30207","新宮市","302070068001","鴻田一丁目","33.711422","135.987155","1","3"
"30","和歌山県","30207","新宮市","302070068002","鴻田二丁目","33.710722","135.988866","1","3"
"30","和歌山県","30207","新宮市","302070068003","鴻田三丁目","33.708086","135.984826","1","3"
"30","和歌山県","30207","新宮市","302070068004","鴻田四丁目","33.712734","135.986314","1","3"
"30","和歌山県","30207","新宮市","302070040000 ","佐野","33.697068","135.956791","0","1"
"30","和歌山県","30207","新宮市","302070041001 ","佐野一丁目","33.683155","135.976337","0","3"
"30","和歌山県","30207","新宮市","302070041002 ","佐野二丁目","33.680508","135.972780","0","3"
"30","和歌山県","30207","新宮市","302070041003 ","佐野三丁目","33.675969","135.969880","0","3"
"30","和歌山県","30207","新宮市","302070062000 ","三輪崎","33.697835","135.984472","0","1"
"30","和歌山県","30207","新宮市","302070063001 ","三輪崎一丁目","33.687315","135.985619","0","3"
"30","和歌山県","30207","新宮市","302070063002 ","三輪崎二丁目","33.686236","135.983685","0","3"
"30","和歌山県","30207","新宮市","302070063003 ","三輪崎三丁目","33.685051","135.979662","0","3"
"30","和歌山県","30207","新宮市","302070013000 ","春日","33.725609","135.992604","0","1"
"30","和歌山県","30207","新宮市","302070045001 ","徐福一丁目","33.726133","135.994631","0","3"
"30","和歌山県","30207","新宮市","302070045002 ","徐福二丁目","33.723615","135.995047","0","3"
"30","和歌山県","30207","新宮市","302070015001 ","上本町一丁目","33.731251","135.984901","0","3"
"30","和歌山県","30207","新宮市","302070015002 ","上本町二丁目","33.730961","135.986148","0","3"
"30","和歌山県","30207","新宮市","302070046000 ","新宮","33.710283","135.989040","1","1"
"30","和歌山県","30207","新宮市","302070047001 ","新町一丁目","33.729922","135.987832","0","3"
"30","和歌山県","30207","新宮市","302070047002 ","新町二丁目","33.729493","135.988920","0","3"
"30","和歌山県","30207","新宮市","302070047003 ","新町三丁目","33.729078","135.990092","0","3"
"30","和歌山県","30207","新宮市","302070014001 ","神倉一丁目","33.723041","135.985127","0","3"
"30","和歌山県","30207","新宮市","302070014002 ","神倉二丁目","33.723072","135.987765","0","3"
"30","和歌山県","30207","新宮市","302070014003 ","神倉三丁目","33.720430","135.985480","0","3"
"30","和歌山県","30207","新宮市","302070014004 ","神倉四丁目","33.720478","135.987649","0","3"
"30","和歌山県","30207","新宮市","302070042001 ","清水元一丁目","33.719155","135.997401","0","3"
"30","和歌山県","30207","新宮市","302070042002 ","清水元二丁目","33.716644","135.999150","0","3"
"30","和歌山県","30207","新宮市","302070051001 ","千穂一丁目","33.725667","135.985314","0","3"
"30","和歌山県","30207","新宮市","302070051002 ","千穂二丁目","33.726335","135.988145","0","3"
"30","和歌山県","30207","新宮市","302070051003 ","千穂三丁目","33.724782","135.988713","0","3"
"30","和歌山県","30207","新宮市","302070056001 ","船町一丁目","33.733635","135.985466","0","3"
"30","和歌山県","30207","新宮市","302070056002 ","船町二丁目","33.733074","135.986716","0","3"
"30","和歌山県","30207","新宮市","302070056003 ","船町三丁目","33.732356","135.988586","0","3"
"30","和歌山県","30207","新宮市","302070010000 ","相賀","33.733821","135.932430","0","1"
"30","和歌山県","30207","新宮市","302070001001 ","相筋一丁目","33.732571","135.982393","0","3"
"30","和歌山県","30207","新宮市","302070001002 ","相筋二丁目","33.734335","135.979348","0","3"
"30","和歌山県","30207","新宮市","302070012001 ","大橋通一丁目","33.732753","135.987712","0","3"
"30","和歌山県","30207","新宮市","302070012002 ","大橋通二丁目","33.730132","135.986893","0","3"
"30","和歌山県","30207","新宮市","302070012003 ","大橋通三丁目","33.729057","135.986789","0","3"
"30","和歌山県","30207","新宮市","302070012004 ","大橋通四丁目","33.727931","135.986570","0","3"
"30","和歌山県","30207","新宮市","302070050000 ","谷王子町","33.727641","135.989395","0","1"
"30","和歌山県","30207","新宮市","302070067001 ","丹鶴一丁目","33.727915","135.992563","1","3"
"30","和歌山県","30207","新宮市","302070067002 ","丹鶴二丁目","33.728230","135.991298","1","3"
"30","和歌山県","30207","新宮市","302070067003 ","丹鶴三丁目","33.730742","135.992039","1","3"
"30","和歌山県","30207","新宮市","302070004001 ","池田一丁目","33.730156","135.994846","0","3"
"30","和歌山県","30207","新宮市","302070004002 ","池田二丁目","33.727959","135.995450","0","3"
"30","和歌山県","30207","新宮市","302070004003 ","池田三丁目","33.727333","135.995288","0","3"
"30","和歌山県","30207","新宮市","302070052001 ","仲之町一丁目","33.729430","135.987575","0","3"
"30","和歌山県","30207","新宮市","302070052002 ","仲之町二丁目","33.729131","135.988516","0","3"
"30","和歌山県","30207","新宮市","302070052003 ","仲之町三丁目","33.728672","135.989521","0","3"
"30","和歌山県","30207","新宮市","302070049001 ","田鶴原町一丁目","33.721731","135.998553","0","3"
"30","和歌山県","30207","新宮市","302070049002 ","田鶴原町二丁目","33.720202","135.999624","0","3"
"30","和歌山県","30207","新宮市","302070061000 ","南檜杖","33.718326","135.962074","0","1"
"30","和歌山県","30207","新宮市","302070009001 ","馬町一丁目","33.728063","135.985831","0","3"
"30","和歌山県","30207","新宮市","302070009002 ","馬町二丁目","33.727945","135.987423","0","3"
"30","和歌山県","30207","新宮市","302070007000 ","磐盾","33.720452","135.981839","0","1"
"30","和歌山県","30207","新宮市","302070008000 ","浮島","33.725755","135.990566","0","1"
"30","和歌山県","30207","新宮市","302070057000 ","別当屋敷町","33.728704","135.985505","0","1"
"30","和歌山県","30207","新宮市","302070058001 ","蓬莱一丁目","33.727193","135.999965","0","3"
"30","和歌山県","30207","新宮市","302070058002 ","蓬莱二丁目","33.725742","135.997491","0","3"
"30","和歌山県","30207","新宮市","302070058003 ","蓬莱三丁目","33.723838","135.998265","0","3"
"30","和歌山県","30207","新宮市","302070055000 ","蜂伏","33.684158","135.962667","0","1"
"30","和歌山県","30207","新宮市","302070016000 ","木ノ川","33.686593","135.946234","0","1"
"30","和歌山県","30207","新宮市","302070053000 ","野田","33.723008","135.993147","0","1"
"30","和歌山県","30207","新宮市","302070065000 ","薬師町","33.729530","135.985413","0","1"
"30","和歌山県","30207","新宮市","302070060001 ","緑ケ丘一丁目","33.720024","135.992348","0","3"
"30","和歌山県","30207","新宮市","302070060002 ","緑ケ丘二丁目","33.720320","135.989667","0","3"
"30","和歌山県","30207","新宮市","302070060003 ","緑ケ丘三丁目","33.718223","135.989830","0","3"
"30","和歌山県","30208","紀の川市","302080001000","赤尾","34.272057","135.377907","0","1"
"30","和歌山県","30208","紀の川市","302080002000","赤沼田","34.256198","135.458421","0","1"
"30","和歌山県","30208","紀の川市","302080003000","穴伏","34.276699","135.445287","0","1"
"30","和歌山県","30208","紀の川市","302080004000","荒見","34.251833","135.420394","0","1"
"30","和歌山県","30208","紀の川市","302080005000","池田新","34.281948","135.366969","0","1"
"30","和歌山県","30208","紀の川市","302080006000","井田","34.268260","135.416070","0","1"
"30","和歌山県","30208","紀の川市","302080007000","猪垣","34.281816","135.397184","0","1"
"30","和歌山県","30208","紀の川市","302080008000","今畑","34.320044","135.339879","0","1"
"30","和歌山県","30208","紀の川市","302080009000","上野","34.259897","135.361471","0","1"
"30","和歌山県","30208","紀の川市","302080010000","打田","34.261860","135.370517","0","1"
"30","和歌山県","30208","紀の川市","302080011000","馬宿","34.284423","135.431750","0","1"
"30","和歌山県","30208","紀の川市","302080012000","江川中","34.290260","135.441472","0","1"
"30","和歌山県","30208","紀の川市","302080013000","王子","34.272933","135.425900","0","1"
"30","和歌山県","30208","紀の川市","302080014000","麻生津中","34.255647","135.445673","0","1"
"30","和歌山県","30208","紀の川市","302080015000","尾崎","34.262961","135.351147","0","1"
"30","和歌山県","30208","紀の川市","302080016000","遠方","34.250262","135.385273","0","1"
"30","和歌山県","30208","紀の川市","302080017000","風市","34.256181","135.392030","0","1"
"30","和歌山県","30208","紀の川市","302080018000","勝神","34.244385","135.399139","0","1"
"30","和歌山県","30208","紀の川市","302080019000","上鞆渕","34.231630","135.474862","0","1"
"30","和歌山県","30208","紀の川市","302080020000","上丹生谷","34.298407","135.422874","0","1"
"30","和歌山県","30208","紀の川市","302080021000","貴志川町尼寺","34.229710","135.306962","0","1"
"30","和歌山県","30208","紀の川市","302080022000","貴志川町井ノ口","34.200003","135.317594","0","1"
"30","和歌山県","30208","紀の川市","302080023000","貴志川町上野山","34.217971","135.310125","0","1"
"30","和歌山県","30208","紀の川市","302080024000","貴志川町岸小野","34.206688","135.328616","0","1"
"30","和歌山県","30208","紀の川市","302080025000","貴志川町岸宮","34.223849","135.297064","0","1"
"30","和歌山県","30208","紀の川市","302080026000","貴志川町北","34.213213","135.331229","0","1"
"30","和歌山県","30208","紀の川市","302080027000","貴志川町北山","34.231537","135.317058","0","1"
"30","和歌山県","30208","紀の川市","302080028000","貴志川町国主","34.205226","135.309419","0","1"
"30","和歌山県","30208","紀の川市","302080029000","貴志川町神戸","34.212941","135.314775","0","1"
"30","和歌山県","30208","紀の川市","302080030000","貴志川町高尾","34.197618","135.334273","0","1"
"30","和歌山県","30208","紀の川市","302080031000","貴志川町鳥居","34.220261","135.306383","0","1"
"30","和歌山県","30208","紀の川市","302080032000","貴志川町長原","34.207341","135.301474","0","1"
"30","和歌山県","30208","紀の川市","302080033000","貴志川町長山","34.208578","135.288127","0","1"
"30","和歌山県","30208","紀の川市","302080034000","貴志川町西山","34.221422","135.282702","0","1"
"30","和歌山県","30208","紀の川市","302080035000","貴志川町前田","34.224320","135.320448","0","1"
"30","和歌山県","30208","紀の川市","302080036000","貴志川町丸栖","34.235425","135.328633","0","1"
"30","和歌山県","30208","紀の川市","302080037000","北大井","34.274078","135.362441","0","1"
"30","和歌山県","30208","紀の川市","302080038000","北志野","34.298628","135.389335","0","1"
"30","和歌山県","30208","紀の川市","302080039000","北勢田","34.288838","135.377766","0","1"
"30","和歌山県","30208","紀の川市","302080040000","北中","34.286130","135.360962","0","1"
"30","和歌山県","30208","紀の川市","302080041000","北長田","34.286515","135.390346","0","1"
"30","和歌山県","30208","紀の川市","302080042000","北涌","34.271621","135.449363","0","1"
"30","和歌山県","30208","紀の川市","302080043000","切畑","34.319182","135.439404","0","1"
"30","和歌山県","30208","紀の川市","302080044000","窪","34.254178","135.369861","0","1"
"30","和歌山県","30208","紀の川市","302080045000","久留壁","34.267204","135.366698","0","1"
"30","和歌山県","30208","紀の川市","302080046000","黒土","34.232730","135.410214","0","1"
"30","和歌山県","30208","紀の川市","302080047000","花野","34.260431","135.355512","0","1"
"30","和歌山県","30208","紀の川市","302080048000","上田井","34.264792","135.383523","0","1"
"30","和歌山県","30208","紀の川市","302080049000","粉河","34.283306","135.410769","0","1"
"30","和歌山県","30208","紀の川市","302080050000","重行","34.294728","135.375145","0","1"
"30","和歌山県","30208","紀の川市","302080051000","嶋","34.262917","135.391470","0","1"
"30","和歌山県","30208","紀の川市","302080052000","下井阪","34.256298","135.340448","0","1"
"30","和歌山県","30208","紀の川市","302080053000","下鞆渕","34.218733","135.431574","0","1"
"30","和歌山県","30208","紀の川市","302080054000","下丹生谷","34.282505","135.424431","0","1"
"30","和歌山県","30208","紀の川市","302080055000","後田","34.267609","135.430653","0","1"
"30","和歌山県","30208","紀の川市","302080056000","神通","34.320144","135.379917","0","1"
"30","和歌山県","30208","紀の川市","302080057000","神領","34.286109","135.364724","0","1"
"30","和歌山県","30208","紀の川市","302080058000","杉原","34.250953","135.402822","0","1"
"30","和歌山県","30208","紀の川市","302080059000","高野","34.232358","135.373953","0","1"
"30","和歌山県","30208","紀の川市","302080060000","竹房","34.230066","135.364487","0","1"
"30","和歌山県","30208","紀の川市","302080061000","田中馬場","34.267470","135.354581","0","1"
"30","和歌山県","30208","紀の川市","302080062000","東毛","34.287539","135.404080","0","1"
"30","和歌山県","30208","紀の川市","302080063000","豊田","34.281733","135.353649","0","1"
"30","和歌山県","30208","紀の川市","302080064000","中井阪","34.258891","135.343634","0","1"
"30","和歌山県","30208","紀の川市","302080065000","長田中","34.278503","135.390043","0","1"
"30","和歌山県","30208","紀の川市","302080066000","中津川","34.316466","135.413831","0","1"
"30","和歌山県","30208","紀の川市","302080067000","中鞆渕","34.222325","135.452160","0","1"
"30","和歌山県","30208","紀の川市","302080068000","中畑","34.319515","135.358691","0","1"
"30","和歌山県","30208","紀の川市","302080069000","中三谷","34.287751","135.341180","0","1"
"30","和歌山県","30208","紀の川市","302080070000","中山","34.276781","135.397856","0","1"
"30","和歌山県","30208","紀の川市","302080071000","名手市場","34.276274","135.435548","0","1"
"30","和歌山県","30208","紀の川市","302080072000","名手上","34.312212","135.459425","0","1"
"30","和歌山県","30208","紀の川市","302080073000","名手下","34.294224","135.447675","0","1"
"30","和歌山県","30208","紀の川市","302080074000","名手西野","34.269118","135.437670","0","1"
"30","和歌山県","30208","紀の川市","302080075000","西井阪","34.259314","135.337513","0","1"
"30","和歌山県","30208","紀の川市","302080076000","西大井","34.268169","135.359973","0","1"
"30","和歌山県","30208","紀の川市","302080077000","西川原","34.308723","135.424870","0","1"
"30","和歌山県","30208","紀の川市","302080078000","西野山","34.283344","135.443108","0","1"
"30","和歌山県","30208","紀の川市","302080079000","西三谷","34.286478","135.337457","0","1"
"30","和歌山県","30208","紀の川市","302080080000","西山田","34.299699","135.358045","0","1"
"30","和歌山県","30208","紀の川市","302080081000","西脇","34.259469","135.435129","0","1"
"30","和歌山県","30208","紀の川市","302080082000","野上","34.294402","135.428887","0","1"
"30","和歌山県","30208","紀の川市","302080083000","登尾","34.291162","135.358063","0","1"
"30","和歌山県","30208","紀の川市","302080084000","畑野上","34.262649","135.347803","0","1"
"30","和歌山県","30208","紀の川市","302080085000","東大井","34.270405","135.368177","0","1"
"30","和歌山県","30208","紀の川市","302080086000","東川原","34.307673","135.434287","0","1"
"30","和歌山県","30208","紀の川市","302080087000","東国分","34.267086","135.343439","0","1"
"30","和歌山県","30208","紀の川市","302080088000","東野","34.270714","135.419403","0","1"
"30","和歌山県","30208","紀の川市","302080089000","東三谷","34.288320","135.345352","0","1"
"30","和歌山県","30208","紀の川市","302080090000","東山田","34.299456","135.368927","0","1"
"30","和歌山県","30208","紀の川市","302080091000","平野","34.313671","135.450470","0","1"
"30","和歌山県","30208","紀の川市","302080092000","広野","34.267709","135.377074","0","1"
"30","和歌山県","30208","紀の川市","302080093000","枇杷谷","34.290628","135.350965","0","1"
"30","和歌山県","30208","紀の川市","302080094000","深田","34.270360","135.394405","0","1"
"30","和歌山県","30208","紀の川市","302080095000","藤井","34.290734","135.397289","0","1"
"30","和歌山県","30208","紀の川市","302080096000","藤崎","34.267975","135.425105","0","1"
"30","和歌山県","30208","紀の川市","302080097000","古和田","34.272713","135.350265","0","1"
"30","和歌山県","30208","紀の川市","302080098000","別所","34.270365","135.389869","0","1"
"30","和歌山県","30208","紀の川市","302080099000","松井","34.264460","135.397157","0","1"
"30","和歌山県","30208","紀の川市","302080100000","南志野","34.277764","135.382835","0","1"
"30","和歌山県","30208","紀の川市","302080101000","南勢田","34.276151","135.373752","0","1"
"30","和歌山県","30208","紀の川市","302080102000","南中","34.278858","135.358259","0","1"
"30","和歌山県","30208","紀の川市","302080103000","桃山町市場","34.241738","135.345050","0","1"
"30","和歌山県","30208","紀の川市","302080104000","桃山町大原","34.219059","135.383407","0","1"
"30","和歌山県","30208","紀の川市","302080105000","桃山町垣内","34.190043","135.414500","0","1"
"30","和歌山県","30208","紀の川市","302080106000","桃山町黒川","34.217325","135.413667","0","1"
"30","和歌山県","30208","紀の川市","302080107000","桃山町神田","34.221277","135.362730","0","1"
"30","和歌山県","30208","紀の川市","302080108000","桃山町善田","34.219513","135.394895","0","1"
"30","和歌山県","30208","紀の川市","302080109000","桃山町段","34.248629","135.343446","0","1"
"30","和歌山県","30208","紀の川市","302080110000","桃山町段新田","34.248378","135.360883","0","1"
"30","和歌山県","30208","紀の川市","302080111000","桃山町調月","34.220109","135.332389","0","1"
"30","和歌山県","30208","紀の川市","302080112000","桃山町中畑","34.185993","135.445234","0","1"
"30","和歌山県","30208","紀の川市","302080113000","桃山町野田原","34.193450","135.389954","0","1"
"30","和歌山県","30208","紀の川市","302080114000","桃山町峯","34.195523","135.420869","0","1"
"30","和歌山県","30208","紀の川市","302080115000","桃山町最上","34.213924","135.352708","0","1"
"30","和歌山県","30208","紀の川市","302080116000","桃山町元","34.240042","135.354420","0","1"
"30","和歌山県","30208","紀の川市","302080117000","桃山町脇谷","34.200072","135.373137","0","1"
"30","和歌山県","30208","紀の川市","302080118000","横谷","34.263770","135.453250","0","1"
"30","和歌山県","30209","岩出市","302090001000","相谷","34.283355","135.285773","0","1"
"30","和歌山県","30209","岩出市","302090002000","赤垣内","34.269820","135.297057","0","1"
"30","和歌山県","30209","岩出市","302090003000","尼ケ辻","34.275568","135.304675","0","1"
"30","和歌山県","30209","岩出市","302090004000","安上","34.285733","135.298443","0","1"
"30","和歌山県","30209","岩出市","302090005000","荊本","34.264001","135.307984","0","1"
"30","和歌山県","30209","岩出市","302090006000","今中","34.272625","135.313600","0","1"
"30","和歌山県","30209","岩出市","302090007000","大町","34.259965","135.320335","0","1"
"30","和歌山県","30209","岩出市","302090008000","岡田","34.255285","135.330784","0","1"
"30","和歌山県","30209","岩出市","302090009000","押川","34.307263","135.318635","0","1"
"30","和歌山県","30209","岩出市","302090010000","金池","34.273917","135.292135","0","1"
"30","和歌山県","30209","岩出市","302090011000","金屋","34.264515","135.298614","0","1"
"30","和歌山県","30209","岩出市","302090012000","川尻","34.268403","135.312762","0","1"
"30","和歌山県","30209","岩出市","302090013000","紀泉台","34.283723","135.291362","0","1"
"30","和歌山県","30209","岩出市","302090014000","北大池","34.279451","135.325066","0","1"
"30","和歌山県","30209","岩出市","302090015000","境谷","34.305015","135.278643","0","1"
"30","和歌山県","30209","岩出市","302090016000","桜台","34.281428","135.317129","0","1"
"30","和歌山県","30209","岩出市","302090017000","清水","34.254672","135.318122","0","1"
"30","和歌山県","30209","岩出市","302090018000","新田広芝","34.273289","135.330197","0","1"
"30","和歌山県","30209","岩出市","302090019000","曽屋","34.268606","135.302093","0","1"
"30","和歌山県","30209","岩出市","302090020000","高瀬","34.257311","135.313727","0","1"
"30","和歌山県","30209","岩出市","302090021000","高塚","34.256374","135.322689","0","1"
"30","和歌山県","30209","岩出市","302090022000","中黒","34.268708","135.288232","0","1"
"30","和歌山県","30209","岩出市","302090023000","中島","34.259421","135.287031","0","1"
"30","和歌山県","30209","岩出市","302090024000","中迫","34.263849","135.316532","0","1"
"30","和歌山県","30209","岩出市","302090025000","西安上","34.278397","135.291533","0","1"
"30","和歌山県","30209","岩出市","302090026000","西国分","34.266930","135.333036","0","1"
"30","和歌山県","30209","岩出市","302090027000","西野","34.257300","135.307724","0","1"
"30","和歌山県","30209","岩出市","302090028000","根来","34.289898","135.317789","0","1"
"30","和歌山県","30209","岩出市","302090029000","野上野","34.274221","135.319790","0","1"
"30","和歌山県","30209","岩出市","302090030000","畑毛","34.260812","135.301559","0","1"
"30","和歌山県","30209","岩出市","302090031000","波分","34.273106","135.300348","0","1"
"30","和歌山県","30209","岩出市","302090032000","原","34.279631","135.290177","0","1"
"30","和歌山県","30209","岩出市","302090033000","東坂本","34.279195","135.329908","0","1"
"30","和歌山県","30209","岩出市","302090034000","備前","34.259933","135.311222","0","1"
"30","和歌山県","30209","岩出市","302090035000","船戸","34.248440","135.312229","0","1"
"30","和歌山県","30209","岩出市","302090036000","堀口","34.271797","135.305786","0","1"
"30","和歌山県","30209","岩出市","302090037000","水栖","34.268320","135.322947","0","1"
"30","和歌山県","30209","岩出市","302090038000","溝川","34.259747","135.325228","0","1"
"30","和歌山県","30209","岩出市","302090039000","南大池","34.272119","135.326074","0","1"
"30","和歌山県","30209","岩出市","302090040000","宮","34.255849","135.315503","0","1"
"30","和歌山県","30209","岩出市","302090041000","森","34.271541","135.309238","0","1"
"30","和歌山県","30209","岩出市","302090042000","山","34.281985","135.278834","0","1"
"30","和歌山県","30209","岩出市","302090043000","山崎","34.243928","135.318191","0","1"
"30","和歌山県","30209","岩出市","302090044000","山田","34.279535","135.319994","0","1"
"30","和歌山県","30209","岩出市","302090045000","湯窪","34.269660","135.293392","0","1"
"30","和歌山県","30209","岩出市","302090046000","吉田","34.264701","135.279166","0","1"
"30","和歌山県","30304","海草郡紀美野町","303040001000","赤木","34.131636","135.386920","0","1"
"30","和歌山県","30304","海草郡紀美野町","303040002000","上ケ井","34.123735","135.367823","0","1"
"30","和歌山県","30304","海草郡紀美野町","303040003000","井堰","34.172477","135.366538","0","1"
"30","和歌山県","30304","海草郡紀美野町","303040004000","今西","34.128103","135.409419","0","1"
"30","和歌山県","30304","海草郡紀美野町","303040005000","初生谷","34.161856","135.403229","0","1"
"30","和歌山県","30304","海草郡紀美野町","303040006000","梅本","34.119196","135.333533","0","1"
"30","和歌山県","30304","海草郡紀美野町","303040007000","円明寺","34.167373","135.418658","0","1"
"30","和歌山県","30304","海草郡紀美野町","303040008000","大角","34.147016","135.370113","0","1"
"30","和歌山県","30304","海草郡紀美野町","303040009000","奥佐々","34.128667","135.313187","0","1"
"30","和歌山県","30304","海草郡紀美野町","303040010000","勝谷","34.172610","135.436770","0","1"
"30","和歌山県","30304","海草郡紀美野町","303040011000","桂瀬","34.129178","135.397667","0","1"
"30","和歌山県","30304","海草郡紀美野町","303040012000","釜滝","34.168772","135.339209","0","1"
"30","和歌山県","30304","海草郡紀美野町","303040013000","鎌滝","34.139196","135.382329","0","1"
"30","和歌山県","30304","海草郡紀美野町","303040014000","北野","34.169820","135.405842","0","1"
"30","和歌山県","30304","海草郡紀美野町","303040015000","国木原","34.186448","135.344953","0","1"
"30","和歌山県","30304","海草郡紀美野町","303040016000","毛原上","34.171338","135.466516","0","1"
"30","和歌山県","30304","海草郡紀美野町","303040017000","毛原下","34.138058","135.445088","0","1"
"30","和歌山県","30304","海草郡紀美野町","303040018000","毛原中","34.149371","135.465844","0","1"
"30","和歌山県","30304","海草郡紀美野町","303040019000","毛原宮","34.163443","135.454871","0","1"
"30","和歌山県","30304","海草郡紀美野町","303040020000","神野市場","34.145775","135.352980","0","1"
"30","和歌山県","30304","海草郡紀美野町","303040021000","小西","34.149597","135.446667","0","1"
"30","和歌山県","30304","海草郡紀美野町","303040022000","坂本","34.125174","135.340581","0","1"
"30","和歌山県","30304","海草郡紀美野町","303040023000","柴目","34.173077","135.329004","0","1"
"30","和歌山県","30304","海草郡紀美野町","303040024000","下佐々","34.149931","135.313193","0","1"
"30","和歌山県","30304","海草郡紀美野町","303040025000","小畑","34.169844","135.301795","0","1"
"30","和歌山県","30304","海草郡紀美野町","303040026000","菅沢","34.138009","135.412776","0","1"
"30","和歌山県","30304","海草郡紀美野町","303040027000","田","34.138201","135.418331","0","1"
"30","和歌山県","30304","海草郡紀美野町","303040028000","高畑","34.138789","135.398636","0","1"
"30","和歌山県","30304","海草郡紀美野町","303040029000","滝ノ川","34.126213","135.432506","0","1"
"30","和歌山県","30304","海草郡紀美野町","303040030000","谷","34.155271","135.426542","0","1"
"30","和歌山県","30304","海草郡紀美野町","303040031000","津川","34.155221","135.376524","0","1"
"30","和歌山県","30304","海草郡紀美野町","303040032000","動木","34.164387","135.310046","0","1"
"30","和歌山県","30304","海草郡紀美野町","303040033000","中","34.135503","135.424211","0","1"
"30","和歌山県","30304","海草郡紀美野町","303040034000","中田","34.118648","135.318884","0","1"
"30","和歌山県","30304","海草郡紀美野町","303040035000","永谷","34.155357","135.356833","0","1"
"30","和歌山県","30304","海草郡紀美野町","303040036000","長谷","34.184520","135.325959","0","1"
"30","和歌山県","30304","海草郡紀美野町","303040037000","西野","34.175904","135.350195","0","1"
"30","和歌山県","30304","海草郡紀美野町","303040038000","野中","34.143018","135.349420","0","1"
"30","和歌山県","30304","海草郡紀美野町","303040039000","長谷宮","34.177706","135.490249","0","1"
"30","和歌山県","30304","海草郡紀美野町","303040040000","花野原","34.175222","135.398948","0","1"
"30","和歌山県","30304","海草郡紀美野町","303040041000","東野","34.174489","135.360053","0","1"
"30","和歌山県","30304","海草郡紀美野町","303040042000","樋下","34.140236","135.358871","0","1"
"30","和歌山県","30304","海草郡紀美野町","303040043000","福井","34.145685","135.326425","0","1"
"30","和歌山県","30304","海草郡紀美野町","303040044000","福田","34.154439","135.342631","0","1"
"30","和歌山県","30304","海草郡紀美野町","303040045000","真国宮","34.173129","135.379361","0","1"
"30","和歌山県","30304","海草郡紀美野町","303040046000","松ケ峯","34.139158","135.406171","0","1"
"30","和歌山県","30304","海草郡紀美野町","303040047000","松瀬","34.161862","135.340109","0","1"
"30","和歌山県","30304","海草郡紀美野町","303040048000","三尾川","34.133615","135.373363","0","1"
"30","和歌山県","30304","海草郡紀美野町","303040049000","南畑","34.132112","135.347361","0","1"
"30","和歌山県","30304","海草郡紀美野町","303040050000","蓑垣内","34.173939","135.373969","0","1"
"30","和歌山県","30304","海草郡紀美野町","303040051000","蓑津呂","34.171515","135.385850","0","1"
"30","和歌山県","30304","海草郡紀美野町","303040052000","明添","34.151819","135.397883","0","1"
"30","和歌山県","30304","海草郡紀美野町","303040053000","箕六","34.125222","135.354991","0","1"
"30","和歌山県","30304","海草郡紀美野町","303040054000","安井","34.143674","135.340482","0","1"
"30","和歌山県","30304","海草郡紀美野町","303040055000","四郷","34.179393","135.413967","0","1"
"30","和歌山県","30304","海草郡紀美野町","303040056000","吉野","34.160904","135.325529","0","1"
"30","和歌山県","30341","伊都郡かつらぎ町","303410001000","大字兄井","34.285106","135.506936","0","1"
"30","和歌山県","30341","伊都郡かつらぎ町","303410002000","大字移","34.293476","135.455433","0","1"
"30","和歌山県","30341","伊都郡かつらぎ町","303410003000","大字蛭子","34.292799","135.495615","0","1"
"30","和歌山県","30341","伊都郡かつらぎ町","303410004000","大字大谷","34.300369","135.492361","0","1"
"30","和歌山県","30341","伊都郡かつらぎ町","303410005000","大字大畑","34.339230","135.520357","0","1"
"30","和歌山県","30341","伊都郡かつらぎ町","303410006000","大字大薮","34.301211","135.499972","0","1"
"30","和歌山県","30341","伊都郡かつらぎ町","303410007000","大字柏木","34.314880","135.496213","0","1"
"30","和歌山県","30341","伊都郡かつらぎ町","303410008000","大字笠田中","34.296077","135.471166","0","1"
"30","和歌山県","30341","伊都郡かつらぎ町","303410009000","大字笠田東","34.290810","135.479304","0","1"
"30","和歌山県","30341","伊都郡かつらぎ町","303410010000","大字上天野","34.263513","135.521823","0","1"
"30","和歌山県","30341","伊都郡かつらぎ町","303410011000","大字教良寺","34.278666","135.524832","0","1"
"30","和歌山県","30341","伊都郡かつらぎ町","303410012000","大字窪","34.291764","135.460113","0","1"
"30","和歌山県","30341","伊都郡かつらぎ町","303410013000","大字神田","34.246962","135.527132","0","1"
"30","和歌山県","30341","伊都郡かつらぎ町","303410014000","大字御所","34.255579","135.476052","0","1"
"30","和歌山県","30341","伊都郡かつらぎ町","303410015000","大字佐野","34.293951","135.485536","0","1"
"30","和歌山県","30341","伊都郡かつらぎ町","303410016000","大字志賀","34.226157","135.502353","0","1"
"30","和歌山県","30341","伊都郡かつらぎ町","303410017000","大字島","34.280146","135.466531","0","1"
"30","和歌山県","30341","伊都郡かつらぎ町","303410018000","大字下天野","34.253765","135.513651","0","1"
"30","和歌山県","30341","伊都郡かつらぎ町","303410019000","大字新田","34.297654","135.511720","0","1"
"30","和歌山県","30341","伊都郡かつらぎ町","303410020000","大字背ノ山","34.284075","135.457949","0","1"
"30","和歌山県","30341","伊都郡かつらぎ町","303410021000","大字平","34.342374","135.465863","0","1"
"30","和歌山県","30341","伊都郡かつらぎ町","303410022000","大字高田","34.282690","135.451337","0","1"
"30","和歌山県","30341","伊都郡かつらぎ町","303410023000","大字滝","34.324107","135.492612","0","1"
"30","和歌山県","30341","伊都郡かつらぎ町","303410024000","大字丁ノ町","34.309439","135.510090","0","1"
"30","和歌山県","30341","伊都郡かつらぎ町","303410025000","大字寺尾","34.285042","135.497334","0","1"
"30","和歌山県","30341","伊都郡かつらぎ町","303410026000","大字中飯降","34.316334","135.535486","0","1"
"30","和歌山県","30341","伊都郡かつらぎ町","303410027000","大字西飯降","34.305061","135.528164","0","1"
"30","和歌山県","30341","伊都郡かつらぎ町","303410028000","大字西渋田","34.271893","135.466745","0","1"
"30","和歌山県","30341","伊都郡かつらぎ町","303410029000","大字萩原","34.297660","135.464586","0","1"
"30","和歌山県","30341","伊都郡かつらぎ町","303410030000","大字花園新子","34.124831","135.557239","0","1"
"30","和歌山県","30341","伊都郡かつらぎ町","303410031000","大字花園池之窪","34.140651","135.551070","0","1"
"30","和歌山県","30341","伊都郡かつらぎ町","303410032000","大字花園北寺","34.130288","135.534622","0","1"
"30","和歌山県","30341","伊都郡かつらぎ町","303410033000","大字花園久木","34.167797","135.566609","0","1"
"30","和歌山県","30341","伊都郡かつらぎ町","303410034000","大字花園中南","34.130056","135.575687","0","1"
"30","和歌山県","30341","伊都郡かつらぎ町","303410035000","大字花園梁瀬","34.145192","135.516947","0","1"
"30","和歌山県","30341","伊都郡かつらぎ町","303410036000","大字東渋田","34.276116","135.481707","0","1"
"30","和歌山県","30341","伊都郡かつらぎ町","303410037000","大字東谷","34.347842","135.493767","0","1"
"30","和歌山県","30341","伊都郡かつらぎ町","303410038000","大字日高","34.244508","135.490043","0","1"
"30","和歌山県","30341","伊都郡かつらぎ町","303410039000","大字平沼田","34.274086","135.491249","0","1"
"30","和歌山県","30341","伊都郡かつらぎ町","303410040000","大字広浦","34.308586","135.478571","0","1"
"30","和歌山県","30341","伊都郡かつらぎ町","303410041000","大字広口","34.324030","135.471317","0","1"
"30","和歌山県","30341","伊都郡かつらぎ町","303410042000","大字星川","34.264955","135.486841","0","1"
"30","和歌山県","30341","伊都郡かつらぎ町","303410043000","大字星山","34.255309","135.493838","0","1"
"30","和歌山県","30341","伊都郡かつらぎ町","303410044000","大字短野","34.324886","135.515126","0","1"
"30","和歌山県","30341","伊都郡かつらぎ町","303410045000","大字三谷","34.282689","135.513920","0","1"
"30","和歌山県","30341","伊都郡かつらぎ町","303410046000","大字宮本","34.271029","135.501558","0","1"
"30","和歌山県","30341","伊都郡かつらぎ町","303410047000","大字妙寺","34.306421","135.521309","0","1"
"30","和歌山県","30341","伊都郡かつらぎ町","303410048000","大字山崎","34.290258","135.535242","0","1"
"30","和歌山県","30343","伊都郡九度山町","303430001000","大字市平","34.273518","135.619325","0","1"
"30","和歌山県","30343","伊都郡九度山町","303430002000","大字笠木","34.246355","135.546724","0","1"
"30","和歌山県","30343","伊都郡九度山町","303430003000","大字河根","34.277803","135.574201","0","1"
"30","和歌山県","30343","伊都郡九度山町","303430004000","大字上古沢","34.251327","135.535773","0","1"
"30","和歌山県","30343","伊都郡九度山町","303430005000","大字北又","34.254901","135.618164","0","1"
"30","和歌山県","30343","伊都郡九度山町","303430006000","大字九度山","34.287605","135.565312","0","1"
"30","和歌山県","30343","伊都郡九度山町","303430007000","大字椎出","34.261683","135.565690","0","1"
"30","和歌山県","30343","伊都郡九度山町","303430008000","大字慈尊院","34.294150","135.543328","0","1"
"30","和歌山県","30343","伊都郡九度山町","303430009000","大字下古沢","34.272396","135.545699","0","1"
"30","和歌山県","30343","伊都郡九度山町","303430010000","大字中古沢","34.258001","135.555768","0","1"
"30","和歌山県","30343","伊都郡九度山町","303430011000","大字丹生川","34.273632","135.596029","0","1"
"30","和歌山県","30343","伊都郡九度山町","303430012000","大字入郷","34.288744","135.550309","0","1"
"30","和歌山県","30343","伊都郡九度山町","303430013000","大字東郷","34.256256","135.596598","0","1"
"30","和歌山県","30344","伊都郡高野町","303440001000","大字相ノ浦","34.173824","135.584875","0","1"
"30","和歌山県","30344","伊都郡高野町","303440002000","大字大滝","34.183203","135.620791","0","1"
"30","和歌山県","30344","伊都郡高野町","303440003000","大字樫原","34.216221","135.634966","0","1"
"30","和歌山県","30344","伊都郡高野町","303440004000","大字上筒香","34.228259","135.709118","0","1"
"30","和歌山県","30344","伊都郡高野町","303440005000","大字高野山","34.212105","135.582004","0","1"
"30","和歌山県","30344","伊都郡高野町","303440006000","大字下筒香","34.237034","135.667285","0","1"
"30","和歌山県","30344","伊都郡高野町","303440007000","大字杖ケ薮","34.240477","135.644996","0","1"
"30","和歌山県","30344","伊都郡高野町","303440008000","大字中筒香","34.236226","135.685105","0","1"
"30","和歌山県","30344","伊都郡高野町","303440009000","大字西ケ峰","34.232135","135.616886","0","1"
"30","和歌山県","30344","伊都郡高野町","303440010000","大字西郷","34.253058","135.578704","0","1"
"30","和歌山県","30344","伊都郡高野町","303440011000","大字西富貴","34.265515","135.686505","0","1"
"30","和歌山県","30344","伊都郡高野町","303440012000","大字花坂","34.222825","135.528215","0","1"
"30","和歌山県","30344","伊都郡高野町","303440013000","大字林","34.222128","135.621688","0","1"
"30","和歌山県","30344","伊都郡高野町","303440014000","大字東富貴","34.257898","135.707799","0","1"
"30","和歌山県","30344","伊都郡高野町","303440015000","大字東又","34.229230","135.646743","0","1"
"30","和歌山県","30344","伊都郡高野町","303440016000","大字平原","34.236307","135.629062","0","1"
"30","和歌山県","30344","伊都郡高野町","303440017000","大字細川","34.231620","135.555992","0","1"
"30","和歌山県","30344","伊都郡高野町","303440018000","大字南","34.227212","135.617671","0","1"
"30","和歌山県","30344","伊都郡高野町","303440019000","大字湯川","34.179940","135.537610","0","1"
"30","和歌山県","30361","有田郡湯浅町","303610001000","大字青木","34.031859","135.189671","0","1"
"30","和歌山県","30361","有田郡湯浅町","303610002000","大字栖原","34.043148","135.178144","0","1"
"30","和歌山県","30361","有田郡湯浅町","303610003000","大字田","34.054480","135.160360","0","1"
"30","和歌山県","30361","有田郡湯浅町","303610004000","大字別所","34.029523","135.183478","0","1"
"30","和歌山県","30361","有田郡湯浅町","303610005000","大字山田","34.022119","135.219108","0","1"
"30","和歌山県","30361","有田郡湯浅町","303610006000","大字湯浅","34.036581","135.180388","0","1"
"30","和歌山県","30361","有田郡湯浅町","303610007000","大字吉川","34.053196","135.181709","0","1"
"30","和歌山県","30362","有田郡広川町","303620001000","大字井関","34.005935","135.195307","0","1"
"30","和歌山県","30362","有田郡広川町","303620002000","大字上津木","33.966058","135.200968","0","1"
"30","和歌山県","30362","有田郡広川町","303620003000","大字上中野","34.008822","135.173802","0","1"
"30","和歌山県","30362","有田郡広川町","303620004000","大字唐尾","33.998625","135.149940","0","1"
"30","和歌山県","30362","有田郡広川町","303620005000","大字河瀬","33.991251","135.185289","0","1"
"30","和歌山県","30362","有田郡広川町","303620006000","大字下津木","33.988178","135.229574","0","1"
"30","和歌山県","30362","有田郡広川町","303620007000","大字殿","34.013436","135.186183","0","1"
"30","和歌山県","30362","有田郡広川町","303620008000","大字名島","34.024041","135.185256","0","1"
"30","和歌山県","30362","有田郡広川町","303620009000","大字西広","34.009659","135.156767","0","1"
"30","和歌山県","30362","有田郡広川町","303620010000","大字東中","34.018857","135.182648","0","1"
"30","和歌山県","30362","有田郡広川町","303620011000","大字広","34.024307","135.174418","0","1"
"30","和歌山県","30362","有田郡広川町","303620012000","大字前田","33.995616","135.202406","0","1"
"30","和歌山県","30362","有田郡広川町","303620013000","大字南金屋","34.011160","135.181644","0","1"
"30","和歌山県","30362","有田郡広川町","303620014000","大字柳瀬","34.018865","135.194322","0","1"
"30","和歌山県","30362","有田郡広川町","303620015000","大字山本","34.010374","135.166280","0","1"
"30","和歌山県","30362","有田郡広川町","303620016000","大字和田","34.026273","135.163602","0","1"
"30","和歌山県","30366","有田郡有田川町","303660001000","大字粟生","34.043888","135.350324","0","1"
"30","和歌山県","30366","有田郡有田川町","303660002000","大字青田","34.078416","135.287678","0","1"
"30","和歌山県","30366","有田郡有田川町","303660003000","大字有原","34.087314","135.284283","0","1"
"30","和歌山県","30366","有田郡有田川町","303660004000","大字板尾","34.127272","135.487010","0","1"
"30","和歌山県","30366","有田郡有田川町","303660005000","大字井谷","34.105017","135.482504","0","1"
"30","和歌山県","30366","有田郡有田川町","303660006000","大字市場","34.071860","135.252374","0","1"
"30","和歌山県","30366","有田郡有田川町","303660007000","大字出","34.078547","135.225822","0","1"
"30","和歌山県","30366","有田郡有田川町","303660008000","大字糸川","34.026593","135.258400","0","1"
"30","和歌山県","30366","有田郡有田川町","303660009000","大字糸野","34.075237","135.247921","0","1"
"30","和歌山県","30366","有田郡有田川町","303660010000","大字井口","34.080508","135.211288","0","1"
"30","和歌山県","30366","有田郡有田川町","303660011000","大字岩野河","34.051777","135.327069","0","1"
"30","和歌山県","30366","有田郡有田川町","303660012000","大字宇井苔","34.018444","135.345328","0","1"
"30","和歌山県","30366","有田郡有田川町","303660013000","大字植野","34.054471","135.213955","0","1"
"30","和歌山県","30366","有田郡有田川町","303660014000","大字生石","34.094829","135.330318","0","1"
"30","和歌山県","30366","有田郡有田川町","303660015000","大字大賀畑","34.092962","135.196725","0","1"
"30","和歌山県","30366","有田郡有田川町","303660016000","大字大蔵","34.115974","135.448896","0","1"
"30","和歌山県","30366","有田郡有田川町","303660017000","大字大薗","34.079479","135.313170","0","1"
"30","和歌山県","30366","有田郡有田川町","303660018000","大字大谷","34.083159","135.204988","0","1"
"30","和歌山県","30366","有田郡有田川町","303660019000","大字大西","34.076870","135.303855","0","1"
"30","和歌山県","30366","有田郡有田川町","303660020000","大字小川","34.077196","135.269665","0","1"
"30","和歌山県","30366","有田郡有田川町","303660021000","大字奥","34.044710","135.211873","0","1"
"30","和歌山県","30366","有田郡有田川町","303660022000","大字押手","34.137598","135.501960","0","1"
"30","和歌山県","30366","有田郡有田川町","303660023000","大字小島","34.065965","135.194826","0","1"
"30","和歌山県","30366","有田郡有田川町","303660024000","大字尾中","34.073140","135.220825","0","1"
"30","和歌山県","30366","有田郡有田川町","303660025000","大字尾上","34.081262","135.319808","0","1"
"30","和歌山県","30366","有田郡有田川町","303660026000","大字小原","34.083428","135.334125","0","1"
"30","和歌山県","30366","有田郡有田川町","303660027000","大字垣倉","34.061619","135.235738","0","1"
"30","和歌山県","30366","有田郡有田川町","303660028000","大字賢","34.084275","135.215434","0","1"
"30","和歌山県","30366","有田郡有田川町","303660029000","大字金屋","34.059123","135.255166","0","1"
"30","和歌山県","30366","有田郡有田川町","303660030000","大字釜中","34.098347","135.241947","0","1"
"30","和歌山県","30366","有田郡有田川町","303660031000","大字上中島","34.070981","135.205428","0","1"
"30","和歌山県","30366","有田郡有田川町","303660032000","大字上六川","34.107284","135.253343","0","1"
"30","和歌山県","30366","有田郡有田川町","303660033000","大字上湯川","34.077196","135.503534","0","1"
"30","和歌山県","30366","有田郡有田川町","303660034000","大字川合","34.034710","135.411064","0","1"
"30","和歌山県","30366","有田郡有田川町","303660035000","大字川口","34.049530","135.309881","0","1"
"30","和歌山県","30366","有田郡有田川町","303660036000","大字歓喜寺","34.045546","135.262226","0","1"
"30","和歌山県","30366","有田郡有田川町","303660037000","大字北野川","34.058777","135.405980","0","1"
"30","和歌山県","30366","有田郡有田川町","303660038000","大字楠本","34.098099","135.361701","0","1"
"30","和歌山県","30366","有田郡有田川町","303660039000","大字久野原","34.096070","135.456704","0","1"
"30","和歌山県","30366","有田郡有田川町","303660040000","大字熊井","34.041192","135.198509","0","1"
"30","和歌山県","30366","有田郡有田川町","303660041000","大字黒松","34.094137","135.259930","0","1"
"30","和歌山県","30366","有田郡有田川町","303660042000","大字境川","34.082686","135.388545","0","1"
"30","和歌山県","30366","有田郡有田川町","303660043000","大字清水","34.081897","135.430851","0","1"
"30","和歌山県","30366","有田郡有田川町","303660044000","大字下津野","34.060504","135.215865","0","1"
"30","和歌山県","30366","有田郡有田川町","303660045000","大字下六川","34.082136","135.249090","0","1"
"30","和歌山県","30366","有田郡有田川町","303660046000","大字下湯川","34.055747","135.458091","0","1"
"30","和歌山県","30366","有田郡有田川町","303660047000","大字庄","34.067091","135.237279","0","1"
"30","和歌山県","30366","有田郡有田川町","303660048000","大字杉野原","34.115055","135.513739","0","1"
"30","和歌山県","30366","有田郡有田川町","303660049000","大字角","34.072150","135.216878","0","1"
"30","和歌山県","30366","有田郡有田川町","303660050000","大字修理川","34.023000","135.298170","0","1"
"30","和歌山県","30366","有田郡有田川町","303660051000","大字瀬井","34.112175","135.302784","0","1"
"30","和歌山県","30366","有田郡有田川町","303660052000","大字田口","34.080043","135.196323","0","1"
"30","和歌山県","30366","有田郡有田川町","303660053000","大字田角","34.100146","135.213958","0","1"
"30","和歌山県","30366","有田郡有田川町","303660054000","大字立石","34.069151","135.310218","0","1"
"30","和歌山県","30366","有田郡有田川町","303660055000","大字谷","34.068240","135.336973","0","1"
"30","和歌山県","30366","有田郡有田川町","303660056000","大字天満","34.059384","135.203293","0","1"
"30","和歌山県","30366","有田郡有田川町","303660057000","大字遠井","34.105513","135.405528","0","1"
"30","和歌山県","30366","有田郡有田川町","303660058000","大字徳田","34.051811","135.243509","0","1"
"30","和歌山県","30366","有田郡有田川町","303660059000","大字中","34.103348","135.301698","0","1"
"30","和歌山県","30366","有田郡有田川町","303660060000","大字中井原","34.060441","135.262961","0","1"
"30","和歌山県","30366","有田郡有田川町","303660061000","大字長田","34.074185","135.210839","0","1"
"30","和歌山県","30366","有田郡有田川町","303660062000","大字長谷","34.098451","135.229152","0","1"
"30","和歌山県","30366","有田郡有田川町","303660063000","大字中野","34.071018","135.258107","0","1"
"30","和歌山県","30366","有田郡有田川町","303660064000","大字中原","34.043126","135.376825","0","1"
"30","和歌山県","30366","有田郡有田川町","303660065000","大字中峯","34.096757","135.294069","0","1"
"30","和歌山県","30366","有田郡有田川町","303660066000","大字丹生","34.077487","135.235094","0","1"
"30","和歌山県","30366","有田郡有田川町","303660067000","大字二澤","34.047980","135.421276","0","1"
"30","和歌山県","30366","有田郡有田川町","303660068000","大字西ケ峯","34.101548","135.277592","0","1"
"30","和歌山県","30366","有田郡有田川町","303660069000","大字西丹生図","34.058282","135.227204","0","1"
"30","和歌山県","30366","有田郡有田川町","303660070000","大字沼田","34.087880","135.299802","0","1"
"30","和歌山県","30366","有田郡有田川町","303660071000","大字沼","34.099021","135.384672","0","1"
"30","和歌山県","30366","有田郡有田川町","303660072000","大字沼谷","34.133504","135.469668","0","1"
"30","和歌山県","30366","有田郡有田川町","303660073000","大字野田","34.066613","135.204289","0","1"
"30","和歌山県","30366","有田郡有田川町","303660074000","大字延坂","34.090545","135.309318","0","1"
"30","和歌山県","30366","有田郡有田川町","303660075000","大字長谷川","34.054499","135.285101","0","1"
"30","和歌山県","30366","有田郡有田川町","303660076000","大字土生","34.053725","135.205167","0","1"
"30","和歌山県","30366","有田郡有田川町","303660077000","大字東大谷","34.078759","135.347962","0","1"
"30","和歌山県","30366","有田郡有田川町","303660078000","大字東丹生図","34.058207","135.232112","0","1"
"30","和歌山県","30366","有田郡有田川町","303660079000","大字彦ケ瀬","34.123841","135.296932","0","1"
"30","和歌山県","30366","有田郡有田川町","303660080000","大字日物川","34.079192","135.371032","0","1"
"30","和歌山県","30366","有田郡有田川町","303660081000","大字二川","34.066943","135.360494","0","1"
"30","和歌山県","30366","有田郡有田川町","303660082000","大字船坂","34.084056","135.225804","0","1"
"30","和歌山県","30366","有田郡有田川町","303660083000","大字伏羊","34.068932","135.288120","0","1"
"30","和歌山県","30366","有田郡有田川町","303660084000","大字本堂","34.088984","135.290791","0","1"
"30","和歌山県","30366","有田郡有田川町","303660085000","大字松原","34.042766","135.293885","0","1"
"30","和歌山県","30366","有田郡有田川町","303660086000","大字水尻","34.052942","135.196062","0","1"
"30","和歌山県","30366","有田郡有田川町","303660087000","大字三瀬川","34.064351","135.386729","0","1"
"30","和歌山県","30366","有田郡有田川町","303660088000","大字三田","34.090264","135.408013","0","1"
"30","和歌山県","30366","有田郡有田川町","303660089000","大字宮川","34.105747","135.431781","0","1"
"30","和歌山県","30366","有田郡有田川町","303660090000","大字明王寺","34.059079","135.196846","0","1"
"30","和歌山県","30366","有田郡有田川町","303660091000","大字吉原","34.041269","135.251614","0","1"
"30","和歌山県","30366","有田郡有田川町","303660092000","大字吉見","34.040025","135.226498","0","1"
"30","和歌山県","30381","日高郡美浜町","303810001000","大字田井","33.892798","135.147928","0","1"
"30","和歌山県","30381","日高郡美浜町","303810002000","大字濱ノ瀬","33.879342","135.151885","0","1"
"30","和歌山県","30381","日高郡美浜町","303810003000","大字三尾","33.891352","135.089431","0","1"
"30","和歌山県","30381","日高郡美浜町","303810004000","大字吉原","33.889851","135.142204","0","1"
"30","和歌山県","30381","日高郡美浜町","303810005000","大字和田","33.902935","135.134362","0","1"
"30","和歌山県","30382","日高郡日高町","303820001000","大字阿尾","33.893120","135.068349","0","1"
"30","和歌山県","30382","日高郡日高町","303820002000","大字池田","33.944877","135.130859","0","1"
"30","和歌山県","30382","日高郡日高町","303820003000","大字荊木","33.926348","135.153745","0","1"
"30","和歌山県","30382","日高郡日高町","303820004000","大字産湯","33.907266","135.094881","0","1"
"30","和歌山県","30382","日高郡日高町","303820005000","大字小池","33.910035","135.126667","0","1"
"30","和歌山県","30382","日高郡日高町","303820006000","大字小浦","33.930231","135.079847","0","1"
"30","和歌山県","30382","日高郡日高町","303820007000","大字小坂","33.917808","135.092067","0","1"
"30","和歌山県","30382","日高郡日高町","303820008000","大字小中","33.924214","135.130140","0","1"
"30","和歌山県","30382","日高郡日高町","303820009000","大字方杭","33.937207","135.090215","0","1"
"30","和歌山県","30382","日高郡日高町","303820010000","大字志賀","33.929419","135.109031","0","1"
"30","和歌山県","30382","日高郡日高町","303820011000","大字高家","33.924387","135.139028","0","1"
"30","和歌山県","30382","日高郡日高町","303820012000","大字津久野","33.924009","135.080887","0","1"
"30","和歌山県","30382","日高郡日高町","303820013000","大字萩原","33.938645","135.146678","0","1"
"30","和歌山県","30382","日高郡日高町","303820014000","大字原谷","33.964131","135.160014","0","1"
"30","和歌山県","30382","日高郡日高町","303820015000","大字比井","33.921639","135.085000","0","1"
"30","和歌山県","30383","日高郡由良町","303830001000","大字網代","33.960940","135.114544","0","1"
"30","和歌山県","30383","日高郡由良町","303830002000","大字阿戸","33.952067","135.117796","0","1"
"30","和歌山県","30383","日高郡由良町","303830003000","大字衣奈","33.987729","135.113224","0","1"
"30","和歌山県","30383","日高郡由良町","303830004000","大字江ノ駒","33.967307","135.115723","0","1"
"30","和歌山県","30383","日高郡由良町","303830005000","大字大引","33.970563","135.087179","0","1"
"30","和歌山県","30383","日高郡由良町","303830006000","大字神谷","33.959764","135.084083","0","1"
"30","和歌山県","30383","日高郡由良町","303830007000","大字小引","33.980167","135.093859","0","1"
"30","和歌山県","30383","日高郡由良町","303830008000","大字里","33.961525","135.129311","0","1"
"30","和歌山県","30383","日高郡由良町","303830009000","大字戸津井","33.987290","135.096110","0","1"
"30","和歌山県","30383","日高郡由良町","303830010000","大字中","33.977060","135.137084","0","1"
"30","和歌山県","30383","日高郡由良町","303830011000","大字畑","33.983396","135.154913","0","1"
"30","和歌山県","30383","日高郡由良町","303830012000","大字吹井","33.968201","135.103707","0","1"
"30","和歌山県","30383","日高郡由良町","303830013000","大字三尾川","33.991805","135.134057","0","1"
"30","和歌山県","30383","日高郡由良町","303830014000","大字門前","33.973580","135.126228","0","1"
"30","和歌山県","30390","日高郡印南町","303900001000","大字印南","33.821209","135.214708","0","1"
"30","和歌山県","30390","日高郡印南町","303900002000","大字印南原","33.857242","135.232849","0","1"
"30","和歌山県","30390","日高郡印南町","303900003000","大字皆瀬川","33.872115","135.294641","0","1"
"30","和歌山県","30390","日高郡印南町","303900004000","大字上洞","33.894126","135.337831","0","1"
"30","和歌山県","30390","日高郡印南町","303900005000","大字川又","33.901601","135.367334","0","1"
"30","和歌山県","30390","日高郡印南町","303900006000","大字小原","33.870089","135.309331","0","1"
"30","和歌山県","30390","日高郡印南町","303900007000","大字崎ノ原","33.878945","135.290428","0","1"
"30","和歌山県","30390","日高郡印南町","303900008000","大字島田","33.797463","135.247956","0","1"
"30","和歌山県","30390","日高郡印南町","303900009000","大字高串","33.893822","135.325929","0","1"
"30","和歌山県","30390","日高郡印南町","303900010000","大字立石","33.876961","135.209266","0","1"
"30","和歌山県","30390","日高郡印南町","303900011000","大字田ノ垣内","33.878279","135.314026","0","1"
"30","和歌山県","30390","日高郡印南町","303900012000","大字津井","33.825979","135.206090","0","1"
"30","和歌山県","30390","日高郡印南町","303900013000","大字西神ノ川","33.890505","135.305450","0","1"
"30","和歌山県","30390","日高郡印南町","303900014000","大字西ノ地","33.818739","135.242620","0","1"
"30","和歌山県","30390","日高郡印南町","303900015000","大字丹生","33.867681","135.283749","0","1"
"30","和歌山県","30390","日高郡印南町","303900016000","大字羽六","33.833570","135.265286","0","1"
"30","和歌山県","30390","日高郡印南町","303900017000","大字古井","33.856457","135.278441","0","1"
"30","和歌山県","30390","日高郡印南町","303900018000","大字古屋","33.818257","135.263919","0","1"
"30","和歌山県","30390","日高郡印南町","303900019000","大字樮川","33.842430","135.289762","0","1"
"30","和歌山県","30390","日高郡印南町","303900020000","大字松原","33.878396","135.280308","0","1"
"30","和歌山県","30390","日高郡印南町","303900021000","大字美里","33.868679","135.266171","0","1"
"30","和歌山県","30390","日高郡印南町","303900022000","大字南谷","33.860509","135.196536","0","1"
"30","和歌山県","30390","日高郡印南町","303900023000","大字宮ノ前","33.825609","135.252251","0","1"
"30","和歌山県","30390","日高郡印南町","303900024000","大字明神川","33.863226","135.212435","0","1"
"30","和歌山県","30390","日高郡印南町","303900025000","大字山口","33.830545","135.223769","0","1"
"30","和歌山県","30391","日高郡みなべ町","303910001000","市井川","33.870837","135.355370","0","1"
"30","和歌山県","30391","日高郡みなべ町","303910002000","晩稲","33.794464","135.344651","0","1"
"30","和歌山県","30391","日高郡みなべ町","303910003000","気佐藤","33.775908","135.319861","0","1"
"30","和歌山県","30391","日高郡みなべ町","303910004000","北道","33.770026","135.320444","0","1"
"30","和歌山県","30391","日高郡みなべ町","303910005000","清川","33.860709","135.415547","0","1"
"30","和歌山県","30391","日高郡みなべ町","303910006000","熊岡","33.778634","135.338768","0","1"
"30","和歌山県","30391","日高郡みなべ町","303910007000","熊瀬川","33.850748","135.317492","0","1"
"30","和歌山県","30391","日高郡みなべ町","303910008000","堺","33.751654","135.333431","0","1"
"30","和歌山県","30391","日高郡みなべ町","303910009000","芝","33.768220","135.328710","0","1"
"30","和歌山県","30391","日高郡みなべ町","303910010000","島之瀬","33.851307","135.367387","0","1"
"30","和歌山県","30391","日高郡みなべ町","303910011000","筋","33.787763","135.313242","0","1"
"30","和歌山県","30391","日高郡みなべ町","303910012000","高野","33.864029","135.333697","0","1"
"30","和歌山県","30391","日高郡みなべ町","303910013000","滝","33.845831","135.339304","0","1"
"30","和歌山県","30391","日高郡みなべ町","303910014000","谷口","33.789063","135.329928","0","1"
"30","和歌山県","30391","日高郡みなべ町","303910015000","土井","33.853767","135.349162","0","1"
"30","和歌山県","30391","日高郡みなべ町","303910016000","徳蔵","33.782267","135.322486","0","1"
"30","和歌山県","30391","日高郡みなべ町","303910017000","西岩代","33.799348","135.271658","0","1"
"30","和歌山県","30391","日高郡みなべ町","303910018000","西本庄","33.814412","135.317458","0","1"
"30","和歌山県","30391","日高郡みなべ町","303910019000","埴田","33.759321","135.330933","0","1"
"30","和歌山県","30391","日高郡みなべ町","303910020000","東岩代","33.797842","135.292486","0","1"
"30","和歌山県","30391","日高郡みなべ町","303910021000","東神野川","33.864279","135.380781","0","1"
"30","和歌山県","30391","日高郡みなべ町","303910022000","東本庄","33.811589","135.345271","0","1"
"30","和歌山県","30391","日高郡みなべ町","303910023000","東吉田","33.775549","135.326642","0","1"
"30","和歌山県","30391","日高郡みなべ町","303910024000","広野","33.839689","135.357449","0","1"
"30","和歌山県","30391","日高郡みなべ町","303910025000","南道","33.768268","135.318853","0","1"
"30","和歌山県","30391","日高郡みなべ町","303910026000","山内","33.775375","135.301400","0","1"
"30","和歌山県","30392","日高郡日高川町","303920001000","大字浅間","33.964170","135.364693","0","1"
"30","和歌山県","30392","日高郡日高川町","303920002000","大字愛川","33.995076","135.384991","0","1"
"30","和歌山県","30392","日高郡日高川町","303920003000","大字姉子","33.973358","135.316575","0","1"
"30","和歌山県","30392","日高郡日高川町","303920004000","大字伊藤川","33.922311","135.250987","0","1"
"30","和歌山県","30392","日高郡日高川町","303920005000","大字弥谷","33.994158","135.354772","0","1"
"30","和歌山県","30392","日高郡日高川町","303920006000","大字初湯川","33.961618","135.390867","0","1"
"30","和歌山県","30392","日高郡日高川町","303920007000","大字江川","33.888560","135.225107","0","1"
"30","和歌山県","30392","日高郡日高川町","303920008000","大字老星","33.920301","135.300914","0","1"
"30","和歌山県","30392","日高郡日高川町","303920009000","大字大又","33.917941","135.282302","0","1"
"30","和歌山県","30392","日高郡日高川町","303920010000","大字皆瀬","33.978856","135.378067","0","1"
"30","和歌山県","30392","日高郡日高川町","303920011000","大字鐘巻","33.918650","135.176101","0","1"
"30","和歌山県","30392","日高郡日高川町","303920012000","大字上初湯川","34.008073","135.432103","0","1"
"30","和歌山県","30392","日高郡日高川町","303920013000","大字上越方","33.969281","135.352478","0","1"
"30","和歌山県","30392","日高郡日高川町","303920014000","大字上田原","33.960309","135.336769","0","1"
"30","和歌山県","30392","日高郡日高川町","303920015000","大字川原河","33.976599","135.368388","0","1"
"30","和歌山県","30392","日高郡日高川町","303920016000","大字串本","33.955880","135.417424","0","1"
"30","和歌山県","30392","日高郡日高川町","303920017000","大字熊野川","33.940190","135.366572","0","1"
"30","和歌山県","30392","日高郡日高川町","303920018000","大字玄子","33.922370","135.203237","0","1"
"30","和歌山県","30392","日高郡日高川町","303920019000","大字小釜本","33.943163","135.318780","0","1"
"30","和歌山県","30392","日高郡日高川町","303920020000","大字小熊","33.911724","135.195903","0","1"
"30","和歌山県","30392","日高郡日高川町","303920021000","大字佐井","33.939072","135.291586","0","1"
"30","和歌山県","30392","日高郡日高川町","303920022000","大字坂野川","33.931974","135.304045","0","1"
"30","和歌山県","30392","日高郡日高川町","303920023000","大字山野","33.896285","135.271295","0","1"
"30","和歌山県","30392","日高郡日高川町","303920024000","大字下田原","33.952771","135.341293","0","1"
"30","和歌山県","30392","日高郡日高川町","303920025000","大字千津川","33.939738","135.183964","0","1"
"30","和歌山県","30392","日高郡日高川町","303920026000","大字寒川","33.989244","135.502237","0","1"
"30","和歌山県","30392","日高郡日高川町","303920027000","大字高津尾","33.965242","135.300187","0","1"
"30","和歌山県","30392","日高郡日高川町","303920028000","大字高津尾川","33.994961","135.299262","0","1"
"30","和歌山県","30392","日高郡日高川町","303920029000","大字滝頭","33.947532","135.381550","0","1"
"30","和歌山県","30392","日高郡日高川町","303920030000","大字田尻","33.930004","135.339551","0","1"
"30","和歌山県","30392","日高郡日高川町","303920031000","大字藤野川","33.929680","135.267230","0","1"
"30","和歌山県","30392","日高郡日高川町","303920032000","大字中津川","33.941889","135.201012","0","1"
"30","和歌山県","30392","日高郡日高川町","303920033000","大字西原","33.969161","135.277717","0","1"
"30","和歌山県","30392","日高郡日高川町","303920034000","大字入野","33.910390","135.208750","0","1"
"30","和歌山県","30392","日高郡日高川町","303920035000","大字早藤","33.927866","135.221901","0","1"
"30","和歌山県","30392","日高郡日高川町","303920036000","大字土生","33.918759","135.185233","0","1"
"30","和歌山県","30392","日高郡日高川町","303920037000","大字原日浦","33.980836","135.342526","0","1"
"30","和歌山県","30392","日高郡日高川町","303920038000","大字平川","33.945523","135.241971","0","1"
"30","和歌山県","30392","日高郡日高川町","303920039000","大字船津","33.954974","135.270746","0","1"
"30","和歌山県","30392","日高郡日高川町","303920040000","大字蛇尾","33.940897","135.216070","0","1"
"30","和歌山県","30392","日高郡日高川町","303920041000","大字松瀬","33.919580","135.227249","0","1"
"30","和歌山県","30392","日高郡日高川町","303920042000","大字三佐","33.917103","135.319239","0","1"
"30","和歌山県","30392","日高郡日高川町","303920043000","大字三十井川","33.993066","135.324459","0","1"
"30","和歌山県","30392","日高郡日高川町","303920044000","大字三十木","33.972123","135.337230","0","1"
"30","和歌山県","30392","日高郡日高川町","303920045000","大字三百瀬","33.935468","135.250581","0","1"
"30","和歌山県","30392","日高郡日高川町","303920046000","大字若野","33.898566","135.198969","0","1"
"30","和歌山県","30392","日高郡日高川町","303920047000","大字和佐","33.898065","135.218925","0","1"
"30","和歌山県","30401","西牟婁郡白浜町","304010001000","安居","33.609899","135.480537","0","1"
"30","和歌山県","30401","西牟婁郡白浜町","304010002000","安宅","33.579679","135.473439","0","1"
"30","和歌山県","30401","西牟婁郡白浜町","304010003000","市鹿野","33.665708","135.539618","0","1"
"30","和歌山県","30401","西牟婁郡白浜町","304010004000","内ノ川","33.672479","135.414656","0","1"
"30","和歌山県","30401","西牟婁郡白浜町","304010005000","宇津木","33.656663","135.493312","0","1"
"30","和歌山県","30401","西牟婁郡白浜町","304010006000","大","33.648185","135.508171","0","1"
"30","和歌山県","30401","西牟婁郡白浜町","304010007000","大瀬","33.645914","135.583017","0","1"
"30","和歌山県","30401","西牟婁郡白浜町","304010008000","大古","33.576276","135.455840","0","1"
"30","和歌山県","30401","西牟婁郡白浜町","304010009000","小房","33.669133","135.520969","0","1"
"30","和歌山県","30401","西牟婁郡白浜町","304010010000","堅田","33.676653","135.382181","0","1"
"30","和歌山県","30401","西牟婁郡白浜町","304010011000","北谷","33.639993","135.557723","0","1"
"30","和歌山県","30401","西牟婁郡白浜町","304010012000","口ケ谷","33.603905","135.465769","0","1"
"30","和歌山県","30401","西牟婁郡白浜町","304010013000","上露","33.653965","135.569819","0","1"
"30","和歌山県","30401","西牟婁郡白浜町","304010014000","小川","33.629119","135.503214","0","1"
"30","和歌山県","30401","西牟婁郡白浜町","304010015000","才野","33.659764","135.382003","0","1"
"30","和歌山県","30401","西牟婁郡白浜町","304010016000","栄","33.653536","135.395481","0","1"
"30","和歌山県","30401","西牟婁郡白浜町","304010017000","里谷","33.684838","135.529771","0","1"
"30","和歌山県","30401","西牟婁郡白浜町","304010018000","塩野","33.559509","135.465115","0","1"
"30","和歌山県","30401","西牟婁郡白浜町","304010019000","庄川","33.660811","135.434027","0","1"
"30","和歌山県","30401","西牟婁郡白浜町","304010020000","城","33.622359","135.518269","0","1"
"30","和歌山県","30401","西牟婁郡白浜町","304010021000","神宮寺","33.632250","135.484284","0","1"
"30","和歌山県","30401","西牟婁郡白浜町","304010022000","平","33.671424","135.400076","0","1"
"30","和歌山県","30401","西牟婁郡白浜町","304010023000","竹垣内","33.638306","135.616835","0","1"
"30","和歌山県","30401","西牟婁郡白浜町","304010024000","田野井","33.602954","135.434893","0","1"
"30","和歌山県","30401","西牟婁郡白浜町","304010025000","玉伝","33.679013","135.515944","0","1"
"30","和歌山県","30401","西牟婁郡白浜町","304010026000","十九渕","33.643766","135.436640","0","1"
"30","和歌山県","30401","西牟婁郡白浜町","304010027000","椿","33.611806","135.407603","0","1"
"30","和歌山県","30401","西牟婁郡白浜町","304010028000","寺山","33.617669","135.473034","0","1"
"30","和歌山県","30401","西牟婁郡白浜町","304010029000","富田","33.633338","135.406315","0","1"
"30","和歌山県","30401","西牟婁郡白浜町","304010030000","中","33.647487","135.389254","0","1"
"30","和歌山県","30401","西牟婁郡白浜町","304010031000","中嶋","33.622800","135.486125","0","1"
"30","和歌山県","30401","西牟婁郡白浜町","304010032000","日置","33.575759","135.434396","0","1"
"30","和歌山県","30401","西牟婁郡白浜町","304010033000","久木","33.648924","135.466469","0","1"
"30","和歌山県","30401","西牟婁郡白浜町","304010034000","保呂","33.679042","135.422522","0","1"
"30","和歌山県","30401","西牟婁郡白浜町","304010035000","向平","33.627197","135.467546","0","1"
"30","和歌山県","30401","西牟婁郡白浜町","304010036000","矢田","33.587995","135.462003","0","1"
"30","和歌山県","30404","西牟婁郡上富田町","304040001000","朝来","33.705480","135.416027","0","1"
"30","和歌山県","30404","西牟婁郡上富田町","304040002000","生馬","33.685995","135.459139","0","1"
"30","和歌山県","30404","西牟婁郡上富田町","304040003000","市ノ瀬","33.726576","135.467221","0","1"
"30","和歌山県","30404","西牟婁郡上富田町","304040004000","岩崎","33.685851","135.408069","0","1"
"30","和歌山県","30404","西牟婁郡上富田町","304040005000","岩田","33.711006","135.438662","0","1"
"30","和歌山県","30404","西牟婁郡上富田町","304040006000","岡","33.739517","135.454967","0","1"
"30","和歌山県","30404","西牟婁郡上富田町","304040007000","下鮎川","33.722045","135.478286","0","1"
"30","和歌山県","30404","西牟婁郡上富田町","304040008000","南紀の台","33.698805","135.405890","0","1"
"30","和歌山県","30406","西牟婁郡すさみ町","304060001000","江住","33.520921","135.601552","0","1"
"30","和歌山県","30406","西牟婁郡すさみ町","304060002000","大鎌","33.548795","135.617787","0","1"
"30","和歌山県","30406","西牟婁郡すさみ町","304060003000","大谷","33.574382","135.616812","0","1"
"30","和歌山県","30406","西牟婁郡すさみ町","304060004000","大附","33.607372","135.571013","0","1"
"30","和歌山県","30406","西牟婁郡すさみ町","304060005000","小河内","33.563833","135.581318","0","1"
"30","和歌山県","30406","西牟婁郡すさみ町","304060006000","口和深","33.531670","135.521517","0","1"
"30","和歌山県","30406","西牟婁郡すさみ町","304060007000","小附","33.615382","135.556337","0","1"
"30","和歌山県","30406","西牟婁郡すさみ町","304060008000","里野","33.516605","135.625124","0","1"
"30","和歌山県","30406","西牟婁郡すさみ町","304060009000","佐本追川","33.582216","135.604394","0","1"
"30","和歌山県","30406","西牟婁郡すさみ町","304060010000","佐本中","33.593334","135.615820","0","1"
"30","和歌山県","30406","西牟婁郡すさみ町","304060011000","佐本中野","33.605817","135.615264","0","1"
"30","和歌山県","30406","西牟婁郡すさみ町","304060012000","佐本西栗垣内","33.605830","135.592596","0","1"
"30","和歌山県","30406","西牟婁郡すさみ町","304060013000","佐本西野川","33.608840","135.633561","0","1"
"30","和歌山県","30406","西牟婁郡すさみ町","304060014000","佐本根倉","33.593532","135.640207","0","1"
"30","和歌山県","30406","西牟婁郡すさみ町","304060015000","佐本東栗垣内","33.591370","135.601808","0","1"
"30","和歌山県","30406","西牟婁郡すさみ町","304060016000","佐本平野","33.599267","135.633013","0","1"
"30","和歌山県","30406","西牟婁郡すさみ町","304060017000","佐本深谷","33.595284","135.654937","0","1"
"30","和歌山県","30406","西牟婁郡すさみ町","304060018000","周参見","33.566285","135.523940","0","1"
"30","和歌山県","30406","西牟婁郡すさみ町","304060019000","太間川","33.594216","135.503825","0","1"
"30","和歌山県","30406","西牟婁郡すさみ町","304060020000","防己","33.560153","135.598995","0","1"
"30","和歌山県","30406","西牟婁郡すさみ町","304060021000","見老津","33.522399","135.563530","0","1"
"30","和歌山県","30406","西牟婁郡すさみ町","304060022000","矢ケ谷","33.622950","135.541996","0","1"
"30","和歌山県","30406","西牟婁郡すさみ町","304060023000","矢野口","33.620865","135.531526","0","1"
"30","和歌山県","30406","西牟婁郡すさみ町","304060024000","和深川","33.535980","135.548528","0","1"
"30","和歌山県","30421","東牟婁郡那智勝浦町","304210001001","大字朝日一丁目","33.628251","135.938009","0","3"
"30","和歌山県","30421","東牟婁郡那智勝浦町","304210001002","大字朝日二丁目","33.628368","135.939500","0","3"
"30","和歌山県","30421","東牟婁郡那智勝浦町","304210001003","大字朝日三丁目","33.629628","135.940085","0","3"
"30","和歌山県","30421","東牟婁郡那智勝浦町","304210001004","大字朝日四丁目","33.629509","135.941806","0","3"
"30","和歌山県","30421","東牟婁郡那智勝浦町","304210002000","大字井鹿","33.613735","135.893662","0","1"
"30","和歌山県","30421","東牟婁郡那智勝浦町","304210003000","大字井関","33.665674","135.925386","0","1"
"30","和歌山県","30421","東牟婁郡那智勝浦町","304210004000","大字市野々","33.668718","135.907354","0","1"
"30","和歌山県","30421","東牟婁郡那智勝浦町","304210005000","大字市屋","33.599749","135.916746","0","1"
"30","和歌山県","30421","東牟婁郡那智勝浦町","304210006000","大字宇久井","33.660746","135.966058","0","1"
"30","和歌山県","30421","東牟婁郡那智勝浦町","304210007000","大字浦神","33.560477","135.914693","0","1"
"30","和歌山県","30421","東牟婁郡那智勝浦町","304210008000","大字大野","33.677058","135.840718","0","1"
"30","和歌山県","30421","東牟婁郡那智勝浦町","304210009000","大字樫原","33.691501","135.801904","0","1"
"30","和歌山県","30421","東牟婁郡那智勝浦町","304210010000","大字勝浦","33.625635","135.951518","0","1"
"30","和歌山県","30421","東牟婁郡那智勝浦町","304210011000","大字川関","33.656004","135.932376","0","1"
"30","和歌山県","30421","東牟婁郡那智勝浦町","304210012001","大字北浜一丁目","33.630805","135.943048","0","3"
"30","和歌山県","30421","東牟婁郡那智勝浦町","304210012002","大字北浜二丁目","33.631888","135.943154","0","3"
"30","和歌山県","30421","東牟婁郡那智勝浦町","304210012003","大字北浜三丁目","33.632741","135.943607","0","3"
"30","和歌山県","30421","東牟婁郡那智勝浦町","304210013000","大字狗子ノ川","33.655671","135.953452","0","1"
"30","和歌山県","30421","東牟婁郡那智勝浦町","304210014000","大字口色川","33.695647","135.849445","0","1"
"30","和歌山県","30421","東牟婁郡那智勝浦町","304210015000","大字熊瀬川","33.648623","135.853783","0","1"
"30","和歌山県","30421","東牟婁郡那智勝浦町","304210016000","大字高津気","33.675553","135.942326","0","1"
"30","和歌山県","30421","東牟婁郡那智勝浦町","304210017000","大字高遠井","33.587918","135.865785","0","1"
"30","和歌山県","30421","東牟婁郡那智勝浦町","304210018000","大字小阪","33.662608","135.871812","0","1"
"30","和歌山県","30421","東牟婁郡那智勝浦町","304210019000","大字小匠","33.597134","135.841218","0","1"
"30","和歌山県","30421","東牟婁郡那智勝浦町","304210020000","大字粉白","33.573614","135.911194","0","1"
"30","和歌山県","30421","東牟婁郡那智勝浦町","304210021000","大字坂足","33.667951","135.814227","0","1"
"30","和歌山県","30421","東牟婁郡那智勝浦町","304210022000","大字下里","33.581380","135.927540","0","1"
"30","和歌山県","30421","東牟婁郡那智勝浦町","304210023000","大字下和田","33.588627","135.905508","0","1"
"30","和歌山県","30421","東牟婁郡那智勝浦町","304210024000","大字庄","33.580848","135.900417","0","1"
"30","和歌山県","30421","東牟婁郡那智勝浦町","304210025000","大字田垣内","33.662609","135.840401","0","1"
"30","和歌山県","30421","東牟婁郡那智勝浦町","304210026000","大字高野","33.626999","135.824030","0","1"
"30","和歌山県","30421","東牟婁郡那智勝浦町","304210027001","大字築地一丁目","33.628552","135.943966","0","3"
"30","和歌山県","30421","東牟婁郡那智勝浦町","304210027002","大字築地二丁目","33.628385","135.943569","0","3"
"30","和歌山県","30421","東牟婁郡那智勝浦町","304210027003","大字築地三丁目","33.628504","135.942783","0","3"
"30","和歌山県","30421","東牟婁郡那智勝浦町","304210027004","大字築地四丁目","33.628115","135.942692","0","3"
"30","和歌山県","30421","東牟婁郡那智勝浦町","304210027005","大字築地五丁目","33.627436","135.943020","0","3"
"30","和歌山県","30421","東牟婁郡那智勝浦町","304210027006","大字築地六丁目","33.627544","135.942095","0","3"
"30","和歌山県","30421","東牟婁郡那智勝浦町","304210027007","大字築地七丁目","33.626414","135.943384","0","3"
"30","和歌山県","30421","東牟婁郡那智勝浦町","304210027008","大字築地八丁目","33.625010","135.941180","0","3"
"30","和歌山県","30421","東牟婁郡那智勝浦町","304210028000","大字天満","33.637781","135.931462","0","1"
"30","和歌山県","30421","東牟婁郡那智勝浦町","304210029001","大字天満一丁目","33.631888","135.936862","0","3"
"30","和歌山県","30421","東牟婁郡那智勝浦町","304210030000","大字長井","33.600296","135.867381","0","1"
"30","和歌山県","30421","東牟婁郡那智勝浦町","304210031000","大字中里","33.584614","135.885205","0","1"
"30","和歌山県","30421","東牟婁郡那智勝浦町","304210032000","大字中ノ川","33.616993","135.873026","0","1"
"30","和歌山県","30421","東牟婁郡那智勝浦町","304210033000","大字那智山","33.687085","135.889026","0","1"
"30","和歌山県","30421","東牟婁郡那智勝浦町","304210034000","大字二河","33.629004","135.903021","0","1"
"30","和歌山県","30421","東牟婁郡那智勝浦町","304210035000","大字西中野川","33.635098","135.848591","0","1"
"30","和歌山県","30421","東牟婁郡那智勝浦町","304210036000","大字橋ノ川","33.622054","135.915206","0","1"
"30","和歌山県","30421","東牟婁郡那智勝浦町","304210037000","大字浜ノ宮","33.648398","135.940305","0","1"
"30","和歌山県","30421","東牟婁郡那智勝浦町","304210038000","大字直柱","33.653359","135.811182","0","1"
"30","和歌山県","30421","東牟婁郡那智勝浦町","304210039000","大字南大居","33.602072","135.896069","0","1"
"30","和歌山県","30421","東牟婁郡那智勝浦町","304210040000","大字南平野","33.642109","135.877659","0","1"
"30","和歌山県","30421","東牟婁郡那智勝浦町","304210041000","大字八尺鏡野","33.581925","135.912300","0","1"
"30","和歌山県","30421","東牟婁郡那智勝浦町","304210042000","大字湯川","33.627679","135.925357","0","1"
"30","和歌山県","30422","東牟婁郡太地町","304220001000","大字太地","33.591113","135.957840","0","1"
"30","和歌山県","30422","東牟婁郡太地町","304220002000","大字森浦","33.593554","135.928190","0","1"
"30","和歌山県","30424","東牟婁郡古座川町","304240001000","相瀬","33.553284","135.726060","0","1"
"30","和歌山県","30424","東牟婁郡古座川町","304240002000","池野山","33.553488","135.818107","0","1"
"30","和歌山県","30424","東牟婁郡古座川町","304240003000","一雨","33.545400","135.746212","0","1"
"30","和歌山県","30424","東牟婁郡古座川町","304240004000","井野谷","33.635884","135.679566","0","1"
"30","和歌山県","30424","東牟婁郡古座川町","304240005000","洞尾","33.563225","135.712518","0","1"
"30","和歌山県","30424","東牟婁郡古座川町","304240006000","宇津木","33.541270","135.810225","0","1"
"30","和歌山県","30424","東牟婁郡古座川町","304240007000","宇筒井","33.628582","135.754003","0","1"
"30","和歌山県","30424","東牟婁郡古座川町","304240008000","潤野","33.531042","135.764416","0","1"
"30","和歌山県","30424","東牟婁郡古座川町","304240009000","大川","33.578378","135.703474","0","1"
"30","和歌山県","30424","東牟婁郡古座川町","304240010000","大桑","33.609983","135.735448","0","1"
"30","和歌山県","30424","東牟婁郡古座川町","304240011000","大柳","33.532629","135.751490","0","1"
"30","和歌山県","30424","東牟婁郡古座川町","304240012000","樫山","33.609633","135.806118","0","1"
"30","和歌山県","30424","東牟婁郡古座川町","304240013000","川口","33.544052","135.778445","0","1"
"30","和歌山県","30424","東牟婁郡古座川町","304240014000","楠","33.579799","135.819941","0","1"
"30","和歌山県","30424","東牟婁郡古座川町","304240015000","蔵土","33.547432","135.701786","0","1"
"30","和歌山県","30424","東牟婁郡古座川町","304240016000","小川","33.601135","135.771512","0","1"
"30","和歌山県","30424","東牟婁郡古座川町","304240017000","小森川","33.669762","135.770616","0","1"
"30","和歌山県","30424","東牟婁郡古座川町","304240018000","佐田","33.601166","135.705362","0","1"
"30","和歌山県","30424","東牟婁郡古座川町","304240019000","下露","33.623555","135.715577","0","1"
"30","和歌山県","30424","東牟婁郡古座川町","304240020000","添野川","33.622995","135.663724","0","1"
"30","和歌山県","30424","東牟婁郡古座川町","304240021000","高池","33.529897","135.820498","0","1"
"30","和歌山県","30424","東牟婁郡古座川町","304240022000","高瀬","33.531136","135.780300","0","1"
"30","和歌山県","30424","東牟婁郡古座川町","304240023000","田川","33.635048","135.779735","0","1"
"30","和歌山県","30424","東牟婁郡古座川町","304240024000","立合","33.536781","135.730312","0","1"
"30","和歌山県","30424","東牟婁郡古座川町","304240025000","立合川","33.563516","135.734455","0","1"
"30","和歌山県","30424","東牟婁郡古座川町","304240026000","月野瀬","33.540491","135.795384","0","1"
"30","和歌山県","30424","東牟婁郡古座川町","304240027000","鶴川","33.527989","135.743104","0","1"
"30","和歌山県","30424","東牟婁郡古座川町","304240028000","長追","33.585012","135.675216","0","1"
"30","和歌山県","30424","東牟婁郡古座川町","304240029000","中崎","33.569729","135.764844","0","1"
"30","和歌山県","30424","東牟婁郡古座川町","304240030000","南平","33.530409","135.688031","0","1"
"30","和歌山県","30424","東牟婁郡古座川町","304240031000","成川","33.647925","135.731216","0","1"
"30","和歌山県","30424","東牟婁郡古座川町","304240032000","西赤木","33.620674","135.783718","0","1"
"30","和歌山県","30424","東牟婁郡古座川町","304240033000","西川","33.638217","135.706506","0","1"
"30","和歌山県","30424","東牟婁郡古座川町","304240034000","直見","33.564769","135.789138","0","1"
"30","和歌山県","30424","東牟婁郡古座川町","304240035000","平井","33.665433","135.675072","0","1"
"30","和歌山県","30424","東牟婁郡古座川町","304240036000","松根","33.687196","135.732107","0","1"
"30","和歌山県","30424","東牟婁郡古座川町","304240037000","真砂","33.580716","135.693427","0","1"
"30","和歌山県","30424","東牟婁郡古座川町","304240038000","美里","33.574999","135.739348","0","1"
"30","和歌山県","30424","東牟婁郡古座川町","304240039000","三尾川","33.558640","135.672067","0","1"
"30","和歌山県","30424","東牟婁郡古座川町","304240040000","峯","33.533549","135.716012","0","1"
"30","和歌山県","30424","東牟婁郡古座川町","304240041000","明神","33.545399","135.761791","0","1"
"30","和歌山県","30424","東牟婁郡古座川町","304240042000","山手","33.582611","135.749430","0","1"
"30","和歌山県","30427","東牟婁郡北山村","304270001000","大字大沼","33.939146","135.966450","0","1"
"30","和歌山県","30427","東牟婁郡北山村","304270002000","大字小松","33.940225","135.906994","0","1"
"30","和歌山県","30427","東牟婁郡北山村","304270003000","大字下尾井","33.958531","135.937025","0","1"
"30","和歌山県","30427","東牟婁郡北山村","304270004000","大字竹原","33.966213","135.967572","0","1"
"30","和歌山県","30427","東牟婁郡北山村","304270005000","大字七色","33.982045","135.991941","0","1"
"30","和歌山県","30428","東牟婁郡串本町","304280001000","有田","33.484268","135.730408","0","1"
"30","和歌山県","30428","東牟婁郡串本町","304280002000","有田上","33.498123","135.735904","0","1"
"30","和歌山県","30428","東牟婁郡串本町","304280003000","伊串","33.514304","135.796601","0","1"
"30","和歌山県","30428","東牟婁郡串本町","304280004000","出雲","33.449084","135.786632","0","1"
"30","和歌山県","30428","東牟婁郡串本町","304280005000","上野山","33.518828","135.833054","0","1"
"30","和歌山県","30428","東牟婁郡串本町","304280006000","江田","33.502679","135.699237","0","1"
"30","和歌山県","30428","東牟婁郡串本町","304280007000","大島","33.471587","135.806732","0","1"
"30","和歌山県","30428","東牟婁郡串本町","304280008000","樫野","33.466787","135.845844","0","1"
"30","和歌山県","30428","東牟婁郡串本町","304280009000","上田原","33.569736","135.869411","0","1"
"30","和歌山県","30428","東牟婁郡串本町","304280010000","鬮野川","33.493026","135.784941","0","1"
"30","和歌山県","30428","東牟婁郡串本町","304280011000","串本","33.470358","135.779952","0","1"
"30","和歌山県","30428","東牟婁郡串本町","304280012000","古座","33.515859","135.829574","0","1"
"30","和歌山県","30428","東牟婁郡串本町","304280013000","神野川","33.519972","135.806717","0","1"
"30","和歌山県","30428","東牟婁郡串本町","304280014000","里川","33.547786","135.650444","0","1"
"30","和歌山県","30428","東牟婁郡串本町","304280015000","佐部","33.558675","135.845001","0","1"
"30","和歌山県","30428","東牟婁郡串本町","304280016000","サンゴ台","33.483011","135.783900","0","1"
"30","和歌山県","30428","東牟婁郡串本町","304280017000","潮岬","33.447029","135.761077","0","1"
"30","和歌山県","30428","東牟婁郡串本町","304280018000","須江","33.464822","135.825264","0","1"
"30","和歌山県","30428","東牟婁郡串本町","304280019000","高富","33.501594","135.754212","0","1"
"30","和歌山県","30428","東牟婁郡串本町","304280020000","田子","33.504677","135.685433","0","1"
"30","和歌山県","30428","東牟婁郡串本町","304280021000","田並","33.486810","135.717844","0","1"
"30","和歌山県","30428","東牟婁郡串本町","304280022000","田並上","33.510247","135.720521","0","1"
"30","和歌山県","30428","東牟婁郡串本町","304280023000","田原","33.540420","135.873089","0","1"
"30","和歌山県","30428","東牟婁郡串本町","304280024000","津荷","33.535755","135.841068","0","1"
"30","和歌山県","30428","東牟婁郡串本町","304280025000","中湊","33.527771","135.829250","0","1"
"30","和歌山県","30428","東牟婁郡串本町","304280026000","二色","33.498137","135.769352","0","1"
"30","和歌山県","30428","東牟婁郡串本町","304280027000","西向","33.514048","135.821606","0","1"
"30","和歌山県","30428","東牟婁郡串本町","304280028000","吐生","33.516673","135.737308","0","1"
"30","和歌山県","30428","東牟婁郡串本町","304280029000","姫","33.498257","135.794394","0","1"
"30","和歌山県","30428","東牟婁郡串本町","304280030000","姫川","33.513990","135.781655","0","1"
"30","和歌山県","30428","東牟婁郡串本町","304280031000","古田","33.530061","135.807365","0","1"
"30","和歌山県","30428","東牟婁郡串本町","304280032000","和深","33.509554","135.659326","0","1"
