"都道府県コード","都道府県名","市区町村コード","市区町村名","大字町丁目コード","大字町丁目名","緯度","経度","原典資料コード","大字・字・丁目区分コード"
"12","千葉県","12101","千葉市中央区","121010001000","青葉町","35.597240","140.139851","0","1"
"12","千葉県","12101","千葉市中央区","121010002000","赤井町","35.571702","140.161109","0","1"
"12","千葉県","12101","千葉市中央区","121010003000","旭町","35.608093","140.134237","0","1"
"12","千葉県","12101","千葉市中央区","121010004000","市場町","35.604414","140.123915","0","1"
"12","千葉県","12101","千葉市中央区","121010005001","稲荷町一丁目","35.590521","140.124859","0","3"
"12","千葉県","12101","千葉市中央区","121010005002","稲荷町二丁目","35.588810","140.125214","0","3"
"12","千葉県","12101","千葉市中央区","121010005003","稲荷町三丁目","35.586319","140.126492","0","3"
"12","千葉県","12101","千葉市中央区","121010006001","亥鼻一丁目","35.604550","140.132910","0","3"
"12","千葉県","12101","千葉市中央区","121010006002","亥鼻二丁目","35.602758","140.128385","0","3"
"12","千葉県","12101","千葉市中央区","121010006003","亥鼻三丁目","35.602764","140.130924","0","3"
"12","千葉県","12101","千葉市中央区","121010007001","今井一丁目","35.583359","140.128017","0","3"
"12","千葉県","12101","千葉市中央区","121010007002","今井二丁目","35.580695","140.129131","0","3"
"12","千葉県","12101","千葉市中央区","121010007003","今井三丁目","35.577317","140.130364","0","3"
"12","千葉県","12101","千葉市中央区","121010008000","今井町","35.574306","140.141851","0","1"
"12","千葉県","12101","千葉市中央区","121010009001","院内一丁目","35.612823","140.123135","0","3"
"12","千葉県","12101","千葉市中央区","121010009002","院内二丁目","35.612913","140.125345","0","3"
"12","千葉県","12101","千葉市中央区","121010010000","鵜の森町","35.574870","140.139365","0","1"
"12","千葉県","12101","千葉市中央区","121010011000","大森町","35.580108","140.147700","0","1"
"12","千葉県","12101","千葉市中央区","121010012000","生実町","35.564164","140.148487","0","1"
"12","千葉県","12101","千葉市中央区","121010013001","春日一丁目","35.619396","140.103928","0","3"
"12","千葉県","12101","千葉市中央区","121010013002","春日二丁目","35.621811","140.101911","0","3"
"12","千葉県","12101","千葉市中央区","121010014001","葛城一丁目","35.599696","140.128475","0","3"
"12","千葉県","12101","千葉市中央区","121010014002","葛城二丁目","35.599713","140.131772","0","3"
"12","千葉県","12101","千葉市中央区","121010014003","葛城三丁目","35.599272","140.134293","0","3"
"12","千葉県","12101","千葉市中央区","121010015000","要町","35.615555","140.120945","0","1"
"12","千葉県","12101","千葉市中央区","121010016000","亀井町","35.607480","140.129729","0","1"
"12","千葉県","12101","千葉市中央区","121010017000","亀岡町","35.606447","140.133321","0","1"
"12","千葉県","12101","千葉市中央区","121010018000","川崎町","35.578899","140.094327","0","1"
"12","千葉県","12101","千葉市中央区","121010019000","川戸町","35.584833","140.167516","0","1"
"12","千葉県","12101","千葉市中央区","121010020000","栄町","35.613083","140.120320","0","1"
"12","千葉県","12101","千葉市中央区","121010021001","寒川町一丁目","35.596743","140.120322","0","3"
"12","千葉県","12101","千葉市中央区","121010021002","寒川町二丁目","35.594259","140.120348","0","3"
"12","千葉県","12101","千葉市中央区","121010021003","寒川町三丁目","35.592531","140.122791","0","3"
"12","千葉県","12101","千葉市中央区","121010022000","塩田町","35.561776","140.131666","0","1"
"12","千葉県","12101","千葉市中央区","121010023000","汐見丘町","35.617068","140.105819","0","1"
"12","千葉県","12101","千葉市中央区","121010024001","白旗一丁目","35.578211","140.137988","0","3"
"12","千葉県","12101","千葉市中央区","121010024002","白旗二丁目","35.578437","140.140478","0","3"
"12","千葉県","12101","千葉市中央区","121010024003","白旗三丁目","35.581265","140.140466","0","3"
"12","千葉県","12101","千葉市中央区","121010025001","新宿一丁目","35.605097","140.113564","0","3"
"12","千葉県","12101","千葉市中央区","121010025002","新宿二丁目","35.606898","140.115602","0","3"
"12","千葉県","12101","千葉市中央区","121010026001","新千葉一丁目","35.612925","140.113694","0","3"
"12","千葉県","12101","千葉市中央区","121010026002","新千葉二丁目","35.613775","140.109739","0","3"
"12","千葉県","12101","千葉市中央区","121010026003","新千葉三丁目","35.614859","140.107004","0","3"
"12","千葉県","12101","千葉市中央区","121010027000","新田町","35.607744","140.111059","0","1"
"12","千葉県","12101","千葉市中央区","121010028000","新町","35.610491","140.113440","0","1"
"12","千葉県","12101","千葉市中央区","121010029000","神明町","35.601720","140.116188","0","1"
"12","千葉県","12101","千葉市中央区","121010030001","末広一丁目","35.597802","140.124971","0","3"
"12","千葉県","12101","千葉市中央区","121010030002","末広二丁目","35.596254","140.125955","0","3"
"12","千葉県","12101","千葉市中央区","121010030003","末広三丁目","35.593264","140.127429","0","3"
"12","千葉県","12101","千葉市中央区","121010030004","末広四丁目","35.590632","140.128841","0","3"
"12","千葉県","12101","千葉市中央区","121010030005","末広五丁目","35.587598","140.130363","0","3"
"12","千葉県","12101","千葉市中央区","121010031001","蘇我一丁目","35.574789","140.131093","0","3"
"12","千葉県","12101","千葉市中央区","121010031002","蘇我二丁目","35.571820","140.131600","0","3"
"12","千葉県","12101","千葉市中央区","121010031003","蘇我三丁目","35.567577","140.132251","0","3"
"12","千葉県","12101","千葉市中央区","121010031004","蘇我四丁目","35.567448","140.136028","0","3"
"12","千葉県","12101","千葉市中央区","121010031005","蘇我五丁目","35.571761","140.136632","0","3"
"12","千葉県","12101","千葉市中央区","121010032002","蘇我町二丁目","35.565901","140.112403","0","3"
"12","千葉県","12101","千葉市中央区","121010033000","大巌寺町","35.573169","140.146609","0","1"
"12","千葉県","12101","千葉市中央区","121010034000","千葉寺町","35.592634","140.134089","0","1"
"12","千葉県","12101","千葉市中央区","121010035000","千葉港","35.606828","140.106301","0","1"
"12","千葉県","12101","千葉市中央区","121010036001","中央一丁目","35.610696","140.122276","0","3"
"12","千葉県","12101","千葉市中央区","121010036002","中央二丁目","35.609702","140.122455","0","3"
"12","千葉県","12101","千葉市中央区","121010036003","中央三丁目","35.608616","140.122626","0","3"
"12","千葉県","12101","千葉市中央区","121010036004","中央四丁目","35.605997","140.122443","0","3"
"12","千葉県","12101","千葉市中央区","121010037001","中央港一丁目","35.601800","140.101435","0","3"
"12","千葉県","12101","千葉市中央区","121010037002","中央港二丁目","35.597831","140.109845","0","3"
"12","千葉県","12101","千葉市中央区","121010038001","椿森一丁目","35.617998","140.120098","0","3"
"12","千葉県","12101","千葉市中央区","121010038002","椿森二丁目","35.620179","140.120168","0","3"
"12","千葉県","12101","千葉市中央区","121010038003","椿森三丁目","35.622299","140.118458","0","3"
"12","千葉県","12101","千葉市中央区","121010038004","椿森四丁目","35.622876","140.122011","0","3"
"12","千葉県","12101","千葉市中央区","121010038005","椿森五丁目","35.618604","140.123122","0","3"
"12","千葉県","12101","千葉市中央区","121010038006","椿森六丁目","35.622160","140.124010","0","3"
"12","千葉県","12101","千葉市中央区","121010039000","鶴沢町","35.610362","140.134001","0","1"
"12","千葉県","12101","千葉市中央区","121010040000","出洲港","35.597164","140.114401","0","1"
"12","千葉県","12101","千葉市中央区","121010041001","道場北一丁目","35.614460","140.128626","0","3"
"12","千葉県","12101","千葉市中央区","121010041002","道場北二丁目","35.615945","140.131706","0","3"
"12","千葉県","12101","千葉市中央区","121010042000","道場北町","35.616196","140.132725","0","1"
"12","千葉県","12101","千葉市中央区","121010043001","道場南一丁目","35.612615","140.129676","0","3"
"12","千葉県","12101","千葉市中央区","121010043002","道場南二丁目","35.613277","140.132957","0","3"
"12","千葉県","12101","千葉市中央区","121010044000","問屋町","35.601869","140.111131","0","1"
"12","千葉県","12101","千葉市中央区","121010045001","長洲一丁目","35.602650","140.122050","0","3"
"12","千葉県","12101","千葉市中央区","121010045002","長洲二丁目","35.600309","140.123918","0","3"
"12","千葉県","12101","千葉市中央区","121010046000","新浜町","35.558146","140.111071","0","1"
"12","千葉県","12101","千葉市中央区","121010047000","仁戸名町","35.586990","140.160035","0","1"
"12","千葉県","12101","千葉市中央区","121010048001","登戸一丁目","35.609533","140.108879","0","3"
"12","千葉県","12101","千葉市中央区","121010048002","登戸二丁目","35.611603","140.109035","0","3"
"12","千葉県","12101","千葉市中央区","121010048003","登戸三丁目","35.613626","140.104315","0","3"
"12","千葉県","12101","千葉市中央区","121010048004","登戸四丁目","35.617429","140.101248","0","3"
"12","千葉県","12101","千葉市中央区","121010048005","登戸五丁目","35.619886","140.099251","0","3"
"12","千葉県","12101","千葉市中央区","121010049000","花輪町","35.578324","140.157398","0","1"
"12","千葉県","12101","千葉市中央区","121010050000","浜野町","35.554622","140.130920","0","1"
"12","千葉県","12101","千葉市中央区","121010051001","東千葉一丁目","35.622590","140.125274","0","3"
"12","千葉県","12101","千葉市中央区","121010051002","東千葉二丁目","35.622638","140.127587","0","3"
"12","千葉県","12101","千葉市中央区","121010051003","東千葉三丁目","35.627217","140.125310","0","3"
"12","千葉県","12101","千葉市中央区","121010052000","東本町","35.609984","140.129779","0","1"
"12","千葉県","12101","千葉市中央区","121010053001","富士見一丁目","35.612536","140.117217","0","3"
"12","千葉県","12101","千葉市中央区","121010053002","富士見二丁目","35.610173","140.117808","0","3"
"12","千葉県","12101","千葉市中央区","121010054001","弁天一丁目","35.615829","140.112120","0","3"
"12","千葉県","12101","千葉市中央区","121010054002","弁天二丁目","35.615416","140.116478","0","3"
"12","千葉県","12101","千葉市中央区","121010054003","弁天三丁目","35.619084","140.114843","0","3"
"12","千葉県","12101","千葉市中央区","121010054004","弁天四丁目","35.622454","140.114178","0","3"
"12","千葉県","12101","千葉市中央区","121010055000","星久喜町","35.598189","140.151523","0","1"
"12","千葉県","12101","千葉市中央区","121010056000","本千葉町","35.606337","140.119561","0","1"
"12","千葉県","12101","千葉市中央区","121010057001","本町一丁目","35.610530","140.126323","0","3"
"12","千葉県","12101","千葉市中央区","121010057002","本町二丁目","35.608897","140.127656","0","3"
"12","千葉県","12101","千葉市中央区","121010057003","本町三丁目","35.607164","140.126553","0","3"
"12","千葉県","12101","千葉市中央区","121010058000","松ケ丘町","35.589848","140.149572","0","1"
"12","千葉県","12101","千葉市中央区","121010059001","松波一丁目","35.617580","140.109578","0","3"
"12","千葉県","12101","千葉市中央区","121010059002","松波二丁目","35.621012","140.106922","0","3"
"12","千葉県","12101","千葉市中央区","121010059003","松波三丁目","35.619822","140.109488","0","3"
"12","千葉県","12101","千葉市中央区","121010059004","松波四丁目","35.622543","140.110535","0","3"
"12","千葉県","12101","千葉市中央区","121010060000","港町","35.599838","140.119684","0","1"
"12","千葉県","12101","千葉市中央区","121010061000","南生実町","35.556516","140.141894","0","1"
"12","千葉県","12101","千葉市中央区","121010062001","南町一丁目","35.585135","140.131665","0","3"
"12","千葉県","12101","千葉市中央区","121010062002","南町二丁目","35.581679","140.133496","0","3"
"12","千葉県","12101","千葉市中央区","121010062003","南町三丁目","35.577594","140.135086","0","3"
"12","千葉県","12101","千葉市中央区","121010064001","都町一丁目","35.614739","140.139611","0","3"
"12","千葉県","12101","千葉市中央区","121010064002","都町二丁目","35.611229","140.140144","0","3"
"12","千葉県","12101","千葉市中央区","121010064003","都町三丁目","35.608766","140.139174","0","3"
"12","千葉県","12101","千葉市中央区","121010064004","都町四丁目","35.612031","140.144568","1","3"
"12","千葉県","12101","千葉市中央区","121010064005","都町五丁目","35.611625","140.148511","1","3"
"12","千葉県","12101","千葉市中央区","121010064006","都町六丁目","35.614630","140.146961","1","3"
"12","千葉県","12101","千葉市中央区","121010064007","都町七丁目","35.616903","140.147238","1","3"
"12","千葉県","12101","千葉市中央区","121010064008","都町八丁目","35.616268","140.152001","1","3"
"12","千葉県","12101","千葉市中央区","121010065001","宮崎一丁目","35.586809","140.136156","0","3"
"12","千葉県","12101","千葉市中央区","121010065002","宮崎二丁目","35.582541","140.137154","0","3"
"12","千葉県","12101","千葉市中央区","121010066000","宮崎町","35.585624","140.144042","0","1"
"12","千葉県","12101","千葉市中央区","121010067000","村田町","35.549428","140.129709","0","1"
"12","千葉県","12101","千葉市中央区","121010068000","矢作町","35.603647","140.140932","0","1"
"12","千葉県","12101","千葉市中央区","121010069001","祐光一丁目","35.616459","140.126823","0","3"
"12","千葉県","12101","千葉市中央区","121010069002","祐光二丁目","35.617583","140.124920","0","3"
"12","千葉県","12101","千葉市中央区","121010069003","祐光三丁目","35.620422","140.129488","0","3"
"12","千葉県","12101","千葉市中央区","121010069004","祐光四丁目","35.618653","140.129943","0","3"
"12","千葉県","12101","千葉市中央区","121010070001","若草一丁目","35.575314","140.135406","0","3"
"12","千葉県","12102","千葉市花見川区","121020001001","朝日ケ丘一丁目","35.657353","140.091029","0","3"
"12","千葉県","12102","千葉市花見川区","121020001002","朝日ケ丘二丁目","35.658000","140.085977","0","3"
"12","千葉県","12102","千葉市花見川区","121020001003","朝日ケ丘三丁目","35.654954","140.084533","0","3"
"12","千葉県","12102","千葉市花見川区","121020001004","朝日ケ丘四丁目","35.657367","140.079641","0","3"
"12","千葉県","12102","千葉市花見川区","121020001005","朝日ケ丘五丁目","35.660780","140.083117","0","3"
"12","千葉県","12102","千葉市花見川区","121020002000","朝日ケ丘町","35.659133","140.075088","0","1"
"12","千葉県","12102","千葉市花見川区","121020003000","天戸町","35.679437","140.090444","0","1"
"12","千葉県","12102","千葉市花見川区","121020004000","内山町","35.694142","140.131281","0","1"
"12","千葉県","12102","千葉市花見川区","121020005000","宇那谷町","35.685246","140.136960","0","1"
"12","千葉県","12102","千葉市花見川区","121020006001","柏井一丁目","35.693576","140.095232","0","3"
"12","千葉県","12102","千葉市花見川区","121020006004","柏井四丁目","35.705941","140.104767","0","3"
"12","千葉県","12102","千葉市花見川区","121020007000","柏井町","35.693982","140.106096","0","1"
"12","千葉県","12102","千葉市花見川区","121020008001","検見川町一丁目","35.653200","140.065796","0","3"
"12","千葉県","12102","千葉市花見川区","121020008002","検見川町二丁目","35.650256","140.065006","0","3"
"12","千葉県","12102","千葉市花見川区","121020008003","検見川町三丁目","35.648845","140.068878","0","3"
"12","千葉県","12102","千葉市花見川区","121020008005","検見川町五丁目","35.645666","140.073886","0","3"
"12","千葉県","12102","千葉市花見川区","121020009001","こてはし台一丁目","35.684807","140.124751","0","3"
"12","千葉県","12102","千葉市花見川区","121020009002","こてはし台二丁目","35.687193","140.127066","0","3"
"12","千葉県","12102","千葉市花見川区","121020009003","こてはし台三丁目","35.684901","140.120327","0","3"
"12","千葉県","12102","千葉市花見川区","121020009004","こてはし台四丁目","35.686755","140.118485","0","3"
"12","千葉県","12102","千葉市花見川区","121020009005","こてはし台五丁目","35.691324","140.119116","0","3"
"12","千葉県","12102","千葉市花見川区","121020009006","こてはし台六丁目","35.695556","140.116821","0","3"
"12","千葉県","12102","千葉市花見川区","121020010000","犢橋町","35.671512","140.103499","0","1"
"12","千葉県","12102","千葉市花見川区","121020011001","作新台一丁目","35.690921","140.090681","0","3"
"12","千葉県","12102","千葉市花見川区","121020011002","作新台二丁目","35.691650","140.087778","0","3"
"12","千葉県","12102","千葉市花見川区","121020011003","作新台三丁目","35.692825","140.084540","0","3"
"12","千葉県","12102","千葉市花見川区","121020011004","作新台四丁目","35.692032","140.080462","0","3"
"12","千葉県","12102","千葉市花見川区","121020011005","作新台五丁目","35.691253","140.082829","0","3"
"12","千葉県","12102","千葉市花見川区","121020011006","作新台六丁目","35.688070","140.087720","0","3"
"12","千葉県","12102","千葉市花見川区","121020011007","作新台七丁目","35.688236","140.084143","0","3"
"12","千葉県","12102","千葉市花見川区","121020011008","作新台八丁目","35.685581","140.086054","0","3"
"12","千葉県","12102","千葉市花見川区","121020012001","さつきが丘一丁目","35.664710","140.097179","0","3"
"12","千葉県","12102","千葉市花見川区","121020012002","さつきが丘二丁目","35.666536","140.092733","0","3"
"12","千葉県","12102","千葉市花見川区","121020013000","三角町","35.676193","140.119632","0","1"
"12","千葉県","12102","千葉市花見川区","121020014000","大日町","35.681758","140.131839","0","1"
"12","千葉県","12102","千葉市花見川区","121020015001","武石町一丁目","35.668249","140.064907","0","3"
"12","千葉県","12102","千葉市花見川区","121020015002","武石町二丁目","35.661579","140.063555","0","3"
"12","千葉県","12102","千葉市花見川区","121020016000","千種町","35.679078","140.113948","0","1"
"12","千葉県","12102","千葉市花見川区","121020017001","長作台一丁目","35.682049","140.081176","0","3"
"12","千葉県","12102","千葉市花見川区","121020017002","長作台二丁目","35.684325","140.082180","0","3"
"12","千葉県","12102","千葉市花見川区","121020018000","長作町","35.680375","140.076637","0","1"
"12","千葉県","12102","千葉市花見川区","121020019000","浪花町","35.657246","140.066090","0","1"
"12","千葉県","12102","千葉市花見川区","121020020000","西小中台","35.651875","140.086981","0","1"
"12","千葉県","12102","千葉市花見川区","121020021000","畑町","35.665988","140.081175","0","1"
"12","千葉県","12102","千葉市花見川区","121020022000","花島町","35.683415","140.099391","0","1"
"12","千葉県","12102","千葉市花見川区","121020023001","花園一丁目","35.652780","140.074943","0","3"
"12","千葉県","12102","千葉市花見川区","121020023002","花園二丁目","35.653519","140.069857","0","3"
"12","千葉県","12102","千葉市花見川区","121020023003","花園三丁目","35.656769","140.070277","0","3"
"12","千葉県","12102","千葉市花見川区","121020023004","花園四丁目","35.655876","140.073337","0","3"
"12","千葉県","12102","千葉市花見川区","121020023005","花園五丁目","35.654500","140.076114","0","3"
"12","千葉県","12102","千葉市花見川区","121020024000","花園町","35.654927","140.078421","0","1"
"12","千葉県","12102","千葉市花見川区","121020025000","花見川","35.689349","140.097052","0","1"
"12","千葉県","12102","千葉市花見川区","121020026001","幕張町一丁目","35.661520","140.047314","0","3"
"12","千葉県","12102","千葉市花見川区","121020026002","幕張町二丁目","35.668460","140.052893","0","3"
"12","千葉県","12102","千葉市花見川区","121020026003","幕張町三丁目","35.667704","140.055182","0","3"
"12","千葉県","12102","千葉市花見川区","121020026004","幕張町四丁目","35.667071","140.057920","0","3"
"12","千葉県","12102","千葉市花見川区","121020026005","幕張町五丁目","35.655067","140.056351","0","3"
"12","千葉県","12102","千葉市花見川区","121020026006","幕張町六丁目","35.659551","140.060504","0","3"
"12","千葉県","12102","千葉市花見川区","121020027001","幕張本郷一丁目","35.671358","140.038834","0","3"
"12","千葉県","12102","千葉市花見川区","121020027002","幕張本郷二丁目","35.668815","140.041948","0","3"
"12","千葉県","12102","千葉市花見川区","121020027003","幕張本郷三丁目","35.666659","140.046105","0","3"
"12","千葉県","12102","千葉市花見川区","121020027004","幕張本郷四丁目","35.668345","140.049815","0","3"
"12","千葉県","12102","千葉市花見川区","121020027005","幕張本郷五丁目","35.672681","140.045584","0","3"
"12","千葉県","12102","千葉市花見川区","121020027006","幕張本郷六丁目","35.675203","140.042830","0","3"
"12","千葉県","12102","千葉市花見川区","121020027007","幕張本郷七丁目","35.674729","140.048723","0","3"
"12","千葉県","12102","千葉市花見川区","121020028001","瑞穂一丁目","35.665484","140.069749","0","3"
"12","千葉県","12102","千葉市花見川区","121020028002","瑞穂二丁目","35.662708","140.071222","0","3"
"12","千葉県","12102","千葉市花見川区","121020028003","瑞穂三丁目","35.661313","140.069039","0","3"
"12","千葉県","12102","千葉市花見川区","121020029001","南花園一丁目","35.650172","140.077982","0","3"
"12","千葉県","12102","千葉市花見川区","121020029002","南花園二丁目","35.651626","140.071599","0","3"
"12","千葉県","12102","千葉市花見川区","121020030001","み春野一丁目","35.691966","140.137438","0","3"
"12","千葉県","12102","千葉市花見川区","121020030002","み春野二丁目","35.690813","140.139527","0","3"
"12","千葉県","12102","千葉市花見川区","121020030003","み春野三丁目","35.695407","140.138075","0","3"
"12","千葉県","12102","千葉市花見川区","121020031001","宮野木台一丁目","35.654079","140.090495","0","3"
"12","千葉県","12102","千葉市花見川区","121020031002","宮野木台二丁目","35.657246","140.094039","0","3"
"12","千葉県","12102","千葉市花見川区","121020031003","宮野木台三丁目","35.659477","140.094237","0","3"
"12","千葉県","12102","千葉市花見川区","121020031004","宮野木台四丁目","35.658517","140.096891","0","3"
"12","千葉県","12102","千葉市花見川区","121020032000","横戸台","35.698163","140.113465","0","1"
"12","千葉県","12102","千葉市花見川区","121020033000","横戸町","35.700176","140.118907","0","1"
"12","千葉県","12103","千葉市稲毛区","121030001001","穴川一丁目","35.632655","140.105346","0","3"
"12","千葉県","12103","千葉市稲毛区","121030001002","穴川二丁目","35.634130","140.107844","0","3"
"12","千葉県","12103","千葉市稲毛区","121030001003","穴川三丁目","35.635939","140.110364","0","3"
"12","千葉県","12103","千葉市稲毛区","121030001004","穴川四丁目","35.635962","140.103167","0","3"
"12","千葉県","12103","千葉市稲毛区","121030002000","穴川町","35.638495","140.108422","0","1"
"12","千葉県","12103","千葉市稲毛区","121030003000","あやめ台","35.649049","140.113390","0","1"
"12","千葉県","12103","千葉市稲毛区","121030004000","稲丘町","35.632044","140.087828","0","1"
"12","千葉県","12103","千葉市稲毛区","121030005001","稲毛一丁目","35.635198","140.083994","0","3"
"12","千葉県","12103","千葉市稲毛区","121030005002","稲毛二丁目","35.638034","140.080052","0","3"
"12","千葉県","12103","千葉市稲毛区","121030005003","稲毛三丁目","35.639070","140.083360","0","3"
"12","千葉県","12103","千葉市稲毛区","121030006000","稲毛台町","35.633293","140.093231","0","1"
"12","千葉県","12103","千葉市稲毛区","121030007004","稲毛町四丁目","35.646733","140.084948","0","3"
"12","千葉県","12103","千葉市稲毛区","121030007005","稲毛町五丁目","35.643421","140.079951","0","3"
"12","千葉県","12103","千葉市稲毛区","121030008001","稲毛東一丁目","35.633309","140.089549","0","3"
"12","千葉県","12103","千葉市稲毛区","121030008002","稲毛東二丁目","35.636619","140.087079","0","3"
"12","千葉県","12103","千葉市稲毛区","121030008003","稲毛東三丁目","35.636269","140.091031","0","3"
"12","千葉県","12103","千葉市稲毛区","121030008004","稲毛東四丁目","35.640425","140.089367","0","3"
"12","千葉県","12103","千葉市稲毛区","121030008005","稲毛東五丁目","35.640050","140.086828","0","3"
"12","千葉県","12103","千葉市稲毛区","121030008006","稲毛東六丁目","35.643897","140.086264","0","3"
"12","千葉県","12103","千葉市稲毛区","121030009000","柏台","35.651720","140.109707","0","1"
"12","千葉県","12103","千葉市稲毛区","121030010001","黒砂一丁目","35.625194","140.095355","0","3"
"12","千葉県","12103","千葉市稲毛区","121030010002","黒砂二丁目","35.626213","140.092942","0","3"
"12","千葉県","12103","千葉市稲毛区","121030010003","黒砂三丁目","35.629073","140.092724","0","3"
"12","千葉県","12103","千葉市稲毛区","121030010004","黒砂四丁目","35.629895","140.090108","0","3"
"12","千葉県","12103","千葉市稲毛区","121030011001","黒砂台一丁目","35.628455","140.096804","0","3"
"12","千葉県","12103","千葉市稲毛区","121030011002","黒砂台二丁目","35.630793","140.094940","0","3"
"12","千葉県","12103","千葉市稲毛区","121030011003","黒砂台三丁目","35.630392","140.098074","0","3"
"12","千葉県","12103","千葉市稲毛区","121030012001","小仲台一丁目","35.634339","140.096500","0","3"
"12","千葉県","12103","千葉市稲毛区","121030012002","小仲台二丁目","35.637111","140.096136","0","3"
"12","千葉県","12103","千葉市稲毛区","121030012003","小仲台三丁目","35.637264","140.099084","0","3"
"12","千葉県","12103","千葉市稲毛区","121030012004","小仲台四丁目","35.638084","140.101835","0","3"
"12","千葉県","12103","千葉市稲毛区","121030012005","小仲台五丁目","35.640770","140.099331","0","3"
"12","千葉県","12103","千葉市稲毛区","121030012006","小仲台六丁目","35.640425","140.093637","0","3"
"12","千葉県","12103","千葉市稲毛区","121030012007","小仲台七丁目","35.642791","140.091535","0","3"
"12","千葉県","12103","千葉市稲毛区","121030012008","小仲台八丁目","35.646524","140.088233","0","3"
"12","千葉県","12103","千葉市稲毛区","121030012009","小仲台九丁目","35.645463","140.098793","0","3"
"12","千葉県","12103","千葉市稲毛区","121030013000","小中台町","35.648945","140.093429","0","1"
"12","千葉県","12103","千葉市稲毛区","121030014000","小深町","35.659595","140.150188","0","1"
"12","千葉県","12103","千葉市稲毛区","121030015001","作草部一丁目","35.628254","140.116731","0","3"
"12","千葉県","12103","千葉市稲毛区","121030015002","作草部二丁目","35.626552","140.117624","0","3"
"12","千葉県","12103","千葉市稲毛区","121030016000","作草部町","35.628792","140.121948","0","1"
"12","千葉県","12103","千葉市稲毛区","121030017000","山王町","35.663874","140.140984","0","1"
"12","千葉県","12103","千葉市稲毛区","121030018000","園生町","35.644430","140.107847","0","1"
"12","千葉県","12103","千葉市稲毛区","121030019001","千草台一丁目","35.634442","140.118593","0","3"
"12","千葉県","12103","千葉市稲毛区","121030019002","千草台二丁目","35.635107","140.120850","0","3"
"12","千葉県","12103","千葉市稲毛区","121030020001","天台一丁目","35.631787","140.114572","0","3"
"12","千葉県","12103","千葉市稲毛区","121030020002","天台二丁目","35.635070","140.113567","0","3"
"12","千葉県","12103","千葉市稲毛区","121030020003","天台三丁目","35.632899","140.117151","0","3"
"12","千葉県","12103","千葉市稲毛区","121030020004","天台四丁目","35.636652","140.115035","0","3"
"12","千葉県","12103","千葉市稲毛区","121030020005","天台五丁目","35.639089","140.114630","0","3"
"12","千葉県","12103","千葉市稲毛区","121030020006","天台六丁目","35.641107","140.116053","0","3"
"12","千葉県","12103","千葉市稲毛区","121030021000","天台町","35.647909","140.120320","0","1"
"12","千葉県","12103","千葉市稲毛区","121030022001","轟町一丁目","35.625435","140.110135","0","3"
"12","千葉県","12103","千葉市稲毛区","121030022002","轟町二丁目","35.629508","140.106583","0","3"
"12","千葉県","12103","千葉市稲毛区","121030022003","轟町三丁目","35.629730","140.109148","0","3"
"12","千葉県","12103","千葉市稲毛区","121030022004","轟町四丁目","35.626446","140.113164","0","3"
"12","千葉県","12103","千葉市稲毛区","121030022005","轟町五丁目","35.630313","140.111797","0","3"
"12","千葉県","12103","千葉市稲毛区","121030023000","長沼町","35.659928","140.118865","0","1"
"12","千葉県","12103","千葉市稲毛区","121030024000","長沼原町","35.668516","140.130186","0","1"
"12","千葉県","12103","千葉市稲毛区","121030025000","萩台町","35.642545","140.122777","0","1"
"12","千葉県","12103","千葉市稲毛区","121030026001","緑町一丁目","35.624943","140.099317","0","3"
"12","千葉県","12103","千葉市稲毛区","121030026002","緑町二丁目","35.622807","140.096793","0","3"
"12","千葉県","12103","千葉市稲毛区","121030027000","宮野木町","35.656163","140.103796","0","1"
"12","千葉県","12103","千葉市稲毛区","121030028000","弥生町","35.627767","140.103344","0","1"
"12","千葉県","12103","千葉市稲毛区","121030029000","六方町","35.656988","140.139464","0","1"
"12","千葉県","12104","千葉市若葉区","121040001000","愛生町","35.653386","140.134500","0","1"
"12","千葉県","12104","千葉市若葉区","121040002000","五十土町","35.579820","140.216771","0","1"
"12","千葉県","12104","千葉市若葉区","121040003000","和泉町","35.577460","140.251817","0","1"
"12","千葉県","12104","千葉市若葉区","121040004000","大井戸町","35.628542","140.214336","0","1"
"12","千葉県","12104","千葉市若葉区","121040005000","大草町","35.610372","140.190813","0","1"
"12","千葉県","12104","千葉市若葉区","121040006000","太田町","35.607491","140.176235","0","1"
"12","千葉県","12104","千葉市若葉区","121040007000","大広町","35.577516","140.207637","0","1"
"12","千葉県","12104","千葉市若葉区","121040008001","大宮台一丁目","35.594000","140.184359","0","3"
"12","千葉県","12104","千葉市若葉区","121040008002","大宮台二丁目","35.589974","140.183717","0","3"
"12","千葉県","12104","千葉市若葉区","121040008003","大宮台三丁目","35.589295","140.180255","0","3"
"12","千葉県","12104","千葉市若葉区","121040008004","大宮台四丁目","35.591776","140.181013","0","3"
"12","千葉県","12104","千葉市若葉区","121040008005","大宮台五丁目","35.593863","140.178587","0","3"
"12","千葉県","12104","千葉市若葉区","121040008006","大宮台六丁目","35.594769","140.181665","0","3"
"12","千葉県","12104","千葉市若葉区","121040008007","大宮台七丁目","35.598705","140.182565","0","3"
"12","千葉県","12104","千葉市若葉区","121040009000","大宮町","35.594311","140.170521","0","1"
"12","千葉県","12104","千葉市若葉区","121040010001","小倉台一丁目","35.628562","140.169397","0","3"
"12","千葉県","12104","千葉市若葉区","121040010002","小倉台二丁目","35.625517","140.170951","0","3"
"12","千葉県","12104","千葉市若葉区","121040010003","小倉台三丁目","35.626758","140.174295","0","3"
"12","千葉県","12104","千葉市若葉区","121040010004","小倉台四丁目","35.629717","140.171433","0","3"
"12","千葉県","12104","千葉市若葉区","121040010005","小倉台五丁目","35.630377","140.174260","0","3"
"12","千葉県","12104","千葉市若葉区","121040010006","小倉台六丁目","35.630095","140.178530","0","3"
"12","千葉県","12104","千葉市若葉区","121040010007","小倉台七丁目","35.627149","140.178524","0","3"
"12","千葉県","12104","千葉市若葉区","121040011000","小倉町","35.628047","140.167055","0","1"
"12","千葉県","12104","千葉市若葉区","121040012001","御成台一丁目","35.626693","140.194365","0","3"
"12","千葉県","12104","千葉市若葉区","121040012002","御成台二丁目","35.631247","140.197021","0","3"
"12","千葉県","12104","千葉市若葉区","121040012003","御成台三丁目","35.635123","140.201595","0","3"
"12","千葉県","12104","千葉市若葉区","121040012004","御成台四丁目","35.637166","140.203966","0","3"
"12","千葉県","12104","千葉市若葉区","121040013000","小間子町","35.616718","140.258343","0","1"
"12","千葉県","12104","千葉市若葉区","121040014001","貝塚一丁目","35.625176","140.152598","0","3"
"12","千葉県","12104","千葉市若葉区","121040014002","貝塚二丁目","35.631045","140.151752","0","3"
"12","千葉県","12104","千葉市若葉区","121040015000","貝塚町","35.622136","140.146966","0","1"
"12","千葉県","12104","千葉市若葉区","121040016000","加曽利町","35.613823","140.162961","0","1"
"12","千葉県","12104","千葉市若葉区","121040017000","金親町","35.619492","140.205292","0","1"
"12","千葉県","12104","千葉市若葉区","121040018000","上泉町","35.623951","140.237385","0","1"
"12","千葉県","12104","千葉市若葉区","121040019000","川井町","35.587013","140.219072","0","1"
"12","千葉県","12104","千葉市若葉区","121040020000","北大宮台","35.599467","140.179620","0","1"
"12","千葉県","12104","千葉市若葉区","121040021000","北谷津町","35.607637","140.201247","0","1"
"12","千葉県","12104","千葉市若葉区","121040022000","古泉町","35.593354","140.242811","0","1"
"12","千葉県","12104","千葉市若葉区","121040023000","御殿町","35.611614","140.215090","0","1"
"12","千葉県","12104","千葉市若葉区","121040024000","坂月町","35.612698","140.179318","0","1"
"12","千葉県","12104","千葉市若葉区","121040025001","桜木一丁目","35.619555","140.156091","0","3"
"12","千葉県","12104","千葉市若葉区","121040025002","桜木二丁目","35.620848","140.163320","0","3"
"12","千葉県","12104","千葉市若葉区","121040025003","桜木三丁目","35.623348","140.160310","0","3"
"12","千葉県","12104","千葉市若葉区","121040025004","桜木四丁目","35.624332","140.156771","0","3"
"12","千葉県","12104","千葉市若葉区","121040025005","桜木五丁目","35.624894","140.154775","0","3"
"12","千葉県","12104","千葉市若葉区","121040025006","桜木六丁目","35.629953","140.156187","0","3"
"12","千葉県","12104","千葉市若葉区","121040025007","桜木七丁目","35.629077","140.160038","0","3"
"12","千葉県","12104","千葉市若葉区","121040025008","桜木八丁目","35.626496","140.162667","0","3"
"12","千葉県","12104","千葉市若葉区","121040026001","桜木北一丁目","35.630354","140.164353","0","3"
"12","千葉県","12104","千葉市若葉区","121040026002","桜木北二丁目","35.634764","140.156782","0","3"
"12","千葉県","12104","千葉市若葉区","121040026003","桜木北三丁目","35.636754","140.159682","0","3"
"12","千葉県","12104","千葉市若葉区","121040027000","更科町","35.617484","140.228572","0","1"
"12","千葉県","12104","千葉市若葉区","121040028000","佐和町","35.584932","140.206763","0","1"
"12","千葉県","12104","千葉市若葉区","121040029000","下泉町","35.630164","140.228055","0","1"
"12","千葉県","12104","千葉市若葉区","121040030000","下田町","35.634334","140.211324","0","1"
"12","千葉県","12104","千葉市若葉区","121040031000","高品町","35.625841","140.137815","0","1"
"12","千葉県","12104","千葉市若葉区","121040032000","高根町","35.593785","140.214519","0","1"
"12","千葉県","12104","千葉市若葉区","121040033000","多部田町","35.597429","140.194719","0","1"
"12","千葉県","12104","千葉市若葉区","121040034000","旦谷町","35.650394","140.210680","0","1"
"12","千葉県","12104","千葉市若葉区","121040035001","千城台北一丁目","35.627671","140.183733","0","3"
"12","千葉県","12104","千葉市若葉区","121040035002","千城台北二丁目","35.626021","140.187683","0","3"
"12","千葉県","12104","千葉市若葉区","121040035003","千城台北三丁目","35.623578","140.190272","0","3"
"12","千葉県","12104","千葉市若葉区","121040035004","千城台北四丁目","35.625271","140.192802","0","3"
"12","千葉県","12104","千葉市若葉区","121040036001","千城台西一丁目","35.624848","140.182857","0","3"
"12","千葉県","12104","千葉市若葉区","121040036002","千城台西二丁目","35.620602","140.184724","0","3"
"12","千葉県","12104","千葉市若葉区","121040036003","千城台西三丁目","35.620379","140.181036","0","3"
"12","千葉県","12104","千葉市若葉区","121040037001","千城台東一丁目","35.622180","140.192163","0","3"
"12","千葉県","12104","千葉市若葉区","121040037002","千城台東二丁目","35.621132","140.195273","0","3"
"12","千葉県","12104","千葉市若葉区","121040037003","千城台東三丁目","35.619305","140.197745","0","3"
"12","千葉県","12104","千葉市若葉区","121040037004","千城台東四丁目","35.616690","140.198812","0","3"
"12","千葉県","12104","千葉市若葉区","121040038001","千城台南一丁目","35.618607","140.190180","0","3"
"12","千葉県","12104","千葉市若葉区","121040038002","千城台南二丁目","35.617969","140.186887","0","3"
"12","千葉県","12104","千葉市若葉区","121040038003","千城台南三丁目","35.615879","140.188193","0","3"
"12","千葉県","12104","千葉市若葉区","121040038004","千城台南四丁目","35.613413","140.191149","0","3"
"12","千葉県","12104","千葉市若葉区","121040039001","都賀一丁目","35.631053","140.145549","0","3"
"12","千葉県","12104","千葉市若葉区","121040039002","都賀二丁目","35.632354","140.148005","0","3"
"12","千葉県","12104","千葉市若葉区","121040039003","都賀三丁目","35.636029","140.151016","0","3"
"12","千葉県","12104","千葉市若葉区","121040039004","都賀四丁目","35.634454","140.153587","0","3"
"12","千葉県","12104","千葉市若葉区","121040039005","都賀五丁目","35.638538","140.155281","0","3"
"12","千葉県","12104","千葉市若葉区","121040040001","都賀の台一丁目","35.640074","140.142540","0","3"
"12","千葉県","12104","千葉市若葉区","121040040002","都賀の台二丁目","35.644319","140.141658","0","3"
"12","千葉県","12104","千葉市若葉区","121040040003","都賀の台三丁目","35.644476","140.144358","0","3"
"12","千葉県","12104","千葉市若葉区","121040040004","都賀の台四丁目","35.641783","140.145538","0","3"
"12","千葉県","12104","千葉市若葉区","121040041000","殿台町","35.635037","140.126014","0","1"
"12","千葉県","12104","千葉市若葉区","121040042000","富田町","35.604316","140.248894","0","1"
"12","千葉県","12104","千葉市若葉区","121040043000","中田町","35.601604","140.225681","0","1"
"12","千葉県","12104","千葉市若葉区","121040044000","中野町","35.578378","140.271668","0","1"
"12","千葉県","12104","千葉市若葉区","121040045001","西都賀一丁目","35.634904","140.145710","0","3"
"12","千葉県","12104","千葉市若葉区","121040045002","西都賀二丁目","35.638860","140.146419","0","3"
"12","千葉県","12104","千葉市若葉区","121040045003","西都賀三丁目","35.637549","140.149203","0","3"
"12","千葉県","12104","千葉市若葉区","121040045004","西都賀四丁目","35.640152","140.151815","0","3"
"12","千葉県","12104","千葉市若葉区","121040045005","西都賀五丁目","35.642220","140.149893","0","3"
"12","千葉県","12104","千葉市若葉区","121040046000","野呂町","35.576372","140.234761","0","1"
"12","千葉県","12104","千葉市若葉区","121040047000","原町","35.632899","140.141101","0","1"
"12","千葉県","12104","千葉市若葉区","121040048000","東寺山町","35.630755","140.133619","0","1"
"12","千葉県","12104","千葉市若葉区","121040049001","みつわ台一丁目","35.633046","140.130160","0","3"
"12","千葉県","12104","千葉市若葉区","121040049002","みつわ台二丁目","35.637981","140.132425","0","3"
"12","千葉県","12104","千葉市若葉区","121040049003","みつわ台三丁目","35.641022","140.136941","0","3"
"12","千葉県","12104","千葉市若葉区","121040049004","みつわ台四丁目","35.643600","140.133830","0","3"
"12","千葉県","12104","千葉市若葉区","121040049005","みつわ台五丁目","35.646852","140.137040","0","3"
"12","千葉県","12104","千葉市若葉区","121040050000","源町","35.647416","140.129068","0","1"
"12","千葉県","12104","千葉市若葉区","121040051000","谷当町","35.644636","140.214275","0","1"
"12","千葉県","12104","千葉市若葉区","121040052001","若松台一丁目","35.649563","140.169533","0","3"
"12","千葉県","12104","千葉市若葉区","121040052002","若松台二丁目","35.648867","140.170947","0","3"
"12","千葉県","12104","千葉市若葉区","121040052003","若松台三丁目","35.651138","140.176364","0","3"
"12","千葉県","12104","千葉市若葉区","121040053000","若松町","35.644627","140.164909","0","1"
"12","千葉県","12105","千葉市緑区","121050001001","あすみが丘一丁目","35.529696","140.269823","0","3"
"12","千葉県","12105","千葉市緑区","121050001002","あすみが丘二丁目","35.524939","140.271333","0","3"
"12","千葉県","12105","千葉市緑区","121050001003","あすみが丘三丁目","35.527284","140.266285","0","3"
"12","千葉県","12105","千葉市緑区","121050001004","あすみが丘四丁目","35.524682","140.263973","0","3"
"12","千葉県","12105","千葉市緑区","121050001005","あすみが丘五丁目","35.526646","140.259663","0","3"
"12","千葉県","12105","千葉市緑区","121050001006","あすみが丘六丁目","35.516806","140.263610","0","3"
"12","千葉県","12105","千葉市緑区","121050001007","あすみが丘七丁目","35.517265","140.266780","0","3"
"12","千葉県","12105","千葉市緑区","121050001008","あすみが丘八丁目","35.516490","140.271215","0","3"
"12","千葉県","12105","千葉市緑区","121050001009","あすみが丘九丁目","35.511433","140.264021","0","3"
"12","千葉県","12105","千葉市緑区","121050002001","あすみが丘東一丁目","35.527427","140.280086","0","3"
"12","千葉県","12105","千葉市緑区","121050002002","あすみが丘東二丁目","35.525127","140.276070","0","3"
"12","千葉県","12105","千葉市緑区","121050002003","あすみが丘東三丁目","35.523772","140.280755","0","3"
"12","千葉県","12105","千葉市緑区","121050002004","あすみが丘東四丁目","35.522347","140.276739","0","3"
"12","千葉県","12105","千葉市緑区","121050002005","あすみが丘東五丁目","35.519636","140.274508","0","3"
"12","千葉県","12105","千葉市緑区","121050003000","板倉町","35.503860","140.252839","0","1"
"12","千葉県","12105","千葉市緑区","121050004000","大金沢町","35.540424","140.173987","0","1"
"12","千葉県","12105","千葉市緑区","121050005000","大木戸町","35.520335","140.245239","0","1"
"12","千葉県","12105","千葉市緑区","121050006000","大椎町","35.517380","140.257750","0","1"
"12","千葉県","12105","千葉市緑区","121050007000","大高町","35.538390","140.248154","0","1"
"12","千葉県","12105","千葉市緑区","121050008001","大野台一丁目","35.517281","140.228050","0","3"
"12","千葉県","12105","千葉市緑区","121050008002","大野台二丁目","35.512244","140.237874","0","3"
"12","千葉県","12105","千葉市緑区","121050009000","落井町","35.543111","140.159266","0","1"
"12","千葉県","12105","千葉市緑区","121050010000","越智町","35.530648","140.238940","0","1"
"12","千葉県","12105","千葉市緑区","121050011000","小山町","35.504869","140.269473","0","1"
"12","千葉県","12105","千葉市緑区","121050012001","おゆみ野一丁目","35.562210","140.163562","0","3"
"12","千葉県","12105","千葉市緑区","121050012002","おゆみ野二丁目","35.561945","140.171904","0","3"
"12","千葉県","12105","千葉市緑区","121050012003","おゆみ野三丁目","35.560667","140.176948","0","3"
"12","千葉県","12105","千葉市緑区","121050012004","おゆみ野四丁目","35.557034","140.181579","0","3"
"12","千葉県","12105","千葉市緑区","121050012005","おゆみ野五丁目","35.553493","140.187893","0","3"
"12","千葉県","12105","千葉市緑区","121050012006","おゆみ野六丁目","35.550422","140.191664","0","3"
"12","千葉県","12105","千葉市緑区","121050013000","おゆみ野有吉","35.558365","140.166838","0","1"
"12","千葉県","12105","千葉市緑区","121050014001","おゆみ野中央一丁目","35.558960","140.160381","0","3"
"12","千葉県","12105","千葉市緑区","121050014002","おゆみ野中央二丁目","35.555231","140.161391","0","3"
"12","千葉県","12105","千葉市緑区","121050014003","おゆみ野中央三丁目","35.553775","140.167817","0","3"
"12","千葉県","12105","千葉市緑区","121050014004","おゆみ野中央四丁目","35.552680","140.173379","0","3"
"12","千葉県","12105","千葉市緑区","121050014005","おゆみ野中央五丁目","35.557298","140.173136","0","3"
"12","千葉県","12105","千葉市緑区","121050014006","おゆみ野中央六丁目","35.553703","140.179155","0","3"
"12","千葉県","12105","千葉市緑区","121050014007","おゆみ野中央七丁目","35.548973","140.178980","0","3"
"12","千葉県","12105","千葉市緑区","121050014008","おゆみ野中央八丁目","35.549005","140.187067","0","3"
"12","千葉県","12105","千葉市緑区","121050014009","おゆみ野中央九丁目","35.545379","140.182192","0","3"
"12","千葉県","12105","千葉市緑区","121050015001","おゆみ野南一丁目","35.552114","140.161728","0","3"
"12","千葉県","12105","千葉市緑区","121050015002","おゆみ野南二丁目","35.549575","140.169543","0","3"
"12","千葉県","12105","千葉市緑区","121050015003","おゆみ野南三丁目","35.548090","140.167280","0","3"
"12","千葉県","12105","千葉市緑区","121050015004","おゆみ野南四丁目","35.544509","140.168401","0","3"
"12","千葉県","12105","千葉市緑区","121050015005","おゆみ野南五丁目","35.547050","140.175443","0","3"
"12","千葉県","12105","千葉市緑区","121050015006","おゆみ野南六丁目","35.542640","140.180454","0","3"
"12","千葉県","12105","千葉市緑区","121050016000","鎌取町","35.566653","140.173331","0","1"
"12","千葉県","12105","千葉市緑区","121050017000","上大和田町","35.553868","140.281498","0","1"
"12","千葉県","12105","千葉市緑区","121050018000","刈田子町","35.546240","140.159684","0","1"
"12","千葉県","12105","千葉市緑区","121050019000","小金沢町","35.543090","140.170445","0","1"
"12","千葉県","12105","千葉市緑区","121050020000","椎名崎町","35.549525","140.157177","0","1"
"12","千葉県","12105","千葉市緑区","121050021000","下大和田町","35.558469","140.258793","0","1"
"12","千葉県","12105","千葉市緑区","121050022000","大膳野町","35.543725","140.193905","0","1"
"12","千葉県","12105","千葉市緑区","121050023000","高田町","35.560882","140.222805","0","1"
"12","千葉県","12105","千葉市緑区","121050024000","高津戸町","35.539679","140.261611","0","1"
"12","千葉県","12105","千葉市緑区","121050025000","土気町","35.536847","140.277563","0","1"
"12","千葉県","12105","千葉市緑区","121050026000","富岡町","35.542049","140.167956","0","1"
"12","千葉県","12105","千葉市緑区","121050027000","中西町","35.538533","140.158472","0","1"
"12","千葉県","12105","千葉市緑区","121050028000","東山科町","35.582965","140.189525","0","1"
"12","千葉県","12105","千葉市緑区","121050029000","平川町","35.554025","140.246560","0","1"
"12","千葉県","12105","千葉市緑区","121050030000","平山町","35.574185","140.192459","0","1"
"12","千葉県","12105","千葉市緑区","121050031000","古市場町","35.545056","140.150045","0","1"
"12","千葉県","12105","千葉市緑区","121050032000","辺田町","35.566241","140.184223","0","1"
"12","千葉県","12105","千葉市緑区","121050033001","誉田町一丁目","35.553520","140.197653","0","3"
"12","千葉県","12105","千葉市緑区","121050033002","誉田町二丁目","35.548479","140.208520","0","3"
"12","千葉県","12105","千葉市緑区","121050033003","誉田町三丁目","35.542503","140.213638","0","3"
"12","千葉県","12105","千葉市緑区","121050034000","茂呂町","35.537185","140.171350","0","1"
"12","千葉県","12105","千葉市緑区","121050035000","小食土町","35.515213","140.278231","0","1"
"12","千葉県","12106","千葉市美浜区","121060001001","磯辺一丁目","35.629713","140.064054","0","3"
"12","千葉県","12106","千葉市美浜区","121060001002","磯辺二丁目","35.625084","140.056478","0","3"
"12","千葉県","12106","千葉市美浜区","121060001003","磯辺三丁目","35.628518","140.054908","0","3"
"12","千葉県","12106","千葉市美浜区","121060001004","磯辺四丁目","35.631473","140.058094","0","3"
"12","千葉県","12106","千葉市美浜区","121060001005","磯辺五丁目","35.634421","140.059487","0","3"
"12","千葉県","12106","千葉市美浜区","121060001006","磯辺六丁目","35.637074","140.055526","0","3"
"12","千葉県","12106","千葉市美浜区","121060001007","磯辺七丁目","35.635836","140.051025","0","3"
"12","千葉県","12106","千葉市美浜区","121060001008","磯辺八丁目","35.631018","140.049051","0","3"
"12","千葉県","12106","千葉市美浜区","121060002001","稲毛海岸一丁目","35.628424","140.086161","0","3"
"12","千葉県","12106","千葉市美浜区","121060002002","稲毛海岸二丁目","35.631126","140.083117","0","3"
"12","千葉県","12106","千葉市美浜区","121060002003","稲毛海岸三丁目","35.633982","140.080081","0","3"
"12","千葉県","12106","千葉市美浜区","121060002004","稲毛海岸四丁目","35.635973","140.077590","0","3"
"12","千葉県","12106","千葉市美浜区","121060002005","稲毛海岸五丁目","35.638548","140.074481","0","3"
"12","千葉県","12106","千葉市美浜区","121060003001","打瀬一丁目","35.641864","140.049654","0","3"
"12","千葉県","12106","千葉市美浜区","121060003002","打瀬二丁目","35.639354","140.045367","0","3"
"12","千葉県","12106","千葉市美浜区","121060003003","打瀬三丁目","35.637658","140.041996","0","3"
"12","千葉県","12106","千葉市美浜区","121060004001","幸町一丁目","35.613101","140.100070","0","3"
"12","千葉県","12106","千葉市美浜区","121060004002","幸町二丁目","35.621828","140.091577","0","3"
"12","千葉県","12106","千葉市美浜区","121060005000","新港","35.610844","140.092640","0","1"
"12","千葉県","12106","千葉市美浜区","121060006001","高洲一丁目","35.629487","140.078569","0","3"
"12","千葉県","12106","千葉市美浜区","121060006002","高洲二丁目","35.625795","140.080135","0","3"
"12","千葉県","12106","千葉市美浜区","121060006003","高洲三丁目","35.628206","140.075668","0","3"
"12","千葉県","12106","千葉市美浜区","121060006004","高洲四丁目","35.631563","140.071965","0","3"
"12","千葉県","12106","千葉市美浜区","121060007001","高浜一丁目","35.619588","140.074081","0","3"
"12","千葉県","12106","千葉市美浜区","121060007002","高浜二丁目","35.615931","140.071621","0","3"
"12","千葉県","12106","千葉市美浜区","121060007003","高浜三丁目","35.620955","140.065725","0","3"
"12","千葉県","12106","千葉市美浜区","121060007004","高浜四丁目","35.623717","140.069239","0","3"
"12","千葉県","12106","千葉市美浜区","121060007005","高浜五丁目","35.626697","140.065747","0","3"
"12","千葉県","12106","千葉市美浜区","121060007006","高浜六丁目","35.623941","140.062228","0","3"
"12","千葉県","12106","千葉市美浜区","121060007007","高浜七丁目","35.617121","140.064069","0","3"
"12","千葉県","12106","千葉市美浜区","121060008000","豊砂","35.651884","140.026664","0","1"
"12","千葉県","12106","千葉市美浜区","121060009001","中瀬一丁目","35.652999","140.040496","0","3"
"12","千葉県","12106","千葉市美浜区","121060009002","中瀬二丁目","35.648503","140.035705","0","3"
"12","千葉県","12106","千葉市美浜区","121060010001","浜田一丁目","35.658980","140.038522","0","3"
"12","千葉県","12106","千葉市美浜区","121060010002","浜田二丁目","35.656485","140.033299","0","3"
"12","千葉県","12106","千葉市美浜区","121060011001","ひび野一丁目","35.649727","140.044528","0","3"
"12","千葉県","12106","千葉市美浜区","121060011002","ひび野二丁目","35.645523","140.041256","0","3"
"12","千葉県","12106","千葉市美浜区","121060012001","幕張西一丁目","35.666822","140.034460","0","3"
"12","千葉県","12106","千葉市美浜区","121060012002","幕張西二丁目","35.665078","140.037420","0","3"
"12","千葉県","12106","千葉市美浜区","121060012003","幕張西三丁目","35.663374","140.040630","0","3"
"12","千葉県","12106","千葉市美浜区","121060012004","幕張西四丁目","35.661233","140.042913","0","3"
"12","千葉県","12106","千葉市美浜区","121060012005","幕張西五丁目","35.661979","140.035638","0","3"
"12","千葉県","12106","千葉市美浜区","121060012006","幕張西六丁目","35.662613","140.031466","0","3"
"12","千葉県","12106","千葉市美浜区","121060013001","真砂一丁目","35.633851","140.068751","0","3"
"12","千葉県","12106","千葉市美浜区","121060013002","真砂二丁目","35.640716","140.068627","0","3"
"12","千葉県","12106","千葉市美浜区","121060013003","真砂三丁目","35.636442","140.063968","0","3"
"12","千葉県","12106","千葉市美浜区","121060013004","真砂四丁目","35.640692","140.058091","0","3"
"12","千葉県","12106","千葉市美浜区","121060013005","真砂五丁目","35.645365","140.062902","0","3"
"12","千葉県","12106","千葉市美浜区","121060014000","美浜","35.639842","140.036602","0","1"
"12","千葉県","12106","千葉市美浜区","121060015001","若葉一丁目","35.656225","140.043858","0","3"
"12","千葉県","12106","千葉市美浜区","121060015002","若葉二丁目","35.652220","140.050917","0","3"
"12","千葉県","12106","千葉市美浜区","121060015003","若葉三丁目","35.646524","140.052114","0","3"
"12","千葉県","12202","銚子市","122020001000","赤塚町","35.741354","140.768765","0","1"
"12","千葉県","12202","銚子市","122020002000","海鹿島町","35.722967","140.864381","0","1"
"12","千葉県","12202","銚子市","122020003000","芦崎町","35.758269","140.777854","0","1"
"12","千葉県","12202","銚子市","122020004000","愛宕町","35.728021","140.849834","0","1"
"12","千葉県","12202","銚子市","122020005001","新生町一丁目","35.733242","140.836397","0","3"
"12","千葉県","12202","銚子市","122020005002","新生町二丁目","35.730582","140.834857","0","3"
"12","千葉県","12202","銚子市","122020006000","粟島町","35.718039","140.842633","0","1"
"12","千葉県","12202","銚子市","122020007000","飯沼町","35.732838","140.840328","0","1"
"12","千葉県","12202","銚子市","122020008000","犬吠埼","35.706104","140.862463","0","1"
"12","千葉県","12202","銚子市","122020009000","犬若","35.698343","140.847686","0","1"
"12","千葉県","12202","銚子市","122020010000","今宮町","35.730780","140.809840","0","1"
"12","千葉県","12202","銚子市","122020011000","上野町","35.725400","140.801772","0","1"
"12","千葉県","12202","銚子市","122020012000","植松町","35.735909","140.852437","0","1"
"12","千葉県","12202","銚子市","122020013000","内浜町","35.736164","140.842909","0","1"
"12","千葉県","12202","銚子市","122020014000","大橋町","35.735710","140.825013","0","1"
"12","千葉県","12202","銚子市","122020015001","岡野台町一丁目","35.748364","140.772415","0","3"
"12","千葉県","12202","銚子市","122020015002","岡野台町二丁目","35.745726","140.768425","0","3"
"12","千葉県","12202","銚子市","122020015003","岡野台町三丁目","35.744434","140.765628","0","3"
"12","千葉県","12202","銚子市","122020015004","岡野台町四丁目","35.736870","140.764410","0","3"
"12","千葉県","12202","銚子市","122020016000","小浜町","35.711410","140.774181","0","1"
"12","千葉県","12202","銚子市","122020017000","親田町","35.718450","140.765412","0","1"
"12","千葉県","12202","銚子市","122020018001","垣根町一丁目","35.748160","140.795064","0","3"
"12","千葉県","12202","銚子市","122020018002","垣根町二丁目","35.743605","140.790358","0","3"
"12","千葉県","12202","銚子市","122020019000","垣根見晴台","35.727732","140.787510","0","1"
"12","千葉県","12202","銚子市","122020020000","笠上町","35.728764","140.860448","0","1"
"12","千葉県","12202","銚子市","122020021000","春日台町","35.726149","140.809889","0","1"
"12","千葉県","12202","銚子市","122020022000","春日町","35.721082","140.814546","0","1"
"12","千葉県","12202","銚子市","122020023000","唐子町","35.732622","140.821992","0","1"
"12","千葉県","12202","銚子市","122020024001","川口町一丁目","35.737219","140.852442","0","3"
"12","千葉県","12202","銚子市","122020024002","川口町二丁目","35.739024","140.863644","0","3"
"12","千葉県","12202","銚子市","122020025000","北小川町","35.727364","140.834356","0","1"
"12","千葉県","12202","銚子市","122020026000","君ケ浜","35.715673","140.864445","0","1"
"12","千葉県","12202","銚子市","122020027001","清川町一丁目","35.728773","140.823620","0","3"
"12","千葉県","12202","銚子市","122020027002","清川町二丁目","35.728240","140.821694","0","3"
"12","千葉県","12202","銚子市","122020027003","清川町三丁目","35.727510","140.820796","0","3"
"12","千葉県","12202","銚子市","122020027004","清川町四丁目","35.726215","140.819769","0","3"
"12","千葉県","12202","銚子市","122020028000","黒生町","35.730917","140.863705","0","1"
"12","千葉県","12202","銚子市","122020029000","小長町","35.763727","140.710015","0","1"
"12","千葉県","12202","銚子市","122020030000","小畑新町","35.717412","140.859404","0","1"
"12","千葉県","12202","銚子市","122020031000","小畑町","35.716335","140.852365","0","1"
"12","千葉県","12202","銚子市","122020032000","後飯町","35.731686","140.844685","0","1"
"12","千葉県","12202","銚子市","122020033001","小船木町一丁目","35.769684","140.751045","0","3"
"12","千葉県","12202","銚子市","122020033002","小船木町二丁目","35.762722","140.731029","0","3"
"12","千葉県","12202","銚子市","122020034001","幸町一丁目","35.733660","140.848514","0","3"
"12","千葉県","12202","銚子市","122020034002","幸町二丁目","35.734813","140.849708","0","3"
"12","千葉県","12202","銚子市","122020035001","栄町一丁目","35.728253","140.828332","0","3"
"12","千葉県","12202","銚子市","122020035002","栄町二丁目","35.728312","140.826373","0","3"
"12","千葉県","12202","銚子市","122020035003","栄町三丁目","35.725137","140.827379","0","3"
"12","千葉県","12202","銚子市","122020035004","栄町四丁目","35.725443","140.828797","0","3"
"12","千葉県","12202","銚子市","122020036000","榊町","35.723606","140.850289","0","1"
"12","千葉県","12202","銚子市","122020037000","桜井町","35.798705","140.721487","0","1"
"12","千葉県","12202","銚子市","122020038000","笹本町","35.790199","140.717845","0","1"
"12","千葉県","12202","銚子市","122020039000","猿田町","35.745252","140.736892","0","1"
"12","千葉県","12202","銚子市","122020040000","三軒町","35.732519","140.824589","0","1"
"12","千葉県","12202","銚子市","122020041000","潮見町","35.704408","140.843451","0","1"
"12","千葉県","12202","銚子市","122020042000","忍町","35.776631","140.740027","0","1"
"12","千葉県","12202","銚子市","122020043001","柴崎町一丁目","35.745368","140.785993","0","3"
"12","千葉県","12202","銚子市","122020043002","柴崎町二丁目","35.742778","140.783115","0","3"
"12","千葉県","12202","銚子市","122020043003","柴崎町三丁目","35.738578","140.784268","0","3"
"12","千葉県","12202","銚子市","122020043004","柴崎町四丁目","35.736363","140.778775","0","3"
"12","千葉県","12202","銚子市","122020043005","柴崎町五丁目","35.727662","140.780359","0","3"
"12","千葉県","12202","銚子市","122020043006","柴崎町六丁目","35.728871","140.785290","0","3"
"12","千葉県","12202","銚子市","122020043007","柴崎町七丁目","35.718339","140.780929","0","3"
"12","千葉県","12202","銚子市","122020044000","清水町","35.732415","140.848952","0","1"
"12","千葉県","12202","銚子市","122020045000","正明寺町","35.747089","140.752302","0","1"
"12","千葉県","12202","銚子市","122020046000","白石町","35.736280","140.745315","0","1"
"12","千葉県","12202","銚子市","122020047000","新地町","35.734103","140.842125","0","1"
"12","千葉県","12202","銚子市","122020048000","新町","35.734345","140.756024","0","1"
"12","千葉県","12202","銚子市","122020049000","陣屋町","35.730397","140.838224","0","1"
"12","千葉県","12202","銚子市","122020050000","末広町","35.731011","140.831622","0","1"
"12","千葉県","12202","銚子市","122020051000","台町","35.718690","140.826896","0","1"
"12","千葉県","12202","銚子市","122020052000","高神西町","35.709754","140.844872","0","1"
"12","千葉県","12202","銚子市","122020053000","高神原町","35.718596","140.845413","0","1"
"12","千葉県","12202","銚子市","122020054000","高神東町","35.710085","140.857769","0","1"
"12","千葉県","12202","銚子市","122020055001","高田町一丁目","35.760443","140.762308","0","3"
"12","千葉県","12202","銚子市","122020055002","高田町二丁目","35.762487","140.768303","0","3"
"12","千葉県","12202","銚子市","122020055003","高田町三丁目","35.763592","140.766497","0","3"
"12","千葉県","12202","銚子市","122020055004","高田町四丁目","35.764087","140.765544","0","3"
"12","千葉県","12202","銚子市","122020055005","高田町五丁目","35.764757","140.764791","0","3"
"12","千葉県","12202","銚子市","122020055006","高田町六丁目","35.765450","140.763481","0","3"
"12","千葉県","12202","銚子市","122020055007","高田町七丁目","35.755105","140.743437","0","3"
"12","千葉県","12202","銚子市","122020056000","高野町","35.734519","140.782918","0","1"
"12","千葉県","12202","銚子市","122020057000","竹町","35.734647","140.845229","0","1"
"12","千葉県","12202","銚子市","122020058000","田中町","35.733374","140.843136","0","1"
"12","千葉県","12202","銚子市","122020059000","茶畑町","35.734685","140.736372","0","1"
"12","千葉県","12202","銚子市","122020060000","中央町","35.735097","140.830474","0","1"
"12","千葉県","12202","銚子市","122020061000","塚本町","35.771487","140.743168","0","1"
"12","千葉県","12202","銚子市","122020062000","天王台","35.705468","140.854337","0","1"
"12","千葉県","12202","銚子市","122020063000","通町","35.736632","140.849328","0","1"
"12","千葉県","12202","銚子市","122020064000","外川台町","35.702151","140.852108","0","1"
"12","千葉県","12202","銚子市","122020065001","外川町一丁目","35.697689","140.857856","0","3"
"12","千葉県","12202","銚子市","122020065002","外川町二丁目","35.698672","140.856472","0","3"
"12","千葉県","12202","銚子市","122020065003","外川町三丁目","35.699513","140.855387","0","3"
"12","千葉県","12202","銚子市","122020065004","外川町四丁目","35.699522","140.852866","0","3"
"12","千葉県","12202","銚子市","122020065005","外川町五丁目","35.697099","140.853909","0","3"
"12","千葉県","12202","銚子市","122020066000","常世田町","35.720154","140.759268","0","1"
"12","千葉県","12202","銚子市","122020067000","富川町","35.778532","140.731584","0","1"
"12","千葉県","12202","銚子市","122020068001","豊里台一丁目","35.787561","140.711731","0","3"
"12","千葉県","12202","銚子市","122020068002","豊里台二丁目","35.787526","140.701275","0","3"
"12","千葉県","12202","銚子市","122020068003","豊里台三丁目","35.788726","140.704957","0","3"
"12","千葉県","12202","銚子市","122020069000","名洗町","35.712003","140.837738","0","1"
"12","千葉県","12202","銚子市","122020070000","長崎町","35.696375","140.861297","0","1"
"12","千葉県","12202","銚子市","122020071001","中島町一丁目","35.754016","140.768866","0","3"
"12","千葉県","12202","銚子市","122020071002","中島町二丁目","35.748079","140.760907","0","3"
"12","千葉県","12202","銚子市","122020072000","仲町","35.736966","140.848213","0","1"
"12","千葉県","12202","銚子市","122020073001","長塚町一丁目","35.739426","140.806943","0","3"
"12","千葉県","12202","銚子市","122020073002","長塚町二丁目","35.740825","140.803662","0","3"
"12","千葉県","12202","銚子市","122020073003","長塚町三丁目","35.742214","140.799940","0","3"
"12","千葉県","12202","銚子市","122020073004","長塚町四丁目","35.729684","140.795843","0","3"
"12","千葉県","12202","銚子市","122020073005","長塚町五丁目","35.732507","140.792511","0","3"
"12","千葉県","12202","銚子市","122020073006","長塚町六丁目","35.718533","140.791370","0","3"
"12","千葉県","12202","銚子市","122020073007","長塚町七丁目","35.721396","140.786127","0","3"
"12","千葉県","12202","銚子市","122020074000","長山町","35.767068","140.718610","0","1"
"12","千葉県","12202","銚子市","122020075000","西小川町","35.720504","140.830110","0","1"
"12","千葉県","12202","銚子市","122020076000","西芝町","35.730569","140.826966","0","1"
"12","千葉県","12202","銚子市","122020077000","野尻町","35.765369","140.757346","0","1"
"12","千葉県","12202","銚子市","122020078000","橋本町","35.734785","140.847513","0","1"
"12","千葉県","12202","銚子市","122020079000","馬場町","35.730947","140.840220","0","1"
"12","千葉県","12202","銚子市","122020080000","浜町","35.733131","140.841791","0","1"
"12","千葉県","12202","銚子市","122020081000","東小川町","35.724704","140.839305","0","1"
"12","千葉県","12202","銚子市","122020082000","東芝町","35.730381","140.829968","0","1"
"12","千葉県","12202","銚子市","122020083000","東町","35.731045","140.841953","0","1"
"12","千葉県","12202","銚子市","122020084000","双葉町","35.733035","140.828833","0","1"
"12","千葉県","12202","銚子市","122020085000","船木町","35.756220","140.766203","0","1"
"12","千葉県","12202","銚子市","122020086001","本城町一丁目","35.736696","140.815588","0","3"
"12","千葉県","12202","銚子市","122020086002","本城町二丁目","35.736241","140.812734","0","3"
"12","千葉県","12202","銚子市","122020086003","本城町三丁目","35.737413","140.808997","0","3"
"12","千葉県","12202","銚子市","122020086004","本城町四丁目","35.733668","140.811630","0","3"
"12","千葉県","12202","銚子市","122020086005","本城町五丁目","35.731930","140.806475","0","3"
"12","千葉県","12202","銚子市","122020086006","本城町六丁目","35.716784","140.792979","0","3"
"12","千葉県","12202","銚子市","122020087000","本町","35.735741","140.845453","0","1"
"12","千葉県","12202","銚子市","122020088000","前宿町","35.726550","140.842627","0","1"
"12","千葉県","12202","銚子市","122020089001","松岸町一丁目","35.746027","140.797963","0","3"
"12","千葉県","12202","銚子市","122020089002","松岸町二丁目","35.743927","140.795896","0","3"
"12","千葉県","12202","銚子市","122020089003","松岸町三丁目","35.741703","140.793753","0","3"
"12","千葉県","12202","銚子市","122020089004","松岸町四丁目","35.739289","140.790793","0","3"
"12","千葉県","12202","銚子市","122020090000","松岸見晴台","35.721437","140.782660","0","1"
"12","千葉県","12202","銚子市","122020091001","松本町一丁目","35.734890","140.820361","0","3"
"12","千葉県","12202","銚子市","122020091002","松本町二丁目","35.735468","140.819427","0","3"
"12","千葉県","12202","銚子市","122020091003","松本町三丁目","35.735459","140.817153","0","3"
"12","千葉県","12202","銚子市","122020091004","松本町四丁目","35.729182","140.815974","0","3"
"12","千葉県","12202","銚子市","122020091005","松本町五丁目","35.730222","140.813659","0","3"
"12","千葉県","12202","銚子市","122020092000","三門町","35.742292","140.758792","0","1"
"12","千葉県","12202","銚子市","122020093001","三崎町一丁目","35.716048","140.805008","0","3"
"12","千葉県","12202","銚子市","122020093002","三崎町二丁目","35.715637","140.793149","0","3"
"12","千葉県","12202","銚子市","122020093003","三崎町三丁目","35.706925","140.782478","0","3"
"12","千葉県","12202","銚子市","122020094000","港町","35.737100","140.845977","0","1"
"12","千葉県","12202","銚子市","122020095000","南小川町","35.721382","140.837909","0","1"
"12","千葉県","12202","銚子市","122020096000","南町","35.728704","140.838870","0","1"
"12","千葉県","12202","銚子市","122020097000","見晴台","35.734984","140.790456","0","1"
"12","千葉県","12202","銚子市","122020098001","三宅町一丁目","35.742883","140.777211","0","3"
"12","千葉県","12202","銚子市","122020098002","三宅町二丁目","35.738328","140.772822","0","3"
"12","千葉県","12202","銚子市","122020098003","三宅町三丁目","35.729477","140.770465","0","3"
"12","千葉県","12202","銚子市","122020099000","宮原町","35.807692","140.714489","0","1"
"12","千葉県","12202","銚子市","122020100000","妙見町","35.726699","140.830170","0","1"
"12","千葉県","12202","銚子市","122020101001","明神町一丁目","35.734481","140.856855","0","3"
"12","千葉県","12202","銚子市","122020101002","明神町二丁目","35.736631","140.860160","0","3"
"12","千葉県","12202","銚子市","122020102000","森戸町","35.782640","140.718669","0","1"
"12","千葉県","12202","銚子市","122020103000","諸持町","35.798705","140.703558","0","1"
"12","千葉県","12202","銚子市","122020104000","八木町","35.714452","140.746288","0","1"
"12","千葉県","12202","銚子市","122020105000","八幡町","35.728931","140.817925","0","1"
"12","千葉県","12202","銚子市","122020106001","弥生町一丁目","35.734223","140.851323","0","3"
"12","千葉県","12202","銚子市","122020106002","弥生町二丁目","35.734870","140.851980","0","3"
"12","千葉県","12202","銚子市","122020107000","四日市場台","35.732819","140.765050","0","1"
"12","千葉県","12202","銚子市","122020108000","四日市場町","35.749907","140.786837","0","1"
"12","千葉県","12202","銚子市","122020109000","余山町","35.751041","140.776711","0","1"
"12","千葉県","12202","銚子市","122020110000","若宮町","35.733885","140.826623","0","1"
"12","千葉県","12202","銚子市","122020111000","和田町","35.733630","140.844490","0","1"
"12","千葉県","12203","市川市","122030001001","相之川一丁目","35.680621","139.895378","0","3"
"12","千葉県","12203","市川市","122030001002","相之川二丁目","35.677859","139.897422","0","3"
"12","千葉県","12203","市川市","122030001003","相之川三丁目","35.676028","139.899332","0","3"
"12","千葉県","12203","市川市","122030001004","相之川四丁目","35.674015","139.901553","0","3"
"12","千葉県","12203","市川市","122030002001","新井一丁目","35.675498","139.892156","0","3"
"12","千葉県","12203","市川市","122030002002","新井二丁目","35.674679","139.895389","0","3"
"12","千葉県","12203","市川市","122030002003","新井三丁目","35.672855","139.897599","0","3"
"12","千葉県","12203","市川市","122030003000","伊勢宿","35.687896","139.915226","0","1"
"12","千葉県","12203","市川市","122030004001","市川一丁目","35.731849","139.909029","0","3"
"12","千葉県","12203","市川市","122030004002","市川二丁目","35.732208","139.903867","0","3"
"12","千葉県","12203","市川市","122030004003","市川三丁目","35.735973","139.903505","0","3"
"12","千葉県","12203","市川市","122030004004","市川四丁目","35.740207","139.902402","0","3"
"12","千葉県","12203","市川市","122030005001","市川南一丁目","35.727934","139.907026","0","3"
"12","千葉県","12203","市川市","122030005002","市川南二丁目","35.724684","139.905012","0","3"
"12","千葉県","12203","市川市","122030005003","市川南三丁目","35.730171","139.901596","0","3"
"12","千葉県","12203","市川市","122030005004","市川南四丁目","35.726158","139.900417","0","3"
"12","千葉県","12203","市川市","122030005005","市川南五丁目","35.723233","139.901219","0","3"
"12","千葉県","12203","市川市","122030006000","稲越町","35.756186","139.926708","0","1"
"12","千葉県","12203","市川市","122030007000","入船","35.678947","139.921396","0","1"
"12","千葉県","12203","市川市","122030008001","大洲一丁目","35.718683","139.911389","0","3"
"12","千葉県","12203","市川市","122030008002","大洲二丁目","35.716104","139.909713","0","3"
"12","千葉県","12203","市川市","122030008003","大洲三丁目","35.720332","139.905458","0","3"
"12","千葉県","12203","市川市","122030008004","大洲四丁目","35.721517","139.908738","0","3"
"12","千葉県","12203","市川市","122030009001","大野町一丁目","35.747204","139.945233","0","3"
"12","千葉県","12203","市川市","122030009002","大野町二丁目","35.753850","139.948065","0","3"
"12","千葉県","12203","市川市","122030009003","大野町三丁目","35.754015","139.955785","0","3"
"12","千葉県","12203","市川市","122030009004","大野町四丁目","35.761562","139.972363","0","3"
"12","千葉県","12203","市川市","122030010000","大町","35.767141","139.958499","0","1"
"12","千葉県","12203","市川市","122030011001","大和田一丁目","35.715430","139.919443","0","3"
"12","千葉県","12203","市川市","122030011002","大和田二丁目","35.711695","139.916943","0","3"
"12","千葉県","12203","市川市","122030011003","大和田三丁目","35.716967","139.917823","0","3"
"12","千葉県","12203","市川市","122030011004","大和田四丁目","35.718122","139.915459","0","3"
"12","千葉県","12203","市川市","122030011005","大和田五丁目","35.713336","139.913005","0","3"
"12","千葉県","12203","市川市","122030012000","押切","35.686608","139.913200","0","1"
"12","千葉県","12203","市川市","122030013001","鬼越一丁目","35.719090","139.938432","0","3"
"12","千葉県","12203","市川市","122030013002","鬼越二丁目","35.717610","139.937400","0","3"
"12","千葉県","12203","市川市","122030014001","鬼高一丁目","35.714387","139.933992","0","3"
"12","千葉県","12203","市川市","122030014002","鬼高二丁目","35.713959","139.938384","0","3"
"12","千葉県","12203","市川市","122030014003","鬼高三丁目","35.709738","139.937497","0","3"
"12","千葉県","12203","市川市","122030014004","鬼高四丁目","35.710161","139.930153","0","3"
"12","千葉県","12203","市川市","122030015001","欠真間一丁目","35.680586","139.902087","0","3"
"12","千葉県","12203","市川市","122030015002","欠真間二丁目","35.677217","139.904100","0","3"
"12","千葉県","12203","市川市","122030016001","柏井町一丁目","35.737510","139.967878","0","3"
"12","千葉県","12203","市川市","122030016002","柏井町二丁目","35.741904","139.964261","0","3"
"12","千葉県","12203","市川市","122030016003","柏井町三丁目","35.746909","139.961811","0","3"
"12","千葉県","12203","市川市","122030016004","柏井町四丁目","35.750688","139.967930","0","3"
"12","千葉県","12203","市川市","122030017000","加藤新田","35.677885","139.931025","0","1"
"12","千葉県","12203","市川市","122030018000","上妙典","35.685218","139.943743","0","1"
"12","千葉県","12203","市川市","122030019000","河原","35.702421","139.921090","0","1"
"12","千葉県","12203","市川市","122030020001","香取一丁目","35.681955","139.905499","0","3"
"12","千葉県","12203","市川市","122030020002","香取二丁目","35.679386","139.907689","0","3"
"12","千葉県","12203","市川市","122030021001","北方一丁目","35.721597","139.938687","0","3"
"12","千葉県","12203","市川市","122030021002","北方二丁目","35.724839","139.939760","0","3"
"12","千葉県","12203","市川市","122030021003","北方三丁目","35.724110","139.945476","0","3"
"12","千葉県","12203","市川市","122030022001","北国分一丁目","35.758880","139.905203","0","3"
"12","千葉県","12203","市川市","122030022002","北国分二丁目","35.762525","139.905289","0","3"
"12","千葉県","12203","市川市","122030022003","北国分三丁目","35.761117","139.909428","0","3"
"12","千葉県","12203","市川市","122030022004","北国分四丁目","35.764981","139.907981","0","3"
"12","千葉県","12203","市川市","122030023001","行徳駅前一丁目","35.683420","139.916283","0","3"
"12","千葉県","12203","市川市","122030023002","行徳駅前二丁目","35.681814","139.913824","0","3"
"12","千葉県","12203","市川市","122030023003","行徳駅前三丁目","35.680645","139.918980","0","3"
"12","千葉県","12203","市川市","122030023004","行徳駅前四丁目","35.677720","139.915992","0","3"
"12","千葉県","12203","市川市","122030024001","国府台一丁目","35.744808","139.907123","0","3"
"12","千葉県","12203","市川市","122030024002","国府台二丁目","35.743813","139.902484","0","3"
"12","千葉県","12203","市川市","122030024003","国府台三丁目","35.748711","139.897987","0","3"
"12","千葉県","12203","市川市","122030024004","国府台四丁目","35.751633","139.900147","0","3"
"12","千葉県","12203","市川市","122030024005","国府台五丁目","35.751490","139.903860","0","3"
"12","千葉県","12203","市川市","122030024006","国府台六丁目","35.756539","139.903385","0","3"
"12","千葉県","12203","市川市","122030025000","高谷","35.690557","139.943142","0","1"
"12","千葉県","12203","市川市","122030026001","高谷一丁目","35.700610","139.940835","0","3"
"12","千葉県","12203","市川市","122030026002","高谷二丁目","35.699209","139.938922","0","3"
"12","千葉県","12203","市川市","122030026003","高谷三丁目","35.696099","139.939571","0","3"
"12","千葉県","12203","市川市","122030027000","高谷新町","35.680300","139.951373","0","1"
"12","千葉県","12203","市川市","122030028001","国分一丁目","35.741436","139.919364","0","3"
"12","千葉県","12203","市川市","122030028002","国分二丁目","35.741632","139.915785","0","3"
"12","千葉県","12203","市川市","122030028003","国分三丁目","35.743761","139.913527","0","3"
"12","千葉県","12203","市川市","122030028004","国分四丁目","35.747783","139.911641","0","3"
"12","千葉県","12203","市川市","122030028005","国分五丁目","35.746708","139.916741","0","3"
"12","千葉県","12203","市川市","122030028006","国分六丁目","35.748244","139.919329","0","3"
"12","千葉県","12203","市川市","122030028007","国分七丁目","35.753718","139.919530","0","3"
"12","千葉県","12203","市川市","122030029001","幸一丁目","35.680825","139.929272","0","3"
"12","千葉県","12203","市川市","122030029002","幸二丁目","35.678113","139.926948","0","3"
"12","千葉県","12203","市川市","122030030001","塩浜一丁目","35.669654","139.939168","0","3"
"12","千葉県","12203","市川市","122030030002","塩浜二丁目","35.665622","139.926063","0","3"
"12","千葉県","12203","市川市","122030030003","塩浜三丁目","35.663655","139.920111","0","3"
"12","千葉県","12203","市川市","122030030004","塩浜四丁目","35.662501","139.912395","0","3"
"12","千葉県","12203","市川市","122030031001","塩焼一丁目","35.688806","139.928892","0","3"
"12","千葉県","12203","市川市","122030031002","塩焼二丁目","35.686810","139.926755","0","3"
"12","千葉県","12203","市川市","122030031003","塩焼三丁目","35.684770","139.924427","0","3"
"12","千葉県","12203","市川市","122030031004","塩焼四丁目","35.686511","139.931521","0","3"
"12","千葉県","12203","市川市","122030031005","塩焼五丁目","35.684412","139.929783","0","3"
"12","千葉県","12203","市川市","122030032000","島尻","35.673449","139.887062","0","1"
"12","千葉県","12203","市川市","122030033001","下貝塚一丁目","35.742475","139.940474","0","3"
"12","千葉県","12203","市川市","122030033002","下貝塚二丁目","35.744483","139.942472","0","3"
"12","千葉県","12203","市川市","122030033003","下貝塚三丁目","35.739756","139.947734","0","3"
"12","千葉県","12203","市川市","122030034000","下新宿","35.697417","139.921029","0","1"
"12","千葉県","12203","市川市","122030035000","下妙典","35.687488","139.937077","0","1"
"12","千葉県","12203","市川市","122030036001","新田一丁目","35.728004","139.915738","0","3"
"12","千葉県","12203","市川市","122030036002","新田二丁目","35.725291","139.913699","0","3"
"12","千葉県","12203","市川市","122030036003","新田三丁目","35.721895","139.912846","0","3"
"12","千葉県","12203","市川市","122030036004","新田四丁目","35.725700","139.909363","0","3"
"12","千葉県","12203","市川市","122030036005","新田五丁目","35.729371","139.912132","0","3"
"12","千葉県","12203","市川市","122030037001","末広一丁目","35.685674","139.918423","0","3"
"12","千葉県","12203","市川市","122030037002","末広二丁目","35.681931","139.921557","0","3"
"12","千葉県","12203","市川市","122030038001","菅野一丁目","35.727842","139.925937","0","3"
"12","千葉県","12203","市川市","122030038002","菅野二丁目","35.728310","139.921809","0","3"
"12","千葉県","12203","市川市","122030038003","菅野三丁目","35.731267","139.918300","0","3"
"12","千葉県","12203","市川市","122030038004","菅野四丁目","35.731911","139.924444","0","3"
"12","千葉県","12203","市川市","122030038005","菅野五丁目","35.734382","139.923622","0","3"
"12","千葉県","12203","市川市","122030038006","菅野六丁目","35.734347","139.917090","0","3"
"12","千葉県","12203","市川市","122030039001","須和田一丁目","35.737023","139.921442","0","3"
"12","千葉県","12203","市川市","122030039002","須和田二丁目","35.738380","139.914323","0","3"
"12","千葉県","12203","市川市","122030040000","関ケ島","35.689215","139.916065","0","1"
"12","千葉県","12203","市川市","122030041001","曽谷一丁目","35.742486","139.935872","0","3"
"12","千葉県","12203","市川市","122030041002","曽谷二丁目","35.747168","139.936374","0","3"
"12","千葉県","12203","市川市","122030041003","曽谷三丁目","35.741692","139.931117","0","3"
"12","千葉県","12203","市川市","122030041004","曽谷四丁目","35.748710","139.931220","0","3"
"12","千葉県","12203","市川市","122030041005","曽谷五丁目","35.747939","139.928281","0","3"
"12","千葉県","12203","市川市","122030041006","曽谷六丁目","35.741464","139.926630","0","3"
"12","千葉県","12203","市川市","122030041007","曽谷七丁目","35.746932","139.925959","0","3"
"12","千葉県","12203","市川市","122030041008","曽谷八丁目","35.750827","139.925049","0","3"
"12","千葉県","12203","市川市","122030042000","高石神","35.717906","139.942012","0","1"
"12","千葉県","12203","市川市","122030043000","高浜町","35.675667","139.934080","0","1"
"12","千葉県","12203","市川市","122030044001","宝一丁目","35.683082","139.926760","0","3"
"12","千葉県","12203","市川市","122030044002","宝二丁目","35.680700","139.924166","0","3"
"12","千葉県","12203","市川市","122030045000","田尻","35.686929","139.945616","0","1"
"12","千葉県","12203","市川市","122030046001","田尻一丁目","35.707688","139.929483","0","3"
"12","千葉県","12203","市川市","122030046002","田尻二丁目","35.704974","139.929668","0","3"
"12","千葉県","12203","市川市","122030046003","田尻三丁目","35.706272","139.936363","0","3"
"12","千葉県","12203","市川市","122030046004","田尻四丁目","35.703789","139.935777","0","3"
"12","千葉県","12203","市川市","122030046005","田尻五丁目","35.699288","139.933321","0","3"
"12","千葉県","12203","市川市","122030047000","千鳥町","35.673892","139.928276","0","1"
"12","千葉県","12203","市川市","122030048001","稲荷木一丁目","35.711679","139.923004","0","3"
"12","千葉県","12203","市川市","122030048002","稲荷木二丁目","35.706222","139.924126","0","3"
"12","千葉県","12203","市川市","122030048003","稲荷木三丁目","35.707097","139.919478","0","3"
"12","千葉県","12203","市川市","122030049001","富浜一丁目","35.691433","139.924751","0","3"
"12","千葉県","12203","市川市","122030049002","富浜二丁目","35.689471","139.923583","0","3"
"12","千葉県","12203","市川市","122030049003","富浜三丁目","35.687136","139.921295","0","3"
"12","千葉県","12203","市川市","122030050001","中国分一丁目","35.752444","139.915692","0","3"
"12","千葉県","12203","市川市","122030050002","中国分二丁目","35.750166","139.912173","0","3"
"12","千葉県","12203","市川市","122030050003","中国分三丁目","35.753416","139.912164","0","3"
"12","千葉県","12203","市川市","122030050004","中国分四丁目","35.752180","139.907060","0","3"
"12","千葉県","12203","市川市","122030050005","中国分五丁目","35.755726","139.909286","0","3"
"12","千葉県","12203","市川市","122030051001","中山一丁目","35.722517","139.945934","0","3"
"12","千葉県","12203","市川市","122030051002","中山二丁目","35.721331","139.948488","0","3"
"12","千葉県","12203","市川市","122030051003","中山三丁目","35.718999","139.949746","0","3"
"12","千葉県","12203","市川市","122030051004","中山四丁目","35.717994","139.945920","0","3"
"12","千葉県","12203","市川市","122030052001","新浜一丁目","35.675554","139.917803","0","3"
"12","千葉県","12203","市川市","122030052002","新浜二丁目","35.672714","139.917706","0","3"
"12","千葉県","12203","市川市","122030052003","新浜三丁目","35.668930","139.919464","0","3"
"12","千葉県","12203","市川市","122030053000","原木","35.693063","139.951719","0","1"
"12","千葉県","12203","市川市","122030054001","原木一丁目","35.704968","139.945710","0","3"
"12","千葉県","12203","市川市","122030054002","原木二丁目","35.699073","139.945096","0","3"
"12","千葉県","12203","市川市","122030054003","原木三丁目","35.703105","139.950813","0","3"
"12","千葉県","12203","市川市","122030054004","原木四丁目","35.697686","139.952546","0","3"
"12","千葉県","12203","市川市","122030055001","東大和田一丁目","35.714357","139.925595","0","3"
"12","千葉県","12203","市川市","122030055002","東大和田二丁目","35.715341","139.922676","0","3"
"12","千葉県","12203","市川市","122030056001","東国分一丁目","35.741143","139.922776","0","3"
"12","千葉県","12203","市川市","122030056002","東国分二丁目","35.746577","139.921984","0","3"
"12","千葉県","12203","市川市","122030056003","東国分三丁目","35.750615","139.921961","0","3"
"12","千葉県","12203","市川市","122030057001","東菅野一丁目","35.728285","139.930899","0","3"
"12","千葉県","12203","市川市","122030057002","東菅野二丁目","35.733317","139.929601","0","3"
"12","千葉県","12203","市川市","122030057003","東菅野三丁目","35.732049","139.932944","0","3"
"12","千葉県","12203","市川市","122030057004","東菅野四丁目","35.732261","139.938508","0","3"
"12","千葉県","12203","市川市","122030057005","東菅野五丁目","35.734965","139.945888","0","3"
"12","千葉県","12203","市川市","122030058001","東浜一丁目","35.675952","139.961049","0","3"
"12","千葉県","12203","市川市","122030059000","日之出","35.676464","139.923304","0","1"
"12","千葉県","12203","市川市","122030060001","平田一丁目","35.724958","139.923183","0","3"
"12","千葉県","12203","市川市","122030060002","平田二丁目","35.726849","139.919882","0","3"
"12","千葉県","12203","市川市","122030060003","平田三丁目","35.722538","139.919212","0","3"
"12","千葉県","12203","市川市","122030060004","平田四丁目","35.720399","139.917883","0","3"
"12","千葉県","12203","市川市","122030061001","広尾一丁目","35.677579","139.892108","0","3"
"12","千葉県","12203","市川市","122030061002","広尾二丁目","35.678231","139.888517","0","3"
"12","千葉県","12203","市川市","122030062001","福栄一丁目","35.676351","139.908815","0","3"
"12","千葉県","12203","市川市","122030062002","福栄二丁目","35.675970","139.913042","0","3"
"12","千葉県","12203","市川市","122030062003","福栄三丁目","35.672566","139.909707","0","3"
"12","千葉県","12203","市川市","122030062004","福栄四丁目","35.669667","139.911896","0","3"
"12","千葉県","12203","市川市","122030063000","二俣","35.696760","139.958542","0","1"
"12","千葉県","12203","市川市","122030064001","二俣一丁目","35.704935","139.951114","0","3"
"12","千葉県","12203","市川市","122030064002","二俣二丁目","35.703536","139.955854","0","3"
"12","千葉県","12203","市川市","122030065000","二俣新町","35.685084","139.959319","0","1"
"12","千葉県","12203","市川市","122030066000","奉免町","35.741287","139.956799","0","1"
"12","千葉県","12203","市川市","122030067004","北方町四丁目","35.733266","139.952607","0","3"
"12","千葉県","12203","市川市","122030068001","堀之内一丁目","35.756330","139.918398","0","3"
"12","千葉県","12203","市川市","122030068002","堀之内二丁目","35.758065","139.912537","0","3"
"12","千葉県","12203","市川市","122030068003","堀之内三丁目","35.762362","139.913647","0","3"
"12","千葉県","12203","市川市","122030068004","堀之内四丁目","35.760285","139.916951","0","3"
"12","千葉県","12203","市川市","122030068005","堀之内五丁目","35.760124","139.920769","0","3"
"12","千葉県","12203","市川市","122030069000","本行徳","35.694017","139.918210","0","1"
"12","千葉県","12203","市川市","122030070000","本塩","35.691242","139.920713","0","1"
"12","千葉県","12203","市川市","122030071001","真間一丁目","35.732006","139.912897","0","3"
"12","千葉県","12203","市川市","122030071002","真間二丁目","35.735674","139.908925","0","3"
"12","千葉県","12203","市川市","122030071003","真間三丁目","35.735097","139.912357","0","3"
"12","千葉県","12203","市川市","122030071004","真間四丁目","35.738962","139.908917","0","3"
"12","千葉県","12203","市川市","122030071005","真間五丁目","35.742298","139.910786","0","3"
"12","千葉県","12203","市川市","122030072000","湊","35.685088","139.910691","0","1"
"12","千葉県","12203","市川市","122030073000","湊新田","35.683928","139.908415","0","1"
"12","千葉県","12203","市川市","122030074001","湊新田一丁目","35.681739","139.909613","0","3"
"12","千葉県","12203","市川市","122030074002","湊新田二丁目","35.679337","139.912737","0","3"
"12","千葉県","12203","市川市","122030075001","南大野一丁目","35.742500","139.949802","0","3"
"12","千葉県","12203","市川市","122030075002","南大野二丁目","35.745623","139.951572","0","3"
"12","千葉県","12203","市川市","122030075003","南大野三丁目","35.747166","139.955793","0","3"
"12","千葉県","12203","市川市","122030076001","南行徳一丁目","35.672727","139.904433","0","3"
"12","千葉県","12203","市川市","122030076002","南行徳二丁目","35.669717","139.905389","0","3"
"12","千葉県","12203","市川市","122030076003","南行徳三丁目","35.668357","139.903210","0","3"
"12","千葉県","12203","市川市","122030076004","南行徳四丁目","35.665177","139.906394","0","3"
"12","千葉県","12203","市川市","122030077001","南八幡一丁目","35.716544","139.930513","0","3"
"12","千葉県","12203","市川市","122030077002","南八幡二丁目","35.713125","139.929706","0","3"
"12","千葉県","12203","市川市","122030077003","南八幡三丁目","35.718022","139.927794","0","3"
"12","千葉県","12203","市川市","122030077004","南八幡四丁目","35.719226","139.925333","0","3"
"12","千葉県","12203","市川市","122030077005","南八幡五丁目","35.720274","139.922897","0","3"
"12","千葉県","12203","市川市","122030078001","宮久保一丁目","35.736885","139.929739","0","3"
"12","千葉県","12203","市川市","122030078002","宮久保二丁目","35.738803","139.930780","0","3"
"12","千葉県","12203","市川市","122030078003","宮久保三丁目","35.735158","139.937026","0","3"
"12","千葉県","12203","市川市","122030078004","宮久保四丁目","35.739170","139.937541","0","3"
"12","千葉県","12203","市川市","122030078005","宮久保五丁目","35.736665","139.944623","0","3"
"12","千葉県","12203","市川市","122030078006","宮久保六丁目","35.738771","139.942921","0","3"
"12","千葉県","12203","市川市","122030079001","妙典一丁目","35.698767","139.925693","0","3"
"12","千葉県","12203","市川市","122030079002","妙典二丁目","35.697064","139.929895","0","3"
"12","千葉県","12203","市川市","122030079003","妙典三丁目","35.694163","139.924518","0","3"
"12","千葉県","12203","市川市","122030079004","妙典四丁目","35.690563","139.927684","0","3"
"12","千葉県","12203","市川市","122030079005","妙典五丁目","35.691038","139.930435","0","3"
"12","千葉県","12203","市川市","122030079006","妙典六丁目","35.692609","139.933169","0","3"
"12","千葉県","12203","市川市","122030080001","本北方一丁目","35.727228","139.942540","0","3"
"12","千葉県","12203","市川市","122030080002","本北方二丁目","35.730348","139.945659","0","3"
"12","千葉県","12203","市川市","122030080003","本北方三丁目","35.727907","139.949926","0","3"
"12","千葉県","12203","市川市","122030081001","八幡一丁目","35.720285","139.932528","0","3"
"12","千葉県","12203","市川市","122030081002","八幡二丁目","35.721767","139.928122","0","3"
"12","千葉県","12203","市川市","122030081003","八幡三丁目","35.724208","139.926247","0","3"
"12","千葉県","12203","市川市","122030081004","八幡四丁目","35.724752","139.931342","0","3"
"12","千葉県","12203","市川市","122030081005","八幡五丁目","35.723926","139.934902","0","3"
"12","千葉県","12203","市川市","122030081006","八幡六丁目","35.728879","139.937192","0","3"
"12","千葉県","12203","市川市","122030082001","若宮一丁目","35.718135","139.950602","0","3"
"12","千葉県","12203","市川市","122030082002","若宮二丁目","35.721599","139.954047","0","3"
"12","千葉県","12203","市川市","122030082003","若宮三丁目","35.725976","139.954739","0","3"
"12","千葉県","12203","市川市","122030083001","稲越一丁目","35.756603","139.930188","1","3"
"12","千葉県","12203","市川市","122030083002","稲越二丁目","35.755476","139.927624","1","3"
"12","千葉県","12203","市川市","122030083003","稲越三丁目","35.755111","139.923855","1","3"
"12","千葉県","12204","船橋市","122040001000","旭町","35.731294","139.984841","0","1"
"12","千葉県","12204","船橋市","122040002001","旭町一丁目","35.727994","139.986361","0","3"
"12","千葉県","12204","船橋市","122040002002","旭町二丁目","35.735000","139.987414","0","3"
"12","千葉県","12204","船橋市","122040002003","旭町三丁目","35.734249","139.990058","0","3"
"12","千葉県","12204","船橋市","122040002004","旭町四丁目","35.734062","139.993002","0","3"
"12","千葉県","12204","船橋市","122040002005","旭町五丁目","35.727751","139.989785","0","3"
"12","千葉県","12204","船橋市","122040002006","旭町六丁目","35.723164","139.986801","0","3"
"12","千葉県","12204","船橋市","122040003000","東町","35.708545","140.003020","0","1"
"12","千葉県","12204","船橋市","122040004001","市場一丁目","35.703477","139.992897","0","3"
"12","千葉県","12204","船橋市","122040004002","市場二丁目","35.705957","139.995705","0","3"
"12","千葉県","12204","船橋市","122040004003","市場三丁目","35.702909","139.996287","0","3"
"12","千葉県","12204","船橋市","122040004004","市場四丁目","35.702338","140.000195","0","3"
"12","千葉県","12204","船橋市","122040004005","市場五丁目","35.705027","140.001375","0","3"
"12","千葉県","12204","船橋市","122040005001","印内一丁目","35.714230","139.959890","0","3"
"12","千葉県","12204","船橋市","122040005002","印内二丁目","35.716186","139.962320","0","3"
"12","千葉県","12204","船橋市","122040005003","印内三丁目","35.717726","139.966033","0","3"
"12","千葉県","12204","船橋市","122040006000","印内町","35.705387","139.958502","0","1"
"12","千葉県","12204","船橋市","122040007001","大穴北一丁目","35.746366","140.039432","0","3"
"12","千葉県","12204","船橋市","122040007002","大穴北二丁目","35.746556","140.044970","0","3"
"12","千葉県","12204","船橋市","122040007003","大穴北三丁目","35.749257","140.043142","0","3"
"12","千葉県","12204","船橋市","122040007004","大穴北四丁目","35.753400","140.045220","0","3"
"12","千葉県","12204","船橋市","122040007005","大穴北五丁目","35.751228","140.053188","0","3"
"12","千葉県","12204","船橋市","122040007006","大穴北六丁目","35.749412","140.051108","0","3"
"12","千葉県","12204","船橋市","122040007007","大穴北七丁目","35.745632","140.051607","0","3"
"12","千葉県","12204","船橋市","122040007008","大穴北八丁目","35.744283","140.046295","0","3"
"12","千葉県","12204","船橋市","122040008000","大穴町","35.736967","140.031019","0","1"
"12","千葉県","12204","船橋市","122040009001","大穴南一丁目","35.740977","140.031774","0","3"
"12","千葉県","12204","船橋市","122040009002","大穴南二丁目","35.741190","140.035821","0","3"
"12","千葉県","12204","船橋市","122040009003","大穴南三丁目","35.740935","140.041462","0","3"
"12","千葉県","12204","船橋市","122040009004","大穴南四丁目","35.737738","140.037201","0","3"
"12","千葉県","12204","船橋市","122040009005","大穴南五丁目","35.736255","140.034730","0","3"
"12","千葉県","12204","船橋市","122040010000","大神保町","35.773812","140.061923","0","1"
"12","千葉県","12204","船橋市","122040011001","海神一丁目","35.700182","139.978532","0","3"
"12","千葉県","12204","船橋市","122040011002","海神二丁目","35.706196","139.980515","0","3"
"12","千葉県","12204","船橋市","122040011003","海神三丁目","35.706390","139.977750","0","3"
"12","千葉県","12204","船橋市","122040011004","海神四丁目","35.707972","139.974470","0","3"
"12","千葉県","12204","船橋市","122040011005","海神五丁目","35.709489","139.969891","0","3"
"12","千葉県","12204","船橋市","122040011006","海神六丁目","35.704982","139.970195","0","3"
"12","千葉県","12204","船橋市","122040012002","海神町二丁目","35.698956","139.973756","0","3"
"12","千葉県","12204","船橋市","122040012003","海神町三丁目","35.697694","139.975315","0","3"
"12","千葉県","12204","船橋市","122040013001","海神町西一丁目","35.702900","139.967562","0","3"
"12","千葉県","12204","船橋市","122040014001","海神町東一丁目","35.701713","139.971914","0","3"
"12","千葉県","12204","船橋市","122040015001","海神町南一丁目","35.700716","139.966982","0","3"
"12","千葉県","12204","船橋市","122040016002","葛飾町二丁目","35.706284","139.956149","0","3"
"12","千葉県","12204","船橋市","122040017001","金杉一丁目","35.726683","140.000932","0","3"
"12","千葉県","12204","船橋市","122040017002","金杉二丁目","35.730393","139.999585","0","3"
"12","千葉県","12204","船橋市","122040017003","金杉三丁目","35.732502","140.005329","0","3"
"12","千葉県","12204","船橋市","122040017004","金杉四丁目","35.732962","140.011248","0","3"
"12","千葉県","12204","船橋市","122040017005","金杉五丁目","35.736702","140.015747","0","3"
"12","千葉県","12204","船橋市","122040017006","金杉六丁目","35.737723","140.017877","0","3"
"12","千葉県","12204","船橋市","122040017007","金杉七丁目","35.733704","140.017815","0","3"
"12","千葉県","12204","船橋市","122040017008","金杉八丁目","35.731470","140.013464","0","3"
"12","千葉県","12204","船橋市","122040017009","金杉九丁目","35.729111","140.007276","0","3"
"12","千葉県","12204","船橋市","122040018001","金杉台一丁目","35.736228","140.010519","0","3"
"12","千葉県","12204","船橋市","122040018002","金杉台二丁目","35.737093","140.013376","0","3"
"12","千葉県","12204","船橋市","122040019000","金杉町","35.737801","140.008866","0","1"
"12","千葉県","12204","船橋市","122040020000","金堀町","35.755424","140.061765","0","1"
"12","千葉県","12204","船橋市","122040021001","上山町一丁目","35.728505","139.968781","0","3"
"12","千葉県","12204","船橋市","122040021002","上山町二丁目","35.732843","139.976962","0","3"
"12","千葉県","12204","船橋市","122040021003","上山町三丁目","35.736622","139.984240","0","3"
"12","千葉県","12204","船橋市","122040022001","北本町一丁目","35.710371","139.982047","0","3"
"12","千葉県","12204","船橋市","122040022002","北本町二丁目","35.716972","139.984033","0","3"
"12","千葉県","12204","船橋市","122040023001","行田一丁目","35.720927","139.978843","0","3"
"12","千葉県","12204","船橋市","122040023002","行田二丁目","35.719738","139.973552","0","3"
"12","千葉県","12204","船橋市","122040023003","行田三丁目","35.719903","139.969194","0","3"
"12","千葉県","12204","船橋市","122040024000","行田町","35.724292","139.974754","0","1"
"12","千葉県","12204","船橋市","122040025000","楠が山町","35.752978","140.055153","0","1"
"12","千葉県","12204","船橋市","122040026000","車方町","35.775489","140.082410","0","1"
"12","千葉県","12204","船橋市","122040027001","高野台一丁目","35.765005","140.026301","0","3"
"12","千葉県","12204","船橋市","122040027002","高野台二丁目","35.766592","140.025010","0","3"
"12","千葉県","12204","船橋市","122040027003","高野台三丁目","35.768951","140.029400","0","3"
"12","千葉県","12204","船橋市","122040027004","高野台四丁目","35.766566","140.030204","0","3"
"12","千葉県","12204","船橋市","122040027005","高野台五丁目","35.768427","140.034812","0","3"
"12","千葉県","12204","船橋市","122040028001","古作一丁目","35.724885","139.964586","0","3"
"12","千葉県","12204","船橋市","122040028002","古作二丁目","35.723394","139.957891","0","3"
"12","千葉県","12204","船橋市","122040028003","古作三丁目","35.719698","139.960272","0","3"
"12","千葉県","12204","船橋市","122040028004","古作四丁目","35.723024","139.967667","0","3"
"12","千葉県","12204","船橋市","122040029000","古作町","35.724607","139.971833","0","1"
"12","千葉県","12204","船橋市","122040030000","小野田町","35.780406","140.076404","0","1"
"12","千葉県","12204","船橋市","122040031000","小室町","35.790734","140.075291","0","1"
"12","千葉県","12204","船橋市","122040032000","米ケ崎町","35.713085","140.004300","0","1"
"12","千葉県","12204","船橋市","122040033000","古和釜町","35.742887","140.056194","0","1"
"12","千葉県","12204","船橋市","122040034001","栄町一丁目","35.692543","139.975096","0","3"
"12","千葉県","12204","船橋市","122040034002","栄町二丁目","35.685528","139.972320","0","3"
"12","千葉県","12204","船橋市","122040035001","咲が丘一丁目","35.759497","140.017150","0","3"
"12","千葉県","12204","船橋市","122040035002","咲が丘二丁目","35.759724","140.022782","0","3"
"12","千葉県","12204","船橋市","122040035003","咲が丘三丁目","35.758630","140.025463","0","3"
"12","千葉県","12204","船橋市","122040035004","咲が丘四丁目","35.757403","140.029350","0","3"
"12","千葉県","12204","船橋市","122040036000","潮見町","35.675568","139.967434","0","1"
"12","千葉県","12204","船橋市","122040037001","芝山一丁目","35.715281","140.017591","0","3"
"12","千葉県","12204","船橋市","122040037002","芝山二丁目","35.720605","140.017653","0","3"
"12","千葉県","12204","船橋市","122040037003","芝山三丁目","35.717151","140.022550","0","3"
"12","千葉県","12204","船橋市","122040037004","芝山四丁目","35.720581","140.022034","0","3"
"12","千葉県","12204","船橋市","122040037005","芝山五丁目","35.721217","140.026202","0","3"
"12","千葉県","12204","船橋市","122040037006","芝山六丁目","35.723110","140.029720","0","3"
"12","千葉県","12204","船橋市","122040037007","芝山七丁目","35.718589","140.029628","0","3"
"12","千葉県","12204","船橋市","122040038001","新高根一丁目","35.723786","140.020237","0","3"
"12","千葉県","12204","船橋市","122040038002","新高根二丁目","35.728001","140.021459","0","3"
"12","千葉県","12204","船橋市","122040038003","新高根三丁目","35.731188","140.023557","0","3"
"12","千葉県","12204","船橋市","122040038004","新高根四丁目","35.729676","140.025063","0","3"
"12","千葉県","12204","船橋市","122040038005","新高根五丁目","35.728404","140.026862","0","3"
"12","千葉県","12204","船橋市","122040038006","新高根六丁目","35.725393","140.025990","0","3"
"12","千葉県","12204","船橋市","122040039000","神保町","35.762159","140.051552","0","1"
"12","千葉県","12204","船橋市","122040040000","鈴身町","35.767388","140.079112","0","1"
"12","千葉県","12204","船橋市","122040041001","駿河台一丁目","35.705539","140.007292","0","3"
"12","千葉県","12204","船橋市","122040041002","駿河台二丁目","35.705753","140.012304","0","3"
"12","千葉県","12204","船橋市","122040042000","高瀬町","35.671174","139.993435","0","1"
"12","千葉県","12204","船橋市","122040043001","高根台一丁目","35.731442","140.030235","0","3"
"12","千葉県","12204","船橋市","122040043002","高根台二丁目","35.733400","140.032803","0","3"
"12","千葉県","12204","船橋市","122040043003","高根台三丁目","35.732960","140.038769","0","3"
"12","千葉県","12204","船橋市","122040043004","高根台四丁目","35.730689","140.039592","0","3"
"12","千葉県","12204","船橋市","122040043005","高根台五丁目","35.729025","140.043823","0","3"
"12","千葉県","12204","船橋市","122040043006","高根台六丁目","35.729396","140.035854","0","3"
"12","千葉県","12204","船橋市","122040043007","高根台七丁目","35.728333","140.030564","0","3"
"12","千葉県","12204","船橋市","122040044000","高根町","35.721993","140.008357","0","1"
"12","千葉県","12204","船橋市","122040045001","滝台一丁目","35.705672","140.035465","0","3"
"12","千葉県","12204","船橋市","122040045002","滝台二丁目","35.706990","140.034090","0","3"
"12","千葉県","12204","船橋市","122040046000","滝台町","35.710032","140.035950","0","1"
"12","千葉県","12204","船橋市","122040047001","田喜野井一丁目","35.697765","140.039277","0","3"
"12","千葉県","12204","船橋市","122040047002","田喜野井二丁目","35.697785","140.043105","0","3"
"12","千葉県","12204","船橋市","122040047003","田喜野井三丁目","35.701388","140.045210","0","3"
"12","千葉県","12204","船橋市","122040047004","田喜野井四丁目","35.701834","140.040420","0","3"
"12","千葉県","12204","船橋市","122040047005","田喜野井五丁目","35.705512","140.039875","0","3"
"12","千葉県","12204","船橋市","122040047006","田喜野井六丁目","35.704471","140.044911","0","3"
"12","千葉県","12204","船橋市","122040047007","田喜野井七丁目","35.704150","140.048774","0","3"
"12","千葉県","12204","船橋市","122040048000","坪井町","35.736966","140.060563","0","1"
"12","千葉県","12204","船橋市","122040049001","坪井西一丁目","35.732604","140.052720","0","3"
"12","千葉県","12204","船橋市","122040049002","坪井西二丁目","35.731535","140.053945","0","3"
"12","千葉県","12204","船橋市","122040050001","坪井東一丁目","35.728134","140.057650","0","3"
"12","千葉県","12204","船橋市","122040050002","坪井東二丁目","35.730825","140.059773","0","3"
"12","千葉県","12204","船橋市","122040050003","坪井東三丁目","35.728055","140.061167","0","3"
"12","千葉県","12204","船橋市","122040050004","坪井東四丁目","35.723857","140.062497","0","3"
"12","千葉県","12204","船橋市","122040050005","坪井東五丁目","35.728217","140.063866","0","3"
"12","千葉県","12204","船橋市","122040050006","坪井東六丁目","35.732164","140.064815","0","3"
"12","千葉県","12204","船橋市","122040051000","豊富町","35.762953","140.068635","0","1"
"12","千葉県","12204","船橋市","122040052001","中野木一丁目","35.702594","140.013193","0","3"
"12","千葉県","12204","船橋市","122040052002","中野木二丁目","35.702053","140.018159","0","3"
"12","千葉県","12204","船橋市","122040053001","夏見一丁目","35.707919","139.989272","0","3"
"12","千葉県","12204","船橋市","122040053002","夏見二丁目","35.710798","139.989386","0","3"
"12","千葉県","12204","船橋市","122040053003","夏見三丁目","35.712692","139.985424","0","3"
"12","千葉県","12204","船橋市","122040053004","夏見四丁目","35.714975","139.990464","0","3"
"12","千葉県","12204","船橋市","122040053005","夏見五丁目","35.709755","139.996128","0","3"
"12","千葉県","12204","船橋市","122040053006","夏見六丁目","35.714049","139.995744","0","3"
"12","千葉県","12204","船橋市","122040053007","夏見七丁目","35.714285","139.999501","0","3"
"12","千葉県","12204","船橋市","122040054001","夏見台一丁目","35.718365","139.992522","0","3"
"12","千葉県","12204","船橋市","122040054002","夏見台二丁目","35.719005","139.996023","0","3"
"12","千葉県","12204","船橋市","122040054003","夏見台三丁目","35.721322","139.990131","0","3"
"12","千葉県","12204","船橋市","122040054004","夏見台四丁目","35.725030","139.995163","0","3"
"12","千葉県","12204","船橋市","122040054005","夏見台五丁目","35.727356","139.993420","0","3"
"12","千葉県","12204","船橋市","122040054006","夏見台六丁目","35.729966","139.996101","0","3"
"12","千葉県","12204","船橋市","122040055002","夏見町二丁目","35.719326","139.997117","0","3"
"12","千葉県","12204","船橋市","122040056000","七林町","35.715842","140.038650","0","1"
"12","千葉県","12204","船橋市","122040057001","習志野一丁目","35.711620","140.055928","0","3"
"12","千葉県","12204","船橋市","122040057002","習志野二丁目","35.707859","140.056497","0","3"
"12","千葉県","12204","船橋市","122040057003","習志野三丁目","35.713897","140.063803","0","3"
"12","千葉県","12204","船橋市","122040057004","習志野四丁目","35.705483","140.060595","0","3"
"12","千葉県","12204","船橋市","122040057005","習志野五丁目","35.697310","140.061975","0","3"
"12","千葉県","12204","船橋市","122040058001","習志野台一丁目","35.725915","140.038390","0","3"
"12","千葉県","12204","船橋市","122040058002","習志野台二丁目","35.725274","140.045508","0","3"
"12","千葉県","12204","船橋市","122040058003","習志野台三丁目","35.721268","140.047049","0","3"
"12","千葉県","12204","船橋市","122040058004","習志野台四丁目","35.715862","140.048941","0","3"
"12","千葉県","12204","船橋市","122040058005","習志野台五丁目","35.716786","140.054680","0","3"
"12","千葉県","12204","船橋市","122040058006","習志野台六丁目","35.724038","140.052631","0","3"
"12","千葉県","12204","船橋市","122040058007","習志野台七丁目","35.725807","140.055849","0","3"
"12","千葉県","12204","船橋市","122040058008","習志野台八丁目","35.717637","140.061912","0","3"
"12","千葉県","12204","船橋市","122040059001","西浦一丁目","35.692256","139.966802","0","3"
"12","千葉県","12204","船橋市","122040059002","西浦二丁目","35.685854","139.967086","0","3"
"12","千葉県","12204","船橋市","122040059003","西浦三丁目","35.686419","139.964174","0","3"
"12","千葉県","12204","船橋市","122040060001","西習志野一丁目","35.723821","140.032989","0","3"
"12","千葉県","12204","船橋市","122040060002","西習志野二丁目","35.724574","140.036341","0","3"
"12","千葉県","12204","船橋市","122040060003","西習志野三丁目","35.720671","140.038941","0","3"
"12","千葉県","12204","船橋市","122040060004","西習志野四丁目","35.717147","140.042670","0","3"
"12","千葉県","12204","船橋市","122040061001","西船一丁目","35.707196","139.965452","0","3"
"12","千葉県","12204","船橋市","122040061002","西船二丁目","35.712875","139.967711","0","3"
"12","千葉県","12204","船橋市","122040061003","西船三丁目","35.712076","139.962612","0","3"
"12","千葉県","12204","船橋市","122040061004","西船四丁目","35.708926","139.958197","0","3"
"12","千葉県","12204","船橋市","122040061005","西船五丁目","35.711133","139.955155","0","3"
"12","千葉県","12204","船橋市","122040061006","西船六丁目","35.714725","139.956166","0","3"
"12","千葉県","12204","船橋市","122040061007","西船七丁目","35.717455","139.957347","0","3"
"12","千葉県","12204","船橋市","122040062001","二宮一丁目","35.708205","140.027526","0","3"
"12","千葉県","12204","船橋市","122040062002","二宮二丁目","35.708099","140.031709","0","3"
"12","千葉県","12204","船橋市","122040063001","飯山満町一丁目","35.712769","140.010857","0","3"
"12","千葉県","12204","船橋市","122040063002","飯山満町二丁目","35.709110","140.020244","0","3"
"12","千葉県","12204","船橋市","122040063003","飯山満町三丁目","35.715360","140.030677","0","3"
"12","千葉県","12204","船橋市","122040064001","浜町一丁目","35.690160","139.990047","0","3"
"12","千葉県","12204","船橋市","122040064002","浜町二丁目","35.683594","139.988524","0","3"
"12","千葉県","12204","船橋市","122040064003","浜町三丁目","35.677576","139.987708","0","3"
"12","千葉県","12204","船橋市","122040065001","東中山一丁目","35.712798","139.950234","0","3"
"12","千葉県","12204","船橋市","122040065002","東中山二丁目","35.716720","139.952267","0","3"
"12","千葉県","12204","船橋市","122040066001","東船橋一丁目","35.698257","140.001682","0","3"
"12","千葉県","12204","船橋市","122040066002","東船橋二丁目","35.701668","140.003573","0","3"
"12","千葉県","12204","船橋市","122040066003","東船橋三丁目","35.701130","140.008034","0","3"
"12","千葉県","12204","船橋市","122040066004","東船橋四丁目","35.697554","140.007046","0","3"
"12","千葉県","12204","船橋市","122040066005","東船橋五丁目","35.692763","140.005630","0","3"
"12","千葉県","12204","船橋市","122040066006","東船橋六丁目","35.693802","140.002996","0","3"
"12","千葉県","12204","船橋市","122040066007","東船橋七丁目","35.694592","139.999967","0","3"
"12","千葉県","12204","船橋市","122040067001","日の出一丁目","35.688328","139.981080","0","3"
"12","千葉県","12204","船橋市","122040067002","日の出二丁目","35.684449","139.980515","0","3"
"12","千葉県","12204","船橋市","122040068001","藤原一丁目","35.731355","139.963900","0","3"
"12","千葉県","12204","船橋市","122040068002","藤原二丁目","35.732771","139.968032","0","3"
"12","千葉県","12204","船橋市","122040068003","藤原三丁目","35.738310","139.976430","0","3"
"12","千葉県","12204","船橋市","122040068004","藤原四丁目","35.745067","139.975538","0","3"
"12","千葉県","12204","船橋市","122040068005","藤原五丁目","35.740347","139.981925","0","3"
"12","千葉県","12204","船橋市","122040068006","藤原六丁目","35.746794","139.979010","0","3"
"12","千葉県","12204","船橋市","122040068007","藤原七丁目","35.743088","139.986762","0","3"
"12","千葉県","12204","船橋市","122040068008","藤原八丁目","35.748777","139.982705","0","3"
"12","千葉県","12204","船橋市","122040069000","二子町","35.709863","139.948188","0","1"
"12","千葉県","12204","船橋市","122040070001","二和西一丁目","35.742712","140.009458","0","3"
"12","千葉県","12204","船橋市","122040070002","二和西二丁目","35.743032","140.013940","0","3"
"12","千葉県","12204","船橋市","122040070003","二和西三丁目","35.743364","140.017645","0","3"
"12","千葉県","12204","船橋市","122040070004","二和西四丁目","35.750226","140.018060","0","3"
"12","千葉県","12204","船橋市","122040070005","二和西五丁目","35.748447","140.013518","0","3"
"12","千葉県","12204","船橋市","122040070006","二和西六丁目","35.751167","140.014877","0","3"
"12","千葉県","12204","船橋市","122040071001","二和東一丁目","35.742423","140.020311","0","3"
"12","千葉県","12204","船橋市","122040071002","二和東二丁目","35.744883","140.024559","0","3"
"12","千葉県","12204","船橋市","122040071003","二和東三丁目","35.747654","140.021353","0","3"
"12","千葉県","12204","船橋市","122040071004","二和東四丁目","35.748133","140.025619","0","3"
"12","千葉県","12204","船橋市","122040071005","二和東五丁目","35.752642","140.022796","0","3"
"12","千葉県","12204","船橋市","122040071006","二和東六丁目","35.753792","140.026603","0","3"
"12","千葉県","12204","船橋市","122040072000","本郷町","35.707909","139.952090","0","1"
"12","千葉県","12204","船橋市","122040073001","本町一丁目","35.700042","139.983469","0","3"
"12","千葉県","12204","船橋市","122040073002","本町二丁目","35.697694","139.982770","0","3"
"12","千葉県","12204","船橋市","122040073003","本町三丁目","35.695829","139.987562","0","3"
"12","千葉県","12204","船橋市","122040073004","本町四丁目","35.699251","139.988553","0","3"
"12","千葉県","12204","船橋市","122040073005","本町五丁目","35.702308","139.988659","0","3"
"12","千葉県","12204","船橋市","122040073006","本町六丁目","35.704952","139.988265","0","3"
"12","千葉県","12204","船橋市","122040073007","本町七丁目","35.705950","139.983380","0","3"
"12","千葉県","12204","船橋市","122040074000","前貝塚町","35.726707","139.978925","0","1"
"12","千葉県","12204","船橋市","122040075001","前原西一丁目","35.695349","140.012368","0","3"
"12","千葉県","12204","船橋市","122040075002","前原西二丁目","35.693731","140.021023","0","3"
"12","千葉県","12204","船橋市","122040075003","前原西三丁目","35.695914","140.020402","0","3"
"12","千葉県","12204","船橋市","122040075004","前原西四丁目","35.698376","140.015477","0","3"
"12","千葉県","12204","船橋市","122040075005","前原西五丁目","35.698319","140.021925","0","3"
"12","千葉県","12204","船橋市","122040075006","前原西六丁目","35.701378","140.021503","0","3"
"12","千葉県","12204","船橋市","122040075007","前原西七丁目","35.699971","140.024192","0","3"
"12","千葉県","12204","船橋市","122040075008","前原西八丁目","35.703635","140.028308","0","3"
"12","千葉県","12204","船橋市","122040076001","前原東一丁目","35.691941","140.026189","0","3"
"12","千葉県","12204","船橋市","122040076002","前原東二丁目","35.695876","140.030466","0","3"
"12","千葉県","12204","船橋市","122040076003","前原東三丁目","35.696113","140.027667","0","3"
"12","千葉県","12204","船橋市","122040076004","前原東四丁目","35.698680","140.027409","0","3"
"12","千葉県","12204","船橋市","122040076005","前原東五丁目","35.702165","140.033301","0","3"
"12","千葉県","12204","船橋市","122040076006","前原東六丁目","35.696840","140.034024","0","3"
"12","千葉県","12204","船橋市","122040077000","馬込町","35.738235","140.000022","0","1"
"12","千葉県","12204","船橋市","122040078001","馬込西一丁目","35.741961","139.994736","0","3"
"12","千葉県","12204","船橋市","122040078002","馬込西二丁目","35.738319","139.993861","0","3"
"12","千葉県","12204","船橋市","122040078003","馬込西三丁目","35.739443","139.995755","0","3"
"12","千葉県","12204","船橋市","122040079001","松が丘一丁目","35.735163","140.042083","0","3"
"12","千葉県","12204","船橋市","122040079002","松が丘二丁目","35.739475","140.045549","0","3"
"12","千葉県","12204","船橋市","122040079003","松が丘三丁目","35.736794","140.048175","0","3"
"12","千葉県","12204","船橋市","122040079004","松が丘四丁目","35.730887","140.047234","0","3"
"12","千葉県","12204","船橋市","122040079005","松が丘五丁目","35.734846","140.051359","0","3"
"12","千葉県","12204","船橋市","122040080001","丸山一丁目","35.745494","139.990570","0","3"
"12","千葉県","12204","船橋市","122040080002","丸山二丁目","35.749653","139.988346","0","3"
"12","千葉県","12204","船橋市","122040080003","丸山三丁目","35.751735","139.991984","0","3"
"12","千葉県","12204","船橋市","122040080004","丸山四丁目","35.750381","139.996707","0","3"
"12","千葉県","12204","船橋市","122040080005","丸山五丁目","35.745193","139.995178","0","3"
"12","千葉県","12204","船橋市","122040081001","三咲一丁目","35.744295","140.028255","0","3"
"12","千葉県","12204","船橋市","122040081002","三咲二丁目","35.751376","140.029780","0","3"
"12","千葉県","12204","船橋市","122040081003","三咲三丁目","35.751987","140.033225","0","3"
"12","千葉県","12204","船橋市","122040081004","三咲四丁目","35.750881","140.035645","0","3"
"12","千葉県","12204","船橋市","122040081005","三咲五丁目","35.745086","140.030895","0","3"
"12","千葉県","12204","船橋市","122040081006","三咲六丁目","35.745108","140.034741","0","3"
"12","千葉県","12204","船橋市","122040081007","三咲七丁目","35.748866","140.037359","0","3"
"12","千葉県","12204","船橋市","122040081008","三咲八丁目","35.751669","140.041534","0","3"
"12","千葉県","12204","船橋市","122040081009","三咲九丁目","35.755485","140.042052","0","3"
"12","千葉県","12204","船橋市","122040082000","三咲町","35.757656","140.042180","0","1"
"12","千葉県","12204","船橋市","122040083001","緑台一丁目","35.727761","140.017607","0","3"
"12","千葉県","12204","船橋市","122040083002","緑台二丁目","35.729056","140.015543","0","3"
"12","千葉県","12204","船橋市","122040084001","湊町一丁目","35.692913","139.986015","0","3"
"12","千葉県","12204","船橋市","122040084002","湊町二丁目","35.694652","139.981641","0","3"
"12","千葉県","12204","船橋市","122040084003","湊町三丁目","35.690651","139.982828","0","3"
"12","千葉県","12204","船橋市","122040085001","南海神一丁目","35.696285","139.969267","0","3"
"12","千葉県","12204","船橋市","122040085002","南海神二丁目","35.697548","139.963990","0","3"
"12","千葉県","12204","船橋市","122040086000","南本町","35.696230","139.978012","0","1"
"12","千葉県","12204","船橋市","122040087001","南三咲一丁目","35.733473","140.022688","0","3"
"12","千葉県","12204","船橋市","122040087002","南三咲二丁目","35.737600","140.021701","0","3"
"12","千葉県","12204","船橋市","122040087003","南三咲三丁目","35.738770","140.026051","0","3"
"12","千葉県","12204","船橋市","122040087004","南三咲四丁目","35.734430","140.026746","0","3"
"12","千葉県","12204","船橋市","122040088001","みやぎ台一丁目","35.757346","140.033957","0","3"
"12","千葉県","12204","船橋市","122040088002","みやぎ台二丁目","35.757578","140.037226","0","3"
"12","千葉県","12204","船橋市","122040088003","みやぎ台三丁目","35.755806","140.038348","0","3"
"12","千葉県","12204","船橋市","122040088004","みやぎ台四丁目","35.760644","140.040456","0","3"
"12","千葉県","12204","船橋市","122040089001","三山一丁目","35.695103","140.045053","0","3"
"12","千葉県","12204","船橋市","122040089002","三山二丁目","35.695676","140.049948","0","3"
"12","千葉県","12204","船橋市","122040089003","三山三丁目","35.698354","140.051293","0","3"
"12","千葉県","12204","船橋市","122040089004","三山四丁目","35.700468","140.048979","0","3"
"12","千葉県","12204","船橋市","122040089005","三山五丁目","35.703925","140.053173","0","3"
"12","千葉県","12204","船橋市","122040089006","三山六丁目","35.701369","140.056316","0","3"
"12","千葉県","12204","船橋市","122040089007","三山七丁目","35.698630","140.054644","0","3"
"12","千葉県","12204","船橋市","122040089008","三山八丁目","35.696980","140.058108","0","3"
"12","千葉県","12204","船橋市","122040089009","三山九丁目","35.693652","140.061498","0","3"
"12","千葉県","12204","船橋市","122040090001","宮本一丁目","35.698719","139.991983","0","3"
"12","千葉県","12204","船橋市","122040090002","宮本二丁目","35.694192","139.990817","0","3"
"12","千葉県","12204","船橋市","122040090003","宮本三丁目","35.690738","139.993248","0","3"
"12","千葉県","12204","船橋市","122040090004","宮本四丁目","35.692164","139.993764","0","3"
"12","千葉県","12204","船橋市","122040090005","宮本五丁目","35.695067","139.993645","0","3"
"12","千葉県","12204","船橋市","122040090006","宮本六丁目","35.698637","139.996432","0","3"
"12","千葉県","12204","船橋市","122040090007","宮本七丁目","35.693890","139.996031","0","3"
"12","千葉県","12204","船橋市","122040090008","宮本八丁目","35.690545","140.000712","0","3"
"12","千葉県","12204","船橋市","122040090009","宮本九丁目","35.687826","139.999920","0","3"
"12","千葉県","12204","船橋市","122040091001","本中山一丁目","35.716367","139.945035","0","3"
"12","千葉県","12204","船橋市","122040091002","本中山二丁目","35.714451","139.945051","0","3"
"12","千葉県","12204","船橋市","122040091003","本中山三丁目","35.711610","139.944138","0","3"
"12","千葉県","12204","船橋市","122040091004","本中山四丁目","35.710257","139.942266","0","3"
"12","千葉県","12204","船橋市","122040091005","本中山五丁目","35.707345","139.942331","0","3"
"12","千葉県","12204","船橋市","122040091006","本中山六丁目","35.705514","139.941713","0","3"
"12","千葉県","12204","船橋市","122040091007","本中山七丁目","35.703317","139.940906","0","3"
"12","千葉県","12204","船橋市","122040092001","八木が谷一丁目","35.761995","140.028058","0","3"
"12","千葉県","12204","船橋市","122040092002","八木が谷二丁目","35.760803","140.033252","0","3"
"12","千葉県","12204","船橋市","122040092003","八木が谷三丁目","35.764024","140.032135","0","3"
"12","千葉県","12204","船橋市","122040092004","八木が谷四丁目","35.761586","140.036880","0","3"
"12","千葉県","12204","船橋市","122040092005","八木が谷五丁目","35.765063","140.038240","0","3"
"12","千葉県","12204","船橋市","122040093000","八木が谷町","35.764463","140.042533","0","1"
"12","千葉県","12204","船橋市","122040094001","薬円台一丁目","35.708275","140.040999","0","3"
"12","千葉県","12204","船橋市","122040094002","薬円台二丁目","35.708319","140.046163","0","3"
"12","千葉県","12204","船橋市","122040094003","薬円台三丁目","35.708331","140.051152","0","3"
"12","千葉県","12204","船橋市","122040094004","薬円台四丁目","35.713201","140.046751","0","3"
"12","千葉県","12204","船橋市","122040094005","薬円台五丁目","35.711649","140.042580","0","3"
"12","千葉県","12204","船橋市","122040094006","薬円台六丁目","35.712518","140.038685","0","3"
"12","千葉県","12204","船橋市","122040095001","薬園台町一丁目","35.706480","140.040550","0","3"
"12","千葉県","12204","船橋市","122040096001","山手一丁目","35.713135","139.977225","0","3"
"12","千葉県","12204","船橋市","122040096002","山手二丁目","35.714213","139.973062","0","3"
"12","千葉県","12204","船橋市","122040096003","山手三丁目","35.717804","139.977660","0","3"
"12","千葉県","12204","船橋市","122040097000","山野町","35.704443","139.962565","0","1"
"12","千葉県","12204","船橋市","122040098001","若松一丁目","35.684502","139.996853","0","3"
"12","千葉県","12204","船橋市","122040098002","若松二丁目","35.679674","139.995657","0","3"
"12","千葉県","12204","船橋市","122040098003","若松三丁目","35.676378","139.993671","0","3"
"12","千葉県","12205","館山市","122050001000","相浜","34.924090","139.828600","0","1"
"12","千葉県","12205","館山市","122050002000","安布里","34.988026","139.878495","0","1"
"12","千葉県","12205","館山市","122050003000","安東","34.995977","139.919780","0","1"
"12","千葉県","12205","館山市","122050004000","飯沼","34.980005","139.884126","0","1"
"12","千葉県","12205","館山市","122050005000","出野尾","34.962153","139.868585","0","1"
"12","千葉県","12205","館山市","122050006000","伊戸","34.958793","139.776211","0","1"
"12","千葉県","12205","館山市","122050007000","稲","34.991073","139.907958","0","1"
"12","千葉県","12205","館山市","122050008000","犬石","34.932389","139.838734","0","1"
"12","千葉県","12205","館山市","122050009000","上野原","34.996316","139.879308","0","1"
"12","千葉県","12205","館山市","122050010000","江田","35.013162","139.909877","0","1"
"12","千葉県","12205","館山市","122050011000","大網","34.984236","139.874980","0","1"
"12","千葉県","12205","館山市","122050012000","大井","35.007509","139.934089","0","1"
"12","千葉県","12205","館山市","122050013000","大賀","34.975018","139.828964","0","1"
"12","千葉県","12205","館山市","122050014000","大戸","34.973096","139.875838","0","1"
"12","千葉県","12205","館山市","122050015000","岡田","34.962537","139.862678","0","1"
"12","千葉県","12205","館山市","122050016000","加賀名","34.965215","139.791448","0","1"
"12","千葉県","12205","館山市","122050017000","笠名","34.973838","139.833559","0","1"
"12","千葉県","12205","館山市","122050018000","神余","34.936224","139.872636","0","1"
"12","千葉県","12205","館山市","122050019000","上真倉","34.971834","139.866551","0","1"
"12","千葉県","12205","館山市","122050020000","亀ケ原","35.018455","139.880768","0","1"
"12","千葉県","12205","館山市","122050021000","川名","35.030279","139.857289","0","1"
"12","千葉県","12205","館山市","122050022000","見物","34.970178","139.795902","0","1"
"12","千葉県","12205","館山市","122050023000","香","34.972697","139.821951","0","1"
"12","千葉県","12205","館山市","122050024000","国分","34.999320","139.885786","0","1"
"12","千葉県","12205","館山市","122050025000","腰越","35.003991","139.899091","0","1"
"12","千葉県","12205","館山市","122050026000","小沼","34.958165","139.792754","0","1"
"12","千葉県","12205","館山市","122050027000","小原","35.041454","139.871129","0","1"
"12","千葉県","12205","館山市","122050028000","古茂口","34.977383","139.897474","0","1"
"12","千葉県","12205","館山市","122050029000","坂井","34.955784","139.805896","0","1"
"12","千葉県","12205","館山市","122050030000","坂足","34.956647","139.788823","0","1"
"12","千葉県","12205","館山市","122050031000","作名","34.961457","139.888464","0","1"
"12","千葉県","12205","館山市","122050032000","佐野","34.943435","139.849681","0","1"
"12","千葉県","12205","館山市","122050033000","塩見","34.969998","139.811492","0","1"
"12","千葉県","12205","館山市","122050034000","下真倉","34.979954","139.871462","0","1"
"12","千葉県","12205","館山市","122050035000","新宿","34.989060","139.868537","0","1"
"12","千葉県","12205","館山市","122050036000","洲崎","34.972314","139.759420","0","1"
"12","千葉県","12205","館山市","122050037000","洲宮","34.949638","139.832684","0","1"
"12","千葉県","12205","館山市","122050038000","薗","35.003621","139.918430","0","1"
"12","千葉県","12205","館山市","122050039000","大神宮","34.919747","139.844728","0","1"
"12","千葉県","12205","館山市","122050040000","高井","35.005924","139.878879","0","1"
"12","千葉県","12205","館山市","122050041000","竹原","35.015795","139.924837","0","1"
"12","千葉県","12205","館山市","122050042000","館山","34.984057","139.855526","0","1"
"12","千葉県","12205","館山市","122050043000","中里","34.928102","139.842139","0","1"
"12","千葉県","12205","館山市","122050044000","長須賀","34.986086","139.865795","0","1"
"12","千葉県","12205","館山市","122050045000","那古","35.022351","139.860133","0","1"
"12","千葉県","12205","館山市","122050046000","南条","34.978338","139.878380","0","1"
"12","千葉県","12205","館山市","122050047000","西川名","34.963472","139.762927","0","1"
"12","千葉県","12205","館山市","122050048000","西長田","34.959688","139.877969","0","1"
"12","千葉県","12205","館山市","122050049000","沼","34.974289","139.851067","0","1"
"12","千葉県","12205","館山市","122050050000","波左間","34.968706","139.783471","0","1"
"12","千葉県","12205","館山市","122050051000","畑","34.937138","139.910230","0","1"
"12","千葉県","12205","館山市","122050052000","浜田","34.970751","139.805353","0","1"
"12","千葉県","12205","館山市","122050053000","早物","34.968405","139.801415","0","1"
"12","千葉県","12205","館山市","122050054000","坂田","34.969818","139.771873","0","1"
"12","千葉県","12205","館山市","122050055000","東長田","34.959373","139.883906","0","1"
"12","千葉県","12205","館山市","122050056000","広瀬","35.007193","139.904849","0","1"
"12","千葉県","12205","館山市","122050057000","富士見","34.986837","139.834052","0","1"
"12","千葉県","12205","館山市","122050058000","藤原","34.947725","139.840263","0","1"
"12","千葉県","12205","館山市","122050059000","二子","34.996918","139.914069","0","1"
"12","千葉県","12205","館山市","122050060000","船形","35.028463","139.847494","0","1"
"12","千葉県","12205","館山市","122050061000","宝貝","34.985646","139.917567","0","1"
"12","千葉県","12205","館山市","122050062000","北条","34.994923","139.866575","0","1"
"12","千葉県","12205","館山市","122050063000","北条正木","35.010894","139.874066","0","1"
"12","千葉県","12205","館山市","122050064000","正木","35.026155","139.876643","0","1"
"12","千葉県","12205","館山市","122050065000","水岡","34.991510","139.925602","0","1"
"12","千葉県","12205","館山市","122050066000","水玉","35.005068","139.921842","0","1"
"12","千葉県","12205","館山市","122050067000","湊","35.007738","139.870540","0","1"
"12","千葉県","12205","館山市","122050068000","宮城","34.974250","139.839947","0","1"
"12","千葉県","12205","館山市","122050069000","布沼","34.953493","139.823456","0","1"
"12","千葉県","12205","館山市","122050070000","布良","34.916780","139.828612","0","1"
"12","千葉県","12205","館山市","122050071000","茂名","34.958862","139.839771","0","1"
"12","千葉県","12205","館山市","122050072000","山本","34.989878","139.893207","0","1"
"12","千葉県","12205","館山市","122050073000","山荻","34.963218","139.896891","0","1"
"12","千葉県","12205","館山市","122050074000","八幡","35.003668","139.863847","0","1"
"12","千葉県","12205","館山市","122050075000","竜岡","34.930067","139.857306","0","1"
"12","千葉県","12206","木更津市","122060001001","朝日一丁目","35.385167","139.928503","0","3"
"12","千葉県","12206","木更津市","122060001002","朝日二丁目","35.385160","139.932225","0","3"
"12","千葉県","12206","木更津市","122060001003","朝日三丁目","35.385295","139.936491","0","3"
"12","千葉県","12206","木更津市","122060002000","吾妻","35.390333","139.925045","0","1"
"12","千葉県","12206","木更津市","122060003001","吾妻一丁目","35.390156","139.918878","0","3"
"12","千葉県","12206","木更津市","122060003002","吾妻二丁目","35.391340","139.921792","0","3"
"12","千葉県","12206","木更津市","122060004000","有吉","35.403826","139.986261","0","1"
"12","千葉県","12206","木更津市","122060005000","井尻","35.404714","139.970620","0","1"
"12","千葉県","12206","木更津市","122060006000","伊豆島","35.362539","139.988509","0","1"
"12","千葉県","12206","木更津市","122060007001","岩根一丁目","35.411303","139.926828","0","3"
"12","千葉県","12206","木更津市","122060007002","岩根二丁目","35.410963","139.930135","0","3"
"12","千葉県","12206","木更津市","122060007003","岩根三丁目","35.413958","139.931408","0","3"
"12","千葉県","12206","木更津市","122060007004","岩根四丁目","35.415150","139.928584","0","3"
"12","千葉県","12206","木更津市","122060008000","犬成","35.377393","139.983846","0","1"
"12","千葉県","12206","木更津市","122060009000","牛込","35.439427","139.940755","0","1"
"12","千葉県","12206","木更津市","122060010000","牛袋","35.404585","139.958031","0","1"
"12","千葉県","12206","木更津市","122060011000","牛袋野","35.410971","139.964345","0","1"
"12","千葉県","12206","木更津市","122060012000","瓜倉","35.427602","139.919714","0","1"
"12","千葉県","12206","木更津市","122060013000","江川","35.400641","139.913570","0","1"
"12","千葉県","12206","木更津市","122060014000","大稲","35.378758","140.056886","0","1"
"12","千葉県","12206","木更津市","122060015000","大久保","35.350572","139.920384","0","1"
"12","千葉県","12206","木更津市","122060016001","大久保一丁目","35.345052","139.932684","0","3"
"12","千葉県","12206","木更津市","122060016002","大久保二丁目","35.343601","139.929366","0","3"
"12","千葉県","12206","木更津市","122060016003","大久保三丁目","35.341972","139.928896","0","3"
"12","千葉県","12206","木更津市","122060016004","大久保四丁目","35.342523","139.936610","0","3"
"12","千葉県","12206","木更津市","122060016005","大久保五丁目","35.344873","139.936537","0","3"
"12","千葉県","12206","木更津市","122060016006","大久保六丁目","35.342014","139.940506","0","3"
"12","千葉県","12206","木更津市","122060017001","太田一丁目","35.383823","139.940149","0","3"
"12","千葉県","12206","木更津市","122060017002","太田二丁目","35.380215","139.939528","0","3"
"12","千葉県","12206","木更津市","122060017003","太田三丁目","35.377136","139.939426","0","3"
"12","千葉県","12206","木更津市","122060017004","太田四丁目","35.377845","139.944348","0","3"
"12","千葉県","12206","木更津市","122060018000","大寺","35.396343","139.976409","0","1"
"12","千葉県","12206","木更津市","122060019001","貝渕一丁目","35.376023","139.921149","0","3"
"12","千葉県","12206","木更津市","122060019002","貝渕二丁目","35.374203","139.921685","0","3"
"12","千葉県","12206","木更津市","122060019003","貝渕三丁目","35.371808","139.921274","0","3"
"12","千葉県","12206","木更津市","122060019004","貝渕四丁目","35.370160","139.921995","0","3"
"12","千葉県","12206","木更津市","122060020001","かずさ鎌足一丁目","35.343880","139.990296","0","3"
"12","千葉県","12206","木更津市","122060020002","かずさ鎌足二丁目","35.331237","139.990508","0","3"
"12","千葉県","12206","木更津市","122060020003","かずさ鎌足三丁目","35.321890","139.992676","0","3"
"12","千葉県","12206","木更津市","122060021001","金田東一丁目","35.437573","139.927396","0","3"
"12","千葉県","12206","木更津市","122060021002","金田東二丁目","35.440159","139.931423","0","3"
"12","千葉県","12206","木更津市","122060021003","金田東三丁目","35.435112","139.934379","0","3"
"12","千葉県","12206","木更津市","122060021004","金田東四丁目","35.430189","139.935552","0","3"
"12","千葉県","12206","木更津市","122060021005","金田東五丁目","35.428770","139.930913","0","3"
"12","千葉県","12206","木更津市","122060021006","金田東六丁目","35.430481","139.927549","0","3"
"12","千葉県","12206","木更津市","122060022000","上烏田","35.341668","139.959354","0","1"
"12","千葉県","12206","木更津市","122060023000","上根岸","35.361996","140.036001","0","1"
"12","千葉県","12206","木更津市","122060024000","上望陀","35.401848","140.003953","0","1"
"12","千葉県","12206","木更津市","122060025000","茅野","35.356375","140.065163","0","1"
"12","千葉県","12206","木更津市","122060026000","茅野七曲","35.338123","140.099980","0","1"
"12","千葉県","12206","木更津市","122060027000","祇園","35.394618","139.951203","0","1"
"12","千葉県","12206","木更津市","122060028001","祇園一丁目","35.389776","139.949983","0","3"
"12","千葉県","12206","木更津市","122060028002","祇園二丁目","35.389839","139.952901","0","3"
"12","千葉県","12206","木更津市","122060028003","祇園三丁目","35.389488","139.955982","0","3"
"12","千葉県","12206","木更津市","122060028004","祇園四丁目","35.388876","139.958154","0","3"
"12","千葉県","12206","木更津市","122060029000","木更津","35.386996","139.925082","0","1"
"12","千葉県","12206","木更津市","122060030001","木更津一丁目","35.383184","139.927769","0","3"
"12","千葉県","12206","木更津市","122060030002","木更津二丁目","35.382685","139.931318","0","3"
"12","千葉県","12206","木更津市","122060030003","木更津三丁目","35.382326","139.935856","0","3"
"12","千葉県","12206","木更津市","122060031000","北浜町","35.421623","139.898133","0","1"
"12","千葉県","12206","木更津市","122060032001","清川一丁目","35.388322","139.961296","0","3"
"12","千葉県","12206","木更津市","122060032002","清川二丁目","35.388498","139.964965","0","3"
"12","千葉県","12206","木更津市","122060033001","清見台一丁目","35.386414","139.944482","0","3"
"12","千葉県","12206","木更津市","122060033002","清見台二丁目","35.383809","139.944808","0","3"
"12","千葉県","12206","木更津市","122060033003","清見台三丁目","35.380469","139.944848","0","3"
"12","千葉県","12206","木更津市","122060034001","清見台東一丁目","35.385344","139.950756","0","3"
"12","千葉県","12206","木更津市","122060034002","清見台東二丁目","35.384032","139.956328","0","3"
"12","千葉県","12206","木更津市","122060034003","清見台東三丁目","35.383939","139.961996","0","3"
"12","千葉県","12206","木更津市","122060035001","清見台南一丁目","35.382056","139.950334","0","3"
"12","千葉県","12206","木更津市","122060035002","清見台南二丁目","35.379823","139.949567","0","3"
"12","千葉県","12206","木更津市","122060035003","清見台南三丁目","35.378624","139.955267","0","3"
"12","千葉県","12206","木更津市","122060035004","清見台南四丁目","35.380676","139.955969","0","3"
"12","千葉県","12206","木更津市","122060035005","清見台南五丁目","35.379158","139.961070","0","3"
"12","千葉県","12206","木更津市","122060036000","草敷","35.331823","140.006193","0","1"
"12","千葉県","12206","木更津市","122060037000","久津間","35.414145","139.916178","0","1"
"12","千葉県","12206","木更津市","122060038000","畔戸","35.419058","139.904257","0","1"
"12","千葉県","12206","木更津市","122060039000","下内橋","35.366975","140.052750","0","1"
"12","千葉県","12206","木更津市","122060040001","港南台一丁目","35.356621","139.914722","0","3"
"12","千葉県","12206","木更津市","122060040002","港南台二丁目","35.351540","139.913527","0","3"
"12","千葉県","12206","木更津市","122060040003","港南台三丁目","35.351738","139.906955","0","3"
"12","千葉県","12206","木更津市","122060040004","港南台四丁目","35.349527","139.908593","0","3"
"12","千葉県","12206","木更津市","122060040005","港南台五丁目","35.348629","139.912716","0","3"
"12","千葉県","12206","木更津市","122060041000","小浜","35.355737","139.910348","0","1"
"12","千葉県","12206","木更津市","122060042001","幸町一丁目","35.372446","139.926047","0","3"
"12","千葉県","12206","木更津市","122060042002","幸町二丁目","35.372172","139.927913","0","3"
"12","千葉県","12206","木更津市","122060042003","幸町三丁目","35.371699","139.930392","0","3"
"12","千葉県","12206","木更津市","122060043000","坂戸市場","35.424154","139.938548","0","1"
"12","千葉県","12206","木更津市","122060044000","桜井","35.361206","139.925810","0","1"
"12","千葉県","12206","木更津市","122060045001","桜井新町一丁目","35.366644","139.924684","0","3"
"12","千葉県","12206","木更津市","122060045002","桜井新町二丁目","35.366480","139.922407","0","3"
"12","千葉県","12206","木更津市","122060045003","桜井新町三丁目","35.368284","139.919427","0","3"
"12","千葉県","12206","木更津市","122060045004","桜井新町四丁目","35.362140","139.921139","0","3"
"12","千葉県","12206","木更津市","122060045005","桜井新町五丁目","35.365137","139.919465","0","3"
"12","千葉県","12206","木更津市","122060046001","桜町一丁目","35.369792","139.925617","0","3"
"12","千葉県","12206","木更津市","122060046002","桜町二丁目","35.369514","139.927851","0","3"
"12","千葉県","12206","木更津市","122060047000","笹子","35.377363","139.994498","0","1"
"12","千葉県","12206","木更津市","122060048000","佐野","35.338977","140.038471","0","1"
"12","千葉県","12206","木更津市","122060049001","潮浜一丁目","35.377639","139.908893","0","3"
"12","千葉県","12206","木更津市","122060049002","潮浜二丁目","35.373246","139.911164","0","3"
"12","千葉県","12206","木更津市","122060049003","潮浜三丁目","35.368961","139.912283","0","3"
"12","千葉県","12206","木更津市","122060050001","潮見一丁目","35.376140","139.915750","0","3"
"12","千葉県","12206","木更津市","122060050002","潮見二丁目","35.374423","139.915446","0","3"
"12","千葉県","12206","木更津市","122060050003","潮見三丁目","35.371446","139.915199","0","3"
"12","千葉県","12206","木更津市","122060050004","潮見四丁目","35.369120","139.915560","0","3"
"12","千葉県","12206","木更津市","122060050005","潮見五丁目","35.366686","139.914448","0","3"
"12","千葉県","12206","木更津市","122060050006","潮見六丁目","35.364220","139.913128","0","3"
"12","千葉県","12206","木更津市","122060050007","潮見七丁目","35.361321","139.912180","0","3"
"12","千葉県","12206","木更津市","122060050008","潮見八丁目","35.358241","139.911204","0","3"
"12","千葉県","12206","木更津市","122060050009","潮見九丁目","35.356397","139.909165","0","3"
"12","千葉県","12206","木更津市","122060051000","下烏田","35.351668","139.931722","0","1"
"12","千葉県","12206","木更津市","122060052000","下郡","35.351266","140.036923","0","1"
"12","千葉県","12206","木更津市","122060053000","下宮田","35.346957","140.020400","0","1"
"12","千葉県","12206","木更津市","122060054000","下望陀","35.397768","139.998629","0","1"
"12","千葉県","12206","木更津市","122060055000","請西","35.368697","139.937190","0","1"
"12","千葉県","12206","木更津市","122060056001","請西一丁目","35.372265","139.933446","0","3"
"12","千葉県","12206","木更津市","122060056002","請西二丁目","35.374232","139.942202","0","3"
"12","千葉県","12206","木更津市","122060056003","請西三丁目","35.374046","139.949910","0","3"
"12","千葉県","12206","木更津市","122060056004","請西四丁目","35.371263","139.955392","0","3"
"12","千葉県","12206","木更津市","122060057001","請西東一丁目","35.370100","139.945105","0","3"
"12","千葉県","12206","木更津市","122060057002","請西東二丁目","35.371026","139.948583","0","3"
"12","千葉県","12206","木更津市","122060057003","請西東三丁目","35.369900","139.949355","0","3"
"12","千葉県","12206","木更津市","122060057004","請西東四丁目","35.367962","139.946000","0","3"
"12","千葉県","12206","木更津市","122060057005","請西東五丁目","35.366593","139.950225","0","3"
"12","千葉県","12206","木更津市","122060057006","請西東六丁目","35.365391","139.945593","0","3"
"12","千葉県","12206","木更津市","122060057007","請西東七丁目","35.363611","139.947511","0","3"
"12","千葉県","12206","木更津市","122060057008","請西東八丁目","35.362149","139.948796","0","3"
"12","千葉県","12206","木更津市","122060058001","請西南一丁目","35.363482","139.938657","0","3"
"12","千葉県","12206","木更津市","122060058002","請西南二丁目","35.360740","139.942372","0","3"
"12","千葉県","12206","木更津市","122060058003","請西南三丁目","35.358998","139.945397","0","3"
"12","千葉県","12206","木更津市","122060058004","請西南四丁目","35.357606","139.947448","0","3"
"12","千葉県","12206","木更津市","122060058005","請西南五丁目","35.358773","139.939310","0","3"
"12","千葉県","12206","木更津市","122060059000","新宿","35.387168","139.920909","0","1"
"12","千葉県","12206","木更津市","122060060001","新田一丁目","35.377469","139.923960","0","3"
"12","千葉県","12206","木更津市","122060060002","新田二丁目","35.378072","139.920479","0","3"
"12","千葉県","12206","木更津市","122060060003","新田三丁目","35.378203","139.916319","0","3"
"12","千葉県","12206","木更津市","122060061000","新港","35.367820","139.895223","0","1"
"12","千葉県","12206","木更津市","122060062000","菅生","35.390742","139.975435","0","1"
"12","千葉県","12206","木更津市","122060063000","曽根","35.414362","139.969540","0","1"
"12","千葉県","12206","木更津市","122060064001","高砂一丁目","35.409744","139.932785","0","3"
"12","千葉県","12206","木更津市","122060064002","高砂二丁目","35.412428","139.933873","0","3"
"12","千葉県","12206","木更津市","122060064003","高砂三丁目","35.414299","139.935531","0","3"
"12","千葉県","12206","木更津市","122060065000","高柳","35.403370","139.936592","0","1"
"12","千葉県","12206","木更津市","122060066001","高柳一丁目","35.406660","139.942289","0","3"
"12","千葉県","12206","木更津市","122060066002","高柳二丁目","35.409940","139.943570","0","3"
"12","千葉県","12206","木更津市","122060066003","高柳三丁目","35.413845","139.942659","0","3"
"12","千葉県","12206","木更津市","122060066004","高柳四丁目","35.407956","139.946661","0","3"
"12","千葉県","12206","木更津市","122060067000","田川","35.337727","140.028472","0","1"
"12","千葉県","12206","木更津市","122060068001","中央一丁目","35.384187","139.924282","0","3"
"12","千葉県","12206","木更津市","122060068002","中央二丁目","35.383850","139.921325","0","3"
"12","千葉県","12206","木更津市","122060068003","中央三丁目","35.383828","139.919101","0","3"
"12","千葉県","12206","木更津市","122060069000","築地","35.359712","139.903414","0","1"
"12","千葉県","12206","木更津市","122060070000","椿","35.390446","139.991408","0","1"
"12","千葉県","12206","木更津市","122060071000","十日市場","35.396899","139.961851","0","1"
"12","千葉県","12206","木更津市","122060072000","戸国","35.365202","140.045266","0","1"
"12","千葉県","12206","木更津市","122060073000","内港","35.386575","139.916632","0","1"
"12","千葉県","12206","木更津市","122060074000","永井作","35.389767","139.942338","0","1"
"12","千葉県","12206","木更津市","122060075001","永井作一丁目","35.388844","139.946110","0","3"
"12","千葉県","12206","木更津市","122060075002","永井作二丁目","35.390013","139.944346","0","3"
"12","千葉県","12206","木更津市","122060076000","中尾","35.381259","139.973122","0","1"
"12","千葉県","12206","木更津市","122060077000","中烏田","35.352997","139.942984","0","1"
"12","千葉県","12206","木更津市","122060078000","中里","35.396909","139.925692","0","1"
"12","千葉県","12206","木更津市","122060079001","中里一丁目","35.393651","139.921246","0","3"
"12","千葉県","12206","木更津市","122060079002","中里二丁目","35.397326","139.919262","0","3"
"12","千葉県","12206","木更津市","122060080000","中島","35.434688","139.917963","0","1"
"12","千葉県","12206","木更津市","122060081000","中島地先海ほたる","35.463559","139.875553","0","1"
"12","千葉県","12206","木更津市","122060082000","長須賀","35.392687","139.935364","0","1"
"12","千葉県","12206","木更津市","122060083000","中野","35.433554","139.942623","0","1"
"12","千葉県","12206","木更津市","122060084000","中の島","35.385161","139.911734","0","1"
"12","千葉県","12206","木更津市","122060085000","西岩根","35.406892","139.925966","0","1"
"12","千葉県","12206","木更津市","122060086000","根岸","35.356625","140.036072","0","1"
"12","千葉県","12206","木更津市","122060087000","畑沢","35.342618","139.919759","0","1"
"12","千葉県","12206","木更津市","122060088001","畑沢一丁目","35.348602","139.900314","0","3"
"12","千葉県","12206","木更津市","122060088002","畑沢二丁目","35.346813","139.903457","0","3"
"12","千葉県","12206","木更津市","122060088003","畑沢三丁目","35.346473","139.908313","0","3"
"12","千葉県","12206","木更津市","122060088004","畑沢四丁目","35.345176","139.913148","0","3"
"12","千葉県","12206","木更津市","122060089001","畑沢南一丁目","35.345673","139.898374","0","3"
"12","千葉県","12206","木更津市","122060089002","畑沢南二丁目","35.342291","139.905118","0","3"
"12","千葉県","12206","木更津市","122060089003","畑沢南三丁目","35.342279","139.910213","0","3"
"12","千葉県","12206","木更津市","122060089004","畑沢南四丁目","35.339390","139.908007","0","3"
"12","千葉県","12206","木更津市","122060089005","畑沢南五丁目","35.337715","139.903845","0","3"
"12","千葉県","12206","木更津市","122060089006","畑沢南六丁目","35.339280","139.900702","0","3"
"12","千葉県","12206","木更津市","122060090001","八幡台一丁目","35.345139","139.948884","0","3"
"12","千葉県","12206","木更津市","122060090002","八幡台二丁目","35.345452","139.950860","0","3"
"12","千葉県","12206","木更津市","122060090003","八幡台三丁目","35.343243","139.953954","0","3"
"12","千葉県","12206","木更津市","122060090004","八幡台四丁目","35.340648","139.949916","0","3"
"12","千葉県","12206","木更津市","122060090005","八幡台五丁目","35.335238","139.949626","0","3"
"12","千葉県","12206","木更津市","122060090006","八幡台六丁目","35.336964","139.951934","0","3"
"12","千葉県","12206","木更津市","122060090007","八幡台七丁目","35.337736","139.954948","0","3"
"12","千葉県","12206","木更津市","122060091001","羽鳥野一丁目","35.348067","139.946776","0","3"
"12","千葉県","12206","木更津市","122060091002","羽鳥野二丁目","35.343680","139.945802","0","3"
"12","千葉県","12206","木更津市","122060091003","羽鳥野三丁目","35.340133","139.945817","0","3"
"12","千葉県","12206","木更津市","122060091004","羽鳥野四丁目","35.339251","139.942677","0","3"
"12","千葉県","12206","木更津市","122060091005","羽鳥野五丁目","35.344030","139.940915","0","3"
"12","千葉県","12206","木更津市","122060091006","羽鳥野六丁目","35.345711","139.941478","0","3"
"12","千葉県","12206","木更津市","122060091007","羽鳥野七丁目","35.348299","139.941478","0","3"
"12","千葉県","12206","木更津市","122060092001","東太田一丁目","35.376987","139.949021","0","3"
"12","千葉県","12206","木更津市","122060092002","東太田二丁目","35.376390","139.953392","0","3"
"12","千葉県","12206","木更津市","122060092003","東太田三丁目","35.376007","139.957798","0","3"
"12","千葉県","12206","木更津市","122060092004","東太田四丁目","35.371969","139.957414","0","3"
"12","千葉県","12206","木更津市","122060093001","東中央一丁目","35.381872","139.927681","0","3"
"12","千葉県","12206","木更津市","122060093002","東中央二丁目","35.380841","139.931911","0","3"
"12","千葉県","12206","木更津市","122060093003","東中央三丁目","35.379837","139.934927","0","3"
"12","千葉県","12206","木更津市","122060094000","日の出町","35.385970","139.982094","0","1"
"12","千葉県","12206","木更津市","122060095001","富士見一丁目","35.380940","139.924523","0","3"
"12","千葉県","12206","木更津市","122060095002","富士見二丁目","35.380683","139.920356","0","3"
"12","千葉県","12206","木更津市","122060095003","富士見三丁目","35.381492","139.914084","0","3"
"12","千葉県","12206","木更津市","122060096001","文京一丁目","35.377529","139.926861","0","3"
"12","千葉県","12206","木更津市","122060096002","文京二丁目","35.376849","139.930165","0","3"
"12","千葉県","12206","木更津市","122060096003","文京三丁目","35.376362","139.933634","0","3"
"12","千葉県","12206","木更津市","122060096004","文京四丁目","35.374226","139.932828","0","3"
"12","千葉県","12206","木更津市","122060096005","文京五丁目","35.374725","139.929858","0","3"
"12","千葉県","12206","木更津市","122060096006","文京六丁目","35.375243","139.926260","0","3"
"12","千葉県","12206","木更津市","122060097001","ほたる野一丁目","35.376323","139.961173","0","3"
"12","千葉県","12206","木更津市","122060097002","ほたる野二丁目","35.384146","139.965242","0","3"
"12","千葉県","12206","木更津市","122060097003","ほたる野三丁目","35.376898","139.967476","0","3"
"12","千葉県","12206","木更津市","122060097004","ほたる野四丁目","35.376393","139.964705","0","3"
"12","千葉県","12206","木更津市","122060098001","本郷一丁目","35.408205","139.937673","0","3"
"12","千葉県","12206","木更津市","122060098002","本郷二丁目","35.411263","139.938155","0","3"
"12","千葉県","12206","木更津市","122060098003","本郷三丁目","35.413641","139.939279","0","3"
"12","千葉県","12206","木更津市","122060099001","真舟一丁目","35.364517","139.931259","0","3"
"12","千葉県","12206","木更津市","122060099002","真舟二丁目","35.360276","139.935724","0","3"
"12","千葉県","12206","木更津市","122060099003","真舟三丁目","35.356271","139.935455","0","3"
"12","千葉県","12206","木更津市","122060099004","真舟四丁目","35.358894","139.932607","0","3"
"12","千葉県","12206","木更津市","122060099005","真舟五丁目","35.363435","139.930057","0","3"
"12","千葉県","12206","木更津市","122060100000","真里","35.372454","140.051770","0","1"
"12","千葉県","12206","木更津市","122060101000","真里谷","35.358489","140.095122","0","1"
"12","千葉県","12206","木更津市","122060102000","万石","35.421164","139.931363","0","1"
"12","千葉県","12206","木更津市","122060103000","木材港","35.371962","139.908040","0","1"
"12","千葉県","12206","木更津市","122060104000","矢那","35.342479","139.974598","0","1"
"12","千葉県","12206","木更津市","122060105001","大和一丁目","35.379505","139.927545","0","3"
"12","千葉県","12206","木更津市","122060105002","大和二丁目","35.379448","139.930393","0","3"
"12","千葉県","12206","木更津市","122060105003","大和三丁目","35.378004","139.934243","0","3"
"12","千葉県","12206","木更津市","122060106000","山本七曲","35.341434","140.087571","0","1"
"12","千葉県","12206","木更津市","122060107000","若葉町","35.405366","139.947398","0","1"
"12","千葉県","12207","松戸市","122070001001","旭町一丁目","35.815309","139.899807","0","3"
"12","千葉県","12207","松戸市","122070001002","旭町二丁目","35.820602","139.899273","0","3"
"12","千葉県","12207","松戸市","122070001003","旭町三丁目","35.821784","139.902849","0","3"
"12","千葉県","12207","松戸市","122070001004","旭町四丁目","35.825922","139.900948","0","3"
"12","千葉県","12207","松戸市","122070002000","岩瀬","35.781568","139.904987","0","1"
"12","千葉県","12207","松戸市","122070003001","大金平一丁目","35.834362","139.926608","0","3"
"12","千葉県","12207","松戸市","122070003002","大金平二丁目","35.837092","139.923744","0","3"
"12","千葉県","12207","松戸市","122070003003","大金平三丁目","35.835692","139.919014","0","3"
"12","千葉県","12207","松戸市","122070003004","大金平四丁目","35.837389","139.917414","0","3"
"12","千葉県","12207","松戸市","122070003005","大金平五丁目","35.840149","139.918532","0","3"
"12","千葉県","12207","松戸市","122070004000","大橋","35.767791","139.917231","0","1"
"12","千葉県","12207","松戸市","122070005000","大谷口","35.833550","139.922703","0","1"
"12","千葉県","12207","松戸市","122070006000","上総内","35.830357","139.925645","0","1"
"12","千葉県","12207","松戸市","122070007000","金ケ作","35.803535","139.961599","0","1"
"12","千葉県","12207","松戸市","122070008001","紙敷一丁目","35.774734","139.955516","0","3"
"12","千葉県","12207","松戸市","122070008002","紙敷二丁目","35.775280","139.952055","0","3"
"12","千葉県","12207","松戸市","122070008003","紙敷三丁目","35.771986","139.951116","0","3"
"12","千葉県","12207","松戸市","122070009000","上本郷","35.797871","139.909263","0","1"
"12","千葉県","12207","松戸市","122070010000","上矢切","35.769790","139.888828","0","1"
"12","千葉県","12207","松戸市","122070011000","河原塚","35.781403","139.939845","0","1"
"12","千葉県","12207","松戸市","122070012001","北松戸一丁目","35.802509","139.913114","0","3"
"12","千葉県","12207","松戸市","122070012002","北松戸二丁目","35.799612","139.915324","0","3"
"12","千葉県","12207","松戸市","122070012003","北松戸三丁目","35.801834","139.915647","0","3"
"12","千葉県","12207","松戸市","122070013000","串崎新田","35.776766","139.976386","0","1"
"12","千葉県","12207","松戸市","122070014000","串崎南町","35.776105","139.961392","0","1"
"12","千葉県","12207","松戸市","122070015000","久保平賀","35.828111","139.938404","0","1"
"12","千葉県","12207","松戸市","122070016000","栗ケ沢","35.812364","139.954531","0","1"
"12","千葉県","12207","松戸市","122070017000","栗山","35.755152","139.897218","0","1"
"12","千葉県","12207","松戸市","122070018000","幸田","35.846309","139.920242","0","1"
"12","千葉県","12207","松戸市","122070019001","幸田一丁目","35.843611","139.924105","0","3"
"12","千葉県","12207","松戸市","122070019002","幸田二丁目","35.845759","139.923783","0","3"
"12","千葉県","12207","松戸市","122070019003","幸田三丁目","35.846712","139.927301","0","3"
"12","千葉県","12207","松戸市","122070019004","幸田四丁目","35.844470","139.927157","0","3"
"12","千葉県","12207","松戸市","122070019005","幸田五丁目","35.843637","139.929471","0","3"
"12","千葉県","12207","松戸市","122070020000","幸谷","35.825690","139.923452","0","1"
"12","千葉県","12207","松戸市","122070021000","古ケ崎","35.797596","139.891769","0","1"
"12","千葉県","12207","松戸市","122070022001","古ケ崎一丁目","35.796724","139.894984","0","3"
"12","千葉県","12207","松戸市","122070022002","古ケ崎二丁目","35.796751","139.899014","0","3"
"12","千葉県","12207","松戸市","122070022003","古ケ崎三丁目","35.800881","139.898967","0","3"
"12","千葉県","12207","松戸市","122070022004","古ケ崎四丁目","35.805223","139.898564","0","3"
"12","千葉県","12207","松戸市","122070023000","小金","35.829229","139.930450","0","1"
"12","千葉県","12207","松戸市","122070024000","小金上総町","35.825843","139.930198","0","1"
"12","千葉県","12207","松戸市","122070025001","小金きよしケ丘一丁目","35.833027","139.934052","0","3"
"12","千葉県","12207","松戸市","122070025002","小金きよしケ丘二丁目","35.830320","139.935843","0","3"
"12","千葉県","12207","松戸市","122070025003","小金きよしケ丘三丁目","35.826744","139.934730","0","3"
"12","千葉県","12207","松戸市","122070025004","小金きよしケ丘四丁目","35.826438","139.936378","0","3"
"12","千葉県","12207","松戸市","122070025005","小金きよしケ丘五丁目","35.824210","139.936477","0","3"
"12","千葉県","12207","松戸市","122070026001","小金清志町一丁目","35.824781","139.928698","0","3"
"12","千葉県","12207","松戸市","122070026002","小金清志町二丁目","35.827375","139.929946","0","3"
"12","千葉県","12207","松戸市","122070026003","小金清志町三丁目","35.829779","139.927318","0","3"
"12","千葉県","12207","松戸市","122070027001","小金原一丁目","35.825737","139.941056","0","3"
"12","千葉県","12207","松戸市","122070027002","小金原二丁目","35.824745","139.946749","0","3"
"12","千葉県","12207","松戸市","122070027003","小金原三丁目","35.822367","139.947638","0","3"
"12","千葉県","12207","松戸市","122070027004","小金原四丁目","35.821062","139.939869","0","3"
"12","千葉県","12207","松戸市","122070027005","小金原五丁目","35.817378","139.940769","0","3"
"12","千葉県","12207","松戸市","122070027006","小金原六丁目","35.818474","139.948071","0","3"
"12","千葉県","12207","松戸市","122070027007","小金原七丁目","35.814907","139.948899","0","3"
"12","千葉県","12207","松戸市","122070027008","小金原八丁目","35.813926","139.941826","0","3"
"12","千葉県","12207","松戸市","122070027009","小金原九丁目","35.811267","139.945649","0","3"
"12","千葉県","12207","松戸市","122070028001","五香一丁目","35.794499","139.968706","0","3"
"12","千葉県","12207","松戸市","122070028002","五香二丁目","35.794764","139.972025","0","3"
"12","千葉県","12207","松戸市","122070028003","五香三丁目","35.794914","139.975216","0","3"
"12","千葉県","12207","松戸市","122070028004","五香四丁目","35.792799","139.979810","0","3"
"12","千葉県","12207","松戸市","122070028005","五香五丁目","35.791516","139.982808","0","3"
"12","千葉県","12207","松戸市","122070028006","五香六丁目","35.799774","139.968681","0","3"
"12","千葉県","12207","松戸市","122070028007","五香七丁目","35.799321","139.972905","0","3"
"12","千葉県","12207","松戸市","122070028008","五香八丁目","35.796831","139.978806","0","3"
"12","千葉県","12207","松戸市","122070029001","五香西一丁目","35.793289","139.967160","0","3"
"12","千葉県","12207","松戸市","122070029002","五香西二丁目","35.791641","139.964082","0","3"
"12","千葉県","12207","松戸市","122070029003","五香西三丁目","35.791608","139.961294","0","3"
"12","千葉県","12207","松戸市","122070029004","五香西四丁目","35.787003","139.961082","0","3"
"12","千葉県","12207","松戸市","122070029005","五香西五丁目","35.786887","139.952325","0","3"
"12","千葉県","12207","松戸市","122070029006","五香西六丁目","35.790136","139.955689","0","3"
"12","千葉県","12207","松戸市","122070030001","五香南一丁目","35.789549","139.975679","0","3"
"12","千葉県","12207","松戸市","122070030002","五香南二丁目","35.791544","139.976381","0","3"
"12","千葉県","12207","松戸市","122070030003","五香南三丁目","35.788611","139.978639","0","3"
"12","千葉県","12207","松戸市","122070031000","五香六実","35.788509","139.973463","0","1"
"12","千葉県","12207","松戸市","122070032000","小根本","35.788085","139.906870","0","1"
"12","千葉県","12207","松戸市","122070033000","小山","35.773171","139.894499","0","1"
"12","千葉県","12207","松戸市","122070034000","胡録台","35.783926","139.913175","0","1"
"12","千葉県","12207","松戸市","122070035001","栄町一丁目","35.796850","139.901991","0","3"
"12","千葉県","12207","松戸市","122070035002","栄町二丁目","35.801043","139.903671","0","3"
"12","千葉県","12207","松戸市","122070035003","栄町三丁目","35.803015","139.905619","0","3"
"12","千葉県","12207","松戸市","122070035004","栄町四丁目","35.803957","139.903208","0","3"
"12","千葉県","12207","松戸市","122070035005","栄町五丁目","35.807483","139.904047","0","3"
"12","千葉県","12207","松戸市","122070035006","栄町六丁目","35.806458","139.907581","0","3"
"12","千葉県","12207","松戸市","122070035007","栄町七丁目","35.810149","139.909590","0","3"
"12","千葉県","12207","松戸市","122070035008","栄町八丁目","35.810943","139.904713","0","3"
"12","千葉県","12207","松戸市","122070036001","栄町西一丁目","35.807812","139.898603","0","3"
"12","千葉県","12207","松戸市","122070036002","栄町西二丁目","35.810026","139.898648","0","3"
"12","千葉県","12207","松戸市","122070036003","栄町西三丁目","35.812709","139.898657","0","3"
"12","千葉県","12207","松戸市","122070036004","栄町西四丁目","35.812268","139.892927","0","3"
"12","千葉県","12207","松戸市","122070036005","栄町西五丁目","35.807847","139.892006","0","3"
"12","千葉県","12207","松戸市","122070037000","七右衛門新田","35.827265","139.895200","0","1"
"12","千葉県","12207","松戸市","122070038000","下矢切","35.757338","139.888271","0","1"
"12","千葉県","12207","松戸市","122070039000","新作","35.805090","139.916204","0","1"
"12","千葉県","12207","松戸市","122070040001","新松戸一丁目","35.828966","139.921592","0","3"
"12","千葉県","12207","松戸市","122070040002","新松戸二丁目","35.823052","139.919934","0","3"
"12","千葉県","12207","松戸市","122070040003","新松戸三丁目","35.823440","139.915319","0","3"
"12","千葉県","12207","松戸市","122070040004","新松戸四丁目","35.827142","139.916103","0","3"
"12","千葉県","12207","松戸市","122070040005","新松戸五丁目","35.829755","139.910135","0","3"
"12","千葉県","12207","松戸市","122070040006","新松戸六丁目","35.825073","139.908619","0","3"
"12","千葉県","12207","松戸市","122070040007","新松戸七丁目","35.830714","139.904676","0","3"
"12","千葉県","12207","松戸市","122070041001","新松戸北一丁目","35.831566","139.918136","0","3"
"12","千葉県","12207","松戸市","122070041002","新松戸北二丁目","35.832391","139.912891","0","3"
"12","千葉県","12207","松戸市","122070042000","新松戸東","35.828132","139.923629","0","1"
"12","千葉県","12207","松戸市","122070043001","新松戸南一丁目","35.820342","139.915227","0","3"
"12","千葉県","12207","松戸市","122070043002","新松戸南二丁目","35.821125","139.910268","0","3"
"12","千葉県","12207","松戸市","122070043003","新松戸南三丁目","35.821094","139.906104","0","3"
"12","千葉県","12207","松戸市","122070044000","千駄堀","35.799329","139.934208","0","1"
"12","千葉県","12207","松戸市","122070045000","外河原","35.827666","139.889492","0","1"
"12","千葉県","12207","松戸市","122070046000","高柳新田","35.805411","139.986610","0","1"
"12","千葉県","12207","松戸市","122070047000","竹ケ花","35.791021","139.904194","0","1"
"12","千葉県","12207","松戸市","122070048000","竹ケ花西町","35.793481","139.902701","0","1"
"12","千葉県","12207","松戸市","122070049000","田中新田","35.781509","139.950161","0","1"
"12","千葉県","12207","松戸市","122070050001","常盤平一丁目","35.801478","139.944185","0","3"
"12","千葉県","12207","松戸市","122070050002","常盤平二丁目","35.800225","139.947781","0","3"
"12","千葉県","12207","松戸市","122070050003","常盤平三丁目","35.801128","139.954378","0","3"
"12","千葉県","12207","松戸市","122070050004","常盤平四丁目","35.799772","139.959955","0","3"
"12","千葉県","12207","松戸市","122070050005","常盤平五丁目","35.797409","139.963705","0","3"
"12","千葉県","12207","松戸市","122070050006","常盤平六丁目","35.795940","139.958452","0","3"
"12","千葉県","12207","松戸市","122070050007","常盤平七丁目","35.796031","139.953443","0","3"
"12","千葉県","12207","松戸市","122070051000","常盤平陣屋前","35.794969","139.940962","0","1"
"12","千葉県","12207","松戸市","122070052000","常盤平西窪町","35.797220","139.943544","0","1"
"12","千葉県","12207","松戸市","122070053000","常盤平双葉町","35.796060","139.948771","0","1"
"12","千葉県","12207","松戸市","122070054000","常盤平松葉町","35.795302","139.945518","0","1"
"12","千葉県","12207","松戸市","122070055000","常盤平柳町","35.794143","139.946594","0","1"
"12","千葉県","12207","松戸市","122070056000","殿平賀","35.835878","139.927502","0","1"
"12","千葉県","12207","松戸市","122070057001","仲井町一丁目","35.789768","139.920536","0","3"
"12","千葉県","12207","松戸市","122070057002","仲井町二丁目","35.789240","139.918415","0","3"
"12","千葉県","12207","松戸市","122070057003","仲井町三丁目","35.787903","139.917479","0","3"
"12","千葉県","12207","松戸市","122070058001","中金杉一丁目","35.841641","139.923920","0","3"
"12","千葉県","12207","松戸市","122070058002","中金杉二丁目","35.840833","139.925885","0","3"
"12","千葉県","12207","松戸市","122070058003","中金杉三丁目","35.839097","139.924065","0","3"
"12","千葉県","12207","松戸市","122070058004","中金杉四丁目","35.840572","139.920930","0","3"
"12","千葉県","12207","松戸市","122070058005","中金杉五丁目","35.843002","139.920855","0","3"
"12","千葉県","12207","松戸市","122070059000","中根","35.807405","139.917222","0","1"
"12","千葉県","12207","松戸市","122070060000","中根長津町","35.809108","139.913274","0","1"
"12","千葉県","12207","松戸市","122070061000","中矢切","35.764115","139.890338","0","1"
"12","千葉県","12207","松戸市","122070062000","中和倉","35.803914","139.925173","0","1"
"12","千葉県","12207","松戸市","122070063001","西馬橋一丁目","35.816463","139.915771","0","3"
"12","千葉県","12207","松戸市","122070063002","西馬橋二丁目","35.818322","139.910606","0","3"
"12","千葉県","12207","松戸市","122070063003","西馬橋三丁目","35.816417","139.910115","0","3"
"12","千葉県","12207","松戸市","122070063004","西馬橋四丁目","35.816880","139.905020","0","3"
"12","千葉県","12207","松戸市","122070063005","西馬橋五丁目","35.813619","139.904197","0","3"
"12","千葉県","12207","松戸市","122070064000","西馬橋相川町","35.814822","139.909181","0","1"
"12","千葉県","12207","松戸市","122070065000","西馬橋蔵元町","35.813228","139.914575","0","1"
"12","千葉県","12207","松戸市","122070066000","西馬橋幸町","35.811501","139.914027","0","1"
"12","千葉県","12207","松戸市","122070067000","西馬橋広手町","35.813107","139.908765","0","1"
"12","千葉県","12207","松戸市","122070068000","二十世紀が丘柿の木町","35.772002","139.904876","0","1"
"12","千葉県","12207","松戸市","122070069000","二十世紀が丘戸山町","35.772765","139.913979","0","1"
"12","千葉県","12207","松戸市","122070070000","二十世紀が丘中松町","35.771334","139.910299","0","1"
"12","千葉県","12207","松戸市","122070071000","二十世紀が丘梨元町","35.771185","139.915331","0","1"
"12","千葉県","12207","松戸市","122070072000","二十世紀が丘萩町","35.769060","139.906238","0","1"
"12","千葉県","12207","松戸市","122070073000","二十世紀が丘丸山町","35.768562","139.911301","0","1"
"12","千葉県","12207","松戸市","122070074000","二十世紀が丘美野里町","35.773217","139.909363","0","1"
"12","千葉県","12207","松戸市","122070075000","根木内","35.830400","139.943017","0","1"
"12","千葉県","12207","松戸市","122070076000","根本","35.789158","139.901310","0","1"
"12","千葉県","12207","松戸市","122070077000","野菊野","35.779644","139.913599","0","1"
"12","千葉県","12207","松戸市","122070078000","八ケ崎","35.816514","139.930368","0","1"
"12","千葉県","12207","松戸市","122070079001","八ケ崎一丁目","35.819701","139.934537","0","3"
"12","千葉県","12207","松戸市","122070079002","八ケ崎二丁目","35.816225","139.933352","0","3"
"12","千葉県","12207","松戸市","122070079003","八ケ崎三丁目","35.813544","139.935618","0","3"
"12","千葉県","12207","松戸市","122070079004","八ケ崎四丁目","35.810438","139.938578","0","3"
"12","千葉県","12207","松戸市","122070079005","八ケ崎五丁目","35.808525","139.937027","0","3"
"12","千葉県","12207","松戸市","122070079006","八ケ崎六丁目","35.808267","139.928607","0","3"
"12","千葉県","12207","松戸市","122070079007","八ケ崎七丁目","35.811451","139.928438","0","3"
"12","千葉県","12207","松戸市","122070079008","八ケ崎八丁目","35.814415","139.927011","0","3"
"12","千葉県","12207","松戸市","122070080000","八ケ崎緑町","35.816693","139.928519","0","1"
"12","千葉県","12207","松戸市","122070081000","東平賀","35.835245","139.934028","0","1"
"12","千葉県","12207","松戸市","122070082001","東松戸一丁目","35.772782","139.946144","0","3"
"12","千葉県","12207","松戸市","122070082002","東松戸二丁目","35.770272","139.946254","0","3"
"12","千葉県","12207","松戸市","122070082003","東松戸三丁目","35.770511","139.942074","0","3"
"12","千葉県","12207","松戸市","122070082004","東松戸四丁目","35.773589","139.940828","0","3"
"12","千葉県","12207","松戸市","122070083000","日暮","35.786294","139.963233","0","1"
"12","千葉県","12207","松戸市","122070084001","日暮一丁目","35.791253","139.940197","0","3"
"12","千葉県","12207","松戸市","122070084002","日暮二丁目","35.791433","139.936317","0","3"
"12","千葉県","12207","松戸市","122070084003","日暮三丁目","35.788719","139.935719","0","3"
"12","千葉県","12207","松戸市","122070084004","日暮四丁目","35.786825","139.938098","0","3"
"12","千葉県","12207","松戸市","122070084005","日暮五丁目","35.788767","139.941011","0","3"
"12","千葉県","12207","松戸市","122070084006","日暮六丁目","35.791013","139.944341","0","3"
"12","千葉県","12207","松戸市","122070084007","日暮七丁目","35.787850","139.945019","0","3"
"12","千葉県","12207","松戸市","122070084008","日暮八丁目","35.783643","139.937399","0","3"
"12","千葉県","12207","松戸市","122070085000","樋野口","35.789834","139.894137","0","1"
"12","千葉県","12207","松戸市","122070086000","平賀","35.838873","139.929403","0","1"
"12","千葉県","12207","松戸市","122070087000","二ツ木","35.819753","139.926449","0","1"
"12","千葉県","12207","松戸市","122070088000","二ツ木二葉町","35.822861","139.934536","0","1"
"12","千葉県","12207","松戸市","122070089000","本町","35.785291","139.898478","0","1"
"12","千葉県","12207","松戸市","122070090000","牧の原","35.791533","139.958110","0","1"
"12","千葉県","12207","松戸市","122070091001","牧の原一丁目","35.791766","139.948264","0","3"
"12","千葉県","12207","松戸市","122070091002","牧の原二丁目","35.789450","139.950080","0","3"
"12","千葉県","12207","松戸市","122070092000","松戸","35.778337","139.903015","0","1"
"12","千葉県","12207","松戸市","122070093000","松戸新田","35.785996","139.917674","0","1"
"12","千葉県","12207","松戸市","122070094000","松飛台","35.782958","139.963330","0","1"
"12","千葉県","12207","松戸市","122070095000","馬橋","35.812417","139.920770","0","1"
"12","千葉県","12207","松戸市","122070096000","三ケ月","35.818265","139.921935","0","1"
"12","千葉県","12207","松戸市","122070097001","緑ケ丘一丁目","35.786331","139.910553","0","3"
"12","千葉県","12207","松戸市","122070097002","緑ケ丘二丁目","35.787769","139.915451","0","3"
"12","千葉県","12207","松戸市","122070098000","南花島","35.792557","139.906956","0","1"
"12","千葉県","12207","松戸市","122070099001","南花島一丁目","35.792415","139.911755","0","3"
"12","千葉県","12207","松戸市","122070099002","南花島二丁目","35.793363","139.908592","0","3"
"12","千葉県","12207","松戸市","122070099003","南花島三丁目","35.789765","139.913115","0","3"
"12","千葉県","12207","松戸市","122070099004","南花島四丁目","35.790262","139.908849","0","3"
"12","千葉県","12207","松戸市","122070100000","南花島中町","35.793901","139.906199","0","1"
"12","千葉県","12207","松戸市","122070101000","南花島向町","35.795052","139.903783","0","1"
"12","千葉県","12207","松戸市","122070102000","稔台","35.779185","139.927386","0","1"
"12","千葉県","12207","松戸市","122070103001","稔台一丁目","35.788050","139.932309","0","3"
"12","千葉県","12207","松戸市","122070103002","稔台二丁目","35.785058","139.933973","0","3"
"12","千葉県","12207","松戸市","122070103003","稔台三丁目","35.781629","139.933077","0","3"
"12","千葉県","12207","松戸市","122070103004","稔台四丁目","35.779211","139.933599","0","3"
"12","千葉県","12207","松戸市","122070103005","稔台五丁目","35.782002","139.927787","0","3"
"12","千葉県","12207","松戸市","122070103006","稔台六丁目","35.783511","139.923732","0","3"
"12","千葉県","12207","松戸市","122070103007","稔台七丁目","35.785882","139.928222","0","3"
"12","千葉県","12207","松戸市","122070103008","稔台八丁目","35.786171","139.922414","0","3"
"12","千葉県","12207","松戸市","122070104001","三矢小台一丁目","35.761655","139.902112","0","3"
"12","千葉県","12207","松戸市","122070104002","三矢小台二丁目","35.764150","139.901423","0","3"
"12","千葉県","12207","松戸市","122070104003","三矢小台三丁目","35.765817","139.901998","0","3"
"12","千葉県","12207","松戸市","122070104004","三矢小台四丁目","35.767746","139.902482","0","3"
"12","千葉県","12207","松戸市","122070104005","三矢小台五丁目","35.771410","139.902275","0","3"
"12","千葉県","12207","松戸市","122070105001","六実一丁目","35.791797","139.987804","0","3"
"12","千葉県","12207","松戸市","122070105002","六実二丁目","35.791464","139.993403","0","3"
"12","千葉県","12207","松戸市","122070105003","六実三丁目","35.791182","139.996576","0","3"
"12","千葉県","12207","松戸市","122070105004","六実四丁目","35.790872","139.998809","0","3"
"12","千葉県","12207","松戸市","122070105005","六実五丁目","35.793157","139.999914","0","3"
"12","千葉県","12207","松戸市","122070105006","六実六丁目","35.796449","139.996873","0","3"
"12","千葉県","12207","松戸市","122070105007","六実七丁目","35.793771","139.991630","0","3"
"12","千葉県","12207","松戸市","122070106000","主水新田","35.819675","139.894294","0","1"
"12","千葉県","12207","松戸市","122070107001","横須賀一丁目","35.835313","139.914852","0","3"
"12","千葉県","12207","松戸市","122070107002","横須賀二丁目","35.834548","139.908934","0","3"
"12","千葉県","12207","松戸市","122070108000","吉井町","35.790437","139.906433","0","1"
"12","千葉県","12207","松戸市","122070109001","六高台一丁目","35.795417","139.983980","0","3"
"12","千葉県","12207","松戸市","122070109002","六高台二丁目","35.794970","139.989472","0","3"
"12","千葉県","12207","松戸市","122070109003","六高台三丁目","35.797768","139.988418","0","3"
"12","千葉県","12207","松戸市","122070109004","六高台四丁目","35.797488","139.992398","0","3"
"12","千葉県","12207","松戸市","122070109005","六高台五丁目","35.801134","139.994386","0","3"
"12","千葉県","12207","松戸市","122070109006","六高台六丁目","35.801241","139.989361","0","3"
"12","千葉県","12207","松戸市","122070109007","六高台七丁目","35.799456","139.985513","0","3"
"12","千葉県","12207","松戸市","122070109008","六高台八丁目","35.800552","139.983230","0","3"
"12","千葉県","12207","松戸市","122070109009","六高台九丁目","35.804627","139.989358","0","3"
"12","千葉県","12207","松戸市","122070110000","六高台西","35.799351","139.980185","0","1"
"12","千葉県","12207","松戸市","122070111000","和名ケ谷","35.777345","139.925469","0","1"
"12","千葉県","12207","松戸市","122070112000","高塚新田","35.758315","139.937537","0","1"
"12","千葉県","12207","松戸市","122070113000","秋山","35.763055","139.928217","0","1"
"12","千葉県","12207","松戸市","122070114001","秋山一丁目","35.764288","139.930490","0","3"
"12","千葉県","12207","松戸市","122070114002","秋山二丁目","35.765907","139.933051","0","3"
"12","千葉県","12207","松戸市","122070114003","秋山三丁目","35.766293","139.935998","0","3"
"12","千葉県","12207","松戸市","122070115000","紙敷","35.772633","139.933972","0","1"
"12","千葉県","12208","野田市","122080044001 ","つつみ野一丁目","35.946000","139.848863","0","3"
"12","千葉県","12208","野田市","122080044002 ","つつみ野二丁目","35.945494","139.846449","0","3"
"12","千葉県","12208","野田市","122080085001 ","なみき一丁目","36.034311","139.821018","0","3"
"12","千葉県","12208","野田市","122080085002 ","なみき二丁目","36.038012","139.820516","0","3"
"12","千葉県","12208","野田市","122080085003 ","なみき三丁目","36.039901","139.822184","0","3"
"12","千葉県","12208","野田市","122080085004 ","なみき四丁目","36.040336","139.817300","0","3"
"12","千葉県","12208","野田市","122080061000 ","はやま","36.069149","139.793265","0","1"
"12","千葉県","12208","野田市","122080071001 ","みずき一丁目","35.925166","139.883191","0","3"
"12","千葉県","12208","野田市","122080071002 ","みずき二丁目","35.922938","139.886278","0","3"
"12","千葉県","12208","野田市","122080071003 ","みずき三丁目","35.920412","139.886021","0","3"
"12","千葉県","12208","野田市","122080071004 ","みずき四丁目","35.917311","139.889084","0","3"
"12","千葉県","12208","野田市","122080080000 ","横内","35.950482","139.880161","0","1"
"12","千葉県","12208","野田市","122080006000 ","岡田","36.011436","139.826336","0","1"
"12","千葉県","12208","野田市","122080007000 ","岡田新田","36.009714","139.823298","0","1"
"12","千葉県","12208","野田市","122080031000 ","下三ケ尾","35.922857","139.916158","0","1"
"12","千葉県","12208","野田市","122080058000 ","花井","35.946055","139.881867","0","1"
"12","千葉県","12208","野田市","122080059001 ","花井一丁目","35.937981","139.883718","0","3"
"12","千葉県","12208","野田市","122080060000 ","花井新田","35.936548","139.882197","0","1"
"12","千葉県","12208","野田市","122080038000 ","関宿元町","36.074513","139.788013","0","1"
"12","千葉県","12208","野田市","122080039000 ","関宿元町飛地","36.065709","139.796048","0","1"
"12","千葉県","12208","野田市","122080033000 ","関宿江戸町","36.087124","139.780643","0","1"
"12","千葉県","12208","野田市","122080034000 ","関宿江戸町飛地","36.063526","139.793256","0","1"
"12","千葉県","12208","野田市","122080035000 ","関宿三軒家","36.098726","139.782731","0","1"
"12","千葉県","12208","野田市","122080036000 ","関宿台町","36.084899","139.794419","0","1"
"12","千葉県","12208","野田市","122080037000 ","関宿町","36.094867","139.780703","0","1"
"12","千葉県","12208","野田市","122080032000 ","関宿内町","36.074055","139.784390","0","1"
"12","千葉県","12208","野田市","122080070000 ","丸井","36.010677","139.818324","0","1"
"12","千葉県","12208","野田市","122080003000 ","岩名","35.963793","139.839891","0","1"
"12","千葉県","12208","野田市","122080004001 ","岩名一丁目","35.973807","139.832789","0","3"
"12","千葉県","12208","野田市","122080004002 ","岩名二丁目","35.973037","139.838156","0","3"
"12","千葉県","12208","野田市","122080081000 ","吉春","35.965678","139.865545","0","1"
"12","千葉県","12208","野田市","122080073000 ","宮崎","35.952155","139.873927","0","1"
"12","千葉県","12208","野田市","122080020000 ","桐ケ作","36.055306","139.810225","0","1"
"12","千葉県","12208","野田市","122080013000 ","金杉","35.967449","139.871444","0","1"
"12","千葉県","12208","野田市","122080086000 ","古布内","36.047011","139.822419","0","1"
"12","千葉県","12208","野田市","122080022000 ","五木","35.970796","139.846066","0","1"
"12","千葉県","12208","野田市","122080024000 ","五木新町","35.974463","139.844820","0","1"
"12","千葉県","12208","野田市","122080023000 ","五木新田","35.980187","139.838746","0","1"
"12","千葉県","12208","野田市","122080021001 ","光葉町一丁目","35.965544","139.852126","0","3"
"12","千葉県","12208","野田市","122080021002 ","光葉町二丁目","35.969437","139.849257","0","3"
"12","千葉県","12208","野田市","122080021003 ","光葉町三丁目","35.965103","139.846908","0","3"
"12","千葉県","12208","野田市","122080002000 ","今上","35.925190","139.873880","0","1"
"12","千葉県","12208","野田市","122080025000 ","座生","35.947827","139.842668","0","1"
"12","千葉県","12208","野田市","122080028001 ","桜の里一丁目","35.957535","139.847495","0","3"
"12","千葉県","12208","野田市","122080028002 ","桜の里二丁目","35.953947","139.845337","0","3"
"12","千葉県","12208","野田市","122080028003 ","桜の里三丁目","35.951683","139.843058","0","3"
"12","千葉県","12208","野田市","122080027000 ","桜台","35.936126","139.874677","0","1"
"12","千葉県","12208","野田市","122080026000 ","桜木","35.934945","139.877675","0","1"
"12","千葉県","12208","野田市","122080072000 ","三ツ堀","35.943511","139.928729","0","1"
"12","千葉県","12208","野田市","122080084000 ","山崎","35.930807","139.890211","0","1"
"12","千葉県","12208","野田市","122080082000 ","山崎貝塚町","35.921992","139.894096","0","1"
"12","千葉県","12208","野田市","122080083000 ","山崎新町","35.925056","139.895584","0","1"
"12","千葉県","12208","野田市","122080078000 ","山崎梅の台","35.923052","139.888413","0","1"
"12","千葉県","12208","野田市","122080089000 ","次木","36.035617","139.824717","0","1"
"12","千葉県","12208","野田市","122080053000 ","七光台","35.981049","139.845594","0","1"
"12","千葉県","12208","野田市","122080012000 ","春日町","35.977614","139.841366","0","1"
"12","千葉県","12208","野田市","122080010000 ","小山","36.004383","139.870554","0","1"
"12","千葉県","12208","野田市","122080015000 ","上花輪","35.935926","139.870262","0","1"
"12","千葉県","12208","野田市","122080016000 ","上花輪新町","35.938025","139.862788","0","1"
"12","千葉県","12208","野田市","122080014000 ","上三ケ尾","35.924203","139.928792","0","1"
"12","千葉県","12208","野田市","122080056000 ","新田戸","36.061723","139.802758","0","1"
"12","千葉県","12208","野田市","122080088000 ","親野井","36.040677","139.813593","0","1"
"12","千葉県","12208","野田市","122080040000 ","瀬戸","35.935527","139.938400","0","1"
"12","千葉県","12208","野田市","122080041000 ","瀬戸上灰毛","35.944277","139.910303","0","1"
"12","千葉県","12208","野田市","122080029000 ","清水","35.955612","139.857185","0","1"
"12","千葉県","12208","野田市","122080030001 ","清水公園東一丁目","35.961552","139.859399","0","3"
"12","千葉県","12208","野田市","122080030002 ","清水公園東二丁目","35.956519","139.862788","0","3"
"12","千葉県","12208","野田市","122080054000 ","西高野","36.065873","139.797077","0","1"
"12","千葉県","12208","野田市","122080055000 ","西三ケ尾","35.931328","139.922551","0","1"
"12","千葉県","12208","野田市","122080001001 ","泉一丁目","35.981714","139.863326","0","3"
"12","千葉県","12208","野田市","122080001002 ","泉二丁目","35.980127","139.867113","0","3"
"12","千葉県","12208","野田市","122080001003 ","泉三丁目","35.979013","139.864070","0","3"
"12","千葉県","12208","野田市","122080068000 ","船形","35.987687","139.867353","0","1"
"12","千葉県","12208","野田市","122080005000 ","大殿井","35.946459","139.894106","0","1"
"12","千葉県","12208","野田市","122080079000 ","谷吉","35.986795","139.848108","0","1"
"12","千葉県","12208","野田市","122080076000 ","谷津","35.970624","139.857125","0","1"
"12","千葉県","12208","野田市","122080047000 ","中戸","36.057451","139.796697","0","1"
"12","千葉県","12208","野田市","122080048000 ","中戸谷津","36.061966","139.794382","0","1"
"12","千葉県","12208","野田市","122080049000 ","中根","35.944045","139.879562","0","1"
"12","千葉県","12208","野田市","122080050000 ","中野台","35.943224","139.869180","1","1"
"12","千葉県","12208","野田市","122080051000 ","中野台鹿島町","35.945147","139.852466","0","1"
"12","千葉県","12208","野田市","122080046000 ","中里","35.999305","139.841475","0","1"
"12","千葉県","12208","野田市","122080052000 ","長谷","36.017246","139.866225","0","1"
"12","千葉県","12208","野田市","122080045000 ","鶴奉","35.956331","139.886932","0","1"
"12","千葉県","12208","野田市","122080043000 ","堤根","35.940678","139.888643","0","1"
"12","千葉県","12208","野田市","122080042000 ","堤台","35.949821","139.848029","0","1"
"12","千葉県","12208","野田市","122080063000 ","東金野井","35.996291","139.821555","0","1"
"12","千葉県","12208","野田市","122080064000 ","東高野","36.067822","139.797524","0","1"
"12","千葉県","12208","野田市","122080087000 ","東宝珠花","36.026000","139.818563","0","1"
"12","千葉県","12208","野田市","122080067000 ","二ツ塚","35.937558","139.906895","0","1"
"12","千葉県","12208","野田市","122080065000 ","日の出町","35.986201","139.841418","0","1"
"12","千葉県","12208","野田市","122080011000 ","柏寺","36.048933","139.805255","0","1"
"12","千葉県","12208","野田市","122080062000 ","蕃昌","35.975317","139.865055","0","1"
"12","千葉県","12208","野田市","122080008000 ","尾崎","35.987174","139.832852","0","1"
"12","千葉県","12208","野田市","122080009000 ","尾崎台","35.984457","139.836996","0","1"
"12","千葉県","12208","野田市","122080066000 ","平井","36.020327","139.819303","0","1"
"12","千葉県","12208","野田市","122080069000 ","平成","36.065746","139.806357","0","1"
"12","千葉県","12208","野田市","122080018000 ","木間ケ瀬","36.022727","139.837166","0","1"
"12","千葉県","12208","野田市","122080019000 ","木間ケ瀬新田","36.020610","139.854362","0","1"
"12","千葉県","12208","野田市","122080017000 ","木野崎","35.957528","139.917061","0","1"
"12","千葉県","12208","野田市","122080075000 ","目吹","35.969371","139.892207","0","1"
"12","千葉県","12208","野田市","122080057000 ","野田","35.942953","139.868235","1","1"
"12","千葉県","12208","野田市","122080077000 ","柳沢","35.959311","139.877287","0","1"
"12","千葉県","12208","野田市","122080074000 ","莚打","35.984824","139.886754","0","1"
"12","千葉県","12210","茂原市","122100001000","粟生野","35.484474","140.356934","0","1"
"12","千葉県","12210","茂原市","122100002000","芦網","35.438389","140.252260","0","1"
"12","千葉県","12210","茂原市","122100003000","石神","35.408465","140.258499","0","1"
"12","千葉県","12210","茂原市","122100004000","内長谷","35.438853","140.276168","0","1"
"12","千葉県","12210","茂原市","122100005000","榎神房","35.496149","140.297035","0","1"
"12","千葉県","12210","茂原市","122100006000","大沢","35.487905","140.259279","0","1"
"12","千葉県","12210","茂原市","122100007000","大芝","35.410958","140.318790","0","1"
"12","千葉県","12210","茂原市","122100008000","大登","35.463034","140.278757","0","1"
"12","千葉県","12210","茂原市","122100009000","押日","35.449494","140.272640","0","1"
"12","千葉県","12210","茂原市","122100010000","桂","35.495703","140.285299","0","1"
"12","千葉県","12210","茂原市","122100011000","上太田","35.477359","140.266772","0","1"
"12","千葉県","12210","茂原市","122100012000","上永吉","35.402568","140.286906","0","1"
"12","千葉県","12210","茂原市","122100013000","上茂原","35.424635","140.270313","0","1"
"12","千葉県","12210","茂原市","122100014000","萱場","35.482778","140.332002","0","1"
"12","千葉県","12210","茂原市","122100015000","川島飛地","35.420586","140.326010","0","1"
"12","千葉県","12210","茂原市","122100016000","上林","35.443595","140.301392","0","1"
"12","千葉県","12210","茂原市","122100017000","木崎","35.429007","140.319248","0","1"
"12","千葉県","12210","茂原市","122100018000","北高根飛地","35.433042","140.334246","0","1"
"12","千葉県","12210","茂原市","122100019000","北塚","35.465603","140.311621","0","1"
"12","千葉県","12210","茂原市","122100020000","黒戸","35.466210","140.270354","0","1"
"12","千葉県","12210","茂原市","122100021000","国府関","35.448280","140.257079","0","1"
"12","千葉県","12210","茂原市","122100022000","小萱場","35.489476","140.322839","0","1"
"12","千葉県","12210","茂原市","122100023000","小轡","35.451075","140.330330","0","1"
"12","千葉県","12210","茂原市","122100024000","腰当","35.457160","140.300248","0","1"
"12","千葉県","12210","茂原市","122100025000","小林","35.446499","140.289378","0","1"
"12","千葉県","12210","茂原市","122100026000","小林飛地","35.443656","140.299095","0","1"
"12","千葉県","12210","茂原市","122100027000","猿袋","35.396473","140.315262","0","1"
"12","千葉県","12210","茂原市","122100028000","三ケ谷","35.391005","140.307161","0","1"
"12","千葉県","12210","茂原市","122100029000","柴名","35.488771","140.278039","0","1"
"12","千葉県","12210","茂原市","122100030000","渋谷","35.466692","140.301631","0","1"
"12","千葉県","12210","茂原市","122100031000","清水","35.480537","140.376740","0","1"
"12","千葉県","12210","茂原市","122100032000","下太田","35.477688","140.283149","0","1"
"12","千葉県","12210","茂原市","122100033000","下永吉","35.406579","140.301500","0","1"
"12","千葉県","12210","茂原市","122100034000","庄吉","35.457014","140.264451","0","1"
"12","千葉県","12210","茂原市","122100035000","新小轡","35.452408","140.309186","0","1"
"12","千葉県","12210","茂原市","122100036000","墨田","35.420323","140.268432","0","1"
"12","千葉県","12210","茂原市","122100037000","千沢","35.468308","140.355245","0","1"
"12","千葉県","12210","茂原市","122100038000","千町","35.452684","140.339200","0","1"
"12","千葉県","12210","茂原市","122100039000","台田","35.388313","140.280495","0","1"
"12","千葉県","12210","茂原市","122100040000","高師","35.431590","140.293354","0","1"
"12","千葉県","12210","茂原市","122100041001","高師台一丁目","35.432276","140.290444","0","3"
"12","千葉県","12210","茂原市","122100041002","高師台二丁目","35.436996","140.290540","0","3"
"12","千葉県","12210","茂原市","122100041003","高師台三丁目","35.437592","140.289363","0","3"
"12","千葉県","12210","茂原市","122100042001","高師町一丁目","35.428853","140.299493","0","3"
"12","千葉県","12210","茂原市","122100042002","高師町二丁目","35.429268","140.301379","0","3"
"12","千葉県","12210","茂原市","122100042003","高師町三丁目","35.432168","140.296478","0","3"
"12","千葉県","12210","茂原市","122100043000","高田","35.498025","140.309654","0","1"
"12","千葉県","12210","茂原市","122100044000","立木","35.389226","140.292551","0","1"
"12","千葉県","12210","茂原市","122100045000","中善寺","35.404516","140.263851","0","1"
"12","千葉県","12210","茂原市","122100046000","中部","35.432168","140.280216","0","1"
"12","千葉県","12210","茂原市","122100047001","千代田町一丁目","35.426175","140.302898","0","3"
"12","千葉県","12210","茂原市","122100047002","千代田町二丁目","35.424586","140.301850","0","3"
"12","千葉県","12210","茂原市","122100048000","綱島","35.409589","140.279601","0","1"
"12","千葉県","12210","茂原市","122100049000","東郷","35.440017","140.313241","0","1"
"12","千葉県","12210","茂原市","122100050000","道表","35.431066","140.288291","0","1"
"12","千葉県","12210","茂原市","122100051001","東部台一丁目","35.420517","140.317904","0","3"
"12","千葉県","12210","茂原市","122100051002","東部台二丁目","35.421930","140.321355","0","3"
"12","千葉県","12210","茂原市","122100051003","東部台三丁目","35.421958","140.323876","0","3"
"12","千葉県","12210","茂原市","122100051004","東部台四丁目","35.421549","140.325484","0","3"
"12","千葉県","12210","茂原市","122100052000","長尾","35.460065","140.289030","0","1"
"12","千葉県","12210","茂原市","122100053000","長清水","35.421150","140.294122","0","1"
"12","千葉県","12210","茂原市","122100054000","中之郷飛地","35.435224","140.338467","0","1"
"12","千葉県","12210","茂原市","122100055000","中の島町","35.408137","140.307630","0","1"
"12","千葉県","12210","茂原市","122100056000","長谷","35.433312","140.272761","0","1"
"12","千葉県","12210","茂原市","122100057000","七渡","35.464119","140.321412","0","1"
"12","千葉県","12210","茂原市","122100058000","西野","35.472822","140.324466","0","1"
"12","千葉県","12210","茂原市","122100059001","萩原町一丁目","35.438105","140.301324","0","3"
"12","千葉県","12210","茂原市","122100059002","萩原町二丁目","35.440590","140.301170","0","3"
"12","千葉県","12210","茂原市","122100059003","萩原町三丁目","35.442294","140.301627","0","3"
"12","千葉県","12210","茂原市","122100060000","早野","35.415388","140.291861","0","1"
"12","千葉県","12210","茂原市","122100061000","早野新田","35.420226","140.313332","0","1"
"12","千葉県","12210","茂原市","122100062000","東茂原","35.415358","140.318901","0","1"
"12","千葉県","12210","茂原市","122100063000","法目","35.485323","140.316277","0","1"
"12","千葉県","12210","茂原市","122100064000","本小轡","35.451405","140.319092","0","1"
"12","千葉県","12210","茂原市","122100065000","本納","35.482712","140.302465","0","1"
"12","千葉県","12210","茂原市","122100066000","町保","35.429460","140.304630","0","1"
"12","千葉県","12210","茂原市","122100067000","真名","35.465175","140.256850","0","1"
"12","千葉県","12210","茂原市","122100068000","御蔵芝","35.482595","140.370086","0","1"
"12","千葉県","12210","茂原市","122100069001","緑ケ丘一丁目","35.439261","140.264710","0","3"
"12","千葉県","12210","茂原市","122100069002","緑ケ丘二丁目","35.433180","140.262530","0","3"
"12","千葉県","12210","茂原市","122100069003","緑ケ丘三丁目","35.433928","140.258330","0","3"
"12","千葉県","12210","茂原市","122100069004","緑ケ丘四丁目","35.438400","140.256433","0","3"
"12","千葉県","12210","茂原市","122100069005","緑ケ丘五丁目","35.444009","140.258029","0","3"
"12","千葉県","12210","茂原市","122100070000","緑町","35.421468","140.283344","0","1"
"12","千葉県","12210","茂原市","122100071000","南吉田","35.465166","140.342157","0","1"
"12","千葉県","12210","茂原市","122100072000","箕輪","35.427550","140.265996","0","1"
"12","千葉県","12210","茂原市","122100073000","六ツ野","35.430874","140.334943","0","1"
"12","千葉県","12210","茂原市","122100074000","茂原","35.426235","140.293680","0","1"
"12","千葉県","12210","茂原市","122100075000","茂原西","35.424254","140.285996","0","1"
"12","千葉県","12210","茂原市","122100076000","野牛","35.394882","140.279442","0","1"
"12","千葉県","12210","茂原市","122100077001","八千代一丁目","35.423807","140.296491","0","3"
"12","千葉県","12210","茂原市","122100077002","八千代二丁目","35.422875","140.295467","0","3"
"12","千葉県","12210","茂原市","122100077003","八千代三丁目","35.422484","140.301972","0","3"
"12","千葉県","12210","茂原市","122100078000","山崎","35.441753","140.270198","0","1"
"12","千葉県","12210","茂原市","122100079000","谷本","35.443269","140.325632","0","1"
"12","千葉県","12210","茂原市","122100080000","八幡原","35.416631","140.268821","0","1"
"12","千葉県","12210","茂原市","122100081000","弓渡","35.479945","140.345182","0","1"
"12","千葉県","12210","茂原市","122100082000","吉井上","35.489612","140.287702","0","1"
"12","千葉県","12210","茂原市","122100083000","吉井下","35.487265","140.293737","0","1"
"12","千葉県","12210","茂原市","122100084000","六田台","35.407390","140.283677","0","1"
"12","千葉県","12210","茂原市","122100085000","鷲巣","35.424918","140.278993","0","1"
"12","千葉県","12210","茂原市","122100086000","にいはる工業団地","35.471743","140.274634","0","1"
"12","千葉県","12210","茂原市","122100087001","大芝一丁目","35.413120","140.312214","3","3"
"12","千葉県","12210","茂原市","122100087002","大芝二丁目","35.410269","140.312242","3","3"
"12","千葉県","12210","茂原市","122100087003","大芝三丁目","35.407180","140.313662","3","3"
"12","千葉県","12210","茂原市","122100088000","ゆたか","35.452713","140.293743","1","1"
"12","千葉県","12211","成田市","122110001000","青山","35.859044","140.382435","0","1"
"12","千葉県","12211","成田市","122110002000","赤荻","35.806744","140.334720","0","1"
"12","千葉県","12211","成田市","122110003001","赤坂一丁目","35.779791","140.291940","0","3"
"12","千葉県","12211","成田市","122110003002","赤坂二丁目","35.777578","140.292138","0","3"
"12","千葉県","12211","成田市","122110003003","赤坂三丁目","35.778306","140.288563","0","3"
"12","千葉県","12211","成田市","122110004000","芦田","35.819379","140.327648","0","1"
"12","千葉県","12211","成田市","122110005000","東町","35.780760","140.321656","0","1"
"12","千葉県","12211","成田市","122110006001","吾妻一丁目","35.781233","140.283706","0","3"
"12","千葉県","12211","成田市","122110006002","吾妻二丁目","35.783331","140.286919","0","3"
"12","千葉県","12211","成田市","122110006003","吾妻三丁目","35.786106","140.283641","0","3"
"12","千葉県","12211","成田市","122110007000","荒海","35.836603","140.324776","0","1"
"12","千葉県","12211","成田市","122110008000","安西","35.857554","140.312483","0","1"
"12","千葉県","12211","成田市","122110009000","飯田町","35.765575","140.299649","0","1"
"12","千葉県","12211","成田市","122110010000","飯仲","35.754678","140.287410","0","1"
"12","千葉県","12211","成田市","122110011000","囲護台","35.774211","140.308228","0","1"
"12","千葉県","12211","成田市","122110012001","囲護台一丁目","35.776337","140.311497","0","3"
"12","千葉県","12211","成田市","122110012002","囲護台二丁目","35.777186","140.309107","0","3"
"12","千葉県","12211","成田市","122110012003","囲護台三丁目","35.779397","140.309984","0","3"
"12","千葉県","12211","成田市","122110013000","磯部","35.845813","140.326040","0","1"
"12","千葉県","12211","成田市","122110014000","伊能","35.835460","140.432113","0","1"
"12","千葉県","12211","成田市","122110015000","飯岡","35.838445","140.333547","0","1"
"12","千葉県","12211","成田市","122110016000","ウイング土屋","35.795168","140.319229","0","1"
"12","千葉県","12211","成田市","122110017000","臼作","35.824244","140.423032","0","1"
"12","千葉県","12211","成田市","122110018000","江弁須","35.767453","140.292039","0","1"
"12","千葉県","12211","成田市","122110019000","大生","35.830248","140.341593","0","1"
"12","千葉県","12211","成田市","122110020000","大清水","35.763073","140.364741","0","1"
"12","千葉県","12211","成田市","122110021000","大菅","35.861645","140.353904","0","1"
"12","千葉県","12211","成田市","122110022000","大竹","35.812676","140.273610","0","1"
"12","千葉県","12211","成田市","122110023000","大竹干拓","35.810989","140.259520","0","1"
"12","千葉県","12211","成田市","122110024000","大沼","35.817714","140.460060","0","1"
"12","千葉県","12211","成田市","122110025000","大袋","35.763460","140.284908","0","1"
"12","千葉県","12211","成田市","122110026000","大室","35.827026","140.376363","0","1"
"12","千葉県","12211","成田市","122110027000","大山","35.785535","140.349143","0","1"
"12","千葉県","12211","成田市","122110028000","大和田","35.884233","140.364064","0","1"
"12","千葉県","12211","成田市","122110029000","押畑","35.803635","140.309547","0","1"
"12","千葉県","12211","成田市","122110030000","小野","35.874952","140.368110","0","1"
"12","千葉県","12211","成田市","122110031000","上町","35.780977","140.316629","0","1"
"12","千葉県","12211","成田市","122110032000","上福田","35.820589","140.283571","0","1"
"12","千葉県","12211","成田市","122110033001","加良部一丁目","35.777896","140.299154","0","3"
"12","千葉県","12211","成田市","122110033002","加良部二丁目","35.775656","140.298489","0","3"
"12","千葉県","12211","成田市","122110033003","加良部三丁目","35.776786","140.305425","0","3"
"12","千葉県","12211","成田市","122110033004","加良部四丁目","35.774696","140.302722","0","3"
"12","千葉県","12211","成田市","122110033005","加良部五丁目","35.772612","140.298086","0","3"
"12","千葉県","12211","成田市","122110033006","加良部六丁目","35.775453","140.293628","0","3"
"12","千葉県","12211","成田市","122110034000","川上","35.791156","140.408509","0","1"
"12","千葉県","12211","成田市","122110035000","川栗","35.764787","140.339054","0","1"
"12","千葉県","12211","成田市","122110036000","官林","35.811744","140.445630","0","1"
"12","千葉県","12211","成田市","122110037000","北須賀","35.790303","140.262398","0","1"
"12","千葉県","12211","成田市","122110038000","北須賀干拓","35.794604","140.256597","0","1"
"12","千葉県","12211","成田市","122110039000","北羽鳥","35.850590","140.306682","0","1"
"12","千葉県","12211","成田市","122110040000","吉岡","35.808438","140.397881","0","1"
"12","千葉県","12211","成田市","122110041000","木の根","35.761812","140.392772","0","1"
"12","千葉県","12211","成田市","122110042000","久井崎","35.852284","140.401657","0","1"
"12","千葉県","12211","成田市","122110043001","久住中央一丁目","35.834523","140.337031","0","3"
"12","千葉県","12211","成田市","122110043002","久住中央二丁目","35.835409","140.342978","0","3"
"12","千葉県","12211","成田市","122110043003","久住中央三丁目","35.835859","140.339699","0","3"
"12","千葉県","12211","成田市","122110043004","久住中央四丁目","35.839470","140.337347","0","3"
"12","千葉県","12211","成田市","122110044000","久米","35.789859","140.340368","0","1"
"12","千葉県","12211","成田市","122110045000","久米野","35.767116","140.348929","0","1"
"12","千葉県","12211","成田市","122110046000","倉水","35.855402","140.387428","0","1"
"12","千葉県","12211","成田市","122110047000","小泉","35.811513","140.370542","0","1"
"12","千葉県","12211","成田市","122110048001","公津の杜一丁目","35.763331","140.296703","0","3"
"12","千葉県","12211","成田市","122110048002","公津の杜二丁目","35.761925","140.300050","0","3"
"12","千葉県","12211","成田市","122110048003","公津の杜三丁目","35.755696","140.296370","0","3"
"12","千葉県","12211","成田市","122110048004","公津の杜四丁目","35.759863","140.294944","0","3"
"12","千葉県","12211","成田市","122110048005","公津の杜五丁目","35.756941","140.287113","0","3"
"12","千葉県","12211","成田市","122110048006","公津の杜六丁目","35.759020","140.288689","0","3"
"12","千葉県","12211","成田市","122110049000","郷部","35.786265","140.308300","0","1"
"12","千葉県","12211","成田市","122110050000","御所の内","35.782607","140.329096","0","1"
"12","千葉県","12211","成田市","122110051000","小菅","35.779852","140.355938","0","1"
"12","千葉県","12211","成田市","122110052000","小浮","35.894898","140.363575","0","1"
"12","千葉県","12211","成田市","122110053000","駒井野","35.774932","140.364149","0","1"
"12","千葉県","12211","成田市","122110054000","幸町","35.783694","140.311261","0","1"
"12","千葉県","12211","成田市","122110055000","桜田","35.846536","140.445845","0","1"
"12","千葉県","12211","成田市","122110056000","佐野","35.848611","140.278106","0","1"
"12","千葉県","12211","成田市","122110057000","猿山","35.872490","140.350467","0","1"
"12","千葉県","12211","成田市","122110058000","三里塚","35.751089","140.387349","0","1"
"12","千葉県","12211","成田市","122110059000","三里塚御料","35.749568","140.370983","0","1"
"12","千葉県","12211","成田市","122110060000","三里塚光ケ丘","35.750664","140.375735","0","1"
"12","千葉県","12211","成田市","122110061000","地蔵原新田","35.842983","140.393895","0","1"
"12","千葉県","12211","成田市","122110062000","下方","35.763194","140.268850","0","1"
"12","千葉県","12211","成田市","122110063000","下方干拓","35.761867","140.262069","0","1"
"12","千葉県","12211","成田市","122110064000","芝","35.829504","140.390505","0","1"
"12","千葉県","12211","成田市","122110065000","柴田","35.860841","140.430391","0","1"
"12","千葉県","12211","成田市","122110066000","下金山","35.799678","140.322249","0","1"
"12","千葉県","12211","成田市","122110067000","下福田","35.820922","140.293612","0","1"
"12","千葉県","12211","成田市","122110068000","新泉","35.809669","140.356510","0","1"
"12","千葉県","12211","成田市","122110069000","新川","35.859292","140.324024","0","1"
"12","千葉県","12211","成田市","122110070000","新駒井野","35.754393","140.364754","0","1"
"12","千葉県","12211","成田市","122110071000","新田","35.796204","140.396930","0","1"
"12","千葉県","12211","成田市","122110072000","新町","35.780282","140.313263","0","1"
"12","千葉県","12211","成田市","122110073000","関戸","35.794250","140.329324","0","1"
"12","千葉県","12211","成田市","122110074000","浅間","35.851491","140.440706","0","1"
"12","千葉県","12211","成田市","122110075001","宗吾一丁目","35.762963","140.278049","0","3"
"12","千葉県","12211","成田市","122110075002","宗吾二丁目","35.760600","140.280995","0","3"
"12","千葉県","12211","成田市","122110075003","宗吾三丁目","35.758925","140.278516","0","3"
"12","千葉県","12211","成田市","122110075004","宗吾四丁目","35.758892","140.276311","0","3"
"12","千葉県","12211","成田市","122110076000","大栄十余三","35.782178","140.428822","0","1"
"12","千葉県","12211","成田市","122110077000","台方","35.772885","140.273591","0","1"
"12","千葉県","12211","成田市","122110078000","台方干拓","35.776886","140.261972","0","1"
"12","千葉県","12211","成田市","122110079000","高","35.885432","140.377669","0","1"
"12","千葉県","12211","成田市","122110080000","高岡","35.880348","140.353301","0","1"
"12","千葉県","12211","成田市","122110081000","高倉","35.846410","140.348281","0","1"
"12","千葉県","12211","成田市","122110082000","宝田","35.818752","140.305760","0","1"
"12","千葉県","12211","成田市","122110083000","竜台","35.863414","140.294579","0","1"
"12","千葉県","12211","成田市","122110084000","田町","35.783949","140.321139","0","1"
"12","千葉県","12211","成田市","122110085001","玉造一丁目","35.796093","140.291052","0","3"
"12","千葉県","12211","成田市","122110085002","玉造二丁目","35.795750","140.286780","0","3"
"12","千葉県","12211","成田市","122110085003","玉造三丁目","35.790652","140.286866","0","3"
"12","千葉県","12211","成田市","122110085004","玉造四丁目","35.790528","140.283910","0","3"
"12","千葉県","12211","成田市","122110085005","玉造五丁目","35.793204","140.293121","0","3"
"12","千葉県","12211","成田市","122110085006","玉造六丁目","35.789566","140.292563","0","3"
"12","千葉県","12211","成田市","122110085007","玉造七丁目","35.790349","140.288951","0","3"
"12","千葉県","12211","成田市","122110086000","多良貝","35.796008","140.413650","0","1"
"12","千葉県","12211","成田市","122110087000","土室","35.830394","140.365927","0","1"
"12","千葉県","12211","成田市","122110088000","土屋","35.792477","140.316984","0","1"
"12","千葉県","12211","成田市","122110089000","津富浦","35.832466","140.406364","0","1"
"12","千葉県","12211","成田市","122110090000","寺台","35.787467","140.327694","0","1"
"12","千葉県","12211","成田市","122110091000","天神峰","35.789627","140.394556","0","1"
"12","千葉県","12211","成田市","122110092000","天浪","35.767772","140.373076","0","1"
"12","千葉県","12211","成田市","122110093000","稲荷山","35.853172","140.409968","0","1"
"12","千葉県","12211","成田市","122110094000","東峰","35.781513","140.395417","0","1"
"12","千葉県","12211","成田市","122110095000","東和田","35.776666","140.328997","0","1"
"12","千葉県","12211","成田市","122110096000","所","35.856866","140.456618","0","1"
"12","千葉県","12211","成田市","122110097000","取香","35.781475","140.379935","0","1"
"12","千葉県","12211","成田市","122110098000","冬父","35.876649","140.378356","0","1"
"12","千葉県","12211","成田市","122110099000","十余三","35.804313","140.380965","0","1"
"12","千葉県","12211","成田市","122110100000","中里","35.870672","140.377027","0","1"
"12","千葉県","12211","成田市","122110101000","長田","35.793854","140.359488","0","1"
"12","千葉県","12211","成田市","122110102001","中台一丁目","35.784172","140.290187","0","3"
"12","千葉県","12211","成田市","122110102002","中台二丁目","35.783916","140.292619","0","3"
"12","千葉県","12211","成田市","122110102003","中台三丁目","35.780976","140.299137","0","3"
"12","千葉県","12211","成田市","122110102004","中台四丁目","35.783827","140.298308","0","3"
"12","千葉県","12211","成田市","122110102005","中台五丁目","35.781343","140.305767","0","3"
"12","千葉県","12211","成田市","122110102006","中台六丁目","35.783618","140.302003","0","3"
"12","千葉県","12211","成田市","122110103000","長沼","35.837290","140.309878","0","1"
"12","千葉県","12211","成田市","122110104000","中野","35.846926","140.401237","0","1"
"12","千葉県","12211","成田市","122110105000","仲町","35.783688","140.316453","0","1"
"12","千葉県","12211","成田市","122110106000","名木","35.871109","140.392195","0","1"
"12","千葉県","12211","成田市","122110107000","名古屋","35.852510","140.361541","0","1"
"12","千葉県","12211","成田市","122110108000","南敷","35.839061","140.447989","0","1"
"12","千葉県","12211","成田市","122110109000","奈土","35.855928","140.423458","0","1"
"12","千葉県","12211","成田市","122110110000","七沢","35.863913","140.371772","0","1"
"12","千葉県","12211","成田市","122110111000","並木町","35.756201","140.309221","0","1"
"12","千葉県","12211","成田市","122110112000","滑川","35.865382","140.338855","0","1"
"12","千葉県","12211","成田市","122110113000","成田","35.786263","140.319231","0","1"
"12","千葉県","12211","成田市","122110114000","成井","35.845595","140.380079","0","1"
"12","千葉県","12211","成田市","122110115000","成毛","35.825661","140.355047","0","1"
"12","千葉県","12211","成田市","122110116000","南部","35.849979","140.283362","0","1"
"12","千葉県","12211","成田市","122110117000","南平台","35.771196","140.306987","0","1"
"12","千葉県","12211","成田市","122110118000","西和泉","35.816739","140.339753","0","1"
"12","千葉県","12211","成田市","122110119000","西大須賀","35.857320","140.338033","0","1"
"12","千葉県","12211","成田市","122110120000","西三里塚","35.744750","140.364933","0","1"
"12","千葉県","12211","成田市","122110121000","新妻","35.813919","140.318619","0","1"
"12","千葉県","12211","成田市","122110122000","野毛平","35.799110","140.348247","0","1"
"12","千葉県","12211","成田市","122110123000","野馬込","35.894489","140.373244","0","1"
"12","千葉県","12211","成田市","122110124001","橋賀台一丁目","35.771446","140.292219","0","3"
"12","千葉県","12211","成田市","122110124002","橋賀台二丁目","35.774312","140.286495","0","3"
"12","千葉県","12211","成田市","122110124003","橋賀台三丁目","35.774179","140.290426","0","3"
"12","千葉県","12211","成田市","122110125000","畑ケ田","35.753415","140.357378","0","1"
"12","千葉県","12211","成田市","122110126000","幡谷","35.838670","140.347605","0","1"
"12","千葉県","12211","成田市","122110127000","花崎町","35.776742","140.317239","0","1"
"12","千葉県","12211","成田市","122110128001","はなのき台一丁目","35.778907","140.282830","0","3"
"12","千葉県","12211","成田市","122110128002","はなのき台二丁目","35.776231","140.283913","0","3"
"12","千葉県","12211","成田市","122110128003","はなのき台三丁目","35.776071","140.280871","0","3"
"12","千葉県","12211","成田市","122110129000","馬場","35.785149","140.341552","0","1"
"12","千葉県","12211","成田市","122110130000","東和泉","35.815870","140.348301","0","1"
"12","千葉県","12211","成田市","122110131000","東金山","35.795019","140.336927","0","1"
"12","千葉県","12211","成田市","122110132000","東三里塚","35.744551","140.397495","0","1"
"12","千葉県","12211","成田市","122110133000","東ノ台","35.834408","140.462884","0","1"
"12","千葉県","12211","成田市","122110134000","一坪田","35.813275","140.424614","0","1"
"12","千葉県","12211","成田市","122110135000","不動ケ岡","35.768414","140.312206","0","1"
"12","千葉県","12211","成田市","122110136000","船形","35.784517","140.273172","0","1"
"12","千葉県","12211","成田市","122110137000","船形干拓","35.799982","140.262876","0","1"
"12","千葉県","12211","成田市","122110138000","古込","35.772413","140.389856","0","1"
"12","千葉県","12211","成田市","122110139000","堀籠","35.860484","140.440605","0","1"
"12","千葉県","12211","成田市","122110140000","北部","35.855397","140.302879","0","1"
"12","千葉県","12211","成田市","122110141000","堀之内","35.791154","140.377514","0","1"
"12","千葉県","12211","成田市","122110142000","本三里塚","35.755192","140.370819","0","1"
"12","千葉県","12211","成田市","122110143000","本城","35.738561","140.365622","0","1"
"12","千葉県","12211","成田市","122110144000","本町","35.782945","140.318050","0","1"
"12","千葉県","12211","成田市","122110145000","前林","35.796885","140.432558","0","1"
"12","千葉県","12211","成田市","122110146000","馬乗里","35.831952","140.450583","0","1"
"12","千葉県","12211","成田市","122110147000","松子","35.833352","140.419032","0","1"
"12","千葉県","12211","成田市","122110148000","馬橋","35.779118","140.312409","0","1"
"12","千葉県","12211","成田市","122110149000","松崎","35.806242","140.293976","0","1"
"12","千葉県","12211","成田市","122110150000","松崎干拓","35.806021","140.263139","0","1"
"12","千葉県","12211","成田市","122110151001","美郷台一丁目","35.791799","140.310764","0","3"
"12","千葉県","12211","成田市","122110151002","美郷台二丁目","35.793969","140.307338","0","3"
"12","千葉県","12211","成田市","122110151003","美郷台三丁目","35.794380","140.310126","0","3"
"12","千葉県","12211","成田市","122110152000","水掛","35.847441","140.333220","0","1"
"12","千葉県","12211","成田市","122110153000","水の上","35.807086","140.407357","0","1"
"12","千葉県","12211","成田市","122110154000","南三里塚","35.732487","140.382861","0","1"
"12","千葉県","12211","成田市","122110155000","南羽鳥","35.837876","140.290923","0","1"
"12","千葉県","12211","成田市","122110156000","村田","35.858597","140.447586","0","1"
"12","千葉県","12211","成田市","122110157000","八代","35.796131","140.278184","0","1"
"12","千葉県","12211","成田市","122110158000","八代干拓","35.802983","140.264815","0","1"
"12","千葉県","12211","成田市","122110159000","山口","35.794346","140.300947","0","1"
"12","千葉県","12211","成田市","122110160000","山之作","35.787995","140.335157","0","1"
"12","千葉県","12211","成田市","122110161000","横山","35.824048","140.446109","0","1"
"12","千葉県","12211","成田市","122110162000","吉倉","35.774730","140.344799","0","1"
"12","千葉県","12211","成田市","122110163000","四谷","35.850041","140.337065","0","1"
"12","千葉県","12211","成田市","122110164000","米野","35.785380","140.295194","0","1"
"12","千葉県","12211","成田市","122110165000","和田","35.798619","140.330953","0","1"
"12","千葉県","12212","佐倉市","122120001000","青菅","35.742274","140.141572","0","1"
"12","千葉県","12212","佐倉市","122120002000","畔田","35.704864","140.171515","0","1"
"12","千葉県","12212","佐倉市","122120003000","天辺","35.686693","140.250038","0","1"
"12","千葉県","12212","佐倉市","122120004000","飯重","35.720154","140.201204","0","1"
"12","千葉県","12212","佐倉市","122120005000","飯田","35.736057","140.238019","0","1"
"12","千葉県","12212","佐倉市","122120006000","飯田干拓","35.746252","140.239256","0","1"
"12","千葉県","12212","佐倉市","122120007000","飯田台","35.741804","140.237345","0","1"
"12","千葉県","12212","佐倉市","122120008000","飯塚","35.644077","140.238197","0","1"
"12","千葉県","12212","佐倉市","122120009000","飯野","35.745484","140.209326","0","1"
"12","千葉県","12212","佐倉市","122120010000","飯野干拓","35.752240","140.197509","0","1"
"12","千葉県","12212","佐倉市","122120011000","飯野町","35.750367","140.202937","0","1"
"12","千葉県","12212","佐倉市","122120012000","石川","35.697940","140.229559","0","1"
"12","千葉県","12212","佐倉市","122120013001","稲荷台一丁目","35.731238","140.179823","0","3"
"12","千葉県","12212","佐倉市","122120013002","稲荷台二丁目","35.728392","140.177342","0","3"
"12","千葉県","12212","佐倉市","122120013003","稲荷台三丁目","35.727873","140.174745","0","3"
"12","千葉県","12212","佐倉市","122120013004","稲荷台四丁目","35.727151","140.172704","0","3"
"12","千葉県","12212","佐倉市","122120014000","井野","35.721983","140.142167","0","1"
"12","千葉県","12212","佐倉市","122120015000","井野町","35.716785","140.134683","0","1"
"12","千葉県","12212","佐倉市","122120016000","岩富","35.660674","140.245727","0","1"
"12","千葉県","12212","佐倉市","122120017000","岩富町","35.651336","140.240828","0","1"
"12","千葉県","12212","佐倉市","122120018000","岩名","35.737329","140.225314","0","1"
"12","千葉県","12212","佐倉市","122120019000","印南","35.721851","140.208910","0","1"
"12","千葉県","12212","佐倉市","122120020000","臼井","35.730741","140.190530","0","1"
"12","千葉県","12212","佐倉市","122120021000","臼井田","35.739346","140.197295","0","1"
"12","千葉県","12212","佐倉市","122120022000","臼井台","35.733217","140.176593","0","1"
"12","千葉県","12212","佐倉市","122120023000","臼井台干拓","35.746957","140.174117","0","1"
"12","千葉県","12212","佐倉市","122120024000","臼井田干拓","35.739868","140.189122","0","1"
"12","千葉県","12212","佐倉市","122120025000","内田","35.641367","140.228743","0","1"
"12","千葉県","12212","佐倉市","122120026000","内田・飯塚・宮内入会","35.632994","140.240407","0","1"
"12","千葉県","12212","佐倉市","122120027000","裏新町","35.718801","140.231922","0","1"
"12","千葉県","12212","佐倉市","122120028000","瓜坪新田","35.681424","140.280569","0","1"
"12","千葉県","12212","佐倉市","122120029000","江原","35.731304","140.201774","0","1"
"12","千葉県","12212","佐倉市","122120030000","江原新田","35.729169","140.200302","0","1"
"12","千葉県","12212","佐倉市","122120031001","江原台一丁目","35.733370","140.202120","0","3"
"12","千葉県","12212","佐倉市","122120031002","江原台二丁目","35.736447","140.202821","0","3"
"12","千葉県","12212","佐倉市","122120032001","王子台一丁目","35.730566","140.183577","0","3"
"12","千葉県","12212","佐倉市","122120032002","王子台二丁目","35.728617","140.185821","0","3"
"12","千葉県","12212","佐倉市","122120032003","王子台三丁目","35.727040","140.179829","0","3"
"12","千葉県","12212","佐倉市","122120032004","王子台四丁目","35.724498","140.181644","0","3"
"12","千葉県","12212","佐倉市","122120032005","王子台五丁目","35.723460","140.175582","0","3"
"12","千葉県","12212","佐倉市","122120032006","王子台六丁目","35.720324","140.179553","0","3"
"12","千葉県","12212","佐倉市","122120033001","大崎台一丁目","35.708203","140.224102","0","3"
"12","千葉県","12212","佐倉市","122120033002","大崎台二丁目","35.705383","140.225734","0","3"
"12","千葉県","12212","佐倉市","122120033003","大崎台三丁目","35.705038","140.222236","0","3"
"12","千葉県","12212","佐倉市","122120033004","大崎台四丁目","35.704119","140.216826","0","3"
"12","千葉県","12212","佐倉市","122120033005","大崎台五丁目","35.700522","140.215247","0","3"
"12","千葉県","12212","佐倉市","122120034001","大作一丁目","35.672697","140.243749","0","3"
"12","千葉県","12212","佐倉市","122120034002","大作二丁目","35.676108","140.247964","0","3"
"12","千葉県","12212","佐倉市","122120035000","大佐倉","35.734231","140.251925","0","1"
"12","千葉県","12212","佐倉市","122120036000","大佐倉干拓","35.740810","140.250515","0","1"
"12","千葉県","12212","佐倉市","122120037000","大篠塚","35.681913","140.211385","0","1"
"12","千葉県","12212","佐倉市","122120038000","大蛇町","35.716204","140.242458","0","1"
"12","千葉県","12212","佐倉市","122120039000","太田","35.694074","140.216327","0","1"
"12","千葉県","12212","佐倉市","122120040000","小竹","35.738746","140.162607","0","1"
"12","千葉県","12212","佐倉市","122120041000","小竹干拓","35.747124","140.167075","0","1"
"12","千葉県","12212","佐倉市","122120042000","生谷","35.710493","140.181950","0","1"
"12","千葉県","12212","佐倉市","122120043001","表町一丁目","35.710065","140.223359","0","3"
"12","千葉県","12212","佐倉市","122120043002","表町二丁目","35.712212","140.223099","0","3"
"12","千葉県","12212","佐倉市","122120043003","表町三丁目","35.711587","140.228477","0","3"
"12","千葉県","12212","佐倉市","122120043004","表町四丁目","35.712277","140.231999","0","3"
"12","千葉県","12212","佐倉市","122120044000","海隣寺町","35.723398","140.224194","0","1"
"12","千葉県","12212","佐倉市","122120045000","角来","35.733591","140.210416","0","1"
"12","千葉県","12212","佐倉市","122120046000","鹿島干拓","35.735897","140.214295","0","1"
"12","千葉県","12212","佐倉市","122120047000","鏑木仲田町","35.714425","140.232037","0","1"
"12","千葉県","12212","佐倉市","122120048000","鏑木町","35.718416","140.217355","0","1"
"12","千葉県","12212","佐倉市","122120049001","鏑木町一丁目","35.714209","140.225286","0","3"
"12","千葉県","12212","佐倉市","122120049002","鏑木町二丁目","35.712741","140.225572","0","3"
"12","千葉県","12212","佐倉市","122120050000","上勝田","35.696985","140.280152","0","1"
"12","千葉県","12212","佐倉市","122120051000","上志津","35.712882","140.144186","0","1"
"12","千葉県","12212","佐倉市","122120052000","上志津原","35.699333","140.144411","0","1"
"12","千葉県","12212","佐倉市","122120053000","上代","35.713490","140.253047","0","1"
"12","千葉県","12212","佐倉市","122120054000","上別所","35.674511","140.264152","0","1"
"12","千葉県","12212","佐倉市","122120055000","木野子","35.685911","140.235122","0","1"
"12","千葉県","12212","佐倉市","122120056000","神門","35.675781","140.236782","0","1"
"12","千葉県","12212","佐倉市","122120057000","小篠塚","35.681156","140.224071","0","1"
"12","千葉県","12212","佐倉市","122120058000","米戸","35.681887","140.268793","0","1"
"12","千葉県","12212","佐倉市","122120059000","栄町","35.723936","140.230443","0","1"
"12","千葉県","12212","佐倉市","122120060000","坂戸","35.657304","140.222982","0","1"
"12","千葉県","12212","佐倉市","122120061000","寒風","35.696933","140.251771","0","1"
"12","千葉県","12212","佐倉市","122120062001","山王一丁目","35.685629","140.206007","0","3"
"12","千葉県","12212","佐倉市","122120062002","山王二丁目","35.685851","140.215282","0","3"
"12","千葉県","12212","佐倉市","122120063000","下勝田","35.693779","140.266911","0","1"
"12","千葉県","12212","佐倉市","122120064000","下志津","35.707654","140.162887","0","1"
"12","千葉県","12212","佐倉市","122120065000","下志津原","35.699808","140.161622","0","1"
"12","千葉県","12212","佐倉市","122120066000","下根","35.734142","140.221595","0","1"
"12","千葉県","12212","佐倉市","122120067000","下根町","35.734878","140.222103","0","1"
"12","千葉県","12212","佐倉市","122120068000","樹木町","35.719176","140.240443","0","1"
"12","千葉県","12212","佐倉市","122120069000","城","35.694414","140.230969","0","1"
"12","千葉県","12212","佐倉市","122120070000","上座","35.724910","140.160116","0","1"
"12","千葉県","12212","佐倉市","122120071000","城内町","35.721071","140.219068","0","1"
"12","千葉県","12212","佐倉市","122120072001","白銀一丁目","35.713863","140.248761","0","3"
"12","千葉県","12212","佐倉市","122120072002","白銀二丁目","35.712246","140.243265","0","3"
"12","千葉県","12212","佐倉市","122120072003","白銀三丁目","35.711340","140.248081","0","3"
"12","千葉県","12212","佐倉市","122120072004","白銀四丁目","35.708945","140.249499","0","3"
"12","千葉県","12212","佐倉市","122120073000","新臼井田","35.733367","140.190879","0","1"
"12","千葉県","12212","佐倉市","122120074000","新町","35.719448","140.230562","0","1"
"12","千葉県","12212","佐倉市","122120075001","千成一丁目","35.723856","140.239168","0","3"
"12","千葉県","12212","佐倉市","122120075002","千成二丁目","35.724591","140.241277","0","3"
"12","千葉県","12212","佐倉市","122120075003","千成三丁目","35.723378","140.243135","0","3"
"12","千葉県","12212","佐倉市","122120076001","染井野一丁目","35.722649","140.197618","0","3"
"12","千葉県","12212","佐倉市","122120076002","染井野二丁目","35.724690","140.194081","0","3"
"12","千葉県","12212","佐倉市","122120076003","染井野三丁目","35.722360","140.190522","0","3"
"12","千葉県","12212","佐倉市","122120076004","染井野四丁目","35.718213","140.191522","0","3"
"12","千葉県","12212","佐倉市","122120076005","染井野五丁目","35.719901","140.188995","0","3"
"12","千葉県","12212","佐倉市","122120076006","染井野六丁目","35.714049","140.186160","0","3"
"12","千葉県","12212","佐倉市","122120076007","染井野七丁目","35.713454","140.191068","0","3"
"12","千葉県","12212","佐倉市","122120077000","高岡","35.710241","140.240346","0","1"
"12","千葉県","12212","佐倉市","122120078000","高崎","35.694035","140.242783","0","1"
"12","千葉県","12212","佐倉市","122120079000","田町","35.725210","140.222865","0","1"
"12","千葉県","12212","佐倉市","122120080000","土浮","35.754735","140.212936","0","1"
"12","千葉県","12212","佐倉市","122120081000","土浮干拓","35.757789","140.215903","0","1"
"12","千葉県","12212","佐倉市","122120082000","坪山新田","35.682818","140.276182","0","1"
"12","千葉県","12212","佐倉市","122120083000","寺崎","35.710208","140.213360","0","1"
"12","千葉県","12212","佐倉市","122120084001","寺崎北一丁目","35.710569","140.219547","0","3"
"12","千葉県","12212","佐倉市","122120084002","寺崎北二丁目","35.709741","140.217653","0","3"
"12","千葉県","12212","佐倉市","122120084003","寺崎北三丁目","35.712169","140.219547","0","3"
"12","千葉県","12212","佐倉市","122120084004","寺崎北四丁目","35.712156","140.216676","0","3"
"12","千葉県","12212","佐倉市","122120084005","寺崎北五丁目","35.714005","140.219463","0","3"
"12","千葉県","12212","佐倉市","122120084006","寺崎北六丁目","35.715626","140.216260","0","3"
"12","千葉県","12212","佐倉市","122120085000","藤治台","35.694685","140.233177","0","1"
"12","千葉県","12212","佐倉市","122120086000","直弥","35.681478","140.255459","0","1"
"12","千葉県","12212","佐倉市","122120087000","長熊","35.710399","140.256234","0","1"
"12","千葉県","12212","佐倉市","122120088001","中志津一丁目","35.712025","140.151613","0","3"
"12","千葉県","12212","佐倉市","122120088002","中志津二丁目","35.712006","140.154911","0","3"
"12","千葉県","12212","佐倉市","122120088003","中志津三丁目","35.711919","140.157734","0","3"
"12","千葉県","12212","佐倉市","122120088004","中志津四丁目","35.708871","140.156992","0","3"
"12","千葉県","12212","佐倉市","122120088005","中志津五丁目","35.707445","140.154088","0","3"
"12","千葉県","12212","佐倉市","122120088006","中志津六丁目","35.706040","140.153038","0","3"
"12","千葉県","12212","佐倉市","122120088007","中志津七丁目","35.703564","140.152627","0","3"
"12","千葉県","12212","佐倉市","122120089000","中尾余町","35.720699","140.230761","0","1"
"12","千葉県","12212","佐倉市","122120090000","七曲","35.642156","140.251578","0","1"
"12","千葉県","12212","佐倉市","122120091000","鍋山町","35.723666","140.235838","0","1"
"12","千葉県","12212","佐倉市","122120092000","並木町","35.722411","140.226196","0","1"
"12","千葉県","12212","佐倉市","122120093001","西志津一丁目","35.715478","140.139917","0","3"
"12","千葉県","12212","佐倉市","122120093002","西志津二丁目","35.715072","140.135459","0","3"
"12","千葉県","12212","佐倉市","122120093003","西志津三丁目","35.712354","140.135164","0","3"
"12","千葉県","12212","佐倉市","122120093004","西志津四丁目","35.711401","140.140799","0","3"
"12","千葉県","12212","佐倉市","122120093005","西志津五丁目","35.710152","140.135673","0","3"
"12","千葉県","12212","佐倉市","122120093006","西志津六丁目","35.707653","140.136514","0","3"
"12","千葉県","12212","佐倉市","122120093007","西志津七丁目","35.705892","140.137549","0","3"
"12","千葉県","12212","佐倉市","122120093008","西志津八丁目","35.706867","140.140158","0","3"
"12","千葉県","12212","佐倉市","122120094000","西御門","35.632061","140.249826","0","1"
"12","千葉県","12212","佐倉市","122120095001","西ユーカリが丘一丁目","35.736718","140.144349","0","3"
"12","千葉県","12212","佐倉市","122120095002","西ユーカリが丘二丁目","35.733432","140.142754","0","3"
"12","千葉県","12212","佐倉市","122120095003","西ユーカリが丘三丁目","35.730568","140.145454","0","3"
"12","千葉県","12212","佐倉市","122120095004","西ユーカリが丘四丁目","35.728818","140.146330","0","3"
"12","千葉県","12212","佐倉市","122120095005","西ユーカリが丘五丁目","35.729297","140.149118","0","3"
"12","千葉県","12212","佐倉市","122120095006","西ユーカリが丘六丁目","35.725893","140.150808","0","3"
"12","千葉県","12212","佐倉市","122120095007","西ユーカリが丘七丁目","35.727374","140.152752","0","3"
"12","千葉県","12212","佐倉市","122120096000","萩山新田","35.747734","140.223485","0","1"
"12","千葉県","12212","佐倉市","122120097000","萩山新田干拓","35.751938","140.228697","0","1"
"12","千葉県","12212","佐倉市","122120098001","八幡台一丁目","35.742345","140.173726","0","3"
"12","千葉県","12212","佐倉市","122120098002","八幡台二丁目","35.740831","140.171818","0","3"
"12","千葉県","12212","佐倉市","122120098003","八幡台三丁目","35.738374","140.171321","0","3"
"12","千葉県","12212","佐倉市","122120099000","羽鳥","35.709607","140.201497","0","1"
"12","千葉県","12212","佐倉市","122120100001","春路一丁目","35.699137","140.232897","0","3"
"12","千葉県","12212","佐倉市","122120100002","春路二丁目","35.701445","140.235589","0","3"
"12","千葉県","12212","佐倉市","122120101000","藤沢町","35.720336","140.248876","0","1"
"12","千葉県","12212","佐倉市","122120102000","将門町","35.725847","140.249656","0","1"
"12","千葉県","12212","佐倉市","122120103000","先崎","35.751491","140.152635","0","1"
"12","千葉県","12212","佐倉市","122120104000","先崎干拓","35.753557","140.159477","0","1"
"12","千葉県","12212","佐倉市","122120105000","馬渡","35.666880","140.220963","0","1"
"12","千葉県","12212","佐倉市","122120106000","南臼井台","35.731624","140.173236","0","1"
"12","千葉県","12212","佐倉市","122120107000","南ユーカリが丘","35.718599","140.155164","0","1"
"12","千葉県","12212","佐倉市","122120108000","宮内","35.638607","140.245212","0","1"
"12","千葉県","12212","佐倉市","122120109000","宮小路町","35.718461","140.227258","0","1"
"12","千葉県","12212","佐倉市","122120110001","宮ノ台一丁目","35.743998","140.150385","0","3"
"12","千葉県","12212","佐倉市","122120110002","宮ノ台二丁目","35.743611","140.146255","0","3"
"12","千葉県","12212","佐倉市","122120110003","宮ノ台三丁目","35.739724","140.146797","0","3"
"12","千葉県","12212","佐倉市","122120110004","宮ノ台四丁目","35.739818","140.143373","0","3"
"12","千葉県","12212","佐倉市","122120110005","宮ノ台五丁目","35.735786","140.146219","0","3"
"12","千葉県","12212","佐倉市","122120110006","宮ノ台六丁目","35.739391","140.149835","0","3"
"12","千葉県","12212","佐倉市","122120111001","宮前一丁目","35.731154","140.229334","0","3"
"12","千葉県","12212","佐倉市","122120111002","宮前二丁目","35.734561","140.229213","0","3"
"12","千葉県","12212","佐倉市","122120111003","宮前三丁目","35.727319","140.229608","0","3"
"12","千葉県","12212","佐倉市","122120112000","宮本","35.685707","140.244722","0","1"
"12","千葉県","12212","佐倉市","122120113000","弥勒町","35.718825","140.236614","0","1"
"12","千葉県","12212","佐倉市","122120114000","六崎","35.701699","140.225173","0","1"
"12","千葉県","12212","佐倉市","122120115000","最上町","35.721429","140.233424","0","1"
"12","千葉県","12212","佐倉市","122120116000","本町","35.718836","140.244359","0","1"
"12","千葉県","12212","佐倉市","122120117000","八木","35.703555","140.255652","0","1"
"12","千葉県","12212","佐倉市","122120118000","野狐台町","35.716684","140.238238","0","1"
"12","千葉県","12212","佐倉市","122120119000","山崎","35.728725","140.223685","0","1"
"12","千葉県","12212","佐倉市","122120120001","ユーカリが丘一丁目","35.733697","140.158213","0","3"
"12","千葉県","12212","佐倉市","122120120002","ユーカリが丘二丁目","35.729426","140.155928","0","3"
"12","千葉県","12212","佐倉市","122120120003","ユーカリが丘三丁目","35.725343","140.156192","0","3"
"12","千葉県","12212","佐倉市","122120120004","ユーカリが丘四丁目","35.724462","140.154752","0","3"
"12","千葉県","12212","佐倉市","122120120005","ユーカリが丘五丁目","35.739134","140.155492","0","3"
"12","千葉県","12212","佐倉市","122120120006","ユーカリが丘六丁目","35.729218","140.152836","0","3"
"12","千葉県","12212","佐倉市","122120120007","ユーカリが丘七丁目","35.731852","140.148131","0","3"
"12","千葉県","12212","佐倉市","122120121000","吉見","35.706150","140.189204","0","1"
"12","千葉県","12213","東金市","122130001000","粟生飛地","35.536009","140.400144","0","1"
"12","千葉県","12213","東金市","122130002000","荒生","35.539474","140.415312","0","1"
"12","千葉県","12213","東金市","122130003000","家之子","35.594156","140.375519","0","1"
"12","千葉県","12213","東金市","122130004000","砂古瀬","35.516245","140.381401","0","1"
"12","千葉県","12213","東金市","122130005000","一之袋","35.516566","140.389268","0","1"
"12","千葉県","12213","東金市","122130006000","上谷","35.525846","140.364774","0","1"
"12","千葉県","12213","東金市","122130007000","大沼","35.530259","140.412726","0","1"
"12","千葉県","12213","東金市","122130008000","大沼田","35.511952","140.397628","0","1"
"12","千葉県","12213","東金市","122130009001","丘山台一丁目","35.569340","140.318050","0","3"
"12","千葉県","12213","東金市","122130009002","丘山台二丁目","35.562049","140.316156","0","3"
"12","千葉県","12213","東金市","122130009003","丘山台三丁目","35.560798","140.310100","0","3"
"12","千葉県","12213","東金市","122130010000","押堀","35.544244","140.361162","0","1"
"12","千葉県","12213","東金市","122130011000","小野","35.565733","140.324207","0","1"
"12","千葉県","12213","東金市","122130012000","家徳","35.547756","140.398704","0","1"
"12","千葉県","12213","東金市","122130013000","上布田","35.615176","140.331975","0","1"
"12","千葉県","12213","東金市","122130014000","上武射田","35.584928","140.418137","0","1"
"12","千葉県","12213","東金市","122130015000","川場","35.547501","140.371667","0","1"
"12","千葉県","12213","東金市","122130016000","北幸谷","35.533540","140.378229","0","1"
"12","千葉県","12213","東金市","122130017000","北之幸谷","35.560803","140.383735","0","1"
"12","千葉県","12213","東金市","122130018001","季美の森東一丁目","35.558655","140.299933","0","3"
"12","千葉県","12213","東金市","122130018002","季美の森東二丁目","35.557403","140.312072","0","3"
"12","千葉県","12213","東金市","122130019000","求名","35.582966","140.401798","0","1"
"12","千葉県","12213","東金市","122130020000","幸田","35.540507","140.379123","0","1"
"12","千葉県","12213","東金市","122130021000","極楽寺","35.617654","140.319678","0","1"
"12","千葉県","12213","東金市","122130022000","小沼田","35.519344","140.399886","0","1"
"12","千葉県","12213","東金市","122130023000","士農田","35.573341","140.414139","0","1"
"12","千葉県","12213","東金市","122130024000","下武射田","35.575669","140.422989","0","1"
"12","千葉県","12213","東金市","122130025000","下谷","35.520119","140.372148","0","1"
"12","千葉県","12213","東金市","122130026000","宿","35.538519","140.407346","0","1"
"12","千葉県","12213","東金市","122130027000","酒蔵","35.598799","140.346491","0","1"
"12","千葉県","12213","東金市","122130028000","薄島","35.546507","140.408552","0","1"
"12","千葉県","12213","東金市","122130029000","関内","35.569364","140.413543","0","1"
"12","千葉県","12213","東金市","122130030000","関下","35.534342","140.403054","0","1"
"12","千葉県","12213","東金市","122130031000","台方","35.554101","140.348585","0","1"
"12","千葉県","12213","東金市","122130032000","高倉","35.555814","140.424218","0","1"
"12","千葉県","12213","東金市","122130033000","滝","35.581304","140.320879","0","1"
"12","千葉県","12213","東金市","122130034000","滝沢","35.598864","140.332896","0","1"
"12","千葉県","12213","東金市","122130035000","田中","35.557633","140.331967","0","1"
"12","千葉県","12213","東金市","122130036000","丹尾","35.578618","140.314186","0","1"
"12","千葉県","12213","東金市","122130037000","東金","35.562753","140.359406","0","1"
"12","千葉県","12213","東金市","122130038000","道庭","35.580860","140.384659","0","1"
"12","千葉県","12213","東金市","122130039000","殿廻","35.557595","140.404041","0","1"
"12","千葉県","12213","東金市","122130040000","中野","35.563266","140.409960","0","1"
"12","千葉県","12213","東金市","122130041000","西中","35.527291","140.377956","0","1"
"12","千葉県","12213","東金市","122130042000","西野飛地","35.532012","140.394875","0","1"
"12","千葉県","12213","東金市","122130043000","西福俵","35.545229","140.337765","0","1"
"12","千葉県","12213","東金市","122130044000","二之袋","35.507793","140.385710","0","1"
"12","千葉県","12213","東金市","122130045000","東岩崎","35.558271","140.366088","0","1"
"12","千葉県","12213","東金市","122130046000","東上宿","35.555792","140.364097","0","1"
"12","千葉県","12213","東金市","122130047000","東新宿","35.560286","140.369374","0","1"
"12","千葉県","12213","東金市","122130048000","東中","35.564110","140.429806","0","1"
"12","千葉県","12213","東金市","122130049000","東中島","35.516100","140.375377","0","1"
"12","千葉県","12213","東金市","122130050000","菱沼","35.572573","140.400447","0","1"
"12","千葉県","12213","東金市","122130051001","日吉台一丁目","35.568881","140.341179","0","3"
"12","千葉県","12213","東金市","122130051002","日吉台二丁目","35.570587","140.345231","0","3"
"12","千葉県","12213","東金市","122130051003","日吉台三丁目","35.567146","140.349741","0","3"
"12","千葉県","12213","東金市","122130051004","日吉台四丁目","35.568579","140.349525","0","3"
"12","千葉県","12213","東金市","122130051005","日吉台五丁目","35.570370","140.348136","0","3"
"12","千葉県","12213","東金市","122130051006","日吉台六丁目","35.571592","140.351075","0","3"
"12","千葉県","12213","東金市","122130051007","日吉台七丁目","35.576629","140.351002","0","3"
"12","千葉県","12213","東金市","122130052000","広瀬","35.540216","140.391313","0","1"
"12","千葉県","12213","東金市","122130053000","福俵","35.540947","140.348246","0","1"
"12","千葉県","12213","東金市","122130054000","藤下飛地","35.531938","140.390561","0","1"
"12","千葉県","12213","東金市","122130055000","二又","35.568493","140.391548","0","1"
"12","千葉県","12213","東金市","122130056000","不動堂飛地","35.535935","140.398653","0","1"
"12","千葉県","12213","東金市","122130057000","細屋敷","35.537442","140.399962","0","1"
"12","千葉県","12213","東金市","122130058000","堀上","35.550426","140.381032","0","1"
"12","千葉県","12213","東金市","122130059000","堀之内","35.564855","140.414880","0","1"
"12","千葉県","12213","東金市","122130060000","前之内","35.563453","140.397645","0","1"
"12","千葉県","12213","東金市","122130061000","松之郷","35.581256","140.350201","0","1"
"12","千葉県","12213","東金市","122130062000","大豆谷","35.565028","140.344111","0","1"
"12","千葉県","12213","東金市","122130063000","三浦名","35.562382","140.422001","0","1"
"12","千葉県","12213","東金市","122130064000","三ケ尻","35.600033","140.353864","0","1"
"12","千葉県","12213","東金市","122130065000","御門","35.550660","140.412532","0","1"
"12","千葉県","12213","東金市","122130066000","南上宿","35.553651","140.361037","0","1"
"12","千葉県","12213","東金市","122130067000","宮","35.557382","140.416551","0","1"
"12","千葉県","12213","東金市","122130068001","八坂台一丁目","35.572058","140.362302","0","3"
"12","千葉県","12213","東金市","122130068002","八坂台二丁目","35.570068","140.361294","0","3"
"12","千葉県","12213","東金市","122130068003","八坂台三丁目","35.570771","140.357351","0","3"
"12","千葉県","12213","東金市","122130068004","八坂台四丁目","35.574536","140.355176","0","3"
"12","千葉県","12213","東金市","122130068005","八坂台五丁目","35.576784","140.359370","0","3"
"12","千葉県","12213","東金市","122130069000","山口","35.545081","140.332281","0","1"
"12","千葉県","12213","東金市","122130070000","山田","35.568568","140.299821","0","1"
"12","千葉県","12213","東金市","122130071000","油井","35.573968","140.336606","0","1"
"12","千葉県","12213","東金市","122130072000","依古島","35.524817","140.385346","0","1"
"12","千葉県","12213","東金市","122130073000","田間","35.573080","140.378707","0","1"
"12","千葉県","12213","東金市","122130074001","田間一丁目","35.563392","140.372730","0","3"
"12","千葉県","12213","東金市","122130074002","田間二丁目","35.566468","140.370861","0","3"
"12","千葉県","12213","東金市","122130074003","田間三丁目","35.569643","140.374296","0","3"
"12","千葉県","12215","旭市","122150003000 ","イ","35.723258","140.668643","0","1"
"12","千葉県","12215","旭市","122150028000 ","さくら台","35.777146","140.639329","0","1"
"12","千葉県","12215","旭市","122150043000 ","ニ","35.720513","140.629849","0","1"
"12","千葉県","12215","旭市","122150047000 ","ハ","35.711558","140.651230","0","1"
"12","千葉県","12215","旭市","122150064000 ","ロ","35.720307","140.652857","0","1"
"12","千葉県","12215","旭市","122150007000 ","井戸野","35.708903","140.622592","0","1"
"12","千葉県","12215","旭市","122150062000 ","横根","35.715085","140.716199","0","1"
"12","千葉県","12215","旭市","122150031000 ","下永井","35.693976","140.729284","0","1"
"12","千葉県","12215","旭市","122150017000 ","鎌数","35.734168","140.626961","0","1"
"12","千葉県","12215","旭市","122150036000 ","関戸","35.770493","140.638705","0","1"
"12","千葉県","12215","旭市","122150037000 ","関戸下","35.764505","140.640064","0","1"
"12","千葉県","12215","旭市","122150009000 ","岩井","35.760400","140.700949","0","1"
"12","千葉県","12215","旭市","122150010000 ","岩崎","35.716493","140.712648","0","1"
"12","千葉県","12215","旭市","122150005000 ","幾世","35.770746","140.680758","0","1"
"12","千葉県","12215","旭市","122150024000 ","琴田","35.747620","140.656612","0","1"
"12","千葉県","12215","旭市","122150025000 ","駒込","35.699923","140.615402","0","1"
"12","千葉県","12215","旭市","122150026000 ","権田沼新田","35.716550","140.683245","0","1"
"12","千葉県","12215","旭市","122150059000 ","見広","35.745669","140.699079","0","1"
"12","千葉県","12215","旭市","122150011000 ","後草","35.727450","140.682355","0","1"
"12","千葉県","12215","旭市","122150012000 ","江ケ崎","35.734105","140.659960","0","1"
"12","千葉県","12215","旭市","122150057000 ","溝原","35.782076","140.633741","0","1"
"12","千葉県","12215","旭市","122150021000 ","行内","35.703935","140.723019","0","1"
"12","千葉県","12215","旭市","122150038000 ","高生","35.741133","140.679129","0","1"
"12","千葉県","12215","旭市","122150029000 ","三川","35.714862","140.698989","0","1"
"12","千葉県","12215","旭市","122150053000 ","蛇園","35.729107","140.698782","0","1"
"12","千葉県","12215","旭市","122150001000 ","秋田","35.740825","140.579377","1","1"
"12","千葉県","12215","旭市","122150052000 ","舟戸","35.773093","140.641470","0","1"
"12","千葉県","12215","旭市","122150054000 ","松ケ谷","35.773042","140.693941","0","1"
"12","千葉県","12215","旭市","122150018000 ","上永井","35.698531","140.748913","0","1"
"12","千葉県","12215","旭市","122150033000 ","新町","35.750196","140.632157","0","1"
"12","千葉県","12215","旭市","122150032000 ","神宮寺","35.688817","140.623012","0","1"
"12","千葉県","12215","旭市","122150020000 ","神田","35.784319","140.639607","0","1"
"12","千葉県","12215","旭市","122150045000 ","仁玉","35.705635","140.633882","0","1"
"12","千葉県","12215","旭市","122150022000 ","清滝","35.756387","140.674087","0","1"
"12","千葉県","12215","旭市","122150034000 ","清和乙","35.774280","140.615925","0","1"
"12","千葉県","12215","旭市","122150035000 ","清和甲","35.773971","140.625924","0","1"
"12","千葉県","12215","旭市","122150044000 ","西足洗","35.711510","140.667174","0","1"
"12","千葉県","12215","旭市","122150019000 ","川口","35.711773","140.595090","0","1"
"12","千葉県","12215","旭市","122150006000 ","泉川","35.700542","140.609252","0","1"
"12","千葉県","12215","旭市","122150023000 ","倉橋","35.741165","140.716453","0","1"
"12","千葉県","12215","旭市","122150002000 ","足川","35.698770","140.657749","0","1"
"12","千葉県","12215","旭市","122150015000 ","大間手","35.742700","140.691106","0","1"
"12","千葉県","12215","旭市","122150013000 ","大久保","35.782921","140.648846","0","1"
"12","千葉県","12215","旭市","122150014000 ","大塚原","35.693818","140.609115","0","1"
"12","千葉県","12215","旭市","122150042000 ","中谷里","35.696328","140.642229","0","1"
"12","千葉県","12215","旭市","122150040000 ","長尾","35.735585","140.693267","0","1"
"12","千葉県","12215","旭市","122150041000 ","長部","35.781869","140.623748","0","1"
"12","千葉県","12215","旭市","122150030000 ","椎名内","35.702268","140.666976","0","1"
"12","千葉県","12215","旭市","122150016000 ","鏑木","35.764378","140.588753","0","1"
"12","千葉県","12215","旭市","122150050000 ","東足洗","35.712687","140.677327","0","1"
"12","千葉県","12215","旭市","122150039000 ","東和田","35.784680","140.645160","0","1"
"12","千葉県","12215","旭市","122150058000 ","南堀之内","35.767504","140.611659","0","1"
"12","千葉県","12215","旭市","122150008000 ","入野","35.757650","140.637255","0","1"
"12","千葉県","12215","旭市","122150048000 ","萩園","35.706590","140.712305","0","1"
"12","千葉県","12215","旭市","122150061000 ","八木","35.703922","140.735318","0","1"
"12","千葉県","12215","旭市","122150049000 ","塙","35.718834","140.728805","0","1"
"12","千葉県","12215","旭市","122150004000 ","飯岡","35.700680","140.728489","0","1"
"12","千葉県","12215","旭市","122150051000 ","平松","35.705360","140.720779","0","1"
"12","千葉県","12215","旭市","122150063000 ","米込","35.754463","140.615089","0","1"
"12","千葉県","12215","旭市","122150046000 ","野中","35.703051","140.678681","0","1"
"12","千葉県","12215","旭市","122150027000 ","櫻井","35.780336","140.646575","0","1"
"12","千葉県","12215","旭市","122150060000 ","狢野","35.730628","140.730318","0","1"
"12","千葉県","12215","旭市","122150055000 ","萬歳","35.774137","140.652880","0","1"
"12","千葉県","12215","旭市","122150056000 ","萬力","35.750644","140.594947","0","1"
"12","千葉県","12216","習志野市","122160001001","茜浜一丁目","35.673642","140.001914","0","3"
"12","千葉県","12216","習志野市","122160001002","茜浜二丁目","35.665967","140.011251","0","3"
"12","千葉県","12216","習志野市","122160001003","茜浜三丁目","35.661432","140.006899","0","3"
"12","千葉県","12216","習志野市","122160002001","秋津一丁目","35.674193","140.013896","0","3"
"12","千葉県","12216","習志野市","122160002002","秋津二丁目","35.671676","140.018294","0","3"
"12","千葉県","12216","習志野市","122160002003","秋津三丁目","35.669588","140.016778","0","3"
"12","千葉県","12216","習志野市","122160002004","秋津四丁目","35.671315","140.011914","0","3"
"12","千葉県","12216","習志野市","122160002005","秋津五丁目","35.673942","140.006750","0","3"
"12","千葉県","12216","習志野市","122160003001","泉町一丁目","35.693902","140.052324","0","3"
"12","千葉県","12216","習志野市","122160003002","泉町二丁目","35.693674","140.053946","0","3"
"12","千葉県","12216","習志野市","122160003003","泉町三丁目","35.693067","140.056547","0","3"
"12","千葉県","12216","習志野市","122160004001","大久保一丁目","35.687914","140.047245","0","3"
"12","千葉県","12216","習志野市","122160004002","大久保二丁目","35.687309","140.053855","0","3"
"12","千葉県","12216","習志野市","122160004003","大久保三丁目","35.690702","140.049072","0","3"
"12","千葉県","12216","習志野市","122160004004","大久保四丁目","35.689851","140.054751","0","3"
"12","千葉県","12216","習志野市","122160005001","香澄一丁目","35.668822","140.022679","0","3"
"12","千葉県","12216","習志野市","122160005002","香澄二丁目","35.666076","140.028517","0","3"
"12","千葉県","12216","習志野市","122160005003","香澄三丁目","35.662478","140.026721","0","3"
"12","千葉県","12216","習志野市","122160005004","香澄四丁目","35.666227","140.024881","0","3"
"12","千葉県","12216","習志野市","122160005005","香澄五丁目","35.663643","140.023269","0","3"
"12","千葉県","12216","習志野市","122160005006","香澄六丁目","35.666076","140.019306","0","3"
"12","千葉県","12216","習志野市","122160006001","奏の杜一丁目","35.691383","140.013625","0","3"
"12","千葉県","12216","習志野市","122160006002","奏の杜二丁目","35.689099","140.013288","0","3"
"12","千葉県","12216","習志野市","122160006003","奏の杜三丁目","35.687021","140.014972","0","3"
"12","千葉県","12216","習志野市","122160007001","鷺沼一丁目","35.677754","140.026738","0","3"
"12","千葉県","12216","習志野市","122160007002","鷺沼二丁目","35.680662","140.030059","0","3"
"12","千葉県","12216","習志野市","122160007003","鷺沼三丁目","35.674911","140.029067","0","3"
"12","千葉県","12216","習志野市","122160007004","鷺沼四丁目","35.675656","140.035142","0","3"
"12","千葉県","12216","習志野市","122160007005","鷺沼五丁目","35.672571","140.033813","0","3"
"12","千葉県","12216","習志野市","122160008001","鷺沼台一丁目","35.684657","140.030836","0","3"
"12","千葉県","12216","習志野市","122160008002","鷺沼台二丁目","35.683504","140.035642","0","3"
"12","千葉県","12216","習志野市","122160008003","鷺沼台三丁目","35.680950","140.037317","0","3"
"12","千葉県","12216","習志野市","122160008004","鷺沼台四丁目","35.677948","140.039004","0","3"
"12","千葉県","12216","習志野市","122160009001","芝園一丁目","35.661661","140.019818","0","3"
"12","千葉県","12216","習志野市","122160009002","芝園二丁目","35.659514","140.018435","0","3"
"12","千葉県","12216","習志野市","122160009003","芝園三丁目","35.657407","140.015731","0","3"
"12","千葉県","12216","習志野市","122160010001","新栄一丁目","35.691814","140.058507","0","3"
"12","千葉県","12216","習志野市","122160010002","新栄二丁目","35.688581","140.060979","0","3"
"12","千葉県","12216","習志野市","122160011001","袖ケ浦一丁目","35.677197","140.013907","0","3"
"12","千葉県","12216","習志野市","122160011002","袖ケ浦二丁目","35.674078","140.018923","0","3"
"12","千葉県","12216","習志野市","122160011003","袖ケ浦三丁目","35.676005","140.020265","0","3"
"12","千葉県","12216","習志野市","122160011004","袖ケ浦四丁目","35.672941","140.025591","0","3"
"12","千葉県","12216","習志野市","122160011005","袖ケ浦五丁目","35.671325","140.024314","0","3"
"12","千葉県","12216","習志野市","122160011006","袖ケ浦六丁目","35.668692","140.029852","0","3"
"12","千葉県","12216","習志野市","122160012001","津田沼一丁目","35.689048","140.024998","0","3"
"12","千葉県","12216","習志野市","122160012002","津田沼二丁目","35.687203","140.022250","0","3"
"12","千葉県","12216","習志野市","122160012003","津田沼三丁目","35.685644","140.026107","0","3"
"12","千葉県","12216","習志野市","122160012004","津田沼四丁目","35.682656","140.020604","0","3"
"12","千葉県","12216","習志野市","122160012005","津田沼五丁目","35.680544","140.024521","0","3"
"12","千葉県","12216","習志野市","122160012006","津田沼六丁目","35.677596","140.021938","0","3"
"12","千葉県","12216","習志野市","122160012007","津田沼七丁目","35.680059","140.019486","0","3"
"12","千葉県","12216","習志野市","122160013001","花咲一丁目","35.679438","140.045434","0","3"
"12","千葉県","12216","習志野市","122160013002","花咲二丁目","35.680407","140.048886","0","3"
"12","千葉県","12216","習志野市","122160014001","東習志野一丁目","35.695487","140.065712","0","3"
"12","千葉県","12216","習志野市","122160014002","東習志野二丁目","35.693870","140.069239","0","3"
"12","千葉県","12216","習志野市","122160014003","東習志野三丁目","35.693605","140.072689","0","3"
"12","千葉県","12216","習志野市","122160014004","東習志野四丁目","35.693371","140.075793","0","3"
"12","千葉県","12216","習志野市","122160014005","東習志野五丁目","35.693062","140.078985","0","3"
"12","千葉県","12216","習志野市","122160014006","東習志野六丁目","35.701906","140.064978","0","3"
"12","千葉県","12216","習志野市","122160014007","東習志野七丁目","35.702610","140.072062","0","3"
"12","千葉県","12216","習志野市","122160014008","東習志野八丁目","35.703621","140.080639","0","3"
"12","千葉県","12216","習志野市","122160015001","藤崎一丁目","35.688932","140.035368","0","3"
"12","千葉県","12216","習志野市","122160015002","藤崎二丁目","35.689681","140.030074","0","3"
"12","千葉県","12216","習志野市","122160015003","藤崎三丁目","35.693959","140.034579","0","3"
"12","千葉県","12216","習志野市","122160015004","藤崎四丁目","35.693712","140.039610","0","3"
"12","千葉県","12216","習志野市","122160015005","藤崎五丁目","35.693083","140.041761","0","3"
"12","千葉県","12216","習志野市","122160015006","藤崎六丁目","35.688736","140.041742","0","3"
"12","千葉県","12216","習志野市","122160015007","藤崎七丁目","35.686992","140.037534","0","3"
"12","千葉県","12216","習志野市","122160016001","実籾一丁目","35.688072","140.065834","0","3"
"12","千葉県","12216","習志野市","122160016002","実籾二丁目","35.684542","140.062850","0","3"
"12","千葉県","12216","習志野市","122160016003","実籾三丁目","35.684901","140.071366","0","3"
"12","千葉県","12216","習志野市","122160016004","実籾四丁目","35.688926","140.072879","0","3"
"12","千葉県","12216","習志野市","122160016005","実籾五丁目","35.690731","140.068259","0","3"
"12","千葉県","12216","習志野市","122160016006","実籾六丁目","35.691435","140.065198","0","3"
"12","千葉県","12216","習志野市","122160017000","実籾本郷","35.680055","140.065943","0","1"
"12","千葉県","12216","習志野市","122160018001","本大久保一丁目","35.685456","140.040597","0","3"
"12","千葉県","12216","習志野市","122160018002","本大久保二丁目","35.683978","140.042696","0","3"
"12","千葉県","12216","習志野市","122160018003","本大久保三丁目","35.682566","140.043549","0","3"
"12","千葉県","12216","習志野市","122160018004","本大久保四丁目","35.682522","140.050921","0","3"
"12","千葉県","12216","習志野市","122160018005","本大久保五丁目","35.685143","140.053032","0","3"
"12","千葉県","12216","習志野市","122160019001","屋敷一丁目","35.677850","140.054438","0","3"
"12","千葉県","12216","習志野市","122160019002","屋敷二丁目","35.680406","140.054616","0","3"
"12","千葉県","12216","習志野市","122160019003","屋敷三丁目","35.682222","140.056044","0","3"
"12","千葉県","12216","習志野市","122160019004","屋敷四丁目","35.682760","140.059267","0","3"
"12","千葉県","12216","習志野市","122160019005","屋敷五丁目","35.679591","140.060474","0","3"
"12","千葉県","12216","習志野市","122160020001","谷津一丁目","35.686334","140.017390","0","3"
"12","千葉県","12216","習志野市","122160020002","谷津二丁目","35.681641","140.013626","0","3"
"12","千葉県","12216","習志野市","122160020003","谷津三丁目","35.680406","140.005221","0","3"
"12","千葉県","12216","習志野市","122160020004","谷津四丁目","35.684711","140.005995","0","3"
"12","千葉県","12216","習志野市","122160020005","谷津五丁目","35.687699","140.008297","0","3"
"12","千葉県","12216","習志野市","122160020006","谷津六丁目","35.693130","140.009167","0","3"
"12","千葉県","12216","習志野市","122160020007","谷津七丁目","35.691493","140.017474","0","3"
"12","千葉県","12216","習志野市","122160021001","谷津町一丁目","35.679730","140.016487","0","3"
"12","千葉県","12216","習志野市","122160021004","谷津町四丁目","35.680743","140.017547","0","3"
"12","千葉県","12217","柏市","122170001000","青田新田飛地","35.906563","139.939905","0","1"
"12","千葉県","12217","柏市","122170002001","青葉台一丁目","35.814933","139.962730","0","3"
"12","千葉県","12217","柏市","122170002002","青葉台二丁目","35.813534","139.957856","0","3"
"12","千葉県","12217","柏市","122170003000","あかね町","35.849978","139.978540","0","1"
"12","千葉県","12217","柏市","122170004001","明原一丁目","35.863686","139.966176","0","3"
"12","千葉県","12217","柏市","122170004002","明原二丁目","35.866076","139.967044","0","3"
"12","千葉県","12217","柏市","122170004003","明原三丁目","35.867089","139.963194","0","3"
"12","千葉県","12217","柏市","122170004004","明原四丁目","35.864573","139.962658","0","3"
"12","千葉県","12217","柏市","122170005001","あけぼの一丁目","35.865928","139.971991","0","3"
"12","千葉県","12217","柏市","122170005002","あけぼの二丁目","35.868034","139.974204","0","3"
"12","千葉県","12217","柏市","122170005003","あけぼの三丁目","35.869130","139.971757","0","3"
"12","千葉県","12217","柏市","122170005004","あけぼの四丁目","35.866799","139.968950","0","3"
"12","千葉県","12217","柏市","122170005005","あけぼの五丁目","35.869290","139.967925","0","3"
"12","千葉県","12217","柏市","122170006000","曙橋","35.852858","140.066868","0","1"
"12","千葉県","12217","柏市","122170007001","旭町一丁目","35.861917","139.968489","0","3"
"12","千葉県","12217","柏市","122170007002","旭町二丁目","35.857909","139.966250","0","3"
"12","千葉県","12217","柏市","122170007003","旭町三丁目","35.861472","139.964598","0","3"
"12","千葉県","12217","柏市","122170007004","旭町四丁目","35.858973","139.962038","0","3"
"12","千葉県","12217","柏市","122170007005","旭町五丁目","35.856750","139.962127","0","3"
"12","千葉県","12217","柏市","122170007006","旭町六丁目","35.857046","139.958263","0","3"
"12","千葉県","12217","柏市","122170007007","旭町七丁目","35.860016","139.958175","0","3"
"12","千葉県","12217","柏市","122170007008","旭町八丁目","35.860293","139.954699","0","3"
"12","千葉県","12217","柏市","122170008001","東一丁目","35.857388","139.978474","0","3"
"12","千葉県","12217","柏市","122170008002","東二丁目","35.856988","139.981498","0","3"
"12","千葉県","12217","柏市","122170008003","東三丁目","35.854143","139.982062","0","3"
"12","千葉県","12217","柏市","122170009000","東上町","35.859605","139.977719","0","1"
"12","千葉県","12217","柏市","122170010000","東台本町","35.858638","139.983744","0","1"
"12","千葉県","12217","柏市","122170011000","泉","35.836427","140.045075","0","1"
"12","千葉県","12217","柏市","122170012000","泉町","35.856451","139.967951","0","1"
"12","千葉県","12217","柏市","122170013000","泉村新田","35.845555","140.055638","0","1"
"12","千葉県","12217","柏市","122170014001","伊勢原一丁目","35.902653","139.928161","0","3"
"12","千葉県","12217","柏市","122170015000","今谷上町","35.841018","139.956412","0","1"
"12","千葉県","12217","柏市","122170016000","今谷南町","35.836630","139.957756","0","1"
"12","千葉県","12217","柏市","122170017000","岩井","35.847048","140.034140","0","1"
"12","千葉県","12217","柏市","122170018000","岩井新田","35.853354","140.033270","0","1"
"12","千葉県","12217","柏市","122170019001","永楽台一丁目","35.844578","139.968944","0","3"
"12","千葉県","12217","柏市","122170019002","永楽台二丁目","35.843155","139.970859","0","3"
"12","千葉県","12217","柏市","122170019003","永楽台三丁目","35.845567","139.971301","0","3"
"12","千葉県","12217","柏市","122170020000","大井","35.850154","140.004410","0","1"
"12","千葉県","12217","柏市","122170021000","大井新田","35.856617","140.001593","0","1"
"12","千葉県","12217","柏市","122170022000","大島田","35.835774","140.012804","0","1"
"12","千葉県","12217","柏市","122170023001","大津ケ丘一丁目","35.843252","140.003660","0","3"
"12","千葉県","12217","柏市","122170023002","大津ケ丘二丁目","35.841069","139.999232","0","3"
"12","千葉県","12217","柏市","122170023003","大津ケ丘三丁目","35.840944","139.995622","0","3"
"12","千葉県","12217","柏市","122170023004","大津ケ丘四丁目","35.837144","140.002503","0","3"
"12","千葉県","12217","柏市","122170024000","大塚町","35.853949","139.979878","0","1"
"12","千葉県","12217","柏市","122170025001","大山台一丁目","35.880825","139.967810","0","3"
"12","千葉県","12217","柏市","122170025002","大山台二丁目","35.882578","139.969191","0","3"
"12","千葉県","12217","柏市","122170026001","加賀一丁目","35.832733","139.970930","0","3"
"12","千葉県","12217","柏市","122170026002","加賀二丁目","35.828774","139.969387","0","3"
"12","千葉県","12217","柏市","122170026003","加賀三丁目","35.830083","139.973188","0","3"
"12","千葉県","12217","柏市","122170027001","風早一丁目","35.829392","140.011659","0","3"
"12","千葉県","12217","柏市","122170027002","風早二丁目","35.826751","140.010549","0","3"
"12","千葉県","12217","柏市","122170028000","柏","35.864445","139.986513","0","1"
"12","千葉県","12217","柏市","122170029001","柏一丁目","35.861808","139.971413","0","3"
"12","千葉県","12217","柏市","122170029002","柏二丁目","35.861694","139.974004","0","3"
"12","千葉県","12217","柏市","122170029003","柏三丁目","35.860302","139.975155","0","3"
"12","千葉県","12217","柏市","122170029004","柏四丁目","35.863530","139.974235","0","3"
"12","千葉県","12217","柏市","122170029005","柏五丁目","35.866448","139.976123","0","3"
"12","千葉県","12217","柏市","122170029006","柏六丁目","35.864346","139.977220","0","3"
"12","千葉県","12217","柏市","122170029007","柏七丁目","35.862926","139.979955","0","3"
"12","千葉県","12217","柏市","122170030000","柏下","35.870006","139.983791","0","1"
"12","千葉県","12217","柏市","122170031000","柏中村下","35.865876","139.991020","0","1"
"12","千葉県","12217","柏市","122170032001","柏の葉一丁目","35.891425","139.942894","0","3"
"12","千葉県","12217","柏市","122170032002","柏の葉二丁目","35.891083","139.939748","0","3"
"12","千葉県","12217","柏市","122170032003","柏の葉三丁目","35.891537","139.936201","0","3"
"12","千葉県","12217","柏市","122170032004","柏の葉四丁目","35.896427","139.937089","0","3"
"12","千葉県","12217","柏市","122170032005","柏の葉五丁目","35.902000","139.936057","0","3"
"12","千葉県","12217","柏市","122170032006","柏の葉六丁目","35.896944","139.944925","0","3"
"12","千葉県","12217","柏市","122170033000","柏堀之内新田","35.875331","139.983580","0","1"
"12","千葉県","12217","柏市","122170034000","片山","35.841405","140.063059","0","1"
"12","千葉県","12217","柏市","122170035000","片山新田","35.848938","140.064752","0","1"
"12","千葉県","12217","柏市","122170036000","金山","35.826924","140.036153","0","1"
"12","千葉県","12217","柏市","122170037000","上三ケ尾飛地","35.916666","139.920680","0","1"
"12","千葉県","12217","柏市","122170038000","上利根","35.916700","139.971199","0","1"
"12","千葉県","12217","柏市","122170039000","かやの町","35.865931","139.954568","0","1"
"12","千葉県","12217","柏市","122170040001","北柏一丁目","35.874479","139.985407","0","3"
"12","千葉県","12217","柏市","122170040002","北柏二丁目","35.872642","139.989912","0","3"
"12","千葉県","12217","柏市","122170040003","北柏三丁目","35.872193","139.987790","0","3"
"12","千葉県","12217","柏市","122170040004","北柏四丁目","35.870585","139.986898","0","3"
"12","千葉県","12217","柏市","122170040005","北柏五丁目","35.868679","139.990301","0","3"
"12","千葉県","12217","柏市","122170041000","北柏台","35.876256","139.992080","0","1"
"12","千葉県","12217","柏市","122170042001","亀甲台町一丁目","35.848295","139.980523","0","3"
"12","千葉県","12217","柏市","122170042002","亀甲台町二丁目","35.846632","139.980281","0","3"
"12","千葉県","12217","柏市","122170043001","高南台一丁目","35.804620","139.996082","0","3"
"12","千葉県","12217","柏市","122170043002","高南台二丁目","35.802978","139.991284","0","3"
"12","千葉県","12217","柏市","122170043003","高南台三丁目","35.805519","139.993017","0","3"
"12","千葉県","12217","柏市","122170044000","五條谷","35.848037","140.016340","0","1"
"12","千葉県","12217","柏市","122170045000","酒井根","35.818148","139.957828","0","1"
"12","千葉県","12217","柏市","122170046001","酒井根一丁目","35.824317","139.964675","0","3"
"12","千葉県","12217","柏市","122170046002","酒井根二丁目","35.821594","139.967189","0","3"
"12","千葉県","12217","柏市","122170046003","酒井根三丁目","35.818859","139.965980","0","3"
"12","千葉県","12217","柏市","122170046004","酒井根四丁目","35.820487","139.960000","0","3"
"12","千葉県","12217","柏市","122170046005","酒井根五丁目","35.824586","139.961346","0","3"
"12","千葉県","12217","柏市","122170046006","酒井根六丁目","35.823711","139.957441","0","3"
"12","千葉県","12217","柏市","122170046007","酒井根七丁目","35.820916","139.957840","0","3"
"12","千葉県","12217","柏市","122170047000","逆井","35.815442","139.982461","0","1"
"12","千葉県","12217","柏市","122170048001","逆井一丁目","35.822019","139.983438","0","3"
"12","千葉県","12217","柏市","122170048002","逆井二丁目","35.824065","139.979518","0","3"
"12","千葉県","12217","柏市","122170048003","逆井三丁目","35.820082","139.975665","0","3"
"12","千葉県","12217","柏市","122170048004","逆井四丁目","35.819801","139.979153","0","3"
"12","千葉県","12217","柏市","122170048005","逆井五丁目","35.818910","139.984385","0","3"
"12","千葉県","12217","柏市","122170049000","逆井藤ノ台","35.822952","139.986712","0","1"
"12","千葉県","12217","柏市","122170050000","桜台","35.860555","139.981522","0","1"
"12","千葉県","12217","柏市","122170051001","しいの木台一丁目","35.808148","139.989158","0","3"
"12","千葉県","12217","柏市","122170051002","しいの木台二丁目","35.804752","139.984128","0","3"
"12","千葉県","12217","柏市","122170051003","しいの木台三丁目","35.801027","139.980184","0","3"
"12","千葉県","12217","柏市","122170051004","しいの木台四丁目","35.802008","139.977820","0","3"
"12","千葉県","12217","柏市","122170051005","しいの木台五丁目","35.806805","139.984243","0","3"
"12","千葉県","12217","柏市","122170052000","篠籠田","35.868124","139.943357","0","1"
"12","千葉県","12217","柏市","122170053000","下三ケ尾飛地","35.916332","139.922612","0","1"
"12","千葉県","12217","柏市","122170054000","宿連寺","35.887499","139.985231","0","1"
"12","千葉県","12217","柏市","122170055000","正連寺","35.902402","139.950063","0","1"
"12","千葉県","12217","柏市","122170056001","新柏一丁目","35.839210","139.968594","0","3"
"12","千葉県","12217","柏市","122170056002","新柏二丁目","35.838908","139.973862","0","3"
"12","千葉県","12217","柏市","122170056003","新柏三丁目","35.841666","139.972059","0","3"
"12","千葉県","12217","柏市","122170056004","新柏四丁目","35.843962","139.976851","0","3"
"12","千葉県","12217","柏市","122170057001","新逆井一丁目","35.811796","139.971526","0","3"
"12","千葉県","12217","柏市","122170057002","新逆井二丁目","35.809523","139.970629","0","3"
"12","千葉県","12217","柏市","122170058001","新富町一丁目","35.850881","139.955799","0","3"
"12","千葉県","12217","柏市","122170058002","新富町二丁目","35.855283","139.952619","0","3"
"12","千葉県","12217","柏市","122170059000","水道橋","35.851743","140.079401","0","1"
"12","千葉県","12217","柏市","122170060000","末広町","35.862904","139.970401","0","1"
"12","千葉県","12217","柏市","122170061000","関場町","35.850072","139.983728","0","1"
"12","千葉県","12217","柏市","122170062000","千間橋","35.848260","140.100492","0","1"
"12","千葉県","12217","柏市","122170063000","染井入新田","35.848516","140.051004","0","1"
"12","千葉県","12217","柏市","122170064000","高田","35.877697","139.949221","0","1"
"12","千葉県","12217","柏市","122170065000","高柳新田","35.807800","139.991559","0","1"
"12","千葉県","12217","柏市","122170066001","中央一丁目","35.857903","139.972929","0","3"
"12","千葉県","12217","柏市","122170066002","中央二丁目","35.855585","139.972144","0","3"
"12","千葉県","12217","柏市","122170067000","中央町","35.859301","139.970567","0","1"
"12","千葉県","12217","柏市","122170068001","千代田一丁目","35.856527","139.976284","0","3"
"12","千葉県","12217","柏市","122170068002","千代田二丁目","35.853740","139.975145","0","3"
"12","千葉県","12217","柏市","122170068003","千代田三丁目","35.853449","139.977648","0","3"
"12","千葉県","12217","柏市","122170069000","塚崎","35.834927","139.996057","0","1"
"12","千葉県","12217","柏市","122170070001","塚崎一丁目","35.834706","140.005822","0","3"
"12","千葉県","12217","柏市","122170070002","塚崎二丁目","35.833795","140.002635","0","3"
"12","千葉県","12217","柏市","122170070003","塚崎三丁目","35.832796","140.000944","0","3"
"12","千葉県","12217","柏市","122170071001","つくしが丘一丁目","35.836813","139.964770","0","3"
"12","千葉県","12217","柏市","122170071002","つくしが丘二丁目","35.833590","139.964377","0","3"
"12","千葉県","12217","柏市","122170071003","つくしが丘三丁目","35.835060","139.965633","0","3"
"12","千葉県","12217","柏市","122170071004","つくしが丘四丁目","35.835949","139.968263","0","3"
"12","千葉県","12217","柏市","122170071005","つくしが丘五丁目","35.831359","139.967563","0","3"
"12","千葉県","12217","柏市","122170072000","手賀","35.838552","140.075619","0","1"
"12","千葉県","12217","柏市","122170073000","手賀新田","35.847580","140.079096","0","1"
"12","千葉県","12217","柏市","122170074001","手賀の杜一丁目","35.849457","140.027938","0","3"
"12","千葉県","12217","柏市","122170074002","手賀の杜二丁目","35.849252","140.030049","0","3"
"12","千葉県","12217","柏市","122170074003","手賀の杜三丁目","35.846392","140.027000","0","3"
"12","千葉県","12217","柏市","122170074004","手賀の杜四丁目","35.846100","140.022673","0","3"
"12","千葉県","12217","柏市","122170074005","手賀の杜五丁目","35.844129","140.018978","0","3"
"12","千葉県","12217","柏市","122170075000","常盤台","35.846921","139.967071","0","1"
"12","千葉県","12217","柏市","122170076000","戸張","35.856004","139.993593","0","1"
"12","千葉県","12217","柏市","122170077000","戸張新田","35.860692","140.003411","0","1"
"12","千葉県","12217","柏市","122170078001","富里一丁目","35.852677","139.967515","0","3"
"12","千葉県","12217","柏市","122170078002","富里二丁目","35.853262","139.965207","0","3"
"12","千葉県","12217","柏市","122170078003","富里三丁目","35.854395","139.962898","0","3"
"12","千葉県","12217","柏市","122170079000","豊上町","35.857590","139.953858","0","1"
"12","千葉県","12217","柏市","122170080000","豊四季","35.859928","139.949813","0","1"
"12","千葉県","12217","柏市","122170081001","豊四季台一丁目","35.866895","139.957937","0","3"
"12","千葉県","12217","柏市","122170081002","豊四季台二丁目","35.864347","139.959127","0","3"
"12","千葉県","12217","柏市","122170081003","豊四季台三丁目","35.862439","139.959141","0","3"
"12","千葉県","12217","柏市","122170081004","豊四季台四丁目","35.863903","139.956034","0","3"
"12","千葉県","12217","柏市","122170082000","豊住","35.840968","139.962162","0","1"
"12","千葉県","12217","柏市","122170083001","豊住一丁目","35.839750","139.961719","0","3"
"12","千葉県","12217","柏市","122170083002","豊住二丁目","35.837262","139.960654","0","3"
"12","千葉県","12217","柏市","122170083003","豊住三丁目","35.838269","139.963541","0","3"
"12","千葉県","12217","柏市","122170083004","豊住四丁目","35.842237","139.965770","0","3"
"12","千葉県","12217","柏市","122170083005","豊住五丁目","35.840787","139.966714","0","3"
"12","千葉県","12217","柏市","122170084000","豊平町","35.854702","139.957119","0","1"
"12","千葉県","12217","柏市","122170085000","十余二","35.882628","139.959308","0","1"
"12","千葉県","12217","柏市","122170086001","中新宿一丁目","35.834566","139.943595","0","3"
"12","千葉県","12217","柏市","122170086002","中新宿二丁目","35.835493","139.948070","0","3"
"12","千葉県","12217","柏市","122170086003","中新宿三丁目","35.832920","139.946888","0","3"
"12","千葉県","12217","柏市","122170087000","中十余二","35.903098","139.942890","3","1"
"12","千葉県","12217","柏市","122170088000","中原","35.837312","139.971091","0","1"
"12","千葉県","12217","柏市","122170089001","中原一丁目","35.826729","139.965958","0","3"
"12","千葉県","12217","柏市","122170089002","中原二丁目","35.826082","139.970413","0","3"
"12","千葉県","12217","柏市","122170090000","名戸ケ谷","35.843283","139.981062","0","1"
"12","千葉県","12217","柏市","122170091001","名戸ケ谷一丁目","35.845605","139.976083","0","3"
"12","千葉県","12217","柏市","122170092001","西柏台一丁目","35.885667","139.924646","0","3"
"12","千葉県","12217","柏市","122170092002","西柏台二丁目","35.884993","139.927396","0","3"
"12","千葉県","12217","柏市","122170093000","西三ケ尾飛地","35.915852","139.922315","0","1"
"12","千葉県","12217","柏市","122170094000","西町","35.869197","139.957935","0","1"
"12","千葉県","12217","柏市","122170095001","西原一丁目","35.896529","139.915882","0","3"
"12","千葉県","12217","柏市","122170095002","西原二丁目","35.898216","139.919374","0","3"
"12","千葉県","12217","柏市","122170095003","西原三丁目","35.895553","139.919002","0","3"
"12","千葉県","12217","柏市","122170095004","西原四丁目","35.893220","139.922915","0","3"
"12","千葉県","12217","柏市","122170095005","西原五丁目","35.891222","139.919779","0","3"
"12","千葉県","12217","柏市","122170095006","西原六丁目","35.889305","139.923980","0","3"
"12","千葉県","12217","柏市","122170095007","西原七丁目","35.889228","139.927409","0","3"
"12","千葉県","12217","柏市","122170096001","西山一丁目","35.822328","139.953815","0","3"
"12","千葉県","12217","柏市","122170096002","西山二丁目","35.820559","139.954003","0","3"
"12","千葉県","12217","柏市","122170097000","根戸","35.881129","139.986449","0","1"
"12","千葉県","12217","柏市","122170098000","根戸新田","35.876059","139.983585","0","1"
"12","千葉県","12217","柏市","122170099000","八幡町","35.853880","139.985905","0","1"
"12","千葉県","12217","柏市","122170100000","花野井","35.896736","139.974237","0","1"
"12","千葉県","12217","柏市","122170101001","東柏一丁目","35.851497","139.987526","0","3"
"12","千葉県","12217","柏市","122170101002","東柏二丁目","35.849291","139.987369","0","3"
"12","千葉県","12217","柏市","122170102001","東逆井一丁目","35.825797","139.982814","0","3"
"12","千葉県","12217","柏市","122170103001","東中新宿一丁目","35.833986","139.960561","0","3"
"12","千葉県","12217","柏市","122170103002","東中新宿二丁目","35.832165","139.962793","0","3"
"12","千葉県","12217","柏市","122170103003","東中新宿三丁目","35.829767","139.963388","0","3"
"12","千葉県","12217","柏市","122170103004","東中新宿四丁目","35.830248","139.960242","0","3"
"12","千葉県","12217","柏市","122170104001","東山一丁目","35.824898","139.955689","0","3"
"12","千葉県","12217","柏市","122170104002","東山二丁目","35.825124","139.952391","0","3"
"12","千葉県","12217","柏市","122170105001","光ケ丘一丁目","35.833195","139.957787","0","3"
"12","千葉県","12217","柏市","122170105002","光ケ丘二丁目","35.830315","139.951509","0","3"
"12","千葉県","12217","柏市","122170105003","光ケ丘三丁目","35.825873","139.957150","0","3"
"12","千葉県","12217","柏市","122170105004","光ケ丘四丁目","35.828148","139.964214","0","3"
"12","千葉県","12217","柏市","122170106000","光ケ丘団地","35.829479","139.957812","0","1"
"12","千葉県","12217","柏市","122170107001","日立台一丁目","35.849437","139.973470","0","3"
"12","千葉県","12217","柏市","122170107002","日立台二丁目","35.847279","139.972643","0","3"
"12","千葉県","12217","柏市","122170108000","ひばりが丘","35.848821","139.969157","0","1"
"12","千葉県","12217","柏市","122170109000","藤ケ谷","35.802329","140.021376","0","1"
"12","千葉県","12217","柏市","122170110000","藤ケ谷新田","35.822048","140.019138","0","1"
"12","千葉県","12217","柏市","122170111000","藤心","35.820541","139.995833","0","1"
"12","千葉県","12217","柏市","122170112001","藤心一丁目","35.827837","139.992047","0","3"
"12","千葉県","12217","柏市","122170112002","藤心二丁目","35.827107","139.987026","0","3"
"12","千葉県","12217","柏市","122170112003","藤心三丁目","35.825307","139.987799","0","3"
"12","千葉県","12217","柏市","122170112004","藤心四丁目","35.824498","139.989656","0","3"
"12","千葉県","12217","柏市","122170112005","藤心五丁目","35.823659","139.991440","0","3"
"12","千葉県","12217","柏市","122170113000","布施","35.891518","139.992822","0","1"
"12","千葉県","12217","柏市","122170114000","布瀬","35.836793","140.091577","0","1"
"12","千葉県","12217","柏市","122170115000","布施下","35.896907","140.010517","0","1"
"12","千葉県","12217","柏市","122170116000","布瀬新田","35.839436","140.108520","0","1"
"12","千葉県","12217","柏市","122170117001","布施新町一丁目","35.890006","140.001232","0","3"
"12","千葉県","12217","柏市","122170117002","布施新町二丁目","35.889895","140.003923","0","3"
"12","千葉県","12217","柏市","122170117003","布施新町三丁目","35.888447","140.006244","0","3"
"12","千葉県","12217","柏市","122170117004","布施新町四丁目","35.887308","140.008867","0","3"
"12","千葉県","12217","柏市","122170118000","船戸山高野","35.923736","139.939481","0","1"
"12","千葉県","12217","柏市","122170119000","弁天下","35.897982","140.021521","0","1"
"12","千葉県","12217","柏市","122170120000","増尾","35.837457","139.988864","0","1"
"12","千葉県","12217","柏市","122170121001","増尾一丁目","35.833112","139.975107","0","3"
"12","千葉県","12217","柏市","122170121002","増尾二丁目","35.831704","139.978220","0","3"
"12","千葉県","12217","柏市","122170121003","増尾三丁目","35.835721","139.979559","0","3"
"12","千葉県","12217","柏市","122170121004","増尾四丁目","35.835471","139.983547","0","3"
"12","千葉県","12217","柏市","122170121005","増尾五丁目","35.831875","139.984718","0","3"
"12","千葉県","12217","柏市","122170121006","増尾六丁目","35.830415","139.981297","0","3"
"12","千葉県","12217","柏市","122170121007","増尾七丁目","35.828063","139.982081","0","3"
"12","千葉県","12217","柏市","122170121008","増尾八丁目","35.829124","139.986627","0","3"
"12","千葉県","12217","柏市","122170122001","増尾台一丁目","35.827205","139.976883","0","3"
"12","千葉県","12217","柏市","122170122002","増尾台二丁目","35.824673","139.971096","0","3"
"12","千葉県","12217","柏市","122170122003","増尾台三丁目","35.824702","139.974734","0","3"
"12","千葉県","12217","柏市","122170122004","増尾台四丁目","35.821732","139.973213","0","3"
"12","千葉県","12217","柏市","122170123000","松ケ崎","35.879083","139.975947","0","1"
"12","千葉県","12217","柏市","122170124000","松ケ崎新田","35.877779","139.983459","0","1"
"12","千葉県","12217","柏市","122170125001","松葉町一丁目","35.886457","139.980764","0","3"
"12","千葉県","12217","柏市","122170125002","松葉町二丁目","35.885921","139.978984","0","3"
"12","千葉県","12217","柏市","122170125003","松葉町三丁目","35.886011","139.970955","0","3"
"12","千葉県","12217","柏市","122170125004","松葉町四丁目","35.889114","139.971798","0","3"
"12","千葉県","12217","柏市","122170125005","松葉町五丁目","35.889472","139.966440","0","3"
"12","千葉県","12217","柏市","122170125006","松葉町六丁目","35.891539","139.968026","0","3"
"12","千葉県","12217","柏市","122170125007","松葉町七丁目","35.889534","139.963287","0","3"
"12","千葉県","12217","柏市","122170126000","緑ケ丘","35.851606","139.970088","0","1"
"12","千葉県","12217","柏市","122170127000","緑台","35.846343","140.008142","0","1"
"12","千葉県","12217","柏市","122170128001","みどり台一丁目","35.901196","139.919673","0","3"
"12","千葉県","12217","柏市","122170128002","みどり台二丁目","35.904538","139.921597","0","3"
"12","千葉県","12217","柏市","122170128003","みどり台三丁目","35.901380","139.922877","0","3"
"12","千葉県","12217","柏市","122170128004","みどり台四丁目","35.903971","139.924925","0","3"
"12","千葉県","12217","柏市","122170128005","みどり台五丁目","35.902177","139.925472","0","3"
"12","千葉県","12217","柏市","122170129001","南柏一丁目","35.845783","139.953469","0","3"
"12","千葉県","12217","柏市","122170129002","南柏二丁目","35.847271","139.955038","0","3"
"12","千葉県","12217","柏市","122170130000","南柏中央","35.844470","139.954956","0","1"
"12","千葉県","12217","柏市","122170131001","南逆井一丁目","35.807572","139.970363","0","3"
"12","千葉県","12217","柏市","122170131002","南逆井二丁目","35.805093","139.970328","0","3"
"12","千葉県","12217","柏市","122170131003","南逆井三丁目","35.802797","139.970002","0","3"
"12","千葉県","12217","柏市","122170131004","南逆井四丁目","35.803249","139.974626","0","3"
"12","千葉県","12217","柏市","122170131005","南逆井五丁目","35.807193","139.975135","0","3"
"12","千葉県","12217","柏市","122170131006","南逆井六丁目","35.805506","139.977907","0","3"
"12","千葉県","12217","柏市","122170131007","南逆井七丁目","35.807435","139.981040","0","3"
"12","千葉県","12217","柏市","122170132000","南高柳","35.805581","140.000387","0","1"
"12","千葉県","12217","柏市","122170133000","南増尾","35.816387","139.974068","0","1"
"12","千葉県","12217","柏市","122170134001","南増尾一丁目","35.818907","139.971745","0","3"
"12","千葉県","12217","柏市","122170134002","南増尾二丁目","35.817167","139.967595","0","3"
"12","千葉県","12217","柏市","122170134003","南増尾三丁目","35.814600","139.970518","0","3"
"12","千葉県","12217","柏市","122170134004","南増尾四丁目","35.813237","139.966031","0","3"
"12","千葉県","12217","柏市","122170134005","南増尾五丁目","35.809928","139.966538","0","3"
"12","千葉県","12217","柏市","122170134006","南増尾六丁目","35.811157","139.963568","0","3"
"12","千葉県","12217","柏市","122170134007","南増尾七丁目","35.811019","139.961516","0","3"
"12","千葉県","12217","柏市","122170134008","南増尾八丁目","35.810768","139.958996","0","3"
"12","千葉県","12217","柏市","122170135000","箕輪","35.851785","140.024302","0","1"
"12","千葉県","12217","柏市","122170136000","箕輪新田","35.857143","140.023132","0","1"
"12","千葉県","12217","柏市","122170137000","向原町","35.862151","139.962403","0","1"
"12","千葉県","12217","柏市","122170138000","柳戸","35.837166","140.057368","0","1"
"12","千葉県","12217","柏市","122170139000","弥生町","35.855147","139.985878","0","1"
"12","千葉県","12217","柏市","122170140001","豊町一丁目","35.848427","139.957553","0","3"
"12","千葉県","12217","柏市","122170140002","豊町二丁目","35.851012","139.960251","0","3"
"12","千葉県","12217","柏市","122170141000","吉野沢","35.852959","139.958686","0","1"
"12","千葉県","12217","柏市","122170142000","呼塚新田","35.875047","139.981736","0","1"
"12","千葉県","12217","柏市","122170143000","若柴","35.891657","139.954000","0","1"
"12","千葉県","12217","柏市","122170144000","若白毛","35.836206","140.024900","0","1"
"12","千葉県","12217","柏市","122170145000","若葉町","35.853921","139.971057","0","1"
"12","千葉県","12217","柏市","122170146000","鷲野谷","35.842889","140.038827","0","1"
"12","千葉県","12217","柏市","122170147000","鷲野谷新田","35.854569","140.043740","0","1"
"12","千葉県","12217","柏市","122170148000","新十余二","35.907913","139.946802","0","1"
"12","千葉県","12217","柏市","122170149000","大青田","35.913442","139.932490","0","1"
"12","千葉県","12217","柏市","122170150000","柏インター東","35.912013","139.942969","0","1"
"12","千葉県","12217","柏市","122170151001","高柳一丁目","35.807801","139.997940","0","3"
"12","千葉県","12217","柏市","122170151002","高柳二丁目","35.809857","139.996441","0","3"
"12","千葉県","12217","柏市","122170152000","高柳","35.812726","140.003350","0","1"
"12","千葉県","12217","柏市","122170153001","船戸一丁目","35.914229","139.949771","0","3"
"12","千葉県","12217","柏市","122170153002","船戸二丁目","35.915868","139.952381","0","3"
"12","千葉県","12217","柏市","122170153003","船戸三丁目","35.917822","139.954541","0","3"
"12","千葉県","12217","柏市","122170154000","船戸","35.922733","139.948435","0","1"
"12","千葉県","12217","柏市","122170155001","大室一丁目","35.908259","139.958153","0","3"
"12","千葉県","12217","柏市","122170155002","大室二丁目","35.908816","139.960705","0","3"
"12","千葉県","12217","柏市","122170155003","大室三丁目","35.911294","139.962016","0","3"
"12","千葉県","12217","柏市","122170156000","新利根","35.912478","139.969282","0","1"
"12","千葉県","12217","柏市","122170157001","小青田一丁目","35.910192","139.955499","0","3"
"12","千葉県","12217","柏市","122170157002","小青田二丁目","35.912534","139.953454","0","3"
"12","千葉県","12217","柏市","122170157003","小青田三丁目","35.914124","139.955569","0","3"
"12","千葉県","12217","柏市","122170157004","小青田四丁目","35.916022","139.956720","0","3"
"12","千葉県","12217","柏市","122170157005","小青田五丁目","35.915055","139.959081","0","3"
"12","千葉県","12217","柏市","122170158000","大室","35.904464","139.965219","0","1"
"12","千葉県","12217","柏市","122170159001","大島田一丁目","35.833759","140.011703","0","3"
"12","千葉県","12217","柏市","122170159002","大島田二丁目","35.833723","140.021185","0","3"
"12","千葉県","12217","柏市","122170160000","柏インター南","35.905330","139.932431","1","1"
"12","千葉県","12217","柏市","122170161000","小青田","35.908317","139.953894","0","1"
"12","千葉県","12218","勝浦市","122180001000","赤羽根","35.169099","140.247897","0","1"
"12","千葉県","12218","勝浦市","122180002000","荒川","35.162922","140.267867","0","1"
"12","千葉県","12218","勝浦市","122180003000","市野川","35.225325","140.294043","0","1"
"12","千葉県","12218","勝浦市","122180004000","市野郷","35.232037","140.278962","0","1"
"12","千葉県","12218","勝浦市","122180005000","出水","35.152389","140.317287","0","1"
"12","千葉県","12218","勝浦市","122180006000","上野","35.156861","140.245797","0","1"
"12","千葉県","12218","勝浦市","122180007000","植野","35.152883","140.254717","0","1"
"12","千葉県","12218","勝浦市","122180008000","鵜原","35.144096","140.276120","0","1"
"12","千葉県","12218","勝浦市","122180009000","大楠","35.187379","140.276666","0","1"
"12","千葉県","12218","勝浦市","122180010000","大沢","35.120611","140.217371","0","1"
"12","千葉県","12218","勝浦市","122180011000","大森","35.170980","140.229018","0","1"
"12","千葉県","12218","勝浦市","122180012000","大森上植野入会地","35.162841","140.211438","0","1"
"12","千葉県","12218","勝浦市","122180013000","興津","35.137776","140.244582","0","1"
"12","千葉県","12218","勝浦市","122180014000","興津久保山台","35.135235","140.230650","0","1"
"12","千葉県","12218","勝浦市","122180015000","貝掛","35.172446","140.264524","0","1"
"12","千葉県","12218","勝浦市","122180016000","勝浦","35.143208","140.315181","0","1"
"12","千葉県","12218","勝浦市","122180017000","蟹田","35.197004","140.276863","0","1"
"12","千葉県","12218","勝浦市","122180018000","上植野","35.161366","140.214512","0","1"
"12","千葉県","12218","勝浦市","122180019000","川津","35.143718","140.321935","0","1"
"12","千葉県","12218","勝浦市","122180020000","串浜","35.158803","140.298676","0","1"
"12","千葉県","12218","勝浦市","122180021000","小羽戸","35.183128","140.257415","0","1"
"12","千葉県","12218","勝浦市","122180022000","小松野","35.197791","140.268586","0","1"
"12","千葉県","12218","勝浦市","122180023000","佐野","35.228253","140.263430","0","1"
"12","千葉県","12218","勝浦市","122180024000","沢倉","35.153772","140.324293","0","1"
"12","千葉県","12218","勝浦市","122180025000","宿戸","35.177649","140.284692","0","1"
"12","千葉県","12218","勝浦市","122180026000","白井久保","35.192372","140.288273","0","1"
"12","千葉県","12218","勝浦市","122180027000","白木","35.199199","140.298821","0","1"
"12","千葉県","12218","勝浦市","122180028000","新官","35.158255","140.328439","0","1"
"12","千葉県","12218","勝浦市","122180029000","新戸","35.176804","140.293101","0","1"
"12","千葉県","12218","勝浦市","122180030000","杉戸","35.210409","140.256770","0","1"
"12","千葉県","12218","勝浦市","122180031000","関谷","35.175338","140.310104","0","1"
"12","千葉県","12218","勝浦市","122180032000","台宿","35.140244","140.218794","0","1"
"12","千葉県","12218","勝浦市","122180033000","墨名","35.156406","140.312628","0","1"
"12","千葉県","12218","勝浦市","122180034000","中倉","35.209725","140.281716","0","1"
"12","千葉県","12218","勝浦市","122180035000","中里","35.160261","140.242407","0","1"
"12","千葉県","12218","勝浦市","122180036000","中島","35.158281","140.255188","0","1"
"12","千葉県","12218","勝浦市","122180037000","中谷","35.170360","140.296007","0","1"
"12","千葉県","12218","勝浦市","122180038000","名木","35.154628","140.233833","0","1"
"12","千葉県","12218","勝浦市","122180039000","芳賀","35.202858","140.291359","0","1"
"12","千葉県","12218","勝浦市","122180040000","花里","35.211266","140.309304","0","1"
"12","千葉県","12218","勝浦市","122180041000","浜勝浦","35.141719","140.313225","0","1"
"12","千葉県","12218","勝浦市","122180042000","浜行川","35.125540","140.232447","0","1"
"12","千葉県","12218","勝浦市","122180043000","平田","35.182276","140.305127","0","1"
"12","千葉県","12218","勝浦市","122180044000","部原","35.168236","140.325351","0","1"
"12","千葉県","12218","勝浦市","122180045000","法花","35.176450","140.247623","0","1"
"12","千葉県","12218","勝浦市","122180046000","松野","35.204887","140.269137","0","1"
"12","千葉県","12218","勝浦市","122180047000","松部","35.153812","140.282777","0","1"
"12","千葉県","12218","勝浦市","122180048000","南山田","35.165688","140.278818","0","1"
"12","千葉県","12218","勝浦市","122180049000","守谷","35.146538","140.262257","0","1"
"12","千葉県","12218","勝浦市","122180050000","吉尾","35.138209","140.284682","0","1"
"12","千葉県","12219","市原市","122190001000","相川","35.467401","140.117944","0","1"
"12","千葉県","12219","市原市","122190002001","青葉台一丁目","35.471310","140.060677","0","3"
"12","千葉県","12219","市原市","122190002002","青葉台二丁目","35.467393","140.059980","0","3"
"12","千葉県","12219","市原市","122190002003","青葉台三丁目","35.470587","140.057310","0","3"
"12","千葉県","12219","市原市","122190002004","青葉台四丁目","35.467355","140.055428","0","3"
"12","千葉県","12219","市原市","122190002005","青葉台五丁目","35.470382","140.053412","0","3"
"12","千葉県","12219","市原市","122190002006","青葉台六丁目","35.468598","140.049521","0","3"
"12","千葉県","12219","市原市","122190002007","青葉台七丁目","35.465548","140.050457","0","3"
"12","千葉県","12219","市原市","122190002008","青葉台八丁目","35.463740","140.049554","0","3"
"12","千葉県","12219","市原市","122190003000","青柳","35.501309","140.061774","0","1"
"12","千葉県","12219","市原市","122190004001","青柳一丁目","35.499090","140.053958","0","3"
"12","千葉県","12219","市原市","122190004002","青柳二丁目","35.501613","140.054545","0","3"
"12","千葉県","12219","市原市","122190004003","青柳三丁目","35.504196","140.056003","0","3"
"12","千葉県","12219","市原市","122190005001","青柳北一丁目","35.514443","140.064627","0","3"
"12","千葉県","12219","市原市","122190005002","青柳北二丁目","35.510688","140.062565","0","3"
"12","千葉県","12219","市原市","122190005003","青柳北三丁目","35.507975","140.060584","0","3"
"12","千葉県","12219","市原市","122190005004","青柳北四丁目","35.506095","140.058259","0","3"
"12","千葉県","12219","市原市","122190006000","青柳緑地","35.512448","140.060500","0","1"
"12","千葉県","12219","市原市","122190007000","安久谷","35.397481","140.152823","0","1"
"12","千葉県","12219","市原市","122190008000","浅井小向","35.468451","140.112244","0","1"
"12","千葉県","12219","市原市","122190009000","旭五所","35.529430","140.116307","0","1"
"12","千葉県","12219","市原市","122190010000","安須","35.457617","140.115572","0","1"
"12","千葉県","12219","市原市","122190011000","朝生原","35.264917","140.163886","0","1"
"12","千葉県","12219","市原市","122190012000","姉崎海岸","35.486561","140.028584","0","1"
"12","千葉県","12219","市原市","122190013001","姉崎西一丁目","35.480264","140.042086","0","3"
"12","千葉県","12219","市原市","122190013002","姉崎西二丁目","35.478050","140.038765","0","3"
"12","千葉県","12219","市原市","122190013003","姉崎西三丁目","35.475953","140.034337","0","3"
"12","千葉県","12219","市原市","122190014000","海士有木","35.471062","140.125626","0","1"
"12","千葉県","12219","市原市","122190015000","天羽田","35.430632","140.051607","0","1"
"12","千葉県","12219","市原市","122190016000","新井","35.342981","140.182258","0","1"
"12","千葉県","12219","市原市","122190017000","新生","35.463562","140.105037","0","1"
"12","千葉県","12219","市原市","122190018000","新巻","35.432467","140.168798","0","1"
"12","千葉県","12219","市原市","122190019000","飯沼","35.502645","140.079899","0","1"
"12","千葉県","12219","市原市","122190020000","池和田","35.381665","140.171601","0","1"
"12","千葉県","12219","市原市","122190021000","石神","35.271847","140.170517","0","1"
"12","千葉県","12219","市原市","122190022000","石川","35.392184","140.178770","0","1"
"12","千葉県","12219","市原市","122190023000","石塚","35.261981","140.125665","0","1"
"12","千葉県","12219","市原市","122190024001","泉台一丁目","35.457293","140.067176","0","3"
"12","千葉県","12219","市原市","122190024002","泉台二丁目","35.455562","140.069419","0","3"
"12","千葉県","12219","市原市","122190024003","泉台三丁目","35.453334","140.071044","0","3"
"12","千葉県","12219","市原市","122190024004","泉台四丁目","35.452950","140.074360","0","3"
"12","千葉県","12219","市原市","122190024005","泉台五丁目","35.451977","140.076465","0","3"
"12","千葉県","12219","市原市","122190025000","磯ケ谷","35.446622","140.148294","0","1"
"12","千葉県","12219","市原市","122190026000","板倉","35.492355","140.250398","0","1"
"12","千葉県","12219","市原市","122190027000","飯給","35.324318","140.150171","0","1"
"12","千葉県","12219","市原市","122190028000","市場","35.406459","140.183886","0","1"
"12","千葉県","12219","市原市","122190029000","市原","35.521905","140.123104","0","1"
"12","千葉県","12219","市原市","122190030000","糸久","35.475780","140.106750","0","1"
"12","千葉県","12219","市原市","122190031000","犬成","35.486244","140.193405","0","1"
"12","千葉県","12219","市原市","122190032000","今津朝山","35.491630","140.051455","0","1"
"12","千葉県","12219","市原市","122190033000","今富","35.468554","140.086882","0","1"
"12","千葉県","12219","市原市","122190034000","不入斗","35.448990","140.060699","0","1"
"12","千葉県","12219","市原市","122190035000","岩","35.376187","140.147129","0","1"
"12","千葉県","12219","市原市","122190036000","岩崎","35.526155","140.078903","0","1"
"12","千葉県","12219","市原市","122190037001","岩崎一丁目","35.523560","140.076003","0","3"
"12","千葉県","12219","市原市","122190037002","岩崎二丁目","35.527700","140.075126","0","3"
"12","千葉県","12219","市原市","122190038001","岩崎西一丁目","35.524728","140.071359","0","3"
"12","千葉県","12219","市原市","122190039000","岩崎緑地","35.528107","140.070098","0","1"
"12","千葉県","12219","市原市","122190040000","岩野見","35.511296","140.104762","0","1"
"12","千葉県","12219","市原市","122190041000","上原","35.421523","140.124648","0","1"
"12","千葉県","12219","市原市","122190042000","牛久","35.399119","140.140039","0","1"
"12","千葉県","12219","市原市","122190043000","馬立","35.427332","140.120886","0","1"
"12","千葉県","12219","市原市","122190044000","江子田","35.392735","140.150744","0","1"
"12","千葉県","12219","市原市","122190045000","大桶","35.449293","140.171371","0","1"
"12","千葉県","12219","市原市","122190046000","大久保","35.275483","140.135403","0","1"
"12","千葉県","12219","市原市","122190047000","大蔵","35.378244","140.117261","0","1"
"12","千葉県","12219","市原市","122190048000","大作","35.481438","140.182706","0","1"
"12","千葉県","12219","市原市","122190049000","大坪","35.478665","140.117069","0","1"
"12","千葉県","12219","市原市","122190050000","大戸","35.328813","140.146534","0","1"
"12","千葉県","12219","市原市","122190051000","大厩","35.528704","140.153696","0","1"
"12","千葉県","12219","市原市","122190052000","大和田","35.356451","140.163186","0","1"
"12","千葉県","12219","市原市","122190053000","荻作","35.498962","140.160083","0","1"
"12","千葉県","12219","市原市","122190054000","奥野","35.390782","140.193915","0","1"
"12","千葉県","12219","市原市","122190055000","押沼","35.527413","140.198187","0","1"
"12","千葉県","12219","市原市","122190056000","小田部","35.487506","140.152145","0","1"
"12","千葉県","12219","市原市","122190057000","折津","35.268818","140.145444","0","1"
"12","千葉県","12219","市原市","122190058000","海保","35.465986","140.076031","0","1"
"12","千葉県","12219","市原市","122190059000","柿木台","35.309077","140.132563","0","1"
"12","千葉県","12219","市原市","122190060000","風戸","35.439668","140.098130","0","1"
"12","千葉県","12219","市原市","122190061000","神代","35.468962","140.097567","0","1"
"12","千葉県","12219","市原市","122190062000","柏原","35.482820","140.064310","0","1"
"12","千葉県","12219","市原市","122190063000","片又木","35.459276","140.070086","0","1"
"12","千葉県","12219","市原市","122190064000","勝間","35.473896","140.161086","0","1"
"12","千葉県","12219","市原市","122190065000","金沢","35.375058","140.124442","0","1"
"12","千葉県","12219","市原市","122190066000","上高根","35.418846","140.098773","0","1"
"12","千葉県","12219","市原市","122190067000","加茂","35.511225","140.110077","0","1"
"12","千葉県","12219","市原市","122190068001","加茂一丁目","35.505806","140.111943","0","3"
"12","千葉県","12219","市原市","122190068002","加茂二丁目","35.505277","140.110037","0","3"
"12","千葉県","12219","市原市","122190069000","栢橋","35.388722","140.097774","0","1"
"12","千葉県","12219","市原市","122190070000","川在","35.430783","140.157933","0","1"
"12","千葉県","12219","市原市","122190071000","菊間","35.534332","140.138622","0","1"
"12","千葉県","12219","市原市","122190072000","喜多","35.499490","140.187298","0","1"
"12","千葉県","12219","市原市","122190073001","北国分寺台一丁目","35.506203","140.119530","0","3"
"12","千葉県","12219","市原市","122190073002","北国分寺台二丁目","35.508781","140.118231","0","3"
"12","千葉県","12219","市原市","122190073003","北国分寺台三丁目","35.510218","140.116608","0","3"
"12","千葉県","12219","市原市","122190073004","北国分寺台四丁目","35.509221","140.113485","0","3"
"12","千葉県","12219","市原市","122190073005","北国分寺台五丁目","35.507206","140.116373","0","3"
"12","千葉県","12219","市原市","122190074000","吉沢","35.333798","140.186817","0","1"
"12","千葉県","12219","市原市","122190075000","君塚","35.515903","140.106038","0","1"
"12","千葉県","12219","市原市","122190076001","君塚一丁目","35.519799","140.102251","0","3"
"12","千葉県","12219","市原市","122190076002","君塚二丁目","35.519590","140.106304","0","3"
"12","千葉県","12219","市原市","122190076003","君塚三丁目","35.522735","140.105384","0","3"
"12","千葉県","12219","市原市","122190076004","君塚四丁目","35.524874","140.103800","0","3"
"12","千葉県","12219","市原市","122190076005","君塚五丁目","35.522040","140.098596","0","3"
"12","千葉県","12219","市原市","122190077000","久々津","35.517440","140.161149","0","1"
"12","千葉県","12219","市原市","122190078000","草刈","35.530216","140.164016","0","1"
"12","千葉県","12219","市原市","122190079000","久保","35.368343","140.159654","0","1"
"12","千葉県","12219","市原市","122190080000","五井","35.518327","140.085898","0","1"
"12","千葉県","12219","市原市","122190081000","五井海岸","35.539082","140.080084","0","1"
"12","千葉県","12219","市原市","122190082001","五井金杉一丁目","35.525290","140.097005","0","3"
"12","千葉県","12219","市原市","122190082002","五井金杉二丁目","35.526081","140.094711","0","3"
"12","千葉県","12219","市原市","122190082003","五井金杉三丁目","35.527662","140.092876","0","3"
"12","千葉県","12219","市原市","122190082004","五井金杉四丁目","35.529322","140.090264","0","3"
"12","千葉県","12219","市原市","122190083001","五井中央西一丁目","35.513849","140.085468","0","3"
"12","千葉県","12219","市原市","122190083002","五井中央西二丁目","35.515466","140.088656","0","3"
"12","千葉県","12219","市原市","122190083003","五井中央西三丁目","35.515849","140.090922","0","3"
"12","千葉県","12219","市原市","122190084001","五井中央東一丁目","35.510868","140.090106","0","3"
"12","千葉県","12219","市原市","122190084002","五井中央東二丁目","35.512166","140.092586","0","3"
"12","千葉県","12219","市原市","122190085001","五井西一丁目","35.512499","140.071033","0","3"
"12","千葉県","12219","市原市","122190085002","五井西二丁目","35.515036","140.074054","0","3"
"12","千葉県","12219","市原市","122190085003","五井西三丁目","35.518275","140.074486","0","3"
"12","千葉県","12219","市原市","122190085004","五井西四丁目","35.517119","140.071356","0","3"
"12","千葉県","12219","市原市","122190085005","五井西五丁目","35.514342","140.069776","0","3"
"12","千葉県","12219","市原市","122190085006","五井西六丁目","35.512427","140.067789","0","3"
"12","千葉県","12219","市原市","122190085007","五井西七丁目","35.510387","140.070136","0","3"
"12","千葉県","12219","市原市","122190086001","五井東一丁目","35.513559","140.095567","0","3"
"12","千葉県","12219","市原市","122190086002","五井東二丁目","35.515141","140.097153","0","3"
"12","千葉県","12219","市原市","122190086003","五井東三丁目","35.516526","140.099926","0","3"
"12","千葉県","12219","市原市","122190087000","五井南海岸","35.529134","140.064892","0","1"
"12","千葉県","12219","市原市","122190088000","高坂","35.453572","140.108653","0","1"
"12","千葉県","12219","市原市","122190089001","光風台一丁目","35.443770","140.114521","0","3"
"12","千葉県","12219","市原市","122190089002","光風台二丁目","35.447333","140.112114","0","3"
"12","千葉県","12219","市原市","122190089003","光風台三丁目","35.447258","140.105879","0","3"
"12","千葉県","12219","市原市","122190089004","光風台四丁目","35.447306","140.101456","0","3"
"12","千葉県","12219","市原市","122190089005","光風台五丁目","35.450842","140.104457","0","3"
"12","千葉県","12219","市原市","122190090000","小折","35.484489","140.101259","0","1"
"12","千葉県","12219","市原市","122190091000","郡本","35.520640","140.108455","0","1"
"12","千葉県","12219","市原市","122190092001","郡本一丁目","35.512343","140.119156","0","3"
"12","千葉県","12219","市原市","122190092002","郡本二丁目","35.512160","140.126147","0","3"
"12","千葉県","12219","市原市","122190092003","郡本三丁目","35.513716","140.123333","0","3"
"12","千葉県","12219","市原市","122190092004","郡本四丁目","35.514359","140.120126","0","3"
"12","千葉県","12219","市原市","122190092005","郡本五丁目","35.516533","140.121806","0","3"
"12","千葉県","12219","市原市","122190092006","郡本六丁目","35.518044","140.114914","0","3"
"12","千葉県","12219","市原市","122190093000","小草畑","35.314515","140.191022","0","1"
"12","千葉県","12219","市原市","122190094001","国分寺台中央一丁目","35.497688","140.116024","0","3"
"12","千葉県","12219","市原市","122190094002","国分寺台中央二丁目","35.498797","140.120737","0","3"
"12","千葉県","12219","市原市","122190094003","国分寺台中央三丁目","35.499940","140.118301","0","3"
"12","千葉県","12219","市原市","122190094004","国分寺台中央四丁目","35.501872","140.119618","0","3"
"12","千葉県","12219","市原市","122190094005","国分寺台中央五丁目","35.503734","140.118882","0","3"
"12","千葉県","12219","市原市","122190094006","国分寺台中央六丁目","35.502617","140.115419","0","3"
"12","千葉県","12219","市原市","122190094007","国分寺台中央七丁目","35.500365","140.113310","0","3"
"12","千葉県","12219","市原市","122190095000","国本","35.284929","140.162408","0","1"
"12","千葉県","12219","市原市","122190096000","古敷谷","35.325929","140.168423","0","1"
"12","千葉県","12219","市原市","122190097000","五所","35.531584","140.110847","0","1"
"12","千葉県","12219","市原市","122190098000","古都辺","35.490484","140.203009","0","1"
"12","千葉県","12219","市原市","122190099000","駒込","35.365500","140.148195","0","1"
"12","千葉県","12219","市原市","122190100000","小谷田","35.339542","140.157433","0","1"
"12","千葉県","12219","市原市","122190101000","権現堂","35.481781","140.111917","0","1"
"12","千葉県","12219","市原市","122190102000","金剛地","35.492878","140.237712","0","1"
"12","千葉県","12219","市原市","122190103000","西広","35.487315","140.113413","0","1"
"12","千葉県","12219","市原市","122190104001","西広一丁目","35.490275","140.113128","0","3"
"12","千葉県","12219","市原市","122190104002","西広二丁目","35.488988","140.112621","0","3"
"12","千葉県","12219","市原市","122190104003","西広三丁目","35.488838","140.120567","0","3"
"12","千葉県","12219","市原市","122190104004","西広四丁目","35.489711","140.117732","0","3"
"12","千葉県","12219","市原市","122190104005","西広五丁目","35.490448","140.121263","0","3"
"12","千葉県","12219","市原市","122190104006","西広六丁目","35.487711","140.123976","0","3"
"12","千葉県","12219","市原市","122190105001","桜台一丁目","35.443759","140.049266","0","3"
"12","千葉県","12219","市原市","122190105002","桜台二丁目","35.440416","140.044882","0","3"
"12","千葉県","12219","市原市","122190105003","桜台三丁目","35.440559","140.048954","0","3"
"12","千葉県","12219","市原市","122190105004","桜台四丁目","35.439529","140.052271","0","3"
"12","千葉県","12219","市原市","122190106000","佐是","35.408244","140.126745","0","1"
"12","千葉県","12219","市原市","122190107001","更級一丁目","35.508141","140.097151","0","3"
"12","千葉県","12219","市原市","122190107002","更級二丁目","35.505467","140.100658","0","3"
"12","千葉県","12219","市原市","122190107003","更級三丁目","35.506514","140.103448","0","3"
"12","千葉県","12219","市原市","122190107004","更級四丁目","35.508606","140.101298","0","3"
"12","千葉県","12219","市原市","122190107005","更級五丁目","35.510621","140.099108","0","3"
"12","千葉県","12219","市原市","122190108000","椎津","35.459493","140.036652","0","1"
"12","千葉県","12219","市原市","122190109001","椎の木台一丁目","35.443927","140.042791","0","3"
"12","千葉県","12219","市原市","122190109002","椎の木台二丁目","35.446224","140.043512","0","3"
"12","千葉県","12219","市原市","122190110000","島田","35.398596","140.179631","0","1"
"12","千葉県","12219","市原市","122190111000","島野","35.496446","140.072546","0","1"
"12","千葉県","12219","市原市","122190112000","下野","35.512985","140.184278","0","1"
"12","千葉県","12219","市原市","122190113000","下矢田","35.386790","140.153210","0","1"
"12","千葉県","12219","市原市","122190114000","十五沢","35.477775","140.099392","0","1"
"12","千葉県","12219","市原市","122190115000","宿","35.411685","140.169559","0","1"
"12","千葉県","12219","市原市","122190116000","白塚","35.488897","140.064664","0","1"
"12","千葉県","12219","市原市","122190117001","白金町一丁目","35.527832","140.105328","0","3"
"12","千葉県","12219","市原市","122190117002","白金町二丁目","35.529630","140.104746","0","3"
"12","千葉県","12219","市原市","122190117003","白金町三丁目","35.525788","140.102095","0","3"
"12","千葉県","12219","市原市","122190117004","白金町四丁目","35.527703","140.100317","0","3"
"12","千葉県","12219","市原市","122190117005","白金町五丁目","35.524508","140.099556","0","3"
"12","千葉県","12219","市原市","122190117006","白金町六丁目","35.526108","140.099247","0","3"
"12","千葉県","12219","市原市","122190118000","真ケ谷","35.406589","140.162867","0","1"
"12","千葉県","12219","市原市","122190119000","菅野","35.292734","140.120884","0","1"
"12","千葉県","12219","市原市","122190120001","諏訪一丁目","35.491293","140.108590","0","3"
"12","千葉県","12219","市原市","122190120002","諏訪二丁目","35.490364","140.106748","0","3"
"12","千葉県","12219","市原市","122190121000","瀬又","35.531099","140.216044","0","1"
"12","千葉県","12219","市原市","122190122000","惣社","35.496149","140.104703","0","1"
"12","千葉県","12219","市原市","122190123001","惣社一丁目","35.495841","140.112605","0","3"
"12","千葉県","12219","市原市","122190123002","惣社二丁目","35.498867","140.111309","0","3"
"12","千葉県","12219","市原市","122190123003","惣社三丁目","35.499982","140.109170","0","3"
"12","千葉県","12219","市原市","122190123004","惣社四丁目","35.497319","140.108669","0","3"
"12","千葉県","12219","市原市","122190123005","惣社五丁目","35.493351","140.108828","0","3"
"12","千葉県","12219","市原市","122190124000","高倉","35.511620","140.222866","0","1"
"12","千葉県","12219","市原市","122190125000","高田","35.521107","140.216445","0","1"
"12","千葉県","12219","市原市","122190126000","高滝","35.351828","140.161634","0","1"
"12","千葉県","12219","市原市","122190127000","滝口","35.474010","140.180945","0","1"
"12","千葉県","12219","市原市","122190128000","武士","35.463604","140.151258","0","1"
"12","千葉県","12219","市原市","122190129001","辰巳台西一丁目","35.521486","140.149335","0","3"
"12","千葉県","12219","市原市","122190129002","辰巳台西二丁目","35.518848","140.146637","0","3"
"12","千葉県","12219","市原市","122190129003","辰巳台西三丁目","35.522172","140.145290","0","3"
"12","千葉県","12219","市原市","122190129004","辰巳台西四丁目","35.525544","140.148652","0","3"
"12","千葉県","12219","市原市","122190129005","辰巳台西五丁目","35.523650","140.151686","0","3"
"12","千葉県","12219","市原市","122190130001","辰巳台東一丁目","35.518655","140.152869","0","3"
"12","千葉県","12219","市原市","122190130002","辰巳台東二丁目","35.520616","140.156857","0","3"
"12","千葉県","12219","市原市","122190130003","辰巳台東三丁目","35.516617","140.152746","0","3"
"12","千葉県","12219","市原市","122190130004","辰巳台東四丁目","35.513068","140.154205","0","3"
"12","千葉県","12219","市原市","122190130005","辰巳台東五丁目","35.509862","140.152068","0","3"
"12","千葉県","12219","市原市","122190131000","立野","35.443470","140.085031","0","1"
"12","千葉県","12219","市原市","122190132000","田尾","35.368573","140.178980","0","1"
"12","千葉県","12219","市原市","122190133000","田淵","35.299882","140.155069","0","1"
"12","千葉県","12219","市原市","122190134000","田淵旧日竹","35.310113","140.147752","0","1"
"12","千葉県","12219","市原市","122190135000","玉前","35.519101","140.076479","0","1"
"12","千葉県","12219","市原市","122190136001","玉前西一丁目","35.523459","140.069561","0","3"
"12","千葉県","12219","市原市","122190136002","玉前西二丁目","35.521655","140.067882","0","3"
"12","千葉県","12219","市原市","122190136003","玉前西三丁目","35.518925","140.065911","0","3"
"12","千葉県","12219","市原市","122190137000","玉前緑地","35.522545","140.064568","0","1"
"12","千葉県","12219","市原市","122190138001","千種一丁目","35.497238","140.050403","0","3"
"12","千葉県","12219","市原市","122190138002","千種二丁目","35.494006","140.055935","0","3"
"12","千葉県","12219","市原市","122190138003","千種三丁目","35.491839","140.059928","0","3"
"12","千葉県","12219","市原市","122190138004","千種四丁目","35.493353","140.063316","0","3"
"12","千葉県","12219","市原市","122190138005","千種五丁目","35.494378","140.061224","0","3"
"12","千葉県","12219","市原市","122190138006","千種六丁目","35.495500","140.059332","0","3"
"12","千葉県","12219","市原市","122190138007","千種七丁目","35.496896","140.056613","0","3"
"12","千葉県","12219","市原市","122190139000","千種海岸","35.509829","140.051654","0","1"
"12","千葉県","12219","市原市","122190140001","ちはら台西一丁目","35.534091","140.167530","0","3"
"12","千葉県","12219","市原市","122190140002","ちはら台西二丁目","35.533836","140.172130","0","3"
"12","千葉県","12219","市原市","122190140003","ちはら台西三丁目","35.528955","140.171736","0","3"
"12","千葉県","12219","市原市","122190140004","ちはら台西四丁目","35.532566","140.174432","0","3"
"12","千葉県","12219","市原市","122190140005","ちはら台西五丁目","35.529104","140.177845","0","3"
"12","千葉県","12219","市原市","122190140006","ちはら台西六丁目","35.531726","140.180308","0","3"
"12","千葉県","12219","市原市","122190141001","ちはら台東一丁目","35.531606","140.193424","0","3"
"12","千葉県","12219","市原市","122190141002","ちはら台東二丁目","35.534339","140.191440","0","3"
"12","千葉県","12219","市原市","122190141003","ちはら台東三丁目","35.535793","140.188845","0","3"
"12","千葉県","12219","市原市","122190141004","ちはら台東四丁目","35.540099","140.193281","0","3"
"12","千葉県","12219","市原市","122190141005","ちはら台東五丁目","35.536773","140.195161","0","3"
"12","千葉県","12219","市原市","122190141006","ちはら台東六丁目","35.536059","140.198770","0","3"
"12","千葉県","12219","市原市","122190141007","ちはら台東七丁目","35.534187","140.200335","0","3"
"12","千葉県","12219","市原市","122190141008","ちはら台東八丁目","35.539330","140.199326","0","3"
"12","千葉県","12219","市原市","122190141009","ちはら台東九丁目","35.540647","140.195905","0","3"
"12","千葉県","12219","市原市","122190142001","ちはら台南一丁目","35.527043","140.174991","0","3"
"12","千葉県","12219","市原市","122190142002","ちはら台南二丁目","35.525006","140.178589","0","3"
"12","千葉県","12219","市原市","122190142003","ちはら台南三丁目","35.523735","140.184189","0","3"
"12","千葉県","12219","市原市","122190142004","ちはら台南四丁目","35.527593","140.191836","0","3"
"12","千葉県","12219","市原市","122190142005","ちはら台南五丁目","35.528928","140.188849","0","3"
"12","千葉県","12219","市原市","122190142006","ちはら台南六丁目","35.531044","140.185684","0","3"
"12","千葉県","12219","市原市","122190143000","廿五里","35.489525","140.083407","0","1"
"12","千葉県","12219","市原市","122190144000","月崎","35.300378","140.135147","0","1"
"12","千葉県","12219","市原市","122190145000","月出","35.298079","140.184462","0","1"
"12","千葉県","12219","市原市","122190146000","土宇","35.435019","140.132702","0","1"
"12","千葉県","12219","市原市","122190147000","鶴舞","35.382922","140.188603","0","1"
"12","千葉県","12219","市原市","122190148000","出津","35.508495","140.074067","0","1"
"12","千葉県","12219","市原市","122190149001","出津西一丁目","35.518539","140.069076","0","3"
"12","千葉県","12219","市原市","122190150000","寺谷","35.401294","140.108298","0","1"
"12","千葉県","12219","市原市","122190151000","徳氏","35.313030","140.157062","0","1"
"12","千葉県","12219","市原市","122190152000","戸面","35.253427","140.153944","0","1"
"12","千葉県","12219","市原市","122190153000","戸面石神麻生原入会地","35.243863","140.140990","0","1"
"12","千葉県","12219","市原市","122190154000","外部田","35.374819","140.154030","0","1"
"12","千葉県","12219","市原市","122190155000","豊成","35.444354","140.070852","0","1"
"12","千葉県","12219","市原市","122190156000","中","35.392852","140.146018","0","1"
"12","千葉県","12219","市原市","122190157000","中高根","35.434711","140.098047","0","1"
"12","千葉県","12219","市原市","122190158000","中野","35.517936","140.206027","0","1"
"12","千葉県","12219","市原市","122190159000","永吉","35.506772","140.200096","0","1"
"12","千葉県","12219","市原市","122190160000","奈良","35.492576","140.220370","0","1"
"12","千葉県","12219","市原市","122190161000","新堀","35.464420","140.135748","0","1"
"12","千葉県","12219","市原市","122190162000","西国吉","35.393755","140.116490","0","1"
"12","千葉県","12219","市原市","122190163001","西国分寺台一丁目","35.502456","140.111305","0","3"
"12","千葉県","12219","市原市","122190163002","西国分寺台二丁目","35.504406","140.113811","0","3"
"12","千葉県","12219","市原市","122190164000","西五所","35.524759","140.110998","0","1"
"12","千葉県","12219","市原市","122190165000","西野","35.482999","140.105736","0","1"
"12","千葉県","12219","市原市","122190166000","西野谷","35.522660","140.114032","0","1"
"12","千葉県","12219","市原市","122190167000","根田","35.503875","140.103136","0","1"
"12","千葉県","12219","市原市","122190168001","根田一丁目","35.501667","140.108424","0","3"
"12","千葉県","12219","市原市","122190168002","根田二丁目","35.501831","140.104133","0","3"
"12","千葉県","12219","市原市","122190168003","根田三丁目","35.503683","140.106471","0","3"
"12","千葉県","12219","市原市","122190168004","根田四丁目","35.505625","140.108422","0","3"
"12","千葉県","12219","市原市","122190169000","能満","35.503281","140.138328","0","1"
"12","千葉県","12219","市原市","122190170000","野毛","35.492921","140.078588","0","1"
"12","千葉県","12219","市原市","122190171000","葉木","35.481513","140.170483","0","1"
"12","千葉県","12219","市原市","122190172000","畑木","35.471325","140.065369","0","1"
"12","千葉県","12219","市原市","122190173000","原田","35.399298","140.171606","0","1"
"12","千葉県","12219","市原市","122190174000","番場","35.523543","140.190820","0","1"
"12","千葉県","12219","市原市","122190175000","東国吉","35.505108","140.216152","0","1"
"12","千葉県","12219","市原市","122190176001","東国分寺台一丁目","35.494882","140.118587","0","3"
"12","千葉県","12219","市原市","122190176002","東国分寺台二丁目","35.493448","140.120361","0","3"
"12","千葉県","12219","市原市","122190176003","東国分寺台三丁目","35.491613","140.122781","0","3"
"12","千葉県","12219","市原市","122190176004","東国分寺台四丁目","35.493661","140.123162","0","3"
"12","千葉県","12219","市原市","122190176005","東国分寺台五丁目","35.496710","140.121529","0","3"
"12","千葉県","12219","市原市","122190177000","東五所","35.527458","140.112821","0","1"
"12","千葉県","12219","市原市","122190178000","引田","35.457276","140.097225","0","1"
"12","千葉県","12219","市原市","122190179000","櫃狭","35.432690","140.144556","0","1"
"12","千葉県","12219","市原市","122190180000","平田","35.506170","140.091856","0","1"
"12","千葉県","12219","市原市","122190181000","平野","35.333412","140.141354","0","1"
"12","千葉県","12219","市原市","122190182000","深城","35.437349","140.063784","0","1"
"12","千葉県","12219","市原市","122190183000","福増","35.475062","140.139383","0","1"
"12","千葉県","12219","市原市","122190184000","藤井","35.516867","140.103997","0","1"
"12","千葉県","12219","市原市","122190185001","藤井一丁目","35.506509","140.123790","0","3"
"12","千葉県","12219","市原市","122190185002","藤井二丁目","35.509606","140.121685","0","3"
"12","千葉県","12219","市原市","122190185003","藤井三丁目","35.505703","140.125905","0","3"
"12","千葉県","12219","市原市","122190185004","藤井四丁目","35.513117","140.113960","0","3"
"12","千葉県","12219","市原市","122190186000","二日市場","35.444681","140.123132","0","1"
"12","千葉県","12219","市原市","122190187000","不入","35.360097","140.171585","0","1"
"12","千葉県","12219","市原市","122190188000","古市場","35.543748","140.142164","0","1"
"12","千葉県","12219","市原市","122190189000","平蔵","35.343096","140.201282","0","1"
"12","千葉県","12219","市原市","122190190000","奉免","35.410693","140.147806","0","1"
"12","千葉県","12219","市原市","122190191000","堀越","35.410229","140.178483","0","1"
"12","千葉県","12219","市原市","122190192000","本郷","35.337334","140.137851","0","1"
"12","千葉県","12219","市原市","122190193000","町田","35.484356","140.084903","0","1"
"12","千葉県","12219","市原市","122190194000","松ケ島","35.507315","140.068459","0","1"
"12","千葉県","12219","市原市","122190195001","松ケ島一丁目","35.509957","140.066221","0","3"
"12","千葉県","12219","市原市","122190195002","松ケ島二丁目","35.508109","140.064777","0","3"
"12","千葉県","12219","市原市","122190196001","松ケ島西一丁目","35.516828","140.065365","0","3"
"12","千葉県","12219","市原市","122190197000","松ケ島緑地","35.517995","140.062482","0","1"
"12","千葉県","12219","市原市","122190198000","松崎","35.443552","140.143206","0","1"
"12","千葉県","12219","市原市","122190199000","万田野","35.325471","140.119864","0","1"
"12","千葉県","12219","市原市","122190200000","水沢","35.372709","140.193621","0","1"
"12","千葉県","12219","市原市","122190201000","南岩崎","35.412391","140.106462","0","1"
"12","千葉県","12219","市原市","122190202001","南国分寺台一丁目","35.494260","140.114150","0","3"
"12","千葉県","12219","市原市","122190202002","南国分寺台二丁目","35.492377","140.110815","0","3"
"12","千葉県","12219","市原市","122190202003","南国分寺台三丁目","35.491939","140.114471","0","3"
"12","千葉県","12219","市原市","122190202004","南国分寺台四丁目","35.491720","140.119005","0","3"
"12","千葉県","12219","市原市","122190202005","南国分寺台五丁目","35.493254","140.116372","0","3"
"12","千葉県","12219","市原市","122190203000","皆吉","35.388087","140.132749","0","1"
"12","千葉県","12219","市原市","122190204000","宮原","35.474111","140.096115","0","1"
"12","千葉県","12219","市原市","122190205000","妙香","35.415499","140.137416","0","1"
"12","千葉県","12219","市原市","122190206000","迎田","35.459779","140.058099","0","1"
"12","千葉県","12219","市原市","122190207000","村上","35.495646","140.097835","0","1"
"12","千葉県","12219","市原市","122190208000","茂呂町","35.536846","140.164351","0","1"
"12","千葉県","12219","市原市","122190209000","門前","35.517406","140.129495","0","1"
"12","千葉県","12219","市原市","122190210001","門前一丁目","35.518496","140.122758","0","3"
"12","千葉県","12219","市原市","122190210002","門前二丁目","35.517323","140.126962","0","3"
"12","千葉県","12219","市原市","122190211000","矢田","35.380756","140.160737","0","1"
"12","千葉県","12219","市原市","122190212000","柳川","35.282368","140.129107","0","1"
"12","千葉県","12219","市原市","122190213000","柳原","35.484956","140.094090","0","1"
"12","千葉県","12219","市原市","122190214000","藪","35.380305","140.143877","0","1"
"12","千葉県","12219","市原市","122190215000","山木","35.517876","140.143238","0","1"
"12","千葉県","12219","市原市","122190216000","山口","35.355516","140.131119","0","1"
"12","千葉県","12219","市原市","122190217000","山倉","35.487623","140.132143","0","1"
"12","千葉県","12219","市原市","122190218000","山小川","35.355723","140.184104","0","1"
"12","千葉県","12219","市原市","122190219000","山田","35.456169","140.122765","0","1"
"12","千葉県","12219","市原市","122190220000","山田橋","35.496467","140.126614","0","1"
"12","千葉県","12219","市原市","122190221001","山田橋一丁目","35.500193","140.123247","0","3"
"12","千葉県","12219","市原市","122190221002","山田橋二丁目","35.503403","140.122309","0","3"
"12","千葉県","12219","市原市","122190221003","山田橋三丁目","35.504925","140.123108","0","3"
"12","千葉県","12219","市原市","122190222000","山之郷飛地","35.489553","140.210336","0","1"
"12","千葉県","12219","市原市","122190223000","八幡","35.536059","140.122646","0","1"
"12","千葉県","12219","市原市","122190224001","八幡石塚一丁目","35.540707","140.128500","0","3"
"12","千葉県","12219","市原市","122190224002","八幡石塚二丁目","35.543506","140.130426","0","3"
"12","千葉県","12219","市原市","122190225001","八幡浦一丁目","35.547392","140.120331","0","3"
"12","千葉県","12219","市原市","122190225002","八幡浦二丁目","35.549717","140.119871","0","3"
"12","千葉県","12219","市原市","122190226000","八幡海岸通","35.541546","140.104536","0","1"
"12","千葉県","12219","市原市","122190227001","八幡北町一丁目","35.543076","140.120408","0","3"
"12","千葉県","12219","市原市","122190227002","八幡北町二丁目","35.544662","140.122096","0","3"
"12","千葉県","12219","市原市","122190227003","八幡北町三丁目","35.546636","140.123589","0","3"
"12","千葉県","12219","市原市","122190228001","有秋台西一丁目","35.452508","140.050966","0","3"
"12","千葉県","12219","市原市","122190228002","有秋台西二丁目","35.445775","140.053035","0","3"
"12","千葉県","12219","市原市","122190229001","有秋台東一丁目","35.455163","140.053058","0","3"
"12","千葉県","12219","市原市","122190229002","有秋台東二丁目","35.451782","140.054228","0","3"
"12","千葉県","12219","市原市","122190229003","有秋台東三丁目","35.446436","140.056254","0","3"
"12","千葉県","12219","市原市","122190230000","養老","35.352290","140.143715","0","1"
"12","千葉県","12219","市原市","122190231000","米沢","35.404378","140.155350","0","1"
"12","千葉県","12219","市原市","122190232000","米原","35.316472","140.211603","0","1"
"12","千葉県","12219","市原市","122190233001","若宮一丁目","35.524534","140.134493","0","3"
"12","千葉県","12219","市原市","122190233002","若宮二丁目","35.526284","140.131174","0","3"
"12","千葉県","12219","市原市","122190233003","若宮三丁目","35.526928","140.134440","0","3"
"12","千葉県","12219","市原市","122190233004","若宮四丁目","35.525813","140.137167","0","3"
"12","千葉県","12219","市原市","122190233005","若宮五丁目","35.529699","140.136732","0","3"
"12","千葉県","12219","市原市","122190233006","若宮六丁目","35.530956","140.135506","0","3"
"12","千葉県","12219","市原市","122190233007","若宮七丁目","35.531272","140.134160","0","3"
"12","千葉県","12219","市原市","122190234000","分目","35.470272","140.103510","0","1"
"12","千葉県","12219","市原市","122190235000","姉崎","35.479267","140.049923","0","1"
"12","千葉県","12219","市原市","122190236001","姉崎東一丁目","35.478107","140.043997","0","3"
"12","千葉県","12219","市原市","122190236002","姉崎東二丁目","35.475202","140.043084","0","3"
"12","千葉県","12219","市原市","122190236003","姉崎東三丁目","35.477037","140.041242","0","3"
"12","千葉県","12219","市原市","122190237000","潤井戸","35.519583","140.172236","0","1"
"12","千葉県","12219","市原市","122190238000","神崎","35.508814","140.158226","0","1"
"12","千葉県","12219","市原市","122190239001","うるいど南一丁目","35.510139","140.164923","0","3"
"12","千葉県","12219","市原市","122190239002","うるいど南二丁目","35.511178","140.171091","0","3"
"12","千葉県","12219","市原市","122190239003","うるいど南三丁目","35.508723","140.169389","0","3"
"12","千葉県","12219","市原市","122190239004","うるいど南四丁目","35.504204","140.173643","0","3"
"12","千葉県","12219","市原市","122190239005","うるいど南五丁目","35.501352","140.176009","0","3"
"12","千葉県","12219","市原市","122190239006","うるいど南六丁目","35.499940","140.175443","0","3"
"12","千葉県","12219","市原市","122190239007","うるいど南七丁目","35.506210","140.167504","0","3"
"12","千葉県","12219","市原市","122190240001","五井中央南一丁目","35.511967","140.082588","1","3"
"12","千葉県","12220","流山市","122200059001 ","おおたかの森西一丁目","35.871044","139.920245","1","3"
"12","千葉県","12220","流山市","122200059002 ","おおたかの森西二丁目","35.866416","139.917681","1","3"
"12","千葉県","12220","流山市","122200059003 ","おおたかの森西三丁目","35.871877","139.915291","1","3"
"12","千葉県","12220","流山市","122200059004 ","おおたかの森西四丁目","35.874408","139.919557","1","3"
"12","千葉県","12220","流山市","122200061001 ","おおたかの森東一丁目","35.871840","139.926956","1","3"
"12","千葉県","12220","流山市","122200061002 ","おおたかの森東二丁目","35.875716","139.930696","1","3"
"12","千葉県","12220","流山市","122200061003 ","おおたかの森東三丁目","35.872942","139.936142","1","3"
"12","千葉県","12220","流山市","122200061004 ","おおたかの森東四丁目","35.870898","139.931391","1","3"
"12","千葉県","12220","流山市","122200058001 ","おおたかの森南一丁目","35.868723","139.924885","1","3"
"12","千葉県","12220","流山市","122200058002 ","おおたかの森南二丁目","35.864214","139.922404","1","3"
"12","千葉県","12220","流山市","122200058003 ","おおたかの森南三丁目","35.864829","139.919280","1","3"
"12","千葉県","12220","流山市","122200060001 ","おおたかの森北一丁目","35.874390","139.926043","1","3"
"12","千葉県","12220","流山市","122200060002 ","おおたかの森北二丁目","35.877605","139.922582","1","3"
"12","千葉県","12220","流山市","122200060003 ","おおたかの森北三丁目","35.878593","139.928568","1","3"
"12","千葉県","12220","流山市","122200030000 ","こうのす台","35.908354","139.918457","0","1"
"12","千葉県","12220","流山市","122200029001 ","加一丁目","35.859537","139.904286","0","3"
"12","千葉県","12220","流山市","122200029002 ","加二丁目","35.858865","139.909182","0","3"
"12","千葉県","12220","流山市","122200029003 ","加三丁目","35.861171","139.909469","0","3"
"12","千葉県","12220","流山市","122200029004 ","加四丁目","35.863018","139.904520","0","3"
"12","千葉県","12220","流山市","122200029005 ","加五丁目","35.863119","139.901540","0","3"
"12","千葉県","12220","流山市","122200029006 ","加六丁目","35.859642","139.900113","0","3"
"12","千葉県","12220","流山市","122200054001 ","宮園一丁目","35.843823","139.912646","0","3"
"12","千葉県","12220","流山市","122200054002 ","宮園二丁目","35.845706","139.915046","0","3"
"12","千葉県","12220","流山市","122200054003 ","宮園三丁目","35.848147","139.918528","0","3"
"12","千葉県","12220","流山市","122200031000 ","駒木","35.873430","139.939732","1","1"
"12","千葉県","12220","流山市","122200032000 ","駒木台","35.892938","139.929728","0","1"
"12","千葉県","12220","流山市","122200046000 ","古間木","35.855386","139.925893","0","1"
"12","千葉県","12220","流山市","122200003000 ","後平井","35.857608","139.915881","0","1"
"12","千葉県","12220","流山市","122200056001 ","向小金一丁目","35.842839","139.948289","0","3"
"12","千葉県","12220","流山市","122200056002 ","向小金二丁目","35.839896","139.946703","0","3"
"12","千葉県","12220","流山市","122200056003 ","向小金三丁目","35.837929","139.951098","0","3"
"12","千葉県","12220","流山市","122200056004 ","向小金四丁目","35.835556","139.954754","0","3"
"12","千葉県","12220","流山市","122200004001 ","江戸川台西一丁目","35.900328","139.907962","0","3"
"12","千葉県","12220","流山市","122200004002 ","江戸川台西二丁目","35.896026","139.909293","0","3"
"12","千葉県","12220","流山市","122200004003 ","江戸川台西三丁目","35.892574","139.911187","0","3"
"12","千葉県","12220","流山市","122200004004 ","江戸川台西四丁目","35.892038","139.907837","0","3"
"12","千葉県","12220","流山市","122200005001 ","江戸川台東一丁目","35.896043","139.912722","0","3"
"12","千葉県","12220","流山市","122200005002 ","江戸川台東二丁目","35.900341","139.910425","0","3"
"12","千葉県","12220","流山市","122200005003 ","江戸川台東三丁目","35.900825","139.915387","0","3"
"12","千葉県","12220","流山市","122200005004 ","江戸川台東四丁目","35.904051","139.910971","0","3"
"12","千葉県","12220","流山市","122200055001 ","三輪野山一丁目","35.865221","139.903294","0","3"
"12","千葉県","12220","流山市","122200055002 ","三輪野山二丁目","35.864362","139.909091","0","3"
"12","千葉県","12220","流山市","122200055003 ","三輪野山三丁目","35.867699","139.907691","0","3"
"12","千葉県","12220","流山市","122200055004 ","三輪野山四丁目","35.866637","139.911623","0","3"
"12","千葉県","12220","流山市","122200055005 ","三輪野山五丁目","35.869374","139.906750","0","3"
"12","千葉県","12220","流山市","122200002000 ","市野谷","35.862775","139.918387","1","1"
"12","千葉県","12220","流山市","122200028000 ","思井","35.847493","139.912933","0","1"
"12","千葉県","12220","流山市","122200064001 ","思井一丁目","35.845003","139.911137","3","3"
"12","千葉県","12220","流山市","122200033000 ","芝崎","35.851542","139.925419","0","1"
"12","千葉県","12220","流山市","122200057000 ","若葉台","35.881905","139.909113","0","1"
"12","千葉県","12220","流山市","122200050001 ","松ケ丘一丁目","35.848307","139.951680","0","3"
"12","千葉県","12220","流山市","122200050002 ","松ケ丘二丁目","35.847401","139.949102","0","3"
"12","千葉県","12220","流山市","122200050003 ","松ケ丘三丁目","35.843582","139.946268","0","3"
"12","千葉県","12220","流山市","122200050004 ","松ケ丘四丁目","35.847413","139.946732","0","3"
"12","千葉県","12220","流山市","122200050005 ","松ケ丘五丁目","35.852162","139.947470","0","3"
"12","千葉県","12220","流山市","122200050006 ","松ケ丘六丁目","35.854266","139.945863","0","3"
"12","千葉県","12220","流山市","122200039001 ","西初石一丁目","35.889675","139.912049","0","3"
"12","千葉県","12220","流山市","122200039002 ","西初石二丁目","35.886751","139.913279","0","3"
"12","千葉県","12220","流山市","122200039003 ","西初石三丁目","35.882888","139.914577","0","3"
"12","千葉県","12220","流山市","122200039004 ","西初石四丁目","35.879645","139.915553","0","3"
"12","千葉県","12220","流山市","122200039005 ","西初石五丁目","35.876026","139.915850","1","3"
"12","千葉県","12220","流山市","122200040001 ","西松ケ丘一丁目","35.845832","139.944591","0","3"
"12","千葉県","12220","流山市","122200062001 ","西平井一丁目","35.849730","139.907799","3","3"
"12","千葉県","12220","流山市","122200062002 ","西平井二丁目","35.846628","139.908597","3","3"
"12","千葉県","12220","流山市","122200062003 ","西平井三丁目","35.847818","139.905355","3","3"
"12","千葉県","12220","流山市","122200001000 ","青田","35.898702","139.924740","0","1"
"12","千葉県","12220","流山市","122200048000 ","前ケ崎","35.843542","139.934392","0","1"
"12","千葉県","12220","流山市","122200049000 ","前平井","35.854197","139.915001","0","1"
"12","千葉県","12220","流山市","122200015000 ","大字下花輪","35.872354","139.901372","0","1"
"12","千葉県","12220","流山市","122200007000 ","大字加","35.857373","139.912578","0","1"
"12","千葉県","12220","流山市","122200013000 ","大字桐ケ谷","35.874402","139.906721","0","1"
"12","千葉県","12220","流山市","122200027000 ","大字三輪野山","35.868658","139.913748","0","1"
"12","千葉県","12220","流山市","122200014000 ","大字小屋","35.891238","139.893891","0","1"
"12","千葉県","12220","流山市","122200008000 ","大字上貝塚","35.879662","139.907158","0","1"
"12","千葉県","12220","流山市","122200009000 ","大字上新宿","35.885797","139.907923","0","1"
"12","千葉県","12220","流山市","122200010000 ","大字上新宿新田","35.887373","139.893693","0","1"
"12","千葉県","12220","流山市","122200025000 ","大字深井新田","35.908478","139.879834","0","1"
"12","千葉県","12220","流山市","122200020000 ","大字西深井","35.911118","139.891704","0","1"
"12","千葉県","12220","流山市","122200019000 ","大字西平井","35.846740","139.902701","3","1"
"12","千葉県","12220","流山市","122200006000 ","大字大畔","35.875370","139.912357","0","1"
"12","千葉県","12220","流山市","122200016000 ","大字谷","35.880268","139.897062","0","1"
"12","千葉県","12220","流山市","122200017000 ","大字中野久木","35.894952","139.898140","0","1"
"12","千葉県","12220","流山市","122200021000 ","大字東深井","35.910772","139.910726","0","1"
"12","千葉県","12220","流山市","122200026000 ","大字南","35.884783","139.897813","0","1"
"12","千葉県","12220","流山市","122200024000 ","大字鰭ケ崎","35.841674","139.912205","0","1"
"12","千葉県","12220","流山市","122200022000 ","大字平方","35.901164","139.893236","0","1"
"12","千葉県","12220","流山市","122200023000 ","大字平方村新田","35.900002","139.885378","0","1"
"12","千葉県","12220","流山市","122200012000 ","大字北","35.890244","139.897911","0","1"
"12","千葉県","12220","流山市","122200011000 ","大字木","35.834625","139.890473","1","1"
"12","千葉県","12220","流山市","122200018000 ","大字流山","35.833641","139.902750","0","1"
"12","千葉県","12220","流山市","122200035000 ","中","35.851358","139.916953","0","1"
"12","千葉県","12220","流山市","122200036001 ","長崎一丁目","35.862858","139.933125","0","3"
"12","千葉県","12220","流山市","122200036002 ","長崎二丁目","35.861004","139.931626","0","3"
"12","千葉県","12220","流山市","122200042001 ","東初石一丁目","35.891863","139.916050","0","3"
"12","千葉県","12220","流山市","122200042002 ","東初石二丁目","35.888387","139.918222","0","3"
"12","千葉県","12220","流山市","122200042003 ","東初石三丁目","35.882511","139.922357","0","3"
"12","千葉県","12220","流山市","122200042004 ","東初石四丁目","35.884787","139.923140","0","3"
"12","千葉県","12220","流山市","122200042005 ","東初石五丁目","35.880942","139.922646","1","3"
"12","千葉県","12220","流山市","122200052010","南流山十丁目","35.832842","139.900849","1","3"
"12","千葉県","12220","流山市","122200052001 ","南流山一丁目","35.837896","139.906447","0","3"
"12","千葉県","12220","流山市","122200052002 ","南流山二丁目","35.834429","139.900719","1","3"
"12","千葉県","12220","流山市","122200052003 ","南流山三丁目","35.839324","139.901006","0","3"
"12","千葉県","12220","流山市","122200052004 ","南流山四丁目","35.840871","139.903399","0","3"
"12","千葉県","12220","流山市","122200052005 ","南流山五丁目","35.842813","139.900531","0","3"
"12","千葉県","12220","流山市","122200052006 ","南流山六丁目","35.834594","139.899013","1","3"
"12","千葉県","12220","流山市","122200052007 ","南流山七丁目","35.842858","139.893556","0","3"
"12","千葉県","12220","流山市","122200052008 ","南流山八丁目","35.838668","139.894835","0","3"
"12","千葉県","12220","流山市","122200052009","南流山九丁目","35.832395","139.897598","1","3"
"12","千葉県","12220","流山市","122200053001 ","美原一丁目","35.898491","139.905526","0","3"
"12","千葉県","12220","流山市","122200053002 ","美原二丁目","35.899013","139.902415","0","3"
"12","千葉県","12220","流山市","122200053003 ","美原三丁目","35.902499","139.902152","0","3"
"12","千葉県","12220","流山市","122200053004 ","美原四丁目","35.901905","139.905245","0","3"
"12","千葉県","12220","流山市","122200051000 ","美田","35.883809","139.929681","0","1"
"12","千葉県","12220","流山市","122200043000 ","鰭ケ崎","35.839606","139.908472","0","1"
"12","千葉県","12220","流山市","122200063001 ","鰭ケ崎一丁目","35.842741","139.910488","1","3"
"12","千葉県","12220","流山市","122200063002 ","鰭ケ崎二丁目","35.844799","139.909394","3","3"
"12","千葉県","12220","流山市","122200044000 ","富士見台","35.891142","139.900293","0","1"
"12","千葉県","12220","流山市","122200045001 ","富士見台一丁目","35.891297","139.903578","0","3"
"12","千葉県","12220","流山市","122200045002 ","富士見台二丁目","35.893123","139.903740","0","3"
"12","千葉県","12220","流山市","122200047001 ","平和台一丁目","35.856247","139.903878","0","3"
"12","千葉県","12220","流山市","122200047002 ","平和台二丁目","35.853652","139.903340","0","3"
"12","千葉県","12220","流山市","122200047003 ","平和台三丁目","35.851619","139.902963","0","3"
"12","千葉県","12220","流山市","122200047004 ","平和台四丁目","35.852885","139.908163","0","3"
"12","千葉県","12220","流山市","122200047005 ","平和台五丁目","35.856008","139.908640","0","3"
"12","千葉県","12220","流山市","122200038000 ","名都借","35.847133","139.939513","0","1"
"12","千葉県","12220","流山市","122200065001 ","木一丁目","35.835109","139.892627","1","3"
"12","千葉県","12220","流山市","122200065002","木二丁目","35.830583","139.894290","1","3"
"12","千葉県","12220","流山市","122200065003","木三丁目","35.830296","139.896884","1","3"
"12","千葉県","12220","流山市","122200041001 ","野々下一丁目","35.859825","139.922983","0","3"
"12","千葉県","12220","流山市","122200041002 ","野々下二丁目","35.856583","139.935131","0","3"
"12","千葉県","12220","流山市","122200041003 ","野々下三丁目","35.862381","139.938246","0","3"
"12","千葉県","12220","流山市","122200041004 ","野々下四丁目","35.859253","139.940378","0","3"
"12","千葉県","12220","流山市","122200041005 ","野々下五丁目","35.862109","139.943338","0","3"
"12","千葉県","12220","流山市","122200041006 ","野々下六丁目","35.858849","139.945320","0","3"
"12","千葉県","12220","流山市","122200037001 ","流山一丁目","35.856329","139.901111","0","3"
"12","千葉県","12220","流山市","122200037002 ","流山二丁目","35.855378","139.899321","0","3"
"12","千葉県","12220","流山市","122200037003 ","流山三丁目","35.853550","139.898027","0","3"
"12","千葉県","12220","流山市","122200037004 ","流山四丁目","35.852478","139.900277","0","3"
"12","千葉県","12220","流山市","122200037005 ","流山五丁目","35.851595","139.897474","0","3"
"12","千葉県","12220","流山市","122200037006 ","流山六丁目","35.849964","139.895809","0","3"
"12","千葉県","12220","流山市","122200037007 ","流山七丁目","35.848251","139.894003","0","3"
"12","千葉県","12220","流山市","122200037008 ","流山八丁目","35.846348","139.894597","0","3"
"12","千葉県","12220","流山市","122200037009 ","流山九丁目","35.848940","139.899759","0","3"
"12","千葉県","12221","八千代市","122210001000","神久保","35.771972","140.092925","0","1"
"12","千葉県","12221","八千代市","122210002000","大和田","35.715003","140.105085","0","1"
"12","千葉県","12221","八千代市","122210003000","大和田新田","35.730495","140.090714","0","1"
"12","千葉県","12221","八千代市","122210004000","尾崎","35.743128","140.093111","0","1"
"12","千葉県","12221","八千代市","122210005000","勝田","35.703386","140.125872","0","1"
"12","千葉県","12221","八千代市","122210006001","勝田台一丁目","35.713482","140.125796","0","3"
"12","千葉県","12221","八千代市","122210006002","勝田台二丁目","35.710311","140.126167","0","3"
"12","千葉県","12221","八千代市","122210006003","勝田台三丁目","35.708582","140.128101","0","3"
"12","千葉県","12221","八千代市","122210006004","勝田台四丁目","35.707038","140.130575","0","3"
"12","千葉県","12221","八千代市","122210006005","勝田台五丁目","35.705169","140.132193","0","3"
"12","千葉県","12221","八千代市","122210006006","勝田台六丁目","35.703884","140.135081","0","3"
"12","千葉県","12221","八千代市","122210006007","勝田台七丁目","35.713703","140.130699","0","3"
"12","千葉県","12221","八千代市","122210007001","勝田台北一丁目","35.716277","140.122695","0","3"
"12","千葉県","12221","八千代市","122210007002","勝田台北二丁目","35.717820","140.122555","0","3"
"12","千葉県","12221","八千代市","122210007003","勝田台北三丁目","35.718661","140.127253","0","3"
"12","千葉県","12221","八千代市","122210008001","勝田台南一丁目","35.713429","140.120857","0","3"
"12","千葉県","12221","八千代市","122210008002","勝田台南二丁目","35.710276","140.121579","0","3"
"12","千葉県","12221","八千代市","122210008003","勝田台南三丁目","35.711560","140.117496","0","3"
"12","千葉県","12221","八千代市","122210009000","神野","35.766858","140.129691","0","1"
"12","千葉県","12221","八千代市","122210010000","上高野","35.732643","140.132602","0","1"
"12","千葉県","12221","八千代市","122210011000","萱田","35.734190","140.109593","0","1"
"12","千葉県","12221","八千代市","122210012000","萱田町","35.721030","140.106757","0","1"
"12","千葉県","12221","八千代市","122210013000","桑納","35.755521","140.100338","0","1"
"12","千葉県","12221","八千代市","122210014000","小池","35.778728","140.092264","0","1"
"12","千葉県","12221","八千代市","122210015000","佐山","35.776646","140.113948","0","1"
"12","千葉県","12221","八千代市","122210016000","島田","35.763607","140.101948","0","1"
"12","千葉県","12221","八千代市","122210017000","島田台","35.763768","140.090199","0","1"
"12","千葉県","12221","八千代市","122210018001","下市場一丁目","35.716798","140.118161","0","3"
"12","千葉県","12221","八千代市","122210018002","下市場二丁目","35.717051","140.115299","0","3"
"12","千葉県","12221","八千代市","122210019000","下高野","35.747460","140.136456","0","1"
"12","千葉県","12221","八千代市","122210020000","桑橋","35.751461","140.080884","0","1"
"12","千葉県","12221","八千代市","122210021001","大学町一丁目","35.773258","140.098923","0","3"
"12","千葉県","12221","八千代市","122210021002","大学町二丁目","35.771826","140.101803","0","3"
"12","千葉県","12221","八千代市","122210021003","大学町三丁目","35.773707","140.102603","0","3"
"12","千葉県","12221","八千代市","122210021004","大学町四丁目","35.773417","140.105320","0","3"
"12","千葉県","12221","八千代市","122210021005","大学町五丁目","35.775028","140.107674","0","3"
"12","千葉県","12221","八千代市","122210021006","大学町六丁目","35.775702","140.104450","0","3"
"12","千葉県","12221","八千代市","122210022000","高津","35.712651","140.078349","0","1"
"12","千葉県","12221","八千代市","122210023001","高津東一丁目","35.711922","140.088803","0","3"
"12","千葉県","12221","八千代市","122210023002","高津東二丁目","35.715292","140.090383","0","3"
"12","千葉県","12221","八千代市","122210023003","高津東三丁目","35.716203","140.093833","0","3"
"12","千葉県","12221","八千代市","122210023004","高津東四丁目","35.713996","140.092516","0","3"
"12","千葉県","12221","八千代市","122210024000","平戸","35.771265","140.114179","0","1"
"12","千葉県","12221","八千代市","122210025000","保品","35.758606","140.138168","0","1"
"12","千葉県","12221","八千代市","122210026000","堀の内","35.771194","140.133192","0","1"
"12","千葉県","12221","八千代市","122210027000","真木野","35.776541","140.099135","0","1"
"12","千葉県","12221","八千代市","122210028001","緑が丘一丁目","35.730675","140.076559","0","3"
"12","千葉県","12221","八千代市","122210028002","緑が丘二丁目","35.725406","140.071748","0","3"
"12","千葉県","12221","八千代市","122210028003","緑が丘三丁目","35.727209","140.075830","0","3"
"12","千葉県","12221","八千代市","122210028004","緑が丘四丁目","35.727973","140.077712","0","3"
"12","千葉県","12221","八千代市","122210028005","緑が丘五丁目","35.730743","140.081562","0","3"
"12","千葉県","12221","八千代市","122210029000","麦丸","35.746414","140.102716","0","1"
"12","千葉県","12221","八千代市","122210030000","村上","35.728399","140.119400","0","1"
"12","千葉県","12221","八千代市","122210031001","村上南一丁目","35.723137","140.119017","0","3"
"12","千葉県","12221","八千代市","122210031002","村上南二丁目","35.725861","140.115524","0","3"
"12","千葉県","12221","八千代市","122210031003","村上南三丁目","35.721590","140.115421","0","3"
"12","千葉県","12221","八千代市","122210031004","村上南四丁目","35.719247","140.118382","0","3"
"12","千葉県","12221","八千代市","122210031005","村上南五丁目","35.720619","140.121221","0","3"
"12","千葉県","12221","八千代市","122210032001","八千代台北一丁目","35.702449","140.091079","0","3"
"12","千葉県","12221","八千代市","122210032002","八千代台北二丁目","35.703314","140.092201","0","3"
"12","千葉県","12221","八千代市","122210032003","八千代台北三丁目","35.704649","140.092615","0","3"
"12","千葉県","12221","八千代市","122210032004","八千代台北四丁目","35.705656","140.094137","0","3"
"12","千葉県","12221","八千代市","122210032005","八千代台北五丁目","35.704513","140.090414","0","3"
"12","千葉県","12221","八千代市","122210032006","八千代台北六丁目","35.703494","140.088817","0","3"
"12","千葉県","12221","八千代市","122210032007","八千代台北七丁目","35.706330","140.088540","0","3"
"12","千葉県","12221","八千代市","122210032008","八千代台北八丁目","35.706605","140.091346","0","3"
"12","千葉県","12221","八千代市","122210032009","八千代台北九丁目","35.708101","140.089017","0","3"
"12","千葉県","12221","八千代市","122210032010","八千代台北十丁目","35.710536","140.090904","0","3"
"12","千葉県","12221","八千代市","122210032011","八千代台北十一丁目","35.707689","140.094293","0","3"
"12","千葉県","12221","八千代市","122210032012","八千代台北十二丁目","35.708996","140.098509","0","3"
"12","千葉県","12221","八千代市","122210032013","八千代台北十三丁目","35.710401","140.095072","0","3"
"12","千葉県","12221","八千代市","122210032014","八千代台北十四丁目","35.712179","140.096243","0","3"
"12","千葉県","12221","八千代市","122210032015","八千代台北十五丁目","35.710703","140.100946","0","3"
"12","千葉県","12221","八千代市","122210032016","八千代台北十六丁目","35.712282","140.100769","0","3"
"12","千葉県","12221","八千代市","122210032017","八千代台北十七丁目","35.714210","140.097223","0","3"
"12","千葉県","12221","八千代市","122210033001","八千代台西一丁目","35.701373","140.088551","0","3"
"12","千葉県","12221","八千代市","122210033002","八千代台西二丁目","35.701896","140.087111","0","3"
"12","千葉県","12221","八千代市","122210033003","八千代台西三丁目","35.699926","140.086782","0","3"
"12","千葉県","12221","八千代市","122210033004","八千代台西四丁目","35.698547","140.085588","0","3"
"12","千葉県","12221","八千代市","122210033005","八千代台西五丁目","35.699873","140.083894","0","3"
"12","千葉県","12221","八千代市","122210033006","八千代台西六丁目","35.701400","140.085052","0","3"
"12","千葉県","12221","八千代市","122210033007","八千代台西七丁目","35.703406","140.086236","0","3"
"12","千葉県","12221","八千代市","122210033008","八千代台西八丁目","35.699112","140.081105","0","3"
"12","千葉県","12221","八千代市","122210033009","八千代台西九丁目","35.696212","140.082287","0","3"
"12","千葉県","12221","八千代市","122210033010","八千代台西十丁目","35.698089","140.079017","0","3"
"12","千葉県","12221","八千代市","122210034001","八千代台東一丁目","35.701290","140.092874","0","3"
"12","千葉県","12221","八千代市","122210034002","八千代台東二丁目","35.700081","140.096495","0","3"
"12","千葉県","12221","八千代市","122210034003","八千代台東三丁目","35.703394","140.099611","0","3"
"12","千葉県","12221","八千代市","122210034004","八千代台東四丁目","35.704647","140.096717","0","3"
"12","千葉県","12221","八千代市","122210034005","八千代台東五丁目","35.708246","140.101227","0","3"
"12","千葉県","12221","八千代市","122210034006","八千代台東六丁目","35.707493","140.103141","0","3"
"12","千葉県","12221","八千代市","122210035001","八千代台南一丁目","35.698613","140.090509","0","3"
"12","千葉県","12221","八千代市","122210035002","八千代台南二丁目","35.695561","140.092987","0","3"
"12","千葉県","12221","八千代市","122210035003","八千代台南三丁目","35.695836","140.087840","0","3"
"12","千葉県","12221","八千代市","122210036001","ゆりのき台一丁目","35.726831","140.101186","0","3"
"12","千葉県","12221","八千代市","122210036002","ゆりのき台二丁目","35.726026","140.106098","0","3"
"12","千葉県","12221","八千代市","122210036003","ゆりのき台三丁目","35.730894","140.100650","0","3"
"12","千葉県","12221","八千代市","122210036004","ゆりのき台四丁目","35.729228","140.106518","0","3"
"12","千葉県","12221","八千代市","122210036005","ゆりのき台五丁目","35.733178","140.103001","0","3"
"12","千葉県","12221","八千代市","122210036006","ゆりのき台六丁目","35.733678","140.105458","0","3"
"12","千葉県","12221","八千代市","122210036007","ゆりのき台七丁目","35.737356","140.102945","0","3"
"12","千葉県","12221","八千代市","122210036008","ゆりのき台八丁目","35.738108","140.106501","0","3"
"12","千葉県","12221","八千代市","122210037000","吉橋","35.740059","140.078473","0","1"
"12","千葉県","12221","八千代市","122210038000","米本","35.755818","140.116032","0","1"
"12","千葉県","12221","八千代市","122210039001","緑が丘西一丁目","35.730146","140.069284","0","3"
"12","千葉県","12221","八千代市","122210039002","緑が丘西二丁目","35.731764","140.071975","0","3"
"12","千葉県","12221","八千代市","122210039003","緑が丘西三丁目","35.736655","140.071581","0","3"
"12","千葉県","12221","八千代市","122210039004","緑が丘西四丁目","35.736712","140.068912","0","3"
"12","千葉県","12221","八千代市","122210039005","緑が丘西五丁目","35.740159","140.068172","0","3"
"12","千葉県","12221","八千代市","122210039006","緑が丘西六丁目","35.743217","140.069375","0","3"
"12","千葉県","12221","八千代市","122210039007","緑が丘西七丁目","35.741310","140.074058","0","3"
"12","千葉県","12221","八千代市","122210039008","緑が丘西八丁目","35.744167","140.072585","0","3"
"12","千葉県","12222","我孫子市","122220001000","相島","35.849624","140.121055","0","1"
"12","千葉県","12222","我孫子市","122220002000","相島新田","35.845951","140.119869","0","1"
"12","千葉県","12222","我孫子市","122220003000","青山","35.886075","140.056753","0","1"
"12","千葉県","12222","我孫子市","122220004001","青山台一丁目","35.880448","140.046621","0","3"
"12","千葉県","12222","我孫子市","122220004002","青山台二丁目","35.880419","140.049609","0","3"
"12","千葉県","12222","我孫子市","122220004003","青山台三丁目","35.878922","140.046625","0","3"
"12","千葉県","12222","我孫子市","122220004004","青山台四丁目","35.877291","140.049077","0","3"
"12","千葉県","12222","我孫子市","122220005000","我孫子","35.876647","140.025943","0","1"
"12","千葉県","12222","我孫子市","122220006001","我孫子一丁目","35.873779","140.012136","0","3"
"12","千葉県","12222","我孫子市","122220006002","我孫子二丁目","35.874589","140.005456","0","3"
"12","千葉県","12222","我孫子市","122220006003","我孫子三丁目","35.875077","140.002301","0","3"
"12","千葉県","12222","我孫子市","122220006004","我孫子四丁目","35.875866","140.011221","0","3"
"12","千葉県","12222","我孫子市","122220007000","我孫子新田","35.865084","140.011099","0","1"
"12","千葉県","12222","我孫子市","122220008000","新木","35.867605","140.101009","0","1"
"12","千葉県","12222","我孫子市","122220009001","新木野一丁目","35.865687","140.106413","0","3"
"12","千葉県","12222","我孫子市","122220009002","新木野二丁目","35.864314","140.111739","0","3"
"12","千葉県","12222","我孫子市","122220009003","新木野三丁目","35.866133","140.112131","0","3"
"12","千葉県","12222","我孫子市","122220009004","新木野四丁目","35.869002","140.111065","0","3"
"12","千葉県","12222","我孫子市","122220010000","新木村下","35.858377","140.097955","0","1"
"12","千葉県","12222","我孫子市","122220011000","泉","35.870586","140.031388","0","1"
"12","千葉県","12222","我孫子市","122220012000","都部","35.863845","140.061069","0","1"
"12","千葉県","12222","我孫子市","122220013000","都部新田","35.858887","140.069413","0","1"
"12","千葉県","12222","我孫子市","122220014000","都部村新田","35.858973","140.062347","0","1"
"12","千葉県","12222","我孫子市","122220015000","江蔵地","35.868984","140.120579","0","1"
"12","千葉県","12222","我孫子市","122220016000","大作新田","35.855984","140.112663","0","1"
"12","千葉県","12222","我孫子市","122220017000","岡発戸","35.866994","140.054336","0","1"
"12","千葉県","12222","我孫子市","122220018000","岡発戸新田","35.856636","140.053275","0","1"
"12","千葉県","12222","我孫子市","122220019000","上沼田","35.855646","140.070983","0","1"
"12","千葉県","12222","我孫子市","122220020000","久寺家","35.883882","140.018794","0","1"
"12","千葉県","12222","我孫子市","122220021001","久寺家一丁目","35.886231","140.012786","0","3"
"12","千葉県","12222","我孫子市","122220021002","久寺家二丁目","35.886818","140.010829","0","3"
"12","千葉県","12222","我孫子市","122220022000","高野山","35.864765","140.034297","0","1"
"12","千葉県","12222","我孫子市","122220023000","高野山新田","35.859796","140.035339","0","1"
"12","千葉県","12222","我孫子市","122220024001","寿一丁目","35.870389","140.018793","0","3"
"12","千葉県","12222","我孫子市","122220024002","寿二丁目","35.867687","140.023735","0","3"
"12","千葉県","12222","我孫子市","122220025001","湖北台一丁目","35.865716","140.079840","0","3"
"12","千葉県","12222","我孫子市","122220025002","湖北台二丁目","35.861917","140.079060","0","3"
"12","千葉県","12222","我孫子市","122220025003","湖北台三丁目","35.864559","140.077420","0","3"
"12","千葉県","12222","我孫子市","122220025004","湖北台四丁目","35.862544","140.075924","0","3"
"12","千葉県","12222","我孫子市","122220025005","湖北台五丁目","35.860144","140.074840","0","3"
"12","千葉県","12222","我孫子市","122220025006","湖北台六丁目","35.860403","140.069562","0","3"
"12","千葉県","12222","我孫子市","122220025007","湖北台七丁目","35.863406","140.070059","0","3"
"12","千葉県","12222","我孫子市","122220025008","湖北台八丁目","35.866457","140.071466","0","3"
"12","千葉県","12222","我孫子市","122220025009","湖北台九丁目","35.866657","140.067003","0","3"
"12","千葉県","12222","我孫子市","122220025010","湖北台十丁目","35.867303","140.063320","0","3"
"12","千葉県","12222","我孫子市","122220026000","栄","35.871640","140.025387","0","1"
"12","千葉県","12222","我孫子市","122220027000","下ケ戸","35.873334","140.053869","0","1"
"12","千葉県","12222","我孫子市","122220028000","柴崎","35.877203","140.034189","0","1"
"12","千葉県","12222","我孫子市","122220029001","柴崎台一丁目","35.873519","140.040275","0","3"
"12","千葉県","12222","我孫子市","122220029002","柴崎台二丁目","35.875271","140.041963","0","3"
"12","千葉県","12222","我孫子市","122220029003","柴崎台三丁目","35.877891","140.042518","0","3"
"12","千葉県","12222","我孫子市","122220029004","柴崎台四丁目","35.874628","140.045700","0","3"
"12","千葉県","12222","我孫子市","122220029005","柴崎台五丁目","35.874907","140.048144","0","3"
"12","千葉県","12222","我孫子市","122220030000","下沼田","35.852099","140.106138","0","1"
"12","千葉県","12222","我孫子市","122220031000","新々田","35.845812","140.131970","0","1"
"12","千葉県","12222","我孫子市","122220032000","浅間前","35.853290","140.115493","0","1"
"12","千葉県","12222","我孫子市","122220033000","浅間前新田","35.855923","140.118451","0","1"
"12","千葉県","12222","我孫子市","122220034001","台田一丁目","35.873812","140.002154","0","3"
"12","千葉県","12222","我孫子市","122220034002","台田二丁目","35.874591","139.999302","0","3"
"12","千葉県","12222","我孫子市","122220034003","台田三丁目","35.875793","139.997430","0","3"
"12","千葉県","12222","我孫子市","122220034004","台田四丁目","35.875647","139.994571","0","3"
"12","千葉県","12222","我孫子市","122220035000","つくし野","35.884327","140.004191","0","1"
"12","千葉県","12222","我孫子市","122220036001","つくし野一丁目","35.878784","140.013881","0","3"
"12","千葉県","12222","我孫子市","122220036002","つくし野二丁目","35.879099","140.009942","0","3"
"12","千葉県","12222","我孫子市","122220036003","つくし野三丁目","35.880539","140.008527","0","3"
"12","千葉県","12222","我孫子市","122220036004","つくし野四丁目","35.879888","140.006388","0","3"
"12","千葉県","12222","我孫子市","122220036005","つくし野五丁目","35.882612","140.005520","0","3"
"12","千葉県","12222","我孫子市","122220036006","つくし野六丁目","35.880870","140.013832","0","3"
"12","千葉県","12222","我孫子市","122220036007","つくし野七丁目","35.878267","140.018563","0","3"
"12","千葉県","12222","我孫子市","122220037001","天王台一丁目","35.871106","140.041078","0","3"
"12","千葉県","12222","我孫子市","122220037002","天王台二丁目","35.871501","140.044796","0","3"
"12","千葉県","12222","我孫子市","122220037003","天王台三丁目","35.869273","140.041731","0","3"
"12","千葉県","12222","我孫子市","122220037004","天王台四丁目","35.871045","140.037736","0","3"
"12","千葉県","12222","我孫子市","122220037005","天王台五丁目","35.869680","140.035764","0","3"
"12","千葉県","12222","我孫子市","122220037006","天王台六丁目","35.866970","140.041455","0","3"
"12","千葉県","12222","我孫子市","122220038000","中里","35.864358","140.083177","0","1"
"12","千葉県","12222","我孫子市","122220039000","中里新田","35.858255","140.077720","0","1"
"12","千葉県","12222","我孫子市","122220040000","中沼田","35.854913","140.090776","0","1"
"12","千葉県","12222","我孫子市","122220041000","中峠","35.878183","140.093039","0","1"
"12","千葉県","12222","我孫子市","122220042000","中峠台","35.870686","140.071642","0","1"
"12","千葉県","12222","我孫子市","122220043000","中峠村下","35.857654","140.072627","0","1"
"12","千葉県","12222","我孫子市","122220044005","並木五丁目","35.875062","140.016466","0","3"
"12","千葉県","12222","我孫子市","122220044006","並木六丁目","35.875114","140.019053","0","3"
"12","千葉県","12222","我孫子市","122220044007","並木七丁目","35.875158","140.021660","0","3"
"12","千葉県","12222","我孫子市","122220044008","並木八丁目","35.874456","140.024593","0","3"
"12","千葉県","12222","我孫子市","122220044009","並木九丁目","35.875428","140.024987","0","3"
"12","千葉県","12222","我孫子市","122220045000","根戸","35.880877","140.001339","0","1"
"12","千葉県","12222","我孫子市","122220046000","根戸新田","35.868007","140.000087","0","1"
"12","千葉県","12222","我孫子市","122220047001","白山一丁目","35.868304","140.010601","0","3"
"12","千葉県","12222","我孫子市","122220047002","白山二丁目","35.869210","140.007277","0","3"
"12","千葉県","12222","我孫子市","122220047003","白山三丁目","35.869637","140.003939","0","3"
"12","千葉県","12222","我孫子市","122220048001","東我孫子一丁目","35.867234","140.046644","0","3"
"12","千葉県","12222","我孫子市","122220048002","東我孫子二丁目","35.864732","140.043741","0","3"
"12","千葉県","12222","我孫子市","122220049000","日の出","35.880308","140.055948","0","1"
"12","千葉県","12222","我孫子市","122220050000","日秀","35.863458","140.089165","0","1"
"12","千葉県","12222","我孫子市","122220051000","日秀新田","35.858552","140.090233","0","1"
"12","千葉県","12222","我孫子市","122220052000","布佐","35.853093","140.135887","0","1"
"12","千葉県","12222","我孫子市","122220053001","布佐一丁目","35.849501","140.137172","0","3"
"12","千葉県","12222","我孫子市","122220054000","布佐下新田","35.852736","140.123617","0","1"
"12","千葉県","12222","我孫子市","122220055000","布佐酉町","35.845443","140.138734","0","1"
"12","千葉県","12222","我孫子市","122220056001","布佐平和台一丁目","35.850546","140.131874","0","3"
"12","千葉県","12222","我孫子市","122220056002","布佐平和台二丁目","35.854616","140.129621","0","3"
"12","千葉県","12222","我孫子市","122220056003","布佐平和台三丁目","35.853921","140.127464","0","3"
"12","千葉県","12222","我孫子市","122220056004","布佐平和台四丁目","35.857127","140.124665","0","3"
"12","千葉県","12222","我孫子市","122220056005","布佐平和台五丁目","35.858127","140.120471","0","3"
"12","千葉県","12222","我孫子市","122220056006","布佐平和台六丁目","35.859622","140.117451","0","3"
"12","千葉県","12222","我孫子市","122220056007","布佐平和台七丁目","35.858889","140.115317","0","3"
"12","千葉県","12222","我孫子市","122220057000","布施","35.888980","140.015831","0","1"
"12","千葉県","12222","我孫子市","122220058000","布施下","35.893482","140.016544","0","1"
"12","千葉県","12222","我孫子市","122220059001","船戸一丁目","35.870363","140.001541","0","3"
"12","千葉県","12222","我孫子市","122220059002","船戸二丁目","35.871180","139.998509","0","3"
"12","千葉県","12222","我孫子市","122220059003","船戸三丁目","35.872689","139.996737","0","3"
"12","千葉県","12222","我孫子市","122220060000","古戸","35.871699","140.094617","0","1"
"12","千葉県","12222","我孫子市","122220061001","本町一丁目","35.871990","140.008000","0","3"
"12","千葉県","12222","我孫子市","122220061002","本町二丁目","35.871935","140.011319","0","3"
"12","千葉県","12222","我孫子市","122220061003","本町三丁目","35.871847","140.014389","0","3"
"12","千葉県","12222","我孫子市","122220062000","三河屋新田","35.850302","140.127628","0","1"
"12","千葉県","12222","我孫子市","122220063001","緑一丁目","35.868625","140.013737","0","3"
"12","千葉県","12222","我孫子市","122220063002","緑二丁目","35.868232","140.017622","0","3"
"12","千葉県","12222","我孫子市","122220064000","南青山","35.881596","140.046854","0","1"
"12","千葉県","12222","我孫子市","122220065001","南新木一丁目","35.860158","140.109297","0","3"
"12","千葉県","12222","我孫子市","122220065002","南新木二丁目","35.860104","140.106105","0","3"
"12","千葉県","12222","我孫子市","122220065003","南新木三丁目","35.860319","140.102708","0","3"
"12","千葉県","12222","我孫子市","122220065004","南新木四丁目","35.860982","140.098803","0","3"
"12","千葉県","12222","我孫子市","122220066000","都","35.848594","140.140857","0","1"
"12","千葉県","12222","我孫子市","122220067000","呼塚新田","35.870099","139.992544","0","1"
"12","千葉県","12222","我孫子市","122220068000","若松","35.863966","140.020976","0","1"
"12","千葉県","12222","我孫子市","122220069000","弁天下","35.897921","140.030200","0","1"
"12","千葉県","12222","我孫子市","122220070000","北新田","35.889567","140.041357","0","1"
"12","千葉県","12223","鴨川市","122230001000","天津","35.141486","140.161968","0","1"
"12","千葉県","12223","鴨川市","122230002000","天面","35.075747","140.076616","0","1"
"12","千葉県","12223","鴨川市","122230003000","粟斗","35.140720","140.094156","0","1"
"12","千葉県","12223","鴨川市","122230004000","池田","35.137327","140.058215","0","1"
"12","千葉県","12223","鴨川市","122230005000","和泉","35.148556","140.106043","0","1"
"12","千葉県","12223","鴨川市","122230006000","磯村","35.093168","140.105724","0","1"
"12","千葉県","12223","鴨川市","122230007000","内浦","35.145297","140.199704","0","1"
"12","千葉県","12223","鴨川市","122230008000","打墨","35.145271","140.077955","0","1"
"12","千葉県","12223","鴨川市","122230009000","江見青木","35.063042","140.067765","0","1"
"12","千葉県","12223","鴨川市","122230010000","江見内遠野","35.065185","140.046738","0","1"
"12","千葉県","12223","鴨川市","122230011000","江見外堀","35.055129","140.038096","0","1"
"12","千葉県","12223","鴨川市","122230012000","江見太夫崎","35.065232","140.078392","0","1"
"12","千葉県","12223","鴨川市","122230013000","江見西真門","35.055425","140.042531","0","1"
"12","千葉県","12223","鴨川市","122230014000","江見東真門","35.059847","140.039937","0","1"
"12","千葉県","12223","鴨川市","122230015000","江見吉浦","35.061715","140.073588","0","1"
"12","千葉県","12223","鴨川市","122230016000","大川面","35.143648","140.016625","0","1"
"12","千葉県","12223","鴨川市","122230017000","大幡","35.142331","139.994478","0","1"
"12","千葉県","12223","鴨川市","122230018000","大山平塚","35.114668","139.970816","0","1"
"12","千葉県","12223","鴨川市","122230019000","押切","35.124044","140.057889","0","1"
"12","千葉県","12223","鴨川市","122230020000","太田学","35.148787","140.064209","0","1"
"12","千葉県","12223","鴨川市","122230021000","貝渚","35.097794","140.091793","0","1"
"12","千葉県","12223","鴨川市","122230022000","釜沼","35.138392","139.985686","0","1"
"12","千葉県","12223","鴨川市","122230023000","上","35.094997","140.048156","0","1"
"12","千葉県","12223","鴨川市","122230024000","上小原","35.117724","140.040271","0","1"
"12","千葉県","12223","鴨川市","122230025000","川代","35.111806","140.063336","0","1"
"12","千葉県","12223","鴨川市","122230026000","北小町","35.140337","140.047052","0","1"
"12","千葉県","12223","鴨川市","122230027000","京田","35.130800","140.067176","0","1"
"12","千葉県","12223","鴨川市","122230028000","清澄","35.162089","140.153262","0","1"
"12","千葉県","12223","鴨川市","122230029000","金束","35.144921","139.948471","0","1"
"12","千葉県","12223","鴨川市","122230030000","古畑","35.144661","139.970889","0","1"
"12","千葉県","12223","鴨川市","122230031000","小湊","35.116816","140.202993","0","1"
"12","千葉県","12223","鴨川市","122230032000","佐野","35.144855","139.981249","0","1"
"12","千葉県","12223","鴨川市","122230033000","下小原","35.116568","140.054919","0","1"
"12","千葉県","12223","鴨川市","122230034000","主基西","35.111412","140.049109","0","1"
"12","千葉県","12223","鴨川市","122230035000","代","35.087273","140.068254","0","1"
"12","千葉県","12223","鴨川市","122230036000","大里","35.111731","140.083212","0","1"
"12","千葉県","12223","鴨川市","122230037000","竹平","35.126219","140.070616","0","1"
"12","千葉県","12223","鴨川市","122230038000","田原西","35.103356","140.066305","0","1"
"12","千葉県","12223","鴨川市","122230039000","寺門","35.135780","140.005064","0","1"
"12","千葉県","12223","鴨川市","122230040000","仲","35.131218","140.026094","0","1"
"12","千葉県","12223","鴨川市","122230041000","仲町","35.092651","140.058933","0","1"
"12","千葉県","12223","鴨川市","122230042000","北風原","35.137908","139.999920","0","1"
"12","千葉県","12223","鴨川市","122230043000","奈良林","35.142836","139.976530","0","1"
"12","千葉県","12223","鴨川市","122230044000","成川","35.146073","140.031118","0","1"
"12","千葉県","12223","鴨川市","122230045000","西","35.098465","140.012072","0","1"
"12","千葉県","12223","鴨川市","122230046000","西江見","35.064963","140.056851","0","1"
"12","千葉県","12223","鴨川市","122230047000","西町","35.126918","140.115341","0","1"
"12","千葉県","12223","鴨川市","122230048000","西山","35.076686","140.057172","0","1"
"12","千葉県","12223","鴨川市","122230049000","滑谷","35.111376","140.089794","0","1"
"12","千葉県","12223","鴨川市","122230050000","畑","35.087811","140.033364","0","1"
"12","千葉県","12223","鴨川市","122230051000","花房","35.124789","140.093299","0","1"
"12","千葉県","12223","鴨川市","122230052000","浜荻","35.124135","140.141874","0","1"
"12","千葉県","12223","鴨川市","122230053000","坂東","35.122266","140.068772","0","1"
"12","千葉県","12223","鴨川市","122230054000","東","35.100498","140.037018","0","1"
"12","千葉県","12223","鴨川市","122230055000","東江見","35.065723","140.062750","0","1"
"12","千葉県","12223","鴨川市","122230056000","東町","35.141241","140.130518","0","1"
"12","千葉県","12223","鴨川市","122230057000","平塚","35.127762","139.955356","0","1"
"12","千葉県","12223","鴨川市","122230058000","広場","35.116901","140.106203","0","1"
"12","千葉県","12223","鴨川市","122230059000","二子","35.097821","140.068130","0","1"
"12","千葉県","12223","鴨川市","122230060000","太尾","35.114490","140.075878","0","1"
"12","千葉県","12223","鴨川市","122230061000","太海","35.085013","140.090655","0","1"
"12","千葉県","12223","鴨川市","122230062000","太海西","35.089381","140.096398","0","1"
"12","千葉県","12223","鴨川市","122230063000","太海浜","35.077078","140.095721","0","1"
"12","千葉県","12223","鴨川市","122230064000","細野","35.125027","139.998404","0","1"
"12","千葉県","12223","鴨川市","122230065000","前原","35.101496","140.103780","0","1"
"12","千葉県","12223","鴨川市","122230066000","松尾寺","35.129723","140.008952","0","1"
"12","千葉県","12223","鴨川市","122230067000","南小町","35.123032","140.026220","0","1"
"12","千葉県","12223","鴨川市","122230068000","宮","35.088996","140.079503","0","1"
"12","千葉県","12223","鴨川市","122230069000","宮山","35.119974","140.006571","0","1"
"12","千葉県","12223","鴨川市","122230070000","八色","35.116877","140.092815","0","1"
"12","千葉県","12223","鴨川市","122230071000","横尾","35.144704","140.011819","0","1"
"12","千葉県","12223","鴨川市","122230072000","横渚","35.106751","140.102037","0","1"
"12","千葉県","12223","鴨川市","122230073000","吉尾西","35.110536","140.013461","0","1"
"12","千葉県","12223","鴨川市","122230074000","吉尾平塚","35.112614","140.002126","0","1"
"12","千葉県","12223","鴨川市","122230075000","四方木","35.174944","140.137846","0","1"
"12","千葉県","12223","鴨川市","122230076000","来秀","35.104789","140.078669","0","1"
"12","千葉県","12224","鎌ヶ谷市","122240001000","粟野","35.785893","140.009996","0","1"
"12","千葉県","12224","鎌ヶ谷市","122240002000","右京塚","35.763752","140.003412","0","1"
"12","千葉県","12224","鎌ヶ谷市","122240003001","鎌ケ谷一丁目","35.758318","140.014220","0","3"
"12","千葉県","12224","鎌ヶ谷市","122240003002","鎌ケ谷二丁目","35.757698","140.007183","0","3"
"12","千葉県","12224","鎌ヶ谷市","122240003003","鎌ケ谷三丁目","35.756977","140.010421","0","3"
"12","千葉県","12224","鎌ヶ谷市","122240003004","鎌ケ谷四丁目","35.755844","140.013301","0","3"
"12","千葉県","12224","鎌ヶ谷市","122240003005","鎌ケ谷五丁目","35.754594","140.016113","0","3"
"12","千葉県","12224","鎌ヶ谷市","122240003006","鎌ケ谷六丁目","35.751472","140.012614","0","3"
"12","千葉県","12224","鎌ヶ谷市","122240003007","鎌ケ谷七丁目","35.751618","140.010221","0","3"
"12","千葉県","12224","鎌ヶ谷市","122240003008","鎌ケ谷八丁目","35.754357","140.007725","0","3"
"12","千葉県","12224","鎌ヶ谷市","122240003009","鎌ケ谷九丁目","35.751443","140.006313","0","3"
"12","千葉県","12224","鎌ヶ谷市","122240004000","軽井沢","35.790745","140.018412","0","1"
"12","千葉県","12224","鎌ヶ谷市","122240005001","北中沢一丁目","35.775852","139.988859","0","3"
"12","千葉県","12224","鎌ヶ谷市","122240005002","北中沢二丁目","35.771420","139.985629","0","3"
"12","千葉県","12224","鎌ヶ谷市","122240005003","北中沢三丁目","35.774337","139.985066","0","3"
"12","千葉県","12224","鎌ヶ谷市","122240006000","北初富","35.777972","139.990056","0","1"
"12","千葉県","12224","鎌ヶ谷市","122240007000","串崎新田","35.779563","139.989090","0","1"
"12","千葉県","12224","鎌ヶ谷市","122240008001","くぬぎ山一丁目","35.785664","139.972479","0","3"
"12","千葉県","12224","鎌ヶ谷市","122240008002","くぬぎ山二丁目","35.782300","139.970302","0","3"
"12","千葉県","12224","鎌ヶ谷市","122240008003","くぬぎ山三丁目","35.779559","139.970718","0","3"
"12","千葉県","12224","鎌ヶ谷市","122240008004","くぬぎ山四丁目","35.781726","139.973821","0","3"
"12","千葉県","12224","鎌ヶ谷市","122240008005","くぬぎ山五丁目","35.783728","139.978390","0","3"
"12","千葉県","12224","鎌ヶ谷市","122240009000","佐津間","35.796614","140.011926","0","1"
"12","千葉県","12224","鎌ヶ谷市","122240010001","新鎌ケ谷一丁目","35.779468","139.998581","0","3"
"12","千葉県","12224","鎌ヶ谷市","122240010002","新鎌ケ谷二丁目","35.779195","140.000698","0","3"
"12","千葉県","12224","鎌ヶ谷市","122240010003","新鎌ケ谷三丁目","35.777787","140.002302","0","3"
"12","千葉県","12224","鎌ヶ谷市","122240010004","新鎌ケ谷四丁目","35.781995","140.003889","0","3"
"12","千葉県","12224","鎌ヶ谷市","122240011001","中央一丁目","35.774476","140.002320","0","3"
"12","千葉県","12224","鎌ヶ谷市","122240011002","中央二丁目","35.775872","140.004662","0","3"
"12","千葉県","12224","鎌ヶ谷市","122240012001","富岡一丁目","35.769410","139.999650","0","3"
"12","千葉県","12224","鎌ヶ谷市","122240012002","富岡二丁目","35.765712","140.001573","0","3"
"12","千葉県","12224","鎌ヶ谷市","122240012003","富岡三丁目","35.769055","139.996924","0","3"
"12","千葉県","12224","鎌ヶ谷市","122240013001","中佐津間一丁目","35.798895","140.004103","0","3"
"12","千葉県","12224","鎌ヶ谷市","122240013002","中佐津間二丁目","35.800253","140.002133","0","3"
"12","千葉県","12224","鎌ヶ谷市","122240014000","中沢","35.761560","139.984192","0","1"
"12","千葉県","12224","鎌ヶ谷市","122240015000","中沢新町","35.761163","139.991226","0","1"
"12","千葉県","12224","鎌ヶ谷市","122240016001","西佐津間一丁目","35.799671","140.000255","0","3"
"12","千葉県","12224","鎌ヶ谷市","122240016002","西佐津間二丁目","35.799079","139.997692","0","3"
"12","千葉県","12224","鎌ヶ谷市","122240017000","西道野辺","35.752152","139.986100","0","1"
"12","千葉県","12224","鎌ヶ谷市","122240018000","初富","35.782955","139.985791","0","1"
"12","千葉県","12224","鎌ヶ谷市","122240019001","初富本町一丁目","35.774767","139.997916","0","3"
"12","千葉県","12224","鎌ヶ谷市","122240019002","初富本町二丁目","35.772981","139.996361","0","3"
"12","千葉県","12224","鎌ヶ谷市","122240020001","東鎌ケ谷一丁目","35.764056","140.016195","0","3"
"12","千葉県","12224","鎌ヶ谷市","122240020002","東鎌ケ谷二丁目","35.763517","140.019534","0","3"
"12","千葉県","12224","鎌ヶ谷市","122240020003","東鎌ケ谷三丁目","35.762332","140.022177","0","3"
"12","千葉県","12224","鎌ヶ谷市","122240021001","東中沢一丁目","35.773498","139.990406","0","3"
"12","千葉県","12224","鎌ヶ谷市","122240021002","東中沢二丁目","35.771910","139.992896","0","3"
"12","千葉県","12224","鎌ヶ谷市","122240021003","東中沢三丁目","35.766278","139.990223","0","3"
"12","千葉県","12224","鎌ヶ谷市","122240021004","東中沢四丁目","35.768663","139.987687","0","3"
"12","千葉県","12224","鎌ヶ谷市","122240022001","東初富一丁目","35.773633","140.014053","0","3"
"12","千葉県","12224","鎌ヶ谷市","122240022002","東初富二丁目","35.770230","140.011808","0","3"
"12","千葉県","12224","鎌ヶ谷市","122240022003","東初富三丁目","35.768544","140.012746","0","3"
"12","千葉県","12224","鎌ヶ谷市","122240022004","東初富四丁目","35.765701","140.008739","0","3"
"12","千葉県","12224","鎌ヶ谷市","122240022005","東初富五丁目","35.764434","140.013195","0","3"
"12","千葉県","12224","鎌ヶ谷市","122240022006","東初富六丁目","35.761836","140.012106","0","3"
"12","千葉県","12224","鎌ヶ谷市","122240023001","東道野辺一丁目","35.757268","139.993886","0","3"
"12","千葉県","12224","鎌ヶ谷市","122240023002","東道野辺二丁目","35.758780","139.999077","0","3"
"12","千葉県","12224","鎌ヶ谷市","122240023003","東道野辺三丁目","35.754336","139.996849","0","3"
"12","千葉県","12224","鎌ヶ谷市","122240023004","東道野辺四丁目","35.755523","140.002541","0","3"
"12","千葉県","12224","鎌ヶ谷市","122240023005","東道野辺五丁目","35.750668","140.000722","0","3"
"12","千葉県","12224","鎌ヶ谷市","122240023006","東道野辺六丁目","35.749611","140.003221","0","3"
"12","千葉県","12224","鎌ヶ谷市","122240023007","東道野辺七丁目","35.745662","139.998687","0","3"
"12","千葉県","12224","鎌ヶ谷市","122240024000","馬込沢","35.744925","139.988308","0","1"
"12","千葉県","12224","鎌ヶ谷市","122240025001","丸山一丁目","35.761905","140.009591","0","3"
"12","千葉県","12224","鎌ヶ谷市","122240025002","丸山二丁目","35.760973","140.006578","0","3"
"12","千葉県","12224","鎌ヶ谷市","122240025003","丸山三丁目","35.760176","140.003218","0","3"
"12","千葉県","12224","鎌ヶ谷市","122240026000","道野辺","35.755290","139.989299","0","1"
"12","千葉県","12224","鎌ヶ谷市","122240027001","道野辺中央一丁目","35.766448","139.996103","0","3"
"12","千葉県","12224","鎌ヶ谷市","122240027002","道野辺中央二丁目","35.764221","139.995349","0","3"
"12","千葉県","12224","鎌ヶ谷市","122240027003","道野辺中央三丁目","35.765307","139.993236","0","3"
"12","千葉県","12224","鎌ヶ谷市","122240027004","道野辺中央四丁目","35.762555","139.993583","0","3"
"12","千葉県","12224","鎌ヶ谷市","122240027005","道野辺中央五丁目","35.759982","139.993174","0","3"
"12","千葉県","12224","鎌ヶ谷市","122240028001","道野辺本町一丁目","35.764802","139.998556","0","3"
"12","千葉県","12224","鎌ヶ谷市","122240028002","道野辺本町二丁目","35.761514","139.999076","0","3"
"12","千葉県","12224","鎌ヶ谷市","122240029001","南鎌ケ谷一丁目","35.746896","140.002716","0","3"
"12","千葉県","12224","鎌ヶ谷市","122240029002","南鎌ケ谷二丁目","35.747432","140.006442","0","3"
"12","千葉県","12224","鎌ヶ谷市","122240029003","南鎌ケ谷三丁目","35.744993","140.003175","0","3"
"12","千葉県","12224","鎌ヶ谷市","122240029004","南鎌ケ谷四丁目","35.742344","140.006830","0","3"
"12","千葉県","12224","鎌ヶ谷市","122240030000","南佐津間","35.793903","140.001946","0","1"
"12","千葉県","12224","鎌ヶ谷市","122240031001","南初富一丁目","35.777005","140.008256","0","3"
"12","千葉県","12224","鎌ヶ谷市","122240031002","南初富二丁目","35.773958","140.008646","0","3"
"12","千葉県","12224","鎌ヶ谷市","122240031003","南初富三丁目","35.770752","140.008497","0","3"
"12","千葉県","12224","鎌ヶ谷市","122240031004","南初富四丁目","35.769583","140.005918","0","3"
"12","千葉県","12224","鎌ヶ谷市","122240031005","南初富五丁目","35.770525","140.003315","0","3"
"12","千葉県","12224","鎌ヶ谷市","122240031006","南初富六丁目","35.768428","140.002230","0","3"
"12","千葉県","12225","君津市","122250001000","青柳","35.304641","140.069245","0","1"
"12","千葉県","12225","君津市","122250002000","愛宕","35.293273","140.051251","0","1"
"12","千葉県","12225","君津市","122250003000","泉","35.299995","139.948129","0","1"
"12","千葉県","12225","君津市","122250004000","市宿","35.267714","139.988276","0","1"
"12","千葉県","12225","君津市","122250005000","糸川","35.283771","140.006651","0","1"
"12","千葉県","12225","君津市","122250006000","芋窪","35.281447","140.054992","0","1"
"12","千葉県","12225","君津市","122250007000","岩出","35.305057","140.042266","0","1"
"12","千葉県","12225","君津市","122250008000","植畑","35.238049","139.993160","0","1"
"12","千葉県","12225","君津市","122250009000","内蓑輪","35.323984","139.932029","0","1"
"12","千葉県","12225","君津市","122250010001","内箕輪一丁目","35.324245","139.928046","0","3"
"12","千葉県","12225","君津市","122250011000","浦田","35.274342","140.084044","0","1"
"12","千葉県","12225","君津市","122250012000","大井","35.312682","139.971843","0","1"
"12","千葉県","12225","君津市","122250013000","大井戸","35.294093","139.990659","0","1"
"12","千葉県","12225","君津市","122250014000","大岩","35.222099","140.021766","0","1"
"12","千葉県","12225","君津市","122250015000","大戸見","35.249480","140.063104","0","1"
"12","千葉県","12225","君津市","122250016000","大戸見旧名殿","35.247115","140.075990","0","1"
"12","千葉県","12225","君津市","122250017000","大野台","35.271140","140.011859","0","1"
"12","千葉県","12225","君津市","122250018000","大山野","35.281224","139.928960","0","1"
"12","千葉県","12225","君津市","122250019000","大鷲","35.318278","139.965091","0","1"
"12","千葉県","12225","君津市","122250020000","大鷲新田","35.326172","139.960056","0","1"
"12","千葉県","12225","君津市","122250021000","大和田","35.341429","139.875630","0","1"
"12","千葉県","12225","君津市","122250022001","大和田一丁目","35.338842","139.879074","0","3"
"12","千葉県","12225","君津市","122250022002","大和田二丁目","35.337250","139.873838","0","3"
"12","千葉県","12225","君津市","122250022003","大和田三丁目","35.336982","139.878567","0","3"
"12","千葉県","12225","君津市","122250022004","大和田四丁目","35.335234","139.880398","0","3"
"12","千葉県","12225","君津市","122250022005","大和田五丁目","35.334699","139.882765","0","3"
"12","千葉県","12225","君津市","122250023000","荻作","35.284440","139.965842","0","1"
"12","千葉県","12225","君津市","122250024000","奥米","35.188779","140.039981","0","1"
"12","千葉県","12225","君津市","122250025000","大坂","35.240907","140.034743","0","1"
"12","千葉県","12225","君津市","122250026000","小櫃台","35.323670","140.097667","0","1"
"12","千葉県","12225","君津市","122250027000","折木沢","35.208948","140.105054","0","1"
"12","千葉県","12225","君津市","122250028000","賀恵渕","35.329023","140.046256","0","1"
"12","千葉県","12225","君津市","122250029000","香木原","35.171203","140.052061","0","1"
"12","千葉県","12225","君津市","122250030000","かずさ小糸","35.316190","139.999622","0","1"
"12","千葉県","12225","君津市","122250031000","加名盛","35.229773","140.055214","0","1"
"12","千葉県","12225","君津市","122250032000","鹿野山","35.252510","139.960590","0","1"
"12","千葉県","12225","君津市","122250033000","鎌滝","35.273530","139.978445","0","1"
"12","千葉県","12225","君津市","122250034000","上","35.310224","139.955229","0","1"
"12","千葉県","12225","君津市","122250035000","上新田","35.315827","140.064702","0","1"
"12","千葉県","12225","君津市","122250036000","上湯江","35.312618","139.893539","0","1"
"12","千葉県","12225","君津市","122250037000","釜生","35.228131","140.116106","0","1"
"12","千葉県","12225","君津市","122250038000","川谷","35.289223","140.107654","0","1"
"12","千葉県","12225","君津市","122250039001","北久保一丁目","35.332633","139.901371","0","3"
"12","千葉県","12225","君津市","122250039002","北久保二丁目","35.332115","139.904599","0","3"
"12","千葉県","12225","君津市","122250040000","北子安","35.336616","139.919333","0","1"
"12","千葉県","12225","君津市","122250041001","北子安一丁目","35.329179","139.909059","0","3"
"12","千葉県","12225","君津市","122250041002","北子安二丁目","35.331952","139.912272","0","3"
"12","千葉県","12225","君津市","122250041003","北子安三丁目","35.333521","139.909801","0","3"
"12","千葉県","12225","君津市","122250041004","北子安四丁目","35.334123","139.914175","0","3"
"12","千葉県","12225","君津市","122250041005","北子安五丁目","35.333081","139.918585","0","3"
"12","千葉県","12225","君津市","122250041006","北子安六丁目","35.332299","139.921629","0","3"
"12","千葉県","12225","君津市","122250042000","鬼泪","35.269408","139.966511","0","1"
"12","千葉県","12225","君津市","122250043000","君津","35.360181","139.868358","0","1"
"12","千葉県","12225","君津市","122250044001","君津台一丁目","35.339005","139.898254","0","3"
"12","千葉県","12225","君津市","122250044002","君津台二丁目","35.340183","139.894840","0","3"
"12","千葉県","12225","君津市","122250044003","君津台三丁目","35.343291","139.895561","0","3"
"12","千葉県","12225","君津市","122250045000","行馬","35.302050","139.981450","0","1"
"12","千葉県","12225","君津市","122250046000","黄和田畑","35.210033","140.139113","0","1"
"12","千葉県","12225","君津市","122250047000","草川原","35.219028","140.094051","0","1"
"12","千葉県","12225","君津市","122250048000","久保","35.333726","139.906171","0","1"
"12","千葉県","12225","君津市","122250049001","久保一丁目","35.331091","139.898583","0","3"
"12","千葉県","12225","君津市","122250049002","久保二丁目","35.330732","139.901430","0","3"
"12","千葉県","12225","君津市","122250049003","久保三丁目","35.330258","139.905951","0","3"
"12","千葉県","12225","君津市","122250049004","久保四丁目","35.328934","139.904598","0","3"
"12","千葉県","12225","君津市","122250049005","久保五丁目","35.327470","139.906860","0","3"
"12","千葉県","12225","君津市","122250050000","蔵玉","35.225646","140.126173","0","1"
"12","千葉県","12225","君津市","122250051000","栗坪","35.282570","140.065180","0","1"
"12","千葉県","12225","君津市","122250052000","久留里","35.291525","140.095908","0","1"
"12","千葉県","12225","君津市","122250053000","久留里市場","35.294956","140.072802","0","1"
"12","千葉県","12225","君津市","122250054000","久留里大谷","35.308081","140.103251","0","1"
"12","千葉県","12225","君津市","122250055000","久留里大和田","35.293458","140.071021","0","1"
"12","千葉県","12225","君津市","122250056000","小市部","35.300608","140.083906","0","1"
"12","千葉県","12225","君津市","122250057000","小糸大谷","35.313214","139.988356","0","1"
"12","千葉県","12225","君津市","122250058000","高坂","35.334103","139.900177","0","1"
"12","千葉県","12225","君津市","122250059000","郡","35.297979","139.909377","0","1"
"12","千葉県","12225","君津市","122250060001","郡一丁目","35.308145","139.915785","0","3"
"12","千葉県","12225","君津市","122250060002","郡二丁目","35.305779","139.915175","0","3"
"12","千葉県","12225","君津市","122250060003","郡三丁目","35.305238","139.917373","0","3"
"12","千葉県","12225","君津市","122250061000","小山野","35.291516","139.915020","0","1"
"12","千葉県","12225","君津市","122250062000","坂田","35.342531","139.885147","0","1"
"12","千葉県","12225","君津市","122250063000","坂畑","35.242180","140.106717","0","1"
"12","千葉県","12225","君津市","122250064000","貞元","35.318577","139.905074","0","1"
"12","千葉県","12225","君津市","122250065000","皿引","35.290308","139.935353","0","1"
"12","千葉県","12225","君津市","122250066000","三田","35.334727","140.071199","0","1"
"12","千葉県","12225","君津市","122250067000","新御堂","35.307214","139.903176","0","1"
"12","千葉県","12225","君津市","122250068000","下湯江","35.319577","139.886974","0","1"
"12","千葉県","12225","君津市","122250069000","宿原","35.206641","140.028744","0","1"
"12","千葉県","12225","君津市","122250070000","小香","35.300452","139.898607","0","1"
"12","千葉県","12225","君津市","122250071000","白駒","35.290773","139.956638","0","1"
"12","千葉県","12225","君津市","122250072000","末吉","35.327865","140.062113","0","1"
"12","千葉県","12225","君津市","122250073000","杉谷","35.308680","139.910541","0","1"
"12","千葉県","12225","君津市","122250074000","清和市場","35.259441","139.990730","0","1"
"12","千葉県","12225","君津市","122250075000","草牛","35.276342","139.954382","0","1"
"12","千葉県","12225","君津市","122250076000","外箕輪","35.313807","139.928129","0","1"
"12","千葉県","12225","君津市","122250077001","外箕輪一丁目","35.314920","139.920059","0","3"
"12","千葉県","12225","君津市","122250077002","外箕輪二丁目","35.320193","139.922311","0","3"
"12","千葉県","12225","君津市","122250077003","外箕輪三丁目","35.321195","139.924804","0","3"
"12","千葉県","12225","君津市","122250077004","外箕輪四丁目","35.314861","139.924862","0","3"
"12","千葉県","12225","君津市","122250078001","台一丁目","35.328327","139.898646","0","3"
"12","千葉県","12225","君津市","122250078002","台二丁目","35.326782","139.900057","0","3"
"12","千葉県","12225","君津市","122250079000","大中","35.236772","140.074940","0","1"
"12","千葉県","12225","君津市","122250080000","高水","35.237499","140.085891","0","1"
"12","千葉県","12225","君津市","122250081000","滝原","35.224976","140.112699","0","1"
"12","千葉県","12225","君津市","122250082000","旅名","35.199980","140.021170","0","1"
"12","千葉県","12225","君津市","122250083000","俵田","35.317772","140.054844","0","1"
"12","千葉県","12225","君津市","122250084000","塚原","35.298313","139.978617","0","1"
"12","千葉県","12225","君津市","122250085000","作木","35.273303","139.921843","0","1"
"12","千葉県","12225","君津市","122250086000","辻森","35.223936","140.014808","0","1"
"12","千葉県","12225","君津市","122250087000","寺沢","35.301336","140.052250","0","1"
"12","千葉県","12225","君津市","122250088000","常代","35.308503","139.930209","0","1"
"12","千葉県","12225","君津市","122250089001","常代一丁目","35.310948","139.917924","0","3"
"12","千葉県","12225","君津市","122250089002","常代二丁目","35.309467","139.921017","0","3"
"12","千葉県","12225","君津市","122250089003","常代三丁目","35.308801","139.923616","0","3"
"12","千葉県","12225","君津市","122250089004","常代四丁目","35.305245","139.923882","0","3"
"12","千葉県","12225","君津市","122250089005","常代五丁目","35.305171","139.926038","0","3"
"12","千葉県","12225","君津市","122250089006","常代六丁目","35.304684","139.929058","0","3"
"12","千葉県","12225","君津市","122250090000","戸崎","35.313281","140.030161","0","1"
"12","千葉県","12225","君津市","122250091000","利根","35.242212","140.078930","0","1"
"12","千葉県","12225","君津市","122250092000","富田","35.296983","140.063165","0","1"
"12","千葉県","12225","君津市","122250093000","豊田旧菅間田","35.229407","140.083509","0","1"
"12","千葉県","12225","君津市","122250094000","豊田旧野中","35.232123","140.082788","0","1"
"12","千葉県","12225","君津市","122250095000","豊英","35.176664","140.011882","0","1"
"12","千葉県","12225","君津市","122250096000","長石","35.319531","140.006422","0","1"
"12","千葉県","12225","君津市","122250097000","中島","35.303666","139.960912","0","1"
"12","千葉県","12225","君津市","122250098000","中富","35.324769","139.886406","0","1"
"12","千葉県","12225","君津市","122250099000","中野","35.332052","139.884278","0","1"
"12","千葉県","12225","君津市","122250100001","中野一丁目","35.331578","139.895527","0","3"
"12","千葉県","12225","君津市","122250100002","中野二丁目","35.327358","139.894732","0","3"
"12","千葉県","12225","君津市","122250100003","中野三丁目","35.329635","139.889967","0","3"
"12","千葉県","12225","君津市","122250100004","中野四丁目","35.332922","139.891547","0","3"
"12","千葉県","12225","君津市","122250100005","中野五丁目","35.334076","139.887945","0","3"
"12","千葉県","12225","君津市","122250100006","中野六丁目","35.330680","139.886123","0","3"
"12","千葉県","12225","君津市","122250101000","西粟倉","35.251968","139.992832","0","1"
"12","千葉県","12225","君津市","122250102000","西猪原","35.255949","139.999394","0","1"
"12","千葉県","12225","君津市","122250103000","西君津","35.347275","139.854076","0","1"
"12","千葉県","12225","君津市","122250104001","西坂田一丁目","35.336610","139.888474","0","3"
"12","千葉県","12225","君津市","122250104002","西坂田二丁目","35.337209","139.883607","0","3"
"12","千葉県","12225","君津市","122250104003","西坂田三丁目","35.339144","139.883527","0","3"
"12","千葉県","12225","君津市","122250104004","西坂田四丁目","35.338765","139.889421","0","3"
"12","千葉県","12225","君津市","122250105000","西原","35.338516","140.053552","0","1"
"12","千葉県","12225","君津市","122250106000","西日笠","35.222250","139.998879","0","1"
"12","千葉県","12225","君津市","122250107000","日渡根","35.267311","140.000342","0","1"
"12","千葉県","12225","君津市","122250108000","糠田","35.300833","139.971264","0","1"
"12","千葉県","12225","君津市","122250109000","糠田飛地","35.318395","140.002509","0","1"
"12","千葉県","12225","君津市","122250110000","怒田","35.269280","140.105390","0","1"
"12","千葉県","12225","君津市","122250111000","怒田沢","35.205013","140.001465","0","1"
"12","千葉県","12225","君津市","122250112000","根本","35.305484","139.987614","0","1"
"12","千葉県","12225","君津市","122250113000","練木","35.321254","139.952891","0","1"
"12","千葉県","12225","君津市","122250114000","長谷川","35.323035","140.076468","0","1"
"12","千葉県","12225","君津市","122250115000","浜子","35.302414","139.922077","0","1"
"12","千葉県","12225","君津市","122250116000","東粟倉","35.242865","140.009531","0","1"
"12","千葉県","12225","君津市","122250117000","東猪原","35.253893","140.017225","0","1"
"12","千葉県","12225","君津市","122250118001","東坂田一丁目","35.334312","139.895825","0","3"
"12","千葉県","12225","君津市","122250118002","東坂田二丁目","35.335482","139.893804","0","3"
"12","千葉県","12225","君津市","122250118003","東坂田三丁目","35.335959","139.891488","0","3"
"12","千葉県","12225","君津市","122250118004","東坂田四丁目","35.336151","139.895900","0","3"
"12","千葉県","12225","君津市","122250119000","東日笠","35.234868","140.002625","0","1"
"12","千葉県","12225","君津市","122250120000","尾車","35.287630","139.945268","0","1"
"12","千葉県","12225","君津市","122250121000","人見","35.339872","139.867104","0","1"
"12","千葉県","12225","君津市","122250122001","人見一丁目","35.335474","139.870485","0","3"
"12","千葉県","12225","君津市","122250122002","人見二丁目","35.333668","139.875335","0","3"
"12","千葉県","12225","君津市","122250122003","人見三丁目","35.332836","139.869724","0","3"
"12","千葉県","12225","君津市","122250122004","人見四丁目","35.331149","139.874211","0","3"
"12","千葉県","12225","君津市","122250122005","人見五丁目","35.331226","139.868140","0","3"
"12","千葉県","12225","君津市","122250123000","平田","35.235091","139.984444","0","1"
"12","千葉県","12225","君津市","122250124000","平山","35.270094","140.071909","0","1"
"12","千葉県","12225","君津市","122250125000","広岡","35.259230","140.064736","0","1"
"12","千葉県","12225","君津市","122250126000","福岡","35.289580","139.975680","0","1"
"12","千葉県","12225","君津市","122250127000","藤林","35.233351","140.088174","0","1"
"12","千葉県","12225","君津市","122250128000","二入","35.221887","140.007919","0","1"
"12","千葉県","12225","君津市","122250129000","法木","35.299887","140.007588","0","1"
"12","千葉県","12225","君津市","122250130000","法木作","35.318132","139.930511","0","1"
"12","千葉県","12225","君津市","122250131001","法木作一丁目","35.320527","139.927275","0","3"
"12","千葉県","12225","君津市","122250132000","正木","35.216087","140.033918","0","1"
"12","千葉県","12225","君津市","122250133000","馬登","35.273798","139.940715","0","1"
"12","千葉県","12225","君津市","122250134001","南久保一丁目","35.327452","139.902285","0","3"
"12","千葉県","12225","君津市","122250134002","南久保二丁目","35.325624","139.903896","0","3"
"12","千葉県","12225","君津市","122250134003","南久保三丁目","35.324951","139.899702","0","3"
"12","千葉県","12225","君津市","122250135000","南子安","35.333129","139.932069","0","1"
"12","千葉県","12225","君津市","122250136001","南子安一丁目","35.328621","139.912472","0","3"
"12","千葉県","12225","君津市","122250136002","南子安二丁目","35.330017","139.917431","0","3"
"12","千葉県","12225","君津市","122250136003","南子安三丁目","35.327408","139.915548","0","3"
"12","千葉県","12225","君津市","122250136004","南子安四丁目","35.323119","139.915967","0","3"
"12","千葉県","12225","君津市","122250136005","南子安五丁目","35.325489","139.918498","0","3"
"12","千葉県","12225","君津市","122250136006","南子安六丁目","35.325819","139.922825","0","3"
"12","千葉県","12225","君津市","122250136007","南子安七丁目","35.330105","139.921540","0","3"
"12","千葉県","12225","君津市","122250136008","南子安八丁目","35.330816","139.925872","0","3"
"12","千葉県","12225","君津市","122250136009","南子安九丁目","35.327499","139.927431","0","3"
"12","千葉県","12225","君津市","122250137000","三直","35.324716","139.939929","0","1"
"12","千葉県","12225","君津市","122250138000","箕輪","35.310201","140.075454","0","1"
"12","千葉県","12225","君津市","122250139000","宮下","35.296032","139.924743","0","1"
"12","千葉県","12225","君津市","122250140001","宮下一丁目","35.300469","139.927368","0","3"
"12","千葉県","12225","君津市","122250140002","宮下二丁目","35.300502","139.929608","0","3"
"12","千葉県","12225","君津市","122250141000","向郷","35.287541","140.040384","0","1"
"12","千葉県","12225","君津市","122250142000","六手","35.303695","139.938667","0","1"
"12","千葉県","12225","君津市","122250143001","杢師一丁目","35.325701","139.908943","0","3"
"12","千葉県","12225","君津市","122250143002","杢師二丁目","35.322554","139.911381","0","3"
"12","千葉県","12225","君津市","122250143003","杢師三丁目","35.320151","139.914569","0","3"
"12","千葉県","12225","君津市","122250143004","杢師四丁目","35.318520","139.917508","0","3"
"12","千葉県","12225","君津市","122250144000","八重原","35.328070","139.936677","0","1"
"12","千葉県","12225","君津市","122250145000","柳城","35.248392","140.095118","0","1"
"12","千葉県","12225","君津市","122250146000","山高原","35.279174","139.919477","0","1"
"12","千葉県","12225","君津市","122250147000","山滝野","35.273226","140.043723","0","1"
"12","千葉県","12225","君津市","122250148000","山本","35.345929","140.057010","0","1"
"12","千葉県","12225","君津市","122250149000","八幡","35.317358","139.912270","0","1"
"12","千葉県","12225","君津市","122250150001","陽光台一丁目","35.335195","139.902341","0","3"
"12","千葉県","12225","君津市","122250150002","陽光台二丁目","35.334118","139.904636","0","3"
"12","千葉県","12225","君津市","122250150003","陽光台三丁目","35.336795","139.907144","0","3"
"12","千葉県","12225","君津市","122250151000","吉野","35.318272","140.093833","0","1"
"12","千葉県","12225","君津市","122250152000","笹","35.201395","140.074381","0","1"
"12","千葉県","12225","君津市","122250153000","川俣旧押込","35.224964","140.082870","0","1"
"12","千葉県","12225","君津市","122250154000","川俣旧月毛","35.221294","140.079507","0","1"
"12","千葉県","12225","君津市","122250155000","川俣旧川俣","35.215031","140.081962","0","1"
"12","千葉県","12226","富津市","122260001000","相川","35.201051","139.880138","0","1"
"12","千葉県","12226","富津市","122260002000","相野谷","35.300732","139.881628","0","1"
"12","千葉県","12226","富津市","122260003000","青木","35.321865","139.847461","0","1"
"12","千葉県","12226","富津市","122260004001","青木一丁目","35.331447","139.846143","0","3"
"12","千葉県","12226","富津市","122260004002","青木二丁目","35.329316","139.848612","0","3"
"12","千葉県","12226","富津市","122260004003","青木三丁目","35.325657","139.844530","0","3"
"12","千葉県","12226","富津市","122260004004","青木四丁目","35.323079","139.839895","0","3"
"12","千葉県","12226","富津市","122260005000","新井","35.315600","139.829608","0","1"
"12","千葉県","12226","富津市","122260006000","一色","35.294465","139.898505","0","1"
"12","千葉県","12226","富津市","122260007000","不入斗","35.202670","139.900858","0","1"
"12","千葉県","12226","富津市","122260008000","岩坂","35.226640","139.885645","0","1"
"12","千葉県","12226","富津市","122260009000","岩瀬","35.286539","139.859445","0","1"
"12","千葉県","12226","富津市","122260010000","岩本","35.198411","139.929734","0","1"
"12","千葉県","12226","富津市","122260011000","上後","35.212227","139.933229","0","1"
"12","千葉県","12226","富津市","122260012000","宇藤原","35.209780","139.973074","0","1"
"12","千葉県","12226","富津市","122260013000","売津","35.208948","139.876445","0","1"
"12","千葉県","12226","富津市","122260014000","大川崎","35.215058","139.939827","0","1"
"12","千葉県","12226","富津市","122260015000","大田和","35.211300","139.946726","0","1"
"12","千葉県","12226","富津市","122260016000","大堀","35.337545","139.854179","0","1"
"12","千葉県","12226","富津市","122260017001","大堀一丁目","35.334535","139.859340","0","3"
"12","千葉県","12226","富津市","122260017002","大堀二丁目","35.333026","139.854890","0","3"
"12","千葉県","12226","富津市","122260017003","大堀三丁目","35.329662","139.852072","0","3"
"12","千葉県","12226","富津市","122260017004","大堀四丁目","35.333503","139.849077","0","3"
"12","千葉県","12226","富津市","122260018000","大森","35.220577","139.914822","0","1"
"12","千葉県","12226","富津市","122260019000","押切","35.217102","139.920504","0","1"
"12","千葉県","12226","富津市","122260020000","恩田","35.225413","139.929786","0","1"
"12","千葉県","12226","富津市","122260021000","海良","35.208541","139.867562","0","1"
"12","千葉県","12226","富津市","122260022000","数馬","35.216773","139.881643","0","1"
"12","千葉県","12226","富津市","122260023000","加藤","35.232148","139.895392","0","1"
"12","千葉県","12226","富津市","122260024000","金谷","35.173906","139.836434","0","1"
"12","千葉県","12226","富津市","122260025000","上","35.284599","139.899693","0","1"
"12","千葉県","12226","富津市","122260026000","上飯野","35.308080","139.870294","0","1"
"12","千葉県","12226","富津市","122260027000","亀沢","35.272616","139.905912","0","1"
"12","千葉県","12226","富津市","122260028000","亀田","35.261323","139.870226","0","1"
"12","千葉県","12226","富津市","122260029000","川名","35.305744","139.833335","0","1"
"12","千葉県","12226","富津市","122260030000","絹","35.289497","139.881169","0","1"
"12","千葉県","12226","富津市","122260031000","小久保","35.272774","139.858778","0","1"
"12","千葉県","12226","富津市","122260032000","小志駒","35.207925","139.926797","0","1"
"12","千葉県","12226","富津市","122260033000","近藤","35.281204","139.885166","0","1"
"12","千葉県","12226","富津市","122260034000","桜井","35.246266","139.912050","0","1"
"12","千葉県","12226","富津市","122260035000","桜井総稱鬼泪山","35.250699","139.939327","0","1"
"12","千葉県","12226","富津市","122260036000","笹毛","35.241469","139.877943","0","1"
"12","千葉県","12226","富津市","122260037000","佐貫","35.264504","139.897179","0","1"
"12","千葉県","12226","富津市","122260038000","更和","35.228477","139.902441","0","1"
"12","千葉県","12226","富津市","122260039000","志駒","35.180401","139.927627","0","1"
"12","千葉県","12226","富津市","122260040000","篠部","35.300944","139.845008","0","1"
"12","千葉県","12226","富津市","122260041000","下飯野","35.314386","139.859532","0","1"
"12","千葉県","12226","富津市","122260042000","障子谷","35.296789","139.891134","0","1"
"12","千葉県","12226","富津市","122260043000","新富","35.342118","139.842478","0","1"
"12","千葉県","12226","富津市","122260044000","関","35.205101","139.947101","0","1"
"12","千葉県","12226","富津市","122260045000","関尻","35.220062","139.923878","0","1"
"12","千葉県","12226","富津市","122260046000","台原","35.222093","139.900126","0","1"
"12","千葉県","12226","富津市","122260047000","高溝","35.208937","139.958714","0","1"
"12","千葉県","12226","富津市","122260048000","田倉","35.234217","139.951263","0","1"
"12","千葉県","12226","富津市","122260049000","竹岡","35.187022","139.866520","0","1"
"12","千葉県","12226","富津市","122260050000","田原","35.204616","139.916185","0","1"
"12","千葉県","12226","富津市","122260051000","千種新田","35.293778","139.853067","0","1"
"12","千葉県","12226","富津市","122260052000","鶴岡","35.249183","139.886776","0","1"
"12","千葉県","12226","富津市","122260053000","寺尾","35.224871","139.917725","0","1"
"12","千葉県","12226","富津市","122260054000","豊岡","35.177530","139.970163","0","1"
"12","千葉県","12226","富津市","122260055000","中","35.281828","139.871615","0","1"
"12","千葉県","12226","富津市","122260056000","長崎","35.220130","139.906227","0","1"
"12","千葉県","12226","富津市","122260057000","梨沢","35.175077","139.893740","0","1"
"12","千葉県","12226","富津市","122260058000","西大和田","35.297032","139.868980","0","1"
"12","千葉県","12226","富津市","122260059000","西川","35.316747","139.839479","0","1"
"12","千葉県","12226","富津市","122260060000","萩生","35.198118","139.833732","0","1"
"12","千葉県","12226","富津市","122260061000","花香谷","35.256615","139.892033","0","1"
"12","千葉県","12226","富津市","122260062000","花輪","35.211387","139.886112","0","1"
"12","千葉県","12226","富津市","122260063000","東大和田","35.221214","139.941050","0","1"
"12","千葉県","12226","富津市","122260064000","二間塚","35.324289","139.866781","0","1"
"12","千葉県","12226","富津市","122260065000","富津","35.310351","139.811273","0","1"
"12","千葉県","12226","富津市","122260066000","宝竜寺","35.262103","139.903083","0","1"
"12","千葉県","12226","富津市","122260067000","本郷","35.310307","139.878316","0","1"
"12","千葉県","12226","富津市","122260068000","前久保","35.309340","139.885883","0","1"
"12","千葉県","12226","富津市","122260069000","湊","35.226233","139.873752","0","1"
"12","千葉県","12226","富津市","122260070000","御代原","35.195343","139.951227","0","1"
"12","千葉県","12226","富津市","122260071000","六野","35.215148","139.916444","0","1"
"12","千葉県","12226","富津市","122260072000","望井","35.216896","139.895588","0","1"
"12","千葉県","12226","富津市","122260073000","八田沼","35.280601","139.879337","0","1"
"12","千葉県","12226","富津市","122260074000","八幡","35.251480","139.870626","0","1"
"12","千葉県","12226","富津市","122260075000","山中","35.154561","139.920500","0","1"
"12","千葉県","12226","富津市","122260076000","山脇","35.211558","139.922904","0","1"
"12","千葉県","12226","富津市","122260077000","横山","35.213338","139.905677","0","1"
"12","千葉県","12227","浦安市","122270001001","明海一丁目","35.644934","139.918976","0","3"
"12","千葉県","12227","浦安市","122270001002","明海二丁目","35.642102","139.916512","0","3"
"12","千葉県","12227","浦安市","122270001003","明海三丁目","35.639395","139.920017","0","3"
"12","千葉県","12227","浦安市","122270001004","明海四丁目","35.641528","139.921492","0","3"
"12","千葉県","12227","浦安市","122270001005","明海五丁目","35.639648","139.925569","0","3"
"12","千葉県","12227","浦安市","122270001006","明海六丁目","35.636935","139.923015","0","3"
"12","千葉県","12227","浦安市","122270001007","明海七丁目","35.636110","139.928608","0","3"
"12","千葉県","12227","浦安市","122270002001","今川一丁目","35.644262","139.908071","0","3"
"12","千葉県","12227","浦安市","122270002002","今川二丁目","35.642389","139.910399","0","3"
"12","千葉県","12227","浦安市","122270002003","今川三丁目","35.639550","139.907001","0","3"
"12","千葉県","12227","浦安市","122270002004","今川四丁目","35.641308","139.904556","0","3"
"12","千葉県","12227","浦安市","122270003001","入船一丁目","35.649062","139.913799","0","3"
"12","千葉県","12227","浦安市","122270003002","入船二丁目","35.646858","139.911174","0","3"
"12","千葉県","12227","浦安市","122270003003","入船三丁目","35.646154","139.914904","0","3"
"12","千葉県","12227","浦安市","122270003004","入船四丁目","35.650372","139.920521","0","3"
"12","千葉県","12227","浦安市","122270003005","入船五丁目","35.653610","139.918628","0","3"
"12","千葉県","12227","浦安市","122270003006","入船六丁目","35.651178","139.916257","0","3"
"12","千葉県","12227","浦安市","122270004001","海楽一丁目","35.654221","139.904690","0","3"
"12","千葉県","12227","浦安市","122270004002","海楽二丁目","35.659322","139.907861","0","3"
"12","千葉県","12227","浦安市","122270005001","北栄一丁目","35.666007","139.895487","0","3"
"12","千葉県","12227","浦安市","122270005002","北栄二丁目","35.668938","139.897345","0","3"
"12","千葉県","12227","浦安市","122270005003","北栄三丁目","35.665442","139.900256","0","3"
"12","千葉県","12227","浦安市","122270005004","北栄四丁目","35.661845","139.903084","0","3"
"12","千葉県","12227","浦安市","122270006001","高洲一丁目","35.640315","139.913485","0","3"
"12","千葉県","12227","浦安市","122270006002","高洲二丁目","35.637848","139.909360","0","3"
"12","千葉県","12227","浦安市","122270006003","高洲三丁目","35.635961","139.911411","0","3"
"12","千葉県","12227","浦安市","122270006004","高洲四丁目","35.635454","139.915817","0","3"
"12","千葉県","12227","浦安市","122270006005","高洲五丁目","35.637817","139.917761","0","3"
"12","千葉県","12227","浦安市","122270006006","高洲六丁目","35.635292","139.920757","0","3"
"12","千葉県","12227","浦安市","122270006007","高洲七丁目","35.633288","139.918154","0","3"
"12","千葉県","12227","浦安市","122270006008","高洲八丁目","35.632068","139.914728","0","3"
"12","千葉県","12227","浦安市","122270006009","高洲九丁目","35.631545","139.920609","0","3"
"12","千葉県","12227","浦安市","122270007000","千鳥","35.623781","139.900090","0","1"
"12","千葉県","12227","浦安市","122270008001","鉄鋼通り一丁目","35.637422","139.902131","0","3"
"12","千葉県","12227","浦安市","122270008002","鉄鋼通り二丁目","35.634269","139.898379","0","3"
"12","千葉県","12227","浦安市","122270008003","鉄鋼通り三丁目","35.631517","139.894880","0","3"
"12","千葉県","12227","浦安市","122270009001","当代島一丁目","35.666648","139.890208","0","3"
"12","千葉県","12227","浦安市","122270009002","当代島二丁目","35.669561","139.890490","0","3"
"12","千葉県","12227","浦安市","122270009003","当代島三丁目","35.671215","139.891089","0","3"
"12","千葉県","12227","浦安市","122270010001","富岡一丁目","35.648361","139.902928","0","3"
"12","千葉県","12227","浦安市","122270010002","富岡二丁目","35.646241","139.905587","0","3"
"12","千葉県","12227","浦安市","122270010003","富岡三丁目","35.643285","139.902056","0","3"
"12","千葉県","12227","浦安市","122270010004","富岡四丁目","35.645407","139.899409","0","3"
"12","千葉県","12227","浦安市","122270011001","猫実一丁目","35.655498","139.901665","0","3"
"12","千葉県","12227","浦安市","122270011002","猫実二丁目","35.659460","139.899160","0","3"
"12","千葉県","12227","浦安市","122270011003","猫実三丁目","35.661675","139.896926","0","3"
"12","千葉県","12227","浦安市","122270011004","猫実四丁目","35.663175","139.893898","0","3"
"12","千葉県","12227","浦安市","122270011005","猫実五丁目","35.664071","139.889264","0","3"
"12","千葉県","12227","浦安市","122270012001","東野一丁目","35.650989","139.899630","0","3"
"12","千葉県","12227","浦安市","122270012002","東野二丁目","35.649160","139.895231","0","3"
"12","千葉県","12227","浦安市","122270012003","東野三丁目","35.643398","139.892443","0","3"
"12","千葉県","12227","浦安市","122270013001","日の出一丁目","35.646694","139.922490","0","3"
"12","千葉県","12227","浦安市","122270013002","日の出二丁目","35.649273","139.924203","0","3"
"12","千葉県","12227","浦安市","122270013003","日の出三丁目","35.646797","139.928332","0","3"
"12","千葉県","12227","浦安市","122270013004","日の出四丁目","35.644518","139.925875","0","3"
"12","千葉県","12227","浦安市","122270013005","日の出五丁目","35.641685","139.928753","0","3"
"12","千葉県","12227","浦安市","122270013006","日の出六丁目","35.644162","139.932060","0","3"
"12","千葉県","12227","浦安市","122270013007","日の出七丁目","35.640239","139.932235","0","3"
"12","千葉県","12227","浦安市","122270013008","日の出八丁目","35.640357","139.936597","0","3"
"12","千葉県","12227","浦安市","122270014001","富士見一丁目","35.650666","139.892543","0","3"
"12","千葉県","12227","浦安市","122270014002","富士見二丁目","35.652121","139.888968","0","3"
"12","千葉県","12227","浦安市","122270014003","富士見三丁目","35.647521","139.886684","0","3"
"12","千葉県","12227","浦安市","122270014004","富士見四丁目","35.647512","139.890447","0","3"
"12","千葉県","12227","浦安市","122270014005","富士見五丁目","35.642189","139.888127","0","3"
"12","千葉県","12227","浦安市","122270015001","弁天一丁目","35.642437","139.895850","0","3"
"12","千葉県","12227","浦安市","122270015002","弁天二丁目","35.640306","139.898472","0","3"
"12","千葉県","12227","浦安市","122270015003","弁天三丁目","35.637183","139.894742","0","3"
"12","千葉県","12227","浦安市","122270015004","弁天四丁目","35.639368","139.892124","0","3"
"12","千葉県","12227","浦安市","122270016001","堀江一丁目","35.655540","139.897839","0","3"
"12","千葉県","12227","浦安市","122270016002","堀江二丁目","35.658224","139.894576","0","3"
"12","千葉県","12227","浦安市","122270016003","堀江三丁目","35.659449","139.892508","0","3"
"12","千葉県","12227","浦安市","122270016004","堀江四丁目","35.660348","139.889278","0","3"
"12","千葉県","12227","浦安市","122270016005","堀江五丁目","35.655758","139.890498","0","3"
"12","千葉県","12227","浦安市","122270016006","堀江六丁目","35.653660","139.895064","0","3"
"12","千葉県","12227","浦安市","122270017000","舞浜","35.632144","139.881635","0","1"
"12","千葉県","12227","浦安市","122270018002","舞浜二丁目","35.641821","139.882566","0","3"
"12","千葉県","12227","浦安市","122270018003","舞浜三丁目","35.635569","139.889785","0","3"
"12","千葉県","12227","浦安市","122270019000","港","35.630923","139.910278","0","1"
"12","千葉県","12227","浦安市","122270020001","美浜一丁目","35.651038","139.911283","0","3"
"12","千葉県","12227","浦安市","122270020002","美浜二丁目","35.648843","139.908690","0","3"
"12","千葉県","12227","浦安市","122270020003","美浜三丁目","35.651851","139.907625","0","3"
"12","千葉県","12227","浦安市","122270020004","美浜四丁目","35.656258","139.912299","0","3"
"12","千葉県","12227","浦安市","122270020005","美浜五丁目","35.654026","139.915286","0","3"
"12","千葉県","12228","四街道市","122280001001","旭ケ丘一丁目","35.662563","140.182957","0","3"
"12","千葉県","12228","四街道市","122280001002","旭ケ丘二丁目","35.660440","140.185221","0","3"
"12","千葉県","12228","四街道市","122280001003","旭ケ丘三丁目","35.663082","140.186543","0","3"
"12","千葉県","12228","四街道市","122280001004","旭ケ丘四丁目","35.666306","140.187082","0","3"
"12","千葉県","12228","四街道市","122280001005","旭ケ丘五丁目","35.664712","140.188755","0","3"
"12","千葉県","12228","四街道市","122280002001","池花一丁目","35.686566","140.177015","0","3"
"12","千葉県","12228","四街道市","122280002002","池花二丁目","35.690249","140.177062","0","3"
"12","千葉県","12228","四街道市","122280003000","上野","35.657688","140.191120","0","1"
"12","千葉県","12228","四街道市","122280004000","内黒田","35.689611","140.171109","0","1"
"12","千葉県","12228","四街道市","122280005001","美しが丘一丁目","35.657057","140.164019","0","3"
"12","千葉県","12228","四街道市","122280005002","美しが丘二丁目","35.657172","140.160609","0","3"
"12","千葉県","12228","四街道市","122280005003","美しが丘三丁目","35.655006","140.159959","0","3"
"12","千葉県","12228","四街道市","122280006000","小名木","35.654809","140.183221","0","1"
"12","千葉県","12228","四街道市","122280007000","亀崎","35.700684","140.197334","0","1"
"12","千葉県","12228","四街道市","122280008000","萱橋","35.687823","140.166968","0","1"
"12","千葉県","12228","四街道市","122280009001","さちが丘一丁目","35.668861","140.174946","0","3"
"12","千葉県","12228","四街道市","122280009002","さちが丘二丁目","35.672750","140.175901","0","3"
"12","千葉県","12228","四街道市","122280010000","さつきケ丘","35.663572","140.151985","0","1"
"12","千葉県","12228","四街道市","122280011000","鹿渡","35.668062","140.180445","0","1"
"12","千葉県","12228","四街道市","122280012000","下志津新田","35.664110","140.155145","0","1"
"12","千葉県","12228","四街道市","122280013000","大日","35.683144","140.160942","0","1"
"12","千葉県","12228","四街道市","122280014001","鷹の台一丁目","35.639265","140.201919","0","3"
"12","千葉県","12228","四街道市","122280014002","鷹の台二丁目","35.632745","140.194886","0","3"
"12","千葉県","12228","四街道市","122280014003","鷹の台三丁目","35.632884","140.191648","0","3"
"12","千葉県","12228","四街道市","122280014004","鷹の台四丁目","35.630429","140.193704","0","3"
"12","千葉県","12228","四街道市","122280015000","中央","35.668167","140.165724","0","1"
"12","千葉県","12228","四街道市","122280016001","千代田一丁目","35.689988","140.180920","0","3"
"12","千葉県","12228","四街道市","122280016002","千代田二丁目","35.693401","140.179172","0","3"
"12","千葉県","12228","四街道市","122280016003","千代田三丁目","35.696912","140.186099","0","3"
"12","千葉県","12228","四街道市","122280016004","千代田四丁目","35.694621","140.183048","0","3"
"12","千葉県","12228","四街道市","122280016005","千代田五丁目","35.691695","140.185162","0","3"
"12","千葉県","12228","四街道市","122280017001","つくし座一丁目","35.671351","140.177491","0","3"
"12","千葉県","12228","四街道市","122280017002","つくし座二丁目","35.674449","140.178787","0","3"
"12","千葉県","12228","四街道市","122280017003","つくし座三丁目","35.672637","140.180722","0","3"
"12","千葉県","12228","四街道市","122280018000","中台","35.662912","140.204352","0","1"
"12","千葉県","12228","四街道市","122280019000","中野","35.668754","140.202192","0","1"
"12","千葉県","12228","四街道市","122280020000","南波佐間","35.655635","140.196687","0","1"
"12","千葉県","12228","四街道市","122280021000","成山","35.662390","140.210670","0","1"
"12","千葉県","12228","四街道市","122280022001","みそら一丁目","35.666644","140.195772","0","3"
"12","千葉県","12228","四街道市","122280022002","みそら二丁目","35.670116","140.199296","0","3"
"12","千葉県","12228","四街道市","122280022003","みそら三丁目","35.673695","140.202716","0","3"
"12","千葉県","12228","四街道市","122280022004","みそら四丁目","35.671216","140.204083","0","3"
"12","千葉県","12228","四街道市","122280023000","みのり町","35.665144","140.172418","0","1"
"12","千葉県","12228","四街道市","122280024001","めいわ一丁目","35.657643","140.174196","0","3"
"12","千葉県","12228","四街道市","122280024002","めいわ二丁目","35.653889","140.172112","0","3"
"12","千葉県","12228","四街道市","122280024003","めいわ三丁目","35.650358","140.163962","0","3"
"12","千葉県","12228","四街道市","122280024004","めいわ四丁目","35.649408","140.167216","0","3"
"12","千葉県","12228","四街道市","122280024005","めいわ五丁目","35.649629","140.173118","0","3"
"12","千葉県","12228","四街道市","122280025000","山梨","35.672618","140.193469","0","1"
"12","千葉県","12228","四街道市","122280026000","吉岡","35.641315","140.194879","0","1"
"12","千葉県","12228","四街道市","122280027000","四街道","35.664378","140.159784","0","1"
"12","千葉県","12228","四街道市","122280028001","四街道一丁目","35.664188","140.163458","0","3"
"12","千葉県","12228","四街道市","122280028002","四街道二丁目","35.659671","140.159952","0","3"
"12","千葉県","12228","四街道市","122280028003","四街道三丁目","35.659551","140.157263","0","3"
"12","千葉県","12228","四街道市","122280029000","鹿放ケ丘","35.679947","140.144477","0","1"
"12","千葉県","12228","四街道市","122280030000","和田","35.664900","140.191901","0","1"
"12","千葉県","12228","四街道市","122280031000","和良比","35.654506","140.167582","0","1"
"12","千葉県","12228","四街道市","122280032000","栗山","35.678868","140.178254","0","1"
"12","千葉県","12228","四街道市","122280033001","もねの里一丁目","35.685893","140.184813","0","3"
"12","千葉県","12228","四街道市","122280033002","もねの里二丁目","35.687996","140.187167","0","3"
"12","千葉県","12228","四街道市","122280033003","もねの里三丁目","35.690118","140.192393","0","3"
"12","千葉県","12228","四街道市","122280033004","もねの里四丁目","35.689225","140.195178","0","3"
"12","千葉県","12228","四街道市","122280033005","もねの里五丁目","35.684333","140.196850","0","3"
"12","千葉県","12228","四街道市","122280033006","もねの里六丁目","35.684783","140.190585","0","3"
"12","千葉県","12228","四街道市","122280034000","長岡","35.681570","140.191781","0","1"
"12","千葉県","12228","四街道市","122280035000","物井","35.688182","140.198141","0","1"
"12","千葉県","12228","四街道市","122280101000","たかおの杜","35.663006","140.213004","1","1"
"12","千葉県","12229","袖ヶ浦市","122290001000","阿部","35.375384","140.027851","0","1"
"12","千葉県","12229","袖ヶ浦市","122290002000","飯富","35.420167","139.985395","0","1"
"12","千葉県","12229","袖ヶ浦市","122290003000","今井","35.442099","139.977297","0","1"
"12","千葉県","12229","袖ヶ浦市","122290004001","今井一丁目","35.440706","139.977396","0","3"
"12","千葉県","12229","袖ヶ浦市","122290004002","今井二丁目","35.441722","139.977809","0","3"
"12","千葉県","12229","袖ヶ浦市","122290004003","今井三丁目","35.439185","139.969907","0","3"
"12","千葉県","12229","袖ヶ浦市","122290005000","岩井","35.409900","140.021954","0","1"
"12","千葉県","12229","袖ヶ浦市","122290006000","打越","35.374557","140.021427","0","1"
"12","千葉県","12229","袖ヶ浦市","122290007000","永地","35.403190","140.031046","0","1"
"12","千葉県","12229","袖ヶ浦市","122290008000","大竹","35.367203","140.019470","0","1"
"12","千葉県","12229","袖ヶ浦市","122290009000","大鳥居","35.391005","140.001201","0","1"
"12","千葉県","12229","袖ヶ浦市","122290010000","大曽根","35.414299","140.012185","0","1"
"12","千葉県","12229","袖ヶ浦市","122290011000","勝","35.409997","140.016756","0","1"
"12","千葉県","12229","袖ヶ浦市","122290012000","上泉","35.409773","140.047320","0","1"
"12","千葉県","12229","袖ヶ浦市","122290013000","上宮田","35.354113","140.018154","0","1"
"12","千葉県","12229","袖ヶ浦市","122290014000","川原井","35.414167","140.075957","0","1"
"12","千葉県","12229","袖ヶ浦市","122290015000","神納","35.428594","139.977434","0","1"
"12","千葉県","12229","袖ヶ浦市","122290016001","神納一丁目","35.423577","139.958756","0","3"
"12","千葉県","12229","袖ヶ浦市","122290016002","神納二丁目","35.422173","139.960516","0","3"
"12","千葉県","12229","袖ヶ浦市","122290017000","北袖","35.467395","140.011293","0","1"
"12","千葉県","12229","袖ヶ浦市","122290018000","久保田","35.449696","140.016003","0","1"
"12","千葉県","12229","袖ヶ浦市","122290019001","久保田一丁目","35.451736","140.003973","0","3"
"12","千葉県","12229","袖ヶ浦市","122290019002","久保田二丁目","35.450806","140.006918","0","3"
"12","千葉県","12229","袖ヶ浦市","122290020000","蔵波","35.434261","140.012416","0","1"
"12","千葉県","12229","袖ヶ浦市","122290021001","蔵波台一丁目","35.443642","139.988058","0","3"
"12","千葉県","12229","袖ヶ浦市","122290021002","蔵波台二丁目","35.441731","139.990454","0","3"
"12","千葉県","12229","袖ヶ浦市","122290021003","蔵波台三丁目","35.445240","139.992651","0","3"
"12","千葉県","12229","袖ヶ浦市","122290021004","蔵波台四丁目","35.441782","139.997028","0","3"
"12","千葉県","12229","袖ヶ浦市","122290021005","蔵波台五丁目","35.439502","139.995309","0","3"
"12","千葉県","12229","袖ヶ浦市","122290021006","蔵波台六丁目","35.438473","140.001214","0","3"
"12","千葉県","12229","袖ヶ浦市","122290021007","蔵波台七丁目","35.441829","140.002520","0","3"
"12","千葉県","12229","袖ヶ浦市","122290022000","坂戸市場","35.426415","139.949350","0","1"
"12","千葉県","12229","袖ヶ浦市","122290023000","三箇","35.386499","140.048967","0","1"
"12","千葉県","12229","袖ヶ浦市","122290024000","椎の森","35.448355","140.027534","0","1"
"12","千葉県","12229","袖ヶ浦市","122290025000","下泉","35.415778","140.034946","0","1"
"12","千葉県","12229","袖ヶ浦市","122290026000","下新田","35.415476","139.997278","0","1"
"12","千葉県","12229","袖ヶ浦市","122290027000","下根岸","35.369648","140.032186","0","1"
"12","千葉県","12229","袖ヶ浦市","122290028000","下宮田","35.353285","140.005660","0","1"
"12","千葉県","12229","袖ヶ浦市","122290029000","代宿","35.456744","140.024882","0","1"
"12","千葉県","12229","袖ヶ浦市","122290030000","高谷","35.388682","140.065505","0","1"
"12","千葉県","12229","袖ヶ浦市","122290031000","滝の口","35.379589","140.006478","0","1"
"12","千葉県","12229","袖ヶ浦市","122290032000","玉野","35.368083","140.001909","0","1"
"12","千葉県","12229","袖ヶ浦市","122290033000","百目木","35.378505","140.040358","0","1"
"12","千葉県","12229","袖ヶ浦市","122290034000","堂谷","35.381434","140.030055","0","1"
"12","千葉県","12229","袖ヶ浦市","122290035000","長浦","35.450415","139.982474","0","1"
"12","千葉県","12229","袖ヶ浦市","122290036001","長浦駅前一丁目","35.450642","139.997911","0","3"
"12","千葉県","12229","袖ヶ浦市","122290036002","長浦駅前二丁目","35.449863","140.001249","0","3"
"12","千葉県","12229","袖ヶ浦市","122290036003","長浦駅前三丁目","35.447188","140.002218","0","3"
"12","千葉県","12229","袖ヶ浦市","122290036004","長浦駅前四丁目","35.444468","140.003646","0","3"
"12","千葉県","12229","袖ヶ浦市","122290036005","長浦駅前五丁目","35.447318","140.005163","0","3"
"12","千葉県","12229","袖ヶ浦市","122290036006","長浦駅前六丁目","35.448397","140.007032","0","3"
"12","千葉県","12229","袖ヶ浦市","122290036007","長浦駅前七丁目","35.448414","140.009940","0","3"
"12","千葉県","12229","袖ヶ浦市","122290036008","長浦駅前八丁目","35.445604","140.009513","0","3"
"12","千葉県","12229","袖ヶ浦市","122290037000","中袖","35.462640","139.979912","0","1"
"12","千葉県","12229","袖ヶ浦市","122290038000","永吉","35.407857","140.057494","0","1"
"12","千葉県","12229","袖ヶ浦市","122290039000","奈良輪","35.434822","139.960315","0","1"
"12","千葉県","12229","袖ヶ浦市","122290040001","奈良輪一丁目","35.430617","139.956863","0","3"
"12","千葉県","12229","袖ヶ浦市","122290040002","奈良輪二丁目","35.431661","139.959870","0","3"
"12","千葉県","12229","袖ヶ浦市","122290041000","野里","35.396317","140.042418","0","1"
"12","千葉県","12229","袖ヶ浦市","122290042000","のぞみ野","35.419488","140.026310","0","1"
"12","千葉県","12229","袖ヶ浦市","122290043000","野田","35.427377","140.012325","0","1"
"12","千葉県","12229","袖ヶ浦市","122290044000","林","35.393683","140.078702","0","1"
"12","千葉県","12229","袖ヶ浦市","122290045001","福王台一丁目","35.427857","139.959776","0","3"
"12","千葉県","12229","袖ヶ浦市","122290045002","福王台二丁目","35.430093","139.962864","0","3"
"12","千葉県","12229","袖ヶ浦市","122290045003","福王台三丁目","35.428454","139.965688","0","3"
"12","千葉県","12229","袖ヶ浦市","122290045004","福王台四丁目","35.432693","139.969588","0","3"
"12","千葉県","12229","袖ヶ浦市","122290046000","三黒","35.398959","140.018668","0","1"
"12","千葉県","12229","袖ヶ浦市","122290047000","三ツ作","35.415682","140.004666","0","1"
"12","千葉県","12229","袖ヶ浦市","122290048000","南袖","35.449284","139.958846","0","1"
"12","千葉県","12229","袖ヶ浦市","122290049000","谷中","35.402336","140.018194","0","1"
"12","千葉県","12229","袖ヶ浦市","122290050000","横田","35.388458","140.023464","0","1"
"12","千葉県","12229","袖ヶ浦市","122290051000","吉野田","35.368828","140.008480","0","1"
"12","千葉県","12229","袖ヶ浦市","122290052001","袖ケ浦駅前一丁目","35.433300","139.955647","3","3"
"12","千葉県","12229","袖ヶ浦市","122290052002","袖ケ浦駅前二丁目","35.436555","139.953838","3","3"
"12","千葉県","12230","八街市","122300001000","朝日","35.675317","140.336397","0","1"
"12","千葉県","12230","八街市","122300002000","砂","35.612289","140.291448","0","1"
"12","千葉県","12230","八街市","122300003001","泉台一丁目","35.679958","140.295856","0","3"
"12","千葉県","12230","八街市","122300003002","泉台二丁目","35.680525","140.293533","0","3"
"12","千葉県","12230","八街市","122300003003","泉台三丁目","35.683340","140.296930","0","3"
"12","千葉県","12230","八街市","122300004000","榎戸","35.685281","140.300803","0","1"
"12","千葉県","12230","八街市","122300005000","大木","35.652183","140.322833","0","1"
"12","千葉県","12230","八街市","122300006000","大関","35.669135","140.294830","0","1"
"12","千葉県","12230","八街市","122300007000","大谷流","35.623321","140.284284","0","1"
"12","千葉県","12230","八街市","122300008000","岡田","35.643550","140.263455","0","1"
"12","千葉県","12230","八街市","122300009000","沖","35.599862","140.272390","0","1"
"12","千葉県","12230","八街市","122300010000","沖渡","35.665976","140.337138","0","1"
"12","千葉県","12230","八街市","122300011000","上砂","35.590717","140.291245","0","1"
"12","千葉県","12230","八街市","122300012000","雁丸","35.687531","140.316781","0","1"
"12","千葉県","12230","八街市","122300013000","木原","35.643018","140.322982","0","1"
"12","千葉県","12230","八街市","122300014000","希望ケ丘","35.643803","140.281100","0","1"
"12","千葉県","12230","八街市","122300015000","小谷流","35.618864","140.273113","0","1"
"12","千葉県","12230","八街市","122300016000","四木","35.609201","140.306575","0","1"
"12","千葉県","12230","八街市","122300017000","勢田","35.635157","140.282291","0","1"
"12","千葉県","12230","八街市","122300018000","滝台","35.589998","140.311955","0","1"
"12","千葉県","12230","八街市","122300019000","中央","35.664075","140.317968","0","1"
"12","千葉県","12230","八街市","122300020000","富山","35.671654","140.301735","0","1"
"12","千葉県","12230","八街市","122300021000","根古谷","35.637577","140.259033","0","1"
"12","千葉県","12230","八街市","122300022000","東吉田","35.641885","140.303579","0","1"
"12","千葉県","12230","八街市","122300023000","文違","35.680793","140.315109","0","1"
"12","千葉県","12230","八街市","122300024001","みどり台一丁目","35.681243","140.284937","0","3"
"12","千葉県","12230","八街市","122300024002","みどり台二丁目","35.683086","140.284357","0","3"
"12","千葉県","12230","八街市","122300025000","用草","35.638429","140.270227","0","1"
"12","千葉県","12230","八街市","122300026000","八街い","35.652882","140.264403","0","1"
"12","千葉県","12230","八街市","122300027000","八街に","35.665072","140.326918","0","1"
"12","千葉県","12230","八街市","122300028000","八街は","35.701601","140.306522","0","1"
"12","千葉県","12230","八街市","122300029000","八街へ","35.631306","140.316456","0","1"
"12","千葉県","12230","八街市","122300030000","八街ほ","35.655458","140.308830","0","1"
"12","千葉県","12230","八街市","122300031000","八街ろ","35.672893","140.274579","0","1"
"12","千葉県","12230","八街市","122300032000","山田台","35.580769","140.284725","0","1"
"12","千葉県","12230","八街市","122300033000","吉倉","35.626311","140.297900","0","1"
"12","千葉県","12231","印西市","122310001000","相嶋","35.844549","140.144523","0","1"
"12","千葉県","12231","印西市","122310002000","安食卜杭","35.834534","140.222518","0","1"
"12","千葉県","12231","印西市","122310003000","泉","35.810893","140.128976","0","1"
"12","千葉県","12231","印西市","122310004000","和泉","35.819921","140.124192","0","1"
"12","千葉県","12231","印西市","122310005001","泉野一丁目","35.804461","140.123437","0","3"
"12","千葉県","12231","印西市","122310005002","泉野二丁目","35.806417","140.125447","0","3"
"12","千葉県","12231","印西市","122310005003","泉野三丁目","35.806326","140.128964","0","3"
"12","千葉県","12231","印西市","122310006000","和泉屋","35.821820","140.216568","0","1"
"12","千葉県","12231","印西市","122310007000","岩戸","35.766949","140.169334","0","1"
"12","千葉県","12231","印西市","122310008000","岩戸干拓","35.751730","140.167456","0","1"
"12","千葉県","12231","印西市","122310009001","内野一丁目","35.796191","140.127024","0","3"
"12","千葉県","12231","印西市","122310009002","内野二丁目","35.794783","140.122923","0","3"
"12","千葉県","12231","印西市","122310009003","内野三丁目","35.789679","140.124062","0","3"
"12","千葉県","12231","印西市","122310010000","浦幡新田","35.812271","140.103196","0","1"
"12","千葉県","12231","印西市","122310011000","浦部","35.823487","140.104791","0","1"
"12","千葉県","12231","印西市","122310012000","浦部村新田","35.830138","140.102512","0","1"
"12","千葉県","12231","印西市","122310013001","大塚一丁目","35.804564","140.119768","0","3"
"12","千葉県","12231","印西市","122310013002","大塚二丁目","35.808285","140.117870","0","3"
"12","千葉県","12231","印西市","122310013003","大塚三丁目","35.812722","140.121557","0","3"
"12","千葉県","12231","印西市","122310014000","大廻","35.781123","140.182524","0","1"
"12","千葉県","12231","印西市","122310015000","大森","35.827121","140.142079","0","1"
"12","千葉県","12231","印西市","122310016000","小倉","35.816579","140.114629","0","1"
"12","千葉県","12231","印西市","122310017001","小倉台一丁目","35.805064","140.114476","0","3"
"12","千葉県","12231","印西市","122310017002","小倉台二丁目","35.803769","140.110242","0","3"
"12","千葉県","12231","印西市","122310017003","小倉台三丁目","35.805828","140.110421","0","3"
"12","千葉県","12231","印西市","122310017004","小倉台四丁目","35.807148","140.113736","0","3"
"12","千葉県","12231","印西市","122310018000","押付","35.819301","140.211511","0","1"
"12","千葉県","12231","印西市","122310019000","鹿黒","35.823127","140.132986","0","1"
"12","千葉県","12231","印西市","122310020001","鹿黒南一丁目","35.814812","140.129322","0","3"
"12","千葉県","12231","印西市","122310020002","鹿黒南二丁目","35.817863","140.132405","0","3"
"12","千葉県","12231","印西市","122310020003","鹿黒南三丁目","35.817454","140.136927","0","3"
"12","千葉県","12231","印西市","122310020004","鹿黒南四丁目","35.813907","140.137429","0","3"
"12","千葉県","12231","印西市","122310020005","鹿黒南五丁目","35.812952","140.134917","0","3"
"12","千葉県","12231","印西市","122310021000","笠神","35.821597","140.204397","0","1"
"12","千葉県","12231","印西市","122310022000","鎌苅","35.777168","140.194401","0","1"
"12","千葉県","12231","印西市","122310023000","鎌苅干拓","35.769402","140.203493","0","1"
"12","千葉県","12231","印西市","122310024000","亀成","35.827786","140.123505","0","1"
"12","千葉県","12231","印西市","122310025000","川向","35.824551","140.210757","0","1"
"12","千葉県","12231","印西市","122310026000","木下","35.839234","140.155241","0","1"
"12","千葉県","12231","印西市","122310027001","木下東一丁目","35.840809","140.159421","0","3"
"12","千葉県","12231","印西市","122310027002","木下東二丁目","35.840779","140.161943","0","3"
"12","千葉県","12231","印西市","122310027003","木下東三丁目","35.841725","140.166012","0","3"
"12","千葉県","12231","印西市","122310027004","木下東四丁目","35.841112","140.168467","0","3"
"12","千葉県","12231","印西市","122310028001","木下南一丁目","35.835926","140.152684","0","3"
"12","千葉県","12231","印西市","122310028002","木下南二丁目","35.834446","140.152157","0","3"
"12","千葉県","12231","印西市","122310029001","木刈一丁目","35.808983","140.111618","0","3"
"12","千葉県","12231","印西市","122310029002","木刈二丁目","35.808282","140.107851","0","3"
"12","千葉県","12231","印西市","122310029003","木刈三丁目","35.811214","140.108930","0","3"
"12","千葉県","12231","印西市","122310029004","木刈四丁目","35.809876","140.103379","0","3"
"12","千葉県","12231","印西市","122310029005","木刈五丁目","35.807656","140.101706","0","3"
"12","千葉県","12231","印西市","122310029006","木刈六丁目","35.806311","140.105167","0","3"
"12","千葉県","12231","印西市","122310029007","木刈七丁目","35.804553","140.102919","0","3"
"12","千葉県","12231","印西市","122310030000","行徳","35.814014","140.214619","0","1"
"12","千葉県","12231","印西市","122310031000","結縁寺","35.787950","140.140709","0","1"
"12","千葉県","12231","印西市","122310032000","高西新田","35.814105","140.093753","0","1"
"12","千葉県","12231","印西市","122310033000","荒野","35.794945","140.197223","0","1"
"12","千葉県","12231","印西市","122310034000","小林","35.829213","140.187081","0","1"
"12","千葉県","12231","印西市","122310035001","小林北一丁目","35.833349","140.190873","0","3"
"12","千葉県","12231","印西市","122310035002","小林北二丁目","35.831723","140.193369","0","3"
"12","千葉県","12231","印西市","122310035003","小林北三丁目","35.831788","140.196182","0","3"
"12","千葉県","12231","印西市","122310035004","小林北四丁目","35.830112","140.195215","0","3"
"12","千葉県","12231","印西市","122310035005","小林北五丁目","35.830974","140.198005","0","3"
"12","千葉県","12231","印西市","122310035006","小林北六丁目","35.829829","140.199465","0","3"
"12","千葉県","12231","印西市","122310036001","小林浅間一丁目","35.827399","140.192782","0","3"
"12","千葉県","12231","印西市","122310036002","小林浅間二丁目","35.825283","140.191534","0","3"
"12","千葉県","12231","印西市","122310036003","小林浅間三丁目","35.826294","140.193878","0","3"
"12","千葉県","12231","印西市","122310037001","小林大門下一丁目","35.822436","140.188317","0","3"
"12","千葉県","12231","印西市","122310037002","小林大門下二丁目","35.822705","140.183772","0","3"
"12","千葉県","12231","印西市","122310037003","小林大門下三丁目","35.821037","140.185315","0","3"
"12","千葉県","12231","印西市","122310038000","酒直卜杭","35.827740","140.230598","0","1"
"12","千葉県","12231","印西市","122310039000","桜野","35.805296","140.219425","0","1"
"12","千葉県","12231","印西市","122310040000","佐野屋","35.823636","140.211834","0","1"
"12","千葉県","12231","印西市","122310041000","下井","35.814190","140.241342","0","1"
"12","千葉県","12231","印西市","122310042000","下曽根","35.816673","140.215769","0","1"
"12","千葉県","12231","印西市","122310043000","将監","35.834388","140.208438","0","1"
"12","千葉県","12231","印西市","122310044000","白幡","35.816702","140.103170","0","1"
"12","千葉県","12231","印西市","122310045000","白幡飛地","35.808016","140.099270","0","1"
"12","千葉県","12231","印西市","122310046000","甚兵衛","35.818329","140.226065","0","1"
"12","千葉県","12231","印西市","122310047000","瀬戸","35.772920","140.214937","0","1"
"12","千葉県","12231","印西市","122310048000","瀬戸干拓","35.766420","140.215181","0","1"
"12","千葉県","12231","印西市","122310049000","浅間前","35.844385","140.145145","0","1"
"12","千葉県","12231","印西市","122310050000","草深","35.792028","140.156342","0","1"
"12","千葉県","12231","印西市","122310051000","惣深新田飛地","35.784253","140.184432","0","1"
"12","千葉県","12231","印西市","122310052000","宗甫","35.814968","140.165971","0","1"
"12","千葉県","12231","印西市","122310053001","高花一丁目","35.797293","140.135264","0","3"
"12","千葉県","12231","印西市","122310053002","高花二丁目","35.798838","140.139139","0","3"
"12","千葉県","12231","印西市","122310053003","高花三丁目","35.798649","140.142253","0","3"
"12","千葉県","12231","印西市","122310053004","高花四丁目","35.794928","140.140184","0","3"
"12","千葉県","12231","印西市","122310053005","高花五丁目","35.794883","140.135720","0","3"
"12","千葉県","12231","印西市","122310053006","高花六丁目","35.791839","140.143271","0","3"
"12","千葉県","12231","印西市","122310054000","滝","35.815392","140.179607","0","1"
"12","千葉県","12231","印西市","122310055001","滝野一丁目","35.811029","140.178838","0","3"
"12","千葉県","12231","印西市","122310055002","滝野二丁目","35.808597","140.179117","0","3"
"12","千葉県","12231","印西市","122310055003","滝野三丁目","35.807355","140.176858","0","3"
"12","千葉県","12231","印西市","122310055004","滝野四丁目","35.807150","140.172936","0","3"
"12","千葉県","12231","印西市","122310055005","滝野五丁目","35.809037","140.173735","0","3"
"12","千葉県","12231","印西市","122310055006","滝野六丁目","35.810796","140.173589","0","3"
"12","千葉県","12231","印西市","122310055007","滝野七丁目","35.812133","140.175882","0","3"
"12","千葉県","12231","印西市","122310056000","竹袋","35.831392","140.159495","0","1"
"12","千葉県","12231","印西市","122310057000","多々羅田","35.793417","140.129278","0","1"
"12","千葉県","12231","印西市","122310058000","立埜原","35.821037","140.220919","0","1"
"12","千葉県","12231","印西市","122310059001","中央北一丁目","35.802802","140.116048","0","3"
"12","千葉県","12231","印西市","122310059002","中央北二丁目","35.800827","140.113320","0","3"
"12","千葉県","12231","印西市","122310059003","中央北三丁目","35.802222","140.112162","0","3"
"12","千葉県","12231","印西市","122310060001","中央南一丁目","35.799583","140.117414","0","3"
"12","千葉県","12231","印西市","122310060002","中央南二丁目","35.798217","140.113660","0","3"
"12","千葉県","12231","印西市","122310061000","造谷","35.789765","140.179868","0","1"
"12","千葉県","12231","印西市","122310062001","つくりや台一丁目","35.796866","140.179506","0","3"
"12","千葉県","12231","印西市","122310062002","つくりや台二丁目","35.793159","140.183864","0","3"
"12","千葉県","12231","印西市","122310063000","角田","35.788743","140.192670","0","1"
"12","千葉県","12231","印西市","122310064000","戸神","35.788246","140.116351","0","1"
"12","千葉県","12231","印西市","122310065001","戸神台一丁目","35.796169","140.118224","0","3"
"12","千葉県","12231","印西市","122310065002","戸神台二丁目","35.795448","140.115044","0","3"
"12","千葉県","12231","印西市","122310066000","中","35.812226","140.221631","0","1"
"12","千葉県","12231","印西市","122310067000","中田切","35.828642","140.218644","0","1"
"12","千葉県","12231","印西市","122310068000","長門屋","35.809994","140.232850","0","1"
"12","千葉県","12231","印西市","122310069000","中根","35.808391","140.197950","0","1"
"12","千葉県","12231","印西市","122310070001","西の原一丁目","35.803481","140.157488","0","3"
"12","千葉県","12231","印西市","122310070002","西の原二丁目","35.800195","140.155234","0","3"
"12","千葉県","12231","印西市","122310070003","西の原三丁目","35.803448","140.153378","0","3"
"12","千葉県","12231","印西市","122310070004","西の原四丁目","35.802957","140.149901","0","3"
"12","千葉県","12231","印西市","122310070005","西の原五丁目","35.804575","140.143634","0","3"
"12","千葉県","12231","印西市","122310071000","萩埜","35.814635","140.225247","0","1"
"12","千葉県","12231","印西市","122310072000","萩原","35.800793","140.215138","0","1"
"12","千葉県","12231","印西市","122310073000","萩原干拓","35.804666","140.226965","0","1"
"12","千葉県","12231","印西市","122310074001","原一丁目","35.803356","140.164151","0","3"
"12","千葉県","12231","印西市","122310074002","原二丁目","35.800598","140.165627","0","3"
"12","千葉県","12231","印西市","122310074003","原三丁目","35.799195","140.165452","0","3"
"12","千葉県","12231","印西市","122310074004","原四丁目","35.800000","140.160923","0","3"
"12","千葉県","12231","印西市","122310075001","原山一丁目","35.800855","140.124669","0","3"
"12","千葉県","12231","印西市","122310075002","原山二丁目","35.802274","140.130172","0","3"
"12","千葉県","12231","印西市","122310075003","原山三丁目","35.798320","140.130726","0","3"
"12","千葉県","12231","印西市","122310076001","東の原一丁目","35.800551","140.173512","0","3"
"12","千葉県","12231","印西市","122310076002","東の原二丁目","35.799471","140.170313","0","3"
"12","千葉県","12231","印西市","122310076003","東の原三丁目","35.795146","140.171347","0","3"
"12","千葉県","12231","印西市","122310077000","平岡","35.833883","140.173267","0","1"
"12","千葉県","12231","印西市","122310078000","平賀","35.759791","140.245624","0","1"
"12","千葉県","12231","印西市","122310079001","平賀学園台一丁目","35.747075","140.255302","0","3"
"12","千葉県","12231","印西市","122310079002","平賀学園台二丁目","35.751360","140.250480","0","3"
"12","千葉県","12231","印西市","122310079003","平賀学園台三丁目","35.750447","140.248114","0","3"
"12","千葉県","12231","印西市","122310080000","平賀干拓","35.742309","140.261778","0","1"
"12","千葉県","12231","印西市","122310081000","船尾","35.784263","140.128090","0","1"
"12","千葉県","12231","印西市","122310082000","別所","35.822964","140.157339","0","1"
"12","千葉県","12231","印西市","122310083000","発作","35.838814","140.119027","0","1"
"12","千葉県","12231","印西市","122310084001","舞姫一丁目","35.783901","140.202800","0","3"
"12","千葉県","12231","印西市","122310084002","舞姫二丁目","35.783893","140.205026","0","3"
"12","千葉県","12231","印西市","122310084003","舞姫三丁目","35.784962","140.207579","0","3"
"12","千葉県","12231","印西市","122310085001","牧の木戸一丁目","35.809521","140.115092","0","3"
"12","千葉県","12231","印西市","122310086001","牧の台一丁目","35.815973","140.163640","0","3"
"12","千葉県","12231","印西市","122310086002","牧の台二丁目","35.815744","140.158992","0","3"
"12","千葉県","12231","印西市","122310086003","牧の台三丁目","35.813871","140.154823","0","3"
"12","千葉県","12231","印西市","122310087001","牧の原一丁目","35.805387","140.164870","0","3"
"12","千葉県","12231","印西市","122310087002","牧の原二丁目","35.807000","140.155776","0","3"
"12","千葉県","12231","印西市","122310087003","牧の原三丁目","35.809501","140.158855","0","3"
"12","千葉県","12231","印西市","122310087004","牧の原四丁目","35.808370","140.164546","0","3"
"12","千葉県","12231","印西市","122310087005","牧の原五丁目","35.809887","140.168330","0","3"
"12","千葉県","12231","印西市","122310087006","牧の原六丁目","35.803319","140.173292","0","3"
"12","千葉県","12231","印西市","122310088000","松木","35.831072","140.215674","0","1"
"12","千葉県","12231","印西市","122310089000","松崎","35.776929","140.139594","0","1"
"12","千葉県","12231","印西市","122310090001","松崎台一丁目","35.783845","140.144981","0","3"
"12","千葉県","12231","印西市","122310090002","松崎台二丁目","35.780135","140.146214","0","3"
"12","千葉県","12231","印西市","122310091000","松虫","35.789247","140.215545","0","1"
"12","千葉県","12231","印西市","122310092001","美瀬一丁目","35.780994","140.206194","0","3"
"12","千葉県","12231","印西市","122310092002","美瀬二丁目","35.783938","140.208735","0","3"
"12","千葉県","12231","印西市","122310093001","みどり台一丁目","35.797698","140.185766","0","3"
"12","千葉県","12231","印西市","122310093002","みどり台二丁目","35.792672","140.191232","0","3"
"12","千葉県","12231","印西市","122310093003","みどり台三丁目","35.792277","140.187855","0","3"
"12","千葉県","12231","印西市","122310094000","武西","35.788063","140.106019","0","1"
"12","千葉県","12231","印西市","122310095001","武西学園台一丁目","35.797212","140.110856","0","3"
"12","千葉県","12231","印西市","122310095002","武西学園台二丁目","35.794426","140.108943","0","3"
"12","千葉県","12231","印西市","122310095003","武西学園台三丁目","35.793478","140.112487","0","3"
"12","千葉県","12231","印西市","122310096000","本埜小林","35.831772","140.205188","0","1"
"12","千葉県","12231","印西市","122310097000","物木","35.819129","140.188010","0","1"
"12","千葉県","12231","印西市","122310098000","師戸","35.759212","140.188181","0","1"
"12","千葉県","12231","印西市","122310099000","師戸干拓","35.757345","140.191910","0","1"
"12","千葉県","12231","印西市","122310100000","山田","35.769741","140.234557","0","1"
"12","千葉県","12231","印西市","122310101000","山田干拓一区","35.757426","140.227560","0","1"
"12","千葉県","12231","印西市","122310102000","山田干拓二区","35.782070","140.250495","0","1"
"12","千葉県","12231","印西市","122310103000","山平一区","35.774973","140.254808","0","1"
"12","千葉県","12231","印西市","122310104000","山平二区","35.780527","140.246379","0","1"
"12","千葉県","12231","印西市","122310105000","吉田","35.770321","140.152113","0","1"
"12","千葉県","12231","印西市","122310106000","吉高","35.791211","140.235333","0","1"
"12","千葉県","12231","印西市","122310107000","吉高干拓","35.796094","140.243043","0","1"
"12","千葉県","12231","印西市","122310108000","吉田干拓","35.761041","140.152235","0","1"
"12","千葉県","12231","印西市","122310109000","竜腹寺","35.802718","140.185749","0","1"
"12","千葉県","12231","印西市","122310110001","若萩一丁目","35.787243","140.206314","0","3"
"12","千葉県","12231","印西市","122310110002","若萩二丁目","35.790821","140.205112","0","3"
"12","千葉県","12231","印西市","122310110003","若萩三丁目","35.789178","140.207689","0","3"
"12","千葉県","12231","印西市","122310110004","若萩四丁目","35.789349","140.211162","0","3"
"12","千葉県","12232","白井市","122320001001","池の上一丁目","35.776788","140.055206","0","3"
"12","千葉県","12232","白井市","122320001002","池の上二丁目","35.778175","140.049078","0","3"
"12","千葉県","12232","白井市","122320001003","池の上三丁目","35.776006","140.049408","0","3"
"12","千葉県","12232","白井市","122320002000","今井","35.831733","140.069767","0","1"
"12","千葉県","12232","白井市","122320003001","大山口一丁目","35.785817","140.023603","0","3"
"12","千葉県","12232","白井市","122320003002","大山口二丁目","35.788054","140.024855","0","3"
"12","千葉県","12232","白井市","122320004000","折立","35.806738","140.043436","0","1"
"12","千葉県","12232","白井市","122320005000","河原子","35.814847","140.063336","0","1"
"12","千葉県","12232","白井市","122320006000","木","35.800725","140.051327","0","1"
"12","千葉県","12232","白井市","122320007000","清戸","35.795667","140.088601","0","1"
"12","千葉県","12232","白井市","122320008001","けやき台一丁目","35.783298","140.032126","0","3"
"12","千葉県","12232","白井市","122320008002","けやき台二丁目","35.782220","140.032473","0","3"
"12","千葉県","12232","白井市","122320009001","桜台一丁目","35.798600","140.107031","0","3"
"12","千葉県","12232","白井市","122320009002","桜台二丁目","35.800685","140.106294","0","3"
"12","千葉県","12232","白井市","122320009003","桜台三丁目","35.802711","140.103085","0","3"
"12","千葉県","12232","白井市","122320009004","桜台四丁目","35.799672","140.101703","0","3"
"12","千葉県","12232","白井市","122320009005","桜台五丁目","35.799053","140.099494","0","3"
"12","千葉県","12232","白井市","122320010001","笹塚一丁目","35.786637","140.056502","0","3"
"12","千葉県","12232","白井市","122320010002","笹塚二丁目","35.786560","140.054075","0","3"
"12","千葉県","12232","白井市","122320010003","笹塚三丁目","35.788249","140.054395","0","3"
"12","千葉県","12232","白井市","122320011000","神々廻","35.804313","140.079370","0","1"
"12","千葉県","12232","白井市","122320012001","清水口一丁目","35.785693","140.035023","0","3"
"12","千葉県","12232","白井市","122320012002","清水口二丁目","35.787638","140.033138","0","3"
"12","千葉県","12232","白井市","122320012003","清水口三丁目","35.787722","140.037849","0","3"
"12","千葉県","12232","白井市","122320013000","白井","35.802228","140.064422","0","1"
"12","千葉県","12232","白井市","122320014001","大松一丁目","35.782152","140.023083","0","3"
"12","千葉県","12232","白井市","122320015000","富塚","35.814161","140.038870","0","1"
"12","千葉県","12232","白井市","122320016000","十余一","35.811025","140.088928","0","1"
"12","千葉県","12232","白井市","122320017000","名内","35.827666","140.064767","0","1"
"12","千葉県","12232","白井市","122320018000","中","35.820993","140.050552","0","1"
"12","千葉県","12232","白井市","122320019001","七次台一丁目","35.794136","140.040338","0","3"
"12","千葉県","12232","白井市","122320019002","七次台二丁目","35.793003","140.041751","0","3"
"12","千葉県","12232","白井市","122320019003","七次台三丁目","35.798865","140.043166","0","3"
"12","千葉県","12232","白井市","122320019004","七次台四丁目","35.799251","140.047075","0","3"
"12","千葉県","12232","白井市","122320020001","西白井一丁目","35.792905","140.027174","0","3"
"12","千葉県","12232","白井市","122320020002","西白井二丁目","35.796933","140.029605","0","3"
"12","千葉県","12232","白井市","122320020003","西白井三丁目","35.800246","140.032055","0","3"
"12","千葉県","12232","白井市","122320020004","西白井四丁目","35.804172","140.032685","0","3"
"12","千葉県","12232","白井市","122320021000","根","35.787522","140.046290","0","1"
"12","千葉県","12232","白井市","122320022000","野口","35.796765","140.044886","0","1"
"12","千葉県","12232","白井市","122320023000","平塚","35.822554","140.079685","0","1"
"12","千葉県","12232","白井市","122320024000","復","35.783794","140.065919","0","1"
"12","千葉県","12232","白井市","122320025000","冨士","35.772917","140.023377","0","1"
"12","千葉県","12232","白井市","122320026001","堀込一丁目","35.781818","140.054088","0","3"
"12","千葉県","12232","白井市","122320026002","堀込二丁目","35.781835","140.051335","0","3"
"12","千葉県","12232","白井市","122320026003","堀込三丁目","35.780586","140.047597","0","3"
"12","千葉県","12232","白井市","122320027001","南山一丁目","35.782236","140.058877","0","3"
"12","千葉県","12232","白井市","122320027002","南山二丁目","35.782675","140.063846","0","3"
"12","千葉県","12232","白井市","122320027003","南山三丁目","35.780302","140.061084","0","3"
"12","千葉県","12232","白井市","122320028000","武西","35.795819","140.103573","0","1"
"12","千葉県","12232","白井市","122320029000","谷田","35.790777","140.095648","0","1"
"12","千葉県","12233","富里市","122330001000","大和","35.751151","140.348095","0","1"
"12","千葉県","12233","富里市","122330002000","久能","35.755982","140.336477","0","1"
"12","千葉県","12233","富里市","122330003000","高野","35.705719","140.348381","0","1"
"12","千葉県","12233","富里市","122330004000","御料","35.719603","140.371658","0","1"
"12","千葉県","12233","富里市","122330005000","新中沢","35.707210","140.313547","0","1"
"12","千葉県","12233","富里市","122330006000","高松","35.697278","140.326685","0","1"
"12","千葉県","12233","富里市","122330007000","立沢","35.708007","140.329706","0","1"
"12","千葉県","12233","富里市","122330008000","立沢新田","35.714778","140.336862","0","1"
"12","千葉県","12233","富里市","122330009000","十倉","35.700954","140.362823","0","1"
"12","千葉県","12233","富里市","122330010000","中沢","35.717157","140.311275","0","1"
"12","千葉県","12233","富里市","122330011000","七栄","35.738951","140.326155","0","1"
"12","千葉県","12233","富里市","122330012000","新橋","35.724419","140.300893","0","1"
"12","千葉県","12233","富里市","122330013000","根木名","35.735820","140.352686","0","1"
"12","千葉県","12233","富里市","122330014000","日吉倉","35.761814","140.325188","0","1"
"12","千葉県","12233","富里市","122330015001","日吉台一丁目","35.772766","140.322105","0","3"
"12","千葉県","12233","富里市","122330015002","日吉台二丁目","35.772293","140.320191","0","3"
"12","千葉県","12233","富里市","122330015003","日吉台三丁目","35.765381","140.322692","0","3"
"12","千葉県","12233","富里市","122330015004","日吉台四丁目","35.767029","140.319924","0","3"
"12","千葉県","12233","富里市","122330015005","日吉台五丁目","35.762290","140.318183","0","3"
"12","千葉県","12233","富里市","122330015006","日吉台六丁目","35.763333","140.315350","0","3"
"12","千葉県","12233","富里市","122330016000","美沢","35.713553","140.321284","0","1"
"12","千葉県","12234","南房総市","122340001000","明石","35.024192","139.901215","0","1"
"12","千葉県","12234","南房総市","122340002000","荒川","35.115460","139.939622","0","1"
"12","千葉県","12234","南房総市","122340003000","安馬谷","35.007375","139.961229","0","1"
"12","千葉県","12234","南房総市","122340004000","池之内","35.027034","139.909627","0","1"
"12","千葉県","12234","南房総市","122340005000","石神","35.036369","139.955676","0","1"
"12","千葉県","12234","南房総市","122340006000","石堂","35.049667","139.956950","0","1"
"12","千葉県","12234","南房総市","122340007000","石堂原","35.060807","139.965701","0","1"
"12","千葉県","12234","南房総市","122340008000","市部","35.093992","139.855267","0","1"
"12","千葉県","12234","南房総市","122340009000","犬掛","35.078020","139.903802","0","1"
"12","千葉県","12234","南房総市","122340010000","井野","35.107480","139.891569","0","1"
"12","千葉県","12234","南房総市","122340011000","岩糸","35.027435","139.967189","0","1"
"12","千葉県","12234","南房総市","122340012000","海老敷","35.046375","139.913017","0","1"
"12","千葉県","12234","南房総市","122340013000","大井","35.093017","139.975503","0","1"
"12","千葉県","12234","南房総市","122340014000","大学口","35.036660","139.905157","0","1"
"12","千葉県","12234","南房総市","122340015000","小戸","35.042884","139.971211","0","1"
"12","千葉県","12234","南房総市","122340016000","上滝田","35.069900","139.902247","0","1"
"12","千葉県","12234","南房総市","122340017000","上堀","35.040315","139.885546","0","1"
"12","千葉県","12234","南房総市","122340018000","加茂","35.012453","139.947351","0","1"
"12","千葉県","12234","南房総市","122340019000","川上","35.106847","139.906750","0","1"
"12","千葉県","12234","南房総市","122340020000","川田","35.032472","139.897218","0","1"
"12","千葉県","12234","南房総市","122340021000","川谷","35.074143","139.966571","0","1"
"12","千葉県","12234","南房総市","122340022000","久枝","35.094156","139.844258","0","1"
"12","千葉県","12234","南房総市","122340023000","沓見","35.025275","139.942108","0","1"
"12","千葉県","12234","南房総市","122340024000","久保","35.000625","139.943686","0","1"
"12","千葉県","12234","南房総市","122340025000","検儀谷","35.104344","139.855248","0","1"
"12","千葉県","12234","南房総市","122340026000","合戸","35.093694","139.872736","0","1"
"12","千葉県","12234","南房総市","122340027000","小浦","35.075807","139.835822","0","1"
"12","千葉県","12234","南房総市","122340028000","下滝田","35.054545","139.894529","0","1"
"12","千葉県","12234","南房総市","122340029000","下堀","35.025705","139.888165","0","1"
"12","千葉県","12234","南房総市","122340030000","珠師ケ谷","35.056876","139.969914","0","1"
"12","千葉県","12234","南房総市","122340031000","白子","35.004740","139.974167","0","1"
"12","千葉県","12234","南房総市","122340032000","白浜町乙浜","34.916562","139.922848","0","1"
"12","千葉県","12234","南房総市","122340033000","白浜町白浜","34.917845","139.899971","0","1"
"12","千葉県","12234","南房総市","122340034000","白浜町滝口","34.913541","139.865606","0","1"
"12","千葉県","12234","南房総市","122340035000","白浜町根本","34.908805","139.838715","0","1"
"12","千葉県","12234","南房総市","122340036000","千代","35.037233","139.897657","0","1"
"12","千葉県","12234","南房総市","122340037000","高崎竹内","35.081529","139.856429","0","1"
"12","千葉県","12234","南房総市","122340038000","竹内","35.089298","139.851678","0","1"
"12","千葉県","12234","南房総市","122340039000","千倉町宇田","34.990496","139.939178","0","1"
"12","千葉県","12234","南房総市","122340040000","千倉町大川","34.934247","139.933804","0","1"
"12","千葉県","12234","南房総市","122340041000","千倉町大貫","34.968970","139.918651","0","1"
"12","千葉県","12234","南房総市","122340042000","千倉町川合","34.990004","139.961348","0","1"
"12","千葉県","12234","南房総市","122340043000","千倉町川口","34.943279","139.947408","0","1"
"12","千葉県","12234","南房総市","122340044000","千倉町川戸","34.973489","139.939375","0","1"
"12","千葉県","12234","南房総市","122340045000","千倉町北朝夷","34.968369","139.950749","0","1"
"12","千葉県","12234","南房総市","122340046000","千倉町久保","34.998567","139.954015","0","1"
"12","千葉県","12234","南房総市","122340047000","千倉町忽戸","34.947765","139.960042","0","1"
"12","千葉県","12234","南房総市","122340048000","千倉町白子","34.990034","139.967940","0","1"
"12","千葉県","12234","南房総市","122340049000","千倉町白間津","34.922744","139.933144","0","1"
"12","千葉県","12234","南房総市","122340050000","千倉町瀬戸","34.980333","139.958929","0","1"
"12","千葉県","12234","南房総市","122340051000","千倉町千田","34.934259","139.948581","0","1"
"12","千葉県","12234","南房総市","122340052000","千倉町平磯","34.938335","139.954470","0","1"
"12","千葉県","12234","南房総市","122340053000","千倉町平舘","34.954160","139.958899","0","1"
"12","千葉県","12234","南房総市","122340054000","千倉町牧田","34.975749","139.950915","0","1"
"12","千葉県","12234","南房総市","122340055000","千倉町南朝夷","34.953335","139.930563","0","1"
"12","千葉県","12234","南房総市","122340056000","富浦町青木","35.070314","139.887950","0","1"
"12","千葉県","12234","南房総市","122340057000","富浦町居倉","35.075851","139.870413","0","1"
"12","千葉県","12234","南房総市","122340058000","富浦町大津","35.068187","139.871487","0","1"
"12","千葉県","12234","南房総市","122340059000","富浦町多田良","35.037315","139.825339","0","1"
"12","千葉県","12234","南房総市","122340060000","富浦町手取","35.066326","139.860756","0","1"
"12","千葉県","12234","南房総市","122340061000","富浦町豊岡","35.054828","139.839332","0","1"
"12","千葉県","12234","南房総市","122340062000","富浦町南無谷","35.066234","139.833788","0","1"
"12","千葉県","12234","南房総市","122340063000","富浦町丹生","35.066210","139.852666","0","1"
"12","千葉県","12234","南房総市","122340064000","富浦町原岡","35.047668","139.840202","0","1"
"12","千葉県","12234","南房総市","122340065000","富浦町深名","35.043946","139.850550","0","1"
"12","千葉県","12234","南房総市","122340066000","富浦町福澤","35.042507","139.864067","0","1"
"12","千葉県","12234","南房総市","122340067000","富浦町宮本","35.053522","139.870662","0","1"
"12","千葉県","12234","南房総市","122340068000","中","35.021806","139.917699","0","1"
"12","千葉県","12234","南房総市","122340069000","西原","35.029099","139.958486","0","1"
"12","千葉県","12234","南房総市","122340070000","二部","35.103237","139.870986","0","1"
"12","千葉県","12234","南房総市","122340071000","平塚","35.107300","139.957586","0","1"
"12","千葉県","12234","南房総市","122340072000","府中","35.012975","139.888387","0","1"
"12","千葉県","12234","南房総市","122340073000","古川","35.017243","139.964909","0","1"
"12","千葉県","12234","南房総市","122340074000","平久里下","35.090132","139.911508","0","1"
"12","千葉県","12234","南房総市","122340075000","平久里中","35.097563","139.923573","0","1"
"12","千葉県","12234","南房総市","122340076000","前田","35.035934","139.945148","0","1"
"12","千葉県","12234","南房総市","122340077000","増間","35.072349","139.928774","0","1"
"12","千葉県","12234","南房総市","122340078000","丸本郷","35.040155","139.947697","0","1"
"12","千葉県","12234","南房総市","122340079000","丸山平塚","35.108875","139.988770","0","1"
"12","千葉県","12234","南房総市","122340080000","御子神","35.072325","139.954007","0","1"
"12","千葉県","12234","南房総市","122340081000","三坂","35.040222","139.891355","0","1"
"12","千葉県","12234","南房総市","122340082000","御庄","35.031266","139.929682","0","1"
"12","千葉県","12234","南房総市","122340083000","峰","34.996096","139.964831","0","1"
"12","千葉県","12234","南房総市","122340084000","宮下","35.071954","139.944498","0","1"
"12","千葉県","12234","南房総市","122340085000","宮谷","35.086834","139.875460","0","1"
"12","千葉県","12234","南房総市","122340086000","本織","35.016909","139.897637","0","1"
"12","千葉県","12234","南房総市","122340087000","山下","35.041209","139.904739","0","1"
"12","千葉県","12234","南房総市","122340088000","山田","35.096546","139.947563","0","1"
"12","千葉県","12234","南房総市","122340089000","山名","35.045495","139.931922","0","1"
"12","千葉県","12234","南房総市","122340090000","谷向","35.028766","139.899893","0","1"
"12","千葉県","12234","南房総市","122340091000","吉沢","35.093127","139.894136","0","1"
"12","千葉県","12234","南房総市","122340092000","和田町石堂","35.073851","139.985795","0","1"
"12","千葉県","12234","南房総市","122340093000","和田町小川","35.048381","140.002046","0","1"
"12","千葉県","12234","南房総市","122340094000","和田町海発","35.018497","139.981877","0","1"
"12","千葉県","12234","南房総市","122340095000","和田町上三原","35.071884","139.990833","0","1"
"12","千葉県","12234","南房総市","122340096000","和田町黒岩","35.057562","140.000432","0","1"
"12","千葉県","12234","南房総市","122340097000","和田町五十蔵","35.086204","140.014567","0","1"
"12","千葉県","12234","南房総市","122340098000","和田町小向","35.063741","140.003071","0","1"
"12","千葉県","12234","南房総市","122340099000","和田町柴","35.055993","140.020165","0","1"
"12","千葉県","12234","南房総市","122340100000","和田町下三原","35.033135","139.983168","0","1"
"12","千葉県","12234","南房総市","122340101000","和田町白渚","35.033250","140.000039","0","1"
"12","千葉県","12234","南房総市","122340102000","和田町磑森","35.082561","140.003664","0","1"
"12","千葉県","12234","南房総市","122340103000","和田町中三原","35.041667","139.984252","0","1"
"12","千葉県","12234","南房総市","122340104000","和田町仁我浦","35.043365","140.016948","0","1"
"12","千葉県","12234","南房総市","122340105000","和田町沼","35.023985","139.975010","0","1"
"12","千葉県","12234","南房総市","122340106000","和田町花園","35.063646","140.027480","0","1"
"12","千葉県","12234","南房総市","122340107000","和田町布野","35.079119","139.998093","0","1"
"12","千葉県","12234","南房総市","122340108000","和田町松田","35.023296","139.982454","0","1"
"12","千葉県","12234","南房総市","122340109000","和田町真浦","35.061380","140.014060","0","1"
"12","千葉県","12234","南房総市","122340110000","和田町真浦飛地","35.035540","139.996775","0","1"
"12","千葉県","12234","南房総市","122340111000","和田町和田","35.038773","140.015038","0","1"
"12","千葉県","12235","匝瑳市","122350054000 ","みどり平","35.685434","140.571535","0","1"
"12","千葉県","12235","匝瑳市","122350001000 ","安久山","35.751692","140.518373","0","1"
"12","千葉県","12235","匝瑳市","122350066000 ","横須賀","35.685321","140.545860","0","1"
"12","千葉県","12235","匝瑳市","122350016000 ","荻野","35.695755","140.600446","0","1"
"12","千葉県","12235","匝瑳市","122350019000 ","加多古","35.738060","140.512456","0","1"
"12","千葉県","12235","匝瑳市","122350018000 ","貝塚","35.692636","140.505395","0","1"
"12","千葉県","12235","匝瑳市","122350024000 ","栢田","35.640565","140.553982","0","1"
"12","千葉県","12235","匝瑳市","122350023000 ","亀崎","35.703354","140.503291","0","1"
"12","千葉県","12235","匝瑳市","122350067000 ","吉崎","35.673999","140.611738","0","1"
"12","千葉県","12235","匝瑳市","122350068000 ","吉田","35.722618","140.496373","0","1"
"12","千葉県","12235","匝瑳市","122350049000 ","久方","35.712571","140.505308","0","1"
"12","千葉県","12235","匝瑳市","122350057000 ","宮本","35.713145","140.553174","0","1"
"12","千葉県","12235","匝瑳市","122350021000 ","金原","35.750625","140.510377","0","1"
"12","千葉県","12235","匝瑳市","122350028000 ","公崎","35.737139","140.517663","0","1"
"12","千葉県","12235","匝瑳市","122350032000 ","高","35.681522","140.560525","0","1"
"12","千葉県","12235","匝瑳市","122350029000 ","高野","35.679078","140.529757","0","1"
"12","千葉県","12235","匝瑳市","122350007000 ","今泉","35.660033","140.566672","0","1"
"12","千葉県","12235","匝瑳市","122350059000 ","山桑","35.718488","140.544026","0","1"
"12","千葉県","12235","匝瑳市","122350060000 ","山崎","35.731010","140.513918","0","1"
"12","千葉県","12235","匝瑳市","122350035000 ","時曽根","35.677811","140.517968","0","1"
"12","千葉県","12235","匝瑳市","122350070000 ","若潮町","35.702931","140.543565","0","1"
"12","千葉県","12235","匝瑳市","122350046000 ","春海","35.733786","140.581922","1","1"
"12","千葉県","12235","匝瑳市","122350017000 ","小高","35.754523","140.533408","0","1"
"12","千葉県","12235","匝瑳市","122350053000 ","松山","35.714862","140.527725","0","1"
"12","千葉県","12235","匝瑳市","122350031000 ","上谷中","35.702749","140.571990","0","1"
"12","千葉県","12235","匝瑳市","122350043000 ","城下","35.738795","140.532494","0","1"
"12","千葉県","12235","匝瑳市","122350030000 ","新","35.701396","140.507591","0","1"
"12","千葉県","12235","匝瑳市","122350041000 ","新堀","35.647310","140.572402","0","1"
"12","千葉県","12235","匝瑳市","122350011000 ","生尾","35.709329","140.544925","0","1"
"12","千葉県","12235","匝瑳市","122350042000 ","西小笹","35.683614","140.582354","0","1"
"12","千葉県","12235","匝瑳市","122350026000 ","川向","35.703312","140.604974","0","1"
"12","千葉県","12235","匝瑳市","122350025000 ","川辺","35.659223","140.553942","0","1"
"12","千葉県","12235","匝瑳市","122350012000 ","大浦","35.725914","140.534708","0","1"
"12","千葉県","12235","匝瑳市","122350013000 ","大寺","35.747640","140.567072","1","1"
"12","千葉県","12235","匝瑳市","122350015000 ","大保里","35.739673","140.503331","0","1"
"12","千葉県","12235","匝瑳市","122350014000 ","大堀","35.742002","140.508345","0","1"
"12","千葉県","12235","匝瑳市","122350039000 ","中台","35.708071","140.529077","0","1"
"12","千葉県","12235","匝瑳市","122350037000 ","長岡","35.728483","140.524514","0","1"
"12","千葉県","12235","匝瑳市","122350038000 ","長丘","35.731251","140.522778","0","1"
"12","千葉県","12235","匝瑳市","122350040000 ","長谷","35.670098","140.599416","0","1"
"12","千葉県","12235","匝瑳市","122350034000 ","椿","35.718242","140.575633","0","1"
"12","千葉県","12235","匝瑳市","122350033000 ","田久保","35.702735","140.512965","0","1"
"12","千葉県","12235","匝瑳市","122350045000 ","登戸","35.681722","140.592236","0","1"
"12","千葉県","12235","匝瑳市","122350047000 ","東小笹","35.685937","140.601386","0","1"
"12","千葉県","12235","匝瑳市","122350048000 ","東谷","35.705313","140.583515","0","1"
"12","千葉県","12235","匝瑳市","122350009000 ","内山","35.746742","140.541827","0","1"
"12","千葉県","12235","匝瑳市","122350010000 ","内山新田","35.738913","140.533915","0","1"
"12","千葉県","12235","匝瑳市","122350056000 ","南山崎","35.724426","140.510552","0","1"
"12","千葉県","12235","匝瑳市","122350055000 ","南神崎","35.720554","140.510910","0","1"
"12","千葉県","12235","匝瑳市","122350008000 ","入山崎","35.729435","140.508187","0","1"
"12","千葉県","12235","匝瑳市","122350061000 ","八日市場イ","35.701089","140.537617","0","1"
"12","千葉県","12235","匝瑳市","122350062000 ","八日市場ニ","35.693412","140.559342","0","1"
"12","千葉県","12235","匝瑳市","122350063000 ","八日市場ハ","35.702025","140.561340","0","1"
"12","千葉県","12235","匝瑳市","122350064000 ","八日市場ホ","35.692264","140.533506","0","1"
"12","千葉県","12235","匝瑳市","122350065000 ","八日市場ロ","35.703070","140.554465","0","1"
"12","千葉県","12235","匝瑳市","122350058000 ","八辺","35.724789","140.517626","0","1"
"12","千葉県","12235","匝瑳市","122350005000 ","飯高","35.742819","140.527709","0","1"
"12","千葉県","12235","匝瑳市","122350002000 ","飯倉","35.691403","140.514220","0","1"
"12","千葉県","12235","匝瑳市","122350003000 ","飯倉台","35.689378","140.519482","0","1"
"12","千葉県","12235","匝瑳市","122350004000 ","飯多香","35.735699","140.527427","0","1"
"12","千葉県","12235","匝瑳市","122350006000 ","飯塚","35.740601","140.563088","1","1"
"12","千葉県","12235","匝瑳市","122350036000 ","富岡","35.706018","140.523052","0","1"
"12","千葉県","12235","匝瑳市","122350022000 ","蕪里","35.672040","140.544366","0","1"
"12","千葉県","12235","匝瑳市","122350050000 ","平木","35.697625","140.590510","0","1"
"12","千葉県","12235","匝瑳市","122350069000 ","米持","35.732005","140.567132","1","1"
"12","千葉県","12235","匝瑳市","122350020000 ","片子","35.742184","140.516569","0","1"
"12","千葉県","12235","匝瑳市","122350052000 ","堀ノ内","35.731371","140.530725","0","1"
"12","千葉県","12235","匝瑳市","122350051000 ","堀川","35.656634","140.540390","0","1"
"12","千葉県","12235","匝瑳市","122350027000 ","木積","35.710377","140.513355","0","1"
"12","千葉県","12235","匝瑳市","122350044000 ","野手","35.664444","140.583868","0","1"
"12","千葉県","12236","香取市","122360001000","阿玉川","35.852291","140.632257","0","1"
"12","千葉県","12236","香取市","122360002000","阿玉台","35.812082","140.622024","0","1"
"12","千葉県","12236","香取市","122360003000","油田","35.834118","140.546276","0","1"
"12","千葉県","12236","香取市","122360004000","荒北","35.816004","140.487789","0","1"
"12","千葉県","12236","香取市","122360005000","飯島","35.912178","140.474710","0","1"
"12","千葉県","12236","香取市","122360006000","和泉","35.824557","140.634675","0","1"
"12","千葉県","12236","香取市","122360007000","磯山","35.921505","140.548134","0","1"
"12","千葉県","12236","香取市","122360008000","一ノ分目","35.884632","140.577345","0","1"
"12","千葉県","12236","香取市","122360009000","伊地山","35.828017","140.487718","0","1"
"12","千葉県","12236","香取市","122360010000","市和田","35.917436","140.567021","0","1"
"12","千葉県","12236","香取市","122360011000","入会地","35.838823","140.612914","0","1"
"12","千葉県","12236","香取市","122360012000","岩ケ崎台","35.896798","140.483523","0","1"
"12","千葉県","12236","香取市","122360013000","岩部","35.816744","140.507194","0","1"
"12","千葉県","12236","香取市","122360014000","内野","35.847243","140.558543","0","1"
"12","千葉県","12236","香取市","122360015000","扇島","35.934173","140.531228","0","1"
"12","千葉県","12236","香取市","122360016000","大倉","35.888188","140.557551","0","1"
"12","千葉県","12236","香取市","122360017000","大倉丁子","35.896898","140.543759","0","1"
"12","千葉県","12236","香取市","122360018000","大崎","35.859090","140.479454","0","1"
"12","千葉県","12236","香取市","122360019000","大島","35.953227","140.509983","0","1"
"12","千葉県","12236","香取市","122360020000","大戸","35.887761","140.459599","0","1"
"12","千葉県","12236","香取市","122360021000","大角","35.788710","140.552560","0","1"
"12","千葉県","12236","香取市","122360022000","大戸川","35.897349","140.452383","0","1"
"12","千葉県","12236","香取市","122360023000","大戸新田","35.912197","140.449589","0","1"
"12","千葉県","12236","香取市","122360024000","大根","35.859750","140.502585","0","1"
"12","千葉県","12236","香取市","122360025000","岡飯田","35.828994","140.641878","0","1"
"12","千葉県","12236","香取市","122360026000","小川","35.763051","140.559733","0","1"
"12","千葉県","12236","香取市","122360027000","小見","35.831204","140.590148","0","1"
"12","千葉県","12236","香取市","122360028000","小見川","35.858914","140.613148","0","1"
"12","千葉県","12236","香取市","122360029000","織幡","35.849539","140.541247","0","1"
"12","千葉県","12236","香取市","122360030000","貝塚","35.810959","140.634144","0","1"
"12","千葉県","12236","香取市","122360031000","片野","35.873642","140.455133","0","1"
"12","千葉県","12236","香取市","122360032000","加藤洲","35.929334","140.549859","0","1"
"12","千葉県","12236","香取市","122360033000","香取","35.885853","140.523883","0","1"
"12","千葉県","12236","香取市","122360034000","釜塚","35.876823","140.515405","0","1"
"12","千葉県","12236","香取市","122360035000","上小川","35.880947","140.449156","0","1"
"12","千葉県","12236","香取市","122360036000","上小堀","35.859821","140.568759","0","1"
"12","千葉県","12236","香取市","122360037000","返田","35.860327","140.514781","0","1"
"12","千葉県","12236","香取市","122360038000","苅毛","35.803114","140.496953","0","1"
"12","千葉県","12236","香取市","122360039000","川頭","35.838016","140.622013","0","1"
"12","千葉県","12236","香取市","122360040000","川上","35.831350","140.598564","0","1"
"12","千葉県","12236","香取市","122360041000","川尻","35.910651","140.438653","0","1"
"12","千葉県","12236","香取市","122360042000","観音","35.861344","140.472770","0","1"
"12","千葉県","12236","香取市","122360043000","神生","35.820934","140.558630","0","1"
"12","千葉県","12236","香取市","122360044001","北一丁目","35.898993","140.491758","0","3"
"12","千葉県","12236","香取市","122360044002","北二丁目","35.897789","140.493869","0","3"
"12","千葉県","12236","香取市","122360044003","北三丁目","35.896708","140.496678","0","3"
"12","千葉県","12236","香取市","122360045000","北原地新田","35.836629","140.616273","0","1"
"12","千葉県","12236","香取市","122360046000","木内","35.847274","140.578823","0","1"
"12","千葉県","12236","香取市","122360047000","木内虫幡上小堀入会地大平","35.863172","140.554546","0","1"
"12","千葉県","12236","香取市","122360048000","桐谷","35.773762","140.580206","0","1"
"12","千葉県","12236","香取市","122360049000","久保","35.818510","140.617208","0","1"
"12","千葉県","12236","香取市","122360050000","九美上","35.836233","140.521600","0","1"
"12","千葉県","12236","香取市","122360051000","笄島","35.926706","140.492356","0","1"
"12","千葉県","12236","香取市","122360052000","公官洲","35.913138","140.566256","0","1"
"12","千葉県","12236","香取市","122360053000","高野","35.830277","140.608706","0","1"
"12","千葉県","12236","香取市","122360054000","石納","35.916313","140.461618","0","1"
"12","千葉県","12236","香取市","122360055000","五郷内","35.826074","140.620929","0","1"
"12","千葉県","12236","香取市","122360056000","米野井","35.828786","140.580681","0","1"
"12","千葉県","12236","香取市","122360057000","境島","35.947507","140.521953","0","1"
"12","千葉県","12236","香取市","122360058000","沢","35.806967","140.469267","0","1"
"12","千葉県","12236","香取市","122360059000","佐原イ","35.892797","140.498674","0","1"
"12","千葉県","12236","香取市","122360060000","佐原ニ","35.914936","140.500031","0","1"
"12","千葉県","12236","香取市","122360061000","佐原ハ","35.925809","140.526907","0","1"
"12","千葉県","12236","香取市","122360062000","佐原ホ","35.900952","140.484243","0","1"
"12","千葉県","12236","香取市","122360063000","佐原ロ","35.903486","140.497763","0","1"
"12","千葉県","12236","香取市","122360064000","三ノ分目","35.879881","140.584888","0","1"
"12","千葉県","12236","香取市","122360065000","志高","35.787431","140.620438","0","1"
"12","千葉県","12236","香取市","122360066000","篠原イ","35.894961","140.516748","0","1"
"12","千葉県","12236","香取市","122360067000","篠原ロ","35.911325","140.518779","0","1"
"12","千葉県","12236","香取市","122360068000","下飯田","35.838960","140.636653","0","1"
"12","千葉県","12236","香取市","122360069000","下小川","35.844005","140.589327","0","1"
"12","千葉県","12236","香取市","122360070000","下小野","35.850755","140.527948","0","1"
"12","千葉県","12236","香取市","122360071000","下小堀","35.874380","140.609273","0","1"
"12","千葉県","12236","香取市","122360072000","昭和町い","35.912148","140.467817","0","1"
"12","千葉県","12236","香取市","122360073000","昭和町に","35.904956","140.440826","0","1"
"12","千葉県","12236","香取市","122360074000","昭和町は","35.905505","140.450094","0","1"
"12","千葉県","12236","香取市","122360075000","昭和町ろ","35.911041","140.456714","0","1"
"12","千葉県","12236","香取市","122360076000","白井","35.833984","140.569259","0","1"
"12","千葉県","12236","香取市","122360077000","新々田","35.836572","140.608031","0","1"
"12","千葉県","12236","香取市","122360078000","助沢","35.827078","140.503136","0","1"
"12","千葉県","12236","香取市","122360079000","関","35.870979","140.444569","0","1"
"12","千葉県","12236","香取市","122360080000","高萩","35.816843","140.534533","0","1"
"12","千葉県","12236","香取市","122360081000","竹之内","35.824373","140.598684","0","1"
"12","千葉県","12236","香取市","122360082000","多田","35.871858","140.541195","0","1"
"12","千葉県","12236","香取市","122360083000","田部","35.816265","140.593175","0","1"
"12","千葉県","12236","香取市","122360084000","玉造","35.892025","140.476757","0","1"
"12","千葉県","12236","香取市","122360085001","玉造一丁目","35.892242","140.483572","0","3"
"12","千葉県","12236","香取市","122360085002","玉造二丁目","35.889190","140.483530","0","3"
"12","千葉県","12236","香取市","122360085003","玉造三丁目","35.886711","140.480831","0","3"
"12","千葉県","12236","香取市","122360086000","附洲新田","35.905997","140.584405","0","1"
"12","千葉県","12236","香取市","122360087000","津宮","35.909169","140.537995","0","1"
"12","千葉県","12236","香取市","122360088000","寺内","35.886284","140.438087","0","1"
"12","千葉県","12236","香取市","122360089000","鴇崎","35.878768","140.440610","0","1"
"12","千葉県","12236","香取市","122360090000","鳥羽","35.862287","140.465320","0","1"
"12","千葉県","12236","香取市","122360091000","富田","35.880742","140.598984","0","1"
"12","千葉県","12236","香取市","122360092000","長岡","35.798316","140.586497","0","1"
"12","千葉県","12236","香取市","122360093000","長島","35.926112","140.502521","0","1"
"12","千葉県","12236","香取市","122360094000","中洲","35.920912","140.522134","0","1"
"12","千葉県","12236","香取市","122360095000","長山","35.859591","140.490892","0","1"
"12","千葉県","12236","香取市","122360096000","新市場","35.874763","140.521406","0","1"
"12","千葉県","12236","香取市","122360097000","新寺","35.896771","140.475423","0","1"
"12","千葉県","12236","香取市","122360098000","西坂","35.881574","140.436023","0","1"
"12","千葉県","12236","香取市","122360099000","西田部","35.793391","140.509956","0","1"
"12","千葉県","12236","香取市","122360100000","西部田","35.888859","140.427084","0","1"
"12","千葉県","12236","香取市","122360101000","西和田","35.875553","140.430807","0","1"
"12","千葉県","12236","香取市","122360102000","新里","35.783510","140.565415","0","1"
"12","千葉県","12236","香取市","122360103000","新部","35.882583","140.514103","0","1"
"12","千葉県","12236","香取市","122360104000","仁良","35.806301","140.570327","0","1"
"12","千葉県","12236","香取市","122360105000","野田","35.854230","140.593618","0","1"
"12","千葉県","12236","香取市","122360106000","野間谷原","35.922929","140.457443","0","1"
"12","千葉県","12236","香取市","122360107000","旗鉾","35.847753","140.549402","0","1"
"12","千葉県","12236","香取市","122360108000","八本","35.826098","140.570088","0","1"
"12","千葉県","12236","香取市","122360109000","鳩山","35.785639","140.584019","0","1"
"12","千葉県","12236","香取市","122360110000","羽根川","35.845591","140.599822","0","1"
"12","千葉県","12236","香取市","122360111000","福田","35.830580","140.477192","0","1"
"12","千葉県","12236","香取市","122360112000","布野","35.834036","140.626926","0","1"
"12","千葉県","12236","香取市","122360113000","府馬","35.794240","140.602928","0","1"
"12","千葉県","12236","香取市","122360114000","古内","35.791708","140.614733","0","1"
"12","千葉県","12236","香取市","122360115000","堀之内","35.893787","140.434211","0","1"
"12","千葉県","12236","香取市","122360116000","本郷","35.849233","140.587499","0","1"
"12","千葉県","12236","香取市","122360117000","牧野","35.879178","140.496263","0","1"
"12","千葉県","12236","香取市","122360118000","増田","35.867576","140.577020","0","1"
"12","千葉県","12236","香取市","122360119000","三島","35.945494","140.517259","0","1"
"12","千葉県","12236","香取市","122360120001","みずほ台一丁目","35.886157","140.433313","0","3"
"12","千葉県","12236","香取市","122360120002","みずほ台二丁目","35.886185","140.430792","0","3"
"12","千葉県","12236","香取市","122360120003","みずほ台三丁目","35.882733","140.432316","0","3"
"12","千葉県","12236","香取市","122360121000","南原地新田","35.838210","140.601038","0","1"
"12","千葉県","12236","香取市","122360122000","虫幡","35.849036","140.567487","0","1"
"12","千葉県","12236","香取市","122360123000","本矢作","35.847445","140.487786","0","1"
"12","千葉県","12236","香取市","122360124000","森戸","35.901028","140.469141","0","1"
"12","千葉県","12236","香取市","122360125000","八筋川","35.942258","140.505285","0","1"
"12","千葉県","12236","香取市","122360126000","谷中","35.893161","140.447012","0","1"
"12","千葉県","12236","香取市","122360127000","山川","35.837899","140.570374","0","1"
"12","千葉県","12236","香取市","122360128000","山倉","35.790080","140.530920","0","1"
"12","千葉県","12236","香取市","122360129000","山之辺","35.886422","140.471196","0","1"
"12","千葉県","12236","香取市","122360130000","八日市場","35.862497","140.602314","0","1"
"12","千葉県","12236","香取市","122360131000","丁子","35.885948","140.539027","0","1"
"12","千葉県","12236","香取市","122360132000","与倉","35.875973","140.479050","0","1"
"12","千葉県","12236","香取市","122360133000","吉原","35.877395","140.536381","0","1"
"12","千葉県","12236","香取市","122360134000","龍谷","35.839011","140.562743","0","1"
"12","千葉県","12236","香取市","122360135000","分郷","35.862259","140.595739","0","1"
"12","千葉県","12237","山武市","122370001000","麻生新田","35.644684","140.404955","0","1"
"12","千葉県","12237","山武市","122370002000","雨坪","35.621331","140.348951","0","1"
"12","千葉県","12237","山武市","122370003000","板川","35.670554","140.396696","0","1"
"12","千葉県","12237","山武市","122370004000","板附","35.615081","140.391673","0","1"
"12","千葉県","12237","山武市","122370005000","板中新田","35.673725","140.379912","0","1"
"12","千葉県","12237","山武市","122370006000","市場","35.616595","140.404421","0","1"
"12","千葉県","12237","山武市","122370007000","井之内","35.566236","140.466241","0","1"
"12","千葉県","12237","山武市","122370008000","植草","35.610732","140.341229","0","1"
"12","千葉県","12237","山武市","122370009000","大木","35.652046","140.336246","0","1"
"12","千葉県","12237","山武市","122370010000","沖渡","35.669467","140.354319","0","1"
"12","千葉県","12237","山武市","122370011000","親田","35.620771","140.403030","0","1"
"12","千葉県","12237","山武市","122370012000","上横地","35.605684","140.452349","0","1"
"12","千葉県","12237","山武市","122370013000","川崎","35.624856","140.396304","0","1"
"12","千葉県","12237","山武市","122370014000","木戸","35.585306","140.484917","0","1"
"12","千葉県","12237","山武市","122370015000","木原","35.642376","140.341906","0","1"
"12","千葉県","12237","山武市","122370016000","草深","35.589069","140.456970","0","1"
"12","千葉県","12237","山武市","122370017000","小泉","35.592646","140.440039","0","1"
"12","千葉県","12237","山武市","122370018000","五木田","35.582727","140.448738","0","1"
"12","千葉県","12237","山武市","122370019000","小松","35.595020","140.466565","0","1"
"12","千葉県","12237","山武市","122370020000","実門","35.681651","140.364107","0","1"
"12","千葉県","12237","山武市","122370021000","椎崎","35.629289","140.380383","0","1"
"12","千葉県","12237","山武市","122370022000","柴原","35.622040","140.443860","0","1"
"12","千葉県","12237","山武市","122370023000","島","35.594516","140.415899","0","1"
"12","千葉県","12237","山武市","122370024000","嶋戸","35.624691","140.406843","0","1"
"12","千葉県","12237","山武市","122370025000","下布田","35.622252","140.339527","0","1"
"12","千葉県","12237","山武市","122370026000","下横地","35.591625","140.463135","0","1"
"12","千葉県","12237","山武市","122370027000","白幡","35.579680","140.437777","0","1"
"12","千葉県","12237","山武市","122370028000","真行寺","35.621851","140.413709","0","1"
"12","千葉県","12237","山武市","122370029000","津辺","35.610412","140.412146","0","1"
"12","千葉県","12237","山武市","122370030000","寺崎","35.611862","140.435991","0","1"
"12","千葉県","12237","山武市","122370031000","戸田","35.638477","140.394114","0","1"
"12","千葉県","12237","山武市","122370032000","殿台","35.600903","140.420131","0","1"
"12","千葉県","12237","山武市","122370033000","富口","35.596093","140.432512","0","1"
"12","千葉県","12237","山武市","122370034000","富田","35.614868","140.424283","0","1"
"12","千葉県","12237","山武市","122370035000","富田幸谷","35.605465","140.435103","0","1"
"12","千葉県","12237","山武市","122370036000","中津田","35.662115","140.408503","0","1"
"12","千葉県","12237","山武市","122370037000","成東","35.598205","140.399903","0","1"
"12","千葉県","12237","山武市","122370038000","新泉","35.614552","140.415956","0","1"
"12","千葉県","12237","山武市","122370039000","西湯坂","35.604539","140.358984","0","1"
"12","千葉県","12237","山武市","122370040000","野堀","35.629241","140.405142","0","1"
"12","千葉県","12237","山武市","122370041000","蓮沼イ","35.609835","140.503980","0","1"
"12","千葉県","12237","山武市","122370042000","蓮沼ニ","35.593781","140.487263","0","1"
"12","千葉県","12237","山武市","122370043000","蓮沼ハ","35.600489","140.494731","0","1"
"12","千葉県","12237","山武市","122370044000","蓮沼平","35.582487","140.495709","0","1"
"12","千葉県","12237","山武市","122370045000","蓮沼ホ","35.593461","140.511266","0","1"
"12","千葉県","12237","山武市","122370046000","蓮沼ロ","35.602023","140.510610","0","1"
"12","千葉県","12237","山武市","122370047000","埴谷","35.650952","140.380624","0","1"
"12","千葉県","12237","山武市","122370048000","早船","35.618873","140.434009","0","1"
"12","千葉県","12237","山武市","122370049000","姫島","35.591253","140.391444","0","1"
"12","千葉県","12237","山武市","122370050000","日向台","35.630477","140.369832","0","1"
"12","千葉県","12237","山武市","122370051000","松尾町祝田","35.630396","140.455031","0","1"
"12","千葉県","12237","山武市","122370052000","松尾町大堤","35.631439","140.450599","0","1"
"12","千葉県","12237","山武市","122370053000","松尾町小川","35.637173","140.416608","0","1"
"12","千葉県","12237","山武市","122370054000","松尾町折戸","35.597781","140.473350","0","1"
"12","千葉県","12237","山武市","122370055000","松尾町借毛本郷","35.610486","140.470863","0","1"
"12","千葉県","12237","山武市","122370056000","松尾町蕪木","35.648301","140.441942","0","1"
"12","千葉県","12237","山武市","122370057000","松尾町上大蔵","35.635054","140.428930","0","1"
"12","千葉県","12237","山武市","122370058000","松尾町金尾","35.645971","140.424212","0","1"
"12","千葉県","12237","山武市","122370059000","松尾町木刀","35.624176","140.476631","0","1"
"12","千葉県","12237","山武市","122370060000","松尾町五反田","35.631839","140.464126","0","1"
"12","千葉県","12237","山武市","122370061000","松尾町古和","35.655488","140.423920","0","1"
"12","千葉県","12237","山武市","122370062000","松尾町猿尾","35.642157","140.461741","0","1"
"12","千葉県","12237","山武市","122370063000","松尾町下大蔵","35.629253","140.426129","0","1"
"12","千葉県","12237","山武市","122370064000","松尾町下野","35.603520","140.479934","0","1"
"12","千葉県","12237","山武市","122370065000","松尾町下之郷","35.605733","140.473251","0","1"
"12","千葉県","12237","山武市","122370066000","松尾町高富","35.623672","140.465456","0","1"
"12","千葉県","12237","山武市","122370067000","松尾町武野里","35.627395","140.492187","0","1"
"12","千葉県","12237","山武市","122370068000","松尾町田越","35.630878","140.442679","0","1"
"12","千葉県","12237","山武市","122370069000","松尾町八田","35.654206","140.461554","0","1"
"12","千葉県","12237","山武市","122370070000","松尾町引越","35.664076","140.425642","0","1"
"12","千葉県","12237","山武市","122370071000","松尾町広根","35.612711","140.483638","0","1"
"12","千葉県","12237","山武市","122370072000","松尾町富士見台","35.638924","140.446671","0","1"
"12","千葉県","12237","山武市","122370073000","松尾町松尾","35.639571","140.455783","0","1"
"12","千葉県","12237","山武市","122370074000","松尾町水深","35.626101","140.449673","0","1"
"12","千葉県","12237","山武市","122370075000","松尾町本柏","35.635286","140.474575","0","1"
"12","千葉県","12237","山武市","122370076000","松尾町本水深","35.623643","140.450403","0","1"
"12","千葉県","12237","山武市","122370077000","松尾町谷津","35.660681","140.433280","0","1"
"12","千葉県","12237","山武市","122370078000","松尾町山室","35.669914","140.421414","0","1"
"12","千葉県","12237","山武市","122370079000","松ヶ谷","35.575162","140.474271","0","1"
"12","千葉県","12237","山武市","122370080001","美杉野一丁目","35.643483","140.375194","0","3"
"12","千葉県","12237","山武市","122370080002","美杉野二丁目","35.646079","140.377820","0","3"
"12","千葉県","12237","山武市","122370080004","美杉野四丁目","35.647066","140.374178","0","3"
"12","千葉県","12237","山武市","122370081000","武勝","35.628864","140.338622","0","1"
"12","千葉県","12237","山武市","122370082000","本須賀","35.560937","140.457745","0","1"
"12","千葉県","12237","山武市","122370083000","森","35.616133","140.363239","0","1"
"12","千葉県","12237","山武市","122370084000","矢部","35.617941","140.383789","0","1"
"12","千葉県","12237","山武市","122370085000","湯坂","35.607209","140.381748","0","1"
"12","千葉県","12237","山武市","122370086000","横田","35.673677","140.365929","0","1"
"12","千葉県","12237","山武市","122370087000","和田","35.613202","140.401850","0","1"
"12","千葉県","12238","いすみ市","122380001000","今関","35.302627","140.298044","0","1"
"12","千葉県","12238","いすみ市","122380002000","岩船","35.207550","140.387774","0","1"
"12","千葉県","12238","いすみ市","122380003000","小池","35.205629","140.373162","0","1"
"12","千葉県","12238","いすみ市","122380004000","大野","35.258780","140.293316","0","1"
"12","千葉県","12238","いすみ市","122380005000","大原","35.238127","140.390061","0","1"
"12","千葉県","12238","いすみ市","122380006000","大原台","35.210648","140.367124","0","1"
"12","千葉県","12238","いすみ市","122380007000","荻原","35.307609","140.288975","0","1"
"12","千葉県","12238","いすみ市","122380008000","小沢","35.212107","140.380864","0","1"
"12","千葉県","12238","いすみ市","122380009000","小高","35.321281","140.328330","0","1"
"12","千葉県","12238","いすみ市","122380010000","柿和田","35.277153","140.269031","0","1"
"12","千葉県","12238","いすみ市","122380011000","神置","35.312625","140.334176","0","1"
"12","千葉県","12238","いすみ市","122380012000","上布施","35.220661","140.344757","0","1"
"12","千葉県","12238","いすみ市","122380013000","苅谷","35.280026","140.306172","0","1"
"12","千葉県","12238","いすみ市","122380014000","国府台","35.275060","140.314540","0","1"
"12","千葉県","12238","いすみ市","122380015000","小又井","35.332056","140.320180","0","1"
"12","千葉県","12238","いすみ市","122380016000","作田","35.298192","140.281289","0","1"
"12","千葉県","12238","いすみ市","122380017000","札森","35.274154","140.276288","0","1"
"12","千葉県","12238","いすみ市","122380018000","佐室","35.261719","140.347897","0","1"
"12","千葉県","12238","いすみ市","122380019000","沢部","35.252660","140.349168","0","1"
"12","千葉県","12238","いすみ市","122380020000","島","35.304378","140.306224","0","1"
"12","千葉県","12238","いすみ市","122380021000","下原","35.278178","140.338711","0","1"
"12","千葉県","12238","いすみ市","122380022000","下布施","35.229138","140.344366","0","1"
"12","千葉県","12238","いすみ市","122380023000","釈迦谷","35.234869","140.366358","0","1"
"12","千葉県","12238","いすみ市","122380024000","正立寺","35.276718","140.260975","0","1"
"12","千葉県","12238","いすみ市","122380025000","須賀谷","35.327495","140.308277","0","1"
"12","千葉県","12238","いすみ市","122380026000","高谷","35.271823","140.350529","0","1"
"12","千葉県","12238","いすみ市","122380027000","長志","35.244752","140.338238","0","1"
"12","千葉県","12238","いすみ市","122380028000","行川","35.283921","140.281464","0","1"
"12","千葉県","12238","いすみ市","122380029000","新田","35.254883","140.365817","0","1"
"12","千葉県","12238","いすみ市","122380030000","新田野","35.276577","140.329919","0","1"
"12","千葉県","12238","いすみ市","122380031000","新田若山深堀入会地","35.267923","140.374028","0","1"
"12","千葉県","12238","いすみ市","122380032000","能実","35.316693","140.311036","0","1"
"12","千葉県","12238","いすみ市","122380033000","日在","35.274736","140.387308","0","1"
"12","千葉県","12238","いすみ市","122380034000","引田","35.284005","140.293521","0","1"
"12","千葉県","12238","いすみ市","122380035000","深堀","35.260198","140.395656","0","1"
"12","千葉県","12238","いすみ市","122380036000","深谷","35.293939","140.304245","0","1"
"12","千葉県","12238","いすみ市","122380037000","細尾","35.284228","140.337188","0","1"
"12","千葉県","12238","いすみ市","122380038000","増田","35.286295","140.271248","0","1"
"12","千葉県","12238","いすみ市","122380039000","松丸","35.309265","140.322746","0","1"
"12","千葉県","12238","いすみ市","122380040000","万木","35.295166","140.328625","0","1"
"12","千葉県","12238","いすみ市","122380041000","岬町井沢","35.293542","140.382662","0","1"
"12","千葉県","12238","いすみ市","122380042000","岬町和泉","35.307884","140.409176","0","1"
"12","千葉県","12238","いすみ市","122380043000","岬町市野々","35.338608","140.319027","0","1"
"12","千葉県","12238","いすみ市","122380044000","岬町岩熊","35.326036","140.337790","0","1"
"12","千葉県","12238","いすみ市","122380045000","岬町榎沢","35.325471","140.352755","0","1"
"12","千葉県","12238","いすみ市","122380046000","岬町江場土","35.296804","140.399549","0","1"
"12","千葉県","12238","いすみ市","122380047000","岬町押日","35.305753","140.369379","0","1"
"12","千葉県","12238","いすみ市","122380048000","岬町鴨根","35.283918","140.354777","0","1"
"12","千葉県","12238","いすみ市","122380049000","岬町嘉谷","35.291963","140.342993","0","1"
"12","千葉県","12238","いすみ市","122380050000","岬町桑田","35.303383","140.347849","0","1"
"12","千葉県","12238","いすみ市","122380051000","岬町椎木","35.324000","140.375094","0","1"
"12","千葉県","12238","いすみ市","122380052000","岬町長者","35.296406","140.389209","0","1"
"12","千葉県","12238","いすみ市","122380053000","岬町中滝","35.296467","140.365150","0","1"
"12","千葉県","12238","いすみ市","122380054000","岬町中原","35.317969","140.393860","0","1"
"12","千葉県","12238","いすみ市","122380055000","岬町東小高","35.277942","140.364933","0","1"
"12","千葉県","12238","いすみ市","122380056000","岬町東中滝","35.310290","140.383337","0","1"
"12","千葉県","12238","いすみ市","122380057000","岬町三門","35.281981","140.382065","0","1"
"12","千葉県","12238","いすみ市","122380058000","岬町谷上","35.335987","140.362091","0","1"
"12","千葉県","12238","いすみ市","122380059000","八乙女","35.291040","140.294273","0","1"
"12","千葉県","12238","いすみ市","122380060000","弥正","35.284972","140.305551","0","1"
"12","千葉県","12238","いすみ市","122380061000","山田","35.243572","140.311926","0","1"
"12","千葉県","12238","いすみ市","122380062000","楽町","35.292252","140.317112","0","1"
"12","千葉県","12238","いすみ市","122380063000","若山","35.267059","140.381212","0","1"
"12","千葉県","12238","いすみ市","122380064000","大原最上台","35.250981","140.384549","0","1"
"12","千葉県","12239","大網白里市","122390001000","池田","35.524232","140.294263","0","1"
"12","千葉県","12239","大網白里市","122390002000","砂田","35.498915","140.277430","0","1"
"12","千葉県","12239","大網白里市","122390003000","上谷新田","35.524688","140.355174","0","1"
"12","千葉県","12239","大網白里市","122390004000","大網","35.529553","140.328408","0","1"
"12","千葉県","12239","大網白里市","122390005000","大竹","35.526606","140.307565","0","1"
"12","千葉県","12239","大網白里市","122390006000","柿餅","35.513292","140.350501","0","1"
"12","千葉県","12239","大網白里市","122390007000","桂山","35.507326","140.371338","0","1"
"12","千葉県","12239","大網白里市","122390008000","金谷郷","35.542620","140.290478","0","1"
"12","千葉県","12239","大網白里市","122390009000","上貝塚","35.518302","140.347136","0","1"
"12","千葉県","12239","大網白里市","122390010000","木崎","35.505381","140.357259","0","1"
"12","千葉県","12239","大網白里市","122390011000","北飯塚","35.506419","140.351618","0","1"
"12","千葉県","12239","大網白里市","122390012000","北今泉","35.499653","140.412732","0","1"
"12","千葉県","12239","大網白里市","122390013000","北横川","35.514384","140.340279","0","1"
"12","千葉県","12239","大網白里市","122390014000","北吉田","35.499302","140.362273","0","1"
"12","千葉県","12239","大網白里市","122390015001","季美の森南一丁目","35.551177","140.297311","0","3"
"12","千葉県","12239","大網白里市","122390015002","季美の森南二丁目","35.554110","140.298007","0","3"
"12","千葉県","12239","大網白里市","122390015003","季美の森南三丁目","35.549862","140.303591","0","3"
"12","千葉県","12239","大網白里市","122390015004","季美の森南四丁目","35.554871","140.311427","0","3"
"12","千葉県","12239","大網白里市","122390015005","季美の森南五丁目","35.552917","140.309365","0","3"
"12","千葉県","12239","大網白里市","122390016000","経田","35.514738","140.322594","0","1"
"12","千葉県","12239","大網白里市","122390017000","九十根","35.506707","140.377511","0","1"
"12","千葉県","12239","大網白里市","122390018000","小西","35.548867","140.312294","0","1"
"12","千葉県","12239","大網白里市","122390019000","駒込","35.516038","140.314665","0","1"
"12","千葉県","12239","大網白里市","122390020000","下ケ傍示","35.494350","140.378633","0","1"
"12","千葉県","12239","大網白里市","122390021000","四天木","35.481791","140.404510","0","1"
"12","千葉県","12239","大網白里市","122390022000","清水","35.480814","140.379558","0","1"
"12","千葉県","12239","大網白里市","122390023000","清名幸谷","35.530110","140.345165","0","1"
"12","千葉県","12239","大網白里市","122390024000","富田","35.516147","140.328998","0","1"
"12","千葉県","12239","大網白里市","122390025000","長国","35.497443","140.370781","0","1"
"12","千葉県","12239","大網白里市","122390026001","ながた野一丁目","35.505300","140.311065","0","3"
"12","千葉県","12239","大網白里市","122390026002","ながた野二丁目","35.504761","140.313118","0","3"
"12","千葉県","12239","大網白里市","122390027000","二之袋","35.501015","140.381695","0","1"
"12","千葉県","12239","大網白里市","122390028000","星谷","35.509500","140.338879","0","1"
"12","千葉県","12239","大網白里市","122390029000","細草","35.493776","140.388356","0","1"
"12","千葉県","12239","大網白里市","122390030000","仏島","35.520387","140.324651","0","1"
"12","千葉県","12239","大網白里市","122390031001","みずほ台一丁目","35.517973","140.303212","0","3"
"12","千葉県","12239","大網白里市","122390031002","みずほ台二丁目","35.512013","140.303385","0","3"
"12","千葉県","12239","大網白里市","122390031003","みずほ台三丁目","35.512187","140.300192","0","3"
"12","千葉県","12239","大網白里市","122390032001","みどりが丘一丁目","35.537573","140.315761","0","3"
"12","千葉県","12239","大網白里市","122390032002","みどりが丘二丁目","35.542250","140.313082","0","3"
"12","千葉県","12239","大網白里市","122390032003","みどりが丘三丁目","35.543262","140.316363","0","3"
"12","千葉県","12239","大網白里市","122390032004","みどりが丘四丁目","35.543506","140.320348","0","3"
"12","千葉県","12239","大網白里市","122390033000","南飯塚","35.503467","140.344458","0","1"
"12","千葉県","12239","大網白里市","122390034000","南今泉","35.491385","140.409047","0","1"
"12","千葉県","12239","大網白里市","122390035000","南玉","35.525958","140.298955","0","1"
"12","千葉県","12239","大網白里市","122390036000","南横川","35.497483","140.340484","0","1"
"12","千葉県","12239","大網白里市","122390037001","みやこ野一丁目","35.518100","140.315363","0","3"
"12","千葉県","12239","大網白里市","122390037002","みやこ野二丁目","35.518185","140.318653","0","3"
"12","千葉県","12239","大網白里市","122390038000","餅木","35.543987","140.304317","0","1"
"12","千葉県","12239","大網白里市","122390039000","柳橋","35.510152","140.364074","0","1"
"12","千葉県","12239","大網白里市","122390040000","山口","35.540229","140.332058","0","1"
"12","千葉県","12239","大網白里市","122390041000","養安寺","35.552179","140.321267","0","1"
"12","千葉県","12239","大網白里市","122390042000","萱野","35.504073","140.283812","0","1"
"12","千葉県","12239","大網白里市","122390043000","永田","35.506773","140.305194","0","1"
"12","千葉県","12239","大網白里市","122390044000","神房","35.501176","140.296070","0","1"
"12","千葉県","12239","大網白里市","122390045000","小中","35.512303","140.289840","0","1"
"12","千葉県","12239","大網白里市","122390046000","東駒込","35.521018","140.314110","1","1"
"12","千葉県","12322","印旛郡酒々井町","123220001000","飯積","35.716486","140.289637","0","1"
"12","千葉県","12322","印旛郡酒々井町","123220002001","飯積一丁目","35.716679","140.298182","0","3"
"12","千葉県","12322","印旛郡酒々井町","123220002002","飯積二丁目","35.713799","140.293376","0","3"
"12","千葉県","12322","印旛郡酒々井町","123220003000","伊篠","35.746059","140.289226","0","1"
"12","千葉県","12322","印旛郡酒々井町","123220004000","伊篠新田","35.741554","140.299149","0","1"
"12","千葉県","12322","印旛郡酒々井町","123220005000","今倉新田","35.743295","140.302483","0","1"
"12","千葉県","12322","印旛郡酒々井町","123220006000","印旛沼新田","35.746213","140.266977","0","1"
"12","千葉県","12322","印旛郡酒々井町","123220007000","尾上","35.723955","140.287541","0","1"
"12","千葉県","12322","印旛郡酒々井町","123220008000","柏木","35.749351","140.269890","0","1"
"12","千葉県","12322","印旛郡酒々井町","123220009000","上岩橋","35.738501","140.282418","0","1"
"12","千葉県","12322","印旛郡酒々井町","123220010000","上本佐倉","35.719741","140.259429","0","1"
"12","千葉県","12322","印旛郡酒々井町","123220011001","上本佐倉一丁目","35.715647","140.263065","0","3"
"12","千葉県","12322","印旛郡酒々井町","123220012000","酒々井","35.729469","140.266310","0","1"
"12","千葉県","12322","印旛郡酒々井町","123220013000","篠山新田","35.753520","140.293849","0","1"
"12","千葉県","12322","印旛郡酒々井町","123220014000","下岩橋","35.752108","140.277755","0","1"
"12","千葉県","12322","印旛郡酒々井町","123220015000","下台","35.720767","140.269942","0","1"
"12","千葉県","12322","印旛郡酒々井町","123220016000","墨","35.712758","140.278960","0","1"
"12","千葉県","12322","印旛郡酒々井町","123220017001","中央台一丁目","35.734517","140.274860","0","3"
"12","千葉県","12322","印旛郡酒々井町","123220017002","中央台二丁目","35.730192","140.273211","0","3"
"12","千葉県","12322","印旛郡酒々井町","123220017003","中央台三丁目","35.729629","140.270926","0","3"
"12","千葉県","12322","印旛郡酒々井町","123220017004","中央台四丁目","35.724929","140.270151","0","3"
"12","千葉県","12322","印旛郡酒々井町","123220018000","中川","35.737021","140.269880","0","1"
"12","千葉県","12322","印旛郡酒々井町","123220019001","東酒々井一丁目","35.731118","140.276698","0","3"
"12","千葉県","12322","印旛郡酒々井町","123220019002","東酒々井二丁目","35.730478","140.281213","0","3"
"12","千葉県","12322","印旛郡酒々井町","123220019003","東酒々井三丁目","35.728582","140.276827","0","3"
"12","千葉県","12322","印旛郡酒々井町","123220019004","東酒々井四丁目","35.725698","140.275530","0","3"
"12","千葉県","12322","印旛郡酒々井町","123220019005","東酒々井五丁目","35.725200","140.272483","0","3"
"12","千葉県","12322","印旛郡酒々井町","123220019006","東酒々井六丁目","35.724592","140.273965","0","3"
"12","千葉県","12322","印旛郡酒々井町","123220020001","ふじき野一丁目","35.727122","140.279991","0","3"
"12","千葉県","12322","印旛郡酒々井町","123220020002","ふじき野二丁目","35.725287","140.279476","0","3"
"12","千葉県","12322","印旛郡酒々井町","123220020003","ふじき野三丁目","35.723274","140.275927","0","3"
"12","千葉県","12322","印旛郡酒々井町","123220021000","馬橋","35.706974","140.268636","0","1"
"12","千葉県","12322","印旛郡酒々井町","123220022000","本佐倉","35.718698","140.256178","0","1"
"12","千葉県","12329","印旛郡栄町","123290001000","安食","35.829739","140.246258","0","1"
"12","千葉県","12329","印旛郡栄町","123290002001","安食一丁目","35.834470","140.243167","0","3"
"12","千葉県","12329","印旛郡栄町","123290002002","安食二丁目","35.835124","140.240001","0","3"
"12","千葉県","12329","印旛郡栄町","123290002003","安食三丁目","35.836923","140.237318","0","3"
"12","千葉県","12329","印旛郡栄町","123290003001","安食台一丁目","35.840460","140.244729","0","3"
"12","千葉県","12329","印旛郡栄町","123290003002","安食台二丁目","35.842224","140.242300","0","3"
"12","千葉県","12329","印旛郡栄町","123290003003","安食台三丁目","35.844490","140.241551","0","3"
"12","千葉県","12329","印旛郡栄町","123290003004","安食台四丁目","35.844564","140.245965","0","3"
"12","千葉県","12329","印旛郡栄町","123290003005","安食台五丁目","35.839714","140.250513","0","3"
"12","千葉県","12329","印旛郡栄町","123290003006","安食台六丁目","35.838082","140.247319","0","3"
"12","千葉県","12329","印旛郡栄町","123290004000","安食卜杭新田","35.841022","140.233080","0","1"
"12","千葉県","12329","印旛郡栄町","123290005000","麻生","35.842186","140.274245","0","1"
"12","千葉県","12329","印旛郡栄町","123290006000","請方","35.846482","140.207455","0","1"
"12","千葉県","12329","印旛郡栄町","123290007000","大森","35.841684","140.215269","0","1"
"12","千葉県","12329","印旛郡栄町","123290008000","興津","35.854989","140.274698","0","1"
"12","千葉県","12329","印旛郡栄町","123290009000","押付","35.840149","140.211184","0","1"
"12","千葉県","12329","印旛郡栄町","123290010000","北","35.856236","140.211280","0","1"
"12","千葉県","12329","印旛郡栄町","123290011000","北辺田","35.858188","140.263987","0","1"
"12","千葉県","12329","印旛郡栄町","123290012000","酒直","35.821273","140.261268","0","1"
"12","千葉県","12329","印旛郡栄町","123290013001","酒直台一丁目","35.831354","140.257703","0","3"
"12","千葉県","12329","印旛郡栄町","123290013002","酒直台二丁目","35.828829","140.260068","0","3"
"12","千葉県","12329","印旛郡栄町","123290014000","四箇","35.842454","140.219820","0","1"
"12","千葉県","12329","印旛郡栄町","123290015000","須賀","35.851798","140.252830","0","1"
"12","千葉県","12329","印旛郡栄町","123290016000","曽根","35.840966","140.201117","0","1"
"12","千葉県","12329","印旛郡栄町","123290017000","長門谷","35.842095","140.217180","0","1"
"12","千葉県","12329","印旛郡栄町","123290018000","中谷","35.854528","140.199025","0","1"
"12","千葉県","12329","印旛郡栄町","123290019000","西","35.845777","140.177261","0","1"
"12","千葉県","12329","印旛郡栄町","123290020000","布鎌酒直","35.846551","140.226140","0","1"
"12","千葉県","12329","印旛郡栄町","123290021000","布太","35.846661","140.188848","0","1"
"12","千葉県","12329","印旛郡栄町","123290022000","生板鍋子新田","35.853990","140.229011","0","1"
"12","千葉県","12329","印旛郡栄町","123290023000","南","35.839021","140.193524","0","1"
"12","千葉県","12329","印旛郡栄町","123290024001","南ケ丘一丁目","35.836631","140.207738","0","3"
"12","千葉県","12329","印旛郡栄町","123290024002","南ケ丘二丁目","35.837130","140.193785","0","3"
"12","千葉県","12329","印旛郡栄町","123290025000","三和","35.848551","140.193141","0","1"
"12","千葉県","12329","印旛郡栄町","123290026000","矢口","35.866222","140.278023","0","1"
"12","千葉県","12329","印旛郡栄町","123290027001","矢口神明一丁目","35.868013","140.272315","0","3"
"12","千葉県","12329","印旛郡栄町","123290027002","矢口神明二丁目","35.868964","140.276547","0","3"
"12","千葉県","12329","印旛郡栄町","123290027003","矢口神明三丁目","35.868963","140.281032","0","3"
"12","千葉県","12329","印旛郡栄町","123290027004","矢口神明四丁目","35.867913","140.278381","0","3"
"12","千葉県","12329","印旛郡栄町","123290027005","矢口神明五丁目","35.867121","140.274342","0","3"
"12","千葉県","12329","印旛郡栄町","123290028000","四ツ谷","35.849339","140.221016","0","1"
"12","千葉県","12329","印旛郡栄町","123290029000","龍角寺","35.829275","140.270908","0","1"
"12","千葉県","12329","印旛郡栄町","123290030001","竜角寺台一丁目","35.821022","140.278471","0","3"
"12","千葉県","12329","印旛郡栄町","123290030002","竜角寺台二丁目","35.824535","140.280029","0","3"
"12","千葉県","12329","印旛郡栄町","123290030003","竜角寺台三丁目","35.826511","140.282167","0","3"
"12","千葉県","12329","印旛郡栄町","123290030004","竜角寺台四丁目","35.828540","140.279766","0","3"
"12","千葉県","12329","印旛郡栄町","123290030005","竜角寺台五丁目","35.829337","140.283219","0","3"
"12","千葉県","12329","印旛郡栄町","123290030006","竜角寺台六丁目","35.832248","140.279715","0","3"
"12","千葉県","12329","印旛郡栄町","123290031000","龍ケ崎町歩","35.854685","140.221376","0","1"
"12","千葉県","12329","印旛郡栄町","123290032000","脇川","35.842773","140.224842","0","1"
"12","千葉県","12329","印旛郡栄町","123290033000","和田","35.847630","140.232263","0","1"
"12","千葉県","12342","香取郡神崎町","123420001000","今","35.903725","140.423934","0","1"
"12","千葉県","12342","香取郡神崎町","123420002000","植房","35.880852","140.401605","0","1"
"12","千葉県","12342","香取郡神崎町","123420003000","大貫","35.890478","140.422434","0","1"
"12","千葉県","12342","香取郡神崎町","123420004000","毛成","35.866841","140.430072","0","1"
"12","千葉県","12342","香取郡神崎町","123420005000","神崎神宿","35.901342","140.392468","0","1"
"12","千葉県","12342","香取郡神崎町","123420006000","神崎本宿","35.905257","140.402132","0","1"
"12","千葉県","12342","香取郡神崎町","123420007000","高谷","35.906428","140.433097","0","1"
"12","千葉県","12342","香取郡神崎町","123420008000","郡","35.894666","140.413801","0","1"
"12","千葉県","12342","香取郡神崎町","123420009000","古原","35.866184","140.408759","0","1"
"12","千葉県","12342","香取郡神崎町","123420010000","小松","35.891745","140.390440","0","1"
"12","千葉県","12342","香取郡神崎町","123420011000","四季の丘","35.888684","140.413878","0","1"
"12","千葉県","12342","香取郡神崎町","123420012000","十三間戸","35.902438","140.382243","0","1"
"12","千葉県","12342","香取郡神崎町","123420013000","新","35.880929","140.424528","0","1"
"12","千葉県","12342","香取郡神崎町","123420014000","武田","35.877474","140.414737","0","1"
"12","千葉県","12342","香取郡神崎町","123420015000","立野","35.883642","140.412461","0","1"
"12","千葉県","12342","香取郡神崎町","123420016000","並木","35.893707","140.401933","0","1"
"12","千葉県","12342","香取郡神崎町","123420017000","藤の台","35.888338","140.410953","0","1"
"12","千葉県","12342","香取郡神崎町","123420018000","松崎","35.897219","140.381918","0","1"
"12","千葉県","12347","香取郡多古町","123470001000","飯笹","35.763052","140.445118","0","1"
"12","千葉県","12347","香取郡多古町","123470002000","出沼","35.787357","140.470898","0","1"
"12","千葉県","12347","香取郡多古町","123470003000","井戸山","35.755417","140.467447","0","1"
"12","千葉県","12347","香取郡多古町","123470004000","牛尾","35.701859","140.461796","0","1"
"12","千葉県","12347","香取郡多古町","123470005000","大門","35.775817","140.468791","0","1"
"12","千葉県","12347","香取郡多古町","123470006000","大高","35.773882","140.455329","0","1"
"12","千葉県","12347","香取郡多古町","123470007000","川島","35.767332","140.522217","0","1"
"12","千葉県","12347","香取郡多古町","123470008000","喜多","35.739737","140.446460","0","1"
"12","千葉県","12347","香取郡多古町","123470009000","喜多井野","35.749433","140.447046","0","1"
"12","千葉県","12347","香取郡多古町","123470010000","喜多大原","35.744798","140.440364","0","1"
"12","千葉県","12347","香取郡多古町","123470011000","北中","35.755789","140.492911","0","1"
"12","千葉県","12347","香取郡多古町","123470012000","御所台","35.760302","140.480991","0","1"
"12","千葉県","12347","香取郡多古町","123470013000","五反田","35.732635","140.440849","0","1"
"12","千葉県","12347","香取郡多古町","123470014000","坂","35.763497","140.540871","0","1"
"12","千葉県","12347","香取郡多古町","123470015000","谷三倉","35.786981","140.497178","0","1"
"12","千葉県","12347","香取郡多古町","123470016000","島","35.720352","140.469977","0","1"
"12","千葉県","12347","香取郡多古町","123470017000","染井","35.743336","140.458143","0","1"
"12","千葉県","12347","香取郡多古町","123470018000","高津原","35.766384","140.465803","0","1"
"12","千葉県","12347","香取郡多古町","123470019000","多古","35.738661","140.468382","0","1"
"12","千葉県","12347","香取郡多古町","123470020000","千田","35.715130","140.444903","0","1"
"12","千葉県","12347","香取郡多古町","123470021000","次浦","35.777461","140.485062","0","1"
"12","千葉県","12347","香取郡多古町","123470022000","寺作","35.758261","140.474755","0","1"
"12","千葉県","12347","香取郡多古町","123470023000","東輝","35.737724","140.500558","0","1"
"12","千葉県","12347","香取郡多古町","123470024000","十余三","35.794211","140.452224","0","1"
"12","千葉県","12347","香取郡多古町","123470025000","中村新田","35.728408","140.478864","0","1"
"12","千葉県","12347","香取郡多古町","123470026000","西古内","35.767967","140.482477","0","1"
"12","千葉県","12347","香取郡多古町","123470027000","林","35.726277","140.443502","0","1"
"12","千葉県","12347","香取郡多古町","123470028000","東松崎","35.772195","140.529910","0","1"
"12","千葉県","12347","香取郡多古町","123470029000","一鍬田","35.778301","140.409996","0","1"
"12","千葉県","12347","香取郡多古町","123470030000","桧木","35.784488","140.462738","0","1"
"12","千葉県","12347","香取郡多古町","123470031000","船越","35.711252","140.464862","0","1"
"12","千葉県","12347","香取郡多古町","123470032000","方田","35.759811","140.524629","0","1"
"12","千葉県","12347","香取郡多古町","123470033000","間倉","35.760377","140.429091","0","1"
"12","千葉県","12347","香取郡多古町","123470034000","水戸","35.722128","140.450279","0","1"
"12","千葉県","12347","香取郡多古町","123470035000","南借当","35.740327","140.498163","0","1"
"12","千葉県","12347","香取郡多古町","123470036000","南玉造","35.771514","140.505220","0","1"
"12","千葉県","12347","香取郡多古町","123470037000","南中","35.736692","140.486808","0","1"
"12","千葉県","12347","香取郡多古町","123470038000","南並木","35.727713","140.487110","0","1"
"12","千葉県","12347","香取郡多古町","123470039000","南和田","35.744250","140.499175","0","1"
"12","千葉県","12347","香取郡多古町","123470040000","本三倉","35.795129","140.489628","0","1"
"12","千葉県","12347","香取郡多古町","123470041000","本三倉谷三倉入会","35.788244","140.485242","0","1"
"12","千葉県","12349","香取郡東庄町","123490001000","粟野","35.795780","140.670594","0","1"
"12","千葉県","12349","香取郡東庄町","123490002000","石出","35.820465","140.707452","0","1"
"12","千葉県","12349","香取郡東庄町","123490003000","今郡","35.815994","140.686881","0","1"
"12","千葉県","12349","香取郡東庄町","123490004000","青馬","35.810806","140.674268","0","1"
"12","千葉県","12349","香取郡東庄町","123490005000","大久保","35.797404","140.646534","0","1"
"12","千葉県","12349","香取郡東庄町","123490006000","大友","35.800414","140.658139","0","1"
"12","千葉県","12349","香取郡東庄町","123490007000","小座","35.799185","140.665786","0","1"
"12","千葉県","12349","香取郡東庄町","123490008000","神田","35.793758","140.634008","0","1"
"12","千葉県","12349","香取郡東庄町","123490009000","窪野谷","35.809826","140.655979","0","1"
"12","千葉県","12349","香取郡東庄町","123490010000","小貝野","35.806182","140.638299","0","1"
"12","千葉県","12349","香取郡東庄町","123490011000","小南","35.787255","140.682971","0","1"
"12","千葉県","12349","香取郡東庄町","123490012000","笹川い","35.839376","140.668144","0","1"
"12","千葉県","12349","香取郡東庄町","123490013000","笹川ろ","35.833054","140.679758","0","1"
"12","千葉県","12349","香取郡東庄町","123490014000","高部","35.820369","140.663263","0","1"
"12","千葉県","12349","香取郡東庄町","123490015000","東和田","35.794904","140.641345","0","1"
"12","千葉県","12349","香取郡東庄町","123490016000","夏目","35.776297","140.671305","0","1"
"12","千葉県","12349","香取郡東庄町","123490017000","新宿","35.833526","140.697531","0","1"
"12","千葉県","12349","香取郡東庄町","123490018000","羽計","35.825470","140.683234","0","1"
"12","千葉県","12349","香取郡東庄町","123490019000","東今泉","35.811476","140.705381","0","1"
"12","千葉県","12349","香取郡東庄町","123490020000","平山","35.820624","140.649821","0","1"
"12","千葉県","12349","香取郡東庄町","123490021000","舟戸","35.789366","140.647349","0","1"
"12","千葉県","12349","香取郡東庄町","123490022000","宮野台","35.798184","140.685492","0","1"
"12","千葉県","12349","香取郡東庄町","123490023000","宮本","35.803855","140.686443","0","1"
"12","千葉県","12349","香取郡東庄町","123490024000","八重穂","35.787083","140.660291","0","1"
"12","千葉県","12349","香取郡東庄町","123490025000","谷津","35.820791","140.686363","0","1"
"12","千葉県","12403","山武郡九十九里町","124030001000","粟生","35.523186","140.429490","0","1"
"12","千葉県","12403","山武郡九十九里町","124030002000","荒生","35.544475","140.426629","0","1"
"12","千葉県","12403","山武郡九十九里町","124030003000","大沼","35.529399","140.398483","0","1"
"12","千葉県","12403","山武郡九十九里町","124030004000","片貝","35.534957","140.435646","0","1"
"12","千葉県","12403","山武郡九十九里町","124030005000","小関","35.546018","140.448736","0","1"
"12","千葉県","12403","山武郡九十九里町","124030006000","作田","35.553300","140.449883","0","1"
"12","千葉県","12403","山武郡九十九里町","124030007000","下貝塚","35.521793","140.419238","0","1"
"12","千葉県","12403","山武郡九十九里町","124030008000","宿","35.518516","140.431094","0","1"
"12","千葉県","12403","山武郡九十九里町","124030009000","薄島","35.519488","140.428669","0","1"
"12","千葉県","12403","山武郡九十九里町","124030010000","田中荒生","35.537376","140.450346","0","1"
"12","千葉県","12403","山武郡九十九里町","124030011000","西野","35.525147","140.402391","0","1"
"12","千葉県","12403","山武郡九十九里町","124030012000","藤下","35.526655","140.411473","0","1"
"12","千葉県","12403","山武郡九十九里町","124030013000","不動堂","35.513856","140.424493","0","1"
"12","千葉県","12403","山武郡九十九里町","124030014000","細屋敷","35.515199","140.436000","0","1"
"12","千葉県","12403","山武郡九十九里町","124030015000","真亀","35.508407","140.413093","0","1"
"12","千葉県","12403","山武郡九十九里町","124030016000","真亀新田","35.507440","140.428273","0","1"
"12","千葉県","12409","山武郡芝山町","124090012000","下吹入","35.713265","140.431998","0","1"
"12","千葉県","12409","山武郡芝山町","124090024000","加香山新田","35.749347","140.407306","1","2"
"12","千葉県","12409","山武郡芝山町","124090003000","岩山","35.731018","140.403787","0","1"
"12","千葉県","12409","山武郡芝山町","124090021000","宮崎","35.705016","140.438405","0","1"
"12","千葉県","12409","山武郡芝山町","124090010000","境","35.711012","140.441662","0","1"
"12","千葉県","12409","山武郡芝山町","124090008000","香山新田","35.769325","140.402281","0","1"
"12","千葉県","12409","山武郡芝山町","124090014000","高谷","35.704471","140.442374","0","1"
"12","千葉県","12409","山武郡芝山町","124090013000","高田","35.710745","140.393333","0","1"
"12","千葉県","12409","山武郡芝山町","124090023000","山中","35.698756","140.435212","0","1"
"12","千葉県","12409","山武郡芝山町","124090022000","山田","35.720361","140.413759","0","1"
"12","千葉県","12409","山武郡芝山町","124090011000","芝山","35.691505","140.428386","0","1"
"12","千葉県","12409","山武郡芝山町","124090006000","小原子","35.726944","140.429027","0","1"
"12","千葉県","12409","山武郡芝山町","124090009000","小池","35.691451","140.413782","0","1"
"12","千葉県","12409","山武郡芝山町","124090007000","上吹入","35.717721","140.428872","0","1"
"12","千葉県","12409","山武郡芝山町","124090016000","新井田","35.694834","140.395287","0","1"
"12","千葉県","12409","山武郡芝山町","124090017000","新井田新田","35.697172","140.380517","0","1"
"12","千葉県","12409","山武郡芝山町","124090005000","大台","35.708526","140.418610","0","1"
"12","千葉県","12409","山武郡芝山町","124090004000","大里","35.745245","140.406864","1","1"
"12","千葉県","12409","山武郡芝山町","124090001000","朝倉","35.723410","140.400154","0","1"
"12","千葉県","12409","山武郡芝山町","124090015000","殿部田","35.701811","140.448868","0","1"
"12","千葉県","12409","山武郡芝山町","124090002000","飯櫃","35.729383","140.421584","0","1"
"12","千葉県","12409","山武郡芝山町","124090018000","菱田","35.753121","140.408178","1","1"
"12","千葉県","12409","山武郡芝山町","124090019000","宝馬","35.718034","140.397738","0","1"
"12","千葉県","12409","山武郡芝山町","124090020000","牧野","35.718582","140.384057","0","1"
"12","千葉県","12410","山武郡横芝光町","124100001000","新井","35.697046","140.471773","1","1"
"12","千葉県","12410","山武郡横芝光町","124100002000","市野原","35.694443","140.479009","0","1"
"12","千葉県","12410","山武郡横芝光町","124100003000","牛熊","35.692569","140.447182","0","1"
"12","千葉県","12410","山武郡横芝光町","124100004000","姥山","35.672939","140.446287","0","1"
"12","千葉県","12410","山武郡横芝光町","124100005000","小川台","35.690222","140.494265","0","1"
"12","千葉県","12410","山武郡横芝光町","124100006000","於幾","35.675391","140.477082","0","1"
"12","千葉県","12410","山武郡横芝光町","124100007000","尾垂イ","35.632532","140.550574","0","1"
"12","千葉県","12410","山武郡横芝光町","124100008000","尾垂ロ","35.638301","140.539268","0","1"
"12","千葉県","12410","山武郡横芝光町","124100009000","小堤","35.682399","140.465474","0","1"
"12","千葉県","12410","山武郡横芝光町","124100010000","上原","35.651777","140.526513","0","1"
"12","千葉県","12410","山武郡横芝光町","124100011000","北清水","35.631617","140.508788","0","1"
"12","千葉県","12410","山武郡横芝光町","124100012000","木戸","35.628355","140.533692","0","1"
"12","千葉県","12410","山武郡横芝光町","124100013000","木戸台","35.683815","140.453329","0","1"
"12","千葉県","12410","山武郡横芝光町","124100014000","栗山","35.649837","140.497746","0","1"
"12","千葉県","12410","山武郡横芝光町","124100015000","古川","35.665876","140.486087","0","1"
"12","千葉県","12410","山武郡横芝光町","124100016000","小田部","35.681099","140.502818","0","1"
"12","千葉県","12410","山武郡横芝光町","124100017000","坂田","35.666957","140.473820","0","1"
"12","千葉県","12410","山武郡横芝光町","124100018000","坂田池","35.661789","140.469755","0","1"
"12","千葉県","12410","山武郡横芝光町","124100019000","篠本","35.707126","140.488725","0","1"
"12","千葉県","12410","山武郡横芝光町","124100020000","篠本根切","35.701015","140.494077","0","1"
"12","千葉県","12410","山武郡横芝光町","124100021000","芝崎","35.671610","140.494548","0","1"
"12","千葉県","12410","山武郡横芝光町","124100022000","芝崎南","35.669193","140.491246","0","1"
"12","千葉県","12410","山武郡横芝光町","124100023000","曽根合","35.675314","140.471270","0","1"
"12","千葉県","12410","山武郡横芝光町","124100024000","台","35.685580","140.498760","0","1"
"12","千葉県","12410","山武郡横芝光町","124100025000","寺方","35.676897","140.466845","0","1"
"12","千葉県","12410","山武郡横芝光町","124100026000","遠山","35.665679","140.443810","0","1"
"12","千葉県","12410","山武郡横芝光町","124100027000","富下","35.678476","140.485607","0","1"
"12","千葉県","12410","山武郡横芝光町","124100028000","取立","35.672226","140.463724","0","1"
"12","千葉県","12410","山武郡横芝光町","124100029000","鳥喰上","35.640131","140.484357","0","1"
"12","千葉県","12410","山武郡横芝光町","124100030000","鳥喰下","35.636597","140.490045","0","1"
"12","千葉県","12410","山武郡横芝光町","124100031000","鳥喰新田","35.644996","140.482492","0","1"
"12","千葉県","12410","山武郡横芝光町","124100032000","長倉","35.666881","140.461520","0","1"
"12","千葉県","12410","山武郡横芝光町","124100033000","中台","35.685088","140.435221","0","1"
"12","千葉県","12410","山武郡横芝光町","124100034000","長山台","35.674636","140.438445","0","1"
"12","千葉県","12410","山武郡横芝光町","124100035000","新島","35.618732","140.507714","0","1"
"12","千葉県","12410","山武郡横芝光町","124100036000","新島旧新堀","35.617938","140.498700","0","1"
"12","千葉県","12410","山武郡横芝光町","124100037000","新島旧三島","35.619737","140.494718","0","1"
"12","千葉県","12410","山武郡横芝光町","124100038000","母子","35.678801","140.511279","0","1"
"12","千葉県","12410","山武郡横芝光町","124100039000","原方","35.645493","140.533454","0","1"
"12","千葉県","12410","山武郡横芝光町","124100040000","二又","35.694609","140.488111","0","1"
"12","千葉県","12410","山武郡横芝光町","124100041000","傍示戸","35.684109","140.484940","0","1"
"12","千葉県","12410","山武郡横芝光町","124100042000","宝米","35.688055","140.477615","0","1"
"12","千葉県","12410","山武郡横芝光町","124100043000","宮川","35.661183","140.514120","0","1"
"12","千葉県","12410","山武郡横芝光町","124100044000","虫生","35.677090","140.492840","0","1"
"12","千葉県","12410","山武郡横芝光町","124100045000","目篠","35.648110","140.523443","0","1"
"12","千葉県","12410","山武郡横芝光町","124100046000","屋形","35.615927","140.521185","0","1"
"12","千葉県","12410","山武郡横芝光町","124100047000","谷台","35.694921","140.456446","0","1"
"12","千葉県","12410","山武郡横芝光町","124100048000","谷中","35.666048","140.532501","0","1"
"12","千葉県","12410","山武郡横芝光町","124100049000","横芝","35.660060","140.487422","0","1"
"12","千葉県","12410","山武郡横芝光町","124100050000","両国新田","35.667517","140.480903","0","1"
"12","千葉県","12421","長生郡一宮町","124210001000","新地","35.385494","140.379083","0","1"
"12","千葉県","12421","長生郡一宮町","124210002000","一宮","35.369400","140.380544","0","1"
"12","千葉県","12421","長生郡一宮町","124210003000","船頭給","35.381499","140.374422","0","1"
"12","千葉県","12421","長生郡一宮町","124210004000","田町","35.376692","140.364579","0","1"
"12","千葉県","12421","長生郡一宮町","124210005000","綱田","35.335578","140.378831","0","1"
"12","千葉県","12421","長生郡一宮町","124210006000","東浪見","35.350772","140.379982","0","1"
"12","千葉県","12421","長生郡一宮町","124210007000","白山","35.380339","140.361016","0","1"
"12","千葉県","12421","長生郡一宮町","124210008000","東野","35.367136","140.366466","0","1"
"12","千葉県","12421","長生郡一宮町","124210009000","本給","35.365627","140.363969","0","1"
"12","千葉県","12421","長生郡一宮町","124210010000","宮原","35.382676","140.362141","0","1"
"12","千葉県","12422","長生郡睦沢町","124220001000","岩井","35.350580","140.337982","0","1"
"12","千葉県","12422","長生郡睦沢町","124220002000","大上","35.336887","140.289669","0","1"
"12","千葉県","12422","長生郡睦沢町","124220003000","大谷木","35.372833","140.314629","0","1"
"12","千葉県","12422","長生郡睦沢町","124220004000","上市場","35.373580","140.333378","0","1"
"12","千葉県","12422","長生郡睦沢町","124220005000","上之郷","35.350870","140.310249","0","1"
"12","千葉県","12422","長生郡睦沢町","124220006000","川島","35.384310","140.340771","0","1"
"12","千葉県","12422","長生郡睦沢町","124220007000","河須ケ谷","35.363882","140.343171","0","1"
"12","千葉県","12422","長生郡睦沢町","124220008000","北山田","35.376703","140.322725","0","1"
"12","千葉県","12422","長生郡睦沢町","124220009000","北山田寺崎新田","35.385395","140.316230","0","1"
"12","千葉県","12422","長生郡睦沢町","124220010000","小滝","35.360586","140.339404","0","1"
"12","千葉県","12422","長生郡睦沢町","124220011000","佐貫","35.339952","140.264693","0","1"
"12","千葉県","12422","長生郡睦沢町","124220012000","下之郷","35.355518","140.325250","0","1"
"12","千葉県","12422","長生郡睦沢町","124220013000","長楽寺","35.358509","140.301406","0","1"
"12","千葉県","12422","長生郡睦沢町","124220014000","寺崎","35.384002","140.328782","0","1"
"12","千葉県","12422","長生郡睦沢町","124220015000","妙楽寺","35.329013","140.271958","0","1"
"12","千葉県","12422","長生郡睦沢町","124220016000","森","35.358842","140.307642","0","1"
"12","千葉県","12423","長生郡長生村","124230001000","入山津","35.421323","140.375268","0","1"
"12","千葉県","12423","長生郡長生村","124230002000","岩沼","35.403590","140.347771","0","1"
"12","千葉県","12423","長生郡長生村","124230003000","岩沼飛地","35.420009","140.341531","0","1"
"12","千葉県","12423","長生郡長生村","124230004000","驚","35.414364","140.381741","0","1"
"12","千葉県","12423","長生郡長生村","124230005000","驚飛地","35.424881","140.366698","0","1"
"12","千葉県","12423","長生郡長生村","124230006000","金田","35.389970","140.347616","0","1"
"12","千葉県","12423","長生郡長生村","124230007000","北高根飛地","35.430641","140.368212","0","1"
"12","千葉県","12423","長生郡長生村","124230008000","北水口","35.410055","140.339441","0","1"
"12","千葉県","12423","長生郡長生村","124230009000","小泉","35.419831","140.369345","0","1"
"12","千葉県","12423","長生郡長生村","124230010000","曽根","35.423017","140.345564","0","1"
"12","千葉県","12423","長生郡長生村","124230011000","中之郷","35.431161","140.355072","0","1"
"12","千葉県","12423","長生郡長生村","124230012000","七井土","35.396727","140.325305","0","1"
"12","千葉県","12423","長生郡長生村","124230013000","信友","35.392206","140.357046","0","1"
"12","千葉県","12423","長生郡長生村","124230014000","一松乙","35.390855","140.373975","0","1"
"12","千葉県","12423","長生郡長生村","124230015000","一松甲","35.387080","140.391108","0","1"
"12","千葉県","12423","長生郡長生村","124230016000","一松丁","35.407375","140.379620","0","1"
"12","千葉県","12423","長生郡長生村","124230017000","一松飛地甲","35.419678","140.342895","0","1"
"12","千葉県","12423","長生郡長生村","124230018000","一松丙","35.396962","140.377684","0","1"
"12","千葉県","12423","長生郡長生村","124230019000","一松戊","35.413344","140.390304","0","1"
"12","千葉県","12423","長生郡長生村","124230020000","本郷","35.417714","140.355115","0","1"
"12","千葉県","12423","長生郡長生村","124230021000","宮成","35.405638","140.360395","0","1"
"12","千葉県","12423","長生郡長生村","124230022000","水口","35.407425","140.336409","0","1"
"12","千葉県","12423","長生郡長生村","124230023000","六ツ野飛地","35.416554","140.337892","0","1"
"12","千葉県","12423","長生郡長生村","124230024000","薮塚","35.403792","140.331376","0","1"
"12","千葉県","12424","長生郡白子町","124240001000","牛込","35.465029","140.396996","0","1"
"12","千葉県","12424","長生郡白子町","124240002000","驚","35.437538","140.371417","0","1"
"12","千葉県","12424","長生郡白子町","124240003000","北高根","35.436259","140.354948","0","1"
"12","千葉県","12424","長生郡白子町","124240004000","北日当","35.470555","140.367016","0","1"
"12","千葉県","12424","長生郡白子町","124240005000","五井","35.451062","140.379351","0","1"
"12","千葉県","12424","長生郡白子町","124240006000","幸治","35.425121","140.386699","0","1"
"12","千葉県","12424","長生郡白子町","124240007000","関","35.450712","140.360771","0","1"
"12","千葉県","12424","長生郡白子町","124240008000","剃金","35.459663","140.392838","0","1"
"12","千葉県","12424","長生郡白子町","124240009000","中里","35.435892","140.382109","0","1"
"12","千葉県","12424","長生郡白子町","124240010000","八斗","35.440586","140.384175","0","1"
"12","千葉県","12424","長生郡白子町","124240011000","浜宿","35.470460","140.404105","0","1"
"12","千葉県","12424","長生郡白子町","124240012000","福島","35.454787","140.351461","0","1"
"12","千葉県","12424","長生郡白子町","124240013000","古所","35.448412","140.394404","0","1"
"12","千葉県","12424","長生郡白子町","124240014000","南日当","35.462800","140.365111","0","1"
"12","千葉県","12426","長生郡長柄町","124260001000","上野","35.475329","140.240351","0","1"
"12","千葉県","12426","長生郡長柄町","124260002000","榎本","35.432068","140.250025","0","1"
"12","千葉県","12426","長生郡長柄町","124260003000","大津倉","35.416559","140.199425","0","1"
"12","千葉県","12426","長生郡長柄町","124260004000","大庭","35.402114","140.194878","0","1"
"12","千葉県","12426","長生郡長柄町","124260005000","刑部","35.430963","140.184822","0","1"
"12","千葉県","12426","長生郡長柄町","124260006000","金谷","35.429512","140.201078","0","1"
"12","千葉県","12426","長生郡長柄町","124260007000","国府里","35.455056","140.244890","0","1"
"12","千葉県","12426","長生郡長柄町","124260008000","小榎本","35.429813","140.243506","0","1"
"12","千葉県","12426","長生郡長柄町","124260009000","桜谷","35.436433","140.226302","0","1"
"12","千葉県","12426","長生郡長柄町","124260010000","皿木","35.467298","140.197679","0","1"
"12","千葉県","12426","長生郡長柄町","124260011000","高山","35.409024","140.206766","0","1"
"12","千葉県","12426","長生郡長柄町","124260012000","田代","35.417014","140.189492","0","1"
"12","千葉県","12426","長生郡長柄町","124260013000","立鳥","35.429084","140.212954","0","1"
"12","千葉県","12426","長生郡長柄町","124260014000","千代丸","35.442835","140.238210","0","1"
"12","千葉県","12426","長生郡長柄町","124260015000","鴇谷","35.422330","140.221191","0","1"
"12","千葉県","12426","長生郡長柄町","124260016000","徳増","35.428449","140.237740","0","1"
"12","千葉県","12426","長生郡長柄町","124260017000","長富","35.428855","140.229353","0","1"
"12","千葉県","12426","長生郡長柄町","124260018000","中野台","35.464801","140.232720","0","1"
"12","千葉県","12426","長生郡長柄町","124260019000","長柄山","35.455453","140.189600","0","1"
"12","千葉県","12426","長生郡長柄町","124260020000","針ケ谷","35.434897","140.208456","0","1"
"12","千葉県","12426","長生郡長柄町","124260021000","船木","35.465766","140.239219","0","1"
"12","千葉県","12426","長生郡長柄町","124260022000","味庄","35.467731","140.248688","0","1"
"12","千葉県","12426","長生郡長柄町","124260023000","山根","35.449969","140.230433","0","1"
"12","千葉県","12426","長生郡長柄町","124260024000","山之郷","35.471696","140.219081","0","1"
"12","千葉県","12426","長生郡長柄町","124260025000","力丸","35.443020","140.244897","0","1"
"12","千葉県","12426","長生郡長柄町","124260026000","六地蔵","35.452285","140.210625","0","1"
"12","千葉県","12427","長生郡長南町","124270001000","市野々","35.333204","140.240162","0","1"
"12","千葉県","12427","長生郡長南町","124270002000","今泉","35.419237","140.241809","0","1"
"12","千葉県","12427","長生郡長南町","124270003000","岩川","35.422003","140.237700","0","1"
"12","千葉県","12427","長生郡長南町","124270004000","岩撫","35.370046","140.215228","0","1"
"12","千葉県","12427","長生郡長南町","124270005000","小沢","35.365040","140.247029","0","1"
"12","千葉県","12427","長生郡長南町","124270006000","小生田","35.353624","140.261767","0","1"
"12","千葉県","12427","長生郡長南町","124270007000","笠森","35.398177","140.202399","0","1"
"12","千葉県","12427","長生郡長南町","124270008000","上小野田","35.358034","140.254297","0","1"
"12","千葉県","12427","長生郡長南町","124270009000","給田","35.374783","140.264868","0","1"
"12","千葉県","12427","長生郡長南町","124270010000","蔵持","35.382634","140.216349","0","1"
"12","千葉県","12427","長生郡長南町","124270011000","坂本","35.392419","140.256782","0","1"
"12","千葉県","12427","長生郡長南町","124270012000","佐坪","35.357368","140.236325","0","1"
"12","千葉県","12427","長生郡長南町","124270013000","芝原","35.366457","140.294215","0","1"
"12","千葉県","12427","長生郡長南町","124270014000","地引","35.367158","140.272141","0","1"
"12","千葉県","12427","長生郡長南町","124270015000","下小野田","35.371007","140.260185","0","1"
"12","千葉県","12427","長生郡長南町","124270016000","須田","35.419469","140.258058","0","1"
"12","千葉県","12427","長生郡長南町","124270017000","関原","35.411346","140.256048","0","1"
"12","千葉県","12427","長生郡長南町","124270018000","千手堂","35.407731","140.246039","0","1"
"12","千葉県","12427","長生郡長南町","124270019000","千田","35.405524","140.232664","0","1"
"12","千葉県","12427","長生郡長南町","124270020000","竹林","35.374924","140.219519","0","1"
"12","千葉県","12427","長生郡長南町","124270021000","棚毛","35.414512","140.220398","0","1"
"12","千葉県","12427","長生郡長南町","124270022000","長南","35.393212","140.232540","0","1"
"12","千葉県","12427","長生郡長南町","124270023000","豊原","35.378498","140.287965","0","1"
"12","千葉県","12427","長生郡長南町","124270024000","中原","35.379581","140.259084","0","1"
"12","千葉県","12427","長生郡長南町","124270025000","深沢","35.391391","140.206661","0","1"
"12","千葉県","12427","長生郡長南町","124270026000","報恩寺","35.379167","140.245319","0","1"
"12","千葉県","12427","長生郡長南町","124270027000","又富","35.407157","140.220198","0","1"
"12","千葉県","12427","長生郡長南町","124270028000","水沼","35.363153","140.219750","0","1"
"12","千葉県","12427","長生郡長南町","124270029000","美原台","35.363113","140.250525","0","1"
"12","千葉県","12427","長生郡長南町","124270030000","茗荷沢","35.377868","140.229107","0","1"
"12","千葉県","12427","長生郡長南町","124270031000","本台","35.421046","140.251198","0","1"
"12","千葉県","12427","長生郡長南町","124270032000","山内","35.343785","140.220268","0","1"
"12","千葉県","12427","長生郡長南町","124270033000","米満","35.414612","140.249873","0","1"
"12","千葉県","12441","夷隅郡大多喜町","124410001000","粟又","35.212679","140.180765","0","1"
"12","千葉県","12441","夷隅郡大多喜町","124410002000","石神","35.249333","140.264867","0","1"
"12","千葉県","12441","夷隅郡大多喜町","124410003000","板谷","35.262660","140.186775","0","1"
"12","千葉県","12441","夷隅郡大多喜町","124410004000","市川","35.251228","140.194662","0","1"
"12","千葉県","12441","夷隅郡大多喜町","124410005000","伊保田","35.238455","140.185615","0","1"
"12","千葉県","12441","夷隅郡大多喜町","124410006000","上原","35.270624","140.238784","0","1"
"12","千葉県","12441","夷隅郡大多喜町","124410007000","上原西部田柳原入会","35.279782","140.219800","0","1"
"12","千葉県","12441","夷隅郡大多喜町","124410008000","宇筒原","35.234467","140.227575","0","1"
"12","千葉県","12441","夷隅郡大多喜町","124410009000","大多喜","35.284542","140.233771","0","1"
"12","千葉県","12441","夷隅郡大多喜町","124410010000","大田代","35.227894","140.167005","0","1"
"12","千葉県","12441","夷隅郡大多喜町","124410011000","大戸","35.257792","140.240944","0","1"
"12","千葉県","12441","夷隅郡大多喜町","124410012000","押沼","35.239065","140.232185","0","1"
"12","千葉県","12441","夷隅郡大多喜町","124410013000","小土呂","35.316489","140.240675","0","1"
"12","千葉県","12441","夷隅郡大多喜町","124410014000","面白","35.212521","140.197461","0","1"
"12","千葉県","12441","夷隅郡大多喜町","124410015000","会所","35.189468","140.197961","0","1"
"12","千葉県","12441","夷隅郡大多喜町","124410016000","紙敷","35.272995","140.204823","0","1"
"12","千葉県","12441","夷隅郡大多喜町","124410017000","川畑","35.228706","140.248087","0","1"
"12","千葉県","12441","夷隅郡大多喜町","124410018000","久我原","35.243866","140.262911","0","1"
"12","千葉県","12441","夷隅郡大多喜町","124410019000","葛藤","35.250489","140.168098","0","1"
"12","千葉県","12441","夷隅郡大多喜町","124410020000","久保","35.286188","140.246411","0","1"
"12","千葉県","12441","夷隅郡大多喜町","124410021000","黒原","35.246444","140.239277","0","1"
"12","千葉県","12441","夷隅郡大多喜町","124410022000","小内","35.245904","140.232438","0","1"
"12","千葉県","12441","夷隅郡大多喜町","124410023000","小内笛倉入会","35.242698","140.231593","0","1"
"12","千葉県","12441","夷隅郡大多喜町","124410024000","紺屋","35.291972","140.244288","0","1"
"12","千葉県","12441","夷隅郡大多喜町","124410025000","小沢又","35.225101","140.180131","0","1"
"12","千葉県","12441","夷隅郡大多喜町","124410026000","小田代","35.245524","140.160780","0","1"
"12","千葉県","12441","夷隅郡大多喜町","124410027000","小苗","35.258251","140.215666","0","1"
"12","千葉県","12441","夷隅郡大多喜町","124410028000","小谷松","35.269825","140.250611","0","1"
"12","千葉県","12441","夷隅郡大多喜町","124410029000","桜台","35.285209","140.248488","0","1"
"12","千葉県","12441","夷隅郡大多喜町","124410030000","猿稲","35.289412","140.245807","0","1"
"12","千葉県","12441","夷隅郡大多喜町","124410031000","三条","35.239809","140.215658","0","1"
"12","千葉県","12441","夷隅郡大多喜町","124410032000","下大多喜","35.303318","140.262319","0","1"
"12","千葉県","12441","夷隅郡大多喜町","124410033000","庄司","35.247266","140.212692","0","1"
"12","千葉県","12441","夷隅郡大多喜町","124410034000","新丁","35.281386","140.252306","0","1"
"12","千葉県","12441","夷隅郡大多喜町","124410035000","泉水","35.293899","140.235488","0","1"
"12","千葉県","12441","夷隅郡大多喜町","124410036000","田代","35.228001","140.198144","0","1"
"12","千葉県","12441","夷隅郡大多喜町","124410037000","田丁","35.290981","140.236202","0","1"
"12","千葉県","12441","夷隅郡大多喜町","124410038000","筒森","35.226270","140.151107","0","1"
"12","千葉県","12441","夷隅郡大多喜町","124410039000","中野","35.253319","140.202401","0","1"
"12","千葉県","12441","夷隅郡大多喜町","124410040000","西部田","35.277967","140.234200","0","1"
"12","千葉県","12441","夷隅郡大多喜町","124410041000","馬場内","35.252865","140.230523","0","1"
"12","千葉県","12441","夷隅郡大多喜町","124410042000","原内","35.248038","140.228945","0","1"
"12","千葉県","12441","夷隅郡大多喜町","124410043000","平沢","35.209296","140.232372","0","1"
"12","千葉県","12441","夷隅郡大多喜町","124410044000","笛倉","35.246279","140.235962","0","1"
"12","千葉県","12441","夷隅郡大多喜町","124410045000","船子","35.289561","140.251895","0","1"
"12","千葉県","12441","夷隅郡大多喜町","124410046000","部田","35.263995","140.250280","0","1"
"12","千葉県","12441","夷隅郡大多喜町","124410047000","堀切","35.245334","140.195249","0","1"
"12","千葉県","12441","夷隅郡大多喜町","124410048000","堀之内","35.257750","140.271422","0","1"
"12","千葉県","12441","夷隅郡大多喜町","124410049000","松尾","35.255628","140.211885","0","1"
"12","千葉県","12441","夷隅郡大多喜町","124410050000","三又","35.239743","140.250998","0","1"
"12","千葉県","12441","夷隅郡大多喜町","124410051000","百鉾","35.244172","140.226194","0","1"
"12","千葉県","12441","夷隅郡大多喜町","124410052000","森宮","35.287321","140.260762","0","1"
"12","千葉県","12441","夷隅郡大多喜町","124410053000","弥喜用","35.253727","140.224620","0","1"
"12","千葉県","12441","夷隅郡大多喜町","124410054000","八声","35.266437","140.268332","0","1"
"12","千葉県","12441","夷隅郡大多喜町","124410055000","柳原","35.281308","140.242049","0","1"
"12","千葉県","12441","夷隅郡大多喜町","124410056000","湯倉","35.258751","140.221660","0","1"
"12","千葉県","12441","夷隅郡大多喜町","124410057000","弓木","35.205465","140.216046","0","1"
"12","千葉県","12441","夷隅郡大多喜町","124410058000","横山","35.298485","140.226391","0","1"
"12","千葉県","12443","夷隅郡御宿町","124430001000","岩和田","35.188839","140.375612","0","1"
"12","千葉県","12443","夷隅郡御宿町","124430002000","御宿台","35.186347","140.338014","0","1"
"12","千葉県","12443","夷隅郡御宿町","124430003000","上布施","35.208844","140.328695","0","1"
"12","千葉県","12443","夷隅郡御宿町","124430004000","上布施実谷入会地","35.202514","140.313930","0","1"
"12","千葉県","12443","夷隅郡御宿町","124430005000","久保","35.194519","140.353208","0","1"
"12","千葉県","12443","夷隅郡御宿町","124430006000","実谷","35.194660","140.318502","0","1"
"12","千葉県","12443","夷隅郡御宿町","124430007000","新町","35.190012","140.360544","0","1"
"12","千葉県","12443","夷隅郡御宿町","124430008000","須賀","35.187948","140.348547","0","1"
"12","千葉県","12443","夷隅郡御宿町","124430009000","高山田","35.205573","140.352636","0","1"
"12","千葉県","12443","夷隅郡御宿町","124430010000","七本","35.181660","140.321692","0","1"
"12","千葉県","12443","夷隅郡御宿町","124430011000","浜","35.180492","140.333523","0","1"
"12","千葉県","12443","夷隅郡御宿町","124430012000","六軒町","35.187764","140.365216","0","1"
"12","千葉県","12463","安房郡鋸南町","124630001000","市井原","35.145580","139.891292","0","1"
"12","千葉県","12463","安房郡鋸南町","124630002000","岩井袋","35.101768","139.831421","0","1"
"12","千葉県","12463","安房郡鋸南町","124630003000","江月","35.131950","139.861578","0","1"
"12","千葉県","12463","安房郡鋸南町","124630004000","大帷子","35.139131","139.856262","0","1"
"12","千葉県","12463","安房郡鋸南町","124630005000","大崩","35.133776","139.916162","0","1"
"12","千葉県","12463","安房郡鋸南町","124630006000","奥山","35.122746","139.912644","0","1"
"12","千葉県","12463","安房郡鋸南町","124630007000","勝山","35.111035","139.829059","0","1"
"12","千葉県","12463","安房郡鋸南町","124630008000","上佐久間","35.122345","139.891272","0","1"
"12","千葉県","12463","安房郡鋸南町","124630009000","小保田","35.144727","139.877376","0","1"
"12","千葉県","12463","安房郡鋸南町","124630010000","下佐久間","35.109790","139.849680","0","1"
"12","千葉県","12463","安房郡鋸南町","124630011000","大六","35.123341","139.842189","0","1"
"12","千葉県","12463","安房郡鋸南町","124630012000","中佐久間","35.122706","139.867539","0","1"
"12","千葉県","12463","安房郡鋸南町","124630013000","保田","35.149080","139.857830","0","1"
"12","千葉県","12463","安房郡鋸南町","124630014000","元名","35.153008","139.837217","0","1"
"12","千葉県","12463","安房郡鋸南町","124630015000","横根","35.142762","139.904554","0","1"
"12","千葉県","12463","安房郡鋸南町","124630016000","吉浜","35.129405","139.844702","0","1"
"12","千葉県","12463","安房郡鋸南町","124630017000","竜島","35.115826","139.834389","0","1"
