"“s“¹•{Œ§ƒR[ƒh","“s“¹•{Œ§–¼","Žs‹æ’¬‘ºƒR[ƒh","Žs‹æ’¬‘º–¼","‘åŽš’¬’š–ÚƒR[ƒh","‘åŽš’¬’š–Ú–¼","ˆÜ“x","Œo“x","Œ´“TŽ‘—¿ƒR[ƒh","‘åŽšEŽšE’š–Ú‹æ•ªƒR[ƒh"
"11","é‹ÊŒ§","11101","‚³‚¢‚½‚ÜŽs¼‹æ","111010001000","‘åŽš•½•û—ÌX‰Æ","35.924498","139.562208","0","1"
"11","é‹ÊŒ§","11101","‚³‚¢‚½‚ÜŽs¼‹æ","111010002000","‘åŽš•ôŠÝ","35.930675","139.556710","0","1"
"11","é‹ÊŒ§","11101","‚³‚¢‚½‚ÜŽs¼‹æ","111010003000","‘åŽšŽwî—Ì’Ò","35.929725","139.558552","0","1"
"11","é‹ÊŒ§","11101","‚³‚¢‚½‚ÜŽs¼‹æ","111010004001","“’–Ø’¬ˆê’š–Ú","35.894772","139.555176","0","3"
"11","é‹ÊŒ§","11101","‚³‚¢‚½‚ÜŽs¼‹æ","111010004002","“’–Ø’¬“ñ’š–Ú","35.898112","139.554108","0","3"
"11","é‹ÊŒ§","11101","‚³‚¢‚½‚ÜŽs¼‹æ","111010005000","‘åŽšA“c’J–{‘ºV“c","35.892473","139.561824","0","1"
"11","é‹ÊŒ§","11101","‚³‚¢‚½‚ÜŽs¼‹æ","111010006001","’Ë–{’¬ˆê’š–Ú","35.880640","139.562086","0","3"
"11","é‹ÊŒ§","11101","‚³‚¢‚½‚ÜŽs¼‹æ","111010006002","’Ë–{’¬“ñ’š–Ú","35.876704","139.563659","0","3"
"11","é‹ÊŒ§","11101","‚³‚¢‚½‚ÜŽs¼‹æ","111010006003","’Ë–{’¬ŽO’š–Ú","35.873896","139.565408","0","3"
"11","é‹ÊŒ§","11101","‚³‚¢‚½‚ÜŽs¼‹æ","111010007000","‘åŽšŽwî—Ì•ÊŠ","35.920966","139.567916","0","1"
"11","é‹ÊŒ§","11101","‚³‚¢‚½‚ÜŽs¼‹æ","111010008000","ƒvƒ‰ƒU","35.907541","139.578207","0","1"
"11","é‹ÊŒ§","11101","‚³‚¢‚½‚ÜŽs¼‹æ","111010009000","‘åŽš…”»“y","35.899736","139.593336","0","1"
"11","é‹ÊŒ§","11101","‚³‚¢‚½‚ÜŽs¼‹æ","111010010000","‘åŽš”Ñ“c","35.897075","139.586835","0","1"
"11","é‹ÊŒ§","11101","‚³‚¢‚½‚ÜŽs¼‹æ","111010011000","‘åŽš’Ë–{","35.876907","139.570511","0","1"
"11","é‹ÊŒ§","11101","‚³‚¢‚½‚ÜŽs¼‹æ","111010012000","‘åŽš“y‰®","35.911000","139.570230","0","1"
"11","é‹ÊŒ§","11101","‚³‚¢‚½‚ÜŽs¼‹æ","111010013000","‘åŽšŽOð’¬","35.887092","139.586951","0","1"
"11","é‹ÊŒ§","11101","‚³‚¢‚½‚ÜŽs¼‹æ","111010014000","‘åŽšº˜a","35.883919","139.576179","0","1"
"11","é‹ÊŒ§","11101","‚³‚¢‚½‚ÜŽs¼‹æ","111010015000","‘åŽš¼Vˆä","35.941418","139.586906","0","1"
"11","é‹ÊŒ§","11101","‚³‚¢‚½‚ÜŽs¼‹æ","111010016000","‘åŽš“à–ì–{‹½","35.935142","139.592301","0","1"
"11","é‹ÊŒ§","11101","‚³‚¢‚½‚ÜŽs¼‹æ","111010017000","‘åŽšA“c’J–{","35.890440","139.591449","0","1"
"11","é‹ÊŒ§","11101","‚³‚¢‚½‚ÜŽs¼‹æ","111010018000","‘åŽš’†–ì—Ñ","35.892519","139.588012","0","1"
"11","é‹ÊŒ§","11101","‚³‚¢‚½‚ÜŽs¼‹æ","111010019000","‘åŽš”Ñ“cV“c","35.886947","139.555376","0","1"
"11","é‹ÊŒ§","11101","‚³‚¢‚½‚ÜŽs¼‹æ","111010020000","‘åŽš²’mì","35.902849","139.583395","0","1"
"11","é‹ÊŒ§","11101","‚³‚¢‚½‚ÜŽs¼‹æ","111010021005","ŽO‹´ŒÜ’š–Ú","35.907451","139.593922","0","3"
"11","é‹ÊŒ§","11101","‚³‚¢‚½‚ÜŽs¼‹æ","111010021006","ŽO‹´˜Z’š–Ú","35.917037","139.590043","0","3"
"11","é‹ÊŒ§","11101","‚³‚¢‚½‚ÜŽs¼‹æ","111010022000","‘åŽš“‡ª","35.883134","139.591895","0","1"
"11","é‹ÊŒ§","11101","‚³‚¢‚½‚ÜŽs¼‹æ","111010023000","‘åŽš´‰ÍŽ›","35.934798","139.584113","0","1"
"11","é‹ÊŒ§","11101","‚³‚¢‚½‚ÜŽs¼‹æ","111010024000","‹{‘O’¬","35.926125","139.589900","0","1"
"11","é‹ÊŒ§","11101","‚³‚¢‚½‚ÜŽs¼‹æ","111010025000","‘åŽš•ó—ˆ","35.925786","139.555998","0","1"
"11","é‹ÊŒ§","11101","‚³‚¢‚½‚ÜŽs¼‹æ","111010026000","‘åŽš’†“B","35.935582","139.568156","0","1"
"11","é‹ÊŒ§","11101","‚³‚¢‚½‚ÜŽs¼‹æ","111010027000","‘åŽš‚–Ø","35.939167","139.576892","0","1"
"11","é‹ÊŒ§","11101","‚³‚¢‚½‚ÜŽs¼‹æ","111010028000","‘åŽšŽwî","35.914041","139.579368","0","1"
"11","é‹ÊŒ§","11101","‚³‚¢‚½‚ÜŽs¼‹æ","111010029000","‘åŽš“ñƒc‹{","35.890494","139.569985","0","1"
"11","é‹ÊŒ§","11101","‚³‚¢‚½‚ÜŽs¼‹æ","111010030000","‘åŽš¼—V”n","35.906818","139.561443","0","1"
"11","é‹ÊŒ§","11101","‚³‚¢‚½‚ÜŽs¼‹æ","111010031001","¼‘å‹{ˆê’š–Ú","35.922859","139.577160","0","3"
"11","é‹ÊŒ§","11101","‚³‚¢‚½‚ÜŽs¼‹æ","111010031002","¼‘å‹{“ñ’š–Ú","35.927905","139.573189","0","3"
"11","é‹ÊŒ§","11101","‚³‚¢‚½‚ÜŽs¼‹æ","111010031003","¼‘å‹{ŽO’š–Ú","35.928248","139.578974","0","3"
"11","é‹ÊŒ§","11101","‚³‚¢‚½‚ÜŽs¼‹æ","111010031004","¼‘å‹{Žl’š–Ú","35.933751","139.577020","0","3"
"11","é‹ÊŒ§","11102","‚³‚¢‚½‚ÜŽs–k‹æ","111020001000","‘åŽšã‰Á","35.931542","139.605794","0","1"
"11","é‹ÊŒ§","11102","‚³‚¢‚½‚ÜŽs–k‹æ","111020002000","“y˜C’¬","35.926430","139.636515","0","1"
"11","é‹ÊŒ§","11102","‚³‚¢‚½‚ÜŽs–k‹æ","111020003001","A’|’¬ˆê’š–Ú","35.925574","139.624524","0","3"
"11","é‹ÊŒ§","11102","‚³‚¢‚½‚ÜŽs–k‹æ","111020003002","A’|’¬“ñ’š–Ú","35.931069","139.626706","0","3"
"11","é‹ÊŒ§","11102","‚³‚¢‚½‚ÜŽs–k‹æ","111020004001","Œ©Àˆê’š–Ú","35.924881","139.640558","0","3"
"11","é‹ÊŒ§","11102","‚³‚¢‚½‚ÜŽs–k‹æ","111020004002","Œ©À“ñ’š–Ú","35.931087","139.640043","0","3"
"11","é‹ÊŒ§","11102","‚³‚¢‚½‚ÜŽs–k‹æ","111020004003","Œ©ÀŽO’š–Ú","35.938930","139.639495","0","3"
"11","é‹ÊŒ§","11102","‚³‚¢‚½‚ÜŽs–k‹æ","111020005001","“Œ‘å¬’¬ˆê’š–Ú","35.920687","139.621887","0","3"
"11","é‹ÊŒ§","11102","‚³‚¢‚½‚ÜŽs–k‹æ","111020005002","“Œ‘å¬’¬“ñ’š–Ú","35.929424","139.617848","0","3"
"11","é‹ÊŒ§","11102","‚³‚¢‚½‚ÜŽs–k‹æ","111020006001","‹{Œ´’¬ˆê’š–Ú","35.936042","139.620195","0","3"
"11","é‹ÊŒ§","11102","‚³‚¢‚½‚ÜŽs–k‹æ","111020006002","‹{Œ´’¬“ñ’š–Ú","35.941848","139.616449","0","3"
"11","é‹ÊŒ§","11102","‚³‚¢‚½‚ÜŽs–k‹æ","111020006003","‹{Œ´’¬ŽO’š–Ú","35.937952","139.610941","0","3"
"11","é‹ÊŒ§","11102","‚³‚¢‚½‚ÜŽs–k‹æ","111020006004","‹{Œ´’¬Žl’š–Ú","35.947573","139.608471","0","3"
"11","é‹ÊŒ§","11102","‚³‚¢‚½‚ÜŽs–k‹æ","111020007000","–~Í’¬","35.925697","139.630673","0","1"
"11","é‹ÊŒ§","11102","‚³‚¢‚½‚ÜŽs–k‹æ","111020008001","“y˜C’¬ˆê’š–Ú","35.934291","139.630809","0","3"
"11","é‹ÊŒ§","11102","‚³‚¢‚½‚ÜŽs–k‹æ","111020008002","“y˜C’¬“ñ’š–Ú","35.932885","139.634988","0","3"
"11","é‹ÊŒ§","11102","‚³‚¢‚½‚ÜŽs–k‹æ","111020009002","‹ùˆø’¬“ñ’š–Ú","35.920025","139.608347","0","3"
"11","é‹ÊŒ§","11102","‚³‚¢‚½‚ÜŽs–k‹æ","111020010004","‘å¬’¬Žl’š–Ú","35.926550","139.614553","0","3"
"11","é‹ÊŒ§","11102","‚³‚¢‚½‚ÜŽs–k‹æ","111020011000","¡‰H’¬","35.952589","139.622446","0","1"
"11","é‹ÊŒ§","11102","‚³‚¢‚½‚ÜŽs–k‹æ","111020012001","“úi’¬ˆê’š–Ú","35.920781","139.600034","0","3"
"11","é‹ÊŒ§","11102","‚³‚¢‚½‚ÜŽs–k‹æ","111020012002","“úi’¬“ñ’š–Ú","35.929758","139.605349","0","3"
"11","é‹ÊŒ§","11102","‚³‚¢‚½‚ÜŽs–k‹æ","111020012003","“úi’¬ŽO’š–Ú","35.937618","139.603031","0","3"
"11","é‹ÊŒ§","11102","‚³‚¢‚½‚ÜŽs–k‹æ","111020013000","•ÊŠ’¬","35.956472","139.596157","0","1"
"11","é‹ÊŒ§","11102","‚³‚¢‚½‚ÜŽs–k‹æ","111020014000","“Þ—Ç’¬","35.947255","139.601082","0","1"
"11","é‹ÊŒ§","11102","‚³‚¢‚½‚ÜŽs–k‹æ","111020015001","‹g–ì’¬ˆê’š–Ú","35.953009","139.613396","0","3"
"11","é‹ÊŒ§","11102","‚³‚¢‚½‚ÜŽs–k‹æ","111020015002","‹g–ì’¬“ñ’š–Ú","35.959199","139.608683","0","3"
"11","é‹ÊŒ§","11102","‚³‚¢‚½‚ÜŽs–k‹æ","111020016000","–{‹½’¬","35.942284","139.628895","0","1"
"11","é‹ÊŒ§","11103","‚³‚¢‚½‚ÜŽs‘å‹{‹æ","111030001006","‘åŒ´˜Z’š–Ú","35.898711","139.641737","0","3"
"11","é‹ÊŒ§","11103","‚³‚¢‚½‚ÜŽs‘å‹{‹æ","111030001007","‘åŒ´Žµ’š–Ú","35.901507","139.642301","0","3"
"11","é‹ÊŒ§","11103","‚³‚¢‚½‚ÜŽs‘å‹{‹æ","111030002001","’‡’¬ˆê’š–Ú","35.904805","139.626176","0","3"
"11","é‹ÊŒ§","11103","‚³‚¢‚½‚ÜŽs‘å‹{‹æ","111030002002","’‡’¬“ñ’š–Ú","35.905344","139.627808","0","3"
"11","é‹ÊŒ§","11103","‚³‚¢‚½‚ÜŽs‘å‹{‹æ","111030002003","’‡’¬ŽO’š–Ú","35.905425","139.629805","0","3"
"11","é‹ÊŒ§","11103","‚³‚¢‚½‚ÜŽs‘å‹{‹æ","111030003001","‰º’¬ˆê’š–Ú","35.903131","139.626799","0","3"
"11","é‹ÊŒ§","11103","‚³‚¢‚½‚ÜŽs‘å‹{‹æ","111030003002","‰º’¬“ñ’š–Ú","35.903529","139.628345","0","3"
"11","é‹ÊŒ§","11103","‚³‚¢‚½‚ÜŽs‘å‹{‹æ","111030003003","‰º’¬ŽO’š–Ú","35.903807","139.630067","0","3"
"11","é‹ÊŒ§","11103","‚³‚¢‚½‚ÜŽs‘å‹{‹æ","111030004001","‘å–å’¬ˆê’š–Ú","35.906665","139.625687","0","3"
"11","é‹ÊŒ§","11103","‚³‚¢‚½‚ÜŽs‘å‹{‹æ","111030004002","‘å–å’¬“ñ’š–Ú","35.907308","139.627329","0","3"
"11","é‹ÊŒ§","11103","‚³‚¢‚½‚ÜŽs‘å‹{‹æ","111030004003","‘å–å’¬ŽO’š–Ú","35.907769","139.629413","0","3"
"11","é‹ÊŒ§","11103","‚³‚¢‚½‚ÜŽs‘å‹{‹æ","111030005001","‹{’¬ˆê’š–Ú","35.908591","139.625246","0","3"
"11","é‹ÊŒ§","11103","‚³‚¢‚½‚ÜŽs‘å‹{‹æ","111030005002","‹{’¬“ñ’š–Ú","35.909459","139.627536","0","3"
"11","é‹ÊŒ§","11103","‚³‚¢‚½‚ÜŽs‘å‹{‹æ","111030005003","‹{’¬ŽO’š–Ú","35.911637","139.627207","0","3"
"11","é‹ÊŒ§","11103","‚³‚¢‚½‚ÜŽs‘å‹{‹æ","111030005004","‹{’¬Žl’š–Ú","35.911259","139.624702","0","3"
"11","é‹ÊŒ§","11103","‚³‚¢‚½‚ÜŽs‘å‹{‹æ","111030005005","‹{’¬ŒÜ’š–Ú","35.911175","139.623311","0","3"
"11","é‹ÊŒ§","11103","‚³‚¢‚½‚ÜŽs‘å‹{‹æ","111030006001","“yŽè’¬ˆê’š–Ú","35.915472","139.622694","0","3"
"11","é‹ÊŒ§","11103","‚³‚¢‚½‚ÜŽs‘å‹{‹æ","111030006002","“yŽè’¬“ñ’š–Ú","35.914005","139.626496","0","3"
"11","é‹ÊŒ§","11103","‚³‚¢‚½‚ÜŽs‘å‹{‹æ","111030006003","“yŽè’¬ŽO’š–Ú","35.916924","139.625301","0","3"
"11","é‹ÊŒ§","11103","‚³‚¢‚½‚ÜŽs‘å‹{‹æ","111030007001","‹g•~’¬ˆê’š–Ú","35.901614","139.629172","0","3"
"11","é‹ÊŒ§","11103","‚³‚¢‚½‚ÜŽs‘å‹{‹æ","111030007002","‹g•~’¬“ñ’š–Ú","35.899876","139.630037","0","3"
"11","é‹ÊŒ§","11103","‚³‚¢‚½‚ÜŽs‘å‹{‹æ","111030007003","‹g•~’¬ŽO’š–Ú","35.900057","139.633739","0","3"
"11","é‹ÊŒ§","11103","‚³‚¢‚½‚ÜŽs‘å‹{‹æ","111030007004","‹g•~’¬Žl’š–Ú","35.896044","139.635172","0","3"
"11","é‹ÊŒ§","11103","‚³‚¢‚½‚ÜŽs‘å‹{‹æ","111030008001","‚•@’¬ˆê’š–Ú","35.913283","139.629378","0","3"
"11","é‹ÊŒ§","11103","‚³‚¢‚½‚ÜŽs‘å‹{‹æ","111030008002","‚•@’¬“ñ’š–Ú","35.913952","139.632418","0","3"
"11","é‹ÊŒ§","11103","‚³‚¢‚½‚ÜŽs‘å‹{‹æ","111030008003","‚•@’¬ŽO’š–Ú","35.918520","139.627114","0","3"
"11","é‹ÊŒ§","11103","‚³‚¢‚½‚ÜŽs‘å‹{‹æ","111030008004","‚•@’¬Žl’š–Ú","35.918793","139.631793","0","3"
"11","é‹ÊŒ§","11103","‚³‚¢‚½‚ÜŽs‘å‹{‹æ","111030009001","óŠÔ’¬ˆê’š–Ú","35.904372","139.632888","0","3"
"11","é‹ÊŒ§","11103","‚³‚¢‚½‚ÜŽs‘å‹{‹æ","111030009002","óŠÔ’¬“ñ’š–Ú","35.902197","139.634638","0","3"
"11","é‹ÊŒ§","11103","‚³‚¢‚½‚ÜŽs‘å‹{‹æ","111030010001","“Œ’¬ˆê’š–Ú","35.906458","139.633381","0","3"
"11","é‹ÊŒ§","11103","‚³‚¢‚½‚ÜŽs‘å‹{‹æ","111030010002","“Œ’¬“ñ’š–Ú","35.909465","139.632400","0","3"
"11","é‹ÊŒ§","11103","‚³‚¢‚½‚ÜŽs‘å‹{‹æ","111030011001","÷–Ø’¬ˆê’š–Ú","35.903950","139.621185","0","3"
"11","é‹ÊŒ§","11103","‚³‚¢‚½‚ÜŽs‘å‹{‹æ","111030011002","÷–Ø’¬“ñ’š–Ú","35.907878","139.618836","0","3"
"11","é‹ÊŒ§","11103","‚³‚¢‚½‚ÜŽs‘å‹{‹æ","111030011003","÷–Ø’¬ŽO’š–Ú","35.913171","139.618411","0","3"
"11","é‹ÊŒ§","11103","‚³‚¢‚½‚ÜŽs‘å‹{‹æ","111030011004","÷–Ø’¬Žl’š–Ú","35.900148","139.617698","0","3"
"11","é‹ÊŒ§","11103","‚³‚¢‚½‚ÜŽs‘å‹{‹æ","111030012001","ŽO‹´ˆê’š–Ú","35.909570","139.602590","0","3"
"11","é‹ÊŒ§","11103","‚³‚¢‚½‚ÜŽs‘å‹{‹æ","111030012002","ŽO‹´“ñ’š–Ú","35.900651","139.602859","0","3"
"11","é‹ÊŒ§","11103","‚³‚¢‚½‚ÜŽs‘å‹{‹æ","111030012003","ŽO‹´ŽO’š–Ú","35.897110","139.607462","0","3"
"11","é‹ÊŒ§","11103","‚³‚¢‚½‚ÜŽs‘å‹{‹æ","111030012004","ŽO‹´Žl’š–Ú","35.893421","139.602100","0","3"
"11","é‹ÊŒ§","11103","‚³‚¢‚½‚ÜŽs‘å‹{‹æ","111030013001","Žõ”\’¬ˆê’š–Ú","35.921991","139.632308","0","3"
"11","é‹ÊŒ§","11103","‚³‚¢‚½‚ÜŽs‘å‹{‹æ","111030013002","Žõ”\’¬“ñ’š–Ú","35.921762","139.639437","0","3"
"11","é‹ÊŒ§","11103","‚³‚¢‚½‚ÜŽs‘å‹{‹æ","111030014001","‘å¬’¬ˆê’š–Ú","35.908863","139.614601","0","3"
"11","é‹ÊŒ§","11103","‚³‚¢‚½‚ÜŽs‘å‹{‹æ","111030014002","‘å¬’¬“ñ’š–Ú","35.913316","139.614228","0","3"
"11","é‹ÊŒ§","11103","‚³‚¢‚½‚ÜŽs‘å‹{‹æ","111030014003","‘å¬’¬ŽO’š–Ú","35.918483","139.615744","0","3"
"11","é‹ÊŒ§","11103","‚³‚¢‚½‚ÜŽs‘å‹{‹æ","111030015001","–x‚Ì“à’¬ˆê’š–Ú","35.910747","139.639183","0","3"
"11","é‹ÊŒ§","11103","‚³‚¢‚½‚ÜŽs‘å‹{‹æ","111030015002","–x‚Ì“à’¬“ñ’š–Ú","35.913813","139.642536","0","3"
"11","é‹ÊŒ§","11103","‚³‚¢‚½‚ÜŽs‘å‹{‹æ","111030015003","–x‚Ì“à’¬ŽO’š–Ú","35.914814","139.637230","0","3"
"11","é‹ÊŒ§","11103","‚³‚¢‚½‚ÜŽs‘å‹{‹æ","111030016001","–k‘Ü’¬ˆê’š–Ú","35.893039","139.638673","0","3"
"11","é‹ÊŒ§","11103","‚³‚¢‚½‚ÜŽs‘å‹{‹æ","111030016002","–k‘Ü’¬“ñ’š–Ú","35.893733","139.644448","0","3"
"11","é‹ÊŒ§","11103","‚³‚¢‚½‚ÜŽs‘å‹{‹æ","111030017001","‹ùˆø’¬ˆê’š–Ú","35.910878","139.608230","0","3"
"11","é‹ÊŒ§","11103","‚³‚¢‚½‚ÜŽs‘å‹{‹æ","111030018000","‹Ñ’¬","35.905545","139.623877","0","1"
"11","é‹ÊŒ§","11103","‚³‚¢‚½‚ÜŽs‘å‹{‹æ","111030019001","“VÀ’¬ˆê’š–Ú","35.907879","139.643025","0","3"
"11","é‹ÊŒ§","11103","‚³‚¢‚½‚ÜŽs‘å‹{‹æ","111030019002","“VÀ’¬“ñ’š–Ú","35.900505","139.639633","0","3"
"11","é‹ÊŒ§","11103","‚³‚¢‚½‚ÜŽs‘å‹{‹æ","111030020000","ã¬’¬","35.900896","139.611123","0","1"
"11","é‹ÊŒ§","11104","‚³‚¢‚½‚ÜŽsŒ©À‹æ","111040001000","‘åŽš¼ŽR‘ºV“c","35.898978","139.668901","0","1"
"11","é‹ÊŒ§","11104","‚³‚¢‚½‚ÜŽsŒ©À‹æ","111040002001","“‡’¬ˆê’š–Ú","35.947171","139.654756","0","3"
"11","é‹ÊŒ§","11104","‚³‚¢‚½‚ÜŽsŒ©À‹æ","111040002002","“‡’¬“ñ’š–Ú","35.944331","139.658675","0","3"
"11","é‹ÊŒ§","11104","‚³‚¢‚½‚ÜŽsŒ©À‹æ","111040003000","‘åŽš‰Á“c‰®V“c","35.915847","139.679831","0","1"
"11","é‹ÊŒ§","11104","‚³‚¢‚½‚ÜŽsŒ©À‹æ","111040004000","•Ð–ö“Œ","35.904817","139.693913","0","1"
"11","é‹ÊŒ§","11104","‚³‚¢‚½‚ÜŽsŒ©À‹æ","111040005002","»’¬“ñ’š–Ú","35.944954","139.634680","0","3"
"11","é‹ÊŒ§","11104","‚³‚¢‚½‚ÜŽsŒ©À‹æ","111040006001","t–ìˆê’š–Ú","35.956971","139.668664","0","3"
"11","é‹ÊŒ§","11104","‚³‚¢‚½‚ÜŽsŒ©À‹æ","111040006002","t–ì“ñ’š–Ú","35.957854","139.660743","0","3"
"11","é‹ÊŒ§","11104","‚³‚¢‚½‚ÜŽsŒ©À‹æ","111040006003","t–ìŽO’š–Ú","35.960128","139.659344","0","3"
"11","é‹ÊŒ§","11104","‚³‚¢‚½‚ÜŽsŒ©À‹æ","111040006004","t–ìŽl’š–Ú","35.958824","139.664063","0","3"
"11","é‹ÊŒ§","11104","‚³‚¢‚½‚ÜŽsŒ©À‹æ","111040007001","[ìˆê’š–Ú","35.949604","139.666880","0","3"
"11","é‹ÊŒ§","11104","‚³‚¢‚½‚ÜŽsŒ©À‹æ","111040007002","[ì“ñ’š–Ú","35.950793","139.670942","0","3"
"11","é‹ÊŒ§","11104","‚³‚¢‚½‚ÜŽsŒ©À‹æ","111040007003","[ìŽO’š–Ú","35.953587","139.663579","0","3"
"11","é‹ÊŒ§","11104","‚³‚¢‚½‚ÜŽsŒ©À‹æ","111040007004","[ìŽl’š–Ú","35.953068","139.672001","0","3"
"11","é‹ÊŒ§","11104","‚³‚¢‚½‚ÜŽsŒ©À‹æ","111040007005","[ìŒÜ’š–Ú","35.956987","139.673888","0","3"
"11","é‹ÊŒ§","11104","‚³‚¢‚½‚ÜŽsŒ©À‹æ","111040008000","‘åŽšV‰EƒF–åV“c","35.904573","139.649429","0","1"
"11","é‹ÊŒ§","11104","‚³‚¢‚½‚ÜŽsŒ©À‹æ","111040009001","‰µ’¬ˆê’š–Ú","35.949570","139.675615","0","3"
"11","é‹ÊŒ§","11104","‚³‚¢‚½‚ÜŽsŒ©À‹æ","111040009002","‰µ’¬“ñ’š–Ú","35.950903","139.677915","0","3"
"11","é‹ÊŒ§","11104","‚³‚¢‚½‚ÜŽsŒ©À‹æ","111040010000","‘åŽš‹{ƒ–’J“ƒ","35.939727","139.680050","0","1"
"11","é‹ÊŒ§","11104","‚³‚¢‚½‚ÜŽsŒ©À‹æ","111040011001","‹{ƒ–’J“ƒˆê’š–Ú","35.945820","139.680304","0","3"
"11","é‹ÊŒ§","11104","‚³‚¢‚½‚ÜŽsŒ©À‹æ","111040011002","‹{ƒ–’J“ƒ“ñ’š–Ú","35.944962","139.676639","0","3"
"11","é‹ÊŒ§","11104","‚³‚¢‚½‚ÜŽsŒ©À‹æ","111040011003","‹{ƒ–’J“ƒŽO’š–Ú","35.941333","139.675694","0","3"
"11","é‹ÊŒ§","11104","‚³‚¢‚½‚ÜŽsŒ©À‹æ","111040011004","‹{ƒ–’J“ƒŽl’š–Ú","35.945863","139.672456","0","3"
"11","é‹ÊŒ§","11104","‚³‚¢‚½‚ÜŽsŒ©À‹æ","111040012001","“Œ‹{‰ºˆê’š–Ú","35.929446","139.683741","0","3"
"11","é‹ÊŒ§","11104","‚³‚¢‚½‚ÜŽsŒ©À‹æ","111040012002","“Œ‹{‰º“ñ’š–Ú","35.932085","139.682704","0","3"
"11","é‹ÊŒ§","11104","‚³‚¢‚½‚ÜŽsŒ©À‹æ","111040012003","“Œ‹{‰ºŽO’š–Ú","35.936467","139.681098","0","3"
"11","é‹ÊŒ§","11104","‚³‚¢‚½‚ÜŽsŒ©À‹æ","111040013000","‘åŽšùŠÛ","35.912197","139.674486","0","1"
"11","é‹ÊŒ§","11104","‚³‚¢‚½‚ÜŽsŒ©À‹æ","111040014001","t‰ªˆê’š–Ú","35.944584","139.661156","0","3"
"11","é‹ÊŒ§","11104","‚³‚¢‚½‚ÜŽsŒ©À‹æ","111040014002","t‰ª“ñ’š–Ú","35.949791","139.661319","0","3"
"11","é‹ÊŒ§","11104","‚³‚¢‚½‚ÜŽsŒ©À‹æ","111040014003","t‰ªŽO’š–Ú","35.949084","139.656512","0","3"
"11","é‹ÊŒ§","11104","‚³‚¢‚½‚ÜŽsŒ©À‹æ","111040015000","‘åŽšŽR","35.903431","139.679730","0","1"
"11","é‹ÊŒ§","11104","‚³‚¢‚½‚ÜŽsŒ©À‹æ","111040016001","‰Á“c‰®ˆê’š–Ú","35.915258","139.686875","0","3"
"11","é‹ÊŒ§","11104","‚³‚¢‚½‚ÜŽsŒ©À‹æ","111040016002","‰Á“c‰®“ñ’š–Ú","35.909721","139.691728","0","3"
"11","é‹ÊŒ§","11104","‚³‚¢‚½‚ÜŽsŒ©À‹æ","111040017000","‘åŽšV’ç","35.929370","139.672673","0","1"
"11","é‹ÊŒ§","11104","‚³‚¢‚½‚ÜŽsŒ©À‹æ","111040018001","õ’Jˆê’š–Ú","35.913136","139.684426","0","3"
"11","é‹ÊŒ§","11104","‚³‚¢‚½‚ÜŽsŒ©À‹æ","111040018002","õ’J“ñ’š–Ú","35.909406","139.688037","0","3"
"11","é‹ÊŒ§","11104","‚³‚¢‚½‚ÜŽsŒ©À‹æ","111040018003","õ’JŽO’š–Ú","35.908518","139.684254","0","3"
"11","é‹ÊŒ§","11104","‚³‚¢‚½‚ÜŽsŒ©À‹æ","111040019001","“Œ‘å‹{ˆê’š–Ú","35.941298","139.641586","0","3"
"11","é‹ÊŒ§","11104","‚³‚¢‚½‚ÜŽsŒ©À‹æ","111040019002","“Œ‘å‹{“ñ’š–Ú","35.947247","139.635709","0","3"
"11","é‹ÊŒ§","11104","‚³‚¢‚½‚ÜŽsŒ©À‹æ","111040019003","“Œ‘å‹{ŽO’š–Ú","35.951070","139.629627","0","3"
"11","é‹ÊŒ§","11104","‚³‚¢‚½‚ÜŽsŒ©À‹æ","111040019004","“Œ‘å‹{Žl’š–Ú","35.950750","139.638000","0","3"
"11","é‹ÊŒ§","11104","‚³‚¢‚½‚ÜŽsŒ©À‹æ","111040019005","“Œ‘å‹{ŒÜ’š–Ú","35.947552","139.642441","0","3"
"11","é‹ÊŒ§","11104","‚³‚¢‚½‚ÜŽsŒ©À‹æ","111040019006","“Œ‘å‹{˜Z’š–Ú","35.950460","139.648092","0","3"
"11","é‹ÊŒ§","11104","‚³‚¢‚½‚ÜŽsŒ©À‹æ","111040019007","“Œ‘å‹{Žµ’š–Ú","35.942804","139.645621","0","3"
"11","é‹ÊŒ§","11104","‚³‚¢‚½‚ÜŽsŒ©À‹æ","111040020000","‘åŽš[ì","35.952755","139.654577","0","1"
"11","é‹ÊŒ§","11104","‚³‚¢‚½‚ÜŽsŒ©À‹æ","111040021000","ŠÛƒ–è’¬","35.955904","139.650732","0","1"
"11","é‹ÊŒ§","11104","‚³‚¢‚½‚ÜŽsŒ©À‹æ","111040022001","•Ð–öˆê’š–Ú","35.898155","139.696675","0","3"
"11","é‹ÊŒ§","11104","‚³‚¢‚½‚ÜŽsŒ©À‹æ","111040022002","•Ð–ö“ñ’š–Ú","35.898021","139.689344","0","3"
"11","é‹ÊŒ§","11104","‚³‚¢‚½‚ÜŽsŒ©À‹æ","111040023000","‘åŽš¼ŽRV“c","35.899146","139.673003","0","1"
"11","é‹ÊŒ§","11104","‚³‚¢‚½‚ÜŽsŒ©À‹æ","111040024000","‘åŽšŒ©ŽR","35.896143","139.680427","0","1"
"11","é‹ÊŒ§","11104","‚³‚¢‚½‚ÜŽsŒ©À‹æ","111040025000","‘åŽš“Œ–å‘O","35.931897","139.669060","0","1"
"11","é‹ÊŒ§","11104","‚³‚¢‚½‚ÜŽsŒ©À‹æ","111040026000","‘åŽš“ŒVˆä","35.906004","139.661658","0","1"
"11","é‹ÊŒ§","11104","‚³‚¢‚½‚ÜŽsŒ©À‹æ","111040027000","‘åŽšõ’J","35.911174","139.678876","0","1"
"11","é‹ÊŒ§","11104","‚³‚¢‚½‚ÜŽsŒ©À‹æ","111040028000","‘åŽš“Œ‹{‰º","35.931574","139.677048","0","1"
"11","é‹ÊŒ§","11104","‚³‚¢‚½‚ÜŽsŒ©À‹æ","111040029000","‘åŽšãŽRŒûV“c","35.897555","139.654005","0","1"
"11","é‹ÊŒ§","11104","‚³‚¢‚½‚ÜŽsŒ©À‹æ","111040030000","‘åŽš“ì’†–ì","35.907993","139.656105","0","1"
"11","é‹ÊŒ§","11104","‚³‚¢‚½‚ÜŽsŒ©À‹æ","111040031000","“‡’¬","35.944581","139.653782","0","1"
"11","é‹ÊŒ§","11104","‚³‚¢‚½‚ÜŽsŒ©À‹æ","111040032000","‘åŽš•—“n–ì","35.936071","139.669117","0","1"
"11","é‹ÊŒ§","11104","‚³‚¢‚½‚ÜŽsŒ©À‹æ","111040033000","–xè’¬","35.939263","139.653607","0","1"
"11","é‹ÊŒ§","11104","‚³‚¢‚½‚ÜŽsŒ©À‹æ","111040034001","‘å˜a“c’¬ˆê’š–Ú","35.923495","139.649448","0","3"
"11","é‹ÊŒ§","11104","‚³‚¢‚½‚ÜŽsŒ©À‹æ","111040034002","‘å˜a“c’¬“ñ’š–Ú","35.932754","139.647888","0","3"
"11","é‹ÊŒ§","11104","‚³‚¢‚½‚ÜŽsŒ©À‹æ","111040035000","‘åŽš¬[ì","35.941584","139.668220","0","1"
"11","é‹ÊŒ§","11104","‚³‚¢‚½‚ÜŽsŒ©À‹æ","111040036000","‘åŽš’†ì","35.903387","139.655553","0","1"
"11","é‹ÊŒ§","11104","‚³‚¢‚½‚ÜŽsŒ©À‹æ","111040037000","‘åŽš•Ð–ö","35.901619","139.684707","0","1"
"11","é‹ÊŒ§","11104","‚³‚¢‚½‚ÜŽsŒ©À‹æ","111040038000","‘åŽšŠÛƒ–è","35.957294","139.655520","0","1"
"11","é‹ÊŒ§","11104","‚³‚¢‚½‚ÜŽsŒ©À‹æ","111040039000","‘åŽš“ì’†ŠÛ","35.915791","139.656570","0","1"
"11","é‹ÊŒ§","11104","‚³‚¢‚½‚ÜŽsŒ©À‹æ","111040040000","‘åŽšŒä‘ ","35.905004","139.669467","0","1"
"11","é‹ÊŒ§","11104","‚³‚¢‚½‚ÜŽsŒ©À‹æ","111040041000","‘åŽš˜@À","35.927375","139.662701","0","1"
"11","é‹ÊŒ§","11104","‚³‚¢‚½‚ÜŽsŒ©À‹æ","111040042000","‘åŽš•GŽq","35.921071","139.689976","0","1"
"11","é‹ÊŒ§","11104","‚³‚¢‚½‚ÜŽsŒ©À‹æ","111040043000","‘åŽš‘å’J","35.921688","139.673953","0","1"
"11","é‹ÊŒ§","11104","‚³‚¢‚½‚ÜŽsŒ©À‹æ","111040044001","•—“n–ìˆê’š–Ú","35.937426","139.669704","1","3"
"11","é‹ÊŒ§","11104","‚³‚¢‚½‚ÜŽsŒ©À‹æ","111040044002","•—“n–ì“ñ’š–Ú","35.935348","139.671005","1","3"
"11","é‹ÊŒ§","11105","‚³‚¢‚½‚ÜŽs’†‰›‹æ","111050001000","‘åŽšã—Ž‡","35.893904","139.633474","0","1"
"11","é‹ÊŒ§","11105","‚³‚¢‚½‚ÜŽs’†‰›‹æ","111050002001","‰~ˆ¢–íˆê’š–Ú","35.887624","139.612764","0","3"
"11","é‹ÊŒ§","11105","‚³‚¢‚½‚ÜŽs’†‰›‹æ","111050002002","‰~ˆ¢–í“ñ’š–Ú","35.886350","139.610227","0","3"
"11","é‹ÊŒ§","11105","‚³‚¢‚½‚ÜŽs’†‰›‹æ","111050002003","‰~ˆ¢–íŽO’š–Ú","35.889628","139.612135","0","3"
"11","é‹ÊŒ§","11105","‚³‚¢‚½‚ÜŽs’†‰›‹æ","111050002004","‰~ˆ¢–íŽl’š–Ú","35.888758","139.607378","0","3"
"11","é‹ÊŒ§","11105","‚³‚¢‚½‚ÜŽs’†‰›‹æ","111050002005","‰~ˆ¢–íŒÜ’š–Ú","35.892407","139.607136","0","3"
"11","é‹ÊŒ§","11105","‚³‚¢‚½‚ÜŽs’†‰›‹æ","111050002006","‰~ˆ¢–í˜Z’š–Ú","35.892748","139.608935","0","3"
"11","é‹ÊŒ§","11105","‚³‚¢‚½‚ÜŽs’†‰›‹æ","111050002007","‰~ˆ¢–íŽµ’š–Ú","35.893767","139.610633","0","3"
"11","é‹ÊŒ§","11105","‚³‚¢‚½‚ÜŽs’†‰›‹æ","111050003001","–{’¬¼ˆê’š–Ú","35.880285","139.619539","0","3"
"11","é‹ÊŒ§","11105","‚³‚¢‚½‚ÜŽs’†‰›‹æ","111050003002","–{’¬¼“ñ’š–Ú","35.883764","139.618224","0","3"
"11","é‹ÊŒ§","11105","‚³‚¢‚½‚ÜŽs’†‰›‹æ","111050003003","–{’¬¼ŽO’š–Ú","35.885998","139.617304","0","3"
"11","é‹ÊŒ§","11105","‚³‚¢‚½‚ÜŽs’†‰›‹æ","111050003004","–{’¬¼Žl’š–Ú","35.888391","139.616282","0","3"
"11","é‹ÊŒ§","11105","‚³‚¢‚½‚ÜŽs’†‰›‹æ","111050003005","–{’¬¼ŒÜ’š–Ú","35.890698","139.615165","0","3"
"11","é‹ÊŒ§","11105","‚³‚¢‚½‚ÜŽs’†‰›‹æ","111050003006","–{’¬¼˜Z’š–Ú","35.893150","139.613392","0","3"
"11","é‹ÊŒ§","11105","‚³‚¢‚½‚ÜŽs’†‰›‹æ","111050004001","”ª‰¤Žqˆê’š–Ú","35.885427","139.613892","0","3"
"11","é‹ÊŒ§","11105","‚³‚¢‚½‚ÜŽs’†‰›‹æ","111050004002","”ª‰¤Žq“ñ’š–Ú","35.883739","139.611414","0","3"
"11","é‹ÊŒ§","11105","‚³‚¢‚½‚ÜŽs’†‰›‹æ","111050004003","”ª‰¤ŽqŽO’š–Ú","35.880337","139.612169","0","3"
"11","é‹ÊŒ§","11105","‚³‚¢‚½‚ÜŽs’†‰›‹æ","111050004004","”ª‰¤ŽqŽl’š–Ú","35.879972","139.608984","0","3"
"11","é‹ÊŒ§","11105","‚³‚¢‚½‚ÜŽs’†‰›‹æ","111050004005","”ª‰¤ŽqŒÜ’š–Ú","35.879985","139.605983","0","3"
"11","é‹ÊŒ§","11105","‚³‚¢‚½‚ÜŽs’†‰›‹æ","111050005001","—é’Jˆê’š–Ú","35.864920","139.632279","0","3"
"11","é‹ÊŒ§","11105","‚³‚¢‚½‚ÜŽs’†‰›‹æ","111050005002","—é’J“ñ’š–Ú","35.868241","139.629644","0","3"
"11","é‹ÊŒ§","11105","‚³‚¢‚½‚ÜŽs’†‰›‹æ","111050005003","—é’JŽO’š–Ú","35.868143","139.626079","0","3"
"11","é‹ÊŒ§","11105","‚³‚¢‚½‚ÜŽs’†‰›‹æ","111050005004","—é’JŽl’š–Ú","35.872234","139.625387","0","3"
"11","é‹ÊŒ§","11105","‚³‚¢‚½‚ÜŽs’†‰›‹æ","111050005005","—é’JŒÜ’š–Ú","35.872223","139.630775","0","3"
"11","é‹ÊŒ§","11105","‚³‚¢‚½‚ÜŽs’†‰›‹æ","111050005006","—é’J˜Z’š–Ú","35.875128","139.630119","0","3"
"11","é‹ÊŒ§","11105","‚³‚¢‚½‚ÜŽs’†‰›‹æ","111050005007","—é’JŽµ’š–Ú","35.874494","139.625048","0","3"
"11","é‹ÊŒ§","11105","‚³‚¢‚½‚ÜŽs’†‰›‹æ","111050005008","—é’J”ª’š–Ú","35.876931","139.625331","0","3"
"11","é‹ÊŒ§","11105","‚³‚¢‚½‚ÜŽs’†‰›‹æ","111050005009","—é’J‹ã’š–Ú","35.877729","139.628673","0","3"
"11","é‹ÊŒ§","11105","‚³‚¢‚½‚ÜŽs’†‰›‹æ","111050006001","ã—Ž‡ˆê’š–Ú","35.890873","139.630170","0","3"
"11","é‹ÊŒ§","11105","‚³‚¢‚½‚ÜŽs’†‰›‹æ","111050006002","ã—Ž‡“ñ’š–Ú","35.890428","139.627355","0","3"
"11","é‹ÊŒ§","11105","‚³‚¢‚½‚ÜŽs’†‰›‹æ","111050006003","ã—Ž‡ŽO’š–Ú","35.889993","139.624360","0","3"
"11","é‹ÊŒ§","11105","‚³‚¢‚½‚ÜŽs’†‰›‹æ","111050006004","ã—Ž‡Žl’š–Ú","35.892998","139.625047","0","3"
"11","é‹ÊŒ§","11105","‚³‚¢‚½‚ÜŽs’†‰›‹æ","111050006005","ã—Ž‡ŒÜ’š–Ú","35.896097","139.627762","0","3"
"11","é‹ÊŒ§","11105","‚³‚¢‚½‚ÜŽs’†‰›‹æ","111050006006","ã—Ž‡˜Z’š–Ú","35.894984","139.624604","0","3"
"11","é‹ÊŒ§","11105","‚³‚¢‚½‚ÜŽs’†‰›‹æ","111050006007","ã—Ž‡Žµ’š–Ú","35.897137","139.623638","0","3"
"11","é‹ÊŒ§","11105","‚³‚¢‚½‚ÜŽs’†‰›‹æ","111050006008","ã—Ž‡”ª’š–Ú","35.899419","139.622432","0","3"
"11","é‹ÊŒ§","11105","‚³‚¢‚½‚ÜŽs’†‰›‹æ","111050006009","ã—Ž‡‹ã’š–Ú","35.900530","139.624004","0","3"
"11","é‹ÊŒ§","11105","‚³‚¢‚½‚ÜŽs’†‰›‹æ","111050007001","ã•ôˆê’š–Ú","35.871982","139.618500","0","3"
"11","é‹ÊŒ§","11105","‚³‚¢‚½‚ÜŽs’†‰›‹æ","111050007002","ã•ô“ñ’š–Ú","35.876063","139.616512","0","3"
"11","é‹ÊŒ§","11105","‚³‚¢‚½‚ÜŽs’†‰›‹æ","111050007003","ã•ôŽO’š–Ú","35.874418","139.620870","0","3"
"11","é‹ÊŒ§","11105","‚³‚¢‚½‚ÜŽs’†‰›‹æ","111050007004","ã•ôŽl’š–Ú","35.877361","139.619958","0","3"
"11","é‹ÊŒ§","11105","‚³‚¢‚½‚ÜŽs’†‰›‹æ","111050008001","÷‹uˆê’š–Ú","35.878911","139.615539","0","3"
"11","é‹ÊŒ§","11105","‚³‚¢‚½‚ÜŽs’†‰›‹æ","111050008002","÷‹u“ñ’š–Ú","35.882184","139.615293","0","3"
"11","é‹ÊŒ§","11105","‚³‚¢‚½‚ÜŽs’†‰›‹æ","111050009001","‘åŒËˆê’š–Ú","35.858774","139.639167","0","3"
"11","é‹ÊŒ§","11105","‚³‚¢‚½‚ÜŽs’†‰›‹æ","111050009002","‘åŒË“ñ’š–Ú","35.863994","139.635363","0","3"
"11","é‹ÊŒ§","11105","‚³‚¢‚½‚ÜŽs’†‰›‹æ","111050009003","‘åŒËŽO’š–Ú","35.864200","139.638474","0","3"
"11","é‹ÊŒ§","11105","‚³‚¢‚½‚ÜŽs’†‰›‹æ","111050009004","‘åŒËŽl’š–Ú","35.867874","139.641253","0","3"
"11","é‹ÊŒ§","11105","‚³‚¢‚½‚ÜŽs’†‰›‹æ","111050009005","‘åŒËŒÜ’š–Ú","35.868278","139.638007","0","3"
"11","é‹ÊŒ§","11105","‚³‚¢‚½‚ÜŽs’†‰›‹æ","111050009006","‘åŒË˜Z’š–Ú","35.868134","139.634084","0","3"
"11","é‹ÊŒ§","11105","‚³‚¢‚½‚ÜŽs’†‰›‹æ","111050010001","–{’¬“Œˆê’š–Ú","35.879558","139.625245","0","3"
"11","é‹ÊŒ§","11105","‚³‚¢‚½‚ÜŽs’†‰›‹æ","111050010002","–{’¬“Œ“ñ’š–Ú","35.881423","139.624164","0","3"
"11","é‹ÊŒ§","11105","‚³‚¢‚½‚ÜŽs’†‰›‹æ","111050010003","–{’¬“ŒŽO’š–Ú","35.883838","139.623039","0","3"
"11","é‹ÊŒ§","11105","‚³‚¢‚½‚ÜŽs’†‰›‹æ","111050010004","–{’¬“ŒŽl’š–Ú","35.886219","139.621874","0","3"
"11","é‹ÊŒ§","11105","‚³‚¢‚½‚ÜŽs’†‰›‹æ","111050010005","–{’¬“ŒŒÜ’š–Ú","35.889251","139.620716","0","3"
"11","é‹ÊŒ§","11105","‚³‚¢‚½‚ÜŽs’†‰›‹æ","111050010006","–{’¬“Œ˜Z’š–Ú","35.892067","139.617673","0","3"
"11","é‹ÊŒ§","11105","‚³‚¢‚½‚ÜŽs’†‰›‹æ","111050010007","–{’¬“ŒŽµ’š–Ú","35.892499","139.620584","0","3"
"11","é‹ÊŒ§","11105","‚³‚¢‚½‚ÜŽs’†‰›‹æ","111050011001","V’†—¢ˆê’š–Ú","35.872635","139.636493","0","3"
"11","é‹ÊŒ§","11105","‚³‚¢‚½‚ÜŽs’†‰›‹æ","111050011002","V’†—¢“ñ’š–Ú","35.872336","139.634016","0","3"
"11","é‹ÊŒ§","11105","‚³‚¢‚½‚ÜŽs’†‰›‹æ","111050011003","V’†—¢ŽO’š–Ú","35.875781","139.634448","0","3"
"11","é‹ÊŒ§","11105","‚³‚¢‚½‚ÜŽs’†‰›‹æ","111050011004","V’†—¢Žl’š–Ú","35.878624","139.632321","0","3"
"11","é‹ÊŒ§","11105","‚³‚¢‚½‚ÜŽs’†‰›‹æ","111050011005","V’†—¢ŒÜ’š–Ú","35.878133","139.636357","0","3"
"11","é‹ÊŒ§","11105","‚³‚¢‚½‚ÜŽs’†‰›‹æ","111050012002","‰º—Ž‡“ñ’š–Ú","35.882477","139.634491","0","3"
"11","é‹ÊŒ§","11105","‚³‚¢‚½‚ÜŽs’†‰›‹æ","111050012003","‰º—Ž‡ŽO’š–Ú","35.886458","139.632190","0","3"
"11","é‹ÊŒ§","11105","‚³‚¢‚½‚ÜŽs’†‰›‹æ","111050012004","‰º—Ž‡Žl’š–Ú","35.887049","139.627024","0","3"
"11","é‹ÊŒ§","11105","‚³‚¢‚½‚ÜŽs’†‰›‹æ","111050012005","‰º—Ž‡ŒÜ’š–Ú","35.884538","139.628182","0","3"
"11","é‹ÊŒ§","11105","‚³‚¢‚½‚ÜŽs’†‰›‹æ","111050012006","‰º—Ž‡˜Z’š–Ú","35.882636","139.629268","0","3"
"11","é‹ÊŒ§","11105","‚³‚¢‚½‚ÜŽs’†‰›‹æ","111050012007","‰º—Ž‡Žµ’š–Ú","35.880771","139.630386","0","3"
"11","é‹ÊŒ§","11105","‚³‚¢‚½‚ÜŽs’†‰›‹æ","111050013000","‘åŽš‰º—Ž‡","35.884157","139.636659","0","1"
"11","é‹ÊŒ§","11105","‚³‚¢‚½‚ÜŽs’†‰›‹æ","111050014000","V“sS","35.892607","139.631749","0","1"
"11","é‹ÊŒ§","11106","‚³‚¢‚½‚ÜŽs÷‹æ","111060001000","‘åŽšŠÖ","35.837422","139.614145","0","1"
"11","é‹ÊŒ§","11106","‚³‚¢‚½‚ÜŽs÷‹æ","111060002000","‘åŽšŽR‹v•Û","35.851137","139.606238","0","1"
"11","é‹ÊŒ§","11106","‚³‚¢‚½‚ÜŽs÷‹æ","111060003000","‘åŽš“ìŒ³h","35.845881","139.611974","0","1"
"11","é‹ÊŒ§","11106","‚³‚¢‚½‚ÜŽs÷‹æ","111060004000","‘åŽš’†“‡","35.849373","139.607017","0","1"
"11","é‹ÊŒ§","11106","‚³‚¢‚½‚ÜŽs÷‹æ","111060005000","‘åŽšVŠJ","35.845220","139.612636","0","1"
"11","é‹ÊŒ§","11106","‚³‚¢‚½‚ÜŽs÷‹æ","111060006001","’†“‡ˆê’š–Ú","35.865445","139.625190","0","3"
"11","é‹ÊŒ§","11106","‚³‚¢‚½‚ÜŽs÷‹æ","111060006002","’†“‡“ñ’š–Ú","35.865823","139.622128","0","3"
"11","é‹ÊŒ§","11106","‚³‚¢‚½‚ÜŽs÷‹æ","111060006003","’†“‡ŽO’š–Ú","35.863073","139.622590","0","3"
"11","é‹ÊŒ§","11106","‚³‚¢‚½‚ÜŽs÷‹æ","111060006004","’†“‡Žl’š–Ú","35.864063","139.619843","0","3"
"11","é‹ÊŒ§","11106","‚³‚¢‚½‚ÜŽs÷‹æ","111060007001","÷“cˆê’š–Ú","35.849217","139.623527","0","3"
"11","é‹ÊŒ§","11106","‚³‚¢‚½‚ÜŽs÷‹æ","111060007002","÷“c“ñ’š–Ú","35.850452","139.621448","0","3"
"11","é‹ÊŒ§","11106","‚³‚¢‚½‚ÜŽs÷‹æ","111060007003","÷“cŽO’š–Ú","35.852777","139.620717","0","3"
"11","é‹ÊŒ§","11106","‚³‚¢‚½‚ÜŽs÷‹æ","111060008001","“¹êˆê’š–Ú","35.856456","139.616175","0","3"
"11","é‹ÊŒ§","11106","‚³‚¢‚½‚ÜŽs÷‹æ","111060008002","“¹ê“ñ’š–Ú","35.858253","139.613247","0","3"
"11","é‹ÊŒ§","11106","‚³‚¢‚½‚ÜŽs÷‹æ","111060008003","“¹êŽO’š–Ú","35.855277","139.613459","0","3"
"11","é‹ÊŒ§","11106","‚³‚¢‚½‚ÜŽs÷‹æ","111060008004","“¹êŽl’š–Ú","35.855557","139.609617","0","3"
"11","é‹ÊŒ§","11106","‚³‚¢‚½‚ÜŽs÷‹æ","111060008005","“¹êŒÜ’š–Ú","35.851077","139.613894","0","3"
"11","é‹ÊŒ§","11106","‚³‚¢‚½‚ÜŽs÷‹æ","111060009001","’¬’Jˆê’š–Ú","35.859109","139.623151","0","3"
"11","é‹ÊŒ§","11106","‚³‚¢‚½‚ÜŽs÷‹æ","111060009002","’¬’J“ñ’š–Ú","35.859856","139.619593","0","3"
"11","é‹ÊŒ§","11106","‚³‚¢‚½‚ÜŽs÷‹æ","111060009003","’¬’JŽO’š–Ú","35.857075","139.619867","0","3"
"11","é‹ÊŒ§","11106","‚³‚¢‚½‚ÜŽs÷‹æ","111060009004","’¬’JŽl’š–Ú","35.854542","139.619403","0","3"
"11","é‹ÊŒ§","11106","‚³‚¢‚½‚ÜŽs÷‹æ","111060010001","¼–xˆê’š–Ú","35.856063","139.635874","0","3"
"11","é‹ÊŒ§","11106","‚³‚¢‚½‚ÜŽs÷‹æ","111060010002","¼–x“ñ’š–Ú","35.855833","139.632957","0","3"
"11","é‹ÊŒ§","11106","‚³‚¢‚½‚ÜŽs÷‹æ","111060010003","¼–xŽO’š–Ú","35.852596","139.631198","0","3"
"11","é‹ÊŒ§","11106","‚³‚¢‚½‚ÜŽs÷‹æ","111060010004","¼–xŽl’š–Ú","35.851175","139.626509","0","3"
"11","é‹ÊŒ§","11106","‚³‚¢‚½‚ÜŽs÷‹æ","111060010005","¼–xŒÜ’š–Ú","35.854855","139.625401","0","3"
"11","é‹ÊŒ§","11106","‚³‚¢‚½‚ÜŽs÷‹æ","111060010006","¼–x˜Z’š–Ú","35.855490","139.629346","0","3"
"11","é‹ÊŒ§","11106","‚³‚¢‚½‚ÜŽs÷‹æ","111060010007","¼–xŽµ’š–Ú","35.859179","139.630069","0","3"
"11","é‹ÊŒ§","11106","‚³‚¢‚½‚ÜŽs÷‹æ","111060010008","¼–x”ª’š–Ú","35.859762","139.633555","0","3"
"11","é‹ÊŒ§","11106","‚³‚¢‚½‚ÜŽs÷‹æ","111060010009","¼–x‹ã’š–Ú","35.862793","139.631864","0","3"
"11","é‹ÊŒ§","11106","‚³‚¢‚½‚ÜŽs÷‹æ","111060010010","¼–x\’š–Ú","35.864842","139.629206","0","3"
"11","é‹ÊŒ§","11106","‚³‚¢‚½‚ÜŽs÷‹æ","111060011001","“c“‡ˆê’š–Ú","35.841962","139.633539","0","3"
"11","é‹ÊŒ§","11106","‚³‚¢‚½‚ÜŽs÷‹æ","111060011002","“c“‡“ñ’š–Ú","35.843947","139.633229","0","3"
"11","é‹ÊŒ§","11106","‚³‚¢‚½‚ÜŽs÷‹æ","111060011003","“c“‡ŽO’š–Ú","35.847179","139.631714","0","3"
"11","é‹ÊŒ§","11106","‚³‚¢‚½‚ÜŽs÷‹æ","111060011004","“c“‡Žl’š–Ú","35.848807","139.628275","0","3"
"11","é‹ÊŒ§","11106","‚³‚¢‚½‚ÜŽs÷‹æ","111060011005","“c“‡ŒÜ’š–Ú","35.845390","139.628398","0","3"
"11","é‹ÊŒ§","11106","‚³‚¢‚½‚ÜŽs÷‹æ","111060011006","“c“‡˜Z’š–Ú","35.841075","139.629925","0","3"
"11","é‹ÊŒ§","11106","‚³‚¢‚½‚ÜŽs÷‹æ","111060011007","“c“‡Žµ’š–Ú","35.840804","139.625396","0","3"
"11","é‹ÊŒ§","11106","‚³‚¢‚½‚ÜŽs÷‹æ","111060011008","“c“‡”ª’š–Ú","35.843600","139.624639","0","3"
"11","é‹ÊŒ§","11106","‚³‚¢‚½‚ÜŽs÷‹æ","111060011009","“c“‡‹ã’š–Ú","35.845045","139.622588","0","3"
"11","é‹ÊŒ§","11106","‚³‚¢‚½‚ÜŽs÷‹æ","111060011010","“c“‡\’š–Ú","35.839623","139.622266","0","3"
"11","é‹ÊŒ§","11106","‚³‚¢‚½‚ÜŽs÷‹æ","111060012001","ŽR‹v•Ûˆê’š–Ú","35.868579","139.622354","0","3"
"11","é‹ÊŒ§","11106","‚³‚¢‚½‚ÜŽs÷‹æ","111060012002","ŽR‹v•Û“ñ’š–Ú","35.870943","139.622788","0","3"
"11","é‹ÊŒ§","11106","‚³‚¢‚½‚ÜŽs÷‹æ","111060013001","“ìŒ³hˆê’š–Ú","35.858930","139.626103","0","3"
"11","é‹ÊŒ§","11106","‚³‚¢‚½‚ÜŽs÷‹æ","111060013002","“ìŒ³h“ñ’š–Ú","35.861682","139.626341","0","3"
"11","é‹ÊŒ§","11106","‚³‚¢‚½‚ÜŽs÷‹æ","111060014001","‰h˜aˆê’š–Ú","35.861135","139.616499","0","3"
"11","é‹ÊŒ§","11106","‚³‚¢‚½‚ÜŽs÷‹æ","111060014002","‰h˜a“ñ’š–Ú","35.864002","139.616974","0","3"
"11","é‹ÊŒ§","11106","‚³‚¢‚½‚ÜŽs÷‹æ","111060014003","‰h˜aŽO’š–Ú","35.867206","139.617696","0","3"
"11","é‹ÊŒ§","11106","‚³‚¢‚½‚ÜŽs÷‹æ","111060014004","‰h˜aŽl’š–Ú","35.869419","139.616961","0","3"
"11","é‹ÊŒ§","11106","‚³‚¢‚½‚ÜŽs÷‹æ","111060014005","‰h˜aŒÜ’š–Ú","35.865094","139.614124","0","3"
"11","é‹ÊŒ§","11106","‚³‚¢‚½‚ÜŽs÷‹æ","111060014006","‰h˜a˜Z’š–Ú","35.860405","139.611879","0","3"
"11","é‹ÊŒ§","11106","‚³‚¢‚½‚ÜŽs÷‹æ","111060015000","‘åŽš’¬’J","35.847623","139.611954","0","1"
"11","é‹ÊŒ§","11106","‚³‚¢‚½‚ÜŽs÷‹æ","111060016001","VŠJˆê’š–Ú","35.846518","139.620599","0","3"
"11","é‹ÊŒ§","11106","‚³‚¢‚½‚ÜŽs÷‹æ","111060016002","VŠJ“ñ’š–Ú","35.849680","139.618936","0","3"
"11","é‹ÊŒ§","11106","‚³‚¢‚½‚ÜŽs÷‹æ","111060016003","VŠJŽO’š–Ú","35.849016","139.616119","0","3"
"11","é‹ÊŒ§","11106","‚³‚¢‚½‚ÜŽs÷‹æ","111060016004","VŠJŽl’š–Ú","35.844573","139.617726","0","3"
"11","é‹ÊŒ§","11106","‚³‚¢‚½‚ÜŽs÷‹æ","111060017000","‘åŽš¼–x","35.841354","139.615961","0","1"
"11","é‹ÊŒ§","11106","‚³‚¢‚½‚ÜŽs÷‹æ","111060018000","‘åŽš‰h˜a","35.850661","139.602706","0","1"
"11","é‹ÊŒ§","11106","‚³‚¢‚½‚ÜŽs÷‹æ","111060019000","‘åŽšº˜a","35.878129","139.577467","0","1"
"11","é‹ÊŒ§","11106","‚³‚¢‚½‚ÜŽs÷‹æ","111060020000","‘åŽš“c“‡","35.838676","139.618621","0","1"
"11","é‹ÊŒ§","11106","‚³‚¢‚½‚ÜŽs÷‹æ","111060021000","‘åŽš_“c","35.874549","139.608131","0","1"
"11","é‹ÊŒ§","11106","‚³‚¢‚½‚ÜŽs÷‹æ","111060022000","‘åŽš‘å‹v•Û—Ì‰Æ","35.869195","139.604482","0","1"
"11","é‹ÊŒ§","11106","‚³‚¢‚½‚ÜŽs÷‹æ","111060023000","‘åŽšã‘å‹v•Û","35.868947","139.612054","0","1"
"11","é‹ÊŒ§","11106","‚³‚¢‚½‚ÜŽs÷‹æ","111060024000","‘åŽšŒÜŠÖ","35.868319","139.596914","0","1"
"11","é‹ÊŒ§","11106","‚³‚¢‚½‚ÜŽs÷‹æ","111060025000","‘åŽšÝ‰Æ","35.879220","139.590916","0","1"
"11","é‹ÊŒ§","11106","‚³‚¢‚½‚ÜŽs÷‹æ","111060026000","‘åŽš”’ŒL","35.881570","139.603367","0","1"
"11","é‹ÊŒ§","11106","‚³‚¢‚½‚ÜŽs÷‹æ","111060027000","‘åŽš“¹ê","35.846744","139.606953","0","1"
"11","é‹ÊŒ§","11106","‚³‚¢‚½‚ÜŽs÷‹æ","111060028000","‘åŽš’Ë–{","35.867190","139.587572","0","1"
"11","é‹ÊŒ§","11106","‚³‚¢‚½‚ÜŽs÷‹æ","111060029000","‘åŽšh","35.873514","139.592218","0","1"
"11","é‹ÊŒ§","11106","‚³‚¢‚½‚ÜŽs÷‹æ","111060030000","‘åŽš‰º‘å‹v•Û","35.853483","139.593387","0","1"
"11","é‹ÊŒ§","11107","‚³‚¢‚½‚ÜŽs‰Y˜a‹æ","111070001001","ã–Øèˆê’š–Ú","35.886622","139.637589","0","3"
"11","é‹ÊŒ§","11107","‚³‚¢‚½‚ÜŽs‰Y˜a‹æ","111070001002","ã–Øè“ñ’š–Ú","35.887523","139.639998","0","3"
"11","é‹ÊŒ§","11107","‚³‚¢‚½‚ÜŽs‰Y˜a‹æ","111070001003","ã–ØèŽO’š–Ú","35.889960","139.642494","0","3"
"11","é‹ÊŒ§","11107","‚³‚¢‚½‚ÜŽs‰Y˜a‹æ","111070001004","ã–ØèŽl’š–Ú","35.885536","139.644993","0","3"
"11","é‹ÊŒ§","11107","‚³‚¢‚½‚ÜŽs‰Y˜a‹æ","111070001005","ã–ØèŒÜ’š–Ú","35.888452","139.646912","0","3"
"11","é‹ÊŒ§","11107","‚³‚¢‚½‚ÜŽs‰Y˜a‹æ","111070001006","ã–Øè˜Z’š–Ú","35.885534","139.649993","0","3"
"11","é‹ÊŒ§","11107","‚³‚¢‚½‚ÜŽs‰Y˜a‹æ","111070001007","ã–ØèŽµ’š–Ú","35.889439","139.650354","0","3"
"11","é‹ÊŒ§","11107","‚³‚¢‚½‚ÜŽs‰Y˜a‹æ","111070001008","ã–Øè”ª’š–Ú","35.891587","139.647996","0","3"
"11","é‹ÊŒ§","11107","‚³‚¢‚½‚ÜŽs‰Y˜a‹æ","111070002001","–k‰Y˜aˆê’š–Ú","35.874331","139.647825","0","3"
"11","é‹ÊŒ§","11107","‚³‚¢‚½‚ÜŽs‰Y˜a‹æ","111070002002","–k‰Y˜a“ñ’š–Ú","35.877467","139.647192","0","3"
"11","é‹ÊŒ§","11107","‚³‚¢‚½‚ÜŽs‰Y˜a‹æ","111070002003","–k‰Y˜aŽO’š–Ú","35.874784","139.644605","0","3"
"11","é‹ÊŒ§","11107","‚³‚¢‚½‚ÜŽs‰Y˜a‹æ","111070002004","–k‰Y˜aŽl’š–Ú","35.872342","139.644150","0","3"
"11","é‹ÊŒ§","11107","‚³‚¢‚½‚ÜŽs‰Y˜a‹æ","111070002005","–k‰Y˜aŒÜ’š–Ú","35.875079","139.640354","0","3"
"11","é‹ÊŒ§","11107","‚³‚¢‚½‚ÜŽs‰Y˜a‹æ","111070003001","’‡’¬ˆê’š–Ú","35.860862","139.654480","0","3"
"11","é‹ÊŒ§","11107","‚³‚¢‚½‚ÜŽs‰Y˜a‹æ","111070003002","’‡’¬“ñ’š–Ú","35.859828","139.651746","0","3"
"11","é‹ÊŒ§","11107","‚³‚¢‚½‚ÜŽs‰Y˜a‹æ","111070003003","’‡’¬ŽO’š–Ú","35.859958","139.648501","0","3"
"11","é‹ÊŒ§","11107","‚³‚¢‚½‚ÜŽs‰Y˜a‹æ","111070003004","’‡’¬Žl’š–Ú","35.859526","139.643699","0","3"
"11","é‹ÊŒ§","11107","‚³‚¢‚½‚ÜŽs‰Y˜a‹æ","111070004001","‚»ˆê’š–Ú","35.858402","139.656390","0","3"
"11","é‹ÊŒ§","11107","‚³‚¢‚½‚ÜŽs‰Y˜a‹æ","111070004002","‚»“ñ’š–Ú","35.857870","139.654040","0","3"
"11","é‹ÊŒ§","11107","‚³‚¢‚½‚ÜŽs‰Y˜a‹æ","111070004003","‚»ŽO’š–Ú","35.856701","139.650144","0","3"
"11","é‹ÊŒ§","11107","‚³‚¢‚½‚ÜŽs‰Y˜a‹æ","111070004004","‚»Žl’š–Ú","35.856968","139.645867","0","3"
"11","é‹ÊŒ§","11107","‚³‚¢‚½‚ÜŽs‰Y˜a‹æ","111070005001","—Ì‰Æˆê’š–Ú","35.874345","139.656895","0","3"
"11","é‹ÊŒ§","11107","‚³‚¢‚½‚ÜŽs‰Y˜a‹æ","111070005002","—Ì‰Æ“ñ’š–Ú","35.876697","139.654714","0","3"
"11","é‹ÊŒ§","11107","‚³‚¢‚½‚ÜŽs‰Y˜a‹æ","111070005003","—Ì‰ÆŽO’š–Ú","35.876525","139.658164","0","3"
"11","é‹ÊŒ§","11107","‚³‚¢‚½‚ÜŽs‰Y˜a‹æ","111070005004","—Ì‰ÆŽl’š–Ú","35.881323","139.654786","0","3"
"11","é‹ÊŒ§","11107","‚³‚¢‚½‚ÜŽs‰Y˜a‹æ","111070005005","—Ì‰ÆŒÜ’š–Ú","35.878674","139.652955","0","3"
"11","é‹ÊŒ§","11107","‚³‚¢‚½‚ÜŽs‰Y˜a‹æ","111070005006","—Ì‰Æ˜Z’š–Ú","35.879357","139.649428","0","3"
"11","é‹ÊŒ§","11107","‚³‚¢‚½‚ÜŽs‰Y˜a‹æ","111070005007","—Ì‰ÆŽµ’š–Ú","35.882678","139.649321","0","3"
"11","é‹ÊŒ§","11107","‚³‚¢‚½‚ÜŽs‰Y˜a‹æ","111070006001","‘O’nˆê’š–Ú","35.855712","139.665471","0","3"
"11","é‹ÊŒ§","11107","‚³‚¢‚½‚ÜŽs‰Y˜a‹æ","111070006002","‘O’n“ñ’š–Ú","35.856798","139.663399","0","3"
"11","é‹ÊŒ§","11107","‚³‚¢‚½‚ÜŽs‰Y˜a‹æ","111070006003","‘O’nŽO’š–Ú","35.860088","139.664966","0","3"
"11","é‹ÊŒ§","11107","‚³‚¢‚½‚ÜŽs‰Y˜a‹æ","111070007001","‘åŒ´ˆê’š–Ú","35.891777","139.653838","0","3"
"11","é‹ÊŒ§","11107","‚³‚¢‚½‚ÜŽs‰Y˜a‹æ","111070007002","‘åŒ´“ñ’š–Ú","35.891905","139.650875","0","3"
"11","é‹ÊŒ§","11107","‚³‚¢‚½‚ÜŽs‰Y˜a‹æ","111070007003","‘åŒ´ŽO’š–Ú","35.894301","139.649149","0","3"
"11","é‹ÊŒ§","11107","‚³‚¢‚½‚ÜŽs‰Y˜a‹æ","111070007004","‘åŒ´Žl’š–Ú","35.897585","139.647856","0","3"
"11","é‹ÊŒ§","11107","‚³‚¢‚½‚ÜŽs‰Y˜a‹æ","111070007005","‘åŒ´ŒÜ’š–Ú","35.899641","139.645913","0","3"
"11","é‹ÊŒ§","11107","‚³‚¢‚½‚ÜŽs‰Y˜a‹æ","111070008001","ŠÝ’¬ˆê’š–Ú","35.852232","139.662423","0","3"
"11","é‹ÊŒ§","11107","‚³‚¢‚½‚ÜŽs‰Y˜a‹æ","111070008002","ŠÝ’¬“ñ’š–Ú","35.850687","139.658095","0","3"
"11","é‹ÊŒ§","11107","‚³‚¢‚½‚ÜŽs‰Y˜a‹æ","111070008003","ŠÝ’¬ŽO’š–Ú","35.853035","139.658001","0","3"
"11","é‹ÊŒ§","11107","‚³‚¢‚½‚ÜŽs‰Y˜a‹æ","111070008004","ŠÝ’¬Žl’š–Ú","35.855215","139.657268","0","3"
"11","é‹ÊŒ§","11107","‚³‚¢‚½‚ÜŽs‰Y˜a‹æ","111070008005","ŠÝ’¬ŒÜ’š–Ú","35.851383","139.652310","0","3"
"11","é‹ÊŒ§","11107","‚³‚¢‚½‚ÜŽs‰Y˜a‹æ","111070008006","ŠÝ’¬˜Z’š–Ú","35.853159","139.652411","0","3"
"11","é‹ÊŒ§","11107","‚³‚¢‚½‚ÜŽs‰Y˜a‹æ","111070008007","ŠÝ’¬Žµ’š–Ú","35.855234","139.652557","0","3"
"11","é‹ÊŒ§","11107","‚³‚¢‚½‚ÜŽs‰Y˜a‹æ","111070009001","í”Õˆê’š–Ú","35.862608","139.652427","0","3"
"11","é‹ÊŒ§","11107","‚³‚¢‚½‚ÜŽs‰Y˜a‹æ","111070009002","í”Õ“ñ’š–Ú","35.865290","139.651556","0","3"
"11","é‹ÊŒ§","11107","‚³‚¢‚½‚ÜŽs‰Y˜a‹æ","111070009003","í”ÕŽO’š–Ú","35.868882","139.649261","0","3"
"11","é‹ÊŒ§","11107","‚³‚¢‚½‚ÜŽs‰Y˜a‹æ","111070009004","í”ÕŽl’š–Ú","35.862274","139.648412","0","3"
"11","é‹ÊŒ§","11107","‚³‚¢‚½‚ÜŽs‰Y˜a‹æ","111070009005","í”ÕŒÜ’š–Ú","35.864959","139.648288","0","3"
"11","é‹ÊŒ§","11107","‚³‚¢‚½‚ÜŽs‰Y˜a‹æ","111070009006","í”Õ˜Z’š–Ú","35.861675","139.643489","0","3"
"11","é‹ÊŒ§","11107","‚³‚¢‚½‚ÜŽs‰Y˜a‹æ","111070009007","í”ÕŽµ’š–Ú","35.865716","139.644788","0","3"
"11","é‹ÊŒ§","11107","‚³‚¢‚½‚ÜŽs‰Y˜a‹æ","111070009008","í”Õ”ª’š–Ú","35.864649","139.641751","0","3"
"11","é‹ÊŒ§","11107","‚³‚¢‚½‚ÜŽs‰Y˜a‹æ","111070009009","í”Õ‹ã’š–Ú","35.869500","139.644913","0","3"
"11","é‹ÊŒ§","11107","‚³‚¢‚½‚ÜŽs‰Y˜a‹æ","111070009010","í”Õ\’š–Ú","35.871550","139.639890","0","3"
"11","é‹ÊŒ§","11107","‚³‚¢‚½‚ÜŽs‰Y˜a‹æ","111070010001","_–¾ˆê’š–Ú","35.848776","139.661869","0","3"
"11","é‹ÊŒ§","11107","‚³‚¢‚½‚ÜŽs‰Y˜a‹æ","111070010002","_–¾“ñ’š–Ú","35.848453","139.659090","0","3"
"11","é‹ÊŒ§","11107","‚³‚¢‚½‚ÜŽs‰Y˜a‹æ","111070011001","£ƒ–èˆê’š–Ú","35.875612","139.661047","0","3"
"11","é‹ÊŒ§","11107","‚³‚¢‚½‚ÜŽs‰Y˜a‹æ","111070011002","£ƒ–è“ñ’š–Ú","35.878965","139.660138","0","3"
"11","é‹ÊŒ§","11107","‚³‚¢‚½‚ÜŽs‰Y˜a‹æ","111070011003","£ƒ–èŽO’š–Ú","35.878866","139.664681","0","3"
"11","é‹ÊŒ§","11107","‚³‚¢‚½‚ÜŽs‰Y˜a‹æ","111070011004","£ƒ–èŽl’š–Ú","35.876241","139.665038","0","3"
"11","é‹ÊŒ§","11107","‚³‚¢‚½‚ÜŽs‰Y˜a‹æ","111070011005","£ƒ–èŒÜ’š–Ú","35.874383","139.664949","0","3"
"11","é‹ÊŒ§","11107","‚³‚¢‚½‚ÜŽs‰Y˜a‹æ","111070012001","jƒ–’Jˆê’š–Ú","35.879693","139.643595","0","3"
"11","é‹ÊŒ§","11107","‚³‚¢‚½‚ÜŽs‰Y˜a‹æ","111070012002","jƒ–’J“ñ’š–Ú","35.881682","139.643711","0","3"
"11","é‹ÊŒ§","11107","‚³‚¢‚½‚ÜŽs‰Y˜a‹æ","111070012003","jƒ–’JŽO’š–Ú","35.883474","139.642531","0","3"
"11","é‹ÊŒ§","11107","‚³‚¢‚½‚ÜŽs‰Y˜a‹æ","111070012004","jƒ–’JŽl’š–Ú","35.879555","139.639090","0","3"
"11","é‹ÊŒ§","11107","‚³‚¢‚½‚ÜŽs‰Y˜a‹æ","111070013001","Œ³’¬ˆê’š–Ú","35.870254","139.654824","0","3"
"11","é‹ÊŒ§","11107","‚³‚¢‚½‚ÜŽs‰Y˜a‹æ","111070013002","Œ³’¬“ñ’š–Ú","35.872634","139.653797","0","3"
"11","é‹ÊŒ§","11107","‚³‚¢‚½‚ÜŽs‰Y˜a‹æ","111070013003","Œ³’¬ŽO’š–Ú","35.874429","139.652092","0","3"
"11","é‹ÊŒ§","11107","‚³‚¢‚½‚ÜŽs‰Y˜a‹æ","111070014001","–Øèˆê’š–Ú","35.885068","139.660885","0","3"
"11","é‹ÊŒ§","11107","‚³‚¢‚½‚ÜŽs‰Y˜a‹æ","111070014002","–Øè“ñ’š–Ú","35.886026","139.657814","0","3"
"11","é‹ÊŒ§","11107","‚³‚¢‚½‚ÜŽs‰Y˜a‹æ","111070014003","–ØèŽO’š–Ú","35.889555","139.655449","0","3"
"11","é‹ÊŒ§","11107","‚³‚¢‚½‚ÜŽs‰Y˜a‹æ","111070014004","–ØèŽl’š–Ú","35.888542","139.660206","0","3"
"11","é‹ÊŒ§","11107","‚³‚¢‚½‚ÜŽs‰Y˜a‹æ","111070014005","–ØèŒÜ’š–Ú","35.886310","139.663485","0","3"
"11","é‹ÊŒ§","11107","‚³‚¢‚½‚ÜŽs‰Y˜a‹æ","111070015001","‹îêˆê’š–Ú","35.870470","139.661502","0","3"
"11","é‹ÊŒ§","11107","‚³‚¢‚½‚ÜŽs‰Y˜a‹æ","111070015002","‹îê“ñ’š–Ú","35.871685","139.664650","0","3"
"11","é‹ÊŒ§","11107","‚³‚¢‚½‚ÜŽs‰Y˜a‹æ","111070016000","“Œ‚»’¬","35.857958","139.659645","0","1"
"11","é‹ÊŒ§","11107","‚³‚¢‚½‚ÜŽs‰Y˜a‹æ","111070017001","‘å“Œˆê’š–Ú","35.881845","139.658780","0","3"
"11","é‹ÊŒ§","11107","‚³‚¢‚½‚ÜŽs‰Y˜a‹æ","111070017002","‘å“Œ“ñ’š–Ú","35.881974","139.662826","0","3"
"11","é‹ÊŒ§","11107","‚³‚¢‚½‚ÜŽs‰Y˜a‹æ","111070017003","‘å“ŒŽO’š–Ú","35.881573","139.666570","0","3"
"11","é‹ÊŒ§","11107","‚³‚¢‚½‚ÜŽs‰Y˜a‹æ","111070018000","“Œ’‡’¬","35.860866","139.658417","0","1"
"11","é‹ÊŒ§","11107","‚³‚¢‚½‚ÜŽs‰Y˜a‹æ","111070019000","cŽR’¬","35.885852","139.653666","0","1"
"11","é‹ÊŒ§","11107","‚³‚¢‚½‚ÜŽs‰Y˜a‹æ","111070020001","–{‘¾ˆê’š–Ú","35.863080","139.663079","0","3"
"11","é‹ÊŒ§","11107","‚³‚¢‚½‚ÜŽs‰Y˜a‹æ","111070020002","–{‘¾“ñ’š–Ú","35.862925","139.657937","0","3"
"11","é‹ÊŒ§","11107","‚³‚¢‚½‚ÜŽs‰Y˜a‹æ","111070020003","–{‘¾ŽO’š–Ú","35.865911","139.654086","0","3"
"11","é‹ÊŒ§","11107","‚³‚¢‚½‚ÜŽs‰Y˜a‹æ","111070020004","–{‘¾Žl’š–Ú","35.867478","139.657414","0","3"
"11","é‹ÊŒ§","11107","‚³‚¢‚½‚ÜŽs‰Y˜a‹æ","111070020005","–{‘¾ŒÜ’š–Ú","35.867610","139.661761","0","3"
"11","é‹ÊŒ§","11107","‚³‚¢‚½‚ÜŽs‰Y˜a‹æ","111070021000","“ŒŠÝ’¬","35.854235","139.662802","0","1"
"11","é‹ÊŒ§","11107","‚³‚¢‚½‚ÜŽs‰Y˜a‹æ","111070022000","‘åŽšŽOè","35.892378","139.659492","0","1"
"11","é‹ÊŒ§","11108","‚³‚¢‚½‚ÜŽs“ì‹æ","111080001001","_–¾ˆê’š–Ú","35.847515","139.663733","0","3"
"11","é‹ÊŒ§","11108","‚³‚¢‚½‚ÜŽs“ì‹æ","111080001002","_–¾“ñ’š–Ú","35.846652","139.659693","0","3"
"11","é‹ÊŒ§","11108","‚³‚¢‚½‚ÜŽs“ì‹æ","111080002001","“ì‰Y˜aˆê’š–Ú","35.852461","139.669586","0","3"
"11","é‹ÊŒ§","11108","‚³‚¢‚½‚ÜŽs“ì‹æ","111080002002","“ì‰Y˜a“ñ’š–Ú","35.849293","139.670083","0","3"
"11","é‹ÊŒ§","11108","‚³‚¢‚½‚ÜŽs“ì‹æ","111080002003","“ì‰Y˜aŽO’š–Ú","35.847400","139.674341","0","3"
"11","é‹ÊŒ§","11108","‚³‚¢‚½‚ÜŽs“ì‹æ","111080002004","“ì‰Y˜aŽl’š–Ú","35.840691","139.677625","0","3"
"11","é‹ÊŒ§","11108","‚³‚¢‚½‚ÜŽs“ì‹æ","111080003001","ŠÖˆê’š–Ú","35.851990","139.635375","0","3"
"11","é‹ÊŒ§","11108","‚³‚¢‚½‚ÜŽs“ì‹æ","111080003002","ŠÖ“ñ’š–Ú","35.849830","139.634718","0","3"
"11","é‹ÊŒ§","11108","‚³‚¢‚½‚ÜŽs“ì‹æ","111080004001","Žl’Jˆê’š–Ú","35.839625","139.634076","0","3"
"11","é‹ÊŒ§","11108","‚³‚¢‚½‚ÜŽs“ì‹æ","111080004002","Žl’J“ñ’š–Ú","35.842720","139.637008","0","3"
"11","é‹ÊŒ§","11108","‚³‚¢‚½‚ÜŽs“ì‹æ","111080004003","Žl’JŽO’š–Ú","35.840338","139.637957","0","3"
"11","é‹ÊŒ§","11108","‚³‚¢‚½‚ÜŽs“ì‹æ","111080005001","Ž­Žè‘Üˆê’š–Ú","35.856711","139.637730","0","3"
"11","é‹ÊŒ§","11108","‚³‚¢‚½‚ÜŽs“ì‹æ","111080005002","Ž­Žè‘Ü“ñ’š–Ú","35.852385","139.639142","0","3"
"11","é‹ÊŒ§","11108","‚³‚¢‚½‚ÜŽs“ì‹æ","111080005003","Ž­Žè‘ÜŽO’š–Ú","35.850349","139.639111","0","3"
"11","é‹ÊŒ§","11108","‚³‚¢‚½‚ÜŽs“ì‹æ","111080005004","Ž­Žè‘ÜŽl’š–Ú","35.848043","139.639533","0","3"
"11","é‹ÊŒ§","11108","‚³‚¢‚½‚ÜŽs“ì‹æ","111080005005","Ž­Žè‘ÜŒÜ’š–Ú","35.844623","139.641355","0","3"
"11","é‹ÊŒ§","11108","‚³‚¢‚½‚ÜŽs“ì‹æ","111080005006","Ž­Žè‘Ü˜Z’š–Ú","35.844904","139.638281","0","3"
"11","é‹ÊŒ§","11108","‚³‚¢‚½‚ÜŽs“ì‹æ","111080005007","Ž­Žè‘ÜŽµ’š–Ú","35.846580","139.635813","0","3"
"11","é‹ÊŒ§","11108","‚³‚¢‚½‚ÜŽs“ì‹æ","111080006001","‹È–{ˆê’š–Ú","35.835919","139.632278","0","3"
"11","é‹ÊŒ§","11108","‚³‚¢‚½‚ÜŽs“ì‹æ","111080006002","‹È–{“ñ’š–Ú","35.837831","139.635872","0","3"
"11","é‹ÊŒ§","11108","‚³‚¢‚½‚ÜŽs“ì‹æ","111080006003","‹È–{ŽO’š–Ú","35.835671","139.636974","0","3"
"11","é‹ÊŒ§","11108","‚³‚¢‚½‚ÜŽs“ì‹æ","111080006004","‹È–{Žl’š–Ú","35.837405","139.640876","0","3"
"11","é‹ÊŒ§","11108","‚³‚¢‚½‚ÜŽs“ì‹æ","111080006005","‹È–{ŒÜ’š–Ú","35.837703","139.645171","0","3"
"11","é‹ÊŒ§","11108","‚³‚¢‚½‚ÜŽs“ì‹æ","111080007001","ªŠÝˆê’š–Ú","35.844525","139.663176","0","3"
"11","é‹ÊŒ§","11108","‚³‚¢‚½‚ÜŽs“ì‹æ","111080007002","ªŠÝ“ñ’š–Ú","35.840864","139.665656","0","3"
"11","é‹ÊŒ§","11108","‚³‚¢‚½‚ÜŽs“ì‹æ","111080007003","ªŠÝŽO’š–Ú","35.840735","139.662295","0","3"
"11","é‹ÊŒ§","11108","‚³‚¢‚½‚ÜŽs“ì‹æ","111080007004","ªŠÝŽl’š–Ú","35.843712","139.659778","0","3"
"11","é‹ÊŒ§","11108","‚³‚¢‚½‚ÜŽs“ì‹æ","111080007005","ªŠÝŒÜ’š–Ú","35.842425","139.657584","0","3"
"11","é‹ÊŒ§","11108","‚³‚¢‚½‚ÜŽs“ì‹æ","111080008001","“à’Jˆê’š–Ú","35.832419","139.632529","0","3"
"11","é‹ÊŒ§","11108","‚³‚¢‚½‚ÜŽs“ì‹æ","111080008002","“à’J“ñ’š–Ú","35.832854","139.635015","0","3"
"11","é‹ÊŒ§","11108","‚³‚¢‚½‚ÜŽs“ì‹æ","111080008003","“à’JŽO’š–Ú","35.833250","139.638500","0","3"
"11","é‹ÊŒ§","11108","‚³‚¢‚½‚ÜŽs“ì‹æ","111080008004","“à’JŽl’š–Ú","35.834895","139.642598","0","3"
"11","é‹ÊŒ§","11108","‚³‚¢‚½‚ÜŽs“ì‹æ","111080008005","“à’JŒÜ’š–Ú","35.831866","139.643218","0","3"
"11","é‹ÊŒ§","11108","‚³‚¢‚½‚ÜŽs“ì‹æ","111080008006","“à’J˜Z’š–Ú","35.835974","139.648663","0","3"
"11","é‹ÊŒ§","11108","‚³‚¢‚½‚ÜŽs“ì‹æ","111080008007","“à’JŽµ’š–Ú","35.834040","139.648924","0","3"
"11","é‹ÊŒ§","11108","‚³‚¢‚½‚ÜŽs“ì‹æ","111080009001","•ÊŠˆê’š–Ú","35.850933","139.648812","0","3"
"11","é‹ÊŒ§","11108","‚³‚¢‚½‚ÜŽs“ì‹æ","111080009002","•ÊŠ“ñ’š–Ú","35.849912","139.646105","0","3"
"11","é‹ÊŒ§","11108","‚³‚¢‚½‚ÜŽs“ì‹æ","111080009003","•ÊŠŽO’š–Ú","35.853974","139.644876","0","3"
"11","é‹ÊŒ§","11108","‚³‚¢‚½‚ÜŽs“ì‹æ","111080009004","•ÊŠŽl’š–Ú","35.856450","139.642758","0","3"
"11","é‹ÊŒ§","11108","‚³‚¢‚½‚ÜŽs“ì‹æ","111080009005","•ÊŠŒÜ’š–Ú","35.851777","139.642004","0","3"
"11","é‹ÊŒ§","11108","‚³‚¢‚½‚ÜŽs“ì‹æ","111080009006","•ÊŠ˜Z’š–Ú","35.847786","139.645605","0","3"
"11","é‹ÊŒ§","11108","‚³‚¢‚½‚ÜŽs“ì‹æ","111080009007","•ÊŠŽµ’š–Ú","35.846071","139.646164","0","3"
"11","é‹ÊŒ§","11108","‚³‚¢‚½‚ÜŽs“ì‹æ","111080010001","’Òˆê’š–Ú","35.837410","139.665792","0","3"
"11","é‹ÊŒ§","11108","‚³‚¢‚½‚ÜŽs“ì‹æ","111080010002","’Ò“ñ’š–Ú","35.836146","139.662599","0","3"
"11","é‹ÊŒ§","11108","‚³‚¢‚½‚ÜŽs“ì‹æ","111080010003","’ÒŽO’š–Ú","35.839306","139.658000","0","3"
"11","é‹ÊŒ§","11108","‚³‚¢‚½‚ÜŽs“ì‹æ","111080010004","’ÒŽl’š–Ú","35.836613","139.656464","0","3"
"11","é‹ÊŒ§","11108","‚³‚¢‚½‚ÜŽs“ì‹æ","111080010005","’ÒŒÜ’š–Ú","35.834763","139.659264","0","3"
"11","é‹ÊŒ§","11108","‚³‚¢‚½‚ÜŽs“ì‹æ","111080010006","’Ò˜Z’š–Ú","35.833159","139.657343","0","3"
"11","é‹ÊŒ§","11108","‚³‚¢‚½‚ÜŽs“ì‹æ","111080010007","’ÒŽµ’š–Ú","35.833755","139.665731","0","3"
"11","é‹ÊŒ§","11108","‚³‚¢‚½‚ÜŽs“ì‹æ","111080010008","’Ò”ª’š–Ú","35.831141","139.662257","0","3"
"11","é‹ÊŒ§","11108","‚³‚¢‚½‚ÜŽs“ì‹æ","111080011001","¼–{ˆê’š–Ú","35.837413","139.626925","0","3"
"11","é‹ÊŒ§","11108","‚³‚¢‚½‚ÜŽs“ì‹æ","111080011002","¼–{“ñ’š–Ú","35.835688","139.627469","0","3"
"11","é‹ÊŒ§","11108","‚³‚¢‚½‚ÜŽs“ì‹æ","111080011003","¼–{ŽO’š–Ú","35.833777","139.628362","0","3"
"11","é‹ÊŒ§","11108","‚³‚¢‚½‚ÜŽs“ì‹æ","111080011004","¼–{Žl’š–Ú","35.831333","139.629897","0","3"
"11","é‹ÊŒ§","11108","‚³‚¢‚½‚ÜŽs“ì‹æ","111080012001","“ì–{’¬ˆê’š–Ú","35.845747","139.668004","0","3"
"11","é‹ÊŒ§","11108","‚³‚¢‚½‚ÜŽs“ì‹æ","111080012002","“ì–{’¬“ñ’š–Ú","35.848464","139.666312","0","3"
"11","é‹ÊŒ§","11108","‚³‚¢‚½‚ÜŽs“ì‹æ","111080013001","”’”¦ˆê’š–Ú","35.846445","139.656002","0","3"
"11","é‹ÊŒ§","11108","‚³‚¢‚½‚ÜŽs“ì‹æ","111080013002","”’”¦“ñ’š–Ú","35.848885","139.653558","0","3"
"11","é‹ÊŒ§","11108","‚³‚¢‚½‚ÜŽs“ì‹æ","111080013003","”’”¦ŽO’š–Ú","35.845509","139.653066","0","3"
"11","é‹ÊŒ§","11108","‚³‚¢‚½‚ÜŽs“ì‹æ","111080013004","”’”¦Žl’š–Ú","35.842585","139.653268","0","3"
"11","é‹ÊŒ§","11108","‚³‚¢‚½‚ÜŽs“ì‹æ","111080013005","”’”¦ŒÜ’š–Ú","35.841960","139.649646","0","3"
"11","é‹ÊŒ§","11108","‚³‚¢‚½‚ÜŽs“ì‹æ","111080013006","”’”¦˜Z’š–Ú","35.838578","139.653359","0","3"
"11","é‹ÊŒ§","11108","‚³‚¢‚½‚ÜŽs“ì‹æ","111080014000","‘åŽš‰~³Ž›","35.852142","139.694477","0","1"
"11","é‹ÊŒ§","11108","‚³‚¢‚½‚ÜŽs“ì‹æ","111080015001","•¶‘ ˆê’š–Ú","35.843312","139.672054","0","3"
"11","é‹ÊŒ§","11108","‚³‚¢‚½‚ÜŽs“ì‹æ","111080015002","•¶‘ “ñ’š–Ú","35.842824","139.668315","0","3"
"11","é‹ÊŒ§","11108","‚³‚¢‚½‚ÜŽs“ì‹æ","111080015003","•¶‘ ŽO’š–Ú","35.839550","139.674479","0","3"
"11","é‹ÊŒ§","11108","‚³‚¢‚½‚ÜŽs“ì‹æ","111080015004","•¶‘ Žl’š–Ú","35.838439","139.670039","0","3"
"11","é‹ÊŒ§","11108","‚³‚¢‚½‚ÜŽs“ì‹æ","111080015005","•¶‘ ŒÜ’š–Ú","35.834952","139.673832","0","3"
"11","é‹ÊŒ§","11108","‚³‚¢‚½‚ÜŽs“ì‹æ","111080016001","À‰eˆê’š–Ú","35.842347","139.643810","0","3"
"11","é‹ÊŒ§","11108","‚³‚¢‚½‚ÜŽs“ì‹æ","111080016002","À‰e“ñ’š–Ú","35.840000","139.644481","0","3"
"11","é‹ÊŒ§","11108","‚³‚¢‚½‚ÜŽs“ì‹æ","111080016003","À‰eŽO’š–Ú","35.839205","139.648604","0","3"
"11","é‹ÊŒ§","11108","‚³‚¢‚½‚ÜŽs“ì‹æ","111080017001","‘å’Jêˆê’š–Ú","35.856939","139.669508","0","3"
"11","é‹ÊŒ§","11108","‚³‚¢‚½‚ÜŽs“ì‹æ","111080017002","‘å’Jê“ñ’š–Ú","35.854310","139.672968","0","3"
"11","é‹ÊŒ§","11108","‚³‚¢‚½‚ÜŽs“ì‹æ","111080018002","‘¾“cŒE“ñ’š–Ú","35.861512","139.669715","0","3"
"11","é‹ÊŒ§","11108","‚³‚¢‚½‚ÜŽs“ì‹æ","111080018004","‘¾“cŒEŽl’š–Ú","35.858480","139.674253","0","3"
"11","é‹ÊŒ§","11108","‚³‚¢‚½‚ÜŽs“ì‹æ","111080018005","‘¾“cŒEŒÜ’š–Ú","35.855436","139.676897","0","3"
"11","é‹ÊŒ§","11108","‚³‚¢‚½‚ÜŽs“ì‹æ","111080019000","‘åŽšLƒ–’JŒË","35.861549","139.686011","0","1"
"11","é‹ÊŒ§","11108","‚³‚¢‚½‚ÜŽs“ì‹æ","111080020000","‘åŽš’çŠO","35.832876","139.619656","0","1"
"11","é‹ÊŒ§","11108","‚³‚¢‚½‚ÜŽs“ì‹æ","111080021000","‘åŽš‘¾“cŒE","35.853219","139.683844","0","1"
"11","é‹ÊŒ§","11108","‚³‚¢‚½‚ÜŽs“ì‹æ","111080022000","‘åŽš‘å’JŒû","35.859742","139.691325","0","1"
"11","é‹ÊŒ§","11109","‚³‚¢‚½‚ÜŽs—Î‹æ","111090001000","‘åŽš‘å’JŒû","35.864719","139.692584","0","1"
"11","é‹ÊŒ§","11109","‚³‚¢‚½‚ÜŽs—Î‹æ","111090002001","“Œ‘å–åˆê’š–Ú","35.882769","139.736808","0","3"
"11","é‹ÊŒ§","11109","‚³‚¢‚½‚ÜŽs—Î‹æ","111090002002","“Œ‘å–å“ñ’š–Ú","35.883327","139.739261","0","3"
"11","é‹ÊŒ§","11109","‚³‚¢‚½‚ÜŽs—Î‹æ","111090002003","“Œ‘å–åŽO’š–Ú","35.884155","139.741833","0","3"
"11","é‹ÊŒ§","11109","‚³‚¢‚½‚ÜŽs—Î‹æ","111090003001","ŽRèˆê’š–Ú","35.889399","139.664416","0","3"
"11","é‹ÊŒ§","11109","‚³‚¢‚½‚ÜŽs—Î‹æ","111090004000","‘åŽšŒº”×V“c","35.890607","139.714502","0","1"
"11","é‹ÊŒ§","11109","‚³‚¢‚½‚ÜŽs—Î‹æ","111090005001","“¹‘c“yˆê’š–Ú","35.876885","139.668954","0","3"
"11","é‹ÊŒ§","11109","‚³‚¢‚½‚ÜŽs—Î‹æ","111090005002","“¹‘c“y“ñ’š–Ú","35.881228","139.668922","0","3"
"11","é‹ÊŒ§","11109","‚³‚¢‚½‚ÜŽs—Î‹æ","111090005003","“¹‘c“yŽO’š–Ú","35.878319","139.671457","0","3"
"11","é‹ÊŒ§","11109","‚³‚¢‚½‚ÜŽs—Î‹æ","111090005004","“¹‘c“yŽl’š–Ú","35.875862","139.672937","0","3"
"11","é‹ÊŒ§","11109","‚³‚¢‚½‚ÜŽs—Î‹æ","111090006001","‹{–{ˆê’š–Ú","35.888728","139.691672","0","3"
"11","é‹ÊŒ§","11109","‚³‚¢‚½‚ÜŽs—Î‹æ","111090006002","‹{–{“ñ’š–Ú","35.887349","139.692635","0","3"
"11","é‹ÊŒ§","11109","‚³‚¢‚½‚ÜŽs—Î‹æ","111090007000","‘åŽš˜@Œ©V“c","35.870124","139.710744","0","1"
"11","é‹ÊŒ§","11109","‚³‚¢‚½‚ÜŽs—Î‹æ","111090008001","¼–Øˆê’š–Ú","35.881279","139.683775","0","3"
"11","é‹ÊŒ§","11109","‚³‚¢‚½‚ÜŽs—Î‹æ","111090008002","¼–Ø“ñ’š–Ú","35.883195","139.686977","0","3"
"11","é‹ÊŒ§","11109","‚³‚¢‚½‚ÜŽs—Î‹æ","111090008003","¼–ØŽO’š–Ú","35.884702","139.689770","0","3"
"11","é‹ÊŒ§","11109","‚³‚¢‚½‚ÜŽs—Î‹æ","111090009001","“Œ‰Y˜aˆê’š–Ú","35.863669","139.703083","0","3"
"11","é‹ÊŒ§","11109","‚³‚¢‚½‚ÜŽs—Î‹æ","111090009002","“Œ‰Y˜a“ñ’š–Ú","35.861592","139.698114","0","3"
"11","é‹ÊŒ§","11109","‚³‚¢‚½‚ÜŽs—Î‹æ","111090009003","“Œ‰Y˜aŽO’š–Ú","35.865831","139.697747","0","3"
"11","é‹ÊŒ§","11109","‚³‚¢‚½‚ÜŽs—Î‹æ","111090009004","“Œ‰Y˜aŽl’š–Ú","35.867603","139.700753","0","3"
"11","é‹ÊŒ§","11109","‚³‚¢‚½‚ÜŽs—Î‹æ","111090009005","“Œ‰Y˜aŒÜ’š–Ú","35.866019","139.705614","0","3"
"11","é‹ÊŒ§","11109","‚³‚¢‚½‚ÜŽs—Î‹æ","111090009006","“Œ‰Y˜a˜Z’š–Ú","35.872103","139.706375","0","3"
"11","é‹ÊŒ§","11109","‚³‚¢‚½‚ÜŽs—Î‹æ","111090009007","“Œ‰Y˜aŽµ’š–Ú","35.871685","139.702461","0","3"
"11","é‹ÊŒ§","11109","‚³‚¢‚½‚ÜŽs—Î‹æ","111090009008","“Œ‰Y˜a”ª’š–Ú","35.869642","139.696183","0","3"
"11","é‹ÊŒ§","11109","‚³‚¢‚½‚ÜŽs—Î‹æ","111090009009","“Œ‰Y˜a‹ã’š–Ú","35.870347","139.694335","0","3"
"11","é‹ÊŒ§","11109","‚³‚¢‚½‚ÜŽs—Î‹æ","111090010001","‘¾“cŒEˆê’š–Ú","35.864844","139.667560","0","3"
"11","é‹ÊŒ§","11109","‚³‚¢‚½‚ÜŽs—Î‹æ","111090010003","‘¾“cŒEŽO’š–Ú","35.862983","139.673528","0","3"
"11","é‹ÊŒ§","11109","‚³‚¢‚½‚ÜŽs—Î‹æ","111090011001","”nêˆê’š–Ú","35.888259","139.682246","0","3"
"11","é‹ÊŒ§","11109","‚³‚¢‚½‚ÜŽs—Î‹æ","111090011002","”nê“ñ’š–Ú","35.888674","139.687413","0","3"
"11","é‹ÊŒ§","11109","‚³‚¢‚½‚ÜŽs—Î‹æ","111090012001","ŽÅŒ´ˆê’š–Ú","35.879730","139.687766","0","3"
"11","é‹ÊŒ§","11109","‚³‚¢‚½‚ÜŽs—Î‹æ","111090012002","ŽÅŒ´“ñ’š–Ú","35.882133","139.692971","0","3"
"11","é‹ÊŒ§","11109","‚³‚¢‚½‚ÜŽs—Î‹æ","111090012003","ŽÅŒ´ŽO’š–Ú","35.878825","139.695393","0","3"
"11","é‹ÊŒ§","11109","‚³‚¢‚½‚ÜŽs—Î‹æ","111090013001","Œ´ŽRˆê’š–Ú","35.867217","139.671917","0","3"
"11","é‹ÊŒ§","11109","‚³‚¢‚½‚ÜŽs—Î‹æ","111090013002","Œ´ŽR“ñ’š–Ú","35.871163","139.669341","0","3"
"11","é‹ÊŒ§","11109","‚³‚¢‚½‚ÜŽs—Î‹æ","111090013003","Œ´ŽRŽO’š–Ú","35.872772","139.674416","0","3"
"11","é‹ÊŒ§","11109","‚³‚¢‚½‚ÜŽs—Î‹æ","111090013004","Œ´ŽRŽl’š–Ú","35.869204","139.676195","0","3"
"11","é‹ÊŒ§","11109","‚³‚¢‚½‚ÜŽs—Î‹æ","111090014000","‘åŽš‘å“¹","35.893753","139.672017","0","1"
"11","é‹ÊŒ§","11109","‚³‚¢‚½‚ÜŽs—Î‹æ","111090015000","‘åŽš–kŒ´","35.884182","139.718029","0","1"
"11","é‹ÊŒ§","11109","‚³‚¢‚½‚ÜŽs—Î‹æ","111090016000","‘åŽš‹{Œã","35.892674","139.695485","0","1"
"11","é‹ÊŒ§","11109","‚³‚¢‚½‚ÜŽs—Î‹æ","111090017000","‘åŽš‘å–q","35.875004","139.709280","0","1"
"11","é‹ÊŒ§","11109","‚³‚¢‚½‚ÜŽs—Î‹æ","111090018000","‘åŽš‘ãŽR","35.902443","139.707433","0","1"
"11","é‹ÊŒ§","11109","‚³‚¢‚½‚ÜŽs—Î‹æ","111090019000","‘åŽšVh","35.892458","139.684084","0","1"
"11","é‹ÊŒ§","11109","‚³‚¢‚½‚ÜŽs—Î‹æ","111090020000","‘åŽšŽO‰Y","35.897046","139.665267","0","1"
"11","é‹ÊŒ§","11109","‚³‚¢‚½‚ÜŽs—Î‹æ","111090021000","‘åŽš‰ºŽRŒûV“c","35.870578","139.717501","0","1"
"11","é‹ÊŒ§","11109","‚³‚¢‚½‚ÜŽs—Î‹æ","111090022000","‘åŽš‘åŠÔ–Ø","35.864834","139.711109","0","1"
"11","é‹ÊŒ§","11109","‚³‚¢‚½‚ÜŽs—Î‹æ","111090023000","‘åŽšŠÔ‹{","35.881186","139.722806","0","1"
"11","é‹ÊŒ§","11109","‚³‚¢‚½‚ÜŽs—Î‹æ","111090024000","‘åŽšã–ì“c","35.908902","139.698037","0","1"
"11","é‹ÊŒ§","11109","‚³‚¢‚½‚ÜŽs—Î‹æ","111090025000","‘åŽšŒ©À","35.883552","139.699546","0","1"
"11","é‹ÊŒ§","11109","‚³‚¢‚½‚ÜŽs—Î‹æ","111090026000","‘åŽš“ì•”—Ì’Ò","35.896485","139.704832","0","1"
"11","é‹ÊŒ§","11109","‚³‚¢‚½‚ÜŽs—Î‹æ","111090027000","‘åŽš‘åè","35.886733","139.710975","0","1"
"11","é‹ÊŒ§","11109","‚³‚¢‚½‚ÜŽs—Î‹æ","111090028000","‘åŽš’†”ö","35.872157","139.684591","0","1"
"11","é‹ÊŒ§","11109","‚³‚¢‚½‚ÜŽs—Î‹æ","111090029000","‘åŽšŽOŽº","35.884795","139.676119","0","1"
"11","é‹ÊŒ§","11109","‚³‚¢‚½‚ÜŽs—Î‹æ","111090030000","‘åŽš‚”¨","35.910509","139.707479","0","1"
"11","é‹ÊŒ§","11109","‚³‚¢‚½‚ÜŽs—Î‹æ","111090031000","‘åŽšŽ›ŽR","35.906207","139.708605","0","1"
"11","é‹ÊŒ§","11109","‚³‚¢‚½‚ÜŽs—Î‹æ","111090032001","”ü‰€ˆê’š–Ú","35.907416","139.714359","0","3"
"11","é‹ÊŒ§","11109","‚³‚¢‚½‚ÜŽs—Î‹æ","111090032002","”ü‰€“ñ’š–Ú","35.903103","139.719633","0","3"
"11","é‹ÊŒ§","11109","‚³‚¢‚½‚ÜŽs—Î‹æ","111090032003","”ü‰€ŽO’š–Ú","35.899402","139.726452","0","3"
"11","é‹ÊŒ§","11109","‚³‚¢‚½‚ÜŽs—Î‹æ","111090032004","”ü‰€Žl’š–Ú","35.895993","139.729774","0","3"
"11","é‹ÊŒ§","11109","‚³‚¢‚½‚ÜŽs—Î‹æ","111090032005","”ü‰€ŒÜ’š–Ú","35.891972","139.733213","0","3"
"11","é‹ÊŒ§","11109","‚³‚¢‚½‚ÜŽs—Î‹æ","111090032006","”ü‰€˜Z’š–Ú","35.887411","139.737051","0","3"
"11","é‹ÊŒ§","11109","‚³‚¢‚½‚ÜŽs—Î‹æ","111090033000","‘åŽš’†–ì“c","35.899683","139.717066","0","1"
"11","é‹ÊŒ§","11109","‚³‚¢‚½‚ÜŽs—Î‹æ","111090034000","‘åŽš‘å–å","35.882475","139.731082","0","1"
"11","é‹ÊŒ§","11109","‚³‚¢‚½‚ÜŽs—Î‹æ","111090035000","‘åŽš‰º–ì“c","35.892697","139.725152","0","1"
"11","é‹ÊŒ§","11109","‚³‚¢‚½‚ÜŽs—Î‹æ","111090036002","‘åŠÔ–Ø“ñ’š–Ú","35.875079","139.692164","3","3"
"11","é‹ÊŒ§","11109","‚³‚¢‚½‚ÜŽs—Î‹æ","111090036003","‘åŠÔ–ØŽO’š–Ú","35.877282","139.690257","3","3"
"11","é‹ÊŒ§","11110","‚³‚¢‚½‚ÜŽsŠâ’Î‹æ","111100001000","‘åŽš‘¾“c","35.959814","139.698751","0","1"
"11","é‹ÊŒ§","11110","‚³‚¢‚½‚ÜŽsŠâ’Î‹æ","111100002000","‘åŽš“ì•½–ì","35.962673","139.704700","0","1"
"11","é‹ÊŒ§","11110","‚³‚¢‚½‚ÜŽsŠâ’Î‹æ","111100003001","z–Kˆê’š–Ú","35.967434","139.710370","0","3"
"11","é‹ÊŒ§","11110","‚³‚¢‚½‚ÜŽsŠâ’Î‹æ","111100003002","z–K“ñ’š–Ú","35.968665","139.709030","0","3"
"11","é‹ÊŒ§","11110","‚³‚¢‚½‚ÜŽsŠâ’Î‹æ","111100003003","z–KŽO’š–Ú","35.969558","139.707272","0","3"
"11","é‹ÊŒ§","11110","‚³‚¢‚½‚ÜŽsŠâ’Î‹æ","111100003004","z–KŽl’š–Ú","35.969756","139.705418","0","3"
"11","é‹ÊŒ§","11110","‚³‚¢‚½‚ÜŽsŠâ’Î‹æ","111100003005","z–KŒÜ’š–Ú","35.970007","139.703726","0","3"
"11","é‹ÊŒ§","11110","‚³‚¢‚½‚ÜŽsŠâ’Î‹æ","111100004001","ã–ìˆê’š–Ú","35.968522","139.700105","0","3"
"11","é‹ÊŒ§","11110","‚³‚¢‚½‚ÜŽsŠâ’Î‹æ","111100004002","ã–ì“ñ’š–Ú","35.971081","139.700848","0","3"
"11","é‹ÊŒ§","11110","‚³‚¢‚½‚ÜŽsŠâ’Î‹æ","111100004003","ã–ìŽO’š–Ú","35.974002","139.698468","0","3"
"11","é‹ÊŒ§","11110","‚³‚¢‚½‚ÜŽsŠâ’Î‹æ","111100004004","ã–ìŽl’š–Ú","35.972863","139.696993","0","3"
"11","é‹ÊŒ§","11110","‚³‚¢‚½‚ÜŽsŠâ’Î‹æ","111100004005","ã–ìŒÜ’š–Ú","35.976102","139.693806","0","3"
"11","é‹ÊŒ§","11110","‚³‚¢‚½‚ÜŽsŠâ’Î‹æ","111100004006","ã–ì˜Z’š–Ú","35.977712","139.695791","0","3"
"11","é‹ÊŒ§","11110","‚³‚¢‚½‚ÜŽsŠâ’Î‹æ","111100005001","“ŒŠâ’Îˆê’š–Ú","35.964277","139.712431","0","3"
"11","é‹ÊŒ§","11110","‚³‚¢‚½‚ÜŽsŠâ’Î‹æ","111100005002","“ŒŠâ’Î“ñ’š–Ú","35.965198","139.709054","0","3"
"11","é‹ÊŒ§","11110","‚³‚¢‚½‚ÜŽsŠâ’Î‹æ","111100005003","“ŒŠâ’ÎŽO’š–Ú","35.962726","139.708867","0","3"
"11","é‹ÊŒ§","11110","‚³‚¢‚½‚ÜŽsŠâ’Î‹æ","111100005004","“ŒŠâ’ÎŽl’š–Ú","35.962061","139.712390","0","3"
"11","é‹ÊŒ§","11110","‚³‚¢‚½‚ÜŽsŠâ’Î‹æ","111100005005","“ŒŠâ’ÎŒÜ’š–Ú","35.960032","139.714929","0","3"
"11","é‹ÊŒ§","11110","‚³‚¢‚½‚ÜŽsŠâ’Î‹æ","111100005006","“ŒŠâ’Î˜Z’š–Ú","35.961412","139.716405","0","3"
"11","é‹ÊŒ§","11110","‚³‚¢‚½‚ÜŽsŠâ’Î‹æ","111100006001","ã—¢ˆê’š–Ú","35.964392","139.706463","0","3"
"11","é‹ÊŒ§","11110","‚³‚¢‚½‚ÜŽsŠâ’Î‹æ","111100006002","ã—¢“ñ’š–Ú","35.965248","139.704452","0","3"
"11","é‹ÊŒ§","11110","‚³‚¢‚½‚ÜŽsŠâ’Î‹æ","111100007001","é“ìˆê’š–Ú","35.941063","139.702217","0","3"
"11","é‹ÊŒ§","11110","‚³‚¢‚½‚ÜŽsŠâ’Î‹æ","111100007002","é“ì“ñ’š–Ú","35.942029","139.706573","0","3"
"11","é‹ÊŒ§","11110","‚³‚¢‚½‚ÜŽsŠâ’Î‹æ","111100007003","é“ìŽO’š–Ú","35.939665","139.707964","0","3"
"11","é‹ÊŒ§","11110","‚³‚¢‚½‚ÜŽsŠâ’Î‹æ","111100007004","é“ìŽl’š–Ú","35.939995","139.710685","0","3"
"11","é‹ÊŒ§","11110","‚³‚¢‚½‚ÜŽsŠâ’Î‹æ","111100007005","é“ìŒÜ’š–Ú","35.940603","139.714290","0","3"
"11","é‹ÊŒ§","11110","‚³‚¢‚½‚ÜŽsŠâ’Î‹æ","111100008001","¼Œ´‘äˆê’š–Ú","35.947105","139.686908","0","3"
"11","é‹ÊŒ§","11110","‚³‚¢‚½‚ÜŽsŠâ’Î‹æ","111100008002","¼Œ´‘ä“ñ’š–Ú","35.949983","139.685054","0","3"
"11","é‹ÊŒ§","11110","‚³‚¢‚½‚ÜŽsŠâ’Î‹æ","111100009001","–{ŠÛˆê’š–Ú","35.954905","139.702286","0","3"
"11","é‹ÊŒ§","11110","‚³‚¢‚½‚ÜŽsŠâ’Î‹æ","111100009002","–{ŠÛ“ñ’š–Ú","35.957097","139.706005","0","3"
"11","é‹ÊŒ§","11110","‚³‚¢‚½‚ÜŽsŠâ’Î‹æ","111100009003","–{ŠÛŽO’š–Ú","35.955385","139.707274","0","3"
"11","é‹ÊŒ§","11110","‚³‚¢‚½‚ÜŽsŠâ’Î‹æ","111100009004","–{ŠÛŽl’š–Ú","35.958212","139.709612","0","3"
"11","é‹ÊŒ§","11110","‚³‚¢‚½‚ÜŽsŠâ’Î‹æ","111100010001","‰Á‘qˆê’š–Ú","35.945877","139.689717","0","3"
"11","é‹ÊŒ§","11110","‚³‚¢‚½‚ÜŽsŠâ’Î‹æ","111100010002","‰Á‘q“ñ’š–Ú","35.943306","139.683857","0","3"
"11","é‹ÊŒ§","11110","‚³‚¢‚½‚ÜŽsŠâ’Î‹æ","111100010003","‰Á‘qŽO’š–Ú","35.941219","139.684867","0","3"
"11","é‹ÊŒ§","11110","‚³‚¢‚½‚ÜŽsŠâ’Î‹æ","111100010004","‰Á‘qŽl’š–Ú","35.942516","139.691380","0","3"
"11","é‹ÊŒ§","11110","‚³‚¢‚½‚ÜŽsŠâ’Î‹æ","111100010005","‰Á‘qŒÜ’š–Ú","35.939904","139.691912","0","3"
"11","é‹ÊŒ§","11110","‚³‚¢‚½‚ÜŽsŠâ’Î‹æ","111100011001","•À–Øˆê’š–Ú","35.946250","139.683373","0","3"
"11","é‹ÊŒ§","11110","‚³‚¢‚½‚ÜŽsŠâ’Î‹æ","111100011002","•À–Ø“ñ’š–Ú","35.949927","139.682905","0","3"
"11","é‹ÊŒ§","11110","‚³‚¢‚½‚ÜŽsŠâ’Î‹æ","111100012001","“ì•½–ìˆê’š–Ú","35.959217","139.712328","0","3"
"11","é‹ÊŒ§","11110","‚³‚¢‚½‚ÜŽsŠâ’Î‹æ","111100012002","“ì•½–ì“ñ’š–Ú","35.957413","139.718522","0","3"
"11","é‹ÊŒ§","11110","‚³‚¢‚½‚ÜŽsŠâ’Î‹æ","111100012003","“ì•½–ìŽO’š–Ú","35.953827","139.715914","0","3"
"11","é‹ÊŒ§","11110","‚³‚¢‚½‚ÜŽsŠâ’Î‹æ","111100012004","“ì•½–ìŽl’š–Ú","35.952958","139.718327","0","3"
"11","é‹ÊŒ§","11110","‚³‚¢‚½‚ÜŽsŠâ’Î‹æ","111100012005","“ì•½–ìŒÜ’š–Ú","35.948829","139.718174","0","3"
"11","é‹ÊŒ§","11110","‚³‚¢‚½‚ÜŽsŠâ’Î‹æ","111100013001","•{“àˆê’š–Ú","35.944035","139.709909","0","3"
"11","é‹ÊŒ§","11110","‚³‚¢‚½‚ÜŽsŠâ’Î‹æ","111100013002","•{“à“ñ’š–Ú","35.944382","139.713757","0","3"
"11","é‹ÊŒ§","11110","‚³‚¢‚½‚ÜŽsŠâ’Î‹æ","111100013003","•{“àŽO’š–Ú","35.945606","139.716766","0","3"
"11","é‹ÊŒ§","11110","‚³‚¢‚½‚ÜŽsŠâ’Î‹æ","111100013004","•{“àŽl’š–Ú","35.941670","139.716415","0","3"
"11","é‹ÊŒ§","11110","‚³‚¢‚½‚ÜŽsŠâ’Î‹æ","111100014001","–{’¬ˆê’š–Ú","35.947813","139.693159","0","3"
"11","é‹ÊŒ§","11110","‚³‚¢‚½‚ÜŽsŠâ’Î‹æ","111100014002","–{’¬“ñ’š–Ú","35.945589","139.694714","0","3"
"11","é‹ÊŒ§","11110","‚³‚¢‚½‚ÜŽsŠâ’Î‹æ","111100014003","–{’¬ŽO’š–Ú","35.950803","139.696237","0","3"
"11","é‹ÊŒ§","11110","‚³‚¢‚½‚ÜŽsŠâ’Î‹æ","111100014004","–{’¬Žl’š–Ú","35.948833","139.698622","0","3"
"11","é‹ÊŒ§","11110","‚³‚¢‚½‚ÜŽsŠâ’Î‹æ","111100014005","–{’¬ŒÜ’š–Ú","35.953523","139.699688","0","3"
"11","é‹ÊŒ§","11110","‚³‚¢‚½‚ÜŽsŠâ’Î‹æ","111100014006","–{’¬˜Z’š–Ú","35.950789","139.701222","0","3"
"11","é‹ÊŒ§","11110","‚³‚¢‚½‚ÜŽsŠâ’Î‹æ","111100015000","ˆ¤“†’¬","35.954515","139.696480","0","1"
"11","é‹ÊŒ§","11110","‚³‚¢‚½‚ÜŽsŠâ’Î‹æ","111100016001","“Œ’¬ˆê’š–Ú","35.944356","139.697701","0","3"
"11","é‹ÊŒ§","11110","‚³‚¢‚½‚ÜŽsŠâ’Î‹æ","111100016002","“Œ’¬“ñ’š–Ú","35.944431","139.700640","0","3"
"11","é‹ÊŒ§","11110","‚³‚¢‚½‚ÜŽsŠâ’Î‹æ","111100017001","¼’¬ˆê’š–Ú","35.951445","139.692902","0","3"
"11","é‹ÊŒ§","11110","‚³‚¢‚½‚ÜŽsŠâ’Î‹æ","111100017002","¼’¬“ñ’š–Ú","35.952255","139.689459","0","3"
"11","é‹ÊŒ§","11110","‚³‚¢‚½‚ÜŽsŠâ’Î‹æ","111100017003","¼’¬ŽO’š–Ú","35.954363","139.686668","0","3"
"11","é‹ÊŒ§","11110","‚³‚¢‚½‚ÜŽsŠâ’Î‹æ","111100017004","¼’¬Žl’š–Ú","35.956839","139.689450","0","3"
"11","é‹ÊŒ§","11110","‚³‚¢‚½‚ÜŽsŠâ’Î‹æ","111100017005","¼’¬ŒÜ’š–Ú","35.954401","139.691797","0","3"
"11","é‹ÊŒ§","11110","‚³‚¢‚½‚ÜŽsŠâ’Î‹æ","111100018001","é’¬ˆê’š–Ú","35.946659","139.709153","0","3"
"11","é‹ÊŒ§","11110","‚³‚¢‚½‚ÜŽsŠâ’Î‹æ","111100018002","é’¬“ñ’š–Ú","35.948306","139.712859","0","3"
"11","é‹ÊŒ§","11110","‚³‚¢‚½‚ÜŽsŠâ’Î‹æ","111100019000","”üK’¬","35.959799","139.692664","0","1"
"11","é‹ÊŒ§","11110","‚³‚¢‚½‚ÜŽsŠâ’Î‹æ","111100020000","Œ´’¬","35.940734","139.697451","0","1"
"11","é‹ÊŒ§","11110","‚³‚¢‚½‚ÜŽsŠâ’Î‹æ","111100021000","¼Œ´","35.951463","139.686060","0","1"
"11","é‹ÊŒ§","11110","‚³‚¢‚½‚ÜŽsŠâ’Î‹æ","111100022001","‘¾“cˆê’š–Ú","35.950332","139.704963","0","3"
"11","é‹ÊŒ§","11110","‚³‚¢‚½‚ÜŽsŠâ’Î‹æ","111100022002","‘¾“c“ñ’š–Ú","35.953998","139.709695","0","3"
"11","é‹ÊŒ§","11110","‚³‚¢‚½‚ÜŽsŠâ’Î‹æ","111100022003","‘¾“cŽO’š–Ú","35.951037","139.710696","0","3"
"11","é‹ÊŒ§","11110","‚³‚¢‚½‚ÜŽsŠâ’Î‹æ","111100023001","’‡’¬ˆê’š–Ú","35.947031","139.702269","0","3"
"11","é‹ÊŒ§","11110","‚³‚¢‚½‚ÜŽsŠâ’Î‹æ","111100023002","’‡’¬“ñ’š–Ú","35.945411","139.705811","0","3"
"11","é‹ÊŒ§","11110","‚³‚¢‚½‚ÜŽsŠâ’Î‹æ","111100024001","ŒÃƒPêˆê’š–Ú","35.978563","139.689645","0","3"
"11","é‹ÊŒ§","11110","‚³‚¢‚½‚ÜŽsŠâ’Î‹æ","111100024002","ŒÃƒPê“ñ’š–Ú","35.980558","139.692162","0","3"
"11","é‹ÊŒ§","11110","‚³‚¢‚½‚ÜŽsŠâ’Î‹æ","111100025001","‹{’¬ˆê’š–Ú","35.957879","139.698989","0","3"
"11","é‹ÊŒ§","11110","‚³‚¢‚½‚ÜŽsŠâ’Î‹æ","111100025002","‹{’¬“ñ’š–Ú","35.958427","139.703414","0","3"
"11","é‹ÊŒ§","11110","‚³‚¢‚½‚ÜŽsŠâ’Î‹æ","111100026000","“ú‚Ìo’¬","35.958661","139.696028","0","1"
"11","é‹ÊŒ§","11110","‚³‚¢‚½‚ÜŽsŠâ’Î‹æ","111100027000","‘åŽš“ì’Ò","35.962446","139.702041","0","1"
"11","é‹ÊŒ§","11110","‚³‚¢‚½‚ÜŽsŠâ’Î‹æ","111100028000","‘åŽšã–ì","35.966186","139.702152","0","1"
"11","é‹ÊŒ§","11110","‚³‚¢‚½‚ÜŽsŠâ’Î‹æ","111100029000","‘åŽš–¥—Ö","35.958313","139.681912","0","1"
"11","é‹ÊŒ§","11110","‚³‚¢‚½‚ÜŽsŠâ’Î‹æ","111100030000","‘åŽš‘Š–ìŒ´","35.986945","139.696958","0","1"
"11","é‹ÊŒ§","11110","‚³‚¢‚½‚ÜŽsŠâ’Î‹æ","111100031000","‘åŽš‘åX","35.930579","139.748456","0","1"
"11","é‹ÊŒ§","11110","‚³‚¢‚½‚ÜŽsŠâ’Î‹æ","111100032000","ŒÃƒPê","35.982997","139.695482","0","1"
"11","é‹ÊŒ§","11110","‚³‚¢‚½‚ÜŽsŠâ’Î‹æ","111100033000","‘åŽš‹àd","35.965802","139.684469","0","1"
"11","é‹ÊŒ§","11110","‚³‚¢‚½‚ÜŽsŠâ’Î‹æ","111100034000","‘åŽš’J‰º","35.933684","139.686621","0","1"
"11","é‹ÊŒ§","11110","‚³‚¢‚½‚ÜŽsŠâ’Î‹æ","111100035000","‘åŽš‰Á‘q","35.937078","139.690147","0","1"
"11","é‹ÊŒ§","11110","‚³‚¢‚½‚ÜŽsŠâ’Î‹æ","111100036000","‘åŽš‘å’J","35.938582","139.740554","0","1"
"11","é‹ÊŒ§","11110","‚³‚¢‚½‚ÜŽsŠâ’Î‹æ","111100037000","‘åŽš–{h","35.965301","139.690989","0","1"
"11","é‹ÊŒ§","11110","‚³‚¢‚½‚ÜŽsŠâ’Î‹æ","111100038000","‘åŽš‘º‘","35.942435","139.723283","0","1"
"11","é‹ÊŒ§","11110","‚³‚¢‚½‚ÜŽsŠâ’Î‹æ","111100039000","‘åŽš^•ŸŽ›","35.936360","139.706212","0","1"
"11","é‹ÊŒ§","11110","‚³‚¢‚½‚ÜŽsŠâ’Î‹æ","111100040000","‘åŽš‘’·","35.948169","139.740210","0","1"
"11","é‹ÊŒ§","11110","‚³‚¢‚½‚ÜŽsŠâ’Î‹æ","111100041000","‘åŽš–ì‘·","35.908543","139.740914","0","1"
"11","é‹ÊŒ§","11110","‚³‚¢‚½‚ÜŽsŠâ’Î‹æ","111100042000","‘åŽšV•û{‰ê","35.933651","139.747702","0","1"
"11","é‹ÊŒ§","11110","‚³‚¢‚½‚ÜŽsŠâ’Î‹æ","111100043000","‘åŽš“¿—Í","35.972266","139.718167","0","1"
"11","é‹ÊŒ§","11110","‚³‚¢‚½‚ÜŽsŠâ’Î‹æ","111100044000","‘åŽš‘åŒû","35.945580","139.745616","0","1"
"11","é‹ÊŒ§","11110","‚³‚¢‚½‚ÜŽsŠâ’Î‹æ","111100045000","‘åŽš‘å–ì“‡","35.942359","139.732210","0","1"
"11","é‹ÊŒ§","11110","‚³‚¢‚½‚ÜŽsŠâ’Î‹æ","111100046000","‘åŽš‘åŒË","35.935700","139.743527","0","1"
"11","é‹ÊŒ§","11110","‚³‚¢‚½‚ÜŽsŠâ’Î‹æ","111100047000","‘åŽš”è","35.934402","139.698254","0","1"
"11","é‹ÊŒ§","11110","‚³‚¢‚½‚ÜŽsŠâ’Î‹æ","111100048000","‘åŽšŠâ’Î","35.957834","139.686404","0","1"
"11","é‹ÊŒ§","11110","‚³‚¢‚½‚ÜŽsŠâ’Î‹æ","111100049000","‘åŽšŽœ‰¶Ž›","35.980474","139.708622","0","1"
"11","é‹ÊŒ§","11110","‚³‚¢‚½‚ÜŽsŠâ’Î‹æ","111100050000","‘åŽšŠ|","35.972597","139.687721","0","1"
"11","é‹ÊŒ§","11110","‚³‚¢‚½‚ÜŽsŠâ’Î‹æ","111100051000","‘åŽš•\Žœ‰¶Ž›","35.973915","139.706197","0","1"
"11","é‹ÊŒ§","11110","‚³‚¢‚½‚ÜŽsŠâ’Î‹æ","111100052000","‘åŽš“ì‰ºVˆä","35.931902","139.718703","0","1"
"11","é‹ÊŒ§","11110","‚³‚¢‚½‚ÜŽsŠâ’Î‹æ","111100053000","‘åŽš¬a","35.981526","139.720877","0","1"
"11","é‹ÊŒ§","11110","‚³‚¢‚½‚ÜŽsŠâ’Î‹æ","111100054000","‘åŽš‚‘]ª","35.914282","139.741594","0","1"
"11","é‹ÊŒ§","11110","‚³‚¢‚½‚ÜŽsŠâ’Î‹æ","111100055000","‘åŽš‰¡ª","35.922466","139.700829","0","1"
"11","é‹ÊŒ§","11110","‚³‚¢‚½‚ÜŽsŠâ’Î‹æ","111100056000","‘åŽšù‹v•ÛV“c","35.914445","139.710975","0","1"
"11","é‹ÊŒ§","11110","‚³‚¢‚½‚ÜŽsŠâ’Î‹æ","111100057000","‘åŽš•½—ÑŽ›","35.967703","139.675854","0","1"
"11","é‹ÊŒ§","11110","‚³‚¢‚½‚ÜŽsŠâ’Î‹æ","111100058000","‘åŽš’·‹{","35.950132","139.728300","0","1"
"11","é‹ÊŒ§","11110","‚³‚¢‚½‚ÜŽsŠâ’Î‹æ","111100059000","‘åŽš”Ñ’Ë","35.935781","139.725394","0","1"
"11","é‹ÊŒ§","11110","‚³‚¢‚½‚ÜŽsŠâ’Î‹æ","111100060000","‘åŽšù‹v•Û","35.916558","139.720527","0","1"
"11","é‹ÊŒ§","11110","‚³‚¢‚½‚ÜŽsŠâ’Î‹æ","111100061000","‘åŽš— Žœ‰¶Ž›","35.986332","139.710363","0","1"
"11","é‹ÊŒ§","11110","‚³‚¢‚½‚ÜŽsŠâ’Î‹æ","111100062000","‘åŽš•’J","35.920352","139.730357","0","1"
"11","é‹ÊŒ§","11110","‚³‚¢‚½‚ÜŽsŠâ’Î‹æ","111100063000","‘åŽš•‚’J","35.927519","139.709262","0","1"
"11","é‹ÊŒ§","11110","‚³‚¢‚½‚ÜŽsŠâ’Î‹æ","111100064000","‘åŽš”nž","35.969162","139.663052","0","1"
"11","é‹ÊŒ§","11110","‚³‚¢‚½‚ÜŽsŠâ’Î‹æ","111100065000","‘åŽšŽ­Žº","35.995458","139.700551","0","1"
"11","é‹ÊŒ§","11110","‚³‚¢‚½‚ÜŽsŠâ’Î‹æ","111100066000","‘åŽš––“c","35.915669","139.744774","0","1"
"11","é‹ÊŒ§","11110","‚³‚¢‚½‚ÜŽsŠâ’Î‹æ","111100067000","‘åŽš”öƒPè","35.912554","139.731040","0","1"
"11","é‹ÊŒ§","11110","‚³‚¢‚½‚ÜŽsŠâ’Î‹æ","111100068000","‘åŽš’Þã","35.900467","139.742311","0","1"
"11","é‹ÊŒ§","11110","‚³‚¢‚½‚ÜŽsŠâ’Î‹æ","111100069000","‘åŽš’ÞãV“c","35.891783","139.742294","0","1"
"11","é‹ÊŒ§","11110","‚³‚¢‚½‚ÜŽsŠâ’Î‹æ","111100070000","‘åŽš”öƒPèV“c","35.906401","139.723626","0","1"
"11","é‹ÊŒ§","11110","‚³‚¢‚½‚ÜŽsŠâ’Î‹æ","111100071001","”ü‰€“Œˆê’š–Ú","35.898712","139.734846","0","3"
"11","é‹ÊŒ§","11110","‚³‚¢‚½‚ÜŽsŠâ’Î‹æ","111100071002","”ü‰€“Œ“ñ’š–Ú","35.902315","139.730783","0","3"
"11","é‹ÊŒ§","11110","‚³‚¢‚½‚ÜŽsŠâ’Î‹æ","111100071003","”ü‰€“ŒŽO’š–Ú","35.905112","139.727219","0","3"
"11","é‹ÊŒ§","11201","ì‰zŽs","112010001000","‘åŽšãL’J","35.936974","139.423205","0","1"
"11","é‹ÊŒ§","11201","ì‰zŽs","112010002000","‘åŽšÂ–ö","35.893537","139.451830","0","1"
"11","é‹ÊŒ§","11201","ì‰zŽs","112010003000","‘åŽšŠÝ","35.891774","139.483761","0","1"
"11","é‹ÊŒ§","11201","ì‰zŽs","112010004000","‘åŽš•xŽmŒ©","35.952998","139.421850","0","1"
"11","é‹ÊŒ§","11201","ì‰zŽs","112010005000","‘åŽš“¡‘q","35.895320","139.438519","0","1"
"11","é‹ÊŒ§","11201","ì‰zŽs","112010006000","‘åŽš‰h","35.957240","139.424367","0","1"
"11","é‹ÊŒ§","11201","ì‰zŽs","112010007000","‘åŽšãV‰ÍŠÝ","35.892889","139.503813","0","1"
"11","é‹ÊŒ§","11201","ì‰zŽs","112010008000","‘åŽš–L“cV“c","35.894257","139.451529","3","1"
"11","é‹ÊŒ§","11201","ì‰zŽs","112010009001","¼]’¬ˆê’š–Ú","35.918089","139.485504","0","3"
"11","é‹ÊŒ§","11201","ì‰zŽs","112010009002","¼]’¬“ñ’š–Ú","35.920828","139.484912","0","3"
"11","é‹ÊŒ§","11201","ì‰zŽs","112010010000","‘åŽš“ì‘å’Ë","35.892748","139.452286","0","1"
"11","é‹ÊŒ§","11201","ì‰zŽs","112010011001","‰àƒPŠÖ–kˆê’š–Ú","35.924442","139.436129","0","3"
"11","é‹ÊŒ§","11201","ì‰zŽs","112010011002","‰àƒPŠÖ–k“ñ’š–Ú","35.927732","139.436569","0","3"
"11","é‹ÊŒ§","11201","ì‰zŽs","112010011003","‰àƒPŠÖ–kŽO’š–Ú","35.927166","139.433913","0","3"
"11","é‹ÊŒ§","11201","ì‰zŽs","112010011004","‰àƒPŠÖ–kŽl’š–Ú","35.923888","139.434539","0","3"
"11","é‹ÊŒ§","11201","ì‰zŽs","112010011005","‰àƒPŠÖ–kŒÜ’š–Ú","35.924431","139.430190","0","3"
"11","é‹ÊŒ§","11201","ì‰zŽs","112010011006","‰àƒPŠÖ–k˜Z’š–Ú","35.926685","139.431037","0","3"
"11","é‹ÊŒ§","11201","ì‰zŽs","112010012001","––L’¬ˆê’š–Ú","35.921732","139.478528","0","3"
"11","é‹ÊŒ§","11201","ì‰zŽs","112010012002","––L’¬“ñ’š–Ú","35.923216","139.480615","0","3"
"11","é‹ÊŒ§","11201","ì‰zŽs","112010012003","––L’¬ŽO’š–Ú","35.922753","139.477796","0","3"
"11","é‹ÊŒ§","11201","ì‰zŽs","112010013001","‰àƒPŠÖ“Œˆê’š–Ú","35.923375","139.441919","0","3"
"11","é‹ÊŒ§","11201","ì‰zŽs","112010013002","‰àƒPŠÖ“Œ“ñ’š–Ú","35.924479","139.445645","0","3"
"11","é‹ÊŒ§","11201","ì‰zŽs","112010013003","‰àƒPŠÖ“ŒŽO’š–Ú","35.922053","139.444716","0","3"
"11","é‹ÊŒ§","11201","ì‰zŽs","112010013004","‰àƒPŠÖ“ŒŽl’š–Ú","35.922745","139.447380","0","3"
"11","é‹ÊŒ§","11201","ì‰zŽs","112010013005","‰àƒPŠÖ“ŒŒÜ’š–Ú","35.922403","139.449816","0","3"
"11","é‹ÊŒ§","11201","ì‰zŽs","112010014001","Œ³’¬ˆê’š–Ú","35.924857","139.484576","0","3"
"11","é‹ÊŒ§","11201","ì‰zŽs","112010014002","Œ³’¬“ñ’š–Ú","35.924960","139.481499","0","3"
"11","é‹ÊŒ§","11201","ì‰zŽs","112010015000","‹v•Û’¬","35.919900","139.489313","0","1"
"11","é‹ÊŒ§","11201","ì‰zŽs","112010016001","ˆÉ¨Œ´’¬ˆê’š–Ú","35.921753","139.432419","0","3"
"11","é‹ÊŒ§","11201","ì‰zŽs","112010016002","ˆÉ¨Œ´’¬“ñ’š–Ú","35.921236","139.429784","0","3"
"11","é‹ÊŒ§","11201","ì‰zŽs","112010016003","ˆÉ¨Œ´’¬ŽO’š–Ú","35.923475","139.426869","0","3"
"11","é‹ÊŒ§","11201","ì‰zŽs","112010016004","ˆÉ¨Œ´’¬Žl’š–Ú","35.921916","139.425659","0","3"
"11","é‹ÊŒ§","11201","ì‰zŽs","112010016005","ˆÉ¨Œ´’¬ŒÜ’š–Ú","35.921592","139.423382","0","3"
"11","é‹ÊŒ§","11201","ì‰zŽs","112010017000","‘åŽšî‰ÍŠÝ","35.898505","139.498562","0","1"
"11","é‹ÊŒ§","11201","ì‰zŽs","112010018000","‘åŽš–ì“c","35.918313","139.470900","0","1"
"11","é‹ÊŒ§","11201","ì‰zŽs","112010019000","K’¬","35.923048","139.482620","0","1"
"11","é‹ÊŒ§","11201","ì‰zŽs","112010020000","Šì‘½’¬","35.926575","139.482477","0","1"
"11","é‹ÊŒ§","11201","ì‰zŽs","112010021000","‘åŽè’¬","35.923124","139.485245","0","1"
"11","é‹ÊŒ§","11201","ì‰zŽs","112010022001","¼¬å”g’¬ˆê’š–Ú","35.917370","139.486990","0","3"
"11","é‹ÊŒ§","11201","ì‰zŽs","112010022002","¼¬å”g’¬“ñ’š–Ú","35.914140","139.487811","0","3"
"11","é‹ÊŒ§","11201","ì‰zŽs","112010023000","‚©‚í‚Â‚éŽO–F–ì","35.921996","139.409627","0","1"
"11","é‹ÊŒ§","11201","ì‰zŽs","112010024000","’‡’¬","35.920911","139.481886","0","1"
"11","é‹ÊŒ§","11201","ì‰zŽs","112010025001","˜ZŒ¬’¬ˆê’š–Ú","35.915683","139.478442","0","3"
"11","é‹ÊŒ§","11201","ì‰zŽs","112010025002","˜ZŒ¬’¬“ñ’š–Ú","35.919376","139.479392","0","3"
"11","é‹ÊŒ§","11201","ì‰zŽs","112010026001","’†Œ´’¬ˆê’š–Ú","35.916839","139.481178","0","3"
"11","é‹ÊŒ§","11201","ì‰zŽs","112010026002","’†Œ´’¬“ñ’š–Ú","35.913414","139.479475","0","3"
"11","é‹ÊŒ§","11201","ì‰zŽs","112010027001","‹{‰º’¬ˆê’š–Ú","35.926275","139.488463","0","3"
"11","é‹ÊŒ§","11201","ì‰zŽs","112010027002","‹{‰º’¬“ñ’š–Ú","35.928611","139.486348","0","3"
"11","é‹ÊŒ§","11201","ì‰zŽs","112010028001","“Iê–kˆê’š–Ú","35.926199","139.439210","0","3"
"11","é‹ÊŒ§","11201","ì‰zŽs","112010028002","“Iê–k“ñ’š–Ú","35.924366","139.439023","0","3"
"11","é‹ÊŒ§","11201","ì‰zŽs","112010029000","‘åŽš“Œ–¾Ž›","35.936369","139.506210","0","1"
"11","é‹ÊŒ§","11201","ì‰zŽs","112010030001","’†‘äˆê’š–Ú","35.891530","139.474345","0","3"
"11","é‹ÊŒ§","11201","ì‰zŽs","112010030002","’†‘ä“ñ’š–Ú","35.888308","139.473402","0","3"
"11","é‹ÊŒ§","11201","ì‰zŽs","112010030003","’†‘äŽO’š–Ú","35.889296","139.469836","0","3"
"11","é‹ÊŒ§","11201","ì‰zŽs","112010031000","Žu‘½’¬","35.928636","139.484022","0","1"
"11","é‹ÊŒ§","11201","ì‰zŽs","112010032000","’Ê’¬","35.914181","139.485164","0","1"
"11","é‹ÊŒ§","11201","ì‰zŽs","112010033001","‹g“cV’¬ˆê’š–Ú","35.926638","139.422609","0","3"
"11","é‹ÊŒ§","11201","ì‰zŽs","112010033002","‹g“cV’¬“ñ’š–Ú","35.925261","139.421045","0","3"
"11","é‹ÊŒ§","11201","ì‰zŽs","112010033003","‹g“cV’¬ŽO’š–Ú","35.928174","139.420270","0","3"
"11","é‹ÊŒ§","11201","ì‰zŽs","112010034000","“ú“Œ’¬","35.894482","139.438014","0","1"
"11","é‹ÊŒ§","11201","ì‰zŽs","112010035001","Vh’¬ˆê’š–Ú","35.902933","139.480752","0","3"
"11","é‹ÊŒ§","11201","ì‰zŽs","112010035002","Vh’¬“ñ’š–Ú","35.902704","139.485507","0","3"
"11","é‹ÊŒ§","11201","ì‰zŽs","112010035003","Vh’¬ŽO’š–Ú","35.899203","139.483823","0","3"
"11","é‹ÊŒ§","11201","ì‰zŽs","112010035004","Vh’¬Žl’š–Ú","35.896460","139.481660","0","3"
"11","é‹ÊŒ§","11201","ì‰zŽs","112010035005","Vh’¬ŒÜ’š–Ú","35.899698","139.478256","0","3"
"11","é‹ÊŒ§","11201","ì‰zŽs","112010035006","Vh’¬˜Z’š–Ú","35.894632","139.476081","0","3"
"11","é‹ÊŒ§","11201","ì‰zŽs","112010036001","V•x’¬ˆê’š–Ú","35.915756","139.483437","0","3"
"11","é‹ÊŒ§","11201","ì‰zŽs","112010036002","V•x’¬“ñ’š–Ú","35.912521","139.482323","0","3"
"11","é‹ÊŒ§","11201","ì‰zŽs","112010037001","’†‘äŒ³’¬ˆê’š–Ú","35.891939","139.479296","0","3"
"11","é‹ÊŒ§","11201","ì‰zŽs","112010037002","’†‘äŒ³’¬“ñ’š–Ú","35.890521","139.483601","0","3"
"11","é‹ÊŒ§","11201","ì‰zŽs","112010038000","‚Þ‚³‚µ–ì“ì","35.888072","139.466887","0","1"
"11","é‹ÊŒ§","11201","ì‰zŽs","112010039001","ì’ßˆê’š–Ú","35.922629","139.416331","0","3"
"11","é‹ÊŒ§","11201","ì‰zŽs","112010039002","ì’ß“ñ’š–Ú","35.921778","139.412795","0","3"
"11","é‹ÊŒ§","11201","ì‰zŽs","112010039003","ì’ßŽO’š–Ú","35.920334","139.406451","0","3"
"11","é‹ÊŒ§","11201","ì‰zŽs","112010040000","˜A’¬","35.918918","139.482637","0","1"
"11","é‹ÊŒ§","11201","ì‰zŽs","112010041000","•À–ØV’¬","35.901397","139.517608","0","1"
"11","é‹ÊŒ§","11201","ì‰zŽs","112010042001","‚©‚·‚Ý–ìˆê’š–Ú","35.902281","139.417137","0","3"
"11","é‹ÊŒ§","11201","ì‰zŽs","112010042002","‚©‚·‚Ý–ì“ñ’š–Ú","35.904332","139.414750","0","3"
"11","é‹ÊŒ§","11201","ì‰zŽs","112010042003","‚©‚·‚Ý–ìŽO’š–Ú","35.899823","139.414309","0","3"
"11","é‹ÊŒ§","11201","ì‰zŽs","112010043001","Šs’¬ˆê’š–Ú","35.923528","139.487639","0","3"
"11","é‹ÊŒ§","11201","ì‰zŽs","112010043002","Šs’¬“ñ’š–Ú","35.924000","139.491692","0","3"
"11","é‹ÊŒ§","11201","ì‰zŽs","112010044000","ŽO‹v•Û’¬","35.920807","139.488197","0","1"
"11","é‹ÊŒ§","11201","ì‰zŽs","112010045001","å”g’¬ˆê’š–Ú","35.911091","139.489570","0","3"
"11","é‹ÊŒ§","11201","ì‰zŽs","112010045002","å”g’¬“ñ’š–Ú","35.907699","139.489496","0","3"
"11","é‹ÊŒ§","11201","ì‰zŽs","112010045003","å”g’¬ŽO’š–Ú","35.911975","139.494157","0","3"
"11","é‹ÊŒ§","11201","ì‰zŽs","112010045004","å”g’¬Žl’š–Ú","35.906702","139.493496","0","3"
"11","é‹ÊŒ§","11201","ì‰zŽs","112010046001","Žõ’¬ˆê’š–Ú","35.905055","139.466907","0","3"
"11","é‹ÊŒ§","11201","ì‰zŽs","112010046002","Žõ’¬“ñ’š–Ú","35.907700","139.466263","0","3"
"11","é‹ÊŒ§","11201","ì‰zŽs","112010047001","»V“cˆê’š–Ú","35.892422","139.487513","0","3"
"11","é‹ÊŒ§","11201","ì‰zŽs","112010047002","»V“c“ñ’š–Ú","35.890062","139.490081","0","3"
"11","é‹ÊŒ§","11201","ì‰zŽs","112010047003","»V“cŽO’š–Ú","35.888560","139.488881","0","3"
"11","é‹ÊŒ§","11201","ì‰zŽs","112010047004","»V“cŽl’š–Ú","35.885450","139.491654","0","3"
"11","é‹ÊŒ§","11201","ì‰zŽs","112010047005","»V“cŒÜ’š–Ú","35.883887","139.489017","0","3"
"11","é‹ÊŒ§","11201","ì‰zŽs","112010047006","»V“c˜Z’š–Ú","35.879816","139.485953","0","3"
"11","é‹ÊŒ§","11201","ì‰zŽs","112010048001","–L“c’¬ˆê’š–Ú","35.905399","139.461502","0","3"
"11","é‹ÊŒ§","11201","ì‰zŽs","112010048002","–L“c’¬“ñ’š–Ú","35.901414","139.458424","0","3"
"11","é‹ÊŒ§","11201","ì‰zŽs","112010048003","–L“c’¬ŽO’š–Ú","35.901397","139.463429","0","3"
"11","é‹ÊŒ§","11201","ì‰zŽs","112010049000","“ì’Ê’¬","35.910642","139.485988","0","1"
"11","é‹ÊŒ§","11201","ì‰zŽs","112010050000","•À–Ø¼’¬","35.900667","139.514316","0","1"
"11","é‹ÊŒ§","11201","ì‰zŽs","112010051001","¬å”g’¬ˆê’š–Ú","35.917614","139.490035","0","3"
"11","é‹ÊŒ§","11201","ì‰zŽs","112010051002","¬å”g’¬“ñ’š–Ú","35.920502","139.493832","0","3"
"11","é‹ÊŒ§","11201","ì‰zŽs","112010051003","¬å”g’¬ŽO’š–Ú","35.917301","139.495388","0","3"
"11","é‹ÊŒ§","11201","ì‰zŽs","112010051004","¬å”g’¬Žl’š–Ú","35.914719","139.495308","0","3"
"11","é‹ÊŒ§","11201","ì‰zŽs","112010051005","¬å”g’¬ŒÜ’š–Ú","35.914245","139.491309","0","3"
"11","é‹ÊŒ§","11201","ì‰zŽs","112010052000","›Œ´’¬","35.906839","139.486042","0","1"
"11","é‹ÊŒ§","11201","ì‰zŽs","112010053000","‘åŽš‰ºV‰ÍŠÝ","35.880605","139.490485","0","1"
"11","é‹ÊŒ§","11201","ì‰zŽs","112010054000","ŽOŒõ’¬","35.918563","139.476390","0","1"
"11","é‹ÊŒ§","11201","ì‰zŽs","112010055000","Žl“s–ì‘ä","35.894733","139.466100","0","1"
"11","é‹ÊŒ§","11201","ì‰zŽs","112010056000","‘åŽšŒ~ˆäV“c","35.933353","139.420291","0","1"
"11","é‹ÊŒ§","11201","ì‰zŽs","112010057000","´…’¬","35.877976","139.505819","0","1"
"11","é‹ÊŒ§","11201","ì‰zŽs","112010058000","“¡–Ø’¬","35.896726","139.512168","0","1"
"11","é‹ÊŒ§","11201","ì‰zŽs","112010059000","‘åŽšì‰z","35.930360","139.501678","0","1"
"11","é‹ÊŒ§","11201","ì‰zŽs","112010060000","ãŒËV’¬","35.925821","139.449784","0","1"
"11","é‹ÊŒ§","11201","ì‰zŽs","112010061000","ŒF–ì’¬","35.875894","139.503234","0","1"
"11","é‹ÊŒ§","11201","ì‰zŽs","112010062000","˜e“c’¬","35.908277","139.483291","0","1"
"11","é‹ÊŒ§","11201","ì‰zŽs","112010063000","‘åŽš•½’ËV“c","35.955058","139.462269","0","1"
"11","é‹ÊŒ§","11201","ì‰zŽs","112010064001","“ì‘äˆê’š–Ú","35.884812","139.447960","0","3"
"11","é‹ÊŒ§","11201","ì‰zŽs","112010064002","“ì‘ä“ñ’š–Ú","35.890658","139.452115","0","3"
"11","é‹ÊŒ§","11201","ì‰zŽs","112010064003","“ì‘äŽO’š–Ú","35.887905","139.454368","0","3"
"11","é‹ÊŒ§","11201","ì‰zŽs","112010065000","‘åŽšŽ›ˆä","35.933485","139.507074","0","1"
"11","é‹ÊŒ§","11201","ì‰zŽs","112010066000","’†•Ÿ“Œ","35.868184","139.474143","0","1"
"11","é‹ÊŒ§","11201","ì‰zŽs","112010067001","¡¬ˆê’š–Ú","35.924702","139.473608","0","3"
"11","é‹ÊŒ§","11201","ì‰zŽs","112010067002","¡¬“ñ’š–Ú","35.924298","139.467400","0","3"
"11","é‹ÊŒ§","11201","ì‰zŽs","112010067003","¡¬ŽO’š–Ú","35.921305","139.467257","0","3"
"11","é‹ÊŒ§","11201","ì‰zŽs","112010067004","¡¬Žl’š–Ú","35.919236","139.466882","0","3"
"11","é‹ÊŒ§","11201","ì‰zŽs","112010068000","–â‰®’¬","35.922883","139.511314","0","1"
"11","é‹ÊŒ§","11201","ì‰zŽs","112010069001","“ì‘å’Ëˆê’š–Ú","35.897732","139.453606","0","3"
"11","é‹ÊŒ§","11201","ì‰zŽs","112010069002","“ì‘å’Ë“ñ’š–Ú","35.893572","139.456251","0","3"
"11","é‹ÊŒ§","11201","ì‰zŽs","112010069003","“ì‘å’ËŽO’š–Ú","35.890554","139.460013","0","3"
"11","é‹ÊŒ§","11201","ì‰zŽs","112010069004","“ì‘å’ËŽl’š–Ú","35.889078","139.457597","0","3"
"11","é‹ÊŒ§","11201","ì‰zŽs","112010069005","“ì‘å’ËŒÜ’š–Ú","35.887020","139.463055","0","3"
"11","é‹ÊŒ§","11201","ì‰zŽs","112010069006","“ì‘å’Ë˜Z’š–Ú","35.880322","139.459260","0","3"
"11","é‹ÊŒ§","11201","ì‰zŽs","112010070000","z–K’¬","35.879495","139.499986","0","1"
"11","é‹ÊŒ§","11201","ì‰zŽs","112010071000","˜e“cV’¬","35.905511","139.472619","0","1"
"11","é‹ÊŒ§","11201","ì‰zŽs","112010072000","“c’¬","35.914121","139.475836","0","1"
"11","é‹ÊŒ§","11201","ì‰zŽs","112010073000","L’JV’¬","35.946863","139.428910","0","1"
"11","é‹ÊŒ§","11201","ì‰zŽs","112010074000","“¡Œ´’¬","35.883064","139.499508","0","1"
"11","é‹ÊŒ§","11201","ì‰zŽs","112010075000","ò’¬","35.904778","139.512687","0","1"
"11","é‹ÊŒ§","11201","ì‰zŽs","112010076000","ˆî‰×’¬","35.881332","139.503039","0","1"
"11","é‹ÊŒ§","11201","ì‰zŽs","112010077001","“Iêˆê’š–Ú","35.913124","139.428404","0","3"
"11","é‹ÊŒ§","11201","ì‰zŽs","112010077002","“Iê“ñ’š–Ú","35.915753","139.427010","0","3"
"11","é‹ÊŒ§","11201","ì‰zŽs","112010078000","•xŽmŒ©’¬","35.903453","139.488421","0","1"
"11","é‹ÊŒ§","11201","ì‰zŽs","112010079000","L‰h’¬","35.902056","139.468042","0","1"
"11","é‹ÊŒ§","11201","ì‰zŽs","112010080001","–ì“c’¬ˆê’š–Ú","35.911767","139.474016","0","3"
"11","é‹ÊŒ§","11201","ì‰zŽs","112010080002","–ì“c’¬“ñ’š–Ú","35.908036","139.470905","0","3"
"11","é‹ÊŒ§","11201","ì‰zŽs","112010081001","ˆ®’¬ˆê’š–Ú","35.904050","139.475619","0","3"
"11","é‹ÊŒ§","11201","ì‰zŽs","112010081002","ˆ®’¬“ñ’š–Ú","35.901059","139.473597","0","3"
"11","é‹ÊŒ§","11201","ì‰zŽs","112010081003","ˆ®’¬ŽO’š–Ú","35.898553","139.471365","0","3"
"11","é‹ÊŒ§","11201","ì‰zŽs","112010082001","ÎŒ´’¬ˆê’š–Ú","35.924902","139.477644","0","3"
"11","é‹ÊŒ§","11201","ì‰zŽs","112010082002","ÎŒ´’¬“ñ’š–Ú","35.928984","139.473865","0","3"
"11","é‹ÊŒ§","11201","ì‰zŽs","112010083001","–F–ì‘äˆê’š–Ú","35.948508","139.520485","0","3"
"11","é‹ÊŒ§","11201","ì‰zŽs","112010083002","–F–ì‘ä“ñ’š–Ú","35.951060","139.509185","0","3"
"11","é‹ÊŒ§","11201","ì‰zŽs","112010083003","–F–ì‘äŽO’š–Ú","35.942526","139.522922","0","3"
"11","é‹ÊŒ§","11201","ì‰zŽs","112010084000","ŒŽ‹g’¬","35.920487","139.473453","0","1"
"11","é‹ÊŒ§","11201","ì‰zŽs","112010085000","“Œ“c’¬","35.909461","139.477043","0","1"
"11","é‹ÊŒ§","11201","ì‰zŽs","112010086000","‘åŽš‚“‡","35.914135","139.509496","0","1"
"11","é‹ÊŒ§","11201","ì‰zŽs","112010087001","ŠÝ’¬ˆê’š–Ú","35.900751","139.491491","0","3"
"11","é‹ÊŒ§","11201","ì‰zŽs","112010087002","ŠÝ’¬“ñ’š–Ú","35.897624","139.488282","0","3"
"11","é‹ÊŒ§","11201","ì‰zŽs","112010087003","ŠÝ’¬ŽO’š–Ú","35.894253","139.483564","0","3"
"11","é‹ÊŒ§","11201","ì‰zŽs","112010088000","˜e“c–{’¬","35.907469","139.480144","0","1"
"11","é‹ÊŒ§","11201","ì‰zŽs","112010089000","‘åŽš’|–ì","35.954131","139.424933","0","1"
"11","é‹ÊŒ§","11201","ì‰zŽs","112010090000","‚Þ‚³‚µ–ì","35.891895","139.466824","0","1"
"11","é‹ÊŒ§","11201","ì‰zŽs","112010091001","‘å’Ëˆê’š–Ú","35.897533","139.459968","0","3"
"11","é‹ÊŒ§","11201","ì‰zŽs","112010091002","‘å’Ë“ñ’š–Ú","35.895850","139.469751","0","3"
"11","é‹ÊŒ§","11201","ì‰zŽs","112010092000","‘åŽš”ªƒc“‡","35.916573","139.509887","0","1"
"11","é‹ÊŒ§","11201","ì‰zŽs","112010093000","é‰º’¬","35.928342","139.494030","0","1"
"11","é‹ÊŒ§","11201","ì‰zŽs","112010094000","“IêV’¬","35.918391","139.426977","0","1"
"11","é‹ÊŒ§","11201","ì‰zŽs","112010095000","_–¾’¬","35.930981","139.479174","0","1"
"11","é‹ÊŒ§","11201","ì‰zŽs","112010096000","ã–ì“c’¬","35.913291","139.470099","0","1"
"11","é‹ÊŒ§","11201","ì‰zŽs","112010097000","•Xì’¬","35.930024","139.490842","0","1"
"11","é‹ÊŒ§","11201","ì‰zŽs","112010098000","‘åŽš»‹v•Û","35.885635","139.482803","0","1"
"11","é‹ÊŒ§","11201","ì‰zŽs","112010099000","‹{Œ³’¬","35.932692","139.484581","0","1"
"11","é‹ÊŒ§","11201","ì‰zŽs","112010100000","‘åŽš‹Žq","35.892066","139.508738","0","1"
"11","é‹ÊŒ§","11201","ì‰zŽs","112010101000","‘åŽš’J’†","35.942572","139.495251","0","1"
"11","é‹ÊŒ§","11201","ì‰zŽs","112010102000","‘åŽš¬å”g","35.917308","139.502212","0","1"
"11","é‹ÊŒ§","11201","ì‰zŽs","112010103000","‘åŽšŽ­Ž”","35.946918","139.516144","0","1"
"11","é‹ÊŒ§","11201","ì‰zŽs","112010104000","‘åŽš¡ò","35.895325","139.526683","0","1"
"11","é‹ÊŒ§","11201","ì‰zŽs","112010105000","Œä¬’¬","35.935719","139.491354","0","1"
"11","é‹ÊŒ§","11201","ì‰zŽs","112010106000","‘åŽš•À–Ø","35.902070","139.523316","0","1"
"11","é‹ÊŒ§","11201","ì‰zŽs","112010107000","‘åŽš“Œ–{h","35.935372","139.536090","0","1"
"11","é‹ÊŒ§","11201","ì‰zŽs","112010108000","‘åŽšŠžÀ","35.890892","139.551584","0","1"
"11","é‹ÊŒ§","11201","ì‰zŽs","112010109000","‘åŽšÎ“c","35.940979","139.487559","0","1"
"11","é‹ÊŒ§","11201","ì‰zŽs","112010110000","‘åŽš‘å’†‹","35.908515","139.512612","0","1"
"11","é‹ÊŒ§","11201","ì‰zŽs","112010111000","‘åŽšãŒË","35.928423","139.449240","0","1"
"11","é‹ÊŒ§","11201","ì‰zŽs","112010112000","‘åŽšã¼Œ´","35.865571","139.476914","0","1"
"11","é‹ÊŒ§","11201","ì‰zŽs","112010113000","‘åŽšã˜V‘Ü","35.946445","139.530417","0","1"
"11","é‹ÊŒ§","11201","ì‰zŽs","112010114000","‘åŽšŒÃŽsê","35.886366","139.528888","0","1"
"11","é‹ÊŒ§","11201","ì‰zŽs","112010115000","‘åŽš’†˜V‘Ü","35.942320","139.535609","0","1"
"11","é‹ÊŒ§","11201","ì‰zŽs","112010116000","‘åŽš¬’†‹","35.907600","139.524144","0","1"
"11","é‹ÊŒ§","11201","ì‰zŽs","112010117000","‘åŽšÎ“c–{‹½","35.944096","139.504614","0","1"
"11","é‹ÊŒ§","11201","ì‰zŽs","112010118000","‘åŽš‹g“c","35.929575","139.429195","0","1"
"11","é‹ÊŒ§","11201","ì‰zŽs","112010119000","‘åŽš•½’Ë","35.946629","139.465369","0","1"
"11","é‹ÊŒ§","11201","ì‰zŽs","112010120000","‘åŽš–Ø–ì–Ú","35.895275","139.518338","0","1"
"11","é‹ÊŒ§","11201","ì‰zŽs","112010121000","‘åŽš–k“c“‡","35.936690","139.500565","0","1"
"11","é‹ÊŒ§","11201","ì‰zŽs","112010122000","‘åŽšaˆä","35.882321","139.536316","0","1"
"11","é‹ÊŒ§","11201","ì‰zŽs","112010123000","‘åŽš‘å‘Ü","35.897870","139.443872","3","1"
"11","é‹ÊŒ§","11201","ì‰zŽs","112010124000","‘åŽšŽ›ŽR","35.941363","139.469764","0","1"
"11","é‹ÊŒ§","11201","ì‰zŽs","112010125000","‘åŽšˆÉ²À","35.926899","139.512927","0","1"
"11","é‹ÊŒ§","11201","ì‰zŽs","112010126000","‘åŽš“VÀV“c","35.934775","139.426859","0","1"
"11","é‹ÊŒ§","11201","ì‰zŽs","112010127000","‘åŽš‰º˜V‘Ü","35.930566","139.531116","0","1"
"11","é‹ÊŒ§","11201","ì‰zŽs","112010128000","‘åŽšãŽ›ŽR","35.933132","139.466622","0","1"
"11","é‹ÊŒ§","11201","ì‰zŽs","112010129000","‘åŽš»","35.894650","139.497635","0","1"
"11","é‹ÊŒ§","11201","ì‰zŽs","112010130000","‘åŽšˆÀ”ä“ÞV“c","35.901590","139.424740","0","1"
"11","é‹ÊŒ§","11201","ì‰zŽs","112010131000","‘åŽš“ì“c“‡","35.901255","139.507384","0","1"
"11","é‹ÊŒ§","11201","ì‰zŽs","112010132000","‘åŽš»V“c","35.882105","139.493504","0","1"
"11","é‹ÊŒ§","11201","ì‰zŽs","112010133000","‘åŽš¼‹½","35.924080","139.501777","0","1"
"11","é‹ÊŒ§","11201","ì‰zŽs","112010134000","‘åŽš•Ÿ“c","35.954312","139.473247","0","1"
"11","é‹ÊŒ§","11201","ì‰zŽs","112010135000","‘åŽšŽ›”ö","35.885231","139.509471","0","1"
"11","é‹ÊŒ§","11201","ì‰zŽs","112010136000","‘åŽš¬ƒP’J","35.921487","139.457673","0","1"
"11","é‹ÊŒ§","11201","ì‰zŽs","112010137000","‘åŽš•{ì","35.948391","139.484735","0","1"
"11","é‹ÊŒ§","11201","ì‰zŽs","112010138000","‘åŽš¬’ç","35.939557","139.440266","0","1"
"11","é‹ÊŒ§","11201","ì‰zŽs","112010139000","‘åŽš‰ºÔâ","35.860134","139.478455","0","1"
"11","é‹ÊŒ§","11201","ì‰zŽs","112010140000","‘åŽš›ŠÔ","35.951834","139.496928","0","1"
"11","é‹ÊŒ§","11201","ì‰zŽs","112010141000","‘åŽš‰º¬â","35.947461","139.455020","0","1"
"11","é‹ÊŒ§","11201","ì‰zŽs","112010142000","‘åŽš’†•Ÿ","35.861650","139.465320","0","1"
"11","é‹ÊŒ§","11201","ì‰zŽs","112010143000","‘åŽš‰º¼Œ´","35.869043","139.488442","0","1"
"11","é‹ÊŒ§","11201","ì‰zŽs","112010144000","‘åŽš’r•Ó","35.907112","139.444906","0","1"
"11","é‹ÊŒ§","11201","ì‰zŽs","112010145000","‘åŽšŽR“c","35.944225","139.477853","0","1"
"11","é‹ÊŒ§","11201","ì‰zŽs","112010146000","‘åŽš“¡ŠÔ","35.880060","139.496716","0","1"
"11","é‹ÊŒ§","11201","ì‰zŽs","112010147000","‘åŽš‰ºL’J","35.951094","139.428610","0","1"
"11","é‹ÊŒ§","11201","ì‰zŽs","112010148000","‘åŽšŒ~ˆä","35.937520","139.453685","0","1"
"11","é‹ÊŒ§","11201","ì‰zŽs","112010149000","‘åŽšŠ›“c","35.935397","139.517297","0","1"
"11","é‹ÊŒ§","11201","ì‰zŽs","112010150000","‘åŽš‹v‰ºŒË","35.895023","139.538122","0","1"
"11","é‹ÊŒ§","11201","ì‰zŽs","112010151000","‘åŽš“Iê","35.913387","139.437627","0","1"
"11","é‹ÊŒ§","11201","ì‰zŽs","112010152000","‘åŽšŒÃ’J–{‹½","35.908993","139.544091","0","1"
"11","é‹ÊŒ§","11201","ì‰zŽs","112010153000","‘åŽšŒÃ’Jã","35.921471","139.530763","0","1"
"11","é‹ÊŒ§","11201","ì‰zŽs","112010154000","‘åŽšŠ}”¦","35.908242","139.404865","0","1"
"11","é‹ÊŒ§","11201","ì‰zŽs","112010155000","‘åŽš‘å‘ÜV“c","35.892488","139.442100","0","1"
"11","é‹ÊŒ§","11201","ì‰zŽs","112010156001","“¡‘qˆê’š–Ú","35.889859","139.437021","0","3"
"11","é‹ÊŒ§","11201","ì‰zŽs","112010156002","“¡‘q“ñ’š–Ú","35.885983","139.436015","0","3"
"11","é‹ÊŒ§","11201","ì‰zŽs","112010157000","‘åŽš‘Œ`","35.895189","139.427104","0","1"
"11","é‹ÊŒ§","11201","ì‰zŽs","112010158000","‘åŽšŽRé","35.890864","139.444314","0","1"
"11","é‹ÊŒ§","11201","ì‰zŽs","112010159001","‚©‚µ–ì‘äˆê’š–Ú","35.887809","139.441254","0","3"
"11","é‹ÊŒ§","11201","ì‰zŽs","112010159002","‚©‚µ–ì‘ä“ñ’š–Ú","35.887291","139.443177","0","3"
"11","é‹ÊŒ§","11201","ì‰zŽs","112010160000","‘åŽš–L“c–{","35.898308","139.456998","3","1"
"11","é‹ÊŒ§","11201","ì‰zŽs","112010161000","‘åŽš¬Žº","35.916310","139.463163","0","1"
"11","é‹ÊŒ§","11201","ì‰zŽs","112010162001","–L“c–{ˆê’š–Ú","35.911298","139.465580","0","3"
"11","é‹ÊŒ§","11201","ì‰zŽs","112010162002","–L“c–{“ñ’š–Ú","35.910877","139.459572","0","3"
"11","é‹ÊŒ§","11201","ì‰zŽs","112010162003","–L“c–{ŽO’š–Ú","35.911058","139.454275","0","3"
"11","é‹ÊŒ§","11201","ì‰zŽs","112010162004","–L“c–{Žl’š–Ú","35.904573","139.455732","0","3"
"11","é‹ÊŒ§","11201","ì‰zŽs","112010162005","–L“c–{ŒÜ’š–Ú","35.901479","139.451490","1","3"
"11","é‹ÊŒ§","11201","ì‰zŽs","112010163001","’†‘ä“ìˆê’š–Ú","35.885287","139.465619","0","3"
"11","é‹ÊŒ§","11201","ì‰zŽs","112010163002","’†‘ä“ì“ñ’š–Ú","35.881832","139.465145","0","3"
"11","é‹ÊŒ§","11201","ì‰zŽs","112010163003","’†‘ä“ìŽO’š–Ú","35.876234","139.459032","0","3"
"11","é‹ÊŒ§","11201","ì‰zŽs","112010164000","‘åŽš‘åå”gV“c","35.901051","139.494573","0","1"
"11","é‹ÊŒ§","11201","ì‰zŽs","112010165000","‘åŽš‘åå”g","35.908772","139.500868","0","1"
"11","é‹ÊŒ§","11201","ì‰zŽs","112010166000","‘åŽš‘å’ËV“c","35.897999","139.464973","0","1"
"11","é‹ÊŒ§","11201","ì‰zŽs","112010167000","‘å’ËV’¬","35.895340","139.463345","0","1"
"11","é‹ÊŒ§","11201","ì‰zŽs","112010168000","‘åŽš¡•Ÿ","35.880888","139.473591","0","1"
"11","é‹ÊŒ§","11202","ŒF’JŽs","112020001001","¯ìˆê’š–Ú","36.143179","139.384423","0","3"
"11","é‹ÊŒ§","11202","ŒF’JŽs","112020001002","¯ì“ñ’š–Ú","36.142298","139.387200","0","3"
"11","é‹ÊŒ§","11202","ŒF’JŽs","112020002001","‹Êˆäˆê’š–Ú","36.178761","139.335329","0","3"
"11","é‹ÊŒ§","11202","ŒF’JŽs","112020002002","‹Êˆä“ñ’š–Ú","36.178846","139.337384","0","3"
"11","é‹ÊŒ§","11202","ŒF’JŽs","112020002003","‹ÊˆäŽO’š–Ú","36.179607","139.339719","0","3"
"11","é‹ÊŒ§","11202","ŒF’JŽs","112020002004","‹ÊˆäŽl’š–Ú","36.178388","139.340989","0","3"
"11","é‹ÊŒ§","11202","ŒF’JŽs","112020002005","‹ÊˆäŒÜ’š–Ú","36.177534","139.338871","0","3"
"11","é‹ÊŒ§","11202","ŒF’JŽs","112020003001","–í¶ˆê’š–Ú","36.142171","139.383706","0","3"
"11","é‹ÊŒ§","11202","ŒF’JŽs","112020003002","–í¶“ñ’š–Ú","36.141276","139.386784","0","3"
"11","é‹ÊŒ§","11202","ŒF’JŽs","112020004001","’†‰›ˆê’š–Ú","36.155230","139.391346","0","3"
"11","é‹ÊŒ§","11202","ŒF’JŽs","112020004002","’†‰›“ñ’š–Ú","36.153949","139.394240","0","3"
"11","é‹ÊŒ§","11202","ŒF’JŽs","112020004003","’†‰›ŽO’š–Ú","36.156749","139.395156","0","3"
"11","é‹ÊŒ§","11202","ŒF’JŽs","112020004004","’†‰›Žl’š–Ú","36.157101","139.389953","0","3"
"11","é‹ÊŒ§","11202","ŒF’JŽs","112020004005","’†‰›ŒÜ’š–Ú","36.158412","139.393717","0","3"
"11","é‹ÊŒ§","11202","ŒF’JŽs","112020005001","‹Êˆä“ìˆê’š–Ú","36.176896","139.345655","0","3"
"11","é‹ÊŒ§","11202","ŒF’JŽs","112020005002","‹Êˆä“ì“ñ’š–Ú","36.174831","139.346896","0","3"
"11","é‹ÊŒ§","11202","ŒF’JŽs","112020005003","‹Êˆä“ìŽO’š–Ú","36.175082","139.345128","0","3"
"11","é‹ÊŒ§","11202","ŒF’JŽs","112020006001","÷’¬ˆê’š–Ú","36.149774","139.380829","0","3"
"11","é‹ÊŒ§","11202","ŒF’JŽs","112020006002","÷’¬“ñ’š–Ú","36.150913","139.382000","0","3"
"11","é‹ÊŒ§","11202","ŒF’JŽs","112020007001","” “cˆê’š–Ú","36.150076","139.384036","0","3"
"11","é‹ÊŒ§","11202","ŒF’JŽs","112020007002","” “c“ñ’š–Ú","36.150188","139.386350","0","3"
"11","é‹ÊŒ§","11202","ŒF’JŽs","112020007003","” “cŽO’š–Ú","36.150288","139.388037","0","3"
"11","é‹ÊŒ§","11202","ŒF’JŽs","112020007004","” “cŽl’š–Ú","36.150184","139.389745","0","3"
"11","é‹ÊŒ§","11202","ŒF’JŽs","112020007005","” “cŒÜ’š–Ú","36.150574","139.392184","0","3"
"11","é‹ÊŒ§","11202","ŒF’JŽs","112020007006","” “c˜Z’š–Ú","36.154464","139.386234","0","3"
"11","é‹ÊŒ§","11202","ŒF’JŽs","112020007007","” “cŽµ’š–Ú","36.154189","139.388821","0","3"
"11","é‹ÊŒ§","11202","ŒF’JŽs","112020008001","”ü“y—¢’¬ˆê’š–Ú","36.170299","139.316062","0","3"
"11","é‹ÊŒ§","11202","ŒF’JŽs","112020008002","”ü“y—¢’¬“ñ’š–Ú","36.167928","139.314594","0","3"
"11","é‹ÊŒ§","11202","ŒF’JŽs","112020008003","”ü“y—¢’¬ŽO’š–Ú","36.169612","139.317707","0","3"
"11","é‹ÊŒ§","11202","ŒF’JŽs","112020009001","––Lˆê’š–Ú","36.145679","139.390574","0","3"
"11","é‹ÊŒ§","11202","ŒF’JŽs","112020009002","––L“ñ’š–Ú","36.144890","139.393390","0","3"
"11","é‹ÊŒ§","11202","ŒF’JŽs","112020009003","––LŽO’š–Ú","36.144631","139.397304","0","3"
"11","é‹ÊŒ§","11202","ŒF’JŽs","112020009004","––LŽl’š–Ú","36.144161","139.401987","0","3"
"11","é‹ÊŒ§","11202","ŒF’JŽs","112020010001","Œ’¬ˆê’š–Ú","36.137077","139.391350","0","3"
"11","é‹ÊŒ§","11202","ŒF’JŽs","112020010002","Œ’¬“ñ’š–Ú","36.135961","139.393445","0","3"
"11","é‹ÊŒ§","11202","ŒF’JŽs","112020010003","Œ’¬ŽO’š–Ú","36.134416","139.394541","0","3"
"11","é‹ÊŒ§","11202","ŒF’JŽs","112020010004","Œ’¬Žl’š–Ú","36.134805","139.396983","0","3"
"11","é‹ÊŒ§","11202","ŒF’JŽs","112020010005","Œ’¬ŒÜ’š–Ú","36.136873","139.395128","0","3"
"11","é‹ÊŒ§","11202","ŒF’JŽs","112020011000","’‡’¬","36.146861","139.382743","0","1"
"11","é‹ÊŒ§","11202","ŒF’JŽs","112020012000","Š™‘q’¬","36.144104","139.381760","0","1"
"11","é‹ÊŒ§","11202","ŒF’JŽs","112020013001","’†¼ˆê’š–Ú","36.148870","139.392135","0","3"
"11","é‹ÊŒ§","11202","ŒF’JŽs","112020013002","’†¼“ñ’š–Ú","36.147816","139.394217","0","3"
"11","é‹ÊŒ§","11202","ŒF’JŽs","112020013003","’†¼ŽO’š–Ú","36.150259","139.395803","0","3"
"11","é‹ÊŒ§","11202","ŒF’JŽs","112020013004","’†¼Žl’š–Ú","36.148245","139.398023","0","3"
"11","é‹ÊŒ§","11202","ŒF’JŽs","112020014001","–â‰®’¬ˆê’š–Ú","36.133228","139.425542","0","3"
"11","é‹ÊŒ§","11202","ŒF’JŽs","112020014002","–â‰®’¬“ñ’š–Ú","36.132180","139.425432","0","3"
"11","é‹ÊŒ§","11202","ŒF’JŽs","112020014003","–â‰®’¬ŽO’š–Ú","36.131070","139.425445","0","3"
"11","é‹ÊŒ§","11202","ŒF’JŽs","112020014004","–â‰®’¬Žl’š–Ú","36.130032","139.425237","0","3"
"11","é‹ÊŒ§","11202","ŒF’JŽs","112020015001","’}”gˆê’š–Ú","36.143077","139.390899","0","3"
"11","é‹ÊŒ§","11202","ŒF’JŽs","112020015002","’}”g“ñ’š–Ú","36.140469","139.388935","0","3"
"11","é‹ÊŒ§","11202","ŒF’JŽs","112020015003","’}”gŽO’š–Ú","36.140430","139.391265","0","3"
"11","é‹ÊŒ§","11202","ŒF’JŽs","112020016001","‹âÀˆê’š–Ú","36.141869","139.393526","0","3"
"11","é‹ÊŒ§","11202","ŒF’JŽs","112020016002","‹âÀ“ñ’š–Ú","36.138906","139.395088","0","3"
"11","é‹ÊŒ§","11202","ŒF’JŽs","112020016003","‹âÀŽO’š–Ú","36.141285","139.395605","0","3"
"11","é‹ÊŒ§","11202","ŒF’JŽs","112020016004","‹âÀŽl’š–Ú","36.139695","139.398790","0","3"
"11","é‹ÊŒ§","11202","ŒF’JŽs","112020016005","‹âÀŒÜ’š–Ú","36.141484","139.398292","0","3"
"11","é‹ÊŒ§","11202","ŒF’JŽs","112020016006","‹âÀ˜Z’š–Ú","36.140113","139.401168","0","3"
"11","é‹ÊŒ§","11202","ŒF’JŽs","112020016007","‹âÀŽµ’š–Ú","36.136930","139.399133","0","3"
"11","é‹ÊŒ§","11202","ŒF’JŽs","112020017001","–{’¬ˆê’š–Ú","36.144767","139.384461","0","3"
"11","é‹ÊŒ§","11202","ŒF’JŽs","112020017002","–{’¬“ñ’š–Ú","36.143902","139.387703","0","3"
"11","é‹ÊŒ§","11202","ŒF’JŽs","112020018000","” “c","36.147284","139.402732","0","1"
"11","é‹ÊŒ§","11202","ŒF’JŽs","112020019001","‹{’¬ˆê’š–Ú","36.146970","139.385238","0","3"
"11","é‹ÊŒ§","11202","ŒF’JŽs","112020019002","‹{’¬“ñ’š–Ú","36.146737","139.388729","0","3"
"11","é‹ÊŒ§","11202","ŒF’JŽs","112020020001","ÈÀ“Œˆê’š–Ú","36.222126","139.382893","0","3"
"11","é‹ÊŒ§","11202","ŒF’JŽs","112020020002","ÈÀ“Œ“ñ’š–Ú","36.219997","139.382508","0","3"
"11","é‹ÊŒ§","11202","ŒF’JŽs","112020020003","ÈÀ“ŒŽO’š–Ú","36.221220","139.386506","0","3"
"11","é‹ÊŒ§","11202","ŒF’JŽs","112020020004","ÈÀ“ŒŽl’š–Ú","36.218985","139.385715","0","3"
"11","é‹ÊŒ§","11202","ŒF’JŽs","112020020005","ÈÀ“ŒŒÜ’š–Ú","36.219555","139.389297","0","3"
"11","é‹ÊŒ§","11202","ŒF’JŽs","112020021001","•Ê•{ˆê’š–Ú","36.181616","139.333394","0","3"
"11","é‹ÊŒ§","11202","ŒF’JŽs","112020021002","•Ê•{“ñ’š–Ú","36.185716","139.333480","0","3"
"11","é‹ÊŒ§","11202","ŒF’JŽs","112020021003","•Ê•{ŽO’š–Ú","36.184519","139.336698","0","3"
"11","é‹ÊŒ§","11202","ŒF’JŽs","112020021004","•Ê•{Žl’š–Ú","36.183224","139.340565","0","3"
"11","é‹ÊŒ§","11202","ŒF’JŽs","112020021005","•Ê•{ŒÜ’š–Ú","36.181241","139.337337","0","3"
"11","é‹ÊŒ§","11202","ŒF’JŽs","112020022001","]“ì’†‰›ˆê’š–Ú","36.114860","139.334185","0","3"
"11","é‹ÊŒ§","11202","ŒF’JŽs","112020022002","]“ì’†‰›“ñ’š–Ú","36.114911","139.337695","0","3"
"11","é‹ÊŒ§","11202","ŒF’JŽs","112020022003","]“ì’†‰›ŽO’š–Ú","36.114816","139.341579","0","3"
"11","é‹ÊŒ§","11202","ŒF’JŽs","112020023001","‹v‰ºˆê’š–Ú","36.115833","139.425922","0","3"
"11","é‹ÊŒ§","11202","ŒF’JŽs","112020023002","‹v‰º“ñ’š–Ú","36.114826","139.428873","0","3"
"11","é‹ÊŒ§","11202","ŒF’JŽs","112020023003","‹v‰ºŽO’š–Ú","36.117260","139.431071","0","3"
"11","é‹ÊŒ§","11202","ŒF’JŽs","112020023004","‹v‰ºŽl’š–Ú","36.119315","139.432167","0","3"
"11","é‹ÊŒ§","11202","ŒF’JŽs","112020024001","‹{‘O’¬ˆê’š–Ú","36.140995","139.382509","0","3"
"11","é‹ÊŒ§","11202","ŒF’JŽs","112020024002","‹{‘O’¬“ñ’š–Ú","36.139902","139.385696","0","3"
"11","é‹ÊŒ§","11202","ŒF’JŽs","112020025001","÷–Ø’¬ˆê’š–Ú","36.138445","139.388866","0","3"
"11","é‹ÊŒ§","11202","ŒF’JŽs","112020025002","÷–Ø’¬“ñ’š–Ú","36.136700","139.387458","0","3"
"11","é‹ÊŒ§","11202","ŒF’JŽs","112020026001","‘D–Ø‘äˆê’š–Ú","36.074566","139.420588","0","3"
"11","é‹ÊŒ§","11202","ŒF’JŽs","112020026002","‘D–Ø‘ä“ñ’š–Ú","36.075794","139.417279","0","3"
"11","é‹ÊŒ§","11202","ŒF’JŽs","112020026003","‘D–Ø‘äŽO’š–Ú","36.077987","139.417946","0","3"
"11","é‹ÊŒ§","11202","ŒF’JŽs","112020026004","‘D–Ø‘äŽl’š–Ú","36.078284","139.422221","0","3"
"11","é‹ÊŒ§","11202","ŒF’JŽs","112020026005","‘D–Ø‘äŒÜ’š–Ú","36.079185","139.414847","0","3"
"11","é‹ÊŒ§","11202","ŒF’JŽs","112020027001","Ôé’¬ˆê’š–Ú","36.147184","139.361212","0","3"
"11","é‹ÊŒ§","11202","ŒF’JŽs","112020027002","Ôé’¬“ñ’š–Ú","36.146081","139.366361","0","3"
"11","é‹ÊŒ§","11202","ŒF’JŽs","112020027003","Ôé’¬ŽO’š–Ú","36.147166","139.366843","0","3"
"11","é‹ÊŒ§","11202","ŒF’JŽs","112020028001","”ì’Ëˆê’š–Ú","36.158670","139.390099","0","3"
"11","é‹ÊŒ§","11202","ŒF’JŽs","112020028002","”ì’Ë“ñ’š–Ú","36.157878","139.386532","0","3"
"11","é‹ÊŒ§","11202","ŒF’JŽs","112020028003","”ì’ËŽO’š–Ú","36.160247","139.386791","0","3"
"11","é‹ÊŒ§","11202","ŒF’JŽs","112020028004","”ì’ËŽl’š–Ú","36.162243","139.389362","0","3"
"11","é‹ÊŒ§","11202","ŒF’JŽs","112020029001","ÎŒ´ˆê’š–Ú","36.151831","139.374419","0","3"
"11","é‹ÊŒ§","11202","ŒF’JŽs","112020029002","ÎŒ´“ñ’š–Ú","36.148534","139.375049","0","3"
"11","é‹ÊŒ§","11202","ŒF’JŽs","112020029003","ÎŒ´ŽO’š–Ú","36.150258","139.377430","0","3"
"11","é‹ÊŒ§","11202","ŒF’JŽs","112020030000","£“ì","36.145966","139.354092","0","1"
"11","é‹ÊŒ§","11202","ŒF’JŽs","112020031000","‹{–{’¬","36.141437","139.379635","0","1"
"11","é‹ÊŒ§","11202","ŒF’JŽs","112020032000","ÈÀ’†‰›","36.224474","139.371325","0","1"
"11","é‹ÊŒ§","11202","ŒF’JŽs","112020033001","–{Îˆê’š–Ú","36.147661","139.379989","0","3"
"11","é‹ÊŒ§","11202","ŒF’JŽs","112020033002","–{Î“ñ’š–Ú","36.145481","139.378493","0","3"
"11","é‹ÊŒ§","11202","ŒF’JŽs","112020034001","‘åŒ´ˆê’š–Ú","36.155733","139.379916","0","3"
"11","é‹ÊŒ§","11202","ŒF’JŽs","112020034002","‘åŒ´“ñ’š–Ú","36.159863","139.378827","0","3"
"11","é‹ÊŒ§","11202","ŒF’JŽs","112020034003","‘åŒ´ŽO’š–Ú","36.155761","139.376671","0","3"
"11","é‹ÊŒ§","11202","ŒF’JŽs","112020034004","‘åŒ´Žl’š–Ú","36.156238","139.373755","0","3"
"11","é‹ÊŒ§","11202","ŒF’JŽs","112020035001","‰~Œõˆê’š–Ú","36.155336","139.383398","0","3"
"11","é‹ÊŒ§","11202","ŒF’JŽs","112020035002","‰~Œõ“ñ’š–Ú","36.159620","139.382997","0","3"
"11","é‹ÊŒ§","11202","ŒF’JŽs","112020036000","ˆÉ¨’¬","36.143965","139.374858","0","1"
"11","é‹ÊŒ§","11202","ŒF’JŽs","112020037001","ŒŽŒ©’¬ˆê’š–Ú","36.145002","139.368985","0","3"
"11","é‹ÊŒ§","11202","ŒF’JŽs","112020037002","ŒŽŒ©’¬“ñ’š–Ú","36.143972","139.370333","0","3"
"11","é‹ÊŒ§","11202","ŒF’JŽs","112020038000","‚–ö","36.173147","139.343391","0","1"
"11","é‹ÊŒ§","11202","ŒF’JŽs","112020039001","ÈÀ¼ˆê’š–Ú","36.227040","139.356182","0","3"
"11","é‹ÊŒ§","11202","ŒF’JŽs","112020039002","ÈÀ¼“ñ’š–Ú","36.224765","139.351988","0","3"
"11","é‹ÊŒ§","11202","ŒF’JŽs","112020040000","‹gŠ•~","36.104072","139.397430","0","1"
"11","é‹ÊŒ§","11202","ŒF’JŽs","112020041001","âÄŒ´“ìˆê’š–Ú","36.172562","139.330149","0","3"
"11","é‹ÊŒ§","11202","ŒF’JŽs","112020041002","âÄŒ´“ì“ñ’š–Ú","36.168703","139.328628","0","3"
"11","é‹ÊŒ§","11202","ŒF’JŽs","112020041003","âÄŒ´“ìŽO’š–Ú","36.170865","139.324112","0","3"
"11","é‹ÊŒ§","11202","ŒF’JŽs","112020042000","•‘Ì","36.148728","139.325853","0","1"
"11","é‹ÊŒ§","11202","ŒF’JŽs","112020043000","Œü’J","36.096423","139.414799","0","1"
"11","é‹ÊŒ§","11202","ŒF’JŽs","112020044000","V–xV“c","36.166910","139.334075","0","1"
"11","é‹ÊŒ§","11202","ŒF’JŽs","112020045000","Œ´ˆä","36.204349","139.350781","0","1"
"11","é‹ÊŒ§","11202","ŒF’JŽs","112020046000","•Ùà","36.207624","139.406322","0","1"
"11","é‹ÊŒ§","11202","ŒF’JŽs","112020047000","ŽÄ","36.115216","139.325224","0","1"
"11","é‹ÊŒ§","11202","ŒF’JŽs","112020048000","À•","36.099404","139.401493","0","1"
"11","é‹ÊŒ§","11202","ŒF’JŽs","112020049000","V“‡","36.163936","139.358736","0","1"
"11","é‹ÊŒ§","11202","ŒF’JŽs","112020050000","‚–{","36.097072","139.407651","0","1"
"11","é‹ÊŒ§","11202","ŒF’JŽs","112020051000","“Þ—ÇV“c","36.196158","139.365518","0","1"
"11","é‹ÊŒ§","11202","ŒF’JŽs","112020052000","“c“‡","36.201097","139.377316","0","1"
"11","é‹ÊŒ§","11202","ŒF’JŽs","112020053000","‘Šã","36.090405","139.415292","0","1"
"11","é‹ÊŒ§","11202","ŒF’JŽs","112020054000","Žsƒm’Ø","36.213681","139.340230","0","1"
"11","é‹ÊŒ§","11202","ŒF’JŽs","112020055000","ã‰¶“c","36.117143","139.382076","0","1"
"11","é‹ÊŒ§","11202","ŒF’JŽs","112020056000","™hŽR","36.079371","139.409542","0","1"
"11","é‹ÊŒ§","11202","ŒF’JŽs","112020057000","•½’ËV“c","36.115706","139.373729","0","1"
"11","é‹ÊŒ§","11202","ŒF’JŽs","112020058000","“¹ƒP’JŒË","36.210918","139.355810","0","1"
"11","é‹ÊŒ§","11202","ŒF’JŽs","112020059000","]”g","36.209716","139.391914","0","1"
"11","é‹ÊŒ§","11202","ŒF’JŽs","112020060000","Žl•ûŽ›","36.189009","139.396231","0","1"
"11","é‹ÊŒ§","11202","ŒF’JŽs","112020061000","ŒËo","36.138408","139.415793","0","1"
"11","é‹ÊŒ§","11202","ŒF’JŽs","112020062000","’†‰¶“c","36.108235","139.393527","0","1"
"11","é‹ÊŒ§","11202","ŒF’JŽs","112020063000","¼–ì","36.204636","139.372776","0","1"
"11","é‹ÊŒ§","11202","ŒF’JŽs","112020064000","‰º‰¶“c","36.107918","139.387859","0","1"
"11","é‹ÊŒ§","11202","ŒF’JŽs","112020065000","‘å’Ë","36.167822","139.420269","0","1"
"11","é‹ÊŒ§","11202","ŒF’JŽs","112020066000","”ªƒcŒû","36.215180","139.391418","0","1"
"11","é‹ÊŒ§","11202","ŒF’JŽs","112020067000","•½ŒË","36.141552","139.409210","0","1"
"11","é‹ÊŒ§","11202","ŒF’JŽs","112020068000","ãV“c","36.131063","139.316995","0","1"
"11","é‹ÊŒ§","11202","ŒF’JŽs","112020069000","ìŒ´–¾ŒË","36.142228","139.315395","0","1"
"11","é‹ÊŒ§","11202","ŒF’JŽs","112020070000","¬‘]ª","36.173626","139.389887","0","1"
"11","é‹ÊŒ§","11202","ŒF’JŽs","112020071000","‹üŒË","36.105670","139.423951","0","1"
"11","é‹ÊŒ§","11202","ŒF’JŽs","112020072000","’†‘]ª","36.104881","139.404236","0","1"
"11","é‹ÊŒ§","11202","ŒF’JŽs","112020073000","Vì","36.109762","139.424345","0","1"
"11","é‹ÊŒ§","11202","ŒF’JŽs","112020074000","ãª","36.209235","139.382585","0","1"
"11","é‹ÊŒ§","11202","ŒF’JŽs","112020075000","”ì’Ë","36.164366","139.391436","0","1"
"11","é‹ÊŒ§","11202","ŒF’JŽs","112020076000","o—ˆ“‡","36.239986","139.352679","0","1"
"11","é‹ÊŒ§","11202","ŒF’JŽs","112020077000","’Ã“cV“c","36.108944","139.410923","0","1"
"11","é‹ÊŒ§","11202","ŒF’JŽs","112020078000","–¥—Ö","36.084197","139.419102","0","1"
"11","é‹ÊŒ§","11202","ŒF’JŽs","112020079000","’jÀ","36.232250","139.359251","0","1"
"11","é‹ÊŒ§","11202","ŒF’JŽs","112020080000","{‰êL","36.108005","139.341276","0","1"
"11","é‹ÊŒ§","11202","ŒF’JŽs","112020081000","‘å–ì","36.215424","139.410131","0","1"
"11","é‹ÊŒ§","11202","ŒF’JŽs","112020082000","ã]‘Ü","36.204965","139.361384","0","1"
"11","é‹ÊŒ§","11202","ŒF’JŽs","112020083000","‘¾ˆä","36.125354","139.427840","0","1"
"11","é‹ÊŒ§","11202","ŒF’JŽs","112020084000","L£","36.148549","139.352758","0","1"
"11","é‹ÊŒ§","11202","ŒF’JŽs","112020085000","”ª–Ø“c","36.216755","139.362592","0","1"
"11","é‹ÊŒ§","11202","ŒF’JŽs","112020086000","Œä—ÅˆÐƒPŒ´","36.159801","139.298662","0","1"
"11","é‹ÊŒ§","11202","ŒF’JŽs","112020087000","‹Êì","36.089098","139.425864","0","1"
"11","é‹ÊŒ§","11202","ŒF’JŽs","112020088000","¬“‡","36.155857","139.346403","0","1"
"11","é‹ÊŒ§","11202","ŒF’JŽs","112020089000","‰º‘“c","36.206175","139.340050","0","1"
"11","é‹ÊŒ§","11202","ŒF’JŽs","112020090000","Š`À","36.168696","139.380482","0","1"
"11","é‹ÊŒ§","11202","ŒF’JŽs","112020091000","Žè“‡","36.125687","139.388769","0","1"
"11","é‹ÊŒ§","11202","ŒF’JŽs","112020092000","Œä³V“c","36.120150","139.357700","0","1"
"11","é‹ÊŒ§","11202","ŒF’JŽs","112020093000","’rã","36.152527","139.428474","0","1"
"11","é‹ÊŒ§","11202","ŒF’JŽs","112020094000","ÈÀ‘ä","36.234701","139.365750","0","1"
"11","é‹ÊŒ§","11202","ŒF’JŽs","112020095000","‘ã","36.172652","139.371391","0","1"
"11","é‹ÊŒ§","11202","ŒF’JŽs","112020096000","•U£","36.199365","139.430425","0","1"
"11","é‹ÊŒ§","11202","ŒF’JŽs","112020097000","Œ´“‡","36.164915","139.370470","0","1"
"11","é‹ÊŒ§","11202","ŒF’JŽs","112020098000","ãìã","36.165323","139.406778","0","1"
"11","é‹ÊŒ§","11202","ŒF’JŽs","112020099000","’Ã“c","36.098635","139.421080","0","1"
"11","é‹ÊŒ§","11202","ŒF’JŽs","112020100000","ã{ŒË","36.203641","139.399583","0","1"
"11","é‹ÊŒ§","11202","ŒF’JŽs","112020101000","ŽO–{","36.128519","139.331157","0","1"
"11","é‹ÊŒ§","11202","ŒF’JŽs","112020102000","V–x","36.175068","139.335291","0","1"
"11","é‹ÊŒ§","11202","ŒF’JŽs","112020103000","ŠÔX“c","36.235250","139.339498","0","1"
"11","é‹ÊŒ§","11202","ŒF’JŽs","112020104000","¬ò","36.117484","139.399238","0","1"
"11","é‹ÊŒ§","11202","ŒF’JŽs","112020105000","E˜ZŠÔ","36.168404","139.322047","0","1"
"11","é‹ÊŒ§","11202","ŒF’JŽs","112020106000","¼é","36.199647","139.389519","0","1"
"11","é‹ÊŒ§","11202","ŒF’JŽs","112020107000","‰–","36.098397","139.319635","0","1"
"11","é‹ÊŒ§","11202","ŒF’JŽs","112020108000","ã“Þ—Ç","36.186846","139.358235","0","1"
"11","é‹ÊŒ§","11202","ŒF’JŽs","112020109000","“úŒü","36.193820","139.415571","0","1"
"11","é‹ÊŒ§","11202","ŒF’JŽs","112020110000","”ót","36.134071","139.351499","0","1"
"11","é‹ÊŒ§","11202","ŒF’JŽs","112020111000","¬‘ò","36.121008","139.347062","0","1"
"11","é‹ÊŒ§","11202","ŒF’JŽs","112020112000","—kˆä","36.104255","139.379649","0","1"
"11","é‹ÊŒ§","11202","ŒF’JŽs","112020113000","¬”ª—Ñ","36.078434","139.434085","0","1"
"11","é‹ÊŒ§","11202","ŒF’JŽs","112020114000","”Ñ’Ë","36.215954","139.348092","0","1"
"11","é‹ÊŒ§","11202","ŒF’JŽs","112020115000","–ìŒ´","36.104901","139.360780","0","1"
"11","é‹ÊŒ§","11202","ŒF’JŽs","112020116000","‰ºìã","36.163136","139.426585","0","1"
"11","é‹ÊŒ§","11202","ŒF’JŽs","112020117000","”Âˆä","36.109914","139.314082","0","1"
"11","é‹ÊŒ§","11202","ŒF’JŽs","112020118000","‘º‰ª","36.123195","139.378318","0","1"
"11","é‹ÊŒ§","11202","ŒF’JŽs","112020119000","ÎŒ´","36.153383","139.367152","0","1"
"11","é‹ÊŒ§","11202","ŒF’JŽs","112020120000","¡ˆä","36.176753","139.399405","0","1"
"11","é‹ÊŒ§","11202","ŒF’JŽs","112020121000","‰iˆä‘¾“c","36.223550","139.340861","0","1"
"11","é‹ÊŒ§","11202","ŒF’JŽs","112020122000","¼•Ê•{","36.194965","139.337958","0","1"
"11","é‹ÊŒ§","11202","ŒF’JŽs","112020123000","‘PƒP“‡","36.217229","139.400959","0","1"
"11","é‹ÊŒ§","11202","ŒF’JŽs","112020124000","‹v•Û“‡","36.164536","139.346722","0","1"
"11","é‹ÊŒ§","11202","ŒF’JŽs","112020125000","“Œ•Ê•{","36.192164","139.351666","0","1"
"11","é‹ÊŒ§","11202","ŒF’JŽs","112020126000","–í“¡Œá","36.217146","139.376594","0","1"
"11","é‹ÊŒ§","11202","ŒF’JŽs","112020127000","‘å–ƒ¶","36.146581","139.334881","0","1"
"11","é‹ÊŒ§","11202","ŒF’JŽs","112020128000","‰ŸØ","36.134723","139.333096","0","1"
"11","é‹ÊŒ§","11202","ŒF’JŽs","112020129000","Š‹˜a“c","36.203360","139.417501","0","1"
"11","é‹ÊŒ§","11202","ŒF’JŽs","112020130000","‰º“Þ—Ç","36.189536","139.387840","0","1"
"11","é‹ÊŒ§","11202","ŒF’JŽs","112020131000","‹Êˆä","36.175305","139.356147","0","1"
"11","é‹ÊŒ§","11202","ŒF’JŽs","112020132000","‹v‰º","36.121351","139.414944","0","1"
"11","é‹ÊŒ§","11202","ŒF’JŽs","112020133000","ç‘ã","36.121996","139.324516","0","1"
"11","é‹ÊŒ§","11202","ŒF’JŽs","112020134000","’†“Þ—Ç","36.189848","139.367329","0","1"
"11","é‹ÊŒ§","11202","ŒF’JŽs","112020135000","¬]ì","36.100743","139.334786","0","1"
"11","é‹ÊŒ§","11202","ŒF’JŽs","112020136000","ÈÀ¬“‡","36.249131","139.355499","0","1"
"11","é‹ÊŒ§","11202","ŒF’JŽs","112020137000","²’J“c","36.129568","139.413328","0","1"
"11","é‹ÊŒ§","11202","ŒF’JŽs","112020138000","ÈÀ","36.231366","139.378797","0","1"
"11","é‹ÊŒ§","11202","ŒF’JŽs","112020139000","–œ‹g","36.122932","139.365725","0","1"
"11","é‹ÊŒ§","11202","ŒF’JŽs","112020140000","ã”V","36.150925","139.412702","0","1"
"11","é‹ÊŒ§","11202","ŒF’JŽs","112020141000","ã’†ð","36.180665","139.410658","0","1"
"11","é‹ÊŒ§","11202","ŒF’JŽs","112020142000","ŽOƒPK","36.158467","139.323092","0","1"
"11","é‹ÊŒ§","11202","ŒF’JŽs","112020143000","Œ©°’¬","36.142477","139.373104","0","1"
"11","é‹ÊŒ§","11202","ŒF’JŽs","112020144000","‰|’¬","36.139704","139.378337","0","1"
"11","é‹ÊŒ§","11202","ŒF’JŽs","112020145001","‰ÍŒ´’¬ˆê’š–Ú","36.138506","139.381156","0","3"
"11","é‹ÊŒ§","11202","ŒF’JŽs","112020145002","‰ÍŒ´’¬“ñ’š–Ú","36.137327","139.383717","0","3"
"11","é‹ÊŒ§","11202","ŒF’JŽs","112020146001","–œ•½’¬ˆê’š–Ú","36.135408","139.389122","0","3"
"11","é‹ÊŒ§","11202","ŒF’JŽs","112020146002","–œ•½’¬“ñ’š–Ú","36.134269","139.391374","0","3"
"11","é‹ÊŒ§","11202","ŒF’JŽs","112020147000","ŒF’J","36.135016","139.382289","0","1"
"11","é‹ÊŒ§","11203","ìŒûŽs","112030008001 ","ˆÀso‰Hˆê’š–Ú","35.851064","139.761302","0","3"
"11","é‹ÊŒ§","11203","ìŒûŽs","112030008002 ","ˆÀso‰H“ñ’š–Ú","35.853044","139.764654","0","3"
"11","é‹ÊŒ§","11203","ìŒûŽs","112030008003 ","ˆÀso‰HŽO’š–Ú","35.854806","139.766379","0","3"
"11","é‹ÊŒ§","11203","ìŒûŽs","112030008004 ","ˆÀso‰HŽl’š–Ú","35.852764","139.768227","0","3"
"11","é‹ÊŒ§","11203","ìŒûŽs","112030008005 ","ˆÀso‰HŒÜ’š–Ú","35.850793","139.765473","0","3"
"11","é‹ÊŒ§","11203","ìŒûŽs","112030018001 ","‰h’¬ˆê’š–Ú","35.803487","139.727705","0","3"
"11","é‹ÊŒ§","11203","ìŒûŽs","112030018002 ","‰h’¬“ñ’š–Ú","35.803464","139.723240","0","3"
"11","é‹ÊŒ§","11203","ìŒûŽs","112030018003 ","‰h’¬ŽO’š–Ú","35.803394","139.718532","0","3"
"11","é‹ÊŒ§","11203","ìŒûŽs","112030089000 ","‰ÍŒ´’¬","35.786841","139.739375","0","1"
"11","é‹ÊŒ§","11203","ìŒûŽs","112030081000 ","‹{’¬","35.803137","139.699638","0","1"
"11","é‹ÊŒ§","11203","ìŒûŽs","112030059000 ","‹àŽR’¬","35.796664","139.721908","0","1"
"11","é‹ÊŒ§","11203","ìŒûŽs","112030053001 ","Œ³‹½ˆê’š–Ú","35.799216","139.732457","0","3"
"11","é‹ÊŒ§","11203","ìŒûŽs","112030053002 ","Œ³‹½“ñ’š–Ú","35.794919","139.730177","0","3"
"11","é‹ÊŒ§","11203","ìŒûŽs","112030053003 ","Œ³‹½ŽO’š–Ú","35.792827","139.735733","0","3"
"11","é‹ÊŒ§","11203","ìŒûŽs","112030053004 ","Œ³‹½Žl’š–Ú","35.796852","139.734962","0","3"
"11","é‹ÊŒ§","11203","ìŒûŽs","112030053005 ","Œ³‹½ŒÜ’š–Ú","35.799165","139.738867","0","3"
"11","é‹ÊŒ§","11203","ìŒûŽs","112030053006 ","Œ³‹½˜Z’š–Ú","35.799784","139.743225","0","3"
"11","é‹ÊŒ§","11203","ìŒûŽs","112030047000 ","Œ´’¬","35.801084","139.707027","0","1"
"11","é‹ÊŒ§","11203","ìŒûŽs","112030032001 ","ŒË’Ëˆê’š–Ú","35.872883","139.741968","0","3"
"11","é‹ÊŒ§","11203","ìŒûŽs","112030032002 ","ŒË’Ë“ñ’š–Ú","35.873023","139.746946","0","3"
"11","é‹ÊŒ§","11203","ìŒûŽs","112030032003 ","ŒË’ËŽO’š–Ú","35.869191","139.748336","0","3"
"11","é‹ÊŒ§","11203","ìŒûŽs","112030032004 ","ŒË’ËŽl’š–Ú","35.867159","139.742745","0","3"
"11","é‹ÊŒ§","11203","ìŒûŽs","112030032005 ","ŒË’ËŒÜ’š–Ú","35.864889","139.748179","0","3"
"11","é‹ÊŒ§","11203","ìŒûŽs","112030032006 ","ŒË’Ë˜Z’š–Ú","35.863062","139.754174","0","3"
"11","é‹ÊŒ§","11203","ìŒûŽs","112030064000 ","ŒË’Ë‹«’¬","35.863459","139.760412","0","1"
"11","é‹ÊŒ§","11203","ìŒûŽs","112030075001 ","ŒË’Ë“Œˆê’š–Ú","35.874109","139.751652","0","3"
"11","é‹ÊŒ§","11203","ìŒûŽs","112030075002 ","ŒË’Ë“Œ“ñ’š–Ú","35.871767","139.754173","0","3"
"11","é‹ÊŒ§","11203","ìŒûŽs","112030075003 ","ŒË’Ë“ŒŽO’š–Ú","35.868594","139.755624","0","3"
"11","é‹ÊŒ§","11203","ìŒûŽs","112030075004 ","ŒË’Ë“ŒŽl’š–Ú","35.871987","139.758624","0","3"
"11","é‹ÊŒ§","11203","ìŒûŽs","112030012001 ","ŒË’Ë“ìˆê’š–Ú","35.860570","139.749925","1","3"
"11","é‹ÊŒ§","11203","ìŒûŽs","112030012002 ","ŒË’Ë“ì“ñ’š–Ú","35.862600","139.751749","1","3"
"11","é‹ÊŒ§","11203","ìŒûŽs","112030012003 ","ŒË’Ë“ìŽO’š–Ú","35.862673","139.747789","1","3"
"11","é‹ÊŒ§","11203","ìŒûŽs","112030012004 ","ŒË’Ë“ìŽl’š–Ú","35.863606","139.744033","1","3"
"11","é‹ÊŒ§","11203","ìŒûŽs","112030012005 ","ŒË’Ë“ìŒÜ’š–Ú","35.863666","139.741542","1","3"
"11","é‹ÊŒ§","11203","ìŒûŽs","112030076000 ","ŒË’Ëçõ’¬","35.865406","139.757581","0","1"
"11","é‹ÊŒ§","11203","ìŒûŽs","112030020001 ","K’¬ˆê’š–Ú","35.805569","139.722735","0","3"
"11","é‹ÊŒ§","11203","ìŒûŽs","112030020002 ","K’¬“ñ’š–Ú","35.806954","139.719200","0","3"
"11","é‹ÊŒ§","11203","ìŒûŽs","112030020003 ","K’¬ŽO’š–Ú","35.806440","139.716767","0","3"
"11","é‹ÊŒ§","11203","ìŒûŽs","112030022001 ","]ŒËˆê’š–Ú","35.822187","139.753876","0","3"
"11","é‹ÊŒ§","11203","ìŒûŽs","112030022002 ","]ŒË“ñ’š–Ú","35.820451","139.750323","0","3"
"11","é‹ÊŒ§","11203","ìŒûŽs","112030022003 ","]ŒËŽO’š–Ú","35.818042","139.752647","0","3"
"11","é‹ÊŒ§","11203","ìŒûŽs","112030038001 ","]ŒË‘Üˆê’š–Ú","35.816923","139.757192","0","3"
"11","é‹ÊŒ§","11203","ìŒûŽs","112030038002 ","]ŒË‘Ü“ñ’š–Ú","35.813730","139.756645","0","3"
"11","é‹ÊŒ§","11203","ìŒûŽs","112030102000 ","rì’¬","35.796268","139.704630","0","1"
"11","é‹ÊŒ§","11203","ìŒûŽs","112030052001 ","·ŠÔˆê’š–Ú","35.874880","139.731657","0","3"
"11","é‹ÊŒ§","11203","ìŒûŽs","112030052002 ","·ŠÔ“ñ’š–Ú","35.874961","139.727670","0","3"
"11","é‹ÊŒ§","11203","ìŒûŽs","112030052003 ","·ŠÔŽO’š–Ú","35.871427","139.729653","0","3"
"11","é‹ÊŒ§","11203","ìŒûŽs","112030056000 ","Ý‰Æ’¬","35.855691","139.709282","0","1"
"11","é‹ÊŒ§","11203","ìŒûŽs","112030028001 ","â‰º’¬ˆê’š–Ú","35.831838","139.736862","0","3"
"11","é‹ÊŒ§","11203","ìŒûŽs","112030028002 ","â‰º’¬“ñ’š–Ú","35.829484","139.744606","0","3"
"11","é‹ÊŒ§","11203","ìŒûŽs","112030028003 ","â‰º’¬ŽO’š–Ú","35.827842","139.743387","0","3"
"11","é‹ÊŒ§","11203","ìŒûŽs","112030028004 ","â‰º’¬Žl’š–Ú","35.826766","139.738492","0","3"
"11","é‹ÊŒ§","11203","ìŒûŽs","112030009001 ","÷’¬ˆê’š–Ú","35.836901","139.736732","0","3"
"11","é‹ÊŒ§","11203","ìŒûŽs","112030009002 ","÷’¬“ñ’š–Ú","35.839810","139.738462","0","3"
"11","é‹ÊŒ§","11203","ìŒûŽs","112030009003 ","÷’¬ŽO’š–Ú","35.841117","139.741233","0","3"
"11","é‹ÊŒ§","11203","ìŒûŽs","112030009004 ","÷’¬Žl’š–Ú","35.840268","139.744063","0","3"
"11","é‹ÊŒ§","11203","ìŒûŽs","112030009005 ","÷’¬ŒÜ’š–Ú","35.838250","139.740316","0","3"
"11","é‹ÊŒ§","11203","ìŒûŽs","112030009006 ","÷’¬˜Z’š–Ú","35.836853","139.742278","0","3"
"11","é‹ÊŒ§","11203","ìŒûŽs","112030023001 ","ŽOƒc˜aˆê’š–Ú","35.825425","139.741412","0","3"
"11","é‹ÊŒ§","11203","ìŒûŽs","112030023002 ","ŽOƒc˜a“ñ’š–Ú","35.823959","139.743830","0","3"
"11","é‹ÊŒ§","11203","ìŒûŽs","112030023003 ","ŽOƒc˜aŽO’š–Ú","35.821838","139.744839","0","3"
"11","é‹ÊŒ§","11203","ìŒûŽs","112030039001 ","ŽÅˆê’š–Ú","35.833208","139.703341","0","3"
"11","é‹ÊŒ§","11203","ìŒûŽs","112030039002 ","ŽÅ“ñ’š–Ú","35.832212","139.698654","0","3"
"11","é‹ÊŒ§","11203","ìŒûŽs","112030039003 ","ŽÅŽO’š–Ú","35.835464","139.697018","0","3"
"11","é‹ÊŒ§","11203","ìŒûŽs","112030039004 ","ŽÅŽl’š–Ú","35.833802","139.692930","0","3"
"11","é‹ÊŒ§","11203","ìŒûŽs","112030039005 ","ŽÅŒÜ’š–Ú","35.830973","139.693366","0","3"
"11","é‹ÊŒ§","11203","ìŒûŽs","112030063000 ","ŽÅ‰€’¬","35.832131","139.683929","0","1"
"11","é‹ÊŒ§","11203","ìŒûŽs","112030036001 ","ŽÅ‰ºˆê’š–Ú","35.836820","139.699649","0","3"
"11","é‹ÊŒ§","11203","ìŒûŽs","112030036002 ","ŽÅ‰º“ñ’š–Ú","35.837390","139.703538","0","3"
"11","é‹ÊŒ§","11203","ìŒûŽs","112030036003 ","ŽÅ‰ºŽO’š–Ú","35.840178","139.702076","0","3"
"11","é‹ÊŒ§","11203","ìŒûŽs","112030015000 ","ŽÅ‹{ª’¬","35.839622","139.696969","0","1"
"11","é‹ÊŒ§","11203","ìŒûŽs","112030044001 ","ŽÅ‚–Øˆê’š–Ú","35.841630","139.699520","0","3"
"11","é‹ÊŒ§","11203","ìŒûŽs","112030044002 ","ŽÅ‚–Ø“ñ’š–Ú","35.842952","139.697709","0","3"
"11","é‹ÊŒ§","11203","ìŒûŽs","112030017000 ","ŽÅV’¬","35.829351","139.692857","0","1"
"11","é‹ÊŒ§","11203","ìŒûŽs","112030057001 ","ŽÅ¼ˆê’š–Ú","35.836165","139.685234","0","3"
"11","é‹ÊŒ§","11203","ìŒûŽs","112030057002 ","ŽÅ¼“ñ’š–Ú","35.841346","139.685215","0","3"
"11","é‹ÊŒ§","11203","ìŒûŽs","112030054001 ","ŽÅ’†“cˆê’š–Ú","35.829390","139.699022","0","3"
"11","é‹ÊŒ§","11203","ìŒûŽs","112030054002 ","ŽÅ’†“c“ñ’š–Ú","35.829240","139.703763","0","3"
"11","é‹ÊŒ§","11203","ìŒûŽs","112030033001 ","ŽÅ’ËŒ´ˆê’š–Ú","35.837384","139.681769","0","3"
"11","é‹ÊŒ§","11203","ìŒûŽs","112030033002 ","ŽÅ’ËŒ´“ñ’š–Ú","35.839191","139.683585","0","3"
"11","é‹ÊŒ§","11203","ìŒûŽs","112030113000 ","ŽÅ“Œ’¬","35.843722","139.701778","0","1"
"11","é‹ÊŒ§","11203","ìŒûŽs","112030016001 ","ŽÅ”óƒm’Üˆê’š–Ú","35.832332","139.689208","0","3"
"11","é‹ÊŒ§","11203","ìŒûŽs","112030016002 ","ŽÅ”óƒm’Ü“ñ’š–Ú","35.833294","139.687094","0","3"
"11","é‹ÊŒ§","11203","ìŒûŽs","112030065001 ","ŽÅ•xŽmˆê’š–Ú","35.833666","139.679534","0","3"
"11","é‹ÊŒ§","11203","ìŒûŽs","112030065002 ","ŽÅ•xŽm“ñ’š–Ú","35.837167","139.678008","0","3"
"11","é‹ÊŒ§","11203","ìŒûŽs","112030095000 ","MŒË’¬","35.790992","139.725377","0","1"
"11","é‹ÊŒ§","11203","ìŒûŽs","112030067001 ","ãÂ–Øˆê’š–Ú","35.823116","139.720140","0","3"
"11","é‹ÊŒ§","11203","ìŒûŽs","112030067002 ","ãÂ–Ø“ñ’š–Ú","35.825972","139.724641","0","3"
"11","é‹ÊŒ§","11203","ìŒûŽs","112030067003 ","ãÂ–ØŽO’š–Ú","35.826596","139.719874","0","3"
"11","é‹ÊŒ§","11203","ìŒûŽs","112030067004 ","ãÂ–ØŽl’š–Ú","35.831254","139.719691","0","3"
"11","é‹ÊŒ§","11203","ìŒûŽs","112030067005 ","ãÂ–ØŒÜ’š–Ú","35.832076","139.724032","0","3"
"11","é‹ÊŒ§","11203","ìŒûŽs","112030067006 ","ãÂ–Ø˜Z’š–Ú","35.835354","139.720349","0","3"
"11","é‹ÊŒ§","11203","ìŒûŽs","112030021001 ","ãÂ–Ø¼ˆê’š–Ú","35.825956","139.711803","0","3"
"11","é‹ÊŒ§","11203","ìŒûŽs","112030021002 ","ãÂ–Ø¼“ñ’š–Ú","35.825188","139.715416","0","3"
"11","é‹ÊŒ§","11203","ìŒûŽs","112030021003 ","ãÂ–Ø¼ŽO’š–Ú","35.827459","139.715433","0","3"
"11","é‹ÊŒ§","11203","ìŒûŽs","112030021004 ","ãÂ–Ø¼Žl’š–Ú","35.829946","139.712180","0","3"
"11","é‹ÊŒ§","11203","ìŒûŽs","112030021005 ","ãÂ–Ø¼ŒÜ’š–Ú","35.830899","139.715649","0","3"
"11","é‹ÊŒ§","11203","ìŒûŽs","112030070000 ","Vˆä’¬","35.802027","139.740595","0","1"
"11","é‹ÊŒ§","11203","ìŒûŽs","112030007000 ","V–x’¬","35.825057","139.781901","0","1"
"11","é‹ÊŒ§","11203","ìŒûŽs","112030010001 ","Y¼ˆê’š–Ú","35.820501","139.771521","0","3"
"11","é‹ÊŒ§","11203","ìŒûŽs","112030010002 ","Y¼“ñ’š–Ú","35.822491","139.775486","0","3"
"11","é‹ÊŒ§","11203","ìŒûŽs","112030010003 ","Y¼ŽO’š–Ú","35.823775","139.779367","0","3"
"11","é‹ÊŒ§","11203","ìŒûŽs","112030031001 ","¼Â–Øˆê’š–Ú","35.814236","139.712562","0","3"
"11","é‹ÊŒ§","11203","ìŒûŽs","112030031002 ","¼Â–Ø“ñ’š–Ú","35.816563","139.712471","0","3"
"11","é‹ÊŒ§","11203","ìŒûŽs","112030031003 ","¼Â–ØŽO’š–Ú","35.818564","139.712478","0","3"
"11","é‹ÊŒ§","11203","ìŒûŽs","112030031004 ","¼Â–ØŽl’š–Ú","35.821256","139.711739","0","3"
"11","é‹ÊŒ§","11203","ìŒûŽs","112030031005 ","¼Â–ØŒÜ’š–Ú","35.821694","139.715543","0","3"
"11","é‹ÊŒ§","11203","ìŒûŽs","112030043001 ","¼ìŒûˆê’š–Ú","35.815586","139.702250","0","3"
"11","é‹ÊŒ§","11203","ìŒûŽs","112030043002 ","¼ìŒû“ñ’š–Ú","35.811950","139.699995","0","3"
"11","é‹ÊŒ§","11203","ìŒûŽs","112030043003 ","¼ìŒûŽO’š–Ú","35.811881","139.704479","0","3"
"11","é‹ÊŒ§","11203","ìŒûŽs","112030043004 ","¼ìŒûŽl’š–Ú","35.810133","139.707814","0","3"
"11","é‹ÊŒ§","11203","ìŒûŽs","112030043005 ","¼ìŒûŒÜ’š–Ú","35.808060","139.703816","0","3"
"11","é‹ÊŒ§","11203","ìŒûŽs","112030043006 ","¼ìŒû˜Z’š–Ú","35.808182","139.700477","0","3"
"11","é‹ÊŒ§","11203","ìŒûŽs","112030071001 ","Â–Øˆê’š–Ú","35.805521","139.728197","0","3"
"11","é‹ÊŒ§","11203","ìŒûŽs","112030071002 ","Â–Ø“ñ’š–Ú","35.808808","139.726738","0","3"
"11","é‹ÊŒ§","11203","ìŒûŽs","112030071003 ","Â–ØŽO’š–Ú","35.812167","139.726058","0","3"
"11","é‹ÊŒ§","11203","ìŒûŽs","112030071004 ","Â–ØŽl’š–Ú","35.815092","139.725054","0","3"
"11","é‹ÊŒ§","11203","ìŒûŽs","112030071005 ","Â–ØŒÜ’š–Ú","35.818800","139.722948","0","3"
"11","é‹ÊŒ§","11203","ìŒûŽs","112030024001 ","Ôˆäˆê’š–Ú","35.824600","139.747839","0","3"
"11","é‹ÊŒ§","11203","ìŒûŽs","112030024002 ","Ôˆä“ñ’š–Ú","35.823630","139.750311","0","3"
"11","é‹ÊŒ§","11203","ìŒûŽs","112030024003 ","ÔˆäŽO’š–Ú","35.825545","139.753659","0","3"
"11","é‹ÊŒ§","11203","ìŒûŽs","112030024004 ","ÔˆäŽl’š–Ú","35.828467","139.749298","0","3"
"11","é‹ÊŒ§","11203","ìŒûŽs","112030011001 ","ìŒûˆê’š–Ú","35.798166","139.718846","0","3"
"11","é‹ÊŒ§","11203","ìŒûŽs","112030011002 ","ìŒû“ñ’š–Ú","35.797600","139.717711","0","3"
"11","é‹ÊŒ§","11203","ìŒûŽs","112030011003 ","ìŒûŽO’š–Ú","35.802267","139.715894","0","3"
"11","é‹ÊŒ§","11203","ìŒûŽs","112030011004 ","ìŒûŽl’š–Ú","35.803587","139.713491","0","3"
"11","é‹ÊŒ§","11203","ìŒûŽs","112030011005 ","ìŒûŒÜ’š–Ú","35.806073","139.711162","0","3"
"11","é‹ÊŒ§","11203","ìŒûŽs","112030011006 ","ìŒû˜Z’š–Ú","35.803584","139.709978","0","3"
"11","é‹ÊŒ§","11203","ìŒûŽs","112030058000 ","‘Oã’¬","35.834406","139.714824","0","1"
"11","é‹ÊŒ§","11203","ìŒûŽs","112030074001 ","‘Oìˆê’š–Ú","35.833690","139.709021","0","3"
"11","é‹ÊŒ§","11203","ìŒûŽs","112030074002 ","‘Oì“ñ’š–Ú","35.838125","139.715327","0","3"
"11","é‹ÊŒ§","11203","ìŒûŽs","112030074003 ","‘OìŽO’š–Ú","35.839933","139.711788","0","3"
"11","é‹ÊŒ§","11203","ìŒûŽs","112030074004 ","‘OìŽl’š–Ú","35.837972","139.707809","0","3"
"11","é‹ÊŒ§","11203","ìŒûŽs","112030115003 ","‘Oì’¬ŽO’š–Ú","35.842626","139.713577","0","3"
"11","é‹ÊŒ§","11203","ìŒûŽs","112030115004 ","‘Oì’¬Žl’š–Ú","35.845096","139.704603","0","3"
"11","é‹ÊŒ§","11203","ìŒûŽs","112030101000 ","‘åŽšˆÀs","35.851228","139.755688","0","1"
"11","é‹ÊŒ§","11203","ìŒûŽs","112030091000 ","‘åŽšˆÀs‹g‰ª","35.838606","139.754821","0","1"
"11","é‹ÊŒ§","11203","ìŒûŽs","112030084000 ","‘åŽšˆÀs‹g‘ ","35.849946","139.769815","0","1"
"11","é‹ÊŒ§","11203","ìŒûŽs","112030112000 ","‘åŽšˆÀsŒ´","35.841611","139.767781","0","1"
"11","é‹ÊŒ§","11203","ìŒûŽs","112030100000 ","‘åŽšˆÀsŽœ—Ñ","35.840565","139.748791","0","1"
"11","é‹ÊŒ§","11203","ìŒûŽs","112030040000 ","‘åŽšˆÀs¬ŽR","35.836068","139.776347","0","1"
"11","é‹ÊŒ§","11203","ìŒûŽs","112030002000 ","‘åŽšˆÀs¼—§–ì","35.856186","139.755215","0","1"
"11","é‹ÊŒ§","11203","ìŒûŽs","112030087000 ","‘åŽšˆÀs“¡”ª","35.856693","139.761011","0","1"
"11","é‹ÊŒ§","11203","ìŒûŽs","112030079000 ","‘åŽšˆÀs–k’J","35.840213","139.776859","0","1"
"11","é‹ÊŒ§","11203","ìŒûŽs","112030104000 ","‘åŽšˆÀs—Ì‰Æ","35.845389","139.761520","0","1"
"11","é‹ÊŒ§","11203","ìŒûŽs","112030117000 ","‘åŽšˆÀs—ÌªŠÝ","35.843731","139.718087","0","1"
"11","é‹ÊŒ§","11203","ìŒûŽs","112030041000 ","‘åŽšˆÀs—ÌÝ‰Æ","35.855481","139.712222","0","1"
"11","é‹ÊŒ§","11203","ìŒûŽs","112030116000 ","‘åŽšˆÉŠ ","35.846655","139.699402","0","1"
"11","é‹ÊŒ§","11203","ìŒûŽs","112030037000 ","‘åŽš‹v¶‰q–åV“c","35.865703","139.763271","0","1"
"11","é‹ÊŒ§","11203","ìŒûŽs","112030085000 ","‘åŽšŒ¹¶‰q–åV“c","35.862761","139.729759","0","1"
"11","é‹ÊŒ§","11203","ìŒûŽs","112030082000 ","‘åŽšs‰q","35.876518","139.717820","0","1"
"11","é‹ÊŒ§","11203","ìŒûŽs","112030097000 ","‘åŽš·ŠÔ","35.869863","139.725521","0","1"
"11","é‹ÊŒ§","11203","ìŒûŽs","112030118000 ","‘åŽšŽOƒc˜a","35.824012","139.737699","0","1"
"11","é‹ÊŒ§","11203","ìŒûŽs","112030110000 ","‘åŽšŽÅ","35.843399","139.690803","0","1"
"11","é‹ÊŒ§","11203","ìŒûŽs","112030094000 ","‘åŽš¬’Jê","35.845561","139.679431","0","1"
"11","é‹ÊŒ§","11203","ìŒûŽs","112030083000 ","‘åŽšVˆäh","35.846629","139.737091","0","1"
"11","é‹ÊŒ§","11203","ìŒûŽs","112030096000 ","‘åŽšV–x","35.827425","139.783579","0","1"
"11","é‹ÊŒ§","11203","ìŒûŽs","112030092000 ","‘åŽšY¼","35.823563","139.771517","0","1"
"11","é‹ÊŒ§","11203","ìŒûŽs","112030093000 ","‘åŽš_ŒË","35.852169","139.726578","0","1"
"11","é‹ÊŒ§","11203","ìŒûŽs","112030106000 ","‘åŽš¼Vˆäh","35.846833","139.732173","0","1"
"11","é‹ÊŒ§","11203","ìŒûŽs","112030099000 ","‘åŽš¼—§–ì","35.858427","139.748676","0","1"
"11","é‹ÊŒ§","11203","ìŒûŽs","112030109000 ","‘åŽšÎ_","35.858065","139.736979","0","1"
"11","é‹ÊŒ§","11203","ìŒûŽs","112030090000 ","‘åŽšÔˆä","35.831833","139.752004","0","1"
"11","é‹ÊŒ§","11203","ìŒûŽs","112030098000 ","‘åŽšÔŽR","35.849097","139.747202","0","1"
"11","é‹ÊŒ§","11203","ìŒûŽs","112030086000 ","‘åŽšÔŽÅV“c","35.853444","139.746117","0","1"
"11","é‹ÊŒ§","11203","ìŒûŽs","112030001000 ","‘åŽš‘O“c","35.814632","139.729768","0","1"
"11","é‹ÊŒ§","11203","ìŒûŽs","112030069000 ","‘åŽš‘O–ìh","35.833737","139.760399","0","1"
"11","é‹ÊŒ§","11203","ìŒûŽs","112030061000 ","‘åŽš‘å’|","35.831036","139.764781","0","1"
"11","é‹ÊŒ§","11203","ìŒûŽs","112030003000 ","‘åŽš’·‘ V“c","35.859170","139.752856","0","1"
"11","é‹ÊŒ§","11203","ìŒûŽs","112030119000 ","‘åŽš’Ò","35.825396","139.730117","0","1"
"11","é‹ÊŒ§","11203","ìŒûŽs","112030042000 ","‘åŽš“ŒŠL’Ë","35.835508","139.765265","0","1"
"11","é‹ÊŒ§","11203","ìŒûŽs","112030088000 ","‘åŽš“Œ“à–ì","35.867899","139.721422","0","1"
"11","é‹ÊŒ§","11203","ìŒûŽs","112030107000 ","‘åŽš“Œ–{‹½","35.824449","139.765413","0","1"
"11","é‹ÊŒ§","11203","ìŒûŽs","112030080000 ","‘åŽš“¡•º‰qV“c","35.867103","139.766215","0","1"
"11","é‹ÊŒ§","11203","ìŒûŽs","112030103000 ","‘åŽš“¹‡","35.850842","139.717674","0","1"
"11","é‹ÊŒ§","11203","ìŒûŽs","112030105000 ","‘åŽš•õ","35.832364","139.774442","0","1"
"11","é‹ÊŒ§","11203","ìŒûŽs","112030111000 ","‘åŽš–Ø‘]˜C","35.859070","139.721183","0","1"
"11","é‹ÊŒ§","11203","ìŒûŽs","112030108000 ","‘åŽš—¢","35.834452","139.729844","0","1"
"11","é‹ÊŒ§","11203","ìŒûŽs","112030004000 ","‘åŽš˜@À","35.824133","139.761786","0","1"
"11","é‹ÊŒ§","11203","ìŒûŽs","112030013001 ","’†Â–Øˆê’š–Ú","35.807918","139.721523","0","3"
"11","é‹ÊŒ§","11203","ìŒûŽs","112030013002 ","’†Â–Ø“ñ’š–Ú","35.810786","139.719879","0","3"
"11","é‹ÊŒ§","11203","ìŒûŽs","112030013003 ","’†Â–ØŽO’š–Ú","35.813993","139.718597","0","3"
"11","é‹ÊŒ§","11203","ìŒûŽs","112030013004 ","’†Â–ØŽl’š–Ú","35.816835","139.718025","0","3"
"11","é‹ÊŒ§","11203","ìŒûŽs","112030013005 ","’†Â–ØŒÜ’š–Ú","35.819498","139.717636","0","3"
"11","é‹ÊŒ§","11203","ìŒûŽs","112030051000 ","’‡’¬","35.806861","139.706626","0","1"
"11","é‹ÊŒ§","11203","ìŒûŽs","112030072001 ","’©“úˆê’š–Ú","35.807640","139.734619","0","3"
"11","é‹ÊŒ§","11203","ìŒûŽs","112030072002 ","’©“ú“ñ’š–Ú","35.812116","139.732222","0","3"
"11","é‹ÊŒ§","11203","ìŒûŽs","112030072003 ","’©“úŽO’š–Ú","35.810493","139.737231","0","3"
"11","é‹ÊŒ§","11203","ìŒûŽs","112030072004 ","’©“úŽl’š–Ú","35.811350","139.742148","0","3"
"11","é‹ÊŒ§","11203","ìŒûŽs","112030072005 ","’©“úŒÜ’š–Ú","35.809096","139.747851","0","3"
"11","é‹ÊŒ§","11203","ìŒûŽs","112030072006 ","’©“ú˜Z’š–Ú","35.806960","139.745262","0","3"
"11","é‹ÊŒ§","11203","ìŒûŽs","112030019001 ","’·‘ ˆê’š–Ú","35.859497","139.755832","0","3"
"11","é‹ÊŒ§","11203","ìŒûŽs","112030019002 ","’·‘ “ñ’š–Ú","35.860749","139.759315","0","3"
"11","é‹ÊŒ§","11203","ìŒûŽs","112030019003 ","’·‘ ŽO’š–Ú","35.861398","139.762527","0","3"
"11","é‹ÊŒ§","11203","ìŒûŽs","112030050001 ","“ŒìŒûˆê’š–Ú","35.877791","139.741103","0","3"
"11","é‹ÊŒ§","11203","ìŒûŽs","112030050002 ","“ŒìŒû“ñ’š–Ú","35.877089","139.748291","0","3"
"11","é‹ÊŒ§","11203","ìŒûŽs","112030050003 ","“ŒìŒûŽO’š–Ú","35.878670","139.745843","0","3"
"11","é‹ÊŒ§","11203","ìŒûŽs","112030050004 ","“ŒìŒûŽl’š–Ú","35.880568","139.742645","0","3"
"11","é‹ÊŒ§","11203","ìŒûŽs","112030050005 ","“ŒìŒûŒÜ’š–Ú","35.883018","139.745835","0","3"
"11","é‹ÊŒ§","11203","ìŒûŽs","112030050006 ","“ŒìŒû˜Z’š–Ú","35.878202","139.752406","0","3"
"11","é‹ÊŒ§","11203","ìŒûŽs","112030048001 ","“Œ–{‹½ˆê’š–Ú","35.822043","139.757953","0","3"
"11","é‹ÊŒ§","11203","ìŒûŽs","112030048002 ","“Œ–{‹½“ñ’š–Ú","35.826455","139.757401","0","3"
"11","é‹ÊŒ§","11203","ìŒûŽs","112030068001 ","“Œ—Ì‰Æˆê’š–Ú","35.797614","139.746929","0","3"
"11","é‹ÊŒ§","11203","ìŒûŽs","112030068002 ","“Œ—Ì‰Æ“ñ’š–Ú","35.796645","139.750989","0","3"
"11","é‹ÊŒ§","11203","ìŒûŽs","112030068003 ","“Œ—Ì‰ÆŽO’š–Ú","35.793458","139.753206","0","3"
"11","é‹ÊŒ§","11203","ìŒûŽs","112030068004 ","“Œ—Ì‰ÆŽl’š–Ú","35.795236","139.758610","0","3"
"11","é‹ÊŒ§","11203","ìŒûŽs","112030068005 ","“Œ—Ì‰ÆŒÜ’š–Ú","35.789109","139.753375","0","3"
"11","é‹ÊŒ§","11203","ìŒûŽs","112030029001 ","“ì‘Oìˆê’š–Ú","35.827796","139.708205","0","3"
"11","é‹ÊŒ§","11203","ìŒûŽs","112030029002 ","“ì‘Oì“ñ’š–Ú","35.830664","139.708462","0","3"
"11","é‹ÊŒ§","11203","ìŒûŽs","112030030001 ","“ì’¬ˆê’š–Ú","35.801545","139.704237","0","3"
"11","é‹ÊŒ§","11203","ìŒûŽs","112030030002 ","“ì’¬“ñ’š–Ú","35.804612","139.705212","0","3"
"11","é‹ÊŒ§","11203","ìŒûŽs","112030005001 ","“ì”µƒ–’Jˆê’š–Ú","35.820280","139.740753","0","3"
"11","é‹ÊŒ§","11203","ìŒûŽs","112030005002 ","“ì”µƒ–’J“ñ’š–Ú","35.816321","139.744151","0","3"
"11","é‹ÊŒ§","11203","ìŒûŽs","112030005003 ","“ì”µƒ–’JŽO’š–Ú","35.816053","139.740279","0","3"
"11","é‹ÊŒ§","11203","ìŒûŽs","112030005004 ","“ì”µƒ–’JŽl’š–Ú","35.814457","139.737808","0","3"
"11","é‹ÊŒ§","11203","ìŒûŽs","112030005005 ","“ì”µƒ–’JŒÜ’š–Ú","35.815307","139.733005","0","3"
"11","é‹ÊŒ§","11203","ìŒûŽs","112030005006 ","“ì”µƒ–’J˜Z’š–Ú","35.819158","139.733666","0","3"
"11","é‹ÊŒ§","11203","ìŒûŽs","112030005007 ","“ì”µƒ–’JŽµ’š–Ú","35.823202","139.733123","0","3"
"11","é‹ÊŒ§","11203","ìŒûŽs","112030005008 ","“ì”µƒ–’J”ª’š–Ú","35.819295","139.729404","0","3"
"11","é‹ÊŒ§","11203","ìŒûŽs","112030046001 ","”ª”¦–Øˆê’š–Ú","35.819372","139.747387","0","3"
"11","é‹ÊŒ§","11203","ìŒûŽs","112030046002 ","”ª”¦–Ø“ñ’š–Ú","35.815394","139.749143","0","3"
"11","é‹ÊŒ§","11203","ìŒûŽs","112030046003 ","”ª”¦–ØŽO’š–Ú","35.812036","139.751547","0","3"
"11","é‹ÊŒ§","11203","ìŒûŽs","112030014001 ","”µƒ–’J–{’¬ˆê’š–Ú","35.833299","139.738111","0","3"
"11","é‹ÊŒ§","11203","ìŒûŽs","112030014002 ","”µƒ–’J–{’¬“ñ’š–Ú","35.834851","139.741433","0","3"
"11","é‹ÊŒ§","11203","ìŒûŽs","112030014003 ","”µƒ–’J–{’¬ŽO’š–Ú","35.833097","139.742626","0","3"
"11","é‹ÊŒ§","11203","ìŒûŽs","112030014004 ","”µƒ–’J–{’¬Žl’š–Ú","35.832140","139.745834","0","3"
"11","é‹ÊŒ§","11203","ìŒûŽs","112030006001 ","”µƒ–’J—Î’¬ˆê’š–Ú","35.816471","139.729099","0","3"
"11","é‹ÊŒ§","11203","ìŒûŽs","112030006002 ","”µƒ–’J—Î’¬“ñ’š–Ú","35.819365","139.727249","0","3"
"11","é‹ÊŒ§","11203","ìŒûŽs","112030027000 ","”ÑŒ´’¬","35.798281","139.706722","0","1"
"11","é‹ÊŒ§","11203","ìŒûŽs","112030035001 ","”Ñ’Ëˆê’š–Ú","35.799086","139.715075","0","3"
"11","é‹ÊŒ§","11203","ìŒûŽs","112030035002 ","”Ñ’Ë“ñ’š–Ú","35.799689","139.712385","0","3"
"11","é‹ÊŒ§","11203","ìŒûŽs","112030035003 ","”Ñ’ËŽO’š–Ú","35.800362","139.709691","0","3"
"11","é‹ÊŒ§","11203","ìŒûŽs","112030035004 ","”Ñ’ËŽl’š–Ú","35.796509","139.711450","0","3"
"11","é‹ÊŒ§","11203","ìŒûŽs","112030045001 ","•À–Øˆê’š–Ú","35.811595","139.712557","0","3"
"11","é‹ÊŒ§","11203","ìŒûŽs","112030045002 ","•À–Ø“ñ’š–Ú","35.815288","139.706866","0","3"
"11","é‹ÊŒ§","11203","ìŒûŽs","112030045003 ","•À–ØŽO’š–Ú","35.817373","139.704808","0","3"
"11","é‹ÊŒ§","11203","ìŒûŽs","112030045004 ","•À–ØŽl’š–Ú","35.822142","139.708515","0","3"
"11","é‹ÊŒ§","11203","ìŒûŽs","112030077000 ","•À–ØŒ³’¬","35.807868","139.714055","0","1"
"11","é‹ÊŒ§","11203","ìŒûŽs","112030078000 ","–k‰€’¬","35.855251","139.705344","0","1"
"11","é‹ÊŒ§","11203","ìŒûŽs","112030066001 ","–kŒ´‘äˆê’š–Ú","35.869863","139.739429","0","3"
"11","é‹ÊŒ§","11203","ìŒûŽs","112030066002 ","–kŒ´‘ä“ñ’š–Ú","35.866282","139.737034","0","3"
"11","é‹ÊŒ§","11203","ìŒûŽs","112030066003 ","–kŒ´‘äŽO’š–Ú","35.867700","139.732424","0","3"
"11","é‹ÊŒ§","11203","ìŒûŽs","112030114001 ","–{‘Oìˆê’š–Ú","35.840882","139.707325","0","3"
"11","é‹ÊŒ§","11203","ìŒûŽs","112030114002 ","–{‘Oì“ñ’š–Ú","35.842579","139.706765","0","3"
"11","é‹ÊŒ§","11203","ìŒûŽs","112030114003 ","–{‘OìŽO’š–Ú","35.844199","139.707185","0","3"
"11","é‹ÊŒ§","11203","ìŒûŽs","112030026001 ","–{’¬ˆê’š–Ú","35.795741","139.725608","0","3"
"11","é‹ÊŒ§","11203","ìŒûŽs","112030026002 ","–{’¬“ñ’š–Ú","35.799551","139.726640","0","3"
"11","é‹ÊŒ§","11203","ìŒûŽs","112030026003 ","–{’¬ŽO’š–Ú","35.800601","139.723237","0","3"
"11","é‹ÊŒ§","11203","ìŒûŽs","112030026004 ","–{’¬Žl’š–Ú","35.800287","139.720441","0","3"
"11","é‹ÊŒ§","11203","ìŒûŽs","112030025001 ","–{˜@ˆê’š–Ú","35.822203","139.761556","0","3"
"11","é‹ÊŒ§","11203","ìŒûŽs","112030025002 ","–{˜@“ñ’š–Ú","35.818621","139.760624","0","3"
"11","é‹ÊŒ§","11203","ìŒûŽs","112030025003 ","–{˜@ŽO’š–Ú","35.815970","139.761430","0","3"
"11","é‹ÊŒ§","11203","ìŒûŽs","112030025004 ","–{˜@Žl’š–Ú","35.814577","139.762322","0","3"
"11","é‹ÊŒ§","11203","ìŒûŽs","112030062001 ","––Lˆê’š–Ú","35.804021","139.733963","0","3"
"11","é‹ÊŒ§","11203","ìŒûŽs","112030062002 ","––L“ñ’š–Ú","35.805151","139.738790","0","3"
"11","é‹ÊŒ§","11203","ìŒûŽs","112030062003 ","––LŽO’š–Ú","35.805693","139.742838","0","3"
"11","é‹ÊŒ§","11203","ìŒûŽs","112030049001 ","–í•½ˆê’š–Ú","35.801726","139.746781","0","3"
"11","é‹ÊŒ§","11203","ìŒûŽs","112030049002 ","–í•½“ñ’š–Ú","35.802315","139.749886","0","3"
"11","é‹ÊŒ§","11203","ìŒûŽs","112030049003 ","–í•½ŽO’š–Ú","35.803745","139.752511","0","3"
"11","é‹ÊŒ§","11203","ìŒûŽs","112030049004 ","–í•½Žl’š–Ú","35.798635","139.756312","0","3"
"11","é‹ÊŒ§","11203","ìŒûŽs","112030073000 ","–öª’¬","35.850288","139.705825","0","1"
"11","é‹ÊŒ§","11203","ìŒûŽs","112030060001 ","–öèˆê’š–Ú","35.852263","139.701102","0","3"
"11","é‹ÊŒ§","11203","ìŒûŽs","112030060002 ","–öè“ñ’š–Ú","35.850530","139.698022","0","3"
"11","é‹ÊŒ§","11203","ìŒûŽs","112030060003 ","–öèŽO’š–Ú","35.854652","139.698534","0","3"
"11","é‹ÊŒ§","11203","ìŒûŽs","112030060004 ","–öèŽl’š–Ú","35.858426","139.700881","0","3"
"11","é‹ÊŒ§","11203","ìŒûŽs","112030060005 ","–öèŒÜ’š–Ú","35.859226","139.704174","0","3"
"11","é‹ÊŒ§","11203","ìŒûŽs","112030055001 ","—Ì‰Æˆê’š–Ú","35.796988","139.741687","0","3"
"11","é‹ÊŒ§","11203","ìŒûŽs","112030055002 ","—Ì‰Æ“ñ’š–Ú","35.794441","139.741901","0","3"
"11","é‹ÊŒ§","11203","ìŒûŽs","112030055003 ","—Ì‰ÆŽO’š–Ú","35.790975","139.748405","0","3"
"11","é‹ÊŒ§","11203","ìŒûŽs","112030055004 ","—Ì‰ÆŽl’š–Ú","35.789685","139.746029","0","3"
"11","é‹ÊŒ§","11203","ìŒûŽs","112030055005 ","—Ì‰ÆŒÜ’š–Ú","35.787019","139.743316","0","3"
"11","é‹ÊŒ§","11203","ìŒûŽs","112030034000 ","—Î’¬","35.803052","139.696301","0","1"
"11","é‹ÊŒ§","11206","s“cŽs","112060001000","‘åŽš”E","36.132674","139.451444","0","1"
"11","é‹ÊŒ§","11206","s“cŽs","112060002000","[…’¬","36.125718","139.441918","0","1"
"11","é‹ÊŒ§","11206","s“cŽs","112060003001","’I“c’¬ˆê’š–Ú","36.122610","139.432456","0","3"
"11","é‹ÊŒ§","11206","s“cŽs","112060003002","’I“c’¬“ñ’š–Ú","36.123828","139.437342","0","3"
"11","é‹ÊŒ§","11206","s“cŽs","112060003003","’I“c’¬ŽO’š–Ú","36.127080","139.438296","0","3"
"11","é‹ÊŒ§","11206","s“cŽs","112060004000","‹{–{","36.143365","139.463282","0","1"
"11","é‹ÊŒ§","11206","s“cŽs","112060005000","“V–ž","36.136122","139.460643","0","1"
"11","é‹ÊŒ§","11206","s“cŽs","112060006001","‹îŒ`ˆê’š–Ú","36.129446","139.458079","0","3"
"11","é‹ÊŒ§","11206","s“cŽs","112060006002","‹îŒ`“ñ’š–Ú","36.130522","139.454921","0","3"
"11","é‹ÊŒ§","11206","s“cŽs","112060007001","–îêˆê’š–Ú","36.142387","139.451467","0","3"
"11","é‹ÊŒ§","11206","s“cŽs","112060007002","–îê“ñ’š–Ú","36.140930","139.450037","0","3"
"11","é‹ÊŒ§","11206","s“cŽs","112060008001","Ž“cˆê’š–Ú","36.135811","139.438577","0","3"
"11","é‹ÊŒ§","11206","s“cŽs","112060008002","Ž“c“ñ’š–Ú","36.133584","139.437607","0","3"
"11","é‹ÊŒ§","11206","s“cŽs","112060008003","Ž“cŽO’š–Ú","36.128905","139.439911","0","3"
"11","é‹ÊŒ§","11206","s“cŽs","112060008004","Ž“cŽl’š–Ú","36.128492","139.435046","0","3"
"11","é‹ÊŒ§","11206","s“cŽs","112060008005","Ž“cŒÜ’š–Ú","36.130938","139.432964","0","3"
"11","é‹ÊŒ§","11206","s“cŽs","112060009001","é¼ˆê’š–Ú","36.137986","139.449317","0","3"
"11","é‹ÊŒ§","11206","s“cŽs","112060009002","é¼“ñ’š–Ú","36.134425","139.450995","0","3"
"11","é‹ÊŒ§","11206","s“cŽs","112060009003","é¼ŽO’š–Ú","36.137758","139.446279","0","3"
"11","é‹ÊŒ§","11206","s“cŽs","112060009004","é¼Žl’š–Ú","36.137216","139.442519","0","3"
"11","é‹ÊŒ§","11206","s“cŽs","112060009005","é¼ŒÜ’š–Ú","36.134062","139.443814","0","3"
"11","é‹ÊŒ§","11206","s“cŽs","112060010000","…éŒö‰€","36.134726","139.458174","0","1"
"11","é‹ÊŒ§","11206","s“cŽs","112060011001","“¡Œ´’¬ˆê’š–Ú","36.144906","139.488994","0","3"
"11","é‹ÊŒ§","11206","s“cŽs","112060011002","“¡Œ´’¬“ñ’š–Ú","36.147037","139.484131","0","3"
"11","é‹ÊŒ§","11206","s“cŽs","112060011003","“¡Œ´’¬ŽO’š–Ú","36.145260","139.484575","0","3"
"11","é‹ÊŒ§","11206","s“cŽs","112060012000","‰Ÿã’¬","36.117171","139.435221","0","1"
"11","é‹ÊŒ§","11206","s“cŽs","112060013000","´…’¬","36.112971","139.431076","0","1"
"11","é‹ÊŒ§","11206","s“cŽs","112060014001","”Eˆê’š–Ú","36.142392","139.455462","0","3"
"11","é‹ÊŒ§","11206","s“cŽs","112060014002","”E“ñ’š–Ú","36.138480","139.458227","0","3"
"11","é‹ÊŒ§","11206","s“cŽs","112060015000","’†‰›","36.142968","139.459231","0","1"
"11","é‹ÊŒ§","11206","s“cŽs","112060016000","é“ì","36.133040","139.456614","0","1"
"11","é‹ÊŒ§","11206","s“cŽs","112060017001","÷’¬ˆê’š–Ú","36.144425","139.465473","0","3"
"11","é‹ÊŒ§","11206","s“cŽs","112060017002","÷’¬“ñ’š–Ú","36.147295","139.467184","0","3"
"11","é‹ÊŒ§","11206","s“cŽs","112060017003","÷’¬ŽO’š–Ú","36.147822","139.469999","0","3"
"11","é‹ÊŒ§","11206","s“cŽs","112060018000","ˆ®’¬","36.140163","139.464735","0","1"
"11","é‹ÊŒ§","11206","s“cŽs","112060019000","¼V’¬","36.124490","139.439533","0","1"
"11","é‹ÊŒ§","11206","s“cŽs","112060020001","’·–ìˆê’š–Ú","36.143944","139.471897","0","3"
"11","é‹ÊŒ§","11206","s“cŽs","112060020002","’·–ì“ñ’š–Ú","36.138938","139.470855","0","3"
"11","é‹ÊŒ§","11206","s“cŽs","112060020003","’·–ìŽO’š–Ú","36.139738","139.474642","0","3"
"11","é‹ÊŒ§","11206","s“cŽs","112060020004","’·–ìŽl’š–Ú","36.139873","139.479135","0","3"
"11","é‹ÊŒ§","11206","s“cŽs","112060020005","’·–ìŒÜ’š–Ú","36.137634","139.481891","0","3"
"11","é‹ÊŒ§","11206","s“cŽs","112060021001","–åˆä’¬ˆê’š–Ú","36.120517","139.438624","0","3"
"11","é‹ÊŒ§","11206","s“cŽs","112060021002","–åˆä’¬“ñ’š–Ú","36.118392","139.441505","0","3"
"11","é‹ÊŒ§","11206","s“cŽs","112060021003","–åˆä’¬ŽO’š–Ú","36.122894","139.443308","0","3"
"11","é‹ÊŒ§","11206","s“cŽs","112060022000","ˆë—¢ŽR’¬","36.114661","139.434365","0","1"
"11","é‹ÊŒ§","11206","s“cŽs","112060023000","s“c","36.140205","139.459747","0","1"
"11","é‹ÊŒ§","11206","s“cŽs","112060024001","’J‹½ˆê’š–Ú","36.148460","139.461296","0","3"
"11","é‹ÊŒ§","11206","s“cŽs","112060024002","’J‹½“ñ’š–Ú","36.151765","139.460753","0","3"
"11","é‹ÊŒ§","11206","s“cŽs","112060024003","’J‹½ŽO’š–Ú","36.148470","139.454510","0","3"
"11","é‹ÊŒ§","11206","s“cŽs","112060025001","²ŠÔˆê’š–Ú","36.130774","139.461723","0","3"
"11","é‹ÊŒ§","11206","s“cŽs","112060025002","²ŠÔ“ñ’š–Ú","36.129580","139.466439","0","3"
"11","é‹ÊŒ§","11206","s“cŽs","112060025003","²ŠÔŽO’š–Ú","36.126374","139.468095","0","3"
"11","é‹ÊŒ§","11206","s“cŽs","112060026000","—Î’¬","36.133081","139.468669","0","1"
"11","é‹ÊŒ§","11206","s“cŽs","112060027000","‰h’¬","36.145592","139.459791","0","1"
"11","é‹ÊŒ§","11206","s“cŽs","112060028000","Œü’¬","36.136384","139.466271","0","1"
"11","é‹ÊŒ§","11206","s“cŽs","112060029000","‘åŽš²ŠÔ","36.127702","139.474169","0","1"
"11","é‹ÊŒ§","11206","s“cŽs","112060030000","–{ŠÛ","36.137066","139.454297","0","1"
"11","é‹ÊŒ§","11206","s“cŽs","112060031001","•xŽmŒ©’¬ˆê’š–Ú","36.143544","139.479375","0","3"
"11","é‹ÊŒ§","11206","s“cŽs","112060031002","•xŽmŒ©’¬“ñ’š–Ú","36.150193","139.475055","0","3"
"11","é‹ÊŒ§","11206","s“cŽs","112060032000","‘åŽš“¡ŠÔ","36.133353","139.514611","0","1"
"11","é‹ÊŒ§","11206","s“cŽs","112060033000","‘åŽš”óã","36.117144","139.470601","0","1"
"11","é‹ÊŒ§","11206","s“cŽs","112060034000","‘åŽš—˜“c","36.110572","139.486147","0","1"
"11","é‹ÊŒ§","11206","s“cŽs","112060035000","‘åŽšŽM”ö","36.144809","139.445721","0","1"
"11","é‹ÊŒ§","11206","s“cŽs","112060036000","‘åŽš”’ìŒË","36.160791","139.469637","0","1"
"11","é‹ÊŒ§","11206","s“cŽs","112060037000","‘åŽš’†]‘Ü","36.169090","139.436893","0","1"
"11","é‹ÊŒ§","11206","s“cŽs","112060038000","‘åŽš‰º’rŽç","36.159982","139.444502","0","1"
"11","é‹ÊŒ§","11206","s“cŽs","112060039000","‘åŽšŠÖª","36.122614","139.525901","0","1"
"11","é‹ÊŒ§","11206","s“cŽs","112060040000","‘åŽš¬•~“c","36.144057","139.428247","0","1"
"11","é‹ÊŒ§","11206","s“cŽs","112060041000","‘åŽš’†—¢","36.146414","139.437892","0","1"
"11","é‹ÊŒ§","11206","s“cŽs","112060042000","‘åŽš”nŒ©’Ë","36.169564","139.445905","0","1"
"11","é‹ÊŒ§","11206","s“cŽs","112060043000","‘åŽš’çª","36.114010","139.474383","0","1"
"11","é‹ÊŒ§","11206","s“cŽs","112060044000","‘åŽš“n–ö","36.116176","139.481958","0","1"
"11","é‹ÊŒ§","11206","s“cŽs","112060045000","‘åŽš‘O’J","36.119153","139.452836","0","1"
"11","é‹ÊŒ§","11206","s“cŽs","112060046000","‘åŽš¬Œ©","36.159257","139.478548","0","1"
"11","é‹ÊŒ§","11206","s“cŽs","112060047000","‘åŽš’J‹½","36.152346","139.455340","0","1"
"11","é‹ÊŒ§","11206","s“cŽs","112060048000","‘åŽšŽ“c","36.126330","139.448773","0","1"
"11","é‹ÊŒ§","11206","s“cŽs","112060049000","‘åŽšã’rŽç","36.155256","139.438416","0","1"
"11","é‹ÊŒ§","11206","s“cŽs","112060050000","‘åŽšŒ¢’Ë","36.178054","139.449239","0","1"
"11","é‹ÊŒ§","11206","s“cŽs","112060051000","‘åŽš‰º”E","36.120798","139.464045","0","1"
"11","é‹ÊŒ§","11206","s“cŽs","112060052000","‘åŽš˜a“c","36.160626","139.452710","0","1"
"11","é‹ÊŒ§","11206","s“cŽs","112060053000","‘åŽš‰º’†ð","36.182544","139.465204","0","1"
"11","é‹ÊŒ§","11206","s“cŽs","112060054000","‘åŽš^–¼”Â","36.131199","139.524178","0","1"
"11","é‹ÊŒ§","11206","s“cŽs","112060055000","‘åŽšŽá¬‹Ê","36.147091","139.496355","0","1"
"11","é‹ÊŒ§","11206","s“cŽs","112060056000","‘åŽš’·–ì","36.134065","139.483866","0","1"
"11","é‹ÊŒ§","11206","s“cŽs","112060057000","‘åŽšŽðŠª","36.188224","139.450975","0","1"
"11","é‹ÊŒ§","11206","s“cŽs","112060058000","‘åŽš–k‰ÍŒ´","36.189967","139.431071","0","1"
"11","é‹ÊŒ§","11206","s“cŽs","112060059000","‘åŽš–ì","36.098701","139.489435","0","1"
"11","é‹ÊŒ§","11206","s“cŽs","112060060000","‘åŽšÖð","36.172525","139.461116","0","1"
"11","é‹ÊŒ§","11206","s“cŽs","112060061000","‘åŽš‰º{ŒË","36.146859","139.507542","0","1"
"11","é‹ÊŒ§","11206","s“cŽs","112060062000","‘åŽš¬j","36.133319","139.505058","0","1"
"11","é‹ÊŒ§","11206","s“cŽs","112060063000","‘åŽš“ì‰ÍŒ´","36.179299","139.431902","0","1"
"11","é‹ÊŒ§","11206","s“cŽs","112060064000","‘åŽšr–Ø","36.166122","139.484141","0","1"
"11","é‹ÊŒ§","11206","s“cŽs","112060065000","‘åŽš{‰Á","36.184594","139.481043","0","1"
"11","é‹ÊŒ§","11206","s“cŽs","112060066000","‘åŽšé‹Ê","36.117615","139.496434","0","1"
"11","é‹ÊŒ§","11207","’•ƒŽs","112070001000","–{’¬","35.996353","139.081551","0","1"
"11","é‹ÊŒ§","11207","’•ƒŽs","112070002000","˜aò’¬","35.983679","139.066238","0","1"
"11","é‹ÊŒ§","11207","’•ƒŽs","112070003000","“Œ’¬","35.992746","139.082647","0","1"
"11","é‹ÊŒ§","11207","’•ƒŽs","112070004001","’†‘º’¬ˆê’š–Ú","36.000328","139.079432","0","3"
"11","é‹ÊŒ§","11207","’•ƒŽs","112070004002","’†‘º’¬“ñ’š–Ú","35.996916","139.077062","0","3"
"11","é‹ÊŒ§","11207","’•ƒŽs","112070004003","’†‘º’¬ŽO’š–Ú","35.999674","139.072176","0","3"
"11","é‹ÊŒ§","11207","’•ƒŽs","112070004004","’†‘º’¬Žl’š–Ú","36.001657","139.075874","0","3"
"11","é‹ÊŒ§","11207","’•ƒŽs","112070005001","ã’¬ˆê’š–Ú","35.992685","139.078450","0","3"
"11","é‹ÊŒ§","11207","’•ƒŽs","112070005002","ã’¬“ñ’š–Ú","35.990724","139.076686","0","3"
"11","é‹ÊŒ§","11207","’•ƒŽs","112070005003","ã’¬ŽO’š–Ú","35.987851","139.075430","0","3"
"11","é‹ÊŒ§","11207","’•ƒŽs","112070006000","”Ôê’¬","35.996163","139.084455","0","1"
"11","é‹ÊŒ§","11207","’•ƒŽs","112070007000","“¹¶’¬","35.999353","139.081325","0","1"
"11","é‹ÊŒ§","11207","’•ƒŽs","112070008000","‘Š¶’¬","36.006206","139.086930","0","1"
"11","é‹ÊŒ§","11207","’•ƒŽs","112070009000","’†’¬","35.994632","139.079324","0","1"
"11","é‹ÊŒ§","11207","’•ƒŽs","112070010000","‹{‘¤’¬","35.999311","139.084992","0","1"
"11","é‹ÊŒ§","11207","’•ƒŽs","112070011000","ã–ì’¬","35.995134","139.086578","0","1"
"11","é‹ÊŒ§","11207","’•ƒŽs","112070012000","‰i“c’¬","36.007478","139.084491","0","1"
"11","é‹ÊŒ§","11207","’•ƒŽs","112070013000","–ö“c’¬","36.010477","139.084448","0","1"
"11","é‹ÊŒ§","11207","’•ƒŽs","112070014001","“ú–ì“c’¬ˆê’š–Ú","35.986208","139.079220","0","3"
"11","é‹ÊŒ§","11207","’•ƒŽs","112070014002","“ú–ì“c’¬“ñ’š–Ú","35.980438","139.082158","0","3"
"11","é‹ÊŒ§","11207","’•ƒŽs","112070015000","‘ê‚Ìã’¬","36.010775","139.088156","0","1"
"11","é‹ÊŒ§","11207","’•ƒŽs","112070016001","–ìâ’¬ˆê’š–Ú","35.988781","139.082906","0","3"
"11","é‹ÊŒ§","11207","’•ƒŽs","112070016002","–ìâ’¬“ñ’š–Ú","35.986641","139.085250","0","3"
"11","é‹ÊŒ§","11207","’•ƒŽs","112070017000","÷–Ø’¬","36.003532","139.083364","0","1"
"11","é‹ÊŒ§","11207","’•ƒŽs","112070018000","‘å”¨’¬","36.016254","139.090056","0","1"
"11","é‹ÊŒ§","11207","’•ƒŽs","112070019000","‰º‹{’n’¬","36.012095","139.092387","0","1"
"11","é‹ÊŒ§","11207","’•ƒŽs","112070020000","ˆ¢•Û’¬","36.015008","139.086498","0","1"
"11","é‹ÊŒ§","11207","’•ƒŽs","112070021000","ŒF–Ø’¬","35.991272","139.088230","0","1"
"11","é‹ÊŒ§","11207","’•ƒŽs","112070022000","‹ßŒË’¬","35.993875","139.073119","0","1"
"11","é‹ÊŒ§","11207","’•ƒŽs","112070023000","’†‹{’n’¬","36.006168","139.091068","0","1"
"11","é‹ÊŒ§","11207","’•ƒŽs","112070024000","ã‹{’n’¬","36.000947","139.090153","0","1"
"11","é‹ÊŒ§","11207","’•ƒŽs","112070025000","‹àŽº’¬","36.008815","139.080451","0","1"
"11","é‹ÊŒ§","11207","’•ƒŽs","112070026000","‚Ý‚Ç‚è‚ª‹u","36.046672","139.052990","0","1"
"11","é‹ÊŒ§","11207","’•ƒŽs","112070027000","–xØ","36.055708","139.079711","0","1"
"11","é‹ÊŒ§","11207","’•ƒŽs","112070028000","¬’Œ","36.060668","139.087823","0","1"
"11","é‹ÊŒ§","11207","’•ƒŽs","112070029000","‘å‹{","35.973341","139.085329","0","1"
"11","é‹ÊŒ§","11207","’•ƒŽs","112070030000","rì‹v“ß","35.957342","139.057861","0","1"
"11","é‹ÊŒ§","11207","’•ƒŽs","112070031000","•ÊŠ","35.992694","139.061356","0","1"
"11","é‹ÊŒ§","11207","’•ƒŽs","112070032000","ˆÉŒÃ“c","36.037685","139.055665","0","1"
"11","é‹ÊŒ§","11207","’•ƒŽs","112070033000","“È’J","36.026260","139.122113","0","1"
"11","é‹ÊŒ§","11207","’•ƒŽs","112070034000","‘¾“c","36.056048","139.065723","0","1"
"11","é‹ÊŒ§","11207","’•ƒŽs","112070035000","rì¬–ìŒ´","35.968486","139.005688","0","1"
"11","é‹ÊŒ§","11207","’•ƒŽs","112070036000","•i‘ò","36.033253","139.063163","0","1"
"11","é‹ÊŒ§","11207","’•ƒŽs","112070037000","“c‘º","36.007605","139.056193","0","1"
"11","é‹ÊŒ§","11207","’•ƒŽs","112070038000","‘å–ìŒ´","36.029681","139.095727","0","1"
"11","é‹ÊŒ§","11207","’•ƒŽs","112070039000","‰º‰eX","35.973241","139.076158","0","1"
"11","é‹ÊŒ§","11207","’•ƒŽs","112070040000","‹g“c‹v’·","36.060764","139.043906","0","1"
"11","é‹ÊŒ§","11207","’•ƒŽs","112070041000","•’J","36.043812","139.109566","0","1"
"11","é‹ÊŒ§","11207","’•ƒŽs","112070042000","Žª“c","36.035313","139.074347","0","1"
"11","é‹ÊŒ§","11207","’•ƒŽs","112070043000","‹v“ß","35.974731","139.049907","0","1"
"11","é‹ÊŒ§","11207","’•ƒŽs","112070044000","Ž›”ö","36.024690","139.082311","0","1"
"11","é‹ÊŒ§","11207","’•ƒŽs","112070045000","’è•ô","36.016764","139.144174","0","1"
"11","é‹ÊŒ§","11207","’•ƒŽs","112070046000","‹g“cˆ¢ŒF","36.066757","139.023449","0","1"
"11","é‹ÊŒ§","11207","’•ƒŽs","112070047000","‹g“c‘¾“c•”","36.109669","138.967607","0","1"
"11","é‹ÊŒ§","11207","’•ƒŽs","112070048000","ã‰eX","35.959260","139.070480","0","1"
"11","é‹ÊŒ§","11207","’•ƒŽs","112070049000","rìæÑì","35.971759","138.979170","0","1"
"11","é‹ÊŒ§","11207","’•ƒŽs","112070050000","rì”’‹v","35.947803","138.989072","0","1"
"11","é‹ÊŒ§","11207","’•ƒŽs","112070051000","ŽO•ô","35.920311","138.934272","0","1"
"11","é‹ÊŒ§","11207","’•ƒŽs","112070052000","ŽR“c","36.010698","139.121000","0","1"
"11","é‹ÊŒ§","11207","’•ƒŽs","112070053000","‹g“cÎŠÔ","36.074798","138.991095","0","1"
"11","é‹ÊŒ§","11207","’•ƒŽs","112070054000","rìã“c–ì","35.933466","139.034162","0","1"
"11","é‹ÊŒ§","11207","’•ƒŽs","112070055000","rì“ú–ì","35.928350","139.005366","0","1"
"11","é‹ÊŒ§","11207","’•ƒŽs","112070056000","‰º‹g“c","36.037281","139.025416","0","1"
"11","é‹ÊŒ§","11207","’•ƒŽs","112070057000","ã‹g“c","36.064867","138.965884","0","1"
"11","é‹ÊŒ§","11207","’•ƒŽs","112070058000","‰YŽR","35.908369","139.071675","0","1"
"11","é‹ÊŒ§","11207","’•ƒŽs","112070059000","’†’Ãì","35.990321","138.784708","0","1"
"11","é‹ÊŒ§","11207","’•ƒŽs","112070060000","‘å‘ê","35.910920","138.829226","0","1"
"11","é‹ÊŒ§","11208","Š‘òŽs","112080001001","”üŒ´’¬ˆê’š–Ú","35.808640","139.460511","0","3"
"11","é‹ÊŒ§","11208","Š‘òŽs","112080001002","”üŒ´’¬“ñ’š–Ú","35.811211","139.459622","0","3"
"11","é‹ÊŒ§","11208","Š‘òŽs","112080001003","”üŒ´’¬ŽO’š–Ú","35.812819","139.459924","0","3"
"11","é‹ÊŒ§","11208","Š‘òŽs","112080001004","”üŒ´’¬Žl’š–Ú","35.814929","139.461329","0","3"
"11","é‹ÊŒ§","11208","Š‘òŽs","112080001005","”üŒ´’¬ŒÜ’š–Ú","35.810190","139.457101","0","3"
"11","é‹ÊŒ§","11208","Š‘òŽs","112080002000","¼Z‹g","35.785525","139.466650","0","1"
"11","é‹ÊŒ§","11208","Š‘òŽs","112080003001","‚­‚·‚Ì‚«‘äˆê’š–Ú","35.787673","139.475048","0","3"
"11","é‹ÊŒ§","11208","Š‘òŽs","112080003002","‚­‚·‚Ì‚«‘ä“ñ’š–Ú","35.789236","139.478701","0","3"
"11","é‹ÊŒ§","11208","Š‘òŽs","112080003003","‚­‚·‚Ì‚«‘äŽO’š–Ú","35.787060","139.477636","0","3"
"11","é‹ÊŒ§","11208","Š‘òŽs","112080004001","•À–Øˆê’š–Ú","35.798465","139.473012","0","3"
"11","é‹ÊŒ§","11208","Š‘òŽs","112080004002","•À–Ø“ñ’š–Ú","35.800639","139.464304","0","3"
"11","é‹ÊŒ§","11208","Š‘òŽs","112080004003","•À–ØŽO’š–Ú","35.802875","139.467515","0","3"
"11","é‹ÊŒ§","11208","Š‘òŽs","112080004004","•À–ØŽl’š–Ú","35.806899","139.464978","0","3"
"11","é‹ÊŒ§","11208","Š‘òŽs","112080004005","•À–ØŒÜ’š–Ú","35.811110","139.463432","0","3"
"11","é‹ÊŒ§","11208","Š‘òŽs","112080004006","•À–Ø˜Z’š–Ú","35.807965","139.472055","0","3"
"11","é‹ÊŒ§","11208","Š‘òŽs","112080004007","•À–ØŽµ’š–Ú","35.807948","139.478069","0","3"
"11","é‹ÊŒ§","11208","Š‘òŽs","112080004008","•À–Ø”ª’š–Ú","35.810606","139.476621","0","3"
"11","é‹ÊŒ§","11208","Š‘òŽs","112080005001","‰Ô‰€ˆê’š–Ú","35.814068","139.453953","0","3"
"11","é‹ÊŒ§","11208","Š‘òŽs","112080005002","‰Ô‰€“ñ’š–Ú","35.814444","139.456819","0","3"
"11","é‹ÊŒ§","11208","Š‘òŽs","112080005003","‰Ô‰€ŽO’š–Ú","35.815014","139.458718","0","3"
"11","é‹ÊŒ§","11208","Š‘òŽs","112080005004","‰Ô‰€Žl’š–Ú","35.816414","139.461019","0","3"
"11","é‹ÊŒ§","11208","Š‘òŽs","112080006000","Šì‘½’¬","35.798933","139.462932","0","1"
"11","é‹ÊŒ§","11208","Š‘òŽs","112080007001","¬ŽèŽw“ìˆê’š–Ú","35.787427","139.440269","0","3"
"11","é‹ÊŒ§","11208","Š‘òŽs","112080007002","¬ŽèŽw“ì“ñ’š–Ú","35.789408","139.430535","0","3"
"11","é‹ÊŒ§","11208","Š‘òŽs","112080007003","¬ŽèŽw“ìŽO’š–Ú","35.787084","139.437247","0","3"
"11","é‹ÊŒ§","11208","Š‘òŽs","112080007004","¬ŽèŽw“ìŽl’š–Ú","35.787462","139.430323","0","3"
"11","é‹ÊŒ§","11208","Š‘òŽs","112080007005","¬ŽèŽw“ìŒÜ’š–Ú","35.785752","139.431943","0","3"
"11","é‹ÊŒ§","11208","Š‘òŽs","112080007006","¬ŽèŽw“ì˜Z’š–Ú","35.782684","139.427666","0","3"
"11","é‹ÊŒ§","11208","Š‘òŽs","112080008000","ŒäK’¬","35.792398","139.470617","0","1"
"11","é‹ÊŒ§","11208","Š‘òŽs","112080009001","¬ŽèŽw’¬ˆê’š–Ú","35.803317","139.439215","0","3"
"11","é‹ÊŒ§","11208","Š‘òŽs","112080009002","¬ŽèŽw’¬“ñ’š–Ú","35.804984","139.432507","0","3"
"11","é‹ÊŒ§","11208","Š‘òŽs","112080009003","¬ŽèŽw’¬ŽO’š–Ú","35.799622","139.436786","0","3"
"11","é‹ÊŒ§","11208","Š‘òŽs","112080009004","¬ŽèŽw’¬Žl’š–Ú","35.798182","139.434319","0","3"
"11","é‹ÊŒ§","11208","Š‘òŽs","112080009005","¬ŽèŽw’¬ŒÜ’š–Ú","35.795134","139.437464","0","3"
"11","é‹ÊŒ§","11208","Š‘òŽs","112080010001","¯‚Ì‹{ˆê’š–Ú","35.787121","139.462942","0","3"
"11","é‹ÊŒ§","11208","Š‘òŽs","112080010002","¯‚Ì‹{“ñ’š–Ú","35.786414","139.460994","0","3"
"11","é‹ÊŒ§","11208","Š‘òŽs","112080011000","‘åŽšV‹½","35.803134","139.506058","0","1"
"11","é‹ÊŒ§","11208","Š‘òŽs","112080012000","—LŠy’¬","35.793631","139.466797","0","1"
"11","é‹ÊŒ§","11208","Š‘òŽs","112080013000","‹àŽR’¬","35.790807","139.461496","0","1"
"11","é‹ÊŒ§","11208","Š‘òŽs","112080014000","“Œ’¬","35.790135","139.471198","0","1"
"11","é‹ÊŒ§","11208","Š‘òŽs","112080015000","Žõ’¬","35.789207","139.467517","0","1"
"11","é‹ÊŒ§","11208","Š‘òŽs","112080016001","’†•x“ìˆê’š–Ú","35.810041","139.490606","0","3"
"11","é‹ÊŒ§","11208","Š‘òŽs","112080016002","’†•x“ì“ñ’š–Ú","35.811323","139.494087","0","3"
"11","é‹ÊŒ§","11208","Š‘òŽs","112080016003","’†•x“ìŽO’š–Ú","35.813190","139.493019","0","3"
"11","é‹ÊŒ§","11208","Š‘òŽs","112080016004","’†•x“ìŽl’š–Ú","35.814906","139.499025","0","3"
"11","é‹ÊŒ§","11208","Š‘òŽs","112080017000","‰|’¬","35.805848","139.444760","0","1"
"11","é‹ÊŒ§","11208","Š‘òŽs","112080018001","˜aƒPŒ´ˆê’š–Ú","35.806866","139.410672","0","3"
"11","é‹ÊŒ§","11208","Š‘òŽs","112080018002","˜aƒPŒ´“ñ’š–Ú","35.808619","139.407672","0","3"
"11","é‹ÊŒ§","11208","Š‘òŽs","112080018003","˜aƒPŒ´ŽO’š–Ú","35.804640","139.403907","0","3"
"11","é‹ÊŒ§","11208","Š‘òŽs","112080019001","—Î’¬ˆê’š–Ú","35.805384","139.453489","0","3"
"11","é‹ÊŒ§","11208","Š‘òŽs","112080019002","—Î’¬“ñ’š–Ú","35.803565","139.456082","0","3"
"11","é‹ÊŒ§","11208","Š‘òŽs","112080019003","—Î’¬ŽO’š–Ú","35.801686","139.448844","0","3"
"11","é‹ÊŒ§","11208","Š‘òŽs","112080019004","—Î’¬Žl’š–Ú","35.806888","139.449500","0","3"
"11","é‹ÊŒ§","11208","Š‘òŽs","112080020000","–k—LŠy’¬","35.796260","139.465848","0","1"
"11","é‹ÊŒ§","11208","Š‘òŽs","112080021000","ˆ®’¬","35.791167","139.475849","0","1"
"11","é‹ÊŒ§","11208","Š‘òŽs","112080022001","¼Š‘òˆê’š–Ú","35.789437","139.457927","0","3"
"11","é‹ÊŒ§","11208","Š‘òŽs","112080022002","¼Š‘ò“ñ’š–Ú","35.792962","139.455805","0","3"
"11","é‹ÊŒ§","11208","Š‘òŽs","112080023001","’†Vˆäˆê’š–Ú","35.815261","139.466774","0","3"
"11","é‹ÊŒ§","11208","Š‘òŽs","112080023002","’†Vˆä“ñ’š–Ú","35.817266","139.468817","0","3"
"11","é‹ÊŒ§","11208","Š‘òŽs","112080023003","’†VˆäŽO’š–Ú","35.816307","139.475224","0","3"
"11","é‹ÊŒ§","11208","Š‘òŽs","112080023004","’†VˆäŽl’š–Ú","35.813769","139.474444","0","3"
"11","é‹ÊŒ§","11208","Š‘òŽs","112080023005","’†VˆäŒÜ’š–Ú","35.816574","139.477582","0","3"
"11","é‹ÊŒ§","11208","Š‘òŽs","112080024000","–í¶’¬","35.804218","139.460828","0","1"
"11","é‹ÊŒ§","11208","Š‘òŽs","112080025000","“ú‹g’¬","35.787257","139.471101","0","1"
"11","é‹ÊŒ§","11208","Š‘òŽs","112080026001","“ŒŠ‘òˆê’š–Ú","35.797784","139.517740","0","3"
"11","é‹ÊŒ§","11208","Š‘òŽs","112080026002","“ŒŠ‘ò“ñ’š–Ú","35.801359","139.514112","0","3"
"11","é‹ÊŒ§","11208","Š‘òŽs","112080026003","“ŒŠ‘òŽO’š–Ú","35.802672","139.518265","0","3"
"11","é‹ÊŒ§","11208","Š‘òŽs","112080026004","“ŒŠ‘òŽl’š–Ú","35.801013","139.521561","0","3"
"11","é‹ÊŒ§","11208","Š‘òŽs","112080026005","“ŒŠ‘òŒÜ’š–Ú","35.795670","139.518172","0","3"
"11","é‹ÊŒ§","11208","Š‘òŽs","112080027001","‹{–{’¬ˆê’š–Ú","35.793452","139.461583","0","3"
"11","é‹ÊŒ§","11208","Š‘òŽs","112080027002","‹{–{’¬“ñ’š–Ú","35.796610","139.461295","0","3"
"11","é‹ÊŒ§","11208","Š‘òŽs","112080028000","¬ŽèŽw‘ä","35.791662","139.442006","0","1"
"11","é‹ÊŒ§","11208","Š‘òŽs","112080029000","¼—t’¬","35.807568","139.457675","0","1"
"11","é‹ÊŒ§","11208","Š‘òŽs","112080030000","“ŒZ‹g","35.784669","139.470737","0","1"
"11","é‹ÊŒ§","11208","Š‘òŽs","112080031000","‚±‚Ô‚µ’¬","35.799488","139.484095","0","1"
"11","é‹ÊŒ§","11208","Š‘òŽs","112080032001","¬ŽèŽwŒ³’¬ˆê’š–Ú","35.792733","139.437718","0","3"
"11","é‹ÊŒ§","11208","Š‘òŽs","112080032002","¬ŽèŽwŒ³’¬“ñ’š–Ú","35.793394","139.434046","0","3"
"11","é‹ÊŒ§","11208","Š‘òŽs","112080032003","¬ŽèŽwŒ³’¬ŽO’š–Ú","35.792742","139.430489","0","3"
"11","é‹ÊŒ§","11208","Š‘òŽs","112080033000","ò’¬","35.801001","139.460051","0","1"
"11","é‹ÊŒ§","11208","Š‘òŽs","112080034001","ãVˆäˆê’š–Ú","35.789928","139.450791","0","3"
"11","é‹ÊŒ§","11208","Š‘òŽs","112080034002","ãVˆä“ñ’š–Ú","35.793903","139.447841","0","3"
"11","é‹ÊŒ§","11208","Š‘òŽs","112080034003","ãVˆäŽO’š–Ú","35.795872","139.442167","0","3"
"11","é‹ÊŒ§","11208","Š‘òŽs","112080034004","ãVˆäŽl’š–Ú","35.800433","139.444686","0","3"
"11","é‹ÊŒ§","11208","Š‘òŽs","112080034005","ãVˆäŒÜ’š–Ú","35.796781","139.450347","0","3"
"11","é‹ÊŒ§","11208","Š‘òŽs","112080035000","Œ³’¬","35.789209","139.465026","0","1"
"11","é‹ÊŒ§","11208","Š‘òŽs","112080036001","¼‹·ŽRƒP‹uˆê’š–Ú","35.804593","139.407712","0","3"
"11","é‹ÊŒ§","11208","Š‘òŽs","112080036002","¼‹·ŽRƒP‹u“ñ’š–Ú","35.801781","139.407200","0","3"
"11","é‹ÊŒ§","11208","Š‘òŽs","112080037001","‹·ŽRƒP‹uˆê’š–Ú","35.809326","139.415729","0","3"
"11","é‹ÊŒ§","11208","Š‘òŽs","112080037002","‹·ŽRƒP‹u“ñ’š–Ú","35.811222","139.410762","0","3"
"11","é‹ÊŒ§","11208","Š‘òŽs","112080038000","‘åŽš’†Vˆä","35.819248","139.471283","0","1"
"11","é‹ÊŒ§","11208","Š‘òŽs","112080039001","–k–ì“ìˆê’š–Ú","35.784795","139.425860","0","3"
"11","é‹ÊŒ§","11208","Š‘òŽs","112080039002","–k–ì“ì“ñ’š–Ú","35.785924","139.422397","0","3"
"11","é‹ÊŒ§","11208","Š‘òŽs","112080039003","–k–ì“ìŽO’š–Ú","35.786375","139.418238","0","3"
"11","é‹ÊŒ§","11208","Š‘òŽs","112080040000","–kŠ‘ò’¬","35.810594","139.453908","0","1"
"11","é‹ÊŒ§","11208","Š‘òŽs","112080041001","“Œ‹·ŽRƒP‹uˆê’š–Ú","35.813739","139.418401","0","3"
"11","é‹ÊŒ§","11208","Š‘òŽs","112080041002","“Œ‹·ŽRƒP‹u“ñ’š–Ú","35.809387","139.422348","0","3"
"11","é‹ÊŒ§","11208","Š‘òŽs","112080041003","“Œ‹·ŽRƒP‹uŽO’š–Ú","35.812644","139.423538","0","3"
"11","é‹ÊŒ§","11208","Š‘òŽs","112080041004","“Œ‹·ŽRƒP‹uŽl’š–Ú","35.809311","139.427335","0","3"
"11","é‹ÊŒ§","11208","Š‘òŽs","112080041005","“Œ‹·ŽRƒP‹uŒÜ’š–Ú","35.816436","139.430414","0","3"
"11","é‹ÊŒ§","11208","Š‘òŽs","112080041006","“Œ‹·ŽRƒP‹u˜Z’š–Ú","35.816836","139.423358","0","3"
"11","é‹ÊŒ§","11208","Š‘òŽs","112080042000","“ìZ‹g","35.782203","139.468801","0","1"
"11","é‹ÊŒ§","11208","Š‘òŽs","112080043001","Žá‹·ˆê’š–Ú","35.805742","139.420424","0","3"
"11","é‹ÊŒ§","11208","Š‘òŽs","112080043002","Žá‹·“ñ’š–Ú","35.803660","139.423849","0","3"
"11","é‹ÊŒ§","11208","Š‘òŽs","112080043003","Žá‹·ŽO’š–Ú","35.802231","139.417753","0","3"
"11","é‹ÊŒ§","11208","Š‘òŽs","112080043004","Žá‹·Žl’š–Ú","35.805326","139.416037","0","3"
"11","é‹ÊŒ§","11208","Š‘òŽs","112080044001","‚¯‚â‚«‘äˆê’š–Ú","35.799660","139.453344","0","3"
"11","é‹ÊŒ§","11208","Š‘òŽs","112080044002","‚¯‚â‚«‘ä“ñ’š–Ú","35.798354","139.457366","0","3"
"11","é‹ÊŒ§","11208","Š‘òŽs","112080045000","¼Vˆä’¬","35.794024","139.474307","0","1"
"11","é‹ÊŒ§","11208","Š‘òŽs","112080046000","Â—t‘ä","35.806944","139.441303","0","1"
"11","é‹ÊŒ§","11208","Š‘òŽs","112080047001","–k–ìV’¬ˆê’š–Ú","35.800615","139.430793","0","3"
"11","é‹ÊŒ§","11208","Š‘òŽs","112080047002","–k–ìV’¬“ñ’š–Ú","35.801112","139.425873","0","3"
"11","é‹ÊŒ§","11208","Š‘òŽs","112080048001","—Ñˆê’š–Ú","35.801849","139.391764","0","3"
"11","é‹ÊŒ§","11208","Š‘òŽs","112080048002","—Ñ“ñ’š–Ú","35.803991","139.398095","0","3"
"11","é‹ÊŒ§","11208","Š‘òŽs","112080048003","—ÑŽO’š–Ú","35.808193","139.402525","0","3"
"11","é‹ÊŒ§","11208","Š‘òŽs","112080049000","“ŒVˆä’¬","35.795172","139.480034","0","1"
"11","é‹ÊŒ§","11208","Š‘òŽs","112080050001","–k’†ˆê’š–Ú","35.808367","139.432236","0","3"
"11","é‹ÊŒ§","11208","Š‘òŽs","112080050002","–k’†“ñ’š–Ú","35.811071","139.434550","0","3"
"11","é‹ÊŒ§","11208","Š‘òŽs","112080050003","–k’†ŽO’š–Ú","35.811072","139.441638","0","3"
"11","é‹ÊŒ§","11208","Š‘òŽs","112080050004","–k’†Žl’š–Ú","35.817367","139.437211","0","3"
"11","é‹ÊŒ§","11208","Š‘òŽs","112080051000","Žá¼’¬","35.802187","139.483754","0","1"
"11","é‹ÊŒ§","11208","Š‘òŽs","112080052001","“ŒŠ‘ò˜a“cˆê’š–Ú","35.791244","139.510627","0","3"
"11","é‹ÊŒ§","11208","Š‘òŽs","112080052002","“ŒŠ‘ò˜a“c“ñ’š–Ú","35.793546","139.508331","0","3"
"11","é‹ÊŒ§","11208","Š‘òŽs","112080052003","“ŒŠ‘ò˜a“cŽO’š–Ú","35.796443","139.507597","0","3"
"11","é‹ÊŒ§","11208","Š‘òŽs","112080053000","Œü—z’¬","35.810958","139.447856","0","1"
"11","é‹ÊŒ§","11208","Š‘òŽs","112080054001","¼‚ª‹uˆê’š–Ú","35.775038","139.464772","0","3"
"11","é‹ÊŒ§","11208","Š‘òŽs","112080054002","¼‚ª‹u“ñ’š–Ú","35.771929","139.456069","0","3"
"11","é‹ÊŒ§","11208","Š‘òŽs","112080055001","ŽOƒP“‡ˆê’š–Ú","35.787308","139.411237","0","3"
"11","é‹ÊŒ§","11208","Š‘òŽs","112080055002","ŽOƒP“‡“ñ’š–Ú","35.785933","139.402018","0","3"
"11","é‹ÊŒ§","11208","Š‘òŽs","112080055003","ŽOƒP“‡ŽO’š–Ú","35.794377","139.409404","0","3"
"11","é‹ÊŒ§","11208","Š‘òŽs","112080055004","ŽOƒP“‡Žl’š–Ú","35.799809","139.414567","0","3"
"11","é‹ÊŒ§","11208","Š‘òŽs","112080055005","ŽOƒP“‡ŒÜ’š–Ú","35.793905","139.401066","0","3"
"11","é‹ÊŒ§","11208","Š‘òŽs","112080056001","–k–ìˆê’š–Ú","35.792985","139.426433","0","3"
"11","é‹ÊŒ§","11208","Š‘òŽs","112080056002","–k–ì“ñ’š–Ú","35.793807","139.421579","0","3"
"11","é‹ÊŒ§","11208","Š‘òŽs","112080056003","–k–ìŽO’š–Ú","35.794577","139.415809","0","3"
"11","é‹ÊŒ§","11208","Š‘òŽs","112080057000","Šâ‰ª’¬","35.816978","139.442325","0","1"
"11","é‹ÊŒ§","11208","Š‘òŽs","112080058000","Š‘òV’¬","35.819280","139.460852","0","1"
"11","é‹ÊŒ§","11208","Š‘òŽs","112080059000","‘åŽš‰ºVˆä","35.805188","139.489825","0","1"
"11","é‹ÊŒ§","11208","Š‘òŽs","112080060000","–kŒ´’¬","35.807532","139.485353","0","1"
"11","é‹ÊŒ§","11208","Š‘òŽs","112080061000","–x”V“à","35.787716","139.395279","0","1"
"11","é‹ÊŒ§","11208","Š‘òŽs","112080062000","‘åŽš‹TƒP’J","35.808143","139.518267","0","1"
"11","é‹ÊŒ§","11208","Š‘òŽs","112080063000","âï’J","35.791992","139.391724","0","1"
"11","é‹ÊŒ§","11208","Š‘òŽs","112080064000","‘åŽš–{‹½","35.794637","139.523769","0","1"
"11","é‹ÊŒ§","11208","Š‘òŽs","112080065000","‘åŽš¼‹½","35.797405","139.501878","0","1"
"11","é‹ÊŒ§","11208","Š‘òŽs","112080066000","‘åŽš–kH’Ã","35.781794","139.480129","0","1"
"11","é‹ÊŒ§","11208","Š‘òŽs","112080067000","‘åŽš_•Ä‹à","35.823751","139.465719","0","1"
"11","é‹ÊŒ§","11208","Š‘òŽs","112080068000","‘åŽš“ú”ä“c","35.806167","139.505519","0","1"
"11","é‹ÊŒ§","11208","Š‘òŽs","112080069000","‘åŽšé","35.800709","139.528878","0","1"
"11","é‹ÊŒ§","11208","Š‘òŽs","112080070000","‘åŽš‹À","35.795678","139.489477","0","1"
"11","é‹ÊŒ§","11208","Š‘òŽs","112080071000","‘åŽš‹v•Ä","35.780351","139.463130","0","1"
"11","é‹ÊŒ§","11208","Š‘òŽs","112080072000","‘åŽšãˆÀ¼","35.785980","139.489900","0","1"
"11","é‹ÊŒ§","11208","Š‘òŽs","112080073000","‘åŽš‰ºˆÀ¼","35.787864","139.504527","0","1"
"11","é‹ÊŒ§","11208","Š‘òŽs","112080074000","‘åŽšâ”V‰º","35.811834","139.537801","0","1"
"11","é‹ÊŒ§","11208","Š‘òŽs","112080075000","‘åŽš–kŠâ‰ª","35.821950","139.445813","0","1"
"11","é‹ÊŒ§","11208","Š‘òŽs","112080076000","‘åŽšr”¦","35.776004","139.447185","0","1"
"11","é‹ÊŒ§","11208","Š‘òŽs","112080077000","‘åŽšãŽRŒû","35.774956","139.421171","0","1"
"11","é‹ÊŒ§","11208","Š‘òŽs","112080078000","‘åŽš“ì‰iˆä","35.816795","139.524933","0","1"
"11","é‹ÊŒ§","11208","Š‘òŽs","112080079000","‘åŽš’†•x","35.821038","139.485979","0","1"
"11","é‹ÊŒ§","11208","Š‘òŽs","112080080000","‘åŽšŽRŒû","35.778544","139.435301","0","1"
"11","é‹ÊŒ§","11208","Š‘òŽs","112080081000","‘åŽšŸŠyŽ›","35.773236","139.397635","0","1"
"11","é‹ÊŒ§","11208","Š‘òŽs","112080082000","‘åŽš‰º•x","35.833131","139.462623","0","1"
"11","é‹ÊŒ§","11209","”Ñ”\Žs","112090001000","‘åŽš‹v‰º","35.854403","139.312461","0","1"
"11","é‹ÊŒ§","11209","”Ñ”\Žs","112090002000","Œ´’¬","35.858389","139.320686","0","1"
"11","é‹ÊŒ§","11209","”Ñ”\Žs","112090003001","‰i“c‘äˆê’š–Ú","35.869728","139.285084","0","3"
"11","é‹ÊŒ§","11209","”Ñ”\Žs","112090003002","‰i“c‘ä“ñ’š–Ú","35.868232","139.288918","0","3"
"11","é‹ÊŒ§","11209","”Ñ”\Žs","112090003003","‰i“c‘äŽO’š–Ú","35.867823","139.294296","0","3"
"11","é‹ÊŒ§","11209","”Ñ”\Žs","112090004000","‘åŽšŒ´’¬","35.859901","139.319257","0","1"
"11","é‹ÊŒ§","11209","”Ñ”\Žs","112090005001","ˆ©‘äˆê’š–Ú","35.848546","139.295896","0","3"
"11","é‹ÊŒ§","11209","”Ñ”\Žs","112090005002","ˆ©‘ä“ñ’š–Ú","35.853045","139.291600","0","3"
"11","é‹ÊŒ§","11209","”Ñ”\Žs","112090005003","ˆ©‘äŽO’š–Ú","35.852978","139.285718","0","3"
"11","é‹ÊŒ§","11209","”Ñ”\Žs","112090006001","”ü™‘äˆê’š–Ú","35.846883","139.310317","0","3"
"11","é‹ÊŒ§","11209","”Ñ”\Žs","112090006002","”ü™‘ä“ñ’š–Ú","35.842158","139.311867","0","3"
"11","é‹ÊŒ§","11209","”Ñ”\Žs","112090006003","”ü™‘äŽO’š–Ú","35.842564","139.308577","0","3"
"11","é‹ÊŒ§","11209","”Ñ”\Žs","112090006004","”ü™‘äŽl’š–Ú","35.845664","139.304546","0","3"
"11","é‹ÊŒ§","11209","”Ñ”\Žs","112090006005","”ü™‘äŒÜ’š–Ú","35.849120","139.305272","0","3"
"11","é‹ÊŒ§","11209","”Ñ”\Žs","112090006006","”ü™‘ä˜Z’š–Ú","35.847571","139.298739","0","3"
"11","é‹ÊŒ§","11209","”Ñ”\Žs","112090006007","”ü™‘äŽµ’š–Ú","35.844032","139.300741","0","3"
"11","é‹ÊŒ§","11209","”Ñ”\Žs","112090007000","–{’¬","35.857393","139.316805","0","1"
"11","é‹ÊŒ§","11209","”Ñ”\Žs","112090008000","–ö’¬","35.851487","139.323059","0","1"
"11","é‹ÊŒ§","11209","”Ñ”\Žs","112090009000","“Œ’¬","35.854345","139.324328","0","1"
"11","é‹ÊŒ§","11209","”Ñ”\Žs","112090010000","‰h’¬","35.851612","139.327797","0","1"
"11","é‹ÊŒ§","11209","”Ñ”\Žs","112090011000","—Î’¬","35.851026","139.331400","0","1"
"11","é‹ÊŒ§","11209","”Ñ”\Žs","112090012000","V’¬","35.856717","139.324293","0","1"
"11","é‹ÊŒ§","11209","”Ñ”\Žs","112090013000","ˆî‰×’¬","35.851490","139.314777","0","1"
"11","é‹ÊŒ§","11209","”Ñ”\Žs","112090014000","”ª”¦’¬","35.855995","139.319691","0","1"
"11","é‹ÊŒ§","11209","”Ñ”\Žs","112090015000","’‡’¬","35.853272","139.317416","0","1"
"11","é‹ÊŒ§","11209","”Ñ”\Žs","112090016000","‘åŽš‘Oƒ–ŠÑ","35.839047","139.314337","0","1"
"11","é‹ÊŒ§","11209","”Ñ”\Žs","112090017000","‘åŽšVŒõ","35.852110","139.344522","0","1"
"11","é‹ÊŒ§","11209","”Ñ”\Žs","112090018000","ŽRŽè’¬","35.859346","139.313697","0","1"
"11","é‹ÊŒ§","11209","”Ñ”\Žs","112090019000","ª–î’¬","35.840772","139.320144","0","1"
"11","é‹ÊŒ§","11209","”Ñ”\Žs","112090020000","“ì’¬","35.848502","139.318249","0","1"
"11","é‹ÊŒ§","11209","”Ñ”\Žs","112090021000","‘åŽšÂ–Ø","35.861692","139.331249","0","1"
"11","é‹ÊŒ§","11209","”Ñ”\Žs","112090022000","‘åŽš–îéC","35.846140","139.315013","0","1"
"11","é‹ÊŒ§","11209","”Ñ”\Žs","112090023000","‘åŽš’†‹","35.864655","139.329093","0","1"
"11","é‹ÊŒ§","11209","”Ñ”\Žs","112090024000","‘åŽšãÔH","35.869133","139.238689","0","1"
"11","é‹ÊŒ§","11209","”Ñ”\Žs","112090025000","‘åŽš‰º‰ÁŽ¡","35.864262","139.336761","0","1"
"11","é‹ÊŒ§","11209","”Ñ”\Žs","112090026000","‘åŽš‹v{”ü","35.870188","139.276143","0","1"
"11","é‹ÊŒ§","11209","”Ñ”\Žs","112090027000","‘åŽšŠ}–D","35.842551","139.331352","0","1"
"11","é‹ÊŒ§","11209","”Ñ”\Žs","112090028000","‘åŽš‰i“c","35.864499","139.291243","0","1"
"11","é‹ÊŒ§","11209","”Ñ”\Žs","112090029000","‘åŽšìè","35.874367","139.357228","0","1"
"11","é‹ÊŒ§","11209","”Ñ”\Žs","112090030000","‘åŽšã”¨","35.843471","139.284477","0","1"
"11","é‹ÊŒ§","11209","”Ñ”\Žs","112090031000","‘åŽš‰ºìè","35.877375","139.363441","0","1"
"11","é‹ÊŒ§","11209","”Ñ”\Žs","112090032000","‘åŽšìŽ›","35.844034","139.324232","0","1"
"11","é‹ÊŒ§","11209","”Ñ”\Žs","112090033000","‘åŽš—Ž‡","35.831647","139.319692","0","1"
"11","é‹ÊŒ§","11209","”Ñ”\Žs","112090034000","‘åŽš’†ŽR","35.865751","139.319950","0","1"
"11","é‹ÊŒ§","11209","”Ñ”\Žs","112090035000","‘åŽšã’·‘ò","35.927436","139.214454","0","1"
"11","é‹ÊŒ§","11209","”Ñ”\Žs","112090036000","‘åŽš‘å‰ÍŒ´","35.854021","139.301082","0","1"
"11","é‹ÊŒ§","11209","”Ñ”\Žs","112090037000","‘åŽš¬‹v•Û","35.870623","139.338148","0","1"
"11","é‹ÊŒ§","11209","”Ñ”\Žs","112090038000","‘åŽš•½¼","35.870154","139.349686","0","1"
"11","é‹ÊŒ§","11209","”Ñ”\Žs","112090039000","‘åŽš‰º”¨","35.841745","139.294576","0","1"
"11","é‹ÊŒ§","11209","”Ñ”\Žs","112090040000","‘åŽšŠâ‘ò","35.839287","139.339094","0","1"
"11","é‹ÊŒ§","11209","”Ñ”\Žs","112090041000","‘åŽš“‚’|","35.854767","139.225840","0","1"
"11","é‹ÊŒ§","11209","”Ñ”\Žs","112090042000","‘åŽš‰ºÔH","35.863845","139.251876","0","1"
"11","é‹ÊŒ§","11209","”Ñ”\Žs","112090043000","‘åŽš¬£ŒË","35.874386","139.264583","0","1"
"11","é‹ÊŒ§","11209","”Ñ”\Žs","112090044000","‘åŽš•½ŒË","35.890226","139.260280","0","1"
"11","é‹ÊŒ§","11209","”Ñ”\Žs","112090045000","‘åŽšˆ°Š¡ê","35.865324","139.362798","0","1"
"11","é‹ÊŒ§","11209","”Ñ”\Žs","112090046000","‘åŽšâÎ’¬•ª","35.904751","139.230759","0","1"
"11","é‹ÊŒ§","11209","”Ñ”\Žs","112090047000","‘åŽš’†“¡’†‹½","35.884174","139.234814","0","1"
"11","é‹ÊŒ§","11209","”Ñ”\Žs","112090048000","‘åŽšã’¼’|ã•ª","35.844148","139.227600","0","1"
"11","é‹ÊŒ§","11209","”Ñ”\Žs","112090049000","‘åŽšŠ¡¶","35.851166","139.274643","0","1"
"11","é‹ÊŒ§","11209","”Ñ”\Žs","112090050000","‘åŽšŠâŸº","35.832650","139.308978","0","1"
"11","é‹ÊŒ§","11209","”Ñ”\Žs","112090051000","‘åŽš‹{‘ò","35.875145","139.326560","0","1"
"11","é‹ÊŒ§","11209","”Ñ”\Žs","112090052000","‘åŽš‰º’¼’|","35.844988","139.267809","0","1"
"11","é‹ÊŒ§","11209","”Ñ”\Žs","112090053000","‘åŽš’†“¡‰º‹½","35.879952","139.247921","0","1"
"11","é‹ÊŒ§","11209","”Ñ”\Žs","112090054000","‘åŽš¬Šâˆä","35.862367","139.272560","0","1"
"11","é‹ÊŒ§","11209","”Ñ”\Žs","112090055000","‘åŽš‘o–ö","35.855784","139.338565","0","1"
"11","é‹ÊŒ§","11209","”Ñ”\Žs","112090056000","‘åŽš”Ñ”\","35.864509","139.305402","0","1"
"11","é‹ÊŒ§","11209","”Ñ”\Žs","112090057000","‘åŽšˆ¢{","35.828873","139.333024","0","1"
"11","é‹ÊŒ§","11209","”Ñ”\Žs","112090058000","‘åŽš‚ŽR","35.941956","139.217722","0","1"
"11","é‹ÊŒ§","11209","”Ñ”\Žs","112090059000","‘åŽš”’Žq","35.888237","139.274904","0","1"
"11","é‹ÊŒ§","11209","”Ñ”\Žs","112090060000","‘åŽšŒá–ì","35.919689","139.202652","0","1"
"11","é‹ÊŒ§","11209","”Ñ”\Žs","112090061000","‘åŽšâŒ³","35.949902","139.175875","0","1"
"11","é‹ÊŒ§","11209","”Ñ”\Žs","112090062000","‘åŽšŒÕG","35.906194","139.262487","0","1"
"11","é‹ÊŒ§","11209","”Ñ”\Žs","112090063000","‘åŽšâÎ","35.911866","139.212694","0","1"
"11","é‹ÊŒ§","11209","”Ñ”\Žs","112090064000","‘åŽš’†“¡ã‹½","35.887592","139.220513","0","1"
"11","é‹ÊŒ§","11209","”Ñ”\Žs","112090065000","‘åŽšã’¼’|‰º•ª","35.848407","139.246346","0","1"
"11","é‹ÊŒ§","11209","”Ñ”\Žs","112090066000","‘åŽšÔ‘ò","35.858488","139.211837","0","1"
"11","é‹ÊŒ§","11209","”Ñ”\Žs","112090067000","‘åŽšˆäã","35.902496","139.246876","0","1"
"11","é‹ÊŒ§","11209","”Ñ”\Žs","112090068000","‘åŽšŒ´Žsê","35.866643","139.226072","0","1"
"11","é‹ÊŒ§","11209","”Ñ”\Žs","112090069000","‘åŽš’·‘ò","35.926549","139.232869","0","1"
"11","é‹ÊŒ§","11209","”Ñ”\Žs","112090070000","‘åŽš“ì","35.892264","139.200915","0","1"
"11","é‹ÊŒ§","11209","”Ñ”\Žs","112090071000","‘åŽš–kì","35.949813","139.197997","0","1"
"11","é‹ÊŒ§","11209","”Ñ”\Žs","112090072000","‘åŽš“ìì","35.928581","139.179050","0","1"
"11","é‹ÊŒ§","11209","”Ñ”\Žs","112090073000","‘åŽš‰º–¼ŒI","35.868258","139.149707","0","1"
"11","é‹ÊŒ§","11209","”Ñ”\Žs","112090074000","‘åŽšã–¼ŒI","35.910127","139.146502","0","1"
"11","é‹ÊŒ§","11210","‰Á{Žs","112100001001","‹v‰ºˆê’š–Ú","36.120170","139.608646","0","3"
"11","é‹ÊŒ§","11210","‰Á{Žs","112100001002","‹v‰º“ñ’š–Ú","36.119086","139.613861","0","3"
"11","é‹ÊŒ§","11210","‰Á{Žs","112100001003","‹v‰ºŽO’š–Ú","36.123196","139.613426","0","3"
"11","é‹ÊŒ§","11210","‰Á{Žs","112100001004","‹v‰ºŽl’š–Ú","36.117813","139.617699","0","3"
"11","é‹ÊŒ§","11210","‰Á{Žs","112100001005","‹v‰ºŒÜ’š–Ú","36.122075","139.618401","0","3"
"11","é‹ÊŒ§","11210","‰Á{Žs","112100001006","‹v‰º˜Z’š–Ú","36.115971","139.611601","0","3"
"11","é‹ÊŒ§","11210","‰Á{Žs","112100002001","ˆ¤“†ˆê’š–Ú","36.131149","139.586534","0","3"
"11","é‹ÊŒ§","11210","‰Á{Žs","112100002002","ˆ¤“†“ñ’š–Ú","36.132441","139.583969","0","3"
"11","é‹ÊŒ§","11210","‰Á{Žs","112100003001","ìŒûˆê’š–Ú","36.113795","139.661556","0","3"
"11","é‹ÊŒ§","11210","‰Á{Žs","112100003002","ìŒû“ñ’š–Ú","36.113753","139.659431","0","3"
"11","é‹ÊŒ§","11210","‰Á{Žs","112100003003","ìŒûŽO’š–Ú","36.110560","139.661857","0","3"
"11","é‹ÊŒ§","11210","‰Á{Žs","112100003004","ìŒûŽl’š–Ú","36.110273","139.655874","0","3"
"11","é‹ÊŒ§","11210","‰Á{Žs","112100003005","ìŒûŒÜ’š–Ú","36.108298","139.659598","0","3"
"11","é‹ÊŒ§","11210","‰Á{Žs","112100004001","–r’¬ˆê’š–Ú","36.126948","139.605083","0","3"
"11","é‹ÊŒ§","11210","‰Á{Žs","112100004002","–r’¬“ñ’š–Ú","36.127831","139.606809","0","3"
"11","é‹ÊŒ§","11210","‰Á{Žs","112100005001","—zŒõ‘äˆê’š–Ú","36.191908","139.684970","0","3"
"11","é‹ÊŒ§","11210","‰Á{Žs","112100005002","—zŒõ‘ä“ñ’š–Ú","36.192511","139.682658","0","3"
"11","é‹ÊŒ§","11210","‰Á{Žs","112100006000","ŒüìŠÝ’¬","36.128234","139.601136","0","1"
"11","é‹ÊŒ§","11210","‰Á{Žs","112100007000","•l’¬","36.126522","139.610480","0","1"
"11","é‹ÊŒ§","11210","‰Á{Žs","112100008001","“yŽèˆê’š–Ú","36.126339","139.594109","0","3"
"11","é‹ÊŒ§","11210","‰Á{Žs","112100008002","“yŽè“ñ’š–Ú","36.128803","139.590456","0","3"
"11","é‹ÊŒ§","11210","‰Á{Žs","112100009001","’†‰›ˆê’š–Ú","36.125431","139.595992","0","3"
"11","é‹ÊŒ§","11210","‰Á{Žs","112100009002","’†‰›“ñ’š–Ú","36.124550","139.598253","0","3"
"11","é‹ÊŒ§","11210","‰Á{Žs","112100010000","”µŽR’¬","36.107501","139.655958","0","1"
"11","é‹ÊŒ§","11210","‰Á{Žs","112100011001","‘åŒKˆê’š–Ú","36.121618","139.639311","0","3"
"11","é‹ÊŒ§","11210","‰Á{Žs","112100011002","‘åŒK“ñ’š–Ú","36.123458","139.636780","0","3"
"11","é‹ÊŒ§","11210","‰Á{Žs","112100012000","Œ³’¬","36.122434","139.600851","0","1"
"11","é‹ÊŒ§","11210","‰Á{Žs","112100013001","‰Ôè–kˆê’š–Ú","36.111021","139.634271","0","3"
"11","é‹ÊŒ§","11210","‰Á{Žs","112100013002","‰Ôè–k“ñ’š–Ú","36.113484","139.633493","0","3"
"11","é‹ÊŒ§","11210","‰Á{Žs","112100013003","‰Ôè–kŽO’š–Ú","36.115105","139.629452","0","3"
"11","é‹ÊŒ§","11210","‰Á{Žs","112100013004","‰Ôè–kŽl’š–Ú","36.112996","139.627719","0","3"
"11","é‹ÊŒ§","11210","‰Á{Žs","112100014001","“ìŽÂèˆê’š–Ú","36.116987","139.623539","0","3"
"11","é‹ÊŒ§","11210","‰Á{Žs","112100014002","“ìŽÂè“ñ’š–Ú","36.120626","139.623642","0","3"
"11","é‹ÊŒ§","11210","‰Á{Žs","112100015001","•s“®‰ªˆê’š–Ú","36.132968","139.592065","0","3"
"11","é‹ÊŒ§","11210","‰Á{Žs","112100015002","•s“®‰ª“ñ’š–Ú","36.134572","139.587359","0","3"
"11","é‹ÊŒ§","11210","‰Á{Žs","112100015003","•s“®‰ªŽO’š–Ú","36.136264","139.581868","0","3"
"11","é‹ÊŒ§","11210","‰Á{Žs","112100016001","“Œ‰hˆê’š–Ú","36.121229","139.604608","0","3"
"11","é‹ÊŒ§","11210","‰Á{Žs","112100016002","“Œ‰h“ñ’š–Ú","36.124050","139.608398","0","3"
"11","é‹ÊŒ§","11210","‰Á{Žs","112100017001","‰Ôèˆê’š–Ú","36.108386","139.633575","0","3"
"11","é‹ÊŒ§","11210","‰Á{Žs","112100017002","‰Ôè“ñ’š–Ú","36.111118","139.626213","0","3"
"11","é‹ÊŒ§","11210","‰Á{Žs","112100017003","‰ÔèŽO’š–Ú","36.112783","139.619323","0","3"
"11","é‹ÊŒ§","11210","‰Á{Žs","112100017004","‰ÔèŽl’š–Ú","36.114546","139.615160","0","3"
"11","é‹ÊŒ§","11210","‰Á{Žs","112100017005","‰ÔèŒÜ’š–Ú","36.113473","139.609808","0","3"
"11","é‹ÊŒ§","11210","‰Á{Žs","112100018000","‹v‰º","36.117144","139.608393","0","1"
"11","é‹ÊŒ§","11210","‰Á{Žs","112100019000","–{’¬","36.125236","139.602308","0","1"
"11","é‹ÊŒ§","11210","‰Á{Žs","112100020001","ŒÃìˆê’š–Ú","36.166851","139.635829","0","3"
"11","é‹ÊŒ§","11210","‰Á{Žs","112100020002","ŒÃì“ñ’š–Ú","36.150697","139.641190","0","3"
"11","é‹ÊŒ§","11210","‰Á{Žs","112100021000","•xŽmŒ©’¬","36.121083","139.595407","0","1"
"11","é‹ÊŒ§","11210","‰Á{Žs","112100022001","V—˜ªˆê’š–Ú","36.164592","139.636993","0","3"
"11","é‹ÊŒ§","11210","‰Á{Žs","112100022002","V—˜ª“ñ’š–Ú","36.144437","139.646233","0","3"
"11","é‹ÊŒ§","11210","‰Á{Žs","112100023000","‘å–å’¬","36.129499","139.595865","0","1"
"11","é‹ÊŒ§","11210","‰Á{Žs","112100024001","‰º‚–öˆê’š–Ú","36.111195","139.608483","0","3"
"11","é‹ÊŒ§","11210","‰Á{Žs","112100025001","–L–ì‘äˆê’š–Ú","36.128370","139.656373","0","3"
"11","é‹ÊŒ§","11210","‰Á{Žs","112100025002","–L–ì‘ä“ñ’š–Ú","36.123692","139.665803","0","3"
"11","é‹ÊŒ§","11210","‰Á{Žs","112100026000","VˆäV“c","36.120701","139.662752","0","1"
"11","é‹ÊŒ§","11210","‰Á{Žs","112100027000","“ì’¬","36.118815","139.601126","0","1"
"11","é‹ÊŒ§","11210","‰Á{Žs","112100028000","ŠOì","36.105829","139.580346","0","1"
"11","é‹ÊŒ§","11210","‰Á{Žs","112100029000","‹îê","36.179202","139.679016","0","1"
"11","é‹ÊŒ§","11210","‰Á{Žs","112100030000","¼ƒm’J","36.096120","139.575198","0","1"
"11","é‹ÊŒ§","11210","‰Á{Žs","112100031000","¼‰iV“c","36.141532","139.637016","0","1"
"11","é‹ÊŒ§","11210","‰Á{Žs","112100032000","“ì¬•l","36.101546","139.612324","0","1"
"11","é‹ÊŒ§","11210","‰Á{Žs","112100033000","¶o","36.134209","139.651551","0","1"
"11","é‹ÊŒ§","11210","‰Á{Žs","112100034000","ªŒÃ‰®","36.103594","139.587092","0","1"
"11","é‹ÊŒ§","11210","‰Á{Žs","112100035000","‰ºŽí‘«","36.076504","139.579256","0","1"
"11","é‹ÊŒ§","11210","‰Á{Žs","112100036000","ŽÛŽq–Ø","36.138795","139.648837","0","1"
"11","é‹ÊŒ§","11210","‰Á{Žs","112100037000","ŠO‹LV“c","36.156023","139.672757","0","1"
"11","é‹ÊŒ§","11210","‰Á{Žs","112100038000","‘D‰z","36.103059","139.622834","0","1"
"11","é‹ÊŒ§","11210","‰Á{Žs","112100039000","íò","36.102493","139.602452","0","1"
"11","é‹ÊŒ§","11210","‰Á{Žs","112100040000","‰ºŽO–“","36.146119","139.607984","0","1"
"11","é‹ÊŒ§","11210","‰Á{Žs","112100041000","‰Ôè","36.108353","139.624598","0","1"
"11","é‹ÊŒ§","11210","‰Á{Žs","112100042000","¡–g","36.086635","139.627922","0","1"
"11","é‹ÊŒ§","11210","‰Á{Žs","112100043000","²”g","36.173059","139.644855","0","1"
"11","é‹ÊŒ§","11210","‰Á{Žs","112100044000","ìŒû","36.115643","139.657477","0","1"
"11","é‹ÊŒ§","11210","‰Á{Žs","112100045000","’†“n","36.156894","139.685077","0","1"
"11","é‹ÊŒ§","11210","‰Á{Žs","112100046000","Š„–Ú","36.084152","139.619153","0","1"
"11","é‹ÊŒ§","11210","‰Á{Žs","112100047000","ˆ¢²ŠÔ","36.133536","139.657832","0","1"
"11","é‹ÊŒ§","11210","‰Á{Žs","112100048000","³”\","36.110931","139.573098","0","1"
"11","é‹ÊŒ§","11210","‰Á{Žs","112100049000","—ç‰H","36.124891","139.586921","0","1"
"11","é‹ÊŒ§","11210","‰Á{Žs","112100050000","’†ƒm–Ú","36.094245","139.558870","0","1"
"11","é‹ÊŒ§","11210","‰Á{Žs","112100051000","–k•½–ì","36.146679","139.657282","0","1"
"11","é‹ÊŒ§","11210","‰Á{Žs","112100052000","–k’Ò","36.092419","139.630042","0","1"
"11","é‹ÊŒ§","11210","‰Á{Žs","112100053000","ˆÉ‰ê‘Ü","36.177857","139.685994","0","1"
"11","é‹ÊŒ§","11210","‰Á{Žs","112100054000","×ŠÔ","36.157134","139.650451","0","1"
"11","é‹ÊŒ§","11210","‰Á{Žs","112100055000","“à“cƒP’J","36.113646","139.552110","0","1"
"11","é‹ÊŒ§","11210","‰Á{Žs","112100056000","‘åŽº","36.096764","139.620188","0","1"
"11","é‹ÊŒ§","11210","‰Á{Žs","112100057000","ŠO–ì","36.173678","139.636220","0","1"
"11","é‹ÊŒ§","11210","‰Á{Žs","112100058000","–í•º‰q","36.169412","139.655542","0","1"
"11","é‹ÊŒ§","11210","‰Á{Žs","112100059000","‹R¼","36.103916","139.572188","0","1"
"11","é‹ÊŒ§","11210","‰Á{Žs","112100060000","‹øì","36.137980","139.528916","0","1"
"11","é‹ÊŒ§","11210","‰Á{Žs","112100061000","ŠÔŒû","36.125745","139.670392","0","1"
"11","é‹ÊŒ§","11210","‰Á{Žs","112100062000","ŠO“cƒP’J","36.115246","139.537946","0","1"
"11","é‹ÊŒ§","11210","‰Á{Žs","112100063000","“úoˆÀ","36.108487","139.588739","0","1"
"11","é‹ÊŒ§","11210","‰Á{Žs","112100064000","“¹’n","36.117648","139.554850","0","1"
"11","é‹ÊŒ§","11210","‰Á{Žs","112100065000","–ûˆäƒP“‡","36.093142","139.610961","0","1"
"11","é‹ÊŒ§","11210","‰Á{Žs","112100066000","ŒËŽº","36.089032","139.571539","0","1"
"11","é‹ÊŒ§","11210","‰Á{Žs","112100067000","’¬‰®V“c","36.153568","139.608845","0","1"
"11","é‹ÊŒ§","11210","‰Á{Žs","112100068000","“ìŽÂè","36.115903","139.634373","0","1"
"11","é‹ÊŒ§","11210","‰Á{Žs","112100069000","ŒËì","36.158856","139.596445","0","1"
"11","é‹ÊŒ§","11210","‰Á{Žs","112100070000","‰ªŒÃˆä","36.142999","139.579884","0","1"
"11","é‹ÊŒ§","11210","‰Á{Žs","112100071000","“¹–Ú","36.149809","139.650951","0","1"
"11","é‹ÊŒ§","11210","‰Á{Žs","112100072000","‰º‚–ö","36.109754","139.604614","0","1"
"11","é‹ÊŒ§","11210","‰Á{Žs","112100073000","‘½–åŽ›","36.134720","139.623037","0","1"
"11","é‹ÊŒ§","11210","‰Á{Žs","112100074000","ˆ¢—Çì","36.126081","139.542559","0","1"
"11","é‹ÊŒ§","11210","‰Á{Žs","112100075000","‹ÕŠñ","36.130567","139.672407","0","1"
"11","é‹ÊŒ§","11210","‰Á{Žs","112100076000","–k‘åŒK","36.127740","139.642224","0","1"
"11","é‹ÊŒ§","11210","‰Á{Žs","112100077000","•½‰i","36.126098","139.560705","0","1"
"11","é‹ÊŒ§","11210","‰Á{Žs","112100078000","ã”óŒ­ì","36.162112","139.631171","0","1"
"11","é‹ÊŒ§","11210","‰Á{Žs","112100079000","¬–ì‘Ü","36.204093","139.666247","0","1"
"11","é‹ÊŒ§","11210","‰Á{Žs","112100080000","’†”óŒ­ì","36.158608","139.620112","0","1"
"11","é‹ÊŒ§","11210","‰Á{Žs","112100081000","‰ºè","36.101809","139.563133","0","1"
"11","é‹ÊŒ§","11210","‰Á{Žs","112100082000","”n“à","36.129094","139.575843","0","1"
"11","é‹ÊŒ§","11210","‰Á{Žs","112100083000","Vì’Ê","36.162996","139.669785","0","1"
"11","é‹ÊŒ§","11210","‰Á{Žs","112100084000","–k¬•l","36.135013","139.615085","0","1"
"11","é‹ÊŒ§","11210","‰Á{Žs","112100085000","‹d","36.095691","139.596983","0","1"
"11","é‹ÊŒ§","11210","‰Á{Žs","112100086000","–{‹½","36.161294","139.689043","0","1"
"11","é‹ÊŒ§","11210","‰Á{Žs","112100087000","ã‚–ö","36.115406","139.591839","0","1"
"11","é‹ÊŒ§","11210","‰Á{Žs","112100088000","ˆðŒs","36.080376","139.592221","0","1"
"11","é‹ÊŒ§","11210","‰Á{Žs","112100089000","ŒËè","36.118097","139.569501","0","1"
"11","é‹ÊŒ§","11210","‰Á{Žs","112100090000","”ÑÏ","36.188632","139.634349","0","1"
"11","é‹ÊŒ§","11210","‰Á{Žs","112100091000","ãè","36.107115","139.546407","0","1"
"11","é‹ÊŒ§","11210","‰Á{Žs","112100092000","–ö¶","36.202418","139.656492","0","1"
"11","é‹ÊŒ§","11210","‰Á{Žs","112100093000","’†Ží‘«","36.079405","139.570218","0","1"
"11","é‹ÊŒ§","11210","‰Á{Žs","112100094000","ŒüŒÃ‰Í","36.188308","139.682961","0","1"
"11","é‹ÊŒ§","11210","‰Á{Žs","112100095000","”ŒË","36.197152","139.678375","0","1"
"11","é‹ÊŒ§","11210","‰Á{Žs","112100096000","…[","36.096184","139.637630","0","1"
"11","é‹ÊŒ§","11210","‰Á{Žs","112100097000","–kŽÂè","36.134930","139.634998","0","1"
"11","é‹ÊŒ§","11210","‰Á{Žs","112100098000","»Œ´","36.158920","139.658423","0","1"
"11","é‹ÊŒ§","11210","‰Á{Žs","112100099000","‰º’J","36.148388","139.590594","0","1"
"11","é‹ÊŒ§","11210","‰Á{Žs","112100100000","Žu‘½Œ©","36.132951","139.553598","0","1"
"11","é‹ÊŒ§","11210","‰Á{Žs","112100101000","‰º”óŒ­ì","36.149309","139.629093","0","1"
"11","é‹ÊŒ§","11210","‰Á{Žs","112100102000","ƒŒs","36.089092","139.590217","0","1"
"11","é‹ÊŒ§","11210","‰Á{Žs","112100103000","“ì‘åŒK","36.114913","139.644148","0","1"
"11","é‹ÊŒ§","11210","‰Á{Žs","112100104000","ãŽí‘«","36.084680","139.553485","0","1"
"11","é‹ÊŒ§","11210","‰Á{Žs","112100105000","‰h","36.175642","139.667323","0","1"
"11","é‹ÊŒ§","11210","‰Á{Žs","112100106000","”ž‘q","36.185146","139.651742","0","1"
"11","é‹ÊŒ§","11210","‰Á{Žs","112100107000","‘å‰z","36.180632","139.618714","0","1"
"11","é‹ÊŒ§","11210","‰Á{Žs","112100108001","z–Kˆê’š–Ú","36.131674","139.596884","0","3"
"11","é‹ÊŒ§","11210","‰Á{Žs","112100108002","z–K“ñ’š–Ú","36.129433","139.602296","0","3"
"11","é‹ÊŒ§","11210","‰Á{Žs","112100109001","ŽO–“ˆê’š–Ú","36.134163","139.598937","0","3"
"11","é‹ÊŒ§","11210","‰Á{Žs","112100109002","ŽO–““ñ’š–Ú","36.131627","139.604101","0","3"
"11","é‹ÊŒ§","11210","‰Á{Žs","112100110000","•s“®‰ª","36.139752","139.594161","0","1"
"11","é‹ÊŒ§","11210","‰Á{Žs","112100111000","ãŽO–“","36.138328","139.607743","0","1"
"11","é‹ÊŒ§","11210","‰Á{Žs","112100112000","–k‰ºVˆä","36.140186","139.668453","0","1"
"11","é‹ÊŒ§","11210","‰Á{Žs","112100113001","–k‰ºVˆäˆê’š–Ú","36.137737","139.684367","0","3"
"11","é‹ÊŒ§","11210","‰Á{Žs","112100114001","Šøˆäˆê’š–Ú","36.143453","139.690648","0","3"
"11","é‹ÊŒ§","11210","‰Á{Žs","112100114002","Šøˆä“ñ’š–Ú","36.141181","139.688585","0","3"
"11","é‹ÊŒ§","11210","‰Á{Žs","112100114003","ŠøˆäŽO’š–Ú","36.139108","139.685905","0","3"
"11","é‹ÊŒ§","11210","‰Á{Žs","112100115000","Šøˆä","36.146838","139.691783","0","1"
"11","é‹ÊŒ§","11211","–{¯Žs","112110001001","ŒÜ\Žqˆê’š–Ú","36.227211","139.193647","0","3"
"11","é‹ÊŒ§","11211","–{¯Žs","112110001002","ŒÜ\Žq“ñ’š–Ú","36.226731","139.196374","0","3"
"11","é‹ÊŒ§","11211","–{¯Žs","112110001003","ŒÜ\ŽqŽO’š–Ú","36.227191","139.199698","0","3"
"11","é‹ÊŒ§","11211","–{¯Žs","112110002001","Œ©•Ÿˆê’š–Ú","36.232949","139.181233","0","3"
"11","é‹ÊŒ§","11211","–{¯Žs","112110002002","Œ©•Ÿ“ñ’š–Ú","36.232076","139.184221","0","3"
"11","é‹ÊŒ§","11211","–{¯Žs","112110002003","Œ©•ŸŽO’š–Ú","36.228967","139.181205","0","3"
"11","é‹ÊŒ§","11211","–{¯Žs","112110002004","Œ©•ŸŽl’š–Ú","36.230320","139.177983","0","3"
"11","é‹ÊŒ§","11211","–{¯Žs","112110002005","Œ©•ŸŒÜ’š–Ú","36.230059","139.175426","0","3"
"11","é‹ÊŒ§","11211","–{¯Žs","112110003001","–œ”NŽ›ˆê’š–Ú","36.251567","139.165449","0","3"
"11","é‹ÊŒ§","11211","–{¯Žs","112110003002","–œ”NŽ›“ñ’š–Ú","36.252194","139.163601","0","3"
"11","é‹ÊŒ§","11211","–{¯Žs","112110003003","–œ”NŽ›ŽO’š–Ú","36.252913","139.161205","0","3"
"11","é‹ÊŒ§","11211","–{¯Žs","112110004001","Ž™‹Ê’¬Ž™‹Ê“ìˆê’š–Ú","36.184818","139.130085","0","3"
"11","é‹ÊŒ§","11211","–{¯Žs","112110004002","Ž™‹Ê’¬Ž™‹Ê“ì“ñ’š–Ú","36.184412","139.133015","0","3"
"11","é‹ÊŒ§","11211","–{¯Žs","112110004003","Ž™‹Ê’¬Ž™‹Ê“ìŽO’š–Ú","36.184644","139.135730","0","3"
"11","é‹ÊŒ§","11211","–{¯Žs","112110004004","Ž™‹Ê’¬Ž™‹Ê“ìŽl’š–Ú","36.182211","139.132979","0","3"
"11","é‹ÊŒ§","11211","–{¯Žs","112110005001","‹âÀˆê’š–Ú","36.239406","139.184082","0","3"
"11","é‹ÊŒ§","11211","–{¯Žs","112110005002","‹âÀ“ñ’š–Ú","36.239125","139.187837","0","3"
"11","é‹ÊŒ§","11211","–{¯Žs","112110005003","‹âÀŽO’š–Ú","36.237846","139.186631","0","3"
"11","é‹ÊŒ§","11211","–{¯Žs","112110006001","’†‰›ˆê’š–Ú","36.241650","139.186796","0","3"
"11","é‹ÊŒ§","11211","–{¯Žs","112110006002","’†‰›“ñ’š–Ú","36.243260","139.187041","0","3"
"11","é‹ÊŒ§","11211","–{¯Žs","112110006003","’†‰›ŽO’š–Ú","36.242523","139.183278","0","3"
"11","é‹ÊŒ§","11211","–{¯Žs","112110007001","Žl‹G‚Ì—¢ˆê’š–Ú","36.226077","139.194188","0","3"
"11","é‹ÊŒ§","11211","–{¯Žs","112110007002","Žl‹G‚Ì—¢“ñ’š–Ú","36.224357","139.195742","0","3"
"11","é‹ÊŒ§","11211","–{¯Žs","112110007003","Žl‹G‚Ì—¢ŽO’š–Ú","36.223014","139.196217","0","3"
"11","é‹ÊŒ§","11211","–{¯Žs","112110008001","“Œ‘äˆê’š–Ú","36.234295","139.194741","0","3"
"11","é‹ÊŒ§","11211","–{¯Žs","112110008002","“Œ‘ä“ñ’š–Ú","36.236554","139.195272","0","3"
"11","é‹ÊŒ§","11211","–{¯Žs","112110008003","“Œ‘äŽO’š–Ú","36.238534","139.195545","0","3"
"11","é‹ÊŒ§","11211","–{¯Žs","112110008004","“Œ‘äŽl’š–Ú","36.239851","139.197034","0","3"
"11","é‹ÊŒ§","11211","–{¯Žs","112110008005","“Œ‘äŒÜ’š–Ú","36.242808","139.197551","0","3"
"11","é‹ÊŒ§","11211","–{¯Žs","112110009001","ç‘ã“cˆê’š–Ú","36.240624","139.180739","0","3"
"11","é‹ÊŒ§","11211","–{¯Žs","112110009002","ç‘ã“c“ñ’š–Ú","36.242530","139.176265","0","3"
"11","é‹ÊŒ§","11211","–{¯Žs","112110009003","ç‘ã“cŽO’š–Ú","36.244670","139.178830","0","3"
"11","é‹ÊŒ§","11211","–{¯Žs","112110009004","ç‘ã“cŽl’š–Ú","36.243532","139.181025","0","3"
"11","é‹ÊŒ§","11211","–{¯Žs","112110010001","”ˆê’š–Ú","36.235766","139.176177","0","3"
"11","é‹ÊŒ§","11211","–{¯Žs","112110010002","”“ñ’š–Ú","36.231878","139.175912","0","3"
"11","é‹ÊŒ§","11211","–{¯Žs","112110011001","“ìˆê’š–Ú","36.236913","139.182692","0","3"
"11","é‹ÊŒ§","11211","–{¯Žs","112110011002","“ì“ñ’š–Ú","36.234387","139.179322","0","3"
"11","é‹ÊŒ§","11211","–{¯Žs","112110012001","‚¯‚â–Øˆê’š–Ú","36.231575","139.187090","0","3"
"11","é‹ÊŒ§","11211","–{¯Žs","112110012002","‚¯‚â–Ø“ñ’š–Ú","36.230142","139.189793","0","3"
"11","é‹ÊŒ§","11211","–{¯Žs","112110012003","‚¯‚â–ØŽO’š–Ú","36.228518","139.186373","0","3"
"11","é‹ÊŒ§","11211","–{¯Žs","112110013001","–{¯ˆê’š–Ú","36.237838","139.189655","0","3"
"11","é‹ÊŒ§","11211","–{¯Žs","112110013002","–{¯“ñ’š–Ú","36.237500","139.191660","0","3"
"11","é‹ÊŒ§","11211","–{¯Žs","112110013003","–{¯ŽO’š–Ú","36.242246","139.192117","0","3"
"11","é‹ÊŒ§","11211","–{¯Žs","112110013004","–{¯Žl’š–Ú","36.245401","139.192715","0","3"
"11","é‹ÊŒ§","11211","–{¯Žs","112110014001","‚¢‚Ü‚¢‘äˆê’š–Ú","36.223715","139.161563","0","3"
"11","é‹ÊŒ§","11211","–{¯Žs","112110014002","‚¢‚Ü‚¢‘ä“ñ’š–Ú","36.221797","139.159188","0","3"
"11","é‹ÊŒ§","11211","–{¯Žs","112110014003","‚¢‚Ü‚¢‘äŽO’š–Ú","36.218017","139.158217","0","3"
"11","é‹ÊŒ§","11211","–{¯Žs","112110015001","‰º–ì“°ˆê’š–Ú","36.249059","139.165724","0","3"
"11","é‹ÊŒ§","11211","–{¯Žs","112110015002","‰º–ì“°“ñ’š–Ú","36.249219","139.162579","0","3"
"11","é‹ÊŒ§","11211","–{¯Žs","112110015003","‰º–ì“°ŽO’š–Ú","36.250650","139.158941","0","3"
"11","é‹ÊŒ§","11211","–{¯Žs","112110016001","¬“‡“ìˆê’š–Ú","36.242361","139.171464","0","3"
"11","é‹ÊŒ§","11211","–{¯Žs","112110016002","¬“‡“ì“ñ’š–Ú","36.240653","139.169204","0","3"
"11","é‹ÊŒ§","11211","–{¯Žs","112110016003","¬“‡“ìŽO’š–Ú","36.241508","139.164676","0","3"
"11","é‹ÊŒ§","11211","–{¯Žs","112110016004","¬“‡“ìŽl’š–Ú","36.244211","139.167333","0","3"
"11","é‹ÊŒ§","11211","–{¯Žs","112110017001","—Îˆê’š–Ú","36.227084","139.180648","0","3"
"11","é‹ÊŒ§","11211","–{¯Žs","112110017002","—Î“ñ’š–Ú","36.227656","139.176823","0","3"
"11","é‹ÊŒ§","11211","–{¯Žs","112110017003","—ÎŽO’š–Ú","36.227807","139.172607","0","3"
"11","é‹ÊŒ§","11211","–{¯Žs","112110018001","‘ˆî“c‚Ì“mˆê’š–Ú","36.219130","139.180982","0","3"
"11","é‹ÊŒ§","11211","–{¯Žs","112110018002","‘ˆî“c‚Ì“m“ñ’š–Ú","36.221022","139.183317","0","3"
"11","é‹ÊŒ§","11211","–{¯Žs","112110018003","‘ˆî“c‚Ì“mŽO’š–Ú","36.223713","139.181667","0","3"
"11","é‹ÊŒ§","11211","–{¯Žs","112110018004","‘ˆî“c‚Ì“mŽl’š–Ú","36.224946","139.184495","0","3"
"11","é‹ÊŒ§","11211","–{¯Žs","112110018005","‘ˆî“c‚Ì“mŒÜ’š–Ú","36.218904","139.187045","0","3"
"11","é‹ÊŒ§","11211","–{¯Žs","112110019001","¬“‡ˆê’š–Ú","36.245747","139.173085","0","3"
"11","é‹ÊŒ§","11211","–{¯Žs","112110019002","¬“‡“ñ’š–Ú","36.247474","139.169825","0","3"
"11","é‹ÊŒ§","11211","–{¯Žs","112110019003","¬“‡ŽO’š–Ú","36.248818","139.167863","0","3"
"11","é‹ÊŒ§","11211","–{¯Žs","112110019004","¬“‡Žl’š–Ú","36.250437","139.171344","0","3"
"11","é‹ÊŒ§","11211","–{¯Žs","112110019005","¬“‡ŒÜ’š–Ú","36.249065","139.174485","0","3"
"11","é‹ÊŒ§","11211","–{¯Žs","112110019006","¬“‡˜Z’š–Ú","36.247437","139.178174","0","3"
"11","é‹ÊŒ§","11211","–{¯Žs","112110020001","‰hˆê’š–Ú","36.238449","139.173137","0","3"
"11","é‹ÊŒ§","11211","–{¯Žs","112110020002","‰h“ñ’š–Ú","36.235108","139.172372","0","3"
"11","é‹ÊŒ§","11211","–{¯Žs","112110020003","‰hŽO’š–Ú","36.230909","139.172095","0","3"
"11","é‹ÊŒ§","11211","–{¯Žs","112110021001","’©“ú’¬ˆê’š–Ú","36.232067","139.193092","0","3"
"11","é‹ÊŒ§","11211","–{¯Žs","112110021002","’©“ú’¬“ñ’š–Ú","36.230601","139.196296","0","3"
"11","é‹ÊŒ§","11211","–{¯Žs","112110021003","’©“ú’¬ŽO’š–Ú","36.229568","139.192720","0","3"
"11","é‹ÊŒ§","11211","–{¯Žs","112110022001","“ú‚Ìoˆê’š–Ú","36.232010","139.198709","0","3"
"11","é‹ÊŒ§","11211","–{¯Žs","112110022002","“ú‚Ìo“ñ’š–Ú","36.234423","139.199635","0","3"
"11","é‹ÊŒ§","11211","–{¯Žs","112110022003","“ú‚ÌoŽO’š–Ú","36.235744","139.202921","0","3"
"11","é‹ÊŒ§","11211","–{¯Žs","112110022004","“ú‚ÌoŽl’š–Ú","36.239514","139.201507","0","3"
"11","é‹ÊŒ§","11211","–{¯Žs","112110023001","Žõˆê’š–Ú","36.228783","139.202021","0","3"
"11","é‹ÊŒ§","11211","–{¯Žs","112110023002","Žõ“ñ’š–Ú","36.231379","139.204585","0","3"
"11","é‹ÊŒ§","11211","–{¯Žs","112110023003","ŽõŽO’š–Ú","36.232407","139.209269","0","3"
"11","é‹ÊŒ§","11211","–{¯Žs","112110024001","‘OŒ´ˆê’š–Ú","36.238380","139.180086","0","3"
"11","é‹ÊŒ§","11211","–{¯Žs","112110024002","‘OŒ´“ñ’š–Ú","36.239915","139.175653","0","3"
"11","é‹ÊŒ§","11211","–{¯Žs","112110025000","ãmŽè","36.261383","139.207072","0","1"
"11","é‹ÊŒ§","11211","–{¯Žs","112110026001","‰w“ìˆê’š–Ú","36.235633","139.185193","0","3"
"11","é‹ÊŒ§","11211","–{¯Žs","112110026002","‰w“ì“ñ’š–Ú","36.233834","139.189346","0","3"
"11","é‹ÊŒ§","11211","–{¯Žs","112110027001","Žáòˆê’š–Ú","36.246008","139.187421","0","3"
"11","é‹ÊŒ§","11211","–{¯Žs","112110027002","Žáò“ñ’š–Ú","36.246782","139.183253","0","3"
"11","é‹ÊŒ§","11211","–{¯Žs","112110027003","ŽáòŽO’š–Ú","36.249312","139.186151","0","3"
"11","é‹ÊŒ§","11211","–{¯Žs","112110028000","™ŽR","36.258962","139.168288","0","1"
"11","é‹ÊŒ§","11211","–{¯Žs","112110029000","Ž™‹Ê’¬‚ŠÖ","36.217321","139.160095","0","1"
"11","é‹ÊŒ§","11211","–{¯Žs","112110030000","‰º–ì“°","36.245926","139.164022","0","1"
"11","é‹ÊŒ§","11211","–{¯Žs","112110031000","Ž™‹Ê’¬Œ³“c","36.168874","139.108132","0","1"
"11","é‹ÊŒ§","11211","–{¯Žs","112110032000","Ž™‹Ê’¬’·‰«","36.179613","139.125188","0","1"
"11","é‹ÊŒ§","11211","–{¯Žs","112110033000","‹¤‰h","36.222173","139.142940","0","1"
"11","é‹ÊŒ§","11211","–{¯Žs","112110034000","“Œ•x“c","36.221582","139.175012","0","1"
"11","é‹ÊŒ§","11211","–{¯Žs","112110035000","Ž™‹Ê’¬‰º^‰º","36.217057","139.143943","0","1"
"11","é‹ÊŒ§","11211","–{¯Žs","112110036000","“s“‡","36.258948","139.174702","0","1"
"11","é‹ÊŒ§","11211","–{¯Žs","112110037000","Ž™‹Ê’¬“c’[","36.196131","139.112717","0","1"
"11","é‹ÊŒ§","11211","–{¯Žs","112110038000","Žl•û“c","36.219213","139.169765","0","1"
"11","é‹ÊŒ§","11211","–{¯Žs","112110039000","‰LX","36.232858","139.215805","0","1"
"11","é‹ÊŒ§","11211","–{¯Žs","112110040000","‘ê£","36.229553","139.241753","0","1"
"11","é‹ÊŒ§","11211","–{¯Žs","112110041000","Ž™‹Ê’¬•Û–Ø–ì","36.203369","139.115248","0","1"
"11","é‹ÊŒ§","11211","–{¯Žs","112110042000","¬“‡","36.254462","139.168526","0","1"
"11","é‹ÊŒ§","11211","–{¯Žs","112110043000","“ŒŒÜ\Žq","36.226387","139.213191","0","1"
"11","é‹ÊŒ§","11211","–{¯Žs","112110044000","–TŽ¦“°","36.240344","139.212290","0","1"
"11","é‹ÊŒ§","11211","–{¯Žs","112110045000","Ž™‹Ê’¬‹¤‰h","36.216126","139.134667","0","1"
"11","é‹ÊŒ§","11211","–{¯Žs","112110046000","Ž™‹Ê’¬”ª”¦ŽR","36.196127","139.128566","0","1"
"11","é‹ÊŒ§","11211","–{¯Žs","112110047000","¼ŒÜ\Žq","36.223059","139.203786","0","1"
"11","é‹ÊŒ§","11211","–{¯Žs","112110048000","“c’†","36.256470","139.194607","0","1"
"11","é‹ÊŒ§","11211","–{¯Žs","112110049000","¼•x“c","36.230704","139.165533","0","1"
"11","é‹ÊŒ§","11211","–{¯Žs","112110050000","–k–x","36.221917","139.191481","0","1"
"11","é‹ÊŒ§","11211","–{¯Žs","112110051000","–x“c","36.228788","139.233536","0","1"
"11","é‹ÊŒ§","11211","–{¯Žs","112110052000","ŽR‰¤“°","36.262930","139.187642","0","1"
"11","é‹ÊŒ§","11211","–{¯Žs","112110053000","‹{ŒË","36.240362","139.239453","0","1"
"11","é‹ÊŒ§","11211","–{¯Žs","112110054000","‰ºmŽè","36.253126","139.222236","0","1"
"11","é‹ÊŒ§","11211","–{¯Žs","112110055000","Ž™‹Ê’¬ã^‰º","36.207840","139.132433","0","1"
"11","é‹ÊŒ§","11211","–{¯Žs","112110056000","‹vX‰F","36.254144","139.202623","0","1"
"11","é‹ÊŒ§","11211","–{¯Žs","112110057000","Ž™‹Ê’¬“üóŒ©","36.200870","139.155911","0","1"
"11","é‹ÊŒ§","11211","–{¯Žs","112110058000","À˜a“c","36.256085","139.183810","0","1"
"11","é‹ÊŒ§","11211","–{¯Žs","112110059000","Ž™‹Ê’¬‰ºóŒ©","36.212761","139.166005","0","1"
"11","é‹ÊŒ§","11211","–{¯Žs","112110060000","¬˜a£","36.245998","139.230385","0","1"
"11","é‹ÊŒ§","11211","–{¯Žs","112110061000","Ž™‹Ê’¬‹g“c—Ñ","36.199810","139.137918","0","1"
"11","é‹ÊŒ§","11211","–{¯Žs","112110062000","Vˆä","36.267258","139.174716","0","1"
"11","é‹ÊŒ§","11211","–{¯Žs","112110063000","ŒIè","36.212266","139.183770","0","1"
"11","é‹ÊŒ§","11211","–{¯Žs","112110064000","Ž™‹Ê’¬‰–’J","36.183051","139.106411","0","1"
"11","é‹ÊŒ§","11211","–{¯Žs","112110065000","–q¼","36.234986","139.227329","0","1"
"11","é‹ÊŒ§","11211","–{¯Žs","112110066000","¡ˆä","36.225523","139.152896","0","1"
"11","é‹ÊŒ§","11211","–{¯Žs","112110067000","Ž™‹Ê’¬‚–ö","36.173929","139.108248","0","1"
"11","é‹ÊŒ§","11211","–{¯Žs","112110068000","Ž™‹Ê’¬•gì","36.207460","139.147510","0","1"
"11","é‹ÊŒ§","11211","–{¯Žs","112110069000","mŽè","36.248813","139.214459","0","1"
"11","é‹ÊŒ§","11211","–{¯Žs","112110070000","Ž™‹Ê’¬‹{“à","36.180786","139.082993","0","1"
"11","é‹ÊŒ§","11211","–{¯Žs","112110071000","Ž™‹Ê’¬‹à‰®","36.189267","139.120434","0","1"
"11","é‹ÊŒ§","11211","–{¯Žs","112110072000","Ž™‹Ê’¬”Ñ‘q","36.179116","139.092793","0","1"
"11","é‹ÊŒ§","11211","–{¯Žs","112110073000","Ž™‹Ê’¬Ž™‹Ê","36.187876","139.142090","0","1"
"11","é‹ÊŒ§","11211","–{¯Žs","112110074000","Ž™‹Ê’¬ˆî‘ò","36.159485","139.080311","0","1"
"11","é‹ÊŒ§","11211","–{¯Žs","112110075000","Ž™‹Ê’¬‰Í“à","36.152136","139.091088","0","1"
"11","é‹ÊŒ§","11211","–{¯Žs","112110076000","Ž™‹Ê’¬HŽR","36.164842","139.135570","0","1"
"11","é‹ÊŒ§","11211","–{¯Žs","112110077000","Ž™‹Ê’¬‘¾‘Ê","36.133118","139.073797","0","1"
"11","é‹ÊŒ§","11211","–{¯Žs","112110078000","Ž™‹Ê’¬¬•½","36.160210","139.116832","0","1"
"11","é‹ÊŒ§","11212","“Œ¼ŽRŽs","112120001000","‘åŽš‘å••”","35.996817","139.403816","0","1"
"11","é‹ÊŒ§","11212","“Œ¼ŽRŽs","112120002001","‚ ‚¸‚Ü’¬ˆê’š–Ú","36.007283","139.406852","0","3"
"11","é‹ÊŒ§","11212","“Œ¼ŽRŽs","112120002002","‚ ‚¸‚Ü’¬“ñ’š–Ú","36.005152","139.406028","0","3"
"11","é‹ÊŒ§","11212","“Œ¼ŽRŽs","112120002003","‚ ‚¸‚Ü’¬ŽO’š–Ú","36.003160","139.406035","0","3"
"11","é‹ÊŒ§","11212","“Œ¼ŽRŽs","112120002004","‚ ‚¸‚Ü’¬Žl’š–Ú","36.004700","139.411205","0","3"
"11","é‹ÊŒ§","11212","“Œ¼ŽRŽs","112120003000","»“c’¬","36.042834","139.413014","0","1"
"11","é‹ÊŒ§","11212","“Œ¼ŽRŽs","112120004001","–{’¬ˆê’š–Ú","36.042582","139.406168","0","3"
"11","é‹ÊŒ§","11212","“Œ¼ŽRŽs","112120004002","–{’¬“ñ’š–Ú","36.038608","139.405742","0","3"
"11","é‹ÊŒ§","11212","“Œ¼ŽRŽs","112120005000","˜Z”½’¬","36.036158","139.414628","0","1"
"11","é‹ÊŒ§","11212","“Œ¼ŽRŽs","112120006000","Þ–Ø’¬","36.040269","139.402607","0","1"
"11","é‹ÊŒ§","11212","“Œ¼ŽRŽs","112120007001","¼—t’¬ˆê’š–Ú","36.040861","139.399085","0","3"
"11","é‹ÊŒ§","11212","“Œ¼ŽRŽs","112120007002","¼—t’¬“ñ’š–Ú","36.042342","139.394327","0","3"
"11","é‹ÊŒ§","11212","“Œ¼ŽRŽs","112120007003","¼—t’¬ŽO’š–Ú","36.039100","139.394185","0","3"
"11","é‹ÊŒ§","11212","“Œ¼ŽRŽs","112120007004","¼—t’¬Žl’š–Ú","36.040013","139.388238","0","3"
"11","é‹ÊŒ§","11212","“Œ¼ŽRŽs","112120008000","¬¼Œ´’¬","36.044487","139.409787","0","1"
"11","é‹ÊŒ§","11212","“Œ¼ŽRŽs","112120009001","û‹|’¬ˆê’š–Ú","36.035595","139.402516","0","3"
"11","é‹ÊŒ§","11212","“Œ¼ŽRŽs","112120009002","û‹|’¬“ñ’š–Ú","36.033448","139.398743","0","3"
"11","é‹ÊŒ§","11212","“Œ¼ŽRŽs","112120009003","û‹|’¬ŽO’š–Ú","36.036787","139.396223","0","3"
"11","é‹ÊŒ§","11212","“Œ¼ŽRŽs","112120010000","K’¬","36.030423","139.400057","0","1"
"11","é‹ÊŒ§","11212","“Œ¼ŽRŽs","112120011000","”’ŽR‘ä","35.995769","139.385300","0","1"
"11","é‹ÊŒ§","11212","“Œ¼ŽRŽs","112120012001","Žá¼’¬ˆê’š–Ú","36.029414","139.408079","0","3"
"11","é‹ÊŒ§","11212","“Œ¼ŽRŽs","112120012002","Žá¼’¬“ñ’š–Ú","36.028210","139.412331","0","3"
"11","é‹ÊŒ§","11212","“Œ¼ŽRŽs","112120013001","_–¾’¬ˆê’š–Ú","36.035090","139.406816","0","3"
"11","é‹ÊŒ§","11212","“Œ¼ŽRŽs","112120013002","_–¾’¬“ñ’š–Ú","36.030506","139.404389","0","3"
"11","é‹ÊŒ§","11212","“Œ¼ŽRŽs","112120014001","¼ŽR’¬ˆê’š–Ú","36.046046","139.395810","0","3"
"11","é‹ÊŒ§","11212","“Œ¼ŽRŽs","112120014002","¼ŽR’¬“ñ’š–Ú","36.045177","139.387565","0","3"
"11","é‹ÊŒ§","11212","“Œ¼ŽRŽs","112120014003","¼ŽR’¬ŽO’š–Ú","36.046655","139.390017","0","3"
"11","é‹ÊŒ§","11212","“Œ¼ŽRŽs","112120015001","¼–{’¬ˆê’š–Ú","36.039834","139.409747","0","3"
"11","é‹ÊŒ§","11212","“Œ¼ŽRŽs","112120015002","¼–{’¬“ñ’š–Ú","36.039660","139.415198","0","3"
"11","é‹ÊŒ§","11212","“Œ¼ŽRŽs","112120016000","˜ZŒ¬’¬","36.033277","139.414919","0","1"
"11","é‹ÊŒ§","11212","“Œ¼ŽRŽs","112120017000","”ü“y—¢’¬","36.034794","139.389782","0","1"
"11","é‹ÊŒ§","11212","“Œ¼ŽRŽs","112120018000","Œä’ƒŽR’¬","36.034761","139.410601","0","1"
"11","é‹ÊŒ§","11212","“Œ¼ŽRŽs","112120019001","Œ³hˆê’š–Ú","36.001427","139.396740","0","3"
"11","é‹ÊŒ§","11212","“Œ¼ŽRŽs","112120019002","Œ³h“ñ’š–Ú","36.003418","139.393057","0","3"
"11","é‹ÊŒ§","11212","“Œ¼ŽRŽs","112120020000","“ú‹g’¬","36.044348","139.402129","0","1"
"11","é‹ÊŒ§","11212","“Œ¼ŽRŽs","112120021000","‘òŒû’¬","36.057986","139.411645","0","1"
"11","é‹ÊŒ§","11212","“Œ¼ŽRŽs","112120022000","ŒÜ—Ì’¬","36.029765","139.418126","0","1"
"11","é‹ÊŒ§","11212","“Œ¼ŽRŽs","112120023000","÷ŽR‘ä","35.991407","139.386871","0","1"
"11","é‹ÊŒ§","11212","“Œ¼ŽRŽs","112120024000","“aŽR’¬","36.057698","139.415512","0","1"
"11","é‹ÊŒ§","11212","“Œ¼ŽRŽs","112120025000","˜aò’¬","36.032440","139.392790","0","1"
"11","é‹ÊŒ§","11212","“Œ¼ŽRŽs","112120026000","Vh’¬","36.033819","139.420495","0","1"
"11","é‹ÊŒ§","11212","“Œ¼ŽRŽs","112120027000","ŽRè’¬","36.028708","139.424603","0","1"
"11","é‹ÊŒ§","11212","“Œ¼ŽRŽs","112120028000","‰Á”ü’¬","36.047423","139.402268","0","1"
"11","é‹ÊŒ§","11212","“Œ¼ŽRŽs","112120029000","¼•—‘ä","35.993272","139.379222","0","1"
"11","é‹ÊŒ§","11212","“Œ¼ŽRŽs","112120030000","â“ŒŽR","36.016451","139.375419","0","1"
"11","é‹ÊŒ§","11212","“Œ¼ŽRŽs","112120031000","Šø—§‘ä","35.987654","139.380985","0","1"
"11","é‹ÊŒ§","11212","“Œ¼ŽRŽs","112120032000","‘åŽšã‰Ÿ‚","36.013730","139.399668","0","1"
"11","é‹ÊŒ§","11212","“Œ¼ŽRŽs","112120033000","‘åŽš‰º‰Ÿ‚","36.009095","139.423433","0","1"
"11","é‹ÊŒ§","11212","“Œ¼ŽRŽs","112120034000","‘åŽš‘–“","36.000887","139.421687","0","1"
"11","é‹ÊŒ§","11212","“Œ¼ŽRŽs","112120035000","‘åŽš¡ò","36.010012","139.431519","0","1"
"11","é‹ÊŒ§","11212","“Œ¼ŽRŽs","112120036000","‘åŽš‹{•@","35.993000","139.410126","0","1"
"11","é‹ÊŒ§","11212","“Œ¼ŽRŽs","112120037000","‘åŽš”è","36.024408","139.425264","0","1"
"11","é‹ÊŒ§","11212","“Œ¼ŽRŽs","112120038000","‘åŽšŽsƒmì","36.051429","139.392931","0","1"
"11","é‹ÊŒ§","11212","“Œ¼ŽRŽs","112120039000","‘åŽš³‘ã","35.997765","139.414083","0","1"
"11","é‹ÊŒ§","11212","“Œ¼ŽRŽs","112120040000","‘åŽšV‹½","36.035467","139.362209","0","1"
"11","é‹ÊŒ§","11212","“Œ¼ŽRŽs","112120041000","‘åŽš‚â","36.005251","139.400467","0","1"
"11","é‹ÊŒ§","11212","“Œ¼ŽRŽs","112120042000","‘åŽš–ì“c","36.057744","139.390282","0","1"
"11","é‹ÊŒ§","11212","“Œ¼ŽRŽs","112120043000","‘åŽš–Ñ’Ë","35.992027","139.399402","0","1"
"11","é‹ÊŒ§","11212","“Œ¼ŽRŽs","112120044000","‘åŽš‰ºÂ’¹","36.020957","139.391061","0","1"
"11","é‹ÊŒ§","11212","“Œ¼ŽRŽs","112120045000","‘åŽš“c–Ø","35.987838","139.392999","0","1"
"11","é‹ÊŒ§","11212","“Œ¼ŽRŽs","112120046000","‘åŽš‰ª","36.093443","139.405270","0","1"
"11","é‹ÊŒ§","11212","“Œ¼ŽRŽs","112120047000","‘åŽš¼–{h","36.008157","139.390367","0","1"
"11","é‹ÊŒ§","11212","“Œ¼ŽRŽs","112120048000","‘åŽšŠ‹‘Ü","36.012098","139.380533","0","1"
"11","é‹ÊŒ§","11212","“Œ¼ŽRŽs","112120049000","‘åŽšã–ì–{","36.022443","139.403542","0","1"
"11","é‹ÊŒ§","11212","“Œ¼ŽRŽs","112120050000","‘åŽš¼ŽR","36.048204","139.413156","0","1"
"11","é‹ÊŒ§","11212","“Œ¼ŽRŽs","112120051000","‘åŽš‰º–ì–{","36.017644","139.420240","0","1"
"11","é‹ÊŒ§","11212","“Œ¼ŽRŽs","112120052000","‘åŽš‰º“‚Žq","36.025714","139.364182","0","1"
"11","é‹ÊŒ§","11212","“Œ¼ŽRŽs","112120053000","‘åŽšã“‚Žq","36.033221","139.340605","0","1"
"11","é‹ÊŒ§","11212","“Œ¼ŽRŽs","112120054000","‘åŽšŒÃ“€","36.013587","139.448263","0","1"
"11","é‹ÊŒ§","11212","“Œ¼ŽRŽs","112120055000","‘åŽš“Œ•½","36.066302","139.411191","0","1"
"11","é‹ÊŒ§","11212","“Œ¼ŽRŽs","112120056000","‘åŽšÎ‹´","36.032328","139.377615","0","1"
"11","é‹ÊŒ§","11212","“Œ¼ŽRŽs","112120057000","‘åŽšŠâ“a","36.001268","139.371069","0","1"
"11","é‹ÊŒ§","11212","“Œ¼ŽRŽs","112120058000","‘åŽš_ŒË","36.015667","139.350040","0","1"
"11","é‹ÊŒ§","11212","“Œ¼ŽRŽs","112120059000","‘åŽš‘å’J","36.081419","139.391636","0","1"
"11","é‹ÊŒ§","11214","t“ú•”Žs","112140001001","¼”ª–Øèˆê’š–Ú","35.975616","139.739504","0","3"
"11","é‹ÊŒ§","11214","t“ú•”Žs","112140001002","¼”ª–Øè“ñ’š–Ú","35.974031","139.737449","0","3"
"11","é‹ÊŒ§","11214","t“ú•”Žs","112140001003","¼”ª–ØèŽO’š–Ú","35.976185","139.737350","0","3"
"11","é‹ÊŒ§","11214","t“ú•”Žs","112140002001","–L’¬ˆê’š–Ú","35.972563","139.739346","0","3"
"11","é‹ÊŒ§","11214","t“ú•”Žs","112140002002","–L’¬“ñ’š–Ú","35.970397","139.741788","0","3"
"11","é‹ÊŒ§","11214","t“ú•”Žs","112140002003","–L’¬ŽO’š–Ú","35.966516","139.743858","0","3"
"11","é‹ÊŒ§","11214","t“ú•”Žs","112140002004","–L’¬Žl’š–Ú","35.967097","139.739216","0","3"
"11","é‹ÊŒ§","11214","t“ú•”Žs","112140002005","–L’¬ŒÜ’š–Ú","35.969275","139.738097","0","3"
"11","é‹ÊŒ§","11214","t“ú•”Žs","112140002006","–L’¬˜Z’š–Ú","35.965708","139.736129","0","3"
"11","é‹ÊŒ§","11214","t“ú•”Žs","112140003000","”ª–Øè’¬","35.978092","139.739159","0","1"
"11","é‹ÊŒ§","11214","t“ú•”Žs","112140004001","çŠÔˆê’š–Ú","35.936672","139.766801","0","3"
"11","é‹ÊŒ§","11214","t“ú•”Žs","112140005001","””•Çˆê’š–Ú","35.981687","139.753674","0","3"
"11","é‹ÊŒ§","11214","t“ú•”Žs","112140005002","””•Ç“ñ’š–Ú","35.982803","139.752386","0","3"
"11","é‹ÊŒ§","11214","t“ú•”Žs","112140005003","””•ÇŽO’š–Ú","35.983162","139.749305","0","3"
"11","é‹ÊŒ§","11214","t“ú•”Žs","112140005004","””•ÇŽl’š–Ú","35.984624","139.747776","0","3"
"11","é‹ÊŒ§","11214","t“ú•”Žs","112140006000","“¹‡ìŒË","35.969288","139.729167","0","1"
"11","é‹ÊŒ§","11214","t“ú•”Žs","112140007001","’†‰›ˆê’š–Ú","35.978150","139.751459","0","3"
"11","é‹ÊŒ§","11214","t“ú•”Žs","112140007002","’†‰›“ñ’š–Ú","35.977134","139.747576","0","3"
"11","é‹ÊŒ§","11214","t“ú•”Žs","112140007003","’†‰›ŽO’š–Ú","35.975176","139.743080","0","3"
"11","é‹ÊŒ§","11214","t“ú•”Žs","112140007004","’†‰›Žl’š–Ú","35.974111","139.747050","0","3"
"11","é‹ÊŒ§","11214","t“ú•”Žs","112140007005","’†‰›ŒÜ’š–Ú","35.972833","139.752006","0","3"
"11","é‹ÊŒ§","11214","t“ú•”Žs","112140007006","’†‰›˜Z’š–Ú","35.974933","139.752529","0","3"
"11","é‹ÊŒ§","11214","t“ú•”Žs","112140007007","’†‰›Žµ’š–Ú","35.973358","139.755416","0","3"
"11","é‹ÊŒ§","11214","t“ú•”Žs","112140007008","’†‰›”ª’š–Ú","35.970540","139.755759","0","3"
"11","é‹ÊŒ§","11214","t“ú•”Žs","112140008001","–L–ì’¬ˆê’š–Ú","35.959494","139.789385","0","3"
"11","é‹ÊŒ§","11214","t“ú•”Žs","112140008002","–L–ì’¬“ñ’š–Ú","35.961106","139.792477","0","3"
"11","é‹ÊŒ§","11214","t“ú•”Žs","112140008003","–L–ì’¬ŽO’š–Ú","35.960183","139.795984","0","3"
"11","é‹ÊŒ§","11214","t“ú•”Žs","112140009001","”~“cˆê’š–Ú","35.987165","139.747773","0","3"
"11","é‹ÊŒ§","11214","t“ú•”Žs","112140009002","”~“c“ñ’š–Ú","35.986202","139.743273","0","3"
"11","é‹ÊŒ§","11214","t“ú•”Žs","112140009003","”~“cŽO’š–Ú","35.986591","139.739902","0","3"
"11","é‹ÊŒ§","11214","t“ú•”Žs","112140010001","ˆêƒmŠ„ˆê’š–Ú","35.962897","139.764867","0","3"
"11","é‹ÊŒ§","11214","t“ú•”Žs","112140010002","ˆêƒmŠ„“ñ’š–Ú","35.959037","139.764025","0","3"
"11","é‹ÊŒ§","11214","t“ú•”Žs","112140010003","ˆêƒmŠ„ŽO’š–Ú","35.959275","139.760786","0","3"
"11","é‹ÊŒ§","11214","t“ú•”Žs","112140010004","ˆêƒmŠ„Žl’š–Ú","35.963426","139.760580","0","3"
"11","é‹ÊŒ§","11214","t“ú•”Žs","112140011001","”õŒã¼ˆê’š–Ú","35.959020","139.766631","0","3"
"11","é‹ÊŒ§","11214","t“ú•”Žs","112140011002","”õŒã¼“ñ’š–Ú","35.956074","139.766437","0","3"
"11","é‹ÊŒ§","11214","t“ú•”Žs","112140011003","”õŒã¼ŽO’š–Ú","35.953147","139.767679","0","3"
"11","é‹ÊŒ§","11214","t“ú•”Žs","112140011004","”õŒã¼Žl’š–Ú","35.953292","139.763738","0","3"
"11","é‹ÊŒ§","11214","t“ú•”Žs","112140011005","”õŒã¼ŒÜ’š–Ú","35.955905","139.762477","0","3"
"11","é‹ÊŒ§","11214","t“ú•”Žs","112140012001","‘åÀˆê’š–Ú","35.966994","139.746070","0","3"
"11","é‹ÊŒ§","11214","t“ú•”Žs","112140012002","‘åÀ“ñ’š–Ú","35.967400","139.749028","0","3"
"11","é‹ÊŒ§","11214","t“ú•”Žs","112140012003","‘åÀŽO’š–Ú","35.967870","139.752117","0","3"
"11","é‹ÊŒ§","11214","t“ú•”Žs","112140012004","‘åÀŽl’š–Ú","35.967956","139.756621","0","3"
"11","é‹ÊŒ§","11214","t“ú•”Žs","112140012005","‘åÀŒÜ’š–Ú","35.965213","139.756312","0","3"
"11","é‹ÊŒ§","11214","t“ú•”Žs","112140012006","‘åÀ˜Z’š–Ú","35.964645","139.752115","0","3"
"11","é‹ÊŒ§","11214","t“ú•”Žs","112140012007","‘åÀŽµ’š–Ú","35.964220","139.747589","0","3"
"11","é‹ÊŒ§","11214","t“ú•”Žs","112140013001","–{“c’¬ˆê’š–Ú","35.967756","139.778475","0","3"
"11","é‹ÊŒ§","11214","t“ú•”Žs","112140013002","–{“c’¬“ñ’š–Ú","35.967738","139.775458","0","3"
"11","é‹ÊŒ§","11214","t“ú•”Žs","112140014001","’JŒ´ˆê’š–Ú","35.971186","139.744337","0","3"
"11","é‹ÊŒ§","11214","t“ú•”Žs","112140014002","’JŒ´“ñ’š–Ú","35.970992","139.746952","0","3"
"11","é‹ÊŒ§","11214","t“ú•”Žs","112140014003","’JŒ´ŽO’š–Ú","35.970525","139.750751","0","3"
"11","é‹ÊŒ§","11214","t“ú•”Žs","112140015001","•lìŒËˆê’š–Ú","35.982337","139.740076","0","3"
"11","é‹ÊŒ§","11214","t“ú•”Žs","112140015002","•lìŒË“ñ’š–Ú","35.979614","139.737845","0","3"
"11","é‹ÊŒ§","11214","t“ú•”Žs","112140016001","“ìˆê’š–Ú","35.976664","139.757527","0","3"
"11","é‹ÊŒ§","11214","t“ú•”Žs","112140016002","“ì“ñ’š–Ú","35.972603","139.758663","0","3"
"11","é‹ÊŒ§","11214","t“ú•”Žs","112140016003","“ìŽO’š–Ú","35.972768","139.761788","0","3"
"11","é‹ÊŒ§","11214","t“ú•”Žs","112140016004","“ìŽl’š–Ú","35.967144","139.763521","0","3"
"11","é‹ÊŒ§","11214","t“ú•”Žs","112140016005","“ìŒÜ’š–Ú","35.967062","139.760220","0","3"
"11","é‹ÊŒ§","11214","t“ú•”Žs","112140017001","”õŒã“Œˆê’š–Ú","35.963030","139.769390","0","3"
"11","é‹ÊŒ§","11214","t“ú•”Žs","112140017002","”õŒã“Œ“ñ’š–Ú","35.959477","139.770759","0","3"
"11","é‹ÊŒ§","11214","t“ú•”Žs","112140017003","”õŒã“ŒŽO’š–Ú","35.956885","139.773577","0","3"
"11","é‹ÊŒ§","11214","t“ú•”Žs","112140017004","”õŒã“ŒŽl’š–Ú","35.959989","139.774742","0","3"
"11","é‹ÊŒ§","11214","t“ú•”Žs","112140017005","”õŒã“ŒŒÜ’š–Ú","35.951781","139.776960","0","3"
"11","é‹ÊŒ§","11214","t“ú•”Žs","112140017006","”õŒã“Œ˜Z’š–Ú","35.950578","139.773630","0","3"
"11","é‹ÊŒ§","11214","t“ú•”Žs","112140017007","”õŒã“ŒŽµ’š–Ú","35.953968","139.774016","0","3"
"11","é‹ÊŒ§","11214","t“ú•”Žs","112140017008","”õŒã“Œ”ª’š–Ú","35.954469","139.770277","0","3"
"11","é‹ÊŒ§","11214","t“ú•”Žs","112140018001","—Î’¬ˆê’š–Ú","35.972648","139.765131","0","3"
"11","é‹ÊŒ§","11214","t“ú•”Žs","112140018002","—Î’¬“ñ’š–Ú","35.976777","139.770970","0","3"
"11","é‹ÊŒ§","11214","t“ú•”Žs","112140018003","—Î’¬ŽO’š–Ú","35.974166","139.770235","0","3"
"11","é‹ÊŒ§","11214","t“ú•”Žs","112140018004","—Î’¬Žl’š–Ú","35.971732","139.770683","0","3"
"11","é‹ÊŒ§","11214","t“ú•”Žs","112140018005","—Î’¬ŒÜ’š–Ú","35.967867","139.770930","0","3"
"11","é‹ÊŒ§","11214","t“ú•”Žs","112140018006","—Î’¬˜Z’š–Ú","35.967888","139.767164","0","3"
"11","é‹ÊŒ§","11214","t“ú•”Žs","112140019001","””•Ç“Œˆê’š–Ú","35.980106","139.756199","0","3"
"11","é‹ÊŒ§","11214","t“ú•”Žs","112140019002","””•Ç“Œ“ñ’š–Ú","35.981809","139.759837","0","3"
"11","é‹ÊŒ§","11214","t“ú•”Žs","112140019003","””•Ç“ŒŽO’š–Ú","35.978471","139.760626","0","3"
"11","é‹ÊŒ§","11214","t“ú•”Žs","112140019004","””•Ç“ŒŽl’š–Ú","35.980941","139.765871","0","3"
"11","é‹ÊŒ§","11214","t“ú•”Žs","112140019005","””•Ç“ŒŒÜ’š–Ú","35.977294","139.765261","0","3"
"11","é‹ÊŒ§","11214","t“ú•”Žs","112140019006","””•Ç“Œ˜Z’š–Ú","35.979343","139.769531","0","3"
"11","é‹ÊŒ§","11214","t“ú•”Žs","112140020000","“¹Œû•g“c","35.967172","139.722249","0","1"
"11","é‹ÊŒ§","11214","t“ú•”Žs","112140021001","‰h’¬ˆê’š–Ú","35.986220","139.735882","0","3"
"11","é‹ÊŒ§","11214","t“ú•”Žs","112140021002","‰h’¬“ñ’š–Ú","35.986618","139.732225","0","3"
"11","é‹ÊŒ§","11214","t“ú•”Žs","112140021003","‰h’¬ŽO’š–Ú","35.990721","139.734950","0","3"
"11","é‹ÊŒ§","11214","t“ú•”Žs","112140022001","”~“c–{’¬ˆê’š–Ú","35.993352","139.744206","0","3"
"11","é‹ÊŒ§","11214","t“ú•”Žs","112140022002","”~“c–{’¬“ñ’š–Ú","35.992405","139.742490","0","3"
"11","é‹ÊŒ§","11214","t“ú•”Žs","112140023000","”ó–x","35.984943","139.765444","0","1"
"11","é‹ÊŒ§","11214","t“ú•”Žs","112140024000","˜ZŒ¬’¬","35.968175","139.783629","0","1"
"11","é‹ÊŒ§","11214","t“ú•”Žs","112140025000","‰ÔÏ","35.966928","139.717879","0","1"
"11","é‹ÊŒ§","11214","t“ú•”Žs","112140026000","”~“c","35.993101","139.739624","0","1"
"11","é‹ÊŒ§","11214","t“ú•”Žs","112140027000","’Ëè","36.032266","139.804394","0","1"
"11","é‹ÊŒ§","11214","t“ú•”Žs","112140028000","Vì","35.991064","139.780466","0","1"
"11","é‹ÊŒ§","11214","t“ú•”Žs","112140029000","”–’J","35.957450","139.753315","0","1"
"11","é‹ÊŒ§","11214","t“ú•”Žs","112140030000","‰º•g“c","35.962510","139.722601","0","1"
"11","é‹ÊŒ§","11214","t“ú•”Žs","112140031000","“ì‰h’¬","35.980796","139.734144","0","1"
"11","é‹ÊŒ§","11214","t“ú•”Žs","112140032000","•Äè","35.972041","139.806162","0","1"
"11","é‹ÊŒ§","11214","t“ú•”Žs","112140033000","ˆêƒmŠ„","35.960183","139.755280","0","1"
"11","é‹ÊŒ§","11214","t“ú•”Žs","112140034000","””•Ç","35.980828","139.745960","0","1"
"11","é‹ÊŒ§","11214","t“ú•”Žs","112140035000","‰º‘å‘V“c","35.954761","139.739764","0","1"
"11","é‹ÊŒ§","11214","t“ú•”Žs","112140036000","ã‘å‘V“c","35.961075","139.738985","0","1"
"11","é‹ÊŒ§","11214","t“ú•”Žs","112140037000","‘“cV“c","35.945211","139.751926","0","1"
"11","é‹ÊŒ§","11214","t“ú•”Žs","112140038000","ã•g“c","35.967480","139.727351","0","1"
"11","é‹ÊŒ§","11214","t“ú•”Žs","112140039000","‘ååÎ","35.982686","139.804000","0","1"
"11","é‹ÊŒ§","11214","t“ú•”Žs","112140040000","V•û‘Ü","35.977264","139.729235","0","1"
"11","é‹ÊŒ§","11214","t“ú•”Žs","112140041000","‘•x","35.962982","139.732536","0","1"
"11","é‹ÊŒ§","11214","t“ú•”Žs","112140042000","–Øè","36.031391","139.797268","0","1"
"11","é‹ÊŒ§","11214","t“ú•”Žs","112140043000","¼e–ìˆä","36.038223","139.809366","0","1"
"11","é‹ÊŒ§","11214","t“ú•”Žs","112140044000","‘å”¨","35.943269","139.768974","0","1"
"11","é‹ÊŒ§","11214","t“ú•”Žs","112140045000","•—¢’†–ì","35.951743","139.757828","0","1"
"11","é‹ÊŒ§","11214","t“ú•”Žs","112140046000","“ì’†‘]ª","35.972557","139.730120","0","1"
"11","é‹ÊŒ§","11214","t“ú•”Žs","112140047000","¼•óŽì‰Ô","36.030407","139.813044","0","1"
"11","é‹ÊŒ§","11214","t“ú•”Žs","112140048000","‰|","36.014985","139.787714","0","1"
"11","é‹ÊŒ§","11214","t“ú•”Žs","112140049000","‘åŽ}","35.941508","139.776934","0","1"
"11","é‹ÊŒ§","11214","t“ú•”Žs","112140050000","‘ŒË","35.956643","139.726403","0","1"
"11","é‹ÊŒ§","11214","t“ú•”Žs","112140051000","ã‹àè","35.998361","139.808985","0","1"
"11","é‹ÊŒ§","11214","t“ú•”Žs","112140052000","‰º‹gÈ","36.016588","139.809740","0","1"
"11","é‹ÊŒ§","11214","t“ú•”Žs","112140053000","’¶ŽqŒû","35.959601","139.783128","0","1"
"11","é‹ÊŒ§","11214","t“ú•”Žs","112140054000","ˆ°‹´","36.026523","139.794004","0","1"
"11","é‹ÊŒ§","11214","t“ú•”Žs","112140055000","VhV“c","35.974117","139.824121","0","1"
"11","é‹ÊŒ§","11214","t“ú•”Žs","112140056000","’JŒ´V“c","35.958400","139.746483","0","1"
"11","é‹ÊŒ§","11214","t“ú•”Žs","112140057000","•Ä“‡","35.978021","139.808452","0","1"
"11","é‹ÊŒ§","11214","t“ú•”Žs","112140058000","ã‹gÈ","36.023796","139.807634","0","1"
"11","é‹ÊŒ§","11214","t“ú•”Žs","112140059000","ž­","36.006081","139.800157","0","1"
"11","é‹ÊŒ§","11214","t“ú•”Žs","112140060000","‹“‡","35.982744","139.773843","0","1"
"11","é‹ÊŒ§","11214","t“ú•”Žs","112140061000","—§–ì","36.006907","139.787519","0","1"
"11","é‹ÊŒ§","11214","t“ú•”Žs","112140062000","”ÑÀ","35.965970","139.813868","0","1"
"11","é‹ÊŒ§","11214","t“ú•”Žs","112140063000","“Œ’†–ì","35.970709","139.819623","0","1"
"11","é‹ÊŒ§","11214","t“ú•”Žs","112140064000","”óâÄ","35.990179","139.770811","0","1"
"11","é‹ÊŒ§","11214","t“ú•”Žs","112140065000","¬•½","36.005063","139.811291","0","1"
"11","é‹ÊŒ§","11214","t“ú•”Žs","112140066000","‘qí","36.022950","139.784312","0","1"
"11","é‹ÊŒ§","11214","t“ú•”Žs","112140067000","Ôè","35.960490","139.804674","0","1"
"11","é‹ÊŒ§","11214","t“ú•”Žs","112140068000","‘åê","35.944914","139.761618","0","1"
"11","é‹ÊŒ§","11214","t“ú•”Žs","112140069008","”ª’š–Ú","35.995717","139.772713","0","3"
"11","é‹ÊŒ§","11214","t“ú•”Žs","112140070000","‹àè","35.989589","139.801026","0","1"
"11","é‹ÊŒ§","11214","t“ú•”Žs","112140071000","…Šp","35.967849","139.796739","0","1"
"11","é‹ÊŒ§","11214","t“ú•”Žs","112140072000","ÔÀ","35.950967","139.799582","0","1"
"11","é‹ÊŒ§","11214","t“ú•”Žs","112140073000","ã–ö","35.996936","139.789922","0","1"
"11","é‹ÊŒ§","11214","t“ú•”Žs","112140074000","‰º–ö","35.986949","139.788979","0","1"
"11","é‹ÊŒ§","11214","t“ú•”Žs","112140075000","_ŠÔ","36.018377","139.797740","0","1"
"11","é‹ÊŒ§","11214","t“ú•”Žs","112140076000","¬Ÿº","35.993061","139.752872","0","1"
"11","é‹ÊŒ§","11214","t“ú•”Žs","112140077000","‰iÀ","35.975012","139.790908","0","1"
"11","é‹ÊŒ§","11214","t“ú•”Žs","112140078000","“¡’Ë","35.969873","139.779751","0","1"
"11","é‹ÊŒ§","11214","t“ú•”Žs","112140079000","¼‹à–ìˆä","35.988527","139.813322","0","1"
"11","é‹ÊŒ§","11214","t“ú•”Žs","112140080000","•s“®‰@–ì","36.000137","139.767054","0","1"
"11","é‹ÊŒ§","11214","t“ú•”Žs","112140081000","“à–q","35.993086","139.724142","0","1"
"11","é‹ÊŒ§","11215","‹·ŽRŽs","112150001001","L£‘äˆê’š–Ú","35.867464","139.395412","0","3"
"11","é‹ÊŒ§","11215","‹·ŽRŽs","112150001002","L£‘ä“ñ’š–Ú","35.870995","139.389324","0","3"
"11","é‹ÊŒ§","11215","‹·ŽRŽs","112150001003","L£‘äŽO’š–Ú","35.868961","139.384980","0","3"
"11","é‹ÊŒ§","11215","‹·ŽRŽs","112150001004","L£‘äŽl’š–Ú","35.867984","139.382107","1","3"
"11","é‹ÊŒ§","11215","‹·ŽRŽs","112150002001","V‹·ŽRˆê’š–Ú","35.879904","139.440435","0","3"
"11","é‹ÊŒ§","11215","‹·ŽRŽs","112150002002","V‹·ŽR“ñ’š–Ú","35.874744","139.431691","0","3"
"11","é‹ÊŒ§","11215","‹·ŽRŽs","112150002003","V‹·ŽRŽO’š–Ú","35.873963","139.435319","0","3"
"11","é‹ÊŒ§","11215","‹·ŽRŽs","112150003001","’†‰›ˆê’š–Ú","35.855955","139.423356","0","3"
"11","é‹ÊŒ§","11215","‹·ŽRŽs","112150003002","’†‰›“ñ’š–Ú","35.857784","139.427266","0","3"
"11","é‹ÊŒ§","11215","‹·ŽRŽs","112150003003","’†‰›ŽO’š–Ú","35.854150","139.427798","0","3"
"11","é‹ÊŒ§","11215","‹·ŽRŽs","112150003004","’†‰›Žl’š–Ú","35.852367","139.422998","0","3"
"11","é‹ÊŒ§","11215","‹·ŽRŽs","112150004000","‚Â‚Â‚¶–ì","35.861106","139.393429","0","1"
"11","é‹ÊŒ§","11215","‹·ŽRŽs","112150005001","L£“Œˆê’š–Ú","35.863755","139.400290","0","3"
"11","é‹ÊŒ§","11215","‹·ŽRŽs","112150005002","L£“Œ“ñ’š–Ú","35.858151","139.398456","0","3"
"11","é‹ÊŒ§","11215","‹·ŽRŽs","112150005003","L£“ŒŽO’š–Ú","35.861081","139.397966","0","3"
"11","é‹ÊŒ§","11215","‹·ŽRŽs","112150005004","L£“ŒŽl’š–Ú","35.864787","139.395704","0","3"
"11","é‹ÊŒ§","11215","‹·ŽRŽs","112150006001","ªŠÝˆê’š–Ú","35.853645","139.384041","0","3"
"11","é‹ÊŒ§","11215","‹·ŽRŽs","112150006002","ªŠÝ“ñ’š–Ú","35.857716","139.382716","0","3"
"11","é‹ÊŒ§","11215","‹·ŽRŽs","112150007001","ùˆäˆê’š–Ú","35.852523","139.379320","0","3"
"11","é‹ÊŒ§","11215","‹·ŽRŽs","112150007002","ùˆä“ñ’š–Ú","35.856657","139.377712","0","3"
"11","é‹ÊŒ§","11215","‹·ŽRŽs","112150007003","ùˆäŽO’š–Ú","35.853030","139.374651","0","3"
"11","é‹ÊŒ§","11215","‹·ŽRŽs","112150008001","L£ˆê’š–Ú","35.855134","139.390656","0","3"
"11","é‹ÊŒ§","11215","‹·ŽRŽs","112150008002","L£“ñ’š–Ú","35.858301","139.390482","0","3"
"11","é‹ÊŒ§","11215","‹·ŽRŽs","112150008003","L£ŽO’š–Ú","35.860493","139.389297","0","3"
"11","é‹ÊŒ§","11215","‹·ŽRŽs","112150009000","‘ò","35.865700","139.426833","0","1"
"11","é‹ÊŒ§","11215","‹·ŽRŽs","112150010001","‹·ŽR‘äˆê’š–Ú","35.861856","139.434335","0","3"
"11","é‹ÊŒ§","11215","‹·ŽRŽs","112150010002","‹·ŽR‘ä“ñ’š–Ú","35.857751","139.435076","0","3"
"11","é‹ÊŒ§","11215","‹·ŽRŽs","112150010003","‹·ŽR‘äŽO’š–Ú","35.855552","139.431583","0","3"
"11","é‹ÊŒ§","11215","‹·ŽRŽs","112150010004","‹·ŽR‘äŽl’š–Ú","35.850863","139.434043","0","3"
"11","é‹ÊŒ§","11215","‹·ŽRŽs","112150011000","‘åŽš‰ºL£","35.872875","139.386349","0","1"
"11","é‹ÊŒ§","11215","‹·ŽRŽs","112150012001","ˆî‰×ŽRˆê’š–Ú","35.847969","139.397537","0","3"
"11","é‹ÊŒ§","11215","‹·ŽRŽs","112150012002","ˆî‰×ŽR“ñ’š–Ú","35.841853","139.398661","0","3"
"11","é‹ÊŒ§","11215","‹·ŽRŽs","112150013000","‹_‰€","35.857438","139.416405","0","1"
"11","é‹ÊŒ§","11215","‹·ŽRŽs","112150014001","•xŽmŒ©ˆê’š–Ú","35.852368","139.417603","0","3"
"11","é‹ÊŒ§","11215","‹·ŽRŽs","112150014002","•xŽmŒ©“ñ’š–Ú","35.847025","139.421738","0","3"
"11","é‹ÊŒ§","11215","‹·ŽRŽs","112150015001","“üŠÔìˆê’š–Ú","35.854088","139.409337","0","3"
"11","é‹ÊŒ§","11215","‹·ŽRŽs","112150015002","“üŠÔì“ñ’š–Ú","35.862485","139.411435","0","3"
"11","é‹ÊŒ§","11215","‹·ŽRŽs","112150015003","“üŠÔìŽO’š–Ú","35.857791","139.406292","0","3"
"11","é‹ÊŒ§","11215","‹·ŽRŽs","112150015004","“üŠÔìŽl’š–Ú","35.853166","139.401864","0","3"
"11","é‹ÊŒ§","11215","‹·ŽRŽs","112150016000","‘åŽš”Œ´V“c","35.890283","139.420747","0","1"
"11","é‹ÊŒ§","11215","‹·ŽRŽs","112150017000","‘åŽšªŠÝ","35.866683","139.376994","0","1"
"11","é‹ÊŒ§","11215","‹·ŽRŽs","112150018000","‰Lƒm–Ø","35.850251","139.393757","0","1"
"11","é‹ÊŒ§","11215","‹·ŽRŽs","112150019000","‘åŽš‰Á²Žu","35.864656","139.440013","0","1"
"11","é‹ÊŒ§","11215","‹·ŽRŽs","112150020000","‘åŽš“ŒŽOƒc–Ø","35.870798","139.434235","0","1"
"11","é‹ÊŒ§","11215","‹·ŽRŽs","112150021000","‹·ŽR","35.866270","139.417344","0","1"
"11","é‹ÊŒ§","11215","‹·ŽRŽs","112150022000","‘åŽšãL£","35.862809","139.383709","0","1"
"11","é‹ÊŒ§","11215","‹·ŽRŽs","112150023000","‘åŽš’†V“c","35.870441","139.458082","0","1"
"11","é‹ÊŒ§","11215","‹·ŽRŽs","112150024000","‘åŽš“ì“ü‘]","35.836786","139.431130","0","1"
"11","é‹ÊŒ§","11215","‹·ŽRŽs","112150025000","‘åŽšã‰œ•x","35.871720","139.418126","0","1"
"11","é‹ÊŒ§","11215","‹·ŽRŽs","112150026000","‘åŽš–k“ü‘]","35.842141","139.429579","0","1"
"11","é‹ÊŒ§","11215","‹·ŽRŽs","112150027000","‘åŽšÂ–ö","35.875049","139.448817","0","1"
"11","é‹ÊŒ§","11215","‹·ŽRŽs","112150028000","‘åŽšãÔâ","35.846883","139.465219","0","1"
"11","é‹ÊŒ§","11215","‹·ŽRŽs","112150029000","‘åŽš‰º‰œ•x","35.882991","139.423375","0","1"
"11","é‹ÊŒ§","11215","‹·ŽRŽs","112150030000","‘åŽšùˆä","35.853329","139.367148","0","1"
"11","é‹ÊŒ§","11215","‹·ŽRŽs","112150031000","“üŠÔì","35.842359","139.411611","0","1"
"11","é‹ÊŒ§","11215","‹·ŽRŽs","112150032000","‘åŽš…–ì","35.829810","139.430112","0","1"
"11","é‹ÊŒ§","11215","‹·ŽRŽs","112150033000","‘åŽš–xŒ“","35.850336","139.443531","0","1"
"11","é‹ÊŒ§","11215","‹·ŽRŽs","112150034000","”Œ´","35.881480","139.401623","0","1"
"11","é‹ÊŒ§","11216","‰H¶Žs","112160001001","’†‰›ˆê’š–Ú","36.172557","139.535114","0","3"
"11","é‹ÊŒ§","11216","‰H¶Žs","112160001002","’†‰›“ñ’š–Ú","36.172751","139.537165","0","3"
"11","é‹ÊŒ§","11216","‰H¶Žs","112160001003","’†‰›ŽO’š–Ú","36.171959","139.539201","0","3"
"11","é‹ÊŒ§","11216","‰H¶Žs","112160001004","’†‰›Žl’š–Ú","36.174576","139.539865","0","3"
"11","é‹ÊŒ§","11216","‰H¶Žs","112160001005","’†‰›ŒÜ’š–Ú","36.172343","139.542068","0","3"
"11","é‹ÊŒ§","11216","‰H¶Žs","112160002000","‘åŽšã‰H¶","36.169122","139.549509","0","1"
"11","é‹ÊŒ§","11216","‰H¶Žs","112160003001","“ìˆê’š–Ú","36.169698","139.535328","0","3"
"11","é‹ÊŒ§","11216","‰H¶Žs","112160003002","“ì“ñ’š–Ú","36.165924","139.536229","0","3"
"11","é‹ÊŒ§","11216","‰H¶Žs","112160003003","“ìŽO’š–Ú","36.168746","139.538244","0","3"
"11","é‹ÊŒ§","11216","‰H¶Žs","112160003004","“ìŽl’š–Ú","36.168608","139.540163","0","3"
"11","é‹ÊŒ§","11216","‰H¶Žs","112160003005","“ìŒÜ’š–Ú","36.169175","139.543813","0","3"
"11","é‹ÊŒ§","11216","‰H¶Žs","112160003006","“ì˜Z’š–Ú","36.166095","139.544616","0","3"
"11","é‹ÊŒ§","11216","‰H¶Žs","112160003007","“ìŽµ’š–Ú","36.164911","139.542142","0","3"
"11","é‹ÊŒ§","11216","‰H¶Žs","112160003008","“ì”ª’š–Ú","36.164763","139.539198","0","3"
"11","é‹ÊŒ§","11216","‰H¶Žs","112160004001","“Œˆê’š–Ú","36.172945","139.544519","0","3"
"11","é‹ÊŒ§","11216","‰H¶Žs","112160004002","“Œ“ñ’š–Ú","36.175864","139.543349","0","3"
"11","é‹ÊŒ§","11216","‰H¶Žs","112160004003","“ŒŽO’š–Ú","36.179932","139.541318","0","3"
"11","é‹ÊŒ§","11216","‰H¶Žs","112160004004","“ŒŽl’š–Ú","36.179233","139.544266","0","3"
"11","é‹ÊŒ§","11216","‰H¶Žs","112160004005","“ŒŒÜ’š–Ú","36.175803","139.548969","0","3"
"11","é‹ÊŒ§","11216","‰H¶Žs","112160004006","“Œ˜Z’š–Ú","36.172941","139.548841","0","3"
"11","é‹ÊŒ§","11216","‰H¶Žs","112160004007","“ŒŽµ’š–Ú","36.170341","139.548542","0","3"
"11","é‹ÊŒ§","11216","‰H¶Žs","112160004008","“Œ”ª’š–Ú","36.172651","139.554358","0","3"
"11","é‹ÊŒ§","11216","‰H¶Žs","112160004009","“Œ‹ã’š–Ú","36.175924","139.553516","0","3"
"11","é‹ÊŒ§","11216","‰H¶Žs","112160005001","¼ˆê’š–Ú","36.172476","139.532303","0","3"
"11","é‹ÊŒ§","11216","‰H¶Žs","112160005002","¼“ñ’š–Ú","36.168727","139.532615","0","3"
"11","é‹ÊŒ§","11216","‰H¶Žs","112160005003","¼ŽO’š–Ú","36.167535","139.530171","0","3"
"11","é‹ÊŒ§","11216","‰H¶Žs","112160005004","¼Žl’š–Ú","36.171744","139.528617","0","3"
"11","é‹ÊŒ§","11216","‰H¶Žs","112160005005","¼ŒÜ’š–Ú","36.174880","139.527567","0","3"
"11","é‹ÊŒ§","11216","‰H¶Žs","112160006001","–kˆê’š–Ú","36.175722","139.536617","0","3"
"11","é‹ÊŒ§","11216","‰H¶Žs","112160006002","–k“ñ’š–Ú","36.178318","139.537992","0","3"
"11","é‹ÊŒ§","11216","‰H¶Žs","112160006003","–kŽO’š–Ú","36.178105","139.533974","0","3"
"11","é‹ÊŒ§","11216","‰H¶Žs","112160007001","“ì‰H¶ˆê’š–Ú","36.151534","139.558726","0","3"
"11","é‹ÊŒ§","11216","‰H¶Žs","112160007002","“ì‰H¶“ñ’š–Ú","36.149104","139.561528","0","3"
"11","é‹ÊŒ§","11216","‰H¶Žs","112160007003","“ì‰H¶ŽO’š–Ú","36.147061","139.555978","0","3"
"11","é‹ÊŒ§","11216","‰H¶Žs","112160007004","“ì‰H¶Žl’š–Ú","36.148647","139.554665","0","3"
"11","é‹ÊŒ§","11216","‰H¶Žs","112160008001","¬¼‘äˆê’š–Ú","36.153626","139.533757","0","3"
"11","é‹ÊŒ§","11216","‰H¶Žs","112160008002","¬¼‘ä“ñ’š–Ú","36.155311","139.536547","0","3"
"11","é‹ÊŒ§","11216","‰H¶Žs","112160009001","ìèˆê’š–Ú","36.141295","139.551723","0","3"
"11","é‹ÊŒ§","11216","‰H¶Žs","112160009002","ìè“ñ’š–Ú","36.142900","139.542619","0","3"
"11","é‹ÊŒ§","11216","‰H¶Žs","112160010001","‘åÀˆê’š–Ú","36.172292","139.567061","0","3"
"11","é‹ÊŒ§","11216","‰H¶Žs","112160010002","‘åÀ“ñ’š–Ú","36.166985","139.566349","0","3"
"11","é‹ÊŒ§","11216","‰H¶Žs","112160011000","‘åŽš“ú–ìŽèV“c","36.169118","139.596342","0","1"
"11","é‹ÊŒ§","11216","‰H¶Žs","112160012000","‘åŽšãìè","36.142830","139.534337","0","1"
"11","é‹ÊŒ§","11216","‰H¶Žs","112160013000","‘åŽš—^•ºƒGV“c","36.177175","139.595552","0","1"
"11","é‹ÊŒ§","11216","‰H¶Žs","112160014000","‘åŽš‰H¶","36.177719","139.526584","0","1"
"11","é‹ÊŒ§","11216","‰H¶Žs","112160015000","‘åŽš–k‘Ü","36.168514","139.558920","0","1"
"11","é‹ÊŒ§","11216","‰H¶Žs","112160016000","‘åŽš¬¼","36.155662","139.528343","0","1"
"11","é‹ÊŒ§","11216","‰H¶Žs","112160017000","‘åŽšGˆÀ","36.158627","139.550569","0","1"
"11","é‹ÊŒ§","11216","‰H¶Žs","112160018000","‘åŽš‰Á‰HƒPè","36.157572","139.542734","0","1"
"11","é‹ÊŒ§","11216","‰H¶Žs","112160019000","‘åŽšŒKè","36.174995","139.518165","0","1"
"11","é‹ÊŒ§","11216","‰H¶Žs","112160020000","‘åŽš‰º‰H¶","36.165697","139.552339","0","1"
"11","é‹ÊŒ§","11216","‰H¶Žs","112160021000","‘åŽš¬{‰ê","36.181725","139.514919","0","1"
"11","é‹ÊŒ§","11216","‰H¶Žs","112160022000","‘åŽš’¬‰®","36.143576","139.569735","0","1"
"11","é‹ÊŒ§","11216","‰H¶Žs","112160023000","‘åŽš–k‰¬“‡","36.167284","139.581366","0","1"
"11","é‹ÊŒ§","11216","‰H¶Žs","112160024000","‘åŽš’†Šâ£","36.163088","139.534478","0","1"
"11","é‹ÊŒ§","11216","‰H¶Žs","112160025000","‘åŽš”öè","36.192517","139.554854","0","1"
"11","é‹ÊŒ§","11216","‰H¶Žs","112160026000","‘åŽš‰ºŠâ£","36.159574","139.526550","0","1"
"11","é‹ÊŒ§","11216","‰H¶Žs","112160027000","‘åŽš‰ºV“c","36.156955","139.511968","0","1"
"11","é‹ÊŒ§","11216","‰H¶Žs","112160028000","‘åŽš“¡ˆä‰º‘g","36.176236","139.561516","0","1"
"11","é‹ÊŒ§","11216","‰H¶Žs","112160029000","‘åŽš–¼","36.201211","139.599056","0","1"
"11","é‹ÊŒ§","11216","‰H¶Žs","112160030000","‘åŽš‰ºìè","36.140570","139.539383","0","1"
"11","é‹ÊŒ§","11216","‰H¶Žs","112160031000","‘åŽš»ŽR","36.147325","139.531960","0","1"
"11","é‹ÊŒ§","11216","‰H¶Žs","112160032000","‘åŽš_ŒË","36.142797","139.561275","0","1"
"11","é‹ÊŒ§","11216","‰H¶Žs","112160033000","‘åŽš’ç","36.202260","139.590699","0","1"
"11","é‹ÊŒ§","11216","‰H¶Žs","112160034000","‘åŽš“¡ˆäã‘g","36.182485","139.555383","0","1"
"11","é‹ÊŒ§","11216","‰H¶Žs","112160035000","‘åŽš–{ì–“","36.187300","139.534358","0","1"
"11","é‹ÊŒ§","11216","‰H¶Žs","112160036000","‘åŽšãŽèŽq—Ñ","36.157666","139.559356","0","1"
"11","é‹ÊŒ§","11216","‰H¶Žs","112160037000","‘åŽš{‰e","36.148519","139.546504","0","1"
"11","é‹ÊŒ§","11216","‰H¶Žs","112160038000","‘åŽší–Ø","36.193728","139.597722","0","1"
"11","é‹ÊŒ§","11216","‰H¶Žs","112160039000","‘åŽšŠì‰EƒG–åV“c","36.173640","139.581802","0","1"
"11","é‹ÊŒ§","11216","‰H¶Žs","112160040000","‘åŽšãì–“","36.186054","139.522361","0","1"
"11","é‹ÊŒ§","11216","‰H¶Žs","112160041000","‘åŽš’†ŽèŽq—Ñ","36.163173","139.576931","0","1"
"11","é‹ÊŒ§","11216","‰H¶Žs","112160042000","‘åŽš‰ºV‹½","36.146672","139.520321","0","1"
"11","é‹ÊŒ§","11216","‰H¶Žs","112160043000","‘åŽš”­ŒË","36.193986","139.563086","0","1"
"11","é‹ÊŒ§","11216","‰H¶Žs","112160044000","‘åŽš¡ò","36.179507","139.571519","0","1"
"11","é‹ÊŒ§","11216","‰H¶Žs","112160045000","‘åŽšãŠâ£","36.168050","139.518959","0","1"
"11","é‹ÊŒ§","11216","‰H¶Žs","112160046000","‘åŽšˆîŽq","36.190970","139.545215","0","1"
"11","é‹ÊŒ§","11216","‰H¶Žs","112160047000","‘åŽšã‘ºŒN","36.194376","139.575177","0","1"
"11","é‹ÊŒ§","11216","‰H¶Žs","112160048000","‘åŽš‰º‘ºŒN","36.199106","139.582040","0","1"
"11","é‹ÊŒ§","11216","‰H¶Žs","112160049000","‘åŽš‰ºŽèŽq—Ñ","36.154716","139.575886","0","1"
"11","é‹ÊŒ§","11216","‰H¶Žs","112160050000","‘åŽš–íèÓ","36.180505","139.585560","0","1"
"11","é‹ÊŒ§","11216","‰H¶Žs","112160051000","‘åŽšŽO“cƒP’J","36.172930","139.604305","0","1"
"11","é‹ÊŒ§","11216","‰H¶Žs","112160052000","‘åŽšãV‹½","36.174715","139.499033","0","1"
"11","é‹ÊŒ§","11217","ƒ‘ƒŽs","112170001000","‰º¶o’Ë","36.059595","139.527377","0","1"
"11","é‹ÊŒ§","11217","ƒ‘ƒŽs","112170002000","K’¬","36.060484","139.497358","0","1"
"11","é‹ÊŒ§","11217","ƒ‘ƒŽs","112170003000","ã¶o’Ë","36.059084","139.528933","0","1"
"11","é‹ÊŒ§","11217","ƒ‘ƒŽs","112170004001","‰Á”üˆê’š–Ú","36.065987","139.505526","0","3"
"11","é‹ÊŒ§","11217","ƒ‘ƒŽs","112170004002","‰Á”ü“ñ’š–Ú","36.066866","139.506736","0","3"
"11","é‹ÊŒ§","11217","ƒ‘ƒŽs","112170004003","‰Á”üŽO’š–Ú","36.065826","139.504297","0","3"
"11","é‹ÊŒ§","11217","ƒ‘ƒŽs","112170005001","‹{’nˆê’š–Ú","36.065332","139.512820","0","3"
"11","é‹ÊŒ§","11217","ƒ‘ƒŽs","112170005002","‹{’n“ñ’š–Ú","36.066220","139.509969","0","3"
"11","é‹ÊŒ§","11217","ƒ‘ƒŽs","112170005003","‹{’nŽO’š–Ú","36.068486","139.509973","0","3"
"11","é‹ÊŒ§","11217","ƒ‘ƒŽs","112170005004","‹{’nŽl’š–Ú","36.067592","139.513362","0","3"
"11","é‹ÊŒ§","11217","ƒ‘ƒŽs","112170005005","‹{’nŒÜ’š–Ú","36.066201","139.515246","0","3"
"11","é‹ÊŒ§","11217","ƒ‘ƒŽs","112170006001","—‹“dˆê’š–Ú","36.062954","139.508490","0","3"
"11","é‹ÊŒ§","11217","ƒ‘ƒŽs","112170006002","—‹“d“ñ’š–Ú","36.064158","139.509600","0","3"
"11","é‹ÊŒ§","11217","ƒ‘ƒŽs","112170007001","‰|ŒËˆê’š–Ú","36.106541","139.442716","0","3"
"11","é‹ÊŒ§","11217","ƒ‘ƒŽs","112170007002","‰|ŒË“ñ’š–Ú","36.104375","139.442296","0","3"
"11","é‹ÊŒ§","11217","ƒ‘ƒŽs","112170008001","‹tìˆê’š–Ú","36.056435","139.509209","0","3"
"11","é‹ÊŒ§","11217","ƒ‘ƒŽs","112170008002","‹tì“ñ’š–Ú","36.054743","139.509972","0","3"
"11","é‹ÊŒ§","11217","ƒ‘ƒŽs","112170009000","–{‹{’¬","36.064022","139.511828","0","1"
"11","é‹ÊŒ§","11217","ƒ‘ƒŽs","112170010000","•xŽmŒ©’¬","36.053238","139.513813","0","1"
"11","é‹ÊŒ§","11217","ƒ‘ƒŽs","112170011000","—Î’¬","36.064326","139.499147","0","1"
"11","é‹ÊŒ§","11217","ƒ‘ƒŽs","112170012001","–{’¬ˆê’š–Ú","36.060890","139.510330","0","3"
"11","é‹ÊŒ§","11217","ƒ‘ƒŽs","112170012002","–{’¬“ñ’š–Ú","36.061996","139.512839","0","3"
"11","é‹ÊŒ§","11217","ƒ‘ƒŽs","112170012003","–{’¬ŽO’š–Ú","36.059923","139.514909","0","3"
"11","é‹ÊŒ§","11217","ƒ‘ƒŽs","112170012004","–{’¬Žl’š–Ú","36.058520","139.511667","0","3"
"11","é‹ÊŒ§","11217","ƒ‘ƒŽs","112170012005","–{’¬ŒÜ’š–Ú","36.057021","139.513626","0","3"
"11","é‹ÊŒ§","11217","ƒ‘ƒŽs","112170012006","–{’¬˜Z’š–Ú","36.058529","139.517093","0","3"
"11","é‹ÊŒ§","11217","ƒ‘ƒŽs","112170012007","–{’¬Žµ’š–Ú","36.056573","139.518173","0","3"
"11","é‹ÊŒ§","11217","ƒ‘ƒŽs","112170012008","–{’¬”ª’š–Ú","36.054443","139.515480","0","3"
"11","é‹ÊŒ§","11217","ƒ‘ƒŽs","112170013000","’ç’¬","36.062299","139.496604","0","1"
"11","é‹ÊŒ§","11217","ƒ‘ƒŽs","112170014001","“Œˆê’š–Ú","36.063169","139.515600","0","3"
"11","é‹ÊŒ§","11217","ƒ‘ƒŽs","112170014002","“Œ“ñ’š–Ú","36.061689","139.517104","0","3"
"11","é‹ÊŒ§","11217","ƒ‘ƒŽs","112170014003","“ŒŽO’š–Ú","36.063662","139.519594","0","3"
"11","é‹ÊŒ§","11217","ƒ‘ƒŽs","112170014004","“ŒŽl’š–Ú","36.064896","139.517523","0","3"
"11","é‹ÊŒ§","11217","ƒ‘ƒŽs","112170015001","Š™’Ëˆê’š–Ú","36.107265","139.457143","0","3"
"11","é‹ÊŒ§","11217","ƒ‘ƒŽs","112170015002","Š™’Ë“ñ’š–Ú","36.108116","139.453763","0","3"
"11","é‹ÊŒ§","11217","ƒ‘ƒŽs","112170015003","Š™’ËŽO’š–Ú","36.109012","139.450920","0","3"
"11","é‹ÊŒ§","11217","ƒ‘ƒŽs","112170015004","Š™’ËŽl’š–Ú","36.108955","139.448231","0","3"
"11","é‹ÊŒ§","11217","ƒ‘ƒŽs","112170015005","Š™’ËŒÜ’š–Ú","36.107388","139.447083","0","3"
"11","é‹ÊŒ§","11217","ƒ‘ƒŽs","112170016001","ã–{’¬ˆê’š–Ú","36.102793","139.455318","0","3"
"11","é‹ÊŒ§","11217","ƒ‘ƒŽs","112170016002","ã–{’¬“ñ’š–Ú","36.104478","139.456514","0","3"
"11","é‹ÊŒ§","11217","ƒ‘ƒŽs","112170016003","ã–{’¬ŽO’š–Ú","36.106376","139.452612","0","3"
"11","é‹ÊŒ§","11217","ƒ‘ƒŽs","112170016004","ã–{’¬Žl’š–Ú","36.105465","139.450265","0","3"
"11","é‹ÊŒ§","11217","ƒ‘ƒŽs","112170016005","ã–{’¬ŒÜ’š–Ú","36.105894","139.446142","0","3"
"11","é‹ÊŒ§","11217","ƒ‘ƒŽs","112170017001","_–¾ˆê’š–Ú","36.069351","139.503010","0","3"
"11","é‹ÊŒ§","11217","ƒ‘ƒŽs","112170017002","_–¾“ñ’š–Ú","36.070701","139.507229","0","3"
"11","é‹ÊŒ§","11217","ƒ‘ƒŽs","112170017003","_–¾ŽO’š–Ú","36.071786","139.504082","0","3"
"11","é‹ÊŒ§","11217","ƒ‘ƒŽs","112170018001","‘åŠÔˆê’š–Ú","36.065005","139.502876","0","3"
"11","é‹ÊŒ§","11217","ƒ‘ƒŽs","112170018002","‘åŠÔ“ñ’š–Ú","36.063066","139.501586","0","3"
"11","é‹ÊŒ§","11217","ƒ‘ƒŽs","112170018003","‘åŠÔŽO’š–Ú","36.060963","139.500995","0","3"
"11","é‹ÊŒ§","11217","ƒ‘ƒŽs","112170018004","‘åŠÔŽl’š–Ú","36.059409","139.506193","0","3"
"11","é‹ÊŒ§","11217","ƒ‘ƒŽs","112170019001","¬¼ˆê’š–Ú","36.044080","139.521941","0","3"
"11","é‹ÊŒ§","11217","ƒ‘ƒŽs","112170019002","¬¼“ñ’š–Ú","36.040377","139.525006","0","3"
"11","é‹ÊŒ§","11217","ƒ‘ƒŽs","112170019003","¬¼ŽO’š–Ú","36.037601","139.527621","0","3"
"11","é‹ÊŒ§","11217","ƒ‘ƒŽs","112170019004","¬¼Žl’š–Ú","36.035146","139.529065","0","3"
"11","é‹ÊŒ§","11217","ƒ‘ƒŽs","112170020001","‚Ð‚Î‚è–ìˆê’š–Ú","36.067699","139.525555","0","3"
"11","é‹ÊŒ§","11217","ƒ‘ƒŽs","112170020002","‚Ð‚Î‚è–ì“ñ’š–Ú","36.065653","139.528474","0","3"
"11","é‹ÊŒ§","11217","ƒ‘ƒŽs","112170021001","lŒ`ˆê’š–Ú","36.051023","139.518132","0","3"
"11","é‹ÊŒ§","11217","ƒ‘ƒŽs","112170021002","lŒ`“ñ’š–Ú","36.054684","139.519884","0","3"
"11","é‹ÊŒ§","11217","ƒ‘ƒŽs","112170021003","lŒ`ŽO’š–Ú","36.052476","139.521233","0","3"
"11","é‹ÊŒ§","11217","ƒ‘ƒŽs","112170021004","lŒ`Žl’š–Ú","36.050425","139.522571","0","3"
"11","é‹ÊŒ§","11217","ƒ‘ƒŽs","112170022001","“V_ˆê’š–Ú","36.060093","139.519044","0","3"
"11","é‹ÊŒ§","11217","ƒ‘ƒŽs","112170022002","“V_“ñ’š–Ú","36.057087","139.522165","0","3"
"11","é‹ÊŒ§","11217","ƒ‘ƒŽs","112170022003","“V_ŽO’š–Ú","36.057910","139.525451","0","3"
"11","é‹ÊŒ§","11217","ƒ‘ƒŽs","112170022004","“V_Žl’š–Ú","36.060929","139.523765","0","3"
"11","é‹ÊŒ§","11217","ƒ‘ƒŽs","112170022005","“V_ŒÜ’š–Ú","36.062180","139.521413","0","3"
"11","é‹ÊŒ§","11217","ƒ‘ƒŽs","112170023001","Vhˆê’š–Ú","36.115848","139.441075","0","3"
"11","é‹ÊŒ§","11217","ƒ‘ƒŽs","112170023002","Vh“ñ’š–Ú","36.113722","139.441301","0","3"
"11","é‹ÊŒ§","11217","ƒ‘ƒŽs","112170024001","ÔŒ©‘äˆê’š–Ú","36.085766","139.478231","0","3"
"11","é‹ÊŒ§","11217","ƒ‘ƒŽs","112170024002","ÔŒ©‘ä“ñ’š–Ú","36.088979","139.477043","0","3"
"11","é‹ÊŒ§","11217","ƒ‘ƒŽs","112170024003","ÔŒ©‘äŽO’š–Ú","36.085436","139.481945","0","3"
"11","é‹ÊŒ§","11217","ƒ‘ƒŽs","112170024004","ÔŒ©‘äŽl’š–Ú","36.082157","139.483261","0","3"
"11","é‹ÊŒ§","11217","ƒ‘ƒŽs","112170025001","“ìˆê’š–Ú","36.101306","139.449013","0","3"
"11","é‹ÊŒ§","11217","ƒ‘ƒŽs","112170025002","“ì“ñ’š–Ú","36.102548","139.445800","0","3"
"11","é‹ÊŒ§","11217","ƒ‘ƒŽs","112170026000","‚·‚Ý‚ê–ì","36.084088","139.476935","0","1"
"11","é‹ÊŒ§","11217","ƒ‘ƒŽs","112170027000","ã","36.093286","139.454708","0","1"
"11","é‹ÊŒ§","11217","ƒ‘ƒŽs","112170028001","ã•xŽmŒ©ˆê’š–Ú","36.099831","139.454691","0","3"
"11","é‹ÊŒ§","11217","ƒ‘ƒŽs","112170028002","ã•xŽmŒ©“ñ’š–Ú","36.098576","139.459309","0","3"
"11","é‹ÊŒ§","11217","ƒ‘ƒŽs","112170028003","ã•xŽmŒ©ŽO’š–Ú","36.094880","139.457163","0","3"
"11","é‹ÊŒ§","11217","ƒ‘ƒŽs","112170028004","ã•xŽmŒ©Žl’š–Ú","36.097107","139.453544","0","3"
"11","é‹ÊŒ§","11217","ƒ‘ƒŽs","112170029000","ˆî‰×’¬","36.080442","139.483963","0","1"
"11","é‹ÊŒ§","11217","ƒ‘ƒŽs","112170030000","‰h’¬","36.060814","139.507250","0","1"
"11","é‹ÊŒ§","11217","ƒ‘ƒŽs","112170031001","¶o’Ëˆê’š–Ú","36.062534","139.526138","0","3"
"11","é‹ÊŒ§","11217","ƒ‘ƒŽs","112170031002","¶o’Ë“ñ’š–Ú","36.062189","139.529574","0","3"
"11","é‹ÊŒ§","11217","ƒ‘ƒŽs","112170032001","’}”gˆê’š–Ú","36.103700","139.459650","0","3"
"11","é‹ÊŒ§","11217","ƒ‘ƒŽs","112170032002","’}”g“ñ’š–Ú","36.101092","139.460481","0","3"
"11","é‹ÊŒ§","11217","ƒ‘ƒŽs","112170033001","¼Œ´ˆê’š–Ú","36.044617","139.519324","0","3"
"11","é‹ÊŒ§","11217","ƒ‘ƒŽs","112170033002","¼Œ´“ñ’š–Ú","36.040516","139.518781","0","3"
"11","é‹ÊŒ§","11217","ƒ‘ƒŽs","112170033003","¼Œ´ŽO’š–Ú","36.038869","139.523026","0","3"
"11","é‹ÊŒ§","11217","ƒ‘ƒŽs","112170033004","¼Œ´Žl’š–Ú","36.035262","139.523920","0","3"
"11","é‹ÊŒ§","11217","ƒ‘ƒŽs","112170034000","’†ˆä","36.088764","139.471879","0","1"
"11","é‹ÊŒ§","11217","ƒ‘ƒŽs","112170035000","’†‰›","36.065830","139.522558","0","1"
"11","é‹ÊŒ§","11217","ƒ‘ƒŽs","112170036000","ˆ¤‚Ì’¬","36.091063","139.472129","0","1"
"11","é‹ÊŒ§","11217","ƒ‘ƒŽs","112170037000","‰|ŒË","36.101531","139.442504","0","1"
"11","é‹ÊŒ§","11217","ƒ‘ƒŽs","112170038000","Ôé‘ä","36.118796","139.509270","0","1"
"11","é‹ÊŒ§","11217","ƒ‘ƒŽs","112170039000","ŽOƒc–Ø","36.092521","139.471537","0","1"
"11","é‹ÊŒ§","11217","ƒ‘ƒŽs","112170040000","¼’†‘]ª","36.057936","139.542019","0","1"
"11","é‹ÊŒ§","11217","ƒ‘ƒŽs","112170041000","–k’†–ì","36.058004","139.490850","0","1"
"11","é‹ÊŒ§","11217","ƒ‘ƒŽs","112170042000","“oŒË","36.066976","139.493367","0","1"
"11","é‹ÊŒ§","11217","ƒ‘ƒŽs","112170043000","ŽO’¬–Æ","36.084646","139.459270","0","1"
"11","é‹ÊŒ§","11217","ƒ‘ƒŽs","112170044000","Žsƒm“ê","36.076807","139.507918","0","1"
"11","é‹ÊŒ§","11217","ƒ‘ƒŽs","112170045000","ã‰ï‰º","36.098544","139.547880","0","1"
"11","é‹ÊŒ§","11217","ƒ‘ƒŽs","112170046000","‹{‘O","36.070852","139.488904","0","1"
"11","é‹ÊŒ§","11217","ƒ‘ƒŽs","112170047000","ì–Ê","36.094176","139.480256","0","1"
"11","é‹ÊŒ§","11217","ƒ‘ƒŽs","112170048000","–¾—p","36.090278","139.456037","0","1"
"11","é‹ÊŒ§","11217","ƒ‘ƒŽs","112170049000","–kVh","36.109631","139.438793","0","1"
"11","é‹ÊŒ§","11217","ƒ‘ƒŽs","112170050000","ŒtŒ´","36.098346","139.435093","0","1"
"11","é‹ÊŒ§","11217","ƒ‘ƒŽs","112170051000","‘åŠÔ","36.057264","139.499546","0","1"
"11","é‹ÊŒ§","11217","ƒ‘ƒŽs","112170052000","”ª”¦“c","36.075742","139.498628","0","1"
"11","é‹ÊŒ§","11217","ƒ‘ƒŽs","112170053000","Ôé","36.119361","139.515129","0","1"
"11","é‹ÊŒ§","11217","ƒ‘ƒŽs","112170054000","‘O»","36.092934","139.463554","0","1"
"11","é‹ÊŒ§","11217","ƒ‘ƒŽs","112170055000","Ž›’J","36.084302","139.496616","0","1"
"11","é‹ÊŒ§","11217","ƒ‘ƒŽs","112170056000","Vˆä","36.095992","139.532496","0","1"
"11","é‹ÊŒ§","11217","ƒ‘ƒŽs","112170057000","ƒ‘ƒ","36.069095","139.517553","0","1"
"11","é‹ÊŒ§","11217","ƒ‘ƒŽs","112170058000","Š™’Ë","36.112289","139.450327","0","1"
"11","é‹ÊŒ§","11217","ƒ‘ƒŽs","112170059000","ˆÀ—{Ž›","36.077324","139.525017","0","1"
"11","é‹ÊŒ§","11217","ƒ‘ƒŽs","112170060000","‘Ü","36.098568","139.471921","0","1"
"11","é‹ÊŒ§","11217","ƒ‘ƒŽs","112170061000","‹«","36.096524","139.543007","0","1"
"11","é‹ÊŒ§","11217","ƒ‘ƒŽs","112170062000","‰º’J","36.048905","139.548201","0","1"
"11","é‹ÊŒ§","11217","ƒ‘ƒŽs","112170063000","‰º”E","36.107541","139.465872","0","1"
"11","é‹ÊŒ§","11217","ƒ‘ƒŽs","112170064000","–kª","36.113153","139.525255","0","1"
"11","é‹ÊŒ§","11217","ƒ‘ƒŽs","112170065000","ŠÖV“c","36.098099","139.527915","0","1"
"11","é‹ÊŒ§","11217","ƒ‘ƒŽs","112170066000","íŒõ","36.046037","139.557973","0","1"
"11","é‹ÊŒ§","11217","ƒ‘ƒŽs","112170067000","ã’J","36.057652","139.533227","0","1"
"11","é‹ÊŒ§","11217","ƒ‘ƒŽs","112170068000","–¥“c","36.079867","139.478585","0","1"
"11","é‹ÊŒ§","11217","ƒ‘ƒŽs","112170069000","‘åˆ°","36.091246","139.443945","0","1"
"11","é‹ÊŒ§","11217","ƒ‘ƒŽs","112170070000","‹½’n","36.074457","139.536537","0","1"
"11","é‹ÊŒ§","11217","ƒ‘ƒŽs","112170071000","f“c","36.063041","139.482033","0","1"
"11","é‹ÊŒ§","11217","ƒ‘ƒŽs","112170072000","¬’J","36.074042","139.469166","0","1"
"11","é‹ÊŒ§","11217","ƒ‘ƒŽs","112170073000","Š}Œ´","36.067455","139.552890","0","1"
"11","é‹ÊŒ§","11217","ƒ‘ƒŽs","112170074000","L“c","36.106279","139.513736","0","1"
"11","é‹ÊŒ§","11217","ƒ‘ƒŽs","112170075000","‹ü‘ƒ","36.089212","139.511123","0","1"
"11","é‹ÊŒ§","11217","ƒ‘ƒŽs","112170076000","‘ê”nŽº","36.048476","139.500937","0","1"
"11","é‹ÊŒ§","11217","ƒ‘ƒŽs","112170077000","•Xì’¬","36.050500","139.512761","0","1"
"11","é‹ÊŒ§","11217","ƒ‘ƒŽs","112170078000","Œ´”nŽº","36.038701","139.508325","0","1"
"11","é‹ÊŒ§","11218","[’JŽs","112180033000 ","ˆÉ¨•û","36.207159","139.262861","0","1"
"11","é‹ÊŒ§","11218","[’JŽs","112180003001 ","ˆî‰×’¬ˆê’š–Ú","36.192608","139.288751","0","3"
"11","é‹ÊŒ§","11218","[’JŽs","112180003002 ","ˆî‰×’¬“ñ’š–Ú","36.195711","139.288878","0","3"
"11","é‹ÊŒ§","11218","[’JŽs","112180003003 ","ˆî‰×’¬ŽO’š–Ú","36.197923","139.289339","0","3"
"11","é‹ÊŒ§","11218","[’JŽs","112180016000 ","ˆî‰×’¬–k","36.203814","139.290486","0","1"
"11","é‹ÊŒ§","11218","[’JŽs","112180024000 ","‰h’¬","36.198431","139.276388","0","1"
"11","é‹ÊŒ§","11218","[’JŽs","112180079000 ","‰i“c","36.137668","139.254849","1","1"
"11","é‹ÊŒ§","11218","[’JŽs","112180067000 ","‰¡£","36.240681","139.254908","0","1"
"11","é‹ÊŒ§","11218","[’JŽs","112180104000 ","‰ª","36.213848","139.236121","0","1"
"11","é‹ÊŒ§","11218","[’JŽs","112180108001 ","‰ªˆê’š–Ú","36.213742","139.239129","1","3"
"11","é‹ÊŒ§","11218","[’JŽs","112180108002 ","‰ª“ñ’š–Ú","36.210775","139.238078","1","3"
"11","é‹ÊŒ§","11218","[’JŽs","112180101000 ","‰ª•”","36.194953","139.246472","0","1"
"11","é‹ÊŒ§","11218","[’JŽs","112180007000 ","‰ª—¢","36.211391","139.242638","0","1"
"11","é‹ÊŒ§","11218","[’JŽs","112180077000 ","‰ºŽèŒv","36.232761","139.270972","0","1"
"11","é‹ÊŒ§","11218","[’JŽs","112180109000","‰Ô‰€","36.133285","139.248158","1","2"
"11","é‹ÊŒ§","11218","[’JŽs","112180070000 ","Š~‡","36.172454","139.255139","0","1"
"11","é‹ÊŒ§","11218","[’JŽs","112180046000 ","Šžê","36.192520","139.268955","0","1"
"11","é‹ÊŒ§","11218","[’JŽs","112180039000 ","‹N‰ï","36.211393","139.271484","0","1"
"11","é‹ÊŒ§","11218","[’JŽs","112180047000 ","‹{ƒP’JŒË","36.205912","139.318336","0","1"
"11","é‹ÊŒ§","11218","[’JŽs","112180080000 ","‹«","36.153304","139.263069","0","1"
"11","é‹ÊŒ§","11218","[’JŽs","112180032000 ","‹È“c","36.203371","139.269136","0","1"
"11","é‹ÊŒ§","11218","[’JŽs","112180089000 ","‹ùˆø","36.165986","139.238700","0","1"
"11","é‹ÊŒ§","11218","[’JŽs","112180082000 ","‹ù”Ò","36.170064","139.229055","0","1"
"11","é‹ÊŒ§","11218","[’JŽs","112180040000 ","ŒBŠ|","36.213720","139.219719","0","1"
"11","é‹ÊŒ§","11218","[’JŽs","112180045000 ","ŒŒô“‡","36.233149","139.258727","0","1"
"11","é‹ÊŒ§","11218","[’JŽs","112180004000 ","Œ©°’¬","36.193109","139.266003","0","1"
"11","é‹ÊŒ§","11218","[’JŽs","112180084000 ","Œ´‹½","36.199835","139.301999","0","1"
"11","é‹ÊŒ§","11218","[’JŽs","112180050000 ","ŒËX","36.212803","139.277763","0","1"
"11","é‹ÊŒ§","11218","[’JŽs","112180078000 ","ŒãY‘ò","36.203434","139.204543","0","1"
"11","é‹ÊŒ§","11218","[’JŽs","112180064000 ","]Œ´","36.230417","139.330883","0","1"
"11","é‹ÊŒ§","11218","[’JŽs","112180086000 ","rì","36.129251","139.240169","0","1"
"11","é‹ÊŒ§","11218","[’JŽs","112180069000 ","‚“‡","36.236885","139.299309","0","1"
"11","é‹ÊŒ§","11218","[’JŽs","112180055000 ","‚”¨","36.217416","139.284429","0","1"
"11","é‹ÊŒ§","11218","[’JŽs","112180048000 ","‘ÏŽ›","36.190811","139.298134","0","1"
"11","é‹ÊŒ§","11218","[’JŽs","112180015000 ","‘ÏŽ›’¬","36.190898","139.307250","0","1"
"11","é‹ÊŒ§","11218","[’JŽs","112180083000 ","•“c","36.128423","139.252648","1","1"
"11","é‹ÊŒ§","11218","[’JŽs","112180071000 ","¡ò","36.181714","139.210731","0","1"
"11","é‹ÊŒ§","11218","[’JŽs","112180009000 ","÷ƒP‹u","36.184770","139.285605","0","1"
"11","é‹ÊŒ§","11218","[’JŽs","112180081000 ","ŽR‰Í","36.197247","139.231072","0","1"
"11","é‹ÊŒ§","11218","[’JŽs","112180075000 ","ŽRè","36.195503","139.215184","0","1"
"11","é‹ÊŒ§","11218","[’JŽs","112180107000 ","ŽÄè","36.185343","139.304241","0","1"
"11","é‹ÊŒ§","11218","[’JŽs","112180005000 ","Žõ’¬","36.190131","139.288926","0","1"
"11","é‹ÊŒ§","11218","[’JŽs","112180013000 ","HŒ³’¬","36.182646","139.286916","0","1"
"11","é‹ÊŒ§","11218","[’JŽs","112180085000 ","hª","36.191021","139.257578","0","1"
"11","é‹ÊŒ§","11218","[’JŽs","112180098000 ","¬‘O“c","36.129018","139.225525","0","1"
"11","é‹ÊŒ§","11218","[’JŽs","112180042000 ","ÀK","36.224675","139.309559","0","1"
"11","é‹ÊŒ§","11218","[’JŽs","112180066000 ","ãŒ´","36.150276","139.273851","0","1"
"11","é‹ÊŒ§","11218","[’JŽs","112180018001 ","ãŽÄ’¬¼ˆê’š–Ú","36.186475","139.292248","0","3"
"11","é‹ÊŒ§","11218","[’JŽs","112180018002 ","ãŽÄ’¬¼“ñ’š–Ú","36.185087","139.297274","0","3"
"11","é‹ÊŒ§","11218","[’JŽs","112180018003 ","ãŽÄ’¬¼ŽO’š–Ú","36.183806","139.300727","0","3"
"11","é‹ÊŒ§","11218","[’JŽs","112180018004 ","ãŽÄ’¬¼Žl’š–Ú","36.180303","139.296417","0","3"
"11","é‹ÊŒ§","11218","[’JŽs","112180018005 ","ãŽÄ’¬¼ŒÜ’š–Ú","36.182896","139.292505","0","3"
"11","é‹ÊŒ§","11218","[’JŽs","112180018006 ","ãŽÄ’¬¼˜Z’š–Ú","36.179617","139.290017","0","3"
"11","é‹ÊŒ§","11218","[’JŽs","112180018007 ","ãŽÄ’¬¼Žµ’š–Ú","36.177301","139.293513","0","3"
"11","é‹ÊŒ§","11218","[’JŽs","112180012001 ","ãŽÄ’¬“Œˆê’š–Ú","36.182631","139.306028","0","3"
"11","é‹ÊŒ§","11218","[’JŽs","112180012002 ","ãŽÄ’¬“Œ“ñ’š–Ú","36.180498","139.311346","0","3"
"11","é‹ÊŒ§","11218","[’JŽs","112180012003 ","ãŽÄ’¬“ŒŽO’š–Ú","36.177619","139.307922","0","3"
"11","é‹ÊŒ§","11218","[’JŽs","112180012004 ","ãŽÄ’¬“ŒŽl’š–Ú","36.181120","139.302516","0","3"
"11","é‹ÊŒ§","11218","[’JŽs","112180012005 ","ãŽÄ’¬“ŒŒÜ’š–Ú","36.178153","139.301136","0","3"
"11","é‹ÊŒ§","11218","[’JŽs","112180012006 ","ãŽÄ’¬“Œ˜Z’š–Ú","36.175164","139.297907","0","3"
"11","é‹ÊŒ§","11218","[’JŽs","112180012007 ","ãŽÄ’¬“ŒŽµ’š–Ú","36.173262","139.302372","0","3"
"11","é‹ÊŒ§","11218","[’JŽs","112180044000 ","ãŽèŒv","36.228746","139.261640","0","1"
"11","é‹ÊŒ§","11218","[’JŽs","112180056000 ","ã‘“c","36.211305","139.322069","0","1"
"11","é‹ÊŒ§","11218","[’JŽs","112180068000 ","ã•~–Æ","36.214221","139.293233","0","1"
"11","é‹ÊŒ§","11218","[’JŽs","112180096000 ","ã–ì‘ä","36.184155","139.278303","0","1"
"11","é‹ÊŒ§","11218","[’JŽs","112180041000 ","í”Õ’¬","36.196908","139.299605","0","1"
"11","é‹ÊŒ§","11218","[’JŽs","112180059000 ","Vˆä","36.218508","139.306284","0","1"
"11","é‹ÊŒ§","11218","[’JŽs","112180090000 ","V‰ú","36.228144","139.285754","0","1"
"11","é‹ÊŒ§","11218","[’JŽs","112180087000 ","Y‘ò","36.216056","139.205989","0","1"
"11","é‹ÊŒ§","11218","[’JŽs","112180074000 ","Y‘òV“c","36.202527","139.220043","0","1"
"11","é‹ÊŒ§","11218","[’JŽs","112180001000 ","[’J","36.201451","139.285414","0","1"
"11","é‹ÊŒ§","11218","[’JŽs","112180017000 ","[’J’¬","36.195718","139.278406","0","1"
"11","é‹ÊŒ§","11218","[’JŽs","112180093000 ","jƒ–’J","36.182604","139.233105","0","1"
"11","é‹ÊŒ§","11218","[’JŽs","112180102000 ","lŒ©","36.168892","139.272168","0","1"
"11","é‹ÊŒ§","11218","[’JŽs","112180065000 ","›À","36.139559","139.291806","0","1"
"11","é‹ÊŒ§","11218","[’JŽs","112180062000 ","£ŽR","36.147644","139.308244","0","1"
"11","é‹ÊŒ§","11218","[’JŽs","112180051000 ","¬’Ë","36.223014","139.294055","0","1"
"11","é‹ÊŒ§","11218","[’JŽs","112180038000 ","¼‘åÀ","36.201974","139.273943","0","1"
"11","é‹ÊŒ§","11218","[’JŽs","112180058000 ","¼“c","36.224080","139.221726","0","1"
"11","é‹ÊŒ§","11218","[’JŽs","112180020000 ","¼“‡","36.203734","139.286152","0","1"
"11","é‹ÊŒ§","11218","[’JŽs","112180002004 ","¼“‡Žl’š–Ú","36.193317","139.278170","0","3"
"11","é‹ÊŒ§","11218","[’JŽs","112180002005 ","¼“‡ŒÜ’š–Ú","36.190260","139.282300","0","3"
"11","é‹ÊŒ§","11218","[’JŽs","112180006001 ","¼“‡’¬ˆê’š–Ú","36.192430","139.285311","0","3"
"11","é‹ÊŒ§","11218","[’JŽs","112180006002 ","¼“‡’¬“ñ’š–Ú","36.192967","139.283002","0","3"
"11","é‹ÊŒ§","11218","[’JŽs","112180006003 ","¼“‡’¬ŽO’š–Ú","36.193151","139.280269","0","3"
"11","é‹ÊŒ§","11218","[’JŽs","112180060000 ","Î’Ë","36.228313","139.316268","0","1"
"11","é‹ÊŒ§","11218","[’JŽs","112180094000 ","Ü”VŒû","36.163209","139.286200","0","1"
"11","é‹ÊŒ§","11218","[’JŽs","112180035000 ","ì–{–¾ŒË","36.139783","139.304083","0","1"
"11","é‹ÊŒ§","11218","[’JŽs","112180052000 ","‘O¬‰®","36.233565","139.321233","0","1"
"11","é‹ÊŒ§","11218","[’JŽs","112180099000 ","‘å’J","36.157043","139.247024","0","1"
"11","é‹ÊŒ§","11218","[’JŽs","112180037000 ","‘å’Ë","36.226024","139.272826","0","1"
"11","é‹ÊŒ§","11218","[’JŽs","112180026000 ","‘å’Ë“‡","36.214019","139.266462","0","1"
"11","é‹ÊŒ§","11218","[’JŽs","112180023000 ","’J”V","36.206267","139.266478","0","1"
"11","é‹ÊŒ§","11218","[’JŽs","112180095000 ","’†£","36.242025","139.282269","0","1"
"11","é‹ÊŒ§","11218","[’JŽs","112180022000 ","’‡’¬","36.197798","139.284147","0","1"
"11","é‹ÊŒ§","11218","[’JŽs","112180049000 ","’¬“c","36.228020","139.248190","0","1"
"11","é‹ÊŒ§","11218","[’JŽs","112180092000 ","’·Ý‰Æ","36.148965","139.291813","0","1"
"11","é‹ÊŒ§","11218","[’JŽs","112180011000 ","“V_’¬","36.201322","139.289887","0","1"
"11","é‹ÊŒ§","11218","[’JŽs","112180021000 ","“cŠ’¬","36.194163","139.274476","0","1"
"11","é‹ÊŒ§","11218","[’JŽs","112180031000 ","“c’J","36.203255","139.283492","0","1"
"11","é‹ÊŒ§","11218","[’JŽs","112180091000 ","“c’†","36.141004","139.277187","0","1"
"11","é‹ÊŒ§","11218","[’JŽs","112180036000 ","“Œ‘åÀ","36.202629","139.278774","0","1"
"11","é‹ÊŒ§","11218","[’JŽs","112180100000 ","“Œ•û","36.194306","139.319848","0","1"
"11","é‹ÊŒ§","11218","[’JŽs","112180008001 ","“Œ•û’¬ˆê’š–Ú","36.189663","139.310859","0","3"
"11","é‹ÊŒ§","11218","[’JŽs","112180008002 ","“Œ•û’¬“ñ’š–Ú","36.189669","139.314442","0","3"
"11","é‹ÊŒ§","11218","[’JŽs","112180008003 ","“Œ•û’¬ŽO’š–Ú","36.187081","139.317498","0","3"
"11","é‹ÊŒ§","11218","[’JŽs","112180008004 ","“Œ•û’¬Žl’š–Ú","36.185304","139.320826","0","3"
"11","é‹ÊŒ§","11218","[’JŽs","112180008005 ","“Œ•û’¬ŒÜ’š–Ú","36.184087","139.323364","0","3"
"11","é‹ÊŒ§","11218","[’JŽs","112180019000 ","“¡–ì–Ø","36.214768","139.324817","0","1"
"11","é‹ÊŒ§","11218","[’JŽs","112180054000 ","“àƒP“‡","36.220184","139.270124","0","1"
"11","é‹ÊŒ§","11218","[’JŽs","112180030000 ","“ìˆ¢‰ê–ì","36.233673","139.251105","0","1"
"11","é‹ÊŒ§","11218","[’JŽs","112180034000 ","“ñƒc¬‰®","36.235626","139.310572","0","1"
"11","é‹ÊŒ§","11218","[’JŽs","112180072000 ","”‡","36.180018","139.258400","0","1"
"11","é‹ÊŒ§","11218","[’JŽs","112180043000 ","”’‘‘ä","36.121568","139.300713","0","1"
"11","é‹ÊŒ§","11218","[’JŽs","112180063001 ","”¦—…’¬ˆê’š–Ú","36.184049","139.312755","0","3"
"11","é‹ÊŒ§","11218","[’JŽs","112180097000 ","”©ŽR","36.125270","139.268576","0","1"
"11","é‹ÊŒ§","11218","[’JŽs","112180088000 ","•ÏŽ›","36.206090","139.246052","0","1"
"11","é‹ÊŒ§","11218","[’JŽs","112180014000 ","•ì","36.144872","139.283186","0","1"
"11","é‹ÊŒ§","11218","[’JŽs","112180105000 ","•‘ –ì","36.142082","139.224690","0","1"
"11","é‹ÊŒ§","11218","[’JŽs","112180029000 ","–kˆ¢‰ê–ì","36.236812","139.253693","0","1"
"11","é‹ÊŒ§","11218","[’JŽs","112180057000 ","–kª","36.143954","139.251378","0","1"
"11","é‹ÊŒ§","11218","[’JŽs","112180053000 ","–x•Ä","36.217631","139.331361","0","1"
"11","é‹ÊŒ§","11218","[’JŽs","112180103000 ","–{‹½","36.172207","139.213374","0","1"
"11","é‹ÊŒ§","11218","[’JŽs","112180025000 ","–{Z’¬","36.197501","139.286597","0","1"
"11","é‹ÊŒ§","11218","[’JŽs","112180106000 ","–{“c","36.122153","139.289420","0","1"
"11","é‹ÊŒ§","11218","[’JŽs","112180027000 ","–{“cƒP’J","36.208509","139.329780","0","1"
"11","é‹ÊŒ§","11218","[’JŽs","112180076000 ","–¾ŒË","36.208989","139.303739","0","1"
"11","é‹ÊŒ§","11218","[’JŽs","112180073000 ","–î“‡","36.218921","139.257113","0","1"
"11","é‹ÊŒ§","11218","[’JŽs","112180028000 ","—ÎƒP‹u","36.187217","139.287785","0","1"
"11","é‹ÊŒ§","11218","[’JŽs","112180010000 ","—Î‘ä","36.130107","139.217082","0","1"
"11","é‹ÊŒ§","11218","[’JŽs","112180061000 ","˜@À","36.219772","139.319414","0","1"
"11","é‹ÊŒ§","11219","ã”öŽs","112190001001","ìˆê’š–Ú","35.965872","139.581443","0","3"
"11","é‹ÊŒ§","11219","ã”öŽs","112190001002","ì“ñ’š–Ú","35.964724","139.578768","0","3"
"11","é‹ÊŒ§","11219","ã”öŽs","112190002000","‘åŽšì","35.964857","139.576968","0","1"
"11","é‹ÊŒ§","11219","ã”öŽs","112190003001","Œ´Žs’†ˆê’š–Ú","35.969563","139.623092","0","3"
"11","é‹ÊŒ§","11219","ã”öŽs","112190003003","Œ´Žs’†ŽO’š–Ú","35.963701","139.623505","0","3"
"11","é‹ÊŒ§","11219","ã”öŽs","112190004001","›’Jˆê’š–Ú","35.999002","139.593364","0","3"
"11","é‹ÊŒ§","11219","ã”öŽs","112190004002","›’J“ñ’š–Ú","36.001298","139.596735","0","3"
"11","é‹ÊŒ§","11219","ã”öŽs","112190004003","›’JŽO’š–Ú","36.001266","139.592129","0","3"
"11","é‹ÊŒ§","11219","ã”öŽs","112190004004","›’JŽl’š–Ú","36.003049","139.594025","0","3"
"11","é‹ÊŒ§","11219","ã”öŽs","112190004005","›’JŒÜ’š–Ú","36.004440","139.591303","0","3"
"11","é‹ÊŒ§","11219","ã”öŽs","112190004006","›’J˜Z’š–Ú","36.006724","139.591533","0","3"
"11","é‹ÊŒ§","11219","ã”öŽs","112190005001","Œ´Žs–kˆê’š–Ú","35.972389","139.620415","0","3"
"11","é‹ÊŒ§","11219","ã”öŽs","112190006001","’‡’¬ˆê’š–Ú","35.972489","139.593013","0","3"
"11","é‹ÊŒ§","11219","ã”öŽs","112190006002","’‡’¬“ñ’š–Ú","35.973828","139.594901","0","3"
"11","é‹ÊŒ§","11219","ã”öŽs","112190007001","{ƒP’Jˆê’š–Ú","36.000914","139.601631","0","3"
"11","é‹ÊŒ§","11219","ã”öŽs","112190007002","{ƒP’J“ñ’š–Ú","36.003260","139.598879","0","3"
"11","é‹ÊŒ§","11219","ã”öŽs","112190007003","{ƒP’JŽO’š–Ú","36.005115","139.596865","0","3"
"11","é‹ÊŒ§","11219","ã”öŽs","112190008001","—Î‹uˆê’š–Ú","35.981475","139.583951","0","3"
"11","é‹ÊŒ§","11219","ã”öŽs","112190008002","—Î‹u“ñ’š–Ú","35.984046","139.582710","0","3"
"11","é‹ÊŒ§","11219","ã”öŽs","112190008003","—Î‹uŽO’š–Ú","35.987785","139.580147","0","3"
"11","é‹ÊŒ§","11219","ã”öŽs","112190008004","—Î‹uŽl’š–Ú","35.986093","139.585449","0","3"
"11","é‹ÊŒ§","11219","ã”öŽs","112190008005","—Î‹uŒÜ’š–Ú","35.986700","139.588136","0","3"
"11","é‹ÊŒ§","11219","ã”öŽs","112190009001","’†Èˆê’š–Ú","35.984991","139.574472","0","3"
"11","é‹ÊŒ§","11219","ã”öŽs","112190009002","’†È“ñ’š–Ú","35.982402","139.571473","0","3"
"11","é‹ÊŒ§","11219","ã”öŽs","112190009003","’†ÈŽO’š–Ú","35.985349","139.569791","0","3"
"11","é‹ÊŒ§","11219","ã”öŽs","112190009004","’†ÈŽl’š–Ú","35.982721","139.565679","0","3"
"11","é‹ÊŒ§","11219","ã”öŽs","112190009005","’†ÈŒÜ’š–Ú","35.985681","139.565157","0","3"
"11","é‹ÊŒ§","11219","ã”öŽs","112190010000","‘åŽšã”öh","35.986343","139.600897","0","1"
"11","é‹ÊŒ§","11219","ã”öŽs","112190011001","¼‹{‰ºˆê’š–Ú","35.967443","139.591616","0","3"
"11","é‹ÊŒ§","11219","ã”öŽs","112190011002","¼‹{‰º“ñ’š–Ú","35.963554","139.591982","0","3"
"11","é‹ÊŒ§","11219","ã”öŽs","112190011003","¼‹{‰ºŽO’š–Ú","35.962918","139.595048","0","3"
"11","é‹ÊŒ§","11219","ã”öŽs","112190011004","¼‹{‰ºŽl’š–Ú","35.965085","139.588623","0","3"
"11","é‹ÊŒ§","11219","ã”öŽs","112190012001","–{’¬ˆê’š–Ú","35.975945","139.595922","0","3"
"11","é‹ÊŒ§","11219","ã”öŽs","112190012002","–{’¬“ñ’š–Ú","35.977190","139.597802","0","3"
"11","é‹ÊŒ§","11219","ã”öŽs","112190012003","–{’¬ŽO’š–Ú","35.979148","139.592571","0","3"
"11","é‹ÊŒ§","11219","ã”öŽs","112190012004","–{’¬Žl’š–Ú","35.980995","139.594933","0","3"
"11","é‹ÊŒ§","11219","ã”öŽs","112190012005","–{’¬ŒÜ’š–Ú","35.983091","139.588987","0","3"
"11","é‹ÊŒ§","11219","ã”öŽs","112190012006","–{’¬˜Z’š–Ú","35.984523","139.592402","0","3"
"11","é‹ÊŒ§","11219","ã”öŽs","112190013000","‹{–{’¬","35.974934","139.591351","0","1"
"11","é‹ÊŒ§","11219","ã”öŽs","112190014001","•Ùàˆê’š–Ú","35.971016","139.576000","0","3"
"11","é‹ÊŒ§","11219","ã”öŽs","112190014002","•Ùà“ñ’š–Ú","35.973913","139.576456","0","3"
"11","é‹ÊŒ§","11219","ã”öŽs","112190015001","ˆäŒË–Øˆê’š–Ú","35.989689","139.563040","0","3"
"11","é‹ÊŒ§","11219","ã”öŽs","112190015002","ˆäŒË–Ø“ñ’š–Ú","35.992779","139.561843","0","3"
"11","é‹ÊŒ§","11219","ã”öŽs","112190015003","ˆäŒË–ØŽO’š–Ú","35.989571","139.558657","0","3"
"11","é‹ÊŒ§","11219","ã”öŽs","112190015004","ˆäŒË–ØŽl’š–Ú","35.987235","139.561281","0","3"
"11","é‹ÊŒ§","11219","ã”öŽs","112190016001","’J’Ãˆê’š–Ú","35.969527","139.589336","0","3"
"11","é‹ÊŒ§","11219","ã”öŽs","112190016002","’J’Ã“ñ’š–Ú","35.971566","139.588161","0","3"
"11","é‹ÊŒ§","11219","ã”öŽs","112190017001","ò‘äˆê’š–Ú","35.981341","139.563274","0","3"
"11","é‹ÊŒ§","11219","ã”öŽs","112190017002","ò‘ä“ñ’š–Ú","35.986338","139.557680","0","3"
"11","é‹ÊŒ§","11219","ã”öŽs","112190017003","ò‘äŽO’š–Ú","35.989860","139.553994","0","3"
"11","é‹ÊŒ§","11219","ã”öŽs","112190018000","Œ´V’¬","35.985570","139.578372","0","1"
"11","é‹ÊŒ§","11219","ã”öŽs","112190019001","“ú‚Ìoˆê’š–Ú","35.964430","139.604364","0","3"
"11","é‹ÊŒ§","11219","ã”öŽs","112190019002","“ú‚Ìo“ñ’š–Ú","35.967875","139.606343","0","3"
"11","é‹ÊŒ§","11219","ã”öŽs","112190019003","“ú‚ÌoŽO’š–Ú","35.965108","139.608099","0","3"
"11","é‹ÊŒ§","11219","ã”öŽs","112190019004","“ú‚ÌoŽl’š–Ú","35.967667","139.610540","0","3"
"11","é‹ÊŒ§","11219","ã”öŽs","112190020001","”Àˆê’š–Ú","35.975568","139.585846","0","3"
"11","é‹ÊŒ§","11219","ã”öŽs","112190020002","”À“ñ’š–Ú","35.972130","139.583359","0","3"
"11","é‹ÊŒ§","11219","ã”öŽs","112190020003","”ÀŽO’š–Ú","35.974183","139.581754","0","3"
"11","é‹ÊŒ§","11219","ã”öŽs","112190020004","”ÀŽl’š–Ú","35.970672","139.579222","0","3"
"11","é‹ÊŒ§","11219","ã”öŽs","112190021001","•xŽmŒ©ˆê’š–Ú","35.966512","139.585721","0","3"
"11","é‹ÊŒ§","11219","ã”öŽs","112190021002","•xŽmŒ©“ñ’š–Ú","35.968408","139.583380","0","3"
"11","é‹ÊŒ§","11219","ã”öŽs","112190022001","ŒüŽRˆê’š–Ú","35.960935","139.583224","0","3"
"11","é‹ÊŒ§","11219","ã”öŽs","112190022002","ŒüŽR“ñ’š–Ú","35.958758","139.578316","0","3"
"11","é‹ÊŒ§","11219","ã”öŽs","112190022003","ŒüŽRŽO’š–Ú","35.963409","139.581570","0","3"
"11","é‹ÊŒ§","11219","ã”öŽs","112190022004","ŒüŽRŽl’š–Ú","35.961544","139.576472","0","3"
"11","é‹ÊŒ§","11219","ã”öŽs","112190022005","ŒüŽRŒÜ’š–Ú","35.958918","139.574714","1","3"
"11","é‹ÊŒ§","11219","ã”öŽs","112190023000","‹Ñ’¬","35.988549","139.587851","0","1"
"11","é‹ÊŒ§","11219","ã”öŽs","112190024001","óŠÔ‘äˆê’š–Ú","35.983071","139.577034","0","3"
"11","é‹ÊŒ§","11219","ã”öŽs","112190024002","óŠÔ‘ä“ñ’š–Ú","35.979707","139.575075","0","3"
"11","é‹ÊŒ§","11219","ã”öŽs","112190024003","óŠÔ‘äŽO’š–Ú","35.976222","139.572973","0","3"
"11","é‹ÊŒ§","11219","ã”öŽs","112190024004","óŠÔ‘äŽl’š–Ú","35.979553","139.569688","0","3"
"11","é‹ÊŒ§","11219","ã”öŽs","112190025001","“¡”gˆê’š–Ú","35.985310","139.543190","0","3"
"11","é‹ÊŒ§","11219","ã”öŽs","112190025002","“¡”g“ñ’š–Ú","35.989250","139.541127","0","3"
"11","é‹ÊŒ§","11219","ã”öŽs","112190025003","“¡”gŽO’š–Ú","35.990056","139.547755","0","3"
"11","é‹ÊŒ§","11219","ã”öŽs","112190025004","“¡”gŽl’š–Ú","35.987314","139.548750","0","3"
"11","é‹ÊŒ§","11219","ã”öŽs","112190026000","‘åŽšŒüŽR","35.955655","139.577088","0","1"
"11","é‹ÊŒ§","11219","ã”öŽs","112190027001","“Œ’¬ˆê’š–Ú","35.974402","139.601088","0","3"
"11","é‹ÊŒ§","11219","ã”öŽs","112190027002","“Œ’¬“ñ’š–Ú","35.971431","139.603518","0","3"
"11","é‹ÊŒ§","11219","ã”öŽs","112190027003","“Œ’¬ŽO’š–Ú","35.973823","139.605550","0","3"
"11","é‹ÊŒ§","11219","ã”öŽs","112190028001","ã’¬ˆê’š–Ú","35.977035","139.589428","0","3"
"11","é‹ÊŒ§","11219","ã”öŽs","112190028002","ã’¬“ñ’š–Ú","35.979402","139.586812","0","3"
"11","é‹ÊŒ§","11219","ã”öŽs","112190029001","t“úˆê’š–Ú","35.978551","139.581529","0","3"
"11","é‹ÊŒ§","11219","ã”öŽs","112190029002","t“ú“ñ’š–Ú","35.976710","139.578473","0","3"
"11","é‹ÊŒ§","11219","ã”öŽs","112190030000","ŒÜ”Ô’¬","35.965584","139.619647","0","1"
"11","é‹ÊŒ§","11219","ã”öŽs","112190031001","ˆ¤“†ˆê’š–Ú","35.969352","139.594431","0","3"
"11","é‹ÊŒ§","11219","ã”öŽs","112190031002","ˆ¤“†“ñ’š–Ú","35.971300","139.597837","0","3"
"11","é‹ÊŒ§","11219","ã”öŽs","112190031003","ˆ¤“†ŽO’š–Ú","35.966843","139.599101","0","3"
"11","é‹ÊŒ§","11219","ã”öŽs","112190032001","•½’Ëˆê’š–Ú","35.996518","139.595571","0","3"
"11","é‹ÊŒ§","11219","ã”öŽs","112190032002","•½’Ë“ñ’š–Ú","35.998344","139.599326","0","3"
"11","é‹ÊŒ§","11219","ã”öŽs","112190033001","’†•ªˆê’š–Ú","35.970365","139.558019","0","3"
"11","é‹ÊŒ§","11219","ã”öŽs","112190033002","’†•ª“ñ’š–Ú","35.975731","139.554033","0","3"
"11","é‹ÊŒ§","11219","ã”öŽs","112190033003","’†•ªŽO’š–Ú","35.979547","139.551202","0","3"
"11","é‹ÊŒ§","11219","ã”öŽs","112190033004","’†•ªŽl’š–Ú","35.980009","139.545568","0","3"
"11","é‹ÊŒ§","11219","ã”öŽs","112190033005","’†•ªŒÜ’š–Ú","35.985045","139.552044","0","3"
"11","é‹ÊŒ§","11219","ã”öŽs","112190033006","’†•ª˜Z’š–Ú","35.982103","139.555530","0","3"
"11","é‹ÊŒ§","11219","ã”öŽs","112190034001","¡òˆê’š–Ú","35.969376","139.573447","0","3"
"11","é‹ÊŒ§","11219","ã”öŽs","112190034004","¡òŽl’š–Ú","35.960966","139.572141","1","3"
"11","é‹ÊŒ§","11219","ã”öŽs","112190035000","‰h’¬","35.962005","139.601224","0","1"
"11","é‹ÊŒ§","11219","ã”öŽs","112190036000","‘åŽš¼ŠL’Ë","35.937238","139.554119","0","1"
"11","é‹ÊŒ§","11219","ã”öŽs","112190037000","‘åŽš“ì","36.002704","139.585575","0","1"
"11","é‹ÊŒ§","11219","ã”öŽs","112190038000","‘åŽš›’J","35.999757","139.589083","0","1"
"11","é‹ÊŒ§","11219","ã”öŽs","112190039000","‘åŽšã–ì–{‹½","35.933308","139.560014","0","1"
"11","é‹ÊŒ§","11219","ã”öŽs","112190040000","‘åŽš’çè","35.946990","139.579574","0","1"
"11","é‹ÊŒ§","11219","ã”öŽs","112190041000","‘åŽšã”ö‘º","35.987527","139.596124","0","1"
"11","é‹ÊŒ§","11219","ã”öŽs","112190042000","‘åŽšã”ö‰º","35.970962","139.612342","0","1"
"11","é‹ÊŒ§","11219","ã”öŽs","112190043000","“ñƒc‹{","35.981087","139.601213","0","1"
"11","é‹ÊŒ§","11219","ã”öŽs","112190044000","‘åŽš’n“ª•û","35.948594","139.573130","0","1"
"11","é‹ÊŒ§","11219","ã”öŽs","112190045000","‘åŽšˆë’š–Ú","35.954058","139.574284","0","1"
"11","é‹ÊŒ§","11219","ã”öŽs","112190046000","‘åŽš¡ò","35.964569","139.569815","0","1"
"11","é‹ÊŒ§","11219","ã”öŽs","112190047000","‘åŽš’†Vˆä","35.948921","139.587001","0","1"
"11","é‹ÊŒ§","11219","ã”öŽs","112190048000","‘åŽšŒËè","35.943630","139.594186","0","1"
"11","é‹ÊŒ§","11219","ã”öŽs","112190049000","‘åŽš•½•û—ÌX‰Æ","35.943675","139.568483","0","1"
"11","é‹ÊŒ§","11219","ã”öŽs","112190050000","‘åŽšã–ì","35.943792","139.560427","0","1"
"11","é‹ÊŒ§","11219","ã”öŽs","112190051000","‘åŽš‘å’J–{‹½","35.955800","139.583933","0","1"
"11","é‹ÊŒ§","11219","ã”öŽs","112190052000","‘åŽš¬•~’J","35.961449","139.558587","0","1"
"11","é‹ÊŒ§","11219","ã”öŽs","112190053000","‘åŽš”È‹g","35.962632","139.545374","0","1"
"11","é‹ÊŒ§","11219","ã”öŽs","112190054000","‘åŽš—Ì‰Æ","35.971776","139.544504","0","1"
"11","é‹ÊŒ§","11219","ã”öŽs","112190055000","‘åŽšã","35.999478","139.577774","0","1"
"11","é‹ÊŒ§","11219","ã”öŽs","112190056000","‘åŽš•½’Ë","35.986992","139.607925","0","1"
"11","é‹ÊŒ§","11219","ã”öŽs","112190057000","‘åŽšŠ¢•˜","35.961321","139.640754","0","1"
"11","é‹ÊŒ§","11219","ã”öŽs","112190058000","‘åŽš•½•û","35.946355","139.548224","0","1"
"11","é‹ÊŒ§","11219","ã”öŽs","112190059000","‘åŽšŒ´Žs","35.967704","139.627496","0","1"
"11","é‹ÊŒ§","11219","ã”öŽs","112190060000","‘åŽš‹v•Û","35.993358","139.579058","0","1"
"11","é‹ÊŒ§","11219","ã”öŽs","112190061001","ã•½’†‰›ˆê’š–Ú","35.990648","139.581631","0","3"
"11","é‹ÊŒ§","11219","ã”öŽs","112190061002","ã•½’†‰›“ñ’š–Ú","35.992305","139.584239","0","3"
"11","é‹ÊŒ§","11219","ã”öŽs","112190061003","ã•½’†‰›ŽO’š–Ú","35.993017","139.586748","0","3"
"11","é‹ÊŒ§","11219","ã”öŽs","112190062000","‘åŽš¼–å‘O","35.995070","139.583307","0","1"
"11","é‹ÊŒ§","11219","ã”öŽs","112190063000","‘åŽš¬ò","35.981805","139.559323","0","1"
"11","é‹ÊŒ§","11219","ã”öŽs","112190064001","¬òˆê’š–Ú","35.970620","139.571566","0","3"
"11","é‹ÊŒ§","11219","ã”öŽs","112190064002","¬ò“ñ’š–Ú","35.970747","139.568401","0","3"
"11","é‹ÊŒ§","11219","ã”öŽs","112190064003","¬òŽO’š–Ú","35.974304","139.570288","0","3"
"11","é‹ÊŒ§","11219","ã”öŽs","112190064004","¬òŽl’š–Ú","35.973861","139.567275","0","3"
"11","é‹ÊŒ§","11219","ã”öŽs","112190064005","¬òŒÜ’š–Ú","35.977731","139.566444","0","3"
"11","é‹ÊŒ§","11219","ã”öŽs","112190064006","¬ò˜Z’š–Ú","35.970937","139.565085","0","3"
"11","é‹ÊŒ§","11219","ã”öŽs","112190064007","¬òŽµ’š–Ú","35.971962","139.561920","0","3"
"11","é‹ÊŒ§","11219","ã”öŽs","112190064008","¬ò”ª’š–Ú","35.974342","139.563312","0","3"
"11","é‹ÊŒ§","11219","ã”öŽs","112190064009","¬ò‹ã’š–Ú","35.976535","139.561547","0","3"
"11","é‹ÊŒ§","11219","ã”öŽs","112190065000","ˆë’š–Ú¼","35.957232","139.567195","1","1"
"11","é‹ÊŒ§","11219","ã”öŽs","112190066000","ˆë’š–Ú“Œ","35.957399","139.572853","1","1"
"11","é‹ÊŒ§","11219","ã”öŽs","112190067000","ˆë’š–Ú“ì","35.954816","139.569317","1","1"
"11","é‹ÊŒ§","11219","ã”öŽs","112190068000","ˆë’š–Ú–k","35.959563","139.569485","1","1"
"11","é‹ÊŒ§","11221","‘‰ÁŽs","112210001000","–k’J’¬","35.846446","139.786787","0","1"
"11","é‹ÊŒ§","11221","‘‰ÁŽs","112210002000","ç•D","35.870270","139.823489","0","1"
"11","é‹ÊŒ§","11221","‘‰ÁŽs","112210003000","Â–ö’¬","35.850059","139.815446","0","1"
"11","é‹ÊŒ§","11221","‘‰ÁŽs","112210004001","ˆ®’¬ˆê’š–Ú","35.851262","139.801328","0","3"
"11","é‹ÊŒ§","11221","‘‰ÁŽs","112210004002","ˆ®’¬“ñ’š–Ú","35.849580","139.799661","0","3"
"11","é‹ÊŒ§","11221","‘‰ÁŽs","112210004003","ˆ®’¬ŽO’š–Ú","35.852042","139.798333","0","3"
"11","é‹ÊŒ§","11221","‘‰ÁŽs","112210004004","ˆ®’¬Žl’š–Ú","35.850025","139.796334","0","3"
"11","é‹ÊŒ§","11221","‘‰ÁŽs","112210004005","ˆ®’¬ŒÜ’š–Ú","35.848142","139.793284","0","3"
"11","é‹ÊŒ§","11221","‘‰ÁŽs","112210004006","ˆ®’¬˜Z’š–Ú","35.850525","139.792187","0","3"
"11","é‹ÊŒ§","11221","‘‰ÁŽs","112210005001","‘‰Áˆê’š–Ú","35.835206","139.802179","0","3"
"11","é‹ÊŒ§","11221","‘‰ÁŽs","112210005002","‘‰Á“ñ’š–Ú","35.834442","139.798618","0","3"
"11","é‹ÊŒ§","11221","‘‰ÁŽs","112210005003","‘‰ÁŽO’š–Ú","35.837924","139.797156","0","3"
"11","é‹ÊŒ§","11221","‘‰ÁŽs","112210005004","‘‰ÁŽl’š–Ú","35.838132","139.800157","0","3"
"11","é‹ÊŒ§","11221","‘‰ÁŽs","112210005005","‘‰ÁŒÜ’š–Ú","35.838875","139.802031","0","3"
"11","é‹ÊŒ§","11221","‘‰ÁŽs","112210006001","£èˆê’š–Ú","35.815702","139.802974","0","3"
"11","é‹ÊŒ§","11221","‘‰ÁŽs","112210006002","£è“ñ’š–Ú","35.815383","139.806657","0","3"
"11","é‹ÊŒ§","11221","‘‰ÁŽs","112210006003","£èŽO’š–Ú","35.811479","139.806337","0","3"
"11","é‹ÊŒ§","11221","‘‰ÁŽs","112210006004","£èŽl’š–Ú","35.809417","139.806092","0","3"
"11","é‹ÊŒ§","11221","‘‰ÁŽs","112210006005","£èŒÜ’š–Ú","35.813763","139.812352","0","3"
"11","é‹ÊŒ§","11221","‘‰ÁŽs","112210006006","£è˜Z’š–Ú","35.811651","139.814881","0","3"
"11","é‹ÊŒ§","11221","‘‰ÁŽs","112210006007","£èŽµ’š–Ú","35.809294","139.813383","0","3"
"11","é‹ÊŒ§","11221","‘‰ÁŽs","112210007001","‰ÔŒIˆê’š–Ú","35.834314","139.793723","0","3"
"11","é‹ÊŒ§","11221","‘‰ÁŽs","112210007002","‰ÔŒI“ñ’š–Ú","35.834811","139.788766","0","3"
"11","é‹ÊŒ§","11221","‘‰ÁŽs","112210007003","‰ÔŒIŽO’š–Ú","35.837780","139.787912","0","3"
"11","é‹ÊŒ§","11221","‘‰ÁŽs","112210007004","‰ÔŒIŽl’š–Ú","35.838096","139.792277","0","3"
"11","é‹ÊŒ§","11221","‘‰ÁŽs","112210008001","•Ù“Vˆê’š–Ú","35.844630","139.812026","0","3"
"11","é‹ÊŒ§","11221","‘‰ÁŽs","112210008002","•Ù“V“ñ’š–Ú","35.842213","139.813200","0","3"
"11","é‹ÊŒ§","11221","‘‰ÁŽs","112210008003","•Ù“VŽO’š–Ú","35.841091","139.819761","0","3"
"11","é‹ÊŒ§","11221","‘‰ÁŽs","112210008004","•Ù“VŽl’š–Ú","35.843790","139.817895","0","3"
"11","é‹ÊŒ§","11221","‘‰ÁŽs","112210008005","•Ù“VŒÜ’š–Ú","35.846482","139.818068","0","3"
"11","é‹ÊŒ§","11221","‘‰ÁŽs","112210008006","•Ù“V˜Z’š–Ú","35.846419","139.814671","0","3"
"11","é‹ÊŒ§","11221","‘‰ÁŽs","112210009001","‰h’¬ˆê’š–Ú","35.837460","139.804868","0","3"
"11","é‹ÊŒ§","11221","‘‰ÁŽs","112210009002","‰h’¬“ñ’š–Ú","35.841563","139.803216","0","3"
"11","é‹ÊŒ§","11221","‘‰ÁŽs","112210009003","‰h’¬ŽO’š–Ú","35.846533","139.801136","0","3"
"11","é‹ÊŒ§","11221","‘‰ÁŽs","112210010001","‹g’¬ˆê’š–Ú","35.824876","139.809734","0","3"
"11","é‹ÊŒ§","11221","‘‰ÁŽs","112210010002","‹g’¬“ñ’š–Ú","35.823086","139.809473","0","3"
"11","é‹ÊŒ§","11221","‘‰ÁŽs","112210010003","‹g’¬ŽO’š–Ú","35.820696","139.809005","0","3"
"11","é‹ÊŒ§","11221","‘‰ÁŽs","112210010004","‹g’¬Žl’š–Ú","35.818552","139.808589","0","3"
"11","é‹ÊŒ§","11221","‘‰ÁŽs","112210010005","‹g’¬ŒÜ’š–Ú","35.820437","139.804060","0","3"
"11","é‹ÊŒ§","11221","‘‰ÁŽs","112210011001","_–¾ˆê’š–Ú","35.834513","139.805592","0","3"
"11","é‹ÊŒ§","11221","‘‰ÁŽs","112210011002","_–¾“ñ’š–Ú","35.835386","139.808331","0","3"
"11","é‹ÊŒ§","11221","‘‰ÁŽs","112210012001","’†‰›ˆê’š–Ú","35.826408","139.809880","0","3"
"11","é‹ÊŒ§","11221","‘‰ÁŽs","112210012002","’†‰›“ñ’š–Ú","35.828422","139.810035","0","3"
"11","é‹ÊŒ§","11221","‘‰ÁŽs","112210013001","¼]ˆê’š–Ú","35.842816","139.805940","0","3"
"11","é‹ÊŒ§","11221","‘‰ÁŽs","112210013002","¼]“ñ’š–Ú","35.840792","139.809216","0","3"
"11","é‹ÊŒ§","11221","‘‰ÁŽs","112210013003","¼]ŽO’š–Ú","35.836707","139.810494","0","3"
"11","é‹ÊŒ§","11221","‘‰ÁŽs","112210013004","¼]Žl’š–Ú","35.839105","139.814217","0","3"
"11","é‹ÊŒ§","11221","‘‰ÁŽs","112210013005","¼]ŒÜ’š–Ú","35.835761","139.817667","0","3"
"11","é‹ÊŒ§","11221","‘‰ÁŽs","112210013006","¼]˜Z’š–Ú","35.835995","139.820156","0","3"
"11","é‹ÊŒ§","11221","‘‰ÁŽs","112210014000","—¼V“c“Œ’¬","35.812225","139.786750","0","1"
"11","é‹ÊŒ§","11221","‘‰ÁŽs","112210015001","’†ªˆê’š–Ú","35.847824","139.804264","0","3"
"11","é‹ÊŒ§","11221","‘‰ÁŽs","112210015002","’†ª“ñ’š–Ú","35.848090","139.807090","0","3"
"11","é‹ÊŒ§","11221","‘‰ÁŽs","112210015003","’†ªŽO’š–Ú","35.847310","139.810568","0","3"
"11","é‹ÊŒ§","11221","‘‰ÁŽs","112210016001","¼Œ´ˆê’š–Ú","35.843133","139.799254","0","3"
"11","é‹ÊŒ§","11221","‘‰ÁŽs","112210016002","¼Œ´“ñ’š–Ú","35.843254","139.795965","0","3"
"11","é‹ÊŒ§","11221","‘‰ÁŽs","112210016003","¼Œ´ŽO’š–Ú","35.843358","139.792823","0","3"
"11","é‹ÊŒ§","11221","‘‰ÁŽs","112210016004","¼Œ´Žl’š–Ú","35.843137","139.789625","0","3"
"11","é‹ÊŒ§","11221","‘‰ÁŽs","112210016005","¼Œ´ŒÜ’š–Ú","35.846155","139.796195","0","3"
"11","é‹ÊŒ§","11221","‘‰ÁŽs","112210017001","Œ´’¬ˆê’š–Ú","35.845176","139.778830","0","3"
"11","é‹ÊŒ§","11221","‘‰ÁŽs","112210017002","Œ´’¬“ñ’š–Ú","35.846381","139.776013","0","3"
"11","é‹ÊŒ§","11221","‘‰ÁŽs","112210017003","Œ´’¬ŽO’š–Ú","35.849982","139.775174","0","3"
"11","é‹ÊŒ§","11221","‘‰ÁŽs","112210018001","Z‹gˆê’š–Ú","35.831219","139.805508","0","3"
"11","é‹ÊŒ§","11221","‘‰ÁŽs","112210018002","Z‹g“ñ’š–Ú","35.831352","139.809360","0","3"
"11","é‹ÊŒ§","11221","‘‰ÁŽs","112210019001","‚»ˆê’š–Ú","35.824765","139.804931","0","3"
"11","é‹ÊŒ§","11221","‘‰ÁŽs","112210019002","‚»“ñ’š–Ú","35.828142","139.805352","0","3"
"11","é‹ÊŒ§","11221","‘‰ÁŽs","112210020001","´–åˆê’š–Ú","35.852846","139.785754","0","3"
"11","é‹ÊŒ§","11221","‘‰ÁŽs","112210020002","´–å“ñ’š–Ú","35.851411","139.780675","0","3"
"11","é‹ÊŒ§","11221","‘‰ÁŽs","112210020003","´–åŽO’š–Ú","35.853502","139.779374","0","3"
"11","é‹ÊŒ§","11221","‘‰ÁŽs","112210021000","Šw‰€’¬","35.839905","139.795448","0","1"
"11","é‹ÊŒ§","11221","‘‰ÁŽs","112210022001","’·‰hˆê’š–Ú","35.857559","139.784231","0","3"
"11","é‹ÊŒ§","11221","‘‰ÁŽs","112210022002","’·‰h“ñ’š–Ú","35.856850","139.780267","0","3"
"11","é‹ÊŒ§","11221","‘‰ÁŽs","112210022003","’·‰hŽO’š–Ú","35.857254","139.775377","0","3"
"11","é‹ÊŒ§","11221","‘‰ÁŽs","112210022004","’·‰hŽl’š–Ú","35.859517","139.771973","0","3"
"11","é‹ÊŒ§","11221","‘‰ÁŽs","112210023001","¬ŽRˆê’š–Ú","35.837917","139.784114","0","3"
"11","é‹ÊŒ§","11221","‘‰ÁŽs","112210023002","¬ŽR“ñ’š–Ú","35.837329","139.780275","0","3"
"11","é‹ÊŒ§","11221","‘‰ÁŽs","112210024001","ˆî‰×ˆê’š–Ú","35.832264","139.811296","0","3"
"11","é‹ÊŒ§","11221","‘‰ÁŽs","112210024002","ˆî‰×“ñ’š–Ú","35.831711","139.818377","0","3"
"11","é‹ÊŒ§","11221","‘‰ÁŽs","112210024003","ˆî‰×ŽO’š–Ú","35.830792","139.823802","0","3"
"11","é‹ÊŒ§","11221","‘‰ÁŽs","112210024004","ˆî‰×Žl’š–Ú","35.834512","139.824029","0","3"
"11","é‹ÊŒ§","11221","‘‰ÁŽs","112210024005","ˆî‰×ŒÜ’š–Ú","35.838815","139.822657","0","3"
"11","é‹ÊŒ§","11221","‘‰ÁŽs","112210024006","ˆî‰×˜Z’š–Ú","35.836346","139.828639","0","3"
"11","é‹ÊŒ§","11221","‘‰ÁŽs","112210025001","’J’Ëˆê’š–Ú","35.811681","139.801049","0","3"
"11","é‹ÊŒ§","11221","‘‰ÁŽs","112210025002","’J’Ë“ñ’š–Ú","35.807704","139.797784","0","3"
"11","é‹ÊŒ§","11221","‘‰ÁŽs","112210026001","V‰hˆê’š–Ú","35.854711","139.773146","0","3"
"11","é‹ÊŒ§","11221","‘‰ÁŽs","112210026002","V‰h“ñ’š–Ú","35.857413","139.768401","0","3"
"11","é‹ÊŒ§","11221","‘‰ÁŽs","112210026003","V‰hŽO’š–Ú","35.861186","139.766310","0","3"
"11","é‹ÊŒ§","11221","‘‰ÁŽs","112210026004","V‰hŽl’š–Ú","35.863424","139.769634","0","3"
"11","é‹ÊŒ§","11221","‘‰ÁŽs","112210027001","–k’Jˆê’š–Ú","35.841428","139.785972","0","3"
"11","é‹ÊŒ§","11221","‘‰ÁŽs","112210027002","–k’J“ñ’š–Ú","35.842392","139.780822","0","3"
"11","é‹ÊŒ§","11221","‘‰ÁŽs","112210027003","–k’JŽO’š–Ú","35.844782","139.784512","0","3"
"11","é‹ÊŒ§","11221","‘‰ÁŽs","112210028000","—¼V“c¼’¬","35.812359","139.783948","0","1"
"11","é‹ÊŒ§","11221","‘‰ÁŽs","112210029001","Â–öˆê’š–Ú","35.842426","139.825453","0","3"
"11","é‹ÊŒ§","11221","‘‰ÁŽs","112210029002","Â–ö“ñ’š–Ú","35.846421","139.822887","0","3"
"11","é‹ÊŒ§","11221","‘‰ÁŽs","112210029003","Â–öŽO’š–Ú","35.846730","139.827978","0","3"
"11","é‹ÊŒ§","11221","‘‰ÁŽs","112210029004","Â–öŽl’š–Ú","35.851960","139.817914","0","3"
"11","é‹ÊŒ§","11221","‘‰ÁŽs","112210029005","Â–öŒÜ’š–Ú","35.855196","139.813723","0","3"
"11","é‹ÊŒ§","11221","‘‰ÁŽs","112210029006","Â–ö˜Z’š–Ú","35.852232","139.824545","0","3"
"11","é‹ÊŒ§","11221","‘‰ÁŽs","112210029007","Â–öŽµ’š–Ú","35.856138","139.822020","0","3"
"11","é‹ÊŒ§","11221","‘‰ÁŽs","112210029008","Â–ö”ª’š–Ú","35.860254","139.819672","0","3"
"11","é‹ÊŒ§","11221","‘‰ÁŽs","112210030000","’J’Ë’‡’¬","35.811700","139.792004","0","1"
"11","é‹ÊŒ§","11221","‘‰ÁŽs","112210031000","•c’Ë’¬","35.832522","139.784664","0","1"
"11","é‹ÊŒ§","11221","‘‰ÁŽs","112210032000","V‘P’¬","35.848838","139.784644","0","1"
"11","é‹ÊŒ§","11221","‘‰ÁŽs","112210034000","–ö“‡’¬","35.820487","139.787087","0","1"
"11","é‹ÊŒ§","11221","‘‰ÁŽs","112210035000","—V”n’¬","35.819470","139.777511","0","1"
"11","é‹ÊŒ§","11221","‘‰ÁŽs","112210036000","’J’Ëã’¬","35.813569","139.788999","0","1"
"11","é‹ÊŒ§","11221","‘‰ÁŽs","112210037000","V—¢’¬","35.813222","139.778352","0","1"
"11","é‹ÊŒ§","11221","‘‰ÁŽs","112210038000","¼’¬","35.828256","139.790834","0","1"
"11","é‹ÊŒ§","11221","‘‰ÁŽs","112210039000","‹à–¾’¬","35.856356","139.792446","0","1"
"11","é‹ÊŒ§","11221","‘‰ÁŽs","112210040000","’J’Ë’¬","35.813842","139.798054","0","1"
"11","é‹ÊŒ§","11221","‘‰ÁŽs","112210041000","•Xì’¬","35.826939","139.799761","0","1"
"11","é‹ÊŒ§","11221","‘‰ÁŽs","112210042000","”ª”¦’¬","35.854342","139.806029","0","1"
"11","é‹ÊŒ§","11221","‘‰ÁŽs","112210043000","Š`–Ø’¬","35.860775","139.832202","0","1"
"11","é‹ÊŒ§","11221","‘‰ÁŽs","112210044001","Žè‘ãˆê’š–Ú","35.825676","139.815200","1","3"
"11","é‹ÊŒ§","11221","‘‰ÁŽs","112210044002","Žè‘ã“ñ’š–Ú","35.822250","139.813577","1","3"
"11","é‹ÊŒ§","11221","‘‰ÁŽs","112210044003","Žè‘ãŽO’š–Ú","35.823781","139.819131","1","3"
"11","é‹ÊŒ§","11222","‰z’JŽs","112220001001","‘Š–Í’¬ˆê’š–Ú","35.885081","139.803087","0","3"
"11","é‹ÊŒ§","11222","‰z’JŽs","112220001002","‘Š–Í’¬“ñ’š–Ú","35.886766","139.803763","0","3"
"11","é‹ÊŒ§","11222","‰z’JŽs","112220001003","‘Š–Í’¬ŽO’š–Ú","35.886573","139.809078","0","3"
"11","é‹ÊŒ§","11222","‰z’JŽs","112220001004","‘Š–Í’¬Žl’š–Ú","35.884141","139.807147","0","3"
"11","é‹ÊŒ§","11222","‰z’JŽs","112220001005","‘Š–Í’¬ŒÜ’š–Ú","35.885415","139.812852","0","3"
"11","é‹ÊŒ§","11222","‰z’JŽs","112220001006","‘Š–Í’¬˜Z’š–Ú","35.890881","139.810771","0","3"
"11","é‹ÊŒ§","11222","‰z’JŽs","112220001007","‘Š–Í’¬Žµ’š–Ú","35.888595","139.801715","0","3"
"11","é‹ÊŒ§","11222","‰z’JŽs","112220002000","‘åŽš‰Ô“c","35.903954","139.791590","0","1"
"11","é‹ÊŒ§","11222","‰z’JŽs","112220003000","‘åŽš“oŒË","35.876090","139.802684","0","1"
"11","é‹ÊŒ§","11222","‰z’JŽs","112220004001","‰zƒ–’Jˆê’š–Ú","35.887373","139.789038","0","3"
"11","é‹ÊŒ§","11222","‰z’JŽs","112220004002","‰zƒ–’J“ñ’š–Ú","35.890240","139.788874","0","3"
"11","é‹ÊŒ§","11222","‰z’JŽs","112220004003","‰zƒ–’JŽO’š–Ú","35.891825","139.787978","0","3"
"11","é‹ÊŒ§","11222","‰z’JŽs","112220004004","‰zƒ–’JŽl’š–Ú","35.892016","139.790871","0","3"
"11","é‹ÊŒ§","11222","‰z’JŽs","112220004005","‰zƒ–’JŒÜ’š–Ú","35.894620","139.787815","0","3"
"11","é‹ÊŒ§","11222","‰z’JŽs","112220005001","çŠÔ‘ä“Œˆê’š–Ú","35.934931","139.776217","0","3"
"11","é‹ÊŒ§","11222","‰z’JŽs","112220005002","çŠÔ‘ä“Œ“ñ’š–Ú","35.935254","139.781166","0","3"
"11","é‹ÊŒ§","11222","‰z’JŽs","112220005003","çŠÔ‘ä“ŒŽO’š–Ú","35.932544","139.780586","0","3"
"11","é‹ÊŒ§","11222","‰z’JŽs","112220005004","çŠÔ‘ä“ŒŽl’š–Ú","35.931160","139.778992","0","3"
"11","é‹ÊŒ§","11222","‰z’JŽs","112220006000","–ö’¬","35.895073","139.790323","0","1"
"11","é‹ÊŒ§","11222","‰z’JŽs","112220007000","Œ³–ö“c’¬","35.881567","139.786533","0","1"
"11","é‹ÊŒ§","11222","‰z’JŽs","112220008001","ˆÉŒ´ˆê’š–Ú","35.864230","139.806952","0","3"
"11","é‹ÊŒ§","11222","‰z’JŽs","112220008002","ˆÉŒ´“ñ’š–Ú","35.860900","139.809427","0","3"
"11","é‹ÊŒ§","11222","‰z’JŽs","112220009000","“Œ–ö“c’¬","35.884609","139.786310","0","1"
"11","é‹ÊŒ§","11222","‰z’JŽs","112220010001","‘å‘òˆê’š–Ú","35.897268","139.782857","0","3"
"11","é‹ÊŒ§","11222","‰z’JŽs","112220010002","‘å‘ò“ñ’š–Ú","35.900407","139.783873","0","3"
"11","é‹ÊŒ§","11222","‰z’JŽs","112220010003","‘å‘òŽO’š–Ú","35.902543","139.782595","0","3"
"11","é‹ÊŒ§","11222","‰z’JŽs","112220010004","‘å‘òŽl’š–Ú","35.900231","139.787010","0","3"
"11","é‹ÊŒ§","11222","‰z’JŽs","112220011000","’†’¬","35.892655","139.785443","0","1"
"11","é‹ÊŒ§","11222","‰z’JŽs","112220012001","–í‰h’¬ˆê’š–Ú","35.915514","139.797832","0","3"
"11","é‹ÊŒ§","11222","‰z’JŽs","112220012002","–í‰h’¬“ñ’š–Ú","35.919125","139.797535","0","3"
"11","é‹ÊŒ§","11222","‰z’JŽs","112220012003","–í‰h’¬ŽO’š–Ú","35.922516","139.795887","0","3"
"11","é‹ÊŒ§","11222","‰z’JŽs","112220012004","–í‰h’¬Žl’š–Ú","35.925161","139.794947","0","3"
"11","é‹ÊŒ§","11222","‰z’JŽs","112220013001","“Œ’¬ˆê’š–Ú","35.884980","139.837359","0","3"
"11","é‹ÊŒ§","11222","‰z’JŽs","112220013002","“Œ’¬“ñ’š–Ú","35.884428","139.834779","0","3"
"11","é‹ÊŒ§","11222","‰z’JŽs","112220013003","“Œ’¬ŽO’š–Ú","35.879291","139.835067","0","3"
"11","é‹ÊŒ§","11222","‰z’JŽs","112220013005","“Œ’¬ŒÜ’š–Ú","35.872895","139.835672","0","3"
"11","é‹ÊŒ§","11222","‰z’JŽs","112220014000","‰zƒ–’J–{’¬","35.894652","139.784776","0","1"
"11","é‹ÊŒ§","11222","‰z’JŽs","112220015000","ÔŽR–{’¬","35.886943","139.785296","0","1"
"11","é‹ÊŒ§","11222","‰z’JŽs","112220016000","Œä“a’¬","35.896606","139.787322","0","1"
"11","é‹ÊŒ§","11222","‰z’JŽs","112220017001","’†“‡ˆê’š–Ú","35.892999","139.832978","0","3"
"11","é‹ÊŒ§","11222","‰z’JŽs","112220017002","’†“‡“ñ’š–Ú","35.890761","139.834670","0","3"
"11","é‹ÊŒ§","11222","‰z’JŽs","112220017003","’†“‡ŽO’š–Ú","35.890751","139.837843","0","3"
"11","é‹ÊŒ§","11222","‰z’JŽs","112220018001","ÔŽR’¬ˆê’š–Ú","35.888950","139.782084","0","3"
"11","é‹ÊŒ§","11222","‰z’JŽs","112220018002","ÔŽR’¬“ñ’š–Ú","35.885654","139.780680","0","3"
"11","é‹ÊŒ§","11222","‰z’JŽs","112220018003","ÔŽR’¬ŽO’š–Ú","35.882287","139.780435","0","3"
"11","é‹ÊŒ§","11222","‰z’JŽs","112220018004","ÔŽR’¬Žl’š–Ú","35.879156","139.783021","0","3"
"11","é‹ÊŒ§","11222","‰z’JŽs","112220018005","ÔŽR’¬ŒÜ’š–Ú","35.882673","139.784682","0","3"
"11","é‹ÊŒ§","11222","‰z’JŽs","112220019001","“ì’¬ˆê’š–Ú","35.863293","139.805132","0","3"
"11","é‹ÊŒ§","11222","‰z’JŽs","112220019002","“ì’¬“ñ’š–Ú","35.859966","139.804175","0","3"
"11","é‹ÊŒ§","11222","‰z’JŽs","112220019003","“ì’¬ŽO’š–Ú","35.858985","139.806893","0","3"
"11","é‹ÊŒ§","11222","‰z’JŽs","112220020001","‰Ô“cˆê’š–Ú","35.906423","139.794818","0","3"
"11","é‹ÊŒ§","11222","‰z’JŽs","112220020002","‰Ô“c“ñ’š–Ú","35.910696","139.798958","0","3"
"11","é‹ÊŒ§","11222","‰z’JŽs","112220020003","‰Ô“cŽO’š–Ú","35.907028","139.800401","0","3"
"11","é‹ÊŒ§","11222","‰z’JŽs","112220020004","‰Ô“cŽl’š–Ú","35.904873","139.801148","0","3"
"11","é‹ÊŒ§","11222","‰z’JŽs","112220020005","‰Ô“cŒÜ’š–Ú","35.901622","139.800516","0","3"
"11","é‹ÊŒ§","11222","‰z’JŽs","112220020006","‰Ô“c˜Z’š–Ú","35.903930","139.804431","0","3"
"11","é‹ÊŒ§","11222","‰z’JŽs","112220020007","‰Ô“cŽµ’š–Ú","35.902810","139.806707","0","3"
"11","é‹ÊŒ§","11222","‰z’JŽs","112220021001","¼•ûˆê’š–Ú","35.885423","139.795462","0","3"
"11","é‹ÊŒ§","11222","‰z’JŽs","112220021002","¼•û“ñ’š–Ú","35.885543","139.797916","0","3"
"11","é‹ÊŒ§","11222","‰z’JŽs","112220022001","‹{–{’¬ˆê’š–Ú","35.892536","139.782129","0","3"
"11","é‹ÊŒ§","11222","‰z’JŽs","112220022002","‹{–{’¬“ñ’š–Ú","35.893088","139.777466","0","3"
"11","é‹ÊŒ§","11222","‰z’JŽs","112220022003","‹{–{’¬ŽO’š–Ú","35.888404","139.777144","0","3"
"11","é‹ÊŒ§","11222","‰z’JŽs","112220022004","‹{–{’¬Žl’š–Ú","35.883623","139.775310","0","3"
"11","é‹ÊŒ§","11222","‰z’JŽs","112220022005","‹{–{’¬ŒÜ’š–Ú","35.890432","139.773655","0","3"
"11","é‹ÊŒ§","11222","‰z’JŽs","112220023000","‘åŽšŠ—¶","35.860429","139.790945","0","1"
"11","é‹ÊŒ§","11222","‰z’JŽs","112220024000","–í¶’¬","35.888966","139.786568","0","1"
"11","é‹ÊŒ§","11222","‰z’JŽs","112220025001","Š¢‘]ªˆê’š–Ú","35.886386","139.792189","0","3"
"11","é‹ÊŒ§","11222","‰z’JŽs","112220025002","Š¢‘]ª“ñ’š–Ú","35.882565","139.792732","0","3"
"11","é‹ÊŒ§","11222","‰z’JŽs","112220025003","Š¢‘]ªŽO’š–Ú","35.881633","139.789575","0","3"
"11","é‹ÊŒ§","11222","‰z’JŽs","112220026001","–k‰z’Jˆê’š–Ú","35.896642","139.779401","0","3"
"11","é‹ÊŒ§","11222","‰z’JŽs","112220026002","–k‰z’J“ñ’š–Ú","35.899040","139.777110","0","3"
"11","é‹ÊŒ§","11222","‰z’JŽs","112220026003","–k‰z’JŽO’š–Ú","35.901231","139.773013","0","3"
"11","é‹ÊŒ§","11222","‰z’JŽs","112220026004","–k‰z’JŽl’š–Ú","35.902897","139.777384","0","3"
"11","é‹ÊŒ§","11222","‰z’JŽs","112220026005","–k‰z’JŒÜ’š–Ú","35.907319","139.779039","0","3"
"11","é‹ÊŒ§","11222","‰z’JŽs","112220027000","•½•û“ì’¬","35.943380","139.779861","0","1"
"11","é‹ÊŒ§","11222","‰z’JŽs","112220028001","“Œ‘å‘òˆê’š–Ú","35.907091","139.786517","0","3"
"11","é‹ÊŒ§","11222","‰z’JŽs","112220028002","“Œ‘å‘ò“ñ’š–Ú","35.911249","139.789722","0","3"
"11","é‹ÊŒ§","11222","‰z’JŽs","112220028003","“Œ‘å‘òŽO’š–Ú","35.914148","139.793859","0","3"
"11","é‹ÊŒ§","11222","‰z’JŽs","112220028004","“Œ‘å‘òŽl’š–Ú","35.909564","139.793458","0","3"
"11","é‹ÊŒ§","11222","‰z’JŽs","112220028005","“Œ‘å‘òŒÜ’š–Ú","35.905844","139.789601","0","3"
"11","é‹ÊŒ§","11222","‰z’JŽs","112220029001","“Œ‰z’Jˆê’š–Ú","35.893644","139.793832","0","3"
"11","é‹ÊŒ§","11222","‰z’JŽs","112220029002","“Œ‰z’J“ñ’š–Ú","35.889698","139.795572","0","3"
"11","é‹ÊŒ§","11222","‰z’JŽs","112220029003","“Œ‰z’JŽO’š–Ú","35.894302","139.797496","0","3"
"11","é‹ÊŒ§","11222","‰z’JŽs","112220029004","“Œ‰z’JŽl’š–Ú","35.899505","139.796353","0","3"
"11","é‹ÊŒ§","11222","‰z’JŽs","112220029005","“Œ‰z’JŒÜ’š–Ú","35.897474","139.793141","0","3"
"11","é‹ÊŒ§","11222","‰z’JŽs","112220029006","“Œ‰z’J˜Z’š–Ú","35.897485","139.801025","0","3"
"11","é‹ÊŒ§","11222","‰z’JŽs","112220029007","“Œ‰z’JŽµ’š–Ú","35.892139","139.801761","0","3"
"11","é‹ÊŒ§","11222","‰z’JŽs","112220029008","“Œ‰z’J”ª’š–Ú","35.893622","139.805800","0","3"
"11","é‹ÊŒ§","11222","‰z’JŽs","112220029009","“Œ‰z’J‹ã’š–Ú","35.895034","139.809011","0","3"
"11","é‹ÊŒ§","11222","‰z’JŽs","112220029010","“Œ‰z’J\’š–Ú","35.899362","139.804631","0","3"
"11","é‹ÊŒ§","11222","‰z’JŽs","112220030001","Š—¶¼’¬ˆê’š–Ú","35.862344","139.794081","0","3"
"11","é‹ÊŒ§","11222","‰z’JŽs","112220030002","Š—¶¼’¬“ñ’š–Ú","35.862606","139.790549","0","3"
"11","é‹ÊŒ§","11222","‰z’JŽs","112220031001","Š—¶ˆê’š–Ú","35.860167","139.796691","0","3"
"11","é‹ÊŒ§","11222","‰z’JŽs","112220031002","Š—¶“ñ’š–Ú","35.862090","139.800217","0","3"
"11","é‹ÊŒ§","11222","‰z’JŽs","112220031003","Š—¶ŽO’š–Ú","35.866279","139.802901","0","3"
"11","é‹ÊŒ§","11222","‰z’JŽs","112220031004","Š—¶Žl’š–Ú","35.868431","139.805915","0","3"
"11","é‹ÊŒ§","11222","‰z’JŽs","112220032000","Š—¶“ì’¬","35.857761","139.803986","0","1"
"11","é‹ÊŒ§","11222","‰z’JŽs","112220033001","—¬’Ê’c’nˆê’š–Ú","35.881945","139.805738","0","3"
"11","é‹ÊŒ§","11222","‰z’JŽs","112220033002","—¬’Ê’c’n“ñ’š–Ú","35.879138","139.811241","0","3"
"11","é‹ÊŒ§","11222","‰z’JŽs","112220033003","—¬’Ê’c’nŽO’š–Ú","35.878623","139.805394","0","3"
"11","é‹ÊŒ§","11222","‰z’JŽs","112220033004","—¬’Ê’c’nŽl’š–Ú","35.876576","139.810852","0","3"
"11","é‹ÊŒ§","11222","‰z’JŽs","112220034000","Š—¶ˆ¤“†’¬","35.857450","139.799973","0","1"
"11","é‹ÊŒ§","11222","‰z’JŽs","112220035000","Š—¶–{’¬","35.863356","139.797050","0","1"
"11","é‹ÊŒ§","11222","‰z’JŽs","112220036001","‹{‘Oˆê’š–Ú","35.901592","139.795009","0","3"
"11","é‹ÊŒ§","11222","‰z’JŽs","112220037001","’J’†’¬ˆê’š–Ú","35.879702","139.777508","0","3"
"11","é‹ÊŒ§","11222","‰z’JŽs","112220037002","’J’†’¬“ñ’š–Ú","35.883340","139.771988","0","3"
"11","é‹ÊŒ§","11222","‰z’JŽs","112220037003","’J’†’¬ŽO’š–Ú","35.885276","139.769558","0","3"
"11","é‹ÊŒ§","11222","‰z’JŽs","112220037004","’J’†’¬Žl’š–Ú","35.886479","139.766859","0","3"
"11","é‹ÊŒ§","11222","‰z’JŽs","112220038001","çŠÔ‘ä¼ˆê’š–Ú","35.935757","139.771701","0","3"
"11","é‹ÊŒ§","11222","‰z’JŽs","112220038002","çŠÔ‘ä¼“ñ’š–Ú","35.932068","139.770011","0","3"
"11","é‹ÊŒ§","11222","‰z’JŽs","112220038003","çŠÔ‘ä¼ŽO’š–Ú","35.933892","139.767518","0","3"
"11","é‹ÊŒ§","11222","‰z’JŽs","112220038004","çŠÔ‘ä¼Žl’š–Ú","35.933849","139.762479","0","3"
"11","é‹ÊŒ§","11222","‰z’JŽs","112220038005","çŠÔ‘ä¼ŒÜ’š–Ú","35.930039","139.764652","0","3"
"11","é‹ÊŒ§","11222","‰z’JŽs","112220038006","çŠÔ‘ä¼˜Z’š–Ú","35.929474","139.760272","0","3"
"11","é‹ÊŒ§","11222","‰z’JŽs","112220039001","“ì‰z’Jˆê’š–Ú","35.873170","139.792699","0","3"
"11","é‹ÊŒ§","11222","‰z’JŽs","112220039002","“ì‰z’J“ñ’š–Ú","35.877807","139.793358","0","3"
"11","é‹ÊŒ§","11222","‰z’JŽs","112220039003","“ì‰z’JŽO’š–Ú","35.879206","139.787409","0","3"
"11","é‹ÊŒ§","11222","‰z’JŽs","112220039004","“ì‰z’JŽl’š–Ú","35.874536","139.787472","0","3"
"11","é‹ÊŒ§","11222","‰z’JŽs","112220039005","“ì‰z’JŒÜ’š–Ú","35.870614","139.787477","0","3"
"11","é‹ÊŒ§","11222","‰z’JŽs","112220040000","Š—¶ˆ®’¬","35.867687","139.799244","0","1"
"11","é‹ÊŒ§","11222","‰z’JŽs","112220041001","‘åŠÔ–ì’¬ˆê’š–Ú","35.862248","139.784575","0","3"
"11","é‹ÊŒ§","11222","‰z’JŽs","112220041002","‘åŠÔ–ì’¬“ñ’š–Ú","35.864907","139.783615","0","3"
"11","é‹ÊŒ§","11222","‰z’JŽs","112220041003","‘åŠÔ–ì’¬ŽO’š–Ú","35.867819","139.777454","0","3"
"11","é‹ÊŒ§","11222","‰z’JŽs","112220041004","‘åŠÔ–ì’¬Žl’š–Ú","35.865352","139.774894","0","3"
"11","é‹ÊŒ§","11222","‰z’JŽs","112220041005","‘åŠÔ–ì’¬ŒÜ’š–Ú","35.861024","139.777389","0","3"
"11","é‹ÊŒ§","11222","‰z’JŽs","112220042001","‘—Ñˆê’š–Ú","35.908463","139.811404","0","3"
"11","é‹ÊŒ§","11222","‰z’JŽs","112220042002","‘—Ñ“ñ’š–Ú","35.906533","139.815141","0","3"
"11","é‹ÊŒ§","11222","‰z’JŽs","112220042003","‘—ÑŽO’š–Ú","35.903544","139.819754","0","3"
"11","é‹ÊŒ§","11222","‰z’JŽs","112220043000","Š—¶ˆ©’¬","35.866741","139.788800","0","1"
"11","é‹ÊŒ§","11222","‰z’JŽs","112220044000","Š—¶“Œ’¬","35.872056","139.803126","0","1"
"11","é‹ÊŒ§","11222","‰z’JŽs","112220045001","Žµ¶’¬ˆê’š–Ú","35.868293","139.782753","0","3"
"11","é‹ÊŒ§","11222","‰z’JŽs","112220045004","Žµ¶’¬Žl’š–Ú","35.870567","139.770966","0","3"
"11","é‹ÊŒ§","11222","‰z’JŽs","112220045005","Žµ¶’¬ŒÜ’š–Ú","35.872975","139.776353","0","3"
"11","é‹ÊŒ§","11222","‰z’JŽs","112220045006","Žµ¶’¬˜Z’š–Ú","35.875193","139.773550","0","3"
"11","é‹ÊŒ§","11222","‰z’JŽs","112220045007","Žµ¶’¬Žµ’š–Ú","35.877277","139.770336","0","3"
"11","é‹ÊŒ§","11222","‰z’JŽs","112220045008","Žµ¶’¬”ª’š–Ú","35.878037","139.764059","0","3"
"11","é‹ÊŒ§","11222","‰z’JŽs","112220046001","ì–ö’¬ˆê’š–Ú","35.873519","139.810546","0","3"
"11","é‹ÊŒ§","11222","‰z’JŽs","112220046002","ì–ö’¬“ñ’š–Ú","35.868476","139.810561","0","3"
"11","é‹ÊŒ§","11222","‰z’JŽs","112220046003","ì–ö’¬ŽO’š–Ú","35.862953","139.811389","0","3"
"11","é‹ÊŒ§","11222","‰z’JŽs","112220046004","ì–ö’¬Žl’š–Ú","35.863491","139.817173","0","3"
"11","é‹ÊŒ§","11222","‰z’JŽs","112220046005","ì–ö’¬ŒÜ’š–Ú","35.868662","139.816338","0","3"
"11","é‹ÊŒ§","11222","‰z’JŽs","112220047000","‘å‘ò","35.914809","139.789430","0","1"
"11","é‹ÊŒ§","11222","‰z’JŽs","112220048001","‘å¬’¬ˆê’š–Ú","35.891816","139.819420","0","3"
"11","é‹ÊŒ§","11222","‰z’JŽs","112220048002","‘å¬’¬“ñ’š–Ú","35.886993","139.818244","0","3"
"11","é‹ÊŒ§","11222","‰z’JŽs","112220048006","‘å¬’¬˜Z’š–Ú","35.886019","139.824099","0","3"
"11","é‹ÊŒ§","11222","‰z’JŽs","112220048007","‘å¬’¬Žµ’š–Ú","35.886443","139.830035","0","3"
"11","é‹ÊŒ§","11222","‰z’JŽs","112220048008","‘å¬’¬”ª’š–Ú","35.889869","139.827770","0","3"
"11","é‹ÊŒ§","11222","‰z’JŽs","112220049001","‘Xˆê’š–Ú","35.901278","139.823268","0","3"
"11","é‹ÊŒ§","11222","‰z’JŽs","112220049002","‘X“ñ’š–Ú","35.899305","139.825941","0","3"
"11","é‹ÊŒ§","11222","‰z’JŽs","112220050001","_–¾’¬ˆê’š–Ú","35.894565","139.773360","0","3"
"11","é‹ÊŒ§","11222","‰z’JŽs","112220050002","_–¾’¬“ñ’š–Ú","35.896996","139.768749","0","3"
"11","é‹ÊŒ§","11222","‰z’JŽs","112220050003","_–¾’¬ŽO’š–Ú","35.893808","139.763738","0","3"
"11","é‹ÊŒ§","11222","‰z’JŽs","112220051000","‘åŽš’†“‡","35.890648","139.831461","0","1"
"11","é‹ÊŒ§","11222","‰z’JŽs","112220052000","‰zƒ–’J","35.900702","139.790478","0","1"
"11","é‹ÊŒ§","11222","‰z’JŽs","112220053000","‘åŽšãŠÔ‹v—¢","35.932121","139.785265","0","1"
"11","é‹ÊŒ§","11222","‰z’JŽs","112220054000","‘åŽš’·“‡","35.884376","139.751037","0","1"
"11","é‹ÊŒ§","11222","‰z’JŽs","112220055000","Š—¶Žõ’¬","35.867606","139.794362","0","1"
"11","é‹ÊŒ§","11222","‰z’JŽs","112220056000","“oŒË’¬","35.872748","139.797827","0","1"
"11","é‹ÊŒ§","11222","‰z’JŽs","112220057001","V‰z’Jˆê’š–Ú","35.874283","139.782466","0","3"
"11","é‹ÊŒ§","11222","‰z’JŽs","112220057002","V‰z’J“ñ’š–Ú","35.872682","139.779679","0","3"
"11","é‹ÊŒ§","11222","‰z’JŽs","112220058000","‘åŽš–ì“‡","35.921072","139.747997","0","1"
"11","é‹ÊŒ§","11222","‰z’JŽs","112220059000","‘åŽš¼•û","35.879455","139.799803","0","1"
"11","é‹ÊŒ§","11222","‰z’JŽs","112220060000","‘åŽš‘å—Ñ","35.912238","139.775892","0","1"
"11","é‹ÊŒ§","11222","‰z’JŽs","112220061000","‘åŽš‘å–[","35.909954","139.782410","0","1"
"11","é‹ÊŒ§","11222","‰z’JŽs","112220062001","Vì’¬ˆê’š–Ú","35.873545","139.763211","0","3"
"11","é‹ÊŒ§","11222","‰z’JŽs","112220062002","Vì’¬“ñ’š–Ú","35.879332","139.758220","0","3"
"11","é‹ÊŒ§","11222","‰z’JŽs","112220063000","‘åŽš‰¶ŠÔV“c","35.940262","139.756273","0","1"
"11","é‹ÊŒ§","11222","‰z’JŽs","112220064000","‘åŽš‘å¼","35.935488","139.808684","0","1"
"11","é‹ÊŒ§","11222","‰z’JŽs","112220065000","‘åŽš‘å‹g","35.918668","139.801554","0","1"
"11","é‹ÊŒ§","11222","‰z’JŽs","112220066000","‘åŽš–kŒã’J","35.886497","139.763073","0","1"
"11","é‹ÊŒ§","11222","‰z’JŽs","112220067000","‘åŽš‰¶ŠÔ","35.926490","139.769169","0","1"
"11","é‹ÊŒ§","11222","‰z’JŽs","112220068000","‘åŽš‘å’|","35.922451","139.765656","0","1"
"11","é‹ÊŒ§","11222","‰z’JŽs","112220069000","‘åŽš–í\˜Y","35.921248","139.791195","0","1"
"11","é‹ÊŒ§","11222","‰z’JŽs","112220070000","‘åŽš‘å—¢","35.919160","139.784312","0","1"
"11","é‹ÊŒ§","11222","‰z’JŽs","112220071000","‘åŽš‘å“¹","35.922110","139.759442","0","1"
"11","é‹ÊŒ§","11222","‰z’JŽs","112220072000","‘åŽš‘å™","35.930580","139.800179","0","1"
"11","é‹ÊŒ§","11222","‰z’JŽs","112220073000","‘åŽš–kìè","35.929463","139.800290","0","1"
"11","é‹ÊŒ§","11222","‰z’JŽs","112220074000","‘åŽšŒü”¨","35.927024","139.807530","0","1"
"11","é‹ÊŒ§","11222","‰z’JŽs","112220075000","‘åŽš¬‘]ì","35.917944","139.752372","0","1"
"11","é‹ÊŒ§","11222","‰z’JŽs","112220076000","‘åŽš‘å”‘","35.937924","139.784637","0","1"
"11","é‹ÊŒ§","11222","‰z’JŽs","112220077000","‘åŽš‰ºŠÔ‹v—¢","35.927715","139.785694","0","1"
"11","é‹ÊŒ§","11222","‰z’JŽs","112220078000","‘åŽšŽO–ì‹{","35.930954","139.755535","0","1"
"11","é‹ÊŒ§","11222","‰z’JŽs","112220079000","‘åŽš»Œ´","35.910132","139.757327","0","1"
"11","é‹ÊŒ§","11222","‰z’JŽs","112220080000","‘åŽš‘ÜŽR","35.923217","139.776892","0","1"
"11","é‹ÊŒ§","11222","‰z’JŽs","112220081000","‘åŽš‘X","35.895595","139.824111","0","1"
"11","é‹ÊŒ§","11222","‰z’JŽs","112220082000","‘åŽš¼Vˆä","35.888403","139.755787","0","1"
"11","é‹ÊŒ§","11222","‰z’JŽs","112220083000","‘åŽš‘D“n","35.936047","139.797954","0","1"
"11","é‹ÊŒ§","11222","‰z’JŽs","112220084000","‘åŽš‘—Ñ","35.912247","139.807377","0","1"
"11","é‹ÊŒ§","11222","‰z’JŽs","112220085000","‘åŽš•½•û","35.949934","139.785784","0","1"
"11","é‹ÊŒ§","11222","‰z’JŽs","112220086000","‘åŽš“ì‰¬“‡","35.908890","139.766972","0","1"
"11","é‹ÊŒ§","11222","‰z’JŽs","112220087001","ƒŒƒCƒNƒ^ƒEƒ“ˆê’š–Ú","35.882583","139.812437","0","3"
"11","é‹ÊŒ§","11222","‰z’JŽs","112220087002","ƒŒƒCƒNƒ^ƒEƒ““ñ’š–Ú","35.883720","139.819556","0","3"
"11","é‹ÊŒ§","11222","‰z’JŽs","112220087003","ƒŒƒCƒNƒ^ƒEƒ“ŽO’š–Ú","35.883363","139.828030","0","3"
"11","é‹ÊŒ§","11222","‰z’JŽs","112220087004","ƒŒƒCƒNƒ^ƒEƒ“Žl’š–Ú","35.879062","139.824537","0","3"
"11","é‹ÊŒ§","11222","‰z’JŽs","112220087005","ƒŒƒCƒNƒ^ƒEƒ“ŒÜ’š–Ú","35.877120","139.828743","0","3"
"11","é‹ÊŒ§","11222","‰z’JŽs","112220087006","ƒŒƒCƒNƒ^ƒEƒ“˜Z’š–Ú","35.872495","139.824236","0","3"
"11","é‹ÊŒ§","11222","‰z’JŽs","112220087007","ƒŒƒCƒNƒ^ƒEƒ“Žµ’š–Ú","35.873633","139.818315","0","3"
"11","é‹ÊŒ§","11222","‰z’JŽs","112220087008","ƒŒƒCƒNƒ^ƒEƒ“”ª’š–Ú","35.877034","139.821266","0","3"
"11","é‹ÊŒ§","11222","‰z’JŽs","112220087009","ƒŒƒCƒNƒ^ƒEƒ“‹ã’š–Ú","35.878691","139.816307","0","3"
"11","é‹ÊŒ§","11223","˜nŽs","112230001001","’Ë‰zˆê’š–Ú","35.826387","139.693051","0","3"
"11","é‹ÊŒ§","11223","˜nŽs","112230001002","’Ë‰z“ñ’š–Ú","35.827095","139.695567","0","3"
"11","é‹ÊŒ§","11223","˜nŽs","112230001003","’Ë‰zŽO’š–Ú","35.825887","139.700068","0","3"
"11","é‹ÊŒ§","11223","˜nŽs","112230001004","’Ë‰zŽl’š–Ú","35.823089","139.697619","0","3"
"11","é‹ÊŒ§","11223","˜nŽs","112230001005","’Ë‰zŒÜ’š–Ú","35.821173","139.702618","0","3"
"11","é‹ÊŒ§","11223","˜nŽs","112230001006","’Ë‰z˜Z’š–Ú","35.825811","139.706050","0","3"
"11","é‹ÊŒ§","11223","˜nŽs","112230001007","’Ë‰zŽµ’š–Ú","35.822404","139.706414","0","3"
"11","é‹ÊŒ§","11223","˜nŽs","112230002001","–k’¬ˆê’š–Ú","35.829840","139.682984","0","3"
"11","é‹ÊŒ§","11223","˜nŽs","112230002002","–k’¬“ñ’š–Ú","35.827398","139.680017","0","3"
"11","é‹ÊŒ§","11223","˜nŽs","112230002003","–k’¬ŽO’š–Ú","35.828506","139.676651","0","3"
"11","é‹ÊŒ§","11223","˜nŽs","112230002004","–k’¬Žl’š–Ú","35.831562","139.677744","0","3"
"11","é‹ÊŒ§","11223","˜nŽs","112230002005","–k’¬ŒÜ’š–Ú","35.832974","139.672732","0","3"
"11","é‹ÊŒ§","11223","˜nŽs","112230003001","’†‰›ˆê’š–Ú","35.825910","139.690637","0","3"
"11","é‹ÊŒ§","11223","˜nŽs","112230003002","’†‰›“ñ’š–Ú","35.821809","139.689041","0","3"
"11","é‹ÊŒ§","11223","˜nŽs","112230003003","’†‰›ŽO’š–Ú","35.825096","139.687250","0","3"
"11","é‹ÊŒ§","11223","˜nŽs","112230003004","’†‰›Žl’š–Ú","35.825087","139.683610","0","3"
"11","é‹ÊŒ§","11223","˜nŽs","112230003005","’†‰›ŒÜ’š–Ú","35.823725","139.680588","0","3"
"11","é‹ÊŒ§","11223","˜nŽs","112230003006","’†‰›˜Z’š–Ú","35.820625","139.683917","0","3"
"11","é‹ÊŒ§","11223","˜nŽs","112230003007","’†‰›Žµ’š–Ú","35.817977","139.687534","0","3"
"11","é‹ÊŒ§","11223","˜nŽs","112230004001","‹Ñ’¬ˆê’š–Ú","35.821896","139.677871","0","3"
"11","é‹ÊŒ§","11223","˜nŽs","112230004002","‹Ñ’¬“ñ’š–Ú","35.824478","139.673008","0","3"
"11","é‹ÊŒ§","11223","˜nŽs","112230004003","‹Ñ’¬ŽO’š–Ú","35.827883","139.673379","0","3"
"11","é‹ÊŒ§","11223","˜nŽs","112230004004","‹Ñ’¬Žl’š–Ú","35.825506","139.668561","0","3"
"11","é‹ÊŒ§","11223","˜nŽs","112230004005","‹Ñ’¬ŒÜ’š–Ú","35.830602","139.670533","0","3"
"11","é‹ÊŒ§","11223","˜nŽs","112230004006","‹Ñ’¬˜Z’š–Ú","35.829663","139.665880","0","3"
"11","é‹ÊŒ§","11223","˜nŽs","112230005001","“ì’¬ˆê’š–Ú","35.820350","139.692526","0","3"
"11","é‹ÊŒ§","11223","˜nŽs","112230005002","“ì’¬“ñ’š–Ú","35.819166","139.695662","0","3"
"11","é‹ÊŒ§","11223","˜nŽs","112230005003","“ì’¬ŽO’š–Ú","35.817734","139.699507","0","3"
"11","é‹ÊŒ§","11223","˜nŽs","112230005004","“ì’¬Žl’š–Ú","35.815877","139.691111","0","3"
"11","é‹ÊŒ§","11224","ŒË“cŽs","112240001000","‘åŽš‰ºù–Ú","35.827251","139.658908","0","1"
"11","é‹ÊŒ§","11224","ŒË“cŽs","112240002001","‘£ˆê’š–Ú","35.805010","139.651406","0","3"
"11","é‹ÊŒ§","11224","ŒË“cŽs","112240002002","‘£“ñ’š–Ú","35.805601","139.648279","0","3"
"11","é‹ÊŒ§","11224","ŒË“cŽs","112240003001","V‘]“ìˆê’š–Ú","35.809511","139.668697","0","3"
"11","é‹ÊŒ§","11224","ŒË“cŽs","112240003002","V‘]“ì“ñ’š–Ú","35.809922","139.665272","0","3"
"11","é‹ÊŒ§","11224","ŒË“cŽs","112240003003","V‘]“ìŽO’š–Ú","35.805863","139.668003","0","3"
"11","é‹ÊŒ§","11224","ŒË“cŽs","112240003004","V‘]“ìŽl’š–Ú","35.806630","139.662427","0","3"
"11","é‹ÊŒ§","11224","ŒË“cŽs","112240004001","”ü—–Ø“Œˆê’š–Ú","35.827480","139.654580","0","3"
"11","é‹ÊŒ§","11224","ŒË“cŽs","112240004002","”ü—–Ø“Œ“ñ’š–Ú","35.827997","139.650077","0","3"
"11","é‹ÊŒ§","11224","ŒË“cŽs","112240005001","Šì‘ò“ìˆê’š–Ú","35.805570","139.694714","0","3"
"11","é‹ÊŒ§","11224","ŒË“cŽs","112240005002","Šì‘ò“ì“ñ’š–Ú","35.805681","139.690909","0","3"
"11","é‹ÊŒ§","11224","ŒË“cŽs","112240006000","‘åŽšãŒË“c","35.819940","139.673543","0","1"
"11","é‹ÊŒ§","11224","ŒË“cŽs","112240007001","‰º‘Oˆê’š–Ú","35.810091","139.685105","0","3"
"11","é‹ÊŒ§","11224","ŒË“cŽs","112240007002","‰º‘O“ñ’š–Ú","35.807075","139.686313","0","3"
"11","é‹ÊŒ§","11224","ŒË“cŽs","112240008001","ãŒË“cˆê’š–Ú","35.818784","139.678722","0","3"
"11","é‹ÊŒ§","11224","ŒË“cŽs","112240008002","ãŒË“c“ñ’š–Ú","35.813823","139.680214","0","3"
"11","é‹ÊŒ§","11224","ŒË“cŽs","112240008003","ãŒË“cŽO’š–Ú","35.813704","139.675908","0","3"
"11","é‹ÊŒ§","11224","ŒË“cŽs","112240008004","ãŒË“cŽl’š–Ú","35.818787","139.675833","0","3"
"11","é‹ÊŒ§","11224","ŒË“cŽs","112240008005","ãŒË“cŒÜ’š–Ú","35.813478","139.673152","0","3"
"11","é‹ÊŒ§","11224","ŒË“cŽs","112240009001","”ü—–Øˆê’š–Ú","35.829966","139.639561","0","3"
"11","é‹ÊŒ§","11224","ŒË“cŽs","112240009002","”ü—–Ø“ñ’š–Ú","35.827455","139.641042","0","3"
"11","é‹ÊŒ§","11224","ŒË“cŽs","112240009003","”ü—–ØŽO’š–Ú","35.825302","139.643792","0","3"
"11","é‹ÊŒ§","11224","ŒË“cŽs","112240009004","”ü—–ØŽl’š–Ú","35.822792","139.646801","0","3"
"11","é‹ÊŒ§","11224","ŒË“cŽs","112240009005","”ü—–ØŒÜ’š–Ú","35.819837","139.640218","0","3"
"11","é‹ÊŒ§","11224","ŒË“cŽs","112240009006","”ü—–Ø˜Z’š–Ú","35.822704","139.638860","0","3"
"11","é‹ÊŒ§","11224","ŒË“cŽs","112240009007","”ü—–ØŽµ’š–Ú","35.825329","139.636076","0","3"
"11","é‹ÊŒ§","11224","ŒË“cŽs","112240009008","”ü—–Ø”ª’š–Ú","35.828304","139.634318","0","3"
"11","é‹ÊŒ§","11224","ŒË“cŽs","112240010001","ìŠÝˆê’š–Ú","35.802564","139.689402","0","3"
"11","é‹ÊŒ§","11224","ŒË“cŽs","112240010002","ìŠÝ“ñ’š–Ú","35.804738","139.686987","0","3"
"11","é‹ÊŒ§","11224","ŒË“cŽs","112240010003","ìŠÝŽO’š–Ú","35.802643","139.682754","0","3"
"11","é‹ÊŒ§","11224","ŒË“cŽs","112240011001","–{’¬ˆê’š–Ú","35.810126","139.680378","0","3"
"11","é‹ÊŒ§","11224","ŒË“cŽs","112240011002","–{’¬“ñ’š–Ú","35.809592","139.676116","0","3"
"11","é‹ÊŒ§","11224","ŒË“cŽs","112240011003","–{’¬ŽO’š–Ú","35.809399","139.671975","0","3"
"11","é‹ÊŒ§","11224","ŒË“cŽs","112240011004","–{’¬Žl’š–Ú","35.807409","139.679567","0","3"
"11","é‹ÊŒ§","11224","ŒË“cŽs","112240011005","–{’¬ŒÜ’š–Ú","35.805102","139.678377","0","3"
"11","é‹ÊŒ§","11224","ŒË“cŽs","112240012001","•Xì’¬ˆê’š–Ú","35.809990","139.660773","0","3"
"11","é‹ÊŒ§","11224","ŒË“cŽs","112240012002","•Xì’¬“ñ’š–Ú","35.810213","139.656839","0","3"
"11","é‹ÊŒ§","11224","ŒË“cŽs","112240012003","•Xì’¬ŽO’š–Ú","35.806493","139.657163","0","3"
"11","é‹ÊŒ§","11224","ŒË“cŽs","112240013001","‰ºŒË“cˆê’š–Ú","35.813663","139.686263","0","3"
"11","é‹ÊŒ§","11224","ŒË“cŽs","112240013002","‰ºŒË“c“ñ’š–Ú","35.815838","139.683567","0","3"
"11","é‹ÊŒ§","11224","ŒË“cŽs","112240014001","ù–Úˆê’š–Ú","35.819113","139.655184","0","3"
"11","é‹ÊŒ§","11224","ŒË“cŽs","112240014002","ù–Ú“ñ’š–Ú","35.814979","139.654316","0","3"
"11","é‹ÊŒ§","11224","ŒË“cŽs","112240014003","ù–ÚŽO’š–Ú","35.816217","139.649389","0","3"
"11","é‹ÊŒ§","11224","ŒË“cŽs","112240014004","ù–ÚŽl’š–Ú","35.819828","139.649003","0","3"
"11","é‹ÊŒ§","11224","ŒË“cŽs","112240014005","ù–ÚŒÜ’š–Ú","35.815846","139.643846","0","3"
"11","é‹ÊŒ§","11224","ŒË“cŽs","112240014006","ù–Ú˜Z’š–Ú","35.812338","139.646397","0","3"
"11","é‹ÊŒ§","11224","ŒË“cŽs","112240014007","ù–ÚŽµ’š–Ú","35.809285","139.643549","0","3"
"11","é‹ÊŒ§","11224","ŒË“cŽs","112240014008","ù–Ú”ª’š–Ú","35.806175","139.645699","0","3"
"11","é‹ÊŒ§","11224","ŒË“cŽs","112240015001","’†’¬ˆê’š–Ú","35.812651","139.691207","0","3"
"11","é‹ÊŒ§","11224","ŒË“cŽs","112240015002","’†’¬“ñ’š–Ú","35.809150","139.689740","0","3"
"11","é‹ÊŒ§","11224","ŒË“cŽs","112240016000","“ì’¬","35.805389","139.673073","0","1"
"11","é‹ÊŒ§","11224","ŒË“cŽs","112240017001","Šì‘òˆê’š–Ú","35.813252","139.696361","0","3"
"11","é‹ÊŒ§","11224","ŒË“cŽs","112240017002","Šì‘ò“ñ’š–Ú","35.808877","139.695836","0","3"
"11","é‹ÊŒ§","11224","ŒË“cŽs","112240018000","ù–Ú–k’¬","35.823426","139.654813","0","1"
"11","é‹ÊŒ§","11224","ŒË“cŽs","112240019000","ù–Ú“ì’¬","35.809572","139.651793","0","1"
"11","é‹ÊŒ§","11224","ŒË“cŽs","112240020000","‘åŽš‹È–{","35.830480","139.623151","0","1"
"11","é‹ÊŒ§","11224","ŒË“cŽs","112240021000","‘åŽš”ü—–Ø","35.827561","139.651670","0","1"
"11","é‹ÊŒ§","11224","ŒË“cŽs","112240022000","‘åŽšd£","35.824334","139.626518","0","1"
"11","é‹ÊŒ§","11224","ŒË“cŽs","112240023000","‘åŽš“à’J","35.816100","139.632127","0","1"
"11","é‹ÊŒ§","11224","ŒË“cŽs","112240024000","ŒË“cŒö‰€","35.801814","139.668117","0","1"
"11","é‹ÊŒ§","11224","ŒË“cŽs","112240025000","‘åŽšV‘]","35.820207","139.665708","0","1"
"11","é‹ÊŒ§","11224","ŒË“cŽs","112240026001","”ü—–Ø–kˆê’š–Ú","35.833227","139.652571","1","3"
"11","é‹ÊŒ§","11224","ŒË“cŽs","112240026002","”ü—–Ø–k“ñ’š–Ú","35.830743","139.653264","1","3"
"11","é‹ÊŒ§","11224","ŒË“cŽs","112240026003","”ü—–Ø–kŽO’š–Ú","35.831137","139.647984","1","3"
"11","é‹ÊŒ§","11225","“üŠÔŽs","112250001000","‹àŽq’†‰›","35.814346","139.328619","0","1"
"11","é‹ÊŒ§","11225","“üŠÔŽs","112250002000","‘åŽšî’¬‰®","35.815172","139.378650","0","1"
"11","é‹ÊŒ§","11225","“üŠÔŽs","112250003001","‹v•Ûˆî‰×ˆê’š–Ú","35.828677","139.395323","0","3"
"11","é‹ÊŒ§","11225","“üŠÔŽs","112250003002","‹v•Ûˆî‰×“ñ’š–Ú","35.825903","139.395697","0","3"
"11","é‹ÊŒ§","11225","“üŠÔŽs","112250003003","‹v•Ûˆî‰×ŽO’š–Ú","35.823506","139.393316","0","3"
"11","é‹ÊŒ§","11225","“üŠÔŽs","112250003004","‹v•Ûˆî‰×Žl’š–Ú","35.825080","139.391141","0","3"
"11","é‹ÊŒ§","11225","“üŠÔŽs","112250003005","‹v•Ûˆî‰×ŒÜ’š–Ú","35.821604","139.389108","0","3"
"11","é‹ÊŒ§","11225","“üŠÔŽs","112250004001","“Œ“¡‘òˆê’š–Ú","35.824623","139.413265","0","3"
"11","é‹ÊŒ§","11225","“üŠÔŽs","112250004002","“Œ“¡‘ò“ñ’š–Ú","35.820462","139.416923","0","3"
"11","é‹ÊŒ§","11225","“üŠÔŽs","112250004003","“Œ“¡‘òŽO’š–Ú","35.819600","139.414729","0","3"
"11","é‹ÊŒ§","11225","“üŠÔŽs","112250004004","“Œ“¡‘òŽl’š–Ú","35.817912","139.417155","0","3"
"11","é‹ÊŒ§","11225","“üŠÔŽs","112250004005","“Œ“¡‘òŒÜ’š–Ú","35.815460","139.416248","0","3"
"11","é‹ÊŒ§","11225","“üŠÔŽs","112250004006","“Œ“¡‘ò˜Z’š–Ú","35.815595","139.412648","0","3"
"11","é‹ÊŒ§","11225","“üŠÔŽs","112250004007","“Œ“¡‘òŽµ’š–Ú","35.814225","139.409844","0","3"
"11","é‹ÊŒ§","11225","“üŠÔŽs","112250004008","“Œ“¡‘ò”ª’š–Ú","35.812736","139.406600","0","3"
"11","é‹ÊŒ§","11225","“üŠÔŽs","112250005001","î’¬‰®ˆê’š–Ú","35.831646","139.386384","0","3"
"11","é‹ÊŒ§","11225","“üŠÔŽs","112250005002","î’¬‰®“ñ’š–Ú","35.833459","139.383710","0","3"
"11","é‹ÊŒ§","11225","“üŠÔŽs","112250005003","î’¬‰®ŽO’š–Ú","35.830054","139.381699","0","3"
"11","é‹ÊŒ§","11225","“üŠÔŽs","112250005004","î’¬‰®Žl’š–Ú","35.829124","139.384458","0","3"
"11","é‹ÊŒ§","11225","“üŠÔŽs","112250005005","î’¬‰®ŒÜ’š–Ú","35.827837","139.379951","0","3"
"11","é‹ÊŒ§","11225","“üŠÔŽs","112250006001","“Œ’¬ˆê’š–Ú","35.831806","139.397511","0","3"
"11","é‹ÊŒ§","11225","“üŠÔŽs","112250006002","“Œ’¬“ñ’š–Ú","35.833458","139.400845","0","3"
"11","é‹ÊŒ§","11225","“üŠÔŽs","112250006003","“Œ’¬ŽO’š–Ú","35.830417","139.401301","0","3"
"11","é‹ÊŒ§","11225","“üŠÔŽs","112250006004","“Œ’¬Žl’š–Ú","35.832265","139.404253","0","3"
"11","é‹ÊŒ§","11225","“üŠÔŽs","112250006005","“Œ’¬ŒÜ’š–Ú","35.831186","139.407586","0","3"
"11","é‹ÊŒ§","11225","“üŠÔŽs","112250006006","“Œ’¬˜Z’š–Ú","35.828479","139.404077","0","3"
"11","é‹ÊŒ§","11225","“üŠÔŽs","112250006007","“Œ’¬Žµ’š–Ú","35.827574","139.399896","0","3"
"11","é‹ÊŒ§","11225","“üŠÔŽs","112250007000","ŽOƒc–Ø‘ä","35.813642","139.335339","0","1"
"11","é‹ÊŒ§","11225","“üŠÔŽs","112250008001","–L‰ªˆê’š–Ú","35.838377","139.388489","0","3"
"11","é‹ÊŒ§","11225","“üŠÔŽs","112250008002","–L‰ª“ñ’š–Ú","35.835620","139.384552","0","3"
"11","é‹ÊŒ§","11225","“üŠÔŽs","112250008003","–L‰ªŽO’š–Ú","35.833684","139.388102","0","3"
"11","é‹ÊŒ§","11225","“üŠÔŽs","112250008004","–L‰ªŽl’š–Ú","35.833435","139.393087","0","3"
"11","é‹ÊŒ§","11225","“üŠÔŽs","112250008005","–L‰ªŒÜ’š–Ú","35.835562","139.394273","0","3"
"11","é‹ÊŒ§","11225","“üŠÔŽs","112250009001","î‘äˆê’š–Ú","35.831599","139.392962","0","3"
"11","é‹ÊŒ§","11225","“üŠÔŽs","112250009002","î‘ä“ñ’š–Ú","35.830279","139.391262","0","3"
"11","é‹ÊŒ§","11225","“üŠÔŽs","112250009003","î‘äŽO’š–Ú","35.828711","139.389298","0","3"
"11","é‹ÊŒ§","11225","“üŠÔŽs","112250009004","î‘äŽl’š–Ú","35.827221","139.388315","0","3"
"11","é‹ÊŒ§","11225","“üŠÔŽs","112250009005","î‘äŒÜ’š–Ú","35.825856","139.386408","0","3"
"11","é‹ÊŒ§","11225","“üŠÔŽs","112250009006","î‘ä˜Z’š–Ú","35.824416","139.384824","0","3"
"11","é‹ÊŒ§","11225","“üŠÔŽs","112250010001","¬’J“cˆê’š–Ú","35.822589","139.382220","0","3"
"11","é‹ÊŒ§","11225","“üŠÔŽs","112250010002","¬’J“c“ñ’š–Ú","35.825002","139.378268","0","3"
"11","é‹ÊŒ§","11225","“üŠÔŽs","112250010003","¬’J“cŽO’š–Ú","35.827996","139.375130","0","3"
"11","é‹ÊŒ§","11225","“üŠÔŽs","112250010004","¬’J“cŽl’š–Ú","35.824164","139.374916","0","3"
"11","é‹ÊŒ§","11225","“üŠÔŽs","112250011001","Œ®ŽRˆê’š–Ú","35.843172","139.382950","0","3"
"11","é‹ÊŒ§","11225","“üŠÔŽs","112250011002","Œ®ŽR“ñ’š–Ú","35.843832","139.378349","0","3"
"11","é‹ÊŒ§","11225","“üŠÔŽs","112250011003","Œ®ŽRŽO’š–Ú","35.845060","139.374359","0","3"
"11","é‹ÊŒ§","11225","“üŠÔŽs","112250012001","•{ˆê’š–Ú","35.845416","139.390568","0","3"
"11","é‹ÊŒ§","11225","“üŠÔŽs","112250012002","•{“ñ’š–Ú","35.846308","139.386375","0","3"
"11","é‹ÊŒ§","11225","“üŠÔŽs","112250013000","‘åŽš‚‘q","35.818466","139.382091","0","1"
"11","é‹ÊŒ§","11225","“üŠÔŽs","112250014001","‚‘qˆê’š–Ú","35.838448","139.384733","0","3"
"11","é‹ÊŒ§","11225","“üŠÔŽs","112250014002","‚‘q“ñ’š–Ú","35.840658","139.382301","0","3"
"11","é‹ÊŒ§","11225","“üŠÔŽs","112250014003","‚‘qŽO’š–Ú","35.839507","139.378975","0","3"
"11","é‹ÊŒ§","11225","“üŠÔŽs","112250014004","‚‘qŽl’š–Ú","35.836490","139.379983","0","3"
"11","é‹ÊŒ§","11225","“üŠÔŽs","112250014005","‚‘qŒÜ’š–Ú","35.832449","139.378940","0","3"
"11","é‹ÊŒ§","11225","“üŠÔŽs","112250015001","ã¬’J“cˆê’š–Ú","35.830395","139.374192","0","3"
"11","é‹ÊŒ§","11225","“üŠÔŽs","112250015002","ã¬’J“c“ñ’š–Ú","35.833972","139.374201","0","3"
"11","é‹ÊŒ§","11225","“üŠÔŽs","112250015003","ã¬’J“cŽO’š–Ú","35.831717","139.370393","0","3"
"11","é‹ÊŒ§","11225","“üŠÔŽs","112250016000","‹{‘O’¬","35.845218","139.380383","0","1"
"11","é‹ÊŒ§","11225","“üŠÔŽs","112250017000","‰ÍŒ´’¬","35.843074","139.387600","0","1"
"11","é‹ÊŒ§","11225","“üŠÔŽs","112250018000","‹‘ò’¬","35.839589","139.372653","0","1"
"11","é‹ÊŒ§","11225","“üŠÔŽs","112250019000","Xâ","35.838147","139.375635","0","1"
"11","é‹ÊŒ§","11225","“üŠÔŽs","112250020000","‘åŽš‘P‘ V“c","35.819473","139.386842","0","1"
"11","é‹ÊŒ§","11225","“üŠÔŽs","112250021000","‘åŽš•{","35.835964","139.409347","0","1"
"11","é‹ÊŒ§","11225","“üŠÔŽs","112250022001","t“ú’¬ˆê’š–Ú","35.848779","139.379245","0","3"
"11","é‹ÊŒ§","11225","“üŠÔŽs","112250022002","t“ú’¬“ñ’š–Ú","35.849511","139.386690","0","3"
"11","é‹ÊŒ§","11225","“üŠÔŽs","112250023001","Œü—z‘äˆê’š–Ú","35.839582","139.392333","0","3"
"11","é‹ÊŒ§","11225","“üŠÔŽs","112250023002","Œü—z‘ä“ñ’š–Ú","35.836669","139.402372","0","3"
"11","é‹ÊŒ§","11225","“üŠÔŽs","112250024000","‘åŽš‰Ôƒm–Ø","35.821359","139.348399","0","1"
"11","é‹ÊŒ§","11225","“üŠÔŽs","112250025000","‘åŽš‹·ŽR‘ä","35.803542","139.361762","0","1"
"11","é‹ÊŒ§","11225","“üŠÔŽs","112250026000","‘åŽšªŠÝ","35.818490","139.358526","0","1"
"11","é‹ÊŒ§","11225","“üŠÔŽs","112250027000","‘åŽš‹·ŽRƒPŒ´","35.812287","139.367416","0","1"
"11","é‹ÊŒ§","11225","“üŠÔŽs","112250028000","‘åŽš¼ŽOƒc–Ø","35.813635","139.338136","0","1"
"11","é‹ÊŒ§","11225","“üŠÔŽs","112250029000","‘åŽšVŒõ","35.855915","139.356531","0","1"
"11","é‹ÊŒ§","11225","“üŠÔŽs","112250030000","‘åŽšŽ›’|","35.804661","139.335480","0","1"
"11","é‹ÊŒ§","11225","“üŠÔŽs","112250031000","‘åŽšã’JƒPŠÑ","35.813533","139.342354","0","1"
"11","é‹ÊŒ§","11225","“üŠÔŽs","112250032000","‘åŽš‰º’JƒPŠÑ","35.814608","139.348802","0","1"
"11","é‹ÊŒ§","11225","“üŠÔŽs","112250033000","‘åŽš‰º“¡‘ò","35.823341","139.405473","0","1"
"11","é‹ÊŒ§","11225","“üŠÔŽs","112250034000","‘åŽšV‹v","35.824599","139.360277","0","1"
"11","é‹ÊŒ§","11225","“üŠÔŽs","112250035000","‘åŽš’†_","35.818486","139.353916","0","1"
"11","é‹ÊŒ§","11225","“üŠÔŽs","112250036000","‘åŽš–Ø˜@Ž›","35.806678","139.323130","0","1"
"11","é‹ÊŒ§","11225","“üŠÔŽs","112250037000","‘åŽš“ì•õ","35.809404","139.327660","0","1"
"11","é‹ÊŒ§","11225","“üŠÔŽs","112250038000","‘åŽš•§Žq","35.836021","139.354493","0","1"
"11","é‹ÊŒ§","11225","“üŠÔŽs","112250039000","‘åŽš–ì“c","35.844261","139.354540","0","1"
"11","é‹ÊŒ§","11225","“üŠÔŽs","112250040000","‘åŽš¬’J“c","35.823550","139.369706","0","1"
"11","é‹ÊŒ§","11225","“üŠÔŽs","112250041000","‘åŽšã“¡‘ò","35.816057","139.392161","0","1"
"11","é‹ÊŒ§","11225","“üŠÔŽs","112250042000","‹{Ž›","35.794927","139.376559","0","1"
"11","é‹ÊŒ§","11225","“üŠÔŽs","112250043000","‹îŒ`•xŽmŽR","35.796546","139.362914","0","1"
"11","é‹ÊŒ§","11225","“üŠÔŽs","112250044000","‘åŽš“ñ–{–Ø","35.797215","139.357993","0","1"
"11","é‹ÊŒ§","11225","“üŠÔŽs","112250045000","‚ª","35.795137","139.360269","0","1"
"11","é‹ÊŒ§","11225","“üŠÔŽs","112250046001","‹·ŽR‘äˆê’š–Ú","35.805625","139.364549","1","3"
"11","é‹ÊŒ§","11225","“üŠÔŽs","112250046002","‹·ŽR‘ä“ñ’š–Ú","35.804738","139.361619","1","3"
"11","é‹ÊŒ§","11225","“üŠÔŽs","112250046003","‹·ŽR‘äŽO’š–Ú","35.807897","139.360188","1","3"
"11","é‹ÊŒ§","11225","“üŠÔŽs","112250046004","‹·ŽR‘äŽl’š–Ú","35.810540","139.362385","1","3"
"11","é‹ÊŒ§","11225","“üŠÔŽs","112250047001","‰º“¡‘òˆê’š–Ú","35.821640","139.410780","1","3"
"11","é‹ÊŒ§","11225","“üŠÔŽs","112250047002","‰º“¡‘ò“ñ’š–Ú","35.820581","139.407564","1","3"
"11","é‹ÊŒ§","11225","“üŠÔŽs","112250047003","‰º“¡‘òŽO’š–Ú","35.816916","139.410775","1","3"
"11","é‹ÊŒ§","11225","“üŠÔŽs","112250047004","‰º“¡‘òŽl’š–Ú","35.815859","139.407209","1","3"
"11","é‹ÊŒ§","11225","“üŠÔŽs","112250047005","‰º“¡‘òŒÜ’š–Ú","35.817855","139.404765","1","3"
"11","é‹ÊŒ§","11227","’©‰àŽs","112270001001","¼•Ùàˆê’š–Ú","35.814855","139.584453","0","3"
"11","é‹ÊŒ§","11227","’©‰àŽs","112270001002","¼•Ùà“ñ’š–Ú","35.812641","139.581867","0","3"
"11","é‹ÊŒ§","11227","’©‰àŽs","112270002001","‰h’¬ˆê’š–Ú","35.791580","139.599740","0","3"
"11","é‹ÊŒ§","11227","’©‰àŽs","112270002002","‰h’¬“ñ’š–Ú","35.788911","139.601155","0","3"
"11","é‹ÊŒ§","11227","’©‰àŽs","112270002003","‰h’¬ŽO’š–Ú","35.788645","139.598589","0","3"
"11","é‹ÊŒ§","11227","’©‰àŽs","112270002004","‰h’¬Žl’š–Ú","35.786464","139.598646","0","3"
"11","é‹ÊŒ§","11227","’©‰àŽs","112270002005","‰h’¬ŒÜ’š–Ú","35.788977","139.596097","0","3"
"11","é‹ÊŒ§","11227","’©‰àŽs","112270003001","“Œ•Ùàˆê’š–Ú","35.813488","139.585460","0","3"
"11","é‹ÊŒ§","11227","’©‰àŽs","112270003002","“Œ•Ùà“ñ’š–Ú","35.812114","139.586405","0","3"
"11","é‹ÊŒ§","11227","’©‰àŽs","112270003003","“Œ•ÙàŽO’š–Ú","35.811381","139.583349","0","3"
"11","é‹ÊŒ§","11227","’©‰àŽs","112270004001","•lèˆê’š–Ú","35.815521","139.588566","0","3"
"11","é‹ÊŒ§","11227","’©‰àŽs","112270004002","•lè“ñ’š–Ú","35.814632","139.589636","0","3"
"11","é‹ÊŒ§","11227","’©‰àŽs","112270004003","•lèŽO’š–Ú","35.816886","139.592128","0","3"
"11","é‹ÊŒ§","11227","’©‰àŽs","112270004004","•lèŽl’š–Ú","35.819521","139.595831","0","3"
"11","é‹ÊŒ§","11227","’©‰àŽs","112270005001","aÀˆê’š–Ú","35.799403","139.589228","0","3"
"11","é‹ÊŒ§","11227","’©‰àŽs","112270005002","aÀ“ñ’š–Ú","35.801749","139.589783","0","3"
"11","é‹ÊŒ§","11227","’©‰àŽs","112270005003","aÀŽO’š–Ú","35.801297","139.585792","0","3"
"11","é‹ÊŒ§","11227","’©‰àŽs","112270005004","aÀŽl’š–Ú","35.804366","139.586455","0","3"
"11","é‹ÊŒ§","11227","’©‰àŽs","112270005005","aÀŒÜ’š–Ú","35.803957","139.590463","0","3"
"11","é‹ÊŒ§","11227","’©‰àŽs","112270005006","aÀ˜Z’š–Ú","35.806211","139.591855","0","3"
"11","é‹ÊŒ§","11227","’©‰àŽs","112270005007","aÀŽµ’š–Ú","35.808201","139.591280","0","3"
"11","é‹ÊŒ§","11227","’©‰àŽs","112270006001","ŽOŒ´ˆê’š–Ú","35.809919","139.577866","0","3"
"11","é‹ÊŒ§","11227","’©‰àŽs","112270006002","ŽOŒ´“ñ’š–Ú","35.815879","139.578288","0","3"
"11","é‹ÊŒ§","11227","’©‰àŽs","112270006003","ŽOŒ´ŽO’š–Ú","35.817466","139.580430","0","3"
"11","é‹ÊŒ§","11227","’©‰àŽs","112270006004","ŽOŒ´Žl’š–Ú","35.816569","139.575796","0","3"
"11","é‹ÊŒ§","11227","’©‰àŽs","112270006005","ŽOŒ´ŒÜ’š–Ú","35.809605","139.574612","0","3"
"11","é‹ÊŒ§","11227","’©‰àŽs","112270007001","¼Œ´ˆê’š–Ú","35.816755","139.587817","0","3"
"11","é‹ÊŒ§","11227","’©‰àŽs","112270007002","¼Œ´“ñ’š–Ú","35.817606","139.585367","0","3"
"11","é‹ÊŒ§","11227","’©‰àŽs","112270008001","–kŒ´ˆê’š–Ú","35.818793","139.590248","0","3"
"11","é‹ÊŒ§","11227","’©‰àŽs","112270008002","–kŒ´“ñ’š–Ú","35.820304","139.587574","0","3"
"11","é‹ÊŒ§","11227","’©‰àŽs","112270009001","’©ŽuƒP‹uˆê’š–Ú","35.818838","139.582600","0","3"
"11","é‹ÊŒ§","11227","’©‰àŽs","112270009002","’©ŽuƒP‹u“ñ’š–Ú","35.821838","139.579574","0","3"
"11","é‹ÊŒ§","11227","’©‰àŽs","112270009003","’©ŽuƒP‹uŽO’š–Ú","35.821107","139.584005","0","3"
"11","é‹ÊŒ§","11227","’©‰àŽs","112270009004","’©ŽuƒP‹uŽl’š–Ú","35.823234","139.583308","0","3"
"11","é‹ÊŒ§","11227","’©‰àŽs","112270010001","•GÜ’¬ˆê’š–Ú","35.795304","139.583447","0","3"
"11","é‹ÊŒ§","11227","’©‰àŽs","112270010002","•GÜ’¬“ñ’š–Ú","35.790671","139.581949","0","3"
"11","é‹ÊŒ§","11227","’©‰àŽs","112270010003","•GÜ’¬ŽO’š–Ú","35.797170","139.578132","0","3"
"11","é‹ÊŒ§","11227","’©‰àŽs","112270010004","•GÜ’¬Žl’š–Ú","35.799000","139.580920","0","3"
"11","é‹ÊŒ§","11227","’©‰àŽs","112270010005","•GÜ’¬ŒÜ’š–Ú","35.798112","139.586844","0","3"
"11","é‹ÊŒ§","11227","’©‰àŽs","112270011001","’‡’¬ˆê’š–Ú","35.800279","139.600257","0","3"
"11","é‹ÊŒ§","11227","’©‰àŽs","112270011002","’‡’¬“ñ’š–Ú","35.795136","139.602094","0","3"
"11","é‹ÊŒ§","11227","’©‰àŽs","112270012001","ò…ˆê’š–Ú","35.802353","139.575753","0","3"
"11","é‹ÊŒ§","11227","’©‰àŽs","112270012002","ò…“ñ’š–Ú","35.803742","139.578932","0","3"
"11","é‹ÊŒ§","11227","’©‰àŽs","112270012003","ò…ŽO’š–Ú","35.807653","139.580749","0","3"
"11","é‹ÊŒ§","11227","’©‰àŽs","112270013001","ªŠÝ‘äˆê’š–Ú","35.801872","139.602102","0","3"
"11","é‹ÊŒ§","11227","’©‰àŽs","112270013002","ªŠÝ‘ä“ñ’š–Ú","35.806541","139.605257","0","3"
"11","é‹ÊŒ§","11227","’©‰àŽs","112270013003","ªŠÝ‘äŽO’š–Ú","35.807486","139.608457","0","3"
"11","é‹ÊŒ§","11227","’©‰àŽs","112270013004","ªŠÝ‘äŽl’š–Ú","35.802691","139.608383","0","3"
"11","é‹ÊŒ§","11227","’©‰àŽs","112270013005","ªŠÝ‘äŒÜ’š–Ú","35.800582","139.604939","0","3"
"11","é‹ÊŒ§","11227","’©‰àŽs","112270013006","ªŠÝ‘ä˜Z’š–Ú","35.796675","139.603615","0","3"
"11","é‹ÊŒ§","11227","’©‰àŽs","112270013007","ªŠÝ‘äŽµ’š–Ú","35.796859","139.609717","0","3"
"11","é‹ÊŒ§","11227","’©‰àŽs","112270013008","ªŠÝ‘ä”ª’š–Ú","35.801474","139.611978","0","3"
"11","é‹ÊŒ§","11227","’©‰àŽs","112270014000","‘åŽš“c“‡","35.816341","139.603411","0","1"
"11","é‹ÊŒ§","11227","’©‰àŽs","112270015001","“c“‡ˆê’š–Ú","35.813179","139.605403","0","3"
"11","é‹ÊŒ§","11227","’©‰àŽs","112270015002","“c“‡“ñ’š–Ú","35.815610","139.607708","0","3"
"11","é‹ÊŒ§","11227","’©‰àŽs","112270016001","K’¬ˆê’š–Ú","35.796226","139.588632","0","3"
"11","é‹ÊŒ§","11227","’©‰àŽs","112270016002","K’¬“ñ’š–Ú","35.792018","139.586123","0","3"
"11","é‹ÊŒ§","11227","’©‰àŽs","112270016003","K’¬ŽO’š–Ú","35.788807","139.588155","0","3"
"11","é‹ÊŒ§","11227","’©‰àŽs","112270017001","–{’¬ˆê’š–Ú","35.801873","139.595136","0","3"
"11","é‹ÊŒ§","11227","’©‰àŽs","112270017002","–{’¬“ñ’š–Ú","35.798788","139.597653","0","3"
"11","é‹ÊŒ§","11227","’©‰àŽs","112270017003","–{’¬ŽO’š–Ú","35.794200","139.599051","0","3"
"11","é‹ÊŒ§","11227","’©‰àŽs","112270018001","Â—t‘äˆê’š–Ú","35.792444","139.595125","0","3"
"11","é‹ÊŒ§","11227","’©‰àŽs","112270019001","‰ªˆê’š–Ú","35.806237","139.599583","0","3"
"11","é‹ÊŒ§","11227","’©‰àŽs","112270019002","‰ª“ñ’š–Ú","35.810382","139.596484","0","3"
"11","é‹ÊŒ§","11227","’©‰àŽs","112270019003","‰ªŽO’š–Ú","35.810156","139.602573","0","3"
"11","é‹ÊŒ§","11227","’©‰àŽs","112270020001","‹{ŒËˆê’š–Ú","35.822226","139.592284","0","3"
"11","é‹ÊŒ§","11227","’©‰àŽs","112270020002","‹{ŒË“ñ’š–Ú","35.825127","139.585661","0","3"
"11","é‹ÊŒ§","11227","’©‰àŽs","112270020003","‹{ŒËŽO’š–Ú","35.828860","139.585694","0","3"
"11","é‹ÊŒ§","11227","’©‰àŽs","112270020004","‹{ŒËŽl’š–Ú","35.826202","139.591354","0","3"
"11","é‹ÊŒ§","11227","’©‰àŽs","112270021000","‘åŽš‰ª","35.814439","139.598031","0","1"
"11","é‹ÊŒ§","11227","’©‰àŽs","112270022000","‘åŽš•GÜ","35.784367","139.583857","0","1"
"11","é‹ÊŒ§","11227","’©‰àŽs","112270023000","—¤ãŽ©‰q‘à’©‰à’““Ô’n","35.782788","139.594160","0","1"
"11","é‹ÊŒ§","11227","’©‰àŽs","112270024000","‘åŽš‹{ŒË","35.824946","139.597285","0","1"
"11","é‹ÊŒ§","11227","’©‰àŽs","112270025000","‘åŽš•lè","35.820472","139.604172","0","1"
"11","é‹ÊŒ§","11227","’©‰àŽs","112270026000","‘åŽšaÀ","35.808236","139.586583","0","1"
"11","é‹ÊŒ§","11227","’©‰àŽs","112270027000","‘åŽš‘ä","35.808986","139.613429","0","1"
"11","é‹ÊŒ§","11227","’©‰àŽs","112270028000","‘åŽš‰º“àŠÔ–Ø","35.817270","139.616852","0","1"
"11","é‹ÊŒ§","11227","’©‰àŽs","112270029000","‘åŽšã“àŠÔ–Ø","35.826427","139.610845","0","1"
"11","é‹ÊŒ§","11228","Žu–ØŽs","112280001001","”’¬ˆê’š–Ú","35.834697","139.575451","0","3"
"11","é‹ÊŒ§","11228","Žu–ØŽs","112280001002","”’¬“ñ’š–Ú","35.835372","139.573051","0","3"
"11","é‹ÊŒ§","11228","Žu–ØŽs","112280001003","”’¬ŽO’š–Ú","35.832974","139.569765","0","3"
"11","é‹ÊŒ§","11228","Žu–ØŽs","112280001004","”’¬Žl’š–Ú","35.829055","139.572379","0","3"
"11","é‹ÊŒ§","11228","Žu–ØŽs","112280001005","”’¬ŒÜ’š–Ú","35.828226","139.568530","0","3"
"11","é‹ÊŒ§","11228","Žu–ØŽs","112280001006","”’¬˜Z’š–Ú","35.830611","139.564992","0","3"
"11","é‹ÊŒ§","11228","Žu–ØŽs","112280002001","–{’¬ˆê’š–Ú","35.832700","139.577551","0","3"
"11","é‹ÊŒ§","11228","Žu–ØŽs","112280002002","–{’¬“ñ’š–Ú","35.832597","139.581696","0","3"
"11","é‹ÊŒ§","11228","Žu–ØŽs","112280002003","–{’¬ŽO’š–Ú","35.830173","139.581205","0","3"
"11","é‹ÊŒ§","11228","Žu–ØŽs","112280002004","–{’¬Žl’š–Ú","35.826107","139.580223","0","3"
"11","é‹ÊŒ§","11228","Žu–ØŽs","112280002005","–{’¬ŒÜ’š–Ú","35.826153","139.576559","0","3"
"11","é‹ÊŒ§","11228","Žu–ØŽs","112280002006","–{’¬˜Z’š–Ú","35.827277","139.574205","0","3"
"11","é‹ÊŒ§","11228","Žu–ØŽs","112280003001","K’¬ˆê’š–Ú","35.821900","139.568936","0","3"
"11","é‹ÊŒ§","11228","Žu–ØŽs","112280003002","K’¬“ñ’š–Ú","35.826084","139.566312","0","3"
"11","é‹ÊŒ§","11228","Žu–ØŽs","112280003003","K’¬ŽO’š–Ú","35.823648","139.565462","0","3"
"11","é‹ÊŒ§","11228","Žu–ØŽs","112280003004","K’¬Žl’š–Ú","35.821866","139.562569","0","3"
"11","é‹ÊŒ§","11228","Žu–ØŽs","112280004001","ŠÙˆê’š–Ú","35.826447","139.561690","0","3"
"11","é‹ÊŒ§","11228","Žu–ØŽs","112280004002","ŠÙ“ñ’š–Ú","35.828030","139.558560","0","3"
"11","é‹ÊŒ§","11228","Žu–ØŽs","112280005001","’†@‰ªˆê’š–Ú","35.839952","139.585473","0","3"
"11","é‹ÊŒ§","11228","Žu–ØŽs","112280005002","’†@‰ª“ñ’š–Ú","35.842722","139.590010","0","3"
"11","é‹ÊŒ§","11228","Žu–ØŽs","112280005003","’†@‰ªŽO’š–Ú","35.838915","139.594205","0","3"
"11","é‹ÊŒ§","11228","Žu–ØŽs","112280005004","’†@‰ªŽl’š–Ú","35.837241","139.589319","0","3"
"11","é‹ÊŒ§","11228","Žu–ØŽs","112280005005","’†@‰ªŒÜ’š–Ú","35.834465","139.585379","0","3"
"11","é‹ÊŒ§","11228","Žu–ØŽs","112280006001","ã@‰ªˆê’š–Ú","35.841525","139.580793","0","3"
"11","é‹ÊŒ§","11228","Žu–ØŽs","112280006002","ã@‰ª“ñ’š–Ú","35.847275","139.580281","0","3"
"11","é‹ÊŒ§","11228","Žu–ØŽs","112280006003","ã@‰ªŽO’š–Ú","35.853076","139.581492","0","3"
"11","é‹ÊŒ§","11228","Žu–ØŽs","112280006004","ã@‰ªŽl’š–Ú","35.848299","139.586512","0","3"
"11","é‹ÊŒ§","11228","Žu–ØŽs","112280006005","ã@‰ªŒÜ’š–Ú","35.845075","139.583517","0","3"
"11","é‹ÊŒ§","11228","Žu–ØŽs","112280007001","‰º@‰ªˆê’š–Ú","35.831157","139.591508","0","3"
"11","é‹ÊŒ§","11228","Žu–ØŽs","112280007002","‰º@‰ª“ñ’š–Ú","35.834308","139.591825","0","3"
"11","é‹ÊŒ§","11228","Žu–ØŽs","112280007003","‰º@‰ªŽO’š–Ú","35.834759","139.597378","0","3"
"11","é‹ÊŒ§","11228","Žu–ØŽs","112280007004","‰º@‰ªŽl’š–Ú","35.831975","139.600446","0","3"
"11","é‹ÊŒ§","11228","Žu–ØŽs","112280008000","@‰ª","35.846371","139.594839","0","1"
"11","é‹ÊŒ§","11229","˜aŒõŽs","112290001001","”’Žqˆê’š–Ú","35.771531","139.622042","0","3"
"11","é‹ÊŒ§","11229","˜aŒõŽs","112290001002","”’Žq“ñ’š–Ú","35.778350","139.621985","0","3"
"11","é‹ÊŒ§","11229","˜aŒõŽs","112290001003","”’ŽqŽO’š–Ú","35.787582","139.629118","0","3"
"11","é‹ÊŒ§","11229","˜aŒõŽs","112290001004","”’ŽqŽl’š–Ú","35.794677","139.639330","0","3"
"11","é‹ÊŒ§","11229","˜aŒõŽs","112290002000","z–KŒ´’c’n","35.775198","139.616835","0","1"
"11","é‹ÊŒ§","11229","˜aŒõŽs","112290003001","ŠÛŽR‘äˆê’š–Ú","35.786374","139.612706","0","3"
"11","é‹ÊŒ§","11229","˜aŒõŽs","112290003002","ŠÛŽR‘ä“ñ’š–Ú","35.785001","139.616599","0","3"
"11","é‹ÊŒ§","11229","˜aŒõŽs","112290003003","ŠÛŽR‘äŽO’š–Ú","35.783490","139.620532","0","3"
"11","é‹ÊŒ§","11229","˜aŒõŽs","112290004001","‰ºV‘qˆê’š–Ú","35.788597","139.615222","0","3"
"11","é‹ÊŒ§","11229","˜aŒõŽs","112290004002","‰ºV‘q“ñ’š–Ú","35.788368","139.619875","0","3"
"11","é‹ÊŒ§","11229","˜aŒõŽs","112290004003","‰ºV‘qŽO’š–Ú","35.788563","139.624888","0","3"
"11","é‹ÊŒ§","11229","˜aŒõŽs","112290004004","‰ºV‘qŽl’š–Ú","35.791971","139.627223","0","3"
"11","é‹ÊŒ§","11229","˜aŒõŽs","112290004005","‰ºV‘qŒÜ’š–Ú","35.795244","139.634132","0","3"
"11","é‹ÊŒ§","11229","˜aŒõŽs","112290004006","‰ºV‘q˜Z’š–Ú","35.799357","139.634707","0","3"
"11","é‹ÊŒ§","11229","˜aŒõŽs","112290005000","z–K","35.776412","139.618469","0","1"
"11","é‹ÊŒ§","11229","˜aŒõŽs","112290006001","’†‰›ˆê’š–Ú","35.783349","139.613006","0","3"
"11","é‹ÊŒ§","11229","˜aŒõŽs","112290006002","’†‰›“ñ’š–Ú","35.780813","139.617166","0","3"
"11","é‹ÊŒ§","11229","˜aŒõŽs","112290007000","¼‘å˜a’c’n","35.779092","139.607141","0","1"
"11","é‹ÊŒ§","11229","˜aŒõŽs","112290008001","V‘qˆê’š–Ú","35.792889","139.611068","0","3"
"11","é‹ÊŒ§","11229","˜aŒõŽs","112290008002","V‘q“ñ’š–Ú","35.797230","139.619412","0","3"
"11","é‹ÊŒ§","11229","˜aŒõŽs","112290008003","V‘qŽO’š–Ú","35.796150","139.627000","0","3"
"11","é‹ÊŒ§","11229","˜aŒõŽs","112290008004","V‘qŽl’š–Ú","35.799997","139.621593","0","3"
"11","é‹ÊŒ§","11229","˜aŒõŽs","112290008005","V‘qŒÜ’š–Ú","35.803238","139.616896","0","3"
"11","é‹ÊŒ§","11229","˜aŒõŽs","112290008006","V‘q˜Z’š–Ú","35.806019","139.619459","0","3"
"11","é‹ÊŒ§","11229","˜aŒõŽs","112290008007","V‘qŽµ’š–Ú","35.803267","139.624136","0","3"
"11","é‹ÊŒ§","11229","˜aŒõŽs","112290008008","V‘q”ª’š–Ú","35.800997","139.628903","0","3"
"11","é‹ÊŒ§","11229","˜aŒõŽs","112290009000","‘åŽšV‘q","35.806400","139.626856","0","1"
"11","é‹ÊŒ§","11229","˜aŒõŽs","112290010001","“ìˆê’š–Ú","35.771616","139.608947","0","3"
"11","é‹ÊŒ§","11229","˜aŒõŽs","112290010002","“ì“ñ’š–Ú","35.775611","139.610222","0","3"
"11","é‹ÊŒ§","11229","˜aŒõŽs","112290011000","–{’¬","35.787518","139.606310","0","1"
"11","é‹ÊŒ§","11229","˜aŒõŽs","112290012000","‘åŽš‰ºV‘q","35.805370","139.637274","0","1"
"11","é‹ÊŒ§","11229","˜aŒõŽs","112290013000","L‘ò","35.779974","139.601310","0","1"
"11","é‹ÊŒ§","11230","VÀŽs","112300001001","VÀˆê’š–Ú","35.818884","139.560309","0","3"
"11","é‹ÊŒ§","11230","VÀŽs","112300001002","VÀ“ñ’š–Ú","35.821158","139.559293","0","3"
"11","é‹ÊŒ§","11230","VÀŽs","112300001003","VÀŽO’š–Ú","35.821026","139.556124","0","3"
"11","é‹ÊŒ§","11230","VÀŽs","112300002001","’r“cˆê’š–Ú","35.775625","139.573160","0","3"
"11","é‹ÊŒ§","11230","VÀŽs","112300002002","’r“c“ñ’š–Ú","35.774658","139.569960","0","3"
"11","é‹ÊŒ§","11230","VÀŽs","112300002003","’r“cŽO’š–Ú","35.771476","139.571925","0","3"
"11","é‹ÊŒ§","11230","VÀŽs","112300002004","’r“cŽl’š–Ú","35.770718","139.575613","0","3"
"11","é‹ÊŒ§","11230","VÀŽs","112300002005","’r“cŒÜ’š–Ú","35.768456","139.574762","0","3"
"11","é‹ÊŒ§","11230","VÀŽs","112300003001","ŒIŒ´ˆê’š–Ú","35.763572","139.550066","0","3"
"11","é‹ÊŒ§","11230","VÀŽs","112300003002","ŒIŒ´“ñ’š–Ú","35.762256","139.553071","0","3"
"11","é‹ÊŒ§","11230","VÀŽs","112300003003","ŒIŒ´ŽO’š–Ú","35.759922","139.552081","0","3"
"11","é‹ÊŒ§","11230","VÀŽs","112300003004","ŒIŒ´Žl’š–Ú","35.757433","139.551593","0","3"
"11","é‹ÊŒ§","11230","VÀŽs","112300003005","ŒIŒ´ŒÜ’š–Ú","35.755447","139.547497","0","3"
"11","é‹ÊŒ§","11230","VÀŽs","112300003006","ŒIŒ´˜Z’š–Ú","35.758668","139.547865","0","3"
"11","é‹ÊŒ§","11230","VÀŽs","112300004001","–ìŽ›ˆê’š–Ú","35.766445","139.556232","0","3"
"11","é‹ÊŒ§","11230","VÀŽs","112300004002","–ìŽ›“ñ’š–Ú","35.765518","139.558691","0","3"
"11","é‹ÊŒ§","11230","VÀŽs","112300004003","–ìŽ›ŽO’š–Ú","35.763816","139.560624","0","3"
"11","é‹ÊŒ§","11230","VÀŽs","112300004004","–ìŽ›Žl’š–Ú","35.761755","139.560568","0","3"
"11","é‹ÊŒ§","11230","VÀŽs","112300004005","–ìŽ›ŒÜ’š–Ú","35.757885","139.554644","0","3"
"11","é‹ÊŒ§","11230","VÀŽs","112300005001","“Œ–kˆê’š–Ú","35.819398","139.570256","0","3"
"11","é‹ÊŒ§","11230","VÀŽs","112300005002","“Œ–k“ñ’š–Ú","35.819114","139.573796","0","3"
"11","é‹ÊŒ§","11230","VÀŽs","112300006001","‰hˆê’š–Ú","35.775466","139.575646","0","3"
"11","é‹ÊŒ§","11230","VÀŽs","112300006002","‰h“ñ’š–Ú","35.775166","139.577735","0","3"
"11","é‹ÊŒ§","11230","VÀŽs","112300006003","‰hŽO’š–Ú","35.776549","139.581107","0","3"
"11","é‹ÊŒ§","11230","VÀŽs","112300006004","‰hŽl’š–Ú","35.775707","139.584942","0","3"
"11","é‹ÊŒ§","11230","VÀŽs","112300006005","‰hŒÜ’š–Ú","35.772984","139.581032","0","3"
"11","é‹ÊŒ§","11230","VÀŽs","112300007001","”¨’†ˆê’š–Ú","35.790031","139.572256","0","3"
"11","é‹ÊŒ§","11230","VÀŽs","112300007002","”¨’†“ñ’š–Ú","35.788662","139.577547","0","3"
"11","é‹ÊŒ§","11230","VÀŽs","112300007003","”¨’†ŽO’š–Ú","35.794942","139.576836","0","3"
"11","é‹ÊŒ§","11230","VÀŽs","112300008001","Î_ˆê’š–Ú","35.773512","139.552265","0","3"
"11","é‹ÊŒ§","11230","VÀŽs","112300008002","Î_“ñ’š–Ú","35.769340","139.555846","0","3"
"11","é‹ÊŒ§","11230","VÀŽs","112300008003","Î_ŽO’š–Ú","35.766075","139.553182","0","3"
"11","é‹ÊŒ§","11230","VÀŽs","112300008004","Î_Žl’š–Ú","35.769937","139.550134","0","3"
"11","é‹ÊŒ§","11230","VÀŽs","112300008005","Î_ŒÜ’š–Ú","35.772830","139.548964","0","3"
"11","é‹ÊŒ§","11230","VÀŽs","112300009001","“Œˆê’š–Ú","35.809962","139.570274","0","3"
"11","é‹ÊŒ§","11230","VÀŽs","112300009002","“Œ“ñ’š–Ú","35.812185","139.570895","0","3"
"11","é‹ÊŒ§","11230","VÀŽs","112300009003","“ŒŽO’š–Ú","35.813856","139.571651","0","3"
"11","é‹ÊŒ§","11230","VÀŽs","112300010001","‚ ‚½‚²ˆê’š–Ú","35.787944","139.547549","0","3"
"11","é‹ÊŒ§","11230","VÀŽs","112300010002","‚ ‚½‚²“ñ’š–Ú","35.790235","139.544789","0","3"
"11","é‹ÊŒ§","11230","VÀŽs","112300010003","‚ ‚½‚²ŽO’š–Ú","35.792453","139.541683","0","3"
"11","é‹ÊŒ§","11230","VÀŽs","112300011001","•ÐŽRˆê’š–Ú","35.769783","139.566086","0","3"
"11","é‹ÊŒ§","11230","VÀŽs","112300011002","•ÐŽR“ñ’š–Ú","35.767690","139.568154","0","3"
"11","é‹ÊŒ§","11230","VÀŽs","112300011003","•ÐŽRŽO’š–Ú","35.765190","139.568816","0","3"
"11","é‹ÊŒ§","11230","VÀŽs","112300012001","“¹êˆê’š–Ú","35.773291","139.566308","0","3"
"11","é‹ÊŒ§","11230","VÀŽs","112300012002","“¹ê“ñ’š–Ú","35.771789","139.561983","0","3"
"11","é‹ÊŒ§","11230","VÀŽs","112300013001","–k–ìˆê’š–Ú","35.814181","139.565792","0","3"
"11","é‹ÊŒ§","11230","VÀŽs","112300013002","–k–ì“ñ’š–Ú","35.815178","139.561822","0","3"
"11","é‹ÊŒ§","11230","VÀŽs","112300013003","–k–ìŽO’š–Ú","35.818832","139.566031","0","3"
"11","é‹ÊŒ§","11230","VÀŽs","112300014001","”nêˆê’š–Ú","35.784018","139.569623","0","3"
"11","é‹ÊŒ§","11230","VÀŽs","112300014002","”nê“ñ’š–Ú","35.782745","139.576457","0","3"
"11","é‹ÊŒ§","11230","VÀŽs","112300014003","”nêŽO’š–Ú","35.779539","139.574719","0","3"
"11","é‹ÊŒ§","11230","VÀŽs","112300014004","”nêŽl’š–Ú","35.780312","139.566650","0","3"
"11","é‹ÊŒ§","11230","VÀŽs","112300015001","V’Ëˆê’š–Ú","35.780625","139.579748","0","3"
"11","é‹ÊŒ§","11230","VÀŽs","112300016001","–xƒm“àˆê’š–Ú","35.778469","139.562550","0","3"
"11","é‹ÊŒ§","11230","VÀŽs","112300016002","–xƒm“à“ñ’š–Ú","35.772737","139.557733","0","3"
"11","é‹ÊŒ§","11230","VÀŽs","112300016003","–xƒm“àŽO’š–Ú","35.776292","139.556542","0","3"
"11","é‹ÊŒ§","11230","VÀŽs","112300017001","V–xˆê’š–Ú","35.772156","139.533282","0","3"
"11","é‹ÊŒ§","11230","VÀŽs","112300017002","V–x“ñ’š–Ú","35.770384","139.527760","0","3"
"11","é‹ÊŒ§","11230","VÀŽs","112300017003","V–xŽO’š–Ú","35.768604","139.522368","0","3"
"11","é‹ÊŒ§","11230","VÀŽs","112300018001","¼–xˆê’š–Ú","35.775313","139.546343","0","3"
"11","é‹ÊŒ§","11230","VÀŽs","112300018002","¼–x“ñ’š–Ú","35.774707","139.539559","0","3"
"11","é‹ÊŒ§","11230","VÀŽs","112300018003","¼–xŽO’š–Ú","35.781241","139.545636","0","3"
"11","é‹ÊŒ§","11230","VÀŽs","112300019001","‘å˜a“cˆê’š–Ú","35.808506","139.554176","0","3"
"11","é‹ÊŒ§","11230","VÀŽs","112300019002","‘å˜a“c“ñ’š–Ú","35.805453","139.548955","0","3"
"11","é‹ÊŒ§","11230","VÀŽs","112300019003","‘å˜a“cŽO’š–Ú","35.808864","139.546065","0","3"
"11","é‹ÊŒ§","11230","VÀŽs","112300019004","‘å˜a“cŽl’š–Ú","35.814086","139.551469","0","3"
"11","é‹ÊŒ§","11230","VÀŽs","112300019005","‘å˜a“cŒÜ’š–Ú","35.814094","139.556993","0","3"
"11","é‹ÊŒ§","11230","VÀŽs","112300020001","’†–ìˆê’š–Ú","35.815762","139.543893","0","3"
"11","é‹ÊŒ§","11230","VÀŽs","112300020002","’†–ì“ñ’š–Ú","35.819473","139.545315","0","3"
"11","é‹ÊŒ§","11230","VÀŽs","112300021001","–{‘½ˆê’š–Ú","35.781509","139.556050","0","3"
"11","é‹ÊŒ§","11230","VÀŽs","112300021002","–{‘½“ñ’š–Ú","35.782169","139.549664","0","3"
"11","é‹ÊŒ§","11230","VÀŽs","112300022001","›‘òˆê’š–Ú","35.794465","139.550044","0","3"
"11","é‹ÊŒ§","11230","VÀŽs","112300022002","›‘ò“ñ’š–Ú","35.797624","139.547862","0","3"
"11","é‹ÊŒ§","11230","VÀŽs","112300023001","–ì‰ÎŽ~ˆê’š–Ú","35.792493","139.567067","0","3"
"11","é‹ÊŒ§","11230","VÀŽs","112300023002","–ì‰ÎŽ~“ñ’š–Ú","35.785188","139.560193","0","3"
"11","é‹ÊŒ§","11230","VÀŽs","112300023003","–ì‰ÎŽ~ŽO’š–Ú","35.792970","139.558026","0","3"
"11","é‹ÊŒ§","11230","VÀŽs","112300023004","–ì‰ÎŽ~Žl’š–Ú","35.798841","139.557876","0","3"
"11","é‹ÊŒ§","11230","VÀŽs","112300023005","–ì‰ÎŽ~ŒÜ’š–Ú","35.807058","139.560495","0","3"
"11","é‹ÊŒ§","11230","VÀŽs","112300023006","–ì‰ÎŽ~˜Z’š–Ú","35.805197","139.564195","0","3"
"11","é‹ÊŒ§","11230","VÀŽs","112300023007","–ì‰ÎŽ~Žµ’š–Ú","35.803134","139.567992","0","3"
"11","é‹ÊŒ§","11230","VÀŽs","112300023008","–ì‰ÎŽ~”ª’š–Ú","35.800359","139.572484","0","3"
"11","é‹ÊŒ§","11230","VÀŽs","112300024000","V’Ë","35.781840","139.586779","0","1"
"11","é‹ÊŒ§","11231","‰±ìŽs","112310001001","“ìˆê’š–Ú","35.998701","139.565958","0","3"
"11","é‹ÊŒ§","11231","‰±ìŽs","112310001002","“ì“ñ’š–Ú","35.996382","139.568239","0","3"
"11","é‹ÊŒ§","11231","‰±ìŽs","112310002001","_–¾ˆê’š–Ú","35.993690","139.570472","0","3"
"11","é‹ÊŒ§","11231","‰±ìŽs","112310002002","_–¾“ñ’š–Ú","35.989635","139.574306","0","3"
"11","é‹ÊŒ§","11231","‰±ìŽs","112310003001","––Lˆê’š–Ú","35.999999","139.572203","0","3"
"11","é‹ÊŒ§","11231","‰±ìŽs","112310003002","––L“ñ’š–Ú","36.005413","139.569003","0","3"
"11","é‹ÊŒ§","11231","‰±ìŽs","112310003003","––LŽO’š–Ú","36.007607","139.568268","0","3"
"11","é‹ÊŒ§","11231","‰±ìŽs","112310004001","Š›ìˆê’š–Ú","35.995488","139.557011","0","3"
"11","é‹ÊŒ§","11231","‰±ìŽs","112310004002","Š›ì“ñ’š–Ú","35.992689","139.557545","0","3"
"11","é‹ÊŒ§","11231","‰±ìŽs","112310005001","‰º“úo’J¼ˆê’š–Ú","35.993913","139.548961","0","3"
"11","é‹ÊŒ§","11231","‰±ìŽs","112310005002","‰º“úo’J¼“ñ’š–Ú","35.993700","139.545339","0","3"
"11","é‹ÊŒ§","11231","‰±ìŽs","112310005003","‰º“úo’J¼ŽO’š–Ú","35.996213","139.544524","0","3"
"11","é‹ÊŒ§","11231","‰±ìŽs","112310006001","“Œˆê’š–Ú","36.000021","139.568826","0","3"
"11","é‹ÊŒ§","11231","‰±ìŽs","112310006002","“Œ“ñ’š–Ú","35.997556","139.570855","0","3"
"11","é‹ÊŒ§","11231","‰±ìŽs","112310007001","Žõˆê’š–Ú","36.000579","139.563983","0","3"
"11","é‹ÊŒ§","11231","‰±ìŽs","112310007002","Žõ“ñ’š–Ú","36.002699","139.566467","0","3"
"11","é‹ÊŒ§","11231","‰±ìŽs","112310008001","¼ˆê’š–Ú","36.003191","139.561305","0","3"
"11","é‹ÊŒ§","11231","‰±ìŽs","112310008002","¼“ñ’š–Ú","36.007520","139.556766","0","3"
"11","é‹ÊŒ§","11231","‰±ìŽs","112310009001","â“c“Œˆê’š–Ú","36.011016","139.578172","0","3"
"11","é‹ÊŒ§","11231","‰±ìŽs","112310009002","â“c“Œ“ñ’š–Ú","36.012592","139.576670","0","3"
"11","é‹ÊŒ§","11231","‰±ìŽs","112310009003","â“c“ŒŽO’š–Ú","36.015786","139.574869","0","3"
"11","é‹ÊŒ§","11231","‰±ìŽs","112310010001","’©“úˆê’š–Ú","35.991764","139.567277","0","3"
"11","é‹ÊŒ§","11231","‰±ìŽs","112310010002","’©“ú“ñ’š–Ú","35.989276","139.571448","0","3"
"11","é‹ÊŒ§","11231","‰±ìŽs","112310010003","’©“úŽO’š–Ú","35.989171","139.567338","0","3"
"11","é‹ÊŒ§","11231","‰±ìŽs","112310011001","Žá‹{ˆê’š–Ú","35.998285","139.561090","0","3"
"11","é‹ÊŒ§","11231","‰±ìŽs","112310011002","Žá‹{“ñ’š–Ú","35.995093","139.564841","0","3"
"11","é‹ÊŒ§","11231","‰±ìŽs","112310012001","–kˆê’š–Ú","36.006496","139.564108","0","3"
"11","é‹ÊŒ§","11231","‰±ìŽs","112310012002","–k“ñ’š–Ú","36.008381","139.560183","0","3"
"11","é‹ÊŒ§","11231","‰±ìŽs","112310013000","‘åŽšŽÉlV“c","36.025275","139.580334","0","1"
"11","é‹ÊŒ§","11231","‰±ìŽs","112310014001","òˆê’š–Ú","36.000475","139.557564","0","3"
"11","é‹ÊŒ§","11231","‰±ìŽs","112310014002","ò“ñ’š–Ú","36.004105","139.555163","0","3"
"11","é‹ÊŒ§","11231","‰±ìŽs","112310015000","‘åŽšŽÂ’Ã","36.035074","139.568154","0","1"
"11","é‹ÊŒ§","11231","‰±ìŽs","112310016001","Ô–xˆê’š–Ú","36.025851","139.575803","0","3"
"11","é‹ÊŒ§","11231","‰±ìŽs","112310016002","Ô–x“ñ’š–Ú","36.032346","139.566852","0","3"
"11","é‹ÊŒ§","11231","‰±ìŽs","112310017000","‘åŽšŒÜ’¬‘ä","36.030460","139.578923","0","1"
"11","é‹ÊŒ§","11231","‰±ìŽs","112310018000","‘åŽš‘q“c","36.014926","139.588944","0","1"
"11","é‹ÊŒ§","11231","‰±ìŽs","112310019000","‘åŽš‰º“úo’J","35.997531","139.546478","0","1"
"11","é‹ÊŒ§","11231","‰±ìŽs","112310020000","‘åŽš¬j—Ì‰Æ","36.019076","139.584267","0","1"
"11","é‹ÊŒ§","11231","‰±ìŽs","112310021000","‘åŽšâ“c","36.011734","139.565626","0","1"
"11","é‹ÊŒ§","11231","‰±ìŽs","112310022000","‘åŽšã“úo’J","36.006812","139.541758","0","1"
"11","é‹ÊŒ§","11231","‰±ìŽs","112310023000","‘åŽš‰Á”[","36.021615","139.565592","0","1"
"11","é‹ÊŒ§","11231","‰±ìŽs","112310024000","‘åŽšì“c’J","35.986981","139.525806","0","1"
"11","é‹ÊŒ§","11231","‰±ìŽs","112310025001","â“c¼ˆê’š–Ú","36.010681","139.572373","0","1"
"11","é‹ÊŒ§","11231","‰±ìŽs","112310025002","â“c¼“ñ’š–Ú","36.013022","139.570492","0","1"
"11","é‹ÊŒ§","11231","‰±ìŽs","112310025003","â“c¼ŽO’š–Ú","36.015407","139.568394","0","1"
"11","é‹ÊŒ§","11231","‰±ìŽs","112310026001","‰º“úo’J“Œˆê’š–Ú","35.994528","139.553258","1","3"
"11","é‹ÊŒ§","11231","‰±ìŽs","112310026002","‰º“úo’J“Œ“ñ’š–Ú","35.996692","139.551170","1","3"
"11","é‹ÊŒ§","11231","‰±ìŽs","112310026003","‰º“úo’J“ŒŽO’š–Ú","35.999084","139.550100","1","3"
"11","é‹ÊŒ§","11231","‰±ìŽs","112310027001","ã“úo’J“ìˆê’š–Ú","36.001785","139.543320","1","3"
"11","é‹ÊŒ§","11231","‰±ìŽs","112310027002","ã“úo’J“ì“ñ’š–Ú","36.004463","139.542580","1","3"
"11","é‹ÊŒ§","11231","‰±ìŽs","112310027003","ã“úo’J“ìŽO’š–Ú","36.007488","139.544238","1","3"
"11","é‹ÊŒ§","11232","‹vŠìŽs","112320001000","‹vŠìV","36.075873","139.664663","0","1"
"11","é‹ÊŒ§","11232","‹vŠìŽs","112320002000","¼","36.059818","139.685594","0","1"
"11","é‹ÊŒ§","11232","‹vŠìŽs","112320003001","»Œ´ˆê’š–Ú","36.095864","139.662021","0","3"
"11","é‹ÊŒ§","11232","‹vŠìŽs","112320004001","“ìˆê’š–Ú","36.062174","139.674443","0","3"
"11","é‹ÊŒ§","11232","‹vŠìŽs","112320004002","“ì“ñ’š–Ú","36.058744","139.673474","0","3"
"11","é‹ÊŒ§","11232","‹vŠìŽs","112320004003","“ìŽO’š–Ú","36.060688","139.671637","0","3"
"11","é‹ÊŒ§","11232","‹vŠìŽs","112320004004","“ìŽl’š–Ú","36.062174","139.669690","0","3"
"11","é‹ÊŒ§","11232","‹vŠìŽs","112320004005","“ìŒÜ’š–Ú","36.064476","139.671353","0","3"
"11","é‹ÊŒ§","11232","‹vŠìŽs","112320005001","Š‹”~ˆê’š–Ú","36.093926","139.655117","0","3"
"11","é‹ÊŒ§","11232","‹vŠìŽs","112320005002","Š‹”~“ñ’š–Ú","36.091706","139.654042","0","3"
"11","é‹ÊŒ§","11232","‹vŠìŽs","112320005003","Š‹”~ŽO’š–Ú","36.091971","139.658191","0","3"
"11","é‹ÊŒ§","11232","‹vŠìŽs","112320006001","˜h‹{’†‰›ˆê’š–Ú","36.096287","139.658767","0","3"
"11","é‹ÊŒ§","11232","‹vŠìŽs","112320006002","˜h‹{’†‰›“ñ’š–Ú","36.098001","139.656587","0","3"
"11","é‹ÊŒ§","11232","‹vŠìŽs","112320007001","“ìŒI‹´ˆê’š–Ú","36.114018","139.714410","0","3"
"11","é‹ÊŒ§","11232","‹vŠìŽs","112320007002","“ìŒI‹´“ñ’š–Ú","36.117740","139.708706","0","3"
"11","é‹ÊŒ§","11232","‹vŠìŽs","112320007003","“ìŒI‹´ŽO’š–Ú","36.115575","139.708309","0","3"
"11","é‹ÊŒ§","11232","‹vŠìŽs","112320007004","“ìŒI‹´Žl’š–Ú","36.112958","139.710311","0","3"
"11","é‹ÊŒ§","11232","‹vŠìŽs","112320007005","“ìŒI‹´ŒÜ’š–Ú","36.108736","139.713203","0","3"
"11","é‹ÊŒ§","11232","‹vŠìŽs","112320007006","“ìŒI‹´˜Z’š–Ú","36.107618","139.711605","0","3"
"11","é‹ÊŒ§","11232","‹vŠìŽs","112320007007","“ìŒI‹´Žµ’š–Ú","36.106854","139.708662","0","3"
"11","é‹ÊŒ§","11232","‹vŠìŽs","112320007008","“ìŒI‹´”ª’š–Ú","36.110610","139.708117","0","3"
"11","é‹ÊŒ§","11232","‹vŠìŽs","112320007009","“ìŒI‹´‹ã’š–Ú","36.113100","139.705542","0","3"
"11","é‹ÊŒ§","11232","‹vŠìŽs","112320007010","“ìŒI‹´\’š–Ú","36.110746","139.704010","0","3"
"11","é‹ÊŒ§","11232","‹vŠìŽs","112320007011","“ìŒI‹´\ˆê’š–Ú","36.108697","139.702483","0","3"
"11","é‹ÊŒ§","11232","‹vŠìŽs","112320007012","“ìŒI‹´\“ñ’š–Ú","36.107466","139.706117","0","3"
"11","é‹ÊŒ§","11232","‹vŠìŽs","112320008001","Â–Ñˆê’š–Ú","36.073890","139.698059","0","3"
"11","é‹ÊŒ§","11232","‹vŠìŽs","112320008002","Â–Ñ“ñ’š–Ú","36.074767","139.701065","0","3"
"11","é‹ÊŒ§","11232","‹vŠìŽs","112320008003","Â–ÑŽO’š–Ú","36.075055","139.705245","0","3"
"11","é‹ÊŒ§","11232","‹vŠìŽs","112320008004","Â–ÑŽl’š–Ú","36.076955","139.703576","0","3"
"11","é‹ÊŒ§","11232","‹vŠìŽs","112320009000","Š‹”~","36.094022","139.658194","0","1"
"11","é‹ÊŒ§","11232","‹vŠìŽs","112320010001","¼‘å—Öˆê’š–Ú","36.096064","139.678340","0","3"
"11","é‹ÊŒ§","11232","‹vŠìŽs","112320010002","¼‘å—Ö“ñ’š–Ú","36.092421","139.677552","0","3"
"11","é‹ÊŒ§","11232","‹vŠìŽs","112320010003","¼‘å—ÖŽO’š–Ú","36.089496","139.677890","0","3"
"11","é‹ÊŒ§","11232","‹vŠìŽs","112320010004","¼‘å—ÖŽl’š–Ú","36.086065","139.677187","0","3"
"11","é‹ÊŒ§","11232","‹vŠìŽs","112320010005","¼‘å—ÖŒÜ’š–Ú","36.084113","139.678550","0","3"
"11","é‹ÊŒ§","11232","‹vŠìŽs","112320011001","‹vŠì’†‰›ˆê’š–Ú","36.068172","139.677227","0","3"
"11","é‹ÊŒ§","11232","‹vŠìŽs","112320011002","‹vŠì’†‰›“ñ’š–Ú","36.064395","139.675195","0","3"
"11","é‹ÊŒ§","11232","‹vŠìŽs","112320011003","‹vŠì’†‰›ŽO’š–Ú","36.066150","139.672939","0","3"
"11","é‹ÊŒ§","11232","‹vŠìŽs","112320011004","‹vŠì’†‰›Žl’š–Ú","36.069833","139.674247","0","3"
"11","é‹ÊŒ§","11232","‹vŠìŽs","112320012001","‹vŠì“Œˆê’š–Ú","36.062656","139.679263","0","3"
"11","é‹ÊŒ§","11232","‹vŠìŽs","112320012002","‹vŠì“Œ“ñ’š–Ú","36.065250","139.682141","0","3"
"11","é‹ÊŒ§","11232","‹vŠìŽs","112320012003","‹vŠì“ŒŽO’š–Ú","36.061262","139.684336","0","3"
"11","é‹ÊŒ§","11232","‹vŠìŽs","112320012004","‹vŠì“ŒŽl’š–Ú","36.055063","139.682923","0","3"
"11","é‹ÊŒ§","11232","‹vŠìŽs","112320012005","‹vŠì“ŒŒÜ’š–Ú","36.059521","139.678837","0","3"
"11","é‹ÊŒ§","11232","‹vŠìŽs","112320012006","‹vŠì“Œ˜Z’š–Ú","36.057838","139.676110","0","3"
"11","é‹ÊŒ§","11232","‹vŠìŽs","112320013001","ŒIŒ´ˆê’š–Ú","36.069408","139.704752","0","3"
"11","é‹ÊŒ§","11232","‹vŠìŽs","112320013002","ŒIŒ´“ñ’š–Ú","36.072445","139.703251","0","3"
"11","é‹ÊŒ§","11232","‹vŠìŽs","112320013003","ŒIŒ´ŽO’š–Ú","36.073086","139.707004","0","3"
"11","é‹ÊŒ§","11232","‹vŠìŽs","112320013004","ŒIŒ´Žl’š–Ú","36.069417","139.707420","0","3"
"11","é‹ÊŒ§","11232","‹vŠìŽs","112320014001","‹g‰Hˆê’š–Ú","36.066406","139.685502","0","3"
"11","é‹ÊŒ§","11232","‹vŠìŽs","112320014002","‹g‰H“ñ’š–Ú","36.068213","139.688077","0","3"
"11","é‹ÊŒ§","11232","‹vŠìŽs","112320014003","‹g‰HŽO’š–Ú","36.067301","139.692114","0","3"
"11","é‹ÊŒ§","11232","‹vŠìŽs","112320014004","‹g‰HŽl’š–Ú","36.063640","139.690639","0","3"
"11","é‹ÊŒ§","11232","‹vŠìŽs","112320014005","‹g‰HŒÜ’š–Ú","36.063337","139.694837","0","3"
"11","é‹ÊŒ§","11232","‹vŠìŽs","112320015001","˜h‹{ˆê’š–Ú","36.100453","139.656448","0","3"
"11","é‹ÊŒ§","11232","‹vŠìŽs","112320015002","˜h‹{“ñ’š–Ú","36.099370","139.660729","0","3"
"11","é‹ÊŒ§","11232","‹vŠìŽs","112320015003","˜h‹{ŽO’š–Ú","36.102956","139.659835","0","3"
"11","é‹ÊŒ§","11232","‹vŠìŽs","112320015004","˜h‹{Žl’š–Ú","36.101589","139.664372","0","3"
"11","é‹ÊŒ§","11232","‹vŠìŽs","112320015005","˜h‹{ŒÜ’š–Ú","36.098202","139.664781","0","3"
"11","é‹ÊŒ§","11232","‹vŠìŽs","112320015006","˜h‹{˜Z’š–Ú","36.099571","139.669985","0","3"
"11","é‹ÊŒ§","11232","‹vŠìŽs","112320016001","Â—tˆê’š–Ú","36.067925","139.695747","0","3"
"11","é‹ÊŒ§","11232","‹vŠìŽs","112320016002","Â—t“ñ’š–Ú","36.070203","139.693363","0","3"
"11","é‹ÊŒ§","11232","‹vŠìŽs","112320016003","Â—tŽO’š–Ú","36.071007","139.697477","0","3"
"11","é‹ÊŒ§","11232","‹vŠìŽs","112320016004","Â—tŽl’š–Ú","36.070025","139.700883","0","3"
"11","é‹ÊŒ§","11232","‹vŠìŽs","112320016005","Â—tŒÜ’š–Ú","36.065855","139.697323","0","3"
"11","é‹ÊŒ§","11232","‹vŠìŽs","112320017001","”ª•áˆê’š–Ú","36.107139","139.675528","0","3"
"11","é‹ÊŒ§","11232","‹vŠìŽs","112320017002","”ª•á“ñ’š–Ú","36.105372","139.685509","0","3"
"11","é‹ÊŒ§","11232","‹vŠìŽs","112320017003","”ª•áŽO’š–Ú","36.099606","139.694541","0","3"
"11","é‹ÊŒ§","11232","‹vŠìŽs","112320017004","”ª•áŽl’š–Ú","36.100427","139.689079","0","3"
"11","é‹ÊŒ§","11232","‹vŠìŽs","112320017005","”ª•áŒÜ’š–Ú","36.096341","139.691364","0","3"
"11","é‹ÊŒ§","11232","‹vŠìŽs","112320018001","—Îˆê’š–Ú","36.129884","139.694920","0","3"
"11","é‹ÊŒ§","11232","‹vŠìŽs","112320019001","‰hˆê’š–Ú","36.097022","139.654500","0","3"
"11","é‹ÊŒ§","11232","‹vŠìŽs","112320020001","–{’¬ˆê’š–Ú","36.070333","139.670715","0","3"
"11","é‹ÊŒ§","11232","‹vŠìŽs","112320020002","–{’¬“ñ’š–Ú","36.068114","139.668867","0","3"
"11","é‹ÊŒ§","11232","‹vŠìŽs","112320020003","–{’¬ŽO’š–Ú","36.065175","139.668070","0","3"
"11","é‹ÊŒ§","11232","‹vŠìŽs","112320020004","–{’¬Žl’š–Ú","36.068398","139.663374","0","3"
"11","é‹ÊŒ§","11232","‹vŠìŽs","112320020005","–{’¬ŒÜ’š–Ú","36.070733","139.664108","0","3"
"11","é‹ÊŒ§","11232","‹vŠìŽs","112320020006","–{’¬˜Z’š–Ú","36.072558","139.665489","0","3"
"11","é‹ÊŒ§","11232","‹vŠìŽs","112320020007","–{’¬Žµ’š–Ú","36.074867","139.668568","0","3"
"11","é‹ÊŒ§","11232","‹vŠìŽs","112320020008","–{’¬”ª’š–Ú","36.072641","139.672144","0","3"
"11","é‹ÊŒ§","11232","‹vŠìŽs","112320021001","ŒI‹´“Œˆê’š–Ú","36.132504","139.695765","0","3"
"11","é‹ÊŒ§","11232","‹vŠìŽs","112320021002","ŒI‹´“Œ“ñ’š–Ú","36.134074","139.699304","0","3"
"11","é‹ÊŒ§","11232","‹vŠìŽs","112320021003","ŒI‹´“ŒŽO’š–Ú","36.136412","139.703627","0","3"
"11","é‹ÊŒ§","11232","‹vŠìŽs","112320021004","ŒI‹´“ŒŽl’š–Ú","36.131206","139.700809","0","3"
"11","é‹ÊŒ§","11232","‹vŠìŽs","112320021005","ŒI‹´“ŒŒÜ’š–Ú","36.133166","139.705259","0","3"
"11","é‹ÊŒ§","11232","‹vŠìŽs","112320021006","ŒI‹´“Œ˜Z’š–Ú","36.130402","139.710000","0","3"
"11","é‹ÊŒ§","11232","‹vŠìŽs","112320022001","ŒI‹´’†‰›ˆê’š–Ú","36.135758","139.695738","0","3"
"11","é‹ÊŒ§","11232","‹vŠìŽs","112320022002","ŒI‹´’†‰›“ñ’š–Ú","36.138423","139.702031","0","3"
"11","é‹ÊŒ§","11232","‹vŠìŽs","112320023001","÷“cˆê’š–Ú","36.091964","139.679899","0","3"
"11","é‹ÊŒ§","11232","‹vŠìŽs","112320023002","÷“c“ñ’š–Ú","36.095234","139.683337","0","3"
"11","é‹ÊŒ§","11232","‹vŠìŽs","112320023003","÷“cŽO’š–Ú","36.089893","139.682289","0","3"
"11","é‹ÊŒ§","11232","‹vŠìŽs","112320023004","÷“cŽl’š–Ú","36.086230","139.685214","0","3"
"11","é‹ÊŒ§","11232","‹vŠìŽs","112320023005","÷“cŒÜ’š–Ú","36.083882","139.689168","0","3"
"11","é‹ÊŒ§","11232","‹vŠìŽs","112320024000","ŒIŒ´","36.067232","139.703999","0","1"
"11","é‹ÊŒ§","11232","‹vŠìŽs","112320025001","ŒI‹´–kˆê’š–Ú","36.139785","139.697319","0","3"
"11","é‹ÊŒ§","11232","‹vŠìŽs","112320025002","ŒI‹´–k“ñ’š–Ú","36.141923","139.701046","0","3"
"11","é‹ÊŒ§","11232","‹vŠìŽs","112320026001","‹vŠì–kˆê’š–Ú","36.072994","139.676915","0","3"
"11","é‹ÊŒ§","11232","‹vŠìŽs","112320026002","‹vŠì–k“ñ’š–Ú","36.077098","139.671125","0","3"
"11","é‹ÊŒ§","11232","‹vŠìŽs","112320027000","ã’¬","36.072282","139.659624","0","1"
"11","é‹ÊŒ§","11232","‹vŠìŽs","112320028000","‹vŠì–{","36.077238","139.664479","0","1"
"11","é‹ÊŒ§","11232","‹vŠìŽs","112320029000","ŠO–ì","36.083455","139.683705","0","1"
"11","é‹ÊŒ§","11232","‹vŠìŽs","112320030000","Â–Ñ","36.074759","139.695474","0","1"
"11","é‹ÊŒ§","11232","‹vŠìŽs","112320031000","ÒŠ—’¬‰ÍŒ´ˆä","36.044005","139.633877","0","1"
"11","é‹ÊŒ§","11232","‹vŠìŽs","112320032000","ŒÃ‹vŠì","36.077522","139.676367","0","1"
"11","é‹ÊŒ§","11232","‹vŠìŽs","112320033000","“‡ì","36.110547","139.687192","0","1"
"11","é‹ÊŒ§","11232","‹vŠìŽs","112320034000","¼‰i","36.128926","139.687281","0","1"
"11","é‹ÊŒ§","11232","‹vŠìŽs","112320035000","ãìè","36.078712","139.689122","0","1"
"11","é‹ÊŒ§","11232","‹vŠìŽs","112320036000","‹v–{Ž›","36.081072","139.657737","0","1"
"11","é‹ÊŒ§","11232","‹vŠìŽs","112320037000","ã‘Œ©","36.071084","139.655224","0","1"
"11","é‹ÊŒ§","11232","‹vŠìŽs","112320038000","”ª•á","36.103093","139.676157","0","1"
"11","é‹ÊŒ§","11232","‹vŠìŽs","112320039000","–kL“‡","36.116986","139.703336","0","1"
"11","é‹ÊŒ§","11232","‹vŠìŽs","112320040000","ÒŠ—’¬º˜aÀ","36.058926","139.636301","0","1"
"11","é‹ÊŒ§","11232","‹vŠìŽs","112320041000","Š‹vŠì","36.063577","139.645351","0","1"
"11","é‹ÊŒ§","11232","‹vŠìŽs","112320042000","–ì‹vŠì","36.072691","139.684161","0","1"
"11","é‹ÊŒ§","11232","‹vŠìŽs","112320043000","ŒÏ’Ë","36.101763","139.709752","0","1"
"11","é‹ÊŒ§","11232","‹vŠìŽs","112320044000","Œ´","36.043582","139.647260","0","1"
"11","é‹ÊŒ§","11232","‹vŠìŽs","112320045000","‰º´‹v","36.072838","139.650806","0","1"
"11","é‹ÊŒ§","11232","‹vŠìŽs","112320046000","’†—¢","36.105960","139.716548","0","1"
"11","é‹ÊŒ§","11232","‹vŠìŽs","112320047000","ŠÔŠ™","36.123011","139.698685","0","1"
"11","é‹ÊŒ§","11232","‹vŠìŽs","112320048000","–k’†‘]ª","36.078649","139.627484","0","1"
"11","é‹ÊŒ§","11232","‹vŠìŽs","112320049000","‰ÍŒ´‘ã","36.109810","139.698785","0","1"
"11","é‹ÊŒ§","11232","‹vŠìŽs","112320050000","Vˆä","36.103921","139.697243","0","1"
"11","é‹ÊŒ§","11232","‹vŠìŽs","112320051000","ˆÉâ","36.134764","139.690183","0","1"
"11","é‹ÊŒ§","11232","‹vŠìŽs","112320052000","ŒI‹´","36.126449","139.702676","0","1"
"11","é‹ÊŒ§","11232","‹vŠìŽs","112320053000","”óƒmŒû","36.040521","139.654536","0","1"
"11","é‹ÊŒ§","11232","‹vŠìŽs","112320054000","‘¾“c‘Ü","36.045366","139.680510","0","1"
"11","é‹ÊŒ§","11232","‹vŠìŽs","112320055000","¼‘å—Ö","36.088905","139.674270","0","1"
"11","é‹ÊŒ§","11232","‹vŠìŽs","112320056000","‹g‰H","36.059693","139.694984","0","1"
"11","é‹ÊŒ§","11232","‹vŠìŽs","112320057000","‰ÍŒ´ˆä’¬","36.056616","139.644433","0","1"
"11","é‹ÊŒ§","11232","‹vŠìŽs","112320058000","‰º‘Œ©","36.056214","139.670946","0","1"
"11","é‹ÊŒ§","11232","‹vŠìŽs","112320059000","´‹v’¬","36.070135","139.633387","0","1"
"11","é‹ÊŒ§","11232","‹vŠìŽs","112320060000","˜h‹{","36.102592","139.653519","0","1"
"11","é‹ÊŒ§","11232","‹vŠìŽs","112320061000","“Œ‘å—Ö","36.094333","139.686535","0","1"
"11","é‹ÊŒ§","11232","‹vŠìŽs","112320062000","ã´‹v","36.077991","139.646487","0","1"
"11","é‹ÊŒ§","11232","‹vŠìŽs","112320063000","œ–x","36.046987","139.640040","0","1"
"11","é‹ÊŒ§","11232","‹vŠìŽs","112320064000","’†È","36.090413","139.646043","0","1"
"11","é‹ÊŒ§","11232","‹vŠìŽs","112320065000","˜Z–œ•”","36.079501","139.637922","0","1"
"11","é‹ÊŒ§","11232","‹vŠìŽs","112320066000","ÒŠ—’¬ã‘åè","36.052553","139.609723","0","1"
"11","é‹ÊŒ§","11232","‹vŠìŽs","112320067000","²ŠÔ","36.120325","139.688031","0","1"
"11","é‹ÊŒ§","11232","‹vŠìŽs","112320068000","–kÂ–ö","36.051380","139.669606","0","1"
"11","é‹ÊŒ§","11232","‹vŠìŽs","112320069000","ã“à","36.087300","139.661561","0","1"
"11","é‹ÊŒ§","11232","‹vŠìŽs","112320070000","¬‰E‰q–å","36.118336","139.717009","0","1"
"11","é‹ÊŒ§","11232","‹vŠìŽs","112320071000","]–Ê","36.059641","139.657488","0","1"
"11","é‹ÊŒ§","11232","‹vŠìŽs","112320072000","ÒŠ—’¬ãŠœŠÔ","36.047928","139.568618","0","1"
"11","é‹ÊŒ§","11232","‹vŠìŽs","112320073000","ÒŠ—’¬ŽÄŽRŽ}‹½","36.045842","139.602245","0","1"
"11","é‹ÊŒ§","11232","‹vŠìŽs","112320074000","‚–ö","36.113440","139.676712","0","1"
"11","é‹ÊŒ§","11232","‹vŠìŽs","112320075000","ÒŠ—’¬‘ä","36.055446","139.628706","0","1"
"11","é‹ÊŒ§","11232","‹vŠìŽs","112320076000","ÒŠ—’¬V–x","36.067626","139.588905","0","1"
"11","é‹ÊŒ§","11232","‹vŠìŽs","112320077000","ÒŠ—’¬‰ºŠœŠÔ","36.041734","139.582709","0","1"
"11","é‹ÊŒ§","11232","‹vŠìŽs","112320078000","ÒŠ—’¬ŽO‰Ó","36.063091","139.616071","0","1"
"11","é‹ÊŒ§","11232","‹vŠìŽs","112320079000","ÒŠ—’¬ÒŠ—","36.073355","139.605389","0","1"
"11","é‹ÊŒ§","11232","‹vŠìŽs","112320080000","ÒŠ—’¬¬—Ñ","36.056832","139.585000","0","1"
"11","é‹ÊŒ§","11233","–k–{Žs","112330001000","‘åŽš‰ºÎŒËã","36.012849","139.535408","0","1"
"11","é‹ÊŒ§","11233","–k–{Žs","112330002001","‹{“àˆê’š–Ú","36.038458","139.537860","0","3"
"11","é‹ÊŒ§","11233","–k–{Žs","112330002002","‹{“à“ñ’š–Ú","36.038792","139.535796","0","3"
"11","é‹ÊŒ§","11233","–k–{Žs","112330002003","‹{“àŽO’š–Ú","36.041059","139.534267","0","3"
"11","é‹ÊŒ§","11233","–k–{Žs","112330002004","‹{“àŽl’š–Ú","36.045324","139.539000","0","3"
"11","é‹ÊŒ§","11233","–k–{Žs","112330002005","‹{“àŒÜ’š–Ú","36.042496","139.540956","0","3"
"11","é‹ÊŒ§","11233","–k–{Žs","112330002006","‹{“à˜Z’š–Ú","36.038756","139.542219","0","3"
"11","é‹ÊŒ§","11233","–k–{Žs","112330002007","‹{“àŽµ’š–Ú","36.036409","139.544697","0","3"
"11","é‹ÊŒ§","11233","–k–{Žs","112330003001","¼‚”öˆê’š–Ú","36.031343","139.528620","0","3"
"11","é‹ÊŒ§","11233","–k–{Žs","112330003002","¼‚”ö“ñ’š–Ú","36.034305","139.525729","0","3"
"11","é‹ÊŒ§","11233","–k–{Žs","112330003003","¼‚”öŽO’š–Ú","36.031629","139.526388","0","3"
"11","é‹ÊŒ§","11233","–k–{Žs","112330003004","¼‚”öŽl’š–Ú","36.028832","139.525480","0","3"
"11","é‹ÊŒ§","11233","–k–{Žs","112330003005","¼‚”öŒÜ’š–Ú","36.030531","139.524275","0","3"
"11","é‹ÊŒ§","11233","–k–{Žs","112330003006","¼‚”ö˜Z’š–Ú","36.033775","139.521903","0","3"
"11","é‹ÊŒ§","11233","–k–{Žs","112330003007","¼‚”öŽµ’š–Ú","36.032055","139.520449","0","3"
"11","é‹ÊŒ§","11233","–k–{Žs","112330003008","¼‚”ö”ª’š–Ú","36.029817","139.520853","0","3"
"11","é‹ÊŒ§","11233","–k–{Žs","112330004001","–{’¬ˆê’š–Ú","36.027964","139.529971","0","3"
"11","é‹ÊŒ§","11233","–k–{Žs","112330004002","–{’¬“ñ’š–Ú","36.025050","139.530405","0","3"
"11","é‹ÊŒ§","11233","–k–{Žs","112330004003","–{’¬ŽO’š–Ú","36.025195","139.532093","0","3"
"11","é‹ÊŒ§","11233","–k–{Žs","112330004004","–{’¬Žl’š–Ú","36.022406","139.530773","0","3"
"11","é‹ÊŒ§","11233","–k–{Žs","112330004005","–{’¬ŒÜ’š–Ú","36.023979","139.528448","0","3"
"11","é‹ÊŒ§","11233","–k–{Žs","112330004006","–{’¬˜Z’š–Ú","36.027050","139.526741","0","3"
"11","é‹ÊŒ§","11233","–k–{Žs","112330004007","–{’¬Žµ’š–Ú","36.025073","139.525157","0","3"
"11","é‹ÊŒ§","11233","–k–{Žs","112330004008","–{’¬”ª’š–Ú","36.022379","139.526536","0","3"
"11","é‹ÊŒ§","11233","–k–{Žs","112330005001","[ˆäˆê’š–Ú","36.046285","139.522612","0","3"
"11","é‹ÊŒ§","11233","–k–{Žs","112330005002","[ˆä“ñ’š–Ú","36.046818","139.524606","0","3"
"11","é‹ÊŒ§","11233","–k–{Žs","112330005003","[ˆäŽO’š–Ú","36.048672","139.525234","0","3"
"11","é‹ÊŒ§","11233","–k–{Žs","112330005004","[ˆäŽl’š–Ú","36.045920","139.530902","0","3"
"11","é‹ÊŒ§","11233","–k–{Žs","112330005005","[ˆäŒÜ’š–Ú","36.049719","139.528724","0","3"
"11","é‹ÊŒ§","11233","–k–{Žs","112330005006","[ˆä˜Z’š–Ú","36.053379","139.525168","0","3"
"11","é‹ÊŒ§","11233","–k–{Žs","112330005007","[ˆäŽµ’š–Ú","36.053197","139.529200","0","3"
"11","é‹ÊŒ§","11233","–k–{Žs","112330005008","[ˆä”ª’š–Ú","36.047978","139.534857","0","3"
"11","é‹ÊŒ§","11233","–k–{Žs","112330006001","“ŒŠÔˆê’š–Ú","36.034883","139.532483","0","3"
"11","é‹ÊŒ§","11233","–k–{Žs","112330006002","“ŒŠÔ“ñ’š–Ú","36.036150","139.534493","0","3"
"11","é‹ÊŒ§","11233","–k–{Žs","112330006003","“ŒŠÔŽO’š–Ú","36.038044","139.530028","0","3"
"11","é‹ÊŒ§","11233","–k–{Žs","112330006004","“ŒŠÔŽl’š–Ú","36.039569","139.531528","0","3"
"11","é‹ÊŒ§","11233","–k–{Žs","112330006005","“ŒŠÔŒÜ’š–Ú","36.042472","139.525833","0","3"
"11","é‹ÊŒ§","11233","–k–{Žs","112330006006","“ŒŠÔ˜Z’š–Ú","36.042320","139.528088","0","3"
"11","é‹ÊŒ§","11233","–k–{Žs","112330006007","“ŒŠÔŽµ’š–Ú","36.043493","139.528732","0","3"
"11","é‹ÊŒ§","11233","–k–{Žs","112330006008","“ŒŠÔ”ª’š–Ú","36.043981","139.530996","0","3"
"11","é‹ÊŒ§","11233","–k–{Žs","112330007001","’†‰›ˆê’š–Ú","36.028801","139.533048","0","3"
"11","é‹ÊŒ§","11233","–k–{Žs","112330007002","’†‰›“ñ’š–Ú","36.030549","139.532296","0","3"
"11","é‹ÊŒ§","11233","–k–{Žs","112330007003","’†‰›ŽO’š–Ú","36.031604","139.531272","0","3"
"11","é‹ÊŒ§","11233","–k–{Žs","112330007004","’†‰›Žl’š–Ú","36.033139","139.530890","0","3"
"11","é‹ÊŒ§","11233","–k–{Žs","112330008001","–{hˆê’š–Ú","36.027733","139.537717","0","3"
"11","é‹ÊŒ§","11233","–k–{Žs","112330008002","–{h“ñ’š–Ú","36.029371","139.539004","0","3"
"11","é‹ÊŒ§","11233","–k–{Žs","112330008003","–{hŽO’š–Ú","36.030681","139.541261","0","3"
"11","é‹ÊŒ§","11233","–k–{Žs","112330008004","–{hŽl’š–Ú","36.032361","139.542484","0","3"
"11","é‹ÊŒ§","11233","–k–{Žs","112330008005","–{hŒÜ’š–Ú","36.029545","139.545440","0","3"
"11","é‹ÊŒ§","11233","–k–{Žs","112330008006","–{h˜Z’š–Ú","36.028272","139.543122","0","3"
"11","é‹ÊŒ§","11233","–k–{Žs","112330008007","–{hŽµ’š–Ú","36.025778","139.542371","0","3"
"11","é‹ÊŒ§","11233","–k–{Žs","112330008008","–{h”ª’š–Ú","36.024664","139.540246","0","3"
"11","é‹ÊŒ§","11233","–k–{Žs","112330009001","–k–{ˆê’š–Ú","36.031377","139.534952","0","3"
"11","é‹ÊŒ§","11233","–k–{Žs","112330009002","–k–{“ñ’š–Ú","36.032361","139.537555","0","3"
"11","é‹ÊŒ§","11233","–k–{Žs","112330009003","–k–{ŽO’š–Ú","36.034480","139.536728","0","3"
"11","é‹ÊŒ§","11233","–k–{Žs","112330009004","–k–{Žl’š–Ú","36.034853","139.539990","0","3"
"11","é‹ÊŒ§","11233","–k–{Žs","112330010001","ÎŒËˆê’š–Ú","36.022960","139.523276","0","3"
"11","é‹ÊŒ§","11233","–k–{Žs","112330010002","ÎŒË“ñ’š–Ú","36.024716","139.520930","0","3"
"11","é‹ÊŒ§","11233","–k–{Žs","112330010003","ÎŒËŽO’š–Ú","36.024140","139.517492","0","3"
"11","é‹ÊŒ§","11233","–k–{Žs","112330010004","ÎŒËŽl’š–Ú","36.021848","139.521066","0","3"
"11","é‹ÊŒ§","11233","–k–{Žs","112330010005","ÎŒËŒÜ’š–Ú","36.019397","139.526255","0","3"
"11","é‹ÊŒ§","11233","–k–{Žs","112330010006","ÎŒË˜Z’š–Ú","36.016682","139.528232","0","3"
"11","é‹ÊŒ§","11233","–k–{Žs","112330010007","ÎŒËŽµ’š–Ú","36.013854","139.529675","0","3"
"11","é‹ÊŒ§","11233","–k–{Žs","112330010008","ÎŒË”ª’š–Ú","36.015654","139.524605","0","3"
"11","é‹ÊŒ§","11233","–k–{Žs","112330010009","ÎŒË‹ã’š–Ú","36.013113","139.522786","0","3"
"11","é‹ÊŒ§","11233","–k–{Žs","112330011001","’†ŠÛˆê’š–Ú","36.021092","139.543297","0","3"
"11","é‹ÊŒ§","11233","–k–{Žs","112330011002","’†ŠÛ“ñ’š–Ú","36.023496","139.545249","0","3"
"11","é‹ÊŒ§","11233","–k–{Žs","112330011003","’†ŠÛŽO’š–Ú","36.026457","139.546283","0","3"
"11","é‹ÊŒ§","11233","–k–{Žs","112330011004","’†ŠÛŽl’š–Ú","36.024261","139.549349","0","3"
"11","é‹ÊŒ§","11233","–k–{Žs","112330011005","’†ŠÛŒÜ’š–Ú","36.021188","139.546899","0","3"
"11","é‹ÊŒ§","11233","–k–{Žs","112330011006","’†ŠÛ˜Z’š–Ú","36.020597","139.551212","0","3"
"11","é‹ÊŒ§","11233","–k–{Žs","112330011007","’†ŠÛŽµ’š–Ú","36.017363","139.554506","0","3"
"11","é‹ÊŒ§","11233","–k–{Žs","112330011008","’†ŠÛ”ª’š–Ú","36.020796","139.556562","0","3"
"11","é‹ÊŒ§","11233","–k–{Žs","112330011009","’†ŠÛ‹ã’š–Ú","36.025022","139.554389","0","3"
"11","é‹ÊŒ§","11233","–k–{Žs","112330011010","’†ŠÛ\’š–Ú","36.028922","139.552316","0","3"
"11","é‹ÊŒ§","11233","–k–{Žs","112330012001","‚”öˆê’š–Ú","36.027924","139.520370","0","3"
"11","é‹ÊŒ§","11233","–k–{Žs","112330012002","‚”ö“ñ’š–Ú","36.028905","139.515654","0","3"
"11","é‹ÊŒ§","11233","–k–{Žs","112330012003","‚”öŽO’š–Ú","36.031419","139.513878","0","3"
"11","é‹ÊŒ§","11233","–k–{Žs","112330012004","‚”öŽl’š–Ú","36.031928","139.507875","0","3"
"11","é‹ÊŒ§","11233","–k–{Žs","112330012005","‚”öŒÜ’š–Ú","36.029816","139.510819","0","3"
"11","é‹ÊŒ§","11233","–k–{Žs","112330012006","‚”ö˜Z’š–Ú","36.027139","139.507447","0","3"
"11","é‹ÊŒ§","11233","–k–{Žs","112330012007","‚”öŽµ’š–Ú","36.025420","139.512304","0","3"
"11","é‹ÊŒ§","11233","–k–{Žs","112330012008","‚”ö”ª’š–Ú","36.022092","139.511034","0","3"
"11","é‹ÊŒ§","11233","–k–{Žs","112330012009","‚”ö‹ã’š–Ú","36.021948","139.506513","0","3"
"11","é‹ÊŒ§","11233","–k–{Žs","112330013001","“ñƒc‰Æˆê’š–Ú","36.015601","139.548150","0","3"
"11","é‹ÊŒ§","11233","–k–{Žs","112330013002","“ñƒc‰Æ“ñ’š–Ú","36.018045","139.549998","0","3"
"11","é‹ÊŒ§","11233","–k–{Žs","112330013003","“ñƒc‰ÆŽO’š–Ú","36.013239","139.553054","0","3"
"11","é‹ÊŒ§","11233","–k–{Žs","112330013004","“ñƒc‰ÆŽl’š–Ú","36.010834","139.552935","0","3"
"11","é‹ÊŒ§","11233","–k–{Žs","112330014001","–k’†ŠÛˆê’š–Ú","36.030814","139.549345","0","3"
"11","é‹ÊŒ§","11233","–k–{Žs","112330014002","–k’†ŠÛ“ñ’š–Ú","36.033165","139.552144","0","3"
"11","é‹ÊŒ§","11233","–k–{Žs","112330015001","—Îˆê’š–Ú","36.024999","139.534098","0","3"
"11","é‹ÊŒ§","11233","–k–{Žs","112330015002","—Î“ñ’š–Ú","36.026554","139.536095","0","3"
"11","é‹ÊŒ§","11233","–k–{Žs","112330015003","—ÎŽO’š–Ú","36.022562","139.537895","0","3"
"11","é‹ÊŒ§","11233","–k–{Žs","112330015004","—ÎŽl’š–Ú","36.019739","139.541045","0","3"
"11","é‹ÊŒ§","11233","–k–{Žs","112330016001","ŒÃŽsêˆê’š–Ú","36.042123","139.545787","0","3"
"11","é‹ÊŒ§","11233","–k–{Žs","112330016002","ŒÃŽsê“ñ’š–Ú","36.039612","139.547802","0","3"
"11","é‹ÊŒ§","11233","–k–{Žs","112330016003","ŒÃŽsêŽO’š–Ú","36.036513","139.549573","0","3"
"11","é‹ÊŒ§","11233","–k–{Žs","112330017001","ŽR’†ˆê’š–Ú","36.034242","139.545961","0","3"
"11","é‹ÊŒ§","11233","–k–{Žs","112330017002","ŽR’†“ñ’š–Ú","36.032373","139.547556","0","3"
"11","é‹ÊŒ§","11233","–k–{Žs","112330018001","’©“úˆê’š–Ú","36.041571","139.553138","0","3"
"11","é‹ÊŒ§","11233","–k–{Žs","112330018002","’©“ú“ñ’š–Ú","36.038628","139.554753","0","3"
"11","é‹ÊŒ§","11233","–k–{Žs","112330018003","’©“úŽO’š–Ú","36.033525","139.555354","0","3"
"11","é‹ÊŒ§","11233","–k–{Žs","112330018004","’©“úŽl’š–Ú","36.034952","139.559743","0","3"
"11","é‹ÊŒ§","11233","–k–{Žs","112330019001","ÎŒËhˆê’š–Ú","36.009065","139.517357","0","3"
"11","é‹ÊŒ§","11233","–k–{Žs","112330019002","ÎŒËh“ñ’š–Ú","36.005829","139.516175","0","3"
"11","é‹ÊŒ§","11233","–k–{Žs","112330019003","ÎŒËhŽO’š–Ú","36.006719","139.513200","0","3"
"11","é‹ÊŒ§","11233","–k–{Žs","112330019004","ÎŒËhŽl’š–Ú","36.003146","139.511157","0","3"
"11","é‹ÊŒ§","11233","–k–{Žs","112330019005","ÎŒËhŒÜ’š–Ú","36.002437","139.507144","0","3"
"11","é‹ÊŒ§","11233","–k–{Žs","112330019006","ÎŒËh˜Z’š–Ú","36.007199","139.507384","0","3"
"11","é‹ÊŒ§","11233","–k–{Žs","112330019007","ÎŒËhŽµ’š–Ú","36.012848","139.507827","0","3"
"11","é‹ÊŒ§","11233","–k–{Žs","112330019008","ÎŒËh”ª’š–Ú","36.014642","139.505934","0","3"
"11","é‹ÊŒ§","11233","–k–{Žs","112330020001","rˆäˆê’š–Ú","36.022321","139.515146","0","3"
"11","é‹ÊŒ§","11233","–k–{Žs","112330020002","rˆä“ñ’š–Ú","36.018112","139.521011","0","3"
"11","é‹ÊŒ§","11233","–k–{Žs","112330020003","rˆäŽO’š–Ú","36.014307","139.517071","0","3"
"11","é‹ÊŒ§","11233","–k–{Žs","112330020004","rˆäŽl’š–Ú","36.017736","139.511268","0","3"
"11","é‹ÊŒ§","11233","–k–{Žs","112330020005","rˆäŒÜ’š–Ú","36.014542","139.512663","0","3"
"11","é‹ÊŒ§","11233","–k–{Žs","112330020006","rˆä˜Z’š–Ú","36.010226","139.512362","0","3"
"11","é‹ÊŒ§","11233","–k–{Žs","112330021000","‰h","36.015866","139.533847","0","1"
"11","é‹ÊŒ§","11233","–k–{Žs","112330022000","‘åŽšrˆä","36.020298","139.502330","0","1"
"11","é‹ÊŒ§","11233","–k–{Žs","112330023000","‘åŽšÎŒËh","36.005094","139.504200","0","1"
"11","é‹ÊŒ§","11233","–k–{Žs","112330024000","‘åŽš‚”ö","36.031029","139.502667","0","1"
"11","é‹ÊŒ§","11233","–k–{Žs","112330025001","‰ºÎŒËˆê’š–Ú","36.019702","139.534217","0","3"
"11","é‹ÊŒ§","11233","–k–{Žs","112330025005","‰ºÎŒËŒÜ’š–Ú","36.017426","139.544177","0","3"
"11","é‹ÊŒ§","11233","–k–{Žs","112330025006","‰ºÎŒË˜Z’š–Ú","36.013481","139.545414","0","3"
"11","é‹ÊŒ§","11233","–k–{Žs","112330025007","‰ºÎŒËŽµ’š–Ú","36.009517","139.550404","0","3"
"11","é‹ÊŒ§","11233","–k–{Žs","112330026000","‘åŽš‰ºÎŒË‰º","36.015369","139.539505","0","1"
"11","é‹ÊŒ§","11233","–k–{Žs","112330027000","‘åŽš–k–{h","36.018603","139.539551","0","1"
"11","é‹ÊŒ§","11234","”ª’ªŽs","112340001000","‘åŽš¼”V–Ø","35.827153","139.827453","0","1"
"11","é‹ÊŒ§","11234","”ª’ªŽs","112340002000","‘åŽš¬ì“c","35.826401","139.836203","0","1"
"11","é‹ÊŒ§","11234","”ª’ªŽs","112340003000","‘åŽš’†”nê","35.822142","139.843394","0","1"
"11","é‹ÊŒ§","11234","”ª’ªŽs","112340004000","‘åŽšã”nê","35.820584","139.824916","0","1"
"11","é‹ÊŒ§","11234","”ª’ªŽs","112340005001","”ª’ªˆê’š–Ú","35.816111","139.840727","0","3"
"11","é‹ÊŒ§","11234","”ª’ªŽs","112340005002","”ª’ª“ñ’š–Ú","35.815461","139.838188","0","3"
"11","é‹ÊŒ§","11234","”ª’ªŽs","112340005003","”ª’ªŽO’š–Ú","35.815319","139.835649","0","3"
"11","é‹ÊŒ§","11234","”ª’ªŽs","112340005004","”ª’ªŽl’š–Ú","35.811526","139.839078","0","3"
"11","é‹ÊŒ§","11234","”ª’ªŽs","112340005005","”ª’ªŒÜ’š–Ú","35.808719","139.838945","0","3"
"11","é‹ÊŒ§","11234","”ª’ªŽs","112340005006","”ª’ª˜Z’š–Ú","35.811777","139.833773","0","3"
"11","é‹ÊŒ§","11234","”ª’ªŽs","112340005007","”ª’ªŽµ’š–Ú","35.815139","139.832265","0","3"
"11","é‹ÊŒ§","11234","”ª’ªŽs","112340005008","”ª’ª”ª’š–Ú","35.814581","139.828828","0","3"
"11","é‹ÊŒ§","11234","”ª’ªŽs","112340006001","’†‰›ˆê’š–Ú","35.822118","139.836731","0","3"
"11","é‹ÊŒ§","11234","”ª’ªŽs","112340006002","’†‰›“ñ’š–Ú","35.819331","139.837059","0","3"
"11","é‹ÊŒ§","11234","”ª’ªŽs","112340006003","’†‰›ŽO’š–Ú","35.819999","139.831390","0","3"
"11","é‹ÊŒ§","11234","”ª’ªŽs","112340006004","’†‰›Žl’š–Ú","35.819374","139.827871","0","3"
"11","é‹ÊŒ§","11234","”ª’ªŽs","112340007001","—Î’¬ˆê’š–Ú","35.826079","139.834596","0","3"
"11","é‹ÊŒ§","11234","”ª’ªŽs","112340007002","—Î’¬“ñ’š–Ú","35.823803","139.830994","0","3"
"11","é‹ÊŒ§","11234","”ª’ªŽs","112340007003","—Î’¬ŽO’š–Ú","35.827319","139.830741","0","3"
"11","é‹ÊŒ§","11234","”ª’ªŽs","112340007004","—Î’¬Žl’š–Ú","35.822828","139.827085","0","3"
"11","é‹ÊŒ§","11234","”ª’ªŽs","112340007005","—Î’¬ŒÜ’š–Ú","35.827006","139.824722","0","3"
"11","é‹ÊŒ§","11234","”ª’ªŽs","112340008000","‘åŽšˆÉ‘","35.832499","139.829593","0","1"
"11","é‹ÊŒ§","11234","”ª’ªŽs","112340009000","‘åŽš–ö”V‹{","35.822890","139.822915","0","1"
"11","é‹ÊŒ§","11234","”ª’ªŽs","112340010000","‘åŽš‘åŒ´","35.806469","139.836348","0","1"
"11","é‹ÊŒ§","11234","”ª’ªŽs","112340011000","‘åŽšV’¬","35.838610","139.831838","0","1"
"11","é‹ÊŒ§","11234","”ª’ªŽs","112340012000","‘åŽšš¶","35.802259","139.838259","0","1"
"11","é‹ÊŒ§","11234","”ª’ªŽs","112340013002","‘åŽš“ñ’š–Ú","35.821729","139.846276","0","3"
"11","é‹ÊŒ§","11234","”ª’ªŽs","112340014000","‘åŽš“ìŒã’J","35.829244","139.817300","0","1"
"11","é‹ÊŒ§","11234","”ª’ªŽs","112340015000","‘åŽš•‚’Ë","35.798355","139.827491","0","1"
"11","é‹ÊŒ§","11234","”ª’ªŽs","112340016000","‘åŽš¼‘Ü","35.816056","139.819555","0","1"
"11","é‹ÊŒ§","11234","”ª’ªŽs","112340017000","‘åŽš’ßƒP‘]ª","35.829743","139.839096","0","1"
"11","é‹ÊŒ§","11234","”ª’ªŽs","112340018000","‘åŽš‘å‘]ª","35.806037","139.826787","0","1"
"11","é‹ÊŒ§","11234","”ª’ªŽs","112340019000","‘åŽš–Ø‘]ª","35.818672","139.858888","0","1"
"11","é‹ÊŒ§","11234","”ª’ªŽs","112340020000","‘åŽš”ªžŠ","35.842045","139.837353","0","1"
"11","é‹ÊŒ§","11234","”ª’ªŽs","112340021000","‘åŽš‘å£","35.802478","139.851485","0","1"
"11","é‹ÊŒ§","11234","”ª’ªŽs","112340022001","‘å£ˆê’š–Ú","35.808825","139.842910","0","3"
"11","é‹ÊŒ§","11234","”ª’ªŽs","112340022002","‘å£“ñ’š–Ú","35.810100","139.845684","0","3"
"11","é‹ÊŒ§","11234","”ª’ªŽs","112340022003","‘å£ŽO’š–Ú","35.808847","139.847505","0","3"
"11","é‹ÊŒ§","11234","”ª’ªŽs","112340022004","‘å£Žl’š–Ú","35.806355","139.848975","0","3"
"11","é‹ÊŒ§","11234","”ª’ªŽs","112340022005","‘å£ŒÜ’š–Ú","35.804887","139.845560","0","3"
"11","é‹ÊŒ§","11234","”ª’ªŽs","112340022006","‘å£˜Z’š–Ú","35.806973","139.844354","0","3"
"11","é‹ÊŒ§","11234","”ª’ªŽs","112340023000","‘åŽšŒÃV“c","35.799264","139.848921","0","1"
"11","é‹ÊŒ§","11234","”ª’ªŽs","112340024001","ˆ©’¬ˆê’š–Ú","35.806039","139.841049","0","3"
"11","é‹ÊŒ§","11234","”ª’ªŽs","112340025000","‘åŽšˆÉ¨–ì","35.809578","139.853903","0","1"
"11","é‹ÊŒ§","11234","”ª’ªŽs","112340026000","‘åŽš“ììè","35.813330","139.859260","0","1"
"11","é‹ÊŒ§","11234","”ª’ªŽs","112340027001","ˆÉ‘ˆê’š–Ú","35.830378","139.829967","1","3"
"11","é‹ÊŒ§","11234","”ª’ªŽs","112340027002","ˆÉ‘“ñ’š–Ú","35.830874","139.827091","1","3"
"11","é‹ÊŒ§","11235","•xŽmŒ©Žs","112350001000","‰|’¬","35.832518","139.560506","0","1"
"11","é‹ÊŒ§","11235","•xŽmŒ©Žs","112350002001","ŠL’Ëˆê’š–Ú","35.848620","139.560894","0","3"
"11","é‹ÊŒ§","11235","•xŽmŒ©Žs","112350002002","ŠL’Ë“ñ’š–Ú","35.848051","139.563727","0","3"
"11","é‹ÊŒ§","11235","•xŽmŒ©Žs","112350003001","“Œ‚Ý‚¸‚Ù‘äˆê’š–Ú","35.839516","139.553903","0","3"
"11","é‹ÊŒ§","11235","•xŽmŒ©Žs","112350003002","“Œ‚Ý‚¸‚Ù‘ä“ñ’š–Ú","35.841025","139.552440","0","3"
"11","é‹ÊŒ§","11235","•xŽmŒ©Žs","112350003003","“Œ‚Ý‚¸‚Ù‘äŽO’š–Ú","35.842692","139.550484","0","3"
"11","é‹ÊŒ§","11235","•xŽmŒ©Žs","112350003004","“Œ‚Ý‚¸‚Ù‘äŽl’š–Ú","35.843837","139.549118","0","3"
"11","é‹ÊŒ§","11235","•xŽmŒ©Žs","112350004001","¼‚Ý‚¸‚Ù‘äˆê’š–Ú","35.838268","139.548827","0","3"
"11","é‹ÊŒ§","11235","•xŽmŒ©Žs","112350004002","¼‚Ý‚¸‚Ù‘ä“ñ’š–Ú","35.836487","139.551284","0","3"
"11","é‹ÊŒ§","11235","•xŽmŒ©Žs","112350004003","¼‚Ý‚¸‚Ù‘äŽO’š–Ú","35.835527","139.547050","0","3"
"11","é‹ÊŒ§","11235","•xŽmŒ©Žs","112350005001","…’Jˆê’š–Ú","35.842117","139.558192","0","3"
"11","é‹ÊŒ§","11235","•xŽmŒ©Žs","112350005002","…’J“ñ’š–Ú","35.844095","139.554389","0","3"
"11","é‹ÊŒ§","11235","•xŽmŒ©Žs","112350006001","ã‘òˆê’š–Ú","35.851852","139.533813","0","3"
"11","é‹ÊŒ§","11235","•xŽmŒ©Žs","112350006002","ã‘ò“ñ’š–Ú","35.854651","139.530482","0","3"
"11","é‹ÊŒ§","11235","•xŽmŒ©Žs","112350006003","ã‘òŽO’š–Ú","35.851975","139.529364","0","3"
"11","é‹ÊŒ§","11235","•xŽmŒ©Žs","112350007001","ŠÖ‘òˆê’š–Ú","35.843479","139.543802","0","3"
"11","é‹ÊŒ§","11235","•xŽmŒ©Žs","112350007002","ŠÖ‘ò“ñ’š–Ú","35.841477","139.541509","0","3"
"11","é‹ÊŒ§","11235","•xŽmŒ©Žs","112350007003","ŠÖ‘òŽO’š–Ú","35.838126","139.542784","0","3"
"11","é‹ÊŒ§","11235","•xŽmŒ©Žs","112350008001","’ß”nˆê’š–Ú","35.848916","139.544580","0","3"
"11","é‹ÊŒ§","11235","•xŽmŒ©Žs","112350008002","’ß”n“ñ’š–Ú","35.845567","139.545855","0","3"
"11","é‹ÊŒ§","11235","•xŽmŒ©Žs","112350008003","’ß”nŽO’š–Ú","35.844702","139.548288","0","3"
"11","é‹ÊŒ§","11235","•xŽmŒ©Žs","112350009000","‘åŽšjƒP’J","35.829657","139.556489","0","1"
"11","é‹ÊŒ§","11235","•xŽmŒ©Žs","112350010001","…’J“Œˆê’š–Ú","35.842447","139.571062","0","3"
"11","é‹ÊŒ§","11235","•xŽmŒ©Žs","112350010002","…’J“Œ“ñ’š–Ú","35.838600","139.575078","0","3"
"11","é‹ÊŒ§","11235","•xŽmŒ©Žs","112350010003","…’J“ŒŽO’š–Ú","35.839316","139.578564","0","3"
"11","é‹ÊŒ§","11235","•xŽmŒ©Žs","112350011001","“nŒËˆê’š–Ú","35.860950","139.539250","0","3"
"11","é‹ÊŒ§","11235","•xŽmŒ©Žs","112350011002","“nŒË“ñ’š–Ú","35.860801","139.535459","0","3"
"11","é‹ÊŒ§","11235","•xŽmŒ©Žs","112350011003","“nŒËŽO’š–Ú","35.857177","139.533251","0","3"
"11","é‹ÊŒ§","11235","•xŽmŒ©Žs","112350012000","‚Ý‚Ç‚è–ì¼","35.867421","139.557472","0","1"
"11","é‹ÊŒ§","11235","•xŽmŒ©Žs","112350013001","’ß£“Œˆê’š–Ú","35.846394","139.540495","0","3"
"11","é‹ÊŒ§","11235","•xŽmŒ©Žs","112350013002","’ß£“Œ“ñ’š–Ú","35.850056","139.538304","0","3"
"11","é‹ÊŒ§","11235","•xŽmŒ©Žs","112350014001","z–Kˆê’š–Ú","35.854567","139.548199","0","3"
"11","é‹ÊŒ§","11235","•xŽmŒ©Žs","112350014002","z–K“ñ’š–Ú","35.851836","139.548828","0","3"
"11","é‹ÊŒ§","11235","•xŽmŒ©Žs","112350015002","’ß£¼“ñ’š–Ú","35.845639","139.533883","0","3"
"11","é‹ÊŒ§","11235","•xŽmŒ©Žs","112350015003","’ß£¼ŽO’š–Ú","35.847945","139.531543","0","3"
"11","é‹ÊŒ§","11235","•xŽmŒ©Žs","112350016000","‚Ý‚Ç‚è–ì“Œ","35.868204","139.568844","0","1"
"11","é‹ÊŒ§","11235","•xŽmŒ©Žs","112350017000","‚Ý‚Ç‚è–ì–k","35.868336","139.562584","0","1"
"11","é‹ÊŒ§","11235","•xŽmŒ©Žs","112350018001","ŽRŽºˆê’š–Ú","35.860523","139.547302","0","3"
"11","é‹ÊŒ§","11235","•xŽmŒ©Žs","112350018002","ŽRŽº“ñ’š–Ú","35.859295","139.544382","0","3"
"11","é‹ÊŒ§","11235","•xŽmŒ©Žs","112350019001","jƒP’Jˆê’š–Ú","35.833482","139.554629","0","3"
"11","é‹ÊŒ§","11235","•xŽmŒ©Žs","112350019002","jƒP’J“ñ’š–Ú","35.829754","139.552342","0","3"
"11","é‹ÊŒ§","11235","•xŽmŒ©Žs","112350020001","‰H‘òˆê’š–Ú","35.857883","139.540516","0","3"
"11","é‹ÊŒ§","11235","•xŽmŒ©Žs","112350020002","‰H‘ò“ñ’š–Ú","35.855465","139.536632","0","3"
"11","é‹ÊŒ§","11235","•xŽmŒ©Žs","112350020003","‰H‘òŽO’š–Ú","35.853882","139.542870","0","3"
"11","é‹ÊŒ§","11235","•xŽmŒ©Žs","112350021000","‚Ý‚Ç‚è–ì“ì","35.865288","139.565594","0","1"
"11","é‹ÊŒ§","11235","•xŽmŒ©Žs","112350022000","‘åŽš“ì”¨V“c","35.861982","139.577099","0","1"
"11","é‹ÊŒ§","11235","•xŽmŒ©Žs","112350023000","‘åŽš’ß”n","35.855378","139.553139","0","1"
"11","é‹ÊŒ§","11235","•xŽmŒ©Žs","112350024000","‘åŽšã“ì”¨","35.861541","139.558517","0","1"
"11","é‹ÊŒ§","11235","•xŽmŒ©Žs","112350025000","‘åŽš“Œ‘å‹v•Û","35.877692","139.554762","0","1"
"11","é‹ÊŒ§","11235","•xŽmŒ©Žs","112350026000","‘åŽš…Žq","35.840800","139.564345","0","1"
"11","é‹ÊŒ§","11235","•xŽmŒ©Žs","112350027000","‘åŽš‰º“ì”¨","35.856479","139.568820","0","1"
"11","é‹ÊŒ§","11235","•xŽmŒ©Žs","112350028001","‚Ó‚¶‚Ý–ì“Œˆê’š–Ú","35.861728","139.525309","0","3"
"11","é‹ÊŒ§","11235","•xŽmŒ©Žs","112350028002","‚Ó‚¶‚Ý–ì“Œ“ñ’š–Ú","35.863669","139.523509","0","3"
"11","é‹ÊŒ§","11235","•xŽmŒ©Žs","112350028003","‚Ó‚¶‚Ý–ì“ŒŽO’š–Ú","35.864879","139.527630","0","3"
"11","é‹ÊŒ§","11235","•xŽmŒ©Žs","112350028004","‚Ó‚¶‚Ý–ì“ŒŽl’š–Ú","35.862882","139.528713","0","3"
"11","é‹ÊŒ§","11235","•xŽmŒ©Žs","112350029000","‘åŽšŸ£","35.865857","139.539080","0","1"
"11","é‹ÊŒ§","11235","•xŽmŒ©Žs","112350030001","‚Ó‚¶‚Ý–ì¼ˆê’š–Ú","35.859703","139.521203","0","3"
"11","é‹ÊŒ§","11235","•xŽmŒ©Žs","112350030002","‚Ó‚¶‚Ý–ì¼“ñ’š–Ú","35.861644","139.520120","0","3"
"11","é‹ÊŒ§","11235","•xŽmŒ©Žs","112350030003","‚Ó‚¶‚Ý–ì¼ŽO’š–Ú","35.860899","139.518278","0","3"
"11","é‹ÊŒ§","11235","•xŽmŒ©Žs","112350030004","‚Ó‚¶‚Ý–ì¼Žl’š–Ú","35.856680","139.516619","0","3"
"11","é‹ÊŒ§","11237","ŽO‹½Žs","112370001000","Š™‘q","35.795100","139.863958","0","1"
"11","é‹ÊŒ§","11237","ŽO‹½Žs","112370002000","•F‘ò","35.834422","139.873106","0","1"
"11","é‹ÊŒ§","11237","ŽO‹½Žs","112370003000","’OŒã","35.859198","139.891073","0","1"
"11","é‹ÊŒ§","11237","ŽO‹½Žs","112370004001","•FŽ…ˆê’š–Ú","35.857963","139.842671","0","3"
"11","é‹ÊŒ§","11237","ŽO‹½Žs","112370004002","•FŽ…“ñ’š–Ú","35.859245","139.848305","0","3"
"11","é‹ÊŒ§","11237","ŽO‹½Žs","112370004003","•FŽ…ŽO’š–Ú","35.861416","139.850043","0","3"
"11","é‹ÊŒ§","11237","ŽO‹½Žs","112370005000","•F–ì","35.844867","139.862837","0","1"
"11","é‹ÊŒ§","11237","ŽO‹½Žs","112370006000","Ñ—V“c","35.864129","139.863698","0","1"
"11","é‹ÊŒ§","11237","ŽO‹½Žs","112370007000","•F¬","35.859509","139.879898","0","1"
"11","é‹ÊŒ§","11237","ŽO‹½Žs","112370008000","‰º•FìŒË","35.849058","139.864884","0","1"
"11","é‹ÊŒ§","11237","ŽO‹½Žs","112370009001","•F‰¹ˆê’š–Ú","35.855546","139.843046","0","3"
"11","é‹ÊŒ§","11237","ŽO‹½Žs","112370009002","•F‰¹“ñ’š–Ú","35.856518","139.848700","0","3"
"11","é‹ÊŒ§","11237","ŽO‹½Žs","112370010000","ã•FìŒË","35.849825","139.863100","0","1"
"11","é‹ÊŒ§","11237","ŽO‹½Žs","112370011001","ŒËƒ–èˆê’š–Ú","35.808639","139.868474","0","3"
"11","é‹ÊŒ§","11237","ŽO‹½Žs","112370011002","ŒËƒ–è“ñ’š–Ú","35.802303","139.863889","0","3"
"11","é‹ÊŒ§","11237","ŽO‹½Žs","112370011003","ŒËƒ–èŽO’š–Ú","35.803131","139.870637","0","3"
"11","é‹ÊŒ§","11237","ŽO‹½Žs","112370011004","ŒËƒ–èŽl’š–Ú","35.798058","139.865971","0","3"
"11","é‹ÊŒ§","11237","ŽO‹½Žs","112370011005","ŒËƒ–èŒÜ’š–Ú","35.798180","139.859365","0","3"
"11","é‹ÊŒ§","11237","ŽO‹½Žs","112370012000","”Ô –Æ","35.838138","139.872181","0","1"
"11","é‹ÊŒ§","11237","ŽO‹½Žs","112370013000","ŠñŠª","35.796381","139.865061","0","1"
"11","é‹ÊŒ§","11237","ŽO‹½Žs","112370014000","m‘ ","35.847365","139.877886","0","1"
"11","é‹ÊŒ§","11237","ŽO‹½Žs","112370015001","‚³‚Â‚«•½ˆê’š–Ú","35.850921","139.868680","0","3"
"11","é‹ÊŒ§","11237","ŽO‹½Žs","112370015002","‚³‚Â‚«•½“ñ’š–Ú","35.851337","139.865600","0","3"
"11","é‹ÊŒ§","11237","ŽO‹½Žs","112370016000","ù’Ë","35.841627","139.872619","0","1"
"11","é‹ÊŒ§","11237","ŽO‹½Žs","112370017001","ŽO‹½ˆê’š–Ú","35.841258","139.886044","0","3"
"11","é‹ÊŒ§","11237","ŽO‹½Žs","112370017002","ŽO‹½“ñ’š–Ú","35.843811","139.883960","0","3"
"11","é‹ÊŒ§","11237","ŽO‹½Žs","112370017003","ŽO‹½ŽO’š–Ú","35.846274","139.880673","0","3"
"11","é‹ÊŒ§","11237","ŽO‹½Žs","112370018001","VŽO‹½‚ç‚çƒVƒeƒBˆê’š–Ú","35.851985","139.875521","0","3"
"11","é‹ÊŒ§","11237","ŽO‹½Žs","112370018002","VŽO‹½‚ç‚çƒVƒeƒB“ñ’š–Ú","35.856389","139.869852","0","3"
"11","é‹ÊŒ§","11237","ŽO‹½Žs","112370018003","VŽO‹½‚ç‚çƒVƒeƒBŽO’š–Ú","35.860766","139.864775","0","3"
"11","é‹ÊŒ§","11237","ŽO‹½Žs","112370019001","‘ˆî“cˆê’š–Ú","35.847257","139.887066","0","3"
"11","é‹ÊŒ§","11237","ŽO‹½Žs","112370019002","‘ˆî“c“ñ’š–Ú","35.848440","139.882877","0","3"
"11","é‹ÊŒ§","11237","ŽO‹½Žs","112370019003","‘ˆî“cŽO’š–Ú","35.851547","139.888447","0","3"
"11","é‹ÊŒ§","11237","ŽO‹½Žs","112370019004","‘ˆî“cŽl’š–Ú","35.852172","139.880948","0","3"
"11","é‹ÊŒ§","11237","ŽO‹½Žs","112370019005","‘ˆî“cŒÜ’š–Ú","35.854741","139.881706","0","3"
"11","é‹ÊŒ§","11237","ŽO‹½Žs","112370019006","‘ˆî“c˜Z’š–Ú","35.857167","139.883574","0","3"
"11","é‹ÊŒ§","11237","ŽO‹½Žs","112370019007","‘ˆî“cŽµ’š–Ú","35.856300","139.892167","0","3"
"11","é‹ÊŒ§","11237","ŽO‹½Žs","112370019008","‘ˆî“c”ª’š–Ú","35.859476","139.885569","0","3"
"11","é‹ÊŒ§","11237","ŽO‹½Žs","112370020001","•F‘òˆê’š–Ú","35.829420","139.851943","0","3"
"11","é‹ÊŒ§","11237","ŽO‹½Žs","112370020002","•F‘ò“ñ’š–Ú","35.832170","139.855441","0","3"
"11","é‹ÊŒ§","11237","ŽO‹½Žs","112370020003","•F‘òŽO’š–Ú","35.833987","139.867430","0","3"
"11","é‹ÊŒ§","11237","ŽO‹½Žs","112370021001","•F–ìˆê’š–Ú","35.841343","139.848220","0","3"
"11","é‹ÊŒ§","11237","ŽO‹½Žs","112370021002","•F–ì“ñ’š–Ú","35.842067","139.853112","0","3"
"11","é‹ÊŒ§","11237","ŽO‹½Žs","112370022000","‘OŠÔ","35.863376","139.891281","0","1"
"11","é‹ÊŒ§","11237","ŽO‹½Žs","112370023001","V˜aˆê’š–Ú","35.820121","139.881903","0","3"
"11","é‹ÊŒ§","11237","ŽO‹½Žs","112370023002","V˜a“ñ’š–Ú","35.820494","139.887002","0","3"
"11","é‹ÊŒ§","11237","ŽO‹½Žs","112370023003","V˜aŽO’š–Ú","35.815047","139.881738","0","3"
"11","é‹ÊŒ§","11237","ŽO‹½Žs","112370023004","V˜aŽl’š–Ú","35.811974","139.885666","0","3"
"11","é‹ÊŒ§","11237","ŽO‹½Žs","112370023005","V˜aŒÜ’š–Ú","35.810105","139.880550","0","3"
"11","é‹ÊŒ§","11237","ŽO‹½Žs","112370024001","‚Bˆê’š–Ú","35.792533","139.881789","0","3"
"11","é‹ÊŒ§","11237","ŽO‹½Žs","112370024002","‚B“ñ’š–Ú","35.788918","139.879185","0","3"
"11","é‹ÊŒ§","11237","ŽO‹½Žs","112370024003","‚BŽO’š–Ú","35.786541","139.873752","0","3"
"11","é‹ÊŒ§","11237","ŽO‹½Žs","112370024004","‚BŽl’š–Ú","35.784008","139.884550","0","3"
"11","é‹ÊŒ§","11237","ŽO‹½Žs","112370025000","Šâ–ì–Ø","35.833053","139.886149","0","1"
"11","é‹ÊŒ§","11237","ŽO‹½Žs","112370026001","Ñ—ˆê’š–Ú","35.860056","139.861341","0","3"
"11","é‹ÊŒ§","11237","ŽO‹½Žs","112370027001","‰hˆê’š–Ú","35.820845","139.869949","0","3"
"11","é‹ÊŒ§","11237","ŽO‹½Žs","112370027003","‰hŽO’š–Ú","35.814643","139.871503","0","3"
"11","é‹ÊŒ§","11237","ŽO‹½Žs","112370027004","‰hŽl’š–Ú","35.813917","139.876679","0","3"
"11","é‹ÊŒ§","11237","ŽO‹½Žs","112370027005","‰hŒÜ’š–Ú","35.808199","139.873111","0","3"
"11","é‹ÊŒ§","11237","ŽO‹½Žs","112370028000","Œã’J","35.862373","139.883208","0","1"
"11","é‹ÊŒ§","11237","ŽO‹½Žs","112370029001","•F¬ˆê’š–Ú","35.852735","139.843700","0","3"
"11","é‹ÊŒ§","11237","ŽO‹½Žs","112370029002","•F¬“ñ’š–Ú","35.853197","139.849668","0","3"
"11","é‹ÊŒ§","11237","ŽO‹½Žs","112370029003","•F¬ŽO’š–Ú","35.857032","139.855918","0","3"
"11","é‹ÊŒ§","11237","ŽO‹½Žs","112370029004","•F¬Žl’š–Ú","35.854964","139.865103","0","3"
"11","é‹ÊŒ§","11237","ŽO‹½Žs","112370029005","•F¬ŒÜ’š–Ú","35.855638","139.876045","0","3"
"11","é‹ÊŒ§","11237","ŽO‹½Žs","112370030001","•F‘qˆê’š–Ú","35.838438","139.848297","0","3"
"11","é‹ÊŒ§","11237","ŽO‹½Žs","112370030002","•F‘q“ñ’š–Ú","35.840362","139.854136","0","3"
"11","é‹ÊŒ§","11237","ŽO‹½Žs","112370031001","‘é–ìˆê’š–Ú","35.801393","139.887492","0","3"
"11","é‹ÊŒ§","11237","ŽO‹½Žs","112370031002","‘é–ì“ñ’š–Ú","35.807963","139.878785","0","3"
"11","é‹ÊŒ§","11237","ŽO‹½Žs","112370031003","‘é–ìŽO’š–Ú","35.803380","139.879568","0","3"
"11","é‹ÊŒ§","11237","ŽO‹½Žs","112370031004","‘é–ìŽl’š–Ú","35.798263","139.882192","0","3"
"11","é‹ÊŒ§","11237","ŽO‹½Žs","112370031005","‘é–ìŒÜ’š–Ú","35.799152","139.875568","0","3"
"11","é‹ÊŒ§","11237","ŽO‹½Žs","112370032001","•F]ˆê’š–Ú","35.827239","139.854050","0","3"
"11","é‹ÊŒ§","11237","ŽO‹½Žs","112370032003","•F]ŽO’š–Ú","35.831761","139.867770","0","3"
"11","é‹ÊŒ§","11237","ŽO‹½Žs","112370033001","ãŒûˆê’š–Ú","35.835739","139.849476","0","3"
"11","é‹ÊŒ§","11237","ŽO‹½Žs","112370033002","ãŒû“ñ’š–Ú","35.838042","139.855620","0","3"
"11","é‹ÊŒ§","11237","ŽO‹½Žs","112370033003","ãŒûŽO’š–Ú","35.839694","139.866410","0","3"
"11","é‹ÊŒ§","11237","ŽO‹½Žs","112370034000","¬’J–x","35.865164","139.886450","0","1"
"11","é‹ÊŒ§","11237","ŽO‹½Žs","112370035000","‘åLŒË","35.846468","139.875363","0","1"
"11","é‹ÊŒ§","11237","ŽO‹½Žs","112370036000","–Î“cˆä","35.839287","139.874796","0","1"
"11","é‹ÊŒ§","11237","ŽO‹½Žs","112370037001","”Ô –Æˆê’š–Ú","35.831619","139.849228","0","3"
"11","é‹ÊŒ§","11237","ŽO‹½Žs","112370037002","”Ô –Æ“ñ’š–Ú","35.834984","139.857650","0","3"
"11","é‹ÊŒ§","11237","ŽO‹½Žs","112370037003","”Ô –ÆŽO’š–Ú","35.836744","139.866228","0","3"
"11","é‹ÊŒ§","11237","ŽO‹½Žs","112370038000","ã•F–¼","35.850247","139.855752","0","1"
"11","é‹ÊŒ§","11237","ŽO‹½Žs","112370039000","“ì˜@À","35.845530","139.864613","0","1"
"11","é‹ÊŒ§","11237","ŽO‹½Žs","112370040000","“c’†V“c","35.862391","139.893870","0","1"
"11","é‹ÊŒ§","11237","ŽO‹½Žs","112370041000","“Œ’¬","35.790474","139.886110","0","1"
"11","é‹ÊŒ§","11237","ŽO‹½Žs","112370042000","ŒËƒ–è","35.804394","139.858466","0","1"
"11","é‹ÊŒ§","11237","ŽO‹½Žs","112370043000","”¼“c","35.862884","139.870835","0","1"
"11","é‹ÊŒ§","11237","ŽO‹½Žs","112370044000","K–[","35.837544","139.879295","0","1"
"11","é‹ÊŒ§","11237","ŽO‹½Žs","112370045000","•F]","35.834089","139.873136","0","1"
"11","é‹ÊŒ§","11237","ŽO‹½Žs","112370046001","’†‰›ˆê’š–Ú","35.822932","139.876041","0","3"
"11","é‹ÊŒ§","11237","ŽO‹½Žs","112370046002","’†‰›“ñ’š–Ú","35.819541","139.877313","0","3"
"11","é‹ÊŒ§","11237","ŽO‹½Žs","112370046003","’†‰›ŽO’š–Ú","35.827573","139.878438","0","3"
"11","é‹ÊŒ§","11237","ŽO‹½Žs","112370046004","’†‰›Žl’š–Ú","35.831986","139.879995","0","3"
"11","é‹ÊŒ§","11237","ŽO‹½Žs","112370046005","’†‰›ŒÜ’š–Ú","35.832990","139.875262","0","3"
"11","é‹ÊŒ§","11237","ŽO‹½Žs","112370047000","’J’†","35.826073","139.881944","0","1"
"11","é‹ÊŒ§","11237","ŽO‹½Žs","112370048000","Žs•","35.826236","139.884730","0","1"
"11","é‹ÊŒ§","11237","ŽO‹½Žs","112370049001","•FìŒËˆê’š–Ú","35.846955","139.847266","0","3"
"11","é‹ÊŒ§","11237","ŽO‹½Žs","112370049002","•FìŒË“ñ’š–Ú","35.847666","139.855215","0","3"
"11","é‹ÊŒ§","11237","ŽO‹½Žs","112370050000","ãŒû","35.841500","139.869185","0","1"
"11","é‹ÊŒ§","11237","ŽO‹½Žs","112370051001","“V_ˆê’š–Ú","35.843934","139.847928","0","3"
"11","é‹ÊŒ§","11237","ŽO‹½Žs","112370052000","•F‘q","35.843433","139.864922","0","1"
"11","é‹ÊŒ§","11237","ŽO‹½Žs","112370053001","òˆê’š–Ú","35.845305","139.858239","0","3"
"11","é‹ÊŒ§","11237","ŽO‹½Žs","112370053002","ò“ñ’š–Ú","35.843063","139.860620","0","3"
"11","é‹ÊŒ§","11237","ŽO‹½Žs","112370053003","òŽO’š–Ú","35.839904","139.860441","0","3"
"11","é‹ÊŒ§","11237","ŽO‹½Žs","112370054001","ƒsƒAƒ‰ƒVƒeƒBˆê’š–Ú","35.842663","139.855310","0","3"
"11","é‹ÊŒ§","11237","ŽO‹½Žs","112370054002","ƒsƒAƒ‰ƒVƒeƒB“ñ’š–Ú","35.845346","139.854479","0","3"
"11","é‹ÊŒ§","11237","ŽO‹½Žs","112370055000","‹îŒ`","35.847569","139.864536","0","1"
"11","é‹ÊŒ§","11237","ŽO‹½Žs","112370056000","‰Ô˜a“c","35.826831","139.860258","0","1"
"11","é‹ÊŒ§","11237","ŽO‹½Žs","112370057001","ƒCƒ“ƒ^[“ìˆê’š–Ú","35.832443","139.860164","0","3"
"11","é‹ÊŒ§","11237","ŽO‹½Žs","112370057002","ƒCƒ“ƒ^[“ì“ñ’š–Ú","35.830487","139.858902","0","3"
"11","é‹ÊŒ§","11237","ŽO‹½Žs","112370057003","ƒCƒ“ƒ^[“ìŽO’š–Ú","35.827687","139.866176","1","3"
"11","é‹ÊŒ§","11237","ŽO‹½Žs","112370058000","’JŒû","35.826017","139.870362","0","1"
"11","é‹ÊŒ§","11238","˜@“cŽs","112380001001","”nžˆê’š–Ú","35.975965","139.656786","0","3"
"11","é‹ÊŒ§","11238","˜@“cŽs","112380001002","”nž“ñ’š–Ú","35.977211","139.659734","0","3"
"11","é‹ÊŒ§","11238","˜@“cŽs","112380001003","”nžŽO’š–Ú","35.972361","139.656692","0","3"
"11","é‹ÊŒ§","11238","˜@“cŽs","112380001004","”nžŽl’š–Ú","35.973434","139.658815","0","3"
"11","é‹ÊŒ§","11238","˜@“cŽs","112380001005","”nžŒÜ’š–Ú","35.974661","139.661480","0","3"
"11","é‹ÊŒ§","11238","˜@“cŽs","112380001006","”nž˜Z’š–Ú","35.976364","139.662758","0","3"
"11","é‹ÊŒ§","11238","˜@“cŽs","112380002001","÷‘äˆê’š–Ú","35.979888","139.662249","0","3"
"11","é‹ÊŒ§","11238","˜@“cŽs","112380002002","÷‘ä“ñ’š–Ú","35.978111","139.662706","0","3"
"11","é‹ÊŒ§","11238","˜@“cŽs","112380002003","÷‘äŽO’š–Ú","35.976131","139.664281","0","3"
"11","é‹ÊŒ§","11238","˜@“cŽs","112380003001","“Œˆê’š–Ú","35.983563","139.655285","0","3"
"11","é‹ÊŒ§","11238","˜@“cŽs","112380003002","“Œ“ñ’š–Ú","35.984918","139.657324","0","3"
"11","é‹ÊŒ§","11238","˜@“cŽs","112380003003","“ŒŽO’š–Ú","35.981915","139.657745","0","3"
"11","é‹ÊŒ§","11238","˜@“cŽs","112380003004","“ŒŽl’š–Ú","35.979960","139.658208","0","3"
"11","é‹ÊŒ§","11238","˜@“cŽs","112380003005","“ŒŒÜ’š–Ú","35.980190","139.654510","0","3"
"11","é‹ÊŒ§","11238","˜@“cŽs","112380003006","“Œ˜Z’š–Ú","35.977795","139.652757","0","3"
"11","é‹ÊŒ§","11238","˜@“cŽs","112380004001","Œä‘O‹´ˆê’š–Ú","35.978294","139.647390","0","3"
"11","é‹ÊŒ§","11238","˜@“cŽs","112380004002","Œä‘O‹´“ñ’š–Ú","35.980842","139.646863","0","3"
"11","é‹ÊŒ§","11238","˜@“cŽs","112380005001","¼éˆê’š–Ú","35.996452","139.653093","0","3"
"11","é‹ÊŒ§","11238","˜@“cŽs","112380005002","¼é“ñ’š–Ú","35.999796","139.651567","0","3"
"11","é‹ÊŒ§","11238","˜@“cŽs","112380005003","¼éŽO’š–Ú","35.999660","139.654730","0","3"
"11","é‹ÊŒ§","11238","˜@“cŽs","112380006001","˜@“cˆê’š–Ú","35.974987","139.655018","0","3"
"11","é‹ÊŒ§","11238","˜@“cŽs","112380006002","˜@“c“ñ’š–Ú","35.973415","139.653154","0","3"
"11","é‹ÊŒ§","11238","˜@“cŽs","112380006003","˜@“cŽO’š–Ú","35.974240","139.649829","0","3"
"11","é‹ÊŒ§","11238","˜@“cŽs","112380006004","˜@“cŽl’š–Ú","35.970578","139.653320","0","3"
"11","é‹ÊŒ§","11238","˜@“cŽs","112380006005","˜@“cŒÜ’š–Ú","35.970674","139.649688","0","3"
"11","é‹ÊŒ§","11238","˜@“cŽs","112380007001","––Lˆê’š–Ú","35.979139","139.650401","0","3"
"11","é‹ÊŒ§","11238","˜@“cŽs","112380007002","––L“ñ’š–Ú","35.981569","139.649417","0","3"
"11","é‹ÊŒ§","11238","˜@“cŽs","112380008001","—Î’¬ˆê’š–Ú","35.984668","139.661387","0","3"
"11","é‹ÊŒ§","11238","˜@“cŽs","112380008002","—Î’¬“ñ’š–Ú","35.987445","139.660617","0","3"
"11","é‹ÊŒ§","11238","˜@“cŽs","112380008003","—Î’¬ŽO’š–Ú","35.989447","139.660169","0","3"
"11","é‹ÊŒ§","11238","˜@“cŽs","112380009001","¼Vhˆê’š–Ú","36.003432","139.655829","0","3"
"11","é‹ÊŒ§","11238","˜@“cŽs","112380009002","¼Vh“ñ’š–Ú","36.004031","139.653801","0","3"
"11","é‹ÊŒ§","11238","˜@“cŽs","112380009003","¼VhŽO’š–Ú","36.003653","139.650966","0","3"
"11","é‹ÊŒ§","11238","˜@“cŽs","112380009004","¼VhŽl’š–Ú","36.008621","139.651883","0","3"
"11","é‹ÊŒ§","11238","˜@“cŽs","112380009005","¼VhŒÜ’š–Ú","36.008971","139.653505","0","3"
"11","é‹ÊŒ§","11238","˜@“cŽs","112380009006","¼Vh˜Z’š–Ú","36.008819","139.655364","0","3"
"11","é‹ÊŒ§","11238","˜@“cŽs","112380010000","–{’¬","35.981416","139.652215","0","1"
"11","é‹ÊŒ§","11238","˜@“cŽs","112380011001","ãˆê’š–Ú","35.984828","139.651632","0","3"
"11","é‹ÊŒ§","11238","˜@“cŽs","112380011002","ã“ñ’š–Ú","35.985500","139.653938","0","3"
"11","é‹ÊŒ§","11238","˜@“cŽs","112380012000","ŽRƒm“à","35.985813","139.644597","0","1"
"11","é‹ÊŒ§","11238","˜@“cŽs","112380013000","ˆ»£","35.982370","139.644917","0","1"
"11","é‹ÊŒ§","11238","˜@“cŽs","112380014001","’ÖŽRˆê’š–Ú","35.989982","139.657800","0","3"
"11","é‹ÊŒ§","11238","˜@“cŽs","112380014002","’ÖŽR“ñ’š–Ú","35.994965","139.654817","0","3"
"11","é‹ÊŒ§","11238","˜@“cŽs","112380014003","’ÖŽRŽO’š–Ú","35.994911","139.657904","0","3"
"11","é‹ÊŒ§","11238","˜@“cŽs","112380014004","’ÖŽRŽl’š–Ú","35.995684","139.660551","0","3"
"11","é‹ÊŒ§","11238","˜@“cŽs","112380015001","ŠÖŽRˆê’š–Ú","35.988518","139.647341","0","3"
"11","é‹ÊŒ§","11238","˜@“cŽs","112380015002","ŠÖŽR“ñ’š–Ú","35.989146","139.650492","0","3"
"11","é‹ÊŒ§","11238","˜@“cŽs","112380015003","ŠÖŽRŽO’š–Ú","35.989239","139.654182","0","3"
"11","é‹ÊŒ§","11238","˜@“cŽs","112380015004","ŠÖŽRŽl’š–Ú","35.992755","139.653596","0","3"
"11","é‹ÊŒ§","11238","˜@“cŽs","112380016000","Œ©À’¬","35.985027","139.648538","0","1"
"11","é‹ÊŒ§","11238","˜@“cŽs","112380017000","‘åŽšé","36.001209","139.657266","0","1"
"11","é‹ÊŒ§","11238","˜@“cŽs","112380018000","‘åŽš”nž","35.964597","139.651068","0","1"
"11","é‹ÊŒ§","11238","˜@“cŽs","112380019000","‘åŽš“ìVh","36.008425","139.660379","0","1"
"11","é‹ÊŒ§","11238","˜@“cŽs","112380020000","‘åŽšùŽR","35.979819","139.677676","0","1"
"11","é‹ÊŒ§","11238","˜@“cŽs","112380021000","‘åŽšì“‡","35.978686","139.667728","0","1"
"11","é‹ÊŒ§","11238","˜@“cŽs","112380022000","‘åŽš˜@“c","35.971295","139.645293","0","1"
"11","é‹ÊŒ§","11238","˜@“cŽs","112380023000","‘åŽšŠL’Ë","36.018628","139.647062","0","1"
"11","é‹ÊŒ§","11238","˜@“cŽs","112380024000","‘åŽš‹îè","36.016084","139.623304","0","1"
"11","é‹ÊŒ§","11238","˜@“cŽs","112380025000","‘åŽšˆäÀ","36.023232","139.629267","0","1"
"11","é‹ÊŒ§","11238","˜@“cŽs","112380026000","‘åŽšã•½–ì","36.026283","139.614556","0","1"
"11","é‹ÊŒ§","11238","˜@“cŽs","112380027000","‘åŽš‚’Ž","36.030140","139.600554","0","1"
"11","é‹ÊŒ§","11238","˜@“cŽs","112380028000","‘åŽšª‹à","36.025082","139.638510","0","1"
"11","é‹ÊŒ§","11238","˜@“cŽs","112380029000","‘åŽš]ƒPè","35.992170","139.687317","0","1"
"11","é‹ÊŒ§","11238","˜@“cŽs","112380030000","‘åŽš‰[ŒË","36.004786","139.642415","0","1"
"11","é‹ÊŒ§","11238","˜@“cŽs","112380031001","“¡ƒm–Øˆê’š–Ú","35.985187","139.665383","0","3"
"11","é‹ÊŒ§","11238","˜@“cŽs","112380031002","“¡ƒm–Ø“ñ’š–Ú","35.987222","139.664781","0","3"
"11","é‹ÊŒ§","11238","˜@“cŽs","112380031003","“¡ƒm–ØŽO’š–Ú","35.987987","139.666506","0","3"
"11","é‹ÊŒ§","11238","˜@“cŽs","112380031004","“¡ƒm–ØŽl’š–Ú","35.985654","139.667578","0","3"
"11","é‹ÊŒ§","11238","˜@“cŽs","112380032000","‘åŽš••l","35.996206","139.669229","0","1"
"11","é‹ÊŒ§","11239","âŒËŽs","112390001000","‘åŽš•Ð–öV“c","35.969142","139.407513","0","1"
"11","é‹ÊŒ§","11239","âŒËŽs","112390002000","‘åŽš‰h","35.959126","139.411459","0","1"
"11","é‹ÊŒ§","11239","âŒËŽs","112390003001","’ß•‘ˆê’š–Ú","35.947351","139.372247","0","3"
"11","é‹ÊŒ§","11239","âŒËŽs","112390003002","’ß•‘“ñ’š–Ú","35.950595","139.370957","0","3"
"11","é‹ÊŒ§","11239","âŒËŽs","112390003003","’ß•‘ŽO’š–Ú","35.946761","139.370421","0","3"
"11","é‹ÊŒ§","11239","âŒËŽs","112390003004","’ß•‘Žl’š–Ú","35.949007","139.368627","0","3"
"11","é‹ÊŒ§","11239","âŒËŽs","112390004000","‘åŽšâŒË","35.969360","139.402626","0","1"
"11","é‹ÊŒ§","11239","âŒËŽs","112390005001","ó‰H–ìˆê’š–Ú","35.954951","139.382400","0","3"
"11","é‹ÊŒ§","11239","âŒËŽs","112390005002","ó‰H–ì“ñ’š–Ú","35.951508","139.380145","0","3"
"11","é‹ÊŒ§","11239","âŒËŽs","112390005003","ó‰H–ìŽO’š–Ú","35.948974","139.380013","0","3"
"11","é‹ÊŒ§","11239","âŒËŽs","112390006000","‘åŽš’|”V“à","35.968006","139.357398","0","1"
"11","é‹ÊŒ§","11239","âŒËŽs","112390007001","ŠÖŠÔˆê’š–Ú","35.954670","139.400969","0","3"
"11","é‹ÊŒ§","11239","âŒËŽs","112390007002","ŠÖŠÔ“ñ’š–Ú","35.952499","139.399446","0","3"
"11","é‹ÊŒ§","11239","âŒËŽs","112390007003","ŠÖŠÔŽO’š–Ú","35.949985","139.399762","0","3"
"11","é‹ÊŒ§","11239","âŒËŽs","112390007004","ŠÖŠÔŽl’š–Ú","35.951059","139.404185","0","3"
"11","é‹ÊŒ§","11239","âŒËŽs","112390008000","ŽR“c’¬","35.960651","139.400016","0","1"
"11","é‹ÊŒ§","11239","âŒËŽs","112390009001","¼âŒËˆê’š–Ú","35.931963","139.332952","0","3"
"11","é‹ÊŒ§","11239","âŒËŽs","112390009002","¼âŒË“ñ’š–Ú","35.933614","139.331225","0","3"
"11","é‹ÊŒ§","11239","âŒËŽs","112390009003","¼âŒËŽO’š–Ú","35.930723","139.329732","0","3"
"11","é‹ÊŒ§","11239","âŒËŽs","112390009004","¼âŒËŽl’š–Ú","35.927309","139.331395","0","3"
"11","é‹ÊŒ§","11239","âŒËŽs","112390009005","¼âŒËŒÜ’š–Ú","35.928982","139.335052","0","3"
"11","é‹ÊŒ§","11239","âŒËŽs","112390010001","”ª”¦ˆê’š–Ú","35.959502","139.403951","0","3"
"11","é‹ÊŒ§","11239","âŒËŽs","112390010002","”ª”¦“ñ’š–Ú","35.958938","139.401437","0","3"
"11","é‹ÊŒ§","11239","âŒËŽs","112390011001","‚É‚Á‚³‚¢‰Ô‚Ý‚¸–Øˆê’š–Ú","35.972081","139.377024","0","3"
"11","é‹ÊŒ§","11239","âŒËŽs","112390011002","‚É‚Á‚³‚¢‰Ô‚Ý‚¸–Ø“ñ’š–Ú","35.970288","139.373927","0","3"
"11","é‹ÊŒ§","11239","âŒËŽs","112390011003","‚É‚Á‚³‚¢‰Ô‚Ý‚¸–ØŽO’š–Ú","35.970287","139.370859","0","3"
"11","é‹ÊŒ§","11239","âŒËŽs","112390011004","‚É‚Á‚³‚¢‰Ô‚Ý‚¸–ØŽl’š–Ú","35.969387","139.367028","0","3"
"11","é‹ÊŒ§","11239","âŒËŽs","112390011005","‚É‚Á‚³‚¢‰Ô‚Ý‚¸–ØŒÜ’š–Ú","35.969022","139.363052","0","3"
"11","é‹ÊŒ§","11239","âŒËŽs","112390011006","‚É‚Á‚³‚¢‰Ô‚Ý‚¸–Ø˜Z’š–Ú","35.966469","139.361114","0","3"
"11","é‹ÊŒ§","11239","âŒËŽs","112390011007","‚É‚Á‚³‚¢‰Ô‚Ý‚¸–ØŽµ’š–Ú","35.971414","139.363229","0","3"
"11","é‹ÊŒ§","11239","âŒËŽs","112390011008","‚É‚Á‚³‚¢‰Ô‚Ý‚¸–Ø”ª’š–Ú","35.973215","139.371158","0","3"
"11","é‹ÊŒ§","11239","âŒËŽs","112390012000","—Î’¬","35.954871","139.392100","0","1"
"11","é‹ÊŒ§","11239","âŒËŽs","112390013002","ò’¬“ñ’š–Ú","35.965820","139.389019","0","3"
"11","é‹ÊŒ§","11239","âŒËŽs","112390013003","ò’¬ŽO’š–Ú","35.969248","139.388392","0","3"
"11","é‹ÊŒ§","11239","âŒËŽs","112390014000","Š™‘q’¬","35.966908","139.404595","0","1"
"11","é‹ÊŒ§","11239","âŒËŽs","112390015000","–ö’¬","35.963085","139.407610","0","1"
"11","é‹ÊŒ§","11239","âŒËŽs","112390016001","“ŒâŒËˆê’š–Ú","35.952765","139.441196","0","3"
"11","é‹ÊŒ§","11239","âŒËŽs","112390016002","“ŒâŒË“ñ’š–Ú","35.954019","139.448036","0","3"
"11","é‹ÊŒ§","11239","âŒËŽs","112390017000","ò’¬","35.963130","139.389552","0","1"
"11","é‹ÊŒ§","11239","âŒËŽs","112390018000","‘åŽš¡¼","35.975340","139.366572","0","1"
"11","é‹ÊŒ§","11239","âŒËŽs","112390019000","‘åŽš’·‰ª","35.968207","139.352891","0","1"
"11","é‹ÊŒ§","11239","âŒËŽs","112390020000","–{’¬","35.960872","139.394518","0","1"
"11","é‹ÊŒ§","11239","âŒËŽs","112390021000","‘åŽš‹à“c","35.976503","139.371643","0","1"
"11","é‹ÊŒ§","11239","âŒËŽs","112390022001","ç‘ã“cˆê’š–Ú","35.954703","139.404586","0","3"
"11","é‹ÊŒ§","11239","âŒËŽs","112390022002","ç‘ã“c“ñ’š–Ú","35.958786","139.407806","0","3"
"11","é‹ÊŒ§","11239","âŒËŽs","112390022003","ç‘ã“cŽO’š–Ú","35.952272","139.409853","0","3"
"11","é‹ÊŒ§","11239","âŒËŽs","112390022004","ç‘ã“cŽl’š–Ú","35.956349","139.410145","0","3"
"11","é‹ÊŒ§","11239","âŒËŽs","112390022005","ç‘ã“cŒÜ’š–Ú","35.959699","139.417625","0","3"
"11","é‹ÊŒ§","11239","âŒËŽs","112390023000","‘åŽšˆ¾¶“c","35.960012","139.384181","0","1"
"11","é‹ÊŒ§","11239","âŒËŽs","112390024000","“ì’¬","35.955068","139.396529","0","1"
"11","é‹ÊŒ§","11239","âŒËŽs","112390025000","’‡’¬","35.963406","139.395084","0","1"
"11","é‹ÊŒ§","11239","âŒËŽs","112390026000","“ú‚Ìo’¬","35.958673","139.393424","0","1"
"11","é‹ÊŒ§","11239","âŒËŽs","112390027000","a’[’¬","35.970685","139.393932","0","1"
"11","é‹ÊŒ§","11239","âŒËŽs","112390028000","‚¯‚â‚«‘ä","35.932632","139.339624","0","1"
"11","é‹ÊŒ§","11239","âŒËŽs","112390029000","‰Ô‰e’¬","35.953540","139.385869","0","1"
"11","é‹ÊŒ§","11239","âŒËŽs","112390030000","‘åŽš¬ŽR","35.965362","139.356885","0","1"
"11","é‹ÊŒ§","11239","âŒËŽs","112390031000","ŽOŒõ’¬","35.955961","139.387438","0","1"
"11","é‹ÊŒ§","11239","âŒËŽs","112390032000","‘åŽš–xž","35.965242","139.365117","0","1"
"11","é‹ÊŒ§","11239","âŒËŽs","112390033000","‘åŽšVƒP’J","35.980413","139.389947","0","1"
"11","é‹ÊŒ§","11239","âŒËŽs","112390034000","ˆ°ŽR’¬","35.973906","139.399811","0","1"
"11","é‹ÊŒ§","11239","âŒËŽs","112390035000","´…’¬","35.964214","139.402847","0","1"
"11","é‹ÊŒ§","11239","âŒËŽs","112390036000","’†•x’¬","35.959273","139.387696","0","1"
"11","é‹ÊŒ§","11239","âŒËŽs","112390037000","Œ³’¬","35.965939","139.396778","0","1"
"11","é‹ÊŒ§","11239","âŒËŽs","112390038000","––L’¬","35.975011","139.396123","0","1"
"11","é‹ÊŒ§","11239","âŒËŽs","112390039000","–òŽt’¬","35.969373","139.399534","0","1"
"11","é‹ÊŒ§","11239","âŒËŽs","112390040000","‘åŽš–k•ô","35.960701","139.366061","0","1"
"11","é‹ÊŒ§","11239","âŒËŽs","112390041000","‘åŽšŒ‡ƒmã","35.951125","139.359683","0","1"
"11","é‹ÊŒ§","11239","âŒËŽs","112390042000","‘åŽšV–x","35.965184","139.370272","0","1"
"11","é‹ÊŒ§","11239","âŒËŽs","112390043000","‘åŽš‘ò–Ø","35.978058","139.377467","0","1"
"11","é‹ÊŒ§","11239","âŒËŽs","112390044000","‘åŽš’†—¢","35.961992","139.379934","0","1"
"11","é‹ÊŒ§","11239","âŒËŽs","112390045000","ˆÉ“¤‚ÌŽR’¬","35.972993","139.389387","0","1"
"11","é‹ÊŒ§","11239","âŒËŽs","112390046000","‘åŽš“Œ˜a“c","35.981591","139.385882","0","1"
"11","é‹ÊŒ§","11239","âŒËŽs","112390047000","‘åŽšŒúì","35.947994","139.366007","0","1"
"11","é‹ÊŒ§","11239","âŒËŽs","112390048000","‘åŽšŒË‹{","35.960975","139.426837","0","1"
"11","é‹ÊŒ§","11239","âŒËŽs","112390049000","‘åŽšŠž•û","35.946650","139.361797","0","1"
"11","é‹ÊŒ§","11239","âŒËŽs","112390050000","‘åŽš’Ëè","35.964706","139.375554","0","1"
"11","é‹ÊŒ§","11239","âŒËŽs","112390051000","‘åŽš¬ŠèŽ›","35.956433","139.363240","0","1"
"11","é‹ÊŒ§","11239","âŒËŽs","112390052000","‘åŽšã‹g“c","35.980810","139.394855","0","1"
"11","é‹ÊŒ§","11239","âŒËŽs","112390053000","‘åŽš‘P”\Ž›","35.961049","139.357037","0","1"
"11","é‹ÊŒ§","11239","âŒËŽs","112390054000","‘åŽš–k‘å’Ë","35.956999","139.371414","0","1"
"11","é‹ÊŒ§","11239","âŒËŽs","112390055000","‘åŽš–kó‰H","35.973698","139.360332","0","1"
"11","é‹ÊŒ§","11239","âŒËŽs","112390056000","‘åŽšŽl“úŽsê","35.931080","139.352618","0","1"
"11","é‹ÊŒ§","11239","âŒËŽs","112390057000","‘åŽšÂ–Ø","35.966454","139.433240","0","1"
"11","é‹ÊŒ§","11239","âŒËŽs","112390058000","‘åŽšŒËŒû","35.974776","139.382969","0","1"
"11","é‹ÊŒ§","11239","âŒËŽs","112390059000","‘åŽš’†¬â","35.949780","139.443278","0","1"
"11","é‹ÊŒ§","11239","âŒËŽs","112390060000","‘åŽšó‰H","35.950968","139.375549","0","1"
"11","é‹ÊŒ§","11239","âŒËŽs","112390061000","‘åŽš“‡“c","35.989113","139.417487","0","1"
"11","é‹ÊŒ§","11239","âŒËŽs","112390062000","‘åŽš•Ð–ö","35.976796","139.405452","0","1"
"11","é‹ÊŒ§","11239","âŒËŽs","112390063000","‘åŽšXŒË","35.939104","139.359288","0","1"
"11","é‹ÊŒ§","11239","âŒËŽs","112390064000","‘åŽš’Ë‰z","35.967974","139.424226","0","1"
"11","é‹ÊŒ§","11239","âŒËŽs","112390065000","‘åŽš®‰®","35.959416","139.452581","0","1"
"11","é‹ÊŒ§","11239","âŒËŽs","112390066000","‘åŽš‰¡À","35.965861","139.450070","0","1"
"11","é‹ÊŒ§","11239","âŒËŽs","112390067000","‘åŽš‘½˜a–Ú","35.927784","139.341260","0","1"
"11","é‹ÊŒ§","11239","âŒËŽs","112390068000","‘åŽš¬À","35.974216","139.445488","0","1"
"11","é‹ÊŒ§","11239","âŒËŽs","112390069000","‘åŽšÔ”ö","35.987039","139.433170","0","1"
"11","é‹ÊŒ§","11239","âŒËŽs","112390070000","‘åŽšÎˆä","35.972415","139.414770","0","1"
"11","é‹ÊŒ§","11239","âŒËŽs","112390071001","¼ƒCƒ“ƒ^[ˆê’š–Ú","35.965279","139.382434","0","3"
"11","é‹ÊŒ§","11239","âŒËŽs","112390071002","¼ƒCƒ“ƒ^[“ñ’š–Ú","35.967607","139.378132","0","3"
"11","é‹ÊŒ§","11240","KŽèŽs","112400001001","‹g–ìˆê’š–Ú","36.059288","139.725347","0","3"
"11","é‹ÊŒ§","11240","KŽèŽs","112400002001","¼ˆê’š–Ú","36.082440","139.714586","0","3"
"11","é‹ÊŒ§","11240","KŽèŽs","112400002002","¼“ñ’š–Ú","36.085538","139.715231","0","3"
"11","é‹ÊŒ§","11240","KŽèŽs","112400003001","—Î‘äˆê’š–Ú","36.065394","139.723919","0","3"
"11","é‹ÊŒ§","11240","KŽèŽs","112400003002","—Î‘ä“ñ’š–Ú","36.068774","139.727459","0","3"
"11","é‹ÊŒ§","11240","KŽèŽs","112400004001","“úŒüˆê’š–Ú","36.085505","139.699651","0","3"
"11","é‹ÊŒ§","11240","KŽèŽs","112400004002","“úŒü“ñ’š–Ú","36.085680","139.695266","0","3"
"11","é‹ÊŒ§","11240","KŽèŽs","112400004003","“úŒüŽO’š–Ú","36.087965","139.696392","0","3"
"11","é‹ÊŒ§","11240","KŽèŽs","112400004004","“úŒüŽl’š–Ú","36.087920","139.700832","0","3"
"11","é‹ÊŒ§","11240","KŽèŽs","112400005001","“Œˆê’š–Ú","36.068676","139.722058","0","3"
"11","é‹ÊŒ§","11240","KŽèŽs","112400005002","“Œ“ñ’š–Ú","36.071723","139.723769","0","3"
"11","é‹ÊŒ§","11240","KŽèŽs","112400005003","“ŒŽO’š–Ú","36.074612","139.725826","0","3"
"11","é‹ÊŒ§","11240","KŽèŽs","112400005004","“ŒŽl’š–Ú","36.077420","139.727006","0","3"
"11","é‹ÊŒ§","11240","KŽèŽs","112400005005","“ŒŒÜ’š–Ú","36.079839","139.727342","0","3"
"11","é‹ÊŒ§","11240","KŽèŽs","112400006001","’†ˆê’š–Ú","36.074539","139.716709","0","3"
"11","é‹ÊŒ§","11240","KŽèŽs","112400006002","’†“ñ’š–Ú","36.073739","139.719884","0","3"
"11","é‹ÊŒ§","11240","KŽèŽs","112400006003","’†ŽO’š–Ú","36.077298","139.721800","0","3"
"11","é‹ÊŒ§","11240","KŽèŽs","112400006004","’†Žl’š–Ú","36.079704","139.717791","0","3"
"11","é‹ÊŒ§","11240","KŽèŽs","112400006005","’†ŒÜ’š–Ú","36.077939","139.711362","0","3"
"11","é‹ÊŒ§","11240","KŽèŽs","112400007001","ã‚–ìˆê’š–Ú","36.067230","139.718439","0","3"
"11","é‹ÊŒ§","11240","KŽèŽs","112400008001","“ìˆê’š–Ú","36.070241","139.716587","0","3"
"11","é‹ÊŒ§","11240","KŽèŽs","112400008002","“ì“ñ’š–Ú","36.068751","139.711788","0","3"
"11","é‹ÊŒ§","11240","KŽèŽs","112400008003","“ìŽO’š–Ú","36.073291","139.711768","0","3"
"11","é‹ÊŒ§","11240","KŽèŽs","112400009001","–kˆê’š–Ú","36.084497","139.718703","0","3"
"11","é‹ÊŒ§","11240","KŽèŽs","112400009002","–k“ñ’š–Ú","36.084053","139.723081","0","3"
"11","é‹ÊŒ§","11240","KŽèŽs","112400009003","–kŽO’š–Ú","36.086606","139.727350","0","3"
"11","é‹ÊŒ§","11240","KŽèŽs","112400010001","ŒË“‡ˆê’š–Ú","36.049633","139.732972","0","3"
"11","é‹ÊŒ§","11240","KŽèŽs","112400010002","ŒË“‡“ñ’š–Ú","36.049394","139.741393","0","3"
"11","é‹ÊŒ§","11240","KŽèŽs","112400011001","“V_“‡ˆê’š–Ú","36.061065","139.726003","0","3"
"11","é‹ÊŒ§","11240","KŽèŽs","112400012000","‘åŽš×–ì","36.055307","139.779010","0","1"
"11","é‹ÊŒ§","11240","KŽèŽs","112400013000","‘åŽš‰º‰F˜a“c","36.070045","139.767365","0","1"
"11","é‹ÊŒ§","11240","KŽèŽs","112400014000","‰h","36.056803","139.720721","0","1"
"11","é‹ÊŒ§","11240","KŽèŽs","112400015000","‘åŽš¼Î","36.098260","139.710824","0","1"
"11","é‹ÊŒ§","11240","KŽèŽs","112400016000","‘åŽš’†“‡","36.079416","139.778172","0","1"
"11","é‹ÊŒ§","11240","KŽèŽs","112400017000","‘åŽš‰Ô“‡","36.068243","139.782327","0","1"
"11","é‹ÊŒ§","11240","KŽèŽs","112400018000","‘åŽš¼ŠÖh","36.085990","139.775174","0","1"
"11","é‹ÊŒ§","11240","KŽèŽs","112400019000","‘åŽš“à‘•{ŠÔ","36.090528","139.721829","0","1"
"11","é‹ÊŒ§","11240","KŽèŽs","112400020000","‘åŽšKŽè","36.074382","139.729623","0","1"
"11","é‹ÊŒ§","11240","KŽèŽs","112400021000","‘åŽš‹g–ì","36.053374","139.726778","0","1"
"11","é‹ÊŒ§","11240","KŽèŽs","112400022000","‘åŽš‰~“¡“à","36.091634","139.712586","0","1"
"11","é‹ÊŒ§","11240","KŽèŽs","112400023001","•½{‰êˆê’š–Ú","36.057831","139.735205","0","3"
"11","é‹ÊŒ§","11240","KŽèŽs","112400023002","•½{‰ê“ñ’š–Ú","36.055907","139.729870","0","3"
"11","é‹ÊŒ§","11240","KŽèŽs","112400024000","‘åŽš’†–ì","36.054267","139.758387","0","1"
"11","é‹ÊŒ§","11240","KŽèŽs","112400025000","‘åŽš“V_“‡","36.066827","139.731862","0","1"
"11","é‹ÊŒ§","11240","KŽèŽs","112400026000","‘åŽš–Š–ì’n","36.061035","139.783922","0","1"
"11","é‹ÊŒ§","11240","KŽèŽs","112400027000","‘åŽš‚{‰ê","36.094929","139.717625","0","1"
"11","é‹ÊŒ§","11240","KŽèŽs","112400028000","‘åŽš•½–ì","36.061327","139.758007","0","1"
"11","é‹ÊŒ§","11240","KŽèŽs","112400029000","‘åŽš‰ºìè","36.082599","139.706038","0","1"
"11","é‹ÊŒ§","11240","KŽèŽs","112400030000","‘åŽšã‰F˜a“c","36.075835","139.764238","0","1"
"11","é‹ÊŒ§","11240","KŽèŽs","112400031000","‘åŽš’†ìè","36.080917","139.697997","0","1"
"11","é‹ÊŒ§","11240","KŽèŽs","112400032000","‘åŽšŠO‘•{ŠÔ","36.103519","139.723924","0","1"
"11","é‹ÊŒ§","11240","KŽèŽs","112400033000","‘åŽšŒ Œ»“°","36.088747","139.728122","0","1"
"11","é‹ÊŒ§","11240","KŽèŽs","112400034000","‘åŽš•½{‰ê","36.065390","139.739984","0","1"
"11","é‹ÊŒ§","11240","KŽèŽs","112400035000","‘åŽš’·ŠÔ","36.048859","139.766663","0","1"
"11","é‹ÊŒ§","11240","KŽèŽs","112400036000","‘åŽšŒË“‡","36.047250","139.735717","0","1"
"11","é‹ÊŒ§","11240","KŽèŽs","112400037000","‘åŽš_–¾“à","36.074290","139.744704","0","1"
"11","é‹ÊŒ§","11240","KŽèŽs","112400038000","‘åŽš‰º‹g‰H","36.069376","139.759766","0","1"
"11","é‹ÊŒ§","11240","KŽèŽs","112400039000","‘åŽšç’Ë","36.090704","139.702001","0","1"
"11","é‹ÊŒ§","11240","KŽèŽs","112400040000","‘åŽš_î","36.061138","139.745516","0","1"
"11","é‹ÊŒ§","11240","KŽèŽs","112400041000","‘åŽš–Ø—§","36.078516","139.755005","0","1"
"11","é‹ÊŒ§","11240","KŽèŽs","112400042000","‘åŽšã‹g‰H","36.077810","139.738254","0","1"
"11","é‹ÊŒ§","11240","KŽèŽs","112400043000","‘åŽšã‚–ì","36.060420","139.713703","0","1"
"11","é‹ÊŒ§","11240","KŽèŽs","112400044000","‘åŽš‘yV“c","36.060365","139.771209","0","1"
"11","é‹ÊŒ§","11241","’ßƒ–“‡Žs","112410006000 ","‰HÜ’¬","35.950249","139.382175","0","1"
"11","é‹ÊŒ§","11241","’ßƒ–“‡Žs","112410010001 ","‹rÜ’¬ˆê’š–Ú","35.951024","139.394405","0","3"
"11","é‹ÊŒ§","11241","’ßƒ–“‡Žs","112410010002 ","‹rÜ’¬“ñ’š–Ú","35.950060","139.390191","0","3"
"11","é‹ÊŒ§","11241","’ßƒ–“‡Žs","112410010003 ","‹rÜ’¬ŽO’š–Ú","35.945963","139.388890","0","3"
"11","é‹ÊŒ§","11241","’ßƒ–“‡Žs","112410010004 ","‹rÜ’¬Žl’š–Ú","35.946979","139.393488","0","3"
"11","é‹ÊŒ§","11241","’ßƒ–“‡Žs","112410010005 ","‹rÜ’¬ŒÜ’š–Ú","35.945977","139.396953","0","3"
"11","é‹ÊŒ§","11241","’ßƒ–“‡Žs","112410010006 ","‹rÜ’¬˜Z’š–Ú","35.941946","139.391117","0","3"
"11","é‹ÊŒ§","11241","’ßƒ–“‡Žs","112410003000 ","‹¤‰h’¬","35.947199","139.399670","0","1"
"11","é‹ÊŒ§","11241","’ßƒ–“‡Žs","112410007001 ","ŽOƒc–ØV’¬ˆê’š–Ú","35.925969","139.392034","0","3"
"11","é‹ÊŒ§","11241","’ßƒ–“‡Žs","112410007002 ","ŽOƒc–ØV’¬“ñ’š–Ú","35.920733","139.385926","0","3"
"11","é‹ÊŒ§","11241","’ßƒ–“‡Žs","112410024001 ","Žá—tˆê’š–Ú","35.947942","139.407202","1","3"
"11","é‹ÊŒ§","11241","’ßƒ–“‡Žs","112410024002","Žá—t“ñ’š–Ú","35.946124","139.409468","1","3"
"11","é‹ÊŒ§","11241","’ßƒ–“‡Žs","112410005001 ","¼ƒ–‹uˆê’š–Ú","35.928635","139.415061","0","3"
"11","é‹ÊŒ§","11241","’ßƒ–“‡Žs","112410005002 ","¼ƒ–‹u“ñ’š–Ú","35.927975","139.417189","0","3"
"11","é‹ÊŒ§","11241","’ßƒ–“‡Žs","112410005003 ","¼ƒ–‹uŽO’š–Ú","35.924927","139.418137","0","3"
"11","é‹ÊŒ§","11241","’ßƒ–“‡Žs","112410005004 ","¼ƒ–‹uŽl’š–Ú","35.924897","139.414426","0","3"
"11","é‹ÊŒ§","11241","’ßƒ–“‡Žs","112410005005 ","¼ƒ–‹uŒÜ’š–Ú","35.926696","139.412449","0","3"
"11","é‹ÊŒ§","11241","’ßƒ–“‡Žs","112410008001 ","V’¬ˆê’š–Ú","35.938251","139.373930","0","3"
"11","é‹ÊŒ§","11241","’ßƒ–“‡Žs","112410008002 ","V’¬“ñ’š–Ú","35.936273","139.371387","0","3"
"11","é‹ÊŒ§","11241","’ßƒ–“‡Žs","112410008003 ","V’¬ŽO’š–Ú","35.933181","139.371979","0","3"
"11","é‹ÊŒ§","11241","’ßƒ–“‡Žs","112410008004 ","V’¬Žl’š–Ú","35.933624","139.368082","0","3"
"11","é‹ÊŒ§","11241","’ßƒ–“‡Žs","112410017000 ","‘åŽš‰ºV“c","35.941449","139.372659","1","1"
"11","é‹ÊŒ§","11241","’ßƒ–“‡Žs","112410019000 ","‘åŽš‹rÜ","35.942579","139.400492","0","1"
"11","é‹ÊŒ§","11241","’ßƒ–“‡Žs","112410016000 ","‘åŽšŒÜ–¡ƒ–’J","35.945366","139.421170","0","1"
"11","é‹ÊŒ§","11241","’ßƒ–“‡Žs","112410023000 ","‘åŽš‚‘q","35.930306","139.380203","0","1"
"11","é‹ÊŒ§","11241","’ßƒ–“‡Žs","112410020000 ","‘åŽšŽOƒc–Ø","35.929049","139.391857","0","1"
"11","é‹ÊŒ§","11241","’ßƒ–“‡Žs","112410004000 ","‘åŽšŽOƒc–ØV“c","35.922929","139.382490","0","1"
"11","é‹ÊŒ§","11241","’ßƒ–“‡Žs","112410018000 ","‘åŽšãL’J","35.943757","139.411245","1","1"
"11","é‹ÊŒ§","11241","’ßƒ–“‡Žs","112410014000 ","‘åŽšãV“c","35.931394","139.362480","0","1"
"11","é‹ÊŒ§","11241","’ßƒ–“‡Žs","112410022000 ","‘åŽš‘¾“cƒ–’J","35.923513","139.400169","0","1"
"11","é‹ÊŒ§","11241","’ßƒ–“‡Žs","112410012000 ","‘åŽš’†V“c","35.940795","139.371467","1","1"
"11","é‹ÊŒ§","11241","’ßƒ–“‡Žs","112410015000 ","‘åŽš’¬‰®","35.927417","139.359586","0","1"
"11","é‹ÊŒ§","11241","’ßƒ–“‡Žs","112410013000 ","‘åŽš’ßƒ–‹u","35.934160","139.413402","0","1"
"11","é‹ÊŒ§","11241","’ßƒ–“‡Žs","112410021000 ","‘åŽš“¡‹à","35.944363","139.407896","1","1"
"11","é‹ÊŒ§","11241","’ßƒ–“‡Žs","112410001000 ","‘åŽš•xŽmŒ©","35.947686","139.415127","0","1"
"11","é‹ÊŒ§","11241","’ßƒ–“‡Žs","112410002001 ","“ì’¬ˆê’š–Ú","35.925140","139.408381","0","3"
"11","é‹ÊŒ§","11241","’ßƒ–“‡Žs","112410002002 ","“ì’¬“ñ’š–Ú","35.923439","139.408403","0","3"
"11","é‹ÊŒ§","11241","’ßƒ–“‡Žs","112410002003 ","“ì’¬ŽO’š–Ú","35.922419","139.405874","0","3"
"11","é‹ÊŒ§","11241","’ßƒ–“‡Žs","112410009001 ","•xŽmŒ©ˆê’š–Ú","35.947617","139.410896","1","3"
"11","é‹ÊŒ§","11241","’ßƒ–“‡Žs","112410009002 ","•xŽmŒ©“ñ’š–Ú","35.951175","139.414054","0","3"
"11","é‹ÊŒ§","11241","’ßƒ–“‡Žs","112410009003 ","•xŽmŒ©ŽO’š–Ú","35.955438","139.414134","0","3"
"11","é‹ÊŒ§","11241","’ßƒ–“‡Žs","112410009004 ","•xŽmŒ©Žl’š–Ú","35.952962","139.418012","0","3"
"11","é‹ÊŒ§","11241","’ßƒ–“‡Žs","112410009005 ","•xŽmŒ©ŒÜ’š–Ú","35.951079","139.421078","0","3"
"11","é‹ÊŒ§","11241","’ßƒ–“‡Žs","112410009006 ","•xŽmŒ©˜Z’š–Ú","35.955764","139.419161","0","3"
"11","é‹ÊŒ§","11241","’ßƒ–“‡Žs","112410011000 ","–öŒË’¬","35.922264","139.391744","0","1"
"11","é‹ÊŒ§","11242","“ú‚Žs","112420001000","‰Ž“cãƒm‘ä","35.892491","139.333933","0","1"
"11","é‹ÊŒ§","11242","“ú‚Žs","112420002000","‘åŽš—‰eV“c","35.905391","139.361517","0","1"
"11","é‹ÊŒ§","11242","“ú‚Žs","112420003001","•‘ ‘äˆê’š–Ú","35.879605","139.301211","0","3"
"11","é‹ÊŒ§","11242","“ú‚Žs","112420003002","•‘ ‘ä“ñ’š–Ú","35.875511","139.303218","0","3"
"11","é‹ÊŒ§","11242","“ú‚Žs","112420003003","•‘ ‘äŽO’š–Ú","35.875772","139.300527","0","3"
"11","é‹ÊŒ§","11242","“ú‚Žs","112420003004","•‘ ‘äŽl’š–Ú","35.875559","139.298836","0","3"
"11","é‹ÊŒ§","11242","“ú‚Žs","112420003005","•‘ ‘äŒÜ’š–Ú","35.872685","139.302630","0","3"
"11","é‹ÊŒ§","11242","“ú‚Žs","112420003006","•‘ ‘ä˜Z’š–Ú","35.870392","139.296779","0","3"
"11","é‹ÊŒ§","11242","“ú‚Žs","112420003007","•‘ ‘äŽµ’š–Ú","35.874821","139.297510","0","3"
"11","é‹ÊŒ§","11242","“ú‚Žs","112420004001","Žl–{–Øˆê’š–Ú","35.897369","139.333888","0","3"
"11","é‹ÊŒ§","11242","“ú‚Žs","112420004002","Žl–{–Ø“ñ’š–Ú","35.898695","139.333060","0","3"
"11","é‹ÊŒ§","11242","“ú‚Žs","112420005001","‚—íìˆê’š–Ú","35.898107","139.336249","0","3"
"11","é‹ÊŒ§","11242","“ú‚Žs","112420005002","‚—íì“ñ’š–Ú","35.894191","139.336431","0","3"
"11","é‹ÊŒ§","11242","“ú‚Žs","112420005003","‚—íìŽO’š–Ú","35.895780","139.334251","0","3"
"11","é‹ÊŒ§","11242","“ú‚Žs","112420006001","‚”‹“Œˆê’š–Ú","35.908356","139.379437","0","3"
"11","é‹ÊŒ§","11242","“ú‚Žs","112420006002","‚”‹“Œ“ñ’š–Ú","35.910591","139.381570","0","3"
"11","é‹ÊŒ§","11242","“ú‚Žs","112420006003","‚”‹“ŒŽO’š–Ú","35.909923","139.383333","0","3"
"11","é‹ÊŒ§","11242","“ú‚Žs","112420007000","‘åŽšV–xV“c","35.905002","139.347853","0","1"
"11","é‹ÊŒ§","11242","“ú‚Žs","112420008000","‘åŽš‹v•Û","35.882301","139.301491","0","1"
"11","é‹ÊŒ§","11242","“ú‚Žs","112420009000","‘åŽš–ìX‹{","35.893606","139.329388","0","1"
"11","é‹ÊŒ§","11242","“ú‚Žs","112420010001","‰¡Žèˆê’š–Ú","35.873967","139.290220","0","3"
"11","é‹ÊŒ§","11242","“ú‚Žs","112420010002","‰¡Žè“ñ’š–Ú","35.874292","139.285845","0","3"
"11","é‹ÊŒ§","11242","“ú‚Žs","112420011000","‘åŽš‰º‚”‹V“c","35.916150","139.380885","0","1"
"11","é‹ÊŒ§","11242","“ú‚Žs","112420012000","‘åŽš‚•x","35.876983","139.385601","0","1"
"11","é‹ÊŒ§","11242","“ú‚Žs","112420013000","‘åŽš‰Ž“c","35.888504","139.333880","0","1"
"11","é‹ÊŒ§","11242","“ú‚Žs","112420014000","‘åŽš”nˆø‘ò","35.873651","139.369368","0","1"
"11","é‹ÊŒ§","11242","“ú‚Žs","112420015000","‘åŽšž¾–Ø","35.886242","139.328124","0","1"
"11","é‹ÊŒ§","11242","“ú‚Žs","112420016000","‘åŽš“c–Ø","35.874171","139.377635","0","1"
"11","é‹ÊŒ§","11242","“ú‚Žs","112420017000","‘åŽšŽRª","35.918953","139.323940","0","1"
"11","é‹ÊŒ§","11242","“ú‚Žs","112420018000","‘åŽš’†Ž­ŽR","35.890566","139.345756","0","1"
"11","é‹ÊŒ§","11242","“ú‚Žs","112420019000","‘åŽšXŒËV“c","35.916155","139.374107","0","1"
"11","é‹ÊŒ§","11242","“ú‚Žs","112420020000","‘åŽš”~Œ´","35.881198","139.317455","0","1"
"11","é‹ÊŒ§","11242","“ú‚Žs","112420021000","‘åŽš‘ä","35.879212","139.306957","0","1"
"11","é‹ÊŒ§","11242","“ú‚Žs","112420022000","‘åŽš‰ºŽ­ŽR","35.894594","139.354061","0","1"
"11","é‹ÊŒ§","11242","“ú‚Žs","112420023000","‘åŽš´—¬","35.894666","139.307059","0","1"
"11","é‹ÊŒ§","11242","“ú‚Žs","112420024000","‘åŽšŽ­ŽR","35.899761","139.348341","0","1"
"11","é‹ÊŒ§","11242","“ú‚Žs","112420025000","‘åŽš‚‰ª","35.896269","139.314825","0","1"
"11","é‹ÊŒ§","11242","“ú‚Žs","112420026000","‘åŽšŒI’Ø","35.885843","139.322602","0","1"
"11","é‹ÊŒ§","11242","“ú‚Žs","112420027000","‘åŽš‘å’J‘ò","35.885090","139.380791","0","1"
"11","é‹ÊŒ§","11242","“ú‚Žs","112420028000","‘åŽš‹îŽ›–ìV“c","35.921842","139.362429","0","1"
"11","é‹ÊŒ§","11242","“ú‚Žs","112420029000","‘åŽšãŽ­ŽR","35.885917","139.340906","0","1"
"11","é‹ÊŒ§","11242","“ú‚Žs","112420030000","‘åŽš’†‘ò","35.887052","139.371455","0","1"
"11","é‹ÊŒ§","11242","“ú‚Žs","112420031000","‘åŽš“c”g–Ú","35.919478","139.347099","0","1"
"11","é‹ÊŒ§","11242","“ú‚Žs","112420032000","‘åŽšŒ´h","35.904058","139.344175","0","1"
"11","é‹ÊŒ§","11242","“ú‚Žs","112420033000","‘åŽš“ì•½‘ò","35.910819","139.335865","0","1"
"11","é‹ÊŒ§","11242","“ú‚Žs","112420034000","‘åŽšˆ®ƒP‹u","35.911907","139.362086","0","1"
"11","é‹ÊŒ§","11242","“ú‚Žs","112420035000","‘åŽš‰º‘å’J‘ò","35.891020","139.389890","0","1"
"11","é‹ÊŒ§","11242","“ú‚Žs","112420036000","‘åŽšV–x","35.899218","139.324104","0","1"
"11","é‹ÊŒ§","11242","“ú‚Žs","112420037000","‘åŽš—‰e","35.889511","139.358829","0","1"
"11","é‹ÊŒ§","11242","“ú‚Žs","112420038000","‘åŽš–k•½‘ò","35.910718","139.319041","0","1"
"11","é‹ÊŒ§","11242","“ú‚Žs","112420039000","‘åŽš‚—í–{‹½","35.892082","139.297823","0","1"
"11","é‹ÊŒ§","11242","“ú‚Žs","112420040000","‘åŽš‰¡Žè","35.885743","139.285151","0","1"
"11","é‹ÊŒ§","11242","“ú‚Žs","112420041000","‘åŽš‚”‹","35.900997","139.376946","0","1"
"11","é‹ÊŒ§","11243","‹gìŽs","112430001000","‘åŽš’†“‡","35.878188","139.866809","0","1"
"11","é‹ÊŒ§","11243","‹gìŽs","112430002000","’†ì‘ä","35.878578","139.841542","0","1"
"11","é‹ÊŒ§","11243","‹gìŽs","112430003000","‘åŽš“ñƒcÀ","35.874504","139.869626","0","1"
"11","é‹ÊŒ§","11243","‹gìŽs","112430004000","‘åŽš‰ï–ì’J","35.897431","139.859801","0","1"
"11","é‹ÊŒ§","11243","‹gìŽs","112430005000","‘åŽš“¹’ë","35.865983","139.862083","0","1"
"11","é‹ÊŒ§","11243","‹gìŽs","112430006001","–Ø”„ˆê’š–Ú","35.876567","139.844791","0","3"
"11","é‹ÊŒ§","11243","‹gìŽs","112430006002","–Ø”„“ñ’š–Ú","35.875093","139.842834","0","3"
"11","é‹ÊŒ§","11243","‹gìŽs","112430006003","–Ø”„ŽO’š–Ú","35.875263","139.845689","0","3"
"11","é‹ÊŒ§","11243","‹gìŽs","112430007001","V‰hˆê’š–Ú","35.892610","139.860318","0","3"
"11","é‹ÊŒ§","11243","‹gìŽs","112430007002","V‰h“ñ’š–Ú","35.890572","139.860896","0","3"
"11","é‹ÊŒ§","11243","‹gìŽs","112430008001","“¹’ëˆê’š–Ú","35.861048","139.842483","0","3"
"11","é‹ÊŒ§","11243","‹gìŽs","112430008002","“¹’ë“ñ’š–Ú","35.861600","139.846920","0","3"
"11","é‹ÊŒ§","11243","‹gìŽs","112430009001","‰ï–ì’Jˆê’š–Ú","35.897358","139.863287","0","3"
"11","é‹ÊŒ§","11243","‹gìŽs","112430009002","‰ï–ì’J“ñ’š–Ú","35.898828","139.859769","0","3"
"11","é‹ÊŒ§","11243","‹gìŽs","112430010001","‚‹vˆê’š–Ú","35.867473","139.842202","0","3"
"11","é‹ÊŒ§","11243","‹gìŽs","112430010002","‚‹v“ñ’š–Ú","35.869124","139.846139","0","3"
"11","é‹ÊŒ§","11243","‹gìŽs","112430011000","‘åŽšŽMÀ","35.884208","139.876875","0","1"
"11","é‹ÊŒ§","11243","‹gìŽs","112430012000","‘åŽš’†ˆä","35.885710","139.864247","0","1"
"11","é‹ÊŒ§","11243","‹gìŽs","112430013001","‚•xˆê’š–Ú","35.871718","139.842923","0","3"
"11","é‹ÊŒ§","11243","‹gìŽs","112430013002","‚•x“ñ’š–Ú","35.871972","139.846130","0","3"
"11","é‹ÊŒ§","11243","‹gìŽs","112430014001","‚«‚æ‚Ý–ìˆê’š–Ú","35.896106","139.856211","0","3"
"11","é‹ÊŒ§","11243","‹gìŽs","112430014002","‚«‚æ‚Ý–ì“ñ’š–Ú","35.894407","139.851396","0","3"
"11","é‹ÊŒ§","11243","‹gìŽs","112430014003","‚«‚æ‚Ý–ìŽO’š–Ú","35.897914","139.850910","0","3"
"11","é‹ÊŒ§","11243","‹gìŽs","112430014004","‚«‚æ‚Ý–ìŽl’š–Ú","35.898919","139.852836","0","3"
"11","é‹ÊŒ§","11243","‹gìŽs","112430014005","‚«‚æ‚Ý–ìŒÜ’š–Ú","35.899578","139.854929","0","3"
"11","é‹ÊŒ§","11243","‹gìŽs","112430015001","ŽO—Ö–ì]ˆê’š–Ú","35.870649","139.873208","0","3"
"11","é‹ÊŒ§","11243","‹gìŽs","112430015002","ŽO—Ö–ì]“ñ’š–Ú","35.869250","139.875461","0","3"
"11","é‹ÊŒ§","11243","‹gìŽs","112430016000","‘åŽšì•x","35.896723","139.846766","0","1"
"11","é‹ÊŒ§","11243","‹gìŽs","112430017000","‘åŽšŠÖV“c","35.897650","139.873581","0","1"
"11","é‹ÊŒ§","11243","‹gìŽs","112430018001","ŽMÀˆê’š–Ú","35.888331","139.869716","0","3"
"11","é‹ÊŒ§","11243","‹gìŽs","112430018002","ŽMÀ“ñ’š–Ú","35.885005","139.872459","0","3"
"11","é‹ÊŒ§","11243","‹gìŽs","112430019001","ãù’Ëˆê’š–Ú","35.902435","139.857917","0","3"
"11","é‹ÊŒ§","11243","‹gìŽs","112430019002","ãù’Ë“ñ’š–Ú","35.902962","139.861626","0","3"
"11","é‹ÊŒ§","11243","‹gìŽs","112430019003","ãù’ËŽO’š–Ú","35.902993","139.865840","0","3"
"11","é‹ÊŒ§","11243","‹gìŽs","112430020001","’†ˆäˆê’š–Ú","35.893651","139.866533","0","3"
"11","é‹ÊŒ§","11243","‹gìŽs","112430020002","’†ˆä“ñ’š–Ú","35.893631","139.862476","0","3"
"11","é‹ÊŒ§","11243","‹gìŽs","112430020003","’†ˆäŽO’š–Ú","35.890320","139.866570","0","3"
"11","é‹ÊŒ§","11243","‹gìŽs","112430021000","‘åŽšŠÖ","35.894932","139.847334","0","1"
"11","é‹ÊŒ§","11243","‹gìŽs","112430022001","’†‘]ªˆê’š–Ú","35.863547","139.841802","0","3"
"11","é‹ÊŒ§","11243","‹gìŽs","112430022002","’†‘]ª“ñ’š–Ú","35.865018","139.846435","0","3"
"11","é‹ÊŒ§","11243","‹gìŽs","112430023001","“ñƒcÀˆê’š–Ú","35.874535","139.872254","0","3"
"11","é‹ÊŒ§","11243","‹gìŽs","112430023002","“ñƒcÀ“ñ’š–Ú","35.873751","139.876396","0","3"
"11","é‹ÊŒ§","11243","‹gìŽs","112430024001","•½Àˆê’š–Ú","35.884288","139.844402","0","3"
"11","é‹ÊŒ§","11243","‹gìŽs","112430025001","‹g‰®ˆê’š–Ú","35.893015","139.874553","0","3"
"11","é‹ÊŒ§","11243","‹gìŽs","112430025002","‹g‰®“ñ’š–Ú","35.892483","139.878544","0","3"
"11","é‹ÊŒ§","11243","‹gìŽs","112430026000","‘åŽšŽ­Œ©’Ë","35.889388","139.872697","0","1"
"11","é‹ÊŒ§","11243","‹gìŽs","112430027001","‹gìˆê’š–Ú","35.889014","139.844126","0","3"
"11","é‹ÊŒ§","11243","‹gìŽs","112430027002","‹gì“ñ’š–Ú","35.894362","139.841520","0","3"
"11","é‹ÊŒ§","11243","‹gìŽs","112430028000","‘åŽš¬¼ì","35.883885","139.862766","0","1"
"11","é‹ÊŒ§","11243","‹gìŽs","112430029001","”ü“ìˆê’š–Ú","35.872552","139.849746","0","3"
"11","é‹ÊŒ§","11243","‹gìŽs","112430029002","”ü“ì“ñ’š–Ú","35.868399","139.854476","0","3"
"11","é‹ÊŒ§","11243","‹gìŽs","112430029003","”ü“ìŽO’š–Ú","35.865153","139.858836","0","3"
"11","é‹ÊŒ§","11243","‹gìŽs","112430029004","”ü“ìŽl’š–Ú","35.863512","139.850992","0","3"
"11","é‹ÊŒ§","11243","‹gìŽs","112430029005","”ü“ìŒÜ’š–Ú","35.867580","139.849674","0","3"
"11","é‹ÊŒ§","11243","‹gìŽs","112430030001","•Ûˆê’š–Ú","35.879847","139.844861","0","3"
"11","é‹ÊŒ§","11243","‹gìŽs","112430031000","‹gì’c’n","35.891554","139.847396","0","1"
"11","é‹ÊŒ§","11243","‹gìŽs","112430032000","‘åŽšãù’Ë","35.903380","139.869494","0","1"
"11","é‹ÊŒ§","11243","‹gìŽs","112430033000","‘åŽš•xV“c","35.875781","139.862627","0","1"
"11","é‹ÊŒ§","11243","‹gìŽs","112430034000","‘åŽšì–ì","35.899558","139.847920","0","1"
"11","é‹ÊŒ§","11243","‹gìŽs","112430035001","ŠÖV“cˆê’š–Ú","35.895281","139.868364","0","3"
"11","é‹ÊŒ§","11243","‹gìŽs","112430035002","ŠÖV“c“ñ’š–Ú","35.896503","139.871417","0","3"
"11","é‹ÊŒ§","11243","‹gìŽs","112430036001","’†“‡ˆê’š–Ú","35.884235","139.867684","0","3"
"11","é‹ÊŒ§","11243","‹gìŽs","112430036002","’†“‡“ñ’š–Ú","35.879388","139.875133","0","3"
"11","é‹ÊŒ§","11243","‹gìŽs","112430036003","’†“‡ŽO’š–Ú","35.878596","139.870304","0","3"
"11","é‹ÊŒ§","11243","‹gìŽs","112430037000","‘åŽš‚•x","35.873659","139.855528","0","1"
"11","é‹ÊŒ§","11243","‹gìŽs","112430038000","‘åŽš–Ø”„","35.877017","139.851248","0","1"
"11","é‹ÊŒ§","11243","‹gìŽs","112430039000","ˆ®","35.930844","139.841813","0","1"
"11","é‹ÊŒ§","11243","‹gìŽs","112430040000","‘åŽš“yê","35.877372","139.883007","0","1"
"11","é‹ÊŒ§","11243","‹gìŽs","112430041000","‘åŽš“ç¬˜H","35.910465","139.866692","0","1"
"11","é‹ÊŒ§","11243","‹gìŽs","112430042000","‘åŽš•½À","35.889099","139.857109","0","1"
"11","é‹ÊŒ§","11243","‹gìŽs","112430043000","‘åŽš”Ñ“‡","35.880030","139.882949","0","1"
"11","é‹ÊŒ§","11243","‹gìŽs","112430044000","’†–ì","35.882857","139.859309","0","1"
"11","é‹ÊŒ§","11243","‹gìŽs","112430045000","‘åŽš‹gì","35.888995","139.840867","0","1"
"11","é‹ÊŒ§","11243","‹gìŽs","112430046000","‰h’¬","35.886494","139.854013","0","1"
"11","é‹ÊŒ§","11243","‹gìŽs","112430047000","‘åŽš{‰ê","35.897798","139.833882","0","1"
"11","é‹ÊŒ§","11243","‹gìŽs","112430048000","‘åŽš–Ø”„V“c","35.878143","139.860769","0","1"
"11","é‹ÊŒ§","11243","‹gìŽs","112430049000","‘åŽšEˆëŒ¬","35.921734","139.838168","0","1"
"11","é‹ÊŒ§","11243","‹gìŽs","112430050000","‘åŽš’†‘]ª","35.868651","139.864247","0","1"
"11","é‹ÊŒ§","11243","‹gìŽs","112430051000","‘åŽš•Û","35.881912","139.849669","0","1"
"11","é‹ÊŒ§","11243","‹gìŽs","112430052000","‘åŽš”¼Š„","35.883403","139.885708","0","1"
"11","é‹ÊŒ§","11243","‹gìŽs","112430053000","‘åŽš‚‹v","35.871797","139.862021","0","1"
"11","é‹ÊŒ§","11243","‹gìŽs","112430054000","‘åŽš‹g‰®","35.891825","139.885439","0","1"
"11","é‹ÊŒ§","11243","‹gìŽs","112430055000","‘åŽš•½•ûV“c","35.898895","139.878836","0","1"
"11","é‹ÊŒ§","11243","‹gìŽs","112430056000","‘åŽš‰Á“¡","35.887256","139.882975","0","1"
"11","é‹ÊŒ§","11243","‹gìŽs","112430057000","‘åŽš”ªŽqV“c","35.916086","139.864978","0","1"
"11","é‹ÊŒ§","11243","‹gìŽs","112430058000","‘åŽš[ˆäV“c","35.906899","139.873666","0","1"
"11","é‹ÊŒ§","11243","‹gìŽs","112430059000","‘åŽš“ìL“‡","35.919590","139.847120","0","1"
"11","é‹ÊŒ§","11243","‹gìŽs","112430060000","‘åŽš‰º“àì","35.923582","139.858957","0","1"
"11","é‹ÊŒ§","11243","‹gìŽs","112430061000","‘åŽšã“àì","35.931997","139.852762","0","1"
"11","é‹ÊŒ§","11243","‹gìŽs","112430062000","‘åŽšŽO—Ö–ì]","35.872971","139.887343","0","1"
"11","é‹ÊŒ§","11243","‹gìŽs","112430063000","‘åŽšì“¡","35.906706","139.850843","0","1"
"11","é‹ÊŒ§","11243","‹gìŽs","112430064000","‘åŽš‹¤•Û","35.879254","139.840591","0","1"
"11","é‹ÊŒ§","11243","‹gìŽs","112430065001","’†‰›ˆê’š–Ú","35.888220","139.848975","1","3"
"11","é‹ÊŒ§","11243","‹gìŽs","112430065002","’†‰›“ñ’š–Ú","35.890385","139.853606","1","3"
"11","é‹ÊŒ§","11243","‹gìŽs","112430065003","’†‰›ŽO’š–Ú","35.891485","139.858706","1","3"
"11","é‹ÊŒ§","11245","‚Ó‚¶‚Ý–ìŽs","112450001001","‰Ôƒm–Øˆê’š–Ú","35.876786","139.532461","0","3"
"11","é‹ÊŒ§","11245","‚Ó‚¶‚Ý–ìŽs","112450001002","‰Ôƒm–Ø“ñ’š–Ú","35.878091","139.532605","0","3"
"11","é‹ÊŒ§","11245","‚Ó‚¶‚Ý–ìŽs","112450002001","’J“cˆê’š–Ú","35.873933","139.536069","0","3"
"11","é‹ÊŒ§","11245","‚Ó‚¶‚Ý–ìŽs","112450002002","’J“c“ñ’š–Ú","35.873187","139.537653","0","3"
"11","é‹ÊŒ§","11245","‚Ó‚¶‚Ý–ìŽs","112450003001","´Œ©ˆê’š–Ú","35.881497","139.518187","0","3"
"11","é‹ÊŒ§","11245","‚Ó‚¶‚Ý–ìŽs","112450003002","´Œ©“ñ’š–Ú","35.882473","139.519304","0","3"
"11","é‹ÊŒ§","11245","‚Ó‚¶‚Ý–ìŽs","112450003003","´Œ©ŽO’š–Ú","35.883657","139.520115","0","3"
"11","é‹ÊŒ§","11245","‚Ó‚¶‚Ý–ìŽs","112450003004","´Œ©Žl’š–Ú","35.884778","139.520924","0","3"
"11","é‹ÊŒ§","11245","‚Ó‚¶‚Ý–ìŽs","112450004000","’rã","35.871480","139.533199","0","1"
"11","é‹ÊŒ§","11245","‚Ó‚¶‚Ý–ìŽs","112450005001","ìèˆê’š–Ú","35.884381","139.518632","0","3"
"11","é‹ÊŒ§","11245","‚Ó‚¶‚Ý–ìŽs","112450005002","ìè“ñ’š–Ú","35.885860","139.520878","0","3"
"11","é‹ÊŒ§","11245","‚Ó‚¶‚Ý–ìŽs","112450006001","¼ŽRˆê’š–Ú","35.872859","139.525892","0","3"
"11","é‹ÊŒ§","11245","‚Ó‚¶‚Ý–ìŽs","112450006002","¼ŽR“ñ’š–Ú","35.873064","139.527972","0","3"
"11","é‹ÊŒ§","11245","‚Ó‚¶‚Ý–ìŽs","112450007000","–{V“c","35.871245","139.530380","0","1"
"11","é‹ÊŒ§","11245","‚Ó‚¶‚Ý–ìŽs","112450008001","’†ŠÛˆê’š–Ú","35.876887","139.531233","0","3"
"11","é‹ÊŒ§","11245","‚Ó‚¶‚Ý–ìŽs","112450008002","’†ŠÛ“ñ’š–Ú","35.878942","139.531378","0","3"
"11","é‹ÊŒ§","11245","‚Ó‚¶‚Ý–ìŽs","112450009001","ãƒmŒ´ˆê’š–Ú","35.875292","139.523932","0","3"
"11","é‹ÊŒ§","11245","‚Ó‚¶‚Ý–ìŽs","112450009002","ãƒmŒ´“ñ’š–Ú","35.876998","139.525240","0","3"
"11","é‹ÊŒ§","11245","‚Ó‚¶‚Ý–ìŽs","112450009003","ãƒmŒ´ŽO’š–Ú","35.875929","139.526163","0","3"
"11","é‹ÊŒ§","11245","‚Ó‚¶‚Ý–ìŽs","112450010001","’‡ˆê’š–Ú","35.874025","139.533123","0","3"
"11","é‹ÊŒ§","11245","‚Ó‚¶‚Ý–ìŽs","112450010002","’‡“ñ’š–Ú","35.872541","139.533230","0","3"
"11","é‹ÊŒ§","11245","‚Ó‚¶‚Ý–ìŽs","112450010003","’‡ŽO’š–Ú","35.872633","139.535397","0","3"
"11","é‹ÊŒ§","11245","‚Ó‚¶‚Ý–ìŽs","112450011001","’z’nˆê’š–Ú","35.874859","139.530392","0","3"
"11","é‹ÊŒ§","11245","‚Ó‚¶‚Ý–ìŽs","112450011002","’z’n“ñ’š–Ú","35.873491","139.530454","0","3"
"11","é‹ÊŒ§","11245","‚Ó‚¶‚Ý–ìŽs","112450011003","’z’nŽO’š–Ú","35.872492","139.530467","0","3"
"11","é‹ÊŒ§","11245","‚Ó‚¶‚Ý–ìŽs","112450012001","’†ƒm“‡ˆê’š–Ú","35.875169","139.532419","0","3"
"11","é‹ÊŒ§","11245","‚Ó‚¶‚Ý–ìŽs","112450013001","V‹î—Ñˆê’š–Ú","35.868980","139.524618","0","3"
"11","é‹ÊŒ§","11245","‚Ó‚¶‚Ý–ìŽs","112450013002","V‹î—Ñ“ñ’š–Ú","35.867920","139.526463","0","3"
"11","é‹ÊŒ§","11245","‚Ó‚¶‚Ý–ìŽs","112450013003","V‹î—ÑŽO’š–Ú","35.869741","139.526806","0","3"
"11","é‹ÊŒ§","11245","‚Ó‚¶‚Ý–ìŽs","112450013004","V‹î—ÑŽl’š–Ú","35.870085","139.528935","0","3"
"11","é‹ÊŒ§","11245","‚Ó‚¶‚Ý–ìŽs","112450014000","…‹{","35.872027","139.537891","0","1"
"11","é‹ÊŒ§","11245","‚Ó‚¶‚Ý–ìŽs","112450015001","’·‹{ˆê’š–Ú","35.875775","139.529182","0","3"
"11","é‹ÊŒ§","11245","‚Ó‚¶‚Ý–ìŽs","112450015002","’·‹{“ñ’š–Ú","35.877295","139.528533","0","3"
"11","é‹ÊŒ§","11245","‚Ó‚¶‚Ý–ìŽs","112450016001","‹î¼ˆê’š–Ú","35.866556","139.519156","0","3"
"11","é‹ÊŒ§","11245","‚Ó‚¶‚Ý–ìŽs","112450016002","‹î¼“ñ’š–Ú","35.867178","139.520733","0","3"
"11","é‹ÊŒ§","11245","‚Ó‚¶‚Ý–ìŽs","112450016003","‹î¼ŽO’š–Ú","35.867628","139.522717","0","3"
"11","é‹ÊŒ§","11245","‚Ó‚¶‚Ý–ìŽs","112450017001","‘êˆê’š–Ú","35.879319","139.526699","0","3"
"11","é‹ÊŒ§","11245","‚Ó‚¶‚Ý–ìŽs","112450017002","‘ê“ñ’š–Ú","35.878347","139.527973","0","3"
"11","é‹ÊŒ§","11245","‚Ó‚¶‚Ý–ìŽs","112450017003","‘êŽO’š–Ú","35.879956","139.529976","0","3"
"11","é‹ÊŒ§","11245","‚Ó‚¶‚Ý–ìŽs","112450018000","•Ÿ‰ª•‘ –ì","35.866957","139.512011","0","1"
"11","é‹ÊŒ§","11245","‚Ó‚¶‚Ý–ìŽs","112450019001","ã–ì‘äˆê’š–Ú","35.875802","139.517750","0","3"
"11","é‹ÊŒ§","11245","‚Ó‚¶‚Ý–ìŽs","112450019002","ã–ì‘ä“ñ’š–Ú","35.876484","139.520090","0","3"
"11","é‹ÊŒ§","11245","‚Ó‚¶‚Ý–ìŽs","112450019003","ã–ì‘äŽO’š–Ú","35.875315","139.521569","0","3"
"11","é‹ÊŒ§","11245","‚Ó‚¶‚Ý–ìŽs","112450020001","‰àƒP‹uˆê’š–Ú","35.873847","139.510200","0","3"
"11","é‹ÊŒ§","11245","‚Ó‚¶‚Ý–ìŽs","112450020002","‰àƒP‹u“ñ’š–Ú","35.874096","139.507182","0","3"
"11","é‹ÊŒ§","11245","‚Ó‚¶‚Ý–ìŽs","112450020003","‰àƒP‹uŽO’š–Ú","35.876400","139.508382","0","3"
"11","é‹ÊŒ§","11245","‚Ó‚¶‚Ý–ìŽs","112450021001","¼Œ´ˆê’š–Ú","35.873714","139.524272","0","3"
"11","é‹ÊŒ§","11245","‚Ó‚¶‚Ý–ìŽs","112450021002","¼Œ´“ñ’š–Ú","35.874663","139.526968","0","3"
"11","é‹ÊŒ§","11245","‚Ó‚¶‚Ý–ìŽs","112450022001","’ßƒP•‘ˆê’š–Ú","35.865743","139.512840","0","3"
"11","é‹ÊŒ§","11245","‚Ó‚¶‚Ý–ìŽs","112450022002","’ßƒP•‘“ñ’š–Ú","35.867494","139.510753","0","3"
"11","é‹ÊŒ§","11245","‚Ó‚¶‚Ý–ìŽs","112450022003","’ßƒP•‘ŽO’š–Ú","35.868944","139.506158","0","3"
"11","é‹ÊŒ§","11245","‚Ó‚¶‚Ý–ìŽs","112450023001","Œ³•Ÿ‰ªˆê’š–Ú","35.883343","139.515186","0","3"
"11","é‹ÊŒ§","11245","‚Ó‚¶‚Ý–ìŽs","112450023002","Œ³•Ÿ‰ª“ñ’š–Ú","35.884161","139.516397","0","3"
"11","é‹ÊŒ§","11245","‚Ó‚¶‚Ý–ìŽs","112450023003","Œ³•Ÿ‰ªŽO’š–Ú","35.886854","139.515957","0","3"
"11","é‹ÊŒ§","11245","‚Ó‚¶‚Ý–ìŽs","112450024001","‚Ó‚¶‚Ý–ìˆê’š–Ú","35.858636","139.514467","0","3"
"11","é‹ÊŒ§","11245","‚Ó‚¶‚Ý–ìŽs","112450024002","‚Ó‚¶‚Ý–ì“ñ’š–Ú","35.862519","139.514486","0","3"
"11","é‹ÊŒ§","11245","‚Ó‚¶‚Ý–ìŽs","112450024003","‚Ó‚¶‚Ý–ìŽO’š–Ú","35.861062","139.516037","0","3"
"11","é‹ÊŒ§","11245","‚Ó‚¶‚Ý–ìŽs","112450024004","‚Ó‚¶‚Ý–ìŽl’š–Ú","35.858991","139.516335","0","3"
"11","é‹ÊŒ§","11245","‚Ó‚¶‚Ý–ìŽs","112450025001","•Ÿ‰ª’†‰›ˆê’š–Ú","35.873483","139.521661","0","3"
"11","é‹ÊŒ§","11245","‚Ó‚¶‚Ý–ìŽs","112450025002","•Ÿ‰ª’†‰›“ñ’š–Ú","35.871450","139.518809","0","3"
"11","é‹ÊŒ§","11245","‚Ó‚¶‚Ý–ìŽs","112450026001","V“cˆê’š–Ú","35.869559","139.522721","0","3"
"11","é‹ÊŒ§","11245","‚Ó‚¶‚Ý–ìŽs","112450026002","V“c“ñ’š–Ú","35.871404","139.526666","0","3"
"11","é‹ÊŒ§","11245","‚Ó‚¶‚Ý–ìŽs","112450027001","•cŠÔˆê’š–Ú","35.857820","139.521641","0","3"
"11","é‹ÊŒ§","11245","‚Ó‚¶‚Ý–ìŽs","112450028001","ã•Ÿ‰ªˆê’š–Ú","35.874774","139.513174","0","3"
"11","é‹ÊŒ§","11245","‚Ó‚¶‚Ý–ìŽs","112450028002","ã•Ÿ‰ª“ñ’š–Ú","35.874190","139.516630","0","3"
"11","é‹ÊŒ§","11245","‚Ó‚¶‚Ý–ìŽs","112450028003","ã•Ÿ‰ªŽO’š–Ú","35.871056","139.515774","0","3"
"11","é‹ÊŒ§","11245","‚Ó‚¶‚Ý–ìŽs","112450028004","ã•Ÿ‰ªŽl’š–Ú","35.869870","139.513884","0","3"
"11","é‹ÊŒ§","11245","‚Ó‚¶‚Ý–ìŽs","112450028005","ã•Ÿ‰ªŒÜ’š–Ú","35.869843","139.511132","0","3"
"11","é‹ÊŒ§","11245","‚Ó‚¶‚Ý–ìŽs","112450028006","ã•Ÿ‰ª˜Z’š–Ú","35.870999","139.510000","0","3"
"11","é‹ÊŒ§","11245","‚Ó‚¶‚Ý–ìŽs","112450029001","÷ƒP‹uˆê’š–Ú","35.854067","139.506878","0","3"
"11","é‹ÊŒ§","11245","‚Ó‚¶‚Ý–ìŽs","112450029002","÷ƒP‹u“ñ’š–Ú","35.851625","139.507991","0","3"
"11","é‹ÊŒ§","11245","‚Ó‚¶‚Ý–ìŽs","112450029003","÷ƒP‹uŽO’š–Ú","35.851103","139.505254","0","3"
"11","é‹ÊŒ§","11245","‚Ó‚¶‚Ý–ìŽs","112450030001","Žs‘òˆê’š–Ú","35.855363","139.524821","0","3"
"11","é‹ÊŒ§","11245","‚Ó‚¶‚Ý–ìŽs","112450030002","Žs‘ò“ñ’š–Ú","35.853604","139.523600","0","3"
"11","é‹ÊŒ§","11245","‚Ó‚¶‚Ý–ìŽs","112450030003","Žs‘òŽO’š–Ú","35.853338","139.526016","0","3"
"11","é‹ÊŒ§","11245","‚Ó‚¶‚Ý–ìŽs","112450031001","‹T‹v•Ûˆê’š–Ú","35.857328","139.509762","0","3"
"11","é‹ÊŒ§","11245","‚Ó‚¶‚Ý–ìŽs","112450031002","‹T‹v•Û“ñ’š–Ú","35.862093","139.507722","0","3"
"11","é‹ÊŒ§","11245","‚Ó‚¶‚Ý–ìŽs","112450031003","‹T‹v•ÛŽO’š–Ú","35.861960","139.509947","0","3"
"11","é‹ÊŒ§","11245","‚Ó‚¶‚Ý–ìŽs","112450031004","‹T‹v•ÛŽl’š–Ú","35.858214","139.511838","0","3"
"11","é‹ÊŒ§","11245","‚Ó‚¶‚Ý–ìŽs","112450032001","•Ÿ‰ªˆê’š–Ú","35.878420","139.521110","0","3"
"11","é‹ÊŒ§","11245","‚Ó‚¶‚Ý–ìŽs","112450032002","•Ÿ‰ª“ñ’š–Ú","35.881030","139.523780","0","3"
"11","é‹ÊŒ§","11245","‚Ó‚¶‚Ý–ìŽs","112450032003","•Ÿ‰ªŽO’š–Ú","35.884274","139.523100","0","3"
"11","é‹ÊŒ§","11245","‚Ó‚¶‚Ý–ìŽs","112450033001","“ì‘äˆê’š–Ú","35.868934","139.518439","0","3"
"11","é‹ÊŒ§","11245","‚Ó‚¶‚Ý–ìŽs","112450033002","“ì‘ä“ñ’š–Ú","35.866578","139.516038","0","3"
"11","é‹ÊŒ§","11245","‚Ó‚¶‚Ý–ìŽs","112450034001","–k–ìˆê’š–Ú","35.877028","139.510643","0","3"
"11","é‹ÊŒ§","11245","‚Ó‚¶‚Ý–ìŽs","112450034002","–k–ì“ñ’š–Ú","35.879623","139.512299","0","3"
"11","é‹ÊŒ§","11245","‚Ó‚¶‚Ý–ìŽs","112450035001","—ÎƒP‹uˆê’š–Ú","35.859157","139.499728","0","3"
"11","é‹ÊŒ§","11245","‚Ó‚¶‚Ý–ìŽs","112450035002","—ÎƒP‹u“ñ’š–Ú","35.860487","139.499039","0","3"
"11","é‹ÊŒ§","11245","‚Ó‚¶‚Ý–ìŽs","112450036001","ˆ®ˆê’š–Ú","35.855928","139.517958","0","3"
"11","é‹ÊŒ§","11245","‚Ó‚¶‚Ý–ìŽs","112450037001","‘åˆä’†‰›ˆê’š–Ú","35.856637","139.506812","0","3"
"11","é‹ÊŒ§","11245","‚Ó‚¶‚Ý–ìŽs","112450037002","‘åˆä’†‰›“ñ’š–Ú","35.858177","139.505531","0","3"
"11","é‹ÊŒ§","11245","‚Ó‚¶‚Ý–ìŽs","112450037003","‘åˆä’†‰›ŽO’š–Ú","35.859569","139.504895","0","3"
"11","é‹ÊŒ§","11245","‚Ó‚¶‚Ý–ìŽs","112450037004","‘åˆä’†‰›Žl’š–Ú","35.860773","139.504115","0","3"
"11","é‹ÊŒ§","11245","‚Ó‚¶‚Ý–ìŽs","112450038001","‘åˆäˆê’š–Ú","35.851462","139.517727","0","3"
"11","é‹ÊŒ§","11245","‚Ó‚¶‚Ý–ìŽs","112450038002","‘åˆä“ñ’š–Ú","35.851891","139.520362","0","3"
"11","é‹ÊŒ§","11245","‚Ó‚¶‚Ý–ìŽs","112450039001","“Œ‹v•Ûˆê’š–Ú","35.864153","139.513380","0","3"
"11","é‹ÊŒ§","11245","‚Ó‚¶‚Ý–ìŽs","112450040001","‚¤‚ê‚µ–ìˆê’š–Ú","35.854506","139.519169","0","3"
"11","é‹ÊŒ§","11245","‚Ó‚¶‚Ý–ìŽs","112450040002","‚¤‚ê‚µ–ì“ñ’š–Ú","35.856534","139.522768","0","3"
"11","é‹ÊŒ§","11245","‚Ó‚¶‚Ý–ìŽs","112450041000","ŠÛŽR","35.865442","139.517455","0","1"
"11","é‹ÊŒ§","11245","‚Ó‚¶‚Ý–ìŽs","112450042000","•xŽmŒ©‘ä","35.871379","139.522574","0","1"
"11","é‹ÊŒ§","11245","‚Ó‚¶‚Ý–ìŽs","112450043001","’ßƒP‰ªˆê’š–Ú","35.865054","139.503695","0","3"
"11","é‹ÊŒ§","11245","‚Ó‚¶‚Ý–ìŽs","112450043002","’ßƒP‰ª“ñ’š–Ú","35.867099","139.505530","0","3"
"11","é‹ÊŒ§","11245","‚Ó‚¶‚Ý–ìŽs","112450043003","’ßƒP‰ªŽO’š–Ú","35.869554","139.503261","0","3"
"11","é‹ÊŒ§","11245","‚Ó‚¶‚Ý–ìŽs","112450043004","’ßƒP‰ªŽl’š–Ú","35.867714","139.500622","0","3"
"11","é‹ÊŒ§","11245","‚Ó‚¶‚Ý–ìŽs","112450043005","’ßƒP‰ªŒÜ’š–Ú","35.864985","139.497000","0","3"
"11","é‹ÊŒ§","11245","‚Ó‚¶‚Ý–ìŽs","112450044000","¼’ßƒP‰ª","35.861936","139.494719","0","1"
"11","é‹ÊŒ§","11245","‚Ó‚¶‚Ý–ìŽs","112450045001","¼ˆê’š–Ú","35.869929","139.507410","0","3"
"11","é‹ÊŒ§","11245","‚Ó‚¶‚Ý–ìŽs","112450045002","¼“ñ’š–Ú","35.872239","139.505843","0","3"
"11","é‹ÊŒ§","11245","‚Ó‚¶‚Ý–ìŽs","112450046001","‘åŒ´ˆê’š–Ú","35.877703","139.515179","0","3"
"11","é‹ÊŒ§","11245","‚Ó‚¶‚Ý–ìŽs","112450046002","‘åŒ´“ñ’š–Ú","35.880093","139.517025","0","3"
"11","é‹ÊŒ§","11245","‚Ó‚¶‚Ý–ìŽs","112450047001","¼’ßƒP‰ªˆê’š–Ú","35.863015","139.503094","0","3"
"11","é‹ÊŒ§","11245","‚Ó‚¶‚Ý–ìŽs","112450047002","¼’ßƒP‰ª“ñ’š–Ú","35.862398","139.498186","0","3"
"11","é‹ÊŒ§","11245","‚Ó‚¶‚Ý–ìŽs","112450048000","’†•Ÿ‰ª","35.876813","139.534680","0","1"
"11","é‹ÊŒ§","11245","‚Ó‚¶‚Ý–ìŽs","112450049000","•Ÿ‰ªV“c","35.874329","139.540551","0","1"
"11","é‹ÊŒ§","11245","‚Ó‚¶‚Ý–ìŽs","112450050000","ìè","35.888778","139.520411","0","1"
"11","é‹ÊŒ§","11245","‚Ó‚¶‚Ý–ìŽs","112450051000","•cŠÔ","35.859544","139.529208","0","1"
"11","é‹ÊŒ§","11245","‚Ó‚¶‚Ý–ìŽs","112450052000","•Ÿ‰ª","35.875405","139.546480","0","1"
"11","é‹ÊŒ§","11245","‚Ó‚¶‚Ý–ìŽs","112450053000","‘åˆä","35.848487","139.518173","0","1"
"11","é‹ÊŒ§","11245","‚Ó‚¶‚Ý–ìŽs","112450054000","‹T‹v•Û","35.857274","139.488147","0","1"
"11","é‹ÊŒ§","11245","‚Ó‚¶‚Ý–ìŽs","112450055000","‘åˆä•‘ –ì","35.853422","139.495936","0","1"
"11","é‹ÊŒ§","11245","‚Ó‚¶‚Ý–ìŽs","112450056001","‹î—ÑŒ³’¬ˆê’š–Ú","35.866996","139.527697","0","3"
"11","é‹ÊŒ§","11245","‚Ó‚¶‚Ý–ìŽs","112450056002","‹î—ÑŒ³’¬“ñ’š–Ú","35.866386","139.525540","0","3"
"11","é‹ÊŒ§","11245","‚Ó‚¶‚Ý–ìŽs","112450056003","‹î—ÑŒ³’¬ŽO’š–Ú","35.865596","139.523441","0","3"
"11","é‹ÊŒ§","11245","‚Ó‚¶‚Ý–ìŽs","112450056004","‹î—ÑŒ³’¬Žl’š–Ú","35.864928","139.520731","0","3"
"11","é‹ÊŒ§","11245","‚Ó‚¶‚Ý–ìŽs","112450057000","‹î—Ñ","35.868486","139.534915","0","1"
"11","é‹ÊŒ§","11246","”’‰ªŽs","112460001001","¼ˆê’š–Ú","36.013092","139.654628","0","3"
"11","é‹ÊŒ§","11246","”’‰ªŽs","112460001002","¼“ñ’š–Ú","36.012377","139.651857","0","3"
"11","é‹ÊŒ§","11246","”’‰ªŽs","112460001003","¼ŽO’š–Ú","36.015289","139.650861","0","3"
"11","é‹ÊŒ§","11246","”’‰ªŽs","112460001004","¼Žl’š–Ú","36.018845","139.654362","0","3"
"11","é‹ÊŒ§","11246","”’‰ªŽs","112460001005","¼ŒÜ’š–Ú","36.018622","139.651654","0","3"
"11","é‹ÊŒ§","11246","”’‰ªŽs","112460001006","¼˜Z’š–Ú","36.022563","139.654422","0","3"
"11","é‹ÊŒ§","11246","”’‰ªŽs","112460001007","¼Žµ’š–Ú","36.022510","139.651218","0","3"
"11","é‹ÊŒ§","11246","”’‰ªŽs","112460001008","¼”ª’š–Ú","36.025419","139.654450","0","3"
"11","é‹ÊŒ§","11246","”’‰ªŽs","112460001009","¼‹ã’š–Ú","36.028961","139.653132","0","3"
"11","é‹ÊŒ§","11246","”’‰ªŽs","112460001010","¼\’š–Ú","36.026911","139.650627","0","3"
"11","é‹ÊŒ§","11246","”’‰ªŽs","112460002001","V”’‰ªˆê’š–Ú","36.040289","139.674833","0","3"
"11","é‹ÊŒ§","11246","”’‰ªŽs","112460002002","V”’‰ª“ñ’š–Ú","36.036824","139.677012","0","3"
"11","é‹ÊŒ§","11246","”’‰ªŽs","112460002003","V”’‰ªŽO’š–Ú","36.032402","139.674187","0","3"
"11","é‹ÊŒ§","11246","”’‰ªŽs","112460002004","V”’‰ªŽl’š–Ú","36.038773","139.673383","0","3"
"11","é‹ÊŒ§","11246","”’‰ªŽs","112460002005","V”’‰ªŒÜ’š–Ú","36.035858","139.672643","0","3"
"11","é‹ÊŒ§","11246","”’‰ªŽs","112460002006","V”’‰ª˜Z’š–Ú","36.032589","139.671012","0","3"
"11","é‹ÊŒ§","11246","”’‰ªŽs","112460002007","V”’‰ªŽµ’š–Ú","36.039710","139.670642","0","3"
"11","é‹ÊŒ§","11246","”’‰ªŽs","112460002008","V”’‰ª”ª’š–Ú","36.037095","139.669968","0","3"
"11","é‹ÊŒ§","11246","”’‰ªŽs","112460002009","V”’‰ª‹ã’š–Ú","36.034197","139.668641","0","3"
"11","é‹ÊŒ§","11246","”’‰ªŽs","112460003000","”’‰ª“Œ","36.022053","139.660908","0","1"
"11","é‹ÊŒ§","11246","”’‰ªŽs","112460004000","•F•º‰q","36.012470","139.700650","0","1"
"11","é‹ÊŒ§","11246","”’‰ªŽs","112460005000","Ž›’Ë","36.024438","139.672197","0","1"
"11","é‹ÊŒ§","11246","”’‰ªŽs","112460006000","ŽÀƒ–’J","36.004803","139.678264","0","1"
"11","é‹ÊŒ§","11246","”’‰ªŽs","112460007000","‰º–ì“c","36.017306","139.693346","0","1"
"11","é‹ÊŒ§","11246","”’‰ªŽs","112460008000","‚Šâ","36.036313","139.681660","0","1"
"11","é‹ÊŒ§","11246","”’‰ªŽs","112460009000","”’‰ª","36.018405","139.659101","0","1"
"11","é‹ÊŒ§","11246","”’‰ªŽs","112460010000","ç‘Ê–ì","36.014591","139.674979","0","1"
"11","é‹ÊŒ§","11246","”’‰ªŽs","112460011000","’Ü“cƒ–’J","36.022063","139.701622","0","1"
"11","é‹ÊŒ§","11246","”’‰ªŽs","112460012000","‰º‘åè","36.039765","139.635146","0","1"
"11","é‹ÊŒ§","11246","”’‰ªŽs","112460013000","rˆäV“c","36.038225","139.623468","0","1"
"11","é‹ÊŒ§","11246","”’‰ªŽs","112460014000","‰ªò","36.007965","139.690951","0","1"
"11","é‹ÊŒ§","11246","”’‰ªŽs","112460015000","¬‹vŠì","36.014078","139.665232","0","1"
"11","é‹ÊŒ§","11246","”’‰ªŽs","112460016000","‘¾“cVˆä","36.004828","139.705661","0","1"
"11","é‹ÊŒ§","11246","”’‰ªŽs","112460017000","ŽÄŽR","36.037431","139.612381","0","1"
"11","é‹ÊŒ§","11246","”’‰ªŽs","112460018000","ã–ì“c","36.023744","139.685608","0","1"
"11","é‹ÊŒ§","11246","”’‰ªŽs","112460019000","ŽÂ’Ã","36.031789","139.654003","0","1"
"11","é‹ÊŒ§","11246","”’‰ªŽs","112460020000","–ì‹","36.039175","139.667633","0","1"
"11","é‹ÊŒ§","11301","–k‘«—§ŒSˆÉ“Þ’¬","113010001001","Žõˆê’š–Ú","36.007298","139.600104","0","3"
"11","é‹ÊŒ§","11301","–k‘«—§ŒSˆÉ“Þ’¬","113010001002","Žõ“ñ’š–Ú","36.005346","139.603912","0","3"
"11","é‹ÊŒ§","11301","–k‘«—§ŒSˆÉ“Þ’¬","113010001003","ŽõŽO’š–Ú","36.007305","139.605678","0","3"
"11","é‹ÊŒ§","11301","–k‘«—§ŒSˆÉ“Þ’¬","113010001004","ŽõŽl’š–Ú","36.003574","139.607474","0","3"
"11","é‹ÊŒ§","11301","–k‘«—§ŒSˆÉ“Þ’¬","113010001005","ŽõŒÜ’š–Ú","36.002377","139.606648","0","3"
"11","é‹ÊŒ§","11301","–k‘«—§ŒSˆÉ“Þ’¬","113010002001","Šw‰€ˆê’š–Ú","36.006519","139.609299","0","3"
"11","é‹ÊŒ§","11301","–k‘«—§ŒSˆÉ“Þ’¬","113010002002","Šw‰€“ñ’š–Ú","36.009270","139.612819","0","3"
"11","é‹ÊŒ§","11301","–k‘«—§ŒSˆÉ“Þ’¬","113010002003","Šw‰€ŽO’š–Ú","36.011466","139.614314","0","3"
"11","é‹ÊŒ§","11301","–k‘«—§ŒSˆÉ“Þ’¬","113010002004","Šw‰€Žl’š–Ú","36.015005","139.612520","0","3"
"11","é‹ÊŒ§","11301","–k‘«—§ŒSˆÉ“Þ’¬","113010003001","–{’¬ˆê’š–Ú","35.997817","139.628519","0","3"
"11","é‹ÊŒ§","11301","–k‘«—§ŒSˆÉ“Þ’¬","113010003002","–{’¬“ñ’š–Ú","35.995813","139.630355","0","3"
"11","é‹ÊŒ§","11301","–k‘«—§ŒSˆÉ“Þ’¬","113010003003","–{’¬ŽO’š–Ú","35.996080","139.626267","0","3"
"11","é‹ÊŒ§","11301","–k‘«—§ŒSˆÉ“Þ’¬","113010004001","“àh‘äˆê’š–Ú","36.012663","139.603634","0","3"
"11","é‹ÊŒ§","11301","–k‘«—§ŒSˆÉ“Þ’¬","113010004002","“àh‘ä“ñ’š–Ú","36.014899","139.605942","0","3"
"11","é‹ÊŒ§","11301","–k‘«—§ŒSˆÉ“Þ’¬","113010004003","“àh‘äŽO’š–Ú","36.012811","139.600893","0","3"
"11","é‹ÊŒ§","11301","–k‘«—§ŒSˆÉ“Þ’¬","113010004004","“àh‘äŽl’š–Ú","36.015691","139.600977","0","3"
"11","é‹ÊŒ§","11301","–k‘«—§ŒSˆÉ“Þ’¬","113010004005","“àh‘äŒÜ’š–Ú","36.017132","139.605731","0","3"
"11","é‹ÊŒ§","11301","–k‘«—§ŒSˆÉ“Þ’¬","113010004006","“àh‘ä˜Z’š–Ú","36.018607","139.609463","0","3"
"11","é‹ÊŒ§","11301","–k‘«—§ŒSˆÉ“Þ’¬","113010005001","‰hˆê’š–Ú","35.972111","139.636639","0","3"
"11","é‹ÊŒ§","11301","–k‘«—§ŒSˆÉ“Þ’¬","113010005002","‰h“ñ’š–Ú","35.975270","139.639178","0","3"
"11","é‹ÊŒ§","11301","–k‘«—§ŒSˆÉ“Þ’¬","113010005003","‰hŽO’š–Ú","35.978042","139.640633","0","3"
"11","é‹ÊŒ§","11301","–k‘«—§ŒSˆÉ“Þ’¬","113010005004","‰hŽl’š–Ú","35.981963","139.640824","0","3"
"11","é‹ÊŒ§","11301","–k‘«—§ŒSˆÉ“Þ’¬","113010005005","‰hŒÜ’š–Ú","35.985888","139.641457","0","3"
"11","é‹ÊŒ§","11301","–k‘«—§ŒSˆÉ“Þ’¬","113010005006","‰h˜Z’š–Ú","35.988965","139.642054","0","3"
"11","é‹ÊŒ§","11301","–k‘«—§ŒSˆÉ“Þ’¬","113010006001","¼¬jˆê’š–Ú","36.014958","139.596697","0","3"
"11","é‹ÊŒ§","11301","–k‘«—§ŒSˆÉ“Þ’¬","113010006002","¼¬j“ñ’š–Ú","36.017249","139.598349","0","3"
"11","é‹ÊŒ§","11301","–k‘«—§ŒSˆÉ“Þ’¬","113010006003","¼¬jŽO’š–Ú","36.019867","139.600399","0","3"
"11","é‹ÊŒ§","11301","–k‘«—§ŒSˆÉ“Þ’¬","113010006004","¼¬jŽl’š–Ú","36.021601","139.601484","0","3"
"11","é‹ÊŒ§","11301","–k‘«—§ŒSˆÉ“Þ’¬","113010006005","¼¬jŒÜ’š–Ú","36.016147","139.593680","0","3"
"11","é‹ÊŒ§","11301","–k‘«—§ŒSˆÉ“Þ’¬","113010006006","¼¬j˜Z’š–Ú","36.020242","139.595995","0","3"
"11","é‹ÊŒ§","11301","–k‘«—§ŒSˆÉ“Þ’¬","113010006007","¼¬jŽµ’š–Ú","36.024465","139.596871","0","3"
"11","é‹ÊŒ§","11301","–k‘«—§ŒSˆÉ“Þ’¬","113010007000","‘åŽš‰HŠÑ","36.011839","139.608778","0","1"
"11","é‹ÊŒ§","11301","–k‘«—§ŒSˆÉ“Þ’¬","113010008000","‘åŽš¬j“àh","36.021205","139.608327","0","1"
"11","é‹ÊŒ§","11301","–k‘«—§ŒSˆÉ“Þ’¬","113010009000","‘åŽš¬jVh","36.010149","139.597125","0","1"
"11","é‹ÊŒ§","11301","–k‘«—§ŒSˆÉ“Þ’¬","113010010000","‘åŽš‘åj","36.005311","139.616728","0","1"
"11","é‹ÊŒ§","11301","–k‘«—§ŒSˆÉ“Þ’¬","113010011000","‘åŽš¬Žº","35.988251","139.625806","0","1"
"11","é‹ÊŒ§","11301","–k‘«—§ŒSˆÉ“Þ’¬","113010012001","’†‰›ˆê’š–Ú","35.997865","139.616493","1","3"
"11","é‹ÊŒ§","11301","–k‘«—§ŒSˆÉ“Þ’¬","113010012002","’†‰›“ñ’š–Ú","36.000626","139.613858","1","3"
"11","é‹ÊŒ§","11301","–k‘«—§ŒSˆÉ“Þ’¬","113010012003","’†‰›ŽO’š–Ú","36.002397","139.619114","1","3"
"11","é‹ÊŒ§","11301","–k‘«—§ŒSˆÉ“Þ’¬","113010012004","’†‰›Žl’š–Ú","36.000484","139.622885","1","3"
"11","é‹ÊŒ§","11301","–k‘«—§ŒSˆÉ“Þ’¬","113010012005","’†‰›ŒÜ’š–Ú","35.998937","139.619856","1","3"
"11","é‹ÊŒ§","11324","“üŠÔŒSŽO–F’¬","113240001000","‚Ý‚æ‚µ‘ä","35.832430","139.544689","0","1"
"11","é‹ÊŒ§","11324","“üŠÔŒSŽO–F’¬","113240002000","’|ŠÔ‘ò“Œ","35.823795","139.552316","0","1"
"11","é‹ÊŒ§","11324","“üŠÔŒSŽO–F’¬","113240003000","‘åŽš’|ŠÔ‘ò","35.826113","139.544215","0","1"
"11","é‹ÊŒ§","11324","“üŠÔŒSŽO–F’¬","113240004000","‘åŽš–k‰iˆä","35.836750","139.512799","0","1"
"11","é‹ÊŒ§","11324","“üŠÔŒSŽO–F’¬","113240005000","‘åŽš“¡‹v•Û","35.837250","139.531206","0","1"
"11","é‹ÊŒ§","11324","“üŠÔŒSŽO–F’¬","113240006000","‘åŽšã•x","35.831943","139.500370","0","1"
"11","é‹ÊŒ§","11326","“üŠÔŒS–Ñ˜CŽR’¬","113260001001","•½ŽRˆê’š–Ú","35.948776","139.309287","0","3"
"11","é‹ÊŒ§","11326","“üŠÔŒS–Ñ˜CŽR’¬","113260001002","•½ŽR“ñ’š–Ú","35.948491","139.312743","0","3"
"11","é‹ÊŒ§","11326","“üŠÔŒS–Ñ˜CŽR’¬","113260001003","•½ŽRŽO’š–Ú","35.951948","139.312980","0","3"
"11","é‹ÊŒ§","11326","“üŠÔŒS–Ñ˜CŽR’¬","113260002001","ŽáŽRˆê’š–Ú","35.943003","139.329187","0","3"
"11","é‹ÊŒ§","11326","“üŠÔŒS–Ñ˜CŽR’¬","113260002002","ŽáŽR“ñ’š–Ú","35.944522","139.330864","0","3"
"11","é‹ÊŒ§","11326","“üŠÔŒS–Ñ˜CŽR’¬","113260002003","ŽáŽRŽO’š–Ú","35.941957","139.331662","0","3"
"11","é‹ÊŒ§","11326","“üŠÔŒS–Ñ˜CŽR’¬","113260003001","Šâˆä¼ˆê’š–Ú","35.945896","139.310248","0","3"
"11","é‹ÊŒ§","11326","“üŠÔŒS–Ñ˜CŽR’¬","113260003002","Šâˆä¼“ñ’š–Ú","35.945533","139.314948","0","3"
"11","é‹ÊŒ§","11326","“üŠÔŒS–Ñ˜CŽR’¬","113260003003","Šâˆä¼ŽO’š–Ú","35.943047","139.313321","0","3"
"11","é‹ÊŒ§","11326","“üŠÔŒS–Ñ˜CŽR’¬","113260003004","Šâˆä¼Žl’š–Ú","35.940255","139.312020","0","3"
"11","é‹ÊŒ§","11326","“üŠÔŒS–Ñ˜CŽR’¬","113260003005","Šâˆä¼ŒÜ’š–Ú","35.943068","139.310322","0","3"
"11","é‹ÊŒ§","11326","“üŠÔŒS–Ñ˜CŽR’¬","113260004001","Šâˆä“Œˆê’š–Ú","35.949089","139.315753","0","3"
"11","é‹ÊŒ§","11326","“üŠÔŒS–Ñ˜CŽR’¬","113260004002","Šâˆä“Œ“ñ’š–Ú","35.948265","139.318558","0","3"
"11","é‹ÊŒ§","11326","“üŠÔŒS–Ñ˜CŽR’¬","113260005001","‘O‹v•Û“ìˆê’š–Ú","35.945969","139.318931","0","3"
"11","é‹ÊŒ§","11326","“üŠÔŒS–Ñ˜CŽR’¬","113260005002","‘O‹v•Û“ì“ñ’š–Ú","35.944929","139.321378","0","3"
"11","é‹ÊŒ§","11326","“üŠÔŒS–Ñ˜CŽR’¬","113260005003","‘O‹v•Û“ìŽO’š–Ú","35.944770","139.323865","0","3"
"11","é‹ÊŒ§","11326","“üŠÔŒS–Ñ˜CŽR’¬","113260005004","‘O‹v•Û“ìŽl’š–Ú","35.944969","139.326633","0","3"
"11","é‹ÊŒ§","11326","“üŠÔŒS–Ñ˜CŽR’¬","113260006001","–Ú”’‘äˆê’š–Ú","35.959875","139.322724","0","3"
"11","é‹ÊŒ§","11326","“üŠÔŒS–Ñ˜CŽR’¬","113260006002","–Ú”’‘ä“ñ’š–Ú","35.963172","139.323208","0","3"
"11","é‹ÊŒ§","11326","“üŠÔŒS–Ñ˜CŽR’¬","113260006003","–Ú”’‘äŽO’š–Ú","35.959319","139.326757","0","3"
"11","é‹ÊŒ§","11326","“üŠÔŒS–Ñ˜CŽR’¬","113260006004","–Ú”’‘äŽl’š–Ú","35.959307","139.328402","0","3"
"11","é‹ÊŒ§","11326","“üŠÔŒS–Ñ˜CŽR’¬","113260007001","“ì‘äˆê’š–Ú","35.936458","139.323919","0","3"
"11","é‹ÊŒ§","11326","“üŠÔŒS–Ñ˜CŽR’¬","113260007002","“ì‘ä“ñ’š–Ú","35.934078","139.325197","0","3"
"11","é‹ÊŒ§","11326","“üŠÔŒS–Ñ˜CŽR’¬","113260007003","“ì‘äŽO’š–Ú","35.937144","139.326137","0","3"
"11","é‹ÊŒ§","11326","“üŠÔŒS–Ñ˜CŽR’¬","113260007004","“ì‘äŽl’š–Ú","35.937468","139.329435","0","3"
"11","é‹ÊŒ§","11326","“üŠÔŒS–Ñ˜CŽR’¬","113260007005","“ì‘äŒÜ’š–Ú","35.940477","139.329160","0","3"
"11","é‹ÊŒ§","11326","“üŠÔŒS–Ñ˜CŽR’¬","113260008001","’†‰›ˆê’š–Ú","35.943838","139.316971","0","3"
"11","é‹ÊŒ§","11326","“üŠÔŒS–Ñ˜CŽR’¬","113260008002","’†‰›“ñ’š–Ú","35.941805","139.317166","0","3"
"11","é‹ÊŒ§","11326","“üŠÔŒS–Ñ˜CŽR’¬","113260008003","’†‰›ŽO’š–Ú","35.941623","139.320680","0","3"
"11","é‹ÊŒ§","11326","“üŠÔŒS–Ñ˜CŽR’¬","113260008004","’†‰›Žl’š–Ú","35.940922","139.324016","0","3"
"11","é‹ÊŒ§","11326","“üŠÔŒS–Ñ˜CŽR’¬","113260009000","‘åŽšˆ®‘ä","35.938807","139.334320","0","1"
"11","é‹ÊŒ§","11326","“üŠÔŒS–Ñ˜CŽR’¬","113260010000","‘åŽš‹ê—Ñ","35.965408","139.345726","0","1"
"11","é‹ÊŒ§","11326","“üŠÔŒS–Ñ˜CŽR’¬","113260011000","‘åŽš‘O‹v•Û","35.951132","139.326034","0","1"
"11","é‹ÊŒ§","11326","“üŠÔŒS–Ñ˜CŽR’¬","113260012000","‘åŽš¬“c’J","35.935799","139.308273","0","1"
"11","é‹ÊŒ§","11326","“üŠÔŒS–Ñ˜CŽR’¬","113260013000","‘åŽšŠâˆä","35.952645","139.319315","0","1"
"11","é‹ÊŒ§","11326","“üŠÔŒS–Ñ˜CŽR’¬","113260014000","‘åŽš–¥˜a“c","35.959509","139.318413","0","1"
"11","é‹ÊŒ§","11326","“üŠÔŒS–Ñ˜CŽR’¬","113260015000","‘åŽš–Ñ˜C–{‹½","35.941011","139.305575","0","1"
"11","é‹ÊŒ§","11326","“üŠÔŒS–Ñ˜CŽR’¬","113260016000","‘åŽš’·£","35.935323","139.316892","0","1"
"11","é‹ÊŒ§","11326","“üŠÔŒS–Ñ˜CŽR’¬","113260017000","‘åŽš‰ºìŒ´","35.934861","139.341947","0","1"
"11","é‹ÊŒ§","11326","“üŠÔŒS–Ñ˜CŽR’¬","113260018000","‘åŽš‘å—Þ","35.956461","139.349191","0","1"
"11","é‹ÊŒ§","11326","“üŠÔŒS–Ñ˜CŽR’¬","113260019000","‘åŽš¼‘å‹v•Û","35.951185","139.351804","0","1"
"11","é‹ÊŒ§","11326","“üŠÔŒS–Ñ˜CŽR’¬","113260020000","‘åŽš¼ŒË","35.958520","139.334683","0","1"
"11","é‹ÊŒ§","11326","“üŠÔŒS–Ñ˜CŽR’¬","113260021000","‘åŽšŽsê","35.945561","139.346288","0","1"
"11","é‹ÊŒ§","11326","“üŠÔŒS–Ñ˜CŽR’¬","113260022000","‘åŽšìŠp","35.951055","139.336505","0","1"
"11","é‹ÊŒ§","11326","“üŠÔŒS–Ñ˜CŽR’¬","113260023000","‘åŽšŠ‹ŠÑ","35.924436","139.318823","0","1"
"11","é‹ÊŒ§","11326","“üŠÔŒS–Ñ˜CŽR’¬","113260024000","‘åŽšh’J","35.910720","139.299849","0","1"
"11","é‹ÊŒ§","11326","“üŠÔŒS–Ñ˜CŽR’¬","113260025000","‘åŽšŒ Œ»“°","35.909423","139.281664","0","1"
"11","é‹ÊŒ§","11326","“üŠÔŒS–Ñ˜CŽR’¬","113260026000","‘åŽš‘å’J–Ø","35.922826","139.299902","0","1"
"11","é‹ÊŒ§","11326","“üŠÔŒS–Ñ˜CŽR’¬","113260027000","‘åŽšˆ¢z–K","35.929514","139.284364","0","1"
"11","é‹ÊŒ§","11326","“üŠÔŒS–Ñ˜CŽR’¬","113260028000","‘åŽš‘êƒm“ü","35.940101","139.281670","0","1"
"11","é‹ÊŒ§","11327","“üŠÔŒS‰z¶’¬","113270001001","‰z¶“Œˆê’š–Ú","35.963721","139.300647","0","3"
"11","é‹ÊŒ§","11327","“üŠÔŒS‰z¶’¬","113270001002","‰z¶“Œ“ñ’š–Ú","35.962654","139.301266","0","3"
"11","é‹ÊŒ§","11327","“üŠÔŒS‰z¶’¬","113270001003","‰z¶“ŒŽO’š–Ú","35.960314","139.301772","0","3"
"11","é‹ÊŒ§","11327","“üŠÔŒS‰z¶’¬","113270001004","‰z¶“ŒŽl’š–Ú","35.960994","139.303481","0","3"
"11","é‹ÊŒ§","11327","“üŠÔŒS‰z¶’¬","113270001005","‰z¶“ŒŒÜ’š–Ú","35.958173","139.303752","0","3"
"11","é‹ÊŒ§","11327","“üŠÔŒS‰z¶’¬","113270001006","‰z¶“Œ˜Z’š–Ú","35.959070","139.305361","0","3"
"11","é‹ÊŒ§","11327","“üŠÔŒS‰z¶’¬","113270001007","‰z¶“ŒŽµ’š–Ú","35.960389","139.305478","0","3"
"11","é‹ÊŒ§","11327","“üŠÔŒS‰z¶’¬","113270002001","ã–ì“Œˆê’š–Ú","35.953346","139.311237","0","3"
"11","é‹ÊŒ§","11327","“üŠÔŒS‰z¶’¬","113270002002","ã–ì“Œ“ñ’š–Ú","35.953939","139.309882","0","3"
"11","é‹ÊŒ§","11327","“üŠÔŒS‰z¶’¬","113270002003","ã–ì“ŒŽO’š–Ú","35.955178","139.307502","0","3"
"11","é‹ÊŒ§","11327","“üŠÔŒS‰z¶’¬","113270002004","ã–ì“ŒŽl’š–Ú","35.957053","139.306171","0","3"
"11","é‹ÊŒ§","11327","“üŠÔŒS‰z¶’¬","113270002005","ã–ì“ŒŒÜ’š–Ú","35.956518","139.310378","0","3"
"11","é‹ÊŒ§","11327","“üŠÔŒS‰z¶’¬","113270003000","‘åŽš•Šâ","35.966439","139.291993","0","1"
"11","é‹ÊŒ§","11327","“üŠÔŒS‰z¶’¬","113270004000","‘åŽš“°ŽR","35.971790","139.266436","0","1"
"11","é‹ÊŒ§","11327","“üŠÔŒS‰z¶’¬","113270005000","‘åŽš¬£","35.974660","139.283974","0","1"
"11","é‹ÊŒ§","11327","“üŠÔŒS‰z¶’¬","113270006000","‘åŽš‰z¶","35.961983","139.293236","0","1"
"11","é‹ÊŒ§","11327","“üŠÔŒS‰z¶’¬","113270007000","‘åŽšŽ­‰º","35.984943","139.286225","0","1"
"11","é‹ÊŒ§","11327","“üŠÔŒS‰z¶’¬","113270008000","‘åŽš¼˜a“c","35.970188","139.301485","0","1"
"11","é‹ÊŒ§","11327","“üŠÔŒS‰z¶’¬","113270009000","‘åŽšŒÃ’r","35.983874","139.275585","0","1"
"11","é‹ÊŒ§","11327","“üŠÔŒS‰z¶’¬","113270010000","‘åŽš’Ã‹vª","35.965912","139.279684","0","1"
"11","é‹ÊŒ§","11327","“üŠÔŒS‰z¶’¬","113270011000","‘åŽš‘å’J","35.982033","139.298411","0","1"
"11","é‹ÊŒ§","11327","“üŠÔŒS‰z¶’¬","113270012000","‘åŽš”@ˆÓ","35.966349","139.312261","0","1"
"11","é‹ÊŒ§","11327","“üŠÔŒS‰z¶’¬","113270013000","‘åŽš¬™","35.964954","139.256555","0","1"
"11","é‹ÊŒ§","11327","“üŠÔŒS‰z¶’¬","113270014000","‘åŽšã’J","35.977516","139.257493","0","1"
"11","é‹ÊŒ§","11327","“üŠÔŒS‰z¶’¬","113270015000","‘åŽš‘å–ž","35.948942","139.268422","0","1"
"11","é‹ÊŒ§","11327","“üŠÔŒS‰z¶’¬","113270016000","‘åŽš”žŒ´","35.969062","139.238561","0","1"
"11","é‹ÊŒ§","11327","“üŠÔŒS‰z¶’¬","113270017000","‘åŽšã–ì","35.952880","139.291948","0","1"
"11","é‹ÊŒ§","11327","“üŠÔŒS‰z¶’¬","113270018000","‘åŽš—´ƒP’J","35.954864","139.234833","0","1"
"11","é‹ÊŒ§","11327","“üŠÔŒS‰z¶’¬","113270019000","‘åŽš•ŽR","35.937180","139.247228","0","1"
"11","é‹ÊŒ§","11341","”äŠéŒSŠŠì’¬","113410001001","‚Ý‚È‚Ý–ìˆê’š–Ú","36.043876","139.371424","0","3"
"11","é‹ÊŒ§","11341","”äŠéŒSŠŠì’¬","113410001002","‚Ý‚È‚Ý–ì“ñ’š–Ú","36.043769","139.374045","0","3"
"11","é‹ÊŒ§","11341","”äŠéŒSŠŠì’¬","113410001003","‚Ý‚È‚Ý–ìŽO’š–Ú","36.043394","139.376474","0","3"
"11","é‹ÊŒ§","11341","”äŠéŒSŠŠì’¬","113410001004","‚Ý‚È‚Ý–ìŽl’š–Ú","36.043050","139.378443","0","3"
"11","é‹ÊŒ§","11341","”äŠéŒSŠŠì’¬","113410002001","ŒŽ‚Ì—Öˆê’š–Ú","36.041993","139.343604","0","3"
"11","é‹ÊŒ§","11341","”äŠéŒSŠŠì’¬","113410002002","ŒŽ‚Ì—Ö“ñ’š–Ú","36.043281","139.350193","0","3"
"11","é‹ÊŒ§","11341","”äŠéŒSŠŠì’¬","113410002003","ŒŽ‚Ì—ÖŽO’š–Ú","36.045507","139.346684","0","3"
"11","é‹ÊŒ§","11341","”äŠéŒSŠŠì’¬","113410002004","ŒŽ‚Ì—ÖŽl’š–Ú","36.043452","139.341975","0","3"
"11","é‹ÊŒ§","11341","”äŠéŒSŠŠì’¬","113410002005","ŒŽ‚Ì—ÖŒÜ’š–Ú","36.043088","139.336722","0","3"
"11","é‹ÊŒ§","11341","”äŠéŒSŠŠì’¬","113410002006","ŒŽ‚Ì—Ö˜Z’š–Ú","36.045401","139.341749","0","3"
"11","é‹ÊŒ§","11341","”äŠéŒSŠŠì’¬","113410002007","ŒŽ‚Ì—ÖŽµ’š–Ú","36.048018","139.342645","0","3"
"11","é‹ÊŒ§","11341","”äŠéŒSŠŠì’¬","113410003000","‘åŽš›“c","36.086247","139.340805","0","1"
"11","é‹ÊŒ§","11341","”äŠéŒSŠŠì’¬","113410004000","‘åŽš“s","36.040675","139.365735","0","1"
"11","é‹ÊŒ§","11341","”äŠéŒSŠŠì’¬","113410005000","‘åŽš…–[","36.056667","139.341351","0","1"
"11","é‹ÊŒ§","11341","”äŠéŒSŠŠì’¬","113410006000","‘åŽšŒŽ—Ö","36.045591","139.358236","0","1"
"11","é‹ÊŒ§","11341","”äŠéŒSŠŠì’¬","113410007000","‘åŽš“y‰–","36.096526","139.369787","0","1"
"11","é‹ÊŒ§","11341","”äŠéŒSŠŠì’¬","113410008000","‘åŽš˜aò","36.088861","139.328538","0","1"
"11","é‹ÊŒ§","11341","”äŠéŒSŠŠì’¬","113410009000","‘åŽš’†”ö","36.065547","139.347090","0","1"
"11","é‹ÊŒ§","11341","”äŠéŒSŠŠì’¬","113410010000","‘åŽšˆÉŒÃ","36.071524","139.334026","0","1"
"11","é‹ÊŒ§","11341","”äŠéŒSŠŠì’¬","113410011000","‘åŽšŽR“c","36.078833","139.372071","0","1"
"11","é‹ÊŒ§","11341","”äŠéŒSŠŠì’¬","113410012000","‘åŽš‰H”ö","36.053480","139.365523","0","1"
"11","é‹ÊŒ§","11341","”äŠéŒSŠŠì’¬","113410013000","‘åŽš•Ÿ“c","36.083681","139.355122","0","1"
"11","é‹ÊŒ§","11342","”äŠéŒS—’ŽR’¬","113420001001","‚Þ‚³‚µ‘äˆê’š–Ú","36.046630","139.328651","0","3"
"11","é‹ÊŒ§","11342","”äŠéŒS—’ŽR’¬","113420001002","‚Þ‚³‚µ‘ä“ñ’š–Ú","36.046499","139.325592","0","3"
"11","é‹ÊŒ§","11342","”äŠéŒS—’ŽR’¬","113420001003","‚Þ‚³‚µ‘äŽO’š–Ú","36.049389","139.327472","0","3"
"11","é‹ÊŒ§","11342","”äŠéŒS—’ŽR’¬","113420002000","‘åŽšªŠÝ","36.024895","139.336141","0","1"
"11","é‹ÊŒ§","11342","”äŠéŒS—’ŽR’¬","113420003000","‘åŽšŸ“c","36.081181","139.325794","0","1"
"11","é‹ÊŒ§","11342","”äŠéŒS—’ŽR’¬","113420004000","‘åŽš‘¾˜YŠÛ","36.058972","139.331897","0","1"
"11","é‹ÊŒ§","11342","”äŠéŒS—’ŽR’¬","113420005000","‘åŽšì“‡","36.049416","139.335534","0","1"
"11","é‹ÊŒ§","11342","”äŠéŒS—’ŽR’¬","113420006000","‰ÔŒ©‘ä","36.075960","139.322378","0","1"
"11","é‹ÊŒ§","11342","”äŠéŒS—’ŽR’¬","113420007000","‘åŽš‰“ŽR","36.038262","139.298484","0","1"
"11","é‹ÊŒ§","11342","”äŠéŒS—’ŽR’¬","113420008000","‘åŽš‘å‘ ","36.028016","139.328322","0","1"
"11","é‹ÊŒ§","11342","”äŠéŒS—’ŽR’¬","113420009000","‘åŽš›’J","36.039641","139.324608","0","1"
"11","é‹ÊŒ§","11342","”äŠéŒS—’ŽR’¬","113420010000","‘åŽšçŽè“°","36.037896","139.311849","0","1"
"11","é‹ÊŒ§","11342","”äŠéŒS—’ŽR’¬","113420011000","‘åŽšœA–ì","36.064293","139.323032","0","1"
"11","é‹ÊŒ§","11342","”äŠéŒS—’ŽR’¬","113420012000","‘åŽš™ŽR","36.062550","139.314191","0","1"
"11","é‹ÊŒ§","11342","”äŠéŒS—’ŽR’¬","113420013000","‘åŽš•½àV","36.045676","139.309897","0","1"
"11","é‹ÊŒ§","11342","”äŠéŒS—’ŽR’¬","113420014000","‘åŽš«ŒRàV","36.016030","139.331774","0","1"
"11","é‹ÊŒ§","11342","”äŠéŒS—’ŽR’¬","113420015000","‘åŽšŽu‰ê","36.053908","139.312297","0","1"
"11","é‹ÊŒ§","11342","”äŠéŒS—’ŽR’¬","113420016000","‘åŽš‹g“c","36.085891","139.315839","0","1"
"11","é‹ÊŒ§","11342","”äŠéŒS—’ŽR’¬","113420017000","‘åŽšŒÃ—¢","36.102329","139.299809","0","1"
"11","é‹ÊŒ§","11342","”äŠéŒS—’ŽR’¬","113420018000","‘åŽš‰z”¨","36.080164","139.301000","0","1"
"11","é‹ÊŒ§","11342","”äŠéŒS—’ŽR’¬","113420019000","‘åŽšŠ™Œ`","36.021025","139.315726","0","1"
"11","é‹ÊŒ§","11343","”äŠéŒS¬ì’¬","113430001001","“Œ¬ìˆê’š–Ú","36.056291","139.287510","0","3"
"11","é‹ÊŒ§","11343","”äŠéŒS¬ì’¬","113430001002","“Œ¬ì“ñ’š–Ú","36.053937","139.289932","0","3"
"11","é‹ÊŒ§","11343","”äŠéŒS¬ì’¬","113430001003","“Œ¬ìŽO’š–Ú","36.056516","139.290299","0","3"
"11","é‹ÊŒ§","11343","”äŠéŒS¬ì’¬","113430001004","“Œ¬ìŽl’š–Ú","36.057881","139.293971","0","3"
"11","é‹ÊŒ§","11343","”äŠéŒS¬ì’¬","113430001005","“Œ¬ìŒÜ’š–Ú","36.059180","139.296355","0","3"
"11","é‹ÊŒ§","11343","”äŠéŒS¬ì’¬","113430001006","“Œ¬ì˜Z’š–Ú","36.059415","139.300094","0","3"
"11","é‹ÊŒ§","11343","”äŠéŒS¬ì’¬","113430002001","‚Ð‚Î‚è‘äˆê’š–Ú","36.076867","139.242845","0","3"
"11","é‹ÊŒ§","11343","”äŠéŒS¬ì’¬","113430002002","‚Ð‚Î‚è‘ä“ñ’š–Ú","36.079262","139.246009","0","3"
"11","é‹ÊŒ§","11343","”äŠéŒS¬ì’¬","113430002003","‚Ð‚Î‚è‘äŽO’š–Ú","36.077105","139.246373","0","3"
"11","é‹ÊŒ§","11343","”äŠéŒS¬ì’¬","113430003001","‚Ý‚Ç‚è‚ª‹uˆê’š–Ú","36.065182","139.260879","0","3"
"11","é‹ÊŒ§","11343","”äŠéŒS¬ì’¬","113430003002","‚Ý‚Ç‚è‚ª‹u“ñ’š–Ú","36.069613","139.260677","0","3"
"11","é‹ÊŒ§","11343","”äŠéŒS¬ì’¬","113430003003","‚Ý‚Ç‚è‚ª‹uŽO’š–Ú","36.070174","139.257824","0","3"
"11","é‹ÊŒ§","11343","”äŠéŒS¬ì’¬","113430003004","‚Ý‚Ç‚è‚ª‹uŽl’š–Ú","36.073653","139.260818","0","3"
"11","é‹ÊŒ§","11343","”äŠéŒS¬ì’¬","113430003005","‚Ý‚Ç‚è‚ª‹uŒÜ’š–Ú","36.073147","139.264401","0","3"
"11","é‹ÊŒ§","11343","”äŠéŒS¬ì’¬","113430004000","‘åŽš‘é‘ƒ","36.091187","139.288576","0","1"
"11","é‹ÊŒ§","11343","”äŠéŒS¬ì’¬","113430005000","‘åŽšˆÉ¨ª","36.082998","139.277894","0","1"
"11","é‹ÊŒ§","11343","”äŠéŒS¬ì’¬","113430006000","‘åŽš‰ºŒÃŽ›","36.040982","139.240276","0","1"
"11","é‹ÊŒ§","11343","”äŠéŒS¬ì’¬","113430007000","‘åŽšŒ´ì","36.076235","139.249766","0","1"
"11","é‹ÊŒ§","11343","”äŠéŒS¬ì’¬","113430008000","‘åŽš‘”ö","36.054325","139.249743","0","1"
"11","é‹ÊŒ§","11343","”äŠéŒS¬ì’¬","113430009000","‘åŽš“Þ—Ç—œ","36.084644","139.285978","0","1"
"11","é‹ÊŒ§","11343","”äŠéŒS¬ì’¬","113430010000","‘åŽš”\‘","36.089065","139.278229","0","1"
"11","é‹ÊŒ§","11343","”äŠéŒS¬ì’¬","113430011000","‘åŽš¼ŒÃ—¢","36.093981","139.294348","0","1"
"11","é‹ÊŒ§","11343","”äŠéŒS¬ì’¬","113430012000","‘åŽš‰º‰¡“c","36.068031","139.288084","0","1"
"11","é‹ÊŒ§","11343","”äŠéŒS¬ì’¬","113430013000","‘åŽšŠ}Œ´","36.064196","139.232874","0","1"
"11","é‹ÊŒ§","11343","”äŠéŒS¬ì’¬","113430014000","‘åŽš‚Œ©","36.092879","139.270797","0","1"
"11","é‹ÊŒ§","11343","”äŠéŒS¬ì’¬","113430015000","‘åŽš‘å’Ë","36.058917","139.257550","0","1"
"11","é‹ÊŒ§","11343","”äŠéŒS¬ì’¬","113430016000","‘åŽš–Ø•”","36.068353","139.224290","0","1"
"11","é‹ÊŒ§","11343","”äŠéŒS¬ì’¬","113430017000","‘åŽš”Ñ“c","36.060167","139.239612","0","1"
"11","é‹ÊŒ§","11343","”äŠéŒS¬ì’¬","113430018000","‘åŽšã‰¡“c","36.071912","139.281101","0","1"
"11","é‹ÊŒ§","11343","”äŠéŒS¬ì’¬","113430019000","‘åŽšŠpŽR","36.070669","139.252604","0","1"
"11","é‹ÊŒ§","11343","”äŠéŒS¬ì’¬","113430020000","‘åŽš’†’Ü","36.064274","139.297624","0","1"
"11","é‹ÊŒ§","11343","”äŠéŒS¬ì’¬","113430021000","‘åŽšx•‰","36.078785","139.238089","0","1"
"11","é‹ÊŒ§","11343","”äŠéŒS¬ì’¬","113430022000","‘åŽš¬ì","36.053846","139.271533","0","1"
"11","é‹ÊŒ§","11343","”äŠéŒS¬ì’¬","113430023000","‘åŽš–Ø˜CŽq","36.078890","139.211892","0","1"
"11","é‹ÊŒ§","11343","”äŠéŒS¬ì’¬","113430024000","‘åŽšŸ˜C","36.072960","139.220817","0","1"
"11","é‹ÊŒ§","11343","”äŠéŒS¬ì’¬","113430025000","‘åŽš‚’J","36.075890","139.270768","0","1"
"11","é‹ÊŒ§","11343","”äŠéŒS¬ì’¬","113430026000","‘åŽšãŒÃŽ›","36.026689","139.233966","0","1"
"11","é‹ÊŒ§","11343","”äŠéŒS¬ì’¬","113430027000","‘åŽšÂŽR","36.042451","139.257309","0","1"
"11","é‹ÊŒ§","11343","”äŠéŒS¬ì’¬","113430028000","‘åŽš‰º—¢","36.042555","139.284874","0","1"
"11","é‹ÊŒ§","11343","”äŠéŒS¬ì’¬","113430029000","‘åŽš˜‰z","36.029974","139.212631","0","1"
"11","é‹ÊŒ§","11346","”äŠéŒSì“‡’¬","113460001001","”ª”¦ˆê’š–Ú","35.988374","139.439784","0","3"
"11","é‹ÊŒ§","11346","”äŠéŒSì“‡’¬","113460001002","”ª”¦“ñ’š–Ú","35.989061","139.442351","0","3"
"11","é‹ÊŒ§","11346","”äŠéŒSì“‡’¬","113460001003","”ª”¦ŽO’š–Ú","35.987480","139.443556","0","3"
"11","é‹ÊŒ§","11346","”äŠéŒSì“‡’¬","113460001004","”ª”¦Žl’š–Ú","35.985433","139.442415","0","3"
"11","é‹ÊŒ§","11346","”äŠéŒSì“‡’¬","113460001005","”ª”¦ŒÜ’š–Ú","35.983917","139.444619","0","3"
"11","é‹ÊŒ§","11346","”äŠéŒSì“‡’¬","113460001006","”ª”¦˜Z’š–Ú","35.983799","139.448172","0","3"
"11","é‹ÊŒ§","11346","”äŠéŒSì“‡’¬","113460002001","‚©‚í‚¶‚Üˆê’š–Ú","35.986273","139.463976","0","3"
"11","é‹ÊŒ§","11346","”äŠéŒSì“‡’¬","113460002002","‚©‚í‚¶‚Ü“ñ’š–Ú","35.984547","139.460495","0","3"
"11","é‹ÊŒ§","11346","”äŠéŒSì“‡’¬","113460003000","‘åŽš‰ÁŒÓ","36.012700","139.480472","0","1"
"11","é‹ÊŒ§","11346","”äŠéŒSì“‡’¬","113460004000","‘åŽšˆÀ’Ë","35.969445","139.484573","0","1"
"11","é‹ÊŒ§","11346","”äŠéŒSì“‡’¬","113460005000","¬Œ©–ì","36.012023","139.486221","0","1"
"11","é‹ÊŒ§","11346","”äŠéŒSì“‡’¬","113460006000","‘åŽšŽ‡’|","35.978757","139.485488","0","1"
"11","é‹ÊŒ§","11346","”äŠéŒSì“‡’¬","113460007000","‘åŽš’Ž’Ë","36.001526","139.469063","0","1"
"11","é‹ÊŒ§","11346","”äŠéŒSì“‡’¬","113460008000","‘åŽšoŠÛ–{","35.966256","139.512049","0","1"
"11","é‹ÊŒ§","11346","”äŠéŒSì“‡’¬","113460009000","‘åŽš¼’J","35.968189","139.506589","0","1"
"11","é‹ÊŒ§","11346","”äŠéŒSì“‡’¬","113460010000","‘åŽš”~ƒm–Ø","36.007647","139.456712","0","1"
"11","é‹ÊŒ§","11346","”äŠéŒSì“‡’¬","113460011000","‘åŽš‰º‘å‰®•~","35.957926","139.515392","0","1"
"11","é‹ÊŒ§","11346","”äŠéŒSì“‡’¬","113460012000","‘åŽšV–x","35.971281","139.500083","0","1"
"11","é‹ÊŒ§","11346","”äŠéŒSì“‡’¬","113460013000","‘åŽš‹gŒ´","35.974282","139.496628","0","1"
"11","é‹ÊŒ§","11346","”äŠéŒSì“‡’¬","113460014000","‘åŽš¼‰i","36.016559","139.479597","0","1"
"11","é‹ÊŒ§","11346","”äŠéŒSì“‡’¬","113460015000","‘åŽš’J’†","36.005375","139.473624","0","1"
"11","é‹ÊŒ§","11346","”äŠéŒSì“‡’¬","113460016000","‘åŽš“Œ‘å’Ë","35.997827","139.492226","0","1"
"11","é‹ÊŒ§","11346","”äŠéŒSì“‡’¬","113460017000","‘åŽš“ì‰€•”","35.995398","139.450795","0","1"
"11","é‹ÊŒ§","11346","”äŠéŒSì“‡’¬","113460018000","‘åŽš’¹‰Hˆä","36.002221","139.477638","0","1"
"11","é‹ÊŒ§","11346","”äŠéŒSì“‡’¬","113460019000","‘åŽš”Ñ“‡","35.973501","139.478503","0","1"
"11","é‹ÊŒ§","11346","”äŠéŒSì“‡’¬","113460020000","‘åŽš‹{‘O","35.975274","139.488721","0","1"
"11","é‹ÊŒ§","11346","”äŠéŒSì“‡’¬","113460021000","‘åŽšˆê–{–Ø","35.998212","139.468694","0","1"
"11","é‹ÊŒ§","11346","”äŠéŒSì“‡’¬","113460022000","‘åŽšã‘å‰®•~","35.961264","139.517651","0","1"
"11","é‹ÊŒ§","11346","”äŠéŒSì“‡’¬","113460023000","“Œ–ì","35.989686","139.506450","0","1"
"11","é‹ÊŒ§","11346","”äŠéŒSì“‡’¬","113460024000","‘åŽš–k‰€•”","35.999855","139.455580","0","1"
"11","é‹ÊŒ§","11346","”äŠéŒSì“‡’¬","113460025000","‘åŽš•\","35.977249","139.504083","0","1"
"11","é‹ÊŒ§","11346","”äŠéŒSì“‡’¬","113460026000","‘åŽš‹ÈŽt","35.960398","139.507441","0","1"
"11","é‹ÊŒ§","11346","”äŠéŒSì“‡’¬","113460027000","‘åŽš‰ºˆÉ‘","35.963065","139.474522","0","1"
"11","é‹ÊŒ§","11346","”äŠéŒSì“‡’¬","113460028000","‘åŽš‹ƒP’JŒË","35.982256","139.496078","0","1"
"11","é‹ÊŒ§","11346","”äŠéŒSì“‡’¬","113460029000","‘åŽšãàÀ","35.968611","139.488517","0","1"
"11","é‹ÊŒ§","11346","”äŠéŒSì“‡’¬","113460030000","‘åŽš‰ºàÀ","35.966112","139.497167","0","1"
"11","é‹ÊŒ§","11346","”äŠéŒSì“‡’¬","113460031000","‘åŽš”¨’†","35.992643","139.492945","0","1"
"11","é‹ÊŒ§","11346","”äŠéŒSì“‡’¬","113460032000","‘åŽš“B–³","35.959804","139.498308","0","1"
"11","é‹ÊŒ§","11346","”äŠéŒSì“‡’¬","113460033000","‘åŽšˆÉ‘","35.967529","139.472404","0","1"
"11","é‹ÊŒ§","11346","”äŠéŒSì“‡’¬","113460034000","‘åŽš³’¼","36.003895","139.451158","0","1"
"11","é‹ÊŒ§","11346","”äŠéŒSì“‡’¬","113460035000","‘åŽšŽO•Û’Jh","35.990967","139.500604","0","1"
"11","é‹ÊŒ§","11346","”äŠéŒSì“‡’¬","113460036000","‘åŽš’Ë","35.993324","139.462868","0","1"
"11","é‹ÊŒ§","11346","”äŠéŒSì“‡’¬","113460037000","‘åŽšŽÅÀ","36.015379","139.490918","0","1"
"11","é‹ÊŒ§","11346","”äŠéŒSì“‡’¬","113460038000","‘åŽš’·Šy","36.002505","139.428904","0","1"
"11","é‹ÊŒ§","11346","”äŠéŒSì“‡’¬","113460039000","“Œ•”","36.010333","139.490704","0","1"
"11","é‹ÊŒ§","11346","”äŠéŒSì“‡’¬","113460040000","‘åŽš”’ˆäÀ","35.983169","139.486679","0","1"
"11","é‹ÊŒ§","11346","”äŠéŒSì“‡’¬","113460041000","‘åŽšŒËŽç","35.996538","139.440363","0","1"
"11","é‹ÊŒ§","11346","”äŠéŒSì“‡’¬","113460042000","‘åŽš’¹‰HˆäV“c","36.003664","139.485962","0","1"
"11","é‹ÊŒ§","11346","”äŠéŒSì“‡’¬","113460043000","‘åŽš‰º”ªƒc—Ñ","35.994219","139.484301","0","1"
"11","é‹ÊŒ§","11346","”äŠéŒSì“‡’¬","113460044000","‘åŽš‰º¬Œ©–ì","36.014020","139.470278","0","1"
"11","é‹ÊŒ§","11346","”äŠéŒSì“‡’¬","113460045000","‘åŽšŠpò","35.961455","139.482717","0","1"
"11","é‹ÊŒ§","11346","”äŠéŒSì“‡’¬","113460046000","‘åŽšŽRƒP’JŒË","35.981270","139.510571","0","1"
"11","é‹ÊŒ§","11346","”äŠéŒSì“‡’¬","113460047000","‘åŽšã¬Œ©–ì","36.007420","139.467805","0","1"
"11","é‹ÊŒ§","11346","”äŠéŒSì“‡’¬","113460048000","‘åŽšã”ªƒc—Ñ","35.992466","139.473845","0","1"
"11","é‹ÊŒ§","11346","”äŠéŒSì“‡’¬","113460049000","‘åŽš•½À","35.982075","139.474556","0","1"
"11","é‹ÊŒ§","11346","”äŠéŒSì“‡’¬","113460050000","‘åŽšoŠÛ‰º‹½","35.971479","139.520192","0","1"
"11","é‹ÊŒ§","11346","”äŠéŒSì“‡’¬","113460051000","‘åŽšãˆÉ‘","35.974393","139.464422","0","1"
"11","é‹ÊŒ§","11346","”äŠéŒSì“‡’¬","113460052000","‘åŽš’†ŽR","35.986998","139.452179","0","1"
"11","é‹ÊŒ§","11346","”äŠéŒSì“‡’¬","113460053000","‘åŽšoŠÛ’†‹½","35.954660","139.529335","0","1"
"11","é‹ÊŒ§","11347","”äŠéŒS‹gŒ©’¬","113470001000","‘åŽš{–ìŽqV“c","36.028035","139.498880","0","1"
"11","é‹ÊŒ§","11347","”äŠéŒS‹gŒ©’¬","113470002001","“Œ–ìˆê’š–Ú","36.042573","139.467516","0","3"
"11","é‹ÊŒ§","11347","”äŠéŒS‹gŒ©’¬","113470002002","“Œ–ì“ñ’š–Ú","36.040681","139.468810","0","3"
"11","é‹ÊŒ§","11347","”äŠéŒS‹gŒ©’¬","113470002003","“Œ–ìŽO’š–Ú","36.039586","139.470541","0","3"
"11","é‹ÊŒ§","11347","”äŠéŒS‹gŒ©’¬","113470002004","“Œ–ìŽl’š–Ú","36.036659","139.469011","0","3"
"11","é‹ÊŒ§","11347","”äŠéŒS‹gŒ©’¬","113470002005","“Œ–ìŒÜ’š–Ú","36.037704","139.471689","0","3"
"11","é‹ÊŒ§","11347","”äŠéŒS‹gŒ©’¬","113470002006","“Œ–ì˜Z’š–Ú","36.037629","139.474283","0","3"
"11","é‹ÊŒ§","11347","”äŠéŒS‹gŒ©’¬","113470003000","‘åŽšã‹â’J","36.034453","139.470071","0","1"
"11","é‹ÊŒ§","11347","”äŠéŒS‹gŒ©’¬","113470004000","‘åŽšŒÃ–¼","36.041815","139.472699","0","1"
"11","é‹ÊŒ§","11347","”äŠéŒS‹gŒ©’¬","113470005000","‘åŽš¬Vˆä","36.055448","139.453193","0","1"
"11","é‹ÊŒ§","11347","”äŠéŒS‹gŒ©’¬","113470006000","‘åŽš–œŒõŽ›","36.031847","139.474984","0","1"
"11","é‹ÊŒ§","11347","”äŠéŒS‹gŒ©’¬","113470007000","‘åŽš‰á“l’J","36.036097","139.484255","0","1"
"11","é‹ÊŒ§","11347","”äŠéŒS‹gŒ©’¬","113470008000","‘åŽš˜@ÀV“c","36.036228","139.489821","0","1"
"11","é‹ÊŒ§","11347","”äŠéŒS‹gŒ©’¬","113470009000","‘åŽš‚”öV“c","36.031638","139.492016","0","1"
"11","é‹ÊŒ§","11347","”äŠéŒS‹gŒ©’¬","113470010000","‘åŽš–{‘ò","36.063136","139.453889","0","1"
"11","é‹ÊŒ§","11347","”äŠéŒS‹gŒ©’¬","113470011000","‘åŽš–k‰º»","36.048615","139.467195","0","1"
"11","é‹ÊŒ§","11347","”äŠéŒS‹gŒ©’¬","113470012000","‘åŽšŠÛŠÑ","36.046258","139.469187","0","1"
"11","é‹ÊŒ§","11347","”äŠéŒS‹gŒ©’¬","113470013000","‘åŽšŽRƒm‰º","36.067592","139.441576","0","1"
"11","é‹ÊŒ§","11347","”äŠéŒS‹gŒ©’¬","113470014000","‘åŽš‹v•Û“cV“c","36.027178","139.501670","0","1"
"11","é‹ÊŒ§","11347","”äŠéŒS‹gŒ©’¬","113470015000","‘åŽšã×’J","36.056812","139.448618","0","1"
"11","é‹ÊŒ§","11347","”äŠéŒS‹gŒ©’¬","113470016000","‘åŽšŒäŠ","36.051399","139.439509","0","1"
"11","é‹ÊŒ§","11347","”äŠéŒS‹gŒ©’¬","113470017000","‘åŽš‰º‹â’J","36.028890","139.470166","0","1"
"11","é‹ÊŒ§","11347","”äŠéŒS‹gŒ©’¬","113470018000","‘åŽš¼è","36.064315","139.447361","0","1"
"11","é‹ÊŒ§","11347","”äŠéŒS‹gŒ©’¬","113470019000","‘åŽš’JŒû","36.039656","139.464089","0","1"
"11","é‹ÊŒ§","11347","”äŠéŒS‹gŒ©’¬","113470020000","‘åŽšŒÃ–¼V“c","36.044041","139.477681","0","1"
"11","é‹ÊŒ§","11347","”äŠéŒS‹gŒ©’¬","113470021000","‘åŽš’†‘]ª","36.075801","139.442524","0","1"
"11","é‹ÊŒ§","11347","”äŠéŒS‹gŒ©’¬","113470022000","‘åŽš’†Vˆä","36.049071","139.456502","0","1"
"11","é‹ÊŒ§","11347","”äŠéŒS‹gŒ©’¬","113470023000","‘åŽšrŽq","36.026067","139.478436","0","1"
"11","é‹ÊŒ§","11347","”äŠéŒS‹gŒ©’¬","113470024000","‘åŽš¡ò","36.053826","139.464864","0","1"
"11","é‹ÊŒ§","11347","”äŠéŒS‹gŒ©’¬","113470025000","‘åŽš‘å˜a“c","36.037744","139.478823","0","1"
"11","é‹ÊŒ§","11347","”äŠéŒS‹gŒ©’¬","113470026000","‘åŽš‹v•Ä“c","36.038077","139.441363","0","1"
"11","é‹ÊŒ§","11347","”äŠéŒS‹gŒ©’¬","113470027000","‘åŽš“ì‹gŒ©","36.032795","139.425328","0","1"
"11","é‹ÊŒ§","11347","”äŠéŒS‹gŒ©’¬","113470028000","‘åŽš˜a–¼","36.045071","139.442987","0","1"
"11","é‹ÊŒ§","11347","”äŠéŒS‹gŒ©’¬","113470029000","‘åŽš”Ñ“‡V“c","36.025418","139.484312","0","1"
"11","é‹ÊŒ§","11347","”äŠéŒS‹gŒ©’¬","113470030000","‘åŽš‘O‰Í“à","36.019941","139.456604","0","1"
"11","é‹ÊŒ§","11347","”äŠéŒS‹gŒ©’¬","113470031000","‘åŽš•Šâ","36.057222","139.439338","0","1"
"11","é‹ÊŒ§","11347","”äŠéŒS‹gŒ©’¬","113470032000","‘åŽšˆêƒc–Ø","36.067035","139.463416","0","1"
"11","é‹ÊŒ§","11347","”äŠéŒS‹gŒ©’¬","113470033000","‘åŽš¼‹gŒ©","36.028966","139.434273","0","1"
"11","é‹ÊŒ§","11347","”äŠéŒS‹gŒ©’¬","113470034000","‘åŽšã»","36.075947","139.450753","0","1"
"11","é‹ÊŒ§","11347","”äŠéŒS‹gŒ©’¬","113470035000","‘åŽš’n“ª•û","36.067258","139.457315","0","1"
"11","é‹ÊŒ§","11347","”äŠéŒS‹gŒ©’¬","113470036000","‘åŽš]˜aˆä","36.021522","139.496009","0","1"
"11","é‹ÊŒ§","11347","”äŠéŒS‹gŒ©’¬","113470037000","‘åŽš‰º×’J","36.041619","139.454472","0","1"
"11","é‹ÊŒ§","11347","”äŠéŒS‹gŒ©’¬","113470038000","‘åŽš–¾H","36.052288","139.479181","0","1"
"11","é‹ÊŒ§","11347","”äŠéŒS‹gŒ©’¬","113470039000","‘åŽš‹v•Û“c","36.032432","139.450369","0","1"
"11","é‹ÊŒ§","11347","”äŠéŒS‹gŒ©’¬","113470040000","‘åŽš]j","36.019119","139.445377","0","1"
"11","é‹ÊŒ§","11347","”äŠéŒS‹gŒ©’¬","113470041000","‘åŽš“cb","36.069599","139.430534","0","1"
"11","é‹ÊŒ§","11347","”äŠéŒS‹gŒ©’¬","113470042000","‘åŽš’·’J","36.056089","139.424482","0","1"
"11","é‹ÊŒ§","11347","”äŠéŒS‹gŒ©’¬","113470043000","‘åŽš‘å‹ø","36.023041","139.463946","0","1"
"11","é‹ÊŒ§","11347","”äŠéŒS‹gŒ©’¬","113470044000","‘åŽš–k‹gŒ©","36.046206","139.428562","0","1"
"11","é‹ÊŒ§","11348","”äŠéŒS”µŽR’¬","113480001001","¼ƒ–‹uˆê’š–Ú","35.987312","139.353326","0","3"
"11","é‹ÊŒ§","11348","”äŠéŒS”µŽR’¬","113480001002","¼ƒ–‹u“ñ’š–Ú","35.990122","139.353168","0","3"
"11","é‹ÊŒ§","11348","”äŠéŒS”µŽR’¬","113480001003","¼ƒ–‹uŽO’š–Ú","35.993541","139.352546","0","3"
"11","é‹ÊŒ§","11348","”äŠéŒS”µŽR’¬","113480001004","¼ƒ–‹uŽl’š–Ú","35.988600","139.349855","0","3"
"11","é‹ÊŒ§","11348","”äŠéŒS”µŽR’¬","113480002001","•–ƒ–‹uˆê’š–Ú","35.986144","139.357269","0","3"
"11","é‹ÊŒ§","11348","”äŠéŒS”µŽR’¬","113480002002","•–ƒ–‹u“ñ’š–Ú","35.989421","139.356195","0","3"
"11","é‹ÊŒ§","11348","”äŠéŒS”µŽR’¬","113480002003","•–ƒ–‹uŽO’š–Ú","35.991521","139.356351","0","3"
"11","é‹ÊŒ§","11348","”äŠéŒS”µŽR’¬","113480002004","•–ƒ–‹uŽl’š–Ú","35.985430","139.360775","0","3"
"11","é‹ÊŒ§","11348","”äŠéŒS”µŽR’¬","113480003001","”µƒ–‹uˆê’š–Ú","35.984309","139.354707","0","3"
"11","é‹ÊŒ§","11348","”äŠéŒS”µŽR’¬","113480003002","”µƒ–‹u“ñ’š–Ú","35.983890","139.358484","0","3"
"11","é‹ÊŒ§","11348","”äŠéŒS”µŽR’¬","113480003003","”µƒ–‹uŽO’š–Ú","35.982136","139.361420","0","3"
"11","é‹ÊŒ§","11348","”äŠéŒS”µŽR’¬","113480003004","”µƒ–‹uŽl’š–Ú","35.980704","139.360281","0","3"
"11","é‹ÊŒ§","11348","”äŠéŒS”µŽR’¬","113480003005","”µƒ–‹uŒÜ’š–Ú","35.982469","139.352320","0","3"
"11","é‹ÊŒ§","11348","”äŠéŒS”µŽR’¬","113480004000","‘åŽš¡h","35.966253","139.340160","0","1"
"11","é‹ÊŒ§","11348","”äŠéŒS”µŽR’¬","113480005000","‘åŽš‰œ“c","36.003488","139.339465","0","1"
"11","é‹ÊŒ§","11348","”äŠéŒS”µŽR’¬","113480006000","‘åŽš‚–ì‘q","35.991811","139.295605","0","1"
"11","é‹ÊŒ§","11348","”äŠéŒS”µŽR’¬","113480007000","‘åŽš{]","36.003929","139.326581","0","1"
"11","é‹ÊŒ§","11348","”äŠéŒS”µŽR’¬","113480008000","‘åŽš’|–{","36.002720","139.312627","0","1"
"11","é‹ÊŒ§","11348","”äŠéŒS”µŽR’¬","113480009000","‘åŽš‘å“¤ŒË","35.976574","139.325992","0","1"
"11","é‹ÊŒ§","11348","”äŠéŒS”µŽR’¬","113480010000","‘åŽš¬—p","35.968435","139.328220","0","1"
"11","é‹ÊŒ§","11348","”äŠéŒS”µŽR’¬","113480011000","‘åŽšòˆä","35.993500","139.316646","0","1"
"11","é‹ÊŒ§","11348","”äŠéŒS”µŽR’¬","113480012000","‘åŽš‘å‹´","35.995893","139.338253","0","1"
"11","é‹ÊŒ§","11348","”äŠéŒS”µŽR’¬","113480013000","‘åŽšÔÀ","35.977791","139.343883","0","1"
"11","é‹ÊŒ§","11348","”äŠéŒS”µŽR’¬","113480014000","‘åŽšŒFˆä","35.984312","139.317982","0","1"
"11","é‹ÊŒ§","11348","”äŠéŒS”µŽR’¬","113480015000","‘åŽšÎâ","35.988639","139.368227","0","1"
"11","é‹ÊŒ§","11349","”äŠéŒS‚Æ‚«‚ª‚í’¬","113490001000","‘åŽšŠÖ–x","36.000173","139.276539","0","1"
"11","é‹ÊŒ§","11349","”äŠéŒS‚Æ‚«‚ª‚í’¬","113490002000","‘åŽš£ŒËŒ³ã","35.997693","139.269876","0","1"
"11","é‹ÊŒ§","11349","”äŠéŒS‚Æ‚«‚ª‚í’¬","113490003000","‘åŽš“c’†","36.003997","139.278849","0","1"
"11","é‹ÊŒ§","11349","”äŠéŒS‚Æ‚«‚ª‚í’¬","113490004000","‘åŽš”nê","35.997522","139.281074","0","1"
"11","é‹ÊŒ§","11349","”äŠéŒS‚Æ‚«‚ª‚í’¬","113490005000","‘åŽš£ŒËŒ³‰º","35.992305","139.272480","0","1"
"11","é‹ÊŒ§","11349","”äŠéŒS‚Æ‚«‚ª‚í’¬","113490006000","‘åŽš“–Ø","36.000121","139.262659","0","1"
"11","é‹ÊŒ§","11349","”äŠéŒS‚Æ‚«‚ª‚í’¬","113490007000","‘åŽš•ÊŠ","36.009305","139.260761","0","1"
"11","é‹ÊŒ§","11349","”äŠéŒS‚Æ‚«‚ª‚í’¬","113490008000","‘åŽš–{‹½","36.009021","139.274374","0","1"
"11","é‹ÊŒ§","11349","”äŠéŒS‚Æ‚«‚ª‚í’¬","113490009000","‘åŽš”Ô ","36.001541","139.289991","0","1"
"11","é‹ÊŒ§","11349","”äŠéŒS‚Æ‚«‚ª‚í’¬","113490010000","‘åŽš‰_‰ÍŒ´","36.017715","139.243089","0","1"
"11","é‹ÊŒ§","11349","”äŠéŒS‚Æ‚«‚ª‚í’¬","113490011000","‘åŽš‘å•","35.991158","139.256874","0","1"
"11","é‹ÊŒ§","11349","”äŠéŒS‚Æ‚«‚ª‚í’¬","113490012000","‘åŽš“c•","36.027393","139.293891","0","1"
"11","é‹ÊŒ§","11349","”äŠéŒS‚Æ‚«‚ª‚í’¬","113490013000","‘åŽšŒÜ–¾","36.020496","139.275565","0","1"
"11","é‹ÊŒ§","11349","”äŠéŒS‚Æ‚«‚ª‚í’¬","113490014000","‘åŽš“ú‰e","36.023113","139.256041","0","1"
"11","é‹ÊŒ§","11349","”äŠéŒS‚Æ‚«‚ª‚í’¬","113490015000","‘åŽšž­•½","35.971423","139.217726","0","1"
"11","é‹ÊŒ§","11349","”äŠéŒS‚Æ‚«‚ª‚í’¬","113490016000","‘åŽš‹Êì","36.010292","139.298243","0","1"
"11","é‹ÊŒ§","11349","”äŠéŒS‚Æ‚«‚ª‚í’¬","113490017000","‘åŽš¼•½","35.997229","139.235707","0","1"
"11","é‹ÊŒ§","11349","”äŠéŒS‚Æ‚«‚ª‚í’¬","113490018000","‘åŽš‘å–ì","35.986985","139.195557","0","1"
"11","é‹ÊŒ§","11361","’•ƒŒS‰¡£’¬","113610001000","‘åŽšˆ°ƒP‹v•Û","35.966352","139.154964","0","1"
"11","é‹ÊŒ§","11361","’•ƒŒS‰¡£’¬","113610002000","‘åŽš‰¡£","35.968668","139.107584","0","1"
"11","é‹ÊŒ§","11362","’•ƒŒSŠF–ì’¬","113620001000","‘åŽš‹àè","36.086772","139.102271","0","1"
"11","é‹ÊŒ§","11362","’•ƒŒSŠF–ì’¬","113620002000","‘åŽš‘_","36.086818","139.086131","0","1"
"11","é‹ÊŒ§","11362","’•ƒŒSŠF–ì’¬","113620003000","‘åŽš‘åŸº","36.072603","139.083502","0","1"
"11","é‹ÊŒ§","11362","’•ƒŒSŠF–ì’¬","113620004000","‘åŽš–ìŠª","36.068048","139.066261","0","1"
"11","é‹ÊŒ§","11362","’•ƒŒSŠF–ì’¬","113620005000","‘åŽš‰º“c–ì","36.082874","139.123991","0","1"
"11","é‹ÊŒ§","11362","’•ƒŒSŠF–ì’¬","113620006000","‘åŽšŠF–ì","36.070020","139.104390","0","1"
"11","é‹ÊŒ§","11362","’•ƒŒSŠF–ì’¬","113620007000","‘åŽšã“ú–ì‘ò","36.085511","139.026107","0","1"
"11","é‹ÊŒ§","11362","’•ƒŒSŠF–ì’¬","113620008000","‘åŽš‰º“ú–ì‘ò","36.089872","139.058355","0","1"
"11","é‹ÊŒ§","11362","’•ƒŒSŠF–ì’¬","113620009000","‘åŽš‹à‘ò","36.107393","139.065072","0","1"
"11","é‹ÊŒ§","11362","’•ƒŒSŠF–ì’¬","113620010000","‘åŽšŽO‘ò","36.058966","139.136123","0","1"
"11","é‹ÊŒ§","11363","’•ƒŒS’·“Ò’¬","113630001000","‘åŽš’†–ìã","36.113534","139.094564","0","1"
"11","é‹ÊŒ§","11363","’•ƒŒS’·“Ò’¬","113630002000","‘åŽš•—•z","36.097958","139.132607","0","1"
"11","é‹ÊŒ§","11363","’•ƒŒS’·“Ò’¬","113630003000","‘åŽš–{–ìã","36.105584","139.102207","0","1"
"11","é‹ÊŒ§","11363","’•ƒŒS’·“Ò’¬","113630004000","‘åŽš–î“ß£","36.138723","139.142984","0","1"
"11","é‹ÊŒ§","11363","’•ƒŒS’·“Ò’¬","113630005000","‘åŽš’·“Ò","36.094966","139.102273","0","1"
"11","é‹ÊŒ§","11363","’•ƒŒS’·“Ò’¬","113630006000","‘åŽšˆäŒË","36.104224","139.118688","0","1"
"11","é‹ÊŒ§","11363","’•ƒŒS’·“Ò’¬","113630007000","‘åŽšŠâ“c","36.124005","139.130304","0","1"
"11","é‹ÊŒ§","11363","’•ƒŒS’·“Ò’¬","113630008000","‘åŽš–ìã‰º‹½","36.132045","139.107190","0","1"
"11","é‹ÊŒ§","11365","’•ƒŒS¬Ž­–ì’¬","113650001000","¬Ž­–ì","36.023045","139.002881","0","1"
"11","é‹ÊŒ§","11365","’•ƒŒS¬Ž­–ì’¬","113650002000","”ÊŽá","35.992845","139.009657","0","1"
"11","é‹ÊŒ§","11365","’•ƒŒS¬Ž­–ì’¬","113650003000","‰º¬Ž­–ì","36.011977","139.021720","0","1"
"11","é‹ÊŒ§","11365","’•ƒŒS¬Ž­–ì’¬","113650004000","“ú”ö","36.068959","138.939039","0","1"
"11","é‹ÊŒ§","11365","’•ƒŒS¬Ž­–ì’¬","113650005000","ˆÉ“¤‘ò","36.000259","138.989559","0","1"
"11","é‹ÊŒ§","11365","’•ƒŒS¬Ž­–ì’¬","113650006000","”Ñ“c","36.034926","138.966173","0","1"
"11","é‹ÊŒ§","11365","’•ƒŒS¬Ž­–ì’¬","113650007000","’·—¯","35.994387","139.038107","0","1"
"11","é‹ÊŒ§","11365","’•ƒŒS¬Ž­–ì’¬","113650008000","ŽOŽR","36.035882","138.915326","0","1"
"11","é‹ÊŒ§","11365","’•ƒŒS¬Ž­–ì’¬","113650009000","‰ÍŒ´‘ò","36.048700","138.864953","0","1"
"11","é‹ÊŒ§","11365","’•ƒŒS¬Ž­–ì’¬","113650010000","“¡‘q","36.067251","138.909423","0","1"
"11","é‹ÊŒ§","11365","’•ƒŒS¬Ž­–ì’¬","113650011000","—¼_”–","36.015459","138.925755","0","1"
"11","é‹ÊŒ§","11365","’•ƒŒS¬Ž­–ì’¬","113650012000","—¼_¬X","35.993724","138.915121","0","1"
"11","é‹ÊŒ§","11369","’•ƒŒS“Œ’•ƒ‘º","113690001000","‘åŽš‰œ‘ò","36.061593","139.196500","0","1"
"11","é‹ÊŒ§","11369","’•ƒŒS“Œ’•ƒ‘º","113690002000","‘åŽš‘å“à‘ò","36.081202","139.166949","0","1"
"11","é‹ÊŒ§","11369","’•ƒŒS“Œ’•ƒ‘º","113690003000","‘åŽšŠF’J","36.038780","139.170425","0","1"
"11","é‹ÊŒ§","11369","’•ƒŒS“Œ’•ƒ‘º","113690004000","‘åŽšˆÀŒË","36.046879","139.215820","0","1"
"11","é‹ÊŒ§","11369","’•ƒŒS“Œ’•ƒ‘º","113690005000","‘åŽšŒä“°","36.040378","139.190854","0","1"
"11","é‹ÊŒ§","11369","’•ƒŒS“Œ’•ƒ‘º","113690006000","‘åŽšâ–{","36.056038","139.171287","0","1"
"11","é‹ÊŒ§","11369","’•ƒŒS“Œ’•ƒ‘º","113690007000","‘åŽš”’Î","36.014748","139.175333","0","1"
"11","é‹ÊŒ§","11381","Ž™‹ÊŒS”ü—¢’¬","113810001000","‘åŽšª–Ø","36.192154","139.181177","0","1"
"11","é‹ÊŒ§","11381","Ž™‹ÊŒS”ü—¢’¬","113810002000","‘åŽš’†—¢","36.163992","139.176566","0","1"
"11","é‹ÊŒ§","11381","Ž™‹ÊŒS”ü—¢’¬","113810003000","‘åŽš“ì\ð","36.194540","139.164222","0","1"
"11","é‹ÊŒ§","11381","Ž™‹ÊŒS”ü—¢’¬","113810004000","‘åŽš–Ø•”","36.171489","139.175108","0","1"
"11","é‹ÊŒ§","11381","Ž™‹ÊŒS”ü—¢’¬","113810005000","‘åŽš–k\ð","36.201052","139.173626","0","1"
"11","é‹ÊŒ§","11381","Ž™‹ÊŒS”ü—¢’¬","113810006000","‘åŽšˆ¢“ßŽu","36.187948","139.188679","0","1"
"11","é‹ÊŒ§","11381","Ž™‹ÊŒS”ü—¢’¬","113810007000","‘åŽš¬–Î“c","36.204087","139.191965","0","1"
"11","é‹ÊŒ§","11381","Ž™‹ÊŒS”ü—¢’¬","113810008000","‘åŽšŒÃŒS","36.180867","139.187103","0","1"
"11","é‹ÊŒ§","11381","Ž™‹ÊŒS”ü—¢’¬","113810009000","‘åŽšÀã","36.188580","139.165715","0","1"
"11","é‹ÊŒ§","11381","Ž™‹ÊŒS”ü—¢’¬","113810010000","‘åŽš‰ºŽ™‹Ê","36.203345","139.166767","0","1"
"11","é‹ÊŒ§","11381","Ž™‹ÊŒS”ü—¢’¬","113810011000","‘åŽšŠÃ””","36.168817","139.185671","0","1"
"11","é‹ÊŒ§","11381","Ž™‹ÊŒS”ü—¢’¬","113810012000","‘åŽš‹îˆß","36.176845","139.169195","0","1"
"11","é‹ÊŒ§","11381","Ž™‹ÊŒS”ü—¢’¬","113810013000","‘åŽšŠÖ","36.191752","139.198301","0","1"
"11","é‹ÊŒ§","11381","Ž™‹ÊŒS”ü—¢’¬","113810014000","‘åŽš‰~—Ç“c","36.140308","139.165553","0","1"
"11","é‹ÊŒ§","11381","Ž™‹ÊŒS”ü—¢’¬","113810015000","‘åŽšL–Ø","36.169540","139.156935","0","1"
"11","é‹ÊŒ§","11381","Ž™‹ÊŒS”ü—¢’¬","113810016000","‘åŽš’––“","36.152135","139.185065","0","1"
"11","é‹ÊŒ§","11381","Ž™‹ÊŒS”ü—¢’¬","113810017000","‘åŽš”’Î","36.155470","139.167508","0","1"
"11","é‹ÊŒ§","11383","Ž™‹ÊŒS_ì’¬","113830001000","‘åŽšŒ´V“c","36.217404","139.119470","0","1"
"11","é‹ÊŒ§","11383","Ž™‹ÊŒS_ì’¬","113830002000","‘åŽšŠÑˆä","36.211109","139.087024","0","1"
"11","é‹ÊŒ§","11383","Ž™‹ÊŒS_ì’¬","113830003000","‘åŽšŽlŒ¬Ý‰Æ","36.231785","139.106776","0","1"
"11","é‹ÊŒ§","11383","Ž™‹ÊŒS_ì’¬","113830004000","‘åŽšŒF–ì“°","36.213881","139.125105","0","1"
"11","é‹ÊŒ§","11383","Ž™‹ÊŒS_ì’¬","113830005000","‘åŽšŒ³Œ´","36.219475","139.128776","0","1"
"11","é‹ÊŒ§","11383","Ž™‹ÊŒS_ì’¬","113830006000","‘åŽš’†V—¢","36.209429","139.096492","0","1"
"11","é‹ÊŒ§","11383","Ž™‹ÊŒS_ì’¬","113830007000","‘åŽšŠÖŒû","36.220148","139.101223","0","1"
"11","é‹ÊŒ§","11383","Ž™‹ÊŒS_ì’¬","113830008000","‘åŽš’r“c","36.193222","139.079455","0","1"
"11","é‹ÊŒ§","11383","Ž™‹ÊŒS_ì’¬","113830009000","‘åŽš¬•l","36.207748","139.080162","0","1"
"11","é‹ÊŒ§","11383","Ž™‹ÊŒS_ì’¬","113830010000","‘åŽšA’|","36.215154","139.100829","0","1"
"11","é‹ÊŒ§","11383","Ž™‹ÊŒS_ì’¬","113830011000","‘åŽš”ì“y","36.226224","139.092508","0","1"
"11","é‹ÊŒ§","11383","Ž™‹ÊŒS_ì’¬","113830012000","‘åŽš“ñƒm‹{","36.190542","139.082928","0","1"
"11","é‹ÊŒ§","11383","Ž™‹ÊŒS_ì’¬","113830013000","‘åŽšŒ³ˆ¢•Û","36.223949","139.108860","0","1"
"11","é‹ÊŒ§","11383","Ž™‹ÊŒS_ì’¬","113830014000","‘åŽšVh","36.191038","139.069663","0","1"
"11","é‹ÊŒ§","11383","Ž™‹ÊŒS_ì’¬","113830015000","‘åŽš”ª“úŽs","36.208285","139.117462","0","1"
"11","é‹ÊŒ§","11383","Ž™‹ÊŒS_ì’¬","113830016000","‘åŽš‰ºˆ¢‹vŒ´","36.146474","139.065529","0","1"
"11","é‹ÊŒ§","11383","Ž™‹ÊŒS_ì’¬","113830017000","‘åŽšV—¢","36.197759","139.097907","0","1"
"11","é‹ÊŒ§","11383","Ž™‹ÊŒS_ì’¬","113830018000","‘åŽš“n£","36.172228","139.066686","0","1"
"11","é‹ÊŒ§","11383","Ž™‹ÊŒS_ì’¬","113830019000","‘åŽšãˆ¢‹vŒ´","36.130625","139.051075","0","1"
"11","é‹ÊŒ§","11383","Ž™‹ÊŒS_ì’¬","113830020000","‘åŽš–î”[","36.114710","139.005245","0","1"
"11","é‹ÊŒ§","11385","Ž™‹ÊŒSã—¢’¬","113850001000","‘åŽš”ù¹“f","36.280547","139.129175","0","1"
"11","é‹ÊŒ§","11385","Ž™‹ÊŒSã—¢’¬","113850002000","‘åŽš“¡–ØŒË","36.240090","139.119405","0","1"
"11","é‹ÊŒ§","11385","Ž™‹ÊŒSã—¢’¬","113850003000","‘åŽš‘á","36.273008","139.142746","0","1"
"11","é‹ÊŒ§","11385","Ž™‹ÊŒSã—¢’¬","113850004000","‘åŽš‘Ñ“","36.250248","139.125536","0","1"
"11","é‹ÊŒ§","11385","Ž™‹ÊŒSã—¢’¬","113850005000","‘åŽšŽO’¬","36.232929","139.128333","0","1"
"11","é‹ÊŒ§","11385","Ž™‹ÊŒSã—¢’¬","113850006000","‘åŽš’ç","36.244246","139.132686","0","1"
"11","é‹ÊŒ§","11385","Ž™‹ÊŒSã—¢’¬","113850007000","‘åŽš”E•Û","36.270651","139.152224","0","1"
"11","é‹ÊŒ§","11385","Ž™‹ÊŒSã—¢’¬","113850008000","‘åŽš”ª’¬‰ÍŒ´","36.271642","139.162755","0","1"
"11","é‹ÊŒ§","11385","Ž™‹ÊŒSã—¢’¬","113850009000","‘åŽšŒÜ–¾","36.249649","139.114969","0","1"
"11","é‹ÊŒ§","11385","Ž™‹ÊŒSã—¢’¬","113850010000","‘åŽš‰Ã”ü","36.227280","139.144840","0","1"
"11","é‹ÊŒ§","11385","Ž™‹ÊŒSã—¢’¬","113850011000","‘åŽš‘åŒä“°","36.226399","139.123804","0","1"
"11","é‹ÊŒ§","11385","Ž™‹ÊŒSã—¢’¬","113850012000","‘åŽš_•ÛŒ´’¬","36.258088","139.154770","0","1"
"11","é‹ÊŒ§","11385","Ž™‹ÊŒSã—¢’¬","113850013000","‘åŽš’·•l","36.241335","139.106359","0","1"
"11","é‹ÊŒ§","11385","Ž™‹ÊŒSã—¢’¬","113850014000","‘åŽš‹à‹v•Û","36.265823","139.136707","0","1"
"11","é‹ÊŒ§","11385","Ž™‹ÊŒSã—¢’¬","113850015000","‘åŽš’ºŽg‰ÍŒ´","36.261858","139.123548","0","1"
"11","é‹ÊŒ§","11385","Ž™‹ÊŒSã—¢’¬","113850016000","‘åŽšŽµ–{–Ø","36.241520","139.150036","0","1"
"11","é‹ÊŒ§","11408","‘å—¢ŒSŠñ‹’¬","114080001000","‘åŽš¼ŒÃ—¢","36.102683","139.286786","0","1"
"11","é‹ÊŒ§","11408","‘å—¢ŒSŠñ‹’¬","114080002000","‘åŽš“¡“c","36.123388","139.181870","0","1"
"11","é‹ÊŒ§","11408","‘å—¢ŒSŠñ‹’¬","114080003000","‘åŽš•Û“cŒ´","36.116781","139.213455","0","1"
"11","é‹ÊŒ§","11408","‘å—¢ŒSŠñ‹’¬","114080004000","‘åŽš˜I—œŽq","36.105759","139.215719","0","1"
"11","é‹ÊŒ§","11408","‘å—¢ŒSŠñ‹’¬","114080005000","‘åŽš¬‰€","36.116074","139.225846","0","1"
"11","é‹ÊŒ§","11408","‘å—¢ŒSŠñ‹’¬","114080006000","‘åŽš‘éƒm‘ƒ","36.099576","139.281796","0","1"
"11","é‹ÊŒ§","11408","‘å—¢ŒSŠñ‹’¬","114080007000","‘åŽšŽO•i","36.091410","139.177740","0","1"
"11","é‹ÊŒ§","11408","‘å—¢ŒSŠñ‹’¬","114080008000","‘åŽš—§Œ´","36.103218","139.189489","0","1"
"11","é‹ÊŒ§","11408","‘å—¢ŒSŠñ‹’¬","114080009000","‘åŽšŽOƒPŽR","36.094821","139.216886","0","1"
"11","é‹ÊŒ§","11408","‘å—¢ŒSŠñ‹’¬","114080010000","‘åŽšŠñ‹","36.117617","139.192595","0","1"
"11","é‹ÊŒ§","11408","‘å—¢ŒSŠñ‹’¬","114080011000","‘åŽšHŽR","36.096028","139.167207","0","1"
"11","é‹ÊŒ§","11408","‘å—¢ŒSŠñ‹’¬","114080012000","‘åŽš¡Žs","36.098727","139.264341","0","1"
"11","é‹ÊŒ§","11408","‘å—¢ŒSŠñ‹’¬","114080013000","‘åŽš‹à”ö","36.122757","139.151249","0","1"
"11","é‹ÊŒ§","11408","‘å—¢ŒSŠñ‹’¬","114080014000","‘åŽš–´—ç","36.095708","139.248653","0","1"
"11","é‹ÊŒ§","11408","‘å—¢ŒSŠñ‹’¬","114080015000","‘åŽš”«Œ`","36.107206","139.203596","0","1"
"11","é‹ÊŒ§","11408","‘å—¢ŒSŠñ‹’¬","114080016000","‘åŽš–––ì","36.126511","139.167513","0","1"
"11","é‹ÊŒ§","11408","‘å—¢ŒSŠñ‹’¬","114080017000","‘åŽšÔ•l","36.112503","139.251990","0","1"
"11","é‹ÊŒ§","11408","‘å—¢ŒSŠñ‹’¬","114080018000","‘åŽšÜŒ´","36.109085","139.173866","0","1"
"11","é‹ÊŒ§","11408","‘å—¢ŒSŠñ‹’¬","114080019000","‘åŽš•—•z","36.101259","139.149317","0","1"
"11","é‹ÊŒ§","11408","‘å—¢ŒSŠñ‹’¬","114080020000","‘åŽš÷‘ò","36.127231","139.198365","0","1"
"11","é‹ÊŒ§","11408","‘å—¢ŒSŠñ‹’¬","114080021000","‘åŽš•x“c","36.099264","139.233499","0","1"
"11","é‹ÊŒ§","11408","‘å—¢ŒSŠñ‹’¬","114080022000","‘åŽš¼ƒm“ü","36.083872","139.191876","0","1"
"11","é‹ÊŒ§","11408","‘å—¢ŒSŠñ‹’¬","114080023000","‘åŽš—p“y","36.156287","139.214121","0","1"
"11","é‹ÊŒ§","11442","“ìé‹ÊŒS‹{‘ã’¬","114420001001","Šw‰€‘äˆê’š–Ú","36.029767","139.715992","0","3"
"11","é‹ÊŒ§","11442","“ìé‹ÊŒS‹{‘ã’¬","114420001002","Šw‰€‘ä“ñ’š–Ú","36.028931","139.714253","0","3"
"11","é‹ÊŒ§","11442","“ìé‹ÊŒS‹{‘ã’¬","114420001003","Šw‰€‘äŽO’š–Ú","36.026683","139.716811","0","3"
"11","é‹ÊŒ§","11442","“ìé‹ÊŒS‹{‘ã’¬","114420001004","Šw‰€‘äŽl’š–Ú","36.027041","139.713209","0","3"
"11","é‹ÊŒ§","11442","“ìé‹ÊŒS‹{‘ã’¬","114420002001","•SŠÔˆê’š–Ú","36.028556","139.722132","0","3"
"11","é‹ÊŒ§","11442","“ìé‹ÊŒS‹{‘ã’¬","114420002002","•SŠÔ“ñ’š–Ú","36.025793","139.726691","0","3"
"11","é‹ÊŒ§","11442","“ìé‹ÊŒS‹{‘ã’¬","114420002003","•SŠÔŽO’š–Ú","36.024936","139.728779","0","3"
"11","é‹ÊŒ§","11442","“ìé‹ÊŒS‹{‘ã’¬","114420002004","•SŠÔŽl’š–Ú","36.024773","139.732641","0","3"
"11","é‹ÊŒ§","11442","“ìé‹ÊŒS‹{‘ã’¬","114420002005","•SŠÔŒÜ’š–Ú","36.023178","139.731431","0","3"
"11","é‹ÊŒ§","11442","“ìé‹ÊŒS‹{‘ã’¬","114420002006","•SŠÔ˜Z’š–Ú","36.022613","139.734784","0","3"
"11","é‹ÊŒ§","11442","“ìé‹ÊŒS‹{‘ã’¬","114420003001","Š}Œ´ˆê’š–Ú","36.022481","139.722793","0","3"
"11","é‹ÊŒ§","11442","“ìé‹ÊŒS‹{‘ã’¬","114420003002","Š}Œ´“ñ’š–Ú","36.020999","139.724361","0","3"
"11","é‹ÊŒ§","11442","“ìé‹ÊŒS‹{‘ã’¬","114420004001","–{“cˆê’š–Ú","36.026851","139.721350","0","3"
"11","é‹ÊŒ§","11442","“ìé‹ÊŒS‹{‘ã’¬","114420004002","–{“c“ñ’š–Ú","36.025406","139.720083","0","3"
"11","é‹ÊŒ§","11442","“ìé‹ÊŒS‹{‘ã’¬","114420004003","–{“cŽO’š–Ú","36.022842","139.720678","0","3"
"11","é‹ÊŒ§","11442","“ìé‹ÊŒS‹{‘ã’¬","114420004004","–{“cŽl’š–Ú","36.023564","139.718229","0","3"
"11","é‹ÊŒ§","11442","“ìé‹ÊŒS‹{‘ã’¬","114420004005","–{“cŒÜ’š–Ú","36.026340","139.718247","0","3"
"11","é‹ÊŒ§","11442","“ìé‹ÊŒS‹{‘ã’¬","114420005001","‹{‘ãˆê’š–Ú","36.022073","139.729932","0","3"
"11","é‹ÊŒ§","11442","“ìé‹ÊŒS‹{‘ã’¬","114420005002","‹{‘ã“ñ’š–Ú","36.019073","139.728930","0","3"
"11","é‹ÊŒ§","11442","“ìé‹ÊŒS‹{‘ã’¬","114420005003","‹{‘ãŽO’š–Ú","36.020306","139.727572","0","3"
"11","é‹ÊŒ§","11442","“ìé‹ÊŒS‹{‘ã’¬","114420006001","’†‰›ˆê’š–Ú","36.024743","139.725587","0","3"
"11","é‹ÊŒ§","11442","“ìé‹ÊŒS‹{‘ã’¬","114420006002","’†‰›“ñ’š–Ú","36.022255","139.726195","0","3"
"11","é‹ÊŒ§","11442","“ìé‹ÊŒS‹{‘ã’¬","114420006003","’†‰›ŽO’š–Ú","36.024475","139.723329","0","3"
"11","é‹ÊŒ§","11442","“ìé‹ÊŒS‹{‘ã’¬","114420007001","‹{‘ã‘äˆê’š–Ú","36.042644","139.694684","0","3"
"11","é‹ÊŒ§","11442","“ìé‹ÊŒS‹{‘ã’¬","114420007002","‹{‘ã‘ä“ñ’š–Ú","36.041610","139.691242","0","3"
"11","é‹ÊŒ§","11442","“ìé‹ÊŒS‹{‘ã’¬","114420007003","‹{‘ã‘äŽO’š–Ú","36.043571","139.690892","0","3"
"11","é‹ÊŒ§","11442","“ìé‹ÊŒS‹{‘ã’¬","114420008001","˜aŒËˆê’š–Ú","36.039461","139.702481","0","3"
"11","é‹ÊŒ§","11442","“ìé‹ÊŒS‹{‘ã’¬","114420008002","˜aŒË“ñ’š–Ú","36.042693","139.698309","0","3"
"11","é‹ÊŒ§","11442","“ìé‹ÊŒS‹{‘ã’¬","114420008003","˜aŒËŽO’š–Ú","36.043459","139.700748","0","3"
"11","é‹ÊŒ§","11442","“ìé‹ÊŒS‹{‘ã’¬","114420008004","˜aŒËŽl’š–Ú","36.040950","139.704036","0","3"
"11","é‹ÊŒ§","11442","“ìé‹ÊŒS‹{‘ã’¬","114420008005","˜aŒËŒÜ’š–Ú","36.039436","139.706174","0","3"
"11","é‹ÊŒ§","11442","“ìé‹ÊŒS‹{‘ã’¬","114420009001","ì’[ˆê’š–Ú","36.004476","139.739939","0","3"
"11","é‹ÊŒ§","11442","“ìé‹ÊŒS‹{‘ã’¬","114420009002","ì’[“ñ’š–Ú","36.006682","139.741277","0","3"
"11","é‹ÊŒ§","11442","“ìé‹ÊŒS‹{‘ã’¬","114420009003","ì’[ŽO’š–Ú","36.003644","139.742715","0","3"
"11","é‹ÊŒ§","11442","“ìé‹ÊŒS‹{‘ã’¬","114420009004","ì’[Žl’š–Ú","35.999840","139.742229","0","3"
"11","é‹ÊŒ§","11442","“ìé‹ÊŒS‹{‘ã’¬","114420010001","“Œ•P‹{ˆê’š–Ú","36.004216","139.737161","0","3"
"11","é‹ÊŒ§","11442","“ìé‹ÊŒS‹{‘ã’¬","114420010002","“Œ•P‹{“ñ’š–Ú","35.999977","139.738855","0","3"
"11","é‹ÊŒ§","11442","“ìé‹ÊŒS‹{‘ã’¬","114420011000","Žš•SŠÔ","36.019817","139.722439","0","1"
"11","é‹ÊŒ§","11442","“ìé‹ÊŒS‹{‘ã’¬","114420012000","Žšì’[","36.006237","139.745288","0","1"
"11","é‹ÊŒ§","11442","“ìé‹ÊŒS‹{‘ã’¬","114420013000","‘åŽš‘”[","36.038996","139.697478","0","1"
"11","é‹ÊŒ§","11442","“ìé‹ÊŒS‹{‘ã’¬","114420014000","Žš“¹˜Å","36.019539","139.731508","3","1"
"11","é‹ÊŒ§","11442","“ìé‹ÊŒS‹{‘ã’¬","114420015000","Žš•P‹{","36.009964","139.734290","0","1"
"11","é‹ÊŒ§","11442","“ìé‹ÊŒS‹{‘ã’¬","114420016000","Žš‹tˆä","36.015704","139.709799","0","1"
"11","é‹ÊŒ§","11442","“ìé‹ÊŒS‹{‘ã’¬","114420017000","Žš¼Œ´","36.010826","139.718955","0","1"
"11","é‹ÊŒ§","11442","“ìé‹ÊŒS‹{‘ã’¬","114420018000","Žš‹àŒ´","36.008023","139.715003","0","1"
"11","é‹ÊŒ§","11442","“ìé‹ÊŒS‹{‘ã’¬","114420019000","Žš“Œ","36.002327","139.731548","0","1"
"11","é‹ÊŒ§","11442","“ìé‹ÊŒS‹{‘ã’¬","114420020000","Žš’†","36.003505","139.723327","0","1"
"11","é‹ÊŒ§","11442","“ìé‹ÊŒS‹{‘ã’¬","114420021000","Žš’†“‡","36.016494","139.738853","0","1"
"11","é‹ÊŒ§","11442","“ìé‹ÊŒS‹{‘ã’¬","114420022000","Žš‹{“Œ","36.011779","139.745464","0","1"
"11","é‹ÊŒ§","11442","“ìé‹ÊŒS‹{‘ã’¬","114420023000","ŽšŽRè","36.014659","139.719916","0","1"
"11","é‹ÊŒ§","11442","“ìé‹ÊŒS‹{‘ã’¬","114420024000","‘åŽš{‰ê","36.032378","139.709091","0","1"
"11","é‹ÊŒ§","11442","“ìé‹ÊŒS‹{‘ã’¬","114420025000","‘åŽš“ŒŒHŒ´","36.028870","139.702646","0","1"
"11","é‹ÊŒ§","11442","“ìé‹ÊŒS‹{‘ã’¬","114420026000","‘åŽš¼ŒHŒ´","36.033719","139.691565","0","1"
"11","é‹ÊŒ§","11442","“ìé‹ÊŒS‹{‘ã’¬","114420027000","‘åŽš˜aŒË","36.049817","139.691265","0","1"
"11","é‹ÊŒ§","11442","“ìé‹ÊŒS‹{‘ã’¬","114420028001","“¹˜Åˆê’š–Ú","36.018025","139.731787","3","3"
"11","é‹ÊŒ§","11442","“ìé‹ÊŒS‹{‘ã’¬","114420028002","“¹˜Å“ñ’š–Ú","36.015005","139.733541","3","3"
"11","é‹ÊŒ§","11442","“ìé‹ÊŒS‹{‘ã’¬","114420028003","“¹˜ÅŽO’š–Ú","36.015508","139.730386","3","3"
"11","é‹ÊŒ§","11464","–kŠ‹üŒS™ŒË’¬","114640001001","™ŒËˆê’š–Ú","36.032511","139.725324","0","3"
"11","é‹ÊŒ§","11464","–kŠ‹üŒS™ŒË’¬","114640001002","™ŒË“ñ’š–Ú","36.030014","139.728929","0","3"
"11","é‹ÊŒ§","11464","–kŠ‹üŒS™ŒË’¬","114640001003","™ŒËŽO’š–Ú","36.027774","139.728810","0","3"
"11","é‹ÊŒ§","11464","–kŠ‹üŒS™ŒË’¬","114640001004","™ŒËŽl’š–Ú","36.029291","139.725017","0","3"
"11","é‹ÊŒ§","11464","–kŠ‹üŒS™ŒË’¬","114640001005","™ŒËŒÜ’š–Ú","36.032277","139.721812","0","3"
"11","é‹ÊŒ§","11464","–kŠ‹üŒS™ŒË’¬","114640001006","™ŒË˜Z’š–Ú","36.034540","139.722024","0","3"
"11","é‹ÊŒ§","11464","–kŠ‹üŒS™ŒË’¬","114640001007","™ŒËŽµ’š–Ú","36.034694","139.725046","0","3"
"11","é‹ÊŒ§","11464","–kŠ‹üŒS™ŒË’¬","114640002001","‘q¼ˆê’š–Ú","36.033045","139.734450","0","3"
"11","é‹ÊŒ§","11464","–kŠ‹üŒS™ŒË’¬","114640002002","‘q¼“ñ’š–Ú","36.032076","139.736660","0","3"
"11","é‹ÊŒ§","11464","–kŠ‹üŒS™ŒË’¬","114640002003","‘q¼ŽO’š–Ú","36.031756","139.739212","0","3"
"11","é‹ÊŒ§","11464","–kŠ‹üŒS™ŒË’¬","114640002004","‘q¼Žl’š–Ú","36.030656","139.742641","0","3"
"11","é‹ÊŒ§","11464","–kŠ‹üŒS™ŒË’¬","114640002005","‘q¼ŒÜ’š–Ú","36.028994","139.743187","0","3"
"11","é‹ÊŒ§","11464","–kŠ‹üŒS™ŒË’¬","114640003001","´’nˆê’š–Ú","36.027383","139.733723","0","3"
"11","é‹ÊŒ§","11464","–kŠ‹üŒS™ŒË’¬","114640003002","´’n“ñ’š–Ú","36.025176","139.736695","0","3"
"11","é‹ÊŒ§","11464","–kŠ‹üŒS™ŒË’¬","114640003003","´’nŽO’š–Ú","36.022525","139.739623","0","3"
"11","é‹ÊŒ§","11464","–kŠ‹üŒS™ŒË’¬","114640003004","´’nŽl’š–Ú","36.029078","139.735638","0","3"
"11","é‹ÊŒ§","11464","–kŠ‹üŒS™ŒË’¬","114640003005","´’nŒÜ’š–Ú","36.028218","139.738708","0","3"
"11","é‹ÊŒ§","11464","–kŠ‹üŒS™ŒË’¬","114640003006","´’n˜Z’š–Ú","36.026832","139.741174","0","3"
"11","é‹ÊŒ§","11464","–kŠ‹üŒS™ŒË’¬","114640004001","‚–ì‘ä“ìˆê’š–Ú","36.049554","139.711690","0","3"
"11","é‹ÊŒ§","11464","–kŠ‹üŒS™ŒË’¬","114640004002","‚–ì‘ä“ì“ñ’š–Ú","36.048574","139.713245","0","3"
"11","é‹ÊŒ§","11464","–kŠ‹üŒS™ŒË’¬","114640004003","‚–ì‘ä“ìŽO’š–Ú","36.046824","139.713891","0","3"
"11","é‹ÊŒ§","11464","–kŠ‹üŒS™ŒË’¬","114640004004","‚–ì‘ä“ìŽl’š–Ú","36.044370","139.714334","0","3"
"11","é‹ÊŒ§","11464","–kŠ‹üŒS™ŒË’¬","114640004005","‚–ì‘ä“ìŒÜ’š–Ú","36.046501","139.710952","0","3"
"11","é‹ÊŒ§","11464","–kŠ‹üŒS™ŒË’¬","114640005001","‚–ì‘ä¼ˆê’š–Ú","36.052579","139.712970","0","3"
"11","é‹ÊŒ§","11464","–kŠ‹üŒS™ŒË’¬","114640005002","‚–ì‘ä¼“ñ’š–Ú","36.053820","139.710036","0","3"
"11","é‹ÊŒ§","11464","–kŠ‹üŒS™ŒË’¬","114640005003","‚–ì‘ä¼ŽO’š–Ú","36.051954","139.709379","0","3"
"11","é‹ÊŒ§","11464","–kŠ‹üŒS™ŒË’¬","114640005004","‚–ì‘ä¼Žl’š–Ú","36.050912","139.707378","0","3"
"11","é‹ÊŒ§","11464","–kŠ‹üŒS™ŒË’¬","114640005005","‚–ì‘ä¼ŒÜ’š–Ú","36.056021","139.707620","0","3"
"11","é‹ÊŒ§","11464","–kŠ‹üŒS™ŒË’¬","114640005006","‚–ì‘ä¼˜Z’š–Ú","36.055964","139.710416","0","3"
"11","é‹ÊŒ§","11464","–kŠ‹üŒS™ŒË’¬","114640006001","‚–ì‘ä“Œˆê’š–Ú","36.051637","139.715601","0","3"
"11","é‹ÊŒ§","11464","–kŠ‹üŒS™ŒË’¬","114640006002","‚–ì‘ä“Œ“ñ’š–Ú","36.046979","139.717176","0","3"
"11","é‹ÊŒ§","11464","–kŠ‹üŒS™ŒË’¬","114640007001","“à“cˆê’š–Ú","36.033394","139.727595","0","3"
"11","é‹ÊŒ§","11464","–kŠ‹üŒS™ŒË’¬","114640007002","“à“c“ñ’š–Ú","36.031768","139.730193","0","3"
"11","é‹ÊŒ§","11464","–kŠ‹üŒS™ŒË’¬","114640007003","“à“cŽO’š–Ú","36.035226","139.732166","0","3"
"11","é‹ÊŒ§","11464","–kŠ‹üŒS™ŒË’¬","114640007004","“à“cŽl’š–Ú","36.036669","139.728402","0","3"
"11","é‹ÊŒ§","11464","–kŠ‹üŒS™ŒË’¬","114640008000","‘åŽšˆï“‡","36.051168","139.718915","0","1"
"11","é‹ÊŒ§","11464","–kŠ‹üŒS™ŒË’¬","114640009000","‘åŽšLŒËÀ","36.046676","139.762440","0","1"
"11","é‹ÊŒ§","11464","–kŠ‹üŒS™ŒË’¬","114640010000","‘åŽš–ÚÀ","36.052940","139.783532","0","1"
"11","é‹ÊŒ§","11464","–kŠ‹üŒS™ŒË’¬","114640011000","‘åŽš‘å“‡","36.047999","139.721987","0","1"
"11","é‹ÊŒ§","11464","–kŠ‹üŒS™ŒË’¬","114640012000","‘åŽš› •—","36.046846","139.783221","0","1"
"11","é‹ÊŒ§","11464","–kŠ‹üŒS™ŒË’¬","114640013000","‘åŽš–Ø–ìì","36.038287","139.801612","0","1"
"11","é‹ÊŒ§","11464","–kŠ‹üŒS™ŒË’¬","114640014000","‘åŽš‰“–ì","36.050942","139.752140","0","1"
"11","é‹ÊŒ§","11464","–kŠ‹üŒS™ŒË’¬","114640015000","‘åŽš´’n","36.031405","139.751279","0","1"
"11","é‹ÊŒ§","11464","–kŠ‹üŒS™ŒË’¬","114640016000","‘åŽš‰º–ì","36.056405","139.702815","0","1"
"11","é‹ÊŒ§","11464","–kŠ‹üŒS™ŒË’¬","114640017000","‘åŽš–Ø’Ã“à","36.056612","139.790209","0","1"
"11","é‹ÊŒ§","11464","–kŠ‹üŒS™ŒË’¬","114640018000","‘åŽš‘q¼","36.033616","139.743961","0","1"
"11","é‹ÊŒ§","11464","–kŠ‹üŒS™ŒË’¬","114640019000","‘åŽš‹{‘O","36.046979","139.791388","0","1"
"11","é‹ÊŒ§","11464","–kŠ‹üŒS™ŒË’¬","114640020000","‘åŽš–k˜@À","36.016711","139.772266","0","1"
"11","é‹ÊŒ§","11464","–kŠ‹üŒS™ŒË’¬","114640021000","‘åŽš[—Ö","36.037876","139.790587","0","1"
"11","é‹ÊŒ§","11464","–kŠ‹üŒS™ŒË’¬","114640022000","‘åŽš˜h‘ƒ","36.044446","139.798463","0","1"
"11","é‹ÊŒ§","11464","–kŠ‹üŒS™ŒË’¬","114640023000","‘åŽš‘å’Ë","36.012535","139.777800","0","1"
"11","é‹ÊŒ§","11464","–kŠ‹üŒS™ŒË’¬","114640024000","‘åŽš–{‹½","36.004530","139.752537","0","1"
"11","é‹ÊŒ§","11464","–kŠ‹üŒS™ŒË’¬","114640025000","‘åŽš–{“‡","36.043355","139.746423","0","1"
"11","é‹ÊŒ§","11464","–kŠ‹üŒS™ŒË’¬","114640026000","‘åŽš•À’Ë","36.035445","139.766713","0","1"
"11","é‹ÊŒ§","11464","–kŠ‹üŒS™ŒË’¬","114640027000","‘åŽš’Ö","36.034841","139.779340","0","1"
"11","é‹ÊŒ§","11464","–kŠ‹üŒS™ŒË’¬","114640028000","‘åŽš™ŒË","36.039070","139.727484","0","1"
"11","é‹ÊŒ§","11464","–kŠ‹üŒS™ŒË’¬","114640029000","‘åŽš²¶ƒ‘–å","36.042160","139.758808","0","1"
"11","é‹ÊŒ§","11464","–kŠ‹üŒS™ŒË’¬","114640030000","‘åŽš‰º‚–ì","36.044023","139.707485","0","1"
"11","é‹ÊŒ§","11464","–kŠ‹üŒS™ŒË’¬","114640031000","‘åŽšË‰H","36.024216","139.768883","0","1"
"11","é‹ÊŒ§","11464","–kŠ‹üŒS™ŒË’¬","114640032000","‘åŽš’çª","36.018843","139.754215","0","1"
"11","é‹ÊŒ§","11465","–kŠ‹üŒS¼•š’¬","114650001001","‚ä‚ß‚Ý–ìˆê’š–Ú","35.924022","139.820328","0","3"
"11","é‹ÊŒ§","11465","–kŠ‹üŒS¼•š’¬","114650001002","‚ä‚ß‚Ý–ì“ñ’š–Ú","35.922257","139.820935","0","3"
"11","é‹ÊŒ§","11465","–kŠ‹üŒS¼•š’¬","114650001003","‚ä‚ß‚Ý–ìŽO’š–Ú","35.920304","139.821673","0","3"
"11","é‹ÊŒ§","11465","–kŠ‹üŒS¼•š’¬","114650001004","‚ä‚ß‚Ý–ìŽl’š–Ú","35.921079","139.824749","0","3"
"11","é‹ÊŒ§","11465","–kŠ‹üŒS¼•š’¬","114650001005","‚ä‚ß‚Ý–ìŒÜ’š–Ú","35.923110","139.823954","0","3"
"11","é‹ÊŒ§","11465","–kŠ‹üŒS¼•š’¬","114650001006","‚ä‚ß‚Ý–ì˜Z’š–Ú","35.925084","139.823297","0","3"
"11","é‹ÊŒ§","11465","–kŠ‹üŒS¼•š’¬","114650002001","¼—tˆê’š–Ú","35.926310","139.821427","0","3"
"11","é‹ÊŒ§","11465","–kŠ‹üŒS¼•š’¬","114650002002","¼—t“ñ’š–Ú","35.927619","139.825289","0","3"
"11","é‹ÊŒ§","11465","–kŠ‹üŒS¼•š’¬","114650003000","“c“‡“Œ","35.929611","139.838927","0","1"
"11","é‹ÊŒ§","11465","–kŠ‹üŒS¼•š’¬","114650004001","‚ä‚ß‚Ý–ì“Œˆê’š–Ú","35.926022","139.826131","0","3"
"11","é‹ÊŒ§","11465","–kŠ‹üŒS¼•š’¬","114650004002","‚ä‚ß‚Ý–ì“Œ“ñ’š–Ú","35.924630","139.828448","0","3"
"11","é‹ÊŒ§","11465","–kŠ‹üŒS¼•š’¬","114650004003","‚ä‚ß‚Ý–ì“ŒŽO’š–Ú","35.922412","139.829499","0","3"
"11","é‹ÊŒ§","11465","–kŠ‹üŒS¼•š’¬","114650004004","‚ä‚ß‚Ý–ì“ŒŽl’š–Ú","35.920124","139.830350","0","3"
"11","é‹ÊŒ§","11465","–kŠ‹üŒS¼•š’¬","114650005001","“c’†ˆê’š–Ú","35.924396","139.812635","0","3"
"11","é‹ÊŒ§","11465","–kŠ‹üŒS¼•š’¬","114650005002","“c’†“ñ’š–Ú","35.925637","139.810127","0","3"
"11","é‹ÊŒ§","11465","–kŠ‹üŒS¼•š’¬","114650005003","“c’†ŽO’š–Ú","35.921321","139.807298","0","3"
"11","é‹ÊŒ§","11465","–kŠ‹üŒS¼•š’¬","114650006000","‘åŽš“c“‡","35.932882","139.832518","0","1"
"11","é‹ÊŒ§","11465","–kŠ‹üŒS¼•š’¬","114650007000","‘åŽš‰ºÔŠâ","35.912091","139.837975","0","1"
"11","é‹ÊŒ§","11465","–kŠ‹üŒS¼•š’¬","114650008000","‘åŽš‹›À","35.958394","139.820373","0","1"
"11","é‹ÊŒ§","11465","–kŠ‹üŒS¼•š’¬","114650009000","‘åŽšãÔŠâ","35.915423","139.826592","0","1"
"11","é‹ÊŒ§","11465","–kŠ‹üŒS¼•š’¬","114650010000","‘åŽš‹à™","35.944569","139.831329","0","1"
"11","é‹ÊŒ§","11465","–kŠ‹üŒS¼•š’¬","114650011000","‘åŽš¼•š","35.918852","139.811414","0","1"
"11","é‹ÊŒ§","11465","–kŠ‹üŒS¼•š’¬","114650012000","‘åŽš’z”ä’n","35.956053","139.832425","0","1"
"11","é‹ÊŒ§","11465","–kŠ‹üŒS¼•š’¬","114650013000","‘åŽš‘åìŒË","35.944217","139.815206","0","1"
"11","é‹ÊŒ§","11465","–kŠ‹üŒS¼•š’¬","114650014000","“c“‡“ì","35.927235","139.832061","1","1"
