"“s“¹•{Œ§ƒR[ƒh","“s“¹•{Œ§–¼","Žs‹æ’¬‘ºƒR[ƒh","Žs‹æ’¬‘º–¼","‘åŽš’¬’š–ÚƒR[ƒh","‘åŽš’¬’š–Ú–¼","ˆÜ“x","Œo“x","Œ´“TŽ‘—¿ƒR[ƒh","‘åŽšEŽšE’š–Ú‹æ•ªƒR[ƒh"
"29","“Þ—ÇŒ§","29201","“Þ—ÇŽs","292010001001","ÂŠ_‘äˆê’š–Ú","34.671769","135.759327","0","3"
"29","“Þ—ÇŒ§","29201","“Þ—ÇŽs","292010001002","ÂŠ_‘ä“ñ’š–Ú","34.669300","135.760914","0","3"
"29","“Þ—ÇŒ§","29201","“Þ—ÇŽs","292010001003","ÂŠ_‘äŽO’š–Ú","34.669138","135.762481","0","3"
"29","“Þ—ÇŒ§","29201","“Þ—ÇŽs","292010002001","ÂŽRˆê’š–Ú","34.710042","135.831692","0","3"
"29","“Þ—ÇŒ§","29201","“Þ—ÇŽs","292010002002","ÂŽR“ñ’š–Ú","34.708312","135.832656","0","3"
"29","“Þ—ÇŒ§","29201","“Þ—ÇŽs","292010002003","ÂŽRŽO’š–Ú","34.707416","135.834958","0","3"
"29","“Þ—ÇŒ§","29201","“Þ—ÇŽs","292010002004","ÂŽRŽl’š–Ú","34.706276","135.836563","0","3"
"29","“Þ—ÇŒ§","29201","“Þ—ÇŽs","292010002005","ÂŽRŒÜ’š–Ú","34.705683","135.838593","0","3"
"29","“Þ—ÇŒ§","29201","“Þ—ÇŽs","292010002006","ÂŽR˜Z’š–Ú","34.705770","135.840110","0","3"
"29","“Þ—ÇŒ§","29201","“Þ—ÇŽs","292010002007","ÂŽRŽµ’š–Ú","34.705307","135.843297","0","3"
"29","“Þ—ÇŒ§","29201","“Þ—ÇŽs","292010002008","ÂŽR”ª’š–Ú","34.707534","135.843241","0","3"
"29","“Þ—ÇŒ§","29201","“Þ—ÇŽs","292010002009","ÂŽR‹ã’š–Ú","34.710253","135.837166","0","3"
"29","“Þ—ÇŒ§","29201","“Þ—ÇŽs","292010003000","Ô•†’¬","34.673992","135.762921","0","1"
"29","“Þ—ÇŒ§","29201","“Þ—ÇŽs","292010004000","HŽÂ‘ŒŽ’¬","34.699712","135.783129","0","1"
"29","“Þ—ÇŒ§","29201","“Þ—ÇŽs","292010005001","HŽÂŽO˜a’¬ˆê’š–Ú","34.700201","135.776900","0","3"
"29","“Þ—ÇŒ§","29201","“Þ—ÇŽs","292010005002","HŽÂŽO˜a’¬“ñ’š–Ú","34.699938","135.774162","0","3"
"29","“Þ—ÇŒ§","29201","“Þ—ÇŽs","292010006000","HŽÂV’¬","34.700086","135.780328","0","1"
"29","“Þ—ÇŒ§","29201","“Þ—ÇŽs","292010007000","HŽÂ’¬","34.708047","135.775967","0","1"
"29","“Þ—ÇŒ§","29201","“Þ—ÇŽs","292010008001","’©“ú’¬ˆê’š–Ú","34.705745","135.759738","0","3"
"29","“Þ—ÇŒ§","29201","“Þ—ÇŽs","292010008002","’©“ú’¬“ñ’š–Ú","34.706921","135.763027","0","3"
"29","“Þ—ÇŒ§","29201","“Þ—ÇŽs","292010009000","ˆ¢Žš–œŽš’¬","34.678535","135.828143","0","1"
"29","“Þ—ÇŒ§","29201","“Þ—ÇŽs","292010010000","–ûã’n•û’¬","34.682428","135.821578","0","1"
"29","“Þ—ÇŒ§","29201","“Þ—ÇŽs","292010011000","–ûã’¬","34.684481","135.823110","0","1"
"29","“Þ—ÇŒ§","29201","“Þ—ÇŽs","292010012000","“ò’Ò–k’¬","34.685475","135.785544","0","1"
"29","“Þ—ÇŒ§","29201","“Þ—ÇŽs","292010013000","“ò’Ò’¬","34.677644","135.801136","0","1"
"29","“Þ—ÇŒ§","29201","“Þ—ÇŽs","292010014000","“ò’Ò’†’¬","34.680356","135.785442","0","1"
"29","“Þ—ÇŒ§","29201","“Þ—ÇŽs","292010015000","“ò’Ò¼’¬","34.680633","135.781717","0","1"
"29","“Þ—ÇŒ§","29201","“Þ—ÇŽs","292010016000","“ò’Ò“ì’¬","34.678478","135.785488","0","1"
"29","“Þ—ÇŒ§","29201","“Þ—ÇŽs","292010017001","‚ ‚â‚ß’r–kˆê’š–Ú","34.700144","135.758712","0","3"
"29","“Þ—ÇŒ§","29201","“Þ—ÇŽs","292010017002","‚ ‚â‚ß’r–k“ñ’š–Ú","34.701746","135.762569","0","3"
"29","“Þ—ÇŒ§","29201","“Þ—ÇŽs","292010017003","‚ ‚â‚ß’r–kŽO’š–Ú","34.699690","135.765840","0","3"
"29","“Þ—ÇŒ§","29201","“Þ—ÇŽs","292010018001","‚ ‚â‚ß’r“ìˆê’š–Ú","34.696207","135.758983","0","3"
"29","“Þ—ÇŒ§","29201","“Þ—ÇŽs","292010018002","‚ ‚â‚ß’r“ì“ñ’š–Ú","34.696592","135.762859","0","3"
"29","“Þ—ÇŒ§","29201","“Þ—ÇŽs","292010018003","‚ ‚â‚ß’r“ìŽO’š–Ú","34.697130","135.766485","0","3"
"29","“Þ—ÇŒ§","29201","“Þ—ÇŽs","292010018004","‚ ‚â‚ß’r“ìŽl’š–Ú","34.695811","135.765360","0","3"
"29","“Þ—ÇŒ§","29201","“Þ—ÇŽs","292010018005","‚ ‚â‚ß’r“ìŒÜ’š–Ú","34.693674","135.766353","0","3"
"29","“Þ—ÇŒ§","29201","“Þ—ÇŽs","292010018006","‚ ‚â‚ß’r“ì˜Z’š–Ú","34.694965","135.762021","0","3"
"29","“Þ—ÇŒ§","29201","“Þ—ÇŽs","292010018007","‚ ‚â‚ß’r“ìŽµ’š–Ú","34.691609","135.763851","0","3"
"29","“Þ—ÇŒ§","29201","“Þ—ÇŽs","292010018008","‚ ‚â‚ß’r“ì”ª’š–Ú","34.692083","135.760788","0","3"
"29","“Þ—ÇŒ§","29201","“Þ—ÇŽs","292010018009","‚ ‚â‚ß’r“ì‹ã’š–Ú","34.693920","135.758018","0","3"
"29","“Þ—ÇŒ§","29201","“Þ—ÇŽs","292010019000","åa¶’¬","34.587055","135.935737","0","1"
"29","“Þ—ÇŒ§","29201","“Þ—ÇŽs","292010020000","’r“c’¬","34.640381","135.819375","0","1"
"29","“Þ—ÇŒ§","29201","“Þ—ÇŽs","292010021000","’r”V’¬","34.680481","135.831467","0","1"
"29","“Þ—ÇŒ§","29201","“Þ—ÇŽs","292010022000","Î–Ø’¬","34.664988","135.760081","0","1"
"29","“Þ—ÇŒ§","29201","“Þ—ÇŽs","292010023000","ˆäã’¬","34.674241","135.830540","0","1"
"29","“Þ—ÇŒ§","29201","“Þ—ÇŽs","292010024000","¡Žs’¬","34.644971","135.822417","0","1"
"29","“Þ—ÇŒ§","29201","“Þ—ÇŽs","292010025000","¡¬˜H’¬","34.690459","135.834904","0","1"
"29","“Þ—ÇŒ§","29201","“Þ—ÇŽs","292010026000","¡Ý‰Æ’¬","34.694291","135.834902","0","1"
"29","“Þ—ÇŒ§","29201","“Þ—ÇŽs","292010027000","¡’ÒŽq’¬","34.683062","135.823262","0","1"
"29","“Þ—ÇŒ§","29201","“Þ—ÇŽs","292010028000","¡Œä–å’¬","34.680316","135.830465","0","1"
"29","“Þ—ÇŒ§","29201","“Þ—ÇŽs","292010029000","‰A—z’¬","34.677070","135.828307","0","1"
"29","“Þ—ÇŒ§","29201","“Þ—ÇŽs","292010030001","‰E‹žˆê’š–Ú","34.722583","135.790188","0","3"
"29","“Þ—ÇŒ§","29201","“Þ—ÇŽs","292010030002","‰E‹ž“ñ’š–Ú","34.717361","135.790364","0","3"
"29","“Þ—ÇŒ§","29201","“Þ—ÇŽs","292010030003","‰E‹žŽO’š–Ú","34.718368","135.785568","0","3"
"29","“Þ—ÇŒ§","29201","“Þ—ÇŽs","292010030004","‰E‹žŽl’š–Ú","34.720777","135.786048","0","3"
"29","“Þ—ÇŒ§","29201","“Þ—ÇŽs","292010030005","‰E‹žŒÜ’š–Ú","34.723376","135.786696","0","3"
"29","“Þ—ÇŒ§","29201","“Þ—ÇŽs","292010031000","‰Ì•P’¬","34.707170","135.799112","0","1"
"29","“Þ—ÇŒ§","29201","“Þ—ÇŽs","292010032000","‰¬’¬","34.642710","135.965608","0","1"
"29","“Þ—ÇŒ§","29201","“Þ—ÇŽs","292010033000","—W’n’¬","34.717540","135.976701","0","1"
"29","“Þ—ÇŒ§","29201","“Þ—ÇŽs","292010034000","‘å–ì’¬","34.661598","135.924922","3","1"
"29","“Þ—ÇŒ§","29201","“Þ—ÇŽs","292010035000","‘åŸº’¬","34.709028","135.743807","0","1"
"29","“Þ—ÇŒ§","29201","“Þ—ÇŽs","292010036000","‘å•Û’¬","34.702415","135.947141","0","1"
"29","“Þ—ÇŒ§","29201","“Þ—ÇŽs","292010037001","‘å‹{’¬ˆê’š–Ú","34.683472","135.819208","0","3"
"29","“Þ—ÇŒ§","29201","“Þ—ÇŽs","292010037002","‘å‹{’¬“ñ’š–Ú","34.683189","135.815841","0","3"
"29","“Þ—ÇŒ§","29201","“Þ—ÇŽs","292010037003","‘å‹{’¬ŽO’š–Ú","34.683190","135.812854","0","3"
"29","“Þ—ÇŒ§","29201","“Þ—ÇŽs","292010037004","‘å‹{’¬Žl’š–Ú","34.683060","135.809281","0","3"
"29","“Þ—ÇŒ§","29201","“Þ—ÇŽs","292010037005","‘å‹{’¬ŒÜ’š–Ú","34.684854","135.814671","0","3"
"29","“Þ—ÇŒ§","29201","“Þ—ÇŽs","292010037006","‘å‹{’¬˜Z’š–Ú","34.685147","135.809348","0","3"
"29","“Þ—ÇŒ§","29201","“Þ—ÇŽs","292010037007","‘å‹{’¬Žµ’š–Ú","34.684069","135.806323","0","3"
"29","“Þ—ÇŒ§","29201","“Þ—ÇŽs","292010038000","‘åX’¬","34.676424","135.819947","0","1"
"29","“Þ—ÇŒ§","29201","“Þ—ÇŽs","292010039000","‘åX¼’¬","34.676605","135.813657","0","1"
"29","“Þ—ÇŒ§","29201","“Þ—ÇŽs","292010040000","‘å–ö¶’¬","34.708224","135.932308","0","1"
"29","“Þ—ÇŒ§","29201","“Þ—ÇŽs","292010041000","‘å˜`’¬","34.681315","135.758090","0","1"
"29","“Þ—ÇŒ§","29201","“Þ—ÇŽs","292010042000","‘å˜a“c’¬","34.663242","135.750112","0","1"
"29","“Þ—ÇŒ§","29201","“Þ—ÇŽs","292010043000","¬ì’¬","34.680328","135.825825","0","1"
"29","“Þ—ÇŒ§","29201","“Þ—ÇŽs","292010044000","‹»ƒ–Œ´’¬","34.736389","135.969150","0","1"
"29","“Þ—ÇŒ§","29201","“Þ—ÇŽs","292010045000","‰œŽqŽç’¬","34.680330","135.824553","0","1"
"29","“Þ—ÇŒ§","29201","“Þ—ÇŽs","292010046000","‰œŽÅ’¬","34.686049","135.823222","0","1"
"29","“Þ—ÇŒ§","29201","“Þ—ÇŽs","292010047000","¬‘q’¬","34.618883","135.986267","0","1"
"29","“Þ—ÇŒ§","29201","“Þ—ÇŽs","292010048000","‰Ÿã’¬","34.688078","135.834650","0","1"
"29","“Þ—ÇŒ§","29201","“Þ—ÇŽs","292010049000","‰ŸŒF’¬","34.718466","135.768824","0","1"
"29","“Þ—ÇŒ§","29201","“Þ—ÇŽs","292010050000","‰Ÿ¬˜H’¬","34.688894","135.832083","0","1"
"29","“Þ—ÇŒ§","29201","“Þ—ÇŽs","292010051000","‘å•½”ö’¬","34.682382","135.927630","0","1"
"29","“Þ—ÇŒ§","29201","“Þ—ÇŽs","292010052000","•I’Ë’¬","34.669669","135.830520","0","1"
"29","“Þ—ÇŒ§","29201","“Þ—ÇŽs","292010053000","Šw‰€Ô¼’¬","34.704907","135.738977","0","1"
"29","“Þ—ÇŒ§","29201","“Þ—ÇŽs","292010054000","Šw‰€’©“ú’¬","34.702358","135.753515","0","1"
"29","“Þ—ÇŒ§","29201","“Þ—ÇŽs","292010055001","Šw‰€’©“úŒ³’¬ˆê’š–Ú","34.702961","135.755738","0","3"
"29","“Þ—ÇŒ§","29201","“Þ—ÇŽs","292010055002","Šw‰€’©“úŒ³’¬“ñ’š–Ú","34.706835","135.756028","0","3"
"29","“Þ—ÇŒ§","29201","“Þ—ÇŽs","292010056001","Šw‰€–kˆê’š–Ú","34.698740","135.749264","0","3"
"29","“Þ—ÇŒ§","29201","“Þ—ÇŽs","292010056002","Šw‰€–k“ñ’š–Ú","34.698724","135.753529","0","3"
"29","“Þ—ÇŒ§","29201","“Þ—ÇŽs","292010057000","Šw‰€V“c’¬","34.702585","135.746253","0","1"
"29","“Þ—ÇŒ§","29201","“Þ—ÇŽs","292010058001","Šw‰€‘å˜a’¬ˆê’š–Ú","34.689957","135.747735","0","3"
"29","“Þ—ÇŒ§","29201","“Þ—ÇŽs","292010058002","Šw‰€‘å˜a’¬“ñ’š–Ú","34.686245","135.751784","0","3"
"29","“Þ—ÇŒ§","29201","“Þ—ÇŽs","292010058003","Šw‰€‘å˜a’¬ŽO’š–Ú","34.685827","135.748691","0","3"
"29","“Þ—ÇŒ§","29201","“Þ—ÇŽs","292010058004","Šw‰€‘å˜a’¬Žl’š–Ú","34.686202","135.743805","0","3"
"29","“Þ—ÇŒ§","29201","“Þ—ÇŽs","292010058005","Šw‰€‘å˜a’¬ŒÜ’š–Ú","34.689046","135.743064","0","3"
"29","“Þ—ÇŒ§","29201","“Þ—ÇŽs","292010058006","Šw‰€‘å˜a’¬˜Z’š–Ú","34.691241","135.742043","0","3"
"29","“Þ—ÇŒ§","29201","“Þ—ÇŽs","292010059001","Šw‰€’†ˆê’š–Ú","34.695698","135.746127","0","3"
"29","“Þ—ÇŒ§","29201","“Þ—ÇŽs","292010059002","Šw‰€’†“ñ’š–Ú","34.693551","135.747838","0","3"
"29","“Þ—ÇŒ§","29201","“Þ—ÇŽs","292010059003","Šw‰€’†ŽO’š–Ú","34.692933","135.745656","0","3"
"29","“Þ—ÇŒ§","29201","“Þ—ÇŽs","292010059004","Šw‰€’†Žl’š–Ú","34.695156","135.742560","0","3"
"29","“Þ—ÇŒ§","29201","“Þ—ÇŽs","292010059005","Šw‰€’†ŒÜ’š–Ú","34.693029","135.742920","0","3"
"29","“Þ—ÇŒ§","29201","“Þ—ÇŽs","292010060001","Šw‰€—Îƒ–‹uˆê’š–Ú","34.704790","135.741921","0","3"
"29","“Þ—ÇŒ§","29201","“Þ—ÇŽs","292010060002","Šw‰€—Îƒ–‹u“ñ’š–Ú","34.702725","135.742190","0","3"
"29","“Þ—ÇŒ§","29201","“Þ—ÇŽs","292010060003","Šw‰€—Îƒ–‹uŽO’š–Ú","34.702900","135.743796","0","3"
"29","“Þ—ÇŒ§","29201","“Þ—ÇŽs","292010061001","Šw‰€“ìˆê’š–Ú","34.695581","135.754229","0","3"
"29","“Þ—ÇŒ§","29201","“Þ—ÇŽs","292010061002","Šw‰€“ì“ñ’š–Ú","34.692082","135.754380","0","3"
"29","“Þ—ÇŒ§","29201","“Þ—ÇŽs","292010061003","Šw‰€“ìŽO’š–Ú","34.692691","135.750316","0","3"
"29","“Þ—ÇŒ§","29201","“Þ—ÇŽs","292010062000","êF’¬","34.677893","135.832314","0","1"
"29","“Þ—ÇŒ§","29201","“Þ—ÇŽs","292010063000","”–Ø’¬","34.669657","135.797064","0","1"
"29","“Þ—ÇŒ§","29201","“Þ—ÇŽs","292010064000","t“ú–ì’¬","34.679488","135.856793","0","1"
"29","“Þ—ÇŒ§","29201","“Þ—ÇŽs","292010065000","Œj–Ø’¬","34.667776","135.820622","0","1"
"29","“Þ—ÇŒ§","29201","“Þ—ÇŽs","292010066000","ãŽOð’¬","34.682040","135.825886","0","1"
"29","“Þ—ÇŒ§","29201","“Þ—ÇŽs","292010067000","ã[ì’¬","34.638786","135.986454","0","1"
"29","“Þ—ÇŒ§","29201","“Þ—ÇŽs","292010068000","ˆÇ’¬","34.660245","135.800294","0","1"
"29","“Þ—ÇŒ§","29201","“Þ—ÇŽs","292010069000","ìã’¬","34.697932","135.850326","0","1"
"29","“Þ—ÇŒ§","29201","“Þ—ÇŽs","292010070000","ì‹v•Û’¬","34.688760","135.833255","0","1"
"29","“Þ—ÇŒ§","29201","“Þ—ÇŽs","292010071000","ì”Vã’¬","34.675081","135.832056","0","1"
"29","“Þ—ÇŒ§","29201","“Þ—ÇŽs","292010072000","ì”Vã“Ë”²’¬","34.674161","135.831771","0","1"
"29","“Þ—ÇŒ§","29201","“Þ—ÇŽs","292010073000","Š¢“°’¬","34.674137","135.829016","0","1"
"29","“Þ—ÇŒ§","29201","“Þ—ÇŽs","292010074000","Œ³‹»Ž›’¬","34.675543","135.830290","0","1"
"29","“Þ—ÇŒ§","29201","“Þ—ÇŽs","292010075000","Š¿‘’¬","34.683520","135.825305","0","1"
"29","“Þ—ÇŒ§","29201","“Þ—ÇŽs","292010076000","Œ³—Ñ‰@’¬","34.681170","135.829771","0","1"
"29","“Þ—ÇŒ§","29201","“Þ—ÇŽs","292010077000","–kŽs’¬","34.688107","135.823238","0","1"
"29","“Þ—ÇŒ§","29201","“Þ—ÇŽs","292010078000","–k‹›‰®¼’¬","34.688319","135.828612","0","1"
"29","“Þ—ÇŒ§","29201","“Þ—ÇŽs","292010079000","–k‹›‰®“Œ’¬","34.688998","135.830180","0","1"
"29","“Þ—ÇŒ§","29201","“Þ—ÇŽs","292010080000","–kì’[’¬","34.690681","135.829163","0","1"
"29","“Þ—ÇŒ§","29201","“Þ—ÇŽs","292010081000","–k‹žI’¬","34.672733","135.828780","0","1"
"29","“Þ—ÇŒ§","29201","“Þ—ÇŽs","292010082000","–k¬˜H’¬","34.687498","135.826154","0","1"
"29","“Þ—ÇŒ§","29201","“Þ—ÇŽs","292010083000","–kV’¬","34.686443","135.804912","0","1"
"29","“Þ—ÇŒ§","29201","“Þ—ÇŽs","292010084000","–k’Ö”ö’¬","34.637801","135.877687","0","1"
"29","“Þ—ÇŒ§","29201","“Þ—ÇŽs","292010085001","–k“o”üƒ–‹uˆê’š–Ú","34.723852","135.753929","0","3"
"29","“Þ—ÇŒ§","29201","“Þ—ÇŽs","292010085002","–k“o”üƒ–‹u“ñ’š–Ú","34.726516","135.756762","0","3"
"29","“Þ—ÇŒ§","29201","“Þ—ÇŽs","292010085003","–k“o”üƒ–‹uŽO’š–Ú","34.723646","135.756683","0","3"
"29","“Þ—ÇŒ§","29201","“Þ—ÇŽs","292010085004","–k“o”üƒ–‹uŽl’š–Ú","34.724111","135.760020","0","3"
"29","“Þ—ÇŒ§","29201","“Þ—ÇŽs","292010085005","–k“o”üƒ–‹uŒÜ’š–Ú","34.725846","135.760565","0","3"
"29","“Þ—ÇŒ§","29201","“Þ—ÇŽs","292010085006","–k“o”üƒ–‹u˜Z’š–Ú","34.724657","135.767330","0","3"
"29","“Þ—ÇŒ§","29201","“Þ—ÇŽs","292010086000","–k‰iˆä’¬","34.655425","135.826900","0","1"
"29","“Þ—ÇŒ§","29201","“Þ—ÇŽs","292010087000","–k”V¯’¬","34.651415","135.814918","0","1"
"29","“Þ—ÇŒ§","29201","“Þ—ÇŽs","292010088001","–k”V¯¼’¬ˆê’š–Ú","34.652168","135.807815","0","3"
"29","“Þ—ÇŒ§","29201","“Þ—ÇŽs","292010088002","–k”V¯¼’¬“ñ’š–Ú","34.650160","135.806943","0","3"
"29","“Þ—ÇŒ§","29201","“Þ—ÇŽs","292010089000","–k–ìŽR’¬","34.695124","135.974650","0","1"
"29","“Þ—ÇŒ§","29201","“Þ—ÇŽs","292010090000","–k”¼“c’†’¬","34.688111","135.832472","0","1"
"29","“Þ—ÇŒ§","29201","“Þ—ÇŽs","292010091000","–k”¼“c¼’¬","34.688152","135.831256","0","1"
"29","“Þ—ÇŒ§","29201","“Þ—ÇŽs","292010092000","–k”¼“c“Œ’¬","34.688139","135.833628","0","1"
"29","“Þ—ÇŒ§","29201","“Þ—ÇŽs","292010093000","–k‘Ü’¬","34.689890","135.829354","0","1"
"29","“Þ—ÇŒ§","29201","“Þ—ÇŽs","292010094000","–k•—˜C’¬","34.678512","135.826482","0","1"
"29","“Þ—ÇŒ§","29201","“Þ—ÇŽs","292010095000","–kŒä–å’¬","34.694612","135.837033","0","1"
"29","“Þ—ÇŒ§","29201","“Þ—ÇŽs","292010096000","–kŒü’¬","34.681083","135.825160","0","1"
"29","“Þ—ÇŒ§","29201","“Þ—ÇŽs","292010097000","–k‘º’¬","34.719306","135.899432","0","1"
"29","“Þ—ÇŒ§","29201","“Þ—ÇŽs","292010098000","–kŽº’¬","34.678436","135.829666","0","1"
"29","“Þ—ÇŒ§","29201","“Þ—ÇŽs","292010099000","‹IŽ›’¬","34.672733","135.833573","0","1"
"29","“Þ—ÇŒ§","29201","“Þ—ÇŽs","292010100000","‹žI’n•û¼‘¤’¬","34.672716","135.827425","0","1"
"29","“Þ—ÇŒ§","29201","“Þ—ÇŽs","292010101000","‹žI’n•û“Œ‘¤’¬","34.672870","135.827814","0","1"
"29","“Þ—ÇŒ§","29201","“Þ—ÇŽs","292010102000","ŒBŠ|’¬","34.670813","135.917586","0","1"
"29","“Þ—ÇŒ§","29201","“Þ—ÇŽs","292010103000","Œö”[“°’¬","34.677122","135.832921","0","1"
"29","“Þ—ÇŒ§","29201","“Þ—ÇŽs","292010104000","ŒE”V¯’¬","34.637498","135.834651","0","1"
"29","“Þ—ÇŒ§","29201","“Þ—ÇŽs","292010105001","—ö‚ÌŒEˆê’š–Ú","34.676347","135.809180","0","3"
"29","“Þ—ÇŒ§","29201","“Þ—ÇŽs","292010105002","—ö‚ÌŒE“ñ’š–Ú","34.674127","135.808826","0","3"
"29","“Þ—ÇŒ§","29201","“Þ—ÇŽs","292010105003","—ö‚ÌŒEŽO’š–Ú","34.673761","135.807028","0","3"
"29","“Þ—ÇŒ§","29201","“Þ—ÇŽs","292010106000","—ö‚ÌŒE“Œ’¬","34.673980","135.810441","0","1"
"29","“Þ—ÇŒ§","29201","“Þ—ÇŽs","292010107000","‹»‘P‰@’¬","34.697195","135.835698","0","1"
"29","“Þ—ÇŒ§","29201","“Þ—ÇŽs","292010108000","Œõ–¾‰@’¬","34.679648","135.828625","0","1"
"29","“Þ—ÇŒ§","29201","“Þ—ÇŽs","292010109000","‹»—²Ž›’¬","34.626698","135.876713","0","1"
"29","“Þ—ÇŒ§","29201","“Þ—ÇŽs","292010110000","‹•‹ó‘ ’¬","34.625974","135.855155","0","1"
"29","“Þ—ÇŒ§","29201","“Þ—ÇŽs","292010111001","ŒÜðˆê’š–Ú","34.677037","135.781613","0","3"
"29","“Þ—ÇŒ§","29201","“Þ—ÇŽs","292010111002","ŒÜð“ñ’š–Ú","34.674163","135.781540","0","3"
"29","“Þ—ÇŒ§","29201","“Þ—ÇŽs","292010111003","ŒÜðŽO’š–Ú","34.673291","135.778039","0","3"
"29","“Þ—ÇŒ§","29201","“Þ—ÇŽs","292010112000","ŒÜð’¬","34.674661","135.789002","0","1"
"29","“Þ—ÇŒ§","29201","“Þ—ÇŽs","292010113001","ŒÜð¼ˆê’š–Ú","34.673955","135.770127","0","3"
"29","“Þ—ÇŒ§","29201","“Þ—ÇŽs","292010113002","ŒÜð¼“ñ’š–Ú","34.673675","135.766184","0","3"
"29","“Þ—ÇŒ§","29201","“Þ—ÇŽs","292010114001","ŒÜð”¨ˆê’š–Ú","34.676734","135.768877","0","3"
"29","“Þ—ÇŒ§","29201","“Þ—ÇŽs","292010114002","ŒÜð”¨“ñ’š–Ú","34.679509","135.764788","0","3"
"29","“Þ—ÇŒ§","29201","“Þ—ÇŽs","292010115000","¬‘¾˜Y’¬","34.677453","135.826340","0","1"
"29","“Þ—ÇŒ§","29201","“Þ—ÇŽs","292010116000","Œã“¡’¬","34.689022","135.831278","0","1"
"29","“Þ—ÇŒ§","29201","“Þ—ÇŽs","292010117000","_“a’¬","34.660156","135.823701","0","1"
"29","“Þ—ÇŒ§","29201","“Þ—ÇŽs","292010118000","¬¼’¬","34.683175","135.827623","0","1"
"29","“Þ—ÇŒ§","29201","“Þ—ÇŽs","292010119000","Ÿ£’¬","34.668660","135.908335","0","1"
"29","“Þ—ÇŒ§","29201","“Þ—ÇŽs","292010120000","¼‹ãð’¬","34.657202","135.805978","0","1"
"29","“Þ—ÇŒ§","29201","“Þ—ÇŽs","292010121001","¼‹ãð’¬ˆê’š–Ú","34.659861","135.806942","0","3"
"29","“Þ—ÇŒ§","29201","“Þ—ÇŽs","292010121002","¼‹ãð’¬“ñ’š–Ú","34.656684","135.808256","0","3"
"29","“Þ—ÇŒ§","29201","“Þ—ÇŽs","292010121003","¼‹ãð’¬ŽO’š–Ú","34.656623","135.801020","0","3"
"29","“Þ—ÇŒ§","29201","“Þ—ÇŽs","292010121004","¼‹ãð’¬Žl’š–Ú","34.654194","135.803881","0","3"
"29","“Þ—ÇŒ§","29201","“Þ—ÇŽs","292010121005","¼‹ãð’¬ŒÜ’š–Ú","34.655434","135.796670","0","3"
"29","“Þ—ÇŒ§","29201","“Þ—ÇŽs","292010122001","¼‘åŽ›Ô“c’¬ˆê’š–Ú","34.698767","135.772954","0","3"
"29","“Þ—ÇŒ§","29201","“Þ—ÇŽs","292010122002","¼‘åŽ›Ô“c’¬“ñ’š–Ú","34.699165","135.769134","0","3"
"29","“Þ—ÇŒ§","29201","“Þ—ÇŽs","292010123001","¼‘åŽ›–k’¬ˆê’š–Ú","34.696289","135.779293","0","3"
"29","“Þ—ÇŒ§","29201","“Þ—ÇŽs","292010123002","¼‘åŽ›–k’¬“ñ’š–Ú","34.697299","135.777466","0","3"
"29","“Þ—ÇŒ§","29201","“Þ—ÇŽs","292010123003","¼‘åŽ›–k’¬ŽO’š–Ú","34.697940","135.779421","0","3"
"29","“Þ—ÇŒ§","29201","“Þ—ÇŽs","292010123004","¼‘åŽ›–k’¬Žl’š–Ú","34.698767","135.776830","0","3"
"29","“Þ—ÇŒ§","29201","“Þ—ÇŽs","292010124001","¼‘åŽ›‘Œ©’¬ˆê’š–Ú","34.691497","135.784941","0","3"
"29","“Þ—ÇŒ§","29201","“Þ—ÇŽs","292010124002","¼‘åŽ›‘Œ©’¬“ñ’š–Ú","34.687814","135.783876","0","3"
"29","“Þ—ÇŒ§","29201","“Þ—ÇŽs","292010124003","¼‘åŽ›‘Œ©’¬ŽO’š–Ú","34.684741","135.782062","3","3"
"29","“Þ—ÇŒ§","29201","“Þ—ÇŽs","292010125000","¼‘åŽ›‰h’¬","34.692980","135.785313","0","1"
"29","“Þ—ÇŒ§","29201","“Þ—ÇŽs","292010126001","¼‘åŽ›ŽÅ’¬ˆê’š–Ú","34.691958","135.779688","0","3"
"29","“Þ—ÇŒ§","29201","“Þ—ÇŽs","292010126002","¼‘åŽ›ŽÅ’¬“ñ’š–Ú","34.691376","135.776332","0","3"
"29","“Þ—ÇŒ§","29201","“Þ—ÇŽs","292010127000","¼‘åŽ›V’r’¬","34.693527","135.772737","0","1"
"29","“Þ—ÇŒ§","29201","“Þ—ÇŽs","292010128000","¼‘åŽ›V“c’¬","34.694573","135.777690","0","1"
"29","“Þ—ÇŒ§","29201","“Þ—ÇŽs","292010129001","¼‘åŽ›V’¬ˆê’š–Ú","34.697462","135.781787","0","3"
"29","“Þ—ÇŒ§","29201","“Þ—ÇŽs","292010129002","¼‘åŽ›V’¬“ñ’š–Ú","34.698106","135.784231","0","3"
"29","“Þ—ÇŒ§","29201","“Þ—ÇŽs","292010130000","¼‘åŽ›‚’Ë’¬","34.694785","135.768556","0","1"
"29","“Þ—ÇŒ§","29201","“Þ—ÇŽs","292010131000","¼‘åŽ›•óƒ–‹u","34.697005","135.774002","0","1"
"29","“Þ—ÇŒ§","29201","“Þ—ÇŽs","292010132001","¼‘åŽ›–ì_’¬ˆê’š–Ú","34.695100","135.775218","0","3"
"29","“Þ—ÇŒ§","29201","“Þ—ÇŽs","292010132002","¼‘åŽ›–ì_’¬“ñ’š–Ú","34.693163","135.775598","0","3"
"29","“Þ—ÇŒ§","29201","“Þ—ÇŽs","292010133001","¼‘åŽ›“Œ’¬ˆê’š–Ú","34.696399","135.784121","0","3"
"29","“Þ—ÇŒ§","29201","“Þ—ÇŽs","292010133002","¼‘åŽ›“Œ’¬“ñ’š–Ú","34.695066","135.784686","0","3"
"29","“Þ—ÇŒ§","29201","“Þ—ÇŽs","292010134000","¼‘åŽ›–{’¬","34.695581","135.781099","0","1"
"29","“Þ—ÇŒ§","29201","“Þ—ÇŽs","292010135001","¼‘åŽ›—³‰¤’¬ˆê’š–Ú","34.695877","135.771645","0","3"
"29","“Þ—ÇŒ§","29201","“Þ—ÇŽs","292010135002","¼‘åŽ›—³‰¤’¬“ñ’š–Ú","34.697255","135.769804","0","3"
"29","“Þ—ÇŒ§","29201","“Þ—ÇŽs","292010136000","ãV‰®’¬","34.685628","135.823860","0","1"
"29","“Þ—ÇŒ§","29201","“Þ—ÇŽs","292010137000","ãŒ´’¬","34.724016","135.939219","0","1"
"29","“Þ—ÇŒ§","29201","“Þ—ÇŽs","292010138000","‹·ì“Œ’¬","34.726724","135.917828","0","1"
"29","“Þ—ÇŒ§","29201","“Þ—ÇŽs","292010139000","‹·ì—¼’¬","34.725654","135.906097","0","1"
"29","“Þ—ÇŒ§","29201","“Þ—ÇŽs","292010140000","²‹I’¬","34.696850","135.797423","0","1"
"29","“Þ—ÇŒ§","29201","“Þ—ÇŽs","292010141001","¶‹žˆê’š–Ú","34.710414","135.801045","0","3"
"29","“Þ—ÇŒ§","29201","“Þ—ÇŽs","292010141002","¶‹ž“ñ’š–Ú","34.712618","135.803968","0","3"
"29","“Þ—ÇŒ§","29201","“Þ—ÇŽs","292010141003","¶‹žŽO’š–Ú","34.715287","135.805454","0","3"
"29","“Þ—ÇŒ§","29201","“Þ—ÇŽs","292010141004","¶‹žŽl’š–Ú","34.719192","135.803886","0","3"
"29","“Þ—ÇŒ§","29201","“Þ—ÇŽs","292010141005","¶‹žŒÜ’š–Ú","34.714318","135.809734","0","3"
"29","“Þ—ÇŒ§","29201","“Þ—ÇŽs","292010141006","¶‹ž˜Z’š–Ú","34.709430","135.806039","0","3"
"29","“Þ—ÇŒ§","29201","“Þ—ÇŽs","292010142001","²•Û‘äˆê’š–Ú","34.710251","135.811317","0","3"
"29","“Þ—ÇŒ§","29201","“Þ—ÇŽs","292010142002","²•Û‘ä“ñ’š–Ú","34.707811","135.813774","0","3"
"29","“Þ—ÇŒ§","29201","“Þ—ÇŽs","292010142003","²•Û‘äŽO’š–Ú","34.708106","135.818319","0","3"
"29","“Þ—ÇŒ§","29201","“Þ—ÇŽs","292010143000","²•Û‘ä¼’¬","34.710755","135.809542","0","1"
"29","“Þ—ÇŒ§","29201","“Þ—ÇŽs","292010144001","ŽOð‘å˜Hˆê’š–Ú","34.683110","135.803037","0","3"
"29","“Þ—ÇŒ§","29201","“Þ—ÇŽs","292010144002","ŽOð‘å˜H“ñ’š–Ú","34.683053","135.798650","0","3"
"29","“Þ—ÇŒ§","29201","“Þ—ÇŽs","292010144003","ŽOð‘å˜HŽO’š–Ú","34.683122","135.795661","0","3"
"29","“Þ—ÇŒ§","29201","“Þ—ÇŽs","292010144004","ŽOð‘å˜HŽl’š–Ú","34.683136","135.792354","0","3"
"29","“Þ—ÇŒ§","29201","“Þ—ÇŽs","292010144005","ŽOð‘å˜HŒÜ’š–Ú","34.683080","135.788813","0","3"
"29","“Þ—ÇŒ§","29201","“Þ—ÇŽs","292010145000","ŽOð‘å‹{’¬","34.678430","135.815081","0","1"
"29","“Þ—ÇŒ§","29201","“Þ—ÇŽs","292010146000","ŽOðì¼’¬","34.679587","135.806560","0","1"
"29","“Þ—ÇŒ§","29201","“Þ—ÇŽs","292010147000","ŽOð‰h’¬","34.680706","135.808825","0","1"
"29","“Þ—ÇŒ§","29201","“Þ—ÇŽs","292010148000","ŽOð“Yì’¬","34.680725","135.812270","0","1"
"29","“Þ—ÇŒ§","29201","“Þ—ÇŽs","292010149000","ŽOð’¬","34.680531","135.822248","0","1"
"29","“Þ—ÇŒ§","29201","“Þ—ÇŽs","292010150000","ŽOð•O’¬","34.678359","135.809556","0","1"
"29","“Þ—ÇŒ§","29201","“Þ—ÇŽs","292010151000","ŽOð–{’¬","34.679401","135.818425","0","1"
"29","“Þ—ÇŒ§","29201","“Þ—ÇŽs","292010152000","ŽOð‹{‘O’¬","34.680649","135.815739","0","1"
"29","“Þ—ÇŒ§","29201","“Þ—ÇŽs","292010153001","•~“‡’¬ˆê’š–Ú","34.704101","135.765965","0","3"
"29","“Þ—ÇŒ§","29201","“Þ—ÇŽs","292010153002","•~“‡’¬“ñ’š–Ú","34.701340","135.768190","0","3"
"29","“Þ—ÇŒ§","29201","“Þ—ÇŽs","292010154001","Žlð‘å˜Hˆê’š–Ú","34.679559","135.803200","0","3"
"29","“Þ—ÇŒ§","29201","“Þ—ÇŽs","292010154002","Žlð‘å˜H“ñ’š–Ú","34.679949","135.798701","0","3"
"29","“Þ—ÇŒ§","29201","“Þ—ÇŽs","292010154003","Žlð‘å˜HŽO’š–Ú","34.679998","135.795434","0","3"
"29","“Þ—ÇŒ§","29201","“Þ—ÇŽs","292010154004","Žlð‘å˜HŽl’š–Ú","34.679725","135.792365","0","3"
"29","“Þ—ÇŒ§","29201","“Þ—ÇŽs","292010154005","Žlð‘å˜HŒÜ’š–Ú","34.679416","135.789038","0","3"
"29","“Þ—ÇŒ§","29201","“Þ—ÇŽs","292010155000","Žlð‘å˜H“ì’¬","34.674554","135.803308","0","1"
"29","“Þ—ÇŒ§","29201","“Þ—ÇŽs","292010156001","Žµðˆê’š–Ú","34.663908","135.781337","0","3"
"29","“Þ—ÇŒ§","29201","“Þ—ÇŽs","292010156002","Žµð“ñ’š–Ú","34.665360","135.776469","0","3"
"29","“Þ—ÇŒ§","29201","“Þ—ÇŽs","292010157000","Žµð’¬","34.663150","135.791415","0","1"
"29","“Þ—ÇŒ§","29201","“Þ—ÇŽs","292010158001","Žµð¼’¬ˆê’š–Ú","34.662890","135.773280","0","3"
"29","“Þ—ÇŒ§","29201","“Þ—ÇŽs","292010158002","Žµð¼’¬“ñ’š–Ú","34.662325","135.767887","0","3"
"29","“Þ—ÇŒ§","29201","“Þ—ÇŽs","292010159000","Žµð“Œ’¬","34.663228","135.786112","0","1"
"29","“Þ—ÇŒ§","29201","“Þ—ÇŽs","292010160000","ŽÅ“Ë”²’¬","34.677297","135.831196","0","1"
"29","“Þ—ÇŒ§","29201","“Þ—ÇŽs","292010161000","ŽÅ’Ò’¬","34.685836","135.821657","0","1"
"29","“Þ—ÇŒ§","29201","“Þ—ÇŽs","292010162001","ŽÅ’Ò’¬ˆê’š–Ú","34.685643","135.818925","0","3"
"29","“Þ—ÇŒ§","29201","“Þ—ÇŽs","292010162002","ŽÅ’Ò’¬“ñ’š–Ú","34.685960","135.814736","0","3"
"29","“Þ—ÇŒ§","29201","“Þ—ÇŽs","292010162003","ŽÅ’Ò’¬ŽO’š–Ú","34.687746","135.815388","0","3"
"29","“Þ—ÇŒ§","29201","“Þ—ÇŽs","292010162004","ŽÅ’Ò’¬Žl’š–Ú","34.686588","135.809737","0","3"
"29","“Þ—ÇŒ§","29201","“Þ—ÇŽs","292010163000","ŽÅV‰®’¬","34.676657","135.830966","0","1"
"29","“Þ—ÇŒ§","29201","“Þ—ÇŽs","292010164000","ŽÄ‰®’¬","34.644509","135.831480","0","1"
"29","“Þ—ÇŒ§","29201","“Þ—ÇŽs","292010165000","‰º‹·ì’¬","34.739751","135.917642","0","1"
"29","“Þ—ÇŒ§","29201","“Þ—ÇŽs","292010166000","‰ºŽOð’¬","34.681758","135.824176","0","1"
"29","“Þ—ÇŒ§","29201","“Þ—ÇŽs","292010167000","‰º[ì’¬","34.654807","135.982660","0","1"
"29","“Þ—ÇŒ§","29201","“Þ—ÇŽs","292010168000","‰ºŒä–å’¬","34.679069","135.829015","0","1"
"29","“Þ—ÇŒ§","29201","“Þ—ÇŽs","292010169000","\—Ö‰@’¬","34.675921","135.832790","0","1"
"29","“Þ—ÇŒ§","29201","“Þ—ÇŽs","292010170000","\—Ö‰@”¨’¬","34.676454","135.833530","0","1"
"29","“Þ—ÇŒ§","29201","“Þ—ÇŽs","292010171000","h‰@’¬","34.687024","135.828721","0","1"
"29","“Þ—ÇŒ§","29201","“Þ—ÇŽs","292010172000","Ÿ“ì‰@’¬","34.679022","135.830289","0","1"
"29","“Þ—ÇŒ§","29201","“Þ—ÇŽs","292010173000","ÒŠ—’r’¬","34.686826","135.824270","0","1"
"29","“Þ—ÇŒ§","29201","“Þ—ÇŽs","292010174001","¼—z‘äˆê’š–Ú","34.720453","135.737010","0","3"
"29","“Þ—ÇŒ§","29201","“Þ—ÇŽs","292010174002","¼—z‘ä“ñ’š–Ú","34.718136","135.736609","0","3"
"29","“Þ—ÇŒ§","29201","“Þ—ÇŽs","292010174003","¼—z‘äŽO’š–Ú","34.715239","135.736201","0","3"
"29","“Þ—ÇŒ§","29201","“Þ—ÇŽs","292010174004","¼—z‘äŽl’š–Ú","34.714113","135.734109","0","3"
"29","“Þ—ÇŒ§","29201","“Þ—ÇŽs","292010175001","_Œ÷ˆê’š–Ú","34.722430","135.781374","0","3"
"29","“Þ—ÇŒ§","29201","“Þ—ÇŽs","292010175002","_Œ÷“ñ’š–Ú","34.720400","135.781612","0","3"
"29","“Þ—ÇŒ§","29201","“Þ—ÇŽs","292010175003","_Œ÷ŽO’š–Ú","34.717787","135.779137","0","3"
"29","“Þ—ÇŒ§","29201","“Þ—ÇŽs","292010175004","_Œ÷Žl’š–Ú","34.720922","135.776315","0","3"
"29","“Þ—ÇŒ§","29201","“Þ—ÇŽs","292010175005","_Œ÷ŒÜ’š–Ú","34.722050","135.773231","0","3"
"29","“Þ—ÇŒ§","29201","“Þ—ÇŽs","292010175006","_Œ÷˜Z’š–Ú","34.724922","135.772605","0","3"
"29","“Þ—ÇŒ§","29201","“Þ—ÇŽs","292010176000","…–å’¬","34.686420","135.837348","0","1"
"29","“Þ—ÇŒ§","29201","“Þ—ÇŽs","292010177000","›–ì‘ä","34.678206","135.758741","0","1"
"29","“Þ—ÇŒ§","29201","“Þ—ÇŽs","292010178000","›Œ´’¬","34.686793","135.774646","3","1"
"29","“Þ—ÇŒ§","29201","“Þ—ÇŽs","292010179000","{ì’¬","34.713257","135.912062","0","1"
"29","“Þ—ÇŒ§","29201","“Þ—ÇŽs","292010180001","Žéˆê’š–Ú","34.713171","135.795470","0","3"
"29","“Þ—ÇŒ§","29201","“Þ—ÇŽs","292010180002","Žé“ñ’š–Ú","34.717463","135.794291","0","3"
"29","“Þ—ÇŒ§","29201","“Þ—ÇŽs","292010180003","ŽéŽO’š–Ú","34.722545","135.793625","0","3"
"29","“Þ—ÇŒ§","29201","“Þ—ÇŽs","292010180004","ŽéŽl’š–Ú","34.720575","135.799666","0","3"
"29","“Þ—ÇŒ§","29201","“Þ—ÇŽs","292010180005","ŽéŒÜ’š–Ú","34.717996","135.799613","0","3"
"29","“Þ—ÇŒ§","29201","“Þ—ÇŽs","292010180006","Žé˜Z’š–Ú","34.714757","135.797971","0","3"
"29","“Þ—ÇŒ§","29201","“Þ—ÇŽs","292010181000","{ŽR’¬","34.664943","135.895800","0","1"
"29","“Þ—ÇŒ§","29201","“Þ—ÇŽs","292010182000","™ƒ–’¬","34.678381","135.822291","0","1"
"29","“Þ—ÇŒ§","29201","“Þ—ÇŽs","292010183000","¾‘½—Ñ’¬","34.678474","135.901562","0","1"
"29","“Þ—ÇŒ§","29201","“Þ—ÇŽs","292010184000","ŽGŽi’¬","34.688214","135.850255","0","1"
"29","“Þ—ÇŒ§","29201","“Þ—ÇŽs","292010185000","‰€“c’¬","34.704011","135.896887","0","1"
"29","“Þ—ÇŒ§","29201","“Þ—ÇŽs","292010186000","ž[ƒmì’¬","34.650650","135.946459","0","1"
"29","“Þ—ÇŒ§","29201","“Þ—ÇŽs","292010187001","‘åˆÀŽ›ˆê’š–Ú","34.668699","135.816228","0","3"
"29","“Þ—ÇŒ§","29201","“Þ—ÇŽs","292010187002","‘åˆÀŽ›“ñ’š–Ú","34.668635","135.811280","0","3"
"29","“Þ—ÇŒ§","29201","“Þ—ÇŽs","292010187003","‘åˆÀŽ›ŽO’š–Ú","34.671117","135.810261","0","3"
"29","“Þ—ÇŒ§","29201","“Þ—ÇŽs","292010187004","‘åˆÀŽ›Žl’š–Ú","34.671126","135.813762","0","3"
"29","“Þ—ÇŒ§","29201","“Þ—ÇŽs","292010187005","‘åˆÀŽ›ŒÜ’š–Ú","34.671169","135.817260","0","3"
"29","“Þ—ÇŒ§","29201","“Þ—ÇŽs","292010187006","‘åˆÀŽ›˜Z’š–Ú","34.673614","135.816855","0","3"
"29","“Þ—ÇŒ§","29201","“Þ—ÇŽs","292010187007","‘åˆÀŽ›Žµ’š–Ú","34.673982","135.812831","0","3"
"29","“Þ—ÇŒ§","29201","“Þ—ÇŽs","292010188000","‘åˆÀŽ›’¬","34.674722","135.801268","0","1"
"29","“Þ—ÇŒ§","29201","“Þ—ÇŽs","292010189001","‘åˆÀŽ›¼ˆê’š–Ú","34.674294","135.805413","0","3"
"29","“Þ—ÇŒ§","29201","“Þ—ÇŽs","292010189002","‘åˆÀŽ›¼“ñ’š–Ú","34.670836","135.803867","0","3"
"29","“Þ—ÇŒ§","29201","“Þ—ÇŽs","292010189003","‘åˆÀŽ›¼ŽO’š–Ú","34.671077","135.806916","0","3"
"29","“Þ—ÇŒ§","29201","“Þ—ÇŽs","292010190000","‘åŽœå’¬","34.692623","135.901487","0","1"
"29","“Þ—ÇŒ§","29201","“Þ—ÇŽs","292010191000","‚”¨’¬","34.675353","135.847343","0","1"
"29","“Þ—ÇŒ§","29201","“Þ—ÇŽs","292010192000","‚”ó’¬","34.628682","135.861098","0","1"
"29","“Þ—ÇŒ§","29201","“Þ—ÇŽs","292010193000","‚“VŽs’¬","34.685472","135.825397","0","1"
"29","“Þ—ÇŒ§","29201","“Þ—ÇŽs","292010194000","‚“V’¬","34.684213","135.825867","0","1"
"29","“Þ—ÇŒ§","29201","“Þ—ÇŽs","292010195000","‚Œä–å’¬","34.677167","135.829097","0","1"
"29","“Þ—ÇŒ§","29201","“Þ—ÇŽs","292010196000","“c’†’¬","34.639425","135.845255","0","1"
"29","“Þ—ÇŒ§","29201","“Þ—ÇŽs","292010197000","‘½–å’¬","34.692597","135.830862","0","1"
"29","“Þ—ÇŒ§","29201","“Þ—ÇŽs","292010198000","’Mˆä’¬","34.681740","135.829876","0","1"
"29","“Þ—ÇŒ§","29201","“Þ—ÇŽs","292010199000","“cŒ´t“ú–ì’¬","34.651734","135.889980","0","1"
"29","“Þ—ÇŒ§","29201","“Þ—ÇŽs","292010200000","’†‰@’¬","34.678111","135.831221","0","1"
"29","“Þ—ÇŒ§","29201","“Þ—ÇŽs","292010201001","ç‘ãƒ–‹uˆê’š–Ú","34.683645","135.748282","0","3"
"29","“Þ—ÇŒ§","29201","“Þ—ÇŽs","292010201002","ç‘ãƒ–‹u“ñ’š–Ú","34.681523","135.747918","0","3"
"29","“Þ—ÇŒ§","29201","“Þ—ÇŽs","292010201003","ç‘ãƒ–‹uŽO’š–Ú","34.680853","135.750739","0","3"
"29","“Þ—ÇŒ§","29201","“Þ—ÇŽs","292010202000","ŒŽƒ–£Î‘Å","34.723243","136.057306","0","1"
"29","“Þ—ÇŒ§","29201","“Þ—ÇŽs","292010203000","ŒŽƒ–£”öŽR","34.711257","136.047826","0","1"
"29","“Þ—ÇŒ§","29201","“Þ—ÇŽs","292010204000","ŒŽƒ–£“","34.699891","136.029460","0","1"
"29","“Þ—ÇŒ§","29201","“Þ—ÇŽs","292010205000","ŒŽƒ–£ŒŽ£","34.695466","136.018231","0","1"
"29","“Þ—ÇŒ§","29201","“Þ—ÇŽs","292010206000","ŒŽƒ–£’·ˆø","34.721117","136.041331","0","1"
"29","“Þ—ÇŒ§","29201","“Þ—ÇŽs","292010207000","ŒŽƒ–£“–ì","34.701189","136.002548","0","1"
"29","“Þ—ÇŒ§","29201","“Þ—ÇŽs","292010208000","“sŒV¬ŽRŒË’¬","34.581006","135.943382","0","1"
"29","“Þ—ÇŒ§","29201","“Þ—ÇŽs","292010209000","“sŒVb‰ª’¬","34.596936","135.950983","0","1"
"29","“Þ—ÇŒ§","29201","“Þ—ÇŽs","292010210000","“sŒV‚±‚Ô‚µ‚ª‹u","34.572531","135.968356","0","1"
"29","“Þ—ÇŒ§","29201","“Þ—ÇŽs","292010211000","“sŒV”’Î’¬","34.600064","135.966253","0","1"
"29","“Þ—ÇŒ§","29201","“Þ—ÇŽs","292010212000","“sŒV‘Š‰Í’¬","34.580198","135.952999","0","1"
"29","“Þ—ÇŒ§","29201","“Þ—ÇŽs","292010213000","“sŒV—F“c’¬","34.600098","135.947043","0","1"
"29","“Þ—ÇŒ§","29201","“Þ—ÇŽs","292010214000","“sŒV”nê’¬","34.632125","135.952316","0","1"
"29","“Þ—ÇŒ§","29201","“Þ—ÇŽs","292010215000","“sŒV“fŽR’¬","34.573355","135.957799","0","1"
"29","“Þ—ÇŒ§","29201","“Þ—ÇŽs","292010216000","“sŒV“ì”V¯’¬","34.590471","135.955194","0","1"
"29","“Þ—ÇŒ§","29201","“Þ—ÇŽs","292010217000","’z’n”V“à’¬","34.674792","135.831684","0","1"
"29","“Þ—ÇŒ§","29201","“Þ—ÇŽs","292010218000","ŠpUV‰®’¬","34.681558","135.828008","0","1"
"29","“Þ—ÇŒ§","29201","“Þ—ÇŽs","292010219000","ŠpU’¬","34.681939","135.827168","0","1"
"29","“Þ—ÇŒ§","29201","“Þ—ÇŽs","292010220000","’Öˆä’¬","34.680680","135.827557","0","1"
"29","“Þ—ÇŒ§","29201","“Þ—ÇŽs","292010221000","’ß•Ÿ‰@’¬","34.679053","135.831845","0","1"
"29","“Þ—ÇŒ§","29201","“Þ—ÇŽs","292010222000","’ß•‘¼’¬","34.703607","135.749202","0","1"
"29","“Þ—ÇŒ§","29201","“Þ—ÇŽs","292010223000","’ß•‘“Œ’¬","34.704742","135.751737","0","1"
"29","“Þ—ÇŒ§","29201","“Þ—ÇŽs","292010224000","ŽèŠL’¬","34.692453","135.834555","0","1"
"29","“Þ—ÇŒ§","29201","“Þ—ÇŽs","292010225001","’é’ËŽRˆê’š–Ú","34.683013","135.731194","0","3"
"29","“Þ—ÇŒ§","29201","“Þ—ÇŽs","292010225002","’é’ËŽR“ñ’š–Ú","34.684657","135.730448","0","3"
"29","“Þ—ÇŒ§","29201","“Þ—ÇŽs","292010225003","’é’ËŽRŽO’š–Ú","34.682464","135.726914","0","3"
"29","“Þ—ÇŒ§","29201","“Þ—ÇŽs","292010225004","’é’ËŽRŽl’š–Ú","34.685069","135.724834","0","3"
"29","“Þ—ÇŒ§","29201","“Þ—ÇŽs","292010225005","’é’ËŽRŒÜ’š–Ú","34.685056","135.727408","0","3"
"29","“Þ—ÇŒ§","29201","“Þ—ÇŽs","292010225006","’é’ËŽR˜Z’š–Ú","34.686680","135.727348","0","3"
"29","“Þ—ÇŒ§","29201","“Þ—ÇŽs","292010225007","’é’ËŽRŽµ’š–Ú","34.684948","135.721746","0","3"
"29","“Þ—ÇŒ§","29201","“Þ—ÇŽs","292010226000","’é’ËŽR’†’¬","34.679862","135.730181","0","1"
"29","“Þ—ÇŒ§","29201","“Þ—ÇŽs","292010227001","’é’ËŽR¼ˆê’š–Ú","34.678770","135.727503","0","3"
"29","“Þ—ÇŒ§","29201","“Þ—ÇŽs","292010227002","’é’ËŽR¼“ñ’š–Ú","34.680123","135.726267","0","3"
"29","“Þ—ÇŒ§","29201","“Þ—ÇŽs","292010228001","’é’ËŽR“ìˆê’š–Ú","34.679651","135.737403","0","3"
"29","“Þ—ÇŒ§","29201","“Þ—ÇŽs","292010228002","’é’ËŽR“ì“ñ’š–Ú","34.677094","135.732790","0","3"
"29","“Þ—ÇŒ§","29201","“Þ—ÇŽs","292010228003","’é’ËŽR“ìŽO’š–Ú","34.679846","135.732938","0","3"
"29","“Þ—ÇŒ§","29201","“Þ—ÇŽs","292010228004","’é’ËŽR“ìŽl’š–Ú","34.680613","135.735407","0","3"
"29","“Þ—ÇŒ§","29201","“Þ—ÇŽs","292010228005","’é’ËŽR“ìŒÜ’š–Ú","34.683385","135.735586","0","3"
"29","“Þ—ÇŒ§","29201","“Þ—ÇŽs","292010229000","o‰®•~’¬","34.660961","135.830035","0","1"
"29","“Þ—ÇŒ§","29201","“Þ—ÇŽs","292010230000","Ž›’¬","34.680085","135.825131","0","1"
"29","“Þ—ÇŒ§","29201","“Þ—ÇŽs","292010231000","“Œ‹ãð’¬","34.660223","135.814107","0","1"
"29","“Þ—ÇŒ§","29201","“Þ—ÇŽs","292010232000","•x—Yòƒ–‹u","34.675769","135.736611","0","1"
"29","“Þ—ÇŒ§","29201","“Þ—ÇŽs","292010233001","•x—Yì¼ˆê’š–Ú","34.693975","135.730313","0","3"
"29","“Þ—ÇŒ§","29201","“Þ—ÇŽs","292010233002","•x—Yì¼“ñ’š–Ú","34.696009","135.730597","0","3"
"29","“Þ—ÇŒ§","29201","“Þ—ÇŽs","292010234001","•x—Y–kˆê’š–Ú","34.696545","135.733701","0","3"
"29","“Þ—ÇŒ§","29201","“Þ—ÇŽs","292010234002","•x—Y–k“ñ’š–Ú","34.697137","135.736784","0","3"
"29","“Þ—ÇŒ§","29201","“Þ—ÇŽs","292010234003","•x—Y–kŽO’š–Ú","34.700245","135.736033","0","3"
"29","“Þ—ÇŒ§","29201","“Þ—ÇŽs","292010235001","•x—YŒ³’¬ˆê’š–Ú","34.693801","135.738582","0","3"
"29","“Þ—ÇŒ§","29201","“Þ—ÇŽs","292010235002","•x—YŒ³’¬“ñ’š–Ú","34.692537","135.735216","0","3"
"29","“Þ—ÇŒ§","29201","“Þ—ÇŽs","292010235003","•x—YŒ³’¬ŽO’š–Ú","34.693144","135.732625","0","3"
"29","“Þ—ÇŒ§","29201","“Þ—ÇŽs","292010235004","•x—YŒ³’¬Žl’š–Ú","34.690070","135.732256","0","3"
"29","“Þ—ÇŒ§","29201","“Þ—ÇŽs","292010236001","“o”üƒ–‹uˆê’š–Ú","34.707307","135.748578","0","3"
"29","“Þ—ÇŒ§","29201","“Þ—ÇŽs","292010236002","“o”üƒ–‹u“ñ’š–Ú","34.711146","135.748414","0","3"
"29","“Þ—ÇŒ§","29201","“Þ—ÇŽs","292010236003","“o”üƒ–‹uŽO’š–Ú","34.713696","135.747014","0","3"
"29","“Þ—ÇŒ§","29201","“Þ—ÇŽs","292010236004","“o”üƒ–‹uŽl’š–Ú","34.712335","135.751286","0","3"
"29","“Þ—ÇŒ§","29201","“Þ—ÇŽs","292010236005","“o”üƒ–‹uŒÜ’š–Ú","34.714681","135.754993","0","3"
"29","“Þ—ÇŒ§","29201","“Þ—ÇŽs","292010236006","“o”üƒ–‹u˜Z’š–Ú","34.713457","135.753547","0","3"
"29","“Þ—ÇŒ§","29201","“Þ—ÇŽs","292010237001","’¹Œ©’¬ˆê’š–Ú","34.691370","135.728709","0","3"
"29","“Þ—ÇŒ§","29201","“Þ—ÇŽs","292010237002","’¹Œ©’¬“ñ’š–Ú","34.689236","135.726612","0","3"
"29","“Þ—ÇŒ§","29201","“Þ—ÇŽs","292010237003","’¹Œ©’¬ŽO’š–Ú","34.694387","135.725736","0","3"
"29","“Þ—ÇŒ§","29201","“Þ—ÇŽs","292010237004","’¹Œ©’¬Žl’š–Ú","34.694886","135.721553","0","3"
"29","“Þ—ÇŒ§","29201","“Þ—ÇŽs","292010238000","’†‹Ø’¬","34.684885","135.827759","0","1"
"29","“Þ—ÇŒ§","29201","“Þ—ÇŽs","292010239000","’·’J’¬","34.637124","135.913269","0","1"
"29","“Þ—ÇŒ§","29201","“Þ—ÇŽs","292010240000","’†’Ò’¬","34.672441","135.830550","0","1"
"29","“Þ—ÇŒ§","29201","“Þ—ÇŽs","292010241000","’†ŠÑ’¬","34.658498","135.923191","0","1"
"29","“Þ—ÇŒ§","29201","“Þ—ÇŽs","292010242001","’†“o”üƒ–‹uˆê’š–Ú","34.717349","135.748455","0","3"
"29","“Þ—ÇŒ§","29201","“Þ—ÇŽs","292010242002","’†“o”üƒ–‹u“ñ’š–Ú","34.719095","135.753724","0","3"
"29","“Þ—ÇŒ§","29201","“Þ—ÇŽs","292010242003","’†“o”üƒ–‹uŽO’š–Ú","34.721185","135.748284","0","3"
"29","“Þ—ÇŒ§","29201","“Þ—ÇŽs","292010242004","’†“o”üƒ–‹uŽl’š–Ú","34.720169","135.744186","0","3"
"29","“Þ—ÇŒ§","29201","“Þ—ÇŽs","292010242005","’†“o”üƒ–‹uŒÜ’š–Ú","34.723362","135.743494","0","3"
"29","“Þ—ÇŒ§","29201","“Þ—ÇŽs","292010242006","’†“o”üƒ–‹u˜Z’š–Ú","34.724052","135.748207","0","3"
"29","“Þ—ÇŒ§","29201","“Þ—ÇŽs","292010243000","’†ƒmì’¬","34.702858","135.871149","0","1"
"29","“Þ—ÇŒ§","29201","“Þ—ÇŽs","292010244000","’†”V¯’¬","34.654061","135.922921","0","1"
"29","“Þ—ÇŒ§","29201","“Þ—ÇŽs","292010245000","’†V‰®’¬","34.677713","135.830314","0","1"
"29","“Þ—ÇŒ§","29201","“Þ—ÇŽs","292010246000","’†”¨’¬","34.626477","135.888800","0","1"
"29","“Þ—ÇŒ§","29201","“Þ—ÇŽs","292010247000","’†’¬","34.673048","135.747687","0","1"
"29","“Þ—ÇŒ§","29201","“Þ—ÇŽs","292010248000","’†Œä–å’¬","34.689673","135.832940","0","1"
"29","“Þ—ÇŒ§","29201","“Þ—ÇŽs","292010249000","’†ŽR’¬","34.710779","135.771241","0","1"
"29","“Þ—ÇŒ§","29201","“Þ—ÇŽs","292010250001","’†ŽR’¬¼ˆê’š–Ú","34.710495","135.753636","0","3"
"29","“Þ—ÇŒ§","29201","“Þ—ÇŽs","292010250002","’†ŽR’¬¼“ñ’š–Ú","34.712961","135.758349","0","3"
"29","“Þ—ÇŒ§","29201","“Þ—ÇŽs","292010250003","’†ŽR’¬¼ŽO’š–Ú","34.709925","135.762220","0","3"
"29","“Þ—ÇŒ§","29201","“Þ—ÇŽs","292010250004","’†ŽR’¬¼Žl’š–Ú","34.708912","135.756643","0","3"
"29","“Þ—ÇŒ§","29201","“Þ—ÇŽs","292010251000","“àŽ˜Œ´’¬","34.686660","135.825908","0","1"
"29","“Þ—ÇŒ§","29201","“Þ—ÇŽs","292010252000","“ç‰®’¬","34.686980","135.830470","0","1"
"29","“Þ—ÇŒ§","29201","“Þ—ÇŽs","292010253000","“Þ•Û’¬","34.703141","135.828466","0","1"
"29","“Þ—ÇŒ§","29201","“Þ—ÇŽs","292010254000","“Þ—Çã’¬","34.706391","135.827080","0","1"
"29","“Þ—ÇŒ§","29201","“Þ—ÇŽs","292010255000","–Âì’¬","34.676022","135.828846","0","1"
"29","“Þ—ÇŒ§","29201","“Þ—ÇŽs","292010256000","¼•ï‰i’¬","34.691603","135.830748","0","1"
"29","“Þ—ÇŒ§","29201","“Þ—ÇŽs","292010257000","¼–Ø’Ò’¬","34.674118","135.823396","0","1"
"29","“Þ—ÇŒ§","29201","“Þ—ÇŽs","292010258000","¼‹IŽ›’¬","34.674116","135.832956","0","1"
"29","“Þ—ÇŒ§","29201","“Þ—ÇŽs","292010259000","¼‹·ì’¬","34.731883","135.904040","0","1"
"29","“Þ—ÇŒ§","29201","“Þ—ÇŽs","292010260000","¼ù–g’¬","34.690188","135.830982","0","1"
"29","“Þ—ÇŒ§","29201","“Þ—ÇŽs","292010261000","¼éŒË’¬","34.679422","135.826139","0","1"
"29","“Þ—ÇŒ§","29201","“Þ—ÇŽs","292010262000","¼VÝ‰Æ†Š’¬","34.688107","135.825548","0","1"
"29","“Þ—ÇŒ§","29201","“Þ—ÇŽs","292010263000","¼VÝ‰Æ’¬","34.688368","135.824690","0","1"
"29","“Þ—ÇŒ§","29201","“Þ—ÇŽs","292010264001","¼ç‘ãƒ–‹uˆê’š–Ú","34.683074","135.742994","0","3"
"29","“Þ—ÇŒ§","29201","“Þ—ÇŽs","292010264002","¼ç‘ãƒ–‹u“ñ’š–Ú","34.681236","135.743055","0","3"
"29","“Þ—ÇŒ§","29201","“Þ—ÇŽs","292010264003","¼ç‘ãƒ–‹uŽO’š–Ú","34.679472","135.747641","0","3"
"29","“Þ—ÇŒ§","29201","“Þ—ÇŽs","292010265000","¼Ž›—Ñ’¬","34.679565","135.829873","0","1"
"29","“Þ—ÇŒ§","29201","“Þ—ÇŽs","292010266001","¼“o”üƒ–‹uˆê’š–Ú","34.712539","135.744192","0","3"
"29","“Þ—ÇŒ§","29201","“Þ—ÇŽs","292010266002","¼“o”üƒ–‹u“ñ’š–Ú","34.716742","135.743436","0","3"
"29","“Þ—ÇŒ§","29201","“Þ—ÇŽs","292010266003","¼“o”üƒ–‹uŽO’š–Ú","34.713600","135.741052","0","3"
"29","“Þ—ÇŒ§","29201","“Þ—ÇŽs","292010266004","¼“o”üƒ–‹uŽl’š–Ú","34.717860","135.740115","0","3"
"29","“Þ—ÇŒ§","29201","“Þ—ÇŽs","292010266005","¼“o”üƒ–‹uŒÜ’š–Ú","34.713248","135.737093","0","3"
"29","“Þ—ÇŒ§","29201","“Þ—ÇŽs","292010266006","¼“o”üƒ–‹u˜Z’š–Ú","34.711494","135.739936","0","3"
"29","“Þ—ÇŒ§","29201","“Þ—ÇŽs","292010266007","¼“o”üƒ–‹uŽµ’š–Ú","34.709132","135.737136","0","3"
"29","“Þ—ÇŒ§","29201","“Þ—ÇŽs","292010266008","¼“o”üƒ–‹u”ª’š–Ú","34.710476","135.734603","0","3"
"29","“Þ—ÇŒ§","29201","“Þ—ÇŽs","292010267000","¼ƒm‹ž’¬","34.669349","135.791534","0","1"
"29","“Þ—ÇŒ§","29201","“Þ—ÇŽs","292010268000","¼”Vã’¬","34.683290","135.822248","0","1"
"29","“Þ—ÇŒ§","29201","“Þ—ÇŽs","292010269000","¼V‰®’¬","34.676777","135.829841","0","1"
"29","“Þ—ÇŒ§","29201","“Þ—ÇŽs","292010270000","¼Œä–å’¬","34.684280","135.827182","0","1"
"29","“Þ—ÇŒ§","29201","“Þ—ÇŽs","292010271001","“ñð‘å˜H“ìˆê’š–Ú","34.685738","135.801878","0","3"
"29","“Þ—ÇŒ§","29201","“Þ—ÇŽs","292010271002","“ñð‘å˜H“ì“ñ’š–Ú","34.685702","135.798495","0","3"
"29","“Þ—ÇŒ§","29201","“Þ—ÇŽs","292010271003","“ñð‘å˜H“ìŽO’š–Ú","34.685622","135.795327","0","3"
"29","“Þ—ÇŒ§","29201","“Þ—ÇŽs","292010271004","“ñð‘å˜H“ìŽl’š–Ú","34.685663","135.792513","0","3"
"29","“Þ—ÇŒ§","29201","“Þ—ÇŽs","292010271005","“ñð‘å˜H“ìŒÜ’š–Ú","34.686635","135.789321","0","3"
"29","“Þ—ÇŒ§","29201","“Þ—ÇŽs","292010272001","“ñð’¬ˆê’š–Ú","34.694413","135.788174","0","3"
"29","“Þ—ÇŒ§","29201","“Þ—ÇŽs","292010272002","“ñð’¬“ñ’š–Ú","34.692432","135.787509","0","3"
"29","“Þ—ÇŒ§","29201","“Þ—ÇŽs","292010272003","“ñð’¬ŽO’š–Ú","34.689870","135.787792","0","3"
"29","“Þ—ÇŒ§","29201","“Þ—ÇŽs","292010273001","“ñ–¼ˆê’š–Ú","34.706328","135.736061","0","3"
"29","“Þ—ÇŒ§","29201","“Þ—ÇŽs","292010273002","“ñ–¼“ñ’š–Ú","34.703005","135.735598","0","3"
"29","“Þ—ÇŒ§","29201","“Þ—ÇŽs","292010273003","“ñ–¼ŽO’š–Ú","34.705196","135.729816","0","3"
"29","“Þ—ÇŒ§","29201","“Þ—ÇŽs","292010273004","“ñ–¼Žl’š–Ú","34.707895","135.728959","0","3"
"29","“Þ—ÇŒ§","29201","“Þ—ÇŽs","292010273005","“ñ–¼ŒÜ’š–Ú","34.706329","135.725040","0","3"
"29","“Þ—ÇŒ§","29201","“Þ—ÇŽs","292010273006","“ñ–¼˜Z’š–Ú","34.705255","135.716202","0","3"
"29","“Þ—ÇŒ§","29201","“Þ—ÇŽs","292010273007","“ñ–¼Žµ’š–Ú","34.700300","135.719535","0","3"
"29","“Þ—ÇŒ§","29201","“Þ—ÇŽs","292010274000","“ñ–¼’¬","34.720326","135.740523","0","1"
"29","“Þ—ÇŒ§","29201","“Þ—ÇŽs","292010275000","“ñ–¼“Œ’¬","34.707983","135.739733","0","1"
"29","“Þ—ÇŒ§","29201","“Þ—ÇŽs","292010276001","“ñ–¼•½–ìˆê’š–Ú","34.711913","135.730391","0","3"
"29","“Þ—ÇŒ§","29201","“Þ—ÇŽs","292010276002","“ñ–¼•½–ì“ñ’š–Ú","34.707626","135.733364","0","3"
"29","“Þ—ÇŒ§","29201","“Þ—ÇŽs","292010277000","’O¶’¬","34.698093","135.963807","0","1"
"29","“Þ—ÇŒ§","29201","“Þ—ÇŽs","292010278000","”EJŽR’¬","34.697324","135.915513","0","1"
"29","“Þ—ÇŒ§","29201","“Þ—ÇŽs","292010279000","”[‰@’¬","34.675435","135.831439","0","1"
"29","“Þ—ÇŒ§","29201","“Þ—ÇŽs","292010280000","“o‘å˜H’¬","34.683858","135.833231","0","1"
"29","“Þ—ÇŒ§","29201","“Þ—ÇŽs","292010281000","‹´–{’¬","34.682012","135.828762","0","1"
"29","“Þ—ÇŒ§","29201","“Þ—ÇŽs","292010282000","”¨’†’¬","34.687193","135.820257","0","1"
"29","“Þ—ÇŒ§","29201","“Þ—ÇŽs","292010283001","”ªðˆê’š–Ú","34.663861","135.804697","0","3"
"29","“Þ—ÇŒ§","29201","“Þ—ÇŽs","292010283002","”ªð“ñ’š–Ú","34.667432","135.807729","0","3"
"29","“Þ—ÇŒ§","29201","“Þ—ÇŽs","292010283003","”ªðŽO’š–Ú","34.666633","135.804694","0","3"
"29","“Þ—ÇŒ§","29201","“Þ—ÇŽs","292010283004","”ªðŽl’š–Ú","34.666237","135.801761","0","3"
"29","“Þ—ÇŒ§","29201","“Þ—ÇŽs","292010283005","”ªðŒÜ’š–Ú","34.667014","135.800004","0","3"
"29","“Þ—ÇŒ§","29201","“Þ—ÇŽs","292010284000","”ªð’¬","34.671137","135.801571","0","1"
"29","“Þ—ÇŒ§","29201","“Þ—ÇŽs","292010285000","”«•š’¬","34.658034","135.875282","0","1"
"29","“Þ—ÇŒ§","29201","“Þ—ÇŽs","292010286000","‰ÔŽÅ’¬","34.686271","135.828866","0","1"
"29","“Þ—ÇŒ§","29201","“Þ—ÇŽs","292010287000","‰Ô‰€’¬","34.674886","135.829677","0","1"
"29","“Þ—ÇŒ§","29201","“Þ—ÇŽs","292010288000","”nê’¬","34.678927","135.825770","0","1"
"29","“Þ—ÇŒ§","29201","“Þ—ÇŽs","292010289000","—Ñ¬˜H’¬","34.682759","135.825695","0","1"
"29","“Þ—ÇŒ§","29201","“Þ—ÇŽs","292010290000","jƒ–•ÊŠ’¬","34.626319","135.970452","0","1"
"29","“Þ—ÇŒ§","29201","“Þ—ÇŽs","292010291000","j’¬","34.615203","135.956832","0","1"
"29","“Þ—ÇŒ§","29201","“Þ—ÇŽs","292010292000","”¼“c“Ë”²’¬","34.688592","135.831374","0","1"
"29","“Þ—ÇŒ§","29201","“Þ—ÇŽs","292010293000","”¼“cŠJ’¬","34.694793","135.829169","0","1"
"29","“Þ—ÇŒ§","29201","“Þ—ÇŽs","292010294000","”¼“c‰¡’¬","34.688025","135.830149","0","1"
"29","“Þ—ÇŒ§","29201","“Þ—ÇŽs","292010295000","”ÊŽáŽ›’¬","34.701168","135.837966","0","1"
"29","“Þ—ÇŒ§","29201","“Þ—ÇŽs","292010296000","“úŠ}’¬","34.664182","135.918777","0","1"
"29","“Þ—ÇŒ§","29201","“Þ—ÇŽs","292010297000","“Œ•ï‰i’¬","34.691644","135.833438","0","1"
"29","“Þ—ÇŒ§","29201","“Þ—ÇŽs","292010298000","“Œ–Ø’Ò’¬","34.674834","135.828357","0","1"
"29","“Þ—ÇŒ§","29201","“Þ—ÇŽs","292010299001","“Œ‹IŽ›’¬ˆê’š–Ú","34.671808","135.836688","0","3"
"29","“Þ—ÇŒ§","29201","“Þ—ÇŽs","292010299002","“Œ‹IŽ›’¬“ñ’š–Ú","34.672677","135.839408","0","3"
"29","“Þ—ÇŒ§","29201","“Þ—ÇŽs","292010299003","“Œ‹IŽ›’¬ŽO’š–Ú","34.670790","135.839268","0","3"
"29","“Þ—ÇŒ§","29201","“Þ—ÇŽs","292010300000","“Œù–g’¬","34.690363","135.832941","0","1"
"29","“Þ—ÇŒ§","29201","“Þ—ÇŽs","292010301000","“ŒéŒË’¬","34.679367","135.827562","0","1"
"29","“Þ—ÇŒ§","29201","“Þ—ÇŽs","292010302000","“ŒVÝ‰Æ’¬","34.688576","135.826853","0","1"
"29","“Þ—ÇŒ§","29201","“Þ—ÇŽs","292010303000","“ŒŽ›—Ñ’¬","34.679540","135.831277","0","1"
"29","“Þ—ÇŒ§","29201","“Þ—ÇŽs","292010304001","“Œ“o”üƒ–‹uˆê’š–Ú","34.716622","135.759402","0","3"
"29","“Þ—ÇŒ§","29201","“Þ—ÇŽs","292010304002","“Œ“o”üƒ–‹u“ñ’š–Ú","34.715124","135.760402","0","3"
"29","“Þ—ÇŒ§","29201","“Þ—ÇŽs","292010304003","“Œ“o”üƒ–‹uŽO’š–Ú","34.713699","135.762127","0","3"
"29","“Þ—ÇŒ§","29201","“Þ—ÇŽs","292010304004","“Œ“o”üƒ–‹uŽl’š–Ú","34.720060","135.757096","0","3"
"29","“Þ—ÇŒ§","29201","“Þ—ÇŽs","292010304005","“Œ“o”üƒ–‹uŒÜ’š–Ú","34.720042","135.759483","0","3"
"29","“Þ—ÇŒ§","29201","“Þ—ÇŽs","292010304006","“Œ“o”üƒ–‹u˜Z’š–Ú","34.722270","135.762090","0","3"
"29","“Þ—ÇŒ§","29201","“Þ—ÇŽs","292010305000","“Œ–Âì’¬","34.709114","135.878434","0","1"
"29","“Þ—ÇŒ§","29201","“Þ—ÇŽs","292010306000","“Œ”Vã’¬","34.695790","135.835747","0","1"
"29","“Þ—ÇŒ§","29201","“Þ—ÇŽs","292010307000","“ŒŒü–k’¬","34.684984","135.828719","0","1"
"29","“Þ—ÇŒ§","29201","“Þ—ÇŽs","292010308000","“ŒŒü’†’¬","34.683728","135.828823","0","1"
"29","“Þ—ÇŒ§","29201","“Þ—ÇŽs","292010309000","“ŒŒü“ì’¬","34.682666","135.828587","0","1"
"29","“Þ—ÇŒ§","29201","“Þ—ÇŽs","292010310000","•D“c’¬","34.688438","135.758694","0","1"
"29","“Þ—ÇŒ§","29201","“Þ—ÇŽs","292010311001","•D“c’¬ˆê’š–Ú","34.688617","135.770784","0","3"
"29","“Þ—ÇŒ§","29201","“Þ—ÇŽs","292010311002","•D“c’¬“ñ’š–Ú","34.691122","135.767984","0","3"
"29","“Þ—ÇŒ§","29201","“Þ—ÇŽs","292010311003","•D“c’¬ŽO’š–Ú","34.689843","135.766594","0","3"
"29","“Þ—ÇŒ§","29201","“Þ—ÇŽs","292010311004","•D“c’¬Žl’š–Ú","34.688639","135.767652","0","3"
"29","“Þ—ÇŒ§","29201","“Þ—ÇŽs","292010311005","•D“c’¬ŒÜ’š–Ú","34.687996","135.764441","0","3"
"29","“Þ—ÇŒ§","29201","“Þ—ÇŽs","292010312000","”ù¹–å’¬","34.676726","135.832087","0","1"
"29","“Þ—ÇŒ§","29201","“Þ—ÇŽs","292010313000","”’Ÿ|Ž›’¬","34.668133","135.864503","0","1"
"29","“Þ—ÇŒ§","29201","“Þ—ÇŽs","292010314000","•S–œƒ–’ÒŽq’¬","34.682600","135.824532","0","1"
"29","“Þ—ÇŒ§","29201","“Þ—ÇŽs","292010315001","•SŠy‰€ˆê’š–Ú","34.698957","135.745400","0","3"
"29","“Þ—ÇŒ§","29201","“Þ—ÇŽs","292010315002","•SŠy‰€“ñ’š–Ú","34.697268","135.742873","0","3"
"29","“Þ—ÇŒ§","29201","“Þ—ÇŽs","292010315003","•SŠy‰€ŽO’š–Ú","34.697254","135.740254","0","3"
"29","“Þ—ÇŒ§","29201","“Þ—ÇŽs","292010315004","•SŠy‰€Žl’š–Ú","34.699773","135.741356","0","3"
"29","“Þ—ÇŒ§","29201","“Þ—ÇŽs","292010315005","•SŠy‰€ŒÜ’š–Ú","34.702038","135.739537","0","3"
"29","“Þ—ÇŒ§","29201","“Þ—ÇŽs","292010316000","•½´…’¬","34.697210","135.892401","0","1"
"29","“Þ—ÇŒ§","29201","“Þ—ÇŽs","292010317001","•½¼ˆê’š–Ú","34.678834","135.777171","0","3"
"29","“Þ—ÇŒ§","29201","“Þ—ÇŽs","292010317002","•½¼“ñ’š–Ú","34.675850","135.778365","0","3"
"29","“Þ—ÇŒ§","29201","“Þ—ÇŽs","292010317003","•½¼ŽO’š–Ú","34.677085","135.774930","0","3"
"29","“Þ—ÇŒ§","29201","“Þ—ÇŽs","292010317004","•½¼Žl’š–Ú","34.674653","135.774729","0","3"
"29","“Þ—ÇŒ§","29201","“Þ—ÇŽs","292010317005","•½¼ŒÜ’š–Ú","34.677034","135.771917","0","3"
"29","“Þ—ÇŒ§","29201","“Þ—ÇŽs","292010318000","L‰ª’¬","34.750357","135.924881","0","1"
"29","“Þ—ÇŒ§","29201","“Þ—ÇŽs","292010319000","•Ÿ’q‰@’¬","34.676789","135.834645","0","1"
"29","“Þ—ÇŒ§","29201","“Þ—ÇŽs","292010320000","•sRƒ–’ÒŽq’¬","34.679304","135.832710","0","1"
"29","“Þ—ÇŒ§","29201","“Þ—ÇŽs","292010321001","“¡ƒm–Ø‘äˆê’š–Ú","34.682095","135.754187","0","3"
"29","“Þ—ÇŒ§","29201","“Þ—ÇŽs","292010321002","“¡ƒm–Ø‘ä“ñ’š–Ú","34.678320","135.752636","0","3"
"29","“Þ—ÇŒ§","29201","“Þ—ÇŽs","292010321003","“¡ƒm–Ø‘äŽO’š–Ú","34.677979","135.755583","0","3"
"29","“Þ—ÇŒ§","29201","“Þ—ÇŽs","292010321004","“¡ƒm–Ø‘äŽl’š–Ú","34.676650","135.758084","0","3"
"29","“Þ—ÇŒ§","29201","“Þ—ÇŽs","292010322000","“¡Œ´’¬","34.651448","135.859067","0","1"
"29","“Þ—ÇŒ§","29201","“Þ—ÇŽs","292010323000","‘D‹´’¬","34.687846","135.821049","0","1"
"29","“Þ—ÇŒ§","29201","“Þ—ÇŽs","292010324000","ŒÃŽs’¬","34.658988","135.839567","0","1"
"29","“Þ—ÇŒ§","29201","“Þ—ÇŽs","292010325000","¶—®—¢’¬","34.690608","135.885923","0","1"
"29","“Þ—ÇŒ§","29201","“Þ—ÇŽs","292010326000","•ÊŠ’¬","34.657703","135.938375","0","1"
"29","“Þ—ÇŒ§","29201","“Þ—ÇŽs","292010327000","–V‰®•~’¬","34.687320","135.827258","0","1"
"29","“Þ—ÇŒ§","29201","“Þ—ÇŽs","292010328000","–@—p’¬","34.704076","135.885832","0","1"
"29","“Þ—ÇŒ§","29201","“Þ—ÇŽs","292010329001","•ó—ˆˆê’š–Ú","34.682470","135.781129","0","3"
"29","“Þ—ÇŒ§","29201","“Þ—ÇŽs","292010329002","•ó—ˆ“ñ’š–Ú","34.682226","135.778313","0","3"
"29","“Þ—ÇŒ§","29201","“Þ—ÇŽs","292010329003","•ó—ˆŽO’š–Ú","34.682401","135.775406","0","3"
"29","“Þ—ÇŒ§","29201","“Þ—ÇŽs","292010329004","•ó—ˆŽl’š–Ú","34.682484","135.771442","0","3"
"29","“Þ—ÇŒ§","29201","“Þ—ÇŽs","292010329005","•ó—ˆŒÜ’š–Ú","34.681875","135.765061","0","3"
"29","“Þ—ÇŒ§","29201","“Þ—ÇŽs","292010330000","•ó—ˆ’¬","34.686501","135.755489","0","1"
"29","“Þ—ÇŒ§","29201","“Þ—ÇŽs","292010331001","–@˜@²•ÛŽRˆê’š–Ú","34.695931","135.823843","0","3"
"29","“Þ—ÇŒ§","29201","“Þ—ÇŽs","292010331002","–@˜@²•ÛŽR“ñ’š–Ú","34.699142","135.822400","0","3"
"29","“Þ—ÇŒ§","29201","“Þ—ÇŽs","292010331003","–@˜@²•ÛŽRŽO’š–Ú","34.700036","135.827050","0","3"
"29","“Þ—ÇŒ§","29201","“Þ—ÇŽs","292010331004","–@˜@²•ÛŽRŽl’š–Ú","34.697393","135.828413","0","3"
"29","“Þ—ÇŒ§","29201","“Þ—ÇŽs","292010332000","–@˜@’¬","34.693994","135.817240","0","1"
"29","“Þ—ÇŒ§","29201","“Þ—ÇŽs","292010333000","•ì’ñŽR’¬","34.646392","135.876636","0","1"
"29","“Þ—ÇŒ§","29201","“Þ—ÇŽs","292010334000","–@‰ØŽ›’¬","34.695070","135.805636","0","1"
"29","“Þ—ÇŒ§","29201","“Þ—ÇŽs","292010335000","–{ŽqŽç’¬","34.681297","135.825863","0","1"
"29","“Þ—ÇŒ§","29201","“Þ—ÇŽs","292010336000","•Ä’J’¬","34.614906","135.881365","0","1"
"29","“Þ—ÇŒ§","29201","“Þ—ÇŽs","292010337000","‘å“¤ŽR’¬","34.686281","135.827280","0","1"
"29","“Þ—ÇŒ§","29201","“Þ—ÇŽs","292010338000","‘å“¤ŽR“Ë”²’¬","34.686165","135.828177","0","1"
"29","“Þ—ÇŒ§","29201","“Þ—ÇŽs","292010339001","ŠÛŽRˆê’š–Ú","34.666366","135.751927","0","3"
"29","“Þ—ÇŒ§","29201","“Þ—ÇŽs","292010339002","ŠÛŽR“ñ’š–Ú","34.666762","135.748381","0","3"
"29","“Þ—ÇŒ§","29201","“Þ—ÇŽs","292010340000","ŽR—Ë’¬","34.706607","135.787126","0","1"
"29","“Þ—ÇŒ§","29201","“Þ—ÇŽs","292010341001","ŽO‰Oˆê’š–Ú","34.691524","135.737740","0","3"
"29","“Þ—ÇŒ§","29201","“Þ—ÇŽs","292010341002","ŽO‰O“ñ’š–Ú","34.688871","135.736694","0","3"
"29","“Þ—ÇŒ§","29201","“Þ—ÇŽs","292010341003","ŽO‰OŽO’š–Ú","34.687144","135.740866","0","3"
"29","“Þ—ÇŒ§","29201","“Þ—ÇŽs","292010341004","ŽO‰OŽl’š–Ú","34.686731","135.737483","0","3"
"29","“Þ—ÇŒ§","29201","“Þ—ÇŽs","292010341005","ŽO‰OŒÜ’š–Ú","34.686836","135.732461","0","3"
"29","“Þ—ÇŒ§","29201","“Þ—ÇŽs","292010341006","ŽO‰O˜Z’š–Ú","34.682562","135.738255","0","3"
"29","“Þ—ÇŒ§","29201","“Þ—ÇŽs","292010341007","ŽO‰OŽµ’š–Ú","34.682908","135.740290","0","3"
"29","“Þ—ÇŒ§","29201","“Þ—ÇŽs","292010342000","ŽO‰O’¬","34.690528","135.719701","0","1"
"29","“Þ—ÇŒ§","29201","“Þ—ÇŽs","292010343000","ŽO“’¬","34.675315","135.829485","0","1"
"29","“Þ—ÇŒ§","29201","“Þ—ÇŽs","292010344000","“ìŽs’¬","34.680269","135.829743","0","1"
"29","“Þ—ÇŒ§","29201","“Þ—ÇŽs","292010345000","“ì‹›‰®’¬","34.678131","135.825259","0","1"
"29","“Þ—ÇŒ§","29201","“Þ—ÇŽs","292010346000","“ì•I’Ë’¬","34.666596","135.831520","0","1"
"29","“Þ—ÇŒ§","29201","“Þ—ÇŽs","292010347001","“ì‹IŽ›’¬ˆê’š–Ú","34.668048","135.833935","0","3"
"29","“Þ—ÇŒ§","29201","“Þ—ÇŽs","292010347002","“ì‹IŽ›’¬“ñ’š–Ú","34.668410","135.836361","0","3"
"29","“Þ—ÇŒ§","29201","“Þ—ÇŽs","292010347003","“ì‹IŽ›’¬ŽO’š–Ú","34.668449","135.839239","0","3"
"29","“Þ—ÇŒ§","29201","“Þ—ÇŽs","292010347004","“ì‹IŽ›’¬Žl’š–Ú","34.666219","135.838314","0","3"
"29","“Þ—ÇŒ§","29201","“Þ—ÇŽs","292010347005","“ì‹IŽ›’¬ŒÜ’š–Ú","34.665659","135.834683","0","3"
"29","“Þ—ÇŒ§","29201","“Þ—ÇŽs","292010348000","“ì‹žI’¬","34.664490","135.822384","0","1"
"29","“Þ—ÇŒ§","29201","“Þ—ÇŽs","292010349001","“ì‹žI’¬ˆê’š–Ú","34.671043","135.822718","0","3"
"29","“Þ—ÇŒ§","29201","“Þ—ÇŽs","292010349002","“ì‹žI’¬“ñ’š–Ú","34.668818","135.821731","0","3"
"29","“Þ—ÇŒ§","29201","“Þ—ÇŽs","292010349003","“ì‹žI’¬ŽO’š–Ú","34.666286","135.820676","0","3"
"29","“Þ—ÇŒ§","29201","“Þ—ÇŽs","292010349004","“ì‹žI’¬Žl’š–Ú","34.668622","135.826300","0","3"
"29","“Þ—ÇŒ§","29201","“Þ—ÇŽs","292010349005","“ì‹žI’¬ŒÜ’š–Ú","34.668332","135.828835","0","3"
"29","“Þ—ÇŒ§","29201","“Þ—ÇŽs","292010349006","“ì‹žI’¬˜Z’š–Ú","34.665828","135.829076","0","3"
"29","“Þ—ÇŒ§","29201","“Þ—ÇŽs","292010349007","“ì‹žI’¬Žµ’š–Ú","34.666094","135.825063","0","3"
"29","“Þ—ÇŒ§","29201","“Þ—ÇŽs","292010350000","“ì¯’¬","34.711850","135.897472","0","1"
"29","“Þ—ÇŒ§","29201","“Þ—ÇŽs","292010351000","“ìéŒË’¬","34.676958","135.827449","0","1"
"29","“Þ—ÇŒ§","29201","“Þ—ÇŽs","292010352000","“ìV’¬","34.677671","135.795567","0","1"
"29","“Þ—ÇŒ§","29201","“Þ—ÇŽs","292010353000","“ìV’¬","34.676554","135.825378","0","1"
"29","“Þ—ÇŒ§","29201","“Þ—ÇŽs","292010354000","“ì“cŒ´’¬","34.647993","135.917450","0","1"
"29","“Þ—ÇŒ§","29201","“Þ—ÇŽs","292010355000","“ì’Ö”ö’¬","34.629308","135.869922","0","1"
"29","“Þ—ÇŒ§","29201","“Þ—ÇŽs","292010356000","“ì“o”üƒ–‹u","34.705574","135.745701","0","1"
"29","“Þ—ÇŒ§","29201","“Þ—ÇŽs","292010357000","“ì‰iˆä’¬","34.651365","135.823915","0","1"
"29","“Þ—ÇŒ§","29201","“Þ—ÇŽs","292010358000","“ì’†’¬","34.678239","135.827720","0","1"
"29","“Þ—ÇŒ§","29201","“Þ—ÇŽs","292010359000","“ì”¼“c’†’¬","34.687488","135.832616","0","1"
"29","“Þ—ÇŒ§","29201","“Þ—ÇŽs","292010360000","“ì”¼“c¼’¬","34.687502","135.831243","0","1"
"29","“Þ—ÇŒ§","29201","“Þ—ÇŽs","292010361000","“ì”¼“c“Œ’¬","34.687491","135.833760","0","1"
"29","“Þ—ÇŒ§","29201","“Þ—ÇŽs","292010362000","“ì‘Ü’¬","34.676756","135.826478","0","1"
"29","“Þ—ÇŒ§","29201","“Þ—ÇŽs","292010363000","“ì•—˜C’¬","34.677969","135.826576","0","1"
"29","“Þ—ÇŒ§","29201","“Þ—ÇŽs","292010364000","“ì–@˜@’¬","34.688222","135.827221","0","1"
"29","“Þ—ÇŒ§","29201","“Þ—ÇŽs","292010365000","…ŠÔ’¬","34.676263","135.942170","0","1"
"29","“Þ—ÇŒ§","29201","“Þ—ÇŽs","292010366001","ŽO¼ˆê’š–Ú","34.699427","135.730650","0","3"
"29","“Þ—ÇŒ§","29201","“Þ—ÇŽs","292010366002","ŽO¼“ñ’š–Ú","34.698579","135.726150","0","3"
"29","“Þ—ÇŒ§","29201","“Þ—ÇŽs","292010366003","ŽO¼ŽO’š–Ú","34.701023","135.728740","0","3"
"29","“Þ—ÇŒ§","29201","“Þ—ÇŽs","292010366004","ŽO¼Žl’š–Ú","34.702592","135.730203","0","3"
"29","“Þ—ÇŒ§","29201","“Þ—ÇŽs","292010367000","ŽO¼ƒ–‹u","34.699703","135.723233","0","1"
"29","“Þ—ÇŒ§","29201","“Þ—ÇŽs","292010368000","äª‰×’¬","34.654659","135.907798","0","1"
"29","“Þ—ÇŒ§","29201","“Þ—ÇŽs","292010369000","–Ý”Ñ“a’¬","34.680718","135.828992","0","1"
"29","“Þ—ÇŒ§","29201","“Þ—ÇŽs","292010370000","–ö¶‰º’¬","34.741304","135.950935","0","1"
"29","“Þ—ÇŒ§","29201","“Þ—ÇŽs","292010371000","–ö¶’¬","34.722728","135.957765","0","1"
"29","“Þ—ÇŒ§","29201","“Þ—ÇŽs","292010372000","–òŽt“°’¬","34.675932","135.831601","0","1"
"29","“Þ—ÇŒ§","29201","“Þ—ÇŽs","292010373000","”ª“‡’¬","34.647072","135.852519","0","1"
"29","“Þ—ÇŒ§","29201","“Þ—ÇŽs","292010374000","–î“cŒ´’¬","34.647153","135.899729","0","1"
"29","“Þ—ÇŒ§","29201","“Þ—ÇŽs","292010375000","–ö’¬","34.679075","135.825457","0","1"
"29","“Þ—ÇŒ§","29201","“Þ—ÇŽs","292010376000","ŽR’¬","34.641372","135.848390","0","1"
"29","“Þ—ÇŒ§","29201","“Þ—ÇŽs","292010377000","–û—¯–Ø’¬","34.686870","135.832988","0","1"
"29","“Þ—ÇŒ§","29201","“Þ—ÇŽs","292010378001","‰¡ˆäˆê’š–Ú","34.654473","135.831687","0","3"
"29","“Þ—ÇŒ§","29201","“Þ—ÇŽs","292010378002","‰¡ˆä“ñ’š–Ú","34.651521","135.830483","0","3"
"29","“Þ—ÇŒ§","29201","“Þ—ÇŽs","292010378003","‰¡ˆäŽO’š–Ú","34.652037","135.835848","0","3"
"29","“Þ—ÇŒ§","29201","“Þ—ÇŽs","292010378004","‰¡ˆäŽl’š–Ú","34.649722","135.835885","0","3"
"29","“Þ—ÇŒ§","29201","“Þ—ÇŽs","292010378005","‰¡ˆäŒÜ’š–Ú","34.649542","135.830231","0","3"
"29","“Þ—ÇŒ§","29201","“Þ—ÇŽs","292010378006","‰¡ˆä˜Z’š–Ú","34.647207","135.829996","0","3"
"29","“Þ—ÇŒ§","29201","“Þ—ÇŽs","292010378007","‰¡ˆäŽµ’š–Ú","34.647563","135.835248","0","3"
"29","“Þ—ÇŒ§","29201","“Þ—ÇŽs","292010379000","‰¡ˆä’¬","34.657692","135.858839","0","1"
"29","“Þ—ÇŒ§","29201","“Þ—ÇŽs","292010380000","‰¡“c’¬","34.659821","135.910328","0","1"
"29","“Þ—ÇŒ§","29201","“Þ—ÇŽs","292010382000","—ˆŒ}Ž›’¬","34.592816","135.947645","0","1"
"29","“Þ—ÇŒ§","29201","“Þ—ÇŽs","292010383001","˜Zðˆê’š–Ú","34.669273","135.779970","0","3"
"29","“Þ—ÇŒ§","29201","“Þ—ÇŽs","292010383002","˜Zð“ñ’š–Ú","34.669969","135.773664","0","3"
"29","“Þ—ÇŒ§","29201","“Þ—ÇŽs","292010383003","˜ZðŽO’š–Ú","34.666986","135.774345","0","3"
"29","“Þ—ÇŒ§","29201","“Þ—ÇŽs","292010384000","˜Zð’¬","34.666145","135.785817","0","1"
"29","“Þ—ÇŒ§","29201","“Þ—ÇŽs","292010385001","˜Zð¼ˆê’š–Ú","34.671606","135.770711","0","3"
"29","“Þ—ÇŒ§","29201","“Þ—ÇŽs","292010385002","˜Zð¼“ñ’š–Ú","34.670850","135.767066","0","3"
"29","“Þ—ÇŒ§","29201","“Þ—ÇŽs","292010385003","˜Zð¼ŽO’š–Ú","34.668263","135.768743","0","3"
"29","“Þ—ÇŒ§","29201","“Þ—ÇŽs","292010385004","˜Zð¼Žl’š–Ú","34.666170","135.770906","0","3"
"29","“Þ—ÇŒ§","29201","“Þ—ÇŽs","292010385005","˜Zð¼ŒÜ’š–Ú","34.664882","135.766791","0","3"
"29","“Þ—ÇŒ§","29201","“Þ—ÇŽs","292010385006","˜Zð¼˜Z’š–Ú","34.667196","135.764741","0","3"
"29","“Þ—ÇŒ§","29201","“Þ—ÇŽs","292010386000","˜Zð“Œ’¬","34.666801","135.787085","0","1"
"29","“Þ—ÇŒ§","29201","“Þ—ÇŽs","292010387001","˜Zð—Î’¬ˆê’š–Ú","34.671418","135.760917","0","3"
"29","“Þ—ÇŒ§","29201","“Þ—ÇŽs","292010387002","˜Zð—Î’¬“ñ’š–Ú","34.671378","135.763766","0","3"
"29","“Þ—ÇŒ§","29201","“Þ—ÇŽs","292010387003","˜Zð—Î’¬ŽO’š–Ú","34.669719","135.765349","0","3"
"29","“Þ—ÇŒ§","29201","“Þ—ÇŽs","292010388000","Ž­–ì‰€’¬","34.662321","135.849247","0","1"
"29","“Þ—ÇŒ§","29201","“Þ—ÇŽs","292010389001","Žá—t‘äˆê’š–Ú","34.690687","135.770215","0","3"
"29","“Þ—ÇŒ§","29201","“Þ—ÇŽs","292010389002","Žá—t‘ä“ñ’š–Ú","34.693329","135.769514","0","3"
"29","“Þ—ÇŒ§","29201","“Þ—ÇŽs","292010389003","Žá—t‘äŽO’š–Ú","34.692165","135.771828","0","3"
"29","“Þ—ÇŒ§","29201","“Þ—ÇŽs","292010389004","Žá—t‘äŽl’š–Ú","34.690206","135.772185","0","3"
"29","“Þ—ÇŒ§","29201","“Þ—ÇŽs","292010390000","˜eŒË’¬","34.678046","135.828982","0","1"
"29","“Þ—ÇŒ§","29201","“Þ—ÇŽs","292010391000","˜a“c’¬","34.660519","135.901157","0","1"
"29","“Þ—ÇŒ§","29201","“Þ—ÇŽs","292010392001","Â–ì’¬ˆê’š–Ú","34.689601","135.778666","0","3"
"29","“Þ—ÇŒ§","29201","“Þ—ÇŽs","292010392002","Â–ì’¬“ñ’š–Ú","34.689515","135.774894","0","3"
"29","“Þ—ÇŒ§","29201","“Þ—ÇŽs","292010393000","¼‘åŽ›’¬","34.690482","135.774554","0","1"
"29","“Þ—ÇŒ§","29201","“Þ—ÇŽs","292010394000","Â–ì’¬","34.689941","135.773787","0","1"
"29","“Þ—ÇŒ§","29201","“Þ—ÇŽs","292010395000","¼‘åŽ›¬–V’¬","34.694909","135.779585","0","1"
"29","“Þ—ÇŒ§","29201","“Þ—ÇŽs","292010396000","¼‘åŽ›“ì’¬","34.691913","135.782190","0","1"
"29","“Þ—ÇŒ§","29201","“Þ—ÇŽs","292010397001","›Œ´“Œˆê’š–Ú","34.685375","135.779543","3","3"
"29","“Þ—ÇŒ§","29201","“Þ—ÇŽs","292010397002","›Œ´“Œ“ñ’š–Ú","34.687843","135.780352","3","3"
"29","“Þ—ÇŒ§","29202","‘å˜a‚“cŽs","292020001000","Œ’¬","34.512724","135.756239","0","1"
"29","“Þ—ÇŒ§","29202","‘å˜a‚“cŽs","292020002000","ˆ®–k’¬","34.512469","135.748672","0","1"
"29","“Þ—ÇŒ§","29202","‘å˜a‚“cŽs","292020003000","ˆ®“ì’¬","34.509039","135.747847","0","1"
"29","“Þ—ÇŒ§","29202","‘å˜a‚“cŽs","292020004000","âE–ì–k’¬","34.509538","135.733898","0","1"
"29","“Þ—ÇŒ§","29202","‘å˜a‚“cŽs","292020005000","âE–ìV’¬","34.504947","135.740361","0","1"
"29","“Þ—ÇŒ§","29202","‘å˜a‚“cŽs","292020006000","âE–ì’¬","34.507069","135.734592","0","1"
"29","“Þ—ÇŒ§","29202","‘å˜a‚“cŽs","292020007000","âE–ì“Œ’¬","34.508243","135.739892","0","1"
"29","“Þ—ÇŒ§","29202","‘å˜a‚“cŽs","292020008000","âE–ì“ì’¬","34.506606","135.740288","0","1"
"29","“Þ—ÇŒ§","29202","‘å˜a‚“cŽs","292020009000","¡—¢’¬","34.509676","135.752793","0","1"
"29","“Þ—ÇŒ§","29202","‘å˜a‚“cŽs","292020010000","“à–{’¬","34.514142","135.742058","0","1"
"29","“Þ—ÇŒ§","29202","‘å˜a‚“cŽs","292020011000","‰i˜a’¬","34.511652","135.745133","0","1"
"29","“Þ—ÇŒ§","29202","‘å˜a‚“cŽs","292020012000","‘åŽšH‹g","34.488259","135.751613","0","1"
"29","“Þ—ÇŒ§","29202","‘å˜a‚“cŽs","292020013000","‘åŽš—Lˆä","34.519736","135.737993","0","1"
"29","“Þ—ÇŒ§","29202","‘å˜a‚“cŽs","292020014000","‘åŽš’rK","34.527444","135.747989","0","1"
"29","“Þ—ÇŒ§","29202","‘å˜a‚“cŽs","292020015000","‘åŽš’r“c","34.519756","135.729388","0","1"
"29","“Þ—ÇŒ§","29202","‘å˜a‚“cŽs","292020016000","‘åŽšâE–ì","34.506658","135.731265","0","1"
"29","“Þ—ÇŒ§","29202","‘å˜a‚“cŽs","292020017000","‘åŽšŽsê","34.514427","135.724327","0","1"
"29","“Þ—ÇŒ§","29202","‘å˜a‚“cŽs","292020018000","‘åŽšo","34.494722","135.753708","0","1"
"29","“Þ—ÇŒ§","29202","‘å˜a‚“cŽs","292020019000","‘åŽš¡—¢","34.507688","135.758575","0","1"
"29","“Þ—ÇŒ§","29202","‘å˜a‚“cŽs","292020020000","‘åŽš¡—¢ì‡•û","34.507400","135.756189","0","1"
"29","“Þ—ÇŒ§","29202","‘å˜a‚“cŽs","292020021000","‘åŽš‘å’J","34.527238","135.727531","0","1"
"29","“Þ—ÇŒ§","29202","‘å˜a‚“cŽs","292020022000","‘åŽš‘å’†","34.513679","135.736654","0","1"
"29","“Þ—ÇŒ§","29202","‘å˜a‚“cŽs","292020023000","‘åŽš‰ªè","34.513785","135.731514","0","1"
"29","“Þ—ÇŒ§","29202","‘å˜a‚“cŽs","292020024000","‘åŽš‰œ“c","34.485073","135.748875","0","1"
"29","“Þ—ÇŒ§","29202","‘å˜a‚“cŽs","292020025000","‘åŽšŸ–Ú","34.498543","135.751022","0","1"
"29","“Þ—ÇŒ§","29202","‘å˜a‚“cŽs","292020026000","‘åŽš_Šy","34.526821","135.741979","0","1"
"29","“Þ—ÇŒ§","29202","‘å˜a‚“cŽs","292020027000","‘åŽš‘]‘åª","34.494162","135.741364","0","1"
"29","“Þ—ÇŒ§","29202","‘å˜a‚“cŽs","292020028000","‘åŽš“cˆä","34.501062","135.754695","0","1"
"29","“Þ—ÇŒ§","29202","‘å˜a‚“cŽs","292020029000","‘åŽš‚“c","34.524453","135.747125","0","1"
"29","“Þ—ÇŒ§","29202","‘å˜a‚“cŽs","292020030000","‘åŽš’zŽR","34.524781","135.734586","0","1"
"29","“Þ—ÇŒ§","29202","‘å˜a‚“cŽs","292020031000","‘åŽš“yŒÉ","34.526475","135.754164","0","1"
"29","“Þ—ÇŒ§","29202","‘å˜a‚“cŽs","292020032000","‘åŽš¼–Vé","34.491220","135.752529","0","1"
"29","“Þ—ÇŒ§","29202","‘å˜a‚“cŽs","292020033000","‘åŽšª¬Š`","34.482613","135.759763","0","1"
"29","“Þ—ÇŒ§","29202","‘å˜a‚“cŽs","292020034000","‘åŽš–ìŒû","34.520986","135.720194","0","1"
"29","“Þ—ÇŒ§","29202","‘å˜a‚“cŽs","292020035000","‘åŽš“Œ’†","34.501379","135.731609","0","1"
"29","“Þ—ÇŒ§","29202","‘å˜a‚“cŽs","292020036000","‘åŽš“¡X","34.529323","135.754438","0","1"
"29","“Þ—ÇŒ§","29202","‘å˜a‚“cŽs","292020037000","‘åŽš¼’Ë","34.522583","135.761042","0","1"
"29","“Þ—ÇŒ§","29202","‘å˜a‚“cŽs","292020038000","‘åŽš‹gˆä","34.485106","135.756428","0","1"
"29","“Þ—ÇŒ§","29202","‘å˜a‚“cŽs","292020039000","‘å’†“Œ’¬","34.513951","135.739298","0","1"
"29","“Þ—ÇŒ§","29202","‘å˜a‚“cŽs","292020040000","‘å’†“ì’¬","34.511011","135.739444","0","1"
"29","“Þ—ÇŒ§","29202","‘å˜a‚“cŽs","292020041000","‘å“Œ’¬","34.517730","135.749236","0","1"
"29","“Þ—ÇŒ§","29202","‘å˜a‚“cŽs","292020042001","t“ú’¬ˆê’š–Ú","34.506179","135.738044","0","3"
"29","“Þ—ÇŒ§","29202","‘å˜a‚“cŽs","292020042002","t“ú’¬“ñ’š–Ú","34.503593","135.737486","0","3"
"29","“Þ—ÇŒ§","29202","‘å˜a‚“cŽs","292020043000","•Ð‰–’¬","34.507675","135.743775","0","1"
"29","“Þ—ÇŒ§","29202","‘å˜a‚“cŽs","292020044000","ŠÃ“c’¬","34.499573","135.743592","0","1"
"29","“Þ—ÇŒ§","29202","‘å˜a‚“cŽs","292020045000","–k•Ð‰–’¬","34.510097","135.743663","0","1"
"29","“Þ—ÇŒ§","29202","‘å˜a‚“cŽs","292020046000","–k–{’¬","34.517914","135.742232","0","1"
"29","“Þ—ÇŒ§","29202","‘å˜a‚“cŽs","292020047000","‘ ”V‹{’¬","34.498603","135.749025","0","1"
"29","“Þ—ÇŒ§","29202","‘å˜a‚“cŽs","292020048000","Þ–Ø’¬","34.517125","135.756845","0","1"
"29","“Þ—ÇŒ§","29202","‘å˜a‚“cŽs","292020049000","K’¬","34.517993","135.745853","0","1"
"29","“Þ—ÇŒ§","29202","‘å˜a‚“cŽs","292020050000","‰h’¬","34.503605","135.740276","0","1"
"29","“Þ—ÇŒ§","29202","‘å˜a‚“cŽs","292020051000","ŽO˜a’¬","34.514430","135.748462","0","1"
"29","“Þ—ÇŒ§","29202","‘å˜a‚“cŽs","292020052000","“Œ‰_’¬","34.517346","135.752795","0","1"
"29","“Þ—ÇŒ§","29202","‘å˜a‚“cŽs","292020053000","º˜a’¬","34.513292","135.752021","0","1"
"29","“Þ—ÇŒ§","29202","‘å˜a‚“cŽs","292020054001","_Šyˆê’š–Ú","34.523079","135.739512","0","3"
"29","“Þ—ÇŒ§","29202","‘å˜a‚“cŽs","292020054002","_Šy“ñ’š–Ú","34.522484","135.742044","0","3"
"29","“Þ—ÇŒ§","29202","‘å˜a‚“cŽs","292020054003","_ŠyŽO’š–Ú","34.522521","135.744502","0","3"
"29","“Þ—ÇŒ§","29202","‘å˜a‚“cŽs","292020055001","‘]‘åªˆê’š–Ú","34.497952","135.737684","0","3"
"29","“Þ—ÇŒ§","29202","‘å˜a‚“cŽs","292020055002","‘]‘åª“ñ’š–Ú","34.497373","135.742666","0","3"
"29","“Þ—ÇŒ§","29202","‘å˜a‚“cŽs","292020056000","“cˆäV’¬","34.501819","135.749672","0","1"
"29","“Þ—ÇŒ§","29202","‘å˜a‚“cŽs","292020057000","‚»’¬","34.517177","135.743585","0","1"
"29","“Þ—ÇŒ§","29202","‘å˜a‚“cŽs","292020058001","“yŒÉˆê’š–Ú","34.522000","135.751627","0","3"
"29","“Þ—ÇŒ§","29202","‘å˜a‚“cŽs","292020058002","“yŒÉ“ñ’š–Ú","34.522234","135.754014","0","3"
"29","“Þ—ÇŒ§","29202","‘å˜a‚“cŽs","292020058003","“yŒÉŽO’š–Ú","34.522209","135.756332","0","3"
"29","“Þ—ÇŒ§","29202","‘å˜a‚“cŽs","292020059000","’†¡—¢’¬","34.507884","135.752273","0","1"
"29","“Þ—ÇŒ§","29202","‘å˜a‚“cŽs","292020060001","’†ŽO‘q“°ˆê’š–Ú","34.504765","135.745502","0","3"
"29","“Þ—ÇŒ§","29202","‘å˜a‚“cŽs","292020060002","’†ŽO‘q“°“ñ’š–Ú","34.501878","135.745343","0","3"
"29","“Þ—ÇŒ§","29202","‘å˜a‚“cŽs","292020061000","“ì—z’¬","34.497174","135.746411","0","1"
"29","“Þ—ÇŒ§","29202","‘å˜a‚“cŽs","292020062000","¼’¬","34.517296","135.740446","0","1"
"29","“Þ—ÇŒ§","29202","‘å˜a‚“cŽs","292020063001","¼ŽO‘q“°ˆê’š–Ú","34.505270","135.743147","0","3"
"29","“Þ—ÇŒ§","29202","‘å˜a‚“cŽs","292020063002","¼ŽO‘q“°“ñ’š–Ú","34.501178","135.741601","0","3"
"29","“Þ—ÇŒ§","29202","‘å˜a‚“cŽs","292020064001","“Œ’†ˆê’š–Ú","34.501054","135.734348","0","3"
"29","“Þ—ÇŒ§","29202","‘å˜a‚“cŽs","292020064002","“Œ’†“ñ’š–Ú","34.501009","135.738476","0","3"
"29","“Þ—ÇŒ§","29202","‘å˜a‚“cŽs","292020065000","“ŒŽO‘q“°’¬","34.505515","135.747607","0","1"
"29","“Þ—ÇŒ§","29202","‘å˜a‚“cŽs","292020066000","“ú”Vo’¬","34.522048","135.749145","0","1"
"29","“Þ—ÇŒ§","29202","‘å˜a‚“cŽs","292020067000","“ú”Vo¼–{’¬","34.520205","135.743001","0","1"
"29","“Þ—ÇŒ§","29202","‘å˜a‚“cŽs","292020068000","“ú”Vo“Œ–{’¬","34.521937","135.746716","0","1"
"29","“Þ—ÇŒ§","29202","‘å˜a‚“cŽs","292020069000","–{‹½’¬","34.514137","135.744936","0","1"
"29","“Þ—ÇŒ§","29202","‘å˜a‚“cŽs","292020070000","“ì¡—¢’¬","34.505020","135.750917","0","1"
"29","“Þ—ÇŒ§","29202","‘å˜a‚“cŽs","292020071000","“ì–{’¬","34.511170","135.741771","0","1"
"29","“Þ—ÇŒ§","29203","‘å˜aŒSŽRŽs","292030001000","’©“ú’¬","34.646541","135.779468","0","1"
"29","“Þ—ÇŒ§","29203","‘å˜aŒSŽRŽs","292030002000","’r‘ò’¬","34.611888","135.777279","0","1"
"29","“Þ—ÇŒ§","29203","‘å˜aŒSŽRŽs","292030003000","’r”V“à’¬","34.630992","135.768060","0","1"
"29","“Þ—ÇŒ§","29203","‘å˜aŒSŽRŽs","292030004000","Îì’¬","34.628960","135.819963","0","1"
"29","“Þ—ÇŒ§","29203","‘å˜aŒSŽRŽs","292030005000","òŒ´’¬","34.634658","135.744675","0","1"
"29","“Þ—ÇŒ§","29203","‘å˜aŒSŽRŽs","292030006000","ŸJŽ}’¬","34.619126","135.811595","0","1"
"29","“Þ—ÇŒ§","29203","‘å˜aŒSŽRŽs","292030007000","ˆÉ“¤Žµð’¬","34.615014","135.795497","0","1"
"29","“Þ—ÇŒ§","29203","‘å˜aŒSŽRŽs","292030008000","ˆäŒË–ì’¬","34.635384","135.815835","0","1"
"29","“Þ—ÇŒ§","29203","‘å˜aŒSŽRŽs","292030009000","åa’¬","34.650233","135.785386","0","1"
"29","“Þ—ÇŒ§","29203","‘å˜aŒSŽRŽs","292030010000","¡ˆä’¬","34.648998","135.785450","0","1"
"29","“Þ—ÇŒ§","29203","‘å˜aŒSŽRŽs","292030011000","¡‘•{’¬","34.615388","135.770061","0","1"
"29","“Þ—ÇŒ§","29203","‘å˜aŒSŽRŽs","292030012000","A’Î’¬","34.654033","135.780334","0","1"
"29","“Þ—ÇŒ§","29203","‘å˜aŒSŽRŽs","292030013000","‹›’¬","34.652042","135.786489","0","1"
"29","“Þ—ÇŒ§","29203","‘å˜aŒSŽRŽs","292030014000","‰iŒcŽ›’¬","34.648538","135.776338","0","1"
"29","“Þ—ÇŒ§","29203","‘å˜aŒSŽRŽs","292030015000","‘å]’¬","34.634466","135.804518","0","1"
"29","“Þ—ÇŒ§","29203","‘å˜aŒSŽRŽs","292030016000","‘å‹{’¬","34.645617","135.782648","0","1"
"29","“Þ—ÇŒ§","29203","‘å˜aŒSŽRŽs","292030017000","”–Ø’¬","34.604438","135.780375","0","1"
"29","“Þ—ÇŒ§","29203","‘å˜aŒSŽRŽs","292030018000","ãŽO‹´’¬","34.645841","135.812039","0","1"
"29","“Þ—ÇŒ§","29203","‘å˜aŒSŽRŽs","292030019000","Š¥ŽR’¬","34.651122","135.774767","0","1"
"29","“Þ—ÇŒ§","29203","‘å˜aŒSŽRŽs","292030020000","ŠÏ‰¹Ž›’¬","34.655402","135.791996","0","1"
"29","“Þ—ÇŒ§","29203","‘å˜aŒSŽRŽs","292030021000","–k’b–è’¬","34.652461","135.788595","0","1"
"29","“Þ—ÇŒ§","29203","‘å˜aŒSŽRŽs","292030022000","–kŒSŽR’¬","34.653268","135.785166","0","1"
"29","“Þ—ÇŒ§","29203","‘å˜aŒSŽRŽs","292030023000","–k‘åH’¬","34.646071","135.784142","0","1"
"29","“Þ—ÇŒ§","29203","‘å˜aŒSŽRŽs","292030024000","–k¼’¬","34.623298","135.774155","0","1"
"29","“Þ—ÇŒ§","29203","‘å˜aŒSŽRŽs","292030025000","‹ãð’¬","34.658628","135.774320","0","1"
"29","“Þ—ÇŒ§","29203","‘å˜aŒSŽRŽs","292030026000","‹ãð•½–ì’¬","34.658857","135.781646","0","1"
"29","“Þ—ÇŒ§","29203","‘å˜aŒSŽRŽs","292030027000","ŽÔ’¬","34.647300","135.784595","0","1"
"29","“Þ—ÇŒ§","29203","‘å˜aŒSŽRŽs","292030028000","¬ò’¬","34.626336","135.757338","0","1"
"29","“Þ—ÇŒ§","29203","‘å˜aŒSŽRŽs","292030029001","¬ò’¬“Œˆê’š–Ú","34.622821","135.764934","0","3"
"29","“Þ—ÇŒ§","29203","‘å˜aŒSŽRŽs","292030029002","¬ò’¬“Œ“ñ’š–Ú","34.620722","135.764607","0","3"
"29","“Þ—ÇŒ§","29203","‘å˜aŒSŽRŽs","292030029003","¬ò’¬“ŒŽO’š–Ú","34.620757","135.762999","0","3"
"29","“Þ—ÇŒ§","29203","‘å˜aŒSŽRŽs","292030030000","¬—Ñ’¬","34.623498","135.769518","0","1"
"29","“Þ—ÇŒ§","29203","‘å˜aŒSŽRŽs","292030031001","¬—Ñ’¬¼ˆê’š–Ú","34.622492","135.766579","0","3"
"29","“Þ—ÇŒ§","29203","‘å˜aŒSŽRŽs","292030031002","¬—Ñ’¬¼“ñ’š–Ú","34.621047","135.766500","0","3"
"29","“Þ—ÇŒ§","29203","‘å˜aŒSŽRŽs","292030031003","¬—Ñ’¬¼ŽO’š–Ú","34.620060","135.766505","0","3"
"29","“Þ—ÇŒ§","29203","‘å˜aŒSŽRŽs","292030032000","¬“ì’¬","34.633203","135.774791","0","1"
"29","“Þ—ÇŒ§","29203","‘å˜aŒSŽRŽs","292030033000","®‰®’¬","34.647767","135.785195","0","1"
"29","“Þ—ÇŒ§","29203","‘å˜aŒSŽRŽs","292030034000","Þ–Ø’¬","34.647588","135.787074","0","1"
"29","“Þ—ÇŒ§","29203","‘å˜aŒSŽRŽs","292030035000","ä’¬","34.649976","135.783825","0","1"
"29","“Þ—ÇŒ§","29203","‘å˜aŒSŽRŽs","292030036000","ŽG’’¬","34.650242","135.786664","0","1"
"29","“Þ—ÇŒ§","29203","‘å˜aŒSŽRŽs","292030037000","‰–’¬","34.651918","135.784334","0","1"
"29","“Þ—ÇŒ§","29203","‘å˜aŒSŽRŽs","292030038000","’Å–Ø’¬","34.612111","135.765013","0","1"
"29","“Þ—ÇŒ§","29203","‘å˜aŒSŽRŽs","292030039000","‰ºŽO‹´’¬","34.647781","135.801983","0","1"
"29","“Þ—ÇŒ§","29203","‘å˜aŒSŽRŽs","292030040000","é’¬","34.653920","135.762463","0","1"
"29","“Þ—ÇŒ§","29203","‘å˜aŒSŽRŽs","292030041000","é“à’¬","34.651170","135.778766","0","1"
"29","“Þ—ÇŒ§","29203","‘å˜aŒSŽRŽs","292030042000","é“ì’¬","34.646503","135.775862","0","1"
"29","“Þ—ÇŒ§","29203","‘å˜aŒSŽRŽs","292030043000","é–k’¬","34.656408","135.779009","0","1"
"29","“Þ—ÇŒ§","29203","‘å˜aŒSŽRŽs","292030044000","º˜a’¬","34.606790","135.781643","0","1"
"29","“Þ—ÇŒ§","29203","‘å˜aŒSŽRŽs","292030045000","”’“y’¬","34.627606","135.811369","0","1"
"29","“Þ—ÇŒ§","29203","‘å˜aŒSŽRŽs","292030046000","é‚Ì‘ä’¬","34.655522","135.769230","0","1"
"29","“Þ—ÇŒ§","29203","‘å˜aŒSŽRŽs","292030047000","éŒ©’¬","34.648648","135.779277","0","1"
"29","“Þ—ÇŒ§","29203","‘å˜aŒSŽRŽs","292030048000","V®‰®’¬","34.646690","135.785831","0","1"
"29","“Þ—ÇŒ§","29203","‘å˜aŒSŽRŽs","292030049000","V¯’¬","34.613479","135.811866","0","1"
"29","“Þ—ÇŒ§","29203","‘å˜aŒSŽRŽs","292030050000","V’†’¬","34.650280","135.784608","0","1"
"29","“Þ—ÇŒ§","29203","‘å˜aŒSŽRŽs","292030051000","V’¬","34.638777","135.748262","0","1"
"29","“Þ—ÇŒ§","29203","‘å˜aŒSŽRŽs","292030052000","™’¬","34.633391","135.787504","0","1"
"29","“Þ—ÇŒ§","29203","‘å˜aŒSŽRŽs","292030053000","ç“ú’¬","34.644839","135.758039","0","1"
"29","“Þ—ÇŒ§","29203","‘å˜aŒSŽRŽs","292030054000","‘ãŠ¯’¬","34.656506","135.781192","0","1"
"29","“Þ—ÇŒ§","29203","‘å˜aŒSŽRŽs","292030055000","‚“cŒû’¬","34.646475","135.788260","0","1"
"29","“Þ—ÇŒ§","29203","‘å˜aŒSŽRŽs","292030056000","‚“c’¬","34.643977","135.791237","0","1"
"29","“Þ—ÇŒ§","29203","‘å˜aŒSŽRŽs","292030057000","“c’†’¬","34.641470","135.769366","0","1"
"29","“Þ—ÇŒ§","29203","‘å˜aŒSŽRŽs","292030058000","’OŒã¯’¬","34.627153","135.787193","0","1"
"29","“Þ—ÇŒ§","29203","‘å˜aŒSŽRŽs","292030059000","’ƒ’¬","34.650456","135.787359","0","1"
"29","“Þ—ÇŒ§","29203","‘å˜aŒSŽRŽs","292030060000","’·ˆÀŽ›’¬","34.606929","135.785569","0","1"
"29","“Þ—ÇŒ§","29203","‘å˜aŒSŽRŽs","292030061000","“›ˆä’¬","34.623523","135.780602","0","1"
"29","“Þ—ÇŒ§","29203","‘å˜aŒSŽRŽs","292030062000","“Vˆä’¬","34.640313","135.785394","0","1"
"29","“Þ—ÇŒ§","29203","‘å˜aŒSŽRŽs","292030063000","“V—’¬","34.653856","135.777216","0","1"
"29","“Þ—ÇŒ§","29203","‘å˜aŒSŽRŽs","292030064000","“´òŽ›’¬","34.645790","135.785163","0","1"
"29","“Þ—ÇŒ§","29203","‘å˜aŒSŽRŽs","292030065000","“¤•…’¬","34.648388","135.785184","0","1"
"29","“Þ—ÇŒ§","29203","‘å˜aŒSŽRŽs","292030066000","ŠOì’¬","34.645991","135.764523","0","1"
"29","“Þ—ÇŒ§","29203","‘å˜aŒSŽRŽs","292030067000","–L‰Y’¬","34.633523","135.779701","0","1"
"29","“Þ—ÇŒ§","29203","‘å˜aŒSŽRŽs","292030068000","’†’b–è’¬","34.651726","135.788184","0","1"
"29","“Þ—ÇŒ§","29203","‘å˜aŒSŽRŽs","292030069000","’†é’¬","34.628244","135.797430","0","1"
"29","“Þ—ÇŒ§","29203","‘å˜aŒSŽRŽs","292030070000","“Þ—Ç’¬","34.650267","135.786053","0","1"
"29","“Þ—ÇŒ§","29203","‘å˜aŒSŽRŽs","292030071000","V–Ø’¬","34.642362","135.776232","0","1"
"29","“Þ—ÇŒ§","29203","‘å˜aŒSŽRŽs","292030072000","¼‰ª’¬","34.644158","135.779235","0","1"
"29","“Þ—ÇŒ§","29203","‘å˜aŒSŽRŽs","292030073000","¼ŠÏ‰¹Ž›’¬","34.654371","135.788732","0","1"
"29","“Þ—ÇŒ§","29203","‘å˜aŒSŽRŽs","292030074000","¼“c’†’¬","34.637761","135.752571","0","1"
"29","“Þ—ÇŒ§","29203","‘å˜aŒSŽRŽs","292030075000","¼“Þ—ÇŒû’¬","34.656495","135.788434","0","1"
"29","“Þ—ÇŒ§","29203","‘å˜aŒSŽRŽs","292030076000","¼–ìŠ_“à’¬","34.649926","135.788260","0","1"
"29","“Þ—ÇŒ§","29203","‘å˜aŒSŽRŽs","292030077000","¼’¬","34.606496","135.769840","0","1"
"29","“Þ—ÇŒ§","29203","‘å˜aŒSŽRŽs","292030078000","Šz“c•”–k’¬","34.604709","135.774227","0","1"
"29","“Þ—ÇŒ§","29203","‘å˜aŒSŽRŽs","292030079000","Šz“c•”Ž›’¬","34.599976","135.772277","0","1"
"29","“Þ—ÇŒ§","29203","‘å˜aŒSŽRŽs","292030080000","Šz“c•”“ì’¬","34.598226","135.776392","0","1"
"29","“Þ—ÇŒ§","29203","‘å˜aŒSŽRŽs","292030081000","–ìŠ_“à’¬","34.650975","135.791961","0","1"
"29","“Þ—ÇŒ§","29203","‘å˜aŒSŽRŽs","292030082000","”ªð’¬","34.607921","135.792674","0","1"
"29","“Þ—ÇŒ§","29203","‘å˜aŒSŽRŽs","292030083000","”­Žu‰@’¬","34.627686","135.803796","0","1"
"29","“Þ—ÇŒ§","29203","‘å˜aŒSŽRŽs","292030084000","”Ô “c’†’¬","34.633444","135.807733","0","1"
"29","“Þ—ÇŒ§","29203","‘å˜aŒSŽRŽs","292030085000","”Ôð’¬","34.627053","135.793447","0","1"
"29","“Þ—ÇŒ§","29203","‘å˜aŒSŽRŽs","292030086000","•B“c’¬","34.637541","135.792821","0","1"
"29","“Þ—ÇŒ§","29203","‘å˜aŒSŽRŽs","292030087000","“Œ‰ª’¬","34.643589","135.781621","0","1"
"29","“Þ—ÇŒ§","29203","‘å˜aŒSŽRŽs","292030088000","“Œ“Þ—ÇŒû’¬","34.656670","135.788953","0","1"
"29","“Þ—ÇŒ§","29203","‘å˜aŒSŽRŽs","292030089000","“¡Œ´’¬","34.648402","135.774218","0","1"
"29","“Þ—ÇŒ§","29203","‘å˜aŒSŽRŽs","292030090000","–{¯’¬","34.635435","135.782137","0","1"
"29","“Þ—ÇŒ§","29203","‘å˜aŒSŽRŽs","292030091000","–{’¬","34.651279","135.785167","0","1"
"29","“Þ—ÇŒ§","29203","‘å˜aŒSŽRŽs","292030092000","”nŽi’¬","34.613371","135.785206","0","1"
"29","“Þ—ÇŒ§","29203","‘å˜aŒSŽRŽs","292030093000","–žŠèŽ›’¬","34.637819","135.763219","0","1"
"29","“Þ—ÇŒ§","29203","‘å˜aŒSŽRŽs","292030094000","“ìˆä’¬","34.627748","135.777205","0","1"
"29","“Þ—ÇŒ§","29203","‘å˜aŒSŽRŽs","292030095000","“ì’b–è’¬","34.651378","135.788185","0","1"
"29","“Þ—ÇŒ§","29203","‘å˜aŒSŽRŽs","292030096000","“ìŒSŽR’¬","34.649581","135.772002","0","1"
"29","“Þ—ÇŒ§","29203","‘å˜aŒSŽRŽs","292030097000","“ì‘åH’¬","34.644619","135.784178","0","1"
"29","“Þ—ÇŒ§","29203","‘å˜aŒSŽRŽs","292030098000","”ü”Z¯’¬","34.640524","135.807430","0","1"
"29","“Þ—ÇŒ§","29203","‘å˜aŒSŽRŽs","292030099000","–¥ŽR’¬","34.644394","135.776574","0","1"
"29","“Þ—ÇŒ§","29203","‘å˜aŒSŽRŽs","292030100000","‹{“°’¬","34.600365","135.786902","0","1"
"29","“Þ—ÇŒ§","29203","‘å˜aŒSŽRŽs","292030101000","–î“c’¬","34.654178","135.741821","0","1"
"29","“Þ—ÇŒ§","29203","‘å˜aŒSŽRŽs","292030102000","–î“c’¬’Ê","34.646925","135.786305","0","1"
"29","“Þ—ÇŒ§","29203","‘å˜aŒSŽRŽs","292030103000","–î“cŽR’¬","34.642678","135.746258","0","1"
"29","“Þ—ÇŒ§","29203","‘å˜aŒSŽRŽs","292030104001","–öˆê’š–Ú","34.648344","135.783287","0","3"
"29","“Þ—ÇŒ§","29203","‘å˜aŒSŽRŽs","292030104002","–ö“ñ’š–Ú","34.647392","135.783307","0","3"
"29","“Þ—ÇŒ§","29203","‘å˜aŒSŽRŽs","292030104003","–öŽO’š–Ú","34.646157","135.783315","0","3"
"29","“Þ—ÇŒ§","29203","‘å˜aŒSŽRŽs","292030104004","–öŽl’š–Ú","34.644829","135.783261","0","3"
"29","“Þ—ÇŒ§","29203","‘å˜aŒSŽRŽs","292030104005","–öŒÜ’š–Ú","34.643116","135.783074","0","3"
"29","“Þ—ÇŒ§","29203","‘å˜aŒSŽRŽs","292030104006","–ö˜Z’š–Ú","34.640824","135.782056","0","3"
"29","“Þ—ÇŒ§","29203","‘å˜aŒSŽRŽs","292030105000","–ö’¬","34.644125","135.786262","0","1"
"29","“Þ—ÇŒ§","29203","‘å˜aŒSŽRŽs","292030106000","ŽR“c’¬","34.631144","135.742207","0","1"
"29","“Þ—ÇŒ§","29203","‘å˜aŒSŽRŽs","292030107000","‰¡“c’¬","34.618464","135.802100","0","1"
"29","“Þ—ÇŒ§","29203","‘å˜aŒSŽRŽs","292030108000","Žá’Î’¬","34.636344","135.799128","0","1"
"29","“Þ—ÇŒ§","29203","‘å˜aŒSŽRŽs","292030109000","–È’¬","34.649378","135.786743","0","1"
"29","“Þ—ÇŒ§","29204","“V—Žs","292040001000","‡ê’¬","34.585892","135.810945","0","1"
"29","“Þ—ÇŒ§","29204","“V—Žs","292040002000","rŽª’¬","34.597909","135.804787","0","1"
"29","“Þ—ÇŒ§","29204","“V—Žs","292040003000","Îã’¬","34.613034","135.854541","0","1"
"29","“Þ—ÇŒ§","29204","“V—Žs","292040004000","ŸJ–{’¬","34.619672","135.827452","0","1"
"29","“Þ—ÇŒ§","29204","“V—Žs","292040005000","ˆî—t’¬","34.592319","135.804316","0","1"
"29","“Þ—ÇŒ§","29204","“V—Žs","292040006000","ŠâŽº’¬","34.593747","135.812111","0","1"
"29","“Þ—ÇŒ§","29204","“V—Žs","292040007000","Šâ‰®’¬","34.617436","135.857826","0","1"
"29","“Þ—ÇŒ§","29204","“V—Žs","292040008000","“à”nê’¬","34.593026","135.862855","0","1"
"29","“Þ—ÇŒ§","29204","“V—Žs","292040009000","ˆÁŽ¡’¬","34.581956","135.793285","0","1"
"29","“Þ—ÇŒ§","29204","“V—Žs","292040010000","‰³–Ø’¬","34.582046","135.849938","0","1"
"29","“Þ—ÇŒ§","29204","“V—Žs","292040011000","ŠC’m’¬","34.563769","135.820077","0","1"
"29","“Þ—ÇŒ§","29204","“V—Žs","292040012000","‰Ã”¦’¬","34.589665","135.797859","0","1"
"29","“Þ—ÇŒ§","29204","“V—Žs","292040013000","ãm‹»’¬","34.573531","135.894393","0","1"
"29","“Þ—ÇŒ§","29204","“V—Žs","292040014000","Šž¶’¬","34.570931","135.849252","0","1"
"29","“Þ—ÇŒ§","29204","“V—Žs","292040015000","ìŒ´é’¬","34.599518","135.834639","0","1"
"29","“Þ—ÇŒ§","29204","“V—Žs","292040016000","ã‘’¬","34.611787","135.820342","0","1"
"29","“Þ—ÇŒ§","29204","“V—Žs","292040017000","ŠÝ“c’¬","34.565066","135.832589","0","1"
"29","“Þ—ÇŒ§","29204","“V—Žs","292040018000","Šì“a’¬","34.608837","135.815309","0","1"
"29","“Þ—ÇŒ§","29204","“V—Žs","292040019000","‹ãð’¬","34.581534","135.821236","0","1"
"29","“Þ—ÇŒ§","29204","“V—Žs","292040020000","‘ ”V¯’¬","34.632630","135.826598","0","1"
"29","“Þ—ÇŒ§","29204","“V—Žs","292040021000","ŒäŒo–ì’¬","34.592613","135.838622","0","1"
"29","“Þ—ÇŒ§","29204","“V—Žs","292040022000","¬“‡’¬","34.584539","135.802646","0","1"
"29","“Þ—ÇŒ§","29204","“V—Žs","292040023000","¬“c’†’¬","34.610092","135.826051","0","1"
"29","“Þ—ÇŒ§","29204","“V—Žs","292040024000","Žw–ö’¬","34.604535","135.825512","0","1"
"29","“Þ—ÇŒ§","29204","“V—Žs","292040025000","²•Û¯’¬","34.576260","135.844765","0","1"
"29","“Þ—ÇŒ§","29204","“V—Žs","292040026000","ŽO–†“c’¬","34.580928","135.838148","0","1"
"29","“Þ—ÇŒ§","29204","“V—Žs","292040027000","a’J’¬","34.552489","135.854741","0","1"
"29","“Þ—ÇŒ§","29204","“V—Žs","292040028000","‰ºm‹»’¬","34.581103","135.884782","0","1"
"29","“Þ—ÇŒ§","29204","“V—Žs","292040029000","¬ŠèŽ›’¬","34.569385","135.841751","0","1"
"29","“Þ—ÇŒ§","29204","“V—Žs","292040030000","¬˜H’¬","34.603675","135.807121","0","1"
"29","“Þ—ÇŒ§","29204","“V—Žs","292040031000","™–{’¬","34.601706","135.815434","0","1"
"29","“Þ—ÇŒ§","29204","“V—Žs","292040032000","‘OÍ’¬","34.601808","135.819802","0","1"
"29","“Þ—ÇŒ§","29204","“V—Žs","292040033000","‰€Œ´’¬","34.585177","135.852852","0","1"
"29","“Þ—ÇŒ§","29204","“V—Žs","292040034000","ž[”V“à’¬","34.591928","135.850883","0","1"
"29","“Þ—ÇŒ§","29204","“V—Žs","292040035000","“cˆä¯’¬","34.598497","135.825574","0","1"
"29","“Þ—ÇŒ§","29204","“V—Žs","292040036000","‘ê–{’¬","34.598395","135.871681","0","1"
"29","“Þ—ÇŒ§","29204","“V—Žs","292040037000","’|”V“à’¬","34.578019","135.849749","0","1"
"29","“Þ—ÇŒ§","29204","“V—Žs","292040038000","“c’¬","34.589244","135.830684","0","1"
"29","“Þ—ÇŒ§","29204","“V—Žs","292040039000","“c•”’¬","34.607304","135.829955","0","1"
"29","“Þ—ÇŒ§","29204","“V—Žs","292040040000","’O”gŽs’¬","34.594829","135.832520","0","1"
"29","“Þ—ÇŒ§","29204","“V—Žs","292040041000","äŒ´’¬","34.585328","135.897486","0","1"
"29","“Þ—ÇŒ§","29204","“V—Žs","292040042000","‰““c’¬","34.558382","135.823578","0","1"
"29","“Þ—ÇŒ§","29204","“V—Žs","292040043000","•x“°’¬","34.595596","135.819836","0","1"
"29","“Þ—ÇŒ§","29204","“V—Žs","292040044000","–Lˆä’¬","34.604656","135.856789","0","1"
"29","“Þ—ÇŒ§","29204","“V—Žs","292040045000","–L“c’¬","34.606904","135.849703","0","1"
"29","“Þ—ÇŒ§","29204","“V—Žs","292040046000","’·‘ê’¬","34.595182","135.888744","0","1"
"29","“Þ—ÇŒ§","29204","“V—Žs","292040047000","’†’¬","34.605119","135.799362","0","1"
"29","“Þ—ÇŒ§","29204","“V—Žs","292040048000","’†”V¯’¬","34.635081","135.841535","0","1"
"29","“Þ—ÇŒ§","29204","“V—Žs","292040049000","‰iŒ´’¬","34.581034","135.829754","0","1"
"29","“Þ—ÇŒ§","29204","“V—Žs","292040050000","’†ŽR’¬","34.565002","135.847544","0","1"
"29","“Þ—ÇŒ§","29204","“V—Žs","292040051000","’·•¿’¬","34.572022","135.828362","0","1"
"29","“Þ—ÇŒ§","29204","“V—Žs","292040052000","“è’¬","34.624916","135.828293","0","1"
"29","“Þ—ÇŒ§","29204","“V—Žs","292040053000","Vò’¬","34.569039","135.834526","0","1"
"29","“Þ—ÇŒ§","29204","“V—Žs","292040054000","“ñŠK“°ãƒm¯’¬","34.598804","135.799351","0","1"
"29","“Þ—ÇŒ§","29204","“V—Žs","292040055000","“ñŠK“°–k›“c’¬","34.599176","135.792971","0","1"
"29","“Þ—ÇŒ§","29204","“V—Žs","292040056000","“ñŠK“°“ì›“c’¬","34.595028","135.792562","0","1"
"29","“Þ—ÇŒ§","29204","“V—Žs","292040057000","¼ˆäŒË“°’¬","34.585890","135.816656","0","1"
"29","“Þ—ÇŒ§","29204","“V—Žs","292040058000","¼’·•¿’¬","34.571920","135.821896","0","1"
"29","“Þ—ÇŒ§","29204","“V—Žs","292040059000","žwŠ_’¬","34.555693","135.828770","0","1"
"29","“Þ—ÇŒ§","29204","“V—Žs","292040060000","“ŒˆäŒË“°’¬","34.589918","135.822208","0","1"
"29","“Þ—ÇŒ§","29204","“V—Žs","292040061000","”õ‘O’¬","34.572817","135.815728","0","1"
"29","“Þ—ÇŒ§","29204","“V—Žs","292040062000","•ºŒÉ’¬","34.573332","135.836528","0","1"
"29","“Þ—ÇŒ§","29204","“V—Žs","292040063000","•½“™–V’¬","34.599667","135.812174","0","1"
"29","“Þ—ÇŒ§","29204","“V—Žs","292040064000","•ŸZ’¬","34.612320","135.914051","0","1"
"29","“Þ—ÇŒ§","29204","“V—Žs","292040065000","•Ÿ’m“°’¬","34.579133","135.834292","0","1"
"29","“Þ—ÇŒ§","29204","“V—Žs","292040066000","“¡ˆä’¬","34.564366","135.881127","0","1"
"29","“Þ—ÇŒ§","29204","“V—Žs","292040067000","•z—¯’¬","34.599353","135.848117","0","1"
"29","“Þ—ÇŒ§","29204","“V—Žs","292040068000","•ÊŠ’¬","34.609785","135.836398","0","1"
"29","“Þ—ÇŒ§","29204","“V—Žs","292040069000","Œù“c’¬","34.589717","135.838151","0","1"
"29","“Þ—ÇŒ§","29204","“V—Žs","292040070000","ŽO“‡’¬","34.601441","135.841117","0","1"
"29","“Þ—ÇŒ§","29204","“V—Žs","292040071000","“ì˜Zð’¬","34.608718","135.803447","0","1"
"29","“Þ—ÇŒ§","29204","“V—Žs","292040072000","•‘ ’¬","34.565523","135.814967","0","1"
"29","“Þ—ÇŒ§","29204","“V—Žs","292040073000","Žç–Ú“°’¬","34.595222","135.837805","0","1"
"29","“Þ—ÇŒ§","29204","“V—Žs","292040074000","X–{’¬","34.631631","135.835111","0","1"
"29","“Þ—ÇŒ§","29204","“V—Žs","292040075000","–ö–{’¬","34.555738","135.847709","0","1"
"29","“Þ—ÇŒ§","29204","“V—Žs","292040076000","ŽR“c’¬","34.628658","135.929874","0","1"
"29","“Þ—ÇŒ§","29204","“V—Žs","292040077000","‹g“c’¬","34.577984","135.810427","0","1"
"29","“Þ—ÇŒ§","29204","“V—Žs","292040078000","˜aŽ¢’¬","34.628448","135.842366","0","1"
"29","“Þ—ÇŒ§","29205","Š€Œ´Žs","292050001000","Îì’¬","34.483140","135.799944","0","1"
"29","“Þ—ÇŒ§","29205","Š€Œ´Žs","292050002000","ÎŒ´“c’¬","34.513355","135.815373","0","1"
"29","“Þ—ÇŒ§","29205","Š€Œ´Žs","292050003001","¡ˆä’¬ˆê’š–Ú","34.507511","135.788414","0","3"
"29","“Þ—ÇŒ§","29205","Š€Œ´Žs","292050003002","¡ˆä’¬“ñ’š–Ú","34.505772","135.788779","0","3"
"29","“Þ—ÇŒ§","29205","Š€Œ´Žs","292050003003","¡ˆä’¬ŽO’š–Ú","34.505707","135.784135","0","3"
"29","“Þ—ÇŒ§","29205","Š€Œ´Žs","292050003004","¡ˆä’¬Žl’š–Ú","34.507815","135.784131","0","3"
"29","“Þ—ÇŒ§","29205","Š€Œ´Žs","292050004000","Šõ•”’¬","34.506138","135.773025","0","1"
"29","“Þ—ÇŒ§","29205","Š€Œ´Žs","292050005000","‰_’ò’¬","34.500449","135.768775","0","1"
"29","“Þ—ÇŒ§","29205","Š€Œ´Žs","292050006000","¤–T’¬","34.489765","135.788306","0","1"
"29","“Þ—ÇŒ§","29205","Š€Œ´Žs","292050007000","‰h˜a’¬","34.488266","135.797970","0","1"
"29","“Þ—ÇŒ§","29205","Š€Œ´Žs","292050008000","¬–[’¬","34.501697","135.796901","0","1"
"29","“Þ—ÇŒ§","29205","Š€Œ´Žs","292050009000","¬’Î’¬","34.528933","135.773092","0","1"
"29","“Þ—ÇŒ§","29205","Š€Œ´Žs","292050010000","‘åŠ_’¬","34.528508","135.780584","0","1"
"29","“Þ—ÇŒ§","29205","Š€Œ´Žs","292050011000","‘åŒy’¬","34.478979","135.798980","0","1"
"29","“Þ—ÇŒ§","29205","Š€Œ´Žs","292050012000","‘å‹v•Û’¬","34.495612","135.790591","0","1"
"29","“Þ—ÇŒ§","29205","Š€Œ´Žs","292050013000","‘å’J’¬","34.491526","135.780612","0","1"
"29","“Þ—ÇŒ§","29205","Š€Œ´Žs","292050014000","‘¾“cŽs’¬","34.532390","135.815746","0","1"
"29","“Þ—ÇŒ§","29205","Š€Œ´Žs","292050015000","‰úŠO’¬","34.494801","135.822926","0","1"
"29","“Þ—ÇŒ§","29205","Š€Œ´Žs","292050016000","‘V•v’¬","34.506214","135.822291","0","1"
"29","“Þ—ÇŒ§","29205","Š€Œ´Žs","292050017000","ˆê’¬","34.474175","135.766235","0","1"
"29","“Þ—ÇŒ§","29205","Š€Œ´Žs","292050018000","ã”ò‘Ë’¬","34.493581","135.807119","0","1"
"29","“Þ—ÇŒ§","29205","Š€Œ´Žs","292050019000","ì¼’¬","34.482092","135.768899","0","1"
"29","“Þ—ÇŒ§","29205","Š€Œ´Žs","292050020000","ŠÏ‰¹Ž›’¬","34.470001","135.756434","0","1"
"29","“Þ—ÇŒ§","29205","Š€Œ´Žs","292050021000","–k‰z’q’¬","34.475335","135.775734","0","1"
"29","“Þ—ÇŒ§","29205","Š€Œ´Žs","292050022000","–k–­–@Ž›’¬","34.517925","135.781898","0","1"
"29","“Þ—ÇŒ§","29205","Š€Œ´Žs","292050023001","–k”ª–Ø’¬ˆê’š–Ú","34.512146","135.794601","0","3"
"29","“Þ—ÇŒ§","29205","Š€Œ´Žs","292050023002","–k”ª–Ø’¬“ñ’š–Ú","34.511842","135.797107","0","3"
"29","“Þ—ÇŒ§","29205","Š€Œ´Žs","292050023003","–k”ª–Ø’¬ŽO’š–Ú","34.513354","135.795577","0","3"
"29","“Þ—ÇŒ§","29205","Š€Œ´Žs","292050024000","é“a’¬","34.491785","135.801209","0","1"
"29","“Þ—ÇŒ§","29205","Š€Œ´Žs","292050025000","–Ø”V–{’¬","34.496905","135.813895","0","1"
"29","“Þ—ÇŒ§","29205","Š€Œ´Žs","292050026000","–ØŒ´’¬","34.514602","135.804097","0","1"
"29","“Þ—ÇŒ§","29205","Š€Œ´Žs","292050027000","Š‹–{’¬","34.523813","135.802028","0","1"
"29","“Þ—ÇŒ§","29205","Š€Œ´Žs","292050028000","‹v•Ä’¬","34.484624","135.790106","0","1"
"29","“Þ—ÇŒ§","29205","Š€Œ´Žs","292050029000","ŒÜˆä’¬","34.506756","135.778993","0","1"
"29","“Þ—ÇŒ§","29205","Š€Œ´Žs","292050030000","Œõ—z’¬","34.485179","135.768876","0","1"
"29","“Þ—ÇŒ§","29205","Š€Œ´Žs","292050031000","ŒÜð–ì’¬","34.474042","135.801236","0","1"
"29","“Þ—ÇŒ§","29205","Š€Œ´Žs","292050032000","Œä–V’¬","34.490276","135.794643","0","1"
"29","“Þ—ÇŒ§","29205","Š€Œ´Žs","292050033000","’n‰©’¬","34.516012","135.785714","0","1"
"29","“Þ—ÇŒ§","29205","Š€Œ´Žs","292050034000","Žlð’¬","34.501807","135.787686","0","1"
"29","“Þ—ÇŒ§","29205","Š€Œ´Žs","292050035000","Žl•ª’¬","34.497695","135.800328","0","1"
"29","“Þ—ÇŒ§","29205","Š€Œ´Žs","292050036000","Žœ–¾Ž›’¬","34.496556","135.777054","0","1"
"29","“Þ—ÇŒ§","29205","Š€Œ´Žs","292050037000","‰º”ª’Þ’¬","34.502005","135.814834","0","1"
"29","“Þ—ÇŒ§","29205","Š€Œ´Žs","292050038000","¬j’¬","34.510790","135.785284","0","1"
"29","“Þ—ÇŒ§","29205","Š€Œ´Žs","292050039001","ÒŠ—’¬ˆê’š–Ú","34.481000","135.806345","0","3"
"29","“Þ—ÇŒ§","29205","Š€Œ´Žs","292050039002","ÒŠ—’¬“ñ’š–Ú","34.479641","135.803532","0","3"
"29","“Þ—ÇŒ§","29205","Š€Œ´Žs","292050039003","ÒŠ—’¬ŽO’š–Ú","34.478076","135.805994","0","3"
"29","“Þ—ÇŒ§","29205","Š€Œ´Žs","292050039004","ÒŠ—’¬Žl’š–Ú","34.474280","135.806580","0","3"
"29","“Þ—ÇŒ§","29205","Š€Œ´Žs","292050040000","ã•iŽ›’¬","34.519843","135.791475","0","1"
"29","“Þ—ÇŒ§","29205","Š€Œ´Žs","292050041001","”’Š€’¬ˆê’š–Ú","34.480642","135.788936","0","3"
"29","“Þ—ÇŒ§","29205","Š€Œ´Žs","292050041002","”’Š€’¬“ñ’š–Ú","34.476809","135.790832","0","3"
"29","“Þ—ÇŒ§","29205","Š€Œ´Žs","292050041003","”’Š€’¬ŽO’š–Ú","34.478184","135.787544","0","3"
"29","“Þ—ÇŒ§","29205","Š€Œ´Žs","292050041004","”’Š€’¬Žl’š–Ú","34.475433","135.786113","0","3"
"29","“Þ—ÇŒ§","29205","Š€Œ´Žs","292050041005","”’Š€’¬ŒÜ’š–Ú","34.473640","135.789271","0","3"
"29","“Þ—ÇŒ§","29205","Š€Œ´Žs","292050041006","”’Š€’¬˜Z’š–Ú","34.472748","135.792419","0","3"
"29","“Þ—ÇŒ§","29205","Š€Œ´Žs","292050041007","”’Š€’¬Žµ’š–Ú","34.471332","135.795891","0","3"
"29","“Þ—ÇŒ§","29205","Š€Œ´Žs","292050041008","”’Š€’¬”ª’š–Ú","34.469311","135.790841","0","3"
"29","“Þ—ÇŒ§","29205","Š€Œ´Žs","292050042000","V‰ê’¬","34.517466","135.798163","0","1"
"29","“Þ—ÇŒ§","29205","Š€Œ´Žs","292050043000","V“°’¬","34.500775","135.759976","0","1"
"29","“Þ—ÇŒ§","29205","Š€Œ´Žs","292050044000","‘]‰ä’¬","34.513181","135.775388","0","1"
"29","“Þ—ÇŒ§","29205","Š€Œ´Žs","292050045000","‘çŒí’¬","34.506104","135.803967","0","1"
"29","“Þ—ÇŒ§","29205","Š€Œ´Žs","292050046000","‚“a’¬","34.502401","135.810815","0","1"
"29","“Þ—ÇŒ§","29205","Š€Œ´Žs","292050047000","“c’†’¬","34.488830","135.805766","0","1"
"29","“Þ—ÇŒ§","29205","Š€Œ´Žs","292050048000","“y‹´’¬","34.523180","135.777532","0","1"
"29","“Þ—ÇŒ§","29205","Š€Œ´Žs","292050049000","o‡’¬","34.507995","135.817111","0","1"
"29","“Þ—ÇŒ§","29205","Š€Œ´Žs","292050050000","oŠ_“à’¬","34.509892","135.823830","0","1"
"29","“Þ—ÇŒ§","29205","Š€Œ´Žs","292050051000","Ž›“c’¬","34.501212","135.777450","0","1"
"29","“Þ—ÇŒ§","29205","Š€Œ´Žs","292050052000","\Žs’¬","34.532604","135.804346","0","1"
"29","“Þ—ÇŒ§","29205","Š€Œ´Žs","292050053000","í”Õ’¬","34.519977","135.813474","0","1"
"29","“Þ—ÇŒ§","29205","Š€Œ´Žs","292050054000","–L“c’¬","34.524152","135.784726","0","1"
"29","“Þ—ÇŒ§","29205","Š€Œ´Žs","292050055000","’¹‰®’¬","34.476323","135.781567","0","1"
"29","“Þ—ÇŒ§","29205","Š€Œ´Žs","292050056001","“à‘V’¬ˆê’š–Ú","34.512035","135.792370","0","3"
"29","“Þ—ÇŒ§","29205","Š€Œ´Žs","292050056002","“à‘V’¬“ñ’š–Ú","34.511014","135.789649","0","3"
"29","“Þ—ÇŒ§","29205","Š€Œ´Žs","292050056003","“à‘V’¬ŽO’š–Ú","34.512452","135.788824","0","3"
"29","“Þ—ÇŒ§","29205","Š€Œ´Žs","292050056004","“à‘V’¬Žl’š–Ú","34.515191","135.790829","0","3"
"29","“Þ—ÇŒ§","29205","Š€Œ´Žs","292050056005","“à‘V’¬ŒÜ’š–Ú","34.514718","135.792565","0","3"
"29","“Þ—ÇŒ§","29205","Š€Œ´Žs","292050057000","’†‘]Ži’¬","34.524018","135.768396","0","1"
"29","“Þ—ÇŒ§","29205","Š€Œ´Žs","292050058000","’†’¬","34.526810","135.810982","0","1"
"29","“Þ—ÇŒ§","29205","Š€Œ´Žs","292050059000","“êŽè’¬","34.502436","135.801132","0","1"
"29","“Þ—ÇŒ§","29205","Š€Œ´Žs","292050060000","¼’rK’¬","34.485800","135.780268","0","1"
"29","“Þ—ÇŒ§","29205","Š€Œ´Žs","292050061000","¼V“°’¬","34.529900","135.791021","0","1"
"29","“Þ—ÇŒ§","29205","Š€Œ´Žs","292050062000","VŒû’¬","34.525683","135.790853","0","1"
"29","“Þ—ÇŒ§","29205","Š€Œ´Žs","292050063000","“Œ’rK’¬","34.501445","135.826895","0","1"
"29","“Þ—ÇŒ§","29205","Š€Œ´Žs","292050064000","“Œ’|“c’¬","34.526571","135.817752","0","1"
"29","“Þ—ÇŒ§","29205","Š€Œ´Žs","292050065000","“Œ–Vé’¬","34.492403","135.764080","0","1"
"29","“Þ—ÇŒ§","29205","Š€Œ´Žs","292050066000","”Ñ‚’¬","34.532917","135.775621","0","1"
"29","“Þ—ÇŒ§","29205","Š€Œ´Žs","292050067000","”ò‘Ë’¬","34.495967","135.803190","0","1"
"29","“Þ—ÇŒ§","29205","Š€Œ´Žs","292050068000","•º•”’¬","34.505821","135.792175","0","1"
"29","“Þ—ÇŒ§","29205","Š€Œ´Žs","292050069000","ŒÃì’¬","34.490186","135.771323","0","1"
"29","“Þ—ÇŒ§","29205","Š€Œ´Žs","292050070000","•ÊŠ’¬","34.496557","135.809744","0","1"
"29","“Þ—ÇŒ§","29205","Š€Œ´Žs","292050071000","–@‰ÔŽ›’¬","34.507871","135.812409","0","1"
"29","“Þ—ÇŒ§","29205","Š€Œ´Žs","292050072000","‹Èì’¬","34.517182","135.767836","0","1"
"29","“Þ—ÇŒ§","29205","Š€Œ´Žs","292050073001","‹Èì’¬ˆê’š–Ú","34.514037","135.767593","0","3"
"29","“Þ—ÇŒ§","29205","Š€Œ´Žs","292050073002","‹Èì’¬“ñ’š–Ú","34.514601","135.764676","0","3"
"29","“Þ—ÇŒ§","29205","Š€Œ´Žs","292050073003","‹Èì’¬ŽO’š–Ú","34.514246","135.762688","0","3"
"29","“Þ—ÇŒ§","29205","Š€Œ´Žs","292050073004","‹Èì’¬Žl’š–Ú","34.513303","135.760057","0","3"
"29","“Þ—ÇŒ§","29205","Š€Œ´Žs","292050073005","‹Èì’¬ŒÜ’š–Ú","34.510106","135.764135","0","3"
"29","“Þ—ÇŒ§","29205","Š€Œ´Žs","292050073006","‹Èì’¬˜Z’š–Ú","34.508915","135.763121","0","3"
"29","“Þ—ÇŒ§","29205","Š€Œ´Žs","292050073007","‹Èì’¬Žµ’š–Ú","34.506508","135.763473","0","3"
"29","“Þ—ÇŒ§","29205","Š€Œ´Žs","292050074000","Œ©£’¬","34.474818","135.794769","0","1"
"29","“Þ—ÇŒ§","29205","Š€Œ´Žs","292050075000","“ì‰Y’¬","34.496126","135.819061","0","1"
"29","“Þ—ÇŒ§","29205","Š€Œ´Žs","292050076000","“ì–­–@Ž›’¬","34.471507","135.784745","0","1"
"29","“Þ—ÇŒ§","29205","Š€Œ´Žs","292050077001","“ì”ª–Ø’¬ˆê’š–Ú","34.507437","135.791571","0","3"
"29","“Þ—ÇŒ§","29205","Š€Œ´Žs","292050077002","“ì”ª–Ø’¬“ñ’š–Ú","34.506298","135.794486","0","3"
"29","“Þ—ÇŒ§","29205","Š€Œ´Žs","292050077003","“ì”ª–Ø’¬ŽO’š–Ú","34.506887","135.797715","0","3"
"29","“Þ—ÇŒ§","29205","Š€Œ´Žs","292050078000","“ìŽR’¬","34.490648","135.824718","0","1"
"29","“Þ—ÇŒ§","29205","Š€Œ´Žs","292050079001","”ª–Ø’¬ˆê’š–Ú","34.509536","135.791599","0","3"
"29","“Þ—ÇŒ§","29205","Š€Œ´Žs","292050079002","”ª–Ø’¬“ñ’š–Ú","34.509486","135.794659","0","3"
"29","“Þ—ÇŒ§","29205","Š€Œ´Žs","292050079003","”ª–Ø’¬ŽO’š–Ú","34.509727","135.797846","0","3"
"29","“Þ—ÇŒ§","29205","Š€Œ´Žs","292050080000","ŽR”V–V’¬","34.514604","135.810042","0","1"
"29","“Þ—ÇŒ§","29205","Š€Œ´Žs","292050081000","ŽR–{’¬","34.495456","135.783576","0","1"
"29","“Þ—ÇŒ§","29205","Š€Œ´Žs","292050082000","‹g“c’¬","34.489362","135.776512","0","1"
"29","“Þ—ÇŒ§","29205","Š€Œ´Žs","292050083000","˜a“c’¬","34.484277","135.807712","0","1"
"29","“Þ—ÇŒ§","29206","÷ˆäŽs","292060001001","’©‘q‘ä¼ˆê’š–Ú","34.513755","135.869791","0","3"
"29","“Þ—ÇŒ§","29206","÷ˆäŽs","292060001002","’©‘q‘ä¼“ñ’š–Ú","34.514020","135.871056","0","3"
"29","“Þ—ÇŒ§","29206","÷ˆäŽs","292060001003","’©‘q‘ä¼ŽO’š–Ú","34.514765","135.872119","0","3"
"29","“Þ—ÇŒ§","29206","÷ˆäŽs","292060001004","’©‘q‘ä¼Žl’š–Ú","34.516586","135.871847","0","3"
"29","“Þ—ÇŒ§","29206","÷ˆäŽs","292060001005","’©‘q‘ä¼ŒÜ’š–Ú","34.515740","135.873051","0","3"
"29","“Þ—ÇŒ§","29206","÷ˆäŽs","292060001006","’©‘q‘ä¼˜Z’š–Ú","34.514438","135.875024","0","3"
"29","“Þ—ÇŒ§","29206","÷ˆäŽs","292060001007","’©‘q‘ä¼Žµ’š–Ú","34.512531","135.872123","0","3"
"29","“Þ—ÇŒ§","29206","÷ˆäŽs","292060001008","’©‘q‘ä¼”ª’š–Ú","34.513045","135.869363","0","3"
"29","“Þ—ÇŒ§","29206","÷ˆäŽs","292060002001","’©‘q‘ä“Œˆê’š–Ú","34.516308","135.875282","0","3"
"29","“Þ—ÇŒ§","29206","÷ˆäŽs","292060002002","’©‘q‘ä“Œ“ñ’š–Ú","34.517287","135.875478","0","3"
"29","“Þ—ÇŒ§","29206","÷ˆäŽs","292060002003","’©‘q‘ä“ŒŽO’š–Ú","34.518651","135.877811","0","3"
"29","“Þ—ÇŒ§","29206","÷ˆäŽs","292060002004","’©‘q‘ä“ŒŽl’š–Ú","34.517638","135.878438","0","3"
"29","“Þ—ÇŒ§","29206","÷ˆäŽs","292060002005","’©‘q‘ä“ŒŒÜ’š–Ú","34.516460","135.878307","0","3"
"29","“Þ—ÇŒ§","29206","÷ˆäŽs","292060002006","’©‘q‘ä“Œ˜Z’š–Ú","34.514756","135.879508","0","3"
"29","“Þ—ÇŒ§","29206","÷ˆäŽs","292060002007","’©‘q‘ä“ŒŽµ’š–Ú","34.515407","135.877367","0","3"
"29","“Þ—ÇŒ§","29206","÷ˆäŽs","292060003001","ˆÀ”{–ØÞ’c’nˆê’š–Ú","34.502787","135.839473","0","3"
"29","“Þ—ÇŒ§","29206","÷ˆäŽs","292060003002","ˆÀ”{–ØÞ’c’n“ñ’š–Ú","34.502876","135.837008","0","3"
"29","“Þ—ÇŒ§","29206","÷ˆäŽs","292060004000","‘åŽšÔ”ö","34.508130","135.867562","0","1"
"29","“Þ—ÇŒ§","29206","÷ˆäŽs","292060005000","‘åŽšóŒÃ","34.499776","135.859363","0","1"
"29","“Þ—ÇŒ§","29206","÷ˆäŽs","292060006000","‘åŽšŒŠŽt","34.546045","135.855233","0","1"
"29","“Þ—ÇŒ§","29206","÷ˆäŽs","292060007000","‘åŽšˆ¢•”","34.504772","135.842295","0","1"
"29","“Þ—ÇŒ§","29206","÷ˆäŽs","292060008000","‘åŽš”Ñ·’Ë","34.459456","135.879834","0","1"
"29","“Þ—ÇŒ§","29206","÷ˆäŽs","292060009000","‘åŽš’r”V“à","34.496796","135.830918","0","1"
"29","“Þ—ÇŒ§","29206","÷ˆäŽs","292060010000","‘åŽšo‰_","34.528989","135.890543","0","1"
"29","“Þ—ÇŒ§","29206","÷ˆäŽs","292060011000","‘åŽš¡ˆä’J","34.484459","135.852793","0","1"
"29","“Þ—ÇŒ§","29206","÷ˆäŽs","292060012000","‘åŽšŠââ","34.514474","135.897193","0","1"
"29","“Þ—ÇŒ§","29206","÷ˆäŽs","292060013000","‘åŽšã”V‹{","34.499298","135.849297","0","1"
"29","“Þ—ÇŒ§","29206","÷ˆäŽs","292060014000","‘åŽš]•ï","34.542955","135.824701","0","1"
"29","“Þ—ÇŒ§","29206","÷ˆäŽs","292060015000","‘åŽš‘åò","34.531651","135.825171","0","1"
"29","“Þ—ÇŒ§","29206","÷ˆäŽs","292060016000","‘åŽš¶“c","34.494472","135.839611","0","1"
"29","“Þ—ÇŒ§","29206","÷ˆäŽs","292060017000","‘åŽš‘¾“c","34.544729","135.837878","0","1"
"29","“Þ—ÇŒ§","29206","÷ˆäŽs","292060018000","‘åŽšˆ¾“a","34.518939","135.847765","0","1"
"29","“Þ—ÇŒ§","29206","÷ˆäŽs","292060019000","‘åŽš‘å¼","34.537750","135.822894","0","1"
"29","“Þ—ÇŒ§","29206","÷ˆäŽs","292060020000","‘åŽšˆ¾Œ´","34.493736","135.892998","0","1"
"29","“Þ—ÇŒ§","29206","÷ˆäŽs","292060021000","‘åŽš¬•v","34.579528","135.920499","0","1"
"29","“Þ—ÇŒ§","29206","÷ˆäŽs","292060022000","‘åŽš¬•v“•û","34.568585","135.935508","0","1"
"29","“Þ—ÇŒ§","29206","÷ˆäŽs","292060023000","‘åŽš”Eã","34.508256","135.875972","0","1"
"29","“Þ—ÇŒ§","29206","÷ˆäŽs","292060024000","‘åŽš‰º‹","34.482645","135.864990","0","1"
"29","“Þ—ÇŒ§","29206","÷ˆäŽs","292060025000","‘åŽš‰úd","34.513580","135.837260","0","1"
"29","“Þ—ÇŒ§","29206","÷ˆäŽs","292060026000","‘åŽšŠ}","34.560110","135.896743","0","1"
"29","“Þ—ÇŒ§","29206","÷ˆäŽs","292060027000","‘åŽš‹à‰®","34.522181","135.853288","0","1"
"29","“Þ—ÇŒ§","29206","÷ˆäŽs","292060028000","‘åŽšã”V¯","34.520609","135.838025","0","1"
"29","“Þ—ÇŒ§","29206","÷ˆäŽs","292060029000","‘åŽšŠžX","34.545716","135.926739","0","1"
"29","“Þ—ÇŒ§","29206","÷ˆäŽs","292060030000","‘åŽšì‡","34.514826","135.843740","0","1"
"29","“Þ—ÇŒ§","29206","÷ˆäŽs","292060031000","‘åŽš‰Í¼","34.504716","135.850504","0","1"
"29","“Þ—ÇŒ§","29206","÷ˆäŽs","292060032000","‘åŽš–k‰¹‰H","34.486676","135.871051","0","1"
"29","“Þ—ÇŒ§","29206","÷ˆäŽs","292060033000","‘åŽš–kŽR","34.474357","135.853715","0","1"
"29","“Þ—ÇŒ§","29206","÷ˆäŽs","292060034000","‘åŽš‹g”õ","34.507355","135.832213","0","1"
"29","“Þ—ÇŒ§","29206","÷ˆäŽs","292060035000","‘åŽš‘ì","34.548848","135.838904","0","1"
"29","“Þ—ÇŒ§","29206","÷ˆäŽs","292060036000","‘åŽš‘q‹´","34.494080","135.867076","0","1"
"29","“Þ—ÇŒ§","29206","÷ˆäŽs","292060037000","‘åŽš•è","34.525633","135.880758","0","1"
"29","“Þ—ÇŒ§","29206","÷ˆäŽs","292060038000","‘åŽš","34.516263","135.904287","0","1"
"29","“Þ—ÇŒ§","29206","÷ˆäŽs","292060039000","‘åŽš‰º‚è”ö","34.492458","135.878545","0","1"
"29","“Þ—ÇŒ§","29206","÷ˆäŽs","292060040000","‘åŽš÷ˆä","34.509661","135.852546","0","1"
"29","“Þ—ÇŒ§","29206","÷ˆäŽs","292060041000","‘åŽšŽœ‰¶Ž›","34.522481","135.867415","0","1"
"29","“Þ—ÇŒ§","29206","÷ˆäŽs","292060042000","‘åŽšŽÅ","34.533532","135.837405","0","1"
"29","“Þ—ÇŒ§","29206","÷ˆäŽs","292060043000","‘åŽš‰º","34.491573","135.853603","0","1"
"29","“Þ—ÇŒ§","29206","÷ˆäŽs","292060044000","‘åŽšC—Ž}","34.574789","135.906231","0","1"
"29","“Þ—ÇŒ§","29206","÷ˆäŽs","292060045000","‘åŽš”’‰Í","34.537623","135.895470","0","1"
"29","“Þ—ÇŒ§","29206","÷ˆäŽs","292060046000","‘åŽš”’–Ø","34.556497","135.934741","0","1"
"29","“Þ—ÇŒ§","29206","÷ˆäŽs","292060047000","‘åŽšV‰®•~","34.527430","135.827901","0","1"
"29","“Þ—ÇŒ§","29206","÷ˆäŽs","292060048000","‘åŽš‹Úˆä","34.565073","135.931550","0","1"
"29","“Þ—ÇŒ§","29206","÷ˆäŽs","292060049000","‘åŽš‚‰Æ","34.480552","135.843602","0","1"
"29","“Þ—ÇŒ§","29206","÷ˆäŽs","292060050000","‘åŽš‘å•Ÿ","34.517904","135.825328","0","1"
"29","“Þ—ÇŒ§","29206","÷ˆäŽs","292060051000","‘åŽš‚“c","34.492069","135.846616","0","1"
"29","“Þ—ÇŒ§","29206","÷ˆäŽs","292060052000","‘åŽš‘ë‘q","34.562725","135.914492","0","1"
"29","“Þ—ÇŒ§","29206","÷ˆäŽs","292060053000","‘åŽš’J","34.506105","135.845661","0","1"
"29","“Þ—ÇŒ§","29206","÷ˆäŽs","292060054000","‘åŽšŠŒ´","34.533549","135.849948","0","1"
"29","“Þ—ÇŒ§","29206","÷ˆäŽs","292060055000","‘åŽš’Ò","34.544476","135.873983","0","1"
"29","“Þ—ÇŒ§","29206","÷ˆäŽs","292060056000","‘åŽš‘½••ô","34.464866","135.862686","0","1"
"29","“Þ—ÇŒ§","29206","÷ˆäŽs","292060057000","‘åŽšŠOŽR","34.511155","135.859662","0","1"
"29","“Þ—ÇŒ§","29206","÷ˆäŽs","292060058000","‘åŽš–L“c","34.537419","135.831279","0","1"
"29","“Þ—ÇŒ§","29206","÷ˆäŽs","292060059000","‘åŽš’†’J","34.553504","135.921858","0","1"
"29","“Þ—ÇŒ§","29206","÷ˆäŽs","292060060000","‘åŽš¼Œû","34.463811","135.855051","0","1"
"29","“Þ—ÇŒ§","29206","÷ˆäŽs","292060061000","‘åŽš¼”V‹{","34.513259","135.822586","0","1"
"29","“Þ—ÇŒ§","29206","÷ˆäŽs","292060062000","‘åŽš”¢’†","34.539697","135.844089","0","1"
"29","“Þ—ÇŒ§","29206","÷ˆäŽs","292060063000","‘åŽš‹´–{","34.499361","135.835925","0","1"
"29","“Þ—ÇŒ§","29206","÷ˆäŽs","292060064000","‘åŽš‰£","34.536565","135.909019","0","1"
"29","“Þ—ÇŒ§","29206","÷ˆäŽs","292060065000","‘åŽšj“¹","34.469348","135.881844","0","1"
"29","“Þ—ÇŒ§","29206","÷ˆäŽs","292060066000","‘åŽš“Œ“c","34.545209","135.831997","0","1"
"29","“Þ—ÇŒ§","29206","÷ˆäŽs","292060067000","‘åŽš“ŒV“°","34.519046","135.832596","0","1"
"29","“Þ—ÇŒ§","29206","÷ˆäŽs","292060068000","‘åŽš–L‘O","34.539872","135.831898","0","1"
"29","“Þ—ÇŒ§","29206","÷ˆäŽs","292060069000","‘åŽšŠª–ì“à","34.545443","135.845075","0","1"
"29","“Þ—ÇŒ§","29206","÷ˆäŽs","292060070000","‘åŽš‘å“¤‰z","34.550127","135.834190","0","1"
"29","“Þ—ÇŒ§","29206","÷ˆäŽs","292060071000","‘åŽšŽO’J","34.570970","135.924511","0","1"
"29","“Þ—ÇŒ§","29206","÷ˆäŽs","292060072000","‘åŽš“ì‰¹‰H","34.480366","135.876239","0","1"
"29","“Þ—ÇŒ§","29206","÷ˆäŽs","292060073000","‘åŽšŽO—Ö","34.531326","135.859876","0","1"
"29","“Þ—ÇŒ§","29206","÷ˆäŽs","292060074000","‘åŽš•SŽs","34.474329","135.874907","0","1"
"29","“Þ—ÇŒ§","29206","÷ˆäŽs","292060075000","‘åŽš”ªˆä“à","34.468208","135.870635","0","1"
"29","“Þ—ÇŒ§","29206","÷ˆäŽs","292060076000","‘åŽšŽR“c","34.486610","135.833695","0","1"
"29","“Þ—ÇŒ§","29206","÷ˆäŽs","292060077000","‘åŽš‰¡Š`","34.479309","135.858836","0","1"
"29","“Þ—ÇŒ§","29206","÷ˆäŽs","292060078000","‘åŽš‹g‰B","34.531997","135.924846","0","1"
"29","“Þ—ÇŒ§","29206","÷ˆäŽs","292060079000","‘åŽš—³’J","34.508491","135.888862","0","1"
"29","“Þ—ÇŒ§","29206","÷ˆäŽs","292060080000","‘åŽšŽ­˜H","34.453143","135.872209","0","1"
"29","“Þ—ÇŒ§","29206","÷ˆäŽs","292060081000","‘åŽš˜e–{","34.526450","135.873889","0","1"
"29","“Þ—ÇŒ§","29206","÷ˆäŽs","292060082000","‘åŽš˜a“c","34.551212","135.909967","0","1"
"29","“Þ—ÇŒ§","29207","ŒÜžŠŽs","292070001000","‘Š’J’¬","34.331910","135.665295","0","1"
"29","“Þ—ÇŒ§","29207","ŒÜžŠŽs","292070002000","‹™B’¬","34.386914","135.714364","0","1"
"29","“Þ—ÇŒ§","29207","ŒÜžŠŽs","292070003000","Œ¢Ž”’¬","34.340075","135.676885","0","1"
"29","“Þ—ÇŒ§","29207","ŒÜžŠŽs","292070004001","¡ˆäˆê’š–Ú","34.355693","135.702608","0","3"
"29","“Þ—ÇŒ§","29207","ŒÜžŠŽs","292070004002","¡ˆä“ñ’š–Ú","34.353671","135.703452","0","3"
"29","“Þ—ÇŒ§","29207","ŒÜžŠŽs","292070004003","¡ˆäŽO’š–Ú","34.357174","135.706557","0","3"
"29","“Þ—ÇŒ§","29207","ŒÜžŠŽs","292070004004","¡ˆäŽl’š–Ú","34.354461","135.708138","0","3"
"29","“Þ—ÇŒ§","29207","ŒÜžŠŽs","292070004005","¡ˆäŒÜ’š–Ú","34.360797","135.714026","0","3"
"29","“Þ—ÇŒ§","29207","ŒÜžŠŽs","292070005000","¡ˆä’¬","34.365400","135.707523","0","1"
"29","“Þ—ÇŒ§","29207","ŒÜžŠŽs","292070006000","‰F–ì’¬","34.365845","135.721580","0","1"
"29","“Þ—ÇŒ§","29207","ŒÜžŠŽs","292070007000","‘åàV’¬","34.372169","135.661066","0","1"
"29","“Þ—ÇŒ§","29207","ŒÜžŠŽs","292070008000","‘å’Ã’¬","34.329459","135.672904","0","1"
"29","“Þ—ÇŒ§","29207","ŒÜžŠŽs","292070009000","‘å“ƒ’¬‰Fˆä","34.151610","135.747401","0","1"
"29","“Þ—ÇŒ§","29207","ŒÜžŠŽs","292070010000","‘å“ƒ’¬¬‘ã","34.191456","135.742922","0","1"
"29","“Þ—ÇŒ§","29207","ŒÜžŠŽs","292070011000","‘å“ƒ’¬ã–{","34.213306","135.724901","0","1"
"29","“Þ—ÇŒ§","29207","ŒÜžŠŽs","292070012000","‘å“ƒ’¬‰Ž’J","34.173815","135.729183","0","1"
"29","“Þ—ÇŒ§","29207","ŒÜžŠŽs","292070013000","‘å“ƒ’¬ŽÂŒ´","34.166766","135.851715","0","1"
"29","“Þ—ÇŒ§","29207","ŒÜžŠŽs","292070014000","‘å“ƒ’¬´…","34.120483","135.715190","0","1"
"29","“Þ—ÇŒ§","29207","ŒÜžŠŽs","292070015000","‘å“ƒ’¬—ú","34.222413","135.744133","0","1"
"29","“Þ—ÇŒ§","29207","ŒÜžŠŽs","292070016000","‘å“ƒ’¬‘y’J","34.152106","135.804282","0","1"
"29","“Þ—ÇŒ§","29207","ŒÜžŠŽs","292070017000","‘å“ƒ’¬’Ò“°","34.173120","135.766026","0","1"
"29","“Þ—ÇŒ§","29207","ŒÜžŠŽs","292070018000","‘å“ƒ’¬“°•½","34.170265","135.739041","0","1"
"29","“Þ—ÇŒ§","29207","ŒÜžŠŽs","292070019000","‘å“ƒ’¬“‚Š}","34.186744","135.754144","0","1"
"29","“Þ—ÇŒ§","29207","ŒÜžŠŽs","292070020000","‘å“ƒ’¬•ÂŒN","34.158691","135.759140","0","1"
"29","“Þ—ÇŒ§","29207","ŒÜžŠŽs","292070021000","‘å“ƒ’¬“a–ì","34.176206","135.782174","0","1"
"29","“Þ—ÇŒ§","29207","ŒÜžŠŽs","292070022000","‘å“ƒ’¬’†ˆä–TŽ¦","34.144911","135.783962","0","1"
"29","“Þ—ÇŒ§","29207","ŒÜžŠŽs","292070023000","‘å“ƒ’¬’†Œ´","34.185674","135.715459","0","1"
"29","“Þ—ÇŒ§","29207","ŒÜžŠŽs","292070024000","‘å“ƒ’¬’†•õ","34.157860","135.775763","0","1"
"29","“Þ—ÇŒ§","29207","ŒÜžŠŽs","292070025000","‘å“ƒ’¬ˆø“y","34.161589","135.738598","0","1"
"29","“Þ—ÇŒ§","29207","ŒÜžŠŽs","292070026000","‘å“ƒ’¬”ò—{‘]","34.166113","135.734956","0","1"
"29","“Þ—ÇŒ§","29207","ŒÜžŠŽs","292070027000","‘å–ìV“c’¬","34.386127","135.742560","0","1"
"29","“Þ—ÇŒ§","29207","ŒÜžŠŽs","292070028000","‘å–ì’¬","34.328627","135.687385","0","1"
"29","“Þ—ÇŒ§","29207","ŒÜžŠŽs","292070029000","‘å[’¬","34.286049","135.677982","0","1"
"29","“Þ—ÇŒ§","29207","ŒÜžŠŽs","292070030001","‰ªŒûˆê’š–Ú","34.355531","135.696091","0","3"
"29","“Þ—ÇŒ§","29207","ŒÜžŠŽs","292070030002","‰ªŒû“ñ’š–Ú","34.357363","135.697867","0","3"
"29","“Þ—ÇŒ§","29207","ŒÜžŠŽs","292070031000","‰ª’¬","34.367522","135.695992","0","1"
"29","“Þ—ÇŒ§","29207","ŒÜžŠŽs","292070032000","¶Žq’¬","34.311422","135.705552","0","1"
"29","“Þ—ÇŒ§","29207","ŒÜžŠŽs","292070033000","¬˜a’¬","34.393074","135.698217","0","1"
"29","“Þ—ÇŒ§","29207","ŒÜžŠŽs","292070034000","Š~’Ò’¬","34.299219","135.704066","0","1"
"29","“Þ—ÇŒ§","29207","ŒÜžŠŽs","292070035000","Š˜ŒE’¬","34.346517","135.676406","0","1"
"29","“Þ—ÇŒ§","29207","ŒÜžŠŽs","292070036000","ã”V’¬","34.379692","135.672989","0","1"
"29","“Þ—ÇŒ§","29207","ŒÜžŠŽs","292070037000","–kŽR’¬","34.392018","135.674945","0","1"
"29","“Þ—ÇŒ§","29207","ŒÜžŠŽs","292070038000","–ØƒmŒ´’¬","34.354715","135.666129","0","1"
"29","“Þ—ÇŒ§","29207","ŒÜžŠŽs","292070039000","‹v—¯–ì’¬","34.393541","135.690767","0","1"
"29","“Þ—ÇŒ§","29207","ŒÜžŠŽs","292070040000","ŽÔ’J’¬","34.352212","135.768215","0","1"
"29","“Þ—ÇŒ§","29207","ŒÜžŠŽs","292070041000","•‹î’¬","34.334400","135.684427","0","1"
"29","“Þ—ÇŒ§","29207","ŒÜžŠŽs","292070042000","ã–ì’¬","34.336255","135.673422","0","1"
"29","“Þ—ÇŒ§","29207","ŒÜžŠŽs","292070043000","¬“‡’¬","34.358952","135.720665","0","1"
"29","“Þ—ÇŒ§","29207","ŒÜžŠŽs","292070044001","ŒÜžŠˆê’š–Ú","34.350448","135.695790","0","3"
"29","“Þ—ÇŒ§","29207","ŒÜžŠŽs","292070044002","ŒÜžŠ“ñ’š–Ú","34.350844","135.697739","0","3"
"29","“Þ—ÇŒ§","29207","ŒÜžŠŽs","292070044003","ŒÜžŠŽO’š–Ú","34.350896","135.699948","0","3"
"29","“Þ—ÇŒ§","29207","ŒÜžŠŽs","292070044004","ŒÜžŠŽl’š–Ú","34.350408","135.704619","0","3"
"29","“Þ—ÇŒ§","29207","ŒÜžŠŽs","292070045000","¬ŽR’¬","34.392255","135.714258","0","1"
"29","“Þ—ÇŒ§","29207","ŒÜžŠŽs","292070046000","ã‡•”V“c’¬","34.302521","135.685984","0","1"
"29","“Þ—ÇŒ§","29207","ŒÜžŠŽs","292070047000","ŽOÝ’¬","34.373866","135.724252","0","1"
"29","“Þ—ÇŒ§","29207","ŒÜžŠŽs","292070048000","“‡–ì’¬","34.354910","135.735865","0","1"
"29","“Þ—ÇŒ§","29207","ŒÜžŠŽs","292070049000","‰º”V’¬","34.350280","135.685881","0","1"
"29","“Þ—ÇŒ§","29207","ŒÜžŠŽs","292070050001","V’¬ˆê’š–Ú","34.348417","135.690997","0","3"
"29","“Þ—ÇŒ§","29207","ŒÜžŠŽs","292070050002","V’¬“ñ’š–Ú","34.347048","135.689295","0","3"
"29","“Þ—ÇŒ§","29207","ŒÜžŠŽs","292070050003","V’¬ŽO’š–Ú","34.350328","135.689809","0","3"
"29","“Þ—ÇŒ§","29207","ŒÜžŠŽs","292070051001","{Œbˆê’š–Ú","34.352992","135.696163","0","3"
"29","“Þ—ÇŒ§","29207","ŒÜžŠŽs","292070051002","{Œb“ñ’š–Ú","34.353693","135.697685","0","3"
"29","“Þ—ÇŒ§","29207","ŒÜžŠŽs","292070051003","{ŒbŽO’š–Ú","34.354779","135.699621","0","3"
"29","“Þ—ÇŒ§","29207","ŒÜžŠŽs","292070052000","Zì’¬","34.382587","135.719418","0","1"
"29","“Þ—ÇŒ§","29207","ŒÜžŠŽs","292070053000","‘ê’¬","34.356983","135.758803","0","1"
"29","“Þ—ÇŒ§","29207","ŒÜžŠŽs","292070054000","“c“a’¬","34.310217","135.668627","0","1"
"29","“Þ—ÇŒ§","29207","ŒÜžŠŽs","292070055000","’OŒ´’¬","34.324154","135.699119","0","1"
"29","“Þ—ÇŒ§","29207","ŒÜžŠŽs","292070056000","‹ß“à’¬","34.382095","135.703169","0","1"
"29","“Þ—ÇŒ§","29207","ŒÜžŠŽs","292070057000","o‰®•~’¬","34.394147","135.707171","0","1"
"29","“Þ—ÇŒ§","29207","ŒÜžŠŽs","292070058001","“c‰€ˆê’š–Ú","34.373247","135.685672","0","3"
"29","“Þ—ÇŒ§","29207","ŒÜžŠŽs","292070058002","“c‰€“ñ’š–Ú","34.372318","135.684248","0","3"
"29","“Þ—ÇŒ§","29207","ŒÜžŠŽs","292070058003","“c‰€ŽO’š–Ú","34.365843","135.681652","0","3"
"29","“Þ—ÇŒ§","29207","ŒÜžŠŽs","292070058004","“c‰€Žl’š–Ú","34.365793","135.687354","0","3"
"29","“Þ—ÇŒ§","29207","ŒÜžŠŽs","292070058005","“c‰€ŒÜ’š–Ú","34.370510","135.675702","0","3"
"29","“Þ—ÇŒ§","29207","ŒÜžŠŽs","292070059000","’†’¬","34.332576","135.678801","0","1"
"29","“Þ—ÇŒ§","29207","ŒÜžŠŽs","292070060000","’†”V’¬","34.363827","135.675602","0","1"
"29","“Þ—ÇŒ§","29207","ŒÜžŠŽs","292070061001","‚È‚Â‚Ý‘äˆê’š–Ú","34.357581","135.668283","0","3"
"29","“Þ—ÇŒ§","29207","ŒÜžŠŽs","292070061002","‚È‚Â‚Ý‘ä“ñ’š–Ú","34.345091","135.669468","0","3"
"29","“Þ—ÇŒ§","29207","ŒÜžŠŽs","292070061003","‚È‚Â‚Ý‘äŽO’š–Ú","34.343939","135.664397","0","3"
"29","“Þ—ÇŒ§","29207","ŒÜžŠŽs","292070061004","‚È‚Â‚Ý‘äŽl’š–Ú","34.341657","135.666734","0","3"
"29","“Þ—ÇŒ§","29207","ŒÜžŠŽs","292070062000","¼ˆ¢“c’¬","34.378787","135.741097","0","1"
"29","“Þ—ÇŒ§","29207","ŒÜžŠŽs","292070063000","¼‰Í“à’¬","34.373295","135.707494","0","1"
"29","“Þ—ÇŒ§","29207","ŒÜžŠŽs","292070064000","¼‹v—¯–ì’¬","34.376741","135.694031","0","1"
"29","“Þ—ÇŒ§","29207","ŒÜžŠŽs","292070065000","¼‹g–ì’¬Ô¼","34.332888","135.750887","0","1"
"29","“Þ—ÇŒ§","29207","ŒÜžŠŽs","292070066000","¼‹g–ì’¬‰ê–¼¶","34.298966","135.720015","0","1"
"29","“Þ—ÇŒ§","29207","ŒÜžŠŽs","292070067000","¼‹g–ì’¬“òƒ–¶","34.308198","135.771211","0","1"
"29","“Þ—ÇŒ§","29207","ŒÜžŠŽs","292070068000","¼‹g–ì’¬‰i’J","34.244289","135.727663","0","1"
"29","“Þ—ÇŒ§","29207","ŒÜžŠŽs","292070069000","¼‹g–ì’¬]o","34.304432","135.720568","0","1"
"29","“Þ—ÇŒ§","29207","ŒÜžŠŽs","292070070000","¼‹g–ì’¬˜V–ì","34.310171","135.712757","0","1"
"29","“Þ—ÇŒ§","29207","ŒÜžŠŽs","292070071000","¼‹g–ì’¬¬ŒÃ“c","34.299423","135.760849","0","1"
"29","“Þ—ÇŒ§","29207","ŒÜžŠŽs","292070072000","¼‹g–ì’¬‘å•õ","34.274860","135.781646","0","1"
"29","“Þ—ÇŒ§","29207","ŒÜžŠŽs","292070073000","¼‹g–ì’¬‰œ’J","34.320749","135.737613","0","1"
"29","“Þ—ÇŒ§","29207","ŒÜžŠŽs","292070074000","¼‹g–ì’¬‘å“úì","34.278056","135.718229","0","1"
"29","“Þ—ÇŒ§","29207","ŒÜžŠŽs","292070075000","¼‹g–ì’¬‰A’n","34.280284","135.761828","0","1"
"29","“Þ—ÇŒ§","29207","ŒÜžŠŽs","292070076000","¼‹g–ì’¬“‚ŒË","34.319693","135.770958","0","1"
"29","“Þ—ÇŒ§","29207","ŒÜžŠŽs","292070077000","¼‹g–ì’¬ìŠÝ","34.290415","135.762891","0","1"
"29","“Þ—ÇŒ§","29207","ŒÜžŠŽs","292070078000","¼‹g–ì’¬ìŒÒ","34.247745","135.793241","0","1"
"29","“Þ—ÇŒ§","29207","ŒÜžŠŽs","292070079000","¼‹g–ì’¬•Ÿº","34.290805","135.740250","0","1"
"29","“Þ—ÇŒ§","29207","ŒÜžŠŽs","292070080000","¼‹g–ì’¬_–ì","34.303013","135.711844","0","1"
"29","“Þ—ÇŒ§","29207","ŒÜžŠŽs","292070081000","¼‹g–ì’¬ãŠª","34.269795","135.751612","0","1"
"29","“Þ—ÇŒ§","29207","ŒÜžŠŽs","292070082000","¼‹g–ì’¬Ž­ê","34.301775","135.753213","0","1"
"29","“Þ—ÇŒ§","29207","ŒÜžŠŽs","292070083000","¼‹g–ì’¬éŒË","34.285053","135.751926","0","1"
"29","“Þ—ÇŒ§","29207","ŒÜžŠŽs","292070084000","¼‹g–ì’¬¨ˆä","34.263410","135.824129","0","1"
"29","“Þ—ÇŒ§","29207","ŒÜžŠŽs","292070085000","¼‹g–ì’¬‘ê","34.313779","135.717953","0","1"
"29","“Þ—ÇŒ§","29207","ŒÜžŠŽs","292070086000","¼‹g–ì’¬—§ì“n","34.247548","135.741666","0","1"
"29","“Þ—ÇŒ§","29207","ŒÜžŠŽs","292070087000","¼‹g–ì’¬’Ã‰z","34.280500","135.774999","0","1"
"29","“Þ—ÇŒ§","29207","ŒÜžŠŽs","292070088000","¼‹g–ì’¬\“úŽs","34.300850","135.773651","0","1"
"29","“Þ—ÇŒ§","29207","ŒÜžŠŽs","292070089000","¼‹g–ì’¬‰ÖŽqŒ´","34.251502","135.769181","0","1"
"29","“Þ—ÇŒ§","29207","ŒÜžŠŽs","292070090000","¼‹g–ì’¬¼VŽq","34.316622","135.747176","0","1"
"29","“Þ—ÇŒ§","29207","ŒÜžŠŽs","292070091000","¼‹g–ì’¬¼–ì","34.265918","135.734309","0","1"
"29","“Þ—ÇŒ§","29207","ŒÜžŠŽs","292070092000","¼‹g–ì’¬¼“ú— ","34.255810","135.802958","0","1"
"29","“Þ—ÇŒ§","29207","ŒÜžŠŽs","292070093000","¼‹g–ì’¬•Oì”—","34.277106","135.806019","0","1"
"29","“Þ—ÇŒ§","29207","ŒÜžŠŽs","292070094000","¼‹g–ì’¬•½—Y","34.263184","135.773387","0","1"
"29","“Þ—ÇŒ§","29207","ŒÜžŠŽs","292070095000","¼‹g–ì’¬•½À“c","34.321030","135.755577","0","1"
"29","“Þ—ÇŒ§","29207","ŒÜžŠŽs","292070096000","¼‹g–ì’¬–k‘]–Ø","34.294262","135.713178","0","1"
"29","“Þ—ÇŒ§","29207","ŒÜžŠŽs","292070097000","¼‹g–ì’¬“ìŽR","34.295638","135.769516","0","1"
"29","“Þ—ÇŒ§","29207","ŒÜžŠŽs","292070098000","¼‹g–ì’¬Œü‰Á–¼¶","34.289623","135.726683","0","1"
"29","“Þ—ÇŒ§","29207","ŒÜžŠŽs","292070099000","¼‹g–ì’¬@ì–ì","34.262497","135.751413","0","1"
"29","“Þ—ÇŒ§","29207","ŒÜžŠŽs","292070100000","¼‹g–ì’¬–{’J","34.243224","135.759058","0","1"
"29","“Þ—ÇŒ§","29207","ŒÜžŠŽs","292070101000","¼‹g–ì’¬•S’J","34.338422","135.761090","0","1"
"29","“Þ—ÇŒ§","29207","ŒÜžŠŽs","292070102000","¼‹g–ì’¬”ªƒbì","34.308765","135.760410","0","1"
"29","“Þ—ÇŒ§","29207","ŒÜžŠŽs","292070103000","¼‹g–ì’¬‰®“ß£","34.297933","135.724358","0","1"
"29","“Þ—ÇŒ§","29207","ŒÜžŠŽs","292070104000","¼‹g–ì’¬“’ì","34.336857","135.740658","0","1"
"29","“Þ—ÇŒ§","29207","ŒÜžŠŽs","292070105000","¼‹g–ì’¬“’‰–","34.312329","135.727685","0","1"
"29","“Þ—ÇŒ§","29207","ŒÜžŠŽs","292070106000","¼‹g–ì’¬–é’†","34.310915","135.736798","0","1"
"29","“Þ—ÇŒ§","29207","ŒÜžŠŽs","292070107000","¼‹g–ì’¬˜a“c","34.294301","135.722162","0","1"
"29","“Þ—ÇŒ§","29207","ŒÜžŠŽs","292070108000","–ìŒ´’¬","34.336466","135.724958","0","1"
"29","“Þ—ÇŒ§","29207","ŒÜžŠŽs","292070109001","–ìŒ´’†ˆê’š–Ú","34.346408","135.706265","0","3"
"29","“Þ—ÇŒ§","29207","ŒÜžŠŽs","292070109002","–ìŒ´’†“ñ’š–Ú","34.346740","135.710562","0","3"
"29","“Þ—ÇŒ§","29207","ŒÜžŠŽs","292070109003","–ìŒ´’†ŽO’š–Ú","34.340941","135.702714","0","3"
"29","“Þ—ÇŒ§","29207","ŒÜžŠŽs","292070109004","–ìŒ´’†Žl’š–Ú","34.341363","135.705502","0","3"
"29","“Þ—ÇŒ§","29207","ŒÜžŠŽs","292070109005","–ìŒ´’†ŒÜ’š–Ú","34.342409","135.707347","0","3"
"29","“Þ—ÇŒ§","29207","ŒÜžŠŽs","292070109006","–ìŒ´’†˜Z’š–Ú","34.342987","135.712631","0","3"
"29","“Þ—ÇŒ§","29207","ŒÜžŠŽs","292070110001","–ìŒ´¼ˆê’š–Ú","34.344618","135.693479","0","3"
"29","“Þ—ÇŒ§","29207","ŒÜžŠŽs","292070110002","–ìŒ´¼“ñ’š–Ú","34.346530","135.698492","0","3"
"29","“Þ—ÇŒ§","29207","ŒÜžŠŽs","292070110003","–ìŒ´¼ŽO’š–Ú","34.345402","135.702168","0","3"
"29","“Þ—ÇŒ§","29207","ŒÜžŠŽs","292070110004","–ìŒ´¼Žl’š–Ú","34.343848","135.698776","0","3"
"29","“Þ—ÇŒ§","29207","ŒÜžŠŽs","292070110005","–ìŒ´¼ŒÜ’š–Ú","34.341413","135.699942","0","3"
"29","“Þ—ÇŒ§","29207","ŒÜžŠŽs","292070110006","–ìŒ´¼˜Z’š–Ú","34.340504","135.696192","0","3"
"29","“Þ—ÇŒ§","29207","ŒÜžŠŽs","292070111001","–ìŒ´“Œˆê’š–Ú","34.347446","135.713496","0","3"
"29","“Þ—ÇŒ§","29207","ŒÜžŠŽs","292070111002","–ìŒ´“Œ“ñ’š–Ú","34.349637","135.713666","0","3"
"29","“Þ—ÇŒ§","29207","ŒÜžŠŽs","292070111003","–ìŒ´“ŒŽO’š–Ú","34.352969","135.714773","0","3"
"29","“Þ—ÇŒ§","29207","ŒÜžŠŽs","292070111004","–ìŒ´“ŒŽl’š–Ú","34.353911","135.719220","0","3"
"29","“Þ—ÇŒ§","29207","ŒÜžŠŽs","292070111005","–ìŒ´“ŒŒÜ’š–Ú","34.349364","135.717971","0","3"
"29","“Þ—ÇŒ§","29207","ŒÜžŠŽs","292070111006","–ìŒ´“Œ˜Z’š–Ú","34.343479","135.716630","0","3"
"29","“Þ—ÇŒ§","29207","ŒÜžŠŽs","292070111007","–ìŒ´“ŒŽµ’š–Ú","34.341192","135.716166","0","3"
"29","“Þ—ÇŒ§","29207","ŒÜžŠŽs","292070112000","”¨“c’¬","34.336949","135.662587","0","1"
"29","“Þ—ÇŒ§","29207","ŒÜžŠŽs","292070113000","”ª“c’¬","34.374933","135.764444","0","1"
"29","“Þ—ÇŒ§","29207","ŒÜžŠŽs","292070114000","Œ´’¬","34.361729","135.739096","0","1"
"29","“Þ—ÇŒ§","29207","ŒÜžŠŽs","292070115000","‰Î‘Å’¬","34.319513","135.671786","0","1"
"29","“Þ—ÇŒ§","29207","ŒÜžŠŽs","292070116000","“Œˆ¢“c’¬","34.380729","135.751579","0","1"
"29","“Þ—ÇŒ§","29207","ŒÜžŠŽs","292070117000","•\–ì’¬","34.320715","135.678806","0","1"
"29","“Þ—ÇŒ§","29207","ŒÜžŠŽs","292070118001","“ñŒ©ˆê’š–Ú","34.346865","135.686892","0","3"
"29","“Þ—ÇŒ§","29207","ŒÜžŠŽs","292070118002","“ñŒ©“ñ’š–Ú","34.344563","135.684943","0","3"
"29","“Þ—ÇŒ§","29207","ŒÜžŠŽs","292070118003","“ñŒ©ŽO’š–Ú","34.344446","135.682646","0","3"
"29","“Þ—ÇŒ§","29207","ŒÜžŠŽs","292070118004","“ñŒ©Žl’š–Ú","34.344063","135.688089","0","3"
"29","“Þ—ÇŒ§","29207","ŒÜžŠŽs","292070118005","“ñŒ©ŒÜ’š–Ú","34.340894","135.686576","0","3"
"29","“Þ—ÇŒ§","29207","ŒÜžŠŽs","292070118006","“ñŒ©˜Z’š–Ú","34.347202","135.684210","0","3"
"29","“Þ—ÇŒ§","29207","ŒÜžŠŽs","292070118007","“ñŒ©Žµ’š–Ú","34.344715","135.679395","0","3"
"29","“Þ—ÇŒ§","29207","ŒÜžŠŽs","292070119001","–{’¬ˆê’š–Ú","34.352061","135.693227","0","3"
"29","“Þ—ÇŒ§","29207","ŒÜžŠŽs","292070119002","–{’¬“ñ’š–Ú","34.349677","135.694064","0","3"
"29","“Þ—ÇŒ§","29207","ŒÜžŠŽs","292070119003","–{’¬ŽO’š–Ú","34.354955","135.693203","0","3"
"29","“Þ—ÇŒ§","29207","ŒÜžŠŽs","292070120000","–q’¬","34.347804","135.724441","0","1"
"29","“Þ—ÇŒ§","29207","ŒÜžŠŽs","292070121000","“ìˆ¢“c’¬","34.367629","135.761315","0","1"
"29","“Þ—ÇŒ§","29207","ŒÜžŠŽs","292070122000","ŒäŽR’¬","34.332213","135.692468","0","1"
"29","“Þ—ÇŒ§","29207","ŒÜžŠŽs","292070123000","˜Z‘q’¬","34.353252","135.730307","0","1"
"29","“Þ—ÇŒ§","29207","ŒÜžŠŽs","292070124000","ŽR‰A’¬","34.322691","135.682697","0","1"
"29","“Þ—ÇŒ§","29207","ŒÜžŠŽs","292070125000","ŽR“c’¬","34.368123","135.738415","0","1"
"29","“Þ—ÇŒ§","29207","ŒÜžŠŽs","292070126000","“’’JŽs’Ë’¬","34.347360","135.756712","0","1"
"29","“Þ—ÇŒ§","29207","ŒÜžŠŽs","292070127000","—ìˆÀŽ›’¬","34.327664","135.712840","0","1"
"29","“Þ—ÇŒ§","29208","ŒäŠŽs","292080001000","‘åŽš’©È","34.414389","135.711142","0","1"
"29","“Þ—ÇŒ§","29208","ŒäŠŽs","292080002000","‘åŽš’©’¬","34.424448","135.738978","0","1"
"29","“Þ—ÇŒ§","29208","ŒäŠŽs","292080003000","‘åŽšŒÜ•S‰Æ","34.412604","135.729098","0","1"
"29","“Þ—ÇŒ§","29208","ŒäŠŽs","292080004000","‘åŽš’r”V“à","34.445558","135.745954","0","1"
"29","“Þ—ÇŒ§","29208","ŒäŠŽs","292080005000","‘åŽšˆäŒË","34.433017","135.712709","0","1"
"29","“Þ—ÇŒ§","29208","ŒäŠŽs","292080006000","‘åŽšˆîh","34.433781","135.747818","0","1"
"29","“Þ—ÇŒ§","29208","ŒäŠŽs","292080007000","‘åŽš¡Z","34.443099","135.766330","0","1"
"29","“Þ—ÇŒ§","29208","ŒäŠŽs","292080008000","‘åŽš¡é","34.472853","135.744891","0","1"
"29","“Þ—ÇŒ§","29208","ŒäŠŽs","292080009000","‘åŽš“à’J","34.394315","135.720153","0","1"
"29","“Þ—ÇŒ§","29208","ŒäŠŽs","292080010000","‘åŽš‘½“c","34.436909","135.721635","0","1"
"29","“Þ—ÇŒ§","29208","ŒäŠŽs","292080011000","‘åŽš¬“a","34.428265","135.721516","0","1"
"29","“Þ—ÇŒ§","29208","ŒäŠŽs","292080012000","‘åŽš”Œ´","34.452260","135.762309","0","1"
"29","“Þ—ÇŒ§","29208","ŒäŠŽs","292080013000","‘åŽšŠ›_","34.406940","135.700682","0","1"
"29","“Þ—ÇŒ§","29208","ŒäŠŽs","292080014000","‘åŽš–kŒE","34.418209","135.689725","0","1"
"29","“Þ—ÇŒ§","29208","ŒäŠŽs","292080015000","‘åŽš–k\ŽO","34.469713","135.747357","0","1"
"29","“Þ—ÇŒ§","29208","ŒäŠŽs","292080016000","‘åŽš‹ù—…","34.462270","135.704549","0","1"
"29","“Þ—ÇŒ§","29208","ŒäŠŽs","292080017000","‘åŽšŒIã","34.424535","135.728246","0","1"
"29","“Þ—ÇŒ§","29208","ŒäŠŽs","292080018000","‘åŽš‹ÉŠyŽ›","34.423957","135.703516","0","1"
"29","“Þ—ÇŒ§","29208","ŒäŠŽs","292080019000","‘åŽšŒÃ£","34.415768","135.745596","0","1"
"29","“Þ—ÇŒ§","29208","ŒäŠŽs","292080020000","‘åŽš¬—Ñ","34.466640","135.712625","0","1"
"29","“Þ—ÇŒ§","29208","ŒäŠŽs","292080021000","‘åŽšK’¬","34.451962","135.725937","0","1"
"29","“Þ—ÇŒ§","29208","ŒäŠŽs","292080022000","‘åŽš²“c","34.433820","135.716074","0","1"
"29","“Þ—ÇŒ§","29208","ŒäŠŽs","292080023000","‘åŽšŽÖŒŠ","34.453507","135.735645","0","1"
"29","“Þ—ÇŒ§","29208","ŒäŠŽs","292080024000","‘åŽš‰º’ƒ‰®","34.432374","135.719083","0","1"
"29","“Þ—ÇŒ§","29208","ŒäŠŽs","292080025000","‘åŽšžŠ","34.443836","135.742537","0","1"
"29","“Þ—ÇŒ§","29208","ŒäŠŽs","292080026000","‘åŽšéŽR‘ä","34.432625","135.725249","0","1"
"29","“Þ—ÇŒ§","29208","ŒäŠŽs","292080027000","‘åŽšV“c","34.405655","135.734233","0","1"
"29","“Þ—ÇŒ§","29208","ŒäŠŽs","292080028000","‘åŽšŠÖ‰®","34.435316","135.692858","0","1"
"29","“Þ—ÇŒ§","29208","ŒäŠŽs","292080029000","‘åŽš‘m“°","34.413292","135.714825","0","1"
"29","“Þ—ÇŒ§","29208","ŒäŠŽs","292080030000","‘åŽš‚“V","34.419840","135.669912","0","1"
"29","“Þ—ÇŒ§","29208","ŒäŠŽs","292080031000","‘åŽš’|“c","34.467661","135.737445","0","1"
"29","“Þ—ÇŒ§","29208","ŒäŠŽs","292080032000","‘åŽš‹ÊŽè","34.456417","135.750011","0","1"
"29","“Þ—ÇŒ§","29208","ŒäŠŽs","292080033000","‘åŽšŠŒ´","34.462137","135.747553","0","1"
"29","“Þ—ÇŒ§","29208","ŒäŠŽs","292080034000","‘åŽšo‰®•~","34.471717","135.751061","0","1"
"29","“Þ—ÇŒ§","29208","ŒäŠŽs","292080035000","‘åŽšŒË–Ñ","34.433861","135.757419","0","1"
"29","“Þ—ÇŒ§","29208","ŒäŠŽs","292080036000","‘åŽš•y“c","34.444082","135.751905","0","1"
"29","“Þ—ÇŒ§","29208","ŒäŠŽs","292080037000","‘åŽš–L“c","34.444180","135.717696","0","1"
"29","“Þ—ÇŒ§","29208","ŒäŠŽs","292080038000","‘åŽš’¹ˆäŒË","34.420027","135.724179","0","1"
"29","“Þ—ÇŒ§","29208","ŒäŠŽs","292080039000","‘åŽš–¼•¿","34.439476","135.715705","0","1"
"29","“Þ—ÇŒ§","29208","ŒäŠŽs","292080040000","‘åŽš“èŒ´","34.454861","135.706948","0","1"
"29","“Þ—ÇŒ§","29208","ŒäŠŽs","292080041000","‘åŽš“ì‹½","34.426182","135.712453","0","1"
"29","“Þ—ÇŒ§","29208","ŒäŠŽs","292080042000","‘åŽš¼–kŒE","34.419794","135.704100","0","1"
"29","“Þ—ÇŒ§","29208","ŒäŠŽs","292080043000","‘åŽš¼²–¡","34.400682","135.702746","0","1"
"29","“Þ—ÇŒ§","29208","ŒäŠŽs","292080044000","‘åŽš¼Ž›“c","34.436667","135.724368","0","1"
"29","“Þ—ÇŒ§","29208","ŒäŠŽs","292080045000","‘åŽš¼Ž“c","34.426997","135.718223","0","1"
"29","“Þ—ÇŒ§","29208","ŒäŠŽs","292080046000","‘åŽš—Ñ","34.419772","135.715773","0","1"
"29","“Þ—ÇŒ§","29208","ŒäŠŽs","292080047000","‘åŽšŒ´’J","34.446532","135.758431","0","1"
"29","“Þ—ÇŒ§","29208","ŒäŠŽs","292080048000","‘åŽš“Œ²–¡","34.400267","135.715060","0","1"
"29","“Þ—ÇŒ§","29208","ŒäŠŽs","292080049000","‘åŽš“Œ’Ò","34.468928","135.739418","0","1"
"29","“Þ—ÇŒ§","29208","ŒäŠŽs","292080050000","‘åŽš“ŒŽ›“c","34.457113","135.756959","0","1"
"29","“Þ—ÇŒ§","29208","ŒäŠŽs","292080051000","‘åŽš“Œ–¼•¿","34.437953","135.717604","0","1"
"29","“Þ—ÇŒ§","29208","ŒäŠŽs","292080052000","‘åŽš“Œ¼–{","34.467549","135.732254","0","1"
"29","“Þ—ÇŒ§","29208","ŒäŠŽs","292080053000","‘åŽš“ŒŽ“c","34.425184","135.720288","0","1"
"29","“Þ—ÇŒ§","29208","ŒäŠŽs","292080054000","‘åŽš”ó–ì","34.421056","135.758772","0","1"
"29","“Þ—ÇŒ§","29208","ŒäŠŽs","292080055000","‘åŽš•šŒ©","34.412778","135.701530","0","1"
"29","“Þ—ÇŒ§","29208","ŒäŠŽs","292080056000","‘åŽš‘D˜H","34.411184","135.720577","0","1"
"29","“Þ—ÇŒ§","29208","ŒäŠŽs","292080057000","‘åŽš•ò‘V","34.413064","135.748145","0","1"
"29","“Þ—ÇŒ§","29208","ŒäŠŽs","292080058000","‘åŽšdã","34.398027","135.731320","0","1"
"29","“Þ—ÇŒ§","29208","ŒäŠŽs","292080059000","‘åŽš–{”n","34.463658","135.754428","0","1"
"29","“Þ—ÇŒ§","29208","ŒäŠŽs","292080060000","‘åŽš‘","34.435587","135.710464","0","1"
"29","“Þ—ÇŒ§","29208","ŒäŠŽs","292080061000","‘åŽš“ì\ŽO","34.465254","135.745855","0","1"
"29","“Þ—ÇŒ§","29208","ŒäŠŽs","292080062000","‘åŽšŽOŽº","34.455853","135.730485","0","1"
"29","“Þ—ÇŒ§","29208","ŒäŠŽs","292080063000","‘åŽš‹{ŒË","34.445315","135.725968","0","1"
"29","“Þ—ÇŒ§","29208","ŒäŠŽs","292080064000","‘åŽšŽº","34.441058","135.735485","0","1"
"29","“Þ—ÇŒ§","29208","ŒäŠŽs","292080065000","‘åŽšŒ³’¬","34.470567","135.729414","0","1"
"29","“Þ—ÇŒ§","29208","ŒäŠŽs","292080066000","‘åŽšX˜e","34.446997","135.713276","0","1"
"29","“Þ—ÇŒ§","29208","ŒäŠŽs","292080067000","‘åŽš–öŒ´","34.477647","135.751770","0","1"
"29","“Þ—ÇŒ§","29209","¶‹îŽs","292090002000 ","‚ ‚·‚©‘ä","34.709697","135.724932","0","1"
"29","“Þ—ÇŒ§","29209","¶‹îŽs","292090004001 ","‚ ‚·‚©–ì“ìˆê’š–Ú","34.711353","135.720318","0","3"
"29","“Þ—ÇŒ§","29209","¶‹îŽs","292090004002 ","‚ ‚·‚©–ì“ì“ñ’š–Ú","34.709335","135.716207","0","3"
"29","“Þ—ÇŒ§","29209","¶‹îŽs","292090004003 ","‚ ‚·‚©–ì“ìŽO’š–Ú","34.708549","135.721455","0","3"
"29","“Þ—ÇŒ§","29209","¶‹îŽs","292090003001 ","‚ ‚·‚©–ì–kˆê’š–Ú","34.714897","135.718385","0","3"
"29","“Þ—ÇŒ§","29209","¶‹îŽs","292090003002 ","‚ ‚·‚©–ì–k“ñ’š–Ú","34.713592","135.715422","0","3"
"29","“Þ—ÇŒ§","29209","¶‹îŽs","292090003003 ","‚ ‚·‚©–ì–kŽO’š–Ú","34.713994","135.712326","0","3"
"29","“Þ—ÇŒ§","29209","¶‹îŽs","292090024001 ","‚³‚Â‚«‘äˆê’š–Ú","34.676218","135.716266","0","3"
"29","“Þ—ÇŒ§","29209","¶‹îŽs","292090024002 ","‚³‚Â‚«‘ä“ñ’š–Ú","34.675241","135.718684","0","3"
"29","“Þ—ÇŒ§","29209","¶‹îŽs","292090056001 ","‚Ð‚©‚è‚ª‹uˆê’š–Ú","34.740898","135.713964","0","3"
"29","“Þ—ÇŒ§","29209","¶‹îŽs","292090056002 ","‚Ð‚©‚è‚ª‹u“ñ’š–Ú","34.740127","135.715330","0","3"
"29","“Þ—ÇŒ§","29209","¶‹îŽs","292090056003 ","‚Ð‚©‚è‚ª‹uŽO’š–Ú","34.742379","135.716690","0","3"
"29","“Þ—ÇŒ§","29209","¶‹îŽs","292090008000 ","ˆë•ª’¬","34.673875","135.708955","0","1"
"29","“Þ—ÇŒ§","29209","¶‹îŽs","292090011000 ","‰³“c’¬","34.653331","135.721131","0","1"
"29","“Þ—ÇŒ§","29209","¶‹îŽs","292090019001 ","Šì—¢‚ª‹uˆê’š–Ú","34.710093","135.693180","0","3"
"29","“Þ—ÇŒ§","29209","¶‹îŽs","292090019002 ","Šì—¢‚ª‹u“ñ’š–Ú","34.710969","135.690740","0","3"
"29","“Þ—ÇŒ§","29209","¶‹îŽs","292090019003 ","Šì—¢‚ª‹uŽO’š–Ú","34.707980","135.691473","0","3"
"29","“Þ—ÇŒ§","29209","¶‹îŽs","292090012000 ","‹SŽæ’¬","34.673386","135.681876","0","1"
"29","“Þ—ÇŒ§","29209","¶‹îŽs","292090015000 ","Œyˆä‘ò’¬","34.685629","135.694796","0","1"
"29","“Þ—ÇŒ§","29209","¶‹îŽs","292090066001 ","Œ³’¬ˆê’š–Ú","34.692387","135.697134","0","3"
"29","“Þ—ÇŒ§","29209","¶‹îŽs","292090066002 ","Œ³’¬“ñ’š–Ú","34.690784","135.690451","0","3"
"29","“Þ—ÇŒ§","29209","¶‹îŽs","292090021000 ","Œõ—z‘ä","34.699786","135.688087","0","1"
"29","“Þ—ÇŒ§","29209","¶‹îŽs","292090034000 ","‚ŽR’¬","34.753837","135.723386","0","1"
"29","“Þ—ÇŒ§","29209","¶‹îŽs","292090040000 ","Ø”¨’¬","34.680567","135.687466","0","1"
"29","“Þ—ÇŒ§","29209","¶‹îŽs","292090023000 ","÷ƒP‹u","34.699782","135.703169","0","1"
"29","“Þ—ÇŒ§","29209","¶‹îŽs","292090068000 ","ŽRèV’¬","34.689788","135.696415","0","1"
"29","“Þ—ÇŒ§","29209","¶‹îŽs","292090069000 ","ŽRè’¬","34.689709","135.705497","0","1"
"29","“Þ—ÇŒ§","29209","¶‹îŽs","292090026001 ","Ž­ƒm‘ä¼ˆê’š–Ú","34.735136","135.746300","0","3"
"29","“Þ—ÇŒ§","29209","¶‹îŽs","292090026002 ","Ž­ƒm‘ä¼“ñ’š–Ú","34.737503","135.746174","0","3"
"29","“Þ—ÇŒ§","29209","¶‹îŽs","292090026003 ","Ž­ƒm‘ä¼ŽO’š–Ú","34.738201","135.743463","0","3"
"29","“Þ—ÇŒ§","29209","¶‹îŽs","292090027001 ","Ž­ƒm‘ä“Œˆê’š–Ú","34.732428","135.753944","0","3"
"29","“Þ—ÇŒ§","29209","¶‹îŽs","292090027002 ","Ž­ƒm‘ä“Œ“ñ’š–Ú","34.734972","135.752472","0","3"
"29","“Þ—ÇŒ§","29209","¶‹îŽs","292090027003 ","Ž­ƒm‘ä“ŒŽO’š–Ú","34.736629","135.754296","0","3"
"29","“Þ—ÇŒ§","29209","¶‹îŽs","292090028001 ","Ž­ƒm‘ä“ìˆê’š–Ú","34.731099","135.750696","0","3"
"29","“Þ—ÇŒ§","29209","¶‹îŽs","292090028002 ","Ž­ƒm‘ä“ì“ñ’š–Ú","34.732856","135.748597","0","3"
"29","“Þ—ÇŒ§","29209","¶‹îŽs","292090025001 ","Ž­ƒm‘ä–kˆê’š–Ú","34.737938","135.750900","0","3"
"29","“Þ—ÇŒ§","29209","¶‹îŽs","292090025002 ","Ž­ƒm‘ä–k“ñ’š–Ú","34.738361","135.748150","0","3"
"29","“Þ—ÇŒ§","29209","¶‹îŽs","292090025003 ","Ž­ƒm‘ä–kŽO’š–Ú","34.740560","135.747501","0","3"
"29","“Þ—ÇŒ§","29209","¶‹îŽs","292090029000 ","Ž­”¨’¬","34.731414","135.739362","0","1"
"29","“Þ—ÇŒ§","29209","¶‹îŽs","292090010000 ","¬£’¬","34.663082","135.713938","0","1"
"29","“Þ—ÇŒ§","29209","¶‹îŽs","292090009000 ","¬‘qŽ›’¬","34.673646","135.690653","0","1"
"29","“Þ—ÇŒ§","29209","¶‹îŽs","292090022000 ","¬•½”ö’¬","34.656109","135.698405","0","1"
"29","“Þ—ÇŒ§","29209","¶‹îŽs","292090020000 ","¬–¾’¬","34.706079","135.707888","0","1"
"29","“Þ—ÇŒ§","29209","¶‹îŽs","292090059000 ","¼”ü‘ä","34.711382","135.698968","0","1"
"29","“Þ—ÇŒ§","29209","¶‹îŽs","292090013000 ","ã’¬","34.724575","135.709897","1","1"
"29","“Þ—ÇŒ§","29209","¶‹îŽs","292090014000 ","ã’¬‘ä","34.727903","135.715918","0","1"
"29","“Þ—ÇŒ§","29209","¶‹îŽs","292090031000 ","Vˆ®ƒP‹u","34.685324","135.704152","0","1"
"29","“Þ—ÇŒ§","29209","¶‹îŽs","292090032000 ","V¶‹î‘ä","34.711047","135.702675","0","1"
"29","“Þ—ÇŒ§","29209","¶‹îŽs","292090060001 ","^‹|ˆê’š–Ú","34.721074","135.727264","0","3"
"29","“Þ—ÇŒ§","29209","¶‹îŽs","292090060002 ","^‹|“ñ’š–Ú","34.722336","135.730075","0","3"
"29","“Þ—ÇŒ§","29209","¶‹îŽs","292090060003 ","^‹|ŽO’š–Ú","34.720637","135.732374","0","3"
"29","“Þ—ÇŒ§","29209","¶‹îŽs","292090060004 ","^‹|Žl’š–Ú","34.718787","135.734224","0","3"
"29","“Þ—ÇŒ§","29209","¶‹îŽs","292090061001 ","^‹|“ìˆê’š–Ú","34.717218","135.731614","0","3"
"29","“Þ—ÇŒ§","29209","¶‹îŽs","292090061002 ","^‹|“ì“ñ’š–Ú","34.715613","135.733694","0","3"
"29","“Þ—ÇŒ§","29209","¶‹îŽs","292090070000 ","‰Œõ‘ä","34.670397","135.719350","0","1"
"29","“Þ—ÇŒ§","29209","¶‹îŽs","292090007000 ","¶‹î‘ä“ì","34.703219","135.702856","0","1"
"29","“Þ—ÇŒ§","29209","¶‹îŽs","292090006000 ","¶‹î‘ä–k","34.705196","135.700499","0","1"
"29","“Þ—ÇŒ§","29209","¶‹îŽs","292090041000 ","¼ˆ®ƒP‹u","34.687335","135.698248","0","1"
"29","“Þ—ÇŒ§","29209","¶‹îŽs","292090043000 ","¼Ø”¨’¬","34.680121","135.700814","0","1"
"29","“Þ—ÇŒ§","29209","¶‹îŽs","292090045000 ","¼¼ƒP‹u","34.699524","135.692962","0","1"
"29","“Þ—ÇŒ§","29209","¶‹îŽs","292090042001 ","¼”’’ë‘äˆê’š–Ú","34.725322","135.707271","0","3"
"29","“Þ—ÇŒ§","29209","¶‹îŽs","292090042002 ","¼”’’ë‘ä“ñ’š–Ú","34.728825","135.706966","0","3"
"29","“Þ—ÇŒ§","29209","¶‹îŽs","292090042003 ","¼”’’ë‘äŽO’š–Ú","34.728785","135.709838","0","3"
"29","“Þ—ÇŒ§","29209","¶‹îŽs","292090044000 ","¼”¨’¬","34.667956","135.680026","0","1"
"29","“Þ—ÇŒ§","29209","¶‹îŽs","292090001000 ","ÂŽR‘ä","34.667971","135.700915","0","1"
"29","“Þ—ÇŒ§","29209","¶‹îŽs","292090033000 ","‘å–å’¬","34.669004","135.694290","0","1"
"29","“Þ—ÇŒ§","29209","¶‹îŽs","292090035000 ","’J“c’¬","34.695072","135.701581","0","1"
"29","“Þ—ÇŒ§","29209","¶‹îŽs","292090038001 ","’†Ø”¨ˆê’š–Ú","34.684730","135.707031","0","3"
"29","“Þ—ÇŒ§","29209","¶‹îŽs","292090038002 ","’†Ø”¨“ñ’š–Ú","34.681744","135.706650","0","3"
"29","“Þ—ÇŒ§","29209","¶‹îŽs","292090039000 ","’‡”V’¬","34.687600","135.692409","0","1"
"29","“Þ—ÇŒ§","29209","¶‹îŽs","292090037000 ","’Ò’¬","34.696258","135.710328","0","1"
"29","“Þ—ÇŒ§","29209","¶‹îŽs","292090049000 ","“Œˆ®ƒP‹u","34.689127","135.700649","0","1"
"29","“Þ—ÇŒ§","29209","¶‹îŽs","292090053001 ","“ŒØ”¨ˆê’š–Ú","34.686888","135.712904","0","3"
"29","“Þ—ÇŒ§","29209","¶‹îŽs","292090053002 ","“ŒØ”¨“ñ’š–Ú","34.682346","135.709441","0","3"
"29","“Þ—ÇŒ§","29209","¶‹îŽs","292090055000 ","“ŒŽR’¬","34.650743","135.710708","0","1"
"29","“Þ—ÇŒ§","29209","¶‹îŽs","292090054000 ","“Œ¼ƒP‹u","34.697941","135.698003","0","1"
"29","“Þ—ÇŒ§","29209","¶‹îŽs","292090052000 ","“ŒV’¬","34.692295","135.701190","0","1"
"29","“Þ—ÇŒ§","29209","¶‹îŽs","292090050001 ","“Œ¶‹îˆê’š–Ú","34.689037","135.713265","0","3"
"29","“Þ—ÇŒ§","29209","¶‹îŽs","292090050002 ","“Œ¶‹î“ñ’š–Ú","34.683813","135.718190","0","3"
"29","“Þ—ÇŒ§","29209","¶‹îŽs","292090050003 ","“Œ¶‹îŽO’š–Ú","34.681726","135.713924","0","3"
"29","“Þ—ÇŒ§","29209","¶‹îŽs","292090050004 ","“Œ¶‹îŽl’š–Ú","34.679853","135.717271","0","3"
"29","“Þ—ÇŒ§","29209","¶‹îŽs","292090051000 ","“Œ¶‹îŒŽŒ©’¬","34.684276","135.712628","0","1"
"29","“Þ—ÇŒ§","29209","¶‹îŽs","292090057000 ","“¡”ö’¬","34.664239","135.687668","0","1"
"29","“Þ—ÇŒ§","29209","¶‹îŽs","292090065000 ","“ìŽRŽè‘ä","34.665533","135.720581","0","1"
"29","“Þ—ÇŒ§","29209","¶‹îŽs","292090064000 ","“ì“cŒ´’¬","34.715626","135.701971","0","1"
"29","“Þ—ÇŒ§","29209","¶‹îŽs","292090046000 ","”‹‚Ì‘ä","34.659943","135.714375","0","1"
"29","“Þ—ÇŒ§","29209","¶‹îŽs","292090047001 ","”‹‚Ì‘äˆê’š–Ú","34.655561","135.709051","0","3"
"29","“Þ—ÇŒ§","29209","¶‹îŽs","292090047002 ","”‹‚Ì‘ä“ñ’š–Ú","34.657620","135.712524","0","3"
"29","“Þ—ÇŒ§","29209","¶‹îŽs","292090047003 ","”‹‚Ì‘äŽO’š–Ú","34.655369","135.711227","0","3"
"29","“Þ—ÇŒ§","29209","¶‹îŽs","292090047004 ","”‹‚Ì‘äŽl’š–Ú","34.655150","135.714556","0","3"
"29","“Þ—ÇŒ§","29209","¶‹îŽs","292090047005 ","”‹‚Ì‘äŒÜ’š–Ú","34.653013","135.712148","0","3"
"29","“Þ—ÇŒ§","29209","¶‹îŽs","292090048000 ","”‹Œ´’¬","34.665542","135.702094","0","1"
"29","“Þ—ÇŒ§","29209","¶‹îŽs","292090030001 ","”’’ë‘äˆê’š–Ú","34.725907","135.710764","1","3"
"29","“Þ—ÇŒ§","29209","¶‹îŽs","292090030002 ","”’’ë‘ä“ñ’š–Ú","34.725831","135.712883","0","3"
"29","“Þ—ÇŒ§","29209","¶‹îŽs","292090030003 ","”’’ë‘äŽO’š–Ú","34.724527","135.714153","0","3"
"29","“Þ—ÇŒ§","29209","¶‹îŽs","292090030004 ","”’’ë‘äŽl’š–Ú","34.721606","135.713980","0","3"
"29","“Þ—ÇŒ§","29209","¶‹îŽs","292090030005 ","”’’ë‘äŒÜ’š–Ú","34.717992","135.714606","0","3"
"29","“Þ—ÇŒ§","29209","¶‹îŽs","292090030006 ","”’’ë‘ä˜Z’š–Ú","34.719615","135.717766","0","3"
"29","“Þ—ÇŒ§","29209","¶‹îŽs","292090062000 ","”üŽ­‚Ì‘ä","34.730994","135.743975","0","1"
"29","“Þ—ÇŒ§","29209","¶‹îŽs","292090036000 ","•UŒû’¬","34.701710","135.680173","0","1"
"29","“Þ—ÇŒ§","29209","¶‹îŽs","292090016000 ","–kV’¬","34.694720","135.691826","0","1"
"29","“Þ—ÇŒ§","29209","¶‹îŽs","292090018001 ","–k‘å˜aˆê’š–Ú","34.725224","135.727459","0","3"
"29","“Þ—ÇŒ§","29209","¶‹îŽs","292090018002 ","–k‘å˜a“ñ’š–Ú","34.724569","135.731841","0","3"
"29","“Þ—ÇŒ§","29209","¶‹îŽs","292090018003 ","–k‘å˜aŽO’š–Ú","34.723520","135.735403","0","3"
"29","“Þ—ÇŒ§","29209","¶‹îŽs","292090018004 ","–k‘å˜aŽl’š–Ú","34.728191","135.729261","0","3"
"29","“Þ—ÇŒ§","29209","¶‹îŽs","292090018005 ","–k‘å˜aŒÜ’š–Ú","34.726148","135.735006","0","3"
"29","“Þ—ÇŒ§","29209","¶‹îŽs","292090017000 ","–k“cŒ´’¬","34.738942","135.704701","0","1"
"29","“Þ—ÇŒ§","29209","¶‹îŽs","292090058000 ","–{’¬","34.690456","135.694847","0","1"
"29","“Þ—ÇŒ§","29209","¶‹îŽs","292090067000 ","–å‘O’¬","34.686946","135.688361","0","1"
"29","“Þ—ÇŒ§","29209","¶‹îŽs","292090005000 ","—L—¢’¬","34.670315","135.702147","0","1"
"29","“Þ—ÇŒ§","29209","¶‹îŽs","292090063000 ","—ÎƒP‹u","34.683885","135.699869","0","1"
"29","“Þ—ÇŒ§","29210","ŽÅŽs","292100001001","ˆ®ƒP‹uˆê’š–Ú","34.553926","135.696750","0","3"
"29","“Þ—ÇŒ§","29210","ŽÅŽs","292100001002","ˆ®ƒP‹u“ñ’š–Ú","34.553138","135.693075","0","3"
"29","“Þ—ÇŒ§","29210","ŽÅŽs","292100001003","ˆ®ƒP‹uŽO’š–Ú","34.556642","135.692545","0","3"
"29","“Þ—ÇŒ§","29210","ŽÅŽs","292100001004","ˆ®ƒP‹uŽl’š–Ú","34.553729","135.689716","0","3"
"29","“Þ—ÇŒ§","29210","ŽÅŽs","292100001005","ˆ®ƒP‹uŒÜ’š–Ú","34.553693","135.684910","0","3"
"29","“Þ—ÇŒ§","29210","ŽÅŽs","292100002000","ŒŠ’Ž","34.543675","135.674030","0","1"
"29","“Þ—ÇŒ§","29210","ŽÅŽs","292100003000","ˆé•Ç","34.527143","135.698779","0","1"
"29","“Þ—ÇŒ§","29210","ŽÅŽs","292100004001","ˆé•Çˆê’š–Ú","34.536290","135.697056","0","3"
"29","“Þ—ÇŒ§","29210","ŽÅŽs","292100004002","ˆé•Ç“ñ’š–Ú","34.536732","135.700259","0","3"
"29","“Þ—ÇŒ§","29210","ŽÅŽs","292100004003","ˆé•ÇŽO’š–Ú","34.537371","135.702456","0","3"
"29","“Þ—ÇŒ§","29210","ŽÅŽs","292100004004","ˆé•ÇŽl’š–Ú","34.533949","135.702038","0","3"
"29","“Þ—ÇŒ§","29210","ŽÅŽs","292100004005","ˆé•ÇŒÜ’š–Ú","34.532838","135.698229","0","3"
"29","“Þ—ÇŒ§","29210","ŽÅŽs","292100004006","ˆé•Ç˜Z’š–Ú","34.530243","135.702475","0","3"
"29","“Þ—ÇŒ§","29210","ŽÅŽs","292100004007","ˆé•ÇŽµ’š–Ú","34.529279","135.698523","0","3"
"29","“Þ—ÇŒ§","29210","ŽÅŽs","292100005000","¡ò","34.560311","135.687798","0","1"
"29","“Þ—ÇŒ§","29210","ŽÅŽs","292100006000","ˆ§â","34.551914","135.685993","0","1"
"29","“Þ—ÇŒ§","29210","ŽÅŽs","292100007001","ˆ§âˆê’š–Ú","34.543394","135.693655","0","3"
"29","“Þ—ÇŒ§","29210","ŽÅŽs","292100007002","ˆ§â“ñ’š–Ú","34.543711","135.690771","0","3"
"29","“Þ—ÇŒ§","29210","ŽÅŽs","292100007003","ˆ§âŽO’š–Ú","34.545276","135.694042","0","3"
"29","“Þ—ÇŒ§","29210","ŽÅŽs","292100007004","ˆ§âŽl’š–Ú","34.547799","135.695126","0","3"
"29","“Þ—ÇŒ§","29210","ŽÅŽs","292100007005","ˆ§âŒÜ’š–Ú","34.547852","135.692622","0","3"
"29","“Þ—ÇŒ§","29210","ŽÅŽs","292100007006","ˆ§â˜Z’š–Ú","34.547371","135.690257","0","3"
"29","“Þ—ÇŒ§","29210","ŽÅŽs","292100007007","ˆ§âŽµ’š–Ú","34.550639","135.693877","0","3"
"29","“Þ—ÇŒ§","29210","ŽÅŽs","292100007008","ˆ§â”ª’š–Ú","34.549647","135.690207","0","3"
"29","“Þ—ÇŒ§","29210","ŽÅŽs","292100008000","Š™“c","34.524376","135.711389","0","1"
"29","“Þ—ÇŒ§","29210","ŽÅŽs","292100009000","ã’†","34.561332","135.702387","0","1"
"29","“Þ—ÇŒ§","29210","ŽÅŽs","292100010000","Š¢Œû","34.535917","135.718844","0","1"
"29","“Þ—ÇŒ§","29210","ŽÅŽs","292100011001","–k¡Žsˆê’š–Ú","34.547938","135.704194","0","3"
"29","“Þ—ÇŒ§","29210","ŽÅŽs","292100011002","–k¡Žs“ñ’š–Ú","34.551020","135.702616","0","3"
"29","“Þ—ÇŒ§","29210","ŽÅŽs","292100011003","–k¡ŽsŽO’š–Ú","34.547602","135.701218","0","3"
"29","“Þ—ÇŒ§","29210","ŽÅŽs","292100011004","–k¡ŽsŽl’š–Ú","34.551114","135.700872","0","3"
"29","“Þ—ÇŒ§","29210","ŽÅŽs","292100011005","–k¡ŽsŒÜ’š–Ú","34.547240","135.698227","0","3"
"29","“Þ—ÇŒ§","29210","ŽÅŽs","292100011006","–k¡Žs˜Z’š–Ú","34.549708","135.698264","0","3"
"29","“Þ—ÇŒ§","29210","ŽÅŽs","292100011007","–k¡ŽsŽµ’š–Ú","34.551077","135.697396","0","3"
"29","“Þ—ÇŒ§","29210","ŽÅŽs","292100012000","ŒÜˆÊ“°","34.533987","135.719700","0","1"
"29","“Þ—ÇŒ§","29210","ŽÅŽs","292100013001","ŒÜˆÊ“°ˆê’š–Ú","34.532962","135.712938","0","3"
"29","“Þ—ÇŒ§","29210","ŽÅŽs","292100013002","ŒÜˆÊ“°“ñ’š–Ú","34.533126","135.714609","0","3"
"29","“Þ—ÇŒ§","29210","ŽÅŽs","292100013003","ŒÜˆÊ“°ŽO’š–Ú","34.533605","135.717674","0","3"
"29","“Þ—ÇŒ§","29210","ŽÅŽs","292100013004","ŒÜˆÊ“°Žl’š–Ú","34.531651","135.717972","0","3"
"29","“Þ—ÇŒ§","29210","ŽÅŽs","292100013005","ŒÜˆÊ“°ŒÜ’š–Ú","34.528886","135.716281","0","3"
"29","“Þ—ÇŒ§","29210","ŽÅŽs","292100013006","ŒÜˆÊ“°˜Z’š–Ú","34.528592","135.718643","0","3"
"29","“Þ—ÇŒ§","29210","ŽÅŽs","292100014000","ŒÜƒPŠ","34.549114","135.716818","0","1"
"29","“Þ—ÇŒ§","29210","ŽÅŽs","292100015001","‰º“c¼ˆê’š–Ú","34.543318","135.704537","0","3"
"29","“Þ—ÇŒ§","29210","ŽÅŽs","292100015002","‰º“c¼“ñ’š–Ú","34.544004","135.701040","0","3"
"29","“Þ—ÇŒ§","29210","ŽÅŽs","292100015003","‰º“c¼ŽO’š–Ú","34.540730","135.701433","0","3"
"29","“Þ—ÇŒ§","29210","ŽÅŽs","292100015004","‰º“c¼Žl’š–Ú","34.540522","135.705404","0","3"
"29","“Þ—ÇŒ§","29210","ŽÅŽs","292100016001","‰º“c“Œˆê’š–Ú","34.544586","135.705979","0","3"
"29","“Þ—ÇŒ§","29210","ŽÅŽs","292100016002","‰º“c“Œ“ñ’š–Ú","34.541333","135.708432","0","3"
"29","“Þ—ÇŒ§","29210","ŽÅŽs","292100016003","‰º“c“ŒŽO’š–Ú","34.541900","135.711667","0","3"
"29","“Þ—ÇŒ§","29210","ŽÅŽs","292100016004","‰º“c“ŒŽl’š–Ú","34.543789","135.708708","0","3"
"29","“Þ—ÇŒ§","29210","ŽÅŽs","292100016005","‰º“c“ŒŒÜ’š–Ú","34.546517","135.708746","0","3"
"29","“Þ—ÇŒ§","29210","ŽÅŽs","292100017000","ŠÖ‰®","34.554950","135.670504","0","1"
"29","“Þ—ÇŒ§","29210","ŽÅŽs","292100018001","ŠÖ‰®–kˆê’š–Ú","34.560574","135.676080","0","3"
"29","“Þ—ÇŒ§","29210","ŽÅŽs","292100018002","ŠÖ‰®–k“ñ’š–Ú","34.556918","135.671401","0","3"
"29","“Þ—ÇŒ§","29210","ŽÅŽs","292100018003","ŠÖ‰®–kŽO’š–Ú","34.559861","135.671612","0","3"
"29","“Þ—ÇŒ§","29210","ŽÅŽs","292100018004","ŠÖ‰®–kŽl’š–Ú","34.563300","135.672197","0","3"
"29","“Þ—ÇŒ§","29210","ŽÅŽs","292100018005","ŠÖ‰®–kŒÜ’š–Ú","34.559602","135.667420","0","3"
"29","“Þ—ÇŒ§","29210","ŽÅŽs","292100018006","ŠÖ‰®–k˜Z’š–Ú","34.557222","135.665378","0","3"
"29","“Þ—ÇŒ§","29210","ŽÅŽs","292100018007","ŠÖ‰®–kŽµ’š–Ú","34.557704","135.661776","0","3"
"29","“Þ—ÇŒ§","29210","ŽÅŽs","292100018008","ŠÖ‰®–k”ª’š–Ú","34.563461","135.664175","0","3"
"29","“Þ—ÇŒ§","29210","ŽÅŽs","292100019000","‚","34.553802","135.702751","0","1"
"29","“Þ—ÇŒ§","29210","ŽÅŽs","292100020001","‚ŽR‘äˆê’š–Ú","34.546981","135.682904","0","3"
"29","“Þ—ÇŒ§","29210","ŽÅŽs","292100020002","‚ŽR‘ä“ñ’š–Ú","34.549012","135.680421","0","3"
"29","“Þ—ÇŒ§","29210","ŽÅŽs","292100020003","‚ŽR‘äŽO’š–Ú","34.547617","135.676508","0","3"
"29","“Þ—ÇŒ§","29210","ŽÅŽs","292100021000","“cK","34.549029","135.657785","0","1"
"29","“Þ—ÇŒ§","29210","ŽÅŽs","292100022001","¼^”üˆê’š–Ú","34.543480","135.712346","0","3"
"29","“Þ—ÇŒ§","29210","ŽÅŽs","292100022002","¼^”ü“ñ’š–Ú","34.547573","135.713243","0","3"
"29","“Þ—ÇŒ§","29210","ŽÅŽs","292100022003","¼^”üŽO’š–Ú","34.544009","135.716047","0","3"
"29","“Þ—ÇŒ§","29210","ŽÅŽs","292100023000","“òŽ›","34.572867","135.684320","0","1"
"29","“Þ—ÇŒ§","29210","ŽÅŽs","292100024001","“òŽ›ˆê’š–Ú","34.571987","135.703213","0","3"
"29","“Þ—ÇŒ§","29210","ŽÅŽs","292100024002","“òŽ›“ñ’š–Ú","34.572142","135.699861","0","3"
"29","“Þ—ÇŒ§","29210","ŽÅŽs","292100024003","“òŽ›ŽO’š–Ú","34.571443","135.695388","0","3"
"29","“Þ—ÇŒ§","29210","ŽÅŽs","292100025001","”’–P‘äˆê’š–Ú","34.568930","135.696708","0","3"
"29","“Þ—ÇŒ§","29210","ŽÅŽs","292100025002","”’–P‘ä“ñ’š–Ú","34.569032","135.692774","0","3"
"29","“Þ—ÇŒ§","29210","ŽÅŽs","292100026000","”¨","34.537469","135.682150","0","1"
"29","“Þ—ÇŒ§","29210","ŽÅŽs","292100027001","”¨ˆê’š–Ú","34.538416","135.696094","0","3"
"29","“Þ—ÇŒ§","29210","ŽÅŽs","292100027002","”¨“ñ’š–Ú","34.539095","135.692559","0","3"
"29","“Þ—ÇŒ§","29210","ŽÅŽs","292100027003","”¨ŽO’š–Ú","34.540711","135.692193","0","3"
"29","“Þ—ÇŒ§","29210","ŽÅŽs","292100027004","”¨Žl’š–Ú","34.539890","135.686743","0","3"
"29","“Þ—ÇŒ§","29210","ŽÅŽs","292100027005","”¨ŒÜ’š–Ú","34.537340","135.691392","0","3"
"29","“Þ—ÇŒ§","29210","ŽÅŽs","292100027006","”¨˜Z’š–Ú","34.535956","135.688693","0","3"
"29","“Þ—ÇŒ§","29210","ŽÅŽs","292100027007","”¨Žµ’š–Ú","34.536990","135.685448","0","3"
"29","“Þ—ÇŒ§","29210","ŽÅŽs","292100028000","•½–ì","34.565610","135.692350","0","1"
"29","“Þ—ÇŒ§","29210","ŽÅŽs","292100029001","“¡ŽRˆê’š–Ú","34.542715","135.697569","0","3"
"29","“Þ—ÇŒ§","29210","ŽÅŽs","292100029002","“¡ŽR“ñ’š–Ú","34.544643","135.696865","0","3"
"29","“Þ—ÇŒ§","29210","ŽÅŽs","292100030000","•ÊŠ","34.533545","135.723365","0","1"
"29","“Þ—ÇŒ§","29210","ŽÅŽs","292100031000","–{’¬","34.541208","135.697827","0","1"
"29","“Þ—ÇŒ§","29210","ŽÅŽs","292100032001","^”üƒ–‹uˆê’š–Ú","34.541244","135.717323","0","3"
"29","“Þ—ÇŒ§","29210","ŽÅŽs","292100032002","^”üƒ–‹u“ñ’š–Ú","34.540564","135.721477","0","3"
"29","“Þ—ÇŒ§","29210","ŽÅŽs","292100032003","^”üƒ–‹uŽO’š–Ú","34.537974","135.723837","0","3"
"29","“Þ—ÇŒ§","29210","ŽÅŽs","292100032004","^”üƒ–‹uŽl’š–Ú","34.535586","135.727322","0","3"
"29","“Þ—ÇŒ§","29210","ŽÅŽs","292100032005","^”üƒ–‹uŒÜ’š–Ú","34.547212","135.719315","0","3"
"29","“Þ—ÇŒ§","29210","ŽÅŽs","292100032006","^”üƒ–‹u˜Z’š–Ú","34.543574","135.722292","0","3"
"29","“Þ—ÇŒ§","29210","ŽÅŽs","292100032007","^”üƒ–‹uŽµ’š–Ú","34.542160","135.725444","0","3"
"29","“Þ—ÇŒ§","29210","ŽÅŽs","292100033000","—Ç•ŸŽ›","34.529409","135.708067","0","1"
"29","“Þ—ÇŒ§","29210","ŽÅŽs","292100034001","‚·‚Ý‚ê–ìˆê’š–Ú","34.540242","135.712640","0","3"
"29","“Þ—ÇŒ§","29210","ŽÅŽs","292100034002","‚·‚Ý‚ê–ì“ñ’š–Ú","34.538691","135.713887","0","3"
"29","“Þ—ÇŒ§","29210","ŽÅŽs","292100035000","ŒÏˆä","34.536347","135.709592","0","1"
"29","“Þ—ÇŒ§","29211","Š‹éŽs","292110001000","¡Ý‰Æ","34.521843","135.704330","0","1"
"29","“Þ—ÇŒ§","29211","Š‹éŽs","292110002000","”~Žº","34.468217","135.696147","0","1"
"29","“Þ—ÇŒ§","29211","Š‹éŽs","292110003000","‘¾“c","34.496248","135.702439","0","1"
"29","“Þ—ÇŒ§","29211","Š‹éŽs","292110004000","‘å‰®","34.487183","135.711436","0","1"
"29","“Þ—ÇŒ§","29211","Š‹éŽs","292110005000","”EŠC","34.475799","135.731174","0","1"
"29","“Þ—ÇŒ§","29211","Š‹éŽs","292110006000","‘å”¨","34.500214","135.715863","0","1"
"29","“Þ—ÇŒ§","29211","Š‹éŽs","292110007000","Š`–{","34.490602","135.731586","0","1"
"29","“Þ—ÇŒ§","29211","Š‹éŽs","292110008000","Ÿª","34.517318","135.710323","0","1"
"29","“Þ—ÇŒ§","29211","Š‹éŽs","292110009000","Š‹–Ø","34.484699","135.720112","0","1"
"29","“Þ—ÇŒ§","29211","Š‹éŽs","292110010000","‰ÁŽç","34.533322","135.680863","0","1"
"29","“Þ—ÇŒ§","29211","Š‹éŽs","292110011000","–k‰Ô“à","34.486019","135.731493","0","1"
"29","“Þ—ÇŒ§","29211","Š‹éŽs","292110012000","–k“¹ân","34.494661","135.723168","0","1"
"29","“Þ—ÇŒ§","29211","Š‹éŽs","292110013000","–ØŒË","34.512931","135.714557","0","1"
"29","“Þ—ÇŒ§","29211","Š‹éŽs","292110014000","V‘º","34.477441","135.746156","0","1"
"29","“Þ—ÇŒ§","29211","Š‹éŽs","292110015000","ŽÚ“y","34.508771","135.724778","0","1"
"29","“Þ—ÇŒ§","29211","Š‹éŽs","292110016000","VÝ‰Æ","34.523923","135.691674","0","1"
"29","“Þ—ÇŒ§","29211","Š‹éŽs","292110017000","V¯","34.487241","135.714891","0","1"
"29","“Þ—ÇŒ§","29211","Š‹éŽs","292110018000","V’¬","34.480758","135.737493","0","1"
"29","“Þ—ÇŒ§","29211","Š‹éŽs","292110019000","õ–ì","34.522795","135.681464","0","1"
"29","“Þ—ÇŒ§","29211","Š‹éŽs","292110020000","ác–ƒ","34.515298","135.698515","0","1"
"29","“Þ—ÇŒ§","29211","Š‹éŽs","292110021000","’|“à","34.508009","135.691011","0","1"
"29","“Þ—ÇŒ§","29211","Š‹éŽs","292110022000","Ž›Œû","34.479742","135.694521","0","1"
"29","“Þ—ÇŒ§","29211","Š‹éŽs","292110023000","’·”ö","34.510779","135.710515","0","1"
"29","“Þ—ÇŒ§","29211","Š‹éŽs","292110024000","’†ŒË","34.493031","135.705625","0","1"
"29","“Þ—ÇŒ§","29211","Š‹éŽs","292110025000","¼’Ò","34.475899","135.724196","0","1"
"29","“Þ—ÇŒ§","29211","Š‹éŽs","292110026000","¼Žº","34.494919","135.726624","0","1"
"29","“Þ—ÇŒ§","29211","Š‹éŽs","292110027000","åG","34.474397","135.737743","0","1"
"29","“Þ—ÇŒ§","29211","Š‹éŽs","292110028000","”ªì","34.506825","135.715761","0","1"
"29","“Þ—ÇŒ§","29211","Š‹éŽs","292110029000","—Ñ“°","34.478773","135.721512","0","1"
"29","“Þ—ÇŒ§","29211","Š‹éŽs","292110030000","“ŒŽº","34.495840","135.731784","0","1"
"29","“Þ—ÇŒ§","29211","Š‹éŽs","292110031000","•D“c","34.502402","135.724658","0","1"
"29","“Þ—ÇŒ§","29211","Š‹éŽs","292110032000","•º‰Æ","34.498749","135.690498","0","1"
"29","“Þ—ÇŒ§","29211","Š‹éŽs","292110033000","•½‰ª","34.476950","135.710919","0","1"
"29","“Þ—ÇŒ§","29211","Š‹éŽs","292110034000","“J“°","34.487280","135.742231","0","1"
"29","“Þ—ÇŒ§","29211","Š‹éŽs","292110035000","“J","34.471680","135.711374","0","1"
"29","“Þ—ÇŒ§","29211","Š‹éŽs","292110036000","™ž”V¯","34.494477","135.718447","0","1"
"29","“Þ—ÇŒ§","29211","Š‹éŽs","292110037000","“ì¡Žs","34.503566","135.708735","0","1"
"29","“Þ—ÇŒ§","29211","Š‹éŽs","292110038000","“ì‰Ô“à","34.480690","135.728763","0","1"
"29","“Þ—ÇŒ§","29211","Š‹éŽs","292110039000","“ì“¡ˆä","34.482987","135.713405","0","1"
"29","“Þ—ÇŒ§","29211","Š‹éŽs","292110040000","“ì“¹ân","34.488745","135.720057","0","1"
"29","“Þ—ÇŒ§","29211","Š‹éŽs","292110041000","ŽRŒû","34.471553","135.702648","0","1"
"29","“Þ—ÇŒ§","29211","Š‹éŽs","292110042000","ŽR“c","34.477291","135.716071","0","1"
"29","“Þ—ÇŒ§","29211","Š‹éŽs","292110043000","˜e“c","34.470523","135.720857","0","1"
"29","“Þ—ÇŒ§","29212","‰F‘ÉŽs","292120001000","“p“c–ìˆîŒË","34.461962","135.969532","0","1"
"29","“Þ—ÇŒ§","29212","‰F‘ÉŽs","292120002000","“p“c–ìŠâí•","34.474850","135.961491","0","1"
"29","“Þ—ÇŒ§","29212","‰F‘ÉŽs","292120003000","“p“c–ìŠâ’[","34.469289","136.038729","0","1"
"29","“Þ—ÇŒ§","29212","‰F‘ÉŽs","292120004000","“p“c–ì‰F‰êŽu","34.453596","135.998996","0","1"
"29","“Þ—ÇŒ§","29212","‰F‘ÉŽs","292120005000","“p“c–ì‘å_","34.480923","135.988271","0","1"
"29","“Þ—ÇŒ§","29212","‰F‘ÉŽs","292120006000","“p“c–ì‘åàV","34.478318","135.975142","0","1"
"29","“Þ—ÇŒ§","29212","‰F‘ÉŽs","292120007000","“p“c–ìã–F–ì","34.464885","136.016132","0","1"
"29","“Þ—ÇŒ§","29212","‰F‘ÉŽs","292120008000","“p“c–ì‹î‹A","34.462417","135.978424","0","1"
"29","“Þ—ÇŒ§","29212","‰F‘ÉŽs","292120009000","“p“c–ì²‘q","34.448596","135.981455","0","1"
"29","“Þ—ÇŒ§","29212","‰F‘ÉŽs","292120010000","“p“c–ì‰º–F–ì","34.469080","135.999211","0","1"
"29","“Þ—ÇŒ§","29212","‰F‘ÉŽs","292120011000","“p“c–ì“Œ‹½","34.470098","135.986744","0","1"
"29","“Þ—ÇŒ§","29212","‰F‘ÉŽs","292120012000","“p“c–ì“ü’J","34.477513","135.994910","0","1"
"29","“Þ—ÇŒ§","29212","‰F‘ÉŽs","292120013000","“p“c–ì•½ˆä","34.489362","135.985395","0","1"
"29","“Þ—ÇŒ§","29212","‰F‘ÉŽs","292120014000","“p“c–ìŒÃŽsê","34.472689","135.968315","0","1"
"29","“Þ—ÇŒ§","29212","‰F‘ÉŽs","292120015000","“p“c–ì•ÊŠ","34.480869","135.965181","0","1"
"29","“Þ—ÇŒ§","29212","‰F‘ÉŽs","292120016000","“p“c–ì¼ˆä","34.472055","135.980515","0","1"
"29","“Þ—ÇŒ§","29212","‰F‘ÉŽs","292120017000","“p“c–ìŒ©“c","34.481779","135.976300","0","1"
"29","“Þ—ÇŒ§","29212","‰F‘ÉŽs","292120018000","‘å‰F‘É–ƒ¶“c","34.500864","135.914395","0","1"
"29","“Þ—ÇŒ§","29212","‰F‘ÉŽs","292120019000","‘å‰F‘ÉŒÜ’Ã","34.516201","135.940052","0","1"
"29","“Þ—ÇŒ§","29212","‰F‘ÉŽs","292120020000","‘å‰F‘ÉoV","34.475838","135.933986","0","1"
"29","“Þ—ÇŒ§","29212","‰F‘ÉŽs","292120021000","‘å‰F‘ÉŠâ´…","34.481499","135.945835","0","1"
"29","“Þ—ÇŒ§","29212","‰F‘ÉŽs","292120022000","‘å‰F‘ÉŠâŽº","34.488943","135.923404","0","1"
"29","“Þ—ÇŒ§","29212","‰F‘ÉŽs","292120023000","‘å‰F‘É“àŒ´","34.498359","135.929363","0","1"
"29","“Þ—ÇŒ§","29212","‰F‘ÉŽs","292120024000","‘å‰F‘ÉŠð‰ÍŒ´","34.487928","135.913080","0","1"
"29","“Þ—ÇŒ§","29212","‰F‘ÉŽs","292120025000","‘å‰F‘É‘åŒF","34.444215","135.969828","0","1"
"29","“Þ—ÇŒ§","29212","‰F‘ÉŽs","292120026000","‘å‰F‘Ét“ú","34.484492","135.936997","0","1"
"29","“Þ—ÇŒ§","29212","‰F‘ÉŽs","292120027000","‘å‰F‘Éã","34.481105","135.932753","0","1"
"29","“Þ—ÇŒ§","29212","‰F‘ÉŽs","292120028000","‘å‰F‘Éã•Ð‰ª","34.440211","135.959335","0","1"
"29","“Þ—ÇŒ§","29212","‰F‘ÉŽs","292120029000","‘å‰F‘Éã•i","34.457888","135.961694","0","1"
"29","“Þ—ÇŒ§","29212","‰F‘ÉŽs","292120030000","‘å‰F‘ÉãV","34.478830","135.932862","0","1"
"29","“Þ—ÇŒ§","29212","‰F‘ÉŽs","292120031000","‘å‰F‘Éã’ƒ","34.484051","135.932762","0","1"
"29","“Þ—ÇŒ§","29212","‰F‘ÉŽs","292120032000","‘å‰F‘Éã’†","34.482298","135.932993","0","1"
"29","“Þ—ÇŒ§","29212","‰F‘ÉŽs","292120033000","‘å‰F‘Éã–{","34.482877","135.932999","0","1"
"29","“Þ—ÇŒ§","29212","‰F‘ÉŽs","292120034000","‘å‰F‘ÉŒû¡ˆä","34.505155","135.925395","0","1"
"29","“Þ—ÇŒ§","29212","‰F‘ÉŽs","292120035000","‘å‰F‘ÉŒI–ì","34.449057","135.930801","0","1"
"29","“Þ—ÇŒ§","29212","‰F‘ÉŽs","292120036000","‘å‰F‘É•–Ø","34.467885","135.921266","0","1"
"29","“Þ—ÇŒ§","29212","‰F‘ÉŽs","292120037000","‘å‰F‘É¬oŒû","34.480604","135.931519","0","1"
"29","“Þ—ÇŒ§","29212","‰F‘ÉŽs","292120038000","‘å‰F‘É¬•","34.494517","135.927455","0","1"
"29","“Þ—ÇŒ§","29212","‰F‘ÉŽs","292120039000","‘å‰F‘É¬˜a“c","34.454715","135.967844","0","1"
"29","“Þ—ÇŒ§","29212","‰F‘ÉŽs","292120040000","‘å‰F‘ÉËƒP’Ò","34.477787","135.955071","0","1"
"29","“Þ—ÇŒ§","29212","‰F‘ÉŽs","292120041000","‘å‰F‘ÉŽÅ¶","34.493379","135.918737","0","1"
"29","“Þ—ÇŒ§","29212","‰F‘ÉŽs","292120042000","‘å‰F‘É‰º•Ð‰ª","34.450167","135.958567","0","1"
"29","“Þ—ÇŒ§","29212","‰F‘ÉŽs","292120043000","‘å‰F‘É‰º•i","34.462075","135.960403","0","1"
"29","“Þ—ÇŒ§","29212","‰F‘ÉŽs","292120044000","‘å‰F‘É‰º’|","34.488682","135.931832","0","1"
"29","“Þ—ÇŒ§","29212","‰F‘ÉŽs","292120045000","‘å‰F‘É‰º’ƒ","34.484024","135.931676","0","1"
"29","“Þ—ÇŒ§","29212","‰F‘ÉŽs","292120046000","‘å‰F‘É‰ºoŒû","34.481346","135.931768","0","1"
"29","“Þ—ÇŒ§","29212","‰F‘ÉŽs","292120047000","‘å‰F‘É‰º’†","34.482179","135.931676","0","1"
"29","“Þ—ÇŒ§","29212","‰F‘ÉŽs","292120048000","‘å‰F‘É‰º–{","34.483071","135.931360","0","1"
"29","“Þ—ÇŒ§","29212","‰F‘ÉŽs","292120049000","‘å‰F‘É‰º‹{‰œ","34.458332","135.924452","0","1"
"29","“Þ—ÇŒ§","29212","‰F‘ÉŽs","292120050000","‘å‰F‘É”’’¹‹","34.455124","135.956865","0","1"
"29","“Þ—ÇŒ§","29212","‰F‘ÉŽs","292120051000","‘å‰F‘ÉŠÖŒË","34.461457","135.935296","0","1"
"29","“Þ—ÇŒ§","29212","‰F‘ÉŽs","292120052000","‘å‰F‘É‘å“Œ","34.469267","135.933855","0","1"
"29","“Þ—ÇŒ§","29212","‰F‘ÉŽs","292120053000","‘å‰F‘É“cŒ´","34.441415","135.947258","0","1"
"29","“Þ—ÇŒ§","29212","‰F‘ÉŽs","292120054000","‘å‰F‘É’²Žq","34.487107","135.952467","0","1"
"29","“Þ—ÇŒ§","29212","‰F‘ÉŽs","292120055000","‘å‰F‘É’Ë˜e","34.488929","135.947604","0","1"
"29","“Þ—ÇŒ§","29212","‰F‘ÉŽs","292120056000","‘å‰F‘É’†V","34.480390","135.933439","0","1"
"29","“Þ—ÇŒ§","29212","‰F‘ÉŽs","292120057000","‘å‰F‘É’†¯","34.477287","135.926888","0","1"
"29","“Þ—ÇŒ§","29212","‰F‘ÉŽs","292120058000","‘å‰F‘É¼ŽR","34.484385","135.922874","0","1"
"29","“Þ—ÇŒ§","29212","‰F‘ÉŽs","292120059000","‘å‰F‘É–ìˆË","34.501224","135.934400","0","1"
"29","“Þ—ÇŒ§","29212","‰F‘ÉŽs","292120060000","‘å‰F‘É”—ŠÔ","34.479914","135.925154","0","1"
"29","“Þ—ÇŒ§","29212","‰F‘ÉŽs","292120061000","‘å‰F‘É”¼ã","34.492181","135.906902","0","1"
"29","“Þ—ÇŒ§","29212","‰F‘ÉŽs","292120062000","‘å‰F‘É“Œ•½”ö","34.447037","135.964577","0","1"
"29","“Þ—ÇŒ§","29212","‰F‘ÉŽs","292120063000","‘å‰F‘É•½”ö","34.510990","135.936016","0","1"
"29","“Þ—ÇŒ§","29212","‰F‘ÉŽs","292120064000","‘å‰F‘ÉE¶","34.475414","135.930730","0","1"
"29","“Þ—ÇŒ§","29212","‰F‘ÉŽs","292120065000","‘å‰F‘É“¡ˆä","34.483096","135.958416","0","1"
"29","“Þ—ÇŒ§","29212","‰F‘ÉŽs","292120066000","‘å‰F‘É–{‹½","34.477280","135.904677","0","1"
"29","“Þ—ÇŒ§","29212","‰F‘ÉŽs","292120067000","‘å‰F‘É–q","34.433239","135.937409","0","1"
"29","“Þ—ÇŒ§","29212","‰F‘ÉŽs","292120068000","‘å‰F‘É”nŽæŠ`","34.495445","135.912191","0","1"
"29","“Þ—ÇŒ§","29212","‰F‘ÉŽs","292120069000","‘å‰F‘É–œ˜Z","34.474040","135.934009","0","1"
"29","“Þ—ÇŒ§","29212","‰F‘ÉŽs","292120070000","‘å‰F‘É‹{‰œ","34.452017","135.903876","0","1"
"29","“Þ—ÇŒ§","29212","‰F‘ÉŽs","292120071000","‘å‰F‘ÉŽç“¹","34.467910","135.950112","0","1"
"29","“Þ—ÇŒ§","29212","‰F‘ÉŽs","292120072000","‘å‰F‘ÉŽRŒû","34.456445","135.949544","0","1"
"29","“Þ—ÇŒ§","29212","‰F‘ÉŽs","292120073000","‘å‰F‘É˜a“c","34.466669","135.963131","0","1"
"29","“Þ—ÇŒ§","29212","‰F‘ÉŽs","292120074000","YŒ´Ô£","34.551039","135.962335","0","1"
"29","“Þ—ÇŒ§","29212","‰F‘ÉŽs","292120075001","YŒ´‚ ‚©‚Ë‘äˆê’š–Ú","34.532171","135.951981","0","3"
"29","“Þ—ÇŒ§","29212","‰F‘ÉŽs","292120075002","YŒ´‚ ‚©‚Ë‘ä“ñ’š–Ú","34.534938","135.948327","0","3"
"29","“Þ—ÇŒ§","29212","‰F‘ÉŽs","292120076000","YŒ´Ôû","34.510630","136.013127","0","1"
"29","“Þ—ÇŒ§","29212","‰F‘ÉŽs","292120077000","YŒ´‘«—§","34.508235","135.946337","0","1"
"29","“Þ—ÇŒ§","29212","‰F‘ÉŽs","292120078000","YŒ´‰JŽt","34.519620","135.932898","0","1"
"29","“Þ—ÇŒ§","29212","‰F‘ÉŽs","292120079000","YŒ´’rã","34.504624","135.946581","0","1"
"29","“Þ—ÇŒ§","29212","‰F‘ÉŽs","292120080000","YŒ´Î“c","34.499665","135.956857","0","1"
"29","“Þ—ÇŒ§","29212","‰F‘ÉŽs","292120081000","YŒ´“à–q","34.488241","136.016901","0","1"
"29","“Þ—ÇŒ§","29212","‰F‘ÉŽs","292120082000","YŒ´‘åŠL","34.498347","135.967194","0","1"
"29","“Þ—ÇŒ§","29212","‰F‘ÉŽs","292120083000","YŒ´‰úê","34.561420","135.981186","0","1"
"29","“Þ—ÇŒ§","29212","‰F‘ÉŽs","292120084000","YŒ´Š}ŠÔ","34.513257","135.919194","0","1"
"29","“Þ—ÇŒ§","29212","‰F‘ÉŽs","292120085000","YŒ´ãˆä‘«","34.512716","135.955302","0","1"
"29","“Þ—ÇŒ§","29212","‰F‘ÉŽs","292120086000","YŒ´ŒI’J","34.501579","135.951977","0","1"
"29","“Þ—ÇŒ§","29212","‰F‘ÉŽs","292120087000","YŒ´÷‚ª‹u","34.533616","135.958694","0","1"
"29","“Þ—ÇŒ§","29212","‰F‘ÉŽs","292120088000","YŒ´ŽÂŠy","34.522925","135.940335","0","1"
"29","“Þ—ÇŒ§","29212","‰F‘ÉŽs","292120089000","YŒ´àV","34.494849","135.973727","0","1"
"29","“Þ—ÇŒ§","29212","‰F‘ÉŽs","292120090000","YŒ´ŽO‹{Ž›","34.486728","135.963422","0","1"
"29","“Þ—ÇŒ§","29212","‰F‘ÉŽs","292120091000","YŒ´Ž©–¾","34.514084","135.980091","0","1"
"29","“Þ—ÇŒ§","29212","‰F‘ÉŽs","292120092000","YŒ´‰ºˆä‘«","34.524439","135.949740","0","1"
"29","“Þ—ÇŒ§","29212","‰F‘ÉŽs","292120093000","YŒ´‚ˆä","34.515344","135.993901","0","1"
"29","“Þ—ÇŒ§","29212","‰F‘ÉŽs","292120094000","YŒ´‚’Ë","34.501844","135.946319","0","1"
"29","“Þ—ÇŒ§","29212","‰F‘ÉŽs","292120095000","YŒ´‚”‹‘ä","34.530829","135.952549","0","1"
"29","“Þ—ÇŒ§","29212","‰F‘ÉŽs","292120096000","YŒ´Šp•¿","34.535787","135.942578","0","1"
"29","“Þ—ÇŒ§","29212","‰F‘ÉŽs","292120097001","YŒ´“V–ž‘ä¼ˆê’š–Ú","34.541600","135.968477","0","3"
"29","“Þ—ÇŒ§","29212","‰F‘ÉŽs","292120097002","YŒ´“V–ž‘ä¼“ñ’š–Ú","34.543586","135.967921","0","3"
"29","“Þ—ÇŒ§","29212","‰F‘ÉŽs","292120097003","YŒ´“V–ž‘ä¼ŽO’š–Ú","34.543701","135.970755","0","3"
"29","“Þ—ÇŒ§","29212","‰F‘ÉŽs","292120097004","YŒ´“V–ž‘ä¼Žl’š–Ú","34.546451","135.970080","0","3"
"29","“Þ—ÇŒ§","29212","‰F‘ÉŽs","292120098001","YŒ´“V–ž‘ä“Œˆê’š–Ú","34.545815","135.975451","0","3"
"29","“Þ—ÇŒ§","29212","‰F‘ÉŽs","292120098002","YŒ´“V–ž‘ä“Œ“ñ’š–Ú","34.547817","135.974708","0","3"
"29","“Þ—ÇŒ§","29212","‰F‘ÉŽs","292120098003","YŒ´“V–ž‘ä“ŒŽO’š–Ú","34.547906","135.978360","0","3"
"29","“Þ—ÇŒ§","29212","‰F‘ÉŽs","292120098004","YŒ´“V–ž‘ä“ŒŽl’š–Ú","34.549340","135.977653","0","3"
"29","“Þ—ÇŒ§","29212","‰F‘ÉŽs","292120099000","YŒ´’·•õ","34.539110","135.970963","0","1"
"29","“Þ—ÇŒ§","29212","‰F‘ÉŽs","292120100000","YŒ´‰×ã","34.536174","136.006155","0","1"
"29","“Þ—ÇŒ§","29212","‰F‘ÉŽs","292120101000","YŒ´Šzˆä","34.553512","135.972153","0","1"
"29","“Þ—ÇŒ§","29212","‰F‘ÉŽs","292120102000","YŒ´”‹”T—¢","34.525472","135.954658","0","1"
"29","“Þ—ÇŒ§","29212","‰F‘ÉŽs","292120103000","YŒ´”‹Œ´","34.538671","135.950337","0","1"
"29","“Þ—ÇŒ§","29212","‰F‘ÉŽs","292120104001","YŒ´YŒ©‚ª‹uˆê’š–Ú","34.530397","135.948919","0","3"
"29","“Þ—ÇŒ§","29212","‰F‘ÉŽs","292120104002","YŒ´YŒ©‚ª‹u“ñ’š–Ú","34.532042","135.948074","0","3"
"29","“Þ—ÇŒ§","29212","‰F‘ÉŽs","292120105001","YŒ´‚Ð‚Ì‚«âˆê’š–Ú","34.535721","135.959744","0","3"
"29","“Þ—ÇŒ§","29212","‰F‘ÉŽs","292120105002","YŒ´‚Ð‚Ì‚«â“ñ’š–Ú","34.536437","135.961441","0","3"
"29","“Þ—ÇŒ§","29212","‰F‘ÉŽs","292120105003","YŒ´‚Ð‚Ì‚«âŽO’š–Ú","34.538420","135.958799","0","3"
"29","“Þ—ÇŒ§","29212","‰F‘ÉŽs","292120106000","YŒ´žw–q","34.524487","135.971562","0","1"
"29","“Þ—ÇŒ§","29212","‰F‘ÉŽs","292120107000","YŒ´”ä•z","34.494733","135.945205","0","1"
"29","“Þ—ÇŒ§","29212","‰F‘ÉŽs","292120108000","YŒ´•Ÿ’n","34.534172","135.966250","0","1"
"29","“Þ—ÇŒ§","29212","‰F‘ÉŽs","292120109000","YŒ´•Ÿ¼","34.501908","135.941896","0","1"
"29","“Þ—ÇŒ§","29212","‰F‘ÉŽs","292120110000","YŒ´•ê—¢","34.490344","135.955033","0","1"
"29","“Þ—ÇŒ§","29212","‰F‘ÉŽs","292120111000","YŒ´”–Ø–ì","34.500992","136.019285","0","1"
"29","“Þ—ÇŒ§","29212","‰F‘ÉŽs","292120112000","YŒ´ˆÀ“c","34.517837","135.926200","0","1"
"29","“Þ—ÇŒ§","29212","‰F‘ÉŽs","292120113000","YŒ´”ª‘ê","34.500506","135.983751","0","1"
"29","“Þ—ÇŒ§","29212","‰F‘ÉŽs","292120114000","YŒ´–ö","34.528179","135.936147","0","1"
"29","“Þ—ÇŒ§","29212","‰F‘ÉŽs","292120115000","YŒ´ŽR˜H","34.500134","135.962741","0","1"
"29","“Þ—ÇŒ§","29212","‰F‘ÉŽs","292120116000","YŒ´ŽR•ÓŽO","34.550495","135.990027","0","1"
"29","“Þ—ÇŒ§","29212","‰F‘ÉŽs","292120117000","Žº¶","34.534545","136.040403","0","1"
"29","“Þ—ÇŒ§","29212","‰F‘ÉŽs","292120118000","Žº¶‘å–ì","34.556100","136.010672","0","1"
"29","“Þ—ÇŒ§","29212","‰F‘ÉŽs","292120119000","Žº¶¬Œ´","34.608261","136.002223","0","1"
"29","“Þ—ÇŒ§","29212","‰F‘ÉŽs","292120120000","Žº¶ãŠ}ŠÔ","34.609666","136.033609","0","1"
"29","“Þ—ÇŒ§","29212","‰F‘ÉŽs","292120121000","Žº¶•Šâ","34.494621","136.067087","0","1"
"29","“Þ—ÇŒ§","29212","‰F‘ÉŽs","292120122000","Žº¶ŽO–{¼","34.576750","136.029678","0","1"
"29","“Þ—ÇŒ§","29212","‰F‘ÉŽs","292120123000","Žº¶‰ºŠ}ŠÔ","34.625064","136.022019","0","1"
"29","“Þ—ÇŒ§","29212","‰F‘ÉŽs","292120124000","Žº¶‰º“cŒû","34.518811","136.058935","0","1"
"29","“Þ—ÇŒ§","29212","‰F‘ÉŽs","292120125000","Žº¶õ“c","34.604205","135.988881","0","1"
"29","“Þ—ÇŒ§","29212","‰F‘ÉŽs","292120126000","Žº¶‘ë’J","34.560459","136.042958","0","1"
"29","“Þ—ÇŒ§","29212","‰F‘ÉŽs","292120127000","Žº¶“cŒûŒ³ã“cŒû","34.491843","136.042850","0","1"
"29","“Þ—ÇŒ§","29212","‰F‘ÉŽs","292120128000","Žº¶“cŒûŒ³Špì","34.509759","136.060393","0","1"
"29","“Þ—ÇŒ§","29212","‰F‘ÉŽs","292120129000","Žº¶‘½“c","34.593554","135.989375","0","1"
"29","“Þ—ÇŒ§","29212","‰F‘ÉŽs","292120130000","Žº¶“uŽæ","34.553653","136.040060","0","1"
"29","“Þ—ÇŒ§","29212","‰F‘ÉŽs","292120131000","Žº¶¼’J","34.554289","136.059662","0","1"
"29","“Þ—ÇŒ§","29212","‰F‘ÉŽs","292120132000","Žº¶[–ì","34.596323","136.040757","0","1"
"29","“Þ—ÇŒ§","29212","‰F‘ÉŽs","292120133000","Žº¶ŒüŸº","34.582975","136.003393","0","1"
"29","“Þ—ÇŒ§","29212","‰F‘ÉŽs","292120134000","Žº¶–³ŽR","34.587459","135.977650","0","1"
"29","“Þ—ÇŒ§","29212","‰F‘ÉŽs","292120135000","Žº¶—´Œû","34.552177","136.085557","0","1"
"29","“Þ—ÇŒ§","29322","ŽR•ÓŒSŽR“Y‘º","293220001000","‘åŽšŠâ‰®","34.636602","136.060356","0","1"
"29","“Þ—ÇŒ§","29322","ŽR•ÓŒSŽR“Y‘º","293220002000","‘åŽš‰LŽR","34.668462","136.077946","0","1"
"29","“Þ—ÇŒ§","29322","ŽR•ÓŒSŽR“Y‘º","293220003000","‘åŽš‘å‰–","34.675444","136.010864","0","1"
"29","“Þ—ÇŒ§","29322","ŽR•ÓŒSŽR“Y‘º","293220004000","‘åŽš‘å¼","34.683733","136.041524","0","1"
"29","“Þ—ÇŒ§","29322","ŽR•ÓŒSŽR“Y‘º","293220005000","‘åŽš’x£","34.697302","136.055026","0","1"
"29","“Þ—ÇŒ§","29322","ŽR•ÓŒSŽR“Y‘º","293220006000","‘åŽšt“ú","34.685219","136.052726","0","1"
"29","“Þ—ÇŒ§","29322","ŽR•ÓŒSŽR“Y‘º","293220007000","‘åŽš•Ð•½","34.666914","136.064854","0","1"
"29","“Þ—ÇŒ§","29322","ŽR•ÓŒSŽR“Y‘º","293220008000","‘åŽšŸŒ´","34.649563","136.037507","0","1"
"29","“Þ—ÇŒ§","29322","ŽR•ÓŒSŽR“Y‘º","293220009000","‘åŽš–k–ì","34.683509","135.993502","0","1"
"29","“Þ—ÇŒ§","29322","ŽR•ÓŒSŽR“Y‘º","293220010000","‘åŽšØ”¦","34.635221","136.006846","0","1"
"29","“Þ—ÇŒ§","29322","ŽR•ÓŒSŽR“Y‘º","293220011000","‘åŽš‹ËŽR","34.684730","135.973056","0","1"
"29","“Þ—ÇŒ§","29322","ŽR•ÓŒSŽR“Y‘º","293220012000","‘åŽšŠ‹”ö","34.655902","136.061793","0","1"
"29","“Þ—ÇŒ§","29322","ŽR•ÓŒSŽR“Y‘º","293220013000","‘åŽš–ÑŒ´","34.632442","136.038012","0","1"
"29","“Þ—ÇŒ§","29322","ŽR•ÓŒSŽR“Y‘º","293220014000","‘åŽš›¶","34.667543","136.041137","0","1"
"29","“Þ—ÇŒ§","29322","ŽR•ÓŒSŽR“Y‘º","293220015000","‘åŽš•–½","34.654171","136.004599","0","1"
"29","“Þ—ÇŒ§","29322","ŽR•ÓŒSŽR“Y‘º","293220016000","‘åŽš’†•ôŽR","34.692407","136.068101","0","1"
"29","“Þ—ÇŒ§","29322","ŽR•ÓŒSŽR“Y‘º","293220017000","‘åŽš“°‘O","34.664812","136.018594","0","1"
"29","“Þ—ÇŒ§","29322","ŽR•ÓŒSŽR“Y‘º","293220018000","‘åŽš’†”V¯","34.681318","136.066676","0","1"
"29","“Þ—ÇŒ§","29322","ŽR•ÓŒSŽR“Y‘º","293220019000","‘åŽš¼”g‘½","34.683541","136.028236","0","1"
"29","“Þ—ÇŒ§","29322","ŽR•ÓŒSŽR“Y‘º","293220020000","‘åŽšL£","34.677602","136.076823","0","1"
"29","“Þ—ÇŒ§","29322","ŽR•ÓŒSŽR“Y‘º","293220021000","‘åŽšL‘ã","34.677745","136.058370","0","1"
"29","“Þ—ÇŒ§","29322","ŽR•ÓŒSŽR“Y‘º","293220022000","‘åŽš•š”q","34.659792","135.996776","0","1"
"29","“Þ—ÇŒ§","29322","ŽR•ÓŒSŽR“Y‘º","293220023000","‘åŽš¼”ö","34.675512","135.962762","0","1"
"29","“Þ—ÇŒ§","29322","ŽR•ÓŒSŽR“Y‘º","293220024000","‘åŽš“I–ì","34.663378","135.967043","0","1"
"29","“Þ—ÇŒ§","29322","ŽR•ÓŒSŽR“Y‘º","293220025000","‘åŽšŽOƒP’J","34.654544","136.020883","0","1"
"29","“Þ—ÇŒ§","29322","ŽR•ÓŒSŽR“Y‘º","293220026000","‘åŽš•ôŽ›","34.669525","135.979325","0","1"
"29","“Þ—ÇŒ§","29322","ŽR•ÓŒSŽR“Y‘º","293220027000","‘åŽš–¥—Ö","34.666697","136.011202","0","1"
"29","“Þ—ÇŒ§","29322","ŽR•ÓŒSŽR“Y‘º","293220028000","‘åŽšŽº’Ã","34.681148","135.960928","0","1"
"29","“Þ—ÇŒ§","29322","ŽR•ÓŒSŽR“Y‘º","293220029000","‘åŽš‹g“c","34.683650","136.074858","0","1"
"29","“Þ—ÇŒ§","29342","¶‹îŒS•½ŒQ’¬","293420001000","‘åŽšŸJŒ´","34.645954","135.681028","0","1"
"29","“Þ—ÇŒ§","29342","¶‹îŒS•½ŒQ’¬","293420002000","‘åŽšã¯","34.639669","135.711222","0","1"
"29","“Þ—ÇŒ§","29342","¶‹îŒS•½ŒQ’¬","293420003000","‘åŽš‹vˆÀŽ›","34.621857","135.667431","0","1"
"29","“Þ—ÇŒ§","29342","¶‹îŒS•½ŒQ’¬","293420004000","‘åŽš‰z–Ø’Ë","34.620635","135.690556","0","1"
"29","“Þ—ÇŒ§","29342","¶‹îŒS•½ŒQ’¬","293420005000","‘åŽšM‹MŽR","34.609751","135.669943","0","1"
"29","“Þ—ÇŒ§","29342","¶‹îŒS•½ŒQ’¬","293420006000","‘åŽšM‹M”¨","34.617475","135.681440","0","1"
"29","“Þ—ÇŒ§","29342","¶‹îŒS•½ŒQ’¬","293420007000","‘åŽšž®Œ´","34.644627","135.716974","0","1"
"29","“Þ—ÇŒ§","29342","¶‹îŒS•½ŒQ’¬","293420008000","‘åŽš‰ºŠ_“à","34.625559","135.703737","0","1"
"29","“Þ—ÇŒ§","29342","¶‹îŒS•½ŒQ’¬","293420009000","‘åŽš”’Î”¨","34.628025","135.717894","0","1"
"29","“Þ—ÇŒ§","29342","¶‹îŒS•½ŒQ’¬","293420010000","‘åŽš’Öˆä","34.617256","135.710881","0","1"
"29","“Þ—ÇŒ§","29342","¶‹îŒS•½ŒQ’¬","293420011000","‘åŽš—œ–{","34.633674","135.698893","0","1"
"29","“Þ—ÇŒ§","29342","¶‹îŒS•½ŒQ’¬","293420012000","‘åŽš–Âì","34.655367","135.678165","0","1"
"29","“Þ—ÇŒ§","29342","¶‹îŒS•½ŒQ’¬","293420013000","‘åŽš¼Œü","34.639154","135.697431","0","1"
"29","“Þ—ÇŒ§","29342","¶‹îŒS•½ŒQ’¬","293420014000","‘åŽš•½“™Ž›","34.624003","135.709665","0","1"
"29","“Þ—ÇŒ§","29342","¶‹îŒS•½ŒQ’¬","293420015000","‘åŽš•Ÿ‹M","34.631498","135.693050","0","1"
"29","“Þ—ÇŒ§","29342","¶‹îŒS•½ŒQ’¬","293420016000","‘åŽš•Ÿ‹M”¨","34.633908","135.673659","0","1"
"29","“Þ—ÇŒ§","29342","¶‹îŒS•½ŒQ’¬","293420017000","‘åŽšž¹Œ´","34.616632","135.693946","0","1"
"29","“Þ—ÇŒ§","29342","¶‹îŒS•½ŒQ’¬","293420018000","‘åŽšŽO—¢","34.632626","135.711740","0","1"
"29","“Þ—ÇŒ§","29342","¶‹îŒS•½ŒQ’¬","293420019000","‘åŽšŽáˆä","34.621311","135.699428","0","1"
"29","“Þ—ÇŒ§","29342","¶‹îŒS•½ŒQ’¬","293420020001","t“ú‹uˆê’š–Ú","34.617417","135.701258","0","3"
"29","“Þ—ÇŒ§","29342","¶‹îŒS•½ŒQ’¬","293420020002","t“ú‹u“ñ’š–Ú","34.615290","135.701356","0","3"
"29","“Þ—ÇŒ§","29342","¶‹îŒS•½ŒQ’¬","293420021001","ã¯ˆê’š–Ú","34.639813","135.702020","0","3"
"29","“Þ—ÇŒ§","29342","¶‹îŒS•½ŒQ’¬","293420021002","ã¯“ñ’š–Ú","34.640593","135.705528","0","3"
"29","“Þ—ÇŒ§","29342","¶‹îŒS•½ŒQ’¬","293420021003","ã¯ŽO’š–Ú","34.640300","135.707760","0","3"
"29","“Þ—ÇŒ§","29342","¶‹îŒS•½ŒQ’¬","293420021004","ã¯Žl’š–Ú","34.637280","135.705619","0","3"
"29","“Þ—ÇŒ§","29342","¶‹îŒS•½ŒQ’¬","293420021005","ã¯ŒÜ’š–Ú","34.637389","135.702143","0","3"
"29","“Þ—ÇŒ§","29342","¶‹îŒS•½ŒQ’¬","293420022001","‹e”ü‘äˆê’š–Ú","34.645709","135.707617","0","3"
"29","“Þ—ÇŒ§","29342","¶‹îŒS•½ŒQ’¬","293420022002","‹e”ü‘ä“ñ’š–Ú","34.645702","135.709796","0","3"
"29","“Þ—ÇŒ§","29342","¶‹îŒS•½ŒQ’¬","293420022003","‹e”ü‘äŽO’š–Ú","34.646136","135.712214","0","3"
"29","“Þ—ÇŒ§","29342","¶‹îŒS•½ŒQ’¬","293420022004","‹e”ü‘äŽl’š–Ú","34.646437","135.715056","0","3"
"29","“Þ—ÇŒ§","29342","¶‹îŒS•½ŒQ’¬","293420022005","‹e”ü‘äŒÜ’š–Ú","34.648170","135.712184","0","3"
"29","“Þ—ÇŒ§","29342","¶‹îŒS•½ŒQ’¬","293420023001","–kM‹MƒP‹uˆê’š–Ú","34.611580","135.706375","0","3"
"29","“Þ—ÇŒ§","29342","¶‹îŒS•½ŒQ’¬","293420023002","–kM‹MƒP‹u“ñ’š–Ú","34.611120","135.708142","0","3"
"29","“Þ—ÇŒ§","29342","¶‹îŒS•½ŒQ’¬","293420024001","—³“cìˆê’š–Ú","34.614532","135.711660","0","3"
"29","“Þ—ÇŒ§","29342","¶‹îŒS•½ŒQ’¬","293420024002","—³“cì“ñ’š–Ú","34.612413","135.711218","0","3"
"29","“Þ—ÇŒ§","29342","¶‹îŒS•½ŒQ’¬","293420024003","—³“cìŽO’š–Ú","34.611446","135.710156","0","3"
"29","“Þ—ÇŒ§","29342","¶‹îŒS•½ŒQ’¬","293420025001","’Ö‘äˆê’š–Ú","34.642115","135.695867","0","3"
"29","“Þ—ÇŒ§","29342","¶‹îŒS•½ŒQ’¬","293420025002","’Ö‘ä“ñ’š–Ú","34.641183","135.693283","0","3"
"29","“Þ—ÇŒ§","29342","¶‹îŒS•½ŒQ’¬","293420025003","’Ö‘äŽO’š–Ú","34.642499","135.692419","0","3"
"29","“Þ—ÇŒ§","29342","¶‹îŒS•½ŒQ’¬","293420025004","’Ö‘äŽl’š–Ú","34.643476","135.693881","0","3"
"29","“Þ—ÇŒ§","29342","¶‹îŒS•½ŒQ’¬","293420026001","¼‹{ˆê’š–Ú","34.620152","135.702774","0","3"
"29","“Þ—ÇŒ§","29342","¶‹îŒS•½ŒQ’¬","293420026002","¼‹{“ñ’š–Ú","34.617349","135.705442","0","3"
"29","“Þ—ÇŒ§","29342","¶‹îŒS•½ŒQ’¬","293420026003","¼‹{ŽO’š–Ú","34.617206","135.703844","0","3"
"29","“Þ—ÇŒ§","29342","¶‹îŒS•½ŒQ’¬","293420027001","‰‘äˆê’š–Ú","34.627849","135.699617","0","3"
"29","“Þ—ÇŒ§","29342","¶‹îŒS•½ŒQ’¬","293420027002","‰‘ä“ñ’š–Ú","34.626123","135.697982","0","3"
"29","“Þ—ÇŒ§","29342","¶‹îŒS•½ŒQ’¬","293420027003","‰‘äŽO’š–Ú","34.625107","135.697822","0","3"
"29","“Þ—ÇŒ§","29342","¶‹îŒS•½ŒQ’¬","293420027004","‰‘äŽl’š–Ú","34.624028","135.697128","0","3"
"29","“Þ—ÇŒ§","29342","¶‹îŒS•½ŒQ’¬","293420027005","‰‘äŒÜ’š–Ú","34.624559","135.699757","0","3"
"29","“Þ—ÇŒ§","29342","¶‹îŒS•½ŒQ’¬","293420028001","ŒõƒP‹uˆê’š–Ú","34.625742","135.701201","0","3"
"29","“Þ—ÇŒ§","29342","¶‹îŒS•½ŒQ’¬","293420028002","ŒõƒP‹u“ñ’š–Ú","34.625638","135.699450","0","3"
"29","“Þ—ÇŒ§","29342","¶‹îŒS•½ŒQ’¬","293420029001","—ÎƒP‹uˆê’š–Ú","34.644261","135.698062","0","3"
"29","“Þ—ÇŒ§","29342","¶‹îŒS•½ŒQ’¬","293420029002","—ÎƒP‹u“ñ’š–Ú","34.642996","135.700159","0","3"
"29","“Þ—ÇŒ§","29342","¶‹îŒS•½ŒQ’¬","293420029003","—ÎƒP‹uŽO’š–Ú","34.644757","135.702000","0","3"
"29","“Þ—ÇŒ§","29342","¶‹îŒS•½ŒQ’¬","293420029004","—ÎƒP‹uŽl’š–Ú","34.645841","135.700656","0","3"
"29","“Þ—ÇŒ§","29342","¶‹îŒS•½ŒQ’¬","293420029005","—ÎƒP‹uŒÜ’š–Ú","34.646476","135.698493","0","3"
"29","“Þ—ÇŒ§","29342","¶‹îŒS•½ŒQ’¬","293420029006","—ÎƒP‹u˜Z’š–Ú","34.648030","135.697647","0","3"
"29","“Þ—ÇŒ§","29342","¶‹îŒS•½ŒQ’¬","293420030001","‹gVˆê’š–Ú","34.628256","135.701544","0","3"
"29","“Þ—ÇŒ§","29342","¶‹îŒS•½ŒQ’¬","293420030002","‹gV“ñ’š–Ú","34.631734","135.701494","0","3"
"29","“Þ—ÇŒ§","29342","¶‹îŒS•½ŒQ’¬","293420030003","‹gVŽO’š–Ú","34.631729","135.703651","0","3"
"29","“Þ—ÇŒ§","29342","¶‹îŒS•½ŒQ’¬","293420030004","‹gVŽl’š–Ú","34.628678","135.703187","0","3"
"29","“Þ—ÇŒ§","29342","¶‹îŒS•½ŒQ’¬","293420031001","Žá—t‘äˆê’š–Ú","34.635649","135.695782","0","3"
"29","“Þ—ÇŒ§","29342","¶‹îŒS•½ŒQ’¬","293420031002","Žá—t‘ä“ñ’š–Ú","34.638491","135.693401","0","3"
"29","“Þ—ÇŒ§","29342","¶‹îŒS•½ŒQ’¬","293420031003","Žá—t‘äŽO’š–Ú","34.636951","135.690465","0","3"
"29","“Þ—ÇŒ§","29342","¶‹îŒS•½ŒQ’¬","293420031004","Žá—t‘äŽl’š–Ú","34.635698","135.692593","0","3"
"29","“Þ—ÇŒ§","29342","¶‹îŒS•½ŒQ’¬","293420031005","Žá—t‘äŒÜ’š–Ú","34.634834","135.694590","0","3"
"29","“Þ—ÇŒ§","29343","¶‹îŒSŽO‹½’¬","293430001000","‘åŽš¨–ì","34.609012","135.678134","0","1"
"29","“Þ—ÇŒ§","29343","¶‹îŒSŽO‹½’¬","293430002000","‘åŽš—§–ì","34.601038","135.679336","0","1"
"29","“Þ—ÇŒ§","29343","¶‹îŒSŽO‹½’¬","293430003000","‘åŽš“ì”¨","34.608873","135.659179","0","1"
"29","“Þ—ÇŒ§","29343","¶‹îŒSŽO‹½’¬","293430004001","M‹MƒP‹uˆê’š–Ú","34.602417","135.692338","0","3"
"29","“Þ—ÇŒ§","29343","¶‹îŒSŽO‹½’¬","293430004002","M‹MƒP‹u“ñ’š–Ú","34.603529","135.692286","0","3"
"29","“Þ—ÇŒ§","29343","¶‹îŒSŽO‹½’¬","293430004003","M‹MƒP‹uŽO’š–Ú","34.604493","135.692826","0","3"
"29","“Þ—ÇŒ§","29343","¶‹îŒSŽO‹½’¬","293430004004","M‹MƒP‹uŽl’š–Ú","34.604436","135.687989","0","3"
"29","“Þ—ÇŒ§","29343","¶‹îŒSŽO‹½’¬","293430005000","M‹MŽR¼","34.607188","135.668008","0","1"
"29","“Þ—ÇŒ§","29343","¶‹îŒSŽO‹½’¬","293430006000","M‹MŽR“Œ","34.606792","135.677939","0","1"
"29","“Þ—ÇŒ§","29343","¶‹îŒSŽO‹½’¬","293430007001","M‹M“ì”¨ˆê’š–Ú","34.604853","135.660909","0","3"
"29","“Þ—ÇŒ§","29343","¶‹îŒSŽO‹½’¬","293430008001","éŽR‘äˆê’š–Ú","34.601064","135.691053","0","3"
"29","“Þ—ÇŒ§","29343","¶‹îŒSŽO‹½’¬","293430008002","éŽR‘ä“ñ’š–Ú","34.601445","135.687679","0","3"
"29","“Þ—ÇŒ§","29343","¶‹îŒSŽO‹½’¬","293430008003","éŽR‘äŽO’š–Ú","34.599530","135.686934","0","3"
"29","“Þ—ÇŒ§","29343","¶‹îŒSŽO‹½’¬","293430008004","éŽR‘äŽl’š–Ú","34.598659","135.684563","0","3"
"29","“Þ—ÇŒ§","29343","¶‹îŒSŽO‹½’¬","293430008005","éŽR‘äŒÜ’š–Ú","34.601216","135.685008","0","3"
"29","“Þ—ÇŒ§","29343","¶‹îŒSŽO‹½’¬","293430009001","¨–ì–kˆê’š–Ú","34.607842","135.697086","0","3"
"29","“Þ—ÇŒ§","29343","¶‹îŒSŽO‹½’¬","293430009002","¨–ì–k“ñ’š–Ú","34.607563","135.694004","0","3"
"29","“Þ—ÇŒ§","29343","¶‹îŒSŽO‹½’¬","293430009003","¨–ì–kŽO’š–Ú","34.607429","135.689124","0","3"
"29","“Þ—ÇŒ§","29343","¶‹îŒSŽO‹½’¬","293430009004","¨–ì–kŽl’š–Ú","34.607429","135.686284","0","3"
"29","“Þ—ÇŒ§","29343","¶‹îŒSŽO‹½’¬","293430009005","¨–ì–kŒÜ’š–Ú","34.609381","135.690069","0","3"
"29","“Þ—ÇŒ§","29343","¶‹îŒSŽO‹½’¬","293430010001","¨–ì¼ˆê’š–Ú","34.600605","135.694860","0","3"
"29","“Þ—ÇŒ§","29343","¶‹îŒSŽO‹½’¬","293430010002","¨–ì¼“ñ’š–Ú","34.603664","135.696050","0","3"
"29","“Þ—ÇŒ§","29343","¶‹îŒSŽO‹½’¬","293430010003","¨–ì¼ŽO’š–Ú","34.606499","135.695135","0","3"
"29","“Þ—ÇŒ§","29343","¶‹îŒSŽO‹½’¬","293430010004","¨–ì¼Žl’š–Ú","34.606625","135.693000","0","3"
"29","“Þ—ÇŒ§","29343","¶‹îŒSŽO‹½’¬","293430010005","¨–ì¼ŒÜ’š–Ú","34.606804","135.691043","0","3"
"29","“Þ—ÇŒ§","29343","¶‹îŒSŽO‹½’¬","293430011001","¨–ì“Œˆê’š–Ú","34.602278","135.699454","0","3"
"29","“Þ—ÇŒ§","29343","¶‹îŒSŽO‹½’¬","293430011002","¨–ì“Œ“ñ’š–Ú","34.604730","135.699223","0","3"
"29","“Þ—ÇŒ§","29343","¶‹îŒSŽO‹½’¬","293430011003","¨–ì“ŒŽO’š–Ú","34.608021","135.699271","0","3"
"29","“Þ—ÇŒ§","29343","¶‹îŒSŽO‹½’¬","293430011004","¨–ì“ŒŽl’š–Ú","34.605277","135.703256","0","3"
"29","“Þ—ÇŒ§","29343","¶‹îŒSŽO‹½’¬","293430011005","¨–ì“ŒŒÜ’š–Ú","34.602537","135.703078","0","3"
"29","“Þ—ÇŒ§","29343","¶‹îŒSŽO‹½’¬","293430011006","¨–ì“Œ˜Z’š–Ú","34.601985","135.706906","0","3"
"29","“Þ—ÇŒ§","29343","¶‹îŒSŽO‹½’¬","293430012001","—§–ì–kˆê’š–Ú","34.596300","135.691848","0","3"
"29","“Þ—ÇŒ§","29343","¶‹îŒSŽO‹½’¬","293430012002","—§–ì–k“ñ’š–Ú","34.596362","135.685776","0","3"
"29","“Þ—ÇŒ§","29343","¶‹îŒSŽO‹½’¬","293430012003","—§–ì–kŽO’š–Ú","34.594680","135.680093","0","3"
"29","“Þ—ÇŒ§","29343","¶‹îŒSŽO‹½’¬","293430013001","—§–ì“ìˆê’š–Ú","34.591254","135.690519","0","3"
"29","“Þ—ÇŒ§","29343","¶‹îŒSŽO‹½’¬","293430013002","—§–ì“ì“ñ’š–Ú","34.590556","135.684977","0","3"
"29","“Þ—ÇŒ§","29343","¶‹îŒSŽO‹½’¬","293430013003","—§–ì“ìŽO’š–Ú","34.587570","135.683750","0","3"
"29","“Þ—ÇŒ§","29343","¶‹îŒSŽO‹½’¬","293430014001","“ŒM‹MƒP‹uˆê’š–Ú","34.606496","135.704167","0","3"
"29","“Þ—ÇŒ§","29343","¶‹îŒSŽO‹½’¬","293430014002","“ŒM‹MƒP‹u“ñ’š–Ú","34.608243","135.704654","0","3"
"29","“Þ—ÇŒ§","29343","¶‹îŒSŽO‹½’¬","293430014003","“ŒM‹MƒP‹uŽO’š–Ú","34.609427","135.706054","0","3"
"29","“Þ—ÇŒ§","29343","¶‹îŒSŽO‹½’¬","293430015001","”ü¼ƒP‹u¼ˆê’š–Ú","34.608448","135.701335","0","3"
"29","“Þ—ÇŒ§","29343","¶‹îŒSŽO‹½’¬","293430015002","”ü¼ƒP‹u¼“ñ’š–Ú","34.611792","135.698480","0","3"
"29","“Þ—ÇŒ§","29343","¶‹îŒSŽO‹½’¬","293430016001","”ü¼ƒP‹u“Œˆê’š–Ú","34.609726","135.702919","0","3"
"29","“Þ—ÇŒ§","29343","¶‹îŒSŽO‹½’¬","293430016002","”ü¼ƒP‹u“Œ“ñ’š–Ú","34.612264","135.701328","0","3"
"29","“Þ—ÇŒ§","29343","¶‹îŒSŽO‹½’¬","293430017001","ŽOŽºˆê’š–Ú","34.603001","135.709140","0","3"
"29","“Þ—ÇŒ§","29343","¶‹îŒSŽO‹½’¬","293430017002","ŽOŽº“ñ’š–Ú","34.604936","135.708793","0","3"
"29","“Þ—ÇŒ§","29343","¶‹îŒSŽO‹½’¬","293430018000","—[—zƒP‹u","34.607970","135.708167","0","1"
"29","“Þ—ÇŒ§","29344","¶‹îŒS”Á”µ’¬","293440001001","ˆ¢”gˆê’š–Ú","34.607550","135.744057","0","3"
"29","“Þ—ÇŒ§","29344","¶‹îŒS”Á”µ’¬","293440001002","ˆ¢”g“ñ’š–Ú","34.604307","135.741741","0","3"
"29","“Þ—ÇŒ§","29344","¶‹îŒS”Á”µ’¬","293440001003","ˆ¢”gŽO’š–Ú","34.601293","135.741126","0","3"
"29","“Þ—ÇŒ§","29344","¶‹îŒS”Á”µ’¬","293440002001","ŒÜ•Sˆäˆê’š–Ú","34.604812","135.732335","0","3"
"29","“Þ—ÇŒ§","29344","¶‹îŒS”Á”µ’¬","293440003001","ˆî—tŽÔ£ˆê’š–Ú","34.602160","135.721368","0","3"
"29","“Þ—ÇŒ§","29344","¶‹îŒS”Á”µ’¬","293440003002","ˆî—tŽÔ£“ñ’š–Ú","34.602362","135.718321","0","3"
"29","“Þ—ÇŒ§","29344","¶‹îŒS”Á”µ’¬","293440004001","ˆî—t¼ˆê’š–Ú","34.602762","135.715774","0","3"
"29","“Þ—ÇŒ§","29344","¶‹îŒS”Á”µ’¬","293440004002","ˆî—t¼“ñ’š–Ú","34.601622","135.712996","0","3"
"29","“Þ—ÇŒ§","29344","¶‹îŒS”Á”µ’¬","293440005000","‘åŽšˆ¢”g","34.604123","135.745071","0","1"
"29","“Þ—ÇŒ§","29344","¶‹îŒS”Á”µ’¬","293440006000","‘åŽšŒÜ•Sˆä","34.598200","135.728384","0","1"
"29","“Þ—ÇŒ§","29344","¶‹îŒS”Á”µ’¬","293440007000","‘åŽšˆî—tŽÔ£","34.598241","135.723870","0","1"
"29","“Þ—ÇŒ§","29344","¶‹îŒS”Á”µ’¬","293440008000","‘åŽš‰ª–{","34.623236","135.744798","0","1"
"29","“Þ—ÇŒ§","29344","¶‹îŒS”Á”µ’¬","293440009000","‘åŽšK‘O","34.618504","135.745146","0","1"
"29","“Þ—ÇŒ§","29344","¶‹îŒS”Á”µ’¬","293440010000","‘åŽš¬‹g“c","34.599430","135.726666","0","1"
"29","“Þ—ÇŒ§","29344","¶‹îŒS”Á”µ’¬","293440011000","‘åŽš‚ˆÀ","34.612985","135.754120","0","1"
"29","“Þ—ÇŒ§","29344","¶‹îŒS”Á”µ’¬","293440012000","‘åŽš—´“c","34.616189","135.721065","0","1"
"29","“Þ—ÇŒ§","29344","¶‹îŒS”Á”µ’¬","293440013000","‘åŽš•ž•”","34.598535","135.729773","0","1"
"29","“Þ—ÇŒ§","29344","¶‹îŒS”Á”µ’¬","293440014000","‘åŽš–@—²Ž›","34.629611","135.724735","0","1"
"29","“Þ—ÇŒ§","29344","¶‹îŒS”Á”µ’¬","293440015000","‘åŽšŽOˆä","34.624991","135.735985","0","1"
"29","“Þ—ÇŒ§","29344","¶‹îŒS”Á”µ’¬","293440016000","‘åŽš–ÚˆÀ","34.594047","135.726795","0","1"
"29","“Þ—ÇŒ§","29344","¶‹îŒS”Á”µ’¬","293440017001","‹»—¯ˆê’š–Ú","34.606929","135.735827","0","3"
"29","“Þ—ÇŒ§","29344","¶‹îŒS”Á”µ’¬","293440017002","‹»—¯“ñ’š–Ú","34.607574","135.738661","0","3"
"29","“Þ—ÇŒ§","29344","¶‹îŒS”Á”µ’¬","293440017003","‹»—¯ŽO’š–Ú","34.607805","135.740391","0","3"
"29","“Þ—ÇŒ§","29344","¶‹îŒS”Á”µ’¬","293440017004","‹»—¯Žl’š–Ú","34.603907","135.735763","0","3"
"29","“Þ—ÇŒ§","29344","¶‹îŒS”Á”µ’¬","293440017005","‹»—¯ŒÜ’š–Ú","34.604522","135.738735","0","3"
"29","“Þ—ÇŒ§","29344","¶‹îŒS”Á”µ’¬","293440017006","‹»—¯˜Z’š–Ú","34.601076","135.735366","0","3"
"29","“Þ—ÇŒ§","29344","¶‹îŒS”Á”µ’¬","293440017007","‹»—¯Žµ’š–Ú","34.602148","135.738722","0","3"
"29","“Þ—ÇŒ§","29344","¶‹îŒS”Á”µ’¬","293440017008","‹»—¯”ª’š–Ú","34.598976","135.735843","0","3"
"29","“Þ—ÇŒ§","29344","¶‹îŒS”Á”µ’¬","293440017009","‹»—¯‹ã’š–Ú","34.599086","135.738780","0","3"
"29","“Þ—ÇŒ§","29344","¶‹îŒS”Á”µ’¬","293440017010","‹»—¯\’š–Ú","34.597494","135.738590","0","3"
"29","“Þ—ÇŒ§","29344","¶‹îŒS”Á”µ’¬","293440018001","‹»—¯“Œˆê’š–Ú","34.607977","135.742250","0","3"
"29","“Þ—ÇŒ§","29344","¶‹îŒS”Á”µ’¬","293440019001","K‘Oˆê’š–Ú","34.617207","135.747284","0","3"
"29","“Þ—ÇŒ§","29344","¶‹îŒS”Á”µ’¬","293440019002","K‘O“ñ’š–Ú","34.616415","135.749999","0","3"
"29","“Þ—ÇŒ§","29344","¶‹îŒS”Á”µ’¬","293440020001","¬‹g“cˆê’š–Ú","34.603392","135.724875","0","3"
"29","“Þ—ÇŒ§","29344","¶‹îŒS”Á”µ’¬","293440020002","¬‹g“c“ñ’š–Ú","34.602720","135.728066","0","3"
"29","“Þ—ÇŒ§","29344","¶‹îŒS”Á”µ’¬","293440021001","_“ìˆê’š–Ú","34.599806","135.719633","0","3"
"29","“Þ—ÇŒ§","29344","¶‹îŒS”Á”µ’¬","293440021002","_“ì“ñ’š–Ú","34.596603","135.720330","0","3"
"29","“Þ—ÇŒ§","29344","¶‹îŒS”Á”µ’¬","293440021003","_“ìŽO’š–Ú","34.597847","135.715914","0","3"
"29","“Þ—ÇŒ§","29344","¶‹îŒS”Á”µ’¬","293440021004","_“ìŽl’š–Ú","34.599942","135.714456","0","3"
"29","“Þ—ÇŒ§","29344","¶‹îŒS”Á”µ’¬","293440021005","_“ìŒÜ’š–Ú","34.598041","135.712112","0","3"
"29","“Þ—ÇŒ§","29344","¶‹îŒS”Á”µ’¬","293440022001","‚ˆÀˆê’š–Ú","34.614270","135.751616","0","3"
"29","“Þ—ÇŒ§","29344","¶‹îŒS”Á”µ’¬","293440022002","‚ˆÀ“ñ’š–Ú","34.610776","135.749065","0","3"
"29","“Þ—ÇŒ§","29344","¶‹îŒS”Á”µ’¬","293440023001","‚ˆÀ¼ˆê’š–Ú","34.613480","135.747976","0","3"
"29","“Þ—ÇŒ§","29344","¶‹îŒS”Á”µ’¬","293440024001","—´“cˆê’š–Ú","34.608249","135.726414","0","3"
"29","“Þ—ÇŒ§","29344","¶‹îŒS”Á”µ’¬","293440024002","—´“c“ñ’š–Ú","34.607883","135.723600","0","3"
"29","“Þ—ÇŒ§","29344","¶‹îŒS”Á”µ’¬","293440024003","—´“cŽO’š–Ú","34.608074","135.720904","0","3"
"29","“Þ—ÇŒ§","29344","¶‹îŒS”Á”µ’¬","293440024004","—´“cŽl’š–Ú","34.608516","135.717846","0","3"
"29","“Þ—ÇŒ§","29344","¶‹îŒS”Á”µ’¬","293440025001","—´“c–kˆê’š–Ú","34.611162","135.726262","0","3"
"29","“Þ—ÇŒ§","29344","¶‹îŒS”Á”µ’¬","293440025002","—´“c–k“ñ’š–Ú","34.611121","135.723714","0","3"
"29","“Þ—ÇŒ§","29344","¶‹îŒS”Á”µ’¬","293440025003","—´“c–kŽO’š–Ú","34.610338","135.720481","0","3"
"29","“Þ—ÇŒ§","29344","¶‹îŒS”Á”µ’¬","293440025004","—´“c–kŽl’š–Ú","34.612357","135.718898","0","3"
"29","“Þ—ÇŒ§","29344","¶‹îŒS”Á”µ’¬","293440025005","—´“c–kŒÜ’š–Ú","34.611434","135.716145","0","3"
"29","“Þ—ÇŒ§","29344","¶‹îŒS”Á”µ’¬","293440025006","—´“c–k˜Z’š–Ú","34.614387","135.713909","0","3"
"29","“Þ—ÇŒ§","29344","¶‹îŒS”Á”µ’¬","293440026001","—´“c¼ˆê’š–Ú","34.611224","135.713721","0","3"
"29","“Þ—ÇŒ§","29344","¶‹îŒS”Á”µ’¬","293440026002","—´“c¼“ñ’š–Ú","34.608424","135.714435","0","3"
"29","“Þ—ÇŒ§","29344","¶‹îŒS”Á”µ’¬","293440026003","—´“c¼ŽO’š–Ú","34.608730","135.711231","0","3"
"29","“Þ—ÇŒ§","29344","¶‹îŒS”Á”µ’¬","293440026004","—´“c¼Žl’š–Ú","34.605564","135.716467","0","3"
"29","“Þ—ÇŒ§","29344","¶‹îŒS”Á”µ’¬","293440026005","—´“c¼ŒÜ’š–Ú","34.606082","135.713552","0","3"
"29","“Þ—ÇŒ§","29344","¶‹îŒS”Á”µ’¬","293440026006","—´“c¼˜Z’š–Ú","34.606142","135.711437","0","3"
"29","“Þ—ÇŒ§","29344","¶‹îŒS”Á”µ’¬","293440026007","—´“c¼Žµ’š–Ú","34.603575","135.713735","0","3"
"29","“Þ—ÇŒ§","29344","¶‹îŒS”Á”µ’¬","293440026008","—´“c¼”ª’š–Ú","34.603287","135.711831","0","3"
"29","“Þ—ÇŒ§","29344","¶‹îŒS”Á”µ’¬","293440027001","—´“c“ìˆê’š–Ú","34.606517","135.730469","0","3"
"29","“Þ—ÇŒ§","29344","¶‹îŒS”Á”µ’¬","293440027002","—´“c“ì“ñ’š–Ú","34.605895","135.728686","0","3"
"29","“Þ—ÇŒ§","29344","¶‹îŒS”Á”µ’¬","293440027003","—´“c“ìŽO’š–Ú","34.605910","135.726292","0","3"
"29","“Þ—ÇŒ§","29344","¶‹îŒS”Á”µ’¬","293440027004","—´“c“ìŽl’š–Ú","34.605537","135.723630","0","3"
"29","“Þ—ÇŒ§","29344","¶‹îŒS”Á”µ’¬","293440027005","—´“c“ìŒÜ’š–Ú","34.605605","135.721396","0","3"
"29","“Þ—ÇŒ§","29344","¶‹îŒS”Á”µ’¬","293440027006","—´“c“ì˜Z’š–Ú","34.605596","135.719096","0","3"
"29","“Þ—ÇŒ§","29344","¶‹îŒS”Á”µ’¬","293440028001","“Œ•ŸŽ›ˆê’š–Ú","34.613411","135.745532","0","3"
"29","“Þ—ÇŒ§","29344","¶‹îŒS”Á”µ’¬","293440029001","•ž•”ˆê’š–Ú","34.601909","135.731626","0","3"
"29","“Þ—ÇŒ§","29344","¶‹îŒS”Á”µ’¬","293440029002","•ž•”“ñ’š–Ú","34.598768","135.732196","0","3"
"29","“Þ—ÇŒ§","29344","¶‹îŒS”Á”µ’¬","293440030001","–@—²Ž›ˆê’š–Ú","34.611133","135.735638","0","3"
"29","“Þ—ÇŒ§","29344","¶‹îŒS”Á”µ’¬","293440030002","–@—²Ž›“ñ’š–Ú","34.612178","135.739239","0","3"
"29","“Þ—ÇŒ§","29344","¶‹îŒS”Á”µ’¬","293440031001","–@—²Ž›–kˆê’š–Ú","34.616894","135.738350","0","3"
"29","“Þ—ÇŒ§","29344","¶‹îŒS”Á”µ’¬","293440031002","–@—²Ž›–k“ñ’š–Ú","34.616683","135.741646","0","3"
"29","“Þ—ÇŒ§","29344","¶‹îŒS”Á”µ’¬","293440032000","–@—²Ž›ŽR“à","34.613979","135.735977","0","1"
"29","“Þ—ÇŒ§","29344","¶‹îŒS”Á”µ’¬","293440033001","–@—²Ž›¼ˆê’š–Ú","34.611985","135.731671","0","3"
"29","“Þ—ÇŒ§","29344","¶‹îŒS”Á”µ’¬","293440033002","–@—²Ž›¼“ñ’š–Ú","34.611224","135.728802","0","3"
"29","“Þ—ÇŒ§","29344","¶‹îŒS”Á”µ’¬","293440033003","–@—²Ž›¼ŽO’š–Ú","34.609618","135.732079","0","3"
"29","“Þ—ÇŒ§","29344","¶‹îŒS”Á”µ’¬","293440034001","–@—²Ž›“Œˆê’š–Ú","34.613434","135.742223","0","3"
"29","“Þ—ÇŒ§","29344","¶‹îŒS”Á”µ’¬","293440034002","–@—²Ž›“Œ“ñ’š–Ú","34.615531","135.744103","0","3"
"29","“Þ—ÇŒ§","29344","¶‹îŒS”Á”µ’¬","293440035001","–@—²Ž›“ìˆê’š–Ú","34.607960","135.733314","0","3"
"29","“Þ—ÇŒ§","29344","¶‹îŒS”Á”µ’¬","293440035002","–@—²Ž›“ì“ñ’š–Ú","34.610828","135.742702","0","3"
"29","“Þ—ÇŒ§","29344","¶‹îŒS”Á”µ’¬","293440035003","–@—²Ž›“ìŽO’š–Ú","34.609344","135.746068","0","3"
"29","“Þ—ÇŒ§","29344","¶‹îŒS”Á”µ’¬","293440036001","–ÚˆÀˆê’š–Ú","34.593682","135.732297","0","3"
"29","“Þ—ÇŒ§","29344","¶‹îŒS”Á”µ’¬","293440036002","–ÚˆÀ“ñ’š–Ú","34.593816","135.736308","0","3"
"29","“Þ—ÇŒ§","29344","¶‹îŒS”Á”µ’¬","293440036003","–ÚˆÀŽO’š–Ú","34.594845","135.738969","0","3"
"29","“Þ—ÇŒ§","29344","¶‹îŒS”Á”µ’¬","293440036004","–ÚˆÀŽl’š–Ú","34.595737","135.740906","0","3"
"29","“Þ—ÇŒ§","29344","¶‹îŒS”Á”µ’¬","293440037001","–ÚˆÀ–kˆê’š–Ú","34.595356","135.729471","0","3"
"29","“Þ—ÇŒ§","29344","¶‹îŒS”Á”µ’¬","293440037002","–ÚˆÀ–k“ñ’š–Ú","34.596492","135.732351","0","3"
"29","“Þ—ÇŒ§","29344","¶‹îŒS”Á”µ’¬","293440037003","–ÚˆÀ–kŽO’š–Ú","34.596257","135.735754","0","3"
"29","“Þ—ÇŒ§","29345","¶‹îŒSˆÀ“g’¬","293450001000","‘åŽš‰ªè","34.605710","135.766298","0","1"
"29","“Þ—ÇŒ§","29345","¶‹îŒSˆÀ“g’¬","293450002000","‘åŽšŠ}–Ú","34.597675","135.742955","0","1"
"29","“Þ—ÇŒ§","29345","¶‹îŒSˆÀ“g’¬","293450003001","‘åŽš‚©‚µ‚Ì–Ø‘äˆê’š–Ú","34.600652","135.759056","0","3"
"29","“Þ—ÇŒ§","29345","¶‹îŒSˆÀ“g’¬","293450003002","‘åŽš‚©‚µ‚Ì–Ø‘ä“ñ’š–Ú","34.600659","135.760833","0","3"
"29","“Þ—ÇŒ§","29345","¶‹îŒSˆÀ“g’¬","293450004000","‘åŽšŒE“c","34.595357","135.754271","0","1"
"29","“Þ—ÇŒ§","29345","¶‹îŒSˆÀ“g’¬","293450005000","‘åŽš¼ˆÀ“g","34.601433","135.750689","0","1"
"29","“Þ—ÇŒ§","29345","¶‹îŒSˆÀ“g’¬","293450006000","‘åŽš“ŒˆÀ“g","34.609622","135.756866","0","1"
"29","“Þ—ÇŒ§","29361","ˆééŒSì¼’¬","293610001000","‘åŽš”~ŒË","34.585140","135.767963","0","1"
"29","“Þ—ÇŒ§","29361","ˆééŒSì¼’¬","293610002000","‘åŽš‰º‰i","34.591682","135.785437","0","1"
"29","“Þ—ÇŒ§","29361","ˆééŒSì¼’¬","293610003000","‘åŽš“‚‰@","34.584169","135.761150","0","1"
"29","“Þ—ÇŒ§","29361","ˆééŒSì¼’¬","293610004000","‘åŽš“f“c","34.594011","135.767278","0","1"
"29","“Þ—ÇŒ§","29361","ˆééŒSì¼’¬","293610005000","‘åŽš•Û“c","34.586233","135.754077","0","1"
"29","“Þ—ÇŒ§","29361","ˆééŒSì¼’¬","293610006000","‘åŽšŒ‹è","34.585637","135.778041","0","1"
"29","“Þ—ÇŒ§","29362","ˆééŒSŽO‘î’¬","293620001000","‘åŽšÎŒ©","34.571394","135.787340","0","1"
"29","“Þ—ÇŒ§","29362","ˆééŒSŽO‘î’¬","293620002000","‘åŽš¬–ö","34.577561","135.756819","0","1"
"29","“Þ—ÇŒ§","29362","ˆééŒSŽO‘î’¬","293620003000","‘åŽšã’A”n","34.565415","135.766421","0","1"
"29","“Þ—ÇŒ§","29362","ˆééŒSŽO‘î’¬","293620004000","‘åŽš’A”n","34.569019","135.768773","0","1"
"29","“Þ—ÇŒ§","29362","ˆééŒSŽO‘î’¬","293620005000","‘åŽš”º“°","34.573684","135.772535","0","1"
"29","“Þ—ÇŒ§","29362","ˆééŒSŽO‘î’¬","293620006000","‘åŽš› •—","34.578679","135.772340","0","1"
"29","“Þ—ÇŒ§","29362","ˆééŒSŽO‘î’¬","293620007000","‘åŽšŽO‰Í","34.576978","135.786153","0","1"
"29","“Þ—ÇŒ§","29363","ˆééŒS“cŒ´–{’¬","293630001000","‘åŽš–¡ŠÔ","34.538034","135.810728","0","1"
"29","“Þ—ÇŒ§","29363","ˆééŒS“cŒ´–{’¬","293630002000","‘åŽš¡—¢","34.570174","135.794117","0","1"
"29","“Þ—ÇŒ§","29363","ˆééŒS“cŒ´–{’¬","293630003000","‘åŽšˆÉ—^ŒË","34.547730","135.814459","0","1"
"29","“Þ—ÇŒ§","29363","ˆééŒS“cŒ´–{’¬","293630004000","‘åŽš‘½","34.533420","135.789593","0","1"
"29","“Þ—ÇŒ§","29363","ˆééŒS“cŒ´–{’¬","293630005000","‘åŽš‘å–Ô","34.548122","135.768062","0","1"
"29","“Þ—ÇŒ§","29363","ˆééŒS“cŒ´–{’¬","293630006000","‘åŽš‘å–Ø","34.551689","135.814105","0","1"
"29","“Þ—ÇŒ§","29363","ˆééŒS“cŒ´–{’¬","293630007000","‘åŽšŒ®","34.566700","135.798871","0","1"
"29","“Þ—ÇŒ§","29363","ˆééŒS“cŒ´–{’¬","293630008000","‘åŽšŠ}Œ`","34.543558","135.814089","0","1"
"29","“Þ—ÇŒ§","29363","ˆééŒS“cŒ´–{’¬","293630009000","‘åŽš‹ààV","34.554623","135.819856","0","1"
"29","“Þ—ÇŒ§","29363","ˆééŒS“cŒ´–{’¬","293630010000","‘åŽš“‚ŒÃ","34.574499","135.798078","0","1"
"29","“Þ—ÇŒ§","29363","ˆééŒS“cŒ´–{’¬","293630011000","‘åŽšåU“°","34.547074","135.820651","0","1"
"29","“Þ—ÇŒ§","29363","ˆééŒS“cŒ´–{’¬","293630012000","‘åŽš•“c","34.566961","135.776100","0","1"
"29","“Þ—ÇŒ§","29363","ˆééŒS“cŒ´–{’¬","293630013000","‘åŽš¬ã","34.562219","135.799700","0","1"
"29","“Þ—ÇŒ§","29363","ˆééŒS“cŒ´–{’¬","293630014000","‘åŽš‹à„Ž›","34.554654","135.765819","0","1"
"29","“Þ—ÇŒ§","29363","ˆééŒS“cŒ´–{’¬","293630015000","‘åŽšãŽè","34.554311","135.799210","0","1"
"29","“Þ—ÇŒ§","29363","ˆééŒS“cŒ´–{’¬","293630016000","‘åŽš²–¡","34.541250","135.770777","0","1"
"29","“Þ—ÇŒ§","29363","ˆééŒS“cŒ´–{’¬","293630017000","‘åŽš\˜Z–Ê","34.553037","135.774962","0","1"
"29","“Þ—ÇŒ§","29363","ˆééŒS“cŒ´–{’¬","293630018000","‘åŽšV’¬","34.558605","135.789894","0","1"
"29","“Þ—ÇŒ§","29363","ˆééŒS“cŒ´–{’¬","293630019000","‘åŽš‘åˆÀŽ›","34.552845","135.806559","0","1"
"29","“Þ—ÇŒ§","29363","ˆééŒS“cŒ´–{’¬","293630020000","‘åŽšˆ×ì“ì•û","34.552139","135.821199","0","1"
"29","“Þ—ÇŒ§","29363","ˆééŒS“cŒ´–{’¬","293630021000","‘åŽšˆ×ì–k•û","34.556855","135.819462","0","1"
"29","“Þ—ÇŒ§","29363","ˆééŒS“cŒ´–{’¬","293630022000","‘åŽšç‘ã","34.543870","135.802111","0","1"
"29","“Þ—ÇŒ§","29363","ˆééŒS“cŒ´–{’¬","293630023000","‘åŽš•x–{","34.562507","135.771404","0","1"
"29","“Þ—ÇŒ§","29363","ˆééŒS“cŒ´–{’¬","293630024000","‘åŽšV–Ø","34.542896","135.786843","0","1"
"29","“Þ—ÇŒ§","29363","ˆééŒS“cŒ´–{’¬","293630025000","‘åŽš¼ˆäã","34.558390","135.805636","0","1"
"29","“Þ—ÇŒ§","29363","ˆééŒS“cŒ´–{’¬","293630026000","‘åŽš¼’|“c","34.556223","135.771358","0","1"
"29","“Þ—ÇŒ§","29363","ˆééŒS“cŒ´–{’¬","293630027000","‘åŽš¼‘ã","34.576419","135.792691","0","1"
"29","“Þ—ÇŒ§","29363","ˆééŒS“cŒ´–{’¬","293630028000","‘åŽš`¯","34.544535","135.791803","0","1"
"29","“Þ—ÇŒ§","29363","ˆééŒS“cŒ´–{’¬","293630029000","‘åŽš”ª“c","34.581840","135.803619","0","1"
"29","“Þ—ÇŒ§","29363","ˆééŒS“cŒ´–{’¬","293630030000","‘åŽš“Œˆäã","34.558334","135.814053","0","1"
"29","“Þ—ÇŒ§","29363","ˆééŒS“cŒ´–{’¬","293630031000","‘åŽš•½“c","34.555794","135.813332","0","1"
"29","“Þ—ÇŒ§","29363","ˆééŒS“cŒ´–{’¬","293630032000","‘åŽš•½–ì","34.549815","135.773322","0","1"
"29","“Þ—ÇŒ§","29363","ˆééŒS“cŒ´–{’¬","293630033000","‘åŽš–@‹MŽ›","34.567287","135.807083","0","1"
"29","“Þ—ÇŒ§","29363","ˆééŒS“cŒ´–{’¬","293630034000","‘åŽš•Û’Ã","34.555951","135.782789","0","1"
"29","“Þ—ÇŒ§","29363","ˆééŒS“cŒ´–{’¬","293630035000","‘åŽš¼–{","34.560015","135.766507","0","1"
"29","“Þ—ÇŒ§","29363","ˆééŒS“cŒ´–{’¬","293630036000","‘åŽš–ž“c","34.541264","135.775607","0","1"
"29","“Þ—ÇŒ§","29363","ˆééŒS“cŒ´–{’¬","293630037000","‘åŽšŽOŠ}","34.549367","135.788651","0","1"
"29","“Þ—ÇŒ§","29363","ˆééŒS“cŒ´–{’¬","293630038000","‘åŽš‹{ŒÃ","34.563454","135.781760","0","1"
"29","“Þ—ÇŒ§","29363","ˆééŒS“cŒ´–{’¬","293630039000","‘åŽš‹{X","34.539024","135.793027","0","1"
"29","“Þ—ÇŒ§","29363","ˆééŒS“cŒ´–{’¬","293630040000","‘åŽš”ª”ö","34.564398","135.789898","0","1"
"29","“Þ—ÇŒ§","29363","ˆééŒS“cŒ´–{’¬","293630041000","‘åŽšåZ‰¤Ž›","34.550252","135.782159","0","1"
"29","“Þ—ÇŒ§","29363","ˆééŒS“cŒ´–{’¬","293630042000","‘åŽš–î•”","34.540449","135.781571","0","1"
"29","“Þ—ÇŒ§","29385","‰F‘ÉŒS‘]Ž¢‘º","293850001000","‘åŽšˆÉ‰êŒ©","34.543335","136.144305","0","1"
"29","“Þ—ÇŒ§","29385","‰F‘ÉŒS‘]Ž¢‘º","293850002000","‘åŽš¡ˆä","34.530205","136.110712","0","1"
"29","“Þ—ÇŒ§","29385","‰F‘ÉŒS‘]Ž¢‘º","293850003000","‘åŽšŠ|","34.496469","136.111611","0","1"
"29","“Þ—ÇŒ§","29385","‰F‘ÉŒS‘]Ž¢‘º","293850004000","‘åŽšŠ‹","34.530441","136.126847","0","1"
"29","“Þ—ÇŒ§","29385","‰F‘ÉŒS‘]Ž¢‘º","293850005000","‘åŽš¬’·”ö","34.512271","136.115236","0","1"
"29","“Þ—ÇŒ§","29385","‰F‘ÉŒS‘]Ž¢‘º","293850006000","‘åŽš‰–ˆä","34.501812","136.137938","0","1"
"29","“Þ—ÇŒ§","29385","‰F‘ÉŒS‘]Ž¢‘º","293850007000","‘åŽš‘¾—Ç˜H","34.517086","136.151794","0","1"
"29","“Þ—ÇŒ§","29385","‰F‘ÉŒS‘]Ž¢‘º","293850008000","‘åŽš’·–ì","34.506491","136.102605","0","1"
"29","“Þ—ÇŒ§","29385","‰F‘ÉŒS‘]Ž¢‘º","293850009000","‘åŽšŽR””","34.488634","136.087797","0","1"
"29","“Þ—ÇŒ§","29386","‰F‘ÉŒSŒäñ‘º","293860001000","‘åŽš_––","34.488996","136.205976","0","1"
"29","“Þ—ÇŒ§","29386","‰F‘ÉŒSŒäñ‘º","293860002000","‘åŽš›–ì","34.482602","136.165917","0","1"
"29","“Þ—ÇŒ§","29386","‰F‘ÉŒSŒäñ‘º","293860003000","‘åŽš“y‰®Œ´","34.467031","136.141817","0","1"
"29","“Þ—ÇŒ§","29386","‰F‘ÉŒSŒäñ‘º","293860004000","‘åŽš“–“","34.465271","136.104921","0","1"
"29","“Þ—ÇŒ§","29401","‚ŽsŒS‚Žæ’¬","294010001000","‘åŽšŽs”ö","34.438686","135.772117","0","1"
"29","“Þ—ÇŒ§","29401","‚ŽsŒS‚Žæ’¬","294010002000","‘åŽš‰z’q","34.462506","135.767174","0","1"
"29","“Þ—ÇŒ§","29401","‚ŽsŒS‚Žæ’¬","294010003000","‘åŽšãŽq“‡","34.440205","135.810050","0","1"
"29","“Þ—ÇŒ§","29401","‚ŽsŒS‚Žæ’¬","294010004000","‘åŽšã“y²","34.444605","135.800935","0","1"
"29","“Þ—ÇŒ§","29401","‚ŽsŒS‚Žæ’¬","294010005000","‘åŽšŠÏŠoŽ›","34.454037","135.796827","0","1"
"29","“Þ—ÇŒ§","29401","‚ŽsŒS‚Žæ’¬","294010006000","‘åŽš‹g”õ","34.446392","135.789861","0","1"
"29","“Þ—ÇŒ§","29401","‚ŽsŒS‚Žæ’¬","294010007000","‘åŽšŽÔ–Ø","34.456292","135.766485","0","1"
"29","“Þ—ÇŒ§","29401","‚ŽsŒS‚Žæ’¬","294010008000","‘åŽš²“c","34.455169","135.787060","0","1"
"29","“Þ—ÇŒ§","29401","‚ŽsŒS‚Žæ’¬","294010009000","‘åŽšŽF–€","34.447864","135.783907","0","1"
"29","“Þ—ÇŒ§","29401","‚ŽsŒS‚Žæ’¬","294010010000","‘åŽš´…’J","34.437848","135.799211","0","1"
"29","“Þ—ÇŒ§","29401","‚ŽsŒS‚Žæ’¬","294010011000","‘åŽš‰ºŽq“‡","34.442567","135.801254","0","1"
"29","“Þ—ÇŒ§","29401","‚ŽsŒS‚Žæ’¬","294010012000","‘åŽš‰º“y²","34.446435","135.797802","0","1"
"29","“Þ—ÇŒ§","29401","‚ŽsŒS‚Žæ’¬","294010013000","‘åŽš“cˆä¯","34.446828","135.777980","0","1"
"29","“Þ—ÇŒ§","29401","‚ŽsŒS‚Žæ’¬","294010014000","‘åŽš‚Žæ","34.429512","135.835235","0","1"
"29","“Þ—ÇŒ§","29401","‚ŽsŒS‚Žæ’¬","294010015000","‘åŽššâã","34.425461","135.808271","0","1"
"29","“Þ—ÇŒ§","29401","‚ŽsŒS‚Žæ’¬","294010016000","‘åŽšŽ›è","34.464119","135.773378","0","1"
"29","“Þ—ÇŒ§","29401","‚ŽsŒS‚Žæ’¬","294010017000","‘åŽš’O¶’J","34.428515","135.766627","0","1"
"29","“Þ—ÇŒ§","29401","‚ŽsŒS‚Žæ’¬","294010018000","‘åŽš•ºŒÉ","34.451444","135.773989","0","1"
"29","“Þ—ÇŒ§","29401","‚ŽsŒS‚Žæ’¬","294010019000","‘åŽš“¡ˆä","34.439392","135.780618","0","1"
"29","“Þ—ÇŒ§","29401","‚ŽsŒS‚Žæ’¬","294010020000","‘åŽš‰H“à","34.436829","135.785151","0","1"
"29","“Þ—ÇŒ§","29401","‚ŽsŒS‚Žæ’¬","294010021000","‘åŽš¼ŽR","34.435145","135.789332","0","1"
"29","“Þ—ÇŒ§","29401","‚ŽsŒS‚Žæ’¬","294010022000","‘åŽšX","34.448725","135.788827","0","1"
"29","“Þ—ÇŒ§","29401","‚ŽsŒS‚Žæ’¬","294010023000","‘åŽš’J“c","34.432845","135.768519","0","1"
"29","“Þ—ÇŒ§","29401","‚ŽsŒS‚Žæ’¬","294010024000","‘åŽš—^Šy","34.462134","135.778400","0","1"
"29","“Þ—ÇŒ§","29402","‚ŽsŒS–¾“ú‘º","294020001000","‘åŽš”ò’¹","34.479741","135.823245","0","1"
"29","“Þ—ÇŒ§","29402","‚ŽsŒS–¾“ú‘º","294020002000","‘åŽšˆ¢•”ŽR","34.448819","135.805611","0","1"
"29","“Þ—ÇŒ§","29402","‚ŽsŒS–¾“ú‘º","294020003000","‘åŽš—‹","34.486007","135.814047","0","1"
"29","“Þ—ÇŒ§","29402","‚ŽsŒS–¾“ú‘º","294020004000","‘åŽšˆîŸº","34.455511","135.825470","0","1"
"29","“Þ—ÇŒ§","29402","‚ŽsŒS–¾“ú‘º","294020005000","‘åŽšjŒË","34.464946","135.824281","0","1"
"29","“Þ—ÇŒ§","29402","‚ŽsŒS–¾“ú‘º","294020006000","‘åŽš”ö‘]","34.458306","135.850811","0","1"
"29","“Þ—ÇŒ§","29402","‚ŽsŒS–¾“ú‘º","294020007000","‘åŽš‘åª“c","34.449710","135.812963","0","1"
"29","“Þ—ÇŒ§","29402","‚ŽsŒS–¾“ú‘º","294020008000","‘åŽš¬Œ´","34.474602","135.830973","0","1"
"29","“Þ—ÇŒ§","29402","‚ŽsŒS–¾“ú‘º","294020009000","‘åŽš‰ª","34.473393","135.824429","0","1"
"29","“Þ—ÇŒ§","29402","‚ŽsŒS–¾“ú‘º","294020010000","‘åŽš‰œŽR","34.486740","135.818780","0","1"
"29","“Þ—ÇŒ§","29402","‚ŽsŒS–¾“ú‘º","294020011000","‘åŽšã","34.463899","135.846869","0","1"
"29","“Þ—ÇŒ§","29402","‚ŽsŒS–¾“ú‘º","294020012000","‘åŽšŠœX","34.439221","135.835876","0","1"
"29","“Þ—ÇŒ§","29402","‚ŽsŒS–¾“ú‘º","294020013000","‘åŽšìŒ´","34.473751","135.813263","0","1"
"29","“Þ—ÇŒ§","29402","‚ŽsŒS–¾“ú‘º","294020014000","‘åŽšŒIŒ´","34.455739","135.809995","0","1"
"29","“Þ—ÇŒ§","29402","‚ŽsŒS–¾“ú‘º","294020015000","‘åŽš‰z","34.465914","135.795180","0","1"
"29","“Þ—ÇŒ§","29402","‚ŽsŒS–¾“ú‘º","294020016000","‘åŽš¬ŽR","34.491019","135.813885","0","1"
"29","“Þ—ÇŒ§","29402","‚ŽsŒS–¾“ú‘º","294020017000","‘åŽšã“c","34.459723","135.828415","0","1"
"29","“Þ—ÇŒ§","29402","‚ŽsŒS–¾“ú‘º","294020018000","‘åŽš“‡¯","34.468323","135.825321","0","1"
"29","“Þ—ÇŒ§","29402","‚ŽsŒS–¾“ú‘º","294020019000","‘åŽšã‹","34.467307","135.830100","0","1"
"29","“Þ—ÇŒ§","29402","‚ŽsŒS–¾“ú‘º","294020020000","‘åŽš‹k","34.467321","135.818748","0","1"
"29","“Þ—ÇŒ§","29402","‚ŽsŒS–¾“ú‘º","294020021000","‘åŽš—§•”","34.465196","135.813827","0","1"
"29","“Þ—ÇŒ§","29402","‚ŽsŒS–¾“ú‘º","294020022000","‘åŽš–L‰Y","34.479461","135.812553","0","1"
"29","“Þ—ÇŒ§","29402","‚ŽsŒS–¾“ú‘º","294020023000","‘åŽš“ü’J","34.439964","135.845753","0","1"
"29","“Þ—ÇŒ§","29402","‚ŽsŒS–¾“ú‘º","294020024000","‘åŽš–ìŒû","34.468388","135.808013","0","1"
"29","“Þ—ÇŒ§","29402","‚ŽsŒS–¾“ú‘º","294020025000","‘åŽš”¨","34.446603","135.849174","0","1"
"29","“Þ—ÇŒ§","29402","‚ŽsŒS–¾“ú‘º","294020026000","‘åŽš“ŒŽR","34.476623","135.830928","0","1"
"29","“Þ—ÇŒ§","29402","‚ŽsŒS–¾“ú‘º","294020027000","‘åŽšžw‘O","34.458394","135.800933","0","1"
"29","“Þ—ÇŒ§","29402","‚ŽsŒS–¾“ú‘º","294020028000","‘åŽš•½“c","34.463286","135.808678","0","1"
"29","“Þ—ÇŒ§","29402","‚ŽsŒS–¾“ú‘º","294020029000","‘åŽš“~–ì","34.451441","135.858981","0","1"
"29","“Þ—ÇŒ§","29402","‚ŽsŒS–¾“ú‘º","294020030000","‘åŽš×ì","34.462263","135.838130","0","1"
"29","“Þ—ÇŒ§","29402","‚ŽsŒS–¾“ú‘º","294020031000","‘åŽš^‹|","34.462840","135.789036","0","1"
"29","“Þ—ÇŒ§","29402","‚ŽsŒS–¾“ú‘º","294020032000","‘åŽšŒä‰€","34.462456","135.801809","0","1"
"29","“Þ—ÇŒ§","29402","‚ŽsŒS–¾“ú‘º","294020033000","‘åŽš”ª’Þ","34.479531","135.829882","0","1"
"29","“Þ—ÇŒ§","29424","–kŠ‹éŒSã–q’¬","294240001000","‘åŽšã–q","34.559949","135.720024","0","1"
"29","“Þ—ÇŒ§","29424","–kŠ‹éŒSã–q’¬","294240002000","‘åŽš‰º–q","34.572075","135.721150","0","1"
"29","“Þ—ÇŒ§","29424","–kŠ‹éŒSã–q’¬","294240003000","‘åŽš’†‹Øoì","34.554073","135.707087","0","1"
"29","“Þ—ÇŒ§","29424","–kŠ‹éŒSã–q’¬","294240004001","•Ð‰ª‘äˆê’š–Ú","34.580834","135.714574","0","3"
"29","“Þ—ÇŒ§","29424","–kŠ‹éŒSã–q’¬","294240004002","•Ð‰ª‘ä“ñ’š–Ú","34.579746","135.717953","0","3"
"29","“Þ—ÇŒ§","29424","–kŠ‹éŒSã–q’¬","294240004003","•Ð‰ª‘äŽO’š–Ú","34.577156","135.715584","0","3"
"29","“Þ—ÇŒ§","29424","–kŠ‹éŒSã–q’¬","294240005001","Š‹é‘äˆê’š–Ú","34.557602","135.722296","0","3"
"29","“Þ—ÇŒ§","29424","–kŠ‹éŒSã–q’¬","294240005002","Š‹é‘ä“ñ’š–Ú","34.558624","135.724451","0","3"
"29","“Þ—ÇŒ§","29424","–kŠ‹éŒSã–q’¬","294240005003","Š‹é‘äŽO’š–Ú","34.556479","135.722993","0","3"
"29","“Þ—ÇŒ§","29424","–kŠ‹éŒSã–q’¬","294240005004","Š‹é‘äŽl’š–Ú","34.556432","135.725448","0","3"
"29","“Þ—ÇŒ§","29424","–kŠ‹éŒSã–q’¬","294240005005","Š‹é‘äŒÜ’š–Ú","34.555067","135.723287","0","3"
"29","“Þ—ÇŒ§","29424","–kŠ‹éŒSã–q’¬","294240006001","÷ƒ–‹uˆê’š–Ú","34.577394","135.721437","0","3"
"29","“Þ—ÇŒ§","29424","–kŠ‹éŒSã–q’¬","294240006002","÷ƒ–‹u“ñ’š–Ú","34.574218","135.725214","0","3"
"29","“Þ—ÇŒ§","29424","–kŠ‹éŒSã–q’¬","294240006003","÷ƒ–‹uŽO’š–Ú","34.575074","135.719666","0","3"
"29","“Þ—ÇŒ§","29424","–kŠ‹éŒSã–q’¬","294240007001","‚³‚³‚ä‚è‘äˆê’š–Ú","34.566842","135.721472","0","3"
"29","“Þ—ÇŒ§","29424","–kŠ‹éŒSã–q’¬","294240007002","‚³‚³‚ä‚è‘ä“ñ’š–Ú","34.565302","135.719543","0","3"
"29","“Þ—ÇŒ§","29424","–kŠ‹éŒSã–q’¬","294240007003","‚³‚³‚ä‚è‘äŽO’š–Ú","34.566599","135.718286","0","3"
"29","“Þ—ÇŒ§","29424","–kŠ‹éŒSã–q’¬","294240008001","‰º–qˆê’š–Ú","34.573219","135.718523","0","3"
"29","“Þ—ÇŒ§","29424","–kŠ‹éŒSã–q’¬","294240008002","‰º–q“ñ’š–Ú","34.574533","135.712752","0","3"
"29","“Þ—ÇŒ§","29424","–kŠ‹éŒSã–q’¬","294240008003","‰º–qŽO’š–Ú","34.579462","135.711553","0","3"
"29","“Þ—ÇŒ§","29424","–kŠ‹éŒSã–q’¬","294240008004","‰º–qŽl’š–Ú","34.578266","135.709207","0","3"
"29","“Þ—ÇŒ§","29424","–kŠ‹éŒSã–q’¬","294240008005","‰º–qŒÜ’š–Ú","34.573973","135.707985","0","3"
"29","“Þ—ÇŒ§","29424","–kŠ‹éŒSã–q’¬","294240008006","‰º–q˜Z’š–Ú","34.575089","135.705545","0","3"
"29","“Þ—ÇŒ§","29424","–kŠ‹éŒSã–q’¬","294240008007","‰º–qŽµ’š–Ú","34.571113","135.705098","0","3"
"29","“Þ—ÇŒ§","29424","–kŠ‹éŒSã–q’¬","294240009001","¼—¢‰€ˆê’š–Ú","34.551912","135.710517","0","3"
"29","“Þ—ÇŒ§","29424","–kŠ‹éŒSã–q’¬","294240009002","¼—¢‰€“ñ’š–Ú","34.550018","135.710480","0","3"
"29","“Þ—ÇŒ§","29424","–kŠ‹éŒSã–q’¬","294240009003","¼—¢‰€ŽO’š–Ú","34.549672","135.708921","0","3"
"29","“Þ—ÇŒ§","29424","–kŠ‹éŒSã–q’¬","294240010001","‘êì‘äˆê’š–Ú","34.569337","135.717835","0","3"
"29","“Þ—ÇŒ§","29424","–kŠ‹éŒSã–q’¬","294240010002","‘êì‘ä“ñ’š–Ú","34.571595","135.716870","0","3"
"29","“Þ—ÇŒ§","29424","–kŠ‹éŒSã–q’¬","294240011001","—F‚ª‹uˆê’š–Ú","34.571921","135.713177","0","3"
"29","“Þ—ÇŒ§","29424","–kŠ‹éŒSã–q’¬","294240011002","—F‚ª‹u“ñ’š–Ú","34.572592","135.712578","0","3"
"29","“Þ—ÇŒ§","29424","–kŠ‹éŒSã–q’¬","294240012001","•ž•”‘äˆê’š–Ú","34.567872","135.713561","0","3"
"29","“Þ—ÇŒ§","29424","–kŠ‹éŒSã–q’¬","294240012002","•ž•”‘ä“ñ’š–Ú","34.567615","135.710454","0","3"
"29","“Þ—ÇŒ§","29424","–kŠ‹éŒSã–q’¬","294240012003","•ž•”‘äŽO’š–Ú","34.569476","135.713583","0","3"
"29","“Þ—ÇŒ§","29424","–kŠ‹éŒSã–q’¬","294240012004","•ž•”‘äŽl’š–Ú","34.571156","135.714115","0","3"
"29","“Þ—ÇŒ§","29424","–kŠ‹éŒSã–q’¬","294240012005","•ž•”‘äŒÜ’š–Ú","34.569802","135.715575","0","3"
"29","“Þ—ÇŒ§","29424","–kŠ‹éŒSã–q’¬","294240013001","—Îƒ–‹uˆê’š–Ú","34.569105","135.709848","0","3"
"29","“Þ—ÇŒ§","29424","–kŠ‹éŒSã–q’¬","294240013002","—Îƒ–‹u“ñ’š–Ú","34.568777","135.707680","0","3"
"29","“Þ—ÇŒ§","29424","–kŠ‹éŒSã–q’¬","294240014001","‚ä‚è‚ª‹uˆê’š–Ú","34.571518","135.719344","0","3"
"29","“Þ—ÇŒ§","29424","–kŠ‹éŒSã–q’¬","294240015001","•ÄŽR‘äˆê’š–Ú","34.561324","135.713812","0","3"
"29","“Þ—ÇŒ§","29424","–kŠ‹éŒSã–q’¬","294240015002","•ÄŽR‘ä“ñ’š–Ú","34.560204","135.712809","0","3"
"29","“Þ—ÇŒ§","29424","–kŠ‹éŒSã–q’¬","294240015003","•ÄŽR‘äŽO’š–Ú","34.563096","135.712975","0","3"
"29","“Þ—ÇŒ§","29424","–kŠ‹éŒSã–q’¬","294240015004","•ÄŽR‘äŽl’š–Ú","34.565035","135.712901","0","3"
"29","“Þ—ÇŒ§","29424","–kŠ‹éŒSã–q’¬","294240015005","•ÄŽR‘äŒÜ’š–Ú","34.563551","135.714481","0","3"
"29","“Þ—ÇŒ§","29424","–kŠ‹éŒSã–q’¬","294240015006","•ÄŽR‘ä˜Z’š–Ú","34.565049","135.715130","0","3"
"29","“Þ—ÇŒ§","29425","–kŠ‹éŒS‰¤Ž›’¬","294250001001","‰¤Ž›ˆê’š–Ú","34.594445","135.708455","0","3"
"29","“Þ—ÇŒ§","29425","–kŠ‹éŒS‰¤Ž›’¬","294250001002","‰¤Ž›“ñ’š–Ú","34.595927","135.704013","0","3"
"29","“Þ—ÇŒ§","29425","–kŠ‹éŒS‰¤Ž›’¬","294250001003","‰¤Ž›ŽO’š–Ú","34.595386","135.699202","0","3"
"29","“Þ—ÇŒ§","29425","–kŠ‹éŒS‰¤Ž›’¬","294250002001","Š‹‰ºˆê’š–Ú","34.591342","135.710718","0","3"
"29","“Þ—ÇŒ§","29425","–kŠ‹éŒS‰¤Ž›’¬","294250002002","Š‹‰º“ñ’š–Ú","34.589840","135.708878","0","3"
"29","“Þ—ÇŒ§","29425","–kŠ‹éŒS‰¤Ž›’¬","294250002003","Š‹‰ºŽO’š–Ú","34.586698","135.708330","0","3"
"29","“Þ—ÇŒ§","29425","–kŠ‹éŒS‰¤Ž›’¬","294250002004","Š‹‰ºŽl’š–Ú","34.583369","135.707739","0","3"
"29","“Þ—ÇŒ§","29425","–kŠ‹éŒS‰¤Ž›’¬","294250003001","‹v“xˆê’š–Ú","34.598889","135.707370","0","3"
"29","“Þ—ÇŒ§","29425","–kŠ‹éŒS‰¤Ž›’¬","294250003002","‹v“x“ñ’š–Ú","34.599331","135.703672","0","3"
"29","“Þ—ÇŒ§","29425","–kŠ‹éŒS‰¤Ž›’¬","294250003003","‹v“xŽO’š–Ú","34.598629","135.700987","0","3"
"29","“Þ—ÇŒ§","29425","–kŠ‹éŒS‰¤Ž›’¬","294250003004","‹v“xŽl’š–Ú","34.599391","135.698177","0","3"
"29","“Þ—ÇŒ§","29425","–kŠ‹éŒS‰¤Ž›’¬","294250003005","‹v“xŒÜ’š–Ú","34.596448","135.696739","0","3"
"29","“Þ—ÇŒ§","29425","–kŠ‹éŒS‰¤Ž›’¬","294250004001","‘¾Žqˆê’š–Ú","34.583291","135.693919","0","3"
"29","“Þ—ÇŒ§","29425","–kŠ‹éŒS‰¤Ž›’¬","294250004002","‘¾Žq“ñ’š–Ú","34.580408","135.693236","0","3"
"29","“Þ—ÇŒ§","29425","–kŠ‹éŒS‰¤Ž›’¬","294250004003","‘¾ŽqŽO’š–Ú","34.577101","135.691440","0","3"
"29","“Þ—ÇŒ§","29425","–kŠ‹éŒS‰¤Ž›’¬","294250005001","”©“cˆê’š–Ú","34.581913","135.709533","0","3"
"29","“Þ—ÇŒ§","29425","–kŠ‹éŒS‰¤Ž›’¬","294250005002","”©“c“ñ’š–Ú","34.579025","135.707639","0","3"
"29","“Þ—ÇŒ§","29425","–kŠ‹éŒS‰¤Ž›’¬","294250005003","”©“cŽO’š–Ú","34.577618","135.704414","0","3"
"29","“Þ—ÇŒ§","29425","–kŠ‹éŒS‰¤Ž›’¬","294250005004","”©“cŽl’š–Ú","34.577622","135.702576","0","3"
"29","“Þ—ÇŒ§","29425","–kŠ‹éŒS‰¤Ž›’¬","294250005005","”©“cŒÜ’š–Ú","34.580202","135.698065","0","3"
"29","“Þ—ÇŒ§","29425","–kŠ‹éŒS‰¤Ž›’¬","294250005006","”©“c˜Z’š–Ú","34.578022","135.697945","0","3"
"29","“Þ—ÇŒ§","29425","–kŠ‹éŒS‰¤Ž›’¬","294250005007","”©“cŽµ’š–Ú","34.575881","135.694609","0","3"
"29","“Þ—ÇŒ§","29425","–kŠ‹éŒS‰¤Ž›’¬","294250005008","”©“c”ª’š–Ú","34.574224","135.698007","0","3"
"29","“Þ—ÇŒ§","29425","–kŠ‹éŒS‰¤Ž›’¬","294250005009","”©“c‹ã’š–Ú","34.573741","135.693922","0","3"
"29","“Þ—ÇŒ§","29425","–kŠ‹éŒS‰¤Ž›’¬","294250006001","“¡ˆäˆê’š–Ú","34.585147","135.686179","0","3"
"29","“Þ—ÇŒ§","29425","–kŠ‹éŒS‰¤Ž›’¬","294250006002","“¡ˆä“ñ’š–Ú","34.583281","135.681836","0","3"
"29","“Þ—ÇŒ§","29425","–kŠ‹éŒS‰¤Ž›’¬","294250006003","“¡ˆäŽO’š–Ú","34.580459","135.684260","0","3"
"29","“Þ—ÇŒ§","29425","–kŠ‹éŒS‰¤Ž›’¬","294250007001","MŒËˆê’š–Ú","34.596455","135.710074","0","3"
"29","“Þ—ÇŒ§","29425","–kŠ‹éŒS‰¤Ž›’¬","294250007002","MŒË“ñ’š–Ú","34.593317","135.711867","0","3"
"29","“Þ—ÇŒ§","29425","–kŠ‹éŒS‰¤Ž›’¬","294250007003","MŒËŽO’š–Ú","34.592456","135.714389","0","3"
"29","“Þ—ÇŒ§","29425","–kŠ‹éŒS‰¤Ž›’¬","294250008001","–{’¬ˆê’š–Ú","34.592573","135.705041","0","3"
"29","“Þ—ÇŒ§","29425","–kŠ‹éŒS‰¤Ž›’¬","294250008002","–{’¬“ñ’š–Ú","34.587524","135.704968","0","3"
"29","“Þ—ÇŒ§","29425","–kŠ‹éŒS‰¤Ž›’¬","294250008003","–{’¬ŽO’š–Ú","34.589212","135.701559","0","3"
"29","“Þ—ÇŒ§","29425","–kŠ‹éŒS‰¤Ž›’¬","294250008004","–{’¬Žl’š–Ú","34.583833","135.703192","0","3"
"29","“Þ—ÇŒ§","29425","–kŠ‹éŒS‰¤Ž›’¬","294250008005","–{’¬ŒÜ’š–Ú","34.583491","135.698038","0","3"
"29","“Þ—ÇŒ§","29425","–kŠ‹éŒS‰¤Ž›’¬","294250009001","–¾_ˆê’š–Ú","34.584045","135.691222","0","3"
"29","“Þ—ÇŒ§","29425","–kŠ‹éŒS‰¤Ž›’¬","294250009002","–¾_“ñ’š–Ú","34.581335","135.690335","0","3"
"29","“Þ—ÇŒ§","29425","–kŠ‹éŒS‰¤Ž›’¬","294250009003","–¾_ŽO’š–Ú","34.579199","135.688647","0","3"
"29","“Þ—ÇŒ§","29425","–kŠ‹éŒS‰¤Ž›’¬","294250009004","–¾_Žl’š–Ú","34.576403","135.688280","0","3"
"29","“Þ—ÇŒ§","29425","–kŠ‹éŒS‰¤Ž›’¬","294250010001","Œ³’¬ˆê’š–Ú","34.592627","135.698796","0","3"
"29","“Þ—ÇŒ§","29425","–kŠ‹éŒS‰¤Ž›’¬","294250010002","Œ³’¬“ñ’š–Ú","34.589911","135.695309","0","3"
"29","“Þ—ÇŒ§","29425","–kŠ‹éŒS‰¤Ž›’¬","294250010003","Œ³’¬ŽO’š–Ú","34.588016","135.690815","0","3"
"29","“Þ—ÇŒ§","29425","–kŠ‹éŒS‰¤Ž›’¬","294250011001","“ìŒ³’¬ˆê’š–Ú","34.585527","135.695809","0","3"
"29","“Þ—ÇŒ§","29425","–kŠ‹éŒS‰¤Ž›’¬","294250011002","“ìŒ³’¬“ñ’š–Ú","34.587253","135.694132","0","3"
"29","“Þ—ÇŒ§","29425","–kŠ‹éŒS‰¤Ž›’¬","294250011003","“ìŒ³’¬ŽO’š–Ú","34.586077","135.692606","0","3"
"29","“Þ—ÇŒ§","29426","–kŠ‹éŒSL—Ë’¬","294260001001","”nŒ©–kˆê’š–Ú","34.553246","135.733443","0","3"
"29","“Þ—ÇŒ§","29426","–kŠ‹éŒSL—Ë’¬","294260001002","”nŒ©–k“ñ’š–Ú","34.551001","135.731672","0","3"
"29","“Þ—ÇŒ§","29426","–kŠ‹éŒSL—Ë’¬","294260001003","”nŒ©–kŽO’š–Ú","34.554396","135.731450","0","3"
"29","“Þ—ÇŒ§","29426","–kŠ‹éŒSL—Ë’¬","294260001004","”nŒ©–kŽl’š–Ú","34.556171","135.729876","0","3"
"29","“Þ—ÇŒ§","29426","–kŠ‹éŒSL—Ë’¬","294260001005","”nŒ©–kŒÜ’š–Ú","34.553770","135.728207","0","3"
"29","“Þ—ÇŒ§","29426","–kŠ‹éŒSL—Ë’¬","294260001006","”nŒ©–k˜Z’š–Ú","34.550922","135.728456","0","3"
"29","“Þ—ÇŒ§","29426","–kŠ‹éŒSL—Ë’¬","294260001007","”nŒ©–kŽµ’š–Ú","34.551918","135.724557","0","3"
"29","“Þ—ÇŒ§","29426","–kŠ‹éŒSL—Ë’¬","294260001008","”nŒ©–k”ª’š–Ú","34.554395","135.724588","0","3"
"29","“Þ—ÇŒ§","29426","–kŠ‹éŒSL—Ë’¬","294260001009","”nŒ©–k‹ã’š–Ú","34.551523","135.721250","0","3"
"29","“Þ—ÇŒ§","29426","–kŠ‹éŒSL—Ë’¬","294260002001","”nŒ©’†ˆê’š–Ú","34.545667","135.727838","0","3"
"29","“Þ—ÇŒ§","29426","–kŠ‹éŒSL—Ë’¬","294260002002","”nŒ©’†“ñ’š–Ú","34.547610","135.729547","0","3"
"29","“Þ—ÇŒ§","29426","–kŠ‹éŒSL—Ë’¬","294260002003","”nŒ©’†ŽO’š–Ú","34.548089","135.724400","0","3"
"29","“Þ—ÇŒ§","29426","–kŠ‹éŒSL—Ë’¬","294260002004","”nŒ©’†Žl’š–Ú","34.546211","135.723614","0","3"
"29","“Þ—ÇŒ§","29426","–kŠ‹éŒSL—Ë’¬","294260002005","”nŒ©’†ŒÜ’š–Ú","34.547866","135.721410","0","3"
"29","“Þ—ÇŒ§","29426","–kŠ‹éŒSL—Ë’¬","294260003001","”nŒ©“ìˆê’š–Ú","34.541845","135.729869","0","3"
"29","“Þ—ÇŒ§","29426","–kŠ‹éŒSL—Ë’¬","294260003002","”nŒ©“ì“ñ’š–Ú","34.537267","135.732377","0","3"
"29","“Þ—ÇŒ§","29426","–kŠ‹éŒSL—Ë’¬","294260003003","”nŒ©“ìŽO’š–Ú","34.534753","135.730324","0","3"
"29","“Þ—ÇŒ§","29426","–kŠ‹éŒSL—Ë’¬","294260003004","”nŒ©“ìŽl’š–Ú","34.538959","135.729164","0","3"
"29","“Þ—ÇŒ§","29426","–kŠ‹éŒSL—Ë’¬","294260003005","”nŒ©“ìŒÜ’š–Ú","34.540241","135.726986","0","3"
"29","“Þ—ÇŒ§","29426","–kŠ‹éŒSL—Ë’¬","294260003006","”nŒ©“ì˜Z’š–Ú","34.542838","135.728155","0","3"
"29","“Þ—ÇŒ§","29426","–kŠ‹éŒSL—Ë’¬","294260004000","‘åŽšˆÀ•”","34.533654","135.742731","0","1"
"29","“Þ—ÇŒ§","29426","–kŠ‹éŒSL—Ë’¬","294260005000","‘åŽš‘å’Ë","34.531514","135.738754","0","1"
"29","“Þ—ÇŒ§","29426","–kŠ‹éŒSL—Ë’¬","294260006000","‘åŽš‘å–ì","34.569016","135.741890","0","1"
"29","“Þ—ÇŒ§","29426","–kŠ‹éŒSL—Ë’¬","294260007000","‘åŽš‘åê","34.574048","135.758185","0","1"
"29","“Þ—ÇŒ§","29426","–kŠ‹éŒSL—Ë’¬","294260008000","‘åŽšŠ}","34.546461","135.746634","0","1"
"29","“Þ—ÇŒ§","29426","–kŠ‹éŒSL—Ë’¬","294260009000","‘åŽšŠž–ì","34.571071","135.751656","0","1"
"29","“Þ—ÇŒ§","29426","–kŠ‹éŒSL—Ë’¬","294260010000","‘åŽš•SÏ","34.540430","135.762185","0","1"
"29","“Þ—ÇŒ§","29426","–kŠ‹éŒSL—Ë’¬","294260011000","‘åŽšŒÃŽ›","34.550711","135.753014","0","1"
"29","“Þ—ÇŒ§","29426","–kŠ‹éŒSL—Ë’¬","294260012000","‘åŽš‘ò","34.574344","135.743332","0","1"
"29","“Þ—ÇŒ§","29426","–kŠ‹éŒSL—Ë’¬","294260013000","‘åŽšŽ›ŒË","34.562091","135.743341","0","1"
"29","“Þ—ÇŒ§","29426","–kŠ‹éŒSL—Ë’¬","294260014000","‘åŽš’†","34.558106","135.751217","0","1"
"29","“Þ—ÇŒ§","29426","–kŠ‹éŒSL—Ë’¬","294260015000","‘åŽš“ì‹½","34.538205","135.752117","0","1"
"29","“Þ—ÇŒ§","29426","–kŠ‹éŒSL—Ë’¬","294260016000","‘åŽš•D‘Š","34.544087","135.737274","0","1"
"29","“Þ—ÇŒ§","29426","–kŠ‹éŒSL—Ë’¬","294260017000","‘åŽš•½”ö","34.539895","135.740043","0","1"
"29","“Þ—ÇŒ§","29426","–kŠ‹éŒSL—Ë’¬","294260018000","‘åŽšL£","34.557490","135.758970","0","1"
"29","“Þ—ÇŒ§","29426","–kŠ‹éŒSL—Ë’¬","294260019000","‘åŽš•Ùà“V","34.563991","135.759704","0","1"
"29","“Þ—ÇŒ§","29426","–kŠ‹éŒSL—Ë’¬","294260020000","‘åŽš“Iê","34.567587","135.760107","0","1"
"29","“Þ—ÇŒ§","29426","–kŠ‹éŒSL—Ë’¬","294260021000","‘åŽšŽO‹g","34.551282","135.741987","0","1"
"29","“Þ—ÇŒ§","29426","–kŠ‹éŒSL—Ë’¬","294260022000","‘åŽš“ì","34.563360","135.753063","0","1"
"29","“Þ—ÇŒ§","29426","–kŠ‹éŒSL—Ë’¬","294260023000","‚Ý‚³‚³‚¬‘ä","34.532324","135.731206","0","1"
"29","“Þ—ÇŒ§","29427","–kŠ‹éŒS‰Í‡’¬","294270001001","’r•”ˆê’š–Ú","34.579559","135.737293","0","3"
"29","“Þ—ÇŒ§","29427","–kŠ‹éŒS‰Í‡’¬","294270001002","’r•”“ñ’š–Ú","34.578558","135.739685","0","3"
"29","“Þ—ÇŒ§","29427","–kŠ‹éŒS‰Í‡’¬","294270001003","’r•”ŽO’š–Ú","34.578238","135.734841","0","3"
"29","“Þ—ÇŒ§","29427","–kŠ‹éŒS‰Í‡’¬","294270002001","ò‘äˆê’š–Ú","34.589006","135.730135","0","3"
"29","“Þ—ÇŒ§","29427","–kŠ‹éŒS‰Í‡’¬","294270002002","ò‘ä“ñ’š–Ú","34.589253","135.733391","0","3"
"29","“Þ—ÇŒ§","29427","–kŠ‹éŒS‰Í‡’¬","294270002003","ò‘äŽO’š–Ú","34.590656","135.737236","0","3"
"29","“Þ—ÇŒ§","29427","–kŠ‹éŒS‰Í‡’¬","294270003000","Ê‚è‚Ì“m","34.578211","135.729032","0","1"
"29","“Þ—ÇŒ§","29427","–kŠ‹éŒS‰Í‡’¬","294270004000","‘åŽš’r•”","34.579942","135.742135","0","1"
"29","“Þ—ÇŒ§","29427","–kŠ‹éŒS‰Í‡’¬","294270005000","‘åŽš‘å—Ö“c","34.590841","135.720708","0","1"
"29","“Þ—ÇŒ§","29427","–kŠ‹éŒS‰Í‡’¬","294270006000","‘åŽšì‡","34.587191","135.746679","0","1"
"29","“Þ—ÇŒ§","29427","–kŠ‹éŒS‰Í‡’¬","294270007000","‘åŽš–òˆä","34.586556","135.711355","0","1"
"29","“Þ—ÇŒ§","29427","–kŠ‹éŒS‰Í‡’¬","294270008000","‘åŽš²–¡“c","34.563319","135.732155","0","1"
"29","“Þ—ÇŒ§","29427","–kŠ‹éŒS‰Í‡’¬","294270009000","‘åŽšé“à","34.587669","135.726813","0","1"
"29","“Þ—ÇŒ§","29427","–kŠ‹éŒS‰Í‡’¬","294270010000","‘åŽš’·Šy","34.580833","135.746630","0","1"
"29","“Þ—ÇŒ§","29427","–kŠ‹éŒS‰Í‡’¬","294270011000","‘åŽšŒŠˆÅ","34.585292","135.740632","0","1"
"29","“Þ—ÇŒ§","29427","–kŠ‹éŒS‰Í‡’¬","294270012000","‘åŽš¼ŒŠˆÅ","34.586946","135.736070","0","1"
"29","“Þ—ÇŒ§","29427","–kŠ‹éŒS‰Í‡’¬","294270013000","‘åŽšŽR–V","34.573602","135.733017","0","1"
"29","“Þ—ÇŒ§","29427","–kŠ‹éŒS‰Í‡’¬","294270014001","‹v”üƒP‹uˆê’š–Ú","34.575495","135.728200","0","3"
"29","“Þ—ÇŒ§","29427","–kŠ‹éŒS‰Í‡’¬","294270014002","‹v”üƒP‹u“ñ’š–Ú","34.576951","135.731234","0","3"
"29","“Þ—ÇŒ§","29427","–kŠ‹éŒS‰Í‡’¬","294270015001","¯˜a‘äˆê’š–Ú","34.587899","135.716714","0","3"
"29","“Þ—ÇŒ§","29427","–kŠ‹éŒS‰Í‡’¬","294270015002","¯˜a‘ä“ñ’š–Ú","34.584528","135.714745","0","3"
"29","“Þ—ÇŒ§","29427","–kŠ‹éŒS‰Í‡’¬","294270016001","‚’Ë‘äˆê’š–Ú","34.580390","135.723564","0","3"
"29","“Þ—ÇŒ§","29427","–kŠ‹éŒS‰Í‡’¬","294270016002","‚’Ë‘ä“ñ’š–Ú","34.583622","135.728501","0","3"
"29","“Þ—ÇŒ§","29427","–kŠ‹éŒS‰Í‡’¬","294270016003","‚’Ë‘äŽO’š–Ú","34.579374","135.726660","0","3"
"29","“Þ—ÇŒ§","29427","–kŠ‹éŒS‰Í‡’¬","294270017001","’†ŽR‘äˆê’š–Ú","34.581807","135.720927","0","3"
"29","“Þ—ÇŒ§","29427","–kŠ‹éŒS‰Í‡’¬","294270017002","’†ŽR‘ä“ñ’š–Ú","34.583413","135.717797","0","3"
"29","“Þ—ÇŒ§","29427","–kŠ‹éŒS‰Í‡’¬","294270018000","¼ŽR‘ä","34.582062","135.729612","0","1"
"29","“Þ—ÇŒ§","29427","–kŠ‹éŒS‰Í‡’¬","294270019001","L£‘äˆê’š–Ú","34.585941","135.727028","0","3"
"29","“Þ—ÇŒ§","29427","–kŠ‹éŒS‰Í‡’¬","294270019002","L£‘ä“ñ’š–Ú","34.584442","135.724543","0","3"
"29","“Þ—ÇŒ§","29427","–kŠ‹éŒS‰Í‡’¬","294270019003","L£‘äŽO’š–Ú","34.586848","135.719373","0","3"
"29","“Þ—ÇŒ§","29441","‹g–ìŒS‹g–ì’¬","294410001000","‘åŽšVŽq","34.395892","135.937567","0","1"
"29","“Þ—ÇŒ§","29441","‹g–ìŒS‹g–ì’¬","294410002000","‘åŽš”ÑŠL","34.376968","135.872708","0","1"
"29","“Þ—ÇŒ§","29441","‹g–ìŒS‹g–ì’¬","294410003000","‘åŽšF¶","34.411421","135.935139","0","1"
"29","“Þ—ÇŒ§","29441","‹g–ìŒS‹g–ì’¬","294410004000","‘åŽšŠ~”ö","34.368340","135.914114","0","1"
"29","“Þ—ÇŒ§","29441","‹g–ìŒS‹g–ì’¬","294410005000","‘åŽš‰ÍŒ´‰®","34.394760","135.880338","0","1"
"29","“Þ—ÇŒ§","29441","‹g–ìŒS‹g–ì’¬","294410006000","‘åŽšãŽs","34.397771","135.852131","0","1"
"29","“Þ—ÇŒ§","29441","‹g–ìŒS‹g–ì’¬","294410007000","‘åŽšŠì²’J","34.358665","135.894942","0","1"
"29","“Þ—ÇŒ§","29441","‹g–ìŒS‹g–ì’¬","294410008000","‘åŽš‘²","34.382085","135.936603","0","1"
"29","“Þ—ÇŒ§","29441","‹g–ìŒS‹g–ì’¬","294410009000","‘åŽšŒEŠ_“à","34.392958","135.929713","0","1"
"29","“Þ—ÇŒ§","29441","‹g–ìŒS‹g–ì’¬","294410010000","‘åŽš‘©","34.422701","135.902595","0","1"
"29","“Þ—ÇŒ§","29441","‹g–ìŒS‹g–ì’¬","294410011000","‘åŽš¬–¼","34.425716","135.959806","0","1"
"29","“Þ—ÇŒ§","29441","‹g–ìŒS‹g–ì’¬","294410012000","‘åŽš²X—…","34.407194","135.882822","0","1"
"29","“Þ—ÇŒ§","29441","‹g–ìŒS‹g–ì’¬","294410013000","‘åŽš¶‘]","34.378147","135.843558","0","1"
"29","“Þ—ÇŒ§","29441","‹g–ìŒS‹g–ì’¬","294410014000","‘åŽš“ü–ì","34.400347","135.929226","0","1"
"29","“Þ—ÇŒ§","29441","‹g–ìŒS‹g–ì’¬","294410015000","‘åŽšŽu‰ê","34.415441","135.873379","0","1"
"29","“Þ—ÇŒ§","29441","‹g–ìŒS‹g–ì’¬","294410016000","‘åŽš‘ê”¨","34.433347","135.864171","0","1"
"29","“Þ—ÇŒ§","29441","‹g–ìŒS‹g–ì’¬","294410017000","‘åŽš—§–ì","34.398502","135.866411","0","1"
"29","“Þ—ÇŒ§","29441","‹g–ìŒS‹g–ì’¬","294410018000","‘åŽš’OŽ¡","34.384949","135.853509","0","1"
"29","“Þ—ÇŒ§","29441","‹g–ìŒS‹g–ì’¬","294410019000","‘åŽšçŒÒ","34.418229","135.861419","0","1"
"29","“Þ—ÇŒ§","29441","‹g–ìŒS‹g–ì’¬","294410020000","‘åŽš’Ã•—˜C","34.397142","135.904645","0","1"
"29","“Þ—ÇŒ§","29441","‹g–ìŒS‹g–ì’¬","294410021000","‘åŽšØ“E","34.381531","135.901127","0","1"
"29","“Þ—ÇŒ§","29441","‹g–ìŒS‹g–ì’¬","294410022000","‘åŽš“èˆä","34.382324","135.880166","0","1"
"29","“Þ—ÇŒ§","29441","‹g–ìŒS‹g–ì’¬","294410023000","‘åŽš¼’J","34.429647","135.880014","0","1"
"29","“Þ—ÇŒ§","29441","‹g–ìŒS‹g–ì’¬","294410024000","‘åŽš‹´‰®","34.390210","135.840939","0","1"
"29","“Þ—ÇŒ§","29441","‹g–ìŒS‹g–ì’¬","294410025000","‘åŽš•½”ö","34.406859","135.891260","0","1"
"29","“Þ—ÇŒ§","29441","‹g–ìŒS‹g–ì’¬","294410026000","‘åŽšŒä‰€","34.373741","135.887369","0","1"
"29","“Þ—ÇŒ§","29441","‹g–ìŒS‹g–ì’¬","294410027000","‘åŽšŽO’Ã","34.447676","135.884372","0","1"
"29","“Þ—ÇŒ§","29441","‹g–ìŒS‹g–ì’¬","294410028000","‘åŽšŽO’ƒ‰®","34.427452","135.932749","0","1"
"29","“Þ—ÇŒ§","29441","‹g–ìŒS‹g–ì’¬","294410029000","‘åŽš“ì‘å–ì","34.385641","135.918244","0","1"
"29","“Þ—ÇŒ§","29441","‹g–ìŒS‹g–ì’¬","294410030000","‘åŽš“ì‘²","34.376633","135.926869","0","1"
"29","“Þ—ÇŒ§","29441","‹g–ìŒS‹g–ì’¬","294410031000","‘åŽš•ôŽ›","34.404085","135.877905","0","1"
"29","“Þ—ÇŒ§","29441","‹g–ìŒS‹g–ì’¬","294410032000","‘åŽš‹{‘ê","34.379263","135.895711","0","1"
"29","“Þ—ÇŒ§","29441","‹g–ìŒS‹g–ì’¬","294410033000","‘åŽš˜Z“c","34.378379","135.828990","0","1"
"29","“Þ—ÇŒ§","29441","‹g–ìŒS‹g–ì’¬","294410034000","‘åŽš–îŽ¡","34.382116","135.911559","0","1"
"29","“Þ—ÇŒ§","29441","‹g–ìŒS‹g–ì’¬","294410035000","‘åŽš–ö","34.430212","135.915375","0","1"
"29","“Þ—ÇŒ§","29441","‹g–ìŒS‹g–ì’¬","294410036000","‘åŽšŽRŒû","34.422308","135.892218","0","1"
"29","“Þ—ÇŒ§","29441","‹g–ìŒS‹g–ì’¬","294410037000","‘åŽš‹g–ìŽR","34.359540","135.859392","0","1"
"29","“Þ—ÇŒ§","29442","‹g–ìŒS‘å—„’¬","294420001000","‘åŽšˆ°Œ´","34.413958","135.797479","0","1"
"29","“Þ—ÇŒ§","29442","‹g–ìŒS‘å—„’¬","294420002000","‘åŽš¡–Ø","34.403509","135.766005","0","1"
"29","“Þ—ÇŒ§","29442","‹g–ìŒS‘å—„’¬","294420003000","‘åŽšŠâšâ","34.406986","135.780692","0","1"
"29","“Þ—ÇŒ§","29442","‹g–ìŒS‘å—„’¬","294420004000","‘åŽš‘åŠâ","34.415196","135.764631","0","1"
"29","“Þ—ÇŒ§","29442","‹g–ìŒS‘å—„’¬","294420005000","‘åŽš–k–ì","34.396623","135.820952","0","1"
"29","“Þ—ÇŒ§","29442","‹g–ìŒS‘å—„’¬","294420006000","‘åŽš–k˜Z“c","34.394109","135.828512","0","1"
"29","“Þ—ÇŒ§","29442","‹g–ìŒS‘å—„’¬","294420007000","‘åŽš–ò…","34.397596","135.754106","0","1"
"29","“Þ—ÇŒ§","29442","‹g–ìŒS‘å—„’¬","294420008000","‘åŽš‰z•”","34.400614","135.807829","0","1"
"29","“Þ—ÇŒ§","29442","‹g–ìŒS‘å—„’¬","294420009000","‘åŽš²–¼“`","34.385603","135.765901","0","1"
"29","“Þ—ÇŒ§","29442","‹g–ìŒS‘å—„’¬","294420010000","‘åŽš‰ºŸº","34.387700","135.781667","0","1"
"29","“Þ—ÇŒ§","29442","‹g–ìŒS‘å—„’¬","294420011000","‘åŽš“y“c","34.398404","135.802237","0","1"
"29","“Þ—ÇŒ§","29442","‹g–ìŒS‘å—„’¬","294420012000","‘åŽš’†‘","34.412539","135.851992","0","1"
"29","“Þ—ÇŒ§","29442","‹g–ìŒS‘å—„’¬","294420013000","‘åŽš¼‘","34.407497","135.839201","0","1"
"29","“Þ—ÇŒ§","29442","‹g–ìŒS‘å—„’¬","294420014000","‘åŽšV–ì","34.390052","135.819259","0","1"
"29","“Þ—ÇŒ§","29442","‹g–ìŒS‘å—„’¬","294420015000","‘åŽš”n²","34.403998","135.817930","0","1"
"29","“Þ—ÇŒ§","29442","‹g–ìŒS‘å—„’¬","294420016000","‘åŽš”¨‰®","34.411895","135.803989","0","1"
"29","“Þ—ÇŒ§","29442","‹g–ìŒS‘å—„’¬","294420017000","‘åŽš•OŠ_–{","34.394848","135.790089","0","1"
"29","“Þ—ÇŒ§","29442","‹g–ìŒS‘å—„’¬","294420018000","‘åŽš”ä‘]","34.405725","135.830348","0","1"
"29","“Þ—ÇŒ§","29442","‹g–ìŒS‘å—„’¬","294420019000","‘åŽš•Ÿ_","34.394788","135.747246","0","1"
"29","“Þ—ÇŒ§","29442","‹g–ìŒS‘å—„’¬","294420020000","‘åŽš–g—§","34.412677","135.774360","0","1"
"29","“Þ—ÇŒ§","29442","‹g–ìŒS‘å—„’¬","294420021000","‘åŽš‘Œû","34.396640","135.841754","0","1"
"29","“Þ—ÇŒ§","29442","‹g–ìŒS‘å—„’¬","294420022000","‘åŽšŽ”ö","34.415590","135.786497","0","1"
"29","“Þ—ÇŒ§","29442","‹g–ìŒS‘å—„’¬","294420023000","‘åŽš–î‘–","34.407596","135.790667","0","1"
"29","“Þ—ÇŒ§","29443","‹g–ìŒS‰ºŽs’¬","294430001000","‘åŽšVZ","34.374129","135.779702","0","1"
"29","“Þ—ÇŒ§","29443","‹g–ìŒS‰ºŽs’¬","294430002000","‘åŽšˆ¢’m‰ê","34.375276","135.805768","0","1"
"29","“Þ—ÇŒ§","29443","‹g–ìŒS‰ºŽs’¬","294430003000","‘åŽšÎ“°’J","34.327349","135.795744","0","1"
"29","“Þ—ÇŒ§","29443","‹g–ìŒS‰ºŽs’¬","294430004000","‘åŽšŠLŒ´","34.291484","135.784188","0","1"
"29","“Þ—ÇŒ§","29443","‹g–ìŒS‰ºŽs’¬","294430005000","‘åŽš•–Ø","34.294790","135.795010","0","1"
"29","“Þ—ÇŒ§","29443","‹g–ìŒS‰ºŽs’¬","294430006000","‘åŽšË’J","34.343930","135.852644","0","1"
"29","“Þ—ÇŒ§","29443","‹g–ìŒS‰ºŽs’¬","294430007000","‘åŽš‰ºŽs","34.364809","135.791681","0","1"
"29","“Þ—ÇŒ§","29443","‹g–ìŒS‰ºŽs’¬","294430008000","‘åŽš¬˜H","34.367210","135.817109","0","1"
"29","“Þ—ÇŒ§","29443","‹g–ìŒS‰ºŽs’¬","294430009000","‘åŽš‘Pé","34.355818","135.796671","0","1"
"29","“Þ—ÇŒ§","29443","‹g–ìŒS‰ºŽs’¬","294430010000","‘åŽš—§Î","34.352168","135.833969","0","1"
"29","“Þ—ÇŒ§","29443","‹g–ìŒS‰ºŽs’¬","294430011000","‘åŽš’J","34.311693","135.791232","0","1"
"29","“Þ—ÇŒ§","29443","‹g–ìŒS‰ºŽs’¬","294430012000","‘åŽš“ÈŒ´","34.354404","135.778667","0","1"
"29","“Þ—ÇŒ§","29443","‹g–ìŒS‰ºŽs’¬","294430013000","‘åŽš“È–{","34.342180","135.804904","0","1"
"29","“Þ—ÇŒ§","29443","‹g–ìŒS‰ºŽs’¬","294430014000","‘åŽš’·’J","34.316228","135.805325","0","1"
"29","“Þ—ÇŒ§","29443","‹g–ìŒS‰ºŽs’¬","294430015000","‘åŽš—œŽq“°","34.334073","135.791010","0","1"
"29","“Þ—ÇŒ§","29443","‹g–ìŒS‰ºŽs’¬","294430016000","‘åŽš’O¶","34.296196","135.809548","0","1"
"29","“Þ—ÇŒ§","29443","‹g–ìŒS‰ºŽs’¬","294430017000","‘åŽš¼ŽR","34.304470","135.785963","0","1"
"29","“Þ—ÇŒ§","29443","‹g–ìŒS‰ºŽs’¬","294430018000","‘åŽšŒ´’J","34.344702","135.797076","0","1"
"29","“Þ—ÇŒ§","29443","‹g–ìŒS‰ºŽs’¬","294430019000","‘åŽšL‹´","34.332335","135.822970","0","1"
"29","“Þ—ÇŒ§","29443","‹g–ìŒS‰ºŽs’¬","294430020000","‘åŽš•½Œ´","34.333411","135.776010","0","1"
"29","“Þ—ÇŒ§","29443","‹g–ìŒS‰ºŽs’¬","294430021000","‘åŽš‚æ—W","34.348539","135.815417","0","1"
"29","“Þ—ÇŒ§","29444","‹g–ìŒS•‘ê‘º","294440001000","‘åŽšÔ‘ê","34.303982","135.895109","0","1"
"29","“Þ—ÇŒ§","29444","‹g–ìŒS•‘ê‘º","294440002000","‘åŽšˆ¾”Ñ’J","34.321649","135.835202","0","1"
"29","“Þ—ÇŒ§","29444","‹g–ìŒS•‘ê‘º","294440003000","‘åŽšŠ}–Ø","34.283383","135.836019","0","1"
"29","“Þ—ÇŒ§","29444","‹g–ìŒS•‘ê‘º","294440004000","‘åŽšŒjŒ´","34.296491","135.827705","0","1"
"29","“Þ—ÇŒ§","29444","‹g–ìŒS•‘ê‘º","294440005000","‘åŽšŽ›ŒË","34.310429","135.847976","0","1"
"29","“Þ—ÇŒ§","29444","‹g–ìŒS•‘ê‘º","294440006000","‘åŽš“°Œ´","34.302666","135.839239","0","1"
"29","“Þ—ÇŒ§","29444","‹g–ìŒS•‘ê‘º","294440007000","‘åŽš’¹Z","34.334167","135.865229","0","1"
"29","“Þ—ÇŒ§","29444","‹g–ìŒS•‘ê‘º","294440008000","‘åŽš’·£","34.311837","135.821705","0","1"
"29","“Þ—ÇŒ§","29444","‹g–ìŒS•‘ê‘º","294440009000","‘åŽš’†ŒË","34.299588","135.860452","0","1"
"29","“Þ—ÇŒ§","29444","‹g–ìŒS•‘ê‘º","294440010000","‘åŽš–Š”ö","34.327881","135.887807","0","1"
"29","“Þ—ÇŒ§","29444","‹g–ìŒS•‘ê‘º","294440011000","‘åŽšŒä‹g–ì","34.311786","135.835602","0","1"
"29","“Þ—ÇŒ§","29444","‹g–ìŒS•‘ê‘º","294440012000","‘åŽš˜eì","34.318185","135.864817","0","1"
"29","“Þ—ÇŒ§","29446","‹g–ìŒS“Vì‘º","294460001000","‘åŽšˆÁZ","34.187440","135.802425","0","1"
"29","“Þ—ÇŒ§","29446","‹g–ìŒS“Vì‘º","294460002000","‘åŽš‰«‹à","34.243305","135.852905","0","1"
"29","“Þ—ÇŒ§","29446","‹g–ìŒS“Vì‘º","294460003000","‘åŽšì‡","34.263767","135.855034","0","1"
"29","“Þ—ÇŒ§","29446","‹g–ìŒS“Vì‘º","294460004000","‘åŽš–k¬Œ´","34.232921","135.852969","0","1"
"29","“Þ—ÇŒ§","29446","‹g–ìŒS“Vì‘º","294460005000","‘åŽš–kŠp","34.205417","135.899802","0","1"
"29","“Þ—ÇŒ§","29446","‹g–ìŒS“Vì‘º","294460006000","‘åŽšŒÜF","34.229245","135.848548","0","1"
"29","“Þ—ÇŒ§","29446","‹g–ìŒS“Vì‘º","294460007000","‘åŽšâÄŽR","34.206068","135.800136","0","1"
"29","“Þ—ÇŒ§","29446","‹g–ìŒS“Vì‘º","294460008000","‘åŽš‘ò’J","34.239769","135.855726","0","1"
"29","“Þ—ÇŒ§","29446","‹g–ìŒS“Vì‘º","294460009000","‘åŽš‘òŒ´","34.242754","135.831210","0","1"
"29","“Þ—ÇŒ§","29446","‹g–ìŒS“Vì‘º","294460010000","‘åŽš‰–’J","34.219466","135.756673","0","1"
"29","“Þ—ÇŒ§","29446","‹g–ìŒS“Vì‘º","294460011000","‘åŽš‰––ì","34.215944","135.765121","0","1"
"29","“Þ—ÇŒ§","29446","‹g–ìŒS“Vì‘º","294460012000","‘åŽš‘ê”ö","34.204860","135.763481","0","1"
"29","“Þ—ÇŒ§","29446","‹g–ìŒS“Vì‘º","294460013000","‘åŽš‹ã”ö","34.225412","135.818585","0","1"
"29","“Þ—ÇŒ§","29446","‹g–ìŒS“Vì‘º","294460014000","‘åŽš’Ø“à","34.202991","135.872759","0","1"
"29","“Þ—ÇŒ§","29446","‹g–ìŒS“Vì‘º","294460015000","‘åŽš“È”ö","34.200619","135.841983","0","1"
"29","“Þ—ÇŒ§","29446","‹g–ìŒS“Vì‘º","294460016000","‘åŽš“´ì","34.248337","135.917709","0","1"
"29","“Þ—ÇŒ§","29446","‹g–ìŒS“Vì‘º","294460017000","‘åŽš’†‰z","34.245514","135.864152","0","1"
"29","“Þ—ÇŒ§","29446","‹g–ìŒS“Vì‘º","294460018000","‘åŽš’†’J","34.247300","135.840000","0","1"
"29","“Þ—ÇŒ§","29446","‹g–ìŒS“Vì‘º","294460019000","‘åŽšL£","34.213482","135.778210","0","1"
"29","“Þ—ÇŒ§","29446","‹g–ìŒS“Vì‘º","294460020000","‘åŽš“ì“ú— ","34.229244","135.834984","0","1"
"29","“Þ—ÇŒ§","29446","‹g–ìŒS“Vì‘º","294460021000","‘åŽš“ìŠp","34.235310","135.861555","0","1"
"29","“Þ—ÇŒ§","29446","‹g–ìŒS“Vì‘º","294460022000","‘åŽšŽR¼","34.192272","135.776345","0","1"
"29","“Þ—ÇŒ§","29446","‹g–ìŒS“Vì‘º","294460023000","‘åŽš˜a“c","34.207934","135.813752","0","1"
"29","“Þ—ÇŒ§","29447","‹g–ìŒS–ì”—ì‘º","294470001000","‘åŽš’r’Ãì","34.176195","135.669292","0","1"
"29","“Þ—ÇŒ§","29447","‹g–ìŒS–ì”—ì‘º","294470002000","‘åŽš¡ˆä","34.202899","135.694073","0","1"
"29","“Þ—ÇŒ§","29447","‹g–ìŒS–ì”—ì‘º","294470003000","‘åŽšã","34.208650","135.654114","0","1"
"29","“Þ—ÇŒ§","29447","‹g–ìŒS–ì”—ì‘º","294470004000","‘åŽš–k¡¼","34.117901","135.615986","0","1"
"29","“Þ—ÇŒ§","29447","‹g–ìŒS–ì”—ì‘º","294470005000","‘åŽš–kŒÒ","34.145485","135.639360","0","1"
"29","“Þ—ÇŒ§","29447","‹g–ìŒS–ì”—ì‘º","294470006000","‘åŽšŽ‡‰€","34.165388","135.699155","0","1"
"29","“Þ—ÇŒ§","29447","‹g–ìŒS–ì”—ì‘º","294470007000","‘åŽš•½","34.113330","135.644361","0","1"
"29","“Þ—ÇŒ§","29447","‹g–ìŒS–ì”—ì‘º","294470008000","‘åŽš—§—¢","34.142642","135.695582","0","1"
"29","“Þ—ÇŒ§","29447","‹g–ìŒS–ì”—ì‘º","294470009000","‘åŽš’†","34.208463","135.664498","0","1"
"29","“Þ—ÇŒ§","29447","‹g–ìŒS–ì”—ì‘º","294470010000","‘åŽš’†’Ãì","34.150761","135.704711","0","1"
"29","“Þ—ÇŒ§","29447","‹g–ìŒS–ì”—ì‘º","294470011000","‘åŽšžwŒÒ","34.126396","135.598839","0","1"
"29","“Þ—ÇŒ§","29447","‹g–ìŒS–ì”—ì‘º","294470012000","‘åŽš•½ì","34.204146","135.686371","0","1"
"29","“Þ—ÇŒ§","29447","‹g–ìŒS–ì”—ì‘º","294470013000","‘åŽšžoŒ´","34.208558","135.673981","0","1"
"29","“Þ—ÇŒ§","29447","‹g–ìŒS–ì”—ì‘º","294470014000","‘åŽš‹|ŽèŒ´","34.100902","135.568653","0","1"
"29","“Þ—ÇŒ§","29449","‹g–ìŒS\’Ãì‘º","294490001000","‘åŽšˆ®","34.122935","135.846171","0","1"
"29","“Þ—ÇŒ§","29449","‹g–ìŒS\’Ãì‘º","294490002000","‘åŽš’rŒŠ","34.019094","135.780679","0","1"
"29","“Þ—ÇŒ§","29449","‹g–ìŒS\’Ãì‘º","294490003000","‘åŽš¡¼","34.002959","135.741618","0","1"
"29","“Þ—ÇŒ§","29449","‹g–ìŒS\’Ãì‘º","294490004000","‘åŽšŒÜ•S£","34.021151","135.690698","0","1"
"29","“Þ—ÇŒ§","29449","‹g–ìŒS\’Ãì‘º","294490005000","‘åŽšã–ì’n","34.100356","135.776010","0","1"
"29","“Þ—ÇŒ§","29449","‹g–ìŒS\’Ãì‘º","294490006000","‘åŽš‰F‹{Œ´","34.118200","135.764805","0","1"
"29","“Þ—ÇŒ§","29449","‹g–ìŒS\’Ãì‘º","294490007000","‘åŽš“à–ì","34.044949","135.720241","0","1"
"29","“Þ—ÇŒ§","29449","‹g–ìŒS\’Ãì‘º","294490008000","‘åŽš‘å’J","34.000695","135.704435","0","1"
"29","“Þ—ÇŒ§","29449","‹g–ìŒS\’Ãì‘º","294490009000","‘åŽš‘å–ì","34.011987","135.865032","0","1"
"29","“Þ—ÇŒ§","29449","‹g–ìŒS\’Ãì‘º","294490010000","‘åŽš¬ì","33.974121","135.845756","0","1"
"29","“Þ—ÇŒ§","29449","‹g–ìŒS\’Ãì‘º","294490011000","‘åŽš¬Œ´","33.981114","135.794481","0","1"
"29","“Þ—ÇŒ§","29449","‹g–ìŒS\’Ãì‘º","294490012000","‘åŽšÜ—§","33.949819","135.811580","0","1"
"29","“Þ—ÇŒ§","29449","‹g–ìŒS\’Ãì‘º","294490013000","‘åŽšŠ~Œ´","33.959443","135.785742","0","1"
"29","“Þ—ÇŒ§","29449","‹g–ìŒS\’Ãì‘º","294490014000","‘åŽš•—‰®","34.053531","135.778522","0","1"
"29","“Þ—ÇŒ§","29449","‹g–ìŒS\’Ãì‘º","294490015000","‘åŽšãŠ‹ì","33.978499","135.876695","0","1"
"29","“Þ—ÇŒ§","29449","‹g–ìŒS\’Ãì‘º","294490016000","‘åŽšã“’ì","33.912654","135.648536","0","1"
"29","“Þ—ÇŒ§","29449","‹g–ìŒS\’Ãì‘º","294490017000","‘åŽšì’Ã","34.050336","135.747329","0","1"
"29","“Þ—ÇŒ§","29449","‹g–ìŒS\’Ãì‘º","294490018000","‘åŽšŒK”¨","33.920231","135.760913","0","1"
"29","“Þ—ÇŒ§","29449","‹g–ìŒS\’Ãì‘º","294490019000","‘åŽš¬ˆä","34.025720","135.820169","0","1"
"29","“Þ—ÇŒ§","29449","‹g–ìŒS\’Ãì‘º","294490020000","‘åŽš_‰º","33.943680","135.876778","0","1"
"29","“Þ—ÇŒ§","29449","‹g–ìŒS\’Ãì‘º","294490021000","‘åŽš¬’Ø£","33.977020","135.680064","0","1"
"29","“Þ—ÇŒ§","29449","‹g–ìŒS\’Ãì‘º","294490022000","‘åŽšž”Vã","33.946174","135.792019","0","1"
"29","“Þ—ÇŒ§","29449","‹g–ìŒS\’Ãì‘º","294490023000","‘åŽš¬X","33.996605","135.774155","0","1"
"29","“Þ—ÇŒ§","29449","‹g–ìŒS\’Ãì‘º","294490024000","‘åŽš¬ŽRŽè","33.974678","135.702760","0","1"
"29","“Þ—ÇŒ§","29449","‹g–ìŒS\’Ãì‘º","294490025000","‘åŽš‰ŽŽ”","33.933820","135.781461","0","1"
"29","“Þ—ÇŒ§","29449","‹g–ìŒS\’Ãì‘º","294490026000","‘åŽšd—¢","33.953610","135.743763","0","1"
"29","“Þ—ÇŒ§","29449","‹g–ìŒS\’Ãì‘º","294490027000","‘åŽš™´","34.038045","135.645911","0","1"
"29","“Þ—ÇŒ§","29449","‹g–ìŒS\’Ãì‘º","294490028000","‘åŽš”—¼ì","33.970741","135.654192","0","1"
"29","“Þ—ÇŒ§","29449","‹g–ìŒS\’Ãì‘º","294490029000","‘åŽš‚‘ê","33.959291","135.823551","0","1"
"29","“Þ—ÇŒ§","29449","‹g–ìŒS\’Ãì‘º","294490030000","‘åŽš‘êì","34.069107","135.790184","0","1"
"29","“Þ—ÇŒ§","29449","‹g–ìŒS\’Ãì‘º","294490031000","‘åŽš’|“›","33.878208","135.867354","0","1"
"29","“Þ—ÇŒ§","29449","‹g–ìŒS\’Ãì‘º","294490032000","‘åŽš‚’Ã","34.078789","135.766193","0","1"
"29","“Þ—ÇŒ§","29449","‹g–ìŒS\’Ãì‘º","294490033000","‘åŽš’JŠ_“à","33.964857","135.765310","0","1"
"29","“Þ—ÇŒ§","29449","‹g–ìŒS\’Ãì‘º","294490034000","‘åŽš’J£","34.106902","135.741220","0","1"
"29","“Þ—ÇŒ§","29449","‹g–ìŒS\’Ãì‘º","294490035000","‘åŽš‹Ê’uì","33.911467","135.841176","0","1"
"29","“Þ—ÇŒ§","29449","‹g–ìŒS\’Ãì‘º","294490036000","‘åŽš‹ÊŠ_“à","33.979485","135.741891","0","1"
"29","“Þ—ÇŒ§","29449","‹g–ìŒS\’Ãì‘º","294490037000","‘åŽšo’J","33.932442","135.716516","0","1"
"29","“Þ—ÇŒ§","29449","‹g–ìŒS\’Ãì‘º","294490038000","‘åŽš“àŒ´","34.075492","135.851429","0","1"
"29","“Þ—ÇŒ§","29449","‹g–ìŒS\’Ãì‘º","294490039000","‘åŽš‰iˆä","33.969671","135.741144","0","1"
"29","“Þ—ÇŒ§","29449","‹g–ìŒS\’Ãì‘º","294490040000","‘åŽš’·“a","34.131864","135.757905","0","1"
"29","“Þ—ÇŒ§","29449","‹g–ìŒS\’Ãì‘º","294490041000","‘åŽš“ß’m‡","33.981759","135.764630","0","1"
"29","“Þ—ÇŒ§","29449","‹g–ìŒS\’Ãì‘º","294490042000","‘åŽšŽµF","33.898125","135.757421","0","1"
"29","“Þ—ÇŒ§","29449","‹g–ìŒS\’Ãì‘º","294490043000","‘åŽš¼’†","33.978256","135.723048","0","1"
"29","“Þ—ÇŒ§","29449","‹g–ìŒS\’Ãì‘º","294490044000","‘åŽšÀ“cŒ´","34.143188","135.769276","0","1"
"29","“Þ—ÇŒ§","29449","‹g–ìŒS\’Ãì‘º","294490045000","‘åŽš–ìK","34.038959","135.798043","0","1"
"29","“Þ—ÇŒ§","29449","‹g–ìŒS\’Ãì‘º","294490046000","‘åŽš—Ñ","34.085112","135.738099","0","1"
"29","“Þ—ÇŒ§","29449","‹g–ìŒS\’Ãì‘º","294490047000","‘åŽš“Œ’†","33.951017","135.852134","0","1"
"29","“Þ—ÇŒ§","29449","‹g–ìŒS\’Ãì‘º","294490048000","‘åŽš•½’J","33.940747","135.761413","0","1"
"29","“Þ—ÇŒ§","29449","‹g–ìŒS\’Ãì‘º","294490049000","‘åŽšŽO‰Y","34.026949","135.709756","0","1"
"29","“Þ—ÇŒ§","29449","‹g–ìŒS\’Ãì‘º","294490050000","‘åŽš•‘ ","33.991315","135.811094","0","1"
"29","“Þ—ÇŒ§","29449","‹g–ìŒS\’Ãì‘º","294490051000","‘åŽšŽRè","34.027707","135.762487","0","1"
"29","“Þ—ÇŒ§","29449","‹g–ìŒS\’Ãì‘º","294490052000","‘åŽšŽRŽè","33.949861","135.764778","0","1"
"29","“Þ—ÇŒ§","29449","‹g–ìŒS\’Ãì‘º","294490053000","‘åŽšŽRŽè’J","33.919739","135.803113","0","1"
"29","“Þ—ÇŒ§","29449","‹g–ìŒS\’Ãì‘º","294490054000","‘åŽšŽR“V","34.062379","135.701083","0","1"
"29","“Þ—ÇŒ§","29449","‹g–ìŒS\’Ãì‘º","294490055000","‘åŽš“’”VŒ´","34.009429","135.804296","0","1"
"29","“Þ—ÇŒ§","29450","‹g–ìŒS‰º–kŽR‘º","294500001000","‘åŽš’r•ô","34.029912","135.939710","0","1"
"29","“Þ—ÇŒ§","29450","‹g–ìŒS‰º–kŽR‘º","294500002000","‘åŽš‰YŒü","33.998617","135.934973","0","1"
"29","“Þ—ÇŒ§","29450","‹g–ìŒS‰º–kŽR‘º","294500003000","‘åŽšã’rŒ´","34.069104","135.943629","0","1"
"29","“Þ—ÇŒ§","29450","‹g–ìŒS‰º–kŽR‘º","294500004000","‘åŽšãŒKŒ´","34.000768","135.981690","0","1"
"29","“Þ—ÇŒ§","29450","‹g–ìŒS‰º–kŽR‘º","294500005000","‘åŽš²“c","34.001464","135.967103","0","1"
"29","“Þ—ÇŒ§","29450","‹g–ìŒS‰º–kŽR‘º","294500006000","‘åŽš‰º’rŒ´","34.041465","135.985107","0","1"
"29","“Þ—ÇŒ§","29450","‹g–ìŒS‰º–kŽR‘º","294500007000","‘åŽš‰ºŒKŒ´","34.021880","135.987288","0","1"
"29","“Þ—ÇŒ§","29450","‹g–ìŒS‰º–kŽR‘º","294500008000","‘åŽš‘O‹S","34.081460","135.908906","0","1"
"29","“Þ—ÇŒ§","29450","‹g–ìŒS‰º–kŽR‘º","294500009000","‘åŽšŽ›Š_“à","34.013759","135.943921","0","1"
"29","“Þ—ÇŒ§","29451","‹g–ìŒSã–kŽR‘º","294510001000","‘åŽš‰Í‡","34.059192","136.066600","0","1"
"29","“Þ—ÇŒ§","29451","‹g–ìŒSã–kŽR‘º","294510002000","‘åŽš¬“É","34.149634","136.055440","0","1"
"29","“Þ—ÇŒ§","29451","‹g–ìŒSã–kŽR‘º","294510003000","‘åŽš”’ì","34.120781","135.973936","0","1"
"29","“Þ—ÇŒ§","29451","‹g–ìŒSã–kŽR‘º","294510004000","‘åŽš¼Œ´","34.196814","135.983263","0","1"
"29","“Þ—ÇŒ§","29452","‹g–ìŒSìã‘º","294520001000","‘åŽšˆäŒõ","34.333613","136.012800","0","1"
"29","“Þ—ÇŒ§","29452","‹g–ìŒSìã‘º","294520002000","‘åŽšˆäŒË","34.315367","135.973057","0","1"
"29","“Þ—ÇŒ§","29452","‹g–ìŒSìã‘º","294520003000","‘åŽš“Œì","34.365392","135.952423","0","1"
"29","“Þ—ÇŒ§","29452","‹g–ìŒSìã‘º","294520004000","‘åŽš‘å”—","34.273839","136.009498","0","1"
"29","“Þ—ÇŒ§","29452","‹g–ìŒSìã‘º","294520005000","‘åŽš‘å‘ê","34.339329","135.917011","0","1"
"29","“Þ—ÇŒ§","29452","‹g–ìŒSìã‘º","294520006000","‘åŽš”Œ•ê’J","34.247688","135.997554","0","1"
"29","“Þ—ÇŒ§","29452","‹g–ìŒSìã‘º","294520007000","‘åŽš”–Ø","34.282360","136.001181","0","1"
"29","“Þ—ÇŒ§","29452","‹g–ìŒSìã‘º","294520008000","‘åŽš–k‰–’J","34.350366","135.953136","0","1"
"29","“Þ—ÇŒ§","29452","‹g–ìŒSìã‘º","294520009000","‘åŽš–k˜a“c","34.295986","136.011074","0","1"
"29","“Þ—ÇŒ§","29452","‹g–ìŒSìã‘º","294520010000","‘åŽšã‘½ŒÃ","34.276409","135.969891","0","1"
"29","“Þ—ÇŒ§","29452","‹g–ìŒSìã‘º","294520011000","‘åŽšã’J","34.263288","135.987900","0","1"
"29","“Þ—ÇŒ§","29452","‹g–ìŒSìã‘º","294520012000","‘åŽš_”V’J","34.266559","136.089076","0","1"
"29","“Þ—ÇŒ§","29452","‹g–ìŒSìã‘º","294520013000","‘åŽš”—","34.336700","135.948463","0","1"
"29","“Þ—ÇŒ§","29452","‹g–ìŒSìã‘º","294520014000","‘åŽš“ü”V”g","34.234814","136.065310","0","1"
"29","“Þ—ÇŒ§","29452","‹g–ìŒSìã‘º","294520015000","‘åŽš‰º‘½ŒÃ","34.292827","135.960399","0","1"
"29","“Þ—ÇŒ§","29452","‹g–ìŒSìã‘º","294520016000","‘åŽš”’ì“n","34.304010","135.999673","0","1"
"29","“Þ—ÇŒ§","29452","‹g–ìŒSìã‘º","294520017000","‘åŽš”’‰®","34.342454","135.970952","0","1"
"29","“Þ—ÇŒ§","29452","‹g–ìŒSìã‘º","294520018000","‘åŽš‚Œ´","34.304263","135.930153","0","1"
"29","“Þ—ÇŒ§","29452","‹g–ìŒSìã‘º","294520019000","‘åŽš•–Ø","34.331428","135.992624","0","1"
"29","“Þ—ÇŒ§","29452","‹g–ìŒSìã‘º","294520020000","‘åŽšŽ›”ö","34.337351","135.934815","0","1"
"29","“Þ—ÇŒ§","29452","‹g–ìŒSìã‘º","294520021000","‘åŽš’†‰œ","34.315376","136.041149","0","1"
"29","“Þ—ÇŒ§","29452","‹g–ìŒSìã‘º","294520022000","‘åŽš¼‰Í","34.347367","135.901274","0","1"
"29","“Þ—ÇŒ§","29452","‹g–ìŒSìã‘º","294520023000","‘åŽšl’m","34.324243","135.968498","0","1"
"29","“Þ—ÇŒ§","29452","‹g–ìŒSìã‘º","294520024000","£ŒË","34.330863","136.079214","0","1"
"29","“Þ—ÇŒ§","29452","‹g–ìŒSìã‘º","294520025000","žb”ö","34.303878","136.019836","0","1"
"29","“Þ—ÇŒ§","29453","‹g–ìŒS“Œ‹g–ì‘º","294530001000","‘åŽšˆÉ“¤”ö","34.410996","136.024952","0","1"
"29","“Þ—ÇŒ§","29453","‹g–ìŒS“Œ‹g–ì‘º","294530002000","‘åŽš¬ì","34.409031","135.974877","0","1"
"29","“Þ—ÇŒ§","29453","‹g–ìŒS“Œ‹g–ì‘º","294530003000","‘åŽš¬","34.387692","135.978336","0","1"
"29","“Þ—ÇŒ§","29453","‹g–ìŒS“Œ‹g–ì‘º","294530004000","‘åŽš¬ŒI²","34.394939","135.961272","0","1"
"29","“Þ—ÇŒ§","29453","‹g–ìŒS“Œ‹g–ì‘º","294530005000","‘åŽš–Ø’Ã","34.423353","136.028261","0","1"
"29","“Þ—ÇŒ§","29453","‹g–ìŒS“Œ‹g–ì‘º","294530006000","‘åŽš–Ø’Ãì","34.402050","135.998907","0","1"
"29","“Þ—ÇŒ§","29453","‹g–ìŒS“Œ‹g–ì‘º","294530007000","‘åŽš™’J","34.408293","136.064344","0","1"
"29","“Þ—ÇŒ§","29453","‹g–ìŒS“Œ‹g–ì‘º","294530008000","‘åŽšàÃŒË","34.371669","136.003687","0","1"
"29","“Þ—ÇŒ§","29453","‹g–ìŒS“Œ‹g–ì‘º","294530009000","‘åŽš‘ë–ì","34.466741","136.064135","0","1"
"29","“Þ—ÇŒ§","29453","‹g–ìŒS“Œ‹g–ì‘º","294530010000","‘åŽš’JK","34.448394","136.037305","0","1"
"29","“Þ—ÇŒ§","29453","‹g–ìŒS“Œ‹g–ì‘º","294530011000","‘åŽš’†•","34.389407","135.944754","0","1"
"29","“Þ—ÇŒ§","29453","‹g–ìŒS“Œ‹g–ì‘º","294530012000","‘åŽš”‹Œ´","34.414557","136.001928","0","1"
"29","“Þ—ÇŒ§","29453","‹g–ìŒS“Œ‹g–ì‘º","294530013000","‘åŽš“ú— ","34.396281","136.030132","0","1"
"29","“Þ—ÇŒ§","29453","‹g–ìŒS“Œ‹g–ì‘º","294530014000","‘åŽš•½–ì","34.443901","136.067347","0","1"
"29","“Þ—ÇŒ§","29453","‹g–ìŒS“Œ‹g–ì‘º","294530015000","‘åŽš‘å“¤¶","34.373694","136.016447","0","1"
"29","“Þ—ÇŒ§","29453","‹g–ìŒS“Œ‹g–ì‘º","294530016000","‘åŽšŽO”ö","34.369470","135.987130","0","1"
"29","“Þ—ÇŒ§","29453","‹g–ìŒS“Œ‹g–ì‘º","294530017000","‘åŽšêm’J","34.369474","136.055697","0","1"
"29","“Þ—ÇŒ§","29453","‹g–ìŒS“Œ‹g–ì‘º","294530018000","‘åŽš˜h‰Æ","34.435128","136.000940","0","1"
